part_family,target,feature_set,model,split,status,reason,threshold_policy,probability_cutoff,prior_average_precision,selected_model,selected_feature_set,selected_policy,support,positive_rate,accuracy,precision,recall,f1,roc_auc,average_precision,true_negative,false_positive,false_negative,true_positive,precision_at_5pct,recall_at_5pct,lift_at_5pct,precision_at_10pct,recall_at_10pct,lift_at_10pct,precision_at_20pct,recall_at_20pct,lift_at_20pct,scope_kind,scope_name,temporal_importance
Bearing,affected,A,logistic_regression,validation,ok,,f1,0.3695805123405736,0.31648351648351647,False,False,False,1820,0.31648351648351647,0.6197802197802198,0.4526143790849673,0.9618055555555556,0.6155555555555555,0.7474977112361557,0.4988842361294723,574.0,670.0,22.0,554.0,0.5604395604395604,0.08854166666666667,1.7708333333333335,0.5274725274725275,0.16666666666666666,1.6666666666666667,0.5192307692307693,0.328125,1.6406250000000002,overall,all,0.0
Bearing,affected,A,random_forest,validation,ok,,f1,0.17,0.31648351648351647,True,False,False,1820,0.31648351648351647,0.606043956043956,0.4453911696359411,0.9982638888888888,0.6159614354579539,0.7412398959449804,0.4974153359157382,528.0,716.0,1.0,575.0,0.5384615384615384,0.08506944444444445,1.7013888888888888,0.5384615384615384,0.1701388888888889,1.7013888888888888,0.521978021978022,0.3298611111111111,1.6493055555555558,overall,all,0.0
Bearing,affected,A,hist_gradient_boosting,validation,ok,,f1,0.10221434565702764,0.31648351648351647,False,False,False,1820,0.31648351648351647,0.6027472527472527,0.44341801385681295,1.0,0.6144,0.7385338513754912,0.48922681335588214,521.0,723.0,0.0,576.0,0.5054945054945055,0.0798611111111111,1.5972222222222223,0.5274725274725275,0.16666666666666666,1.6666666666666667,0.5247252747252747,0.3315972222222222,1.6579861111111112,overall,all,0.0
Bearing,affected,B,logistic_regression,validation,ok,,f1,0.31857956346787586,0.31648351648351647,True,True,False,1820,0.31648351648351647,0.6093406593406593,0.4469756480754124,0.9878472222222222,0.6154678204434829,0.7482010874419436,0.5135818746863823,540.0,704.0,7.0,569.0,0.5824175824175825,0.0920138888888889,1.840277777777778,0.5659340659340659,0.17881944444444445,1.7881944444444444,0.5247252747252747,0.3315972222222222,1.6579861111111112,overall,all,0.8757160360607406
Bearing,affected,B,random_forest,validation,ok,,f1,0.21,0.31648351648351647,False,True,False,1820,0.31648351648351647,0.6043956043956044,0.44435857805255025,0.9982638888888888,0.6149732620320856,0.7211357571900678,0.4621673609276781,525.0,719.0,1.0,575.0,0.5274725274725275,0.08333333333333333,1.6666666666666667,0.510989010989011,0.16145833333333334,1.6145833333333333,0.4807692307692308,0.3038194444444444,1.5190972222222223,overall,all,0.0
Bearing,affected,B,hist_gradient_boosting,validation,ok,,f1,0.12258884972625668,0.31648351648351647,False,True,False,1820,0.31648351648351647,0.6027472527472527,0.44341801385681295,1.0,0.6144,0.7349653336012862,0.48399294427600204,521.0,723.0,0.0,576.0,0.5384615384615384,0.08506944444444445,1.7013888888888888,0.5164835164835165,0.16319444444444445,1.6319444444444446,0.5054945054945055,0.3194444444444444,1.5972222222222223,overall,all,0.0
Bearing,affected,C,logistic_regression,validation,ok,,f1,0.27338459718634767,0.31648351648351647,True,False,False,1820,0.31648351648351647,0.6043956043956044,0.4440993788819876,0.9930555555555556,0.6137339055793991,0.7404527844765987,0.5041811509238249,528.0,716.0,4.0,572.0,0.5604395604395604,0.08854166666666667,1.7708333333333335,0.5164835164835165,0.16319444444444445,1.6319444444444446,0.521978021978022,0.3298611111111111,1.6493055555555558,overall,all,0.0
Bearing,affected,C,random_forest,validation,ok,,f1,0.22,0.31648351648351647,False,False,False,1820,0.31648351648351647,0.6021978021978022,0.44290123456790126,0.9965277777777778,0.6132478632478633,0.7325153793765631,0.4747477849142825,522.0,722.0,2.0,574.0,0.5384615384615384,0.08506944444444445,1.7013888888888888,0.5054945054945055,0.1597222222222222,1.5972222222222223,0.48626373626373626,0.3072916666666667,1.5364583333333335,overall,all,0.0
Bearing,affected,C,hist_gradient_boosting,validation,ok,,f1,0.12619499032468012,0.31648351648351647,False,False,False,1820,0.31648351648351647,0.6038461538461538,0.444015444015444,0.9982638888888888,0.6146445750935329,0.7273119306002144,0.4743127261632786,524.0,720.0,1.0,575.0,0.5714285714285714,0.09027777777777778,1.8055555555555556,0.4725274725274725,0.14930555555555555,1.4930555555555556,0.45604395604395603,0.2881944444444444,1.4409722222222223,overall,all,0.0
Bearing,affected,A,random_forest,test,ok,,f1,0.17,0.31648351648351647,True,False,False,1850,0.3318918918918919,0.6102702702702703,0.45943896891584535,0.9869706840390879,0.6270046559751681,0.7186080189325659,0.48248803307174426,523.0,713.0,8.0,606.0,0.5053763440860215,0.07654723127035831,1.5227137403243318,0.4702702702702703,0.14169381107491857,1.4169381107491859,0.4891891891891892,0.2947882736156352,1.4739413680781759,overall,all,0.0
Bearing,affected,B,logistic_regression,test,ok,,f1,0.31857956346787586,0.31648351648351647,True,True,False,1850,0.3318918918918919,0.6124324324324324,0.46089597570235386,0.988599348534202,0.6286897980321077,0.7317486796748995,0.5010918934265652,526.0,710.0,7.0,607.0,0.5483870967741935,0.08306188925081433,1.6523063990753388,0.5081081081081081,0.15309446254071662,1.5309446254071661,0.4945945945945946,0.2980456026058632,1.490228013029316,overall,all,0.8757160360607406
Bearing,affected,C,logistic_regression,test,ok,,f1,0.27338459718634767,0.31648351648351647,True,False,False,1850,0.3318918918918919,0.6118918918918919,0.4607250755287009,0.993485342019544,0.6295149638802889,0.7309290766684587,0.4953711283021484,522.0,714.0,4.0,610.0,0.46236559139784944,0.07003257328990228,1.3931210815733248,0.5027027027027027,0.15146579804560262,1.514657980456026,0.518918918918919,0.3127035830618892,1.5635179153094463,overall,all,0.0
Bearing,affected,B,logistic_regression,validation,ok,,f1,0.31857956346787586,0.31648351648351647,True,True,True,1820,0.31648351648351647,0.6093406593406593,0.4469756480754124,0.9878472222222222,0.6154678204434829,0.7482010874419436,0.5135818746863823,540.0,704.0,7.0,569.0,0.5824175824175825,0.0920138888888889,1.840277777777778,0.5659340659340659,0.17881944444444445,1.7881944444444444,0.5247252747252747,0.3315972222222222,1.6579861111111112,overall,all,0.8757160360607406
Bearing,affected,B,logistic_regression,test,ok,,f1,0.31857956346787586,0.31648351648351647,True,True,True,1850,0.3318918918918919,0.6124324324324324,0.46089597570235386,0.988599348534202,0.6286897980321077,0.7317486796748995,0.5010918934265652,526.0,710.0,7.0,607.0,0.5483870967741935,0.08306188925081433,1.6523063990753388,0.5081081081081081,0.15309446254071662,1.5309446254071661,0.4945945945945946,0.2980456026058632,1.490228013029316,overall,all,0.8757160360607406
Bearing,affected,B,logistic_regression,validation,ok,,min_precision_70,0.8310412406430301,0.31648351648351647,True,True,True,1820,0.31648351648351647,0.6879120879120879,0.75,0.020833333333333332,0.04054054054054054,0.7482010874419436,0.5135818746863823,1240.0,4.0,564.0,12.0,0.5824175824175825,0.0920138888888889,1.840277777777778,0.5659340659340659,0.17881944444444445,1.7881944444444444,0.5247252747252747,0.3315972222222222,1.6579861111111112,overall,all,0.8757160360607406
Bearing,affected,B,logistic_regression,test,ok,,min_precision_70,0.8310412406430301,0.31648351648351647,True,True,True,1850,0.3318918918918919,0.6713513513513514,0.6875,0.017915309446254073,0.03492063492063492,0.7317486796748995,0.5010918934265652,1231.0,5.0,603.0,11.0,0.5483870967741935,0.08306188925081433,1.6523063990753388,0.5081081081081081,0.15309446254071662,1.5309446254071661,0.4945945945945946,0.2980456026058632,1.490228013029316,overall,all,0.8757160360607406
Bearing,affected,B,logistic_regression,validation,ok,,min_precision_80,0.8461557173756257,0.31648351648351647,True,True,True,1820,0.31648351648351647,0.6873626373626374,0.8181818181818182,0.015625,0.030664395229982964,0.7482010874419436,0.5135818746863823,1242.0,2.0,567.0,9.0,0.5824175824175825,0.0920138888888889,1.840277777777778,0.5659340659340659,0.17881944444444445,1.7881944444444444,0.5247252747252747,0.3315972222222222,1.6579861111111112,overall,all,0.8757160360607406
Bearing,affected,B,logistic_regression,test,ok,,min_precision_80,0.8461557173756257,0.31648351648351647,True,True,True,1850,0.3318918918918919,0.6691891891891892,0.625,0.008143322475570033,0.01607717041800643,0.7317486796748995,0.5010918934265652,1233.0,3.0,609.0,5.0,0.5483870967741935,0.08306188925081433,1.6523063990753388,0.5081081081081081,0.15309446254071662,1.5309446254071661,0.4945945945945946,0.2980456026058632,1.490228013029316,overall,all,0.8757160360607406
Bearing,affected,B,logistic_regression,validation,ok,,top_10pct,0.7256391246818372,0.31648351648351647,True,True,True,1820,0.31648351648351647,0.6967032967032967,0.5659340659340659,0.17881944444444445,0.2717678100263852,0.7482010874419436,0.5135818746863823,1165.0,79.0,473.0,103.0,0.5824175824175825,0.0920138888888889,1.840277777777778,0.5659340659340659,0.17881944444444445,1.7881944444444444,0.5247252747252747,0.3315972222222222,1.6579861111111112,overall,all,0.8757160360607406
Bearing,affected,B,logistic_regression,test,ok,,top_10pct,0.7256391246818372,0.31648351648351647,True,True,True,1850,0.3318918918918919,0.6697297297297298,0.5074626865671642,0.16612377850162866,0.25030674846625767,0.7317486796748995,0.5010918934265652,1137.0,99.0,512.0,102.0,0.5483870967741935,0.08306188925081433,1.6523063990753388,0.5081081081081081,0.15309446254071662,1.5309446254071661,0.4945945945945946,0.2980456026058632,1.490228013029316,overall,all,0.8757160360607406
Bearing,severe,A,logistic_regression,validation,identical_target,affected Target과 동일하여 모델 재사용,f1,0.3695805123405736,0.31648351648351647,False,False,False,1820,0.31648351648351647,0.6197802197802198,0.4526143790849673,0.9618055555555556,0.6155555555555555,0.7474977112361557,0.4988842361294723,574.0,670.0,22.0,554.0,0.5604395604395604,0.08854166666666667,1.7708333333333335,0.5274725274725275,0.16666666666666666,1.6666666666666667,0.5192307692307693,0.328125,1.6406250000000002,overall,all,0.0
Bearing,severe,A,random_forest,validation,identical_target,affected Target과 동일하여 모델 재사용,f1,0.17,0.31648351648351647,True,False,False,1820,0.31648351648351647,0.606043956043956,0.4453911696359411,0.9982638888888888,0.6159614354579539,0.7412398959449804,0.4974153359157382,528.0,716.0,1.0,575.0,0.5384615384615384,0.08506944444444445,1.7013888888888888,0.5384615384615384,0.1701388888888889,1.7013888888888888,0.521978021978022,0.3298611111111111,1.6493055555555558,overall,all,0.0
Bearing,severe,A,hist_gradient_boosting,validation,identical_target,affected Target과 동일하여 모델 재사용,f1,0.10221434565702764,0.31648351648351647,False,False,False,1820,0.31648351648351647,0.6027472527472527,0.44341801385681295,1.0,0.6144,0.7385338513754912,0.48922681335588214,521.0,723.0,0.0,576.0,0.5054945054945055,0.0798611111111111,1.5972222222222223,0.5274725274725275,0.16666666666666666,1.6666666666666667,0.5247252747252747,0.3315972222222222,1.6579861111111112,overall,all,0.0
Bearing,severe,B,logistic_regression,validation,identical_target,affected Target과 동일하여 모델 재사용,f1,0.31857956346787586,0.31648351648351647,True,True,False,1820,0.31648351648351647,0.6093406593406593,0.4469756480754124,0.9878472222222222,0.6154678204434829,0.7482010874419436,0.5135818746863823,540.0,704.0,7.0,569.0,0.5824175824175825,0.0920138888888889,1.840277777777778,0.5659340659340659,0.17881944444444445,1.7881944444444444,0.5247252747252747,0.3315972222222222,1.6579861111111112,overall,all,0.8757160360607406
Bearing,severe,B,random_forest,validation,identical_target,affected Target과 동일하여 모델 재사용,f1,0.21,0.31648351648351647,False,True,False,1820,0.31648351648351647,0.6043956043956044,0.44435857805255025,0.9982638888888888,0.6149732620320856,0.7211357571900678,0.4621673609276781,525.0,719.0,1.0,575.0,0.5274725274725275,0.08333333333333333,1.6666666666666667,0.510989010989011,0.16145833333333334,1.6145833333333333,0.4807692307692308,0.3038194444444444,1.5190972222222223,overall,all,0.0
Bearing,severe,B,hist_gradient_boosting,validation,identical_target,affected Target과 동일하여 모델 재사용,f1,0.12258884972625668,0.31648351648351647,False,True,False,1820,0.31648351648351647,0.6027472527472527,0.44341801385681295,1.0,0.6144,0.7349653336012862,0.48399294427600204,521.0,723.0,0.0,576.0,0.5384615384615384,0.08506944444444445,1.7013888888888888,0.5164835164835165,0.16319444444444445,1.6319444444444446,0.5054945054945055,0.3194444444444444,1.5972222222222223,overall,all,0.0
Bearing,severe,C,logistic_regression,validation,identical_target,affected Target과 동일하여 모델 재사용,f1,0.27338459718634767,0.31648351648351647,True,False,False,1820,0.31648351648351647,0.6043956043956044,0.4440993788819876,0.9930555555555556,0.6137339055793991,0.7404527844765987,0.5041811509238249,528.0,716.0,4.0,572.0,0.5604395604395604,0.08854166666666667,1.7708333333333335,0.5164835164835165,0.16319444444444445,1.6319444444444446,0.521978021978022,0.3298611111111111,1.6493055555555558,overall,all,0.0
Bearing,severe,C,random_forest,validation,identical_target,affected Target과 동일하여 모델 재사용,f1,0.22,0.31648351648351647,False,False,False,1820,0.31648351648351647,0.6021978021978022,0.44290123456790126,0.9965277777777778,0.6132478632478633,0.7325153793765631,0.4747477849142825,522.0,722.0,2.0,574.0,0.5384615384615384,0.08506944444444445,1.7013888888888888,0.5054945054945055,0.1597222222222222,1.5972222222222223,0.48626373626373626,0.3072916666666667,1.5364583333333335,overall,all,0.0
Bearing,severe,C,hist_gradient_boosting,validation,identical_target,affected Target과 동일하여 모델 재사용,f1,0.12619499032468012,0.31648351648351647,False,False,False,1820,0.31648351648351647,0.6038461538461538,0.444015444015444,0.9982638888888888,0.6146445750935329,0.7273119306002144,0.4743127261632786,524.0,720.0,1.0,575.0,0.5714285714285714,0.09027777777777778,1.8055555555555556,0.4725274725274725,0.14930555555555555,1.4930555555555556,0.45604395604395603,0.2881944444444444,1.4409722222222223,overall,all,0.0
Bearing,severe,A,random_forest,test,identical_target,affected Target과 동일하여 모델 재사용,f1,0.17,0.31648351648351647,True,False,False,1850,0.3318918918918919,0.6102702702702703,0.45943896891584535,0.9869706840390879,0.6270046559751681,0.7186080189325659,0.48248803307174426,523.0,713.0,8.0,606.0,0.5053763440860215,0.07654723127035831,1.5227137403243318,0.4702702702702703,0.14169381107491857,1.4169381107491859,0.4891891891891892,0.2947882736156352,1.4739413680781759,overall,all,0.0
Bearing,severe,B,logistic_regression,test,identical_target,affected Target과 동일하여 모델 재사용,f1,0.31857956346787586,0.31648351648351647,True,True,False,1850,0.3318918918918919,0.6124324324324324,0.46089597570235386,0.988599348534202,0.6286897980321077,0.7317486796748995,0.5010918934265652,526.0,710.0,7.0,607.0,0.5483870967741935,0.08306188925081433,1.6523063990753388,0.5081081081081081,0.15309446254071662,1.5309446254071661,0.4945945945945946,0.2980456026058632,1.490228013029316,overall,all,0.8757160360607406
Bearing,severe,C,logistic_regression,test,identical_target,affected Target과 동일하여 모델 재사용,f1,0.27338459718634767,0.31648351648351647,True,False,False,1850,0.3318918918918919,0.6118918918918919,0.4607250755287009,0.993485342019544,0.6295149638802889,0.7309290766684587,0.4953711283021484,522.0,714.0,4.0,610.0,0.46236559139784944,0.07003257328990228,1.3931210815733248,0.5027027027027027,0.15146579804560262,1.514657980456026,0.518918918918919,0.3127035830618892,1.5635179153094463,overall,all,0.0
Bearing,severe,B,logistic_regression,validation,identical_target,affected Target과 동일하여 모델 재사용,f1,0.31857956346787586,0.31648351648351647,True,True,True,1820,0.31648351648351647,0.6093406593406593,0.4469756480754124,0.9878472222222222,0.6154678204434829,0.7482010874419436,0.5135818746863823,540.0,704.0,7.0,569.0,0.5824175824175825,0.0920138888888889,1.840277777777778,0.5659340659340659,0.17881944444444445,1.7881944444444444,0.5247252747252747,0.3315972222222222,1.6579861111111112,overall,all,0.8757160360607406
Bearing,severe,B,logistic_regression,test,identical_target,affected Target과 동일하여 모델 재사용,f1,0.31857956346787586,0.31648351648351647,True,True,True,1850,0.3318918918918919,0.6124324324324324,0.46089597570235386,0.988599348534202,0.6286897980321077,0.7317486796748995,0.5010918934265652,526.0,710.0,7.0,607.0,0.5483870967741935,0.08306188925081433,1.6523063990753388,0.5081081081081081,0.15309446254071662,1.5309446254071661,0.4945945945945946,0.2980456026058632,1.490228013029316,overall,all,0.8757160360607406
Bearing,severe,B,logistic_regression,validation,identical_target,affected Target과 동일하여 모델 재사용,min_precision_70,0.8310412406430301,0.31648351648351647,True,True,True,1820,0.31648351648351647,0.6879120879120879,0.75,0.020833333333333332,0.04054054054054054,0.7482010874419436,0.5135818746863823,1240.0,4.0,564.0,12.0,0.5824175824175825,0.0920138888888889,1.840277777777778,0.5659340659340659,0.17881944444444445,1.7881944444444444,0.5247252747252747,0.3315972222222222,1.6579861111111112,overall,all,0.8757160360607406
Bearing,severe,B,logistic_regression,test,identical_target,affected Target과 동일하여 모델 재사용,min_precision_70,0.8310412406430301,0.31648351648351647,True,True,True,1850,0.3318918918918919,0.6713513513513514,0.6875,0.017915309446254073,0.03492063492063492,0.7317486796748995,0.5010918934265652,1231.0,5.0,603.0,11.0,0.5483870967741935,0.08306188925081433,1.6523063990753388,0.5081081081081081,0.15309446254071662,1.5309446254071661,0.4945945945945946,0.2980456026058632,1.490228013029316,overall,all,0.8757160360607406
Bearing,severe,B,logistic_regression,validation,identical_target,affected Target과 동일하여 모델 재사용,min_precision_80,0.8461557173756257,0.31648351648351647,True,True,True,1820,0.31648351648351647,0.6873626373626374,0.8181818181818182,0.015625,0.030664395229982964,0.7482010874419436,0.5135818746863823,1242.0,2.0,567.0,9.0,0.5824175824175825,0.0920138888888889,1.840277777777778,0.5659340659340659,0.17881944444444445,1.7881944444444444,0.5247252747252747,0.3315972222222222,1.6579861111111112,overall,all,0.8757160360607406
Bearing,severe,B,logistic_regression,test,identical_target,affected Target과 동일하여 모델 재사용,min_precision_80,0.8461557173756257,0.31648351648351647,True,True,True,1850,0.3318918918918919,0.6691891891891892,0.625,0.008143322475570033,0.01607717041800643,0.7317486796748995,0.5010918934265652,1233.0,3.0,609.0,5.0,0.5483870967741935,0.08306188925081433,1.6523063990753388,0.5081081081081081,0.15309446254071662,1.5309446254071661,0.4945945945945946,0.2980456026058632,1.490228013029316,overall,all,0.8757160360607406
Bearing,severe,B,logistic_regression,validation,identical_target,affected Target과 동일하여 모델 재사용,top_10pct,0.7256391246818372,0.31648351648351647,True,True,True,1820,0.31648351648351647,0.6967032967032967,0.5659340659340659,0.17881944444444445,0.2717678100263852,0.7482010874419436,0.5135818746863823,1165.0,79.0,473.0,103.0,0.5824175824175825,0.0920138888888889,1.840277777777778,0.5659340659340659,0.17881944444444445,1.7881944444444444,0.5247252747252747,0.3315972222222222,1.6579861111111112,overall,all,0.8757160360607406
Bearing,severe,B,logistic_regression,test,identical_target,affected Target과 동일하여 모델 재사용,top_10pct,0.7256391246818372,0.31648351648351647,True,True,True,1850,0.3318918918918919,0.6697297297297298,0.5074626865671642,0.16612377850162866,0.25030674846625767,0.7317486796748995,0.5010918934265652,1137.0,99.0,512.0,102.0,0.5483870967741935,0.08306188925081433,1.6523063990753388,0.5081081081081081,0.15309446254071662,1.5309446254071661,0.4945945945945946,0.2980456026058632,1.490228013029316,overall,all,0.8757160360607406
Seal & Gasket,affected,A,logistic_regression,validation,ok,,f1,0.3981124390504913,0.24945054945054945,True,True,False,1820,0.24945054945054945,0.5664835164835165,0.3595976529756915,0.9449339207048458,0.5209471766848816,0.7133677543359498,0.37257994511419734,602.0,764.0,25.0,429.0,0.3626373626373626,0.07268722466960352,1.4537444933920705,0.3791208791208791,0.15198237885462554,1.5198237885462553,0.39285714285714285,0.31497797356828194,1.5748898678414096,overall,all,0.0
Seal & Gasket,affected,A,random_forest,validation,ok,,f1,0.15,0.24945054945054945,False,True,False,1820,0.24945054945054945,0.5439560439560439,0.35243328100470955,0.9889867841409692,0.5196759259259259,0.7046071684264161,0.37247306519406204,541.0,825.0,5.0,449.0,0.43956043956043955,0.0881057268722467,1.7621145374449338,0.3901098901098901,0.15638766519823788,1.5638766519823788,0.36538461538461536,0.29295154185022027,1.4647577092511013,overall,all,0.0
Seal & Gasket,affected,A,hist_gradient_boosting,validation,ok,,f1,0.12712939832549003,0.24945054945054945,False,True,False,1820,0.24945054945054945,0.5406593406593406,0.35101404056162244,0.9911894273127754,0.5184331797235023,0.6949194084145484,0.35225804036841624,534.0,832.0,4.0,450.0,0.34065934065934067,0.06828193832599119,1.3656387665198237,0.34065934065934067,0.13656387665198239,1.3656387665198237,0.34065934065934067,0.27312775330396477,1.3656387665198237,overall,all,0.0
Seal & Gasket,affected,B,logistic_regression,validation,ok,,f1,0.2353633533609689,0.24945054945054945,True,False,False,1820,0.24945054945054945,0.5335164835164835,0.3484267075978511,1.0,0.5167899829254411,0.7079466076715192,0.3787893907473681,517.0,849.0,0.0,454.0,0.37362637362637363,0.07488986784140969,1.497797356828194,0.38461538461538464,0.15418502202643172,1.5418502202643172,0.38186813186813184,0.30616740088105726,1.5308370044052861,overall,all,0.0
Seal & Gasket,affected,B,random_forest,validation,ok,,f1,0.12,0.24945054945054945,False,False,False,1820,0.24945054945054945,0.5346153846153846,0.34896233666410453,1.0,0.5173789173789174,0.692119342625499,0.36042699482544777,519.0,847.0,0.0,454.0,0.4065934065934066,0.08149779735682819,1.6299559471365639,0.38461538461538464,0.15418502202643172,1.5418502202643172,0.36538461538461536,0.29295154185022027,1.4647577092511013,overall,all,0.0
Seal & Gasket,affected,B,hist_gradient_boosting,validation,ok,,f1,0.08983543647794344,0.24945054945054945,False,False,False,1820,0.24945054945054945,0.5362637362637362,0.34953703703703703,0.9977973568281938,0.5177142857142857,0.6924023322862985,0.3687587352069915,523.0,843.0,1.0,453.0,0.4065934065934066,0.08149779735682819,1.6299559471365639,0.3901098901098901,0.15638766519823788,1.5638766519823788,0.3598901098901099,0.28854625550660795,1.4427312775330396,overall,all,0.0
Seal & Gasket,affected,C,logistic_regression,validation,ok,,f1,0.26460203147089334,0.24945054945054945,False,False,False,1820,0.24945054945054945,0.5362637362637362,0.34907120743034054,0.9933920704845814,0.5166093928980527,0.7024915989963946,0.37063339354035085,525.0,841.0,3.0,451.0,0.4065934065934066,0.08149779735682819,1.6299559471365639,0.4010989010989011,0.16079295154185022,1.6079295154185023,0.36538461538461536,0.29295154185022027,1.4647577092511013,overall,all,0.0
Seal & Gasket,affected,C,random_forest,validation,ok,,f1,0.16,0.24945054945054945,False,False,False,1820,0.24945054945054945,0.5296703296703297,0.3460949464012251,0.9955947136563876,0.5136363636363637,0.6871416270534891,0.35851731033456347,512.0,854.0,2.0,452.0,0.46153846153846156,0.09251101321585903,1.8502202643171808,0.4010989010989011,0.16079295154185022,1.6079295154185023,0.33516483516483514,0.2687224669603524,1.343612334801762,overall,all,0.0
Seal & Gasket,affected,C,hist_gradient_boosting,validation,ok,,f1,0.09929332349926207,0.24945054945054945,True,False,False,1820,0.24945054945054945,0.5395604395604395,0.35093167701863354,0.9955947136563876,0.5189437428243399,0.704765191142988,0.37405573237043566,530.0,836.0,2.0,452.0,0.4175824175824176,0.08370044052863436,1.6740088105726874,0.4230769230769231,0.1696035242290749,1.696035242290749,0.38461538461538464,0.30837004405286345,1.5418502202643172,overall,all,0.0
Seal & Gasket,affected,A,logistic_regression,test,ok,,f1,0.3981124390504913,0.24945054945054945,True,True,False,1850,0.24216216216216216,0.5335135135135135,0.3362273086029992,0.9508928571428571,0.4967930029154519,0.7021713241287957,0.35945806797911795,561.0,841.0,22.0,426.0,0.3655913978494624,0.07589285714285714,1.5096966205837175,0.3891891891891892,0.16071428571428573,1.6071428571428572,0.36486486486486486,0.3013392857142857,1.5066964285714286,overall,all,0.0
Seal & Gasket,affected,B,logistic_regression,test,ok,,f1,0.2353633533609689,0.24945054945054945,True,False,False,1850,0.24216216216216216,0.5178378378378379,0.33432835820895523,1.0,0.5011185682326622,0.710009297941716,0.3750453662775052,510.0,892.0,0.0,448.0,0.44086021505376344,0.09151785714285714,1.8205165130568357,0.3945945945945946,0.16294642857142858,1.6294642857142858,0.3918918918918919,0.3236607142857143,1.6183035714285714,overall,all,0.0
Seal & Gasket,affected,C,hist_gradient_boosting,test,ok,,f1,0.09929332349926207,0.24945054945054945,True,False,False,1850,0.24216216216216216,0.5254054054054054,0.3371212121212121,0.9933035714285714,0.503393665158371,0.699875496739352,0.3679814171853274,527.0,875.0,3.0,445.0,0.3978494623655914,0.08258928571428571,1.6429051459293393,0.3945945945945946,0.16294642857142858,1.6294642857142858,0.36486486486486486,0.3013392857142857,1.5066964285714286,overall,all,0.0
Seal & Gasket,affected,A,logistic_regression,validation,ok,,f1,0.3981124390504913,0.24945054945054945,True,True,True,1820,0.24945054945054945,0.5664835164835165,0.3595976529756915,0.9449339207048458,0.5209471766848816,0.7133677543359498,0.37257994511419734,602.0,764.0,25.0,429.0,0.3626373626373626,0.07268722466960352,1.4537444933920705,0.3791208791208791,0.15198237885462554,1.5198237885462553,0.39285714285714285,0.31497797356828194,1.5748898678414096,overall,all,0.0
Seal & Gasket,affected,A,logistic_regression,test,ok,,f1,0.3981124390504913,0.24945054945054945,True,True,True,1850,0.24216216216216216,0.5335135135135135,0.3362273086029992,0.9508928571428571,0.4967930029154519,0.7021713241287957,0.35945806797911795,561.0,841.0,22.0,426.0,0.3655913978494624,0.07589285714285714,1.5096966205837175,0.3891891891891892,0.16071428571428573,1.6071428571428572,0.36486486486486486,0.3013392857142857,1.5066964285714286,overall,all,0.0
Seal & Gasket,affected,A,logistic_regression,validation,unavailable,,min_precision_70,,0.24945054945054945,True,True,True,1820,0.24945054945054945,,,,,0.7133677543359498,0.37257994511419734,,,,,0.3626373626373626,0.07268722466960352,1.4537444933920705,0.3791208791208791,0.15198237885462554,1.5198237885462553,0.39285714285714285,0.31497797356828194,1.5748898678414096,overall,all,0.0
Seal & Gasket,affected,A,logistic_regression,test,unavailable,,min_precision_70,,0.24945054945054945,True,True,True,1850,0.24216216216216216,,,,,0.7021713241287957,0.35945806797911795,,,,,0.3655913978494624,0.07589285714285714,1.5096966205837175,0.3891891891891892,0.16071428571428573,1.6071428571428572,0.36486486486486486,0.3013392857142857,1.5066964285714286,overall,all,0.0
Seal & Gasket,affected,A,logistic_regression,validation,unavailable,,min_precision_80,,0.24945054945054945,True,True,True,1820,0.24945054945054945,,,,,0.7133677543359498,0.37257994511419734,,,,,0.3626373626373626,0.07268722466960352,1.4537444933920705,0.3791208791208791,0.15198237885462554,1.5198237885462553,0.39285714285714285,0.31497797356828194,1.5748898678414096,overall,all,0.0
Seal & Gasket,affected,A,logistic_regression,test,unavailable,,min_precision_80,,0.24945054945054945,True,True,True,1850,0.24216216216216216,,,,,0.7021713241287957,0.35945806797911795,,,,,0.3655913978494624,0.07589285714285714,1.5096966205837175,0.3891891891891892,0.16071428571428573,1.6071428571428572,0.36486486486486486,0.3013392857142857,1.5066964285714286,overall,all,0.0
Seal & Gasket,affected,A,logistic_regression,validation,ok,,top_10pct,0.7136471101859587,0.24945054945054945,True,True,True,1820,0.24945054945054945,0.7263736263736263,0.3791208791208791,0.15198237885462554,0.2169811320754717,0.7133677543359498,0.37257994511419734,1253.0,113.0,385.0,69.0,0.3626373626373626,0.07268722466960352,1.4537444933920705,0.3791208791208791,0.15198237885462554,1.5198237885462553,0.39285714285714285,0.31497797356828194,1.5748898678414096,overall,all,0.0
Seal & Gasket,affected,A,logistic_regression,test,ok,,top_10pct,0.7136471101859587,0.24945054945054945,True,True,True,1850,0.24216216216216216,0.7194594594594594,0.37630662020905925,0.24107142857142858,0.2938775510204082,0.7021713241287957,0.35945806797911795,1223.0,179.0,340.0,108.0,0.3655913978494624,0.07589285714285714,1.5096966205837175,0.3891891891891892,0.16071428571428573,1.6071428571428572,0.36486486486486486,0.3013392857142857,1.5066964285714286,overall,all,0.0
Seal & Gasket,severe,A,logistic_regression,validation,ok,,f1,0.42955170084161826,0.13241758241758242,True,False,False,1820,0.13241758241758242,0.5076923076923077,0.19703977798334876,0.8838174273858921,0.32223903177004537,0.6825791837367523,0.1969754021140445,711.0,868.0,28.0,213.0,0.16483516483516483,0.06224066390041494,1.2448132780082988,0.1813186813186813,0.13692946058091288,1.3692946058091287,0.1978021978021978,0.2987551867219917,1.4937759336099585,overall,all,0.0
Seal & Gasket,severe,A,random_forest,validation,ok,,f1,0.11,0.13241758241758242,False,False,False,1820,0.13241758241758242,0.5412087912087912,0.19817073170731708,0.8091286307053942,0.3183673469387755,0.688740181689656,0.20387089351495719,790.0,789.0,46.0,195.0,0.1978021978021978,0.07468879668049792,1.4937759336099585,0.18681318681318682,0.14107883817427386,1.4107883817427387,0.20604395604395603,0.3112033195020747,1.5560165975103732,overall,all,0.0
Seal & Gasket,severe,A,hist_gradient_boosting,validation,ok,,f1,0.0573452821655418,0.13241758241758242,False,False,False,1820,0.13241758241758242,0.4565934065934066,0.19141914191419143,0.9626556016597511,0.3193392980041294,0.6767243304891221,0.19354829368697476,599.0,980.0,9.0,232.0,0.2087912087912088,0.07883817427385892,1.5767634854771784,0.17032967032967034,0.12863070539419086,1.2863070539419088,0.1978021978021978,0.2987551867219917,1.4937759336099585,overall,all,0.0
Seal & Gasket,severe,B,logistic_regression,validation,ok,,f1,0.33503256371025114,0.13241758241758242,False,True,False,1820,0.13241758241758242,0.4423076923076923,0.1879032258064516,0.966804979253112,0.3146522619851452,0.6652222242661068,0.19886979591809562,572.0,1007.0,8.0,233.0,0.26373626373626374,0.0995850622406639,1.991701244813278,0.23626373626373626,0.17842323651452283,1.784232365145228,0.19230769230769232,0.29045643153526973,1.4522821576763487,overall,all,0.0
Seal & Gasket,severe,B,random_forest,validation,ok,,f1,0.06,0.13241758241758242,False,True,False,1820,0.13241758241758242,0.42417582417582417,0.1864801864801865,0.995850622406639,0.31413612565445026,0.6725526161576081,0.19675854603659063,532.0,1047.0,1.0,240.0,0.18681318681318682,0.07053941908713693,1.4107883817427387,0.17032967032967034,0.12863070539419086,1.2863070539419088,0.20054945054945056,0.3029045643153527,1.5145228215767634,overall,all,0.0
Seal & Gasket,severe,B,hist_gradient_boosting,validation,ok,,f1,0.03879897353768352,0.13241758241758242,True,True,False,1820,0.13241758241758242,0.4379120879120879,0.18869426751592358,0.983402489626556,0.3166332665330661,0.6785349202052877,0.20894670217486427,560.0,1019.0,4.0,237.0,0.2857142857142857,0.1078838174273859,2.1576763485477177,0.23076923076923078,0.17427385892116182,1.7427385892116183,0.19505494505494506,0.2946058091286307,1.4730290456431536,overall,all,0.039809170902163335
Seal & Gasket,severe,C,logistic_regression,validation,ok,,f1,0.2098642453259475,0.13241758241758242,False,False,False,1820,0.13241758241758242,0.42032967032967034,0.18449612403100776,0.9875518672199171,0.3109079033311561,0.6677134275330519,0.2000798918219961,527.0,1052.0,3.0,238.0,0.21978021978021978,0.08298755186721991,1.6597510373443982,0.1978021978021978,0.14937759336099585,1.4937759336099585,0.1978021978021978,0.2987551867219917,1.4937759336099585,overall,all,0.0
Seal & Gasket,severe,C,random_forest,validation,ok,,f1,0.09,0.13241758241758242,False,False,False,1820,0.13241758241758242,0.4554945054945055,0.18645484949832775,0.9253112033195021,0.3103688239387613,0.6745156212635236,0.20005807406806264,606.0,973.0,18.0,223.0,0.23076923076923078,0.08713692946058091,1.7427385892116183,0.2087912087912088,0.15767634854771784,1.5767634854771784,0.19505494505494506,0.2946058091286307,1.4730290456431536,overall,all,0.0
Seal & Gasket,severe,C,hist_gradient_boosting,validation,ok,,f1,0.02180192944822451,0.13241758241758242,True,False,False,1820,0.13241758241758242,0.42417582417582417,0.1864801864801865,0.995850622406639,0.31413612565445026,0.6855985851647269,0.21630344209679112,532.0,1047.0,1.0,240.0,0.2857142857142857,0.1078838174273859,2.1576763485477177,0.22527472527472528,0.17012448132780084,1.7012448132780082,0.21978021978021978,0.33195020746887965,1.6597510373443982,overall,all,0.0
Seal & Gasket,severe,A,logistic_regression,test,ok,,f1,0.42955170084161826,0.13241758241758242,True,False,False,1850,0.1362162162162162,0.46054054054054056,0.1912251655629139,0.9166666666666666,0.31643835616438354,0.6792121103760652,0.20015670957920514,621.0,977.0,21.0,231.0,0.21505376344086022,0.07936507936507936,1.578767707799966,0.1945945945945946,0.14285714285714285,1.4285714285714286,0.1891891891891892,0.2777777777777778,1.388888888888889,overall,all,0.0
Seal & Gasket,severe,B,hist_gradient_boosting,test,ok,,f1,0.03879897353768352,0.13241758241758242,True,True,False,1850,0.1362162162162162,0.4291891891891892,0.1893353941267388,0.9722222222222222,0.3169469598965071,0.6684322665236306,0.19441243855192297,549.0,1049.0,7.0,245.0,0.1827956989247312,0.06746031746031746,1.341952551629971,0.1945945945945946,0.14285714285714285,1.4285714285714286,0.20270270270270271,0.2976190476190476,1.4880952380952381,overall,all,0.039809170902163335
Seal & Gasket,severe,C,hist_gradient_boosting,test,ok,,f1,0.02180192944822451,0.13241758241758242,True,False,False,1850,0.1362162162162162,0.42486486486486486,0.18960244648318042,0.9841269841269841,0.31794871794871793,0.6660706835925859,0.19951391802428695,538.0,1060.0,4.0,248.0,0.1827956989247312,0.06746031746031746,1.341952551629971,0.1891891891891892,0.1388888888888889,1.388888888888889,0.2,0.29365079365079366,1.4682539682539684,overall,all,0.0
Seal & Gasket,severe,B,hist_gradient_boosting,validation,ok,,f1,0.03879897353768352,0.13241758241758242,True,True,True,1820,0.13241758241758242,0.4379120879120879,0.18869426751592358,0.983402489626556,0.3166332665330661,0.6785349202052877,0.20894670217486427,560.0,1019.0,4.0,237.0,0.2857142857142857,0.1078838174273859,2.1576763485477177,0.23076923076923078,0.17427385892116182,1.7427385892116183,0.19505494505494506,0.2946058091286307,1.4730290456431536,overall,all,0.039809170902163335
Seal & Gasket,severe,B,hist_gradient_boosting,test,ok,,f1,0.03879897353768352,0.13241758241758242,True,True,True,1850,0.1362162162162162,0.4291891891891892,0.1893353941267388,0.9722222222222222,0.3169469598965071,0.6684322665236306,0.19441243855192297,549.0,1049.0,7.0,245.0,0.1827956989247312,0.06746031746031746,1.341952551629971,0.1945945945945946,0.14285714285714285,1.4285714285714286,0.20270270270270271,0.2976190476190476,1.4880952380952381,overall,all,0.039809170902163335
Seal & Gasket,severe,B,hist_gradient_boosting,validation,unavailable,,min_precision_70,,0.13241758241758242,True,True,True,1820,0.13241758241758242,,,,,0.6785349202052877,0.20894670217486427,,,,,0.2857142857142857,0.1078838174273859,2.1576763485477177,0.23076923076923078,0.17427385892116182,1.7427385892116183,0.19505494505494506,0.2946058091286307,1.4730290456431536,overall,all,0.039809170902163335
Seal & Gasket,severe,B,hist_gradient_boosting,test,unavailable,,min_precision_70,,0.13241758241758242,True,True,True,1850,0.1362162162162162,,,,,0.6684322665236306,0.19441243855192297,,,,,0.1827956989247312,0.06746031746031746,1.341952551629971,0.1945945945945946,0.14285714285714285,1.4285714285714286,0.20270270270270271,0.2976190476190476,1.4880952380952381,overall,all,0.039809170902163335
Seal & Gasket,severe,B,hist_gradient_boosting,validation,unavailable,,min_precision_80,,0.13241758241758242,True,True,True,1820,0.13241758241758242,,,,,0.6785349202052877,0.20894670217486427,,,,,0.2857142857142857,0.1078838174273859,2.1576763485477177,0.23076923076923078,0.17427385892116182,1.7427385892116183,0.19505494505494506,0.2946058091286307,1.4730290456431536,overall,all,0.039809170902163335
Seal & Gasket,severe,B,hist_gradient_boosting,test,unavailable,,min_precision_80,,0.13241758241758242,True,True,True,1850,0.1362162162162162,,,,,0.6684322665236306,0.19441243855192297,,,,,0.1827956989247312,0.06746031746031746,1.341952551629971,0.1945945945945946,0.14285714285714285,1.4285714285714286,0.20270270270270271,0.2976190476190476,1.4880952380952381,overall,all,0.039809170902163335
Seal & Gasket,severe,B,hist_gradient_boosting,validation,ok,,top_10pct,0.23019856498971195,0.13241758241758242,True,True,True,1820,0.13241758241758242,0.8137362637362637,0.23076923076923078,0.17427385892116182,0.19858156028368795,0.6785349202052877,0.20894670217486427,1439.0,140.0,199.0,42.0,0.2857142857142857,0.1078838174273859,2.1576763485477177,0.23076923076923078,0.17427385892116182,1.7427385892116183,0.19505494505494506,0.2946058091286307,1.4730290456431536,overall,all,0.039809170902163335
Seal & Gasket,severe,B,hist_gradient_boosting,test,ok,,top_10pct,0.23019856498971195,0.13241758241758242,True,True,True,1850,0.1362162162162162,0.7897297297297298,0.21338912133891214,0.20238095238095238,0.20773930753564154,0.6684322665236306,0.19441243855192297,1410.0,188.0,201.0,51.0,0.1827956989247312,0.06746031746031746,1.341952551629971,0.1945945945945946,0.14285714285714285,1.4285714285714286,0.20270270270270271,0.2976190476190476,1.4880952380952381,overall,all,0.039809170902163335
Drive Belt,affected,A,logistic_regression,validation,ok,,f1,0.30434028023149107,0.1901098901098901,True,True,False,1820,0.1901098901098901,0.4785714285714286,0.26573426573426573,0.9884393063583815,0.4188609920391917,0.6949572944525926,0.3048418951145103,529.0,945.0,4.0,342.0,0.37362637362637363,0.09826589595375723,1.9653179190751446,0.31868131868131866,0.1676300578034682,1.676300578034682,0.3131868131868132,0.32947976878612717,1.647398843930636,overall,all,0.0
Drive Belt,affected,A,random_forest,validation,ok,,f1,0.05,0.1901098901098901,False,True,False,1820,0.1901098901098901,0.47692307692307695,0.2662037037037037,0.9971098265895953,0.42021924482338613,0.6777358608952087,0.26114535921540444,523.0,951.0,1.0,345.0,0.26373626373626374,0.06936416184971098,1.3872832369942198,0.21978021978021978,0.11560693641618497,1.1560693641618498,0.25274725274725274,0.2658959537572254,1.3294797687861273,overall,all,0.0
Drive Belt,affected,A,hist_gradient_boosting,validation,ok,,f1,0.11628668489915855,0.1901098901098901,False,True,False,1820,0.1901098901098901,0.5164835164835165,0.27411167512690354,0.9364161849710982,0.42408376963350786,0.6794927098610992,0.268813513825513,616.0,858.0,22.0,324.0,0.2857142857142857,0.07514450867052024,1.5028901734104045,0.26373626373626374,0.13872832369942195,1.3872832369942198,0.25274725274725274,0.2658959537572254,1.3294797687861273,overall,all,0.0
Drive Belt,affected,B,logistic_regression,validation,ok,,f1,0.3350656891785359,0.1901098901098901,False,False,False,1820,0.1901098901098901,0.49230769230769234,0.26990445859872614,0.9797687861271677,0.4232209737827715,0.6958278758597972,0.28228691226268554,557.0,917.0,7.0,339.0,0.26373626373626374,0.06936416184971098,1.3872832369942198,0.3021978021978022,0.15895953757225434,1.5895953757225434,0.3021978021978022,0.3179190751445087,1.5895953757225434,overall,all,0.0
Drive Belt,affected,B,random_forest,validation,ok,,f1,0.15,0.1901098901098901,True,False,False,1820,0.1901098901098901,0.5252747252747253,0.27863247863247864,0.9421965317919075,0.43007915567282323,0.684353456051325,0.2745199845146272,630.0,844.0,20.0,326.0,0.31868131868131866,0.0838150289017341,1.676300578034682,0.2857142857142857,0.15028901734104047,1.5028901734104045,0.2692307692307692,0.2832369942196532,1.416184971098266,overall,all,0.0
Drive Belt,affected,B,hist_gradient_boosting,validation,ok,,f1,0.02276101957338652,0.1901098901098901,False,False,False,1820,0.1901098901098901,0.4758241758241758,0.26615384615384613,1.0,0.4204131227217497,0.6821652379197025,0.2736165409966633,520.0,954.0,0.0,346.0,0.2967032967032967,0.07803468208092486,1.560693641618497,0.26373626373626374,0.13872832369942195,1.3872832369942198,0.2857142857142857,0.30057803468208094,1.5028901734104045,overall,all,0.0
Drive Belt,affected,C,logistic_regression,validation,ok,,f1,0.36027194240445143,0.1901098901098901,True,False,False,1820,0.1901098901098901,0.5071428571428571,0.2736236647493837,0.9624277456647399,0.42610364683301344,0.6996396106697202,0.2768698199722717,590.0,884.0,13.0,333.0,0.23076923076923078,0.06069364161849711,1.2138728323699424,0.25274725274725274,0.1329479768786127,1.3294797687861273,0.29945054945054944,0.315028901734104,1.5751445086705202,overall,all,0.0
Drive Belt,affected,C,random_forest,validation,ok,,f1,0.15,0.1901098901098901,False,False,False,1820,0.1901098901098901,0.5093406593406593,0.26919831223628693,0.9219653179190751,0.41672109732201174,0.6761829318985734,0.28134237418524094,608.0,866.0,27.0,319.0,0.32967032967032966,0.08670520231213873,1.7341040462427746,0.3241758241758242,0.17052023121387283,1.7052023121387285,0.27472527472527475,0.28901734104046245,1.4450867052023124,overall,all,0.0
Drive Belt,affected,C,hist_gradient_boosting,validation,ok,,f1,0.05627693825425014,0.1901098901098901,False,False,False,1820,0.1901098901098901,0.4807692307692308,0.26728826728826727,0.9942196531791907,0.421310471524801,0.6906847789429102,0.27579637983864697,531.0,943.0,2.0,344.0,0.24175824175824176,0.06358381502890173,1.2716763005780347,0.3021978021978022,0.15895953757225434,1.5895953757225434,0.30494505494505497,0.3208092485549133,1.6040462427745668,overall,all,0.0
Drive Belt,affected,A,logistic_regression,test,ok,,f1,0.30434028023149107,0.1901098901098901,True,True,False,1850,0.19783783783783784,0.4805405405405405,0.2751322751322751,0.994535519125683,0.43102427471876853,0.6986047898899739,0.3015332765239977,525.0,959.0,2.0,364.0,0.3010752688172043,0.07650273224043716,1.521828544567836,0.2864864864864865,0.1448087431693989,1.4480874316939891,0.3216216216216216,0.3251366120218579,1.6256830601092895,overall,all,0.0
Drive Belt,affected,B,random_forest,test,ok,,f1,0.15,0.1901098901098901,True,False,False,1850,0.19783783783783784,0.5086486486486487,0.2761747732893652,0.9153005464480874,0.4243191893603547,0.6934026703783895,0.30213980517366507,606.0,878.0,31.0,335.0,0.3655913978494624,0.09289617486338798,1.8479346612609437,0.31891891891891894,0.16120218579234974,1.6120218579234973,0.3081081081081081,0.3114754098360656,1.5573770491803278,overall,all,0.0
Drive Belt,affected,C,logistic_regression,test,ok,,f1,0.36027194240445143,0.1901098901098901,True,False,False,1850,0.19783783783783784,0.4972972972972973,0.2772511848341232,0.9590163934426229,0.43014705882352944,0.6859064999337192,0.28789083190990317,569.0,915.0,15.0,351.0,0.25806451612903225,0.06557377049180328,1.3044244667724307,0.2972972972972973,0.15027322404371585,1.5027322404371586,0.3027027027027027,0.30601092896174864,1.5300546448087433,overall,all,0.0
Drive Belt,affected,A,logistic_regression,validation,ok,,f1,0.30434028023149107,0.1901098901098901,True,True,True,1820,0.1901098901098901,0.4785714285714286,0.26573426573426573,0.9884393063583815,0.4188609920391917,0.6949572944525926,0.3048418951145103,529.0,945.0,4.0,342.0,0.37362637362637363,0.09826589595375723,1.9653179190751446,0.31868131868131866,0.1676300578034682,1.676300578034682,0.3131868131868132,0.32947976878612717,1.647398843930636,overall,all,0.0
Drive Belt,affected,A,logistic_regression,test,ok,,f1,0.30434028023149107,0.1901098901098901,True,True,True,1850,0.19783783783783784,0.4805405405405405,0.2751322751322751,0.994535519125683,0.43102427471876853,0.6986047898899739,0.3015332765239977,525.0,959.0,2.0,364.0,0.3010752688172043,0.07650273224043716,1.521828544567836,0.2864864864864865,0.1448087431693989,1.4480874316939891,0.3216216216216216,0.3251366120218579,1.6256830601092895,overall,all,0.0
Drive Belt,affected,A,logistic_regression,validation,ok,,min_precision_70,0.8851613378733908,0.1901098901098901,True,True,True,1820,0.1901098901098901,0.8104395604395604,1.0,0.002890173410404624,0.005763688760806916,0.6949572944525926,0.3048418951145103,1474.0,0.0,345.0,1.0,0.37362637362637363,0.09826589595375723,1.9653179190751446,0.31868131868131866,0.1676300578034682,1.676300578034682,0.3131868131868132,0.32947976878612717,1.647398843930636,overall,all,0.0
Drive Belt,affected,A,logistic_regression,test,ok,,min_precision_70,0.8851613378733908,0.1901098901098901,True,True,True,1850,0.19783783783783784,0.8027027027027027,1.0,0.00273224043715847,0.005449591280653951,0.6986047898899739,0.3015332765239977,1484.0,0.0,365.0,1.0,0.3010752688172043,0.07650273224043716,1.521828544567836,0.2864864864864865,0.1448087431693989,1.4480874316939891,0.3216216216216216,0.3251366120218579,1.6256830601092895,overall,all,0.0
Drive Belt,affected,A,logistic_regression,validation,ok,,min_precision_80,0.8851613378733908,0.1901098901098901,True,True,True,1820,0.1901098901098901,0.8104395604395604,1.0,0.002890173410404624,0.005763688760806916,0.6949572944525926,0.3048418951145103,1474.0,0.0,345.0,1.0,0.37362637362637363,0.09826589595375723,1.9653179190751446,0.31868131868131866,0.1676300578034682,1.676300578034682,0.3131868131868132,0.32947976878612717,1.647398843930636,overall,all,0.0
Drive Belt,affected,A,logistic_regression,test,ok,,min_precision_80,0.8851613378733908,0.1901098901098901,True,True,True,1850,0.19783783783783784,0.8027027027027027,1.0,0.00273224043715847,0.005449591280653951,0.6986047898899739,0.3015332765239977,1484.0,0.0,365.0,1.0,0.3010752688172043,0.07650273224043716,1.521828544567836,0.2864864864864865,0.1448087431693989,1.4480874316939891,0.3216216216216216,0.3251366120218579,1.6256830601092895,overall,all,0.0
Drive Belt,affected,A,logistic_regression,validation,ok,,top_10pct,0.7140039493820484,0.1901098901098901,True,True,True,1820,0.1901098901098901,0.7736263736263737,0.31868131868131866,0.1676300578034682,0.2196969696969697,0.6949572944525926,0.3048418951145103,1350.0,124.0,288.0,58.0,0.37362637362637363,0.09826589595375723,1.9653179190751446,0.31868131868131866,0.1676300578034682,1.676300578034682,0.3131868131868132,0.32947976878612717,1.647398843930636,overall,all,0.0
Drive Belt,affected,A,logistic_regression,test,ok,,top_10pct,0.7140039493820484,0.1901098901098901,True,True,True,1850,0.19783783783783784,0.7470270270270271,0.2838983050847458,0.1830601092896175,0.22259136212624583,0.6986047898899739,0.3015332765239977,1315.0,169.0,299.0,67.0,0.3010752688172043,0.07650273224043716,1.521828544567836,0.2864864864864865,0.1448087431693989,1.4480874316939891,0.3216216216216216,0.3251366120218579,1.6256830601092895,overall,all,0.0
Drive Belt,severe,A,logistic_regression,validation,ok,,f1,0.8090791020098904,0.013186813186813187,True,False,False,1820,0.013186813186813187,0.9736263736263736,0.07142857142857142,0.08333333333333333,0.07692307692307693,0.6356022642910171,0.02218143987701817,1770.0,26.0,22.0,2.0,0.02197802197802198,0.08333333333333333,1.6666666666666667,0.02197802197802198,0.16666666666666666,1.6666666666666667,0.013736263736263736,0.20833333333333334,1.0416666666666667,overall,all,0.0
Drive Belt,severe,A,random_forest,validation,ok,,f1,0.02,0.013186813186813187,False,False,False,1820,0.013186813186813187,0.7076923076923077,0.020754716981132074,0.4583333333333333,0.039711191335740074,0.5786933927245731,0.01611050142367975,1277.0,519.0,13.0,11.0,0.0,0.0,0.0,0.01098901098901099,0.08333333333333333,0.8333333333333334,0.02197802197802198,0.3333333333333333,1.6666666666666667,overall,all,0.0
Drive Belt,severe,A,hist_gradient_boosting,validation,ok,,f1,0.004631138518151619,0.013186813186813187,False,False,False,1820,0.013186813186813187,0.8648351648351649,0.02564102564102564,0.25,0.046511627906976744,0.6094329992576095,0.01728397346156707,1568.0,228.0,18.0,6.0,0.0,0.0,0.0,0.016483516483516484,0.125,1.25,0.016483516483516484,0.25,1.25,overall,all,0.0
Drive Belt,severe,B,logistic_regression,validation,ok,,f1,0.8713764683791682,0.013186813186813187,True,True,False,1820,0.013186813186813187,0.9725274725274725,0.09375,0.125,0.10714285714285714,0.6777561247216035,0.03417794399320557,1767.0,29.0,21.0,3.0,0.04395604395604396,0.16666666666666666,3.3333333333333335,0.03296703296703297,0.25,2.5,0.024725274725274724,0.375,1.875,overall,all,0.033219772594676664
Drive Belt,severe,B,random_forest,validation,ok,,f1,0.02,0.013186813186813187,False,True,False,1820,0.013186813186813187,0.6681318681318681,0.023026315789473683,0.5833333333333334,0.04430379746835443,0.6307419265033407,0.018824260869023897,1202.0,594.0,10.0,14.0,0.02197802197802198,0.08333333333333333,1.6666666666666667,0.01098901098901099,0.08333333333333333,0.8333333333333334,0.019230769230769232,0.2916666666666667,1.4583333333333335,overall,all,0.0
Drive Belt,severe,B,hist_gradient_boosting,validation,ok,,f1,0.0008718227404502817,0.013186813186813187,False,True,False,1820,0.013186813186813187,0.904945054945055,0.04294478527607362,0.2916666666666667,0.0748663101604278,0.6918151447661469,0.026774118464465493,1640.0,156.0,17.0,7.0,0.03296703296703297,0.125,2.5,0.038461538461538464,0.2916666666666667,2.916666666666667,0.027472527472527472,0.4166666666666667,2.0833333333333335,overall,all,0.0
Drive Belt,severe,C,logistic_regression,validation,ok,,f1,0.6782935640157312,0.013186813186813187,True,False,False,1820,0.013186813186813187,0.8956043956043956,0.033707865168539325,0.25,0.0594059405940594,0.6156737193763919,0.020393696369752655,1624.0,172.0,18.0,6.0,0.03296703296703297,0.125,2.5,0.03296703296703297,0.25,2.5,0.019230769230769232,0.2916666666666667,1.4583333333333335,overall,all,0.0
Drive Belt,severe,C,random_forest,validation,ok,,f1,0.06,0.013186813186813187,False,False,False,1820,0.013186813186813187,0.9692307692307692,0.029411764705882353,0.041666666666666664,0.034482758620689655,0.5403094840386042,0.015456308813569204,1763.0,33.0,23.0,1.0,0.01098901098901099,0.041666666666666664,0.8333333333333334,0.016483516483516484,0.125,1.25,0.016483516483516484,0.25,1.25,overall,all,0.0
Drive Belt,severe,C,hist_gradient_boosting,validation,ok,,f1,0.0001394670536529712,0.013186813186813187,False,False,False,1820,0.013186813186813187,0.8104395604395604,0.02654867256637168,0.375,0.049586776859504134,0.6498932813659986,0.019776555265173,1466.0,330.0,15.0,9.0,0.01098901098901099,0.041666666666666664,0.8333333333333334,0.01098901098901099,0.08333333333333333,0.8333333333333334,0.024725274725274724,0.375,1.875,overall,all,0.0
Drive Belt,severe,A,logistic_regression,test,ok,,f1,0.8090791020098904,0.013186813186813187,True,False,False,1850,0.016216216216216217,0.9718918918918918,0.0,0.0,0.0,0.6065934065934067,0.019854064685945503,1798.0,22.0,30.0,0.0,0.0,0.0,0.0,0.005405405405405406,0.03333333333333333,0.3333333333333333,0.016216216216216217,0.2,1.0,overall,all,0.0
Drive Belt,severe,B,logistic_regression,test,ok,,f1,0.8713764683791682,0.013186813186813187,True,True,False,1850,0.016216216216216217,0.967027027027027,0.030303030303030304,0.03333333333333333,0.031746031746031744,0.6423809523809524,0.023922914532324327,1788.0,32.0,29.0,1.0,0.021505376344086023,0.06666666666666667,1.3261648745519714,0.016216216216216217,0.1,1.0,0.021621621621621623,0.26666666666666666,1.3333333333333333,overall,all,0.033219772594676664
Drive Belt,severe,C,logistic_regression,test,ok,,f1,0.6782935640157312,0.013186813186813187,True,False,False,1850,0.016216216216216217,0.865945945945946,0.017699115044247787,0.13333333333333333,0.03125,0.6139560439560439,0.020968349506687023,1598.0,222.0,26.0,4.0,0.0,0.0,0.0,0.010810810810810811,0.06666666666666667,0.6666666666666666,0.01891891891891892,0.23333333333333334,1.1666666666666667,overall,all,0.0
Drive Belt,severe,B,logistic_regression,validation,ok,,f1,0.8713764683791682,0.013186813186813187,True,True,True,1820,0.013186813186813187,0.9725274725274725,0.09375,0.125,0.10714285714285714,0.6777561247216035,0.03417794399320557,1767.0,29.0,21.0,3.0,0.04395604395604396,0.16666666666666666,3.3333333333333335,0.03296703296703297,0.25,2.5,0.024725274725274724,0.375,1.875,overall,all,0.033219772594676664
Drive Belt,severe,B,logistic_regression,test,ok,,f1,0.8713764683791682,0.013186813186813187,True,True,True,1850,0.016216216216216217,0.967027027027027,0.030303030303030304,0.03333333333333333,0.031746031746031744,0.6423809523809524,0.023922914532324327,1788.0,32.0,29.0,1.0,0.021505376344086023,0.06666666666666667,1.3261648745519714,0.016216216216216217,0.1,1.0,0.021621621621621623,0.26666666666666666,1.3333333333333333,overall,all,0.033219772594676664
Drive Belt,severe,B,logistic_regression,validation,unavailable,,min_precision_70,,0.013186813186813187,True,True,True,1820,0.013186813186813187,,,,,0.6777561247216035,0.03417794399320557,,,,,0.04395604395604396,0.16666666666666666,3.3333333333333335,0.03296703296703297,0.25,2.5,0.024725274725274724,0.375,1.875,overall,all,0.033219772594676664
Drive Belt,severe,B,logistic_regression,test,unavailable,,min_precision_70,,0.013186813186813187,True,True,True,1850,0.016216216216216217,,,,,0.6423809523809524,0.023922914532324327,,,,,0.021505376344086023,0.06666666666666667,1.3261648745519714,0.016216216216216217,0.1,1.0,0.021621621621621623,0.26666666666666666,1.3333333333333333,overall,all,0.033219772594676664
Drive Belt,severe,B,logistic_regression,validation,unavailable,,min_precision_80,,0.013186813186813187,True,True,True,1820,0.013186813186813187,,,,,0.6777561247216035,0.03417794399320557,,,,,0.04395604395604396,0.16666666666666666,3.3333333333333335,0.03296703296703297,0.25,2.5,0.024725274725274724,0.375,1.875,overall,all,0.033219772594676664
Drive Belt,severe,B,logistic_regression,test,unavailable,,min_precision_80,,0.013186813186813187,True,True,True,1850,0.016216216216216217,,,,,0.6423809523809524,0.023922914532324327,,,,,0.021505376344086023,0.06666666666666667,1.3261648745519714,0.016216216216216217,0.1,1.0,0.021621621621621623,0.26666666666666666,1.3333333333333333,overall,all,0.033219772594676664
Drive Belt,severe,B,logistic_regression,validation,ok,,top_10pct,0.715386179580381,0.013186813186813187,True,True,True,1820,0.013186813186813187,0.8934065934065935,0.03296703296703297,0.25,0.05825242718446602,0.6777561247216035,0.03417794399320557,1620.0,176.0,18.0,6.0,0.04395604395604396,0.16666666666666666,3.3333333333333335,0.03296703296703297,0.25,2.5,0.024725274725274724,0.375,1.875,overall,all,0.033219772594676664
Drive Belt,severe,B,logistic_regression,test,ok,,top_10pct,0.715386179580381,0.013186813186813187,True,True,True,1850,0.016216216216216217,0.8886486486486487,0.016483516483516484,0.1,0.02830188679245283,0.6423809523809524,0.023922914532324327,1641.0,179.0,27.0,3.0,0.021505376344086023,0.06666666666666667,1.3261648745519714,0.016216216216216217,0.1,1.0,0.021621621621621623,0.26666666666666666,1.3333333333333333,overall,all,0.033219772594676664
Filter,affected,A,logistic_regression,validation,ok,,f1,0.3738477414867552,0.17472527472527472,True,True,False,1820,0.17472527472527472,0.48296703296703297,0.24736415247364152,0.9591194968553459,0.39329464861379754,0.696344077917075,0.2741518804033573,574.0,928.0,13.0,305.0,0.2857142857142857,0.08176100628930817,1.6352201257861636,0.3021978021978022,0.17295597484276728,1.729559748427673,0.2774725274725275,0.31761006289308175,1.588050314465409,overall,all,0.0
Filter,affected,A,random_forest,validation,ok,,f1,0.1,0.17472527472527472,False,True,False,1820,0.17472527472527472,0.4714285714285714,0.24645669291338582,0.9842767295597484,0.39420654911838793,0.6701012905224899,0.24849648945634228,545.0,957.0,5.0,313.0,0.27472527472527475,0.07861635220125786,1.5723270440251575,0.25824175824175827,0.14779874213836477,1.4779874213836481,0.24725274725274726,0.2830188679245283,1.4150943396226416,overall,all,0.0
Filter,affected,A,hist_gradient_boosting,validation,ok,,f1,0.022319286212905357,0.17472527472527472,False,True,False,1820,0.17472527472527472,0.4604395604395604,0.24461538461538462,1.0,0.3930778739184178,0.6654795702166504,0.23595076346852306,520.0,982.0,0.0,318.0,0.23076923076923078,0.0660377358490566,1.3207547169811322,0.1978021978021978,0.11320754716981132,1.1320754716981132,0.21428571428571427,0.24528301886792453,1.2264150943396226,overall,all,0.0
Filter,affected,B,logistic_regression,validation,ok,,f1,0.42799551630670996,0.17472527472527472,True,False,False,1820,0.17472527472527472,0.5054945054945055,0.2512820512820513,0.9245283018867925,0.3951612903225806,0.6880637137904179,0.2537313480989613,626.0,876.0,24.0,294.0,0.24175824175824176,0.06918238993710692,1.3836477987421385,0.25274725274725274,0.14465408805031446,1.4465408805031448,0.27472527472527475,0.31446540880503143,1.5723270440251575,overall,all,0.0
Filter,affected,B,random_forest,validation,ok,,f1,0.09,0.17472527472527472,False,False,False,1820,0.17472527472527472,0.45989010989010987,0.24403387220939185,0.9968553459119497,0.39208410636982066,0.6629305579981408,0.237958490591456,520.0,982.0,1.0,317.0,0.1978021978021978,0.05660377358490566,1.1320754716981132,0.22527472527472528,0.1289308176100629,1.289308176100629,0.23351648351648352,0.2672955974842767,1.3364779874213837,overall,all,0.0
Filter,affected,B,hist_gradient_boosting,validation,ok,,f1,0.06373224543857016,0.17472527472527472,False,False,False,1820,0.17472527472527472,0.4736263736263736,0.2476340694006309,0.9874213836477987,0.39596469104665827,0.6671377366865145,0.2374163299228852,548.0,954.0,4.0,314.0,0.1978021978021978,0.05660377358490566,1.1320754716981132,0.2032967032967033,0.11635220125786164,1.1635220125786163,0.23351648351648352,0.2672955974842767,1.3364779874213837,overall,all,0.0
Filter,affected,C,logistic_regression,validation,ok,,f1,0.315549935453231,0.17472527472527472,True,False,False,1820,0.17472527472527472,0.47692307692307695,0.24881141045958796,0.9874213836477987,0.39746835443037976,0.6819900510011808,0.2479806164530351,554.0,948.0,4.0,314.0,0.21978021978021978,0.06289308176100629,1.2578616352201257,0.2692307692307692,0.1540880503144654,1.5408805031446542,0.25824175824175827,0.29559748427672955,1.4779874213836481,overall,all,0.0
Filter,affected,C,random_forest,validation,ok,,f1,0.12,0.17472527472527472,False,False,False,1820,0.17472527472527472,0.4642857142857143,0.24355971896955503,0.9811320754716981,0.3902439024390244,0.655645721846762,0.2354963276353745,533.0,969.0,6.0,312.0,0.25274725274725274,0.07232704402515723,1.4465408805031448,0.24725274725274726,0.14150943396226415,1.4150943396226416,0.22802197802197802,0.2610062893081761,1.3050314465408805,overall,all,0.0
Filter,affected,C,hist_gradient_boosting,validation,ok,,f1,0.0669135400780908,0.17472527472527472,False,False,False,1820,0.17472527472527472,0.4703296703296703,0.24765625,0.9968553459119497,0.3967459324155194,0.6685865387031129,0.24808038498229731,539.0,963.0,1.0,317.0,0.26373626373626374,0.07547169811320754,1.509433962264151,0.24725274725274726,0.14150943396226415,1.4150943396226416,0.23351648351648352,0.2672955974842767,1.3364779874213837,overall,all,0.0
Filter,affected,A,logistic_regression,test,ok,,f1,0.3738477414867552,0.17472527472527472,True,True,False,1850,0.17189189189189188,0.46216216216216216,0.2390131071703932,0.9748427672955975,0.38390092879256965,0.6607878877448807,0.23549743369721596,545.0,987.0,8.0,310.0,0.23655913978494625,0.06918238993710692,1.3762088320822345,0.24864864864864866,0.14465408805031446,1.4465408805031448,0.23243243243243245,0.27044025157232704,1.3522012578616354,overall,all,0.0
Filter,affected,B,logistic_regression,test,ok,,f1,0.42799551630670996,0.17472527472527472,True,False,False,1850,0.17189189189189188,0.4718918918918919,0.24116260801256872,0.9654088050314465,0.3859208045254557,0.6796188646402942,0.2503216949165477,566.0,966.0,11.0,307.0,0.27956989247311825,0.08176100628930817,1.6264286197335496,0.2648648648648649,0.1540880503144654,1.5408805031446542,0.24324324324324326,0.2830188679245283,1.4150943396226416,overall,all,0.0
Filter,affected,C,logistic_regression,test,ok,,f1,0.315549935453231,0.17472527472527472,True,False,False,1850,0.17189189189189188,0.4572972972972973,0.2385670731707317,0.9842767295597484,0.38404907975460123,0.673731875133422,0.23565347595187158,533.0,999.0,5.0,313.0,0.1827956989247312,0.05345911949685535,1.0634340975180903,0.22162162162162163,0.1289308176100629,1.289308176100629,0.22972972972972974,0.2672955974842767,1.3364779874213837,overall,all,0.0
Filter,affected,A,logistic_regression,validation,ok,,f1,0.3738477414867552,0.17472527472527472,True,True,True,1820,0.17472527472527472,0.48296703296703297,0.24736415247364152,0.9591194968553459,0.39329464861379754,0.696344077917075,0.2741518804033573,574.0,928.0,13.0,305.0,0.2857142857142857,0.08176100628930817,1.6352201257861636,0.3021978021978022,0.17295597484276728,1.729559748427673,0.2774725274725275,0.31761006289308175,1.588050314465409,overall,all,0.0
Filter,affected,A,logistic_regression,test,ok,,f1,0.3738477414867552,0.17472527472527472,True,True,True,1850,0.17189189189189188,0.46216216216216216,0.2390131071703932,0.9748427672955975,0.38390092879256965,0.6607878877448807,0.23549743369721596,545.0,987.0,8.0,310.0,0.23655913978494625,0.06918238993710692,1.3762088320822345,0.24864864864864866,0.14465408805031446,1.4465408805031448,0.23243243243243245,0.27044025157232704,1.3522012578616354,overall,all,0.0
Filter,affected,A,logistic_regression,validation,unavailable,,min_precision_70,,0.17472527472527472,True,True,True,1820,0.17472527472527472,,,,,0.696344077917075,0.2741518804033573,,,,,0.2857142857142857,0.08176100628930817,1.6352201257861636,0.3021978021978022,0.17295597484276728,1.729559748427673,0.2774725274725275,0.31761006289308175,1.588050314465409,overall,all,0.0
Filter,affected,A,logistic_regression,test,unavailable,,min_precision_70,,0.17472527472527472,True,True,True,1850,0.17189189189189188,,,,,0.6607878877448807,0.23549743369721596,,,,,0.23655913978494625,0.06918238993710692,1.3762088320822345,0.24864864864864866,0.14465408805031446,1.4465408805031448,0.23243243243243245,0.27044025157232704,1.3522012578616354,overall,all,0.0
Filter,affected,A,logistic_regression,validation,unavailable,,min_precision_80,,0.17472527472527472,True,True,True,1820,0.17472527472527472,,,,,0.696344077917075,0.2741518804033573,,,,,0.2857142857142857,0.08176100628930817,1.6352201257861636,0.3021978021978022,0.17295597484276728,1.729559748427673,0.2774725274725275,0.31761006289308175,1.588050314465409,overall,all,0.0
Filter,affected,A,logistic_regression,test,unavailable,,min_precision_80,,0.17472527472527472,True,True,True,1850,0.17189189189189188,,,,,0.6607878877448807,0.23549743369721596,,,,,0.23655913978494625,0.06918238993710692,1.3762088320822345,0.24864864864864866,0.14465408805031446,1.4465408805031448,0.23243243243243245,0.27044025157232704,1.3522012578616354,overall,all,0.0
Filter,affected,A,logistic_regression,validation,ok,,top_10pct,0.6991356908301539,0.17472527472527472,True,True,True,1820,0.17472527472527472,0.7857142857142857,0.3021978021978022,0.17295597484276728,0.22,0.696344077917075,0.2741518804033573,1375.0,127.0,263.0,55.0,0.2857142857142857,0.08176100628930817,1.6352201257861636,0.3021978021978022,0.17295597484276728,1.729559748427673,0.2774725274725275,0.31761006289308175,1.588050314465409,overall,all,0.0
Filter,affected,A,logistic_regression,test,ok,,top_10pct,0.6991356908301539,0.17472527472527472,True,True,True,1850,0.17189189189189188,0.7427027027027027,0.22945205479452055,0.21069182389937108,0.21967213114754097,0.6607878877448807,0.23549743369721596,1307.0,225.0,251.0,67.0,0.23655913978494625,0.06918238993710692,1.3762088320822345,0.24864864864864866,0.14465408805031446,1.4465408805031448,0.23243243243243245,0.27044025157232704,1.3522012578616354,overall,all,0.0
Filter,severe,A,logistic_regression,validation,ok,,f1,0.8827876089439826,0.011538461538461539,False,True,False,1820,0.011538461538461539,0.9829670329670329,0.08333333333333333,0.047619047619047616,0.06060606060606061,0.7031419571719738,0.024738703063978268,1788.0,11.0,20.0,1.0,0.01098901098901099,0.047619047619047616,0.9523809523809524,0.016483516483516484,0.14285714285714285,1.4285714285714286,0.024725274725274724,0.42857142857142855,2.142857142857143,overall,all,0.0
Filter,severe,A,random_forest,validation,ok,,f1,0.05,0.011538461538461539,True,True,False,1820,0.011538461538461539,0.9230769230769231,0.04580152671755725,0.2857142857142857,0.07894736842105263,0.6676592816114773,0.024956599786582885,1674.0,125.0,15.0,6.0,0.04395604395604396,0.19047619047619047,3.8095238095238098,0.038461538461538464,0.3333333333333333,3.3333333333333335,0.024725274725274724,0.42857142857142855,2.142857142857143,overall,all,0.0
Filter,severe,A,hist_gradient_boosting,validation,ok,,f1,0.005331072086639543,0.011538461538461539,False,True,False,1820,0.011538461538461539,0.9192307692307692,0.043478260869565216,0.2857142857142857,0.07547169811320754,0.6866777839540485,0.02497605068100849,1667.0,132.0,15.0,6.0,0.02197802197802198,0.09523809523809523,1.9047619047619049,0.038461538461538464,0.3333333333333333,3.3333333333333335,0.03021978021978022,0.5238095238095238,2.619047619047619,overall,all,0.0
Filter,severe,B,logistic_regression,validation,ok,,f1,0.8045920023263491,0.011538461538461539,True,False,False,1820,0.011538461538461539,0.9543956043956044,0.04411764705882353,0.14285714285714285,0.06741573033707865,0.6695253977077211,0.020914555581831053,1734.0,65.0,18.0,3.0,0.03296703296703297,0.14285714285714285,2.857142857142857,0.016483516483516484,0.14285714285714285,1.4285714285714286,0.019230769230769232,0.3333333333333333,1.6666666666666667,overall,all,0.0
Filter,severe,B,random_forest,validation,ok,,f1,0.06,0.011538461538461539,False,False,False,1820,0.011538461538461539,0.9538461538461539,0.043478260869565216,0.14285714285714285,0.06666666666666667,0.5991953201514069,0.02006696180671601,1733.0,66.0,18.0,3.0,0.03296703296703297,0.14285714285714285,2.857142857142857,0.03296703296703297,0.2857142857142857,2.857142857142857,0.019230769230769232,0.3333333333333333,1.6666666666666667,overall,all,0.0
Filter,severe,B,hist_gradient_boosting,validation,ok,,f1,0.006296553709901515,0.011538461538461539,False,False,False,1820,0.011538461538461539,0.978021978021978,0.047619047619047616,0.047619047619047616,0.047619047619047616,0.598348288731835,0.017303091614345824,1779.0,20.0,20.0,1.0,0.01098901098901099,0.047619047619047616,0.9523809523809524,0.016483516483516484,0.14285714285714285,1.4285714285714286,0.016483516483516484,0.2857142857142857,1.4285714285714286,overall,all,0.0
Filter,severe,C,logistic_regression,validation,ok,,f1,0.3488041533291924,0.011538461538461539,False,False,False,1820,0.011538461538461539,0.7412087912087912,0.02127659574468085,0.47619047619047616,0.04073319755600815,0.6359353079753302,0.017700729176019694,1339.0,460.0,11.0,10.0,0.01098901098901099,0.047619047619047616,0.9523809523809524,0.016483516483516484,0.14285714285714285,1.4285714285714286,0.016483516483516484,0.2857142857142857,1.4285714285714286,overall,all,0.0
Filter,severe,C,random_forest,validation,ok,,f1,0.09,0.011538461538461539,True,False,False,1820,0.011538461538461539,0.9846153846153847,0.1111111111111111,0.047619047619047616,0.06666666666666667,0.6118478519812593,0.021190720778245006,1791.0,8.0,20.0,1.0,0.02197802197802198,0.09523809523809523,1.9047619047619049,0.027472527472527472,0.23809523809523808,2.380952380952381,0.019230769230769232,0.3333333333333333,1.6666666666666667,overall,all,0.0
Filter,severe,C,hist_gradient_boosting,validation,ok,,f1,0.003440750382763988,0.011538461538461539,False,False,False,1820,0.011538461538461539,0.9829670329670329,0.08333333333333333,0.047619047619047616,0.06060606060606061,0.5797665369649805,0.01838737091971149,1788.0,11.0,20.0,1.0,0.02197802197802198,0.09523809523809523,1.9047619047619049,0.016483516483516484,0.14285714285714285,1.4285714285714286,0.01098901098901099,0.19047619047619047,0.9523809523809524,overall,all,0.0
Filter,severe,A,random_forest,test,ok,,f1,0.05,0.011538461538461539,True,True,False,1850,0.014054054054054054,0.9194594594594595,0.008,0.038461538461538464,0.013245033112582781,0.5920630904183536,0.018951784690634917,1700.0,124.0,25.0,1.0,0.010752688172043012,0.038461538461538464,0.7650951199338296,0.021621621621621623,0.15384615384615385,1.5384615384615385,0.02702702702702703,0.38461538461538464,1.9230769230769231,overall,all,0.0
Filter,severe,B,logistic_regression,test,ok,,f1,0.8045920023263491,0.011538461538461539,True,False,False,1850,0.014054054054054054,0.9318918918918919,0.02830188679245283,0.11538461538461539,0.045454545454545456,0.5648405870445344,0.01826259214390885,1721.0,103.0,23.0,3.0,0.021505376344086023,0.07692307692307693,1.5301902398676592,0.02702702702702703,0.19230769230769232,1.9230769230769231,0.013513513513513514,0.19230769230769232,0.9615384615384616,overall,all,0.0
Filter,severe,C,random_forest,test,ok,,f1,0.09,0.011538461538461539,True,False,False,1850,0.014054054054054054,0.9789189189189189,0.0,0.0,0.0,0.5427842442645074,0.01686802234869188,1811.0,13.0,26.0,0.0,0.0,0.0,0.0,0.010810810810810811,0.07692307692307693,0.7692307692307693,0.01891891891891892,0.2692307692307692,1.3461538461538463,overall,all,0.0
Filter,severe,A,random_forest,validation,ok,,f1,0.05,0.011538461538461539,True,True,True,1820,0.011538461538461539,0.9230769230769231,0.04580152671755725,0.2857142857142857,0.07894736842105263,0.6676592816114773,0.024956599786582885,1674.0,125.0,15.0,6.0,0.04395604395604396,0.19047619047619047,3.8095238095238098,0.038461538461538464,0.3333333333333333,3.3333333333333335,0.024725274725274724,0.42857142857142855,2.142857142857143,overall,all,0.0
Filter,severe,A,random_forest,test,ok,,f1,0.05,0.011538461538461539,True,True,True,1850,0.014054054054054054,0.9194594594594595,0.008,0.038461538461538464,0.013245033112582781,0.5920630904183536,0.018951784690634917,1700.0,124.0,25.0,1.0,0.010752688172043012,0.038461538461538464,0.7650951199338296,0.021621621621621623,0.15384615384615385,1.5384615384615385,0.02702702702702703,0.38461538461538464,1.9230769230769231,overall,all,0.0
Filter,severe,A,random_forest,validation,unavailable,,min_precision_70,,0.011538461538461539,True,True,True,1820,0.011538461538461539,,,,,0.6676592816114773,0.024956599786582885,,,,,0.04395604395604396,0.19047619047619047,3.8095238095238098,0.038461538461538464,0.3333333333333333,3.3333333333333335,0.024725274725274724,0.42857142857142855,2.142857142857143,overall,all,0.0
Filter,severe,A,random_forest,test,unavailable,,min_precision_70,,0.011538461538461539,True,True,True,1850,0.014054054054054054,,,,,0.5920630904183536,0.018951784690634917,,,,,0.010752688172043012,0.038461538461538464,0.7650951199338296,0.021621621621621623,0.15384615384615385,1.5384615384615385,0.02702702702702703,0.38461538461538464,1.9230769230769231,overall,all,0.0
Filter,severe,A,random_forest,validation,unavailable,,min_precision_80,,0.011538461538461539,True,True,True,1820,0.011538461538461539,,,,,0.6676592816114773,0.024956599786582885,,,,,0.04395604395604396,0.19047619047619047,3.8095238095238098,0.038461538461538464,0.3333333333333333,3.3333333333333335,0.024725274725274724,0.42857142857142855,2.142857142857143,overall,all,0.0
Filter,severe,A,random_forest,test,unavailable,,min_precision_80,,0.011538461538461539,True,True,True,1850,0.014054054054054054,,,,,0.5920630904183536,0.018951784690634917,,,,,0.010752688172043012,0.038461538461538464,0.7650951199338296,0.021621621621621623,0.15384615384615385,1.5384615384615385,0.02702702702702703,0.38461538461538464,1.9230769230769231,overall,all,0.0
Filter,severe,A,random_forest,validation,ok,,top_10pct,0.04,0.011538461538461539,True,True,True,1820,0.011538461538461539,0.8879120879120879,0.03553299492385787,0.3333333333333333,0.06422018348623854,0.6676592816114773,0.024956599786582885,1609.0,190.0,14.0,7.0,0.04395604395604396,0.19047619047619047,3.8095238095238098,0.038461538461538464,0.3333333333333333,3.3333333333333335,0.024725274725274724,0.42857142857142855,2.142857142857143,overall,all,0.0
Filter,severe,A,random_forest,test,ok,,top_10pct,0.04,0.011538461538461539,True,True,True,1850,0.014054054054054054,0.8897297297297297,0.021505376344086023,0.15384615384615385,0.03773584905660377,0.5920630904183536,0.018951784690634917,1642.0,182.0,22.0,4.0,0.010752688172043012,0.038461538461538464,0.7650951199338296,0.021621621621621623,0.15384615384615385,1.5384615384615385,0.02702702702702703,0.38461538461538464,1.9230769230769231,overall,all,0.0
Electrical,affected,A,logistic_regression,validation,ok,,f1,0.33444001747700464,0.2153846153846154,False,False,False,1820,0.2153846153846154,0.5115384615384615,0.30324623911322246,0.9770408163265306,0.46283987915407854,0.6970520350997542,0.3244224877530917,548.0,880.0,9.0,383.0,0.34065934065934067,0.07908163265306123,1.5816326530612244,0.35714285714285715,0.16581632653061223,1.6581632653061225,0.33791208791208793,0.3137755102040816,1.5688775510204083,overall,all,0.0
Electrical,affected,A,random_forest,validation,ok,,f1,0.14,0.2153846153846154,True,False,False,1820,0.2153846153846154,0.5379120879120879,0.3099068585944115,0.9336734693877551,0.4653528289891926,0.6934345166638084,0.32787373895842786,613.0,815.0,26.0,366.0,0.32967032967032966,0.07653061224489796,1.530612244897959,0.2967032967032967,0.1377551020408163,1.3775510204081631,0.32142857142857145,0.29846938775510207,1.4923469387755102,overall,all,0.0
Electrical,affected,A,hist_gradient_boosting,validation,ok,,f1,0.09298583784255947,0.2153846153846154,False,False,False,1820,0.2153846153846154,0.5164835164835165,0.3048,0.9719387755102041,0.464068209500609,0.704045904075916,0.32950827941954014,559.0,869.0,11.0,381.0,0.37362637362637363,0.08673469387755102,1.7346938775510203,0.33516483516483514,0.1556122448979592,1.5561224489795917,0.31868131868131866,0.29591836734693877,1.4795918367346936,overall,all,0.0
Electrical,affected,B,logistic_regression,validation,ok,,f1,0.365678486060315,0.2153846153846154,True,True,False,1820,0.2153846153846154,0.5236263736263737,0.3073803730738037,0.9668367346938775,0.4664615384615385,0.7051820728291316,0.3228394572618918,574.0,854.0,13.0,379.0,0.31868131868131866,0.07397959183673469,1.4795918367346936,0.29120879120879123,0.13520408163265307,1.3520408163265307,0.3076923076923077,0.2857142857142857,1.4285714285714286,overall,all,0.4879090270291267
Electrical,affected,B,random_forest,validation,ok,,f1,0.08,0.2153846153846154,False,True,False,1820,0.2153846153846154,0.4989010989010989,0.3006134969325153,1.0,0.46226415094339623,0.6807687360658549,0.32004986516649936,516.0,912.0,0.0,392.0,0.3956043956043956,0.09183673469387756,1.8367346938775508,0.3626373626373626,0.1683673469387755,1.6836734693877549,0.29945054945054944,0.2780612244897959,1.3903061224489794,overall,all,0.0
Electrical,affected,B,hist_gradient_boosting,validation,ok,,f1,0.08832611534907407,0.2153846153846154,False,True,False,1820,0.2153846153846154,0.5104395604395604,0.3036978756884343,0.9846938775510204,0.46422128683102826,0.6790859200823187,0.31037670836107256,543.0,885.0,6.0,386.0,0.31868131868131866,0.07397959183673469,1.4795918367346936,0.27472527472527475,0.12755102040816327,1.2755102040816326,0.3131868131868132,0.29081632653061223,1.4540816326530612,overall,all,0.0
Electrical,affected,C,logistic_regression,validation,ok,,f1,0.25912413954748414,0.2153846153846154,False,False,False,1820,0.2153846153846154,0.510989010989011,0.3051643192488263,0.9948979591836735,0.46706586826347307,0.6911067998628022,0.30198204283458463,540.0,888.0,2.0,390.0,0.2857142857142857,0.0663265306122449,1.3265306122448979,0.24175824175824176,0.11224489795918367,1.1224489795918366,0.3021978021978022,0.28061224489795916,1.4030612244897958,overall,all,0.0
Electrical,affected,C,random_forest,validation,ok,,f1,0.14,0.2153846153846154,False,False,False,1820,0.2153846153846154,0.5049450549450549,0.3016367887763055,0.9872448979591837,0.462089552238806,0.6805900931801292,0.3138087850201346,532.0,896.0,5.0,387.0,0.34065934065934067,0.07908163265306123,1.5816326530612244,0.3241758241758242,0.15051020408163265,1.5051020408163265,0.32142857142857145,0.29846938775510207,1.4923469387755102,overall,all,0.0
Electrical,affected,C,hist_gradient_boosting,validation,ok,,f1,0.08456839117174603,0.2153846153846154,True,False,False,1820,0.2153846153846154,0.5104395604395604,0.3036978756884343,0.9846938775510204,0.46422128683102826,0.6848971731549762,0.3071014693888797,543.0,885.0,6.0,386.0,0.31868131868131866,0.07397959183673469,1.4795918367346936,0.31868131868131866,0.14795918367346939,1.4795918367346936,0.3076923076923077,0.2857142857142857,1.4285714285714286,overall,all,0.0
Electrical,affected,A,random_forest,test,ok,,f1,0.14,0.2153846153846154,True,False,False,1850,0.19783783783783784,0.49135135135135133,0.2769588828549263,0.9754098360655737,0.4314199395770393,0.6964248891638313,0.3142958798825189,552.0,932.0,9.0,357.0,0.45161290322580644,0.11475409836065574,2.2827428168517536,0.3783783783783784,0.1912568306010929,1.912568306010929,0.32432432432432434,0.32786885245901637,1.639344262295082,overall,all,0.0
Electrical,affected,B,logistic_regression,test,ok,,f1,0.365678486060315,0.2153846153846154,True,True,False,1850,0.19783783783783784,0.4854054054054054,0.27633587786259545,0.9890710382513661,0.431980906921241,0.6946297851030298,0.3006411133792427,536.0,948.0,4.0,362.0,0.3763440860215054,0.09562841530054644,1.902285680709795,0.32972972972972975,0.16666666666666666,1.6666666666666667,0.3,0.30327868852459017,1.5163934426229506,overall,all,0.4879090270291267
Electrical,affected,C,hist_gradient_boosting,test,ok,,f1,0.08456839117174603,0.2153846153846154,True,False,False,1850,0.19783783783783784,0.48702702702702705,0.2749034749034749,0.9726775956284153,0.4286574352799518,0.6753917929683473,0.2863245524698031,545.0,939.0,10.0,356.0,0.3118279569892473,0.07923497267759563,1.5761795640166871,0.2972972972972973,0.15027322404371585,1.5027322404371586,0.27297297297297296,0.27595628415300544,1.3797814207650272,overall,all,0.0
Electrical,affected,B,logistic_regression,validation,ok,,f1,0.365678486060315,0.2153846153846154,True,True,True,1820,0.2153846153846154,0.5236263736263737,0.3073803730738037,0.9668367346938775,0.4664615384615385,0.7051820728291316,0.3228394572618918,574.0,854.0,13.0,379.0,0.31868131868131866,0.07397959183673469,1.4795918367346936,0.29120879120879123,0.13520408163265307,1.3520408163265307,0.3076923076923077,0.2857142857142857,1.4285714285714286,overall,all,0.4879090270291267
Electrical,affected,B,logistic_regression,test,ok,,f1,0.365678486060315,0.2153846153846154,True,True,True,1850,0.19783783783783784,0.4854054054054054,0.27633587786259545,0.9890710382513661,0.431980906921241,0.6946297851030298,0.3006411133792427,536.0,948.0,4.0,362.0,0.3763440860215054,0.09562841530054644,1.902285680709795,0.32972972972972975,0.16666666666666666,1.6666666666666667,0.3,0.30327868852459017,1.5163934426229506,overall,all,0.4879090270291267
Electrical,affected,B,logistic_regression,validation,unavailable,,min_precision_70,,0.2153846153846154,True,True,True,1820,0.2153846153846154,,,,,0.7051820728291316,0.3228394572618918,,,,,0.31868131868131866,0.07397959183673469,1.4795918367346936,0.29120879120879123,0.13520408163265307,1.3520408163265307,0.3076923076923077,0.2857142857142857,1.4285714285714286,overall,all,0.4879090270291267
Electrical,affected,B,logistic_regression,test,unavailable,,min_precision_70,,0.2153846153846154,True,True,True,1850,0.19783783783783784,,,,,0.6946297851030298,0.3006411133792427,,,,,0.3763440860215054,0.09562841530054644,1.902285680709795,0.32972972972972975,0.16666666666666666,1.6666666666666667,0.3,0.30327868852459017,1.5163934426229506,overall,all,0.4879090270291267
Electrical,affected,B,logistic_regression,validation,unavailable,,min_precision_80,,0.2153846153846154,True,True,True,1820,0.2153846153846154,,,,,0.7051820728291316,0.3228394572618918,,,,,0.31868131868131866,0.07397959183673469,1.4795918367346936,0.29120879120879123,0.13520408163265307,1.3520408163265307,0.3076923076923077,0.2857142857142857,1.4285714285714286,overall,all,0.4879090270291267
Electrical,affected,B,logistic_regression,test,unavailable,,min_precision_80,,0.2153846153846154,True,True,True,1850,0.19783783783783784,,,,,0.6946297851030298,0.3006411133792427,,,,,0.3763440860215054,0.09562841530054644,1.902285680709795,0.32972972972972975,0.16666666666666666,1.6666666666666667,0.3,0.30327868852459017,1.5163934426229506,overall,all,0.4879090270291267
Electrical,affected,B,logistic_regression,validation,ok,,top_10pct,0.7040974700312428,0.2153846153846154,True,True,True,1820,0.2153846153846154,0.7428571428571429,0.29120879120879123,0.13520408163265307,0.18466898954703834,0.7051820728291316,0.3228394572618918,1299.0,129.0,339.0,53.0,0.31868131868131866,0.07397959183673469,1.4795918367346936,0.29120879120879123,0.13520408163265307,1.3520408163265307,0.3076923076923077,0.2857142857142857,1.4285714285714286,overall,all,0.4879090270291267
Electrical,affected,B,logistic_regression,test,ok,,top_10pct,0.7040974700312428,0.2153846153846154,True,True,True,1850,0.19783783783783784,0.7356756756756757,0.297029702970297,0.2459016393442623,0.26905829596412556,0.6946297851030298,0.3006411133792427,1271.0,213.0,276.0,90.0,0.3763440860215054,0.09562841530054644,1.902285680709795,0.32972972972972975,0.16666666666666666,1.6666666666666667,0.3,0.30327868852459017,1.5163934426229506,overall,all,0.4879090270291267
Electrical,severe,A,logistic_regression,validation,ok,,f1,0.4600889813945164,0.13681318681318683,True,True,False,1820,0.13681318681318683,0.548901098901099,0.20636550308008214,0.8072289156626506,0.3286999182338512,0.6885799084306673,0.2159322409391342,798.0,773.0,48.0,201.0,0.24175824175824176,0.08835341365461848,1.7670682730923692,0.23626373626373626,0.17269076305220885,1.726907630522088,0.21978021978021978,0.321285140562249,1.6064257028112447,overall,all,0.0
Electrical,severe,A,random_forest,validation,ok,,f1,0.04,0.13681318681318683,False,True,False,1820,0.13681318681318683,0.4318681318681319,0.19215686274509805,0.9839357429718876,0.3215223097112861,0.6814680747177124,0.20795017677881955,541.0,1030.0,4.0,245.0,0.21978021978021978,0.08032128514056225,1.6064257028112447,0.21428571428571427,0.1566265060240964,1.5662650602409636,0.2087912087912088,0.30522088353413657,1.5261044176706826,overall,all,0.0
Electrical,severe,A,hist_gradient_boosting,validation,ok,,f1,0.07811268193092893,0.13681318681318683,False,True,False,1820,0.13681318681318683,0.5104395604395604,0.2,0.8594377510040161,0.3244882486732373,0.671222125932118,0.20462870927905658,715.0,856.0,35.0,214.0,0.2087912087912088,0.07630522088353414,1.5261044176706826,0.2032967032967033,0.14859437751004015,1.4859437751004014,0.18681318681318682,0.27309236947791166,1.3654618473895581,overall,all,0.0
Electrical,severe,B,logistic_regression,validation,ok,,f1,0.30510862990795273,0.13681318681318683,True,False,False,1820,0.13681318681318683,0.439010989010989,0.19510268562401265,0.9919678714859438,0.32607260726072607,0.6971412064553567,0.22566816970201012,552.0,1019.0,2.0,247.0,0.2857142857142857,0.10441767068273092,2.0883534136546182,0.23626373626373626,0.17269076305220885,1.726907630522088,0.2087912087912088,0.30522088353413657,1.5261044176706826,overall,all,0.0
Electrical,severe,B,random_forest,validation,ok,,f1,0.06,0.13681318681318683,False,False,False,1820,0.13681318681318683,0.42527472527472526,0.18891491022638562,0.9718875502008032,0.31633986928104574,0.6663662926690851,0.1946741682167937,532.0,1039.0,7.0,242.0,0.23076923076923078,0.08433734939759036,1.686746987951807,0.1813186813186813,0.13253012048192772,1.325301204819277,0.18681318681318682,0.27309236947791166,1.3654618473895581,overall,all,0.0
Electrical,severe,B,hist_gradient_boosting,validation,ok,,f1,0.022524196682319197,0.13681318681318683,False,False,False,1820,0.13681318681318683,0.428021978021978,0.19254658385093168,0.9959839357429718,0.32270657124268054,0.6544293021864671,0.1814540230782934,531.0,1040.0,1.0,248.0,0.15384615384615385,0.05622489959839357,1.1244979919678715,0.17582417582417584,0.1285140562248996,1.285140562248996,0.17857142857142858,0.26104417670682734,1.3052208835341363,overall,all,0.0
Electrical,severe,C,logistic_regression,validation,ok,,f1,0.2931128432310607,0.13681318681318683,True,False,False,1820,0.13681318681318683,0.4631868131868132,0.19616026711185308,0.9437751004016064,0.32480995162404974,0.6742923316435698,0.1945918278901029,608.0,963.0,14.0,235.0,0.14285714285714285,0.05220883534136546,1.0441767068273091,0.18681318681318682,0.13654618473895583,1.3654618473895581,0.1978021978021978,0.2891566265060241,1.4457831325301203,overall,all,0.0
Electrical,severe,C,random_forest,validation,ok,,f1,0.08,0.13681318681318683,False,False,False,1820,0.13681318681318683,0.4186813186813187,0.18124507486209615,0.9236947791164659,0.30303030303030304,0.6327307958760567,0.17971466225620497,532.0,1039.0,19.0,230.0,0.15384615384615385,0.05622489959839357,1.1244979919678715,0.14835164835164835,0.10843373493975904,1.0843373493975903,0.18406593406593408,0.26907630522088355,1.3453815261044175,overall,all,0.0
Electrical,severe,C,hist_gradient_boosting,validation,ok,,f1,0.04591870141264537,0.13681318681318683,False,False,False,1820,0.13681318681318683,0.4796703296703297,0.2006861063464837,0.9397590361445783,0.33074204946996466,0.6585731851658703,0.1773986248397425,639.0,932.0,15.0,234.0,0.0989010989010989,0.03614457831325301,0.7228915662650601,0.13736263736263737,0.10040160642570281,1.0040160642570282,0.17032967032967034,0.24899598393574296,1.2449799196787148,overall,all,0.0
Electrical,severe,A,logistic_regression,test,ok,,f1,0.4600889813945164,0.13681318681318683,True,True,False,1850,0.1254054054054054,0.47243243243243244,0.1836734693877551,0.9310344827586207,0.3068181818181818,0.6855233152892033,0.1862723485601054,658.0,960.0,16.0,216.0,0.17204301075268819,0.06896551724137931,1.3718946978123843,0.1837837837837838,0.14655172413793102,1.4655172413793105,0.20270270270270271,0.3232758620689655,1.6163793103448276,overall,all,0.0
Electrical,severe,B,logistic_regression,test,ok,,f1,0.30510862990795273,0.13681318681318683,True,False,False,1850,0.1254054054054054,0.4118918918918919,0.17477203647416414,0.9913793103448276,0.2971576227390181,0.6953774348919484,0.19001310309397643,532.0,1086.0,2.0,230.0,0.15053763440860216,0.0603448275862069,1.2004078605858362,0.1945945945945946,0.15517241379310345,1.5517241379310347,0.2,0.31896551724137934,1.5948275862068968,overall,all,0.0
Electrical,severe,C,logistic_regression,test,ok,,f1,0.2931128432310607,0.13681318681318683,True,False,False,1850,0.1254054054054054,0.43243243243243246,0.17795275590551182,0.9741379310344828,0.3009320905459387,0.6922925280252333,0.1874663073156289,574.0,1044.0,6.0,226.0,0.1827956989247312,0.07327586206896551,1.4576381164256582,0.17297297297297298,0.13793103448275862,1.3793103448275863,0.1891891891891892,0.3017241379310345,1.5086206896551726,overall,all,0.0
Electrical,severe,A,logistic_regression,validation,ok,,f1,0.4600889813945164,0.13681318681318683,True,True,True,1820,0.13681318681318683,0.548901098901099,0.20636550308008214,0.8072289156626506,0.3286999182338512,0.6885799084306673,0.2159322409391342,798.0,773.0,48.0,201.0,0.24175824175824176,0.08835341365461848,1.7670682730923692,0.23626373626373626,0.17269076305220885,1.726907630522088,0.21978021978021978,0.321285140562249,1.6064257028112447,overall,all,0.0
Electrical,severe,A,logistic_regression,test,ok,,f1,0.4600889813945164,0.13681318681318683,True,True,True,1850,0.1254054054054054,0.47243243243243244,0.1836734693877551,0.9310344827586207,0.3068181818181818,0.6855233152892033,0.1862723485601054,658.0,960.0,16.0,216.0,0.17204301075268819,0.06896551724137931,1.3718946978123843,0.1837837837837838,0.14655172413793102,1.4655172413793105,0.20270270270270271,0.3232758620689655,1.6163793103448276,overall,all,0.0
Electrical,severe,A,logistic_regression,validation,unavailable,,min_precision_70,,0.13681318681318683,True,True,True,1820,0.13681318681318683,,,,,0.6885799084306673,0.2159322409391342,,,,,0.24175824175824176,0.08835341365461848,1.7670682730923692,0.23626373626373626,0.17269076305220885,1.726907630522088,0.21978021978021978,0.321285140562249,1.6064257028112447,overall,all,0.0
Electrical,severe,A,logistic_regression,test,unavailable,,min_precision_70,,0.13681318681318683,True,True,True,1850,0.1254054054054054,,,,,0.6855233152892033,0.1862723485601054,,,,,0.17204301075268819,0.06896551724137931,1.3718946978123843,0.1837837837837838,0.14655172413793102,1.4655172413793105,0.20270270270270271,0.3232758620689655,1.6163793103448276,overall,all,0.0
Electrical,severe,A,logistic_regression,validation,unavailable,,min_precision_80,,0.13681318681318683,True,True,True,1820,0.13681318681318683,,,,,0.6885799084306673,0.2159322409391342,,,,,0.24175824175824176,0.08835341365461848,1.7670682730923692,0.23626373626373626,0.17269076305220885,1.726907630522088,0.21978021978021978,0.321285140562249,1.6064257028112447,overall,all,0.0
Electrical,severe,A,logistic_regression,test,unavailable,,min_precision_80,,0.13681318681318683,True,True,True,1850,0.1254054054054054,,,,,0.6855233152892033,0.1862723485601054,,,,,0.17204301075268819,0.06896551724137931,1.3718946978123843,0.1837837837837838,0.14655172413793102,1.4655172413793105,0.20270270270270271,0.3232758620689655,1.6163793103448276,overall,all,0.0
Electrical,severe,A,logistic_regression,validation,ok,,top_10pct,0.6709951074302012,0.13681318681318683,True,True,True,1820,0.13681318681318683,0.8104395604395604,0.23626373626373626,0.17269076305220885,0.19953596287703015,0.6885799084306673,0.2159322409391342,1432.0,139.0,206.0,43.0,0.24175824175824176,0.08835341365461848,1.7670682730923692,0.23626373626373626,0.17269076305220885,1.726907630522088,0.21978021978021978,0.321285140562249,1.6064257028112447,overall,all,0.0
Electrical,severe,A,logistic_regression,test,ok,,top_10pct,0.6709951074302012,0.13681318681318683,True,True,True,1850,0.1254054054054054,0.7475675675675676,0.2010178117048346,0.34051724137931033,0.2528,0.6855233152892033,0.1862723485601054,1304.0,314.0,153.0,79.0,0.17204301075268819,0.06896551724137931,1.3718946978123843,0.1837837837837838,0.14655172413793102,1.4655172413793105,0.20270270270270271,0.3232758620689655,1.6163793103448276,overall,all,0.0
Coupling,affected,A,logistic_regression,validation,ok,,f1,0.471654620877515,0.17142857142857143,True,True,False,1820,0.17142857142857143,0.5604395604395604,0.2640232108317215,0.875,0.40564635958395245,0.7073237604570495,0.26997772259600533,747.0,761.0,39.0,273.0,0.21978021978021978,0.0641025641025641,1.282051282051282,0.26373626373626374,0.15384615384615385,1.5384615384615385,0.27197802197802196,0.3173076923076923,1.5865384615384615,overall,all,0.0
Coupling,affected,A,random_forest,validation,ok,,f1,0.05,0.17142857142857143,False,True,False,1820,0.17142857142857143,0.45879120879120877,0.2405551272166538,1.0,0.3878185208203853,0.6921004641909814,0.26330359159568306,523.0,985.0,0.0,312.0,0.2857142857142857,0.08333333333333333,1.6666666666666665,0.2692307692307692,0.15705128205128205,1.5705128205128205,0.2802197802197802,0.3269230769230769,1.6346153846153846,overall,all,0.0
Coupling,affected,A,hist_gradient_boosting,validation,ok,,f1,0.03210343512364183,0.17142857142857143,False,True,False,1820,0.17142857142857143,0.4593406593406593,0.24074074074074073,1.0,0.3880597014925373,0.6814064306604094,0.24352578921374332,524.0,984.0,0.0,312.0,0.1978021978021978,0.057692307692307696,1.1538461538461537,0.21428571428571427,0.125,1.25,0.25274725274725274,0.2948717948717949,1.4743589743589742,overall,all,0.0
Coupling,affected,B,logistic_regression,validation,ok,,f1,0.3062401042791146,0.17142857142857143,False,False,False,1820,0.17142857142857143,0.4631868131868132,0.24124513618677043,0.9935897435897436,0.3882279273638071,0.6926838910426444,0.2579783580491464,533.0,975.0,2.0,310.0,0.24175824175824176,0.07051282051282051,1.4102564102564104,0.26373626373626374,0.15384615384615385,1.5384615384615385,0.25824175824175827,0.30128205128205127,1.5064102564102566,overall,all,0.0
Coupling,affected,B,random_forest,validation,ok,,f1,0.15,0.17142857142857143,True,False,False,1820,0.17142857142857143,0.512087912087912,0.2534246575342466,0.9487179487179487,0.4,0.7028518839692579,0.2568346882692345,636.0,872.0,16.0,296.0,0.25274725274725274,0.07371794871794872,1.4743589743589742,0.22527472527472528,0.13141025641025642,1.314102564102564,0.2664835164835165,0.3108974358974359,1.5544871794871795,overall,all,0.0
Coupling,affected,B,hist_gradient_boosting,validation,ok,,f1,0.11242098657289919,0.17142857142857143,False,False,False,1820,0.17142857142857143,0.5148351648351648,0.24890061565523308,0.907051282051282,0.39061421670117324,0.6823437393729171,0.24704768653507497,654.0,854.0,29.0,283.0,0.23076923076923078,0.0673076923076923,1.3461538461538463,0.26373626373626374,0.15384615384615385,1.5384615384615385,0.22252747252747251,0.25961538461538464,1.298076923076923,overall,all,0.0
Coupling,affected,C,logistic_regression,validation,ok,,f1,0.3810318364601273,0.17142857142857143,False,False,False,1820,0.17142857142857143,0.5082417582417582,0.24935511607910577,0.9294871794871795,0.39322033898305087,0.6865690675372372,0.25129083908566596,635.0,873.0,22.0,290.0,0.24175824175824176,0.07051282051282051,1.4102564102564104,0.2692307692307692,0.15705128205128205,1.5705128205128205,0.25274725274725274,0.2948717948717949,1.4743589743589742,overall,all,0.0
Coupling,affected,C,random_forest,validation,ok,,f1,0.11,0.17142857142857143,True,False,False,1820,0.17142857142857143,0.4543956043956044,0.23706563706563707,0.9839743589743589,0.3820784069695084,0.6926360691695572,0.26966472635539807,520.0,988.0,5.0,307.0,0.34065934065934067,0.09935897435897435,1.9871794871794872,0.2802197802197802,0.16346153846153846,1.6346153846153846,0.27472527472527475,0.32051282051282054,1.6025641025641026,overall,all,0.0
Coupling,affected,C,hist_gradient_boosting,validation,ok,,f1,0.04050886409464774,0.17142857142857143,False,False,False,1820,0.17142857142857143,0.4593406593406593,0.24074074074074073,1.0,0.3880597014925373,0.68005466571448,0.24074608232689793,524.0,984.0,0.0,312.0,0.17582417582417584,0.05128205128205128,1.0256410256410258,0.24725274725274726,0.14423076923076922,1.4423076923076923,0.24725274725274726,0.28846153846153844,1.4423076923076923,overall,all,0.0
Coupling,affected,A,logistic_regression,test,ok,,f1,0.471654620877515,0.17142857142857143,True,True,False,1850,0.17189189189189188,0.5281081081081082,0.24376731301939059,0.8301886792452831,0.37687366167023556,0.6853436950917123,0.25683081758047666,713.0,819.0,54.0,264.0,0.2903225806451613,0.08490566037735849,1.6889835666463788,0.2810810810810811,0.16352201257861634,1.6352201257861636,0.25135135135135134,0.29245283018867924,1.4622641509433962,overall,all,0.0
Coupling,affected,B,random_forest,test,ok,,f1,0.15,0.17142857142857143,True,False,False,1850,0.17189189189189188,0.4935135135135135,0.24186822351959966,0.9119496855345912,0.3823335530652604,0.6785309621163604,0.2471546593665192,623.0,909.0,28.0,290.0,0.23655913978494625,0.06918238993710692,1.3762088320822345,0.23783783783783785,0.13836477987421383,1.3836477987421385,0.24864864864864866,0.2893081761006289,1.4465408805031448,overall,all,0.0
Coupling,affected,C,random_forest,test,ok,,f1,0.11,0.17142857142857143,True,False,False,1850,0.17189189189189188,0.4556756756756757,0.23881728582259287,0.9905660377358491,0.38485033598045204,0.6882769266137905,0.2494793359085335,528.0,1004.0,3.0,315.0,0.21505376344086022,0.06289308176100629,1.2510989382565767,0.23243243243243245,0.13522012578616352,1.3522012578616354,0.25675675675675674,0.29874213836477986,1.4937106918238994,overall,all,0.0
Coupling,affected,A,logistic_regression,validation,ok,,f1,0.471654620877515,0.17142857142857143,True,True,True,1820,0.17142857142857143,0.5604395604395604,0.2640232108317215,0.875,0.40564635958395245,0.7073237604570495,0.26997772259600533,747.0,761.0,39.0,273.0,0.21978021978021978,0.0641025641025641,1.282051282051282,0.26373626373626374,0.15384615384615385,1.5384615384615385,0.27197802197802196,0.3173076923076923,1.5865384615384615,overall,all,0.0
Coupling,affected,A,logistic_regression,test,ok,,f1,0.471654620877515,0.17142857142857143,True,True,True,1850,0.17189189189189188,0.5281081081081082,0.24376731301939059,0.8301886792452831,0.37687366167023556,0.6853436950917123,0.25683081758047666,713.0,819.0,54.0,264.0,0.2903225806451613,0.08490566037735849,1.6889835666463788,0.2810810810810811,0.16352201257861634,1.6352201257861636,0.25135135135135134,0.29245283018867924,1.4622641509433962,overall,all,0.0
Coupling,affected,A,logistic_regression,validation,ok,,min_precision_70,0.8771025583249319,0.17142857142857143,True,True,True,1820,0.17142857142857143,0.8291208791208792,1.0,0.003205128205128205,0.006389776357827476,0.7073237604570495,0.26997772259600533,1508.0,0.0,311.0,1.0,0.21978021978021978,0.0641025641025641,1.282051282051282,0.26373626373626374,0.15384615384615385,1.5384615384615385,0.27197802197802196,0.3173076923076923,1.5865384615384615,overall,all,0.0
Coupling,affected,A,logistic_regression,test,ok,,min_precision_70,0.8771025583249319,0.17142857142857143,True,True,True,1850,0.17189189189189188,0.8275675675675676,0.0,0.0,0.0,0.6853436950917123,0.25683081758047666,1531.0,1.0,318.0,0.0,0.2903225806451613,0.08490566037735849,1.6889835666463788,0.2810810810810811,0.16352201257861634,1.6352201257861636,0.25135135135135134,0.29245283018867924,1.4622641509433962,overall,all,0.0
Coupling,affected,A,logistic_regression,validation,ok,,min_precision_80,0.8771025583249319,0.17142857142857143,True,True,True,1820,0.17142857142857143,0.8291208791208792,1.0,0.003205128205128205,0.006389776357827476,0.7073237604570495,0.26997772259600533,1508.0,0.0,311.0,1.0,0.21978021978021978,0.0641025641025641,1.282051282051282,0.26373626373626374,0.15384615384615385,1.5384615384615385,0.27197802197802196,0.3173076923076923,1.5865384615384615,overall,all,0.0
Coupling,affected,A,logistic_regression,test,ok,,min_precision_80,0.8771025583249319,0.17142857142857143,True,True,True,1850,0.17189189189189188,0.8275675675675676,0.0,0.0,0.0,0.6853436950917123,0.25683081758047666,1531.0,1.0,318.0,0.0,0.2903225806451613,0.08490566037735849,1.6889835666463788,0.2810810810810811,0.16352201257861634,1.6352201257861636,0.25135135135135134,0.29245283018867924,1.4622641509433962,overall,all,0.0
Coupling,affected,A,logistic_regression,validation,ok,,top_10pct,0.7080991171459879,0.17142857142857143,True,True,True,1820,0.17142857142857143,0.7813186813186813,0.26373626373626374,0.15384615384615385,0.19433198380566802,0.7073237604570495,0.26997772259600533,1374.0,134.0,264.0,48.0,0.21978021978021978,0.0641025641025641,1.282051282051282,0.26373626373626374,0.15384615384615385,1.5384615384615385,0.27197802197802196,0.3173076923076923,1.5865384615384615,overall,all,0.0
Coupling,affected,A,logistic_regression,test,ok,,top_10pct,0.7080991171459879,0.17142857142857143,True,True,True,1850,0.17189189189189188,0.7778378378378379,0.2731707317073171,0.1761006289308176,0.21414913957934992,0.6853436950917123,0.25683081758047666,1383.0,149.0,262.0,56.0,0.2903225806451613,0.08490566037735849,1.6889835666463788,0.2810810810810811,0.16352201257861634,1.6352201257861636,0.25135135135135134,0.29245283018867924,1.4622641509433962,overall,all,0.0
Coupling,severe,A,logistic_regression,validation,ok,,f1,0.2794520210354246,0.01098901098901099,False,True,False,1820,0.01098901098901099,0.39395604395604394,0.0160857908847185,0.9,0.03160667251975417,0.6041666666666667,0.01426101613493419,699.0,1101.0,2.0,18.0,0.0,0.0,0.0,0.01098901098901099,0.1,1.0,0.013736263736263736,0.25,1.2499999999999998,overall,all,0.0
Coupling,severe,A,random_forest,validation,ok,,f1,0.06,0.01098901098901099,True,True,False,1820,0.01098901098901099,0.9576923076923077,0.047619047619047616,0.15,0.07228915662650602,0.5533055555555555,0.016912729792629894,1740.0,60.0,17.0,3.0,0.03296703296703297,0.15,3.0,0.02197802197802198,0.2,2.0,0.016483516483516484,0.3,1.5,overall,all,0.0
Coupling,severe,A,hist_gradient_boosting,validation,ok,,f1,0.005229640332815805,0.01098901098901099,False,True,False,1820,0.01098901098901099,0.9489010989010989,0.0379746835443038,0.15,0.06060606060606061,0.69025,0.01989364805833553,1724.0,76.0,17.0,3.0,0.03296703296703297,0.15,3.0,0.016483516483516484,0.15,1.5,0.016483516483516484,0.3,1.5,overall,all,0.0
Coupling,severe,B,logistic_regression,validation,ok,,f1,0.18231687872556315,0.01098901098901099,True,False,False,1820,0.01098901098901099,0.5521978021978022,0.019347037484885126,0.8,0.03778040141676505,0.6579722222222222,0.01631346491136068,989.0,811.0,4.0,16.0,0.01098901098901099,0.05,1.0,0.016483516483516484,0.15,1.5,0.008241758241758242,0.15,0.75,overall,all,0.0
Coupling,severe,B,random_forest,validation,ok,,f1,0.07,0.01098901098901099,False,False,False,1820,0.01098901098901099,0.9681318681318681,0.025,0.05,0.03333333333333333,0.5131944444444445,0.012225710082549014,1761.0,39.0,19.0,1.0,0.01098901098901099,0.05,1.0,0.016483516483516484,0.15,1.5,0.01098901098901099,0.2,1.0,overall,all,0.0
Coupling,severe,B,hist_gradient_boosting,validation,ok,,f1,2.898620512973831e-06,0.01098901098901099,False,False,False,1820,0.01098901098901099,0.33296703296703295,0.015422077922077922,0.95,0.03035143769968051,0.5211944444444445,0.010956391332427262,587.0,1213.0,1.0,19.0,0.0,0.0,0.0,0.0,0.0,0.0,0.0027472527472527475,0.05,0.25,overall,all,0.0
Coupling,severe,C,logistic_regression,validation,ok,,f1,0.02035433028077314,0.01098901098901099,True,False,False,1820,0.01098901098901099,0.4631868131868132,0.017154389505549948,0.85,0.033630069238377844,0.61775,0.014609487891818753,826.0,974.0,3.0,17.0,0.01098901098901099,0.05,1.0,0.005494505494505495,0.05,0.5,0.013736263736263736,0.25,1.2499999999999998,overall,all,0.0
Coupling,severe,C,random_forest,validation,ok,,f1,0.0,0.01098901098901099,False,False,False,1820,0.01098901098901099,0.01098901098901099,0.01098901098901099,1.0,0.021739130434782608,0.45690277777777777,0.01014985234052171,0.0,1800.0,0.0,20.0,0.0,0.0,0.0,0.0,0.0,0.0,0.008241758241758242,0.15,0.75,overall,all,0.0
Coupling,severe,C,hist_gradient_boosting,validation,ok,,f1,6.39171631133427e-05,0.01098901098901099,False,False,False,1820,0.01098901098901099,0.9027472527472528,0.018404907975460124,0.15,0.03278688524590164,0.5900000000000001,0.014405301020870825,1640.0,160.0,17.0,3.0,0.01098901098901099,0.05,1.0,0.016483516483516484,0.15,1.5,0.01098901098901099,0.2,1.0,overall,all,0.0
Coupling,severe,A,random_forest,test,ok,,f1,0.06,0.01098901098901099,True,True,False,1850,0.00972972972972973,0.9437837837837838,0.0425531914893617,0.2222222222222222,0.07142857142857142,0.6868631732168851,0.07753337108809623,1742.0,90.0,14.0,4.0,0.043010752688172046,0.2222222222222222,4.420549581839905,0.02702702702702703,0.2777777777777778,2.777777777777778,0.021621621621621623,0.4444444444444444,2.2222222222222223,overall,all,0.0
Coupling,severe,B,logistic_regression,test,ok,,f1,0.18231687872556315,0.01098901098901099,True,False,False,1850,0.00972972972972973,0.4805405405405405,0.013415892672858616,0.7222222222222222,0.02634245187436677,0.6766436196021348,0.04961265302813722,876.0,956.0,5.0,13.0,0.03225806451612903,0.16666666666666666,3.315412186379928,0.02702702702702703,0.2777777777777778,2.777777777777778,0.021621621621621623,0.4444444444444444,2.2222222222222223,overall,all,0.0
Coupling,severe,C,logistic_regression,test,ok,,f1,0.02035433028077314,0.01098901098901099,True,False,False,1850,0.00972972972972973,0.4172972972972973,0.014652014652014652,0.8888888888888888,0.02882882882882883,0.7677704997573993,0.0918927663789333,756.0,1076.0,2.0,16.0,0.053763440860215055,0.2777777777777778,5.5256869772998805,0.043243243243243246,0.4444444444444444,4.444444444444445,0.02702702702702703,0.5555555555555556,2.777777777777778,overall,all,0.0
Coupling,severe,A,random_forest,validation,ok,,f1,0.06,0.01098901098901099,True,True,True,1820,0.01098901098901099,0.9576923076923077,0.047619047619047616,0.15,0.07228915662650602,0.5533055555555555,0.016912729792629894,1740.0,60.0,17.0,3.0,0.03296703296703297,0.15,3.0,0.02197802197802198,0.2,2.0,0.016483516483516484,0.3,1.5,overall,all,0.0
Coupling,severe,A,random_forest,test,ok,,f1,0.06,0.01098901098901099,True,True,True,1850,0.00972972972972973,0.9437837837837838,0.0425531914893617,0.2222222222222222,0.07142857142857142,0.6868631732168851,0.07753337108809623,1742.0,90.0,14.0,4.0,0.043010752688172046,0.2222222222222222,4.420549581839905,0.02702702702702703,0.2777777777777778,2.777777777777778,0.021621621621621623,0.4444444444444444,2.2222222222222223,overall,all,0.0
Coupling,severe,A,random_forest,validation,unavailable,,min_precision_70,,0.01098901098901099,True,True,True,1820,0.01098901098901099,,,,,0.5533055555555555,0.016912729792629894,,,,,0.03296703296703297,0.15,3.0,0.02197802197802198,0.2,2.0,0.016483516483516484,0.3,1.5,overall,all,0.0
Coupling,severe,A,random_forest,test,unavailable,,min_precision_70,,0.01098901098901099,True,True,True,1850,0.00972972972972973,,,,,0.6868631732168851,0.07753337108809623,,,,,0.043010752688172046,0.2222222222222222,4.420549581839905,0.02702702702702703,0.2777777777777778,2.777777777777778,0.021621621621621623,0.4444444444444444,2.2222222222222223,overall,all,0.0
Coupling,severe,A,random_forest,validation,unavailable,,min_precision_80,,0.01098901098901099,True,True,True,1820,0.01098901098901099,,,,,0.5533055555555555,0.016912729792629894,,,,,0.03296703296703297,0.15,3.0,0.02197802197802198,0.2,2.0,0.016483516483516484,0.3,1.5,overall,all,0.0
Coupling,severe,A,random_forest,test,unavailable,,min_precision_80,,0.01098901098901099,True,True,True,1850,0.00972972972972973,,,,,0.6868631732168851,0.07753337108809623,,,,,0.043010752688172046,0.2222222222222222,4.420549581839905,0.02702702702702703,0.2777777777777778,2.777777777777778,0.021621621621621623,0.4444444444444444,2.2222222222222223,overall,all,0.0
Coupling,severe,A,random_forest,validation,ok,,top_10pct,0.03,0.01098901098901099,True,True,True,1820,0.01098901098901099,0.8912087912087913,0.021505376344086023,0.2,0.038834951456310676,0.5533055555555555,0.016912729792629894,1618.0,182.0,16.0,4.0,0.03296703296703297,0.15,3.0,0.02197802197802198,0.2,2.0,0.016483516483516484,0.3,1.5,overall,all,0.0
Coupling,severe,A,random_forest,test,ok,,top_10pct,0.03,0.01098901098901099,True,True,True,1850,0.00972972972972973,0.8421621621621621,0.017605633802816902,0.2777777777777778,0.033112582781456956,0.6868631732168851,0.07753337108809623,1553.0,279.0,13.0,5.0,0.043010752688172046,0.2222222222222222,4.420549581839905,0.02702702702702703,0.2777777777777778,2.777777777777778,0.021621621621621623,0.4444444444444444,2.2222222222222223,overall,all,0.0
Lubrication,affected,A,logistic_regression,validation,ok,,f1,0.3995650078654936,0.13351648351648351,False,False,False,1820,0.13351648351648351,0.47802197802197804,0.19393939393939394,0.9218106995884774,0.32045779685264664,0.6613797620631975,0.1890926681174599,646.0,931.0,19.0,224.0,0.17582417582417584,0.06584362139917696,1.3168724279835393,0.18681318681318682,0.13991769547325103,1.3991769547325104,0.17307692307692307,0.25925925925925924,1.2962962962962963,overall,all,0.0
Lubrication,affected,A,random_forest,validation,ok,,f1,0.08,0.13351648351648351,False,False,False,1820,0.13351648351648351,0.4532967032967033,0.19129720853858784,0.9588477366255144,0.3189596167008898,0.6580160799141987,0.1837005048704976,592.0,985.0,10.0,233.0,0.15384615384615385,0.05761316872427984,1.1522633744855968,0.17032967032967034,0.12757201646090535,1.2757201646090535,0.18956043956043955,0.2839506172839506,1.419753086419753,overall,all,0.0
Lubrication,affected,A,hist_gradient_boosting,validation,ok,,f1,0.06390806060824625,0.13351648351648351,True,False,False,1820,0.13351648351648351,0.4576923076923077,0.19306930693069307,0.9629629629629629,0.3216494845360825,0.6721336287319518,0.18374019589625532,599.0,978.0,9.0,234.0,0.10989010989010989,0.0411522633744856,0.823045267489712,0.16483516483516483,0.12345679012345678,1.2345679012345678,0.19505494505494506,0.29218106995884774,1.4609053497942388,overall,all,0.0
Lubrication,affected,B,logistic_regression,validation,ok,,f1,0.38339825186350474,0.13351648351648351,False,True,False,1820,0.13351648351648351,0.4478021978021978,0.18923327895595432,0.9547325102880658,0.31586113002042204,0.6578803844357287,0.1881986495707731,583.0,994.0,11.0,232.0,0.18681318681318682,0.06995884773662552,1.3991769547325104,0.2032967032967033,0.1522633744855967,1.522633744855967,0.1813186813186813,0.2716049382716049,1.3580246913580247,overall,all,0.0
Lubrication,affected,B,random_forest,validation,ok,,f1,0.06,0.13351648351648351,True,True,False,1820,0.13351648351648351,0.421978021978022,0.18764478764478765,1.0,0.3159947984395319,0.6614945813142107,0.2067593174012427,525.0,1052.0,0.0,243.0,0.21978021978021978,0.0823045267489712,1.646090534979424,0.18681318681318682,0.13991769547325103,1.3991769547325104,0.1978021978021978,0.2962962962962963,1.4814814814814814,overall,all,0.07266423904876915
Lubrication,affected,B,hist_gradient_boosting,validation,ok,,f1,0.03403638799654827,0.13351648351648351,False,True,False,1820,0.13351648351648351,0.4318681318681319,0.18931657501963864,0.9917695473251029,0.3179419525065963,0.6447988184055259,0.17256115439044295,545.0,1032.0,2.0,241.0,0.13186813186813187,0.04938271604938271,0.9876543209876544,0.16483516483516483,0.12345679012345678,1.2345679012345678,0.15934065934065933,0.23868312757201646,1.1934156378600822,overall,all,0.0
Lubrication,affected,C,logistic_regression,validation,ok,,f1,0.24142633230709898,0.13351648351648351,False,False,False,1820,0.13351648351648351,0.4186813186813187,0.18532818532818532,0.9876543209876543,0.31209362808842656,0.661502409899507,0.19554434642547297,522.0,1055.0,3.0,240.0,0.24175824175824176,0.09053497942386832,1.8106995884773662,0.1978021978021978,0.14814814814814814,1.4814814814814814,0.2087912087912088,0.31275720164609055,1.5637860082304527,overall,all,0.0
Lubrication,affected,C,random_forest,validation,ok,,f1,0.08,0.13351648351648351,False,False,False,1820,0.13351648351648351,0.42142857142857143,0.18309859154929578,0.9629629629629629,0.3076923076923077,0.6633212512166927,0.19064092099080773,533.0,1044.0,9.0,234.0,0.21978021978021978,0.0823045267489712,1.646090534979424,0.19230769230769232,0.1440329218106996,1.440329218106996,0.17857142857142858,0.2674897119341564,1.337448559670782,overall,all,0.0
Lubrication,affected,C,hist_gradient_boosting,validation,ok,,f1,0.027400780888162363,0.13351648351648351,True,False,False,1820,0.13351648351648351,0.4258241758241758,0.18866459627329193,1.0,0.31743958197256694,0.6601402360579419,0.19177705748679072,532.0,1045.0,0.0,243.0,0.1978021978021978,0.07407407407407407,1.4814814814814814,0.2087912087912088,0.15637860082304528,1.5637860082304527,0.20054945054945056,0.3004115226337449,1.5020576131687244,overall,all,0.0
Lubrication,affected,A,hist_gradient_boosting,test,ok,,f1,0.06390806060824625,0.13351648351648351,True,False,False,1850,0.14,0.4410810810810811,0.1941594317284925,0.9498069498069498,0.3224115334207077,0.6844727460692263,0.22054465030338394,570.0,1021.0,13.0,246.0,0.21505376344086022,0.07722007722007722,1.5360983102918586,0.23783783783783785,0.16988416988416988,1.6988416988416988,0.22702702702702704,0.32432432432432434,1.6216216216216215,overall,all,0.0
Lubrication,affected,B,random_forest,test,ok,,f1,0.06,0.13351648351648351,True,True,False,1850,0.14,0.42162162162162165,0.1944235116804823,0.9961389961389961,0.3253467843631778,0.6772627885135742,0.21374076606590012,522.0,1069.0,1.0,258.0,0.26881720430107525,0.09652509652509653,1.920122887864823,0.2648648648648649,0.1891891891891892,1.8918918918918919,0.21891891891891893,0.3127413127413127,1.5637065637065637,overall,all,0.07266423904876915
Lubrication,affected,C,hist_gradient_boosting,test,ok,,f1,0.027400780888162363,0.13351648351648351,True,False,False,1850,0.14,0.4237837837837838,0.19454958364875094,0.9922779922779923,0.32531645569620254,0.6889404444401301,0.21806275810870096,527.0,1064.0,2.0,257.0,0.17204301075268819,0.06177606177606178,1.228878648233487,0.24864864864864866,0.1776061776061776,1.776061776061776,0.22162162162162163,0.3166023166023166,1.583011583011583,overall,all,0.0
Lubrication,affected,B,random_forest,validation,ok,,f1,0.06,0.13351648351648351,True,True,True,1820,0.13351648351648351,0.421978021978022,0.18764478764478765,1.0,0.3159947984395319,0.6614945813142107,0.2067593174012427,525.0,1052.0,0.0,243.0,0.21978021978021978,0.0823045267489712,1.646090534979424,0.18681318681318682,0.13991769547325103,1.3991769547325104,0.1978021978021978,0.2962962962962963,1.4814814814814814,overall,all,0.07266423904876915
Lubrication,affected,B,random_forest,test,ok,,f1,0.06,0.13351648351648351,True,True,True,1850,0.14,0.42162162162162165,0.1944235116804823,0.9961389961389961,0.3253467843631778,0.6772627885135742,0.21374076606590012,522.0,1069.0,1.0,258.0,0.26881720430107525,0.09652509652509653,1.920122887864823,0.2648648648648649,0.1891891891891892,1.8918918918918919,0.21891891891891893,0.3127413127413127,1.5637065637065637,overall,all,0.07266423904876915
Lubrication,affected,B,random_forest,validation,ok,,min_precision_70,0.4,0.13351648351648351,True,True,True,1820,0.13351648351648351,0.8675824175824176,1.0,0.00823045267489712,0.0163265306122449,0.6614945813142107,0.2067593174012427,1577.0,0.0,241.0,2.0,0.21978021978021978,0.0823045267489712,1.646090534979424,0.18681318681318682,0.13991769547325103,1.3991769547325104,0.1978021978021978,0.2962962962962963,1.4814814814814814,overall,all,0.07266423904876915
Lubrication,affected,B,random_forest,test,ok,,min_precision_70,0.4,0.13351648351648351,True,True,True,1850,0.14,0.8572972972972973,0.14285714285714285,0.003861003861003861,0.007518796992481203,0.6772627885135742,0.21374076606590012,1585.0,6.0,258.0,1.0,0.26881720430107525,0.09652509652509653,1.920122887864823,0.2648648648648649,0.1891891891891892,1.8918918918918919,0.21891891891891893,0.3127413127413127,1.5637065637065637,overall,all,0.07266423904876915
Lubrication,affected,B,random_forest,validation,ok,,min_precision_80,0.4,0.13351648351648351,True,True,True,1820,0.13351648351648351,0.8675824175824176,1.0,0.00823045267489712,0.0163265306122449,0.6614945813142107,0.2067593174012427,1577.0,0.0,241.0,2.0,0.21978021978021978,0.0823045267489712,1.646090534979424,0.18681318681318682,0.13991769547325103,1.3991769547325104,0.1978021978021978,0.2962962962962963,1.4814814814814814,overall,all,0.07266423904876915
Lubrication,affected,B,random_forest,test,ok,,min_precision_80,0.4,0.13351648351648351,True,True,True,1850,0.14,0.8572972972972973,0.14285714285714285,0.003861003861003861,0.007518796992481203,0.6772627885135742,0.21374076606590012,1585.0,6.0,258.0,1.0,0.26881720430107525,0.09652509652509653,1.920122887864823,0.2648648648648649,0.1891891891891892,1.8918918918918919,0.21891891891891893,0.3127413127413127,1.5637065637065637,overall,all,0.07266423904876915
Lubrication,affected,B,random_forest,validation,ok,,top_10pct,0.24,0.13351648351648351,True,True,True,1820,0.13351648351648351,0.8032967032967033,0.1891891891891892,0.1440329218106996,0.16355140186915887,0.6614945813142107,0.2067593174012427,1427.0,150.0,208.0,35.0,0.21978021978021978,0.0823045267489712,1.646090534979424,0.18681318681318682,0.13991769547325103,1.3991769547325104,0.1978021978021978,0.2962962962962963,1.4814814814814814,overall,all,0.07266423904876915
Lubrication,affected,B,random_forest,test,ok,,top_10pct,0.24,0.13351648351648351,True,True,True,1850,0.14,0.7810810810810811,0.24475524475524477,0.2702702702702703,0.25688073394495414,0.6772627885135742,0.21374076606590012,1375.0,216.0,189.0,70.0,0.26881720430107525,0.09652509652509653,1.920122887864823,0.2648648648648649,0.1891891891891892,1.8918918918918919,0.21891891891891893,0.3127413127413127,1.5637065637065637,overall,all,0.07266423904876915
Lubrication,severe,A,logistic_regression,validation,ok,,f1,0.40494199328452024,0.006043956043956044,False,False,False,1820,0.006043956043956044,0.4725274725274725,0.010319917440660475,0.9090909090909091,0.02040816326530612,0.6189758279310518,0.008028961352259249,850.0,959.0,1.0,10.0,0.0,0.0,0.0,0.0,0.0,0.0,0.005494505494505495,0.18181818181818182,0.9090909090909092,overall,all,0.0
Lubrication,severe,A,random_forest,validation,ok,,f1,0.01,0.006043956043956044,False,False,False,1820,0.006043956043956044,0.7137362637362638,0.009615384615384616,0.45454545454545453,0.018832391713747645,0.582843358962762,0.007626331524233129,1294.0,515.0,6.0,5.0,0.0,0.0,0.0,0.005494505494505495,0.09090909090909091,0.9090909090909092,0.01098901098901099,0.36363636363636365,1.8181818181818183,overall,all,0.0
Lubrication,severe,A,hist_gradient_boosting,validation,ok,,f1,7.054869345296247e-05,0.006043956043956044,True,False,False,1820,0.006043956043956044,0.7802197802197802,0.012531328320802004,0.45454545454545453,0.024390243902439025,0.6187245590230666,0.009090886269199525,1415.0,394.0,6.0,5.0,0.0,0.0,0.0,0.005494505494505495,0.09090909090909091,0.9090909090909092,0.008241758241758242,0.2727272727272727,1.3636363636363635,overall,all,0.0
Lubrication,severe,B,logistic_regression,validation,ok,,f1,0.2423138007370935,0.006043956043956044,False,False,False,1820,0.006043956043956044,0.5994505494505494,0.00821917808219178,0.5454545454545454,0.016194331983805668,0.5185185185185186,0.006598341875084408,1085.0,724.0,5.0,6.0,0.0,0.0,0.0,0.005494505494505495,0.09090909090909091,0.9090909090909092,0.0027472527472527475,0.09090909090909091,0.4545454545454546,overall,all,0.0
Lubrication,severe,B,random_forest,validation,ok,,f1,0.01,0.006043956043956044,False,False,False,1820,0.006043956043956044,0.606043956043956,0.009722222222222222,0.6363636363636364,0.019151846785225718,0.5679933665008291,0.008384670884670885,1096.0,713.0,4.0,7.0,0.0,0.0,0.0,0.0,0.0,0.0,0.0027472527472527475,0.09090909090909091,0.4545454545454546,overall,all,0.0
Lubrication,severe,B,hist_gradient_boosting,validation,ok,,f1,1.5124374081594548e-05,0.006043956043956044,True,False,False,1820,0.006043956043956044,0.8615384615384616,0.012145748987854251,0.2727272727272727,0.023255813953488372,0.565204281622192,0.008157040969438156,1565.0,244.0,8.0,3.0,0.0,0.0,0.0,0.0,0.0,0.0,0.008241758241758242,0.2727272727272727,1.3636363636363635,overall,all,0.0
Lubrication,severe,C,logistic_regression,validation,ok,,f1,0.0002103997628569009,0.006043956043956044,False,True,False,1820,0.006043956043956044,0.1576923076923077,0.00648508430609598,0.9090909090909091,0.0128783000643915,0.3795668124026333,0.0049725956463555435,277.0,1532.0,1.0,10.0,0.0,0.0,0.0,0.0,0.0,0.0,0.0027472527472527475,0.09090909090909091,0.4545454545454546,overall,all,0.0
Lubrication,severe,C,random_forest,validation,ok,,f1,0.02,0.006043956043956044,False,True,False,1820,0.006043956043956044,0.9186813186813186,0.014184397163120567,0.18181818181818182,0.02631578947368421,0.5393487109905021,0.007714625799732183,1670.0,139.0,9.0,2.0,0.01098901098901099,0.09090909090909091,1.8181818181818183,0.016483516483516484,0.2727272727272727,2.727272727272727,0.01098901098901099,0.36363636363636365,1.8181818181818183,overall,all,0.0
Lubrication,severe,C,hist_gradient_boosting,validation,ok,,f1,2.5841621930197658e-05,0.006043956043956044,True,True,False,1820,0.006043956043956044,0.9664835164835165,0.019230769230769232,0.09090909090909091,0.031746031746031744,0.653148399417056,0.010682122807766804,1758.0,51.0,10.0,1.0,0.01098901098901099,0.09090909090909091,1.8181818181818183,0.005494505494505495,0.09090909090909091,0.9090909090909092,0.01098901098901099,0.36363636363636365,1.8181818181818183,overall,all,0.010475789099369746
Lubrication,severe,A,hist_gradient_boosting,test,ok,,f1,7.054869345296247e-05,0.006043956043956044,True,False,False,1850,0.003243243243243243,0.7081081081081081,0.0037174721189591076,0.3333333333333333,0.007352941176470588,0.6165039768618944,0.006686505455564661,1308.0,536.0,4.0,2.0,0.010752688172043012,0.16666666666666666,3.3154121863799286,0.010810810810810811,0.3333333333333333,3.3333333333333335,0.005405405405405406,0.3333333333333333,1.6666666666666667,overall,all,0.0
Lubrication,severe,B,hist_gradient_boosting,test,ok,,f1,1.5124374081594548e-05,0.006043956043956044,True,False,False,1850,0.003243243243243243,0.8664864864864865,0.0,0.0,0.0,0.6102675343456254,0.004806912163219416,1603.0,241.0,6.0,0.0,0.0,0.0,0.0,0.0,0.0,0.0,0.005405405405405406,0.3333333333333333,1.6666666666666667,overall,all,0.0
Lubrication,severe,C,hist_gradient_boosting,test,ok,,f1,2.5841621930197658e-05,0.006043956043956044,True,True,False,1850,0.003243243243243243,0.9805405405405405,0.0,0.0,0.0,0.5176247288503254,0.0053889763165325105,1814.0,30.0,6.0,0.0,0.0,0.0,0.0,0.005405405405405406,0.16666666666666666,1.6666666666666667,0.005405405405405406,0.3333333333333333,1.6666666666666667,overall,all,0.010475789099369746
Lubrication,severe,C,hist_gradient_boosting,validation,ok,,f1,2.5841621930197658e-05,0.006043956043956044,True,True,True,1820,0.006043956043956044,0.9664835164835165,0.019230769230769232,0.09090909090909091,0.031746031746031744,0.653148399417056,0.010682122807766804,1758.0,51.0,10.0,1.0,0.01098901098901099,0.09090909090909091,1.8181818181818183,0.005494505494505495,0.09090909090909091,0.9090909090909092,0.01098901098901099,0.36363636363636365,1.8181818181818183,overall,all,0.010475789099369746
Lubrication,severe,C,hist_gradient_boosting,test,ok,,f1,2.5841621930197658e-05,0.006043956043956044,True,True,True,1850,0.003243243243243243,0.9805405405405405,0.0,0.0,0.0,0.5176247288503254,0.0053889763165325105,1814.0,30.0,6.0,0.0,0.0,0.0,0.0,0.005405405405405406,0.16666666666666666,1.6666666666666667,0.005405405405405406,0.3333333333333333,1.6666666666666667,overall,all,0.010475789099369746
Lubrication,severe,C,hist_gradient_boosting,validation,unavailable,,min_precision_70,,0.006043956043956044,True,True,True,1820,0.006043956043956044,,,,,0.653148399417056,0.010682122807766804,,,,,0.01098901098901099,0.09090909090909091,1.8181818181818183,0.005494505494505495,0.09090909090909091,0.9090909090909092,0.01098901098901099,0.36363636363636365,1.8181818181818183,overall,all,0.010475789099369746
Lubrication,severe,C,hist_gradient_boosting,test,unavailable,,min_precision_70,,0.006043956043956044,True,True,True,1850,0.003243243243243243,,,,,0.5176247288503254,0.0053889763165325105,,,,,0.0,0.0,0.0,0.005405405405405406,0.16666666666666666,1.6666666666666667,0.005405405405405406,0.3333333333333333,1.6666666666666667,overall,all,0.010475789099369746
Lubrication,severe,C,hist_gradient_boosting,validation,unavailable,,min_precision_80,,0.006043956043956044,True,True,True,1820,0.006043956043956044,,,,,0.653148399417056,0.010682122807766804,,,,,0.01098901098901099,0.09090909090909091,1.8181818181818183,0.005494505494505495,0.09090909090909091,0.9090909090909092,0.01098901098901099,0.36363636363636365,1.8181818181818183,overall,all,0.010475789099369746
Lubrication,severe,C,hist_gradient_boosting,test,unavailable,,min_precision_80,,0.006043956043956044,True,True,True,1850,0.003243243243243243,,,,,0.5176247288503254,0.0053889763165325105,,,,,0.0,0.0,0.0,0.005405405405405406,0.16666666666666666,1.6666666666666667,0.005405405405405406,0.3333333333333333,1.6666666666666667,overall,all,0.010475789099369746
Lubrication,severe,C,hist_gradient_boosting,validation,ok,,top_10pct,6.1935819318576735e-06,0.006043956043956044,True,True,True,1820,0.006043956043956044,0.8950549450549451,0.005494505494505495,0.09090909090909091,0.010362694300518135,0.653148399417056,0.010682122807766804,1628.0,181.0,10.0,1.0,0.01098901098901099,0.09090909090909091,1.8181818181818183,0.005494505494505495,0.09090909090909091,0.9090909090909092,0.01098901098901099,0.36363636363636365,1.8181818181818183,overall,all,0.010475789099369746
Lubrication,severe,C,hist_gradient_boosting,test,ok,,top_10pct,6.1935819318576735e-06,0.006043956043956044,True,True,True,1850,0.003243243243243243,0.912972972972973,0.006369426751592357,0.16666666666666666,0.012269938650306749,0.5176247288503254,0.0053889763165325105,1688.0,156.0,5.0,1.0,0.0,0.0,0.0,0.005405405405405406,0.16666666666666666,1.6666666666666667,0.005405405405405406,0.3333333333333333,1.6666666666666667,overall,all,0.010475789099369746
Sensor,affected,A,logistic_regression,validation,ok,,f1,0.38211272830059856,0.2021978021978022,False,False,False,1820,0.2021978021978022,0.5137362637362637,0.2868920032976092,0.9456521739130435,0.44022770398481975,0.6970557851239669,0.3206604289331544,587.0,865.0,20.0,348.0,0.3956043956043956,0.09782608695652174,1.9565217391304346,0.37362637362637363,0.18478260869565216,1.8478260869565217,0.3159340659340659,0.3125,1.5625,overall,all,0.0
Sensor,affected,A,random_forest,validation,ok,,f1,0.08,0.2021978021978022,False,False,False,1820,0.2021978021978022,0.48956043956043954,0.28373168851195063,1.0,0.44204204204204206,0.7141199544855672,0.3318301234762927,523.0,929.0,0.0,368.0,0.4065934065934066,0.10054347826086957,2.010869565217391,0.36813186813186816,0.18206521739130435,1.8206521739130435,0.3269230769230769,0.3233695652173913,1.6168478260869565,overall,all,0.0
Sensor,affected,A,hist_gradient_boosting,validation,ok,,f1,0.16033994687388003,0.2021978021978022,True,False,False,1820,0.2021978021978022,0.5351648351648352,0.29325259515570934,0.9211956521739131,0.4448818897637795,0.7087488022517667,0.3258306315847357,635.0,817.0,29.0,339.0,0.3626373626373626,0.08967391304347826,1.7934782608695652,0.34615384615384615,0.17119565217391305,1.7119565217391304,0.31868131868131866,0.31521739130434784,1.576086956521739,overall,all,0.0
Sensor,affected,B,logistic_regression,validation,ok,,f1,0.38214682932803007,0.2021978021978022,True,False,False,1820,0.2021978021978022,0.5093406593406593,0.2884770346494762,0.9728260869565217,0.4449968924798011,0.7064300365313211,0.3243568137887438,569.0,883.0,10.0,358.0,0.4065934065934066,0.10054347826086957,2.010869565217391,0.3241758241758242,0.16032608695652173,1.6032608695652175,0.3434065934065934,0.33967391304347827,1.6983695652173914,overall,all,0.0
Sensor,affected,B,random_forest,validation,ok,,f1,0.11,0.2021978021978022,False,False,False,1820,0.2021978021978022,0.48956043956043954,0.2833976833976834,0.9972826086956522,0.44137101623571856,0.7048168193795664,0.31019418627828566,524.0,928.0,1.0,367.0,0.31868131868131866,0.07880434782608696,1.576086956521739,0.34615384615384615,0.17119565217391305,1.7119565217391304,0.3269230769230769,0.3233695652173913,1.6168478260869565,overall,all,0.0
Sensor,affected,B,hist_gradient_boosting,validation,ok,,f1,0.03797750238736876,0.2021978021978022,False,False,False,1820,0.2021978021978022,0.4879120879120879,0.28307692307692306,1.0,0.4412470023980815,0.7045660408432147,0.31837811703951896,520.0,932.0,0.0,368.0,0.32967032967032966,0.08152173913043478,1.6304347826086956,0.34615384615384615,0.17119565217391305,1.7119565217391304,0.33516483516483514,0.33152173913043476,1.6576086956521738,overall,all,0.0
Sensor,affected,C,logistic_regression,validation,ok,,f1,0.3681653083880816,0.2021978021978022,True,True,False,1820,0.2021978021978022,0.5137362637362637,0.2893235533822331,0.9646739130434783,0.445141065830721,0.70632710504252,0.317410586726692,580.0,872.0,13.0,355.0,0.32967032967032966,0.08152173913043478,1.6304347826086956,0.3516483516483517,0.17391304347826086,1.7391304347826089,0.3241758241758242,0.32065217391304346,1.6032608695652175,overall,all,0.7614602689645442
Sensor,affected,C,random_forest,validation,ok,,f1,0.17,0.2021978021978022,False,True,False,1820,0.2021978021978022,0.5164835164835165,0.2901639344262295,0.9619565217391305,0.44584382871536526,0.6898711672056534,0.29943606913802107,586.0,866.0,14.0,354.0,0.31868131868131866,0.07880434782608696,1.576086956521739,0.3021978021978022,0.14945652173913043,1.4945652173913042,0.29395604395604397,0.2907608695652174,1.453804347826087,overall,all,0.0
Sensor,affected,C,hist_gradient_boosting,validation,ok,,f1,0.08368179863826163,0.2021978021978022,False,True,False,1820,0.2021978021978022,0.4950549450549451,0.2856031128404669,0.9972826086956522,0.4440411373260738,0.7052903042280513,0.32495758642044925,534.0,918.0,1.0,367.0,0.3956043956043956,0.09782608695652174,1.9565217391304346,0.3241758241758242,0.16032608695652173,1.6032608695652175,0.32967032967032966,0.32608695652173914,1.6304347826086956,overall,all,0.0
Sensor,affected,A,hist_gradient_boosting,test,ok,,f1,0.16033994687388003,0.2021978021978022,True,False,False,1850,0.21567567567567567,0.5297297297297298,0.3005927180355631,0.8897243107769424,0.44936708860759494,0.6977022155664834,0.33550877211630237,625.0,826.0,44.0,355.0,0.3978494623655914,0.09273182957393483,1.844665427008381,0.3675675675675676,0.17042606516290726,1.7042606516290728,0.32972972972972975,0.3057644110275689,1.5288220551378449,overall,all,0.0
Sensor,affected,B,logistic_regression,test,ok,,f1,0.38214682932803007,0.2021978021978022,True,False,False,1850,0.21567567567567567,0.5086486486486487,0.3014018691588785,0.9699248120300752,0.45989304812834225,0.6901022369846048,0.31001119368989216,554.0,897.0,12.0,387.0,0.3010752688172043,0.07017543859649122,1.3959630258441804,0.32432432432432434,0.15037593984962405,1.5037593984962407,0.3081081081081081,0.2857142857142857,1.4285714285714288,overall,all,0.0
Sensor,affected,C,logistic_regression,test,ok,,f1,0.3681653083880816,0.2021978021978022,True,True,False,1850,0.21567567567567567,0.5118918918918919,0.3018867924528302,0.9624060150375939,0.45960502692998206,0.692064413273017,0.31461261680451913,563.0,888.0,15.0,384.0,0.25806451612903225,0.06015037593984962,1.196539736437869,0.32972972972972975,0.15288220551378445,1.5288220551378449,0.32972972972972975,0.3057644110275689,1.5288220551378449,overall,all,0.7614602689645442
Sensor,affected,C,logistic_regression,validation,ok,,f1,0.3681653083880816,0.2021978021978022,True,True,True,1820,0.2021978021978022,0.5137362637362637,0.2893235533822331,0.9646739130434783,0.445141065830721,0.70632710504252,0.317410586726692,580.0,872.0,13.0,355.0,0.32967032967032966,0.08152173913043478,1.6304347826086956,0.3516483516483517,0.17391304347826086,1.7391304347826089,0.3241758241758242,0.32065217391304346,1.6032608695652175,overall,all,0.7614602689645442
Sensor,affected,C,logistic_regression,test,ok,,f1,0.3681653083880816,0.2021978021978022,True,True,True,1850,0.21567567567567567,0.5118918918918919,0.3018867924528302,0.9624060150375939,0.45960502692998206,0.692064413273017,0.31461261680451913,563.0,888.0,15.0,384.0,0.25806451612903225,0.06015037593984962,1.196539736437869,0.32972972972972975,0.15288220551378445,1.5288220551378449,0.32972972972972975,0.3057644110275689,1.5288220551378449,overall,all,0.7614602689645442
Sensor,affected,C,logistic_regression,validation,ok,,min_precision_70,0.9217703024613237,0.2021978021978022,True,True,True,1820,0.2021978021978022,0.7983516483516484,1.0,0.002717391304347826,0.005420054200542005,0.70632710504252,0.317410586726692,1452.0,0.0,367.0,1.0,0.32967032967032966,0.08152173913043478,1.6304347826086956,0.3516483516483517,0.17391304347826086,1.7391304347826089,0.3241758241758242,0.32065217391304346,1.6032608695652175,overall,all,0.7614602689645442
Sensor,affected,C,logistic_regression,test,ok,,min_precision_70,0.9217703024613237,0.2021978021978022,True,True,True,1850,0.21567567567567567,0.7843243243243243,0.0,0.0,0.0,0.692064413273017,0.31461261680451913,1451.0,0.0,399.0,0.0,0.25806451612903225,0.06015037593984962,1.196539736437869,0.32972972972972975,0.15288220551378445,1.5288220551378449,0.32972972972972975,0.3057644110275689,1.5288220551378449,overall,all,0.7614602689645442
Sensor,affected,C,logistic_regression,validation,ok,,min_precision_80,0.9217703024613237,0.2021978021978022,True,True,True,1820,0.2021978021978022,0.7983516483516484,1.0,0.002717391304347826,0.005420054200542005,0.70632710504252,0.317410586726692,1452.0,0.0,367.0,1.0,0.32967032967032966,0.08152173913043478,1.6304347826086956,0.3516483516483517,0.17391304347826086,1.7391304347826089,0.3241758241758242,0.32065217391304346,1.6032608695652175,overall,all,0.7614602689645442
Sensor,affected,C,logistic_regression,test,ok,,min_precision_80,0.9217703024613237,0.2021978021978022,True,True,True,1850,0.21567567567567567,0.7843243243243243,0.0,0.0,0.0,0.692064413273017,0.31461261680451913,1451.0,0.0,399.0,0.0,0.25806451612903225,0.06015037593984962,1.196539736437869,0.32972972972972975,0.15288220551378445,1.5288220551378449,0.32972972972972975,0.3057644110275689,1.5288220551378449,overall,all,0.7614602689645442
Sensor,affected,C,logistic_regression,validation,ok,,top_10pct,0.7193978951783944,0.2021978021978022,True,True,True,1820,0.2021978021978022,0.7681318681318682,0.3516483516483517,0.17391304347826086,0.23272727272727273,0.70632710504252,0.317410586726692,1334.0,118.0,304.0,64.0,0.32967032967032966,0.08152173913043478,1.6304347826086956,0.3516483516483517,0.17391304347826086,1.7391304347826089,0.3241758241758242,0.32065217391304346,1.6032608695652175,overall,all,0.7614602689645442
Sensor,affected,C,logistic_regression,test,ok,,top_10pct,0.7193978951783944,0.2021978021978022,True,True,True,1850,0.21567567567567567,0.7454054054054055,0.3269230769230769,0.17042606516290726,0.22405271828665568,0.692064413273017,0.31461261680451913,1311.0,140.0,331.0,68.0,0.25806451612903225,0.06015037593984962,1.196539736437869,0.32972972972972975,0.15288220551378445,1.5288220551378449,0.32972972972972975,0.3057644110275689,1.5288220551378449,overall,all,0.7614602689645442
Sensor,severe,A,logistic_regression,validation,ok,,f1,0.4671585859323866,0.12252747252747252,False,True,False,1820,0.12252747252747252,0.528021978021978,0.1857707509881423,0.8430493273542601,0.3044534412955466,0.6987821896998577,0.20352479755466713,773.0,824.0,35.0,188.0,0.24175824175824176,0.09865470852017937,1.9730941704035876,0.23626373626373626,0.19282511210762332,1.9282511210762332,0.20604395604395603,0.336322869955157,1.6816143497757847,overall,all,0.0
Sensor,severe,A,random_forest,validation,ok,,f1,0.15,0.12252747252747252,True,True,False,1820,0.12252747252747252,0.610989010989011,0.20318237454100369,0.7443946188340808,0.3192307692307692,0.7220222333916453,0.209760378360519,946.0,651.0,57.0,166.0,0.21978021978021978,0.08968609865470852,1.7937219730941705,0.22527472527472528,0.18385650224215247,1.8385650224215249,0.2445054945054945,0.3991031390134529,1.9955156950672646,overall,all,0.0
Sensor,severe,A,hist_gradient_boosting,validation,ok,,f1,0.10794852842960927,0.12252747252747252,False,True,False,1820,0.12252747252747252,0.5395604395604395,0.18200620475698034,0.7892376681614349,0.2957983193277311,0.6832513878320057,0.183873071335613,806.0,791.0,47.0,176.0,0.16483516483516483,0.06726457399103139,1.345291479820628,0.1813186813186813,0.14798206278026907,1.4798206278026906,0.19230769230769232,0.31390134529147984,1.5695067264573992,overall,all,0.0
Sensor,severe,B,logistic_regression,validation,ok,,f1,0.5656412723061225,0.12252747252747252,True,False,False,1820,0.12252747252747252,0.6686813186813186,0.21212121212121213,0.6278026905829597,0.3171007927519819,0.7164386138808472,0.21844657052596117,1077.0,520.0,83.0,140.0,0.26373626373626374,0.10762331838565023,2.1524663677130045,0.27472527472527475,0.2242152466367713,2.2421524663677133,0.2445054945054945,0.3991031390134529,1.9955156950672646,overall,all,0.0
Sensor,severe,B,random_forest,validation,ok,,f1,0.05,0.12252747252747252,False,False,False,1820,0.12252747252747252,0.4065934065934066,0.1706379707916987,0.9955156950672646,0.29133858267716534,0.6766905998073742,0.18759713269148445,518.0,1079.0,1.0,222.0,0.25274725274725274,0.1031390134529148,2.062780269058296,0.1978021978021978,0.16143497757847533,1.6143497757847534,0.20054945054945056,0.3273542600896861,1.6367713004484306,overall,all,0.0
Sensor,severe,B,hist_gradient_boosting,validation,ok,,f1,0.11294818267714007,0.12252747252747252,False,False,False,1820,0.12252747252747252,0.6434065934065935,0.20416666666666666,0.6591928251121076,0.3117709437963945,0.6984143475294203,0.20750252543372905,1024.0,573.0,76.0,147.0,0.3076923076923077,0.12556053811659193,2.5112107623318387,0.2032967032967033,0.16591928251121077,1.6591928251121077,0.20604395604395603,0.336322869955157,1.6816143497757847,overall,all,0.0
Sensor,severe,C,logistic_regression,validation,ok,,f1,0.3168532326158977,0.12252747252747252,True,False,False,1820,0.12252747252747252,0.44175824175824174,0.177379983726607,0.9775784753363229,0.3002754820936639,0.7028200297081693,0.20921347316728223,586.0,1011.0,5.0,218.0,0.27472527472527475,0.11210762331838565,2.2421524663677133,0.24175824175824176,0.19730941704035873,1.9730941704035876,0.22252747252747251,0.3632286995515695,1.8161434977578474,overall,all,0.0
Sensor,severe,C,random_forest,validation,ok,,f1,0.12,0.12252747252747252,False,False,False,1820,0.12252747252747252,0.5428571428571428,0.18575851393188855,0.8071748878923767,0.30201342281879195,0.6990629852498097,0.19786518688643384,808.0,789.0,43.0,180.0,0.24175824175824176,0.09865470852017937,1.9730941704035876,0.23076923076923078,0.18834080717488788,1.883408071748879,0.20604395604395603,0.336322869955157,1.6816143497757847,overall,all,0.0
Sensor,severe,C,hist_gradient_boosting,validation,ok,,f1,0.040727629756318884,0.12252747252747252,False,False,False,1820,0.12252747252747252,0.4423076923076923,0.17594108019639934,0.9641255605381166,0.2975778546712803,0.6656763943605022,0.17825045810750303,590.0,1007.0,8.0,215.0,0.17582417582417584,0.07174887892376682,1.4349775784753365,0.15934065934065933,0.13004484304932734,1.3004484304932735,0.17582417582417584,0.28699551569506726,1.4349775784753365,overall,all,0.0
Sensor,severe,A,random_forest,test,ok,,f1,0.15,0.12252747252747252,True,True,False,1850,0.1335135135135135,0.6102702702702703,0.1881578947368421,0.5789473684210527,0.2840119165839126,0.6716770933043055,0.203677785702774,986.0,617.0,104.0,143.0,0.24731182795698925,0.0931174089068826,1.8523355535240087,0.25405405405405407,0.1902834008097166,1.9028340080971662,0.21891891891891893,0.32793522267206476,1.639676113360324,overall,all,0.0
Sensor,severe,B,logistic_regression,test,ok,,f1,0.5656412723061225,0.12252747252747252,True,False,False,1850,0.1335135135135135,0.6232432432432432,0.1917808219178082,0.5668016194331984,0.2865916069600819,0.6814878984495165,0.20220902398847693,1013.0,590.0,107.0,140.0,0.22580645161290322,0.08502024291497975,1.6912628966958339,0.23783783783783785,0.17813765182186234,1.7813765182186236,0.1972972972972973,0.29554655870445345,1.4777327935222673,overall,all,0.0
Sensor,severe,C,logistic_regression,test,ok,,f1,0.3168532326158977,0.12252747252747252,True,False,False,1850,0.1335135135135135,0.43945945945945947,0.18600953895071543,0.9473684210526315,0.3109634551495017,0.6805534157866956,0.19330004769700368,579.0,1024.0,13.0,234.0,0.16129032258064516,0.06072874493927125,1.20804492621131,0.1783783783783784,0.13360323886639677,1.3360323886639678,0.1945945945945946,0.291497975708502,1.4574898785425103,overall,all,0.0
Sensor,severe,A,random_forest,validation,ok,,f1,0.15,0.12252747252747252,True,True,True,1820,0.12252747252747252,0.610989010989011,0.20318237454100369,0.7443946188340808,0.3192307692307692,0.7220222333916453,0.209760378360519,946.0,651.0,57.0,166.0,0.21978021978021978,0.08968609865470852,1.7937219730941705,0.22527472527472528,0.18385650224215247,1.8385650224215249,0.2445054945054945,0.3991031390134529,1.9955156950672646,overall,all,0.0
Sensor,severe,A,random_forest,test,ok,,f1,0.15,0.12252747252747252,True,True,True,1850,0.1335135135135135,0.6102702702702703,0.1881578947368421,0.5789473684210527,0.2840119165839126,0.6716770933043055,0.203677785702774,986.0,617.0,104.0,143.0,0.24731182795698925,0.0931174089068826,1.8523355535240087,0.25405405405405407,0.1902834008097166,1.9028340080971662,0.21891891891891893,0.32793522267206476,1.639676113360324,overall,all,0.0
Sensor,severe,A,random_forest,validation,unavailable,,min_precision_70,,0.12252747252747252,True,True,True,1820,0.12252747252747252,,,,,0.7220222333916453,0.209760378360519,,,,,0.21978021978021978,0.08968609865470852,1.7937219730941705,0.22527472527472528,0.18385650224215247,1.8385650224215249,0.2445054945054945,0.3991031390134529,1.9955156950672646,overall,all,0.0
Sensor,severe,A,random_forest,test,unavailable,,min_precision_70,,0.12252747252747252,True,True,True,1850,0.1335135135135135,,,,,0.6716770933043055,0.203677785702774,,,,,0.24731182795698925,0.0931174089068826,1.8523355535240087,0.25405405405405407,0.1902834008097166,1.9028340080971662,0.21891891891891893,0.32793522267206476,1.639676113360324,overall,all,0.0
Sensor,severe,A,random_forest,validation,unavailable,,min_precision_80,,0.12252747252747252,True,True,True,1820,0.12252747252747252,,,,,0.7220222333916453,0.209760378360519,,,,,0.21978021978021978,0.08968609865470852,1.7937219730941705,0.22527472527472528,0.18385650224215247,1.8385650224215249,0.2445054945054945,0.3991031390134529,1.9955156950672646,overall,all,0.0
Sensor,severe,A,random_forest,test,unavailable,,min_precision_80,,0.12252747252747252,True,True,True,1850,0.1335135135135135,,,,,0.6716770933043055,0.203677785702774,,,,,0.24731182795698925,0.0931174089068826,1.8523355535240087,0.25405405405405407,0.1902834008097166,1.9028340080971662,0.21891891891891893,0.32793522267206476,1.639676113360324,overall,all,0.0
Sensor,severe,A,random_forest,validation,ok,,top_10pct,0.27,0.12252747252747252,True,True,True,1820,0.12252747252747252,0.8203296703296703,0.22631578947368422,0.19282511210762332,0.20823244552058112,0.7220222333916453,0.209760378360519,1450.0,147.0,180.0,43.0,0.21978021978021978,0.08968609865470852,1.7937219730941705,0.22527472527472528,0.18385650224215247,1.8385650224215249,0.2445054945054945,0.3991031390134529,1.9955156950672646,overall,all,0.0
Sensor,severe,A,random_forest,test,ok,,top_10pct,0.27,0.12252747252747252,True,True,True,1850,0.1335135135135135,0.8178378378378378,0.24719101123595505,0.17813765182186234,0.20705882352941177,0.6716770933043055,0.203677785702774,1469.0,134.0,203.0,44.0,0.24731182795698925,0.0931174089068826,1.8523355535240087,0.25405405405405407,0.1902834008097166,1.9028340080971662,0.21891891891891893,0.32793522267206476,1.639676113360324,overall,all,0.0
Fastener,affected,A,logistic_regression,validation,ok,,f1,0.37661382302878643,0.14505494505494507,True,False,False,1820,0.14505494505494507,0.4664835164835165,0.2085737840065952,0.9583333333333334,0.3425863236289777,0.6881889265404689,0.226770739526721,596.0,960.0,11.0,253.0,0.23076923076923078,0.07954545454545454,1.5909090909090908,0.21428571428571427,0.14772727272727273,1.477272727272727,0.23351648351648352,0.32196969696969696,1.6098484848484846,overall,all,0.0
Fastener,affected,A,random_forest,validation,ok,,f1,0.04,0.14505494505494507,False,False,False,1820,0.14505494505494507,0.4346153846153846,0.20417633410672853,1.0,0.33911368015414256,0.6725201078912518,0.21301320750695496,527.0,1029.0,0.0,264.0,0.21978021978021978,0.07575757575757576,1.515151515151515,0.23626373626373626,0.16287878787878787,1.6287878787878787,0.21978021978021978,0.30303030303030304,1.515151515151515,overall,all,0.0
Fastener,affected,A,hist_gradient_boosting,validation,ok,,f1,0.0507450624951494,0.14505494505494507,False,False,False,1820,0.14505494505494507,0.4461538461538462,0.20616113744075829,0.9886363636363636,0.3411764705882353,0.6789285853392537,0.21730903498946874,551.0,1005.0,3.0,261.0,0.18681318681318682,0.06439393939393939,1.2878787878787878,0.23076923076923078,0.1590909090909091,1.5909090909090908,0.2087912087912088,0.2878787878787879,1.4393939393939392,overall,all,0.0
Fastener,affected,B,logistic_regression,validation,ok,,f1,0.4323800945076367,0.14505494505494507,False,False,False,1820,0.14505494505494507,0.4879120879120879,0.21157167530224524,0.928030303030303,0.34458509142053445,0.7097306613694788,0.24174405284840497,643.0,913.0,19.0,245.0,0.26373626373626374,0.09090909090909091,1.8181818181818181,0.24725274725274726,0.17045454545454544,1.7045454545454544,0.25824175824175827,0.3560606060606061,1.7803030303030303,overall,all,0.0
Fastener,affected,B,random_forest,validation,ok,,f1,0.07,0.14505494505494507,False,False,False,1820,0.14505494505494507,0.4340659340659341,0.20263975155279504,0.9886363636363636,0.33634020618556704,0.7006748071979435,0.2361149096792595,529.0,1027.0,3.0,261.0,0.27472527472527475,0.0946969696969697,1.893939393939394,0.2802197802197802,0.19318181818181818,1.9318181818181817,0.260989010989011,0.35984848484848486,1.7992424242424243,overall,all,0.0
Fastener,affected,B,hist_gradient_boosting,validation,ok,,f1,0.08506297687078883,0.14505494505494507,True,False,False,1820,0.14505494505494507,0.5192307692307693,0.21528424976700838,0.875,0.34554973821989526,0.7016607268053283,0.24003504535687117,714.0,842.0,33.0,231.0,0.23076923076923078,0.07954545454545454,1.5909090909090908,0.23076923076923078,0.1590909090909091,1.5909090909090908,0.2445054945054945,0.3371212121212121,1.6856060606060603,overall,all,0.0
Fastener,affected,C,logistic_regression,validation,ok,,f1,0.5350529624983165,0.14505494505494507,True,True,False,1820,0.14505494505494507,0.6302197802197802,0.23127463863337713,0.6666666666666666,0.3434146341463415,0.7110135740437797,0.2546088437881607,971.0,585.0,88.0,176.0,0.3516483516483517,0.12121212121212122,2.4242424242424243,0.2967032967032967,0.20454545454545456,2.0454545454545454,0.26373626373626374,0.36363636363636365,1.8181818181818181,overall,all,0.7502617871141486
Fastener,affected,C,random_forest,validation,ok,,f1,0.09,0.14505494505494507,False,True,False,1820,0.14505494505494507,0.42967032967032964,0.19953416149068323,0.9734848484848485,0.33118556701030927,0.6776955772376724,0.22065711916019454,525.0,1031.0,7.0,257.0,0.25274725274725274,0.08712121212121213,1.7424242424242422,0.22527472527472528,0.1553030303030303,1.553030303030303,0.23076923076923078,0.3181818181818182,1.5909090909090908,overall,all,0.0
Fastener,affected,C,hist_gradient_boosting,validation,ok,,f1,0.09888882429656204,0.14505494505494507,False,True,False,1820,0.14505494505494507,0.5681318681318681,0.22055674518201285,0.7803030303030303,0.34390651085141904,0.6856620511022825,0.21947439780426917,828.0,728.0,58.0,206.0,0.26373626373626374,0.09090909090909091,1.8181818181818181,0.23626373626373626,0.16287878787878787,1.6287878787878787,0.20604395604395603,0.2840909090909091,1.4204545454545452,overall,all,0.0
Fastener,affected,A,logistic_regression,test,ok,,f1,0.37661382302878643,0.14505494505494507,True,False,False,1850,0.14216216216216215,0.4491891891891892,0.20094936708860758,0.9657794676806084,0.3326784544859201,0.6849257632714474,0.22154150913500686,577.0,1010.0,9.0,254.0,0.23655913978494625,0.08365019011406843,1.664009158183082,0.2594594594594595,0.18250950570342206,1.8250950570342208,0.21081081081081082,0.2965779467680608,1.4828897338403044,overall,all,0.0
Fastener,affected,B,hist_gradient_boosting,test,ok,,f1,0.08506297687078883,0.14505494505494507,True,False,False,1850,0.14216216216216215,0.49027027027027026,0.19202898550724637,0.8060836501901141,0.31016825164594003,0.6475019227037168,0.18226991802222742,695.0,892.0,51.0,212.0,0.13978494623655913,0.049429657794676805,0.9832781389263665,0.14054054054054055,0.09885931558935361,0.9885931558935362,0.17567567567567569,0.24714828897338403,1.2357414448669204,overall,all,0.0
Fastener,affected,C,logistic_regression,test,ok,,f1,0.5350529624983165,0.14505494505494507,True,True,False,1850,0.14216216216216215,0.5837837837837838,0.19785458879618595,0.6311787072243346,0.30127041742286753,0.6737609043056584,0.21062946422870088,914.0,673.0,97.0,166.0,0.1827956989247312,0.06463878326996197,1.285825258596018,0.22162162162162163,0.155893536121673,1.5589353612167303,0.21351351351351353,0.30038022813688214,1.5019011406844107,overall,all,0.7502617871141486
Fastener,affected,C,logistic_regression,validation,ok,,f1,0.5350529624983165,0.14505494505494507,True,True,True,1820,0.14505494505494507,0.6302197802197802,0.23127463863337713,0.6666666666666666,0.3434146341463415,0.7110135740437797,0.2546088437881607,971.0,585.0,88.0,176.0,0.3516483516483517,0.12121212121212122,2.4242424242424243,0.2967032967032967,0.20454545454545456,2.0454545454545454,0.26373626373626374,0.36363636363636365,1.8181818181818181,overall,all,0.7502617871141486
Fastener,affected,C,logistic_regression,test,ok,,f1,0.5350529624983165,0.14505494505494507,True,True,True,1850,0.14216216216216215,0.5837837837837838,0.19785458879618595,0.6311787072243346,0.30127041742286753,0.6737609043056584,0.21062946422870088,914.0,673.0,97.0,166.0,0.1827956989247312,0.06463878326996197,1.285825258596018,0.22162162162162163,0.155893536121673,1.5589353612167303,0.21351351351351353,0.30038022813688214,1.5019011406844107,overall,all,0.7502617871141486
Fastener,affected,C,logistic_regression,validation,unavailable,,min_precision_70,,0.14505494505494507,True,True,True,1820,0.14505494505494507,,,,,0.7110135740437797,0.2546088437881607,,,,,0.3516483516483517,0.12121212121212122,2.4242424242424243,0.2967032967032967,0.20454545454545456,2.0454545454545454,0.26373626373626374,0.36363636363636365,1.8181818181818181,overall,all,0.7502617871141486
Fastener,affected,C,logistic_regression,test,unavailable,,min_precision_70,,0.14505494505494507,True,True,True,1850,0.14216216216216215,,,,,0.6737609043056584,0.21062946422870088,,,,,0.1827956989247312,0.06463878326996197,1.285825258596018,0.22162162162162163,0.155893536121673,1.5589353612167303,0.21351351351351353,0.30038022813688214,1.5019011406844107,overall,all,0.7502617871141486
Fastener,affected,C,logistic_regression,validation,unavailable,,min_precision_80,,0.14505494505494507,True,True,True,1820,0.14505494505494507,,,,,0.7110135740437797,0.2546088437881607,,,,,0.3516483516483517,0.12121212121212122,2.4242424242424243,0.2967032967032967,0.20454545454545456,2.0454545454545454,0.26373626373626374,0.36363636363636365,1.8181818181818181,overall,all,0.7502617871141486
Fastener,affected,C,logistic_regression,test,unavailable,,min_precision_80,,0.14505494505494507,True,True,True,1850,0.14216216216216215,,,,,0.6737609043056584,0.21062946422870088,,,,,0.1827956989247312,0.06463878326996197,1.285825258596018,0.22162162162162163,0.155893536121673,1.5589353612167303,0.21351351351351353,0.30038022813688214,1.5019011406844107,overall,all,0.7502617871141486
Fastener,affected,C,logistic_regression,validation,ok,,top_10pct,0.7173709787847585,0.14505494505494507,True,True,True,1820,0.14505494505494507,0.8142857142857143,0.2967032967032967,0.20454545454545456,0.242152466367713,0.7110135740437797,0.2546088437881607,1428.0,128.0,210.0,54.0,0.3516483516483517,0.12121212121212122,2.4242424242424243,0.2967032967032967,0.20454545454545456,2.0454545454545454,0.26373626373626374,0.36363636363636365,1.8181818181818181,overall,all,0.7502617871141486
Fastener,affected,C,logistic_regression,test,ok,,top_10pct,0.7173709787847585,0.14505494505494507,True,True,True,1850,0.14216216216216215,0.8005405405405406,0.22395833333333334,0.1634980988593156,0.189010989010989,0.6737609043056584,0.21062946422870088,1438.0,149.0,220.0,43.0,0.1827956989247312,0.06463878326996197,1.285825258596018,0.22162162162162163,0.155893536121673,1.5589353612167303,0.21351351351351353,0.30038022813688214,1.5019011406844107,overall,all,0.7502617871141486
Fastener,severe,A,logistic_regression,validation,ok,,f1,0.9218317422309766,0.007692307692307693,True,False,False,1820,0.007692307692307693,0.9868131868131869,0.08333333333333333,0.07142857142857142,0.07692307692307693,0.7244502452143649,0.02293747934403943,1795.0,11.0,13.0,1.0,0.02197802197802198,0.14285714285714285,2.857142857142857,0.016483516483516484,0.21428571428571427,2.142857142857143,0.019230769230769232,0.5,2.5,overall,all,0.0
Fastener,severe,A,random_forest,validation,ok,,f1,0.07,0.007692307692307693,False,False,False,1820,0.007692307692307693,0.9642857142857143,0.03636363636363636,0.14285714285714285,0.057971014492753624,0.6726388229710489,0.015575259170663266,1753.0,53.0,12.0,2.0,0.03296703296703297,0.21428571428571427,4.285714285714286,0.016483516483516484,0.21428571428571427,2.142857142857143,0.016483516483516484,0.42857142857142855,2.142857142857143,overall,all,0.0
Fastener,severe,A,hist_gradient_boosting,validation,ok,,f1,0.0036311506922227545,0.007692307692307693,False,False,False,1820,0.007692307692307693,0.9384615384615385,0.028846153846153848,0.21428571428571427,0.05084745762711865,0.651281442809682,0.015697235674116537,1705.0,101.0,11.0,3.0,0.02197802197802198,0.14285714285714285,2.857142857142857,0.016483516483516484,0.21428571428571427,2.142857142857143,0.013736263736263736,0.35714285714285715,1.7857142857142856,overall,all,0.0
Fastener,severe,B,logistic_regression,validation,ok,,f1,0.8915553467042824,0.007692307692307693,False,True,False,1820,0.007692307692307693,0.9417582417582417,0.030612244897959183,0.21428571428571427,0.05357142857142857,0.6964483467805727,0.017651009345258567,1711.0,95.0,11.0,3.0,0.02197802197802198,0.14285714285714285,2.857142857142857,0.016483516483516484,0.21428571428571427,2.142857142857143,0.016483516483516484,0.42857142857142855,2.142857142857143,overall,all,0.0
Fastener,severe,B,random_forest,validation,ok,,f1,0.08,0.007692307692307693,True,True,False,1820,0.007692307692307693,0.9873626373626374,0.15384615384615385,0.14285714285714285,0.14814814814814814,0.6665084638506564,0.036082938455516446,1795.0,11.0,12.0,2.0,0.02197802197802198,0.14285714285714285,2.857142857142857,0.02197802197802198,0.2857142857142857,2.857142857142857,0.016483516483516484,0.42857142857142855,2.142857142857143,overall,all,0.021465844775789947
Fastener,severe,B,hist_gradient_boosting,validation,ok,,f1,0.0015529030098200304,0.007692307692307693,False,True,False,1820,0.007692307692307693,0.9873626373626374,0.09090909090909091,0.07142857142857142,0.08,0.6406423034330011,0.021592602861213794,1796.0,10.0,13.0,1.0,0.03296703296703297,0.21428571428571427,4.285714285714286,0.016483516483516484,0.21428571428571427,2.142857142857143,0.013736263736263736,0.35714285714285715,1.7857142857142856,overall,all,0.0
Fastener,severe,C,logistic_regression,validation,ok,,f1,0.9964800379227071,0.007692307692307693,False,False,False,1820,0.007692307692307693,0.987912087912088,0.1,0.07142857142857142,0.08333333333333333,0.7255576649264357,0.024316965962534163,1797.0,9.0,13.0,1.0,0.03296703296703297,0.21428571428571427,4.285714285714286,0.016483516483516484,0.21428571428571427,2.142857142857143,0.013736263736263736,0.35714285714285715,1.7857142857142856,overall,all,0.0
Fastener,severe,C,random_forest,validation,ok,,f1,0.05,0.007692307692307693,False,False,False,1820,0.007692307692307693,0.9763736263736263,0.03225806451612903,0.07142857142857142,0.044444444444444446,0.5022741654801456,0.009472560447804259,1776.0,30.0,13.0,1.0,0.01098901098901099,0.07142857142857142,1.4285714285714286,0.005494505494505495,0.07142857142857142,0.7142857142857143,0.008241758241758242,0.21428571428571427,1.0714285714285714,overall,all,0.0
Fastener,severe,C,hist_gradient_boosting,validation,ok,,f1,0.0002625035584565512,0.007692307692307693,True,False,False,1820,0.007692307692307693,0.9807692307692307,0.08,0.14285714285714285,0.10256410256410256,0.6986236355007119,0.030533393161255168,1783.0,23.0,12.0,2.0,0.02197802197802198,0.14285714285714285,2.857142857142857,0.02197802197802198,0.2857142857142857,2.857142857142857,0.019230769230769232,0.5,2.5,overall,all,0.0
Fastener,severe,A,logistic_regression,test,ok,,f1,0.9218317422309766,0.007692307692307693,True,False,False,1850,0.01027027027027027,0.98,0.0,0.0,0.0,0.6494294173445629,0.016486709517829077,1813.0,18.0,19.0,0.0,0.010752688172043012,0.05263157894736842,1.0469722693831354,0.016216216216216217,0.15789473684210525,1.5789473684210529,0.013513513513513514,0.2631578947368421,1.3157894736842106,overall,all,0.0
Fastener,severe,B,random_forest,test,ok,,f1,0.08,0.007692307692307693,True,True,False,1850,0.01027027027027027,0.9821621621621621,0.0625,0.05263157894736842,0.05714285714285714,0.5701083675874559,0.016370474604426536,1816.0,15.0,18.0,1.0,0.021505376344086023,0.10526315789473684,2.0939445387662707,0.016216216216216217,0.15789473684210525,1.5789473684210529,0.013513513513513514,0.2631578947368421,1.3157894736842106,overall,all,0.021465844775789947
Fastener,severe,C,hist_gradient_boosting,test,ok,,f1,0.0002625035584565512,0.007692307692307693,True,False,False,1850,0.01027027027027027,0.9794594594594594,0.0,0.0,0.0,0.6865963379229065,0.01857831702185088,1812.0,19.0,19.0,0.0,0.021505376344086023,0.10526315789473684,2.0939445387662707,0.016216216216216217,0.15789473684210525,1.5789473684210529,0.016216216216216217,0.3157894736842105,1.5789473684210529,overall,all,0.0
Fastener,severe,B,random_forest,validation,ok,,f1,0.08,0.007692307692307693,True,True,True,1820,0.007692307692307693,0.9873626373626374,0.15384615384615385,0.14285714285714285,0.14814814814814814,0.6665084638506564,0.036082938455516446,1795.0,11.0,12.0,2.0,0.02197802197802198,0.14285714285714285,2.857142857142857,0.02197802197802198,0.2857142857142857,2.857142857142857,0.016483516483516484,0.42857142857142855,2.142857142857143,overall,all,0.021465844775789947
Fastener,severe,B,random_forest,test,ok,,f1,0.08,0.007692307692307693,True,True,True,1850,0.01027027027027027,0.9821621621621621,0.0625,0.05263157894736842,0.05714285714285714,0.5701083675874559,0.016370474604426536,1816.0,15.0,18.0,1.0,0.021505376344086023,0.10526315789473684,2.0939445387662707,0.016216216216216217,0.15789473684210525,1.5789473684210529,0.013513513513513514,0.2631578947368421,1.3157894736842106,overall,all,0.021465844775789947
Fastener,severe,B,random_forest,validation,unavailable,,min_precision_70,,0.007692307692307693,True,True,True,1820,0.007692307692307693,,,,,0.6665084638506564,0.036082938455516446,,,,,0.02197802197802198,0.14285714285714285,2.857142857142857,0.02197802197802198,0.2857142857142857,2.857142857142857,0.016483516483516484,0.42857142857142855,2.142857142857143,overall,all,0.021465844775789947
Fastener,severe,B,random_forest,test,unavailable,,min_precision_70,,0.007692307692307693,True,True,True,1850,0.01027027027027027,,,,,0.5701083675874559,0.016370474604426536,,,,,0.021505376344086023,0.10526315789473684,2.0939445387662707,0.016216216216216217,0.15789473684210525,1.5789473684210529,0.013513513513513514,0.2631578947368421,1.3157894736842106,overall,all,0.021465844775789947
Fastener,severe,B,random_forest,validation,unavailable,,min_precision_80,,0.007692307692307693,True,True,True,1820,0.007692307692307693,,,,,0.6665084638506564,0.036082938455516446,,,,,0.02197802197802198,0.14285714285714285,2.857142857142857,0.02197802197802198,0.2857142857142857,2.857142857142857,0.016483516483516484,0.42857142857142855,2.142857142857143,overall,all,0.021465844775789947
Fastener,severe,B,random_forest,test,unavailable,,min_precision_80,,0.007692307692307693,True,True,True,1850,0.01027027027027027,,,,,0.5701083675874559,0.016370474604426536,,,,,0.021505376344086023,0.10526315789473684,2.0939445387662707,0.016216216216216217,0.15789473684210525,1.5789473684210529,0.013513513513513514,0.2631578947368421,1.3157894736842106,overall,all,0.021465844775789947
Fastener,severe,B,random_forest,validation,ok,,top_10pct,0.03,0.007692307692307693,True,True,True,1820,0.007692307692307693,0.8857142857142857,0.019801980198019802,0.2857142857142857,0.037037037037037035,0.6665084638506564,0.036082938455516446,1608.0,198.0,10.0,4.0,0.02197802197802198,0.14285714285714285,2.857142857142857,0.02197802197802198,0.2857142857142857,2.857142857142857,0.016483516483516484,0.42857142857142855,2.142857142857143,overall,all,0.021465844775789947
Fastener,severe,B,random_forest,test,ok,,top_10pct,0.03,0.007692307692307693,True,True,True,1850,0.01027027027027027,0.8837837837837837,0.01485148514851485,0.15789473684210525,0.027149321266968326,0.5701083675874559,0.016370474604426536,1632.0,199.0,16.0,3.0,0.021505376344086023,0.10526315789473684,2.0939445387662707,0.016216216216216217,0.15789473684210525,1.5789473684210529,0.013513513513513514,0.2631578947368421,1.3157894736842106,overall,all,0.021465844775789947
Bearing,affected,B,logistic_regression,test,ok,,f1,0.31857956346787586,0.31891891891891894,True,True,True,370,0.31891891891891894,0.6,0.44360902255639095,1.0,0.6145833333333334,0.6747713209577617,0.41307770876744376,104.0,148.0,0.0,118.0,0.3684210526315789,0.059322033898305086,1.1552185548617304,0.3783783783783784,0.11864406779661017,1.1864406779661016,0.3783783783783784,0.23728813559322035,1.1864406779661016,machine_type,CNC Lathe,0.8757160360607406
Bearing,affected,B,logistic_regression,test,ok,,f1,0.31857956346787586,0.3567567567567568,True,True,True,370,0.3567567567567568,0.6351351351351351,0.49433962264150944,0.9924242424242424,0.6599496221662469,0.7436974789915967,0.5550689432488345,104.0,134.0,1.0,131.0,0.6842105263157895,0.09848484848484848,1.9178628389154704,0.5675675675675675,0.1590909090909091,1.5909090909090908,0.5405405405405406,0.30303030303030304,1.5151515151515151,machine_type,Hydraulic Press,0.8757160360607406
Bearing,affected,B,logistic_regression,test,ok,,f1,0.31857956346787586,0.3,True,True,True,370,0.3,0.5837837837837838,0.41825095057034223,0.990990990990991,0.5882352941176471,0.7067028418379769,0.424583130434939,106.0,153.0,1.0,110.0,0.2631578947368421,0.04504504504504504,0.8771929824561403,0.40540540540540543,0.13513513513513514,1.3513513513513515,0.43243243243243246,0.2882882882882883,1.4414414414414416,machine_type,Belt Conveyor,0.8757160360607406
Bearing,affected,B,logistic_regression,test,ok,,f1,0.31857956346787586,0.37567567567567567,True,True,True,370,0.37567567567567567,0.6567567567567567,0.5227272727272727,0.9928057553956835,0.684863523573201,0.7538384876514374,0.5472538860708458,105.0,126.0,1.0,138.0,0.5263157894736842,0.07194244604316546,1.4009844755774328,0.4864864864864865,0.12949640287769784,1.2949640287769786,0.5540540540540541,0.2949640287769784,1.474820143884892,machine_type,Screw Compressor,0.8757160360607406
Bearing,affected,B,logistic_regression,test,ok,,f1,0.31857956346787586,0.3081081081081081,True,True,True,370,0.3081081081081081,0.5864864864864865,0.4247104247104247,0.9649122807017544,0.5898123324396782,0.7450315241228069,0.521159488455261,107.0,149.0,4.0,110.0,0.6842105263157895,0.11403508771929824,2.2206832871652815,0.5135135135135135,0.16666666666666666,1.6666666666666665,0.5135135135135135,0.3333333333333333,1.6666666666666665,machine_type,EOT Crane,0.8757160360607406
Bearing,affected,B,logistic_regression,test,ok,,min_precision_70,0.8310412406430301,0.31891891891891894,True,True,True,370,0.31891891891891894,0.6810810810810811,0.0,0.0,0.0,0.6747713209577617,0.41307770876744376,252.0,0.0,118.0,0.0,0.3684210526315789,0.059322033898305086,1.1552185548617304,0.3783783783783784,0.11864406779661017,1.1864406779661016,0.3783783783783784,0.23728813559322035,1.1864406779661016,machine_type,CNC Lathe,0.8757160360607406
Bearing,affected,B,logistic_regression,test,ok,,min_precision_70,0.8310412406430301,0.3567567567567568,True,True,True,370,0.3567567567567568,0.654054054054054,0.75,0.045454545454545456,0.08571428571428572,0.7436974789915967,0.5550689432488345,236.0,2.0,126.0,6.0,0.6842105263157895,0.09848484848484848,1.9178628389154704,0.5675675675675675,0.1590909090909091,1.5909090909090908,0.5405405405405406,0.30303030303030304,1.5151515151515151,machine_type,Hydraulic Press,0.8757160360607406
Bearing,affected,B,logistic_regression,test,ok,,min_precision_70,0.8310412406430301,0.3,True,True,True,370,0.3,0.7,0.0,0.0,0.0,0.7067028418379769,0.424583130434939,259.0,0.0,111.0,0.0,0.2631578947368421,0.04504504504504504,0.8771929824561403,0.40540540540540543,0.13513513513513514,1.3513513513513515,0.43243243243243246,0.2882882882882883,1.4414414414414416,machine_type,Belt Conveyor,0.8757160360607406
Bearing,affected,B,logistic_regression,test,ok,,min_precision_70,0.8310412406430301,0.37567567567567567,True,True,True,370,0.37567567567567567,0.6216216216216216,0.0,0.0,0.0,0.7538384876514374,0.5472538860708458,230.0,1.0,139.0,0.0,0.5263157894736842,0.07194244604316546,1.4009844755774328,0.4864864864864865,0.12949640287769784,1.2949640287769786,0.5540540540540541,0.2949640287769784,1.474820143884892,machine_type,Screw Compressor,0.8757160360607406
Bearing,affected,B,logistic_regression,test,ok,,min_precision_70,0.8310412406430301,0.3081081081081081,True,True,True,370,0.3081081081081081,0.7,0.7142857142857143,0.043859649122807015,0.08264462809917356,0.7450315241228069,0.521159488455261,254.0,2.0,109.0,5.0,0.6842105263157895,0.11403508771929824,2.2206832871652815,0.5135135135135135,0.16666666666666666,1.6666666666666665,0.5135135135135135,0.3333333333333333,1.6666666666666665,machine_type,EOT Crane,0.8757160360607406
Bearing,affected,B,logistic_regression,test,ok,,min_precision_80,0.8461557173756257,0.31891891891891894,True,True,True,370,0.31891891891891894,0.6810810810810811,0.0,0.0,0.0,0.6747713209577617,0.41307770876744376,252.0,0.0,118.0,0.0,0.3684210526315789,0.059322033898305086,1.1552185548617304,0.3783783783783784,0.11864406779661017,1.1864406779661016,0.3783783783783784,0.23728813559322035,1.1864406779661016,machine_type,CNC Lathe,0.8757160360607406
Bearing,affected,B,logistic_regression,test,ok,,min_precision_80,0.8461557173756257,0.3567567567567568,True,True,True,370,0.3567567567567568,0.6432432432432432,0.5,0.015151515151515152,0.029411764705882353,0.7436974789915967,0.5550689432488345,236.0,2.0,130.0,2.0,0.6842105263157895,0.09848484848484848,1.9178628389154704,0.5675675675675675,0.1590909090909091,1.5909090909090908,0.5405405405405406,0.30303030303030304,1.5151515151515151,machine_type,Hydraulic Press,0.8757160360607406
Bearing,affected,B,logistic_regression,test,ok,,min_precision_80,0.8461557173756257,0.3,True,True,True,370,0.3,0.7,0.0,0.0,0.0,0.7067028418379769,0.424583130434939,259.0,0.0,111.0,0.0,0.2631578947368421,0.04504504504504504,0.8771929824561403,0.40540540540540543,0.13513513513513514,1.3513513513513515,0.43243243243243246,0.2882882882882883,1.4414414414414416,machine_type,Belt Conveyor,0.8757160360607406
Bearing,affected,B,logistic_regression,test,ok,,min_precision_80,0.8461557173756257,0.37567567567567567,True,True,True,370,0.37567567567567567,0.6243243243243243,0.0,0.0,0.0,0.7538384876514374,0.5472538860708458,231.0,0.0,139.0,0.0,0.5263157894736842,0.07194244604316546,1.4009844755774328,0.4864864864864865,0.12949640287769784,1.2949640287769786,0.5540540540540541,0.2949640287769784,1.474820143884892,machine_type,Screw Compressor,0.8757160360607406
Bearing,affected,B,logistic_regression,test,ok,,min_precision_80,0.8461557173756257,0.3081081081081081,True,True,True,370,0.3081081081081081,0.6972972972972973,0.75,0.02631578947368421,0.05084745762711865,0.7450315241228069,0.521159488455261,255.0,1.0,111.0,3.0,0.6842105263157895,0.11403508771929824,2.2206832871652815,0.5135135135135135,0.16666666666666666,1.6666666666666665,0.5135135135135135,0.3333333333333333,1.6666666666666665,machine_type,EOT Crane,0.8757160360607406
Bearing,affected,B,logistic_regression,test,ok,,top_10pct,0.7256391246818372,0.31891891891891894,True,True,True,370,0.31891891891891894,0.6648648648648648,0.36363636363636365,0.06779661016949153,0.11428571428571428,0.6747713209577617,0.41307770876744376,238.0,14.0,110.0,8.0,0.3684210526315789,0.059322033898305086,1.1552185548617304,0.3783783783783784,0.11864406779661017,1.1864406779661016,0.3783783783783784,0.23728813559322035,1.1864406779661016,machine_type,CNC Lathe,0.8757160360607406
Bearing,affected,B,logistic_regression,test,ok,,top_10pct,0.7256391246818372,0.3567567567567568,True,True,True,370,0.3567567567567568,0.6621621621621622,0.5555555555555556,0.26515151515151514,0.358974358974359,0.7436974789915967,0.5550689432488345,210.0,28.0,97.0,35.0,0.6842105263157895,0.09848484848484848,1.9178628389154704,0.5675675675675675,0.1590909090909091,1.5909090909090908,0.5405405405405406,0.30303030303030304,1.5151515151515151,machine_type,Hydraulic Press,0.8757160360607406
Bearing,affected,B,logistic_regression,test,ok,,top_10pct,0.7256391246818372,0.3,True,True,True,370,0.3,0.6702702702702703,0.23809523809523808,0.04504504504504504,0.07575757575757576,0.7067028418379769,0.424583130434939,243.0,16.0,106.0,5.0,0.2631578947368421,0.04504504504504504,0.8771929824561403,0.40540540540540543,0.13513513513513514,1.3513513513513515,0.43243243243243246,0.2882882882882883,1.4414414414414416,machine_type,Belt Conveyor,0.8757160360607406
Bearing,affected,B,logistic_regression,test,ok,,top_10pct,0.7256391246818372,0.37567567567567567,True,True,True,370,0.37567567567567567,0.6432432432432432,0.5714285714285714,0.2014388489208633,0.2978723404255319,0.7538384876514374,0.5472538860708458,210.0,21.0,111.0,28.0,0.5263157894736842,0.07194244604316546,1.4009844755774328,0.4864864864864865,0.12949640287769784,1.2949640287769786,0.5540540540540541,0.2949640287769784,1.474820143884892,machine_type,Screw Compressor,0.8757160360607406
Bearing,affected,B,logistic_regression,test,ok,,top_10pct,0.7256391246818372,0.3081081081081081,True,True,True,370,0.3081081081081081,0.7081081081081081,0.5652173913043478,0.22807017543859648,0.325,0.7450315241228069,0.521159488455261,236.0,20.0,88.0,26.0,0.6842105263157895,0.11403508771929824,2.2206832871652815,0.5135135135135135,0.16666666666666666,1.6666666666666665,0.5135135135135135,0.3333333333333333,1.6666666666666665,machine_type,EOT Crane,0.8757160360607406
Bearing,severe,B,logistic_regression,test,ok,,f1,0.31857956346787586,0.31891891891891894,True,True,True,370,0.31891891891891894,0.6,0.44360902255639095,1.0,0.6145833333333334,0.6747713209577617,0.41307770876744376,104.0,148.0,0.0,118.0,0.3684210526315789,0.059322033898305086,1.1552185548617304,0.3783783783783784,0.11864406779661017,1.1864406779661016,0.3783783783783784,0.23728813559322035,1.1864406779661016,machine_type,CNC Lathe,0.8757160360607406
Bearing,severe,B,logistic_regression,test,ok,,f1,0.31857956346787586,0.3567567567567568,True,True,True,370,0.3567567567567568,0.6351351351351351,0.49433962264150944,0.9924242424242424,0.6599496221662469,0.7436974789915967,0.5550689432488345,104.0,134.0,1.0,131.0,0.6842105263157895,0.09848484848484848,1.9178628389154704,0.5675675675675675,0.1590909090909091,1.5909090909090908,0.5405405405405406,0.30303030303030304,1.5151515151515151,machine_type,Hydraulic Press,0.8757160360607406
Bearing,severe,B,logistic_regression,test,ok,,f1,0.31857956346787586,0.3,True,True,True,370,0.3,0.5837837837837838,0.41825095057034223,0.990990990990991,0.5882352941176471,0.7067028418379769,0.424583130434939,106.0,153.0,1.0,110.0,0.2631578947368421,0.04504504504504504,0.8771929824561403,0.40540540540540543,0.13513513513513514,1.3513513513513515,0.43243243243243246,0.2882882882882883,1.4414414414414416,machine_type,Belt Conveyor,0.8757160360607406
Bearing,severe,B,logistic_regression,test,ok,,f1,0.31857956346787586,0.37567567567567567,True,True,True,370,0.37567567567567567,0.6567567567567567,0.5227272727272727,0.9928057553956835,0.684863523573201,0.7538384876514374,0.5472538860708458,105.0,126.0,1.0,138.0,0.5263157894736842,0.07194244604316546,1.4009844755774328,0.4864864864864865,0.12949640287769784,1.2949640287769786,0.5540540540540541,0.2949640287769784,1.474820143884892,machine_type,Screw Compressor,0.8757160360607406
Bearing,severe,B,logistic_regression,test,ok,,f1,0.31857956346787586,0.3081081081081081,True,True,True,370,0.3081081081081081,0.5864864864864865,0.4247104247104247,0.9649122807017544,0.5898123324396782,0.7450315241228069,0.521159488455261,107.0,149.0,4.0,110.0,0.6842105263157895,0.11403508771929824,2.2206832871652815,0.5135135135135135,0.16666666666666666,1.6666666666666665,0.5135135135135135,0.3333333333333333,1.6666666666666665,machine_type,EOT Crane,0.8757160360607406
Bearing,severe,B,logistic_regression,test,ok,,min_precision_70,0.8310412406430301,0.31891891891891894,True,True,True,370,0.31891891891891894,0.6810810810810811,0.0,0.0,0.0,0.6747713209577617,0.41307770876744376,252.0,0.0,118.0,0.0,0.3684210526315789,0.059322033898305086,1.1552185548617304,0.3783783783783784,0.11864406779661017,1.1864406779661016,0.3783783783783784,0.23728813559322035,1.1864406779661016,machine_type,CNC Lathe,0.8757160360607406
Bearing,severe,B,logistic_regression,test,ok,,min_precision_70,0.8310412406430301,0.3567567567567568,True,True,True,370,0.3567567567567568,0.654054054054054,0.75,0.045454545454545456,0.08571428571428572,0.7436974789915967,0.5550689432488345,236.0,2.0,126.0,6.0,0.6842105263157895,0.09848484848484848,1.9178628389154704,0.5675675675675675,0.1590909090909091,1.5909090909090908,0.5405405405405406,0.30303030303030304,1.5151515151515151,machine_type,Hydraulic Press,0.8757160360607406
Bearing,severe,B,logistic_regression,test,ok,,min_precision_70,0.8310412406430301,0.3,True,True,True,370,0.3,0.7,0.0,0.0,0.0,0.7067028418379769,0.424583130434939,259.0,0.0,111.0,0.0,0.2631578947368421,0.04504504504504504,0.8771929824561403,0.40540540540540543,0.13513513513513514,1.3513513513513515,0.43243243243243246,0.2882882882882883,1.4414414414414416,machine_type,Belt Conveyor,0.8757160360607406
Bearing,severe,B,logistic_regression,test,ok,,min_precision_70,0.8310412406430301,0.37567567567567567,True,True,True,370,0.37567567567567567,0.6216216216216216,0.0,0.0,0.0,0.7538384876514374,0.5472538860708458,230.0,1.0,139.0,0.0,0.5263157894736842,0.07194244604316546,1.4009844755774328,0.4864864864864865,0.12949640287769784,1.2949640287769786,0.5540540540540541,0.2949640287769784,1.474820143884892,machine_type,Screw Compressor,0.8757160360607406
Bearing,severe,B,logistic_regression,test,ok,,min_precision_70,0.8310412406430301,0.3081081081081081,True,True,True,370,0.3081081081081081,0.7,0.7142857142857143,0.043859649122807015,0.08264462809917356,0.7450315241228069,0.521159488455261,254.0,2.0,109.0,5.0,0.6842105263157895,0.11403508771929824,2.2206832871652815,0.5135135135135135,0.16666666666666666,1.6666666666666665,0.5135135135135135,0.3333333333333333,1.6666666666666665,machine_type,EOT Crane,0.8757160360607406
Bearing,severe,B,logistic_regression,test,ok,,min_precision_80,0.8461557173756257,0.31891891891891894,True,True,True,370,0.31891891891891894,0.6810810810810811,0.0,0.0,0.0,0.6747713209577617,0.41307770876744376,252.0,0.0,118.0,0.0,0.3684210526315789,0.059322033898305086,1.1552185548617304,0.3783783783783784,0.11864406779661017,1.1864406779661016,0.3783783783783784,0.23728813559322035,1.1864406779661016,machine_type,CNC Lathe,0.8757160360607406
Bearing,severe,B,logistic_regression,test,ok,,min_precision_80,0.8461557173756257,0.3567567567567568,True,True,True,370,0.3567567567567568,0.6432432432432432,0.5,0.015151515151515152,0.029411764705882353,0.7436974789915967,0.5550689432488345,236.0,2.0,130.0,2.0,0.6842105263157895,0.09848484848484848,1.9178628389154704,0.5675675675675675,0.1590909090909091,1.5909090909090908,0.5405405405405406,0.30303030303030304,1.5151515151515151,machine_type,Hydraulic Press,0.8757160360607406
Bearing,severe,B,logistic_regression,test,ok,,min_precision_80,0.8461557173756257,0.3,True,True,True,370,0.3,0.7,0.0,0.0,0.0,0.7067028418379769,0.424583130434939,259.0,0.0,111.0,0.0,0.2631578947368421,0.04504504504504504,0.8771929824561403,0.40540540540540543,0.13513513513513514,1.3513513513513515,0.43243243243243246,0.2882882882882883,1.4414414414414416,machine_type,Belt Conveyor,0.8757160360607406
Bearing,severe,B,logistic_regression,test,ok,,min_precision_80,0.8461557173756257,0.37567567567567567,True,True,True,370,0.37567567567567567,0.6243243243243243,0.0,0.0,0.0,0.7538384876514374,0.5472538860708458,231.0,0.0,139.0,0.0,0.5263157894736842,0.07194244604316546,1.4009844755774328,0.4864864864864865,0.12949640287769784,1.2949640287769786,0.5540540540540541,0.2949640287769784,1.474820143884892,machine_type,Screw Compressor,0.8757160360607406
Bearing,severe,B,logistic_regression,test,ok,,min_precision_80,0.8461557173756257,0.3081081081081081,True,True,True,370,0.3081081081081081,0.6972972972972973,0.75,0.02631578947368421,0.05084745762711865,0.7450315241228069,0.521159488455261,255.0,1.0,111.0,3.0,0.6842105263157895,0.11403508771929824,2.2206832871652815,0.5135135135135135,0.16666666666666666,1.6666666666666665,0.5135135135135135,0.3333333333333333,1.6666666666666665,machine_type,EOT Crane,0.8757160360607406
Bearing,severe,B,logistic_regression,test,ok,,top_10pct,0.7256391246818372,0.31891891891891894,True,True,True,370,0.31891891891891894,0.6648648648648648,0.36363636363636365,0.06779661016949153,0.11428571428571428,0.6747713209577617,0.41307770876744376,238.0,14.0,110.0,8.0,0.3684210526315789,0.059322033898305086,1.1552185548617304,0.3783783783783784,0.11864406779661017,1.1864406779661016,0.3783783783783784,0.23728813559322035,1.1864406779661016,machine_type,CNC Lathe,0.8757160360607406
Bearing,severe,B,logistic_regression,test,ok,,top_10pct,0.7256391246818372,0.3567567567567568,True,True,True,370,0.3567567567567568,0.6621621621621622,0.5555555555555556,0.26515151515151514,0.358974358974359,0.7436974789915967,0.5550689432488345,210.0,28.0,97.0,35.0,0.6842105263157895,0.09848484848484848,1.9178628389154704,0.5675675675675675,0.1590909090909091,1.5909090909090908,0.5405405405405406,0.30303030303030304,1.5151515151515151,machine_type,Hydraulic Press,0.8757160360607406
Bearing,severe,B,logistic_regression,test,ok,,top_10pct,0.7256391246818372,0.3,True,True,True,370,0.3,0.6702702702702703,0.23809523809523808,0.04504504504504504,0.07575757575757576,0.7067028418379769,0.424583130434939,243.0,16.0,106.0,5.0,0.2631578947368421,0.04504504504504504,0.8771929824561403,0.40540540540540543,0.13513513513513514,1.3513513513513515,0.43243243243243246,0.2882882882882883,1.4414414414414416,machine_type,Belt Conveyor,0.8757160360607406
Bearing,severe,B,logistic_regression,test,ok,,top_10pct,0.7256391246818372,0.37567567567567567,True,True,True,370,0.37567567567567567,0.6432432432432432,0.5714285714285714,0.2014388489208633,0.2978723404255319,0.7538384876514374,0.5472538860708458,210.0,21.0,111.0,28.0,0.5263157894736842,0.07194244604316546,1.4009844755774328,0.4864864864864865,0.12949640287769784,1.2949640287769786,0.5540540540540541,0.2949640287769784,1.474820143884892,machine_type,Screw Compressor,0.8757160360607406
Bearing,severe,B,logistic_regression,test,ok,,top_10pct,0.7256391246818372,0.3081081081081081,True,True,True,370,0.3081081081081081,0.7081081081081081,0.5652173913043478,0.22807017543859648,0.325,0.7450315241228069,0.521159488455261,236.0,20.0,88.0,26.0,0.6842105263157895,0.11403508771929824,2.2206832871652815,0.5135135135135135,0.16666666666666666,1.6666666666666665,0.5135135135135135,0.3333333333333333,1.6666666666666665,machine_type,EOT Crane,0.8757160360607406
Seal & Gasket,affected,A,logistic_regression,test,ok,,f1,0.3981124390504913,0.22702702702702704,True,True,True,370,0.22702702702702704,0.5135135135135135,0.313953488372093,0.9642857142857143,0.47368421052631576,0.6874375624375624,0.3309320180455584,109.0,177.0,3.0,81.0,0.3684210526315789,0.08333333333333333,1.6228070175438594,0.40540540540540543,0.17857142857142858,1.7857142857142858,0.2972972972972973,0.2619047619047619,1.3095238095238095,machine_type,CNC Lathe,0.0
Seal & Gasket,affected,A,logistic_regression,test,ok,,f1,0.3981124390504913,0.2648648648648649,True,True,True,370,0.2648648648648649,0.5405405405405406,0.36259541984732824,0.9693877551020408,0.5277777777777778,0.676845738295318,0.3940909165266353,105.0,167.0,3.0,95.0,0.5263157894736842,0.10204081632653061,1.987110633727175,0.4864864864864865,0.1836734693877551,1.836734693877551,0.40540540540540543,0.30612244897959184,1.530612244897959,machine_type,Hydraulic Press,0.0
Seal & Gasket,affected,A,logistic_regression,test,ok,,f1,0.3981124390504913,0.22162162162162163,True,True,True,370,0.22162162162162163,0.5081081081081081,0.29508196721311475,0.8780487804878049,0.44171779141104295,0.6917344173441735,0.34658806578087553,116.0,172.0,10.0,72.0,0.2631578947368421,0.06097560975609756,1.1874197689345314,0.3783783783783784,0.17073170731707318,1.7073170731707317,0.35135135135135137,0.3170731707317073,1.5853658536585367,machine_type,Belt Conveyor,0.0
Seal & Gasket,affected,A,logistic_regression,test,ok,,f1,0.3981124390504913,0.26756756756756755,True,True,True,370,0.26756756756756755,0.5648648648648649,0.3798449612403101,0.98989898989899,0.5490196078431373,0.7081143538708115,0.38641765035276765,111.0,160.0,1.0,98.0,0.21052631578947367,0.04040404040404041,0.786815523657629,0.32432432432432434,0.12121212121212122,1.2121212121212122,0.33783783783783783,0.25252525252525254,1.2626262626262628,machine_type,Screw Compressor,0.0
Seal & Gasket,affected,A,logistic_regression,test,ok,,f1,0.3981124390504913,0.22972972972972974,True,True,True,370,0.22972972972972974,0.5405405405405406,0.32653061224489793,0.9411764705882353,0.48484848484848486,0.7273890608875129,0.37139419186553396,120.0,165.0,5.0,80.0,0.42105263157894735,0.09411764705882353,1.8328173374613002,0.43243243243243246,0.18823529411764706,1.8823529411764706,0.3918918918918919,0.3411764705882353,1.7058823529411764,machine_type,EOT Crane,0.0
Seal & Gasket,affected,A,logistic_regression,test,ok,,top_10pct,0.7136471101859587,0.22702702702702704,True,True,True,370,0.22702702702702704,0.7216216216216216,0.32075471698113206,0.20238095238095238,0.24817518248175183,0.6874375624375624,0.3309320180455584,250.0,36.0,67.0,17.0,0.3684210526315789,0.08333333333333333,1.6228070175438594,0.40540540540540543,0.17857142857142858,1.7857142857142858,0.2972972972972973,0.2619047619047619,1.3095238095238095,machine_type,CNC Lathe,0.0
Seal & Gasket,affected,A,logistic_regression,test,ok,,top_10pct,0.7136471101859587,0.2648648648648649,True,True,True,370,0.2648648648648649,0.7,0.410958904109589,0.30612244897959184,0.3508771929824561,0.676845738295318,0.3940909165266353,229.0,43.0,68.0,30.0,0.5263157894736842,0.10204081632653061,1.987110633727175,0.4864864864864865,0.1836734693877551,1.836734693877551,0.40540540540540543,0.30612244897959184,1.530612244897959,machine_type,Hydraulic Press,0.0
Seal & Gasket,affected,A,logistic_regression,test,ok,,top_10pct,0.7136471101859587,0.22162162162162163,True,True,True,370,0.22162162162162163,0.745945945945946,0.35714285714285715,0.18292682926829268,0.24193548387096775,0.6917344173441735,0.34658806578087553,261.0,27.0,67.0,15.0,0.2631578947368421,0.06097560975609756,1.1874197689345314,0.3783783783783784,0.17073170731707318,1.7073170731707317,0.35135135135135137,0.3170731707317073,1.5853658536585367,machine_type,Belt Conveyor,0.0
Seal & Gasket,affected,A,logistic_regression,test,ok,,top_10pct,0.7136471101859587,0.26756756756756755,True,True,True,370,0.26756756756756755,0.672972972972973,0.35526315789473684,0.2727272727272727,0.30857142857142855,0.7081143538708115,0.38641765035276765,222.0,49.0,72.0,27.0,0.21052631578947367,0.04040404040404041,0.786815523657629,0.32432432432432434,0.12121212121212122,1.2121212121212122,0.33783783783783783,0.25252525252525254,1.2626262626262628,machine_type,Screw Compressor,0.0
Seal & Gasket,affected,A,logistic_regression,test,ok,,top_10pct,0.7136471101859587,0.22972972972972974,True,True,True,370,0.22972972972972974,0.7567567567567568,0.4418604651162791,0.2235294117647059,0.296875,0.7273890608875129,0.37139419186553396,261.0,24.0,66.0,19.0,0.42105263157894735,0.09411764705882353,1.8328173374613002,0.43243243243243246,0.18823529411764706,1.8823529411764706,0.3918918918918919,0.3411764705882353,1.7058823529411764,machine_type,EOT Crane,0.0
Seal & Gasket,severe,B,hist_gradient_boosting,test,ok,,f1,0.03879897353768352,0.12702702702702703,True,True,True,370,0.12702702702702703,0.43513513513513513,0.17857142857142858,0.9574468085106383,0.3010033444816054,0.677228114089981,0.20520292552692412,116.0,207.0,2.0,45.0,0.15789473684210525,0.06382978723404255,1.2430011198208286,0.1891891891891892,0.14893617021276595,1.4893617021276595,0.20270270270270271,0.3191489361702128,1.5957446808510638,machine_type,CNC Lathe,0.039809170902163335
Seal & Gasket,severe,B,hist_gradient_boosting,test,ok,,f1,0.03879897353768352,0.14324324324324325,True,True,True,370,0.14324324324324325,0.43243243243243246,0.20152091254752852,1.0,0.33544303797468356,0.6346050830307719,0.18602811929601398,107.0,210.0,0.0,53.0,0.10526315789473684,0.03773584905660377,0.7348560079443892,0.1891891891891892,0.1320754716981132,1.320754716981132,0.16216216216216217,0.22641509433962265,1.1320754716981132,machine_type,Hydraulic Press,0.039809170902163335
Seal & Gasket,severe,B,hist_gradient_boosting,test,ok,,f1,0.03879897353768352,0.13783783783783785,True,True,True,370,0.13783783783783785,0.4297297297297297,0.1875,0.9411764705882353,0.3127035830618892,0.6499477533960292,0.20353861326567602,111.0,208.0,3.0,48.0,0.21052631578947367,0.0784313725490196,1.52734778121775,0.24324324324324326,0.17647058823529413,1.7647058823529411,0.1891891891891892,0.27450980392156865,1.3725490196078431,machine_type,Belt Conveyor,0.039809170902163335
Seal & Gasket,severe,B,hist_gradient_boosting,test,ok,,f1,0.03879897353768352,0.15135135135135136,True,True,True,370,0.15135135135135136,0.44054054054054054,0.2084942084942085,0.9642857142857143,0.34285714285714286,0.7046178343949046,0.2477916540060124,109.0,205.0,2.0,54.0,0.10526315789473684,0.03571428571428571,0.6954887218045112,0.2702702702702703,0.17857142857142858,1.7857142857142858,0.2972972972972973,0.39285714285714285,1.9642857142857142,machine_type,Screw Compressor,0.039809170902163335
Seal & Gasket,severe,B,hist_gradient_boosting,test,ok,,f1,0.03879897353768352,0.12162162162162163,True,True,True,370,0.12162162162162163,0.4081081081081081,0.17045454545454544,1.0,0.2912621359223301,0.6547692307692308,0.16265395306203528,106.0,219.0,0.0,45.0,0.10526315789473684,0.044444444444444446,0.8654970760233918,0.13513513513513514,0.1111111111111111,1.1111111111111112,0.13513513513513514,0.2222222222222222,1.1111111111111112,machine_type,EOT Crane,0.039809170902163335
Seal & Gasket,severe,B,hist_gradient_boosting,test,ok,,top_10pct,0.23019856498971195,0.12702702702702703,True,True,True,370,0.12702702702702703,0.8432432432432433,0.23809523809523808,0.10638297872340426,0.14705882352941177,0.677228114089981,0.20520292552692412,307.0,16.0,42.0,5.0,0.15789473684210525,0.06382978723404255,1.2430011198208286,0.1891891891891892,0.14893617021276595,1.4893617021276595,0.20270270270270271,0.3191489361702128,1.5957446808510638,machine_type,CNC Lathe,0.039809170902163335
Seal & Gasket,severe,B,hist_gradient_boosting,test,ok,,top_10pct,0.23019856498971195,0.14324324324324325,True,True,True,370,0.14324324324324325,0.6837837837837838,0.16666666666666666,0.3018867924528302,0.21476510067114093,0.6346050830307719,0.18602811929601398,237.0,80.0,37.0,16.0,0.10526315789473684,0.03773584905660377,0.7348560079443892,0.1891891891891892,0.1320754716981132,1.320754716981132,0.16216216216216217,0.22641509433962265,1.1320754716981132,machine_type,Hydraulic Press,0.039809170902163335
Seal & Gasket,severe,B,hist_gradient_boosting,test,ok,,top_10pct,0.23019856498971195,0.13783783783783785,True,True,True,370,0.13783783783783785,0.8027027027027027,0.225,0.17647058823529413,0.1978021978021978,0.6499477533960292,0.20353861326567602,288.0,31.0,42.0,9.0,0.21052631578947367,0.0784313725490196,1.52734778121775,0.24324324324324326,0.17647058823529413,1.7647058823529411,0.1891891891891892,0.27450980392156865,1.3725490196078431,machine_type,Belt Conveyor,0.039809170902163335
Seal & Gasket,severe,B,hist_gradient_boosting,test,ok,,top_10pct,0.23019856498971195,0.15135135135135136,True,True,True,370,0.15135135135135136,0.7972972972972973,0.32075471698113206,0.30357142857142855,0.3119266055045872,0.7046178343949046,0.2477916540060124,278.0,36.0,39.0,17.0,0.10526315789473684,0.03571428571428571,0.6954887218045112,0.2702702702702703,0.17857142857142858,1.7857142857142858,0.2972972972972973,0.39285714285714285,1.9642857142857142,machine_type,Screw Compressor,0.039809170902163335
Seal & Gasket,severe,B,hist_gradient_boosting,test,ok,,top_10pct,0.23019856498971195,0.12162162162162163,True,True,True,370,0.12162162162162163,0.8216216216216217,0.13793103448275862,0.08888888888888889,0.10810810810810811,0.6547692307692308,0.16265395306203528,300.0,25.0,41.0,4.0,0.10526315789473684,0.044444444444444446,0.8654970760233918,0.13513513513513514,0.1111111111111111,1.1111111111111112,0.13513513513513514,0.2222222222222222,1.1111111111111112,machine_type,EOT Crane,0.039809170902163335
Drive Belt,affected,A,logistic_regression,test,ok,,f1,0.30434028023149107,0.15135135135135136,True,True,True,370,0.15135135135135136,0.43243243243243246,0.21052631578947367,1.0,0.34782608695652173,0.612147406733394,0.17666984506311706,104.0,210.0,0.0,56.0,0.05263157894736842,0.017857142857142856,0.3477443609022556,0.13513513513513514,0.08928571428571429,0.8928571428571429,0.16216216216216217,0.21428571428571427,1.0714285714285714,machine_type,CNC Lathe,0.0
Drive Belt,affected,A,logistic_regression,test,ok,,f1,0.30434028023149107,0.22162162162162163,True,True,True,370,0.22162162162162163,0.4918918918918919,0.3037037037037037,1.0,0.4659090909090909,0.692115514905149,0.3233164128366234,100.0,188.0,0.0,82.0,0.3157894736842105,0.07317073170731707,1.4249037227214376,0.2702702702702703,0.12195121951219512,1.2195121951219512,0.32432432432432434,0.2926829268292683,1.4634146341463414,machine_type,Hydraulic Press,0.0
Drive Belt,affected,A,logistic_regression,test,ok,,f1,0.30434028023149107,0.14864864864864866,True,True,True,370,0.14864864864864866,0.4486486486486487,0.21011673151750973,0.9818181818181818,0.34615384615384615,0.6838095238095239,0.23394591195184442,112.0,203.0,1.0,54.0,0.3157894736842105,0.10909090909090909,2.124401913875598,0.24324324324324326,0.16363636363636364,1.6363636363636365,0.21621621621621623,0.2909090909090909,1.4545454545454546,machine_type,Belt Conveyor,0.0
Drive Belt,affected,A,logistic_regression,test,ok,,f1,0.30434028023149107,0.27297297297297296,True,True,True,370,0.27297297297297296,0.5540540540540541,0.37969924812030076,1.0,0.5504087193460491,0.7195332916191248,0.4070917896205559,104.0,165.0,0.0,101.0,0.3684210526315789,0.06930693069306931,1.3496612819176654,0.43243243243243246,0.15841584158415842,1.5841584158415842,0.36486486486486486,0.26732673267326734,1.3366336633663367,machine_type,Screw Compressor,0.0
Drive Belt,affected,A,logistic_regression,test,ok,,f1,0.30434028023149107,0.1945945945945946,True,True,True,370,0.1945945945945946,0.4756756756756757,0.2689393939393939,0.9861111111111112,0.4226190476190476,0.7033463832960477,0.341682541580681,105.0,193.0,1.0,71.0,0.5263157894736842,0.1388888888888889,2.704678362573099,0.32432432432432434,0.16666666666666666,1.6666666666666667,0.32432432432432434,0.3333333333333333,1.6666666666666667,machine_type,EOT Crane,0.0
Drive Belt,affected,A,logistic_regression,test,ok,,min_precision_70,0.8851613378733908,0.15135135135135136,True,True,True,370,0.15135135135135136,0.8486486486486486,0.0,0.0,0.0,0.612147406733394,0.17666984506311706,314.0,0.0,56.0,0.0,0.05263157894736842,0.017857142857142856,0.3477443609022556,0.13513513513513514,0.08928571428571429,0.8928571428571429,0.16216216216216217,0.21428571428571427,1.0714285714285714,machine_type,CNC Lathe,0.0
Drive Belt,affected,A,logistic_regression,test,ok,,min_precision_70,0.8851613378733908,0.22162162162162163,True,True,True,370,0.22162162162162163,0.7783783783783784,0.0,0.0,0.0,0.692115514905149,0.3233164128366234,288.0,0.0,82.0,0.0,0.3157894736842105,0.07317073170731707,1.4249037227214376,0.2702702702702703,0.12195121951219512,1.2195121951219512,0.32432432432432434,0.2926829268292683,1.4634146341463414,machine_type,Hydraulic Press,0.0
Drive Belt,affected,A,logistic_regression,test,ok,,min_precision_70,0.8851613378733908,0.14864864864864866,True,True,True,370,0.14864864864864866,0.8513513513513513,0.0,0.0,0.0,0.6838095238095239,0.23394591195184442,315.0,0.0,55.0,0.0,0.3157894736842105,0.10909090909090909,2.124401913875598,0.24324324324324326,0.16363636363636364,1.6363636363636365,0.21621621621621623,0.2909090909090909,1.4545454545454546,machine_type,Belt Conveyor,0.0
Drive Belt,affected,A,logistic_regression,test,ok,,min_precision_70,0.8851613378733908,0.27297297297297296,True,True,True,370,0.27297297297297296,0.727027027027027,0.0,0.0,0.0,0.7195332916191248,0.4070917896205559,269.0,0.0,101.0,0.0,0.3684210526315789,0.06930693069306931,1.3496612819176654,0.43243243243243246,0.15841584158415842,1.5841584158415842,0.36486486486486486,0.26732673267326734,1.3366336633663367,machine_type,Screw Compressor,0.0
Drive Belt,affected,A,logistic_regression,test,ok,,min_precision_70,0.8851613378733908,0.1945945945945946,True,True,True,370,0.1945945945945946,0.8081081081081081,1.0,0.013888888888888888,0.0273972602739726,0.7033463832960477,0.341682541580681,298.0,0.0,71.0,1.0,0.5263157894736842,0.1388888888888889,2.704678362573099,0.32432432432432434,0.16666666666666666,1.6666666666666667,0.32432432432432434,0.3333333333333333,1.6666666666666667,machine_type,EOT Crane,0.0
Drive Belt,affected,A,logistic_regression,test,ok,,min_precision_80,0.8851613378733908,0.15135135135135136,True,True,True,370,0.15135135135135136,0.8486486486486486,0.0,0.0,0.0,0.612147406733394,0.17666984506311706,314.0,0.0,56.0,0.0,0.05263157894736842,0.017857142857142856,0.3477443609022556,0.13513513513513514,0.08928571428571429,0.8928571428571429,0.16216216216216217,0.21428571428571427,1.0714285714285714,machine_type,CNC Lathe,0.0
Drive Belt,affected,A,logistic_regression,test,ok,,min_precision_80,0.8851613378733908,0.22162162162162163,True,True,True,370,0.22162162162162163,0.7783783783783784,0.0,0.0,0.0,0.692115514905149,0.3233164128366234,288.0,0.0,82.0,0.0,0.3157894736842105,0.07317073170731707,1.4249037227214376,0.2702702702702703,0.12195121951219512,1.2195121951219512,0.32432432432432434,0.2926829268292683,1.4634146341463414,machine_type,Hydraulic Press,0.0
Drive Belt,affected,A,logistic_regression,test,ok,,min_precision_80,0.8851613378733908,0.14864864864864866,True,True,True,370,0.14864864864864866,0.8513513513513513,0.0,0.0,0.0,0.6838095238095239,0.23394591195184442,315.0,0.0,55.0,0.0,0.3157894736842105,0.10909090909090909,2.124401913875598,0.24324324324324326,0.16363636363636364,1.6363636363636365,0.21621621621621623,0.2909090909090909,1.4545454545454546,machine_type,Belt Conveyor,0.0
Drive Belt,affected,A,logistic_regression,test,ok,,min_precision_80,0.8851613378733908,0.27297297297297296,True,True,True,370,0.27297297297297296,0.727027027027027,0.0,0.0,0.0,0.7195332916191248,0.4070917896205559,269.0,0.0,101.0,0.0,0.3684210526315789,0.06930693069306931,1.3496612819176654,0.43243243243243246,0.15841584158415842,1.5841584158415842,0.36486486486486486,0.26732673267326734,1.3366336633663367,machine_type,Screw Compressor,0.0
Drive Belt,affected,A,logistic_regression,test,ok,,min_precision_80,0.8851613378733908,0.1945945945945946,True,True,True,370,0.1945945945945946,0.8081081081081081,1.0,0.013888888888888888,0.0273972602739726,0.7033463832960477,0.341682541580681,298.0,0.0,71.0,1.0,0.5263157894736842,0.1388888888888889,2.704678362573099,0.32432432432432434,0.16666666666666666,1.6666666666666667,0.32432432432432434,0.3333333333333333,1.6666666666666667,machine_type,EOT Crane,0.0
Drive Belt,affected,A,logistic_regression,test,ok,,top_10pct,0.7140039493820484,0.15135135135135136,True,True,True,370,0.15135135135135136,0.7513513513513513,0.15384615384615385,0.14285714285714285,0.14814814814814814,0.612147406733394,0.17666984506311706,270.0,44.0,48.0,8.0,0.05263157894736842,0.017857142857142856,0.3477443609022556,0.13513513513513514,0.08928571428571429,0.8928571428571429,0.16216216216216217,0.21428571428571427,1.0714285714285714,machine_type,CNC Lathe,0.0
Drive Belt,affected,A,logistic_regression,test,ok,,top_10pct,0.7140039493820484,0.22162162162162163,True,True,True,370,0.22162162162162163,0.7135135135135136,0.2857142857142857,0.1951219512195122,0.2318840579710145,0.692115514905149,0.3233164128366234,248.0,40.0,66.0,16.0,0.3157894736842105,0.07317073170731707,1.4249037227214376,0.2702702702702703,0.12195121951219512,1.2195121951219512,0.32432432432432434,0.2926829268292683,1.4634146341463414,machine_type,Hydraulic Press,0.0
Drive Belt,affected,A,logistic_regression,test,ok,,top_10pct,0.7140039493820484,0.14864864864864866,True,True,True,370,0.14864864864864866,0.8324324324324325,0.29411764705882354,0.09090909090909091,0.1388888888888889,0.6838095238095239,0.23394591195184442,303.0,12.0,50.0,5.0,0.3157894736842105,0.10909090909090909,2.124401913875598,0.24324324324324326,0.16363636363636364,1.6363636363636365,0.21621621621621623,0.2909090909090909,1.4545454545454546,machine_type,Belt Conveyor,0.0
Drive Belt,affected,A,logistic_regression,test,ok,,top_10pct,0.7140039493820484,0.27297297297297296,True,True,True,370,0.27297297297297296,0.6702702702702703,0.352112676056338,0.24752475247524752,0.29069767441860467,0.7195332916191248,0.4070917896205559,223.0,46.0,76.0,25.0,0.3684210526315789,0.06930693069306931,1.3496612819176654,0.43243243243243246,0.15841584158415842,1.5841584158415842,0.36486486486486486,0.26732673267326734,1.3366336633663367,machine_type,Screw Compressor,0.0
Drive Belt,affected,A,logistic_regression,test,ok,,top_10pct,0.7140039493820484,0.1945945945945946,True,True,True,370,0.1945945945945946,0.7675675675675676,0.325,0.18055555555555555,0.23214285714285715,0.7033463832960477,0.341682541580681,271.0,27.0,59.0,13.0,0.5263157894736842,0.1388888888888889,2.704678362573099,0.32432432432432434,0.16666666666666666,1.6666666666666667,0.32432432432432434,0.3333333333333333,1.6666666666666667,machine_type,EOT Crane,0.0
Drive Belt,severe,B,logistic_regression,test,ok,,f1,0.8713764683791682,0.013513513513513514,True,True,True,370,0.013513513513513514,0.9648648648648649,0.0,0.0,0.0,0.7649315068493151,0.044864156501984775,357.0,8.0,5.0,0.0,0.05263157894736842,0.2,3.894736842105263,0.05405405405405406,0.4,4.0,0.02702702702702703,0.4,2.0,machine_type,CNC Lathe,0.033219772594676664
Drive Belt,severe,B,logistic_regression,test,ok,,f1,0.8713764683791682,0.01891891891891892,True,True,True,370,0.01891891891891892,0.9621621621621622,0.0,0.0,0.0,0.5950413223140496,0.024735552467415416,356.0,7.0,7.0,0.0,0.0,0.0,0.0,0.0,0.0,0.0,0.0,0.0,0.0,machine_type,Hydraulic Press,0.033219772594676664
Drive Belt,severe,B,logistic_regression,test,ok,,f1,0.8713764683791682,0.010810810810810811,True,True,True,370,0.010810810810810811,0.9864864864864865,0.0,0.0,0.0,0.4931693989071038,0.012640771162987324,365.0,1.0,4.0,0.0,0.0,0.0,0.0,0.0,0.0,0.0,0.0,0.0,0.0,machine_type,Belt Conveyor,0.033219772594676664
Drive Belt,severe,B,logistic_regression,test,ok,,f1,0.8713764683791682,0.024324324324324326,True,True,True,370,0.024324324324324326,0.9594594594594594,0.0,0.0,0.0,0.6072637734687596,0.03353962211435196,355.0,6.0,9.0,0.0,0.0,0.0,0.0,0.0,0.0,0.0,0.02702702702702703,0.2222222222222222,1.1111111111111112,machine_type,Screw Compressor,0.033219772594676664
Drive Belt,severe,B,logistic_regression,test,ok,,f1,0.8713764683791682,0.013513513513513514,True,True,True,370,0.013513513513513514,0.9621621621621622,0.09090909090909091,0.2,0.125,0.7523287671232877,0.06303957089013891,355.0,10.0,4.0,1.0,0.10526315789473684,0.4,7.789473684210526,0.05405405405405406,0.4,4.0,0.04054054054054054,0.6,3.0,machine_type,EOT Crane,0.033219772594676664
Drive Belt,severe,B,logistic_regression,test,ok,,top_10pct,0.715386179580381,0.013513513513513514,True,True,True,370,0.013513513513513514,0.9135135135135135,0.034482758620689655,0.2,0.058823529411764705,0.7649315068493151,0.044864156501984775,337.0,28.0,4.0,1.0,0.05263157894736842,0.2,3.894736842105263,0.05405405405405406,0.4,4.0,0.02702702702702703,0.4,2.0,machine_type,CNC Lathe,0.033219772594676664
Drive Belt,severe,B,logistic_regression,test,ok,,top_10pct,0.715386179580381,0.01891891891891892,True,True,True,370,0.01891891891891892,0.8378378378378378,0.0,0.0,0.0,0.5950413223140496,0.024735552467415416,310.0,53.0,7.0,0.0,0.0,0.0,0.0,0.0,0.0,0.0,0.0,0.0,0.0,machine_type,Hydraulic Press,0.033219772594676664
Drive Belt,severe,B,logistic_regression,test,ok,,top_10pct,0.715386179580381,0.010810810810810811,True,True,True,370,0.010810810810810811,0.9162162162162162,0.0,0.0,0.0,0.4931693989071038,0.012640771162987324,339.0,27.0,4.0,0.0,0.0,0.0,0.0,0.0,0.0,0.0,0.0,0.0,0.0,machine_type,Belt Conveyor,0.033219772594676664
Drive Belt,severe,B,logistic_regression,test,ok,,top_10pct,0.715386179580381,0.024324324324324326,True,True,True,370,0.024324324324324326,0.8837837837837837,0.0,0.0,0.0,0.6072637734687596,0.03353962211435196,327.0,34.0,9.0,0.0,0.0,0.0,0.0,0.0,0.0,0.0,0.02702702702702703,0.2222222222222222,1.1111111111111112,machine_type,Screw Compressor,0.033219772594676664
Drive Belt,severe,B,logistic_regression,test,ok,,top_10pct,0.715386179580381,0.013513513513513514,True,True,True,370,0.013513513513513514,0.8918918918918919,0.05128205128205128,0.4,0.09090909090909091,0.7523287671232877,0.06303957089013891,328.0,37.0,3.0,2.0,0.10526315789473684,0.4,7.789473684210526,0.05405405405405406,0.4,4.0,0.04054054054054054,0.6,3.0,machine_type,EOT Crane,0.033219772594676664
Filter,affected,A,logistic_regression,test,ok,,f1,0.3738477414867552,0.11351351351351352,True,True,True,370,0.11351351351351352,0.4027027027027027,0.15708812260536398,0.9761904761904762,0.2706270627062706,0.6954123112659698,0.22011477210005276,108.0,220.0,1.0,41.0,0.2631578947368421,0.11904761904761904,2.3182957393483705,0.24324324324324326,0.21428571428571427,2.142857142857143,0.17567567567567569,0.30952380952380953,1.5476190476190477,machine_type,CNC Lathe,0.0
Filter,affected,A,logistic_regression,test,ok,,f1,0.3738477414867552,0.1891891891891892,True,True,True,370,0.1891891891891892,0.4864864864864865,0.2692307692307692,1.0,0.42424242424242425,0.678047619047619,0.28033753537663453,110.0,190.0,0.0,70.0,0.3684210526315789,0.1,1.9473684210526314,0.2702702702702703,0.14285714285714285,1.4285714285714286,0.28378378378378377,0.3,1.4999999999999998,machine_type,Hydraulic Press,0.0
Filter,affected,A,logistic_regression,test,ok,,f1,0.3738477414867552,0.1810810810810811,True,True,True,370,0.1810810810810811,0.4837837837837838,0.2559055118110236,0.9701492537313433,0.40498442367601245,0.6230234963794887,0.238752321836125,114.0,189.0,2.0,65.0,0.10526315789473684,0.029850746268656716,0.5813040062843676,0.16216216216216217,0.08955223880597014,0.8955223880597015,0.16216216216216217,0.1791044776119403,0.8955223880597015,machine_type,Belt Conveyor,0.0
Filter,affected,A,logistic_regression,test,ok,,f1,0.3738477414867552,0.1891891891891892,True,True,True,370,0.1891891891891892,0.46756756756756757,0.2548262548262548,0.9428571428571428,0.4012158054711246,0.6559047619047619,0.25378184330904685,107.0,193.0,4.0,66.0,0.21052631578947367,0.05714285714285714,1.112781954887218,0.2972972972972973,0.15714285714285714,1.5714285714285714,0.21621621621621623,0.22857142857142856,1.1428571428571428,machine_type,Screw Compressor,0.0
Filter,affected,A,logistic_regression,test,ok,,f1,0.3738477414867552,0.1864864864864865,True,True,True,370,0.1864864864864865,0.4702702702702703,0.2585551330798479,0.9855072463768116,0.40963855421686746,0.645240502672252,0.2469879453669632,106.0,195.0,1.0,68.0,0.15789473684210525,0.043478260869565216,0.8466819221967963,0.1891891891891892,0.10144927536231885,1.0144927536231885,0.21621621621621623,0.2318840579710145,1.1594202898550725,machine_type,EOT Crane,0.0
Filter,affected,A,logistic_regression,test,ok,,top_10pct,0.6991356908301539,0.11351351351351352,True,True,True,370,0.11351351351351352,0.8324324324324325,0.2727272727272727,0.2857142857142857,0.27906976744186046,0.6954123112659698,0.22011477210005276,296.0,32.0,30.0,12.0,0.2631578947368421,0.11904761904761904,2.3182957393483705,0.24324324324324326,0.21428571428571427,2.142857142857143,0.17567567567567569,0.30952380952380953,1.5476190476190477,machine_type,CNC Lathe,0.0
Filter,affected,A,logistic_regression,test,ok,,top_10pct,0.6991356908301539,0.1891891891891892,True,True,True,370,0.1891891891891892,0.7297297297297297,0.2916666666666667,0.3,0.29577464788732394,0.678047619047619,0.28033753537663453,249.0,51.0,49.0,21.0,0.3684210526315789,0.1,1.9473684210526314,0.2702702702702703,0.14285714285714285,1.4285714285714286,0.28378378378378377,0.3,1.4999999999999998,machine_type,Hydraulic Press,0.0
Filter,affected,A,logistic_regression,test,ok,,top_10pct,0.6991356908301539,0.1810810810810811,True,True,True,370,0.1810810810810811,0.7351351351351352,0.15555555555555556,0.1044776119402985,0.125,0.6230234963794887,0.238752321836125,265.0,38.0,60.0,7.0,0.10526315789473684,0.029850746268656716,0.5813040062843676,0.16216216216216217,0.08955223880597014,0.8955223880597015,0.16216216216216217,0.1791044776119403,0.8955223880597015,machine_type,Belt Conveyor,0.0
Filter,affected,A,logistic_regression,test,ok,,top_10pct,0.6991356908301539,0.1891891891891892,True,True,True,370,0.1891891891891892,0.6945945945945946,0.21333333333333335,0.22857142857142856,0.2206896551724138,0.6559047619047619,0.25378184330904685,241.0,59.0,54.0,16.0,0.21052631578947367,0.05714285714285714,1.112781954887218,0.2972972972972973,0.15714285714285714,1.5714285714285714,0.21621621621621623,0.22857142857142856,1.1428571428571428,machine_type,Screw Compressor,0.0
Filter,affected,A,logistic_regression,test,ok,,top_10pct,0.6991356908301539,0.1864864864864865,True,True,True,370,0.1864864864864865,0.7216216216216216,0.19642857142857142,0.15942028985507245,0.176,0.645240502672252,0.2469879453669632,256.0,45.0,58.0,11.0,0.15789473684210525,0.043478260869565216,0.8466819221967963,0.1891891891891892,0.10144927536231885,1.0144927536231885,0.21621621621621623,0.2318840579710145,1.1594202898550725,machine_type,EOT Crane,0.0
Filter,severe,A,random_forest,test,ok,,f1,0.05,0.008108108108108109,True,True,True,370,0.008108108108108109,0.9351351351351351,0.0,0.0,0.0,0.29427792915531337,0.008108108108108109,346.0,21.0,3.0,0.0,0.0,0.0,0.0,0.0,0.0,0.0,0.0,0.0,0.0,machine_type,CNC Lathe,0.0
Filter,severe,A,random_forest,test,ok,,f1,0.05,0.010810810810810811,True,True,True,370,0.010810810810810811,0.9243243243243243,0.0,0.0,0.0,0.5580601092896175,0.015505479534389839,342.0,24.0,4.0,0.0,0.0,0.0,0.0,0.02702702702702703,0.25,2.5,0.013513513513513514,0.25,1.25,machine_type,Hydraulic Press,0.0
Filter,severe,A,random_forest,test,ok,,f1,0.05,0.016216216216216217,True,True,True,370,0.016216216216216217,0.9216216216216216,0.0,0.0,0.0,0.5714285714285714,0.023830257182791744,341.0,23.0,6.0,0.0,0.0,0.0,0.0,0.05405405405405406,0.3333333333333333,3.3333333333333335,0.02702702702702703,0.3333333333333333,1.6666666666666667,machine_type,Belt Conveyor,0.0
Filter,severe,A,random_forest,test,ok,,f1,0.05,0.01891891891891892,True,True,True,370,0.01891891891891892,0.8972972972972973,0.030303030303030304,0.14285714285714285,0.05,0.7091696182605274,0.03815648571030175,331.0,32.0,6.0,1.0,0.0,0.0,0.0,0.02702702702702703,0.14285714285714285,1.4285714285714286,0.02702702702702703,0.2857142857142857,1.4285714285714286,machine_type,Screw Compressor,0.0
Filter,severe,A,random_forest,test,ok,,f1,0.05,0.016216216216216217,True,True,True,370,0.016216216216216217,0.918918918918919,0.0,0.0,0.0,0.6275183150183149,0.026248236955569854,340.0,24.0,6.0,0.0,0.0,0.0,0.0,0.0,0.0,0.0,0.02702702702702703,0.3333333333333333,1.6666666666666667,machine_type,EOT Crane,0.0
Filter,severe,A,random_forest,test,ok,,top_10pct,0.04,0.008108108108108109,True,True,True,370,0.008108108108108109,0.9108108108108108,0.0,0.0,0.0,0.29427792915531337,0.008108108108108109,337.0,30.0,3.0,0.0,0.0,0.0,0.0,0.0,0.0,0.0,0.0,0.0,0.0,machine_type,CNC Lathe,0.0
Filter,severe,A,random_forest,test,ok,,top_10pct,0.04,0.010810810810810811,True,True,True,370,0.010810810810810811,0.8918918918918919,0.02631578947368421,0.25,0.047619047619047616,0.5580601092896175,0.015505479534389839,329.0,37.0,3.0,1.0,0.0,0.0,0.0,0.02702702702702703,0.25,2.5,0.013513513513513514,0.25,1.25,machine_type,Hydraulic Press,0.0
Filter,severe,A,random_forest,test,ok,,top_10pct,0.04,0.016216216216216217,True,True,True,370,0.016216216216216217,0.9054054054054054,0.03225806451612903,0.16666666666666666,0.05405405405405406,0.5714285714285714,0.023830257182791744,334.0,30.0,5.0,1.0,0.0,0.0,0.0,0.05405405405405406,0.3333333333333333,3.3333333333333335,0.02702702702702703,0.3333333333333333,1.6666666666666667,machine_type,Belt Conveyor,0.0
Filter,severe,A,random_forest,test,ok,,top_10pct,0.04,0.01891891891891892,True,True,True,370,0.01891891891891892,0.8567567567567568,0.020833333333333332,0.14285714285714285,0.03636363636363636,0.7091696182605274,0.03815648571030175,316.0,47.0,6.0,1.0,0.0,0.0,0.0,0.02702702702702703,0.14285714285714285,1.4285714285714286,0.02702702702702703,0.2857142857142857,1.4285714285714286,machine_type,Screw Compressor,0.0
Filter,severe,A,random_forest,test,ok,,top_10pct,0.04,0.016216216216216217,True,True,True,370,0.016216216216216217,0.8837837837837837,0.02564102564102564,0.16666666666666666,0.044444444444444446,0.6275183150183149,0.026248236955569854,326.0,38.0,5.0,1.0,0.0,0.0,0.0,0.0,0.0,0.0,0.02702702702702703,0.3333333333333333,1.6666666666666667,machine_type,EOT Crane,0.0
Electrical,affected,B,logistic_regression,test,ok,,f1,0.365678486060315,0.1837837837837838,True,True,True,370,0.1837837837837838,0.46756756756756757,0.25660377358490566,1.0,0.4084084084084084,0.6798305414881184,0.3137536410692829,105.0,197.0,0.0,68.0,0.3684210526315789,0.10294117647058823,2.004643962848297,0.35135135135135137,0.19117647058823528,1.911764705882353,0.28378378378378377,0.3088235294117647,1.5441176470588234,machine_type,CNC Lathe,0.4879090270291267
Electrical,affected,B,logistic_regression,test,ok,,f1,0.365678486060315,0.23513513513513515,True,True,True,370,0.23513513513513515,0.518918918918919,0.3269961977186312,0.9885057471264368,0.49142857142857144,0.693716745867349,0.3474183677848942,106.0,177.0,1.0,86.0,0.3157894736842105,0.06896551724137931,1.3430127041742286,0.40540540540540543,0.1724137931034483,1.7241379310344827,0.33783783783783783,0.28735632183908044,1.4367816091954022,machine_type,Hydraulic Press,0.4879090270291267
Electrical,affected,B,logistic_regression,test,ok,,f1,0.365678486060315,0.1891891891891892,True,True,True,370,0.1891891891891892,0.4810810810810811,0.26717557251908397,1.0,0.42168674698795183,0.6566666666666666,0.2499055593133134,108.0,192.0,0.0,70.0,0.21052631578947367,0.05714285714285714,1.112781954887218,0.1891891891891892,0.1,1.0,0.22972972972972974,0.24285714285714285,1.2142857142857142,machine_type,Belt Conveyor,0.4879090270291267
Electrical,affected,B,logistic_regression,test,ok,,f1,0.365678486060315,0.1945945945945946,True,True,True,370,0.1945945945945946,0.4810810810810811,0.2692307692307692,0.9722222222222222,0.42168674698795183,0.6633575689783744,0.264620171417585,108.0,190.0,2.0,70.0,0.2631578947368421,0.06944444444444445,1.3523391812865495,0.24324324324324326,0.125,1.25,0.20270270270270271,0.20833333333333334,1.0416666666666667,machine_type,Screw Compressor,0.4879090270291267
Electrical,affected,B,logistic_regression,test,ok,,f1,0.365678486060315,0.1864864864864865,True,True,True,370,0.1864864864864865,0.4783783783783784,0.26153846153846155,0.9855072463768116,0.4133738601823708,0.7534787423563964,0.36111854152304357,109.0,192.0,1.0,68.0,0.5263157894736842,0.14492753623188406,2.822273073989321,0.40540540540540543,0.21739130434782608,2.1739130434782608,0.3918918918918919,0.42028985507246375,2.101449275362319,machine_type,EOT Crane,0.4879090270291267
Electrical,affected,B,logistic_regression,test,ok,,top_10pct,0.7040974700312428,0.1837837837837838,True,True,True,370,0.1837837837837838,0.772972972972973,0.30952380952380953,0.19117647058823528,0.23636363636363636,0.6798305414881184,0.3137536410692829,273.0,29.0,55.0,13.0,0.3684210526315789,0.10294117647058823,2.004643962848297,0.35135135135135137,0.19117647058823528,1.911764705882353,0.28378378378378377,0.3088235294117647,1.5441176470588234,machine_type,CNC Lathe,0.4879090270291267
Electrical,affected,B,logistic_regression,test,ok,,top_10pct,0.7040974700312428,0.23513513513513515,True,True,True,370,0.23513513513513515,0.7027027027027027,0.3466666666666667,0.2988505747126437,0.32098765432098764,0.693716745867349,0.3474183677848942,234.0,49.0,61.0,26.0,0.3157894736842105,0.06896551724137931,1.3430127041742286,0.40540540540540543,0.1724137931034483,1.7241379310344827,0.33783783783783783,0.28735632183908044,1.4367816091954022,machine_type,Hydraulic Press,0.4879090270291267
Electrical,affected,B,logistic_regression,test,ok,,top_10pct,0.7040974700312428,0.1891891891891892,True,True,True,370,0.1891891891891892,0.7297297297297297,0.1590909090909091,0.1,0.12280701754385964,0.6566666666666666,0.2499055593133134,263.0,37.0,63.0,7.0,0.21052631578947367,0.05714285714285714,1.112781954887218,0.1891891891891892,0.1,1.0,0.22972972972972974,0.24285714285714285,1.2142857142857142,machine_type,Belt Conveyor,0.4879090270291267
Electrical,affected,B,logistic_regression,test,ok,,top_10pct,0.7040974700312428,0.1945945945945946,True,True,True,370,0.1945945945945946,0.6972972972972973,0.19696969696969696,0.18055555555555555,0.18840579710144928,0.6633575689783744,0.264620171417585,245.0,53.0,59.0,13.0,0.2631578947368421,0.06944444444444445,1.3523391812865495,0.24324324324324326,0.125,1.25,0.20270270270270271,0.20833333333333334,1.0416666666666667,machine_type,Screw Compressor,0.4879090270291267
Electrical,affected,B,logistic_regression,test,ok,,top_10pct,0.7040974700312428,0.1864864864864865,True,True,True,370,0.1864864864864865,0.7756756756756756,0.40789473684210525,0.4492753623188406,0.42758620689655175,0.7534787423563964,0.36111854152304357,256.0,45.0,38.0,31.0,0.5263157894736842,0.14492753623188406,2.822273073989321,0.40540540540540543,0.21739130434782608,2.1739130434782608,0.3918918918918919,0.42028985507246375,2.101449275362319,machine_type,EOT Crane,0.4879090270291267
Electrical,severe,A,logistic_regression,test,ok,,f1,0.4600889813945164,0.12972972972972974,True,True,True,370,0.12972972972972974,0.45675675675675675,0.18518518518518517,0.9375,0.30927835051546393,0.6433747412008282,0.1702172834800329,124.0,198.0,3.0,45.0,0.10526315789473684,0.041666666666666664,0.8114035087719297,0.16216216216216217,0.125,1.25,0.1891891891891892,0.2916666666666667,1.4583333333333333,machine_type,CNC Lathe,0.0
Electrical,severe,A,logistic_regression,test,ok,,f1,0.4600889813945164,0.15405405405405406,True,True,True,370,0.15405405405405406,0.46216216216216216,0.2204724409448819,0.9824561403508771,0.36012861736334406,0.6584272182052575,0.21088180643540183,115.0,198.0,1.0,56.0,0.15789473684210525,0.05263157894736842,1.0249307479224377,0.1891891891891892,0.12280701754385964,1.2280701754385965,0.21621621621621623,0.2807017543859649,1.4035087719298245,machine_type,Hydraulic Press,0.0
Electrical,severe,A,logistic_regression,test,ok,,f1,0.4600889813945164,0.10810810810810811,True,True,True,370,0.10810810810810811,0.46756756756756757,0.1511111111111111,0.85,0.25660377358490566,0.670530303030303,0.17276077266769393,139.0,191.0,6.0,34.0,0.15789473684210525,0.075,1.4605263157894735,0.21621621621621623,0.2,2.0,0.17567567567567569,0.325,1.625,machine_type,Belt Conveyor,0.0
Electrical,severe,A,logistic_regression,test,ok,,f1,0.4600889813945164,0.12432432432432433,True,True,True,370,0.12432432432432433,0.46756756756756757,0.18672199170124482,0.9782608695652174,0.313588850174216,0.7004830917874396,0.20889832824910956,128.0,196.0,1.0,45.0,0.21052631578947367,0.08695652173913043,1.6933638443935926,0.21621621621621623,0.17391304347826086,1.7391304347826086,0.21621621621621623,0.34782608695652173,1.7391304347826086,machine_type,Screw Compressor,0.0
Electrical,severe,A,logistic_regression,test,ok,,f1,0.4600889813945164,0.11081081081081082,True,True,True,370,0.11081081081081082,0.5081081081081081,0.16901408450704225,0.8780487804878049,0.28346456692913385,0.7323003929127436,0.2031538633635885,152.0,177.0,5.0,36.0,0.15789473684210525,0.07317073170731707,1.4249037227214376,0.1891891891891892,0.17073170731707318,1.7073170731707317,0.22972972972972974,0.4146341463414634,2.073170731707317,machine_type,EOT Crane,0.0
Electrical,severe,A,logistic_regression,test,ok,,top_10pct,0.6709951074302012,0.12972972972972974,True,True,True,370,0.12972972972972974,0.745945945945946,0.1891891891891892,0.2916666666666667,0.22950819672131148,0.6433747412008282,0.1702172834800329,262.0,60.0,34.0,14.0,0.10526315789473684,0.041666666666666664,0.8114035087719297,0.16216216216216217,0.125,1.25,0.1891891891891892,0.2916666666666667,1.4583333333333333,machine_type,CNC Lathe,0.0
Electrical,severe,A,logistic_regression,test,ok,,top_10pct,0.6709951074302012,0.15405405405405406,True,True,True,370,0.15405405405405406,0.7,0.2,0.3157894736842105,0.24489795918367346,0.6584272182052575,0.21088180643540183,241.0,72.0,39.0,18.0,0.15789473684210525,0.05263157894736842,1.0249307479224377,0.1891891891891892,0.12280701754385964,1.2280701754385965,0.21621621621621623,0.2807017543859649,1.4035087719298245,machine_type,Hydraulic Press,0.0
Electrical,severe,A,logistic_regression,test,ok,,top_10pct,0.6709951074302012,0.10810810810810811,True,True,True,370,0.10810810810810811,0.7918918918918919,0.20634920634920634,0.325,0.2524271844660194,0.670530303030303,0.17276077266769393,280.0,50.0,27.0,13.0,0.15789473684210525,0.075,1.4605263157894735,0.21621621621621623,0.2,2.0,0.17567567567567569,0.325,1.625,machine_type,Belt Conveyor,0.0
Electrical,severe,A,logistic_regression,test,ok,,top_10pct,0.6709951074302012,0.12432432432432433,True,True,True,370,0.12432432432432433,0.7054054054054054,0.1941747572815534,0.43478260869565216,0.2684563758389262,0.7004830917874396,0.20889832824910956,241.0,83.0,26.0,20.0,0.21052631578947367,0.08695652173913043,1.6933638443935926,0.21621621621621623,0.17391304347826086,1.7391304347826086,0.21621621621621623,0.34782608695652173,1.7391304347826086,machine_type,Screw Compressor,0.0
Electrical,severe,A,logistic_regression,test,ok,,top_10pct,0.6709951074302012,0.11081081081081082,True,True,True,370,0.11081081081081082,0.7945945945945946,0.2222222222222222,0.34146341463414637,0.2692307692307692,0.7323003929127436,0.2031538633635885,280.0,49.0,27.0,14.0,0.15789473684210525,0.07317073170731707,1.4249037227214376,0.1891891891891892,0.17073170731707318,1.7073170731707317,0.22972972972972974,0.4146341463414634,2.073170731707317,machine_type,EOT Crane,0.0
Coupling,affected,A,logistic_regression,test,ok,,f1,0.471654620877515,0.13513513513513514,True,True,True,370,0.13513513513513514,0.5054054054054054,0.1935483870967742,0.84,0.3146067415730337,0.6653125,0.20542745824206973,145.0,175.0,8.0,42.0,0.3157894736842105,0.12,2.3368421052631576,0.21621621621621623,0.16,1.6,0.16216216216216217,0.24,1.2,machine_type,CNC Lathe,0.0
Coupling,affected,A,logistic_regression,test,ok,,f1,0.471654620877515,0.20810810810810812,True,True,True,370,0.20810810810810812,0.5027027027027027,0.27615062761506276,0.8571428571428571,0.4177215189873418,0.6659279287265636,0.32656663113717643,120.0,173.0,11.0,66.0,0.42105263157894735,0.1038961038961039,2.0232399179767597,0.35135135135135137,0.16883116883116883,1.6883116883116882,0.2972972972972973,0.2857142857142857,1.4285714285714286,machine_type,Hydraulic Press,0.0
Coupling,affected,A,logistic_regression,test,ok,,f1,0.471654620877515,0.12162162162162163,True,True,True,370,0.12162162162162163,0.581081081081081,0.1839080459770115,0.7111111111111111,0.2922374429223744,0.718905982905983,0.2522152504727091,183.0,142.0,13.0,32.0,0.42105263157894735,0.17777777777777778,3.461988304093567,0.32432432432432434,0.26666666666666666,2.6666666666666665,0.20270270270270271,0.3333333333333333,1.6666666666666667,machine_type,Belt Conveyor,0.0
Coupling,affected,A,logistic_regression,test,ok,,f1,0.471654620877515,0.1972972972972973,True,True,True,370,0.1972972972972973,0.4972972972972973,0.26359832635983266,0.863013698630137,0.40384615384615385,0.6369632397029656,0.2517696792346733,121.0,176.0,10.0,63.0,0.15789473684210525,0.0410958904109589,0.8002883922134102,0.1891891891891892,0.0958904109589041,0.958904109589041,0.21621621621621623,0.2191780821917808,1.095890410958904,machine_type,Screw Compressor,0.0
Coupling,affected,A,logistic_regression,test,ok,,f1,0.471654620877515,0.1972972972972973,True,True,True,370,0.1972972972972973,0.5540540540540541,0.2850467289719626,0.8356164383561644,0.4250871080139373,0.696001106960011,0.29237293963908173,144.0,153.0,12.0,61.0,0.2631578947368421,0.0684931506849315,1.3338139870223502,0.2972972972972973,0.1506849315068493,1.5068493150684932,0.2972972972972973,0.3013698630136986,1.5068493150684932,machine_type,EOT Crane,0.0
Coupling,affected,A,logistic_regression,test,ok,,min_precision_70,0.8771025583249319,0.13513513513513514,True,True,True,370,0.13513513513513514,0.8648648648648649,0.0,0.0,0.0,0.6653125,0.20542745824206973,320.0,0.0,50.0,0.0,0.3157894736842105,0.12,2.3368421052631576,0.21621621621621623,0.16,1.6,0.16216216216216217,0.24,1.2,machine_type,CNC Lathe,0.0
Coupling,affected,A,logistic_regression,test,ok,,min_precision_70,0.8771025583249319,0.20810810810810812,True,True,True,370,0.20810810810810812,0.7918918918918919,0.0,0.0,0.0,0.6659279287265636,0.32656663113717643,293.0,0.0,77.0,0.0,0.42105263157894735,0.1038961038961039,2.0232399179767597,0.35135135135135137,0.16883116883116883,1.6883116883116882,0.2972972972972973,0.2857142857142857,1.4285714285714286,machine_type,Hydraulic Press,0.0
Coupling,affected,A,logistic_regression,test,ok,,min_precision_70,0.8771025583249319,0.12162162162162163,True,True,True,370,0.12162162162162163,0.8783783783783784,0.0,0.0,0.0,0.718905982905983,0.2522152504727091,325.0,0.0,45.0,0.0,0.42105263157894735,0.17777777777777778,3.461988304093567,0.32432432432432434,0.26666666666666666,2.6666666666666665,0.20270270270270271,0.3333333333333333,1.6666666666666667,machine_type,Belt Conveyor,0.0
Coupling,affected,A,logistic_regression,test,ok,,min_precision_70,0.8771025583249319,0.1972972972972973,True,True,True,370,0.1972972972972973,0.8027027027027027,0.0,0.0,0.0,0.6369632397029656,0.2517696792346733,297.0,0.0,73.0,0.0,0.15789473684210525,0.0410958904109589,0.8002883922134102,0.1891891891891892,0.0958904109589041,0.958904109589041,0.21621621621621623,0.2191780821917808,1.095890410958904,machine_type,Screw Compressor,0.0
Coupling,affected,A,logistic_regression,test,ok,,min_precision_70,0.8771025583249319,0.1972972972972973,True,True,True,370,0.1972972972972973,0.8,0.0,0.0,0.0,0.696001106960011,0.29237293963908173,296.0,1.0,73.0,0.0,0.2631578947368421,0.0684931506849315,1.3338139870223502,0.2972972972972973,0.1506849315068493,1.5068493150684932,0.2972972972972973,0.3013698630136986,1.5068493150684932,machine_type,EOT Crane,0.0
Coupling,affected,A,logistic_regression,test,ok,,min_precision_80,0.8771025583249319,0.13513513513513514,True,True,True,370,0.13513513513513514,0.8648648648648649,0.0,0.0,0.0,0.6653125,0.20542745824206973,320.0,0.0,50.0,0.0,0.3157894736842105,0.12,2.3368421052631576,0.21621621621621623,0.16,1.6,0.16216216216216217,0.24,1.2,machine_type,CNC Lathe,0.0
Coupling,affected,A,logistic_regression,test,ok,,min_precision_80,0.8771025583249319,0.20810810810810812,True,True,True,370,0.20810810810810812,0.7918918918918919,0.0,0.0,0.0,0.6659279287265636,0.32656663113717643,293.0,0.0,77.0,0.0,0.42105263157894735,0.1038961038961039,2.0232399179767597,0.35135135135135137,0.16883116883116883,1.6883116883116882,0.2972972972972973,0.2857142857142857,1.4285714285714286,machine_type,Hydraulic Press,0.0
Coupling,affected,A,logistic_regression,test,ok,,min_precision_80,0.8771025583249319,0.12162162162162163,True,True,True,370,0.12162162162162163,0.8783783783783784,0.0,0.0,0.0,0.718905982905983,0.2522152504727091,325.0,0.0,45.0,0.0,0.42105263157894735,0.17777777777777778,3.461988304093567,0.32432432432432434,0.26666666666666666,2.6666666666666665,0.20270270270270271,0.3333333333333333,1.6666666666666667,machine_type,Belt Conveyor,0.0
Coupling,affected,A,logistic_regression,test,ok,,min_precision_80,0.8771025583249319,0.1972972972972973,True,True,True,370,0.1972972972972973,0.8027027027027027,0.0,0.0,0.0,0.6369632397029656,0.2517696792346733,297.0,0.0,73.0,0.0,0.15789473684210525,0.0410958904109589,0.8002883922134102,0.1891891891891892,0.0958904109589041,0.958904109589041,0.21621621621621623,0.2191780821917808,1.095890410958904,machine_type,Screw Compressor,0.0
Coupling,affected,A,logistic_regression,test,ok,,min_precision_80,0.8771025583249319,0.1972972972972973,True,True,True,370,0.1972972972972973,0.8,0.0,0.0,0.0,0.696001106960011,0.29237293963908173,296.0,1.0,73.0,0.0,0.2631578947368421,0.0684931506849315,1.3338139870223502,0.2972972972972973,0.1506849315068493,1.5068493150684932,0.2972972972972973,0.3013698630136986,1.5068493150684932,machine_type,EOT Crane,0.0
Coupling,affected,A,logistic_regression,test,ok,,top_10pct,0.7080991171459879,0.13513513513513514,True,True,True,370,0.13513513513513514,0.8162162162162162,0.23529411764705882,0.16,0.19047619047619047,0.6653125,0.20542745824206973,294.0,26.0,42.0,8.0,0.3157894736842105,0.12,2.3368421052631576,0.21621621621621623,0.16,1.6,0.16216216216216217,0.24,1.2,machine_type,CNC Lathe,0.0
Coupling,affected,A,logistic_regression,test,ok,,top_10pct,0.7080991171459879,0.20810810810810812,True,True,True,370,0.20810810810810812,0.745945945945946,0.3333333333333333,0.22077922077922077,0.265625,0.6659279287265636,0.32656663113717643,259.0,34.0,60.0,17.0,0.42105263157894735,0.1038961038961039,2.0232399179767597,0.35135135135135137,0.16883116883116883,1.6883116883116882,0.2972972972972973,0.2857142857142857,1.4285714285714286,machine_type,Hydraulic Press,0.0
Coupling,affected,A,logistic_regression,test,ok,,top_10pct,0.7080991171459879,0.12162162162162163,True,True,True,370,0.12162162162162163,0.8648648648648649,0.35294117647058826,0.13333333333333333,0.1935483870967742,0.718905982905983,0.2522152504727091,314.0,11.0,39.0,6.0,0.42105263157894735,0.17777777777777778,3.461988304093567,0.32432432432432434,0.26666666666666666,2.6666666666666665,0.20270270270270271,0.3333333333333333,1.6666666666666667,machine_type,Belt Conveyor,0.0
Coupling,affected,A,logistic_regression,test,ok,,top_10pct,0.7080991171459879,0.1972972972972973,True,True,True,370,0.1972972972972973,0.7027027027027027,0.2153846153846154,0.1917808219178082,0.2028985507246377,0.6369632397029656,0.2517696792346733,246.0,51.0,59.0,14.0,0.15789473684210525,0.0410958904109589,0.8002883922134102,0.1891891891891892,0.0958904109589041,0.958904109589041,0.21621621621621623,0.2191780821917808,1.095890410958904,machine_type,Screw Compressor,0.0
Coupling,affected,A,logistic_regression,test,ok,,top_10pct,0.7080991171459879,0.1972972972972973,True,True,True,370,0.1972972972972973,0.7594594594594595,0.2894736842105263,0.1506849315068493,0.1981981981981982,0.696001106960011,0.29237293963908173,270.0,27.0,62.0,11.0,0.2631578947368421,0.0684931506849315,1.3338139870223502,0.2972972972972973,0.1506849315068493,1.5068493150684932,0.2972972972972973,0.3013698630136986,1.5068493150684932,machine_type,EOT Crane,0.0
Coupling,severe,A,random_forest,test,ok,,f1,0.06,0.002702702702702703,True,True,True,370,0.002702702702702703,0.9864864864864865,0.0,0.0,0.0,0.3861788617886179,0.002702702702702703,365.0,4.0,1.0,0.0,0.0,0.0,0.0,0.0,0.0,0.0,0.0,0.0,0.0,machine_type,CNC Lathe,0.0
Coupling,severe,A,random_forest,test,ok,,f1,0.06,0.013513513513513514,True,True,True,370,0.013513513513513514,0.9486486486486486,0.0625,0.2,0.09523809523809523,0.7476712328767123,0.038595559845559846,350.0,15.0,4.0,1.0,0.05263157894736842,0.2,3.894736842105263,0.02702702702702703,0.2,2.0,0.04054054054054054,0.6,3.0,machine_type,Hydraulic Press,0.0
Coupling,severe,A,random_forest,test,ok,,f1,0.06,0.010810810810810811,True,True,True,370,0.010810810810810811,0.9108108108108108,0.03225806451612903,0.25,0.05714285714285714,0.737363387978142,0.03850112569277655,336.0,30.0,3.0,1.0,0.05263157894736842,0.25,4.868421052631579,0.02702702702702703,0.25,2.5,0.02702702702702703,0.5,2.5,machine_type,Belt Conveyor,0.0
Coupling,severe,A,random_forest,test,ok,,f1,0.06,0.013513513513513514,True,True,True,370,0.013513513513513514,0.9459459459459459,0.10526315789473684,0.4,0.16666666666666666,0.7610958904109588,0.24696040578393522,348.0,17.0,3.0,2.0,0.10526315789473684,0.4,7.789473684210526,0.05405405405405406,0.4,4.0,0.02702702702702703,0.4,2.0,machine_type,Screw Compressor,0.0
Coupling,severe,A,random_forest,test,ok,,f1,0.06,0.008108108108108109,True,True,True,370,0.008108108108108109,0.927027027027027,0.0,0.0,0.0,0.4296094459582198,0.00770425598011805,343.0,24.0,3.0,0.0,0.0,0.0,0.0,0.0,0.0,0.0,0.0,0.0,0.0,machine_type,EOT Crane,0.0
Coupling,severe,A,random_forest,test,ok,,top_10pct,0.03,0.002702702702702703,True,True,True,370,0.002702702702702703,0.9513513513513514,0.0,0.0,0.0,0.3861788617886179,0.002702702702702703,352.0,17.0,1.0,0.0,0.0,0.0,0.0,0.0,0.0,0.0,0.0,0.0,0.0,machine_type,CNC Lathe,0.0
Coupling,severe,A,random_forest,test,ok,,top_10pct,0.03,0.013513513513513514,True,True,True,370,0.013513513513513514,0.8756756756756757,0.023255813953488372,0.2,0.041666666666666664,0.7476712328767123,0.038595559845559846,323.0,42.0,4.0,1.0,0.05263157894736842,0.2,3.894736842105263,0.02702702702702703,0.2,2.0,0.04054054054054054,0.6,3.0,machine_type,Hydraulic Press,0.0
Coupling,severe,A,random_forest,test,ok,,top_10pct,0.03,0.010810810810810811,True,True,True,370,0.010810810810810811,0.7054054054054054,0.01834862385321101,0.5,0.035398230088495575,0.737363387978142,0.03850112569277655,259.0,107.0,2.0,2.0,0.05263157894736842,0.25,4.868421052631579,0.02702702702702703,0.25,2.5,0.02702702702702703,0.5,2.5,machine_type,Belt Conveyor,0.0
Coupling,severe,A,random_forest,test,ok,,top_10pct,0.03,0.013513513513513514,True,True,True,370,0.013513513513513514,0.8351351351351352,0.03333333333333333,0.4,0.06153846153846154,0.7610958904109588,0.24696040578393522,307.0,58.0,3.0,2.0,0.10526315789473684,0.4,7.789473684210526,0.05405405405405406,0.4,4.0,0.02702702702702703,0.4,2.0,machine_type,Screw Compressor,0.0
Coupling,severe,A,random_forest,test,ok,,top_10pct,0.03,0.008108108108108109,True,True,True,370,0.008108108108108109,0.8432432432432433,0.0,0.0,0.0,0.4296094459582198,0.00770425598011805,312.0,55.0,3.0,0.0,0.0,0.0,0.0,0.0,0.0,0.0,0.0,0.0,0.0,machine_type,EOT Crane,0.0
Lubrication,affected,B,random_forest,test,ok,,f1,0.06,0.12162162162162163,True,True,True,370,0.12162162162162163,0.4081081081081081,0.16793893129770993,0.9777777777777777,0.28664495114006516,0.6467008547008547,0.16526223920858119,107.0,218.0,1.0,44.0,0.21052631578947367,0.08888888888888889,1.7309941520467835,0.13513513513513514,0.1111111111111111,1.1111111111111112,0.10810810810810811,0.17777777777777778,0.8888888888888888,machine_type,CNC Lathe,0.07266423904876915
Lubrication,affected,B,random_forest,test,ok,,f1,0.06,0.16756756756756758,True,True,True,370,0.16756756756756758,0.44324324324324327,0.23134328358208955,1.0,0.37575757575757573,0.6975806451612904,0.2886009105265227,102.0,206.0,0.0,62.0,0.3157894736842105,0.0967741935483871,1.8845500848896433,0.40540540540540543,0.24193548387096775,2.4193548387096775,0.28378378378378377,0.3387096774193548,1.693548387096774,machine_type,Hydraulic Press,0.07266423904876915
Lubrication,affected,B,random_forest,test,ok,,f1,0.06,0.12702702702702703,True,True,True,370,0.12702702702702703,0.4081081081081081,0.17669172932330826,1.0,0.3003194888178914,0.6952769909755615,0.2698618472128475,104.0,219.0,0.0,47.0,0.42105263157894735,0.1702127659574468,3.314669652855543,0.2972972972972973,0.23404255319148937,2.3404255319148937,0.24324324324324326,0.3829787234042553,1.9148936170212767,machine_type,Belt Conveyor,0.07266423904876915
Lubrication,affected,B,random_forest,test,ok,,f1,0.06,0.14054054054054055,True,True,True,370,0.14054054054054055,0.4297297297297297,0.19771863117870722,1.0,0.33015873015873015,0.6757075471698113,0.19705268501930318,107.0,211.0,0.0,52.0,0.15789473684210525,0.057692307692307696,1.123481781376518,0.1891891891891892,0.1346153846153846,1.3461538461538463,0.1891891891891892,0.2692307692307692,1.3461538461538463,machine_type,Screw Compressor,0.07266423904876915
Lubrication,affected,B,random_forest,test,ok,,f1,0.06,0.14324324324324325,True,True,True,370,0.14324324324324325,0.4189189189189189,0.19776119402985073,1.0,0.3302180685358255,0.677608475685971,0.229168803395057,102.0,215.0,0.0,53.0,0.21052631578947367,0.07547169811320754,1.4697120158887784,0.21621621621621623,0.1509433962264151,1.509433962264151,0.2702702702702703,0.37735849056603776,1.8867924528301887,machine_type,EOT Crane,0.07266423904876915
Lubrication,affected,B,random_forest,test,ok,,min_precision_70,0.4,0.12162162162162163,True,True,True,370,0.12162162162162163,0.8783783783783784,0.0,0.0,0.0,0.6467008547008547,0.16526223920858119,325.0,0.0,45.0,0.0,0.21052631578947367,0.08888888888888889,1.7309941520467835,0.13513513513513514,0.1111111111111111,1.1111111111111112,0.10810810810810811,0.17777777777777778,0.8888888888888888,machine_type,CNC Lathe,0.07266423904876915
Lubrication,affected,B,random_forest,test,ok,,min_precision_70,0.4,0.16756756756756758,True,True,True,370,0.16756756756756758,0.8297297297297297,0.0,0.0,0.0,0.6975806451612904,0.2886009105265227,307.0,1.0,62.0,0.0,0.3157894736842105,0.0967741935483871,1.8845500848896433,0.40540540540540543,0.24193548387096775,2.4193548387096775,0.28378378378378377,0.3387096774193548,1.693548387096774,machine_type,Hydraulic Press,0.07266423904876915
Lubrication,affected,B,random_forest,test,ok,,min_precision_70,0.4,0.12702702702702703,True,True,True,370,0.12702702702702703,0.8729729729729729,0.0,0.0,0.0,0.6952769909755615,0.2698618472128475,323.0,0.0,47.0,0.0,0.42105263157894735,0.1702127659574468,3.314669652855543,0.2972972972972973,0.23404255319148937,2.3404255319148937,0.24324324324324326,0.3829787234042553,1.9148936170212767,machine_type,Belt Conveyor,0.07266423904876915
Lubrication,affected,B,random_forest,test,ok,,min_precision_70,0.4,0.14054054054054055,True,True,True,370,0.14054054054054055,0.8486486486486486,0.0,0.0,0.0,0.6757075471698113,0.19705268501930318,314.0,4.0,52.0,0.0,0.15789473684210525,0.057692307692307696,1.123481781376518,0.1891891891891892,0.1346153846153846,1.3461538461538463,0.1891891891891892,0.2692307692307692,1.3461538461538463,machine_type,Screw Compressor,0.07266423904876915
Lubrication,affected,B,random_forest,test,ok,,min_precision_70,0.4,0.14324324324324325,True,True,True,370,0.14324324324324325,0.8567567567567568,0.5,0.018867924528301886,0.03636363636363636,0.677608475685971,0.229168803395057,316.0,1.0,52.0,1.0,0.21052631578947367,0.07547169811320754,1.4697120158887784,0.21621621621621623,0.1509433962264151,1.509433962264151,0.2702702702702703,0.37735849056603776,1.8867924528301887,machine_type,EOT Crane,0.07266423904876915
Lubrication,affected,B,random_forest,test,ok,,min_precision_80,0.4,0.12162162162162163,True,True,True,370,0.12162162162162163,0.8783783783783784,0.0,0.0,0.0,0.6467008547008547,0.16526223920858119,325.0,0.0,45.0,0.0,0.21052631578947367,0.08888888888888889,1.7309941520467835,0.13513513513513514,0.1111111111111111,1.1111111111111112,0.10810810810810811,0.17777777777777778,0.8888888888888888,machine_type,CNC Lathe,0.07266423904876915
Lubrication,affected,B,random_forest,test,ok,,min_precision_80,0.4,0.16756756756756758,True,True,True,370,0.16756756756756758,0.8297297297297297,0.0,0.0,0.0,0.6975806451612904,0.2886009105265227,307.0,1.0,62.0,0.0,0.3157894736842105,0.0967741935483871,1.8845500848896433,0.40540540540540543,0.24193548387096775,2.4193548387096775,0.28378378378378377,0.3387096774193548,1.693548387096774,machine_type,Hydraulic Press,0.07266423904876915
Lubrication,affected,B,random_forest,test,ok,,min_precision_80,0.4,0.12702702702702703,True,True,True,370,0.12702702702702703,0.8729729729729729,0.0,0.0,0.0,0.6952769909755615,0.2698618472128475,323.0,0.0,47.0,0.0,0.42105263157894735,0.1702127659574468,3.314669652855543,0.2972972972972973,0.23404255319148937,2.3404255319148937,0.24324324324324326,0.3829787234042553,1.9148936170212767,machine_type,Belt Conveyor,0.07266423904876915
Lubrication,affected,B,random_forest,test,ok,,min_precision_80,0.4,0.14054054054054055,True,True,True,370,0.14054054054054055,0.8486486486486486,0.0,0.0,0.0,0.6757075471698113,0.19705268501930318,314.0,4.0,52.0,0.0,0.15789473684210525,0.057692307692307696,1.123481781376518,0.1891891891891892,0.1346153846153846,1.3461538461538463,0.1891891891891892,0.2692307692307692,1.3461538461538463,machine_type,Screw Compressor,0.07266423904876915
Lubrication,affected,B,random_forest,test,ok,,min_precision_80,0.4,0.14324324324324325,True,True,True,370,0.14324324324324325,0.8567567567567568,0.5,0.018867924528301886,0.03636363636363636,0.677608475685971,0.229168803395057,316.0,1.0,52.0,1.0,0.21052631578947367,0.07547169811320754,1.4697120158887784,0.21621621621621623,0.1509433962264151,1.509433962264151,0.2702702702702703,0.37735849056603776,1.8867924528301887,machine_type,EOT Crane,0.07266423904876915
Lubrication,affected,B,random_forest,test,ok,,top_10pct,0.24,0.12162162162162163,True,True,True,370,0.12162162162162163,0.7945945945945946,0.12195121951219512,0.1111111111111111,0.11627906976744186,0.6467008547008547,0.16526223920858119,289.0,36.0,40.0,5.0,0.21052631578947367,0.08888888888888889,1.7309941520467835,0.13513513513513514,0.1111111111111111,1.1111111111111112,0.10810810810810811,0.17777777777777778,0.8888888888888888,machine_type,CNC Lathe,0.07266423904876915
Lubrication,affected,B,random_forest,test,ok,,top_10pct,0.24,0.16756756756756758,True,True,True,370,0.16756756756756758,0.8,0.375,0.2903225806451613,0.32727272727272727,0.6975806451612904,0.2886009105265227,278.0,30.0,44.0,18.0,0.3157894736842105,0.0967741935483871,1.8845500848896433,0.40540540540540543,0.24193548387096775,2.4193548387096775,0.28378378378378377,0.3387096774193548,1.693548387096774,machine_type,Hydraulic Press,0.07266423904876915
Lubrication,affected,B,random_forest,test,ok,,top_10pct,0.24,0.12702702702702703,True,True,True,370,0.12702702702702703,0.7810810810810811,0.2571428571428571,0.3829787234042553,0.3076923076923077,0.6952769909755615,0.2698618472128475,271.0,52.0,29.0,18.0,0.42105263157894735,0.1702127659574468,3.314669652855543,0.2972972972972973,0.23404255319148937,2.3404255319148937,0.24324324324324326,0.3829787234042553,1.9148936170212767,machine_type,Belt Conveyor,0.07266423904876915
Lubrication,affected,B,random_forest,test,ok,,top_10pct,0.24,0.14054054054054055,True,True,True,370,0.14054054054054055,0.7621621621621621,0.1896551724137931,0.21153846153846154,0.2,0.6757075471698113,0.19705268501930318,271.0,47.0,41.0,11.0,0.15789473684210525,0.057692307692307696,1.123481781376518,0.1891891891891892,0.1346153846153846,1.3461538461538463,0.1891891891891892,0.2692307692307692,1.3461538461538463,machine_type,Screw Compressor,0.07266423904876915
Lubrication,affected,B,random_forest,test,ok,,top_10pct,0.24,0.14324324324324325,True,True,True,370,0.14324324324324325,0.7675675675675676,0.2608695652173913,0.33962264150943394,0.29508196721311475,0.677608475685971,0.229168803395057,266.0,51.0,35.0,18.0,0.21052631578947367,0.07547169811320754,1.4697120158887784,0.21621621621621623,0.1509433962264151,1.509433962264151,0.2702702702702703,0.37735849056603776,1.8867924528301887,machine_type,EOT Crane,0.07266423904876915
Lubrication,severe,C,hist_gradient_boosting,test,ok,,f1,2.5841621930197658e-05,0.002702702702702703,True,True,True,370,0.002702702702702703,0.9864864864864865,0.0,0.0,0.0,0.6612466124661247,0.007936507936507936,365.0,4.0,1.0,0.0,0.0,0.0,0.0,0.0,0.0,0.0,0.0,0.0,0.0,machine_type,CNC Lathe,0.010475789099369746
Lubrication,severe,C,hist_gradient_boosting,test,ok,,f1,2.5841621930197658e-05,0.002702702702702703,True,True,True,370,0.002702702702702703,0.981081081081081,0.0,0.0,0.0,0.1869918699186992,0.0033222591362126247,363.0,6.0,1.0,0.0,0.0,0.0,0.0,0.0,0.0,0.0,0.0,0.0,0.0,machine_type,Hydraulic Press,0.010475789099369746
Lubrication,severe,C,hist_gradient_boosting,test,ok,,f1,2.5841621930197658e-05,0.002702702702702703,True,True,True,370,0.002702702702702703,0.9702702702702702,0.0,0.0,0.0,0.9105691056910569,0.029411764705882353,359.0,10.0,1.0,0.0,0.0,0.0,0.0,0.02702702702702703,1.0,10.0,0.013513513513513514,1.0,5.0,machine_type,Belt Conveyor,0.010475789099369746
Lubrication,severe,C,hist_gradient_boosting,test,ok,,f1,2.5841621930197658e-05,0.002702702702702703,True,True,True,370,0.002702702702702703,0.9891891891891892,0.0,0.0,0.0,0.2195121951219512,0.0034602076124567475,366.0,3.0,1.0,0.0,0.0,0.0,0.0,0.0,0.0,0.0,0.0,0.0,0.0,machine_type,Screw Compressor,0.010475789099369746
Lubrication,severe,C,hist_gradient_boosting,test,ok,,f1,2.5841621930197658e-05,0.005405405405405406,True,True,True,370,0.005405405405405406,0.9756756756756757,0.0,0.0,0.0,0.5502717391304348,0.012243878060969516,361.0,7.0,2.0,0.0,0.0,0.0,0.0,0.0,0.0,0.0,0.013513513513513514,0.5,2.5,machine_type,EOT Crane,0.010475789099369746
Lubrication,severe,C,hist_gradient_boosting,test,ok,,top_10pct,6.1935819318576735e-06,0.002702702702702703,True,True,True,370,0.002702702702702703,0.9216216216216216,0.0,0.0,0.0,0.6612466124661247,0.007936507936507936,341.0,28.0,1.0,0.0,0.0,0.0,0.0,0.0,0.0,0.0,0.0,0.0,0.0,machine_type,CNC Lathe,0.010475789099369746
Lubrication,severe,C,hist_gradient_boosting,test,ok,,top_10pct,6.1935819318576735e-06,0.002702702702702703,True,True,True,370,0.002702702702702703,0.9243243243243243,0.0,0.0,0.0,0.1869918699186992,0.0033222591362126247,342.0,27.0,1.0,0.0,0.0,0.0,0.0,0.0,0.0,0.0,0.0,0.0,0.0,machine_type,Hydraulic Press,0.010475789099369746
Lubrication,severe,C,hist_gradient_boosting,test,ok,,top_10pct,6.1935819318576735e-06,0.002702702702702703,True,True,True,370,0.002702702702702703,0.9027027027027027,0.02702702702702703,1.0,0.05263157894736842,0.9105691056910569,0.029411764705882353,333.0,36.0,0.0,1.0,0.0,0.0,0.0,0.02702702702702703,1.0,10.0,0.013513513513513514,1.0,5.0,machine_type,Belt Conveyor,0.010475789099369746
Lubrication,severe,C,hist_gradient_boosting,test,ok,,top_10pct,6.1935819318576735e-06,0.002702702702702703,True,True,True,370,0.002702702702702703,0.9432432432432433,0.0,0.0,0.0,0.2195121951219512,0.0034602076124567475,349.0,20.0,1.0,0.0,0.0,0.0,0.0,0.0,0.0,0.0,0.0,0.0,0.0,machine_type,Screw Compressor,0.010475789099369746
Lubrication,severe,C,hist_gradient_boosting,test,ok,,top_10pct,6.1935819318576735e-06,0.005405405405405406,True,True,True,370,0.005405405405405406,0.8729729729729729,0.0,0.0,0.0,0.5502717391304348,0.012243878060969516,323.0,45.0,2.0,0.0,0.0,0.0,0.0,0.0,0.0,0.0,0.013513513513513514,0.5,2.5,machine_type,EOT Crane,0.010475789099369746
Sensor,affected,C,logistic_regression,test,ok,,f1,0.3681653083880816,0.20810810810810812,True,True,True,370,0.20810810810810812,0.5,0.29389312977099236,1.0,0.45427728613569324,0.7087451797349409,0.34540090397150425,108.0,185.0,0.0,77.0,0.3157894736842105,0.07792207792207792,1.5174299384825698,0.40540540540540543,0.19480519480519481,1.948051948051948,0.32432432432432434,0.3116883116883117,1.5584415584415585,machine_type,CNC Lathe,0.7614602689645442
Sensor,affected,C,logistic_regression,test,ok,,f1,0.3681653083880816,0.24324324324324326,True,True,True,370,0.24324324324324326,0.5243243243243243,0.3371212121212121,0.9888888888888889,0.5028248587570622,0.635436507936508,0.2857419060146328,105.0,175.0,1.0,89.0,0.15789473684210525,0.03333333333333333,0.6491228070175438,0.16216216216216217,0.06666666666666667,0.6666666666666666,0.24324324324324326,0.2,1.0,machine_type,Hydraulic Press,0.7614602689645442
Sensor,affected,C,logistic_regression,test,ok,,f1,0.3681653083880816,0.2,True,True,True,370,0.2,0.5108108108108108,0.2816326530612245,0.9324324324324325,0.43260188087774293,0.6740777940102265,0.3430587477345608,120.0,176.0,5.0,69.0,0.5789473684210527,0.14864864864864866,2.8947368421052633,0.43243243243243246,0.21621621621621623,2.1621621621621623,0.25675675675675674,0.25675675675675674,1.2837837837837835,machine_type,Belt Conveyor,0.7614602689645442
Sensor,affected,C,logistic_regression,test,ok,,f1,0.3681653083880816,0.22702702702702704,True,True,True,370,0.22702702702702704,0.518918918918919,0.3134920634920635,0.9404761904761905,0.47023809523809523,0.69501332001332,0.3372867544479662,113.0,173.0,5.0,79.0,0.42105263157894735,0.09523809523809523,1.8546365914786966,0.2972972972972973,0.13095238095238096,1.3095238095238095,0.32432432432432434,0.2857142857142857,1.4285714285714286,machine_type,Screw Compressor,0.7614602689645442
Sensor,affected,C,logistic_regression,test,ok,,f1,0.3681653083880816,0.2,True,True,True,370,0.2,0.5054054054054054,0.28112449799196787,0.9459459459459459,0.43343653250773995,0.7253926223520818,0.341264470484592,117.0,179.0,4.0,70.0,0.2631578947368421,0.06756756756756757,1.3157894736842104,0.32432432432432434,0.16216216216216217,1.6216216216216217,0.36486486486486486,0.36486486486486486,1.8243243243243241,machine_type,EOT Crane,0.7614602689645442
Sensor,affected,C,logistic_regression,test,ok,,min_precision_70,0.9217703024613237,0.20810810810810812,True,True,True,370,0.20810810810810812,0.7918918918918919,0.0,0.0,0.0,0.7087451797349409,0.34540090397150425,293.0,0.0,77.0,0.0,0.3157894736842105,0.07792207792207792,1.5174299384825698,0.40540540540540543,0.19480519480519481,1.948051948051948,0.32432432432432434,0.3116883116883117,1.5584415584415585,machine_type,CNC Lathe,0.7614602689645442
Sensor,affected,C,logistic_regression,test,ok,,min_precision_70,0.9217703024613237,0.24324324324324326,True,True,True,370,0.24324324324324326,0.7567567567567568,0.0,0.0,0.0,0.635436507936508,0.2857419060146328,280.0,0.0,90.0,0.0,0.15789473684210525,0.03333333333333333,0.6491228070175438,0.16216216216216217,0.06666666666666667,0.6666666666666666,0.24324324324324326,0.2,1.0,machine_type,Hydraulic Press,0.7614602689645442
Sensor,affected,C,logistic_regression,test,ok,,min_precision_70,0.9217703024613237,0.2,True,True,True,370,0.2,0.8,0.0,0.0,0.0,0.6740777940102265,0.3430587477345608,296.0,0.0,74.0,0.0,0.5789473684210527,0.14864864864864866,2.8947368421052633,0.43243243243243246,0.21621621621621623,2.1621621621621623,0.25675675675675674,0.25675675675675674,1.2837837837837835,machine_type,Belt Conveyor,0.7614602689645442
Sensor,affected,C,logistic_regression,test,ok,,min_precision_70,0.9217703024613237,0.22702702702702704,True,True,True,370,0.22702702702702704,0.772972972972973,0.0,0.0,0.0,0.69501332001332,0.3372867544479662,286.0,0.0,84.0,0.0,0.42105263157894735,0.09523809523809523,1.8546365914786966,0.2972972972972973,0.13095238095238096,1.3095238095238095,0.32432432432432434,0.2857142857142857,1.4285714285714286,machine_type,Screw Compressor,0.7614602689645442
Sensor,affected,C,logistic_regression,test,ok,,min_precision_70,0.9217703024613237,0.2,True,True,True,370,0.2,0.8,0.0,0.0,0.0,0.7253926223520818,0.341264470484592,296.0,0.0,74.0,0.0,0.2631578947368421,0.06756756756756757,1.3157894736842104,0.32432432432432434,0.16216216216216217,1.6216216216216217,0.36486486486486486,0.36486486486486486,1.8243243243243241,machine_type,EOT Crane,0.7614602689645442
Sensor,affected,C,logistic_regression,test,ok,,min_precision_80,0.9217703024613237,0.20810810810810812,True,True,True,370,0.20810810810810812,0.7918918918918919,0.0,0.0,0.0,0.7087451797349409,0.34540090397150425,293.0,0.0,77.0,0.0,0.3157894736842105,0.07792207792207792,1.5174299384825698,0.40540540540540543,0.19480519480519481,1.948051948051948,0.32432432432432434,0.3116883116883117,1.5584415584415585,machine_type,CNC Lathe,0.7614602689645442
Sensor,affected,C,logistic_regression,test,ok,,min_precision_80,0.9217703024613237,0.24324324324324326,True,True,True,370,0.24324324324324326,0.7567567567567568,0.0,0.0,0.0,0.635436507936508,0.2857419060146328,280.0,0.0,90.0,0.0,0.15789473684210525,0.03333333333333333,0.6491228070175438,0.16216216216216217,0.06666666666666667,0.6666666666666666,0.24324324324324326,0.2,1.0,machine_type,Hydraulic Press,0.7614602689645442
Sensor,affected,C,logistic_regression,test,ok,,min_precision_80,0.9217703024613237,0.2,True,True,True,370,0.2,0.8,0.0,0.0,0.0,0.6740777940102265,0.3430587477345608,296.0,0.0,74.0,0.0,0.5789473684210527,0.14864864864864866,2.8947368421052633,0.43243243243243246,0.21621621621621623,2.1621621621621623,0.25675675675675674,0.25675675675675674,1.2837837837837835,machine_type,Belt Conveyor,0.7614602689645442
Sensor,affected,C,logistic_regression,test,ok,,min_precision_80,0.9217703024613237,0.22702702702702704,True,True,True,370,0.22702702702702704,0.772972972972973,0.0,0.0,0.0,0.69501332001332,0.3372867544479662,286.0,0.0,84.0,0.0,0.42105263157894735,0.09523809523809523,1.8546365914786966,0.2972972972972973,0.13095238095238096,1.3095238095238095,0.32432432432432434,0.2857142857142857,1.4285714285714286,machine_type,Screw Compressor,0.7614602689645442
Sensor,affected,C,logistic_regression,test,ok,,min_precision_80,0.9217703024613237,0.2,True,True,True,370,0.2,0.8,0.0,0.0,0.0,0.7253926223520818,0.341264470484592,296.0,0.0,74.0,0.0,0.2631578947368421,0.06756756756756757,1.3157894736842104,0.32432432432432434,0.16216216216216217,1.6216216216216217,0.36486486486486486,0.36486486486486486,1.8243243243243241,machine_type,EOT Crane,0.7614602689645442
Sensor,affected,C,logistic_regression,test,ok,,top_10pct,0.7193978951783944,0.20810810810810812,True,True,True,370,0.20810810810810812,0.7675675675675676,0.38461538461538464,0.19480519480519481,0.25862068965517243,0.7087451797349409,0.34540090397150425,269.0,24.0,62.0,15.0,0.3157894736842105,0.07792207792207792,1.5174299384825698,0.40540540540540543,0.19480519480519481,1.948051948051948,0.32432432432432434,0.3116883116883117,1.5584415584415585,machine_type,CNC Lathe,0.7614602689645442
Sensor,affected,C,logistic_regression,test,ok,,top_10pct,0.7193978951783944,0.24324324324324326,True,True,True,370,0.24324324324324326,0.6621621621621622,0.2463768115942029,0.18888888888888888,0.2138364779874214,0.635436507936508,0.2857419060146328,228.0,52.0,73.0,17.0,0.15789473684210525,0.03333333333333333,0.6491228070175438,0.16216216216216217,0.06666666666666667,0.6666666666666666,0.24324324324324326,0.2,1.0,machine_type,Hydraulic Press,0.7614602689645442
Sensor,affected,C,logistic_regression,test,ok,,top_10pct,0.7193978951783944,0.2,True,True,True,370,0.2,0.8081081081081081,0.5714285714285714,0.16216216216216217,0.25263157894736843,0.6740777940102265,0.3430587477345608,287.0,9.0,62.0,12.0,0.5789473684210527,0.14864864864864866,2.8947368421052633,0.43243243243243246,0.21621621621621623,2.1621621621621623,0.25675675675675674,0.25675675675675674,1.2837837837837835,machine_type,Belt Conveyor,0.7614602689645442
Sensor,affected,C,logistic_regression,test,ok,,top_10pct,0.7193978951783944,0.22702702702702704,True,True,True,370,0.22702702702702704,0.7378378378378379,0.3142857142857143,0.13095238095238096,0.18487394957983194,0.69501332001332,0.3372867544479662,262.0,24.0,73.0,11.0,0.42105263157894735,0.09523809523809523,1.8546365914786966,0.2972972972972973,0.13095238095238096,1.3095238095238095,0.32432432432432434,0.2857142857142857,1.4285714285714286,machine_type,Screw Compressor,0.7614602689645442
Sensor,affected,C,logistic_regression,test,ok,,top_10pct,0.7193978951783944,0.2,True,True,True,370,0.2,0.7513513513513513,0.29545454545454547,0.17567567567567569,0.22033898305084745,0.7253926223520818,0.341264470484592,265.0,31.0,61.0,13.0,0.2631578947368421,0.06756756756756757,1.3157894736842104,0.32432432432432434,0.16216216216216217,1.6216216216216217,0.36486486486486486,0.36486486486486486,1.8243243243243241,machine_type,EOT Crane,0.7614602689645442
Sensor,severe,A,random_forest,test,ok,,f1,0.15,0.11621621621621622,True,True,True,370,0.11621621621621622,0.6189189189189189,0.16891891891891891,0.5813953488372093,0.2617801047120419,0.6980655714387313,0.21789615371316495,204.0,123.0,18.0,25.0,0.3157894736842105,0.13953488372093023,2.717258261933904,0.24324324324324326,0.20930232558139536,2.0930232558139537,0.22972972972972974,0.3953488372093023,1.9767441860465116,machine_type,CNC Lathe,0.0
Sensor,severe,A,random_forest,test,ok,,f1,0.15,0.16486486486486487,True,True,True,370,0.16486486486486487,0.5648648648648649,0.23118279569892472,0.7049180327868853,0.3481781376518219,0.6808584009761791,0.23934355713950767,166.0,143.0,18.0,43.0,0.21052631578947367,0.06557377049180328,1.2769628990509059,0.21621621621621623,0.13114754098360656,1.3114754098360655,0.2702702702702703,0.32786885245901637,1.639344262295082,machine_type,Hydraulic Press,0.0
Sensor,severe,A,random_forest,test,ok,,f1,0.15,0.12432432432432433,True,True,True,370,0.12432432432432433,0.6081081081081081,0.19254658385093168,0.6739130434782609,0.2995169082125604,0.6903515834675256,0.21515323498164807,194.0,130.0,15.0,31.0,0.21052631578947367,0.08695652173913043,1.6933638443935926,0.24324324324324326,0.1956521739130435,1.9565217391304348,0.20270270270270271,0.32608695652173914,1.6304347826086956,machine_type,Belt Conveyor,0.0
Sensor,severe,A,random_forest,test,ok,,f1,0.15,0.14054054054054055,True,True,True,370,0.14054054054054055,0.5243243243243243,0.15555555555555556,0.5384615384615384,0.2413793103448276,0.5887760038703436,0.1730675639828742,166.0,152.0,24.0,28.0,0.21052631578947367,0.07692307692307693,1.4979757085020242,0.1891891891891892,0.1346153846153846,1.3461538461538463,0.16216216216216217,0.23076923076923078,1.1538461538461537,machine_type,Screw Compressor,0.0
Sensor,severe,A,random_forest,test,ok,,f1,0.15,0.12162162162162163,True,True,True,370,0.12162162162162163,0.7351351351351352,0.18823529411764706,0.35555555555555557,0.24615384615384617,0.6648547008547009,0.21352997794230383,256.0,69.0,29.0,16.0,0.2631578947368421,0.1111111111111111,2.1637426900584793,0.21621621621621623,0.17777777777777778,1.7777777777777777,0.20270270270270271,0.3333333333333333,1.6666666666666667,machine_type,EOT Crane,0.0
Sensor,severe,A,random_forest,test,ok,,top_10pct,0.27,0.11621621621621622,True,True,True,370,0.11621621621621622,0.8351351351351352,0.275,0.2558139534883721,0.26506024096385544,0.6980655714387313,0.21789615371316495,298.0,29.0,32.0,11.0,0.3157894736842105,0.13953488372093023,2.717258261933904,0.24324324324324326,0.20930232558139536,2.0930232558139537,0.22972972972972974,0.3953488372093023,1.9767441860465116,machine_type,CNC Lathe,0.0
Sensor,severe,A,random_forest,test,ok,,top_10pct,0.27,0.16486486486486487,True,True,True,370,0.16486486486486487,0.7405405405405405,0.2535211267605634,0.29508196721311475,0.2727272727272727,0.6808584009761791,0.23934355713950767,256.0,53.0,43.0,18.0,0.21052631578947367,0.06557377049180328,1.2769628990509059,0.21621621621621623,0.13114754098360656,1.3114754098360655,0.2702702702702703,0.32786885245901637,1.639344262295082,machine_type,Hydraulic Press,0.0
Sensor,severe,A,random_forest,test,ok,,top_10pct,0.27,0.12432432432432433,True,True,True,370,0.12432432432432433,0.8378378378378378,0.25,0.15217391304347827,0.1891891891891892,0.6903515834675256,0.21515323498164807,303.0,21.0,39.0,7.0,0.21052631578947367,0.08695652173913043,1.6933638443935926,0.24324324324324326,0.1956521739130435,1.9565217391304348,0.20270270270270271,0.32608695652173914,1.6304347826086956,machine_type,Belt Conveyor,0.0
Sensor,severe,A,random_forest,test,ok,,top_10pct,0.27,0.14054054054054055,True,True,True,370,0.14054054054054055,0.8081081081081081,0.1935483870967742,0.11538461538461539,0.14457831325301204,0.5887760038703436,0.1730675639828742,293.0,25.0,46.0,6.0,0.21052631578947367,0.07692307692307693,1.4979757085020242,0.1891891891891892,0.1346153846153846,1.3461538461538463,0.16216216216216217,0.23076923076923078,1.1538461538461537,machine_type,Screw Compressor,0.0
Sensor,severe,A,random_forest,test,ok,,top_10pct,0.27,0.12162162162162163,True,True,True,370,0.12162162162162163,0.8675675675675676,0.25,0.044444444444444446,0.07547169811320754,0.6648547008547009,0.21352997794230383,319.0,6.0,43.0,2.0,0.2631578947368421,0.1111111111111111,2.1637426900584793,0.21621621621621623,0.17777777777777778,1.7777777777777777,0.20270270270270271,0.3333333333333333,1.6666666666666667,machine_type,EOT Crane,0.0
Fastener,affected,C,logistic_regression,test,ok,,f1,0.5350529624983165,0.10810810810810811,True,True,True,370,0.10810810810810811,0.5702702702702702,0.15204678362573099,0.65,0.24644549763033174,0.6810606060606061,0.18151602888952711,185.0,145.0,14.0,26.0,0.21052631578947367,0.1,1.9473684210526314,0.16216216216216217,0.15,1.5,0.1891891891891892,0.35,1.75,machine_type,CNC Lathe,0.7502617871141486
Fastener,affected,C,logistic_regression,test,ok,,f1,0.5350529624983165,0.17297297297297298,True,True,True,370,0.17297297297297298,0.5486486486486486,0.2535885167464115,0.828125,0.3882783882783883,0.7055759803921569,0.302648248639793,150.0,156.0,11.0,53.0,0.2631578947368421,0.078125,1.5213815789473684,0.35135135135135137,0.203125,2.03125,0.32432432432432434,0.375,1.875,machine_type,Hydraulic Press,0.7502617871141486
Fastener,affected,C,logistic_regression,test,ok,,f1,0.5350529624983165,0.1,True,True,True,370,0.1,0.6135135135135135,0.13194444444444445,0.5135135135135135,0.20994475138121546,0.6622027432838244,0.13975318097609168,208.0,125.0,18.0,19.0,0.05263157894736842,0.02702702702702703,0.5263157894736842,0.08108108108108109,0.08108108108108109,0.8108108108108109,0.14864864864864866,0.2972972972972973,1.4864864864864864,machine_type,Belt Conveyor,0.7502617871141486
Fastener,affected,C,logistic_regression,test,ok,,f1,0.5350529624983165,0.16756756756756758,True,True,True,370,0.16756756756756758,0.5972972972972973,0.21935483870967742,0.5483870967741935,0.31336405529953915,0.6649560117302054,0.2421297570748219,187.0,121.0,28.0,34.0,0.21052631578947367,0.06451612903225806,1.2563667232597622,0.32432432432432434,0.1935483870967742,1.935483870967742,0.25675675675675674,0.3064516129032258,1.5322580645161288,machine_type,Screw Compressor,0.7502617871141486
Fastener,affected,C,logistic_regression,test,ok,,f1,0.5350529624983165,0.16216216216216217,True,True,True,370,0.16216216216216217,0.5891891891891892,0.2125,0.5666666666666667,0.3090909090909091,0.6440860215053763,0.22462542143763223,184.0,126.0,26.0,34.0,0.15789473684210525,0.05,0.9736842105263157,0.16216216216216217,0.1,1.0,0.14864864864864866,0.18333333333333332,0.9166666666666666,machine_type,EOT Crane,0.7502617871141486
Fastener,affected,C,logistic_regression,test,ok,,top_10pct,0.7173709787847585,0.10810810810810811,True,True,True,370,0.10810810810810811,0.8594594594594595,0.2,0.1,0.13333333333333333,0.6810606060606061,0.18151602888952711,314.0,16.0,36.0,4.0,0.21052631578947367,0.1,1.9473684210526314,0.16216216216216217,0.15,1.5,0.1891891891891892,0.35,1.75,machine_type,CNC Lathe,0.7502617871141486
Fastener,affected,C,logistic_regression,test,ok,,top_10pct,0.7173709787847585,0.17297297297297298,True,True,True,370,0.17297297297297298,0.7594594594594595,0.323943661971831,0.359375,0.34074074074074073,0.7055759803921569,0.302648248639793,258.0,48.0,41.0,23.0,0.2631578947368421,0.078125,1.5213815789473684,0.35135135135135137,0.203125,2.03125,0.32432432432432434,0.375,1.875,machine_type,Hydraulic Press,0.7502617871141486
Fastener,affected,C,logistic_regression,test,ok,,top_10pct,0.7173709787847585,0.1,True,True,True,370,0.1,0.8324324324324325,0.0967741935483871,0.08108108108108109,0.08823529411764706,0.6622027432838244,0.13975318097609168,305.0,28.0,34.0,3.0,0.05263157894736842,0.02702702702702703,0.5263157894736842,0.08108108108108109,0.08108108108108109,0.8108108108108109,0.14864864864864866,0.2972972972972973,1.4864864864864864,machine_type,Belt Conveyor,0.7502617871141486
Fastener,affected,C,logistic_regression,test,ok,,top_10pct,0.7173709787847585,0.16756756756756758,True,True,True,370,0.16756756756756758,0.8,0.2692307692307692,0.11290322580645161,0.1590909090909091,0.6649560117302054,0.2421297570748219,289.0,19.0,55.0,7.0,0.21052631578947367,0.06451612903225806,1.2563667232597622,0.32432432432432434,0.1935483870967742,1.935483870967742,0.25675675675675674,0.3064516129032258,1.5322580645161288,machine_type,Screw Compressor,0.7502617871141486
Fastener,affected,C,logistic_regression,test,ok,,top_10pct,0.7173709787847585,0.16216216216216217,True,True,True,370,0.16216216216216217,0.7513513513513513,0.13636363636363635,0.1,0.11538461538461539,0.6440860215053763,0.22462542143763223,272.0,38.0,54.0,6.0,0.15789473684210525,0.05,0.9736842105263157,0.16216216216216217,0.1,1.0,0.14864864864864866,0.18333333333333332,0.9166666666666666,machine_type,EOT Crane,0.7502617871141486
Fastener,severe,B,random_forest,test,ok,,f1,0.08,0.010810810810810811,True,True,True,370,0.010810810810810811,0.9864864864864865,0.0,0.0,0.0,0.5,0.012072072072072074,365.0,1.0,4.0,0.0,0.0,0.0,0.0,0.0,0.0,0.0,0.0,0.0,0.0,machine_type,CNC Lathe,0.021465844775789947
Fastener,severe,B,random_forest,test,ok,,f1,0.08,0.013513513513513514,True,True,True,370,0.013513513513513514,0.9837837837837838,0.0,0.0,0.0,0.6561643835616437,0.021920194072092808,364.0,1.0,5.0,0.0,0.0,0.0,0.0,0.0,0.0,0.0,0.02702702702702703,0.4,2.0,machine_type,Hydraulic Press,0.021465844775789947
Fastener,severe,B,random_forest,test,ok,,f1,0.08,0.005405405405405406,True,True,True,370,0.005405405405405406,0.9918918918918919,0.0,0.0,0.0,0.7832880434782609,0.029975124378109452,367.0,1.0,2.0,0.0,0.05263157894736842,0.5,9.736842105263158,0.02702702702702703,0.5,5.0,0.013513513513513514,0.5,2.5,machine_type,Belt Conveyor,0.021465844775789947
Fastener,severe,B,random_forest,test,ok,,f1,0.08,0.016216216216216217,True,True,True,370,0.016216216216216217,0.9783783783783784,0.25,0.16666666666666666,0.2,0.5086996336996337,0.057379438261791205,361.0,3.0,5.0,1.0,0.05263157894736842,0.16666666666666666,3.2456140350877187,0.02702702702702703,0.16666666666666666,1.6666666666666667,0.02702702702702703,0.3333333333333333,1.6666666666666667,machine_type,Screw Compressor,0.021465844775789947
Fastener,severe,B,random_forest,test,ok,,f1,0.08,0.005405405405405406,True,True,True,370,0.005405405405405406,0.9702702702702702,0.0,0.0,0.0,0.5896739130434783,0.01994408201304753,359.0,9.0,2.0,0.0,0.0,0.0,0.0,0.02702702702702703,0.5,5.0,0.013513513513513514,0.5,2.5,machine_type,EOT Crane,0.021465844775789947
Fastener,severe,B,random_forest,test,ok,,top_10pct,0.03,0.010810810810810811,True,True,True,370,0.010810810810810811,0.9135135135135135,0.0,0.0,0.0,0.5,0.012072072072072074,338.0,28.0,4.0,0.0,0.0,0.0,0.0,0.0,0.0,0.0,0.0,0.0,0.0,machine_type,CNC Lathe,0.021465844775789947
Fastener,severe,B,random_forest,test,ok,,top_10pct,0.03,0.013513513513513514,True,True,True,370,0.013513513513513514,0.8972972972972973,0.0,0.0,0.0,0.6561643835616437,0.021920194072092808,332.0,33.0,5.0,0.0,0.0,0.0,0.0,0.0,0.0,0.0,0.02702702702702703,0.4,2.0,machine_type,Hydraulic Press,0.021465844775789947
Fastener,severe,B,random_forest,test,ok,,top_10pct,0.03,0.005405405405405406,True,True,True,370,0.005405405405405406,0.8945945945945946,0.02564102564102564,0.5,0.04878048780487805,0.7832880434782609,0.029975124378109452,330.0,38.0,1.0,1.0,0.05263157894736842,0.5,9.736842105263158,0.02702702702702703,0.5,5.0,0.013513513513513514,0.5,2.5,machine_type,Belt Conveyor,0.021465844775789947
Fastener,severe,B,random_forest,test,ok,,top_10pct,0.03,0.016216216216216217,True,True,True,370,0.016216216216216217,0.8864864864864865,0.02631578947368421,0.16666666666666666,0.045454545454545456,0.5086996336996337,0.057379438261791205,327.0,37.0,5.0,1.0,0.05263157894736842,0.16666666666666666,3.2456140350877187,0.02702702702702703,0.16666666666666666,1.6666666666666667,0.02702702702702703,0.3333333333333333,1.6666666666666667,machine_type,Screw Compressor,0.021465844775789947
Fastener,severe,B,random_forest,test,ok,,top_10pct,0.03,0.005405405405405406,True,True,True,370,0.005405405405405406,0.827027027027027,0.015625,0.5,0.030303030303030304,0.5896739130434783,0.01994408201304753,305.0,63.0,1.0,1.0,0.0,0.0,0.0,0.02702702702702703,0.5,5.0,0.013513513513513514,0.5,2.5,machine_type,EOT Crane,0.021465844775789947
Bearing,affected,B,logistic_regression,test,ok,,f1,0.31857956346787586,0.2972972972972973,True,True,True,185,0.2972972972972973,0.5783783783783784,0.41353383458646614,1.0,0.5851063829787234,0.6555244755244756,0.39193960421133367,52.0,78.0,0.0,55.0,0.3,0.05454545454545454,1.009090909090909,0.47368421052631576,0.16363636363636364,1.5933014354066983,0.2972972972972973,0.2,1.0,asset_tag,AST-1041,0.8757160360607406
Bearing,affected,B,logistic_regression,test,ok,,f1,0.31857956346787586,0.34054054054054056,True,True,True,185,0.34054054054054056,0.6216216216216216,0.47368421052631576,1.0,0.6428571428571429,0.6999739786625032,0.44948805558728155,52.0,70.0,0.0,63.0,0.3,0.047619047619047616,0.8809523809523808,0.3157894736842105,0.09523809523809523,0.9273182957393483,0.4594594594594595,0.2698412698412698,1.3492063492063493,asset_tag,AST-1042,0.8757160360607406
Bearing,affected,B,logistic_regression,test,ok,,f1,0.31857956346787586,0.3675675675675676,True,True,True,185,0.3675675675675676,0.6486486486486487,0.5112781954887218,1.0,0.6766169154228856,0.7677224736048266,0.6239353604420148,52.0,65.0,0.0,68.0,0.9,0.1323529411764706,2.4485294117647056,0.631578947368421,0.17647058823529413,1.718266253869969,0.5945945945945946,0.3235294117647059,1.6176470588235294,asset_tag,AST-2017,0.8757160360607406
Bearing,affected,B,logistic_regression,test,ok,,f1,0.31857956346787586,0.34594594594594597,True,True,True,185,0.34594594594594597,0.6216216216216216,0.4772727272727273,0.984375,0.6428571428571429,0.7141012396694215,0.5056091137247433,52.0,69.0,1.0,63.0,0.5,0.078125,1.4453125,0.47368421052631576,0.140625,1.3692434210526314,0.5675675675675675,0.328125,1.6406249999999998,asset_tag,AST-2031,0.8757160360607406
Bearing,affected,B,logistic_regression,test,ok,,f1,0.31857956346787586,0.31891891891891894,True,True,True,185,0.31891891891891894,0.6,0.44360902255639095,1.0,0.6145833333333334,0.7168415388754372,0.4628927360588786,52.0,74.0,0.0,59.0,0.3,0.05084745762711865,0.9406779661016949,0.3684210526315789,0.11864406779661017,1.1552185548617304,0.4594594594594595,0.288135593220339,1.4406779661016949,asset_tag,AST-3008,0.8757160360607406
Bearing,affected,B,logistic_regression,test,ok,,f1,0.31857956346787586,0.2810810810810811,True,True,True,185,0.2810810810810811,0.5675675675675675,0.3923076923076923,0.9807692307692307,0.5604395604395604,0.6891266628108733,0.3805414985068141,54.0,79.0,1.0,51.0,0.3,0.057692307692307696,1.0673076923076923,0.3157894736842105,0.11538461538461539,1.123481781376518,0.35135135135135137,0.25,1.25,asset_tag,AST-3019,0.8757160360607406
Bearing,affected,B,logistic_regression,test,ok,,f1,0.31857956346787586,0.40540540540540543,True,True,True,185,0.40540540540540543,0.6864864864864865,0.5639097744360902,1.0,0.7211538461538461,0.7450909090909091,0.5498129848750931,52.0,58.0,0.0,75.0,0.3,0.04,0.7399999999999999,0.47368421052631576,0.12,1.1684210526315788,0.5405405405405406,0.26666666666666666,1.3333333333333333,asset_tag,AST-4055,0.8757160360607406
Bearing,affected,B,logistic_regression,test,ok,,f1,0.31857956346787586,0.34594594594594597,True,True,True,185,0.34594594594594597,0.6270270270270271,0.48091603053435117,0.984375,0.6461538461538462,0.7254648760330579,0.5312833905889334,53.0,68.0,1.0,63.0,0.6,0.09375,1.7343749999999998,0.631578947368421,0.1875,1.8256578947368418,0.5405405405405406,0.3125,1.5625,asset_tag,AST-4061,0.8757160360607406
Bearing,affected,B,logistic_regression,test,ok,,f1,0.31857956346787586,0.3783783783783784,True,True,True,185,0.3783783783783784,0.6594594594594595,0.5263157894736842,1.0,0.6896551724137931,0.7544099378881988,0.5973523842035999,52.0,63.0,0.0,70.0,0.6,0.08571428571428572,1.5857142857142856,0.6842105263157895,0.18571428571428572,1.8082706766917294,0.5675675675675675,0.3,1.4999999999999998,asset_tag,AST-5003,0.8757160360607406
Bearing,affected,B,logistic_regression,test,ok,,f1,0.31857956346787586,0.23783783783783785,True,True,True,185,0.23783783783783785,0.5135135135135135,0.31746031746031744,0.9090909090909091,0.47058823529411764,0.6537717601547388,0.3183241730349231,55.0,86.0,4.0,40.0,0.2,0.045454545454545456,0.8409090909090909,0.2631578947368421,0.11363636363636363,1.1064593301435406,0.32432432432432434,0.2727272727272727,1.3636363636363635,asset_tag,AST-5007,0.8757160360607406
Bearing,affected,B,logistic_regression,test,ok,,min_precision_70,0.8310412406430301,0.2972972972972973,True,True,True,185,0.2972972972972973,0.7027027027027027,0.0,0.0,0.0,0.6555244755244756,0.39193960421133367,130.0,0.0,55.0,0.0,0.3,0.05454545454545454,1.009090909090909,0.47368421052631576,0.16363636363636364,1.5933014354066983,0.2972972972972973,0.2,1.0,asset_tag,AST-1041,0.8757160360607406
Bearing,affected,B,logistic_regression,test,ok,,min_precision_70,0.8310412406430301,0.34054054054054056,True,True,True,185,0.34054054054054056,0.6594594594594595,0.0,0.0,0.0,0.6999739786625032,0.44948805558728155,122.0,0.0,63.0,0.0,0.3,0.047619047619047616,0.8809523809523808,0.3157894736842105,0.09523809523809523,0.9273182957393483,0.4594594594594595,0.2698412698412698,1.3492063492063493,asset_tag,AST-1042,0.8757160360607406
Bearing,affected,B,logistic_regression,test,ok,,min_precision_70,0.8310412406430301,0.3675675675675676,True,True,True,185,0.3675675675675676,0.654054054054054,1.0,0.058823529411764705,0.1111111111111111,0.7677224736048266,0.6239353604420148,117.0,0.0,64.0,4.0,0.9,0.1323529411764706,2.4485294117647056,0.631578947368421,0.17647058823529413,1.718266253869969,0.5945945945945946,0.3235294117647059,1.6176470588235294,asset_tag,AST-2017,0.8757160360607406
Bearing,affected,B,logistic_regression,test,ok,,min_precision_70,0.8310412406430301,0.34594594594594597,True,True,True,185,0.34594594594594597,0.654054054054054,0.5,0.03125,0.058823529411764705,0.7141012396694215,0.5056091137247433,119.0,2.0,62.0,2.0,0.5,0.078125,1.4453125,0.47368421052631576,0.140625,1.3692434210526314,0.5675675675675675,0.328125,1.6406249999999998,asset_tag,AST-2031,0.8757160360607406
Bearing,affected,B,logistic_regression,test,ok,,min_precision_70,0.8310412406430301,0.31891891891891894,True,True,True,185,0.31891891891891894,0.6810810810810811,0.0,0.0,0.0,0.7168415388754372,0.4628927360588786,126.0,0.0,59.0,0.0,0.3,0.05084745762711865,0.9406779661016949,0.3684210526315789,0.11864406779661017,1.1552185548617304,0.4594594594594595,0.288135593220339,1.4406779661016949,asset_tag,AST-3008,0.8757160360607406
Bearing,affected,B,logistic_regression,test,ok,,min_precision_70,0.8310412406430301,0.2810810810810811,True,True,True,185,0.2810810810810811,0.7189189189189189,0.0,0.0,0.0,0.6891266628108733,0.3805414985068141,133.0,0.0,52.0,0.0,0.3,0.057692307692307696,1.0673076923076923,0.3157894736842105,0.11538461538461539,1.123481781376518,0.35135135135135137,0.25,1.25,asset_tag,AST-3019,0.8757160360607406
Bearing,affected,B,logistic_regression,test,ok,,min_precision_70,0.8310412406430301,0.40540540540540543,True,True,True,185,0.40540540540540543,0.5891891891891892,0.0,0.0,0.0,0.7450909090909091,0.5498129848750931,109.0,1.0,75.0,0.0,0.3,0.04,0.7399999999999999,0.47368421052631576,0.12,1.1684210526315788,0.5405405405405406,0.26666666666666666,1.3333333333333333,asset_tag,AST-4055,0.8757160360607406
Bearing,affected,B,logistic_regression,test,ok,,min_precision_70,0.8310412406430301,0.34594594594594597,True,True,True,185,0.34594594594594597,0.654054054054054,0.0,0.0,0.0,0.7254648760330579,0.5312833905889334,121.0,0.0,64.0,0.0,0.6,0.09375,1.7343749999999998,0.631578947368421,0.1875,1.8256578947368418,0.5405405405405406,0.3125,1.5625,asset_tag,AST-4061,0.8757160360607406
Bearing,affected,B,logistic_regression,test,ok,,min_precision_70,0.8310412406430301,0.3783783783783784,True,True,True,185,0.3783783783783784,0.6378378378378379,0.7142857142857143,0.07142857142857142,0.12987012987012986,0.7544099378881988,0.5973523842035999,113.0,2.0,65.0,5.0,0.6,0.08571428571428572,1.5857142857142856,0.6842105263157895,0.18571428571428572,1.8082706766917294,0.5675675675675675,0.3,1.4999999999999998,asset_tag,AST-5003,0.8757160360607406
Bearing,affected,B,logistic_regression,test,ok,,min_precision_70,0.8310412406430301,0.23783783783783785,True,True,True,185,0.23783783783783785,0.7621621621621621,0.0,0.0,0.0,0.6537717601547388,0.3183241730349231,141.0,0.0,44.0,0.0,0.2,0.045454545454545456,0.8409090909090909,0.2631578947368421,0.11363636363636363,1.1064593301435406,0.32432432432432434,0.2727272727272727,1.3636363636363635,asset_tag,AST-5007,0.8757160360607406
Bearing,affected,B,logistic_regression,test,ok,,min_precision_80,0.8461557173756257,0.2972972972972973,True,True,True,185,0.2972972972972973,0.7027027027027027,0.0,0.0,0.0,0.6555244755244756,0.39193960421133367,130.0,0.0,55.0,0.0,0.3,0.05454545454545454,1.009090909090909,0.47368421052631576,0.16363636363636364,1.5933014354066983,0.2972972972972973,0.2,1.0,asset_tag,AST-1041,0.8757160360607406
Bearing,affected,B,logistic_regression,test,ok,,min_precision_80,0.8461557173756257,0.34054054054054056,True,True,True,185,0.34054054054054056,0.6594594594594595,0.0,0.0,0.0,0.6999739786625032,0.44948805558728155,122.0,0.0,63.0,0.0,0.3,0.047619047619047616,0.8809523809523808,0.3157894736842105,0.09523809523809523,0.9273182957393483,0.4594594594594595,0.2698412698412698,1.3492063492063493,asset_tag,AST-1042,0.8757160360607406
Bearing,affected,B,logistic_regression,test,ok,,min_precision_80,0.8461557173756257,0.3675675675675676,True,True,True,185,0.3675675675675676,0.6378378378378379,1.0,0.014705882352941176,0.028985507246376812,0.7677224736048266,0.6239353604420148,117.0,0.0,67.0,1.0,0.9,0.1323529411764706,2.4485294117647056,0.631578947368421,0.17647058823529413,1.718266253869969,0.5945945945945946,0.3235294117647059,1.6176470588235294,asset_tag,AST-2017,0.8757160360607406
Bearing,affected,B,logistic_regression,test,ok,,min_precision_80,0.8461557173756257,0.34594594594594597,True,True,True,185,0.34594594594594597,0.6486486486486487,0.3333333333333333,0.015625,0.029850746268656716,0.7141012396694215,0.5056091137247433,119.0,2.0,63.0,1.0,0.5,0.078125,1.4453125,0.47368421052631576,0.140625,1.3692434210526314,0.5675675675675675,0.328125,1.6406249999999998,asset_tag,AST-2031,0.8757160360607406
Bearing,affected,B,logistic_regression,test,ok,,min_precision_80,0.8461557173756257,0.31891891891891894,True,True,True,185,0.31891891891891894,0.6810810810810811,0.0,0.0,0.0,0.7168415388754372,0.4628927360588786,126.0,0.0,59.0,0.0,0.3,0.05084745762711865,0.9406779661016949,0.3684210526315789,0.11864406779661017,1.1552185548617304,0.4594594594594595,0.288135593220339,1.4406779661016949,asset_tag,AST-3008,0.8757160360607406
Bearing,affected,B,logistic_regression,test,ok,,min_precision_80,0.8461557173756257,0.2810810810810811,True,True,True,185,0.2810810810810811,0.7189189189189189,0.0,0.0,0.0,0.6891266628108733,0.3805414985068141,133.0,0.0,52.0,0.0,0.3,0.057692307692307696,1.0673076923076923,0.3157894736842105,0.11538461538461539,1.123481781376518,0.35135135135135137,0.25,1.25,asset_tag,AST-3019,0.8757160360607406
Bearing,affected,B,logistic_regression,test,ok,,min_precision_80,0.8461557173756257,0.40540540540540543,True,True,True,185,0.40540540540540543,0.5945945945945946,0.0,0.0,0.0,0.7450909090909091,0.5498129848750931,110.0,0.0,75.0,0.0,0.3,0.04,0.7399999999999999,0.47368421052631576,0.12,1.1684210526315788,0.5405405405405406,0.26666666666666666,1.3333333333333333,asset_tag,AST-4055,0.8757160360607406
Bearing,affected,B,logistic_regression,test,ok,,min_precision_80,0.8461557173756257,0.34594594594594597,True,True,True,185,0.34594594594594597,0.654054054054054,0.0,0.0,0.0,0.7254648760330579,0.5312833905889334,121.0,0.0,64.0,0.0,0.6,0.09375,1.7343749999999998,0.631578947368421,0.1875,1.8256578947368418,0.5405405405405406,0.3125,1.5625,asset_tag,AST-4061,0.8757160360607406
Bearing,affected,B,logistic_regression,test,ok,,min_precision_80,0.8461557173756257,0.3783783783783784,True,True,True,185,0.3783783783783784,0.6324324324324324,0.75,0.04285714285714286,0.08108108108108109,0.7544099378881988,0.5973523842035999,114.0,1.0,67.0,3.0,0.6,0.08571428571428572,1.5857142857142856,0.6842105263157895,0.18571428571428572,1.8082706766917294,0.5675675675675675,0.3,1.4999999999999998,asset_tag,AST-5003,0.8757160360607406
Bearing,affected,B,logistic_regression,test,ok,,min_precision_80,0.8461557173756257,0.23783783783783785,True,True,True,185,0.23783783783783785,0.7621621621621621,0.0,0.0,0.0,0.6537717601547388,0.3183241730349231,141.0,0.0,44.0,0.0,0.2,0.045454545454545456,0.8409090909090909,0.2631578947368421,0.11363636363636363,1.1064593301435406,0.32432432432432434,0.2727272727272727,1.3636363636363635,asset_tag,AST-5007,0.8757160360607406
Bearing,affected,B,logistic_regression,test,ok,,top_10pct,0.7256391246818372,0.2972972972972973,True,True,True,185,0.2972972972972973,0.6864864864864865,0.4117647058823529,0.12727272727272726,0.19444444444444445,0.6555244755244756,0.39193960421133367,120.0,10.0,48.0,7.0,0.3,0.05454545454545454,1.009090909090909,0.47368421052631576,0.16363636363636364,1.5933014354066983,0.2972972972972973,0.2,1.0,asset_tag,AST-1041,0.8757160360607406
Bearing,affected,B,logistic_regression,test,ok,,top_10pct,0.7256391246818372,0.34054054054054056,True,True,True,185,0.34054054054054056,0.6432432432432432,0.2,0.015873015873015872,0.029411764705882353,0.6999739786625032,0.44948805558728155,118.0,4.0,62.0,1.0,0.3,0.047619047619047616,0.8809523809523808,0.3157894736842105,0.09523809523809523,0.9273182957393483,0.4594594594594595,0.2698412698412698,1.3492063492063493,asset_tag,AST-1042,0.8757160360607406
Bearing,affected,B,logistic_regression,test,ok,,top_10pct,0.7256391246818372,0.3675675675675676,True,True,True,185,0.3675675675675676,0.6648648648648648,0.5833333333333334,0.3088235294117647,0.40384615384615385,0.7677224736048266,0.6239353604420148,102.0,15.0,47.0,21.0,0.9,0.1323529411764706,2.4485294117647056,0.631578947368421,0.17647058823529413,1.718266253869969,0.5945945945945946,0.3235294117647059,1.6176470588235294,asset_tag,AST-2017,0.8757160360607406
Bearing,affected,B,logistic_regression,test,ok,,top_10pct,0.7256391246818372,0.34594594594594597,True,True,True,185,0.34594594594594597,0.6594594594594595,0.5185185185185185,0.21875,0.3076923076923077,0.7141012396694215,0.5056091137247433,108.0,13.0,50.0,14.0,0.5,0.078125,1.4453125,0.47368421052631576,0.140625,1.3692434210526314,0.5675675675675675,0.328125,1.6406249999999998,asset_tag,AST-2031,0.8757160360607406
Bearing,affected,B,logistic_regression,test,ok,,top_10pct,0.7256391246818372,0.31891891891891894,True,True,True,185,0.31891891891891894,0.6486486486486487,0.2857142857142857,0.06779661016949153,0.1095890410958904,0.7168415388754372,0.4628927360588786,116.0,10.0,55.0,4.0,0.3,0.05084745762711865,0.9406779661016949,0.3684210526315789,0.11864406779661017,1.1552185548617304,0.4594594594594595,0.288135593220339,1.4406779661016949,asset_tag,AST-3008,0.8757160360607406
Bearing,affected,B,logistic_regression,test,ok,,top_10pct,0.7256391246818372,0.2810810810810811,True,True,True,185,0.2810810810810811,0.6918918918918919,0.14285714285714285,0.019230769230769232,0.03389830508474576,0.6891266628108733,0.3805414985068141,127.0,6.0,51.0,1.0,0.3,0.057692307692307696,1.0673076923076923,0.3157894736842105,0.11538461538461539,1.123481781376518,0.35135135135135137,0.25,1.25,asset_tag,AST-3019,0.8757160360607406
Bearing,affected,B,logistic_regression,test,ok,,top_10pct,0.7256391246818372,0.40540540540540543,True,True,True,185,0.40540540540540543,0.6162162162162163,0.55,0.29333333333333333,0.3826086956521739,0.7450909090909091,0.5498129848750931,92.0,18.0,53.0,22.0,0.3,0.04,0.7399999999999999,0.47368421052631576,0.12,1.1684210526315788,0.5405405405405406,0.26666666666666666,1.3333333333333333,asset_tag,AST-4055,0.8757160360607406
Bearing,affected,B,logistic_regression,test,ok,,top_10pct,0.7256391246818372,0.34594594594594597,True,True,True,185,0.34594594594594597,0.6702702702702703,0.6666666666666666,0.09375,0.1643835616438356,0.7254648760330579,0.5312833905889334,118.0,3.0,58.0,6.0,0.6,0.09375,1.7343749999999998,0.631578947368421,0.1875,1.8256578947368418,0.5405405405405406,0.3125,1.5625,asset_tag,AST-4061,0.8757160360607406
Bearing,affected,B,logistic_regression,test,ok,,top_10pct,0.7256391246818372,0.3783783783783784,True,True,True,185,0.3783783783783784,0.6594594594594595,0.5813953488372093,0.35714285714285715,0.4424778761061947,0.7544099378881988,0.5973523842035999,97.0,18.0,45.0,25.0,0.6,0.08571428571428572,1.5857142857142856,0.6842105263157895,0.18571428571428572,1.8082706766917294,0.5675675675675675,0.3,1.4999999999999998,asset_tag,AST-5003,0.8757160360607406
Bearing,affected,B,logistic_regression,test,ok,,top_10pct,0.7256391246818372,0.23783783783783785,True,True,True,185,0.23783783783783785,0.7567567567567568,0.3333333333333333,0.022727272727272728,0.0425531914893617,0.6537717601547388,0.3183241730349231,139.0,2.0,43.0,1.0,0.2,0.045454545454545456,0.8409090909090909,0.2631578947368421,0.11363636363636363,1.1064593301435406,0.32432432432432434,0.2727272727272727,1.3636363636363635,asset_tag,AST-5007,0.8757160360607406
Bearing,severe,B,logistic_regression,test,ok,,f1,0.31857956346787586,0.2972972972972973,True,True,True,185,0.2972972972972973,0.5783783783783784,0.41353383458646614,1.0,0.5851063829787234,0.6555244755244756,0.39193960421133367,52.0,78.0,0.0,55.0,0.3,0.05454545454545454,1.009090909090909,0.47368421052631576,0.16363636363636364,1.5933014354066983,0.2972972972972973,0.2,1.0,asset_tag,AST-1041,0.8757160360607406
Bearing,severe,B,logistic_regression,test,ok,,f1,0.31857956346787586,0.34054054054054056,True,True,True,185,0.34054054054054056,0.6216216216216216,0.47368421052631576,1.0,0.6428571428571429,0.6999739786625032,0.44948805558728155,52.0,70.0,0.0,63.0,0.3,0.047619047619047616,0.8809523809523808,0.3157894736842105,0.09523809523809523,0.9273182957393483,0.4594594594594595,0.2698412698412698,1.3492063492063493,asset_tag,AST-1042,0.8757160360607406
Bearing,severe,B,logistic_regression,test,ok,,f1,0.31857956346787586,0.3675675675675676,True,True,True,185,0.3675675675675676,0.6486486486486487,0.5112781954887218,1.0,0.6766169154228856,0.7677224736048266,0.6239353604420148,52.0,65.0,0.0,68.0,0.9,0.1323529411764706,2.4485294117647056,0.631578947368421,0.17647058823529413,1.718266253869969,0.5945945945945946,0.3235294117647059,1.6176470588235294,asset_tag,AST-2017,0.8757160360607406
Bearing,severe,B,logistic_regression,test,ok,,f1,0.31857956346787586,0.34594594594594597,True,True,True,185,0.34594594594594597,0.6216216216216216,0.4772727272727273,0.984375,0.6428571428571429,0.7141012396694215,0.5056091137247433,52.0,69.0,1.0,63.0,0.5,0.078125,1.4453125,0.47368421052631576,0.140625,1.3692434210526314,0.5675675675675675,0.328125,1.6406249999999998,asset_tag,AST-2031,0.8757160360607406
Bearing,severe,B,logistic_regression,test,ok,,f1,0.31857956346787586,0.31891891891891894,True,True,True,185,0.31891891891891894,0.6,0.44360902255639095,1.0,0.6145833333333334,0.7168415388754372,0.4628927360588786,52.0,74.0,0.0,59.0,0.3,0.05084745762711865,0.9406779661016949,0.3684210526315789,0.11864406779661017,1.1552185548617304,0.4594594594594595,0.288135593220339,1.4406779661016949,asset_tag,AST-3008,0.8757160360607406
Bearing,severe,B,logistic_regression,test,ok,,f1,0.31857956346787586,0.2810810810810811,True,True,True,185,0.2810810810810811,0.5675675675675675,0.3923076923076923,0.9807692307692307,0.5604395604395604,0.6891266628108733,0.3805414985068141,54.0,79.0,1.0,51.0,0.3,0.057692307692307696,1.0673076923076923,0.3157894736842105,0.11538461538461539,1.123481781376518,0.35135135135135137,0.25,1.25,asset_tag,AST-3019,0.8757160360607406
Bearing,severe,B,logistic_regression,test,ok,,f1,0.31857956346787586,0.40540540540540543,True,True,True,185,0.40540540540540543,0.6864864864864865,0.5639097744360902,1.0,0.7211538461538461,0.7450909090909091,0.5498129848750931,52.0,58.0,0.0,75.0,0.3,0.04,0.7399999999999999,0.47368421052631576,0.12,1.1684210526315788,0.5405405405405406,0.26666666666666666,1.3333333333333333,asset_tag,AST-4055,0.8757160360607406
Bearing,severe,B,logistic_regression,test,ok,,f1,0.31857956346787586,0.34594594594594597,True,True,True,185,0.34594594594594597,0.6270270270270271,0.48091603053435117,0.984375,0.6461538461538462,0.7254648760330579,0.5312833905889334,53.0,68.0,1.0,63.0,0.6,0.09375,1.7343749999999998,0.631578947368421,0.1875,1.8256578947368418,0.5405405405405406,0.3125,1.5625,asset_tag,AST-4061,0.8757160360607406
Bearing,severe,B,logistic_regression,test,ok,,f1,0.31857956346787586,0.3783783783783784,True,True,True,185,0.3783783783783784,0.6594594594594595,0.5263157894736842,1.0,0.6896551724137931,0.7544099378881988,0.5973523842035999,52.0,63.0,0.0,70.0,0.6,0.08571428571428572,1.5857142857142856,0.6842105263157895,0.18571428571428572,1.8082706766917294,0.5675675675675675,0.3,1.4999999999999998,asset_tag,AST-5003,0.8757160360607406
Bearing,severe,B,logistic_regression,test,ok,,f1,0.31857956346787586,0.23783783783783785,True,True,True,185,0.23783783783783785,0.5135135135135135,0.31746031746031744,0.9090909090909091,0.47058823529411764,0.6537717601547388,0.3183241730349231,55.0,86.0,4.0,40.0,0.2,0.045454545454545456,0.8409090909090909,0.2631578947368421,0.11363636363636363,1.1064593301435406,0.32432432432432434,0.2727272727272727,1.3636363636363635,asset_tag,AST-5007,0.8757160360607406
Bearing,severe,B,logistic_regression,test,ok,,min_precision_70,0.8310412406430301,0.2972972972972973,True,True,True,185,0.2972972972972973,0.7027027027027027,0.0,0.0,0.0,0.6555244755244756,0.39193960421133367,130.0,0.0,55.0,0.0,0.3,0.05454545454545454,1.009090909090909,0.47368421052631576,0.16363636363636364,1.5933014354066983,0.2972972972972973,0.2,1.0,asset_tag,AST-1041,0.8757160360607406
Bearing,severe,B,logistic_regression,test,ok,,min_precision_70,0.8310412406430301,0.34054054054054056,True,True,True,185,0.34054054054054056,0.6594594594594595,0.0,0.0,0.0,0.6999739786625032,0.44948805558728155,122.0,0.0,63.0,0.0,0.3,0.047619047619047616,0.8809523809523808,0.3157894736842105,0.09523809523809523,0.9273182957393483,0.4594594594594595,0.2698412698412698,1.3492063492063493,asset_tag,AST-1042,0.8757160360607406
Bearing,severe,B,logistic_regression,test,ok,,min_precision_70,0.8310412406430301,0.3675675675675676,True,True,True,185,0.3675675675675676,0.654054054054054,1.0,0.058823529411764705,0.1111111111111111,0.7677224736048266,0.6239353604420148,117.0,0.0,64.0,4.0,0.9,0.1323529411764706,2.4485294117647056,0.631578947368421,0.17647058823529413,1.718266253869969,0.5945945945945946,0.3235294117647059,1.6176470588235294,asset_tag,AST-2017,0.8757160360607406
Bearing,severe,B,logistic_regression,test,ok,,min_precision_70,0.8310412406430301,0.34594594594594597,True,True,True,185,0.34594594594594597,0.654054054054054,0.5,0.03125,0.058823529411764705,0.7141012396694215,0.5056091137247433,119.0,2.0,62.0,2.0,0.5,0.078125,1.4453125,0.47368421052631576,0.140625,1.3692434210526314,0.5675675675675675,0.328125,1.6406249999999998,asset_tag,AST-2031,0.8757160360607406
Bearing,severe,B,logistic_regression,test,ok,,min_precision_70,0.8310412406430301,0.31891891891891894,True,True,True,185,0.31891891891891894,0.6810810810810811,0.0,0.0,0.0,0.7168415388754372,0.4628927360588786,126.0,0.0,59.0,0.0,0.3,0.05084745762711865,0.9406779661016949,0.3684210526315789,0.11864406779661017,1.1552185548617304,0.4594594594594595,0.288135593220339,1.4406779661016949,asset_tag,AST-3008,0.8757160360607406
Bearing,severe,B,logistic_regression,test,ok,,min_precision_70,0.8310412406430301,0.2810810810810811,True,True,True,185,0.2810810810810811,0.7189189189189189,0.0,0.0,0.0,0.6891266628108733,0.3805414985068141,133.0,0.0,52.0,0.0,0.3,0.057692307692307696,1.0673076923076923,0.3157894736842105,0.11538461538461539,1.123481781376518,0.35135135135135137,0.25,1.25,asset_tag,AST-3019,0.8757160360607406
Bearing,severe,B,logistic_regression,test,ok,,min_precision_70,0.8310412406430301,0.40540540540540543,True,True,True,185,0.40540540540540543,0.5891891891891892,0.0,0.0,0.0,0.7450909090909091,0.5498129848750931,109.0,1.0,75.0,0.0,0.3,0.04,0.7399999999999999,0.47368421052631576,0.12,1.1684210526315788,0.5405405405405406,0.26666666666666666,1.3333333333333333,asset_tag,AST-4055,0.8757160360607406
Bearing,severe,B,logistic_regression,test,ok,,min_precision_70,0.8310412406430301,0.34594594594594597,True,True,True,185,0.34594594594594597,0.654054054054054,0.0,0.0,0.0,0.7254648760330579,0.5312833905889334,121.0,0.0,64.0,0.0,0.6,0.09375,1.7343749999999998,0.631578947368421,0.1875,1.8256578947368418,0.5405405405405406,0.3125,1.5625,asset_tag,AST-4061,0.8757160360607406
Bearing,severe,B,logistic_regression,test,ok,,min_precision_70,0.8310412406430301,0.3783783783783784,True,True,True,185,0.3783783783783784,0.6378378378378379,0.7142857142857143,0.07142857142857142,0.12987012987012986,0.7544099378881988,0.5973523842035999,113.0,2.0,65.0,5.0,0.6,0.08571428571428572,1.5857142857142856,0.6842105263157895,0.18571428571428572,1.8082706766917294,0.5675675675675675,0.3,1.4999999999999998,asset_tag,AST-5003,0.8757160360607406
Bearing,severe,B,logistic_regression,test,ok,,min_precision_70,0.8310412406430301,0.23783783783783785,True,True,True,185,0.23783783783783785,0.7621621621621621,0.0,0.0,0.0,0.6537717601547388,0.3183241730349231,141.0,0.0,44.0,0.0,0.2,0.045454545454545456,0.8409090909090909,0.2631578947368421,0.11363636363636363,1.1064593301435406,0.32432432432432434,0.2727272727272727,1.3636363636363635,asset_tag,AST-5007,0.8757160360607406
Bearing,severe,B,logistic_regression,test,ok,,min_precision_80,0.8461557173756257,0.2972972972972973,True,True,True,185,0.2972972972972973,0.7027027027027027,0.0,0.0,0.0,0.6555244755244756,0.39193960421133367,130.0,0.0,55.0,0.0,0.3,0.05454545454545454,1.009090909090909,0.47368421052631576,0.16363636363636364,1.5933014354066983,0.2972972972972973,0.2,1.0,asset_tag,AST-1041,0.8757160360607406
Bearing,severe,B,logistic_regression,test,ok,,min_precision_80,0.8461557173756257,0.34054054054054056,True,True,True,185,0.34054054054054056,0.6594594594594595,0.0,0.0,0.0,0.6999739786625032,0.44948805558728155,122.0,0.0,63.0,0.0,0.3,0.047619047619047616,0.8809523809523808,0.3157894736842105,0.09523809523809523,0.9273182957393483,0.4594594594594595,0.2698412698412698,1.3492063492063493,asset_tag,AST-1042,0.8757160360607406
Bearing,severe,B,logistic_regression,test,ok,,min_precision_80,0.8461557173756257,0.3675675675675676,True,True,True,185,0.3675675675675676,0.6378378378378379,1.0,0.014705882352941176,0.028985507246376812,0.7677224736048266,0.6239353604420148,117.0,0.0,67.0,1.0,0.9,0.1323529411764706,2.4485294117647056,0.631578947368421,0.17647058823529413,1.718266253869969,0.5945945945945946,0.3235294117647059,1.6176470588235294,asset_tag,AST-2017,0.8757160360607406
Bearing,severe,B,logistic_regression,test,ok,,min_precision_80,0.8461557173756257,0.34594594594594597,True,True,True,185,0.34594594594594597,0.6486486486486487,0.3333333333333333,0.015625,0.029850746268656716,0.7141012396694215,0.5056091137247433,119.0,2.0,63.0,1.0,0.5,0.078125,1.4453125,0.47368421052631576,0.140625,1.3692434210526314,0.5675675675675675,0.328125,1.6406249999999998,asset_tag,AST-2031,0.8757160360607406
Bearing,severe,B,logistic_regression,test,ok,,min_precision_80,0.8461557173756257,0.31891891891891894,True,True,True,185,0.31891891891891894,0.6810810810810811,0.0,0.0,0.0,0.7168415388754372,0.4628927360588786,126.0,0.0,59.0,0.0,0.3,0.05084745762711865,0.9406779661016949,0.3684210526315789,0.11864406779661017,1.1552185548617304,0.4594594594594595,0.288135593220339,1.4406779661016949,asset_tag,AST-3008,0.8757160360607406
Bearing,severe,B,logistic_regression,test,ok,,min_precision_80,0.8461557173756257,0.2810810810810811,True,True,True,185,0.2810810810810811,0.7189189189189189,0.0,0.0,0.0,0.6891266628108733,0.3805414985068141,133.0,0.0,52.0,0.0,0.3,0.057692307692307696,1.0673076923076923,0.3157894736842105,0.11538461538461539,1.123481781376518,0.35135135135135137,0.25,1.25,asset_tag,AST-3019,0.8757160360607406
Bearing,severe,B,logistic_regression,test,ok,,min_precision_80,0.8461557173756257,0.40540540540540543,True,True,True,185,0.40540540540540543,0.5945945945945946,0.0,0.0,0.0,0.7450909090909091,0.5498129848750931,110.0,0.0,75.0,0.0,0.3,0.04,0.7399999999999999,0.47368421052631576,0.12,1.1684210526315788,0.5405405405405406,0.26666666666666666,1.3333333333333333,asset_tag,AST-4055,0.8757160360607406
Bearing,severe,B,logistic_regression,test,ok,,min_precision_80,0.8461557173756257,0.34594594594594597,True,True,True,185,0.34594594594594597,0.654054054054054,0.0,0.0,0.0,0.7254648760330579,0.5312833905889334,121.0,0.0,64.0,0.0,0.6,0.09375,1.7343749999999998,0.631578947368421,0.1875,1.8256578947368418,0.5405405405405406,0.3125,1.5625,asset_tag,AST-4061,0.8757160360607406
Bearing,severe,B,logistic_regression,test,ok,,min_precision_80,0.8461557173756257,0.3783783783783784,True,True,True,185,0.3783783783783784,0.6324324324324324,0.75,0.04285714285714286,0.08108108108108109,0.7544099378881988,0.5973523842035999,114.0,1.0,67.0,3.0,0.6,0.08571428571428572,1.5857142857142856,0.6842105263157895,0.18571428571428572,1.8082706766917294,0.5675675675675675,0.3,1.4999999999999998,asset_tag,AST-5003,0.8757160360607406
Bearing,severe,B,logistic_regression,test,ok,,min_precision_80,0.8461557173756257,0.23783783783783785,True,True,True,185,0.23783783783783785,0.7621621621621621,0.0,0.0,0.0,0.6537717601547388,0.3183241730349231,141.0,0.0,44.0,0.0,0.2,0.045454545454545456,0.8409090909090909,0.2631578947368421,0.11363636363636363,1.1064593301435406,0.32432432432432434,0.2727272727272727,1.3636363636363635,asset_tag,AST-5007,0.8757160360607406
Bearing,severe,B,logistic_regression,test,ok,,top_10pct,0.7256391246818372,0.2972972972972973,True,True,True,185,0.2972972972972973,0.6864864864864865,0.4117647058823529,0.12727272727272726,0.19444444444444445,0.6555244755244756,0.39193960421133367,120.0,10.0,48.0,7.0,0.3,0.05454545454545454,1.009090909090909,0.47368421052631576,0.16363636363636364,1.5933014354066983,0.2972972972972973,0.2,1.0,asset_tag,AST-1041,0.8757160360607406
Bearing,severe,B,logistic_regression,test,ok,,top_10pct,0.7256391246818372,0.34054054054054056,True,True,True,185,0.34054054054054056,0.6432432432432432,0.2,0.015873015873015872,0.029411764705882353,0.6999739786625032,0.44948805558728155,118.0,4.0,62.0,1.0,0.3,0.047619047619047616,0.8809523809523808,0.3157894736842105,0.09523809523809523,0.9273182957393483,0.4594594594594595,0.2698412698412698,1.3492063492063493,asset_tag,AST-1042,0.8757160360607406
Bearing,severe,B,logistic_regression,test,ok,,top_10pct,0.7256391246818372,0.3675675675675676,True,True,True,185,0.3675675675675676,0.6648648648648648,0.5833333333333334,0.3088235294117647,0.40384615384615385,0.7677224736048266,0.6239353604420148,102.0,15.0,47.0,21.0,0.9,0.1323529411764706,2.4485294117647056,0.631578947368421,0.17647058823529413,1.718266253869969,0.5945945945945946,0.3235294117647059,1.6176470588235294,asset_tag,AST-2017,0.8757160360607406
Bearing,severe,B,logistic_regression,test,ok,,top_10pct,0.7256391246818372,0.34594594594594597,True,True,True,185,0.34594594594594597,0.6594594594594595,0.5185185185185185,0.21875,0.3076923076923077,0.7141012396694215,0.5056091137247433,108.0,13.0,50.0,14.0,0.5,0.078125,1.4453125,0.47368421052631576,0.140625,1.3692434210526314,0.5675675675675675,0.328125,1.6406249999999998,asset_tag,AST-2031,0.8757160360607406
Bearing,severe,B,logistic_regression,test,ok,,top_10pct,0.7256391246818372,0.31891891891891894,True,True,True,185,0.31891891891891894,0.6486486486486487,0.2857142857142857,0.06779661016949153,0.1095890410958904,0.7168415388754372,0.4628927360588786,116.0,10.0,55.0,4.0,0.3,0.05084745762711865,0.9406779661016949,0.3684210526315789,0.11864406779661017,1.1552185548617304,0.4594594594594595,0.288135593220339,1.4406779661016949,asset_tag,AST-3008,0.8757160360607406
Bearing,severe,B,logistic_regression,test,ok,,top_10pct,0.7256391246818372,0.2810810810810811,True,True,True,185,0.2810810810810811,0.6918918918918919,0.14285714285714285,0.019230769230769232,0.03389830508474576,0.6891266628108733,0.3805414985068141,127.0,6.0,51.0,1.0,0.3,0.057692307692307696,1.0673076923076923,0.3157894736842105,0.11538461538461539,1.123481781376518,0.35135135135135137,0.25,1.25,asset_tag,AST-3019,0.8757160360607406
Bearing,severe,B,logistic_regression,test,ok,,top_10pct,0.7256391246818372,0.40540540540540543,True,True,True,185,0.40540540540540543,0.6162162162162163,0.55,0.29333333333333333,0.3826086956521739,0.7450909090909091,0.5498129848750931,92.0,18.0,53.0,22.0,0.3,0.04,0.7399999999999999,0.47368421052631576,0.12,1.1684210526315788,0.5405405405405406,0.26666666666666666,1.3333333333333333,asset_tag,AST-4055,0.8757160360607406
Bearing,severe,B,logistic_regression,test,ok,,top_10pct,0.7256391246818372,0.34594594594594597,True,True,True,185,0.34594594594594597,0.6702702702702703,0.6666666666666666,0.09375,0.1643835616438356,0.7254648760330579,0.5312833905889334,118.0,3.0,58.0,6.0,0.6,0.09375,1.7343749999999998,0.631578947368421,0.1875,1.8256578947368418,0.5405405405405406,0.3125,1.5625,asset_tag,AST-4061,0.8757160360607406
Bearing,severe,B,logistic_regression,test,ok,,top_10pct,0.7256391246818372,0.3783783783783784,True,True,True,185,0.3783783783783784,0.6594594594594595,0.5813953488372093,0.35714285714285715,0.4424778761061947,0.7544099378881988,0.5973523842035999,97.0,18.0,45.0,25.0,0.6,0.08571428571428572,1.5857142857142856,0.6842105263157895,0.18571428571428572,1.8082706766917294,0.5675675675675675,0.3,1.4999999999999998,asset_tag,AST-5003,0.8757160360607406
Bearing,severe,B,logistic_regression,test,ok,,top_10pct,0.7256391246818372,0.23783783783783785,True,True,True,185,0.23783783783783785,0.7567567567567568,0.3333333333333333,0.022727272727272728,0.0425531914893617,0.6537717601547388,0.3183241730349231,139.0,2.0,43.0,1.0,0.2,0.045454545454545456,0.8409090909090909,0.2631578947368421,0.11363636363636363,1.1064593301435406,0.32432432432432434,0.2727272727272727,1.3636363636363635,asset_tag,AST-5007,0.8757160360607406
Seal & Gasket,affected,A,logistic_regression,test,ok,,f1,0.3981124390504913,0.25405405405405407,True,True,True,185,0.25405405405405407,0.5351351351351351,0.3488372093023256,0.9574468085106383,0.5113636363636364,0.6839346284304656,0.36905999984743404,54.0,84.0,2.0,45.0,0.4,0.0851063829787234,1.574468085106383,0.42105263157894735,0.1702127659574468,1.6573348264277714,0.35135135135135137,0.2765957446808511,1.3829787234042554,asset_tag,AST-1041,0.0
Seal & Gasket,affected,A,logistic_regression,test,ok,,f1,0.3981124390504913,0.2,True,True,True,185,0.2,0.4918918918918919,0.27906976744186046,0.972972972972973,0.43373493975903615,0.6851716581446311,0.29839565446655486,55.0,93.0,1.0,36.0,0.4,0.10810810810810811,2.0,0.3157894736842105,0.16216216216216217,1.5789473684210524,0.32432432432432434,0.32432432432432434,1.6216216216216217,asset_tag,AST-1042,0.0
Seal & Gasket,affected,A,logistic_regression,test,ok,,f1,0.3981124390504913,0.2594594594594595,True,True,True,185,0.2594594594594595,0.5297297297297298,0.3511450381679389,0.9583333333333334,0.5139664804469274,0.6686435523114355,0.4045358224814217,52.0,85.0,2.0,46.0,0.6,0.125,2.3125,0.5263157894736842,0.20833333333333334,2.0285087719298245,0.40540540540540543,0.3125,1.5625,asset_tag,AST-2017,0.0
Seal & Gasket,affected,A,logistic_regression,test,ok,,f1,0.3981124390504913,0.2702702702702703,True,True,True,185,0.2702702702702703,0.5513513513513514,0.37404580152671757,0.98,0.5414364640883977,0.6884444444444444,0.4011327437811551,53.0,82.0,1.0,49.0,0.6,0.12,2.2199999999999998,0.42105263157894735,0.16,1.557894736842105,0.43243243243243246,0.32,1.6,asset_tag,AST-2031,0.0
Seal & Gasket,affected,A,logistic_regression,test,ok,,f1,0.3981124390504913,0.24864864864864866,True,True,True,185,0.24864864864864866,0.5405405405405406,0.344,0.9347826086956522,0.5029239766081871,0.6743822333437598,0.3795627262530594,57.0,82.0,3.0,43.0,0.4,0.08695652173913043,1.608695652173913,0.3157894736842105,0.13043478260869565,1.2700228832951943,0.3783783783783784,0.30434782608695654,1.5217391304347827,asset_tag,AST-3008,0.0
Seal & Gasket,affected,A,logistic_regression,test,ok,,f1,0.3981124390504913,0.1945945945945946,True,True,True,185,0.1945945945945946,0.4756756756756757,0.24369747899159663,0.8055555555555556,0.3741935483870968,0.7000372856077555,0.3153662176949582,59.0,90.0,7.0,29.0,0.3,0.08333333333333333,1.5416666666666665,0.3684210526315789,0.19444444444444445,1.8932748538011694,0.35135135135135137,0.3611111111111111,1.8055555555555556,asset_tag,AST-3019,0.0
Seal & Gasket,affected,A,logistic_regression,test,ok,,f1,0.3981124390504913,0.2918918918918919,True,True,True,185,0.2918918918918919,0.5783783783783784,0.4090909090909091,1.0,0.5806451612903226,0.7073791348600509,0.43238953282628134,53.0,78.0,0.0,54.0,0.4,0.07407407407407407,1.3703703703703705,0.47368421052631576,0.16666666666666666,1.6228070175438594,0.40540540540540543,0.2777777777777778,1.3888888888888888,asset_tag,AST-4055,0.0
Seal & Gasket,affected,A,logistic_regression,test,ok,,f1,0.3981124390504913,0.24324324324324326,True,True,True,185,0.24324324324324326,0.5513513513513514,0.3492063492063492,0.9777777777777777,0.5146198830409356,0.701111111111111,0.33627665218680514,58.0,82.0,1.0,44.0,0.1,0.022222222222222223,0.4111111111111111,0.21052631578947367,0.08888888888888889,0.8654970760233918,0.32432432432432434,0.26666666666666666,1.3333333333333333,asset_tag,AST-4061,0.0
Seal & Gasket,affected,A,logistic_regression,test,ok,,f1,0.3981124390504913,0.2972972972972973,True,True,True,185,0.2972972972972973,0.5675675675675675,0.40458015267175573,0.9636363636363636,0.5698924731182796,0.6794405594405595,0.38622286553273927,52.0,78.0,2.0,53.0,0.3,0.05454545454545454,1.009090909090909,0.3684210526315789,0.12727272727272726,1.2392344497607655,0.40540540540540543,0.2727272727272727,1.3636363636363635,asset_tag,AST-5003,0.0
Seal & Gasket,affected,A,logistic_regression,test,ok,,f1,0.3981124390504913,0.16216216216216217,True,True,True,185,0.16216216216216217,0.5135135135135135,0.23684210526315788,0.9,0.375,0.703225806451613,0.376363782112958,68.0,87.0,3.0,27.0,0.5,0.16666666666666666,3.083333333333333,0.3684210526315789,0.23333333333333334,2.2719298245614032,0.24324324324324326,0.3,1.5,asset_tag,AST-5007,0.0
Seal & Gasket,affected,A,logistic_regression,test,ok,,top_10pct,0.7136471101859587,0.25405405405405407,True,True,True,185,0.25405405405405407,0.6918918918918919,0.34375,0.23404255319148937,0.27848101265822783,0.6839346284304656,0.36905999984743404,117.0,21.0,36.0,11.0,0.4,0.0851063829787234,1.574468085106383,0.42105263157894735,0.1702127659574468,1.6573348264277714,0.35135135135135137,0.2765957446808511,1.3829787234042554,asset_tag,AST-1041,0.0
Seal & Gasket,affected,A,logistic_regression,test,ok,,top_10pct,0.7136471101859587,0.2,True,True,True,185,0.2,0.7513513513513513,0.2857142857142857,0.16216216216216217,0.20689655172413793,0.6851716581446311,0.29839565446655486,133.0,15.0,31.0,6.0,0.4,0.10810810810810811,2.0,0.3157894736842105,0.16216216216216217,1.5789473684210524,0.32432432432432434,0.32432432432432434,1.6216216216216217,asset_tag,AST-1042,0.0
Seal & Gasket,affected,A,logistic_regression,test,ok,,top_10pct,0.7136471101859587,0.2594594594594595,True,True,True,185,0.2594594594594595,0.7027027027027027,0.41025641025641024,0.3333333333333333,0.367816091954023,0.6686435523114355,0.4045358224814217,114.0,23.0,32.0,16.0,0.6,0.125,2.3125,0.5263157894736842,0.20833333333333334,2.0285087719298245,0.40540540540540543,0.3125,1.5625,asset_tag,AST-2017,0.0
Seal & Gasket,affected,A,logistic_regression,test,ok,,top_10pct,0.7136471101859587,0.2702702702702703,True,True,True,185,0.2702702702702703,0.6972972972972973,0.4117647058823529,0.28,0.3333333333333333,0.6884444444444444,0.4011327437811551,115.0,20.0,36.0,14.0,0.6,0.12,2.2199999999999998,0.42105263157894735,0.16,1.557894736842105,0.43243243243243246,0.32,1.6,asset_tag,AST-2031,0.0
Seal & Gasket,affected,A,logistic_regression,test,ok,,top_10pct,0.7136471101859587,0.24864864864864866,True,True,True,185,0.24864864864864866,0.7027027027027027,0.3333333333333333,0.1956521739130435,0.2465753424657534,0.6743822333437598,0.3795627262530594,121.0,18.0,37.0,9.0,0.4,0.08695652173913043,1.608695652173913,0.3157894736842105,0.13043478260869565,1.2700228832951943,0.3783783783783784,0.30434782608695654,1.5217391304347827,asset_tag,AST-3008,0.0
Seal & Gasket,affected,A,logistic_regression,test,ok,,top_10pct,0.7136471101859587,0.1945945945945946,True,True,True,185,0.1945945945945946,0.7891891891891892,0.4,0.16666666666666666,0.23529411764705882,0.7000372856077555,0.3153662176949582,140.0,9.0,30.0,6.0,0.3,0.08333333333333333,1.5416666666666665,0.3684210526315789,0.19444444444444445,1.8932748538011694,0.35135135135135137,0.3611111111111111,1.8055555555555556,asset_tag,AST-3019,0.0
Seal & Gasket,affected,A,logistic_regression,test,ok,,top_10pct,0.7136471101859587,0.2918918918918919,True,True,True,185,0.2918918918918919,0.6432432432432432,0.3695652173913043,0.3148148148148148,0.34,0.7073791348600509,0.43238953282628134,102.0,29.0,37.0,17.0,0.4,0.07407407407407407,1.3703703703703705,0.47368421052631576,0.16666666666666666,1.6228070175438594,0.40540540540540543,0.2777777777777778,1.3888888888888888,asset_tag,AST-4055,0.0
Seal & Gasket,affected,A,logistic_regression,test,ok,,top_10pct,0.7136471101859587,0.24324324324324326,True,True,True,185,0.24324324324324326,0.7027027027027027,0.3333333333333333,0.2222222222222222,0.26666666666666666,0.701111111111111,0.33627665218680514,120.0,20.0,35.0,10.0,0.1,0.022222222222222223,0.4111111111111111,0.21052631578947367,0.08888888888888889,0.8654970760233918,0.32432432432432434,0.26666666666666666,1.3333333333333333,asset_tag,AST-4061,0.0
Seal & Gasket,affected,A,logistic_regression,test,ok,,top_10pct,0.7136471101859587,0.2972972972972973,True,True,True,185,0.2972972972972973,0.6648648648648648,0.40540540540540543,0.2727272727272727,0.32608695652173914,0.6794405594405595,0.38622286553273927,108.0,22.0,40.0,15.0,0.3,0.05454545454545454,1.009090909090909,0.3684210526315789,0.12727272727272726,1.2392344497607655,0.40540540540540543,0.2727272727272727,1.3636363636363635,asset_tag,AST-5003,0.0
Seal & Gasket,affected,A,logistic_regression,test,ok,,top_10pct,0.7136471101859587,0.16216216216216217,True,True,True,185,0.16216216216216217,0.8486486486486486,0.6666666666666666,0.13333333333333333,0.2222222222222222,0.703225806451613,0.376363782112958,153.0,2.0,26.0,4.0,0.5,0.16666666666666666,3.083333333333333,0.3684210526315789,0.23333333333333334,2.2719298245614032,0.24324324324324326,0.3,1.5,asset_tag,AST-5007,0.0
Seal & Gasket,severe,B,hist_gradient_boosting,test,ok,,f1,0.03879897353768352,0.14054054054054055,True,True,True,185,0.14054054054054055,0.4540540540540541,0.1951219512195122,0.9230769230769231,0.3221476510067114,0.7104499274310595,0.23399329551457365,60.0,99.0,2.0,24.0,0.2,0.07692307692307693,1.4230769230769231,0.15789473684210525,0.11538461538461539,1.123481781376518,0.24324324324324326,0.34615384615384615,1.7307692307692308,asset_tag,AST-1041,0.039809170902163335
Seal & Gasket,severe,B,hist_gradient_boosting,test,ok,,f1,0.03879897353768352,0.11351351351351352,True,True,True,185,0.11351351351351352,0.41621621621621624,0.16279069767441862,1.0,0.28,0.6509872241579558,0.2362136284716706,56.0,108.0,0.0,21.0,0.4,0.19047619047619047,3.5238095238095237,0.2631578947368421,0.23809523809523808,2.3182957393483705,0.16216216216216217,0.2857142857142857,1.4285714285714286,asset_tag,AST-1042,0.039809170902163335
Seal & Gasket,severe,B,hist_gradient_boosting,test,ok,,f1,0.03879897353768352,0.15135135135135136,True,True,True,185,0.15135135135135136,0.43243243243243246,0.21052631578947367,1.0,0.34782608695652173,0.6342129208371247,0.2021655684054624,52.0,105.0,0.0,28.0,0.1,0.03571428571428571,0.6607142857142857,0.15789473684210525,0.10714285714285714,1.0432330827067668,0.16216216216216217,0.21428571428571427,1.0714285714285714,asset_tag,AST-2017,0.039809170902163335
Seal & Gasket,severe,B,hist_gradient_boosting,test,ok,,f1,0.03879897353768352,0.13513513513513514,True,True,True,185,0.13513513513513514,0.43243243243243246,0.19230769230769232,1.0,0.3225806451612903,0.631,0.1842413087058691,55.0,105.0,0.0,25.0,0.2,0.08,1.48,0.15789473684210525,0.12,1.1684210526315788,0.13513513513513514,0.2,1.0,asset_tag,AST-2031,0.039809170902163335
Seal & Gasket,severe,B,hist_gradient_boosting,test,ok,,f1,0.03879897353768352,0.15135135135135136,True,True,True,185,0.15135135135135136,0.43243243243243246,0.20610687022900764,0.9642857142857143,0.33962264150943394,0.6198817106460419,0.18815129700071895,53.0,104.0,1.0,27.0,0.1,0.03571428571428571,0.6607142857142857,0.15789473684210525,0.10714285714285714,1.0432330827067668,0.16216216216216217,0.21428571428571427,1.0714285714285714,asset_tag,AST-3008,0.039809170902163335
Seal & Gasket,severe,B,hist_gradient_boosting,test,ok,,f1,0.03879897353768352,0.12432432432432433,True,True,True,185,0.12432432432432433,0.42702702702702705,0.168,0.9130434782608695,0.28378378378378377,0.66532474503489,0.3029242955450364,58.0,104.0,2.0,21.0,0.4,0.17391304347826086,3.217391304347826,0.3157894736842105,0.2608695652173913,2.5400457665903886,0.1891891891891892,0.30434782608695654,1.5217391304347827,asset_tag,AST-3019,0.039809170902163335
Seal & Gasket,severe,B,hist_gradient_boosting,test,ok,,f1,0.03879897353768352,0.17297297297297298,True,True,True,185,0.17297297297297298,0.4540540540540541,0.24060150375939848,1.0,0.3878787878787879,0.7391748366013071,0.2889298820408228,52.0,101.0,0.0,32.0,0.2,0.0625,1.15625,0.15789473684210525,0.09375,0.9128289473684209,0.32432432432432434,0.375,1.875,asset_tag,AST-4055,0.039809170902163335
Seal & Gasket,severe,B,hist_gradient_boosting,test,ok,,f1,0.03879897353768352,0.12972972972972974,True,True,True,185,0.12972972972972974,0.42702702702702705,0.1746031746031746,0.9166666666666666,0.29333333333333333,0.6244824016563146,0.1838732616425783,57.0,104.0,2.0,22.0,0.3,0.125,2.3125,0.15789473684210525,0.125,1.2171052631578947,0.13513513513513514,0.20833333333333334,1.0416666666666667,asset_tag,AST-4061,0.039809170902163335
Seal & Gasket,severe,B,hist_gradient_boosting,test,ok,,f1,0.03879897353768352,0.14594594594594595,True,True,True,185,0.14594594594594595,0.42702702702702705,0.20300751879699247,1.0,0.3375,0.60056258790436,0.16772138837812503,52.0,106.0,0.0,27.0,0.0,0.0,0.0,0.10526315789473684,0.07407407407407407,0.7212475633528265,0.10810810810810811,0.14814814814814814,0.7407407407407407,asset_tag,AST-5003,0.039809170902163335
Seal & Gasket,severe,B,hist_gradient_boosting,test,ok,,f1,0.03879897353768352,0.0972972972972973,True,True,True,185,0.0972972972972973,0.3891891891891892,0.13740458015267176,1.0,0.24161073825503357,0.6856287425149701,0.17883714800359216,54.0,113.0,0.0,18.0,0.2,0.1111111111111111,2.0555555555555554,0.15789473684210525,0.16666666666666666,1.6228070175438594,0.1891891891891892,0.3888888888888889,1.9444444444444444,asset_tag,AST-5007,0.039809170902163335
Seal & Gasket,severe,B,hist_gradient_boosting,test,ok,,top_10pct,0.23019856498971195,0.14054054054054055,True,True,True,185,0.14054054054054055,0.8162162162162162,0.16666666666666666,0.07692307692307693,0.10526315789473684,0.7104499274310595,0.23399329551457365,149.0,10.0,24.0,2.0,0.2,0.07692307692307693,1.4230769230769231,0.15789473684210525,0.11538461538461539,1.123481781376518,0.24324324324324326,0.34615384615384615,1.7307692307692308,asset_tag,AST-1041,0.039809170902163335
Seal & Gasket,severe,B,hist_gradient_boosting,test,ok,,top_10pct,0.23019856498971195,0.11351351351351352,True,True,True,185,0.11351351351351352,0.8702702702702703,0.3333333333333333,0.14285714285714285,0.2,0.6509872241579558,0.2362136284716706,158.0,6.0,18.0,3.0,0.4,0.19047619047619047,3.5238095238095237,0.2631578947368421,0.23809523809523808,2.3182957393483705,0.16216216216216217,0.2857142857142857,1.4285714285714286,asset_tag,AST-1042,0.039809170902163335
Seal & Gasket,severe,B,hist_gradient_boosting,test,ok,,top_10pct,0.23019856498971195,0.15135135135135136,True,True,True,185,0.15135135135135136,0.654054054054054,0.17857142857142858,0.35714285714285715,0.23809523809523808,0.6342129208371247,0.2021655684054624,111.0,46.0,18.0,10.0,0.1,0.03571428571428571,0.6607142857142857,0.15789473684210525,0.10714285714285714,1.0432330827067668,0.16216216216216217,0.21428571428571427,1.0714285714285714,asset_tag,AST-2017,0.039809170902163335
Seal & Gasket,severe,B,hist_gradient_boosting,test,ok,,top_10pct,0.23019856498971195,0.13513513513513514,True,True,True,185,0.13513513513513514,0.7135135135135136,0.15,0.24,0.18461538461538463,0.631,0.1842413087058691,126.0,34.0,19.0,6.0,0.2,0.08,1.48,0.15789473684210525,0.12,1.1684210526315788,0.13513513513513514,0.2,1.0,asset_tag,AST-2031,0.039809170902163335
Seal & Gasket,severe,B,hist_gradient_boosting,test,ok,,top_10pct,0.23019856498971195,0.15135135135135136,True,True,True,185,0.15135135135135136,0.7567567567567568,0.16,0.14285714285714285,0.1509433962264151,0.6198817106460419,0.18815129700071895,136.0,21.0,24.0,4.0,0.1,0.03571428571428571,0.6607142857142857,0.15789473684210525,0.10714285714285714,1.0432330827067668,0.16216216216216217,0.21428571428571427,1.0714285714285714,asset_tag,AST-3008,0.039809170902163335
Seal & Gasket,severe,B,hist_gradient_boosting,test,ok,,top_10pct,0.23019856498971195,0.12432432432432433,True,True,True,185,0.12432432432432433,0.8486486486486486,0.3333333333333333,0.21739130434782608,0.2631578947368421,0.66532474503489,0.3029242955450364,152.0,10.0,18.0,5.0,0.4,0.17391304347826086,3.217391304347826,0.3157894736842105,0.2608695652173913,2.5400457665903886,0.1891891891891892,0.30434782608695654,1.5217391304347827,asset_tag,AST-3019,0.039809170902163335
Seal & Gasket,severe,B,hist_gradient_boosting,test,ok,,top_10pct,0.23019856498971195,0.17297297297297298,True,True,True,185,0.17297297297297298,0.7405405405405405,0.3181818181818182,0.4375,0.3684210526315789,0.7391748366013071,0.2889298820408228,123.0,30.0,18.0,14.0,0.2,0.0625,1.15625,0.15789473684210525,0.09375,0.9128289473684209,0.32432432432432434,0.375,1.875,asset_tag,AST-4055,0.039809170902163335
Seal & Gasket,severe,B,hist_gradient_boosting,test,ok,,top_10pct,0.23019856498971195,0.12972972972972974,True,True,True,185,0.12972972972972974,0.8540540540540541,0.3333333333333333,0.125,0.18181818181818182,0.6244824016563146,0.1838732616425783,155.0,6.0,21.0,3.0,0.3,0.125,2.3125,0.15789473684210525,0.125,1.2171052631578947,0.13513513513513514,0.20833333333333334,1.0416666666666667,asset_tag,AST-4061,0.039809170902163335
Seal & Gasket,severe,B,hist_gradient_boosting,test,ok,,top_10pct,0.23019856498971195,0.14594594594594595,True,True,True,185,0.14594594594594595,0.7621621621621621,0.13043478260869565,0.1111111111111111,0.12,0.60056258790436,0.16772138837812503,138.0,20.0,24.0,3.0,0.0,0.0,0.0,0.10526315789473684,0.07407407407407407,0.7212475633528265,0.10810810810810811,0.14814814814814814,0.7407407407407407,asset_tag,AST-5003,0.039809170902163335
Seal & Gasket,severe,B,hist_gradient_boosting,test,ok,,top_10pct,0.23019856498971195,0.0972972972972973,True,True,True,185,0.0972972972972973,0.8810810810810811,0.16666666666666666,0.05555555555555555,0.08333333333333333,0.6856287425149701,0.17883714800359216,162.0,5.0,17.0,1.0,0.2,0.1111111111111111,2.0555555555555554,0.15789473684210525,0.16666666666666666,1.6228070175438594,0.1891891891891892,0.3888888888888889,1.9444444444444444,asset_tag,AST-5007,0.039809170902163335
Drive Belt,affected,A,logistic_regression,test,ok,,f1,0.30434028023149107,0.14594594594594595,True,True,True,185,0.14594594594594595,0.42702702702702705,0.20300751879699247,1.0,0.3375,0.5796999531176746,0.16207448539788732,52.0,106.0,0.0,27.0,0.0,0.0,0.0,0.10526315789473684,0.07407407407407407,0.7212475633528265,0.13513513513513514,0.18518518518518517,0.9259259259259259,asset_tag,AST-1041,0.0
Drive Belt,affected,A,logistic_regression,test,ok,,f1,0.30434028023149107,0.15675675675675677,True,True,True,185,0.15675675675675677,0.43783783783783786,0.21804511278195488,1.0,0.35802469135802467,0.6463306808134395,0.2112670375894974,52.0,104.0,0.0,29.0,0.2,0.06896551724137931,1.2758620689655173,0.15789473684210525,0.10344827586206896,1.0072595281306713,0.16216216216216217,0.20689655172413793,1.0344827586206897,asset_tag,AST-1042,0.0
Drive Belt,affected,A,logistic_regression,test,ok,,f1,0.30434028023149107,0.24864864864864866,True,True,True,185,0.24864864864864866,0.518918918918919,0.34074074074074073,1.0,0.5082872928176796,0.7055051610885205,0.3722815937602404,50.0,89.0,0.0,46.0,0.5,0.10869565217391304,2.010869565217391,0.2631578947368421,0.10869565217391304,1.0583524027459954,0.2972972972972973,0.2391304347826087,1.1956521739130435,asset_tag,AST-2017,0.0
Drive Belt,affected,A,logistic_regression,test,ok,,f1,0.30434028023149107,0.1945945945945946,True,True,True,185,0.1945945945945946,0.4648648648648649,0.26666666666666666,1.0,0.42105263157894735,0.6538031319910514,0.26639360880403107,50.0,99.0,0.0,36.0,0.2,0.05555555555555555,1.0277777777777777,0.2631578947368421,0.1388888888888889,1.3523391812865495,0.24324324324324326,0.25,1.25,asset_tag,AST-2031,0.0
Drive Belt,affected,A,logistic_regression,test,ok,,f1,0.30434028023149107,0.16216216216216217,True,True,True,185,0.16216216216216217,0.4648648648648649,0.23255813953488372,1.0,0.37735849056603776,0.6449462365591397,0.21868583861793367,56.0,99.0,0.0,30.0,0.3,0.1,1.8499999999999999,0.15789473684210525,0.1,0.9736842105263157,0.16216216216216217,0.2,1.0,asset_tag,AST-3008,0.0
Drive Belt,affected,A,logistic_regression,test,ok,,f1,0.30434028023149107,0.13513513513513514,True,True,True,185,0.13513513513513514,0.43243243243243246,0.1875,0.96,0.3137254901960784,0.7150000000000001,0.2802234153331455,56.0,104.0,1.0,24.0,0.4,0.16,2.96,0.3157894736842105,0.24,2.3368421052631576,0.2972972972972973,0.44,2.2,asset_tag,AST-3019,0.0
Drive Belt,affected,A,logistic_regression,test,ok,,f1,0.30434028023149107,0.31891891891891894,True,True,True,185,0.31891891891891894,0.6,0.44360902255639095,1.0,0.6145833333333334,0.6959913909066451,0.4463918414766867,52.0,74.0,0.0,59.0,0.5,0.0847457627118644,1.5677966101694913,0.5263157894736842,0.1694915254237288,1.6503122212310435,0.35135135135135137,0.22033898305084745,1.1016949152542372,asset_tag,AST-4055,0.0
Drive Belt,affected,A,logistic_regression,test,ok,,f1,0.30434028023149107,0.22702702702702704,True,True,True,185,0.22702702702702704,0.5081081081081081,0.3157894736842105,1.0,0.48,0.7392607392607393,0.37061986430400795,52.0,91.0,0.0,42.0,0.4,0.09523809523809523,1.7619047619047619,0.3684210526315789,0.16666666666666666,1.6228070175438594,0.3783783783783784,0.3333333333333333,1.6666666666666667,asset_tag,AST-4061,0.0
Drive Belt,affected,A,logistic_regression,test,ok,,f1,0.30434028023149107,0.2,True,True,True,185,0.2,0.4594594594594595,0.27007299270072993,1.0,0.42528735632183906,0.7331994156318481,0.3832751890109527,48.0,100.0,0.0,37.0,0.3,0.08108108108108109,1.4999999999999998,0.5263157894736842,0.2702702702702703,2.631578947368421,0.2972972972972973,0.2972972972972973,1.4864864864864864,asset_tag,AST-5003,0.0
Drive Belt,affected,A,logistic_regression,test,ok,,f1,0.30434028023149107,0.1891891891891892,True,True,True,185,0.1891891891891892,0.4918918918918919,0.2677165354330709,0.9714285714285714,0.41975308641975306,0.6666666666666667,0.2988137367077706,57.0,93.0,1.0,34.0,0.3,0.08571428571428572,1.5857142857142856,0.2631578947368421,0.14285714285714285,1.3909774436090223,0.21621621621621623,0.22857142857142856,1.1428571428571428,asset_tag,AST-5007,0.0
Drive Belt,affected,A,logistic_regression,test,ok,,min_precision_70,0.8851613378733908,0.14594594594594595,True,True,True,185,0.14594594594594595,0.8540540540540541,0.0,0.0,0.0,0.5796999531176746,0.16207448539788732,158.0,0.0,27.0,0.0,0.0,0.0,0.0,0.10526315789473684,0.07407407407407407,0.7212475633528265,0.13513513513513514,0.18518518518518517,0.9259259259259259,asset_tag,AST-1041,0.0
Drive Belt,affected,A,logistic_regression,test,ok,,min_precision_70,0.8851613378733908,0.15675675675675677,True,True,True,185,0.15675675675675677,0.8432432432432433,0.0,0.0,0.0,0.6463306808134395,0.2112670375894974,156.0,0.0,29.0,0.0,0.2,0.06896551724137931,1.2758620689655173,0.15789473684210525,0.10344827586206896,1.0072595281306713,0.16216216216216217,0.20689655172413793,1.0344827586206897,asset_tag,AST-1042,0.0
Drive Belt,affected,A,logistic_regression,test,ok,,min_precision_70,0.8851613378733908,0.24864864864864866,True,True,True,185,0.24864864864864866,0.7513513513513513,0.0,0.0,0.0,0.7055051610885205,0.3722815937602404,139.0,0.0,46.0,0.0,0.5,0.10869565217391304,2.010869565217391,0.2631578947368421,0.10869565217391304,1.0583524027459954,0.2972972972972973,0.2391304347826087,1.1956521739130435,asset_tag,AST-2017,0.0
Drive Belt,affected,A,logistic_regression,test,ok,,min_precision_70,0.8851613378733908,0.1945945945945946,True,True,True,185,0.1945945945945946,0.8054054054054054,0.0,0.0,0.0,0.6538031319910514,0.26639360880403107,149.0,0.0,36.0,0.0,0.2,0.05555555555555555,1.0277777777777777,0.2631578947368421,0.1388888888888889,1.3523391812865495,0.24324324324324326,0.25,1.25,asset_tag,AST-2031,0.0
Drive Belt,affected,A,logistic_regression,test,ok,,min_precision_70,0.8851613378733908,0.16216216216216217,True,True,True,185,0.16216216216216217,0.8378378378378378,0.0,0.0,0.0,0.6449462365591397,0.21868583861793367,155.0,0.0,30.0,0.0,0.3,0.1,1.8499999999999999,0.15789473684210525,0.1,0.9736842105263157,0.16216216216216217,0.2,1.0,asset_tag,AST-3008,0.0
Drive Belt,affected,A,logistic_regression,test,ok,,min_precision_70,0.8851613378733908,0.13513513513513514,True,True,True,185,0.13513513513513514,0.8648648648648649,0.0,0.0,0.0,0.7150000000000001,0.2802234153331455,160.0,0.0,25.0,0.0,0.4,0.16,2.96,0.3157894736842105,0.24,2.3368421052631576,0.2972972972972973,0.44,2.2,asset_tag,AST-3019,0.0
Drive Belt,affected,A,logistic_regression,test,ok,,min_precision_70,0.8851613378733908,0.31891891891891894,True,True,True,185,0.31891891891891894,0.6810810810810811,0.0,0.0,0.0,0.6959913909066451,0.4463918414766867,126.0,0.0,59.0,0.0,0.5,0.0847457627118644,1.5677966101694913,0.5263157894736842,0.1694915254237288,1.6503122212310435,0.35135135135135137,0.22033898305084745,1.1016949152542372,asset_tag,AST-4055,0.0
Drive Belt,affected,A,logistic_regression,test,ok,,min_precision_70,0.8851613378733908,0.22702702702702704,True,True,True,185,0.22702702702702704,0.772972972972973,0.0,0.0,0.0,0.7392607392607393,0.37061986430400795,143.0,0.0,42.0,0.0,0.4,0.09523809523809523,1.7619047619047619,0.3684210526315789,0.16666666666666666,1.6228070175438594,0.3783783783783784,0.3333333333333333,1.6666666666666667,asset_tag,AST-4061,0.0
Drive Belt,affected,A,logistic_regression,test,ok,,min_precision_70,0.8851613378733908,0.2,True,True,True,185,0.2,0.8054054054054054,1.0,0.02702702702702703,0.05263157894736842,0.7331994156318481,0.3832751890109527,148.0,0.0,36.0,1.0,0.3,0.08108108108108109,1.4999999999999998,0.5263157894736842,0.2702702702702703,2.631578947368421,0.2972972972972973,0.2972972972972973,1.4864864864864864,asset_tag,AST-5003,0.0
Drive Belt,affected,A,logistic_regression,test,ok,,min_precision_70,0.8851613378733908,0.1891891891891892,True,True,True,185,0.1891891891891892,0.8108108108108109,0.0,0.0,0.0,0.6666666666666667,0.2988137367077706,150.0,0.0,35.0,0.0,0.3,0.08571428571428572,1.5857142857142856,0.2631578947368421,0.14285714285714285,1.3909774436090223,0.21621621621621623,0.22857142857142856,1.1428571428571428,asset_tag,AST-5007,0.0
Drive Belt,affected,A,logistic_regression,test,ok,,min_precision_80,0.8851613378733908,0.14594594594594595,True,True,True,185,0.14594594594594595,0.8540540540540541,0.0,0.0,0.0,0.5796999531176746,0.16207448539788732,158.0,0.0,27.0,0.0,0.0,0.0,0.0,0.10526315789473684,0.07407407407407407,0.7212475633528265,0.13513513513513514,0.18518518518518517,0.9259259259259259,asset_tag,AST-1041,0.0
Drive Belt,affected,A,logistic_regression,test,ok,,min_precision_80,0.8851613378733908,0.15675675675675677,True,True,True,185,0.15675675675675677,0.8432432432432433,0.0,0.0,0.0,0.6463306808134395,0.2112670375894974,156.0,0.0,29.0,0.0,0.2,0.06896551724137931,1.2758620689655173,0.15789473684210525,0.10344827586206896,1.0072595281306713,0.16216216216216217,0.20689655172413793,1.0344827586206897,asset_tag,AST-1042,0.0
Drive Belt,affected,A,logistic_regression,test,ok,,min_precision_80,0.8851613378733908,0.24864864864864866,True,True,True,185,0.24864864864864866,0.7513513513513513,0.0,0.0,0.0,0.7055051610885205,0.3722815937602404,139.0,0.0,46.0,0.0,0.5,0.10869565217391304,2.010869565217391,0.2631578947368421,0.10869565217391304,1.0583524027459954,0.2972972972972973,0.2391304347826087,1.1956521739130435,asset_tag,AST-2017,0.0
Drive Belt,affected,A,logistic_regression,test,ok,,min_precision_80,0.8851613378733908,0.1945945945945946,True,True,True,185,0.1945945945945946,0.8054054054054054,0.0,0.0,0.0,0.6538031319910514,0.26639360880403107,149.0,0.0,36.0,0.0,0.2,0.05555555555555555,1.0277777777777777,0.2631578947368421,0.1388888888888889,1.3523391812865495,0.24324324324324326,0.25,1.25,asset_tag,AST-2031,0.0
Drive Belt,affected,A,logistic_regression,test,ok,,min_precision_80,0.8851613378733908,0.16216216216216217,True,True,True,185,0.16216216216216217,0.8378378378378378,0.0,0.0,0.0,0.6449462365591397,0.21868583861793367,155.0,0.0,30.0,0.0,0.3,0.1,1.8499999999999999,0.15789473684210525,0.1,0.9736842105263157,0.16216216216216217,0.2,1.0,asset_tag,AST-3008,0.0
Drive Belt,affected,A,logistic_regression,test,ok,,min_precision_80,0.8851613378733908,0.13513513513513514,True,True,True,185,0.13513513513513514,0.8648648648648649,0.0,0.0,0.0,0.7150000000000001,0.2802234153331455,160.0,0.0,25.0,0.0,0.4,0.16,2.96,0.3157894736842105,0.24,2.3368421052631576,0.2972972972972973,0.44,2.2,asset_tag,AST-3019,0.0
Drive Belt,affected,A,logistic_regression,test,ok,,min_precision_80,0.8851613378733908,0.31891891891891894,True,True,True,185,0.31891891891891894,0.6810810810810811,0.0,0.0,0.0,0.6959913909066451,0.4463918414766867,126.0,0.0,59.0,0.0,0.5,0.0847457627118644,1.5677966101694913,0.5263157894736842,0.1694915254237288,1.6503122212310435,0.35135135135135137,0.22033898305084745,1.1016949152542372,asset_tag,AST-4055,0.0
Drive Belt,affected,A,logistic_regression,test,ok,,min_precision_80,0.8851613378733908,0.22702702702702704,True,True,True,185,0.22702702702702704,0.772972972972973,0.0,0.0,0.0,0.7392607392607393,0.37061986430400795,143.0,0.0,42.0,0.0,0.4,0.09523809523809523,1.7619047619047619,0.3684210526315789,0.16666666666666666,1.6228070175438594,0.3783783783783784,0.3333333333333333,1.6666666666666667,asset_tag,AST-4061,0.0
Drive Belt,affected,A,logistic_regression,test,ok,,min_precision_80,0.8851613378733908,0.2,True,True,True,185,0.2,0.8054054054054054,1.0,0.02702702702702703,0.05263157894736842,0.7331994156318481,0.3832751890109527,148.0,0.0,36.0,1.0,0.3,0.08108108108108109,1.4999999999999998,0.5263157894736842,0.2702702702702703,2.631578947368421,0.2972972972972973,0.2972972972972973,1.4864864864864864,asset_tag,AST-5003,0.0
Drive Belt,affected,A,logistic_regression,test,ok,,min_precision_80,0.8851613378733908,0.1891891891891892,True,True,True,185,0.1891891891891892,0.8108108108108109,0.0,0.0,0.0,0.6666666666666667,0.2988137367077706,150.0,0.0,35.0,0.0,0.3,0.08571428571428572,1.5857142857142856,0.2631578947368421,0.14285714285714285,1.3909774436090223,0.21621621621621623,0.22857142857142856,1.1428571428571428,asset_tag,AST-5007,0.0
Drive Belt,affected,A,logistic_regression,test,ok,,top_10pct,0.7140039493820484,0.14594594594594595,True,True,True,185,0.14594594594594595,0.7027027027027027,0.13157894736842105,0.18518518518518517,0.15384615384615385,0.5796999531176746,0.16207448539788732,125.0,33.0,22.0,5.0,0.0,0.0,0.0,0.10526315789473684,0.07407407407407407,0.7212475633528265,0.13513513513513514,0.18518518518518517,0.9259259259259259,asset_tag,AST-1041,0.0
Drive Belt,affected,A,logistic_regression,test,ok,,top_10pct,0.7140039493820484,0.15675675675675677,True,True,True,185,0.15675675675675677,0.8,0.21428571428571427,0.10344827586206896,0.13953488372093023,0.6463306808134395,0.2112670375894974,145.0,11.0,26.0,3.0,0.2,0.06896551724137931,1.2758620689655173,0.15789473684210525,0.10344827586206896,1.0072595281306713,0.16216216216216217,0.20689655172413793,1.0344827586206897,asset_tag,AST-1042,0.0
Drive Belt,affected,A,logistic_regression,test,ok,,top_10pct,0.7140039493820484,0.24864864864864866,True,True,True,185,0.24864864864864866,0.6702702702702703,0.2857142857142857,0.21739130434782608,0.24691358024691357,0.7055051610885205,0.3722815937602404,114.0,25.0,36.0,10.0,0.5,0.10869565217391304,2.010869565217391,0.2631578947368421,0.10869565217391304,1.0583524027459954,0.2972972972972973,0.2391304347826087,1.1956521739130435,asset_tag,AST-2017,0.0
Drive Belt,affected,A,logistic_regression,test,ok,,top_10pct,0.7140039493820484,0.1945945945945946,True,True,True,185,0.1945945945945946,0.7567567567567568,0.2857142857142857,0.16666666666666666,0.21052631578947367,0.6538031319910514,0.26639360880403107,134.0,15.0,30.0,6.0,0.2,0.05555555555555555,1.0277777777777777,0.2631578947368421,0.1388888888888889,1.3523391812865495,0.24324324324324326,0.25,1.25,asset_tag,AST-2031,0.0
Drive Belt,affected,A,logistic_regression,test,ok,,top_10pct,0.7140039493820484,0.16216216216216217,True,True,True,185,0.16216216216216217,0.8108108108108109,0.2222222222222222,0.06666666666666667,0.10256410256410256,0.6449462365591397,0.21868583861793367,148.0,7.0,28.0,2.0,0.3,0.1,1.8499999999999999,0.15789473684210525,0.1,0.9736842105263157,0.16216216216216217,0.2,1.0,asset_tag,AST-3008,0.0
Drive Belt,affected,A,logistic_regression,test,ok,,top_10pct,0.7140039493820484,0.13513513513513514,True,True,True,185,0.13513513513513514,0.8540540540540541,0.375,0.12,0.18181818181818182,0.7150000000000001,0.2802234153331455,155.0,5.0,22.0,3.0,0.4,0.16,2.96,0.3157894736842105,0.24,2.3368421052631576,0.2972972972972973,0.44,2.2,asset_tag,AST-3019,0.0
Drive Belt,affected,A,logistic_regression,test,ok,,top_10pct,0.7140039493820484,0.31891891891891894,True,True,True,185,0.31891891891891894,0.6162162162162163,0.35,0.23728813559322035,0.2828282828282828,0.6959913909066451,0.4463918414766867,100.0,26.0,45.0,14.0,0.5,0.0847457627118644,1.5677966101694913,0.5263157894736842,0.1694915254237288,1.6503122212310435,0.35135135135135137,0.22033898305084745,1.1016949152542372,asset_tag,AST-4055,0.0
Drive Belt,affected,A,logistic_regression,test,ok,,top_10pct,0.7140039493820484,0.22702702702702704,True,True,True,185,0.22702702702702704,0.7243243243243244,0.3548387096774194,0.2619047619047619,0.3013698630136986,0.7392607392607393,0.37061986430400795,123.0,20.0,31.0,11.0,0.4,0.09523809523809523,1.7619047619047619,0.3684210526315789,0.16666666666666666,1.6228070175438594,0.3783783783783784,0.3333333333333333,1.6666666666666667,asset_tag,AST-4061,0.0
Drive Belt,affected,A,logistic_regression,test,ok,,top_10pct,0.7140039493820484,0.2,True,True,True,185,0.2,0.7189189189189189,0.2972972972972973,0.2972972972972973,0.2972972972972973,0.7331994156318481,0.3832751890109527,122.0,26.0,26.0,11.0,0.3,0.08108108108108109,1.4999999999999998,0.5263157894736842,0.2702702702702703,2.631578947368421,0.2972972972972973,0.2972972972972973,1.4864864864864864,asset_tag,AST-5003,0.0
Drive Belt,affected,A,logistic_regression,test,ok,,top_10pct,0.7140039493820484,0.1891891891891892,True,True,True,185,0.1891891891891892,0.8162162162162162,0.6666666666666666,0.05714285714285714,0.10526315789473684,0.6666666666666667,0.2988137367077706,149.0,1.0,33.0,2.0,0.3,0.08571428571428572,1.5857142857142856,0.2631578947368421,0.14285714285714285,1.3909774436090223,0.21621621621621623,0.22857142857142856,1.1428571428571428,asset_tag,AST-5007,0.0
Drive Belt,severe,B,logistic_regression,test,ok,,f1,0.8713764683791682,0.021621621621621623,True,True,True,185,0.021621621621621623,0.9405405405405406,0.0,0.0,0.0,0.7320441988950277,0.0636111111111111,174.0,7.0,4.0,0.0,0.0,0.0,0.0,0.05263157894736842,0.25,2.4342105263157894,0.05405405405405406,0.5,2.5,asset_tag,AST-1041,0.033219772594676664
Drive Belt,severe,B,logistic_regression,test,ok,,f1,0.8713764683791682,0.005405405405405406,True,True,True,185,0.005405405405405406,0.9891891891891892,0.0,0.0,0.0,0.8097826086956521,0.027777777777777776,183.0,1.0,1.0,0.0,0.0,0.0,0.0,0.0,0.0,0.0,0.02702702702702703,1.0,5.0,asset_tag,AST-1042,0.033219772594676664
Drive Belt,severe,B,logistic_regression,test,ok,,f1,0.8713764683791682,0.021621621621621623,True,True,True,185,0.021621621621621623,0.9783783783783784,0.0,0.0,0.0,0.6823204419889504,0.03995191697416166,181.0,0.0,4.0,0.0,0.0,0.0,0.0,0.0,0.0,0.0,0.0,0.0,0.0,asset_tag,AST-2017,0.033219772594676664
Drive Belt,severe,B,logistic_regression,test,ok,,f1,0.8713764683791682,0.016216216216216217,True,True,True,185,0.016216216216216217,0.9459459459459459,0.0,0.0,0.0,0.5256410256410257,0.02166781915513531,175.0,7.0,3.0,0.0,0.0,0.0,0.0,0.0,0.0,0.0,0.0,0.0,0.0,asset_tag,AST-2031,0.033219772594676664
Drive Belt,severe,B,logistic_regression,test,ok,,f1,0.8713764683791682,0.016216216216216217,True,True,True,185,0.016216216216216217,0.9783783783783784,0.0,0.0,0.0,0.5018315018315018,0.02061965811965812,181.0,1.0,3.0,0.0,0.0,0.0,0.0,0.0,0.0,0.0,0.0,0.0,0.0,asset_tag,AST-3008,0.033219772594676664
Drive Belt,severe,B,logistic_regression,test,ok,,f1,0.8713764683791682,0.005405405405405406,True,True,True,185,0.005405405405405406,0.9945945945945946,0.0,0.0,0.0,0.2934782608695652,0.007633587786259542,184.0,0.0,1.0,0.0,0.0,0.0,0.0,0.0,0.0,0.0,0.0,0.0,0.0,asset_tag,AST-3019,0.033219772594676664
Drive Belt,severe,B,logistic_regression,test,ok,,f1,0.8713764683791682,0.032432432432432434,True,True,True,185,0.032432432432432434,0.9621621621621622,0.0,0.0,0.0,0.5782122905027933,0.044196135993282995,178.0,1.0,6.0,0.0,0.0,0.0,0.0,0.0,0.0,0.0,0.02702702702702703,0.16666666666666666,0.8333333333333334,asset_tag,AST-4055,0.033219772594676664
Drive Belt,severe,B,logistic_regression,test,ok,,f1,0.8713764683791682,0.016216216216216217,True,True,True,185,0.016216216216216217,0.9567567567567568,0.0,0.0,0.0,0.652014652014652,0.03312231908122319,177.0,5.0,3.0,0.0,0.0,0.0,0.0,0.0,0.0,0.0,0.02702702702702703,0.3333333333333333,1.6666666666666667,asset_tag,AST-4061,0.033219772594676664
Drive Belt,severe,B,logistic_regression,test,ok,,f1,0.8713764683791682,0.016216216216216217,True,True,True,185,0.016216216216216217,0.9405405405405406,0.1,0.3333333333333333,0.15384615384615385,0.7564102564102564,0.0874756335282651,173.0,9.0,2.0,1.0,0.1,0.3333333333333333,6.166666666666667,0.10526315789473684,0.6666666666666666,6.4912280701754375,0.05405405405405406,0.6666666666666666,3.3333333333333335,asset_tag,AST-5003,0.033219772594676664
Drive Belt,severe,B,logistic_regression,test,ok,,f1,0.8713764683791682,0.010810810810810811,True,True,True,185,0.010810810810810811,0.9837837837837838,0.0,0.0,0.0,0.7950819672131149,0.07678571428571429,182.0,1.0,2.0,0.0,0.1,0.5,9.25,0.05263157894736842,0.5,4.868421052631579,0.02702702702702703,0.5,2.5,asset_tag,AST-5007,0.033219772594676664
Drive Belt,severe,B,logistic_regression,test,ok,,top_10pct,0.715386179580381,0.021621621621621623,True,True,True,185,0.021621621621621623,0.8702702702702703,0.045454545454545456,0.25,0.07692307692307693,0.7320441988950277,0.0636111111111111,160.0,21.0,3.0,1.0,0.0,0.0,0.0,0.05263157894736842,0.25,2.4342105263157894,0.05405405405405406,0.5,2.5,asset_tag,AST-1041,0.033219772594676664
Drive Belt,severe,B,logistic_regression,test,ok,,top_10pct,0.715386179580381,0.005405405405405406,True,True,True,185,0.005405405405405406,0.9567567567567568,0.0,0.0,0.0,0.8097826086956521,0.027777777777777776,177.0,7.0,1.0,0.0,0.0,0.0,0.0,0.0,0.0,0.0,0.02702702702702703,1.0,5.0,asset_tag,AST-1042,0.033219772594676664
Drive Belt,severe,B,logistic_regression,test,ok,,top_10pct,0.715386179580381,0.021621621621621623,True,True,True,185,0.021621621621621623,0.9081081081081082,0.0,0.0,0.0,0.6823204419889504,0.03995191697416166,168.0,13.0,4.0,0.0,0.0,0.0,0.0,0.0,0.0,0.0,0.0,0.0,0.0,asset_tag,AST-2017,0.033219772594676664
Drive Belt,severe,B,logistic_regression,test,ok,,top_10pct,0.715386179580381,0.016216216216216217,True,True,True,185,0.016216216216216217,0.7675675675675676,0.0,0.0,0.0,0.5256410256410257,0.02166781915513531,142.0,40.0,3.0,0.0,0.0,0.0,0.0,0.0,0.0,0.0,0.0,0.0,0.0,asset_tag,AST-2031,0.033219772594676664
Drive Belt,severe,B,logistic_regression,test,ok,,top_10pct,0.715386179580381,0.016216216216216217,True,True,True,185,0.016216216216216217,0.8756756756756757,0.0,0.0,0.0,0.5018315018315018,0.02061965811965812,162.0,20.0,3.0,0.0,0.0,0.0,0.0,0.0,0.0,0.0,0.0,0.0,0.0,asset_tag,AST-3008,0.033219772594676664
Drive Belt,severe,B,logistic_regression,test,ok,,top_10pct,0.715386179580381,0.005405405405405406,True,True,True,185,0.005405405405405406,0.9567567567567568,0.0,0.0,0.0,0.2934782608695652,0.007633587786259542,177.0,7.0,1.0,0.0,0.0,0.0,0.0,0.0,0.0,0.0,0.0,0.0,0.0,asset_tag,AST-3019,0.033219772594676664
Drive Belt,severe,B,logistic_regression,test,ok,,top_10pct,0.715386179580381,0.032432432432432434,True,True,True,185,0.032432432432432434,0.8918918918918919,0.0,0.0,0.0,0.5782122905027933,0.044196135993282995,165.0,14.0,6.0,0.0,0.0,0.0,0.0,0.0,0.0,0.0,0.02702702702702703,0.16666666666666666,0.8333333333333334,asset_tag,AST-4055,0.033219772594676664
Drive Belt,severe,B,logistic_regression,test,ok,,top_10pct,0.715386179580381,0.016216216216216217,True,True,True,185,0.016216216216216217,0.8756756756756757,0.0,0.0,0.0,0.652014652014652,0.03312231908122319,162.0,20.0,3.0,0.0,0.0,0.0,0.0,0.0,0.0,0.0,0.02702702702702703,0.3333333333333333,1.6666666666666667,asset_tag,AST-4061,0.033219772594676664
Drive Belt,severe,B,logistic_regression,test,ok,,top_10pct,0.715386179580381,0.016216216216216217,True,True,True,185,0.016216216216216217,0.8216216216216217,0.058823529411764705,0.6666666666666666,0.10810810810810811,0.7564102564102564,0.0874756335282651,150.0,32.0,1.0,2.0,0.1,0.3333333333333333,6.166666666666667,0.10526315789473684,0.6666666666666666,6.4912280701754375,0.05405405405405406,0.6666666666666666,3.3333333333333335,asset_tag,AST-5003,0.033219772594676664
Drive Belt,severe,B,logistic_regression,test,ok,,top_10pct,0.715386179580381,0.010810810810810811,True,True,True,185,0.010810810810810811,0.9621621621621622,0.0,0.0,0.0,0.7950819672131149,0.07678571428571429,178.0,5.0,2.0,0.0,0.1,0.5,9.25,0.05263157894736842,0.5,4.868421052631579,0.02702702702702703,0.5,2.5,asset_tag,AST-5007,0.033219772594676664
Filter,affected,A,logistic_regression,test,ok,,f1,0.3738477414867552,0.12432432432432433,True,True,True,185,0.12432432432432433,0.42162162162162165,0.171875,0.9565217391304348,0.2913907284768212,0.722758990874933,0.2509252469839905,56.0,106.0,1.0,22.0,0.2,0.08695652173913043,1.608695652173913,0.21052631578947367,0.17391304347826086,1.6933638443935926,0.1891891891891892,0.30434782608695654,1.5217391304347827,asset_tag,AST-1041,0.0
Filter,affected,A,logistic_regression,test,ok,,f1,0.3738477414867552,0.10270270270270271,True,True,True,185,0.10270270270270271,0.3837837837837838,0.14285714285714285,1.0,0.25,0.6718452758402029,0.21117861752552602,52.0,114.0,0.0,19.0,0.3,0.15789473684210525,2.921052631578947,0.2631578947368421,0.2631578947368421,2.562326869806094,0.1891891891891892,0.3684210526315789,1.8421052631578947,asset_tag,AST-1042,0.0
Filter,affected,A,logistic_regression,test,ok,,f1,0.3738477414867552,0.20540540540540542,True,True,True,185,0.20540540540540542,0.4972972972972973,0.2900763358778626,1.0,0.44970414201183434,0.6670247046186896,0.29640498410077953,54.0,93.0,0.0,38.0,0.4,0.10526315789473684,1.9473684210526316,0.3157894736842105,0.15789473684210525,1.5373961218836563,0.2972972972972973,0.2894736842105263,1.4473684210526316,asset_tag,AST-2017,0.0
Filter,affected,A,logistic_regression,test,ok,,f1,0.3738477414867552,0.17297297297297298,True,True,True,185,0.17297297297297298,0.4756756756756757,0.24806201550387597,1.0,0.39751552795031053,0.6870915032679739,0.2897554312225926,56.0,97.0,0.0,32.0,0.2,0.0625,1.15625,0.3684210526315789,0.21875,2.1299342105263155,0.32432432432432434,0.375,1.875,asset_tag,AST-2031,0.0
Filter,affected,A,logistic_regression,test,ok,,f1,0.3738477414867552,0.16756756756756758,True,True,True,185,0.16756756756756758,0.4756756756756757,0.2421875,1.0,0.389937106918239,0.6478843736908253,0.2733393885786837,57.0,97.0,0.0,31.0,0.2,0.06451612903225806,1.1935483870967742,0.21052631578947367,0.12903225806451613,1.2563667232597622,0.1891891891891892,0.22580645161290322,1.1290322580645162,asset_tag,AST-3008,0.0
Filter,affected,A,logistic_regression,test,ok,,f1,0.3738477414867552,0.1945945945945946,True,True,True,185,0.1945945945945946,0.4918918918918919,0.2698412698412698,0.9444444444444444,0.41975308641975306,0.6058911260253542,0.21887854785889002,57.0,92.0,2.0,34.0,0.0,0.0,0.0,0.10526315789473684,0.05555555555555555,0.5409356725146198,0.16216216216216217,0.16666666666666666,0.8333333333333334,asset_tag,AST-3019,0.0
Filter,affected,A,logistic_regression,test,ok,,f1,0.3738477414867552,0.20540540540540542,True,True,True,185,0.20540540540540542,0.4864864864864865,0.2857142857142857,1.0,0.4444444444444444,0.6668456856426781,0.2829999485541518,52.0,95.0,0.0,38.0,0.2,0.05263157894736842,0.9736842105263158,0.3157894736842105,0.15789473684210525,1.5373961218836563,0.2702702702702703,0.2631578947368421,1.3157894736842106,asset_tag,AST-4055,0.0
Filter,affected,A,logistic_regression,test,ok,,f1,0.3738477414867552,0.17297297297297298,True,True,True,185,0.17297297297297298,0.4486486486486487,0.2222222222222222,0.875,0.35443037974683544,0.6219362745098039,0.21915150407320902,55.0,98.0,4.0,28.0,0.2,0.0625,1.15625,0.15789473684210525,0.09375,0.9128289473684209,0.21621621621621623,0.25,1.25,asset_tag,AST-4061,0.0
Filter,affected,A,logistic_regression,test,ok,,f1,0.3738477414867552,0.24324324324324326,True,True,True,185,0.24324324324324326,0.518918918918919,0.3358208955223881,1.0,0.5027932960893855,0.6253968253968254,0.30173535552910996,51.0,89.0,0.0,45.0,0.1,0.022222222222222223,0.4111111111111111,0.15789473684210525,0.06666666666666667,0.6491228070175438,0.21621621621621623,0.17777777777777778,0.8888888888888888,asset_tag,AST-5003,0.0
Filter,affected,A,logistic_regression,test,ok,,f1,0.3738477414867552,0.12972972972972974,True,True,True,185,0.12972972972972974,0.42162162162162165,0.17829457364341086,0.9583333333333334,0.3006535947712418,0.5978260869565217,0.15343679233803148,55.0,106.0,1.0,23.0,0.1,0.041666666666666664,0.7708333333333334,0.10526315789473684,0.08333333333333333,0.8114035087719297,0.10810810810810811,0.16666666666666666,0.8333333333333334,asset_tag,AST-5007,0.0
Filter,affected,A,logistic_regression,test,ok,,top_10pct,0.6991356908301539,0.12432432432432433,True,True,True,185,0.12432432432432433,0.8108108108108109,0.22727272727272727,0.21739130434782608,0.2222222222222222,0.722758990874933,0.2509252469839905,145.0,17.0,18.0,5.0,0.2,0.08695652173913043,1.608695652173913,0.21052631578947367,0.17391304347826086,1.6933638443935926,0.1891891891891892,0.30434782608695654,1.5217391304347827,asset_tag,AST-1041,0.0
Filter,affected,A,logistic_regression,test,ok,,top_10pct,0.6991356908301539,0.10270270270270271,True,True,True,185,0.10270270270270271,0.8540540540540541,0.3181818181818182,0.3684210526315789,0.34146341463414637,0.6718452758402029,0.21117861752552602,151.0,15.0,12.0,7.0,0.3,0.15789473684210525,2.921052631578947,0.2631578947368421,0.2631578947368421,2.562326869806094,0.1891891891891892,0.3684210526315789,1.8421052631578947,asset_tag,AST-1042,0.0
Filter,affected,A,logistic_regression,test,ok,,top_10pct,0.6991356908301539,0.20540540540540542,True,True,True,185,0.20540540540540542,0.7081081081081081,0.3181818181818182,0.3684210526315789,0.34146341463414637,0.6670247046186896,0.29640498410077953,117.0,30.0,24.0,14.0,0.4,0.10526315789473684,1.9473684210526316,0.3157894736842105,0.15789473684210525,1.5373961218836563,0.2972972972972973,0.2894736842105263,1.4473684210526316,asset_tag,AST-2017,0.0
Filter,affected,A,logistic_regression,test,ok,,top_10pct,0.6991356908301539,0.17297297297297298,True,True,True,185,0.17297297297297298,0.7513513513513513,0.25,0.21875,0.23333333333333334,0.6870915032679739,0.2897554312225926,132.0,21.0,25.0,7.0,0.2,0.0625,1.15625,0.3684210526315789,0.21875,2.1299342105263155,0.32432432432432434,0.375,1.875,asset_tag,AST-2031,0.0
Filter,affected,A,logistic_regression,test,ok,,top_10pct,0.6991356908301539,0.16756756756756758,True,True,True,185,0.16756756756756758,0.7513513513513513,0.2,0.16129032258064516,0.17857142857142858,0.6478843736908253,0.2733393885786837,134.0,20.0,26.0,5.0,0.2,0.06451612903225806,1.1935483870967742,0.21052631578947367,0.12903225806451613,1.2563667232597622,0.1891891891891892,0.22580645161290322,1.1290322580645162,asset_tag,AST-3008,0.0
Filter,affected,A,logistic_regression,test,ok,,top_10pct,0.6991356908301539,0.1945945945945946,True,True,True,185,0.1945945945945946,0.7189189189189189,0.1,0.05555555555555555,0.07142857142857142,0.6058911260253542,0.21887854785889002,131.0,18.0,34.0,2.0,0.0,0.0,0.0,0.10526315789473684,0.05555555555555555,0.5409356725146198,0.16216216216216217,0.16666666666666666,0.8333333333333334,asset_tag,AST-3019,0.0
Filter,affected,A,logistic_regression,test,ok,,top_10pct,0.6991356908301539,0.20540540540540542,True,True,True,185,0.20540540540540542,0.6432432432432432,0.23076923076923078,0.3157894736842105,0.26666666666666666,0.6668456856426781,0.2829999485541518,107.0,40.0,26.0,12.0,0.2,0.05263157894736842,0.9736842105263158,0.3157894736842105,0.15789473684210525,1.5373961218836563,0.2702702702702703,0.2631578947368421,1.3157894736842106,asset_tag,AST-4055,0.0
Filter,affected,A,logistic_regression,test,ok,,top_10pct,0.6991356908301539,0.17297297297297298,True,True,True,185,0.17297297297297298,0.745945945945946,0.17391304347826086,0.125,0.14545454545454545,0.6219362745098039,0.21915150407320902,134.0,19.0,28.0,4.0,0.2,0.0625,1.15625,0.15789473684210525,0.09375,0.9128289473684209,0.21621621621621623,0.25,1.25,asset_tag,AST-4061,0.0
Filter,affected,A,logistic_regression,test,ok,,top_10pct,0.6991356908301539,0.24324324324324326,True,True,True,185,0.24324324324324326,0.6270270270270271,0.22727272727272727,0.2222222222222222,0.2247191011235955,0.6253968253968254,0.30173535552910996,106.0,34.0,35.0,10.0,0.1,0.022222222222222223,0.4111111111111111,0.15789473684210525,0.06666666666666667,0.6491228070175438,0.21621621621621623,0.17777777777777778,0.8888888888888888,asset_tag,AST-5003,0.0
Filter,affected,A,logistic_regression,test,ok,,top_10pct,0.6991356908301539,0.12972972972972974,True,True,True,185,0.12972972972972974,0.8162162162162162,0.08333333333333333,0.041666666666666664,0.05555555555555555,0.5978260869565217,0.15343679233803148,150.0,11.0,23.0,1.0,0.1,0.041666666666666664,0.7708333333333334,0.10526315789473684,0.08333333333333333,0.8114035087719297,0.10810810810810811,0.16666666666666666,0.8333333333333334,asset_tag,AST-5007,0.0
Filter,severe,A,random_forest,test,ok,,f1,0.05,0.010810810810810811,True,True,True,185,0.010810810810810811,0.8918918918918919,0.0,0.0,0.0,0.24043715846994534,0.010810810810810811,165.0,18.0,2.0,0.0,0.0,0.0,0.0,0.0,0.0,0.0,0.0,0.0,0.0,asset_tag,AST-1041,0.0
Filter,severe,A,random_forest,test,ok,,f1,0.05,0.005405405405405406,True,True,True,185,0.005405405405405406,0.9783783783783784,0.0,0.0,0.0,0.34782608695652173,0.005405405405405406,181.0,3.0,1.0,0.0,0.0,0.0,0.0,0.0,0.0,0.0,0.0,0.0,0.0,asset_tag,AST-1042,0.0
Filter,severe,A,random_forest,test,ok,,f1,0.05,0.005405405405405406,True,True,True,185,0.005405405405405406,0.8810810810810811,0.0,0.0,0.0,0.8559782608695652,0.030303030303030304,163.0,21.0,1.0,0.0,0.0,0.0,0.0,0.0,0.0,0.0,0.02702702702702703,1.0,5.0,asset_tag,AST-2017,0.0
Filter,severe,A,random_forest,test,ok,,f1,0.05,0.016216216216216217,True,True,True,185,0.016216216216216217,0.9675675675675676,0.0,0.0,0.0,0.5494505494505494,0.01935781935781936,179.0,3.0,3.0,0.0,0.0,0.0,0.0,0.0,0.0,0.0,0.02702702702702703,0.3333333333333333,1.6666666666666667,asset_tag,AST-2031,0.0
Filter,severe,A,random_forest,test,ok,,f1,0.05,0.016216216216216217,True,True,True,185,0.016216216216216217,0.9135135135135135,0.0,0.0,0.0,0.8296703296703296,0.05698005698005698,169.0,13.0,3.0,0.0,0.0,0.0,0.0,0.05263157894736842,0.3333333333333333,3.2456140350877187,0.05405405405405406,0.6666666666666666,3.3333333333333335,asset_tag,AST-3008,0.0
Filter,severe,A,random_forest,test,ok,,f1,0.05,0.016216216216216217,True,True,True,185,0.016216216216216217,0.9297297297297298,0.0,0.0,0.0,0.31043956043956045,0.016216216216216217,172.0,10.0,3.0,0.0,0.0,0.0,0.0,0.0,0.0,0.0,0.0,0.0,0.0,asset_tag,AST-3019,0.0
Filter,severe,A,random_forest,test,ok,,f1,0.05,0.016216216216216217,True,True,True,185,0.016216216216216217,0.9081081081081082,0.0,0.0,0.0,0.5705128205128205,0.02591822591822592,168.0,14.0,3.0,0.0,0.0,0.0,0.0,0.0,0.0,0.0,0.0,0.0,0.0,asset_tag,AST-4055,0.0
Filter,severe,A,random_forest,test,ok,,f1,0.05,0.021621621621621623,True,True,True,185,0.021621621621621623,0.8864864864864865,0.05263157894736842,0.25,0.08695652173913043,0.8107734806629834,0.05910267471958585,163.0,18.0,3.0,1.0,0.1,0.25,4.625,0.05263157894736842,0.25,2.4342105263157894,0.05405405405405406,0.5,2.5,asset_tag,AST-4061,0.0
Filter,severe,A,random_forest,test,ok,,f1,0.05,0.016216216216216217,True,True,True,185,0.016216216216216217,0.8972972972972973,0.0,0.0,0.0,0.6062271062271061,0.028262548262548263,166.0,16.0,3.0,0.0,0.0,0.0,0.0,0.0,0.0,0.0,0.02702702702702703,0.3333333333333333,1.6666666666666667,asset_tag,AST-5003,0.0
Filter,severe,A,random_forest,test,ok,,f1,0.05,0.016216216216216217,True,True,True,185,0.016216216216216217,0.9405405405405406,0.0,0.0,0.0,0.6465201465201464,0.030636886886886885,174.0,8.0,3.0,0.0,0.0,0.0,0.0,0.0,0.0,0.0,0.02702702702702703,0.3333333333333333,1.6666666666666667,asset_tag,AST-5007,0.0
Filter,severe,A,random_forest,test,ok,,top_10pct,0.04,0.010810810810810811,True,True,True,185,0.010810810810810811,0.8540540540540541,0.0,0.0,0.0,0.24043715846994534,0.010810810810810811,158.0,25.0,2.0,0.0,0.0,0.0,0.0,0.0,0.0,0.0,0.0,0.0,0.0,asset_tag,AST-1041,0.0
Filter,severe,A,random_forest,test,ok,,top_10pct,0.04,0.005405405405405406,True,True,True,185,0.005405405405405406,0.9675675675675676,0.0,0.0,0.0,0.34782608695652173,0.005405405405405406,179.0,5.0,1.0,0.0,0.0,0.0,0.0,0.0,0.0,0.0,0.0,0.0,0.0,asset_tag,AST-1042,0.0
Filter,severe,A,random_forest,test,ok,,top_10pct,0.04,0.005405405405405406,True,True,True,185,0.005405405405405406,0.827027027027027,0.030303030303030304,1.0,0.058823529411764705,0.8559782608695652,0.030303030303030304,152.0,32.0,0.0,1.0,0.0,0.0,0.0,0.0,0.0,0.0,0.02702702702702703,1.0,5.0,asset_tag,AST-2017,0.0
Filter,severe,A,random_forest,test,ok,,top_10pct,0.04,0.016216216216216217,True,True,True,185,0.016216216216216217,0.9567567567567568,0.0,0.0,0.0,0.5494505494505494,0.01935781935781936,177.0,5.0,3.0,0.0,0.0,0.0,0.0,0.0,0.0,0.0,0.02702702702702703,0.3333333333333333,1.6666666666666667,asset_tag,AST-2031,0.0
Filter,severe,A,random_forest,test,ok,,top_10pct,0.04,0.016216216216216217,True,True,True,185,0.016216216216216217,0.8972972972972973,0.05555555555555555,0.3333333333333333,0.09523809523809523,0.8296703296703296,0.05698005698005698,165.0,17.0,2.0,1.0,0.0,0.0,0.0,0.05263157894736842,0.3333333333333333,3.2456140350877187,0.05405405405405406,0.6666666666666666,3.3333333333333335,asset_tag,AST-3008,0.0
Filter,severe,A,random_forest,test,ok,,top_10pct,0.04,0.016216216216216217,True,True,True,185,0.016216216216216217,0.9135135135135135,0.0,0.0,0.0,0.31043956043956045,0.016216216216216217,169.0,13.0,3.0,0.0,0.0,0.0,0.0,0.0,0.0,0.0,0.0,0.0,0.0,asset_tag,AST-3019,0.0
Filter,severe,A,random_forest,test,ok,,top_10pct,0.04,0.016216216216216217,True,True,True,185,0.016216216216216217,0.8648648648648649,0.0,0.0,0.0,0.5705128205128205,0.02591822591822592,160.0,22.0,3.0,0.0,0.0,0.0,0.0,0.0,0.0,0.0,0.0,0.0,0.0,asset_tag,AST-4055,0.0
Filter,severe,A,random_forest,test,ok,,top_10pct,0.04,0.021621621621621623,True,True,True,185,0.021621621621621623,0.8486486486486486,0.038461538461538464,0.25,0.06666666666666667,0.8107734806629834,0.05910267471958585,156.0,25.0,3.0,1.0,0.1,0.25,4.625,0.05263157894736842,0.25,2.4342105263157894,0.05405405405405406,0.5,2.5,asset_tag,AST-4061,0.0
Filter,severe,A,random_forest,test,ok,,top_10pct,0.04,0.016216216216216217,True,True,True,185,0.016216216216216217,0.8594594594594595,0.04,0.3333333333333333,0.07142857142857142,0.6062271062271061,0.028262548262548263,158.0,24.0,2.0,1.0,0.0,0.0,0.0,0.0,0.0,0.0,0.02702702702702703,0.3333333333333333,1.6666666666666667,asset_tag,AST-5003,0.0
Filter,severe,A,random_forest,test,ok,,top_10pct,0.04,0.016216216216216217,True,True,True,185,0.016216216216216217,0.9081081081081082,0.0,0.0,0.0,0.6465201465201464,0.030636886886886885,168.0,14.0,3.0,0.0,0.0,0.0,0.0,0.0,0.0,0.0,0.02702702702702703,0.3333333333333333,1.6666666666666667,asset_tag,AST-5007,0.0
Electrical,affected,B,logistic_regression,test,ok,,f1,0.365678486060315,0.1891891891891892,True,True,True,185,0.1891891891891892,0.4756756756756757,0.26515151515151514,1.0,0.41916167664670656,0.704,0.39061580015054537,53.0,97.0,0.0,35.0,0.4,0.11428571428571428,2.1142857142857143,0.42105263157894735,0.22857142857142856,2.225563909774436,0.32432432432432434,0.34285714285714286,1.7142857142857142,asset_tag,AST-1041,0.4879090270291267
Electrical,affected,B,logistic_regression,test,ok,,f1,0.365678486060315,0.1783783783783784,True,True,True,185,0.1783783783783784,0.4594594594594595,0.24812030075187969,1.0,0.39759036144578314,0.6543062200956937,0.2690017467105809,52.0,100.0,0.0,33.0,0.3,0.09090909090909091,1.6818181818181817,0.21052631578947367,0.12121212121212122,1.1802232854864432,0.21621621621621623,0.24242424242424243,1.2121212121212122,asset_tag,AST-1042,0.4879090270291267
Electrical,affected,B,logistic_regression,test,ok,,f1,0.365678486060315,0.24864864864864866,True,True,True,185,0.24864864864864866,0.5351351351351351,0.3484848484848485,1.0,0.5168539325842697,0.7014388489208634,0.372397913314927,53.0,86.0,0.0,46.0,0.4,0.08695652173913043,1.608695652173913,0.47368421052631576,0.1956521739130435,1.9050343249427915,0.3783783783783784,0.30434782608695654,1.5217391304347827,asset_tag,AST-2017,0.4879090270291267
Electrical,affected,B,logistic_regression,test,ok,,f1,0.365678486060315,0.22162162162162163,True,True,True,185,0.22162162162162163,0.5027027027027027,0.3053435114503817,0.975609756097561,0.46511627906976744,0.6780149051490515,0.3439793225767472,53.0,91.0,1.0,40.0,0.4,0.0975609756097561,1.8048780487804879,0.3157894736842105,0.14634146341463414,1.4249037227214376,0.3783783783783784,0.34146341463414637,1.7073170731707317,asset_tag,AST-2031,0.4879090270291267
Electrical,affected,B,logistic_regression,test,ok,,f1,0.365678486060315,0.1837837837837838,True,True,True,185,0.1837837837837838,0.4756756756756757,0.2595419847328244,1.0,0.4121212121212121,0.6795870666147253,0.2868331425206082,54.0,97.0,0.0,34.0,0.3,0.08823529411764706,1.6323529411764703,0.21052631578947367,0.11764705882352941,1.1455108359133126,0.2702702702702703,0.29411764705882354,1.4705882352941178,asset_tag,AST-3008,0.4879090270291267
Electrical,affected,B,logistic_regression,test,ok,,f1,0.365678486060315,0.1945945945945946,True,True,True,185,0.1945945945945946,0.4864864864864865,0.2748091603053435,1.0,0.4311377245508982,0.6297539149888143,0.23418222035477274,54.0,95.0,0.0,36.0,0.1,0.027777777777777776,0.5138888888888888,0.05263157894736842,0.027777777777777776,0.2704678362573099,0.1891891891891892,0.19444444444444445,0.9722222222222222,asset_tag,AST-3019,0.4879090270291267
Electrical,affected,B,logistic_regression,test,ok,,f1,0.365678486060315,0.20540540540540542,True,True,True,185,0.20540540540540542,0.4864864864864865,0.2857142857142857,1.0,0.4444444444444444,0.6493018259935552,0.26841924600240863,52.0,95.0,0.0,38.0,0.2,0.05263157894736842,0.9736842105263158,0.21052631578947367,0.10526315789473684,1.0249307479224377,0.1891891891891892,0.18421052631578946,0.9210526315789473,asset_tag,AST-4055,0.4879090270291267
Electrical,affected,B,logistic_regression,test,ok,,f1,0.365678486060315,0.1837837837837838,True,True,True,185,0.1837837837837838,0.4756756756756757,0.25196850393700787,0.9411764705882353,0.39751552795031053,0.6517335410985585,0.28435097903191403,56.0,95.0,2.0,32.0,0.3,0.08823529411764706,1.6323529411764703,0.21052631578947367,0.11764705882352941,1.1455108359133126,0.21621621621621623,0.23529411764705882,1.1764705882352942,asset_tag,AST-4061,0.4879090270291267
Electrical,affected,B,logistic_regression,test,ok,,f1,0.365678486060315,0.23243243243243245,True,True,True,185,0.23243243243243245,0.5135135135135135,0.32061068702290074,0.9767441860465116,0.4827586206896552,0.7585981002292828,0.40699085464552287,53.0,89.0,1.0,42.0,0.3,0.06976744186046512,1.2906976744186045,0.47368421052631576,0.20930232558139536,2.0379436964504283,0.3783783783783784,0.32558139534883723,1.627906976744186,asset_tag,AST-5003,0.4879090270291267
Electrical,affected,B,logistic_regression,test,ok,,f1,0.365678486060315,0.14054054054054055,True,True,True,185,0.14054054054054055,0.44324324324324327,0.20155038759689922,1.0,0.33548387096774196,0.6973875181422351,0.26773508116258765,56.0,103.0,0.0,26.0,0.3,0.11538461538461539,2.1346153846153846,0.3157894736842105,0.23076923076923078,2.246963562753036,0.24324324324324326,0.34615384615384615,1.7307692307692308,asset_tag,AST-5007,0.4879090270291267
Electrical,affected,B,logistic_regression,test,ok,,top_10pct,0.7040974700312428,0.1891891891891892,True,True,True,185,0.1891891891891892,0.7837837837837838,0.391304347826087,0.2571428571428571,0.3103448275862069,0.704,0.39061580015054537,136.0,14.0,26.0,9.0,0.4,0.11428571428571428,2.1142857142857143,0.42105263157894735,0.22857142857142856,2.225563909774436,0.32432432432432434,0.34285714285714286,1.7142857142857142,asset_tag,AST-1041,0.4879090270291267
Electrical,affected,B,logistic_regression,test,ok,,top_10pct,0.7040974700312428,0.1783783783783784,True,True,True,185,0.1783783783783784,0.7621621621621621,0.21052631578947367,0.12121212121212122,0.15384615384615385,0.6543062200956937,0.2690017467105809,137.0,15.0,29.0,4.0,0.3,0.09090909090909091,1.6818181818181817,0.21052631578947367,0.12121212121212122,1.1802232854864432,0.21621621621621623,0.24242424242424243,1.2121212121212122,asset_tag,AST-1042,0.4879090270291267
Electrical,affected,B,logistic_regression,test,ok,,top_10pct,0.7040974700312428,0.24864864864864866,True,True,True,185,0.24864864864864866,0.6756756756756757,0.3409090909090909,0.32608695652173914,0.3333333333333333,0.7014388489208634,0.372397913314927,110.0,29.0,31.0,15.0,0.4,0.08695652173913043,1.608695652173913,0.47368421052631576,0.1956521739130435,1.9050343249427915,0.3783783783783784,0.30434782608695654,1.5217391304347827,asset_tag,AST-2017,0.4879090270291267
Electrical,affected,B,logistic_regression,test,ok,,top_10pct,0.7040974700312428,0.22162162162162163,True,True,True,185,0.22162162162162163,0.7297297297297297,0.3548387096774194,0.2682926829268293,0.3055555555555556,0.6780149051490515,0.3439793225767472,124.0,20.0,30.0,11.0,0.4,0.0975609756097561,1.8048780487804879,0.3157894736842105,0.14634146341463414,1.4249037227214376,0.3783783783783784,0.34146341463414637,1.7073170731707317,asset_tag,AST-2031,0.4879090270291267
Electrical,affected,B,logistic_regression,test,ok,,top_10pct,0.7040974700312428,0.1837837837837838,True,True,True,185,0.1837837837837838,0.7675675675675676,0.23529411764705882,0.11764705882352941,0.1568627450980392,0.6795870666147253,0.2868331425206082,138.0,13.0,30.0,4.0,0.3,0.08823529411764706,1.6323529411764703,0.21052631578947367,0.11764705882352941,1.1455108359133126,0.2702702702702703,0.29411764705882354,1.4705882352941178,asset_tag,AST-3008,0.4879090270291267
Electrical,affected,B,logistic_regression,test,ok,,top_10pct,0.7040974700312428,0.1945945945945946,True,True,True,185,0.1945945945945946,0.6918918918918919,0.1111111111111111,0.08333333333333333,0.09523809523809523,0.6297539149888143,0.23418222035477274,125.0,24.0,33.0,3.0,0.1,0.027777777777777776,0.5138888888888888,0.05263157894736842,0.027777777777777776,0.2704678362573099,0.1891891891891892,0.19444444444444445,0.9722222222222222,asset_tag,AST-3019,0.4879090270291267
Electrical,affected,B,logistic_regression,test,ok,,top_10pct,0.7040974700312428,0.20540540540540542,True,True,True,185,0.20540540540540542,0.6378378378378379,0.19148936170212766,0.23684210526315788,0.21176470588235294,0.6493018259935552,0.26841924600240863,109.0,38.0,29.0,9.0,0.2,0.05263157894736842,0.9736842105263158,0.21052631578947367,0.10526315789473684,1.0249307479224377,0.1891891891891892,0.18421052631578946,0.9210526315789473,asset_tag,AST-4055,0.4879090270291267
Electrical,affected,B,logistic_regression,test,ok,,top_10pct,0.7040974700312428,0.1837837837837838,True,True,True,185,0.1837837837837838,0.7567567567567568,0.21052631578947367,0.11764705882352941,0.1509433962264151,0.6517335410985585,0.28435097903191403,136.0,15.0,30.0,4.0,0.3,0.08823529411764706,1.6323529411764703,0.21052631578947367,0.11764705882352941,1.1455108359133126,0.21621621621621623,0.23529411764705882,1.1764705882352942,asset_tag,AST-4061,0.4879090270291267
Electrical,affected,B,logistic_regression,test,ok,,top_10pct,0.7040974700312428,0.23243243243243245,True,True,True,185,0.23243243243243245,0.7189189189189189,0.42857142857142855,0.627906976744186,0.5094339622641509,0.7585981002292828,0.40699085464552287,106.0,36.0,16.0,27.0,0.3,0.06976744186046512,1.2906976744186045,0.47368421052631576,0.20930232558139536,2.0379436964504283,0.3783783783783784,0.32558139534883723,1.627906976744186,asset_tag,AST-5003,0.4879090270291267
Electrical,affected,B,logistic_regression,test,ok,,top_10pct,0.7040974700312428,0.14054054054054055,True,True,True,185,0.14054054054054055,0.8324324324324325,0.3076923076923077,0.15384615384615385,0.20512820512820512,0.6973875181422351,0.26773508116258765,150.0,9.0,22.0,4.0,0.3,0.11538461538461539,2.1346153846153846,0.3157894736842105,0.23076923076923078,2.246963562753036,0.24324324324324326,0.34615384615384615,1.7307692307692308,asset_tag,AST-5007,0.4879090270291267
Electrical,severe,A,logistic_regression,test,ok,,f1,0.4600889813945164,0.11351351351351352,True,True,True,185,0.11351351351351352,0.4810810810810811,0.17391304347826086,0.9523809523809523,0.29411764705882354,0.7215447154471544,0.18999034348440721,69.0,95.0,1.0,20.0,0.0,0.0,0.0,0.15789473684210525,0.14285714285714285,1.3909774436090223,0.16216216216216217,0.2857142857142857,1.4285714285714286,asset_tag,AST-1041,0.0
Electrical,severe,A,logistic_regression,test,ok,,f1,0.4600889813945164,0.14594594594594595,True,True,True,185,0.14594594594594595,0.43243243243243246,0.1953125,0.9259259259259259,0.3225806451612903,0.5773558368495078,0.17172385893305037,55.0,103.0,2.0,25.0,0.1,0.037037037037037035,0.6851851851851852,0.15789473684210525,0.1111111111111111,1.0818713450292397,0.13513513513513514,0.18518518518518517,0.9259259259259259,asset_tag,AST-1042,0.0
Electrical,severe,A,logistic_regression,test,ok,,f1,0.4600889813945164,0.1837837837837838,True,True,True,185,0.1837837837837838,0.4972972972972973,0.2677165354330709,1.0,0.422360248447205,0.6834826645890144,0.2687591003285737,58.0,93.0,0.0,34.0,0.2,0.058823529411764705,1.088235294117647,0.2631578947368421,0.14705882352941177,1.4318885448916407,0.2702702702702703,0.29411764705882354,1.4705882352941178,asset_tag,AST-2017,0.0
Electrical,severe,A,logistic_regression,test,ok,,f1,0.4600889813945164,0.12432432432432433,True,True,True,185,0.12432432432432433,0.42702702702702705,0.1732283464566929,0.9565217391304348,0.29333333333333333,0.6210413311862587,0.15726737380200045,57.0,105.0,1.0,22.0,0.0,0.0,0.0,0.05263157894736842,0.043478260869565216,0.42334096109839814,0.16216216216216217,0.2608695652173913,1.3043478260869565,asset_tag,AST-2031,0.0
Electrical,severe,A,logistic_regression,test,ok,,f1,0.4600889813945164,0.08648648648648649,True,True,True,185,0.08648648648648649,0.43243243243243246,0.11304347826086956,0.8125,0.1984732824427481,0.6752958579881656,0.18829227320248676,67.0,102.0,3.0,13.0,0.2,0.125,2.3125,0.21052631578947367,0.25,2.4342105263157894,0.16216216216216217,0.375,1.875,asset_tag,AST-3008,0.0
Electrical,severe,A,logistic_regression,test,ok,,f1,0.4600889813945164,0.12972972972972974,True,True,True,185,0.12972972972972974,0.5027027027027027,0.19090909090909092,0.875,0.31343283582089554,0.6638198757763976,0.19071988601410875,72.0,89.0,3.0,21.0,0.2,0.08333333333333333,1.5416666666666667,0.21052631578947367,0.16666666666666666,1.6228070175438594,0.1891891891891892,0.2916666666666667,1.4583333333333333,asset_tag,AST-3019,0.0
Electrical,severe,A,logistic_regression,test,ok,,f1,0.4600889813945164,0.15135135135135136,True,True,True,185,0.15135135135135136,0.43783783783783786,0.21212121212121213,1.0,0.35,0.6637852593266607,0.23160889937044615,53.0,104.0,0.0,28.0,0.2,0.07142857142857142,1.3214285714285714,0.2631578947368421,0.17857142857142858,1.738721804511278,0.21621621621621623,0.2857142857142857,1.4285714285714286,asset_tag,AST-4055,0.0
Electrical,severe,A,logistic_regression,test,ok,,f1,0.4600889813945164,0.0972972972972973,True,True,True,185,0.0972972972972973,0.4972972972972973,0.1559633027522936,0.9444444444444444,0.2677165354330709,0.7092481703260146,0.17436350869414863,75.0,92.0,1.0,17.0,0.2,0.1111111111111111,2.0555555555555554,0.15789473684210525,0.16666666666666666,1.6228070175438594,0.16216216216216217,0.3333333333333333,1.6666666666666667,asset_tag,AST-4061,0.0
Electrical,severe,A,logistic_regression,test,ok,,f1,0.4600889813945164,0.15675675675675677,True,True,True,185,0.15675675675675677,0.4702702702702703,0.224,0.9655172413793104,0.36363636363636365,0.6956233421750664,0.23480098136300256,59.0,97.0,1.0,28.0,0.1,0.034482758620689655,0.6379310344827587,0.15789473684210525,0.10344827586206896,1.0072595281306713,0.1891891891891892,0.2413793103448276,1.206896551724138,asset_tag,AST-5003,0.0
Electrical,severe,A,logistic_regression,test,ok,,f1,0.4600889813945164,0.06486486486486487,True,True,True,185,0.06486486486486487,0.5459459459459459,0.09090909090909091,0.6666666666666666,0.16,0.663776493256262,0.11887363999094538,93.0,80.0,4.0,8.0,0.1,0.08333333333333333,1.5416666666666667,0.10526315789473684,0.16666666666666666,1.6228070175438594,0.10810810810810811,0.3333333333333333,1.6666666666666667,asset_tag,AST-5007,0.0
Electrical,severe,A,logistic_regression,test,ok,,top_10pct,0.6709951074302012,0.11351351351351352,True,True,True,185,0.11351351351351352,0.7891891891891892,0.17857142857142858,0.23809523809523808,0.20408163265306123,0.7215447154471544,0.18999034348440721,141.0,23.0,16.0,5.0,0.0,0.0,0.0,0.15789473684210525,0.14285714285714285,1.3909774436090223,0.16216216216216217,0.2857142857142857,1.4285714285714286,asset_tag,AST-1041,0.0
Electrical,severe,A,logistic_regression,test,ok,,top_10pct,0.6709951074302012,0.14594594594594595,True,True,True,185,0.14594594594594595,0.7027027027027027,0.1956521739130435,0.3333333333333333,0.2465753424657534,0.5773558368495078,0.17172385893305037,121.0,37.0,18.0,9.0,0.1,0.037037037037037035,0.6851851851851852,0.15789473684210525,0.1111111111111111,1.0818713450292397,0.13513513513513514,0.18518518518518517,0.9259259259259259,asset_tag,AST-1042,0.0
Electrical,severe,A,logistic_regression,test,ok,,top_10pct,0.6709951074302012,0.1837837837837838,True,True,True,185,0.1837837837837838,0.6810810810810811,0.23404255319148937,0.3235294117647059,0.2716049382716049,0.6834826645890144,0.2687591003285737,115.0,36.0,23.0,11.0,0.2,0.058823529411764705,1.088235294117647,0.2631578947368421,0.14705882352941177,1.4318885448916407,0.2702702702702703,0.29411764705882354,1.4705882352941178,asset_tag,AST-2017,0.0
Electrical,severe,A,logistic_regression,test,ok,,top_10pct,0.6709951074302012,0.12432432432432433,True,True,True,185,0.12432432432432433,0.7189189189189189,0.16279069767441862,0.30434782608695654,0.21212121212121213,0.6210413311862587,0.15726737380200045,126.0,36.0,16.0,7.0,0.0,0.0,0.0,0.05263157894736842,0.043478260869565216,0.42334096109839814,0.16216216216216217,0.2608695652173913,1.3043478260869565,asset_tag,AST-2031,0.0
Electrical,severe,A,logistic_regression,test,ok,,top_10pct,0.6709951074302012,0.08648648648648649,True,True,True,185,0.08648648648648649,0.8216216216216217,0.20689655172413793,0.375,0.26666666666666666,0.6752958579881656,0.18829227320248676,146.0,23.0,10.0,6.0,0.2,0.125,2.3125,0.21052631578947367,0.25,2.4342105263157894,0.16216216216216217,0.375,1.875,asset_tag,AST-3008,0.0
Electrical,severe,A,logistic_regression,test,ok,,top_10pct,0.6709951074302012,0.12972972972972974,True,True,True,185,0.12972972972972974,0.7621621621621621,0.20588235294117646,0.2916666666666667,0.2413793103448276,0.6638198757763976,0.19071988601410875,134.0,27.0,17.0,7.0,0.2,0.08333333333333333,1.5416666666666667,0.21052631578947367,0.16666666666666666,1.6228070175438594,0.1891891891891892,0.2916666666666667,1.4583333333333333,asset_tag,AST-3019,0.0
Electrical,severe,A,logistic_regression,test,ok,,top_10pct,0.6709951074302012,0.15135135135135136,True,True,True,185,0.15135135135135136,0.6162162162162163,0.21333333333333335,0.5714285714285714,0.3106796116504854,0.6637852593266607,0.23160889937044615,98.0,59.0,12.0,16.0,0.2,0.07142857142857142,1.3214285714285714,0.2631578947368421,0.17857142857142858,1.738721804511278,0.21621621621621623,0.2857142857142857,1.4285714285714286,asset_tag,AST-4055,0.0
Electrical,severe,A,logistic_regression,test,ok,,top_10pct,0.6709951074302012,0.0972972972972973,True,True,True,185,0.0972972972972973,0.7945945945945946,0.14285714285714285,0.2222222222222222,0.17391304347826086,0.7092481703260146,0.17436350869414863,143.0,24.0,14.0,4.0,0.2,0.1111111111111111,2.0555555555555554,0.15789473684210525,0.16666666666666666,1.6228070175438594,0.16216216216216217,0.3333333333333333,1.6666666666666667,asset_tag,AST-4061,0.0
Electrical,severe,A,logistic_regression,test,ok,,top_10pct,0.6709951074302012,0.15675675675675677,True,True,True,185,0.15675675675675677,0.6810810810810811,0.23214285714285715,0.4482758620689655,0.3058823529411765,0.6956233421750664,0.23480098136300256,113.0,43.0,16.0,13.0,0.1,0.034482758620689655,0.6379310344827587,0.15789473684210525,0.10344827586206896,1.0072595281306713,0.1891891891891892,0.2413793103448276,1.206896551724138,asset_tag,AST-5003,0.0
Electrical,severe,A,logistic_regression,test,ok,,top_10pct,0.6709951074302012,0.06486486486486487,True,True,True,185,0.06486486486486487,0.9081081081081082,0.14285714285714285,0.08333333333333333,0.10526315789473684,0.663776493256262,0.11887363999094538,167.0,6.0,11.0,1.0,0.1,0.08333333333333333,1.5416666666666667,0.10526315789473684,0.16666666666666666,1.6228070175438594,0.10810810810810811,0.3333333333333333,1.6666666666666667,asset_tag,AST-5007,0.0
Coupling,affected,A,logistic_regression,test,ok,,f1,0.471654620877515,0.13513513513513514,True,True,True,185,0.13513513513513514,0.5243243243243243,0.205607476635514,0.88,0.3333333333333333,0.6925000000000001,0.2689138456415521,75.0,85.0,3.0,22.0,0.5,0.2,3.6999999999999997,0.2631578947368421,0.2,1.9473684210526314,0.21621621621621623,0.32,1.6,asset_tag,AST-1041,0.0
Coupling,affected,A,logistic_regression,test,ok,,f1,0.471654620877515,0.13513513513513514,True,True,True,185,0.13513513513513514,0.4864864864864865,0.18181818181818182,0.8,0.2962962962962963,0.63825,0.18000300754569948,70.0,90.0,5.0,20.0,0.2,0.08,1.48,0.15789473684210525,0.12,1.1684210526315788,0.13513513513513514,0.2,1.0,asset_tag,AST-1042,0.0
Coupling,affected,A,logistic_regression,test,ok,,f1,0.471654620877515,0.1945945945945946,True,True,True,185,0.1945945945945946,0.4756756756756757,0.25984251968503935,0.9166666666666666,0.4049079754601227,0.6869873228933632,0.35163836130037573,55.0,94.0,3.0,33.0,0.5,0.1388888888888889,2.569444444444444,0.42105263157894735,0.2222222222222222,2.1637426900584793,0.2972972972972973,0.3055555555555556,1.5277777777777777,asset_tag,AST-2017,0.0
Coupling,affected,A,logistic_regression,test,ok,,f1,0.471654620877515,0.22162162162162163,True,True,True,185,0.22162162162162163,0.5297297297297298,0.29464285714285715,0.8048780487804879,0.43137254901960786,0.6602303523035231,0.33503599916414484,65.0,79.0,8.0,33.0,0.4,0.0975609756097561,1.8048780487804879,0.3684210526315789,0.17073170731707318,1.6623876765083438,0.2972972972972973,0.2682926829268293,1.3414634146341464,asset_tag,AST-2031,0.0
Coupling,affected,A,logistic_regression,test,ok,,f1,0.471654620877515,0.13513513513513514,True,True,True,185,0.13513513513513514,0.5243243243243243,0.205607476635514,0.88,0.3333333333333333,0.74925,0.2869355821940079,75.0,85.0,3.0,22.0,0.4,0.16,2.96,0.47368421052631576,0.36,3.5052631578947366,0.2702702702702703,0.4,2.0,asset_tag,AST-3008,0.0
Coupling,affected,A,logistic_regression,test,ok,,f1,0.471654620877515,0.10810810810810811,True,True,True,185,0.10810810810810811,0.6378378378378379,0.14925373134328357,0.5,0.22988505747126436,0.6603030303030303,0.21779154126485661,108.0,57.0,10.0,10.0,0.3,0.15,2.775,0.15789473684210525,0.15,1.4605263157894735,0.1891891891891892,0.35,1.75,asset_tag,AST-3019,0.0
Coupling,affected,A,logistic_regression,test,ok,,f1,0.471654620877515,0.2,True,True,True,185,0.2,0.4864864864864865,0.2698412698412698,0.918918918918919,0.4171779141104294,0.6265522279035793,0.25888935065975577,56.0,92.0,3.0,34.0,0.2,0.05405405405405406,1.0,0.21052631578947367,0.10810810810810811,1.0526315789473684,0.24324324324324326,0.24324324324324326,1.2162162162162162,asset_tag,AST-4055,0.0
Coupling,affected,A,logistic_regression,test,ok,,f1,0.471654620877515,0.1945945945945946,True,True,True,185,0.1945945945945946,0.5081081081081081,0.25663716814159293,0.8055555555555556,0.38926174496644295,0.6426174496644295,0.2669093730933071,65.0,84.0,7.0,29.0,0.2,0.05555555555555555,1.0277777777777777,0.10526315789473684,0.05555555555555555,0.5409356725146198,0.21621621621621623,0.2222222222222222,1.1111111111111112,asset_tag,AST-4061,0.0
Coupling,affected,A,logistic_regression,test,ok,,f1,0.471654620877515,0.21081081081081082,True,True,True,185,0.21081081081081082,0.518918918918919,0.2916666666666667,0.8974358974358975,0.44025157232704404,0.660168598524763,0.2957793758321339,61.0,85.0,4.0,35.0,0.3,0.07692307692307693,1.423076923076923,0.2631578947368421,0.1282051282051282,1.2483130904183535,0.2972972972972973,0.28205128205128205,1.4102564102564104,asset_tag,AST-5003,0.0
Coupling,affected,A,logistic_regression,test,ok,,f1,0.471654620877515,0.1837837837837838,True,True,True,185,0.1837837837837838,0.5891891891891892,0.2765957446808511,0.7647058823529411,0.40625,0.728866380989482,0.313441137821147,83.0,68.0,8.0,26.0,0.2,0.058823529411764705,1.088235294117647,0.3684210526315789,0.20588235294117646,2.004643962848297,0.35135135135135137,0.38235294117647056,1.911764705882353,asset_tag,AST-5007,0.0
Coupling,affected,A,logistic_regression,test,ok,,min_precision_70,0.8771025583249319,0.13513513513513514,True,True,True,185,0.13513513513513514,0.8648648648648649,0.0,0.0,0.0,0.6925000000000001,0.2689138456415521,160.0,0.0,25.0,0.0,0.5,0.2,3.6999999999999997,0.2631578947368421,0.2,1.9473684210526314,0.21621621621621623,0.32,1.6,asset_tag,AST-1041,0.0
Coupling,affected,A,logistic_regression,test,ok,,min_precision_70,0.8771025583249319,0.13513513513513514,True,True,True,185,0.13513513513513514,0.8648648648648649,0.0,0.0,0.0,0.63825,0.18000300754569948,160.0,0.0,25.0,0.0,0.2,0.08,1.48,0.15789473684210525,0.12,1.1684210526315788,0.13513513513513514,0.2,1.0,asset_tag,AST-1042,0.0
Coupling,affected,A,logistic_regression,test,ok,,min_precision_70,0.8771025583249319,0.1945945945945946,True,True,True,185,0.1945945945945946,0.8054054054054054,0.0,0.0,0.0,0.6869873228933632,0.35163836130037573,149.0,0.0,36.0,0.0,0.5,0.1388888888888889,2.569444444444444,0.42105263157894735,0.2222222222222222,2.1637426900584793,0.2972972972972973,0.3055555555555556,1.5277777777777777,asset_tag,AST-2017,0.0
Coupling,affected,A,logistic_regression,test,ok,,min_precision_70,0.8771025583249319,0.22162162162162163,True,True,True,185,0.22162162162162163,0.7783783783783784,0.0,0.0,0.0,0.6602303523035231,0.33503599916414484,144.0,0.0,41.0,0.0,0.4,0.0975609756097561,1.8048780487804879,0.3684210526315789,0.17073170731707318,1.6623876765083438,0.2972972972972973,0.2682926829268293,1.3414634146341464,asset_tag,AST-2031,0.0
Coupling,affected,A,logistic_regression,test,ok,,min_precision_70,0.8771025583249319,0.13513513513513514,True,True,True,185,0.13513513513513514,0.8648648648648649,0.0,0.0,0.0,0.74925,0.2869355821940079,160.0,0.0,25.0,0.0,0.4,0.16,2.96,0.47368421052631576,0.36,3.5052631578947366,0.2702702702702703,0.4,2.0,asset_tag,AST-3008,0.0
Coupling,affected,A,logistic_regression,test,ok,,min_precision_70,0.8771025583249319,0.10810810810810811,True,True,True,185,0.10810810810810811,0.8918918918918919,0.0,0.0,0.0,0.6603030303030303,0.21779154126485661,165.0,0.0,20.0,0.0,0.3,0.15,2.775,0.15789473684210525,0.15,1.4605263157894735,0.1891891891891892,0.35,1.75,asset_tag,AST-3019,0.0
Coupling,affected,A,logistic_regression,test,ok,,min_precision_70,0.8771025583249319,0.2,True,True,True,185,0.2,0.8,0.0,0.0,0.0,0.6265522279035793,0.25888935065975577,148.0,0.0,37.0,0.0,0.2,0.05405405405405406,1.0,0.21052631578947367,0.10810810810810811,1.0526315789473684,0.24324324324324326,0.24324324324324326,1.2162162162162162,asset_tag,AST-4055,0.0
Coupling,affected,A,logistic_regression,test,ok,,min_precision_70,0.8771025583249319,0.1945945945945946,True,True,True,185,0.1945945945945946,0.8054054054054054,0.0,0.0,0.0,0.6426174496644295,0.2669093730933071,149.0,0.0,36.0,0.0,0.2,0.05555555555555555,1.0277777777777777,0.10526315789473684,0.05555555555555555,0.5409356725146198,0.21621621621621623,0.2222222222222222,1.1111111111111112,asset_tag,AST-4061,0.0
Coupling,affected,A,logistic_regression,test,ok,,min_precision_70,0.8771025583249319,0.21081081081081082,True,True,True,185,0.21081081081081082,0.7837837837837838,0.0,0.0,0.0,0.660168598524763,0.2957793758321339,145.0,1.0,39.0,0.0,0.3,0.07692307692307693,1.423076923076923,0.2631578947368421,0.1282051282051282,1.2483130904183535,0.2972972972972973,0.28205128205128205,1.4102564102564104,asset_tag,AST-5003,0.0
Coupling,affected,A,logistic_regression,test,ok,,min_precision_70,0.8771025583249319,0.1837837837837838,True,True,True,185,0.1837837837837838,0.8162162162162162,0.0,0.0,0.0,0.728866380989482,0.313441137821147,151.0,0.0,34.0,0.0,0.2,0.058823529411764705,1.088235294117647,0.3684210526315789,0.20588235294117646,2.004643962848297,0.35135135135135137,0.38235294117647056,1.911764705882353,asset_tag,AST-5007,0.0
Coupling,affected,A,logistic_regression,test,ok,,min_precision_80,0.8771025583249319,0.13513513513513514,True,True,True,185,0.13513513513513514,0.8648648648648649,0.0,0.0,0.0,0.6925000000000001,0.2689138456415521,160.0,0.0,25.0,0.0,0.5,0.2,3.6999999999999997,0.2631578947368421,0.2,1.9473684210526314,0.21621621621621623,0.32,1.6,asset_tag,AST-1041,0.0
Coupling,affected,A,logistic_regression,test,ok,,min_precision_80,0.8771025583249319,0.13513513513513514,True,True,True,185,0.13513513513513514,0.8648648648648649,0.0,0.0,0.0,0.63825,0.18000300754569948,160.0,0.0,25.0,0.0,0.2,0.08,1.48,0.15789473684210525,0.12,1.1684210526315788,0.13513513513513514,0.2,1.0,asset_tag,AST-1042,0.0
Coupling,affected,A,logistic_regression,test,ok,,min_precision_80,0.8771025583249319,0.1945945945945946,True,True,True,185,0.1945945945945946,0.8054054054054054,0.0,0.0,0.0,0.6869873228933632,0.35163836130037573,149.0,0.0,36.0,0.0,0.5,0.1388888888888889,2.569444444444444,0.42105263157894735,0.2222222222222222,2.1637426900584793,0.2972972972972973,0.3055555555555556,1.5277777777777777,asset_tag,AST-2017,0.0
Coupling,affected,A,logistic_regression,test,ok,,min_precision_80,0.8771025583249319,0.22162162162162163,True,True,True,185,0.22162162162162163,0.7783783783783784,0.0,0.0,0.0,0.6602303523035231,0.33503599916414484,144.0,0.0,41.0,0.0,0.4,0.0975609756097561,1.8048780487804879,0.3684210526315789,0.17073170731707318,1.6623876765083438,0.2972972972972973,0.2682926829268293,1.3414634146341464,asset_tag,AST-2031,0.0
Coupling,affected,A,logistic_regression,test,ok,,min_precision_80,0.8771025583249319,0.13513513513513514,True,True,True,185,0.13513513513513514,0.8648648648648649,0.0,0.0,0.0,0.74925,0.2869355821940079,160.0,0.0,25.0,0.0,0.4,0.16,2.96,0.47368421052631576,0.36,3.5052631578947366,0.2702702702702703,0.4,2.0,asset_tag,AST-3008,0.0
Coupling,affected,A,logistic_regression,test,ok,,min_precision_80,0.8771025583249319,0.10810810810810811,True,True,True,185,0.10810810810810811,0.8918918918918919,0.0,0.0,0.0,0.6603030303030303,0.21779154126485661,165.0,0.0,20.0,0.0,0.3,0.15,2.775,0.15789473684210525,0.15,1.4605263157894735,0.1891891891891892,0.35,1.75,asset_tag,AST-3019,0.0
Coupling,affected,A,logistic_regression,test,ok,,min_precision_80,0.8771025583249319,0.2,True,True,True,185,0.2,0.8,0.0,0.0,0.0,0.6265522279035793,0.25888935065975577,148.0,0.0,37.0,0.0,0.2,0.05405405405405406,1.0,0.21052631578947367,0.10810810810810811,1.0526315789473684,0.24324324324324326,0.24324324324324326,1.2162162162162162,asset_tag,AST-4055,0.0
Coupling,affected,A,logistic_regression,test,ok,,min_precision_80,0.8771025583249319,0.1945945945945946,True,True,True,185,0.1945945945945946,0.8054054054054054,0.0,0.0,0.0,0.6426174496644295,0.2669093730933071,149.0,0.0,36.0,0.0,0.2,0.05555555555555555,1.0277777777777777,0.10526315789473684,0.05555555555555555,0.5409356725146198,0.21621621621621623,0.2222222222222222,1.1111111111111112,asset_tag,AST-4061,0.0
Coupling,affected,A,logistic_regression,test,ok,,min_precision_80,0.8771025583249319,0.21081081081081082,True,True,True,185,0.21081081081081082,0.7837837837837838,0.0,0.0,0.0,0.660168598524763,0.2957793758321339,145.0,1.0,39.0,0.0,0.3,0.07692307692307693,1.423076923076923,0.2631578947368421,0.1282051282051282,1.2483130904183535,0.2972972972972973,0.28205128205128205,1.4102564102564104,asset_tag,AST-5003,0.0
Coupling,affected,A,logistic_regression,test,ok,,min_precision_80,0.8771025583249319,0.1837837837837838,True,True,True,185,0.1837837837837838,0.8162162162162162,0.0,0.0,0.0,0.728866380989482,0.313441137821147,151.0,0.0,34.0,0.0,0.2,0.058823529411764705,1.088235294117647,0.3684210526315789,0.20588235294117646,2.004643962848297,0.35135135135135137,0.38235294117647056,1.911764705882353,asset_tag,AST-5007,0.0
Coupling,affected,A,logistic_regression,test,ok,,top_10pct,0.7080991171459879,0.13513513513513514,True,True,True,185,0.13513513513513514,0.8486486486486486,0.38461538461538464,0.2,0.2631578947368421,0.6925000000000001,0.2689138456415521,152.0,8.0,20.0,5.0,0.5,0.2,3.6999999999999997,0.2631578947368421,0.2,1.9473684210526314,0.21621621621621623,0.32,1.6,asset_tag,AST-1041,0.0
Coupling,affected,A,logistic_regression,test,ok,,top_10pct,0.7080991171459879,0.13513513513513514,True,True,True,185,0.13513513513513514,0.7837837837837838,0.14285714285714285,0.12,0.13043478260869565,0.63825,0.18000300754569948,142.0,18.0,22.0,3.0,0.2,0.08,1.48,0.15789473684210525,0.12,1.1684210526315788,0.13513513513513514,0.2,1.0,asset_tag,AST-1042,0.0
Coupling,affected,A,logistic_regression,test,ok,,top_10pct,0.7080991171459879,0.1945945945945946,True,True,True,185,0.1945945945945946,0.7243243243243244,0.2972972972972973,0.3055555555555556,0.3013698630136986,0.6869873228933632,0.35163836130037573,123.0,26.0,25.0,11.0,0.5,0.1388888888888889,2.569444444444444,0.42105263157894735,0.2222222222222222,2.1637426900584793,0.2972972972972973,0.3055555555555556,1.5277777777777777,asset_tag,AST-2017,0.0
Coupling,affected,A,logistic_regression,test,ok,,top_10pct,0.7080991171459879,0.22162162162162163,True,True,True,185,0.22162162162162163,0.7675675675675676,0.42857142857142855,0.14634146341463414,0.21818181818181817,0.6602303523035231,0.33503599916414484,136.0,8.0,35.0,6.0,0.4,0.0975609756097561,1.8048780487804879,0.3684210526315789,0.17073170731707318,1.6623876765083438,0.2972972972972973,0.2682926829268293,1.3414634146341464,asset_tag,AST-2031,0.0
Coupling,affected,A,logistic_regression,test,ok,,top_10pct,0.7080991171459879,0.13513513513513514,True,True,True,185,0.13513513513513514,0.8378378378378378,0.3333333333333333,0.2,0.25,0.74925,0.2869355821940079,150.0,10.0,20.0,5.0,0.4,0.16,2.96,0.47368421052631576,0.36,3.5052631578947366,0.2702702702702703,0.4,2.0,asset_tag,AST-3008,0.0
Coupling,affected,A,logistic_regression,test,ok,,top_10pct,0.7080991171459879,0.10810810810810811,True,True,True,185,0.10810810810810811,0.8918918918918919,0.5,0.05,0.09090909090909091,0.6603030303030303,0.21779154126485661,164.0,1.0,19.0,1.0,0.3,0.15,2.775,0.15789473684210525,0.15,1.4605263157894735,0.1891891891891892,0.35,1.75,asset_tag,AST-3019,0.0
Coupling,affected,A,logistic_regression,test,ok,,top_10pct,0.7080991171459879,0.2,True,True,True,185,0.2,0.6918918918918919,0.25,0.2702702702702703,0.2597402597402597,0.6265522279035793,0.25888935065975577,118.0,30.0,27.0,10.0,0.2,0.05405405405405406,1.0,0.21052631578947367,0.10810810810810811,1.0526315789473684,0.24324324324324326,0.24324324324324326,1.2162162162162162,asset_tag,AST-4055,0.0
Coupling,affected,A,logistic_regression,test,ok,,top_10pct,0.7080991171459879,0.1945945945945946,True,True,True,185,0.1945945945945946,0.7135135135135136,0.16,0.1111111111111111,0.13114754098360656,0.6426174496644295,0.2669093730933071,128.0,21.0,32.0,4.0,0.2,0.05555555555555555,1.0277777777777777,0.10526315789473684,0.05555555555555555,0.5409356725146198,0.21621621621621623,0.2222222222222222,1.1111111111111112,asset_tag,AST-4061,0.0
Coupling,affected,A,logistic_regression,test,ok,,top_10pct,0.7080991171459879,0.21081081081081082,True,True,True,185,0.21081081081081082,0.7243243243243244,0.3125,0.2564102564102564,0.28169014084507044,0.660168598524763,0.2957793758321339,124.0,22.0,29.0,10.0,0.3,0.07692307692307693,1.423076923076923,0.2631578947368421,0.1282051282051282,1.2483130904183535,0.2972972972972973,0.28205128205128205,1.4102564102564104,asset_tag,AST-5003,0.0
Coupling,affected,A,logistic_regression,test,ok,,top_10pct,0.7080991171459879,0.1837837837837838,True,True,True,185,0.1837837837837838,0.7945945945945946,0.16666666666666666,0.029411764705882353,0.05,0.728866380989482,0.313441137821147,146.0,5.0,33.0,1.0,0.2,0.058823529411764705,1.088235294117647,0.3684210526315789,0.20588235294117646,2.004643962848297,0.35135135135135137,0.38235294117647056,1.911764705882353,asset_tag,AST-5007,0.0
Coupling,severe,A,random_forest,test,ok,,f1,0.06,0.005405405405405406,True,True,True,185,0.005405405405405406,0.9783783783783784,0.0,0.0,0.0,0.3940217391304348,0.005405405405405406,181.0,3.0,1.0,0.0,0.0,0.0,0.0,0.0,0.0,0.0,0.0,0.0,0.0,asset_tag,AST-1041,0.0
Coupling,severe,A,random_forest,test,ok,,f1,0.06,0.0,True,True,True,185,0.0,0.9945945945945946,0.0,0.0,0.0,,,184.0,1.0,0.0,0.0,0.0,0.0,,0.0,0.0,,0.0,0.0,,asset_tag,AST-1042,0.0
Coupling,severe,A,random_forest,test,ok,,f1,0.06,0.016216216216216217,True,True,True,185,0.016216216216216217,0.9567567567567568,0.14285714285714285,0.3333333333333333,0.2,0.7298534798534798,0.07601295877157946,176.0,6.0,2.0,1.0,0.1,0.3333333333333333,6.166666666666667,0.05263157894736842,0.3333333333333333,3.2456140350877187,0.05405405405405406,0.6666666666666666,3.3333333333333335,asset_tag,AST-2017,0.0
Coupling,severe,A,random_forest,test,ok,,f1,0.06,0.010810810810810811,True,True,True,185,0.010810810810810811,0.9405405405405406,0.0,0.0,0.0,0.7677595628415301,0.02712049508554787,174.0,9.0,2.0,0.0,0.0,0.0,0.0,0.0,0.0,0.0,0.02702702702702703,0.5,2.5,asset_tag,AST-2031,0.0
Coupling,severe,A,random_forest,test,ok,,f1,0.06,0.021621621621621623,True,True,True,185,0.021621621621621623,0.8864864864864865,0.05263157894736842,0.25,0.08695652173913043,0.6899171270718232,0.05742826617826618,163.0,18.0,3.0,1.0,0.1,0.25,4.625,0.05263157894736842,0.25,2.4342105263157894,0.02702702702702703,0.25,1.25,asset_tag,AST-3008,0.0
Coupling,severe,A,random_forest,test,ok,,f1,0.06,0.0,True,True,True,185,0.0,0.9351351351351351,0.0,0.0,0.0,,,173.0,12.0,0.0,0.0,0.0,0.0,,0.0,0.0,,0.0,0.0,,asset_tag,AST-3019,0.0
Coupling,severe,A,random_forest,test,ok,,f1,0.06,0.005405405405405406,True,True,True,185,0.005405405405405406,0.972972972972973,0.16666666666666666,1.0,0.2857142857142857,0.9999999999999999,1.0,179.0,5.0,0.0,1.0,0.1,1.0,18.5,0.05263157894736842,1.0,9.736842105263158,0.02702702702702703,1.0,5.0,asset_tag,AST-4055,0.0
Coupling,severe,A,random_forest,test,ok,,f1,0.06,0.021621621621621623,True,True,True,185,0.021621621621621623,0.918918918918919,0.07692307692307693,0.25,0.11764705882352941,0.694060773480663,0.05870729219785824,169.0,12.0,3.0,1.0,0.1,0.25,4.625,0.05263157894736842,0.25,2.4342105263157894,0.02702702702702703,0.25,1.25,asset_tag,AST-4061,0.0
Coupling,severe,A,random_forest,test,ok,,f1,0.06,0.010810810810810811,True,True,True,185,0.010810810810810811,0.8594594594594595,0.0,0.0,0.0,0.314207650273224,0.009607086077674312,159.0,24.0,2.0,0.0,0.0,0.0,0.0,0.0,0.0,0.0,0.0,0.0,0.0,asset_tag,AST-5003,0.0
Coupling,severe,A,random_forest,test,ok,,f1,0.06,0.005405405405405406,True,True,True,185,0.005405405405405406,0.9945945945945946,0.0,0.0,0.0,0.42934782608695654,0.005405405405405406,184.0,0.0,1.0,0.0,0.0,0.0,0.0,0.0,0.0,0.0,0.0,0.0,0.0,asset_tag,AST-5007,0.0
Coupling,severe,A,random_forest,test,ok,,top_10pct,0.03,0.005405405405405406,True,True,True,185,0.005405405405405406,0.9297297297297298,0.0,0.0,0.0,0.3940217391304348,0.005405405405405406,172.0,12.0,1.0,0.0,0.0,0.0,0.0,0.0,0.0,0.0,0.0,0.0,0.0,asset_tag,AST-1041,0.0
Coupling,severe,A,random_forest,test,ok,,top_10pct,0.03,0.0,True,True,True,185,0.0,0.972972972972973,0.0,0.0,0.0,,,180.0,5.0,0.0,0.0,0.0,0.0,,0.0,0.0,,0.0,0.0,,asset_tag,AST-1042,0.0
Coupling,severe,A,random_forest,test,ok,,top_10pct,0.03,0.016216216216216217,True,True,True,185,0.016216216216216217,0.8972972972972973,0.05555555555555555,0.3333333333333333,0.09523809523809523,0.7298534798534798,0.07601295877157946,165.0,17.0,2.0,1.0,0.1,0.3333333333333333,6.166666666666667,0.05263157894736842,0.3333333333333333,3.2456140350877187,0.05405405405405406,0.6666666666666666,3.3333333333333335,asset_tag,AST-2017,0.0
Coupling,severe,A,random_forest,test,ok,,top_10pct,0.03,0.010810810810810811,True,True,True,185,0.010810810810810811,0.8540540540540541,0.0,0.0,0.0,0.7677595628415301,0.02712049508554787,158.0,25.0,2.0,0.0,0.0,0.0,0.0,0.0,0.0,0.0,0.02702702702702703,0.5,2.5,asset_tag,AST-2031,0.0
Coupling,severe,A,random_forest,test,ok,,top_10pct,0.03,0.021621621621621623,True,True,True,185,0.021621621621621623,0.6486486486486487,0.03076923076923077,0.5,0.057971014492753624,0.6899171270718232,0.05742826617826618,118.0,63.0,2.0,2.0,0.1,0.25,4.625,0.05263157894736842,0.25,2.4342105263157894,0.02702702702702703,0.25,1.25,asset_tag,AST-3008,0.0
Coupling,severe,A,random_forest,test,ok,,top_10pct,0.03,0.0,True,True,True,185,0.0,0.7621621621621621,0.0,0.0,0.0,,,141.0,44.0,0.0,0.0,0.0,0.0,,0.0,0.0,,0.0,0.0,,asset_tag,AST-3019,0.0
Coupling,severe,A,random_forest,test,ok,,top_10pct,0.03,0.005405405405405406,True,True,True,185,0.005405405405405406,0.8540540540540541,0.03571428571428571,1.0,0.06896551724137931,0.9999999999999999,1.0,157.0,27.0,0.0,1.0,0.1,1.0,18.5,0.05263157894736842,1.0,9.736842105263158,0.02702702702702703,1.0,5.0,asset_tag,AST-4055,0.0
Coupling,severe,A,random_forest,test,ok,,top_10pct,0.03,0.021621621621621623,True,True,True,185,0.021621621621621623,0.8162162162162162,0.03125,0.25,0.05555555555555555,0.694060773480663,0.05870729219785824,150.0,31.0,3.0,1.0,0.1,0.25,4.625,0.05263157894736842,0.25,2.4342105263157894,0.02702702702702703,0.25,1.25,asset_tag,AST-4061,0.0
Coupling,severe,A,random_forest,test,ok,,top_10pct,0.03,0.010810810810810811,True,True,True,185,0.010810810810810811,0.7027027027027027,0.0,0.0,0.0,0.314207650273224,0.009607086077674312,130.0,53.0,2.0,0.0,0.0,0.0,0.0,0.0,0.0,0.0,0.0,0.0,0.0,asset_tag,AST-5003,0.0
Coupling,severe,A,random_forest,test,ok,,top_10pct,0.03,0.005405405405405406,True,True,True,185,0.005405405405405406,0.9837837837837838,0.0,0.0,0.0,0.42934782608695654,0.005405405405405406,182.0,2.0,1.0,0.0,0.0,0.0,0.0,0.0,0.0,0.0,0.0,0.0,0.0,asset_tag,AST-5007,0.0
Lubrication,affected,B,random_forest,test,ok,,f1,0.06,0.14594594594594595,True,True,True,185,0.14594594594594595,0.43783783783783786,0.20155038759689922,0.9629629629629629,0.3333333333333333,0.7020628223159868,0.2783654476876847,55.0,103.0,1.0,26.0,0.3,0.1111111111111111,2.0555555555555554,0.2631578947368421,0.18518518518518517,1.803118908382066,0.21621621621621623,0.2962962962962963,1.4814814814814814,asset_tag,AST-1041,0.07266423904876915
Lubrication,affected,B,random_forest,test,ok,,f1,0.06,0.0972972972972973,True,True,True,185,0.0972972972972973,0.3783783783783784,0.13533834586466165,1.0,0.23841059602649006,0.62125748502994,0.13676764236527963,52.0,115.0,0.0,18.0,0.2,0.1111111111111111,2.0555555555555554,0.15789473684210525,0.16666666666666666,1.6228070175438594,0.08108108108108109,0.16666666666666666,0.8333333333333334,asset_tag,AST-1042,0.07266423904876915
Lubrication,affected,B,random_forest,test,ok,,f1,0.06,0.20540540540540542,True,True,True,185,0.20540540540540542,0.4864864864864865,0.2857142857142857,1.0,0.4444444444444444,0.7294128177586824,0.3462546421367745,52.0,95.0,0.0,38.0,0.3,0.07894736842105263,1.4605263157894735,0.3684210526315789,0.18421052631578946,1.7936288088642658,0.43243243243243246,0.42105263157894735,2.1052631578947367,asset_tag,AST-2017,0.07266423904876915
Lubrication,affected,B,random_forest,test,ok,,f1,0.06,0.12972972972972974,True,True,True,185,0.12972972972972974,0.4,0.17777777777777778,1.0,0.3018867924528302,0.5936853002070392,0.17966078165652116,50.0,111.0,0.0,24.0,0.2,0.08333333333333333,1.5416666666666667,0.10526315789473684,0.08333333333333333,0.8114035087719297,0.13513513513513514,0.20833333333333334,1.0416666666666667,asset_tag,AST-2031,0.07266423904876915
Lubrication,affected,B,random_forest,test,ok,,f1,0.06,0.12432432432432433,True,True,True,185,0.12432432432432433,0.40540540540540543,0.17293233082706766,1.0,0.2948717948717949,0.6829039184111647,0.24563366465080813,52.0,110.0,0.0,23.0,0.3,0.13043478260869565,2.413043478260869,0.21052631578947367,0.17391304347826086,1.6933638443935926,0.21621621621621623,0.34782608695652173,1.7391304347826086,asset_tag,AST-3008,0.07266423904876915
Lubrication,affected,B,random_forest,test,ok,,f1,0.06,0.12972972972972974,True,True,True,185,0.12972972972972974,0.41081081081081083,0.18045112781954886,1.0,0.3057324840764331,0.7109213250517598,0.2921703527574939,52.0,109.0,0.0,24.0,0.4,0.16666666666666666,3.0833333333333335,0.3684210526315789,0.2916666666666667,2.8399122807017543,0.2702702702702703,0.4166666666666667,2.0833333333333335,asset_tag,AST-3019,0.07266423904876915
Lubrication,affected,B,random_forest,test,ok,,f1,0.06,0.15135135135135136,True,True,True,185,0.15135135135135136,0.42702702702702705,0.208955223880597,1.0,0.345679012345679,0.6318243858052776,0.19119753580386714,51.0,106.0,0.0,28.0,0.0,0.0,0.0,0.15789473684210525,0.10714285714285714,1.0432330827067668,0.1891891891891892,0.25,1.25,asset_tag,AST-4055,0.07266423904876915
Lubrication,affected,B,random_forest,test,ok,,f1,0.06,0.12972972972972974,True,True,True,185,0.12972972972972974,0.43243243243243246,0.18604651162790697,1.0,0.3137254901960784,0.6900879917184264,0.2033200459040398,56.0,105.0,0.0,24.0,0.1,0.041666666666666664,0.7708333333333334,0.21052631578947367,0.16666666666666666,1.6228070175438594,0.21621621621621623,0.3333333333333333,1.6666666666666667,asset_tag,AST-4061,0.07266423904876915
Lubrication,affected,B,random_forest,test,ok,,f1,0.06,0.15135135135135136,True,True,True,185,0.15135135135135136,0.42162162162162165,0.2074074074074074,1.0,0.34355828220858897,0.6875568698817106,0.2707719694462777,50.0,107.0,0.0,28.0,0.3,0.10714285714285714,1.982142857142857,0.3157894736842105,0.21428571428571427,2.0864661654135337,0.2702702702702703,0.35714285714285715,1.7857142857142858,asset_tag,AST-5003,0.07266423904876915
Lubrication,affected,B,random_forest,test,ok,,f1,0.06,0.13513513513513514,True,True,True,185,0.13513513513513514,0.41621621621621624,0.18796992481203006,1.0,0.31645569620253167,0.6639999999999999,0.20884207702487995,52.0,108.0,0.0,25.0,0.2,0.08,1.48,0.2631578947368421,0.2,1.9473684210526314,0.21621621621621623,0.32,1.6,asset_tag,AST-5007,0.07266423904876915
Lubrication,affected,B,random_forest,test,ok,,min_precision_70,0.4,0.14594594594594595,True,True,True,185,0.14594594594594595,0.8540540540540541,0.0,0.0,0.0,0.7020628223159868,0.2783654476876847,158.0,0.0,27.0,0.0,0.3,0.1111111111111111,2.0555555555555554,0.2631578947368421,0.18518518518518517,1.803118908382066,0.21621621621621623,0.2962962962962963,1.4814814814814814,asset_tag,AST-1041,0.07266423904876915
Lubrication,affected,B,random_forest,test,ok,,min_precision_70,0.4,0.0972972972972973,True,True,True,185,0.0972972972972973,0.9027027027027027,0.0,0.0,0.0,0.62125748502994,0.13676764236527963,167.0,0.0,18.0,0.0,0.2,0.1111111111111111,2.0555555555555554,0.15789473684210525,0.16666666666666666,1.6228070175438594,0.08108108108108109,0.16666666666666666,0.8333333333333334,asset_tag,AST-1042,0.07266423904876915
Lubrication,affected,B,random_forest,test,ok,,min_precision_70,0.4,0.20540540540540542,True,True,True,185,0.20540540540540542,0.7891891891891892,0.0,0.0,0.0,0.7294128177586824,0.3462546421367745,146.0,1.0,38.0,0.0,0.3,0.07894736842105263,1.4605263157894735,0.3684210526315789,0.18421052631578946,1.7936288088642658,0.43243243243243246,0.42105263157894735,2.1052631578947367,asset_tag,AST-2017,0.07266423904876915
Lubrication,affected,B,random_forest,test,ok,,min_precision_70,0.4,0.12972972972972974,True,True,True,185,0.12972972972972974,0.8702702702702703,0.0,0.0,0.0,0.5936853002070392,0.17966078165652116,161.0,0.0,24.0,0.0,0.2,0.08333333333333333,1.5416666666666667,0.10526315789473684,0.08333333333333333,0.8114035087719297,0.13513513513513514,0.20833333333333334,1.0416666666666667,asset_tag,AST-2031,0.07266423904876915
Lubrication,affected,B,random_forest,test,ok,,min_precision_70,0.4,0.12432432432432433,True,True,True,185,0.12432432432432433,0.8756756756756757,0.0,0.0,0.0,0.6829039184111647,0.24563366465080813,162.0,0.0,23.0,0.0,0.3,0.13043478260869565,2.413043478260869,0.21052631578947367,0.17391304347826086,1.6933638443935926,0.21621621621621623,0.34782608695652173,1.7391304347826086,asset_tag,AST-3008,0.07266423904876915
Lubrication,affected,B,random_forest,test,ok,,min_precision_70,0.4,0.12972972972972974,True,True,True,185,0.12972972972972974,0.8702702702702703,0.0,0.0,0.0,0.7109213250517598,0.2921703527574939,161.0,0.0,24.0,0.0,0.4,0.16666666666666666,3.0833333333333335,0.3684210526315789,0.2916666666666667,2.8399122807017543,0.2702702702702703,0.4166666666666667,2.0833333333333335,asset_tag,AST-3019,0.07266423904876915
Lubrication,affected,B,random_forest,test,ok,,min_precision_70,0.4,0.15135135135135136,True,True,True,185,0.15135135135135136,0.827027027027027,0.0,0.0,0.0,0.6318243858052776,0.19119753580386714,153.0,4.0,28.0,0.0,0.0,0.0,0.0,0.15789473684210525,0.10714285714285714,1.0432330827067668,0.1891891891891892,0.25,1.25,asset_tag,AST-4055,0.07266423904876915
Lubrication,affected,B,random_forest,test,ok,,min_precision_70,0.4,0.12972972972972974,True,True,True,185,0.12972972972972974,0.8702702702702703,0.0,0.0,0.0,0.6900879917184264,0.2033200459040398,161.0,0.0,24.0,0.0,0.1,0.041666666666666664,0.7708333333333334,0.21052631578947367,0.16666666666666666,1.6228070175438594,0.21621621621621623,0.3333333333333333,1.6666666666666667,asset_tag,AST-4061,0.07266423904876915
Lubrication,affected,B,random_forest,test,ok,,min_precision_70,0.4,0.15135135135135136,True,True,True,185,0.15135135135135136,0.8540540540540541,1.0,0.03571428571428571,0.06896551724137931,0.6875568698817106,0.2707719694462777,157.0,0.0,27.0,1.0,0.3,0.10714285714285714,1.982142857142857,0.3157894736842105,0.21428571428571427,2.0864661654135337,0.2702702702702703,0.35714285714285715,1.7857142857142858,asset_tag,AST-5003,0.07266423904876915
Lubrication,affected,B,random_forest,test,ok,,min_precision_70,0.4,0.13513513513513514,True,True,True,185,0.13513513513513514,0.8594594594594595,0.0,0.0,0.0,0.6639999999999999,0.20884207702487995,159.0,1.0,25.0,0.0,0.2,0.08,1.48,0.2631578947368421,0.2,1.9473684210526314,0.21621621621621623,0.32,1.6,asset_tag,AST-5007,0.07266423904876915
Lubrication,affected,B,random_forest,test,ok,,min_precision_80,0.4,0.14594594594594595,True,True,True,185,0.14594594594594595,0.8540540540540541,0.0,0.0,0.0,0.7020628223159868,0.2783654476876847,158.0,0.0,27.0,0.0,0.3,0.1111111111111111,2.0555555555555554,0.2631578947368421,0.18518518518518517,1.803118908382066,0.21621621621621623,0.2962962962962963,1.4814814814814814,asset_tag,AST-1041,0.07266423904876915
Lubrication,affected,B,random_forest,test,ok,,min_precision_80,0.4,0.0972972972972973,True,True,True,185,0.0972972972972973,0.9027027027027027,0.0,0.0,0.0,0.62125748502994,0.13676764236527963,167.0,0.0,18.0,0.0,0.2,0.1111111111111111,2.0555555555555554,0.15789473684210525,0.16666666666666666,1.6228070175438594,0.08108108108108109,0.16666666666666666,0.8333333333333334,asset_tag,AST-1042,0.07266423904876915
Lubrication,affected,B,random_forest,test,ok,,min_precision_80,0.4,0.20540540540540542,True,True,True,185,0.20540540540540542,0.7891891891891892,0.0,0.0,0.0,0.7294128177586824,0.3462546421367745,146.0,1.0,38.0,0.0,0.3,0.07894736842105263,1.4605263157894735,0.3684210526315789,0.18421052631578946,1.7936288088642658,0.43243243243243246,0.42105263157894735,2.1052631578947367,asset_tag,AST-2017,0.07266423904876915
Lubrication,affected,B,random_forest,test,ok,,min_precision_80,0.4,0.12972972972972974,True,True,True,185,0.12972972972972974,0.8702702702702703,0.0,0.0,0.0,0.5936853002070392,0.17966078165652116,161.0,0.0,24.0,0.0,0.2,0.08333333333333333,1.5416666666666667,0.10526315789473684,0.08333333333333333,0.8114035087719297,0.13513513513513514,0.20833333333333334,1.0416666666666667,asset_tag,AST-2031,0.07266423904876915
Lubrication,affected,B,random_forest,test,ok,,min_precision_80,0.4,0.12432432432432433,True,True,True,185,0.12432432432432433,0.8756756756756757,0.0,0.0,0.0,0.6829039184111647,0.24563366465080813,162.0,0.0,23.0,0.0,0.3,0.13043478260869565,2.413043478260869,0.21052631578947367,0.17391304347826086,1.6933638443935926,0.21621621621621623,0.34782608695652173,1.7391304347826086,asset_tag,AST-3008,0.07266423904876915
Lubrication,affected,B,random_forest,test,ok,,min_precision_80,0.4,0.12972972972972974,True,True,True,185,0.12972972972972974,0.8702702702702703,0.0,0.0,0.0,0.7109213250517598,0.2921703527574939,161.0,0.0,24.0,0.0,0.4,0.16666666666666666,3.0833333333333335,0.3684210526315789,0.2916666666666667,2.8399122807017543,0.2702702702702703,0.4166666666666667,2.0833333333333335,asset_tag,AST-3019,0.07266423904876915
Lubrication,affected,B,random_forest,test,ok,,min_precision_80,0.4,0.15135135135135136,True,True,True,185,0.15135135135135136,0.827027027027027,0.0,0.0,0.0,0.6318243858052776,0.19119753580386714,153.0,4.0,28.0,0.0,0.0,0.0,0.0,0.15789473684210525,0.10714285714285714,1.0432330827067668,0.1891891891891892,0.25,1.25,asset_tag,AST-4055,0.07266423904876915
Lubrication,affected,B,random_forest,test,ok,,min_precision_80,0.4,0.12972972972972974,True,True,True,185,0.12972972972972974,0.8702702702702703,0.0,0.0,0.0,0.6900879917184264,0.2033200459040398,161.0,0.0,24.0,0.0,0.1,0.041666666666666664,0.7708333333333334,0.21052631578947367,0.16666666666666666,1.6228070175438594,0.21621621621621623,0.3333333333333333,1.6666666666666667,asset_tag,AST-4061,0.07266423904876915
Lubrication,affected,B,random_forest,test,ok,,min_precision_80,0.4,0.15135135135135136,True,True,True,185,0.15135135135135136,0.8540540540540541,1.0,0.03571428571428571,0.06896551724137931,0.6875568698817106,0.2707719694462777,157.0,0.0,27.0,1.0,0.3,0.10714285714285714,1.982142857142857,0.3157894736842105,0.21428571428571427,2.0864661654135337,0.2702702702702703,0.35714285714285715,1.7857142857142858,asset_tag,AST-5003,0.07266423904876915
Lubrication,affected,B,random_forest,test,ok,,min_precision_80,0.4,0.13513513513513514,True,True,True,185,0.13513513513513514,0.8594594594594595,0.0,0.0,0.0,0.6639999999999999,0.20884207702487995,159.0,1.0,25.0,0.0,0.2,0.08,1.48,0.2631578947368421,0.2,1.9473684210526314,0.21621621621621623,0.32,1.6,asset_tag,AST-5007,0.07266423904876915
Lubrication,affected,B,random_forest,test,ok,,top_10pct,0.24,0.14594594594594595,True,True,True,185,0.14594594594594595,0.8594594594594595,0.6666666666666666,0.07407407407407407,0.13333333333333333,0.7020628223159868,0.2783654476876847,157.0,1.0,25.0,2.0,0.3,0.1111111111111111,2.0555555555555554,0.2631578947368421,0.18518518518518517,1.803118908382066,0.21621621621621623,0.2962962962962963,1.4814814814814814,asset_tag,AST-1041,0.07266423904876915
Lubrication,affected,B,random_forest,test,ok,,top_10pct,0.24,0.0972972972972973,True,True,True,185,0.0972972972972973,0.7297297297297297,0.07894736842105263,0.16666666666666666,0.10714285714285714,0.62125748502994,0.13676764236527963,132.0,35.0,15.0,3.0,0.2,0.1111111111111111,2.0555555555555554,0.15789473684210525,0.16666666666666666,1.6228070175438594,0.08108108108108109,0.16666666666666666,0.8333333333333334,asset_tag,AST-1042,0.07266423904876915
Lubrication,affected,B,random_forest,test,ok,,top_10pct,0.24,0.20540540540540542,True,True,True,185,0.20540540540540542,0.7621621621621621,0.42105263157894735,0.42105263157894735,0.42105263157894735,0.7294128177586824,0.3462546421367745,125.0,22.0,22.0,16.0,0.3,0.07894736842105263,1.4605263157894735,0.3684210526315789,0.18421052631578946,1.7936288088642658,0.43243243243243246,0.42105263157894735,2.1052631578947367,asset_tag,AST-2017,0.07266423904876915
Lubrication,affected,B,random_forest,test,ok,,top_10pct,0.24,0.12972972972972974,True,True,True,185,0.12972972972972974,0.8378378378378378,0.2,0.08333333333333333,0.11764705882352941,0.5936853002070392,0.17966078165652116,153.0,8.0,22.0,2.0,0.2,0.08333333333333333,1.5416666666666667,0.10526315789473684,0.08333333333333333,0.8114035087719297,0.13513513513513514,0.20833333333333334,1.0416666666666667,asset_tag,AST-2031,0.07266423904876915
Lubrication,affected,B,random_forest,test,ok,,top_10pct,0.24,0.12432432432432433,True,True,True,185,0.12432432432432433,0.8162162162162162,0.2608695652173913,0.2608695652173913,0.2608695652173913,0.6829039184111647,0.24563366465080813,145.0,17.0,17.0,6.0,0.3,0.13043478260869565,2.413043478260869,0.21052631578947367,0.17391304347826086,1.6933638443935926,0.21621621621621623,0.34782608695652173,1.7391304347826086,asset_tag,AST-3008,0.07266423904876915
Lubrication,affected,B,random_forest,test,ok,,top_10pct,0.24,0.12972972972972974,True,True,True,185,0.12972972972972974,0.745945945945946,0.2553191489361702,0.5,0.3380281690140845,0.7109213250517598,0.2921703527574939,126.0,35.0,12.0,12.0,0.4,0.16666666666666666,3.0833333333333335,0.3684210526315789,0.2916666666666667,2.8399122807017543,0.2702702702702703,0.4166666666666667,2.0833333333333335,asset_tag,AST-3019,0.07266423904876915
Lubrication,affected,B,random_forest,test,ok,,top_10pct,0.24,0.15135135135135136,True,True,True,185,0.15135135135135136,0.6594594594594595,0.19298245614035087,0.39285714285714285,0.25882352941176473,0.6318243858052776,0.19119753580386714,111.0,46.0,17.0,11.0,0.0,0.0,0.0,0.15789473684210525,0.10714285714285714,1.0432330827067668,0.1891891891891892,0.25,1.25,asset_tag,AST-4055,0.07266423904876915
Lubrication,affected,B,random_forest,test,ok,,top_10pct,0.24,0.12972972972972974,True,True,True,185,0.12972972972972974,0.8648648648648649,0.0,0.0,0.0,0.6900879917184264,0.2033200459040398,160.0,1.0,24.0,0.0,0.1,0.041666666666666664,0.7708333333333334,0.21052631578947367,0.16666666666666666,1.6228070175438594,0.21621621621621623,0.3333333333333333,1.6666666666666667,asset_tag,AST-4061,0.07266423904876915
Lubrication,affected,B,random_forest,test,ok,,top_10pct,0.24,0.15135135135135136,True,True,True,185,0.15135135135135136,0.7297297297297297,0.2608695652173913,0.42857142857142855,0.32432432432432434,0.6875568698817106,0.2707719694462777,123.0,34.0,16.0,12.0,0.3,0.10714285714285714,1.982142857142857,0.3157894736842105,0.21428571428571427,2.0864661654135337,0.2702702702702703,0.35714285714285715,1.7857142857142858,asset_tag,AST-5003,0.07266423904876915
Lubrication,affected,B,random_forest,test,ok,,top_10pct,0.24,0.13513513513513514,True,True,True,185,0.13513513513513514,0.8054054054054054,0.2608695652173913,0.24,0.25,0.6639999999999999,0.20884207702487995,143.0,17.0,19.0,6.0,0.2,0.08,1.48,0.2631578947368421,0.2,1.9473684210526314,0.21621621621621623,0.32,1.6,asset_tag,AST-5007,0.07266423904876915
Lubrication,severe,C,hist_gradient_boosting,test,ok,,f1,2.5841621930197658e-05,0.005405405405405406,True,True,True,185,0.005405405405405406,0.9945945945945946,0.0,0.0,0.0,0.6847826086956521,0.01694915254237288,184.0,0.0,1.0,0.0,0.0,0.0,0.0,0.0,0.0,0.0,0.0,0.0,0.0,asset_tag,AST-1041,0.010475789099369746
Lubrication,severe,C,hist_gradient_boosting,test,ok,,f1,2.5841621930197658e-05,0.0,True,True,True,185,0.0,0.9783783783783784,0.0,0.0,0.0,,,181.0,4.0,0.0,0.0,0.0,0.0,,0.0,0.0,,0.0,0.0,,asset_tag,AST-1042,0.010475789099369746
Lubrication,severe,C,hist_gradient_boosting,test,ok,,f1,2.5841621930197658e-05,0.005405405405405406,True,True,True,185,0.005405405405405406,0.9945945945945946,0.0,0.0,0.0,0.2065217391304348,0.006802721088435374,184.0,0.0,1.0,0.0,0.0,0.0,0.0,0.0,0.0,0.0,0.0,0.0,0.0,asset_tag,AST-2017,0.010475789099369746
Lubrication,severe,C,hist_gradient_boosting,test,ok,,f1,2.5841621930197658e-05,0.0,True,True,True,185,0.0,0.9675675675675676,0.0,0.0,0.0,,,179.0,6.0,0.0,0.0,0.0,0.0,,0.0,0.0,,0.0,0.0,,asset_tag,AST-2031,0.010475789099369746
Lubrication,severe,C,hist_gradient_boosting,test,ok,,f1,2.5841621930197658e-05,0.0,True,True,True,185,0.0,0.9567567567567568,0.0,0.0,0.0,,,177.0,8.0,0.0,0.0,0.0,0.0,,0.0,0.0,,0.0,0.0,,asset_tag,AST-3008,0.010475789099369746
Lubrication,severe,C,hist_gradient_boosting,test,ok,,f1,2.5841621930197658e-05,0.005405405405405406,True,True,True,185,0.005405405405405406,0.9837837837837838,0.0,0.0,0.0,0.9728260869565217,0.16666666666666666,182.0,2.0,1.0,0.0,0.1,1.0,18.5,0.05263157894736842,1.0,9.736842105263158,0.02702702702702703,1.0,5.0,asset_tag,AST-3019,0.010475789099369746
Lubrication,severe,C,hist_gradient_boosting,test,ok,,f1,2.5841621930197658e-05,0.0,True,True,True,185,0.0,0.9891891891891892,0.0,0.0,0.0,,,183.0,2.0,0.0,0.0,0.0,0.0,,0.0,0.0,,0.0,0.0,,asset_tag,AST-4055,0.010475789099369746
Lubrication,severe,C,hist_gradient_boosting,test,ok,,f1,2.5841621930197658e-05,0.005405405405405406,True,True,True,185,0.005405405405405406,0.9891891891891892,0.0,0.0,0.0,0.27717391304347827,0.007462686567164179,183.0,1.0,1.0,0.0,0.0,0.0,0.0,0.0,0.0,0.0,0.0,0.0,0.0,asset_tag,AST-4061,0.010475789099369746
Lubrication,severe,C,hist_gradient_boosting,test,ok,,f1,2.5841621930197658e-05,0.005405405405405406,True,True,True,185,0.005405405405405406,0.9783783783783784,0.0,0.0,0.0,0.26086956521739135,0.0072992700729927005,181.0,3.0,1.0,0.0,0.0,0.0,0.0,0.0,0.0,0.0,0.0,0.0,0.0,asset_tag,AST-5003,0.010475789099369746
Lubrication,severe,C,hist_gradient_boosting,test,ok,,f1,2.5841621930197658e-05,0.005405405405405406,True,True,True,185,0.005405405405405406,0.972972972972973,0.0,0.0,0.0,0.8478260869565217,0.034482758620689655,180.0,4.0,1.0,0.0,0.0,0.0,0.0,0.0,0.0,0.0,0.02702702702702703,1.0,5.0,asset_tag,AST-5007,0.010475789099369746
Lubrication,severe,C,hist_gradient_boosting,test,ok,,top_10pct,6.1935819318576735e-06,0.005405405405405406,True,True,True,185,0.005405405405405406,0.9513513513513514,0.0,0.0,0.0,0.6847826086956521,0.01694915254237288,176.0,8.0,1.0,0.0,0.0,0.0,0.0,0.0,0.0,0.0,0.0,0.0,0.0,asset_tag,AST-1041,0.010475789099369746
Lubrication,severe,C,hist_gradient_boosting,test,ok,,top_10pct,6.1935819318576735e-06,0.0,True,True,True,185,0.0,0.8918918918918919,0.0,0.0,0.0,,,165.0,20.0,0.0,0.0,0.0,0.0,,0.0,0.0,,0.0,0.0,,asset_tag,AST-1042,0.010475789099369746
Lubrication,severe,C,hist_gradient_boosting,test,ok,,top_10pct,6.1935819318576735e-06,0.005405405405405406,True,True,True,185,0.005405405405405406,0.9783783783783784,0.0,0.0,0.0,0.2065217391304348,0.006802721088435374,181.0,3.0,1.0,0.0,0.0,0.0,0.0,0.0,0.0,0.0,0.0,0.0,0.0,asset_tag,AST-2017,0.010475789099369746
Lubrication,severe,C,hist_gradient_boosting,test,ok,,top_10pct,6.1935819318576735e-06,0.0,True,True,True,185,0.0,0.8702702702702703,0.0,0.0,0.0,,,161.0,24.0,0.0,0.0,0.0,0.0,,0.0,0.0,,0.0,0.0,,asset_tag,AST-2031,0.010475789099369746
Lubrication,severe,C,hist_gradient_boosting,test,ok,,top_10pct,6.1935819318576735e-06,0.0,True,True,True,185,0.0,0.8432432432432433,0.0,0.0,0.0,,,156.0,29.0,0.0,0.0,0.0,0.0,,0.0,0.0,,0.0,0.0,,asset_tag,AST-3008,0.010475789099369746
Lubrication,severe,C,hist_gradient_boosting,test,ok,,top_10pct,6.1935819318576735e-06,0.005405405405405406,True,True,True,185,0.005405405405405406,0.9621621621621622,0.125,1.0,0.2222222222222222,0.9728260869565217,0.16666666666666666,177.0,7.0,0.0,1.0,0.1,1.0,18.5,0.05263157894736842,1.0,9.736842105263158,0.02702702702702703,1.0,5.0,asset_tag,AST-3019,0.010475789099369746
Lubrication,severe,C,hist_gradient_boosting,test,ok,,top_10pct,6.1935819318576735e-06,0.0,True,True,True,185,0.0,0.9243243243243243,0.0,0.0,0.0,,,171.0,14.0,0.0,0.0,0.0,0.0,,0.0,0.0,,0.0,0.0,,asset_tag,AST-4055,0.010475789099369746
Lubrication,severe,C,hist_gradient_boosting,test,ok,,top_10pct,6.1935819318576735e-06,0.005405405405405406,True,True,True,185,0.005405405405405406,0.9621621621621622,0.0,0.0,0.0,0.27717391304347827,0.007462686567164179,178.0,6.0,1.0,0.0,0.0,0.0,0.0,0.0,0.0,0.0,0.0,0.0,0.0,asset_tag,AST-4061,0.010475789099369746
Lubrication,severe,C,hist_gradient_boosting,test,ok,,top_10pct,6.1935819318576735e-06,0.005405405405405406,True,True,True,185,0.005405405405405406,0.8756756756756757,0.0,0.0,0.0,0.26086956521739135,0.0072992700729927005,162.0,22.0,1.0,0.0,0.0,0.0,0.0,0.0,0.0,0.0,0.0,0.0,0.0,asset_tag,AST-5003,0.010475789099369746
Lubrication,severe,C,hist_gradient_boosting,test,ok,,top_10pct,6.1935819318576735e-06,0.005405405405405406,True,True,True,185,0.005405405405405406,0.8702702702702703,0.0,0.0,0.0,0.8478260869565217,0.034482758620689655,161.0,23.0,1.0,0.0,0.0,0.0,0.0,0.0,0.0,0.0,0.02702702702702703,1.0,5.0,asset_tag,AST-5007,0.010475789099369746
Sensor,affected,C,logistic_regression,test,ok,,f1,0.3681653083880816,0.1945945945945946,True,True,True,185,0.1945945945945946,0.4810810810810811,0.2727272727272727,1.0,0.42857142857142855,0.7382550335570469,0.335024748793348,53.0,96.0,0.0,36.0,0.5,0.1388888888888889,2.569444444444444,0.3684210526315789,0.19444444444444445,1.8932748538011694,0.24324324324324326,0.25,1.25,asset_tag,AST-1041,0.7614602689645442
Sensor,affected,C,logistic_regression,test,ok,,f1,0.3681653083880816,0.22162162162162163,True,True,True,185,0.22162162162162163,0.518918918918919,0.3153846153846154,1.0,0.47953216374269003,0.6898712737127372,0.37001534955564047,55.0,89.0,0.0,41.0,0.3,0.07317073170731707,1.3536585365853657,0.42105263157894735,0.1951219512195122,1.89987163029525,0.3783783783783784,0.34146341463414637,1.7073170731707317,asset_tag,AST-1042,0.7614602689645442
Sensor,affected,C,logistic_regression,test,ok,,f1,0.3681653083880816,0.25405405405405407,True,True,True,185,0.25405405405405407,0.5405405405405406,0.3560606060606061,1.0,0.5251396648044693,0.6424606845513413,0.299400013762104,53.0,85.0,0.0,47.0,0.1,0.02127659574468085,0.39361702127659576,0.15789473684210525,0.06382978723404255,0.6215005599104143,0.1891891891891892,0.14893617021276595,0.7446808510638298,asset_tag,AST-2017,0.7614602689645442
Sensor,affected,C,logistic_regression,test,ok,,f1,0.3681653083880816,0.23243243243243245,True,True,True,185,0.23243243243243245,0.5081081081081081,0.3181818181818182,0.9767441860465116,0.48,0.619718309859155,0.2815166968117774,52.0,90.0,1.0,42.0,0.2,0.046511627906976744,0.8604651162790697,0.21052631578947367,0.09302325581395349,0.9057527539779681,0.2702702702702703,0.23255813953488372,1.1627906976744187,asset_tag,AST-2031,0.7614602689645442
Sensor,affected,C,logistic_regression,test,ok,,f1,0.3681653083880816,0.21081081081081082,True,True,True,185,0.21081081081081082,0.5027027027027027,0.29133858267716534,0.9487179487179487,0.4457831325301205,0.6608710923779417,0.3683427279151638,56.0,90.0,2.0,37.0,0.5,0.1282051282051282,2.371794871794872,0.42105263157894735,0.20512820512820512,1.9973009446693655,0.2702702702702703,0.2564102564102564,1.2820512820512822,asset_tag,AST-3008,0.7614602689645442
Sensor,affected,C,logistic_regression,test,ok,,f1,0.3681653083880816,0.1891891891891892,True,True,True,185,0.1891891891891892,0.518918918918919,0.2711864406779661,0.9142857142857143,0.41830065359477125,0.6864761904761905,0.34802836138769,64.0,86.0,3.0,32.0,0.6,0.17142857142857143,3.1714285714285713,0.42105263157894735,0.22857142857142856,2.225563909774436,0.24324324324324326,0.2571428571428571,1.2857142857142858,asset_tag,AST-3019,0.7614602689645442
Sensor,affected,C,logistic_regression,test,ok,,f1,0.3681653083880816,0.23783783783783785,True,True,True,185,0.23783783783783785,0.518918918918919,0.3308270676691729,1.0,0.4971751412429379,0.6329787234042553,0.2909162131832636,52.0,89.0,0.0,44.0,0.3,0.06818181818181818,1.2613636363636362,0.2631578947368421,0.11363636363636363,1.1064593301435406,0.21621621621621623,0.18181818181818182,0.9090909090909091,asset_tag,AST-4055,0.7614602689645442
Sensor,affected,C,logistic_regression,test,ok,,f1,0.3681653083880816,0.21621621621621623,True,True,True,185,0.21621621621621623,0.518918918918919,0.29411764705882354,0.875,0.44025157232704404,0.7305172413793104,0.46213360801477976,61.0,84.0,5.0,35.0,0.8,0.2,3.7,0.5263157894736842,0.25,2.4342105263157894,0.3783783783783784,0.35,1.75,asset_tag,AST-4061,0.7614602689645442
Sensor,affected,C,logistic_regression,test,ok,,f1,0.3681653083880816,0.2648648648648649,True,True,True,185,0.2648648648648649,0.5351351351351351,0.35877862595419846,0.9591836734693877,0.5222222222222223,0.6884753901560624,0.38822640373381273,52.0,84.0,2.0,47.0,0.3,0.061224489795918366,1.1326530612244896,0.2631578947368421,0.10204081632653061,0.9935553168635874,0.35135135135135137,0.2653061224489796,1.3265306122448979,asset_tag,AST-5003,0.7614602689645442
Sensor,affected,C,logistic_regression,test,ok,,f1,0.3681653083880816,0.13513513513513514,True,True,True,185,0.13513513513513514,0.4756756756756757,0.19491525423728814,0.92,0.32167832167832167,0.7015,0.23563160939887895,65.0,95.0,2.0,23.0,0.2,0.08,1.48,0.21052631578947367,0.16,1.557894736842105,0.24324324324324326,0.36,1.8,asset_tag,AST-5007,0.7614602689645442
Sensor,affected,C,logistic_regression,test,ok,,min_precision_70,0.9217703024613237,0.1945945945945946,True,True,True,185,0.1945945945945946,0.8054054054054054,0.0,0.0,0.0,0.7382550335570469,0.335024748793348,149.0,0.0,36.0,0.0,0.5,0.1388888888888889,2.569444444444444,0.3684210526315789,0.19444444444444445,1.8932748538011694,0.24324324324324326,0.25,1.25,asset_tag,AST-1041,0.7614602689645442
Sensor,affected,C,logistic_regression,test,ok,,min_precision_70,0.9217703024613237,0.22162162162162163,True,True,True,185,0.22162162162162163,0.7783783783783784,0.0,0.0,0.0,0.6898712737127372,0.37001534955564047,144.0,0.0,41.0,0.0,0.3,0.07317073170731707,1.3536585365853657,0.42105263157894735,0.1951219512195122,1.89987163029525,0.3783783783783784,0.34146341463414637,1.7073170731707317,asset_tag,AST-1042,0.7614602689645442
Sensor,affected,C,logistic_regression,test,ok,,min_precision_70,0.9217703024613237,0.25405405405405407,True,True,True,185,0.25405405405405407,0.745945945945946,0.0,0.0,0.0,0.6424606845513413,0.299400013762104,138.0,0.0,47.0,0.0,0.1,0.02127659574468085,0.39361702127659576,0.15789473684210525,0.06382978723404255,0.6215005599104143,0.1891891891891892,0.14893617021276595,0.7446808510638298,asset_tag,AST-2017,0.7614602689645442
Sensor,affected,C,logistic_regression,test,ok,,min_precision_70,0.9217703024613237,0.23243243243243245,True,True,True,185,0.23243243243243245,0.7675675675675676,0.0,0.0,0.0,0.619718309859155,0.2815166968117774,142.0,0.0,43.0,0.0,0.2,0.046511627906976744,0.8604651162790697,0.21052631578947367,0.09302325581395349,0.9057527539779681,0.2702702702702703,0.23255813953488372,1.1627906976744187,asset_tag,AST-2031,0.7614602689645442
Sensor,affected,C,logistic_regression,test,ok,,min_precision_70,0.9217703024613237,0.21081081081081082,True,True,True,185,0.21081081081081082,0.7891891891891892,0.0,0.0,0.0,0.6608710923779417,0.3683427279151638,146.0,0.0,39.0,0.0,0.5,0.1282051282051282,2.371794871794872,0.42105263157894735,0.20512820512820512,1.9973009446693655,0.2702702702702703,0.2564102564102564,1.2820512820512822,asset_tag,AST-3008,0.7614602689645442
Sensor,affected,C,logistic_regression,test,ok,,min_precision_70,0.9217703024613237,0.1891891891891892,True,True,True,185,0.1891891891891892,0.8108108108108109,0.0,0.0,0.0,0.6864761904761905,0.34802836138769,150.0,0.0,35.0,0.0,0.6,0.17142857142857143,3.1714285714285713,0.42105263157894735,0.22857142857142856,2.225563909774436,0.24324324324324326,0.2571428571428571,1.2857142857142858,asset_tag,AST-3019,0.7614602689645442
Sensor,affected,C,logistic_regression,test,ok,,min_precision_70,0.9217703024613237,0.23783783783783785,True,True,True,185,0.23783783783783785,0.7621621621621621,0.0,0.0,0.0,0.6329787234042553,0.2909162131832636,141.0,0.0,44.0,0.0,0.3,0.06818181818181818,1.2613636363636362,0.2631578947368421,0.11363636363636363,1.1064593301435406,0.21621621621621623,0.18181818181818182,0.9090909090909091,asset_tag,AST-4055,0.7614602689645442
Sensor,affected,C,logistic_regression,test,ok,,min_precision_70,0.9217703024613237,0.21621621621621623,True,True,True,185,0.21621621621621623,0.7837837837837838,0.0,0.0,0.0,0.7305172413793104,0.46213360801477976,145.0,0.0,40.0,0.0,0.8,0.2,3.7,0.5263157894736842,0.25,2.4342105263157894,0.3783783783783784,0.35,1.75,asset_tag,AST-4061,0.7614602689645442
Sensor,affected,C,logistic_regression,test,ok,,min_precision_70,0.9217703024613237,0.2648648648648649,True,True,True,185,0.2648648648648649,0.7351351351351352,0.0,0.0,0.0,0.6884753901560624,0.38822640373381273,136.0,0.0,49.0,0.0,0.3,0.061224489795918366,1.1326530612244896,0.2631578947368421,0.10204081632653061,0.9935553168635874,0.35135135135135137,0.2653061224489796,1.3265306122448979,asset_tag,AST-5003,0.7614602689645442
Sensor,affected,C,logistic_regression,test,ok,,min_precision_70,0.9217703024613237,0.13513513513513514,True,True,True,185,0.13513513513513514,0.8648648648648649,0.0,0.0,0.0,0.7015,0.23563160939887895,160.0,0.0,25.0,0.0,0.2,0.08,1.48,0.21052631578947367,0.16,1.557894736842105,0.24324324324324326,0.36,1.8,asset_tag,AST-5007,0.7614602689645442
Sensor,affected,C,logistic_regression,test,ok,,min_precision_80,0.9217703024613237,0.1945945945945946,True,True,True,185,0.1945945945945946,0.8054054054054054,0.0,0.0,0.0,0.7382550335570469,0.335024748793348,149.0,0.0,36.0,0.0,0.5,0.1388888888888889,2.569444444444444,0.3684210526315789,0.19444444444444445,1.8932748538011694,0.24324324324324326,0.25,1.25,asset_tag,AST-1041,0.7614602689645442
Sensor,affected,C,logistic_regression,test,ok,,min_precision_80,0.9217703024613237,0.22162162162162163,True,True,True,185,0.22162162162162163,0.7783783783783784,0.0,0.0,0.0,0.6898712737127372,0.37001534955564047,144.0,0.0,41.0,0.0,0.3,0.07317073170731707,1.3536585365853657,0.42105263157894735,0.1951219512195122,1.89987163029525,0.3783783783783784,0.34146341463414637,1.7073170731707317,asset_tag,AST-1042,0.7614602689645442
Sensor,affected,C,logistic_regression,test,ok,,min_precision_80,0.9217703024613237,0.25405405405405407,True,True,True,185,0.25405405405405407,0.745945945945946,0.0,0.0,0.0,0.6424606845513413,0.299400013762104,138.0,0.0,47.0,0.0,0.1,0.02127659574468085,0.39361702127659576,0.15789473684210525,0.06382978723404255,0.6215005599104143,0.1891891891891892,0.14893617021276595,0.7446808510638298,asset_tag,AST-2017,0.7614602689645442
Sensor,affected,C,logistic_regression,test,ok,,min_precision_80,0.9217703024613237,0.23243243243243245,True,True,True,185,0.23243243243243245,0.7675675675675676,0.0,0.0,0.0,0.619718309859155,0.2815166968117774,142.0,0.0,43.0,0.0,0.2,0.046511627906976744,0.8604651162790697,0.21052631578947367,0.09302325581395349,0.9057527539779681,0.2702702702702703,0.23255813953488372,1.1627906976744187,asset_tag,AST-2031,0.7614602689645442
Sensor,affected,C,logistic_regression,test,ok,,min_precision_80,0.9217703024613237,0.21081081081081082,True,True,True,185,0.21081081081081082,0.7891891891891892,0.0,0.0,0.0,0.6608710923779417,0.3683427279151638,146.0,0.0,39.0,0.0,0.5,0.1282051282051282,2.371794871794872,0.42105263157894735,0.20512820512820512,1.9973009446693655,0.2702702702702703,0.2564102564102564,1.2820512820512822,asset_tag,AST-3008,0.7614602689645442
Sensor,affected,C,logistic_regression,test,ok,,min_precision_80,0.9217703024613237,0.1891891891891892,True,True,True,185,0.1891891891891892,0.8108108108108109,0.0,0.0,0.0,0.6864761904761905,0.34802836138769,150.0,0.0,35.0,0.0,0.6,0.17142857142857143,3.1714285714285713,0.42105263157894735,0.22857142857142856,2.225563909774436,0.24324324324324326,0.2571428571428571,1.2857142857142858,asset_tag,AST-3019,0.7614602689645442
Sensor,affected,C,logistic_regression,test,ok,,min_precision_80,0.9217703024613237,0.23783783783783785,True,True,True,185,0.23783783783783785,0.7621621621621621,0.0,0.0,0.0,0.6329787234042553,0.2909162131832636,141.0,0.0,44.0,0.0,0.3,0.06818181818181818,1.2613636363636362,0.2631578947368421,0.11363636363636363,1.1064593301435406,0.21621621621621623,0.18181818181818182,0.9090909090909091,asset_tag,AST-4055,0.7614602689645442
Sensor,affected,C,logistic_regression,test,ok,,min_precision_80,0.9217703024613237,0.21621621621621623,True,True,True,185,0.21621621621621623,0.7837837837837838,0.0,0.0,0.0,0.7305172413793104,0.46213360801477976,145.0,0.0,40.0,0.0,0.8,0.2,3.7,0.5263157894736842,0.25,2.4342105263157894,0.3783783783783784,0.35,1.75,asset_tag,AST-4061,0.7614602689645442
Sensor,affected,C,logistic_regression,test,ok,,min_precision_80,0.9217703024613237,0.2648648648648649,True,True,True,185,0.2648648648648649,0.7351351351351352,0.0,0.0,0.0,0.6884753901560624,0.38822640373381273,136.0,0.0,49.0,0.0,0.3,0.061224489795918366,1.1326530612244896,0.2631578947368421,0.10204081632653061,0.9935553168635874,0.35135135135135137,0.2653061224489796,1.3265306122448979,asset_tag,AST-5003,0.7614602689645442
Sensor,affected,C,logistic_regression,test,ok,,min_precision_80,0.9217703024613237,0.13513513513513514,True,True,True,185,0.13513513513513514,0.8648648648648649,0.0,0.0,0.0,0.7015,0.23563160939887895,160.0,0.0,25.0,0.0,0.2,0.08,1.48,0.21052631578947367,0.16,1.557894736842105,0.24324324324324326,0.36,1.8,asset_tag,AST-5007,0.7614602689645442
Sensor,affected,C,logistic_regression,test,ok,,top_10pct,0.7193978951783944,0.1945945945945946,True,True,True,185,0.1945945945945946,0.7891891891891892,0.38461538461538464,0.1388888888888889,0.20408163265306123,0.7382550335570469,0.335024748793348,141.0,8.0,31.0,5.0,0.5,0.1388888888888889,2.569444444444444,0.3684210526315789,0.19444444444444445,1.8932748538011694,0.24324324324324326,0.25,1.25,asset_tag,AST-1041,0.7614602689645442
Sensor,affected,C,logistic_regression,test,ok,,top_10pct,0.7193978951783944,0.22162162162162163,True,True,True,185,0.22162162162162163,0.745945945945946,0.38461538461538464,0.24390243902439024,0.29850746268656714,0.6898712737127372,0.37001534955564047,128.0,16.0,31.0,10.0,0.3,0.07317073170731707,1.3536585365853657,0.42105263157894735,0.1951219512195122,1.89987163029525,0.3783783783783784,0.34146341463414637,1.7073170731707317,asset_tag,AST-1042,0.7614602689645442
Sensor,affected,C,logistic_regression,test,ok,,top_10pct,0.7193978951783944,0.25405405405405407,True,True,True,185,0.25405405405405407,0.6270270270270271,0.21052631578947367,0.1702127659574468,0.18823529411764706,0.6424606845513413,0.299400013762104,108.0,30.0,39.0,8.0,0.1,0.02127659574468085,0.39361702127659576,0.15789473684210525,0.06382978723404255,0.6215005599104143,0.1891891891891892,0.14893617021276595,0.7446808510638298,asset_tag,AST-2017,0.7614602689645442
Sensor,affected,C,logistic_regression,test,ok,,top_10pct,0.7193978951783944,0.23243243243243245,True,True,True,185,0.23243243243243245,0.6972972972972973,0.2903225806451613,0.20930232558139536,0.24324324324324326,0.619718309859155,0.2815166968117774,120.0,22.0,34.0,9.0,0.2,0.046511627906976744,0.8604651162790697,0.21052631578947367,0.09302325581395349,0.9057527539779681,0.2702702702702703,0.23255813953488372,1.1627906976744187,asset_tag,AST-2031,0.7614602689645442
Sensor,affected,C,logistic_regression,test,ok,,top_10pct,0.7193978951783944,0.21081081081081082,True,True,True,185,0.21081081081081082,0.7891891891891892,0.5,0.15384615384615385,0.23529411764705882,0.6608710923779417,0.3683427279151638,140.0,6.0,33.0,6.0,0.5,0.1282051282051282,2.371794871794872,0.42105263157894735,0.20512820512820512,1.9973009446693655,0.2702702702702703,0.2564102564102564,1.2820512820512822,asset_tag,AST-3008,0.7614602689645442
Sensor,affected,C,logistic_regression,test,ok,,top_10pct,0.7193978951783944,0.1891891891891892,True,True,True,185,0.1891891891891892,0.827027027027027,0.6666666666666666,0.17142857142857143,0.2727272727272727,0.6864761904761905,0.34802836138769,147.0,3.0,29.0,6.0,0.6,0.17142857142857143,3.1714285714285713,0.42105263157894735,0.22857142857142856,2.225563909774436,0.24324324324324326,0.2571428571428571,1.2857142857142858,asset_tag,AST-3019,0.7614602689645442
Sensor,affected,C,logistic_regression,test,ok,,top_10pct,0.7193978951783944,0.23783783783783785,True,True,True,185,0.23783783783783785,0.6756756756756757,0.23333333333333334,0.1590909090909091,0.1891891891891892,0.6329787234042553,0.2909162131832636,118.0,23.0,37.0,7.0,0.3,0.06818181818181818,1.2613636363636362,0.2631578947368421,0.11363636363636363,1.1064593301435406,0.21621621621621623,0.18181818181818182,0.9090909090909091,asset_tag,AST-4055,0.7614602689645442
Sensor,affected,C,logistic_regression,test,ok,,top_10pct,0.7193978951783944,0.21621621621621623,True,True,True,185,0.21621621621621623,0.8,0.8,0.1,0.17777777777777778,0.7305172413793104,0.46213360801477976,144.0,1.0,36.0,4.0,0.8,0.2,3.7,0.5263157894736842,0.25,2.4342105263157894,0.3783783783783784,0.35,1.75,asset_tag,AST-4061,0.7614602689645442
Sensor,affected,C,logistic_regression,test,ok,,top_10pct,0.7193978951783944,0.2648648648648649,True,True,True,185,0.2648648648648649,0.6756756756756757,0.34285714285714286,0.24489795918367346,0.2857142857142857,0.6884753901560624,0.38822640373381273,113.0,23.0,37.0,12.0,0.3,0.061224489795918366,1.1326530612244896,0.2631578947368421,0.10204081632653061,0.9935553168635874,0.35135135135135137,0.2653061224489796,1.3265306122448979,asset_tag,AST-5003,0.7614602689645442
Sensor,affected,C,logistic_regression,test,ok,,top_10pct,0.7193978951783944,0.13513513513513514,True,True,True,185,0.13513513513513514,0.827027027027027,0.1111111111111111,0.04,0.058823529411764705,0.7015,0.23563160939887895,152.0,8.0,24.0,1.0,0.2,0.08,1.48,0.21052631578947367,0.16,1.557894736842105,0.24324324324324326,0.36,1.8,asset_tag,AST-5007,0.7614602689645442
Sensor,severe,A,random_forest,test,ok,,f1,0.15,0.11891891891891893,True,True,True,185,0.11891891891891893,0.6054054054054054,0.17721518987341772,0.6363636363636364,0.27722772277227725,0.7272727272727273,0.24844810994134603,98.0,65.0,8.0,14.0,0.2,0.09090909090909091,1.6818181818181819,0.3157894736842105,0.2727272727272727,2.655502392344497,0.2972972972972973,0.5,2.5,asset_tag,AST-1041,0.0
Sensor,severe,A,random_forest,test,ok,,f1,0.15,0.11351351351351352,True,True,True,185,0.11351351351351352,0.6324324324324324,0.15942028985507245,0.5238095238095238,0.24444444444444444,0.6718931475029036,0.23160407405706607,106.0,58.0,10.0,11.0,0.4,0.19047619047619047,3.5238095238095237,0.21052631578947367,0.19047619047619047,1.8546365914786966,0.16216216216216217,0.2857142857142857,1.4285714285714286,asset_tag,AST-1042,0.0
Sensor,severe,A,random_forest,test,ok,,f1,0.15,0.1783783783783784,True,True,True,185,0.1783783783783784,0.4918918918918919,0.23931623931623933,0.8484848484848485,0.37333333333333335,0.6581937799043063,0.24126437443463386,63.0,89.0,5.0,28.0,0.2,0.06060606060606061,1.121212121212121,0.21052631578947367,0.12121212121212122,1.1802232854864432,0.21621621621621623,0.24242424242424243,1.2121212121212122,asset_tag,AST-2017,0.0
Sensor,severe,A,random_forest,test,ok,,f1,0.15,0.15135135135135136,True,True,True,185,0.15135135135135136,0.6378378378378379,0.21739130434782608,0.5357142857142857,0.30927835051546393,0.6891492265696088,0.2517055072183122,103.0,54.0,13.0,15.0,0.1,0.03571428571428571,0.6607142857142857,0.3684210526315789,0.25,2.4342105263157894,0.24324324324324326,0.32142857142857145,1.6071428571428572,asset_tag,AST-2031,0.0
Sensor,severe,A,random_forest,test,ok,,f1,0.15,0.12432432432432433,True,True,True,185,0.12432432432432433,0.5513513513513514,0.2,0.8695652173913043,0.3252032520325203,0.7024959742351047,0.24593234255201726,82.0,80.0,3.0,20.0,0.2,0.08695652173913043,1.608695652173913,0.2631578947368421,0.21739130434782608,2.116704805491991,0.21621621621621623,0.34782608695652173,1.7391304347826086,asset_tag,AST-3008,0.0
Sensor,severe,A,random_forest,test,ok,,f1,0.15,0.12432432432432433,True,True,True,185,0.12432432432432433,0.6648648648648648,0.18032786885245902,0.4782608695652174,0.2619047619047619,0.6763285024154589,0.20209637425200228,112.0,50.0,12.0,11.0,0.3,0.13043478260869565,2.413043478260869,0.21052631578947367,0.17391304347826086,1.6933638443935926,0.1891891891891892,0.30434782608695654,1.5217391304347827,asset_tag,AST-3019,0.0
Sensor,severe,A,random_forest,test,ok,,f1,0.15,0.14594594594594595,True,True,True,185,0.14594594594594595,0.5297297297297298,0.10526315789473684,0.2962962962962963,0.1553398058252427,0.4995311767463666,0.14028839211209254,90.0,68.0,19.0,8.0,0.0,0.0,0.0,0.05263157894736842,0.037037037037037035,0.36062378167641324,0.05405405405405406,0.07407407407407407,0.37037037037037035,asset_tag,AST-4055,0.0
Sensor,severe,A,random_forest,test,ok,,f1,0.15,0.13513513513513514,True,True,True,185,0.13513513513513514,0.518918918918919,0.19230769230769232,0.8,0.31007751937984496,0.679625,0.21921645424539915,76.0,84.0,5.0,20.0,0.3,0.12,2.2199999999999998,0.2631578947368421,0.2,1.9473684210526314,0.2702702702702703,0.4,2.0,asset_tag,AST-4061,0.0
Sensor,severe,A,random_forest,test,ok,,f1,0.15,0.16216216216216217,True,True,True,185,0.16216216216216217,0.6216216216216216,0.21428571428571427,0.5,0.3,0.6456989247311828,0.22530398038417115,100.0,55.0,15.0,15.0,0.1,0.03333333333333333,0.6166666666666667,0.21052631578947367,0.13333333333333333,1.2982456140350875,0.21621621621621623,0.26666666666666666,1.3333333333333333,asset_tag,AST-5003,0.0
Sensor,severe,A,random_forest,test,ok,,f1,0.15,0.08108108108108109,True,True,True,185,0.08108108108108109,0.8486486486486486,0.06666666666666667,0.06666666666666667,0.06666666666666667,0.5533333333333333,0.15131850352629572,156.0,14.0,14.0,1.0,0.1,0.06666666666666667,1.2333333333333334,0.05263157894736842,0.06666666666666667,0.6491228070175438,0.05405405405405406,0.13333333333333333,0.6666666666666666,asset_tag,AST-5007,0.0
Sensor,severe,A,random_forest,test,ok,,top_10pct,0.27,0.11891891891891893,True,True,True,185,0.11891891891891893,0.8432432432432433,0.3157894736842105,0.2727272727272727,0.2926829268292683,0.7272727272727273,0.24844810994134603,150.0,13.0,16.0,6.0,0.2,0.09090909090909091,1.6818181818181819,0.3157894736842105,0.2727272727272727,2.655502392344497,0.2972972972972973,0.5,2.5,asset_tag,AST-1041,0.0
Sensor,severe,A,random_forest,test,ok,,top_10pct,0.27,0.11351351351351352,True,True,True,185,0.11351351351351352,0.827027027027027,0.23809523809523808,0.23809523809523808,0.23809523809523808,0.6718931475029036,0.23160407405706607,148.0,16.0,16.0,5.0,0.4,0.19047619047619047,3.5238095238095237,0.21052631578947367,0.19047619047619047,1.8546365914786966,0.16216216216216217,0.2857142857142857,1.4285714285714286,asset_tag,AST-1042,0.0
Sensor,severe,A,random_forest,test,ok,,top_10pct,0.27,0.1783783783783784,True,True,True,185,0.1783783783783784,0.6594594594594595,0.2222222222222222,0.36363636363636365,0.27586206896551724,0.6581937799043063,0.24126437443463386,110.0,42.0,21.0,12.0,0.2,0.06060606060606061,1.121212121212121,0.21052631578947367,0.12121212121212122,1.1802232854864432,0.21621621621621623,0.24242424242424243,1.2121212121212122,asset_tag,AST-2017,0.0
Sensor,severe,A,random_forest,test,ok,,top_10pct,0.27,0.15135135135135136,True,True,True,185,0.15135135135135136,0.8216216216216217,0.35294117647058826,0.21428571428571427,0.26666666666666666,0.6891492265696088,0.2517055072183122,146.0,11.0,22.0,6.0,0.1,0.03571428571428571,0.6607142857142857,0.3684210526315789,0.25,2.4342105263157894,0.24324324324324326,0.32142857142857145,1.6071428571428572,asset_tag,AST-2031,0.0
Sensor,severe,A,random_forest,test,ok,,top_10pct,0.27,0.12432432432432433,True,True,True,185,0.12432432432432433,0.8216216216216217,0.25,0.21739130434782608,0.23255813953488372,0.7024959742351047,0.24593234255201726,147.0,15.0,18.0,5.0,0.2,0.08695652173913043,1.608695652173913,0.2631578947368421,0.21739130434782608,2.116704805491991,0.21621621621621623,0.34782608695652173,1.7391304347826086,asset_tag,AST-3008,0.0
Sensor,severe,A,random_forest,test,ok,,top_10pct,0.27,0.12432432432432433,True,True,True,185,0.12432432432432433,0.8540540540540541,0.25,0.08695652173913043,0.12903225806451613,0.6763285024154589,0.20209637425200228,156.0,6.0,21.0,2.0,0.3,0.13043478260869565,2.413043478260869,0.21052631578947367,0.17391304347826086,1.6933638443935926,0.1891891891891892,0.30434782608695654,1.5217391304347827,asset_tag,AST-3019,0.0
Sensor,severe,A,random_forest,test,ok,,top_10pct,0.27,0.14594594594594595,True,True,True,185,0.14594594594594595,0.8162162162162162,0.0,0.0,0.0,0.4995311767463666,0.14028839211209254,151.0,7.0,27.0,0.0,0.0,0.0,0.0,0.05263157894736842,0.037037037037037035,0.36062378167641324,0.05405405405405406,0.07407407407407407,0.37037037037037035,asset_tag,AST-4055,0.0
Sensor,severe,A,random_forest,test,ok,,top_10pct,0.27,0.13513513513513514,True,True,True,185,0.13513513513513514,0.8,0.25,0.24,0.24489795918367346,0.679625,0.21921645424539915,142.0,18.0,19.0,6.0,0.3,0.12,2.2199999999999998,0.2631578947368421,0.2,1.9473684210526314,0.2702702702702703,0.4,2.0,asset_tag,AST-4061,0.0
Sensor,severe,A,random_forest,test,ok,,top_10pct,0.27,0.16216216216216217,True,True,True,185,0.16216216216216217,0.8108108108108109,0.14285714285714285,0.03333333333333333,0.05405405405405406,0.6456989247311828,0.22530398038417115,149.0,6.0,29.0,1.0,0.1,0.03333333333333333,0.6166666666666667,0.21052631578947367,0.13333333333333333,1.2982456140350875,0.21621621621621623,0.26666666666666666,1.3333333333333333,asset_tag,AST-5003,0.0
Sensor,severe,A,random_forest,test,ok,,top_10pct,0.27,0.08108108108108109,True,True,True,185,0.08108108108108109,0.9243243243243243,1.0,0.06666666666666667,0.125,0.5533333333333333,0.15131850352629572,170.0,0.0,14.0,1.0,0.1,0.06666666666666667,1.2333333333333334,0.05263157894736842,0.06666666666666667,0.6491228070175438,0.05405405405405406,0.13333333333333333,0.6666666666666666,asset_tag,AST-5007,0.0
Fastener,affected,C,logistic_regression,test,ok,,f1,0.5350529624983165,0.10270270270270271,True,True,True,185,0.10270270270270271,0.5513513513513514,0.15217391304347827,0.7368421052631579,0.25225225225225223,0.706721623335447,0.2361074370117806,88.0,78.0,5.0,14.0,0.3,0.15789473684210525,2.921052631578947,0.21052631578947367,0.21052631578947367,2.0498614958448753,0.21621621621621623,0.42105263157894735,2.1052631578947367,asset_tag,AST-1041,0.7502617871141486
Fastener,affected,C,logistic_regression,test,ok,,f1,0.5350529624983165,0.11351351351351352,True,True,True,185,0.11351351351351352,0.5891891891891892,0.1518987341772152,0.5714285714285714,0.24,0.6643437862950058,0.169937193266038,97.0,67.0,9.0,12.0,0.1,0.047619047619047616,0.8809523809523809,0.05263157894736842,0.047619047619047616,0.46365914786967416,0.1891891891891892,0.3333333333333333,1.6666666666666667,asset_tag,AST-1042,0.7502617871141486
Fastener,affected,C,logistic_regression,test,ok,,f1,0.5350529624983165,0.21621621621621623,True,True,True,185,0.21621621621621623,0.5567567567567567,0.3055555555555556,0.825,0.44594594594594594,0.6858620689655173,0.3252744035386099,70.0,75.0,7.0,33.0,0.3,0.075,1.3875,0.3157894736842105,0.15,1.4605263157894735,0.35135135135135137,0.325,1.625,asset_tag,AST-2017,0.7502617871141486
Fastener,affected,C,logistic_regression,test,ok,,f1,0.5350529624983165,0.12972972972972974,True,True,True,185,0.12972972972972974,0.5405405405405406,0.19801980198019803,0.8333333333333334,0.32,0.7326604554865426,0.30824422195952883,80.0,81.0,4.0,20.0,0.2,0.08333333333333333,1.5416666666666667,0.3684210526315789,0.2916666666666667,2.8399122807017543,0.2972972972972973,0.4583333333333333,2.2916666666666665,asset_tag,AST-2031,0.7502617871141486
Fastener,affected,C,logistic_regression,test,ok,,f1,0.5350529624983165,0.10270270270270271,True,True,True,185,0.10270270270270271,0.5459459459459459,0.11764705882352941,0.5263157894736842,0.19230769230769232,0.6192136968928345,0.1325365985585708,91.0,75.0,9.0,10.0,0.1,0.05263157894736842,0.9736842105263158,0.05263157894736842,0.05263157894736842,0.5124653739612188,0.10810810810810811,0.21052631578947367,1.0526315789473684,asset_tag,AST-3008,0.7502617871141486
Fastener,affected,C,logistic_regression,test,ok,,f1,0.5350529624983165,0.0972972972972973,True,True,True,185,0.0972972972972973,0.6810810810810811,0.15254237288135594,0.5,0.23376623376623376,0.698270126413839,0.16424915270348664,117.0,50.0,9.0,9.0,0.1,0.05555555555555555,1.0277777777777777,0.21052631578947367,0.2222222222222222,2.1637426900584793,0.1891891891891892,0.3888888888888889,1.9444444444444444,asset_tag,AST-3019,0.7502617871141486
Fastener,affected,C,logistic_regression,test,ok,,f1,0.5350529624983165,0.20540540540540542,True,True,True,185,0.20540540540540542,0.5459459459459459,0.25,0.6052631578947368,0.35384615384615387,0.642141066953097,0.2721268298218724,78.0,69.0,15.0,23.0,0.2,0.05263157894736842,0.9736842105263158,0.3157894736842105,0.15789473684210525,1.5373961218836563,0.2972972972972973,0.2894736842105263,1.4473684210526316,asset_tag,AST-4055,0.7502617871141486
Fastener,affected,C,logistic_regression,test,ok,,f1,0.5350529624983165,0.12972972972972974,True,True,True,185,0.12972972972972974,0.6486486486486487,0.1746031746031746,0.4583333333333333,0.25287356321839083,0.6653726708074534,0.21286376669589757,109.0,52.0,13.0,11.0,0.3,0.125,2.3125,0.3157894736842105,0.25,2.4342105263157894,0.1891891891891892,0.2916666666666667,1.4583333333333333,asset_tag,AST-4061,0.7502617871141486
Fastener,affected,C,logistic_regression,test,ok,,f1,0.5350529624983165,0.14054054054054055,True,True,True,185,0.14054054054054055,0.4972972972972973,0.18691588785046728,0.7692307692307693,0.3007518796992481,0.6134494436381229,0.2203180542454289,72.0,87.0,6.0,20.0,0.3,0.11538461538461539,2.1346153846153846,0.15789473684210525,0.11538461538461539,1.123481781376518,0.10810810810810811,0.15384615384615385,0.7692307692307693,asset_tag,AST-5003,0.7502617871141486
Fastener,affected,C,logistic_regression,test,ok,,f1,0.5350529624983165,0.1837837837837838,True,True,True,185,0.1837837837837838,0.6810810810810811,0.2641509433962264,0.4117647058823529,0.3218390804597701,0.6875730424620179,0.2775353582581035,112.0,39.0,20.0,14.0,0.3,0.08823529411764706,1.6323529411764703,0.2631578947368421,0.14705882352941177,1.4318885448916407,0.2972972972972973,0.3235294117647059,1.6176470588235294,asset_tag,AST-5007,0.7502617871141486
Fastener,affected,C,logistic_regression,test,ok,,top_10pct,0.7173709787847585,0.10270270270270271,True,True,True,185,0.10270270270270271,0.8648648648648649,0.25,0.15789473684210525,0.1935483870967742,0.706721623335447,0.2361074370117806,157.0,9.0,16.0,3.0,0.3,0.15789473684210525,2.921052631578947,0.21052631578947367,0.21052631578947367,2.0498614958448753,0.21621621621621623,0.42105263157894735,2.1052631578947367,asset_tag,AST-1041,0.7502617871141486
Fastener,affected,C,logistic_regression,test,ok,,top_10pct,0.7173709787847585,0.11351351351351352,True,True,True,185,0.11351351351351352,0.8540540540540541,0.125,0.047619047619047616,0.06896551724137931,0.6643437862950058,0.169937193266038,157.0,7.0,20.0,1.0,0.1,0.047619047619047616,0.8809523809523809,0.05263157894736842,0.047619047619047616,0.46365914786967416,0.1891891891891892,0.3333333333333333,1.6666666666666667,asset_tag,AST-1042,0.7502617871141486
Fastener,affected,C,logistic_regression,test,ok,,top_10pct,0.7173709787847585,0.21621621621621623,True,True,True,185,0.21621621621621623,0.7243243243243244,0.34285714285714286,0.3,0.32,0.6858620689655173,0.3252744035386099,122.0,23.0,28.0,12.0,0.3,0.075,1.3875,0.3157894736842105,0.15,1.4605263157894735,0.35135135135135137,0.325,1.625,asset_tag,AST-2017,0.7502617871141486
Fastener,affected,C,logistic_regression,test,ok,,top_10pct,0.7173709787847585,0.12972972972972974,True,True,True,185,0.12972972972972974,0.7945945945945946,0.3055555555555556,0.4583333333333333,0.36666666666666664,0.7326604554865426,0.30824422195952883,136.0,25.0,13.0,11.0,0.2,0.08333333333333333,1.5416666666666667,0.3684210526315789,0.2916666666666667,2.8399122807017543,0.2972972972972973,0.4583333333333333,2.2916666666666665,asset_tag,AST-2031,0.7502617871141486
Fastener,affected,C,logistic_regression,test,ok,,top_10pct,0.7173709787847585,0.10270270270270271,True,True,True,185,0.10270270270270271,0.8054054054054054,0.05263157894736842,0.05263157894736842,0.05263157894736842,0.6192136968928345,0.1325365985585708,148.0,18.0,18.0,1.0,0.1,0.05263157894736842,0.9736842105263158,0.05263157894736842,0.05263157894736842,0.5124653739612188,0.10810810810810811,0.21052631578947367,1.0526315789473684,asset_tag,AST-3008,0.7502617871141486
Fastener,affected,C,logistic_regression,test,ok,,top_10pct,0.7173709787847585,0.0972972972972973,True,True,True,185,0.0972972972972973,0.8594594594594595,0.16666666666666666,0.1111111111111111,0.13333333333333333,0.698270126413839,0.16424915270348664,157.0,10.0,16.0,2.0,0.1,0.05555555555555555,1.0277777777777777,0.21052631578947367,0.2222222222222222,2.1637426900584793,0.1891891891891892,0.3888888888888889,1.9444444444444444,asset_tag,AST-3019,0.7502617871141486
Fastener,affected,C,logistic_regression,test,ok,,top_10pct,0.7173709787847585,0.20540540540540542,True,True,True,185,0.20540540540540542,0.7567567567567568,0.29411764705882354,0.13157894736842105,0.18181818181818182,0.642141066953097,0.2721268298218724,135.0,12.0,33.0,5.0,0.2,0.05263157894736842,0.9736842105263158,0.3157894736842105,0.15789473684210525,1.5373961218836563,0.2972972972972973,0.2894736842105263,1.4473684210526316,asset_tag,AST-4055,0.7502617871141486
Fastener,affected,C,logistic_regression,test,ok,,top_10pct,0.7173709787847585,0.12972972972972974,True,True,True,185,0.12972972972972974,0.8432432432432433,0.2222222222222222,0.08333333333333333,0.12121212121212122,0.6653726708074534,0.21286376669589757,154.0,7.0,22.0,2.0,0.3,0.125,2.3125,0.3157894736842105,0.25,2.4342105263157894,0.1891891891891892,0.2916666666666667,1.4583333333333333,asset_tag,AST-4061,0.7502617871141486
Fastener,affected,C,logistic_regression,test,ok,,top_10pct,0.7173709787847585,0.14054054054054055,True,True,True,185,0.14054054054054055,0.6972972972972973,0.08333333333333333,0.11538461538461539,0.0967741935483871,0.6134494436381229,0.2203180542454289,126.0,33.0,23.0,3.0,0.3,0.11538461538461539,2.1346153846153846,0.15789473684210525,0.11538461538461539,1.123481781376518,0.10810810810810811,0.15384615384615385,0.7692307692307693,asset_tag,AST-5003,0.7502617871141486
Fastener,affected,C,logistic_regression,test,ok,,top_10pct,0.7173709787847585,0.1837837837837838,True,True,True,185,0.1837837837837838,0.8054054054054054,0.375,0.08823529411764706,0.14285714285714285,0.6875730424620179,0.2775353582581035,146.0,5.0,31.0,3.0,0.3,0.08823529411764706,1.6323529411764703,0.2631578947368421,0.14705882352941177,1.4318885448916407,0.2972972972972973,0.3235294117647059,1.6176470588235294,asset_tag,AST-5007,0.7502617871141486
Fastener,severe,B,random_forest,test,ok,,f1,0.08,0.005405405405405406,True,True,True,185,0.005405405405405406,0.9945945945945946,0.0,0.0,0.0,0.7608695652173912,0.014925373134328358,184.0,0.0,1.0,0.0,0.0,0.0,0.0,0.0,0.0,0.0,0.0,0.0,0.0,asset_tag,AST-1041,0.021465844775789947
Fastener,severe,B,random_forest,test,ok,,f1,0.08,0.016216216216216217,True,True,True,185,0.016216216216216217,0.9783783783783784,0.0,0.0,0.0,0.39743589743589747,0.014826875067838925,181.0,1.0,3.0,0.0,0.0,0.0,0.0,0.0,0.0,0.0,0.0,0.0,0.0,asset_tag,AST-1042,0.021465844775789947
Fastener,severe,B,random_forest,test,ok,,f1,0.08,0.016216216216216217,True,True,True,185,0.016216216216216217,0.9783783783783784,0.0,0.0,0.0,0.5741758241758241,0.020403720201495733,181.0,1.0,3.0,0.0,0.0,0.0,0.0,0.0,0.0,0.0,0.0,0.0,0.0,asset_tag,AST-2017,0.021465844775789947
Fastener,severe,B,random_forest,test,ok,,f1,0.08,0.010810810810810811,True,True,True,185,0.010810810810810811,0.9891891891891892,0.0,0.0,0.0,0.773224043715847,0.025793650793650792,183.0,0.0,2.0,0.0,0.0,0.0,0.0,0.0,0.0,0.0,0.02702702702702703,0.5,2.5,asset_tag,AST-2031,0.021465844775789947
Fastener,severe,B,random_forest,test,ok,,f1,0.08,0.005405405405405406,True,True,True,185,0.005405405405405406,0.9891891891891892,0.0,0.0,0.0,0.951086956521739,0.07692307692307693,183.0,1.0,1.0,0.0,0.0,0.0,0.0,0.05263157894736842,1.0,9.736842105263158,0.02702702702702703,1.0,5.0,asset_tag,AST-3008,0.021465844775789947
Fastener,severe,B,random_forest,test,ok,,f1,0.08,0.005405405405405406,True,True,True,185,0.005405405405405406,0.9945945945945946,0.0,0.0,0.0,0.6222826086956521,0.010309278350515464,184.0,0.0,1.0,0.0,0.0,0.0,0.0,0.0,0.0,0.0,0.0,0.0,0.0,asset_tag,AST-3019,0.021465844775789947
Fastener,severe,B,random_forest,test,ok,,f1,0.08,0.010810810810810811,True,True,True,185,0.010810810810810811,0.9783783783783784,0.25,0.5,0.3333333333333333,0.8702185792349727,0.1419491525423729,180.0,3.0,1.0,1.0,0.1,0.5,9.25,0.05263157894736842,0.5,4.868421052631579,0.02702702702702703,0.5,2.5,asset_tag,AST-4055,0.021465844775789947
Fastener,severe,B,random_forest,test,ok,,f1,0.08,0.021621621621621623,True,True,True,185,0.021621621621621623,0.9783783783783784,0.0,0.0,0.0,0.4033149171270718,0.021621621621621623,181.0,0.0,4.0,0.0,0.0,0.0,0.0,0.0,0.0,0.0,0.0,0.0,0.0,asset_tag,AST-4061,0.021465844775789947
Fastener,severe,B,random_forest,test,ok,,f1,0.08,0.005405405405405406,True,True,True,185,0.005405405405405406,0.9567567567567568,0.0,0.0,0.0,0.2173913043478261,0.005405405405405406,177.0,7.0,1.0,0.0,0.0,0.0,0.0,0.0,0.0,0.0,0.0,0.0,0.0,asset_tag,AST-5003,0.021465844775789947
Fastener,severe,B,random_forest,test,ok,,f1,0.08,0.005405405405405406,True,True,True,185,0.005405405405405406,0.9837837837837838,0.0,0.0,0.0,0.967391304347826,0.1111111111111111,182.0,2.0,1.0,0.0,0.1,1.0,18.5,0.05263157894736842,1.0,9.736842105263158,0.02702702702702703,1.0,5.0,asset_tag,AST-5007,0.021465844775789947
Fastener,severe,B,random_forest,test,ok,,top_10pct,0.03,0.005405405405405406,True,True,True,185,0.005405405405405406,0.9675675675675676,0.0,0.0,0.0,0.7608695652173912,0.014925373134328358,179.0,5.0,1.0,0.0,0.0,0.0,0.0,0.0,0.0,0.0,0.0,0.0,0.0,asset_tag,AST-1041,0.021465844775789947
Fastener,severe,B,random_forest,test,ok,,top_10pct,0.03,0.016216216216216217,True,True,True,185,0.016216216216216217,0.8594594594594595,0.0,0.0,0.0,0.39743589743589747,0.014826875067838925,159.0,23.0,3.0,0.0,0.0,0.0,0.0,0.0,0.0,0.0,0.0,0.0,0.0,asset_tag,AST-1042,0.021465844775789947
Fastener,severe,B,random_forest,test,ok,,top_10pct,0.03,0.016216216216216217,True,True,True,185,0.016216216216216217,0.8810810810810811,0.0,0.0,0.0,0.5741758241758241,0.020403720201495733,163.0,19.0,3.0,0.0,0.0,0.0,0.0,0.0,0.0,0.0,0.0,0.0,0.0,asset_tag,AST-2017,0.021465844775789947
Fastener,severe,B,random_forest,test,ok,,top_10pct,0.03,0.010810810810810811,True,True,True,185,0.010810810810810811,0.9135135135135135,0.0,0.0,0.0,0.773224043715847,0.025793650793650792,169.0,14.0,2.0,0.0,0.0,0.0,0.0,0.0,0.0,0.0,0.02702702702702703,0.5,2.5,asset_tag,AST-2031,0.021465844775789947
Fastener,severe,B,random_forest,test,ok,,top_10pct,0.03,0.005405405405405406,True,True,True,185,0.005405405405405406,0.8864864864864865,0.045454545454545456,1.0,0.08695652173913043,0.951086956521739,0.07692307692307693,163.0,21.0,0.0,1.0,0.0,0.0,0.0,0.05263157894736842,1.0,9.736842105263158,0.02702702702702703,1.0,5.0,asset_tag,AST-3008,0.021465844775789947
Fastener,severe,B,random_forest,test,ok,,top_10pct,0.03,0.005405405405405406,True,True,True,185,0.005405405405405406,0.9027027027027027,0.0,0.0,0.0,0.6222826086956521,0.010309278350515464,167.0,17.0,1.0,0.0,0.0,0.0,0.0,0.0,0.0,0.0,0.0,0.0,0.0,asset_tag,AST-3019,0.021465844775789947
Fastener,severe,B,random_forest,test,ok,,top_10pct,0.03,0.010810810810810811,True,True,True,185,0.010810810810810811,0.8054054054054054,0.027777777777777776,0.5,0.05263157894736842,0.8702185792349727,0.1419491525423729,148.0,35.0,1.0,1.0,0.1,0.5,9.25,0.05263157894736842,0.5,4.868421052631579,0.02702702702702703,0.5,2.5,asset_tag,AST-4055,0.021465844775789947
Fastener,severe,B,random_forest,test,ok,,top_10pct,0.03,0.021621621621621623,True,True,True,185,0.021621621621621623,0.9675675675675676,0.0,0.0,0.0,0.4033149171270718,0.021621621621621623,179.0,2.0,4.0,0.0,0.0,0.0,0.0,0.0,0.0,0.0,0.0,0.0,0.0,asset_tag,AST-4061,0.021465844775789947
Fastener,severe,B,random_forest,test,ok,,top_10pct,0.03,0.005405405405405406,True,True,True,185,0.005405405405405406,0.7621621621621621,0.0,0.0,0.0,0.2173913043478261,0.005405405405405406,141.0,43.0,1.0,0.0,0.0,0.0,0.0,0.0,0.0,0.0,0.0,0.0,0.0,asset_tag,AST-5003,0.021465844775789947
Fastener,severe,B,random_forest,test,ok,,top_10pct,0.03,0.005405405405405406,True,True,True,185,0.005405405405405406,0.8918918918918919,0.047619047619047616,1.0,0.09090909090909091,0.967391304347826,0.1111111111111111,164.0,20.0,0.0,1.0,0.1,1.0,18.5,0.05263157894736842,1.0,9.736842105263158,0.02702702702702703,1.0,5.0,asset_tag,AST-5007,0.021465844775789947
