period,analysis_method,part_no,part_family,sensor,sensor_group,z_threshold,case_assets,clean_rows,isolated_rows,clean_anomaly_rate,isolated_anomaly_rate,anomaly_rate_diff_pp,ci_low_pp,ci_high_pp,median_abs_z_clean,median_abs_z_isolated,cliffs_delta,candidate_status,direction_status
overall,direct_robust_z,MRO-10045,Bearing,temp_bearing_degC,health,2.0,10,3574,95,0.0714402343829109,0.03214285714285714,-3.9297377240053764,-8.14903021930254,3.5194670303195523,0.6866362192989783,0.9194734554879977,0.1727118082208116,관계 미약,방향 일치
overall,direct_robust_z,MRO-10045,Bearing,temp_bearing_degC,health,3.0,10,3574,95,0.011722711280041171,0.0,-1.1722711280041171,-2.058416224824328,-0.49989715225095177,0.6866362192989783,0.9194734554879977,0.1727118082208116,관계 미약,방향 일치
overall,direct_robust_z,MRO-10045,Bearing,temp_motor_degC,health,2.0,10,3574,95,0.06445701173954635,0.09238095238095238,2.7923940641406033,-5.02763611714428,18.739859383184086,0.657312552552236,0.8166410261580775,0.13308665344142084,관계 미약,방향 일치
overall,direct_robust_z,MRO-10045,Bearing,temp_motor_degC,health,3.0,10,3574,95,0.016128419289326935,0.0,-1.6128419289326936,-2.313195539809496,-0.9809772141482301,0.657312552552236,0.8166410261580775,0.13308665344142084,관계 미약,방향 일치
overall,direct_robust_z,MRO-10045,Bearing,vibration_h_mms,health,2.0,10,3574,95,0.12733648560436595,0.17563492063492064,4.82984350305547,-6.572284182192978,21.75864029900282,0.8642596501966946,1.0103144039814267,0.08200656077802565,방향 불일치,방향 불일치
overall,direct_robust_z,MRO-10045,Bearing,vibration_h_mms,health,3.0,10,3574,95,0.05552129158570238,0.017777777777777774,-3.774351380792461,-6.3125825575934345,1.162772832427078,0.8642596501966946,1.0103144039814267,0.08200656077802565,관계 미약,방향 일치
overall,direct_robust_z,MRO-10045,Bearing,vibration_v_mms,health,2.0,10,3574,95,0.10395697977058767,0.13515873015873017,3.1201750388142506,-6.621289209332138,15.368760779720679,0.7921580971135541,0.8671267814291619,0.06743441950217342,방향 불일치,방향 불일치
overall,direct_robust_z,MRO-10045,Bearing,vibration_v_mms,health,3.0,10,3574,95,0.044709521282036715,0.015873015873015872,-2.8836505409020843,-5.2781736793548015,2.557845841322668,0.7921580971135541,0.8671267814291619,0.06743441950217342,관계 미약,방향 일치
overall,direct_robust_z,MRO-10045,Bearing,oil_pressure_bar,health,2.0,10,3574,95,0.04643952153745331,0.04833333333333333,0.18938117958800238,-5.491682075043143,11.735668850193257,0.6727874999829664,0.7925356069086498,0.15575110092330094,방향 불일치,방향 불일치
overall,direct_robust_z,MRO-10045,Bearing,oil_pressure_bar,health,3.0,10,3574,95,0.003067186442195011,0.0,-0.3067186442195011,-0.6849902438954167,-0.05128205128205128,0.6727874999829664,0.7925356069086498,0.15575110092330094,관계 미약,방향 일치
overall,direct_robust_z,MRO-10045,Bearing,load_pct,operating_context,2.0,10,3574,95,0.11471315121972783,0.726031746031746,61.13185948120182,40.65503834520942,78.80996722437365,0.677416340336607,2.804977255706201,0.8085641472800397,강한 후보,방향 일치
overall,direct_robust_z,MRO-10045,Bearing,load_pct,operating_context,3.0,10,3574,95,0.04993095293075798,0.456111111111111,40.6180158180353,18.393759732783252,64.98848559153147,0.677416340336607,2.804977255706201,0.8085641472800397,강한 후보,방향 일치
overall,direct_robust_z,MRO-10045,Bearing,shaft_rpm,operating_context,2.0,10,3574,95,0.0825889239007575,0.6865873015873015,60.39983776865441,37.37682035746049,79.8162201464001,0.6713176796984885,2.832183729101912,0.7964555014919433,강한 후보,방향 일치
overall,direct_robust_z,MRO-10045,Bearing,shaft_rpm,operating_context,3.0,10,3574,95,0.044094923355873596,0.4111904761904762,36.70955528346026,14.704546890138353,61.37088599637309,0.6713176796984885,2.832183729101912,0.7964555014919433,강한 후보,방향 일치
overall,direct_robust_z,MRO-10045,Bearing,power_consumption_kw,operating_context,2.0,10,3574,95,0.08590673047493483,0.5392063492063492,45.32996187314144,24.165429789576276,66.6245493737486,0.6896426483383158,2.1641572210040003,0.6494039832640932,강한 후보,방향 일치
overall,direct_robust_z,MRO-10045,Bearing,power_consumption_kw,operating_context,3.0,10,3574,95,0.021972867718785108,0.17214285714285715,15.016998942407206,0.595710803730792,32.57994145002876,0.6896426483383158,2.1641572210040003,0.6494039832640932,강한 후보,방향 일치
overall,direct_robust_z,MRO-10046,Bearing,temp_bearing_degC,health,2.0,10,3574,91,0.0714402343829109,0.09161838161838162,2.017814723547072,-6.432351534337461,15.442170340051835,0.6866362192989783,0.827987010690239,0.10142193716595412,방향 불일치,방향 불일치
overall,direct_robust_z,MRO-10046,Bearing,temp_bearing_degC,health,3.0,10,3574,91,0.011722711280041171,0.0,-1.1722711280041171,-2.1362893919124533,-0.42363079302755974,0.6866362192989783,0.827987010690239,0.10142193716595412,관계 미약,방향 일치
overall,direct_robust_z,MRO-10046,Bearing,temp_motor_degC,health,2.0,10,3574,91,0.06445701173954635,0.05876123876123877,-0.5695772978307583,-6.183191313556957,9.711169775073971,0.657312552552236,0.8151830424955161,0.13769877388781446,방향 불일치,방향 불일치
overall,direct_robust_z,MRO-10046,Bearing,temp_motor_degC,health,3.0,10,3574,91,0.016128419289326935,0.007692307692307693,-0.8436111597019242,-2.25198394408109,2.99916246362728,0.657312552552236,0.8151830424955161,0.13769877388781446,관계 미약,방향 일치
overall,direct_robust_z,MRO-10046,Bearing,vibration_h_mms,health,2.0,10,3574,91,0.12733648560436595,0.2003735153735154,7.303702976914944,-5.925392279226183,25.519531968782054,0.8642596501966946,0.9377195003904555,-0.00222342696573932,방향 불일치,방향 불일치
overall,direct_robust_z,MRO-10046,Bearing,vibration_h_mms,health,3.0,10,3574,91,0.05552129158570238,0.05289432789432789,-0.26269636913744954,-5.833135300968946,9.202072592367754,0.8642596501966946,0.9377195003904555,-0.00222342696573932,방향 불일치,방향 불일치
overall,direct_robust_z,MRO-10046,Bearing,vibration_v_mms,health,2.0,10,3574,91,0.10395697977058767,0.14852425352425352,4.456727375366586,-5.931981603888557,17.544351756655495,0.7921580971135541,0.7449079448042986,0.003994128302859512,방향 불일치,방향 불일치
overall,direct_robust_z,MRO-10046,Bearing,vibration_v_mms,health,3.0,10,3574,91,0.044709521282036715,0.03547008547008547,-0.9239435811951247,-4.9442600592573624,5.699626828735481,0.7921580971135541,0.7449079448042986,0.003994128302859512,관계 미약,방향 일치
overall,direct_robust_z,MRO-10046,Bearing,oil_pressure_bar,health,2.0,10,3574,91,0.04643952153745331,0.056426073926073926,0.9986552388620618,-4.940222059676559,10.241959970498758,0.6727874999829664,0.8323452635365578,0.09834104029570959,방향 불일치,방향 불일치
overall,direct_robust_z,MRO-10046,Bearing,oil_pressure_bar,health,3.0,10,3574,91,0.003067186442195011,0.007142857142857143,0.4075670700662132,-0.6156539101642665,3.964958799252245,0.6727874999829664,0.8323452635365578,0.09834104029570959,방향 불일치,방향 불일치
overall,direct_robust_z,MRO-10046,Bearing,load_pct,operating_context,2.0,10,3574,91,0.11471315121972783,0.6718950493950494,55.71818981753216,33.96519349503919,73.82857915351957,0.677416340336607,2.5502078772317454,0.706419878318639,강한 후보,방향 일치
overall,direct_robust_z,MRO-10046,Bearing,load_pct,operating_context,3.0,10,3574,91,0.04993095293075798,0.36272366522366517,31.279271229290718,9.660216068979404,53.27443953194823,0.677416340336607,2.5502078772317454,0.706419878318639,강한 후보,방향 일치
overall,direct_robust_z,MRO-10046,Bearing,shaft_rpm,operating_context,2.0,10,3574,91,0.0825889239007575,0.6462923187923187,56.37033948915613,36.57898912821673,76.67702448034834,0.6713176796984885,2.8980227160371204,0.7256137864622535,강한 후보,방향 일치
overall,direct_robust_z,MRO-10046,Bearing,shaft_rpm,operating_context,3.0,10,3574,91,0.044094923355873596,0.4114072039072039,36.73122805513303,14.420538852399796,59.75809584907126,0.6713176796984885,2.8980227160371204,0.7256137864622535,강한 후보,방향 일치
overall,direct_robust_z,MRO-10046,Bearing,power_consumption_kw,operating_context,2.0,10,3574,91,0.08590673047493483,0.4783494283494284,39.24426978744936,18.56630803864883,58.932048081601344,0.6896426483383158,2.0605082640978782,0.5875132338394309,강한 후보,방향 일치
overall,direct_robust_z,MRO-10046,Bearing,power_consumption_kw,operating_context,3.0,10,3574,91,0.021972867718785108,0.2817171717171717,25.97443039983866,6.919837330711674,51.040627296136414,0.6896426483383158,2.0605082640978782,0.5875132338394309,강한 후보,방향 일치
overall,direct_robust_z,MRO-10047,Bearing,temp_bearing_degC,health,2.0,10,3574,72,0.0714402343829109,0.0665079365079365,-0.49322978749744006,-7.331648922452768,10.657570469320431,0.6866362192989783,0.9977407711281933,0.189380074672351,방향 불일치,방향 불일치
overall,direct_robust_z,MRO-10047,Bearing,temp_bearing_degC,health,3.0,10,3574,72,0.011722711280041171,0.0,-1.1722711280041171,-2.099894248872869,-0.4990502971103037,0.6866362192989783,0.9977407711281933,0.189380074672351,관계 미약,방향 일치
overall,direct_robust_z,MRO-10047,Bearing,temp_motor_degC,health,2.0,10,3574,72,0.06445701173954635,0.08984126984126983,2.5384258101723485,-6.391105043021779,16.76155916302681,0.657312552552236,0.793124388430189,0.1389511741580025,방향 불일치,방향 불일치
overall,direct_robust_z,MRO-10047,Bearing,temp_motor_degC,health,3.0,10,3574,72,0.016128419289326935,0.03111111111111111,1.4982691821784175,-2.0630739075749944,10.181635071256197,0.657312552552236,0.793124388430189,0.1389511741580025,방향 불일치,방향 불일치
overall,direct_robust_z,MRO-10047,Bearing,vibration_h_mms,health,2.0,10,3574,72,0.12733648560436595,0.11257936507936508,-1.4757120525000862,-11.609184296425259,12.50292556420853,0.8642596501966946,0.8788515809062638,-0.02888110573501377,방향 불일치,방향 불일치
overall,direct_robust_z,MRO-10047,Bearing,vibration_h_mms,health,3.0,10,3574,72,0.05552129158570238,0.0,-5.552129158570239,-6.822153993095673,-4.2922013764832565,0.8642596501966946,0.8788515809062638,-0.02888110573501377,역방향,방향 일치
overall,direct_robust_z,MRO-10047,Bearing,vibration_v_mms,health,2.0,10,3574,72,0.10395697977058767,0.025,-7.895697977058766,-11.863336017189505,0.18346574554864598,0.7921580971135541,0.8389198216814664,-0.003989388483210893,역방향,방향 일치
overall,direct_robust_z,MRO-10047,Bearing,vibration_v_mms,health,3.0,10,3574,72,0.044709521282036715,0.0,-4.470952128203671,-5.607446778444677,-3.4741814746422253,0.7921580971135541,0.8389198216814664,-0.003989388483210893,관계 미약,방향 일치
overall,direct_robust_z,MRO-10047,Bearing,oil_pressure_bar,health,2.0,10,3574,72,0.04643952153745331,0.042222222222222223,-0.4217299315231085,-5.169489728238938,8.338943098351505,0.6727874999829664,0.6519431895904251,-0.026846738936873414,방향 불일치,방향 불일치
overall,direct_robust_z,MRO-10047,Bearing,oil_pressure_bar,health,3.0,10,3574,72,0.003067186442195011,0.0,-0.3067186442195011,-0.7096620386897095,-0.05714285714285715,0.6727874999829664,0.6519431895904251,-0.026846738936873414,관계 미약,방향 일치
overall,direct_robust_z,MRO-10047,Bearing,load_pct,operating_context,2.0,10,3574,72,0.11471315121972783,0.7628174603174602,64.81043090977325,44.77941573960632,81.40301147327399,0.677416340336607,2.886877408001366,0.8352980190738061,강한 후보,방향 일치
overall,direct_robust_z,MRO-10047,Bearing,load_pct,operating_context,3.0,10,3574,72,0.04993095293075798,0.5365079365079365,48.65769835771785,25.35000535479584,72.63957829452397,0.677416340336607,2.886877408001366,0.8352980190738061,강한 후보,방향 일치
overall,direct_robust_z,MRO-10047,Bearing,shaft_rpm,operating_context,2.0,10,3574,72,0.0825889239007575,0.6727777777777778,59.018885387702035,35.811038000717105,78.72883553938952,0.6713176796984885,2.8059752521442816,0.809867458686738,강한 후보,방향 일치
overall,direct_robust_z,MRO-10047,Bearing,shaft_rpm,operating_context,3.0,10,3574,72,0.044094923355873596,0.3836904761904762,33.959555283460254,11.537944812240873,56.50817984864309,0.6713176796984885,2.8059752521442816,0.809867458686738,강한 후보,방향 일치
overall,direct_robust_z,MRO-10047,Bearing,power_consumption_kw,operating_context,2.0,10,3574,72,0.08590673047493483,0.559404761904762,47.349803142982715,25.222218989226324,69.18068810269118,0.6896426483383158,2.0790209589360122,0.6953878765238835,강한 후보,방향 일치
overall,direct_robust_z,MRO-10047,Bearing,power_consumption_kw,operating_context,3.0,10,3574,72,0.021972867718785108,0.24500000000000002,22.30271322812149,5.270636069472841,43.48828021785758,0.6896426483383158,2.0790209589360122,0.6953878765238835,강한 후보,방향 일치
overall,direct_robust_z,MRO-20031,Seal & Gasket,temp_bearing_degC,health,2.0,10,3574,78,0.0714402343829109,0.11361111111111111,4.21708767282002,-6.046092705123796,20.52647245085839,0.6866362192989783,0.9156300498368484,0.15529895771907792,방향 불일치,방향 불일치
overall,direct_robust_z,MRO-20031,Seal & Gasket,temp_bearing_degC,health,3.0,10,3574,78,0.011722711280041171,0.0,-1.1722711280041171,-2.0943630008387637,-0.5118224207722747,0.6866362192989783,0.9156300498368484,0.15529895771907792,관계 미약,방향 일치
overall,direct_robust_z,MRO-20031,Seal & Gasket,temp_motor_degC,health,2.0,10,3574,78,0.06445701173954635,0.0636111111111111,-0.0845900628435245,-6.7184087569240845,10.746212475825434,0.657312552552236,0.9121378894987415,0.17442150594513003,방향 불일치,방향 불일치
overall,direct_robust_z,MRO-20031,Seal & Gasket,temp_motor_degC,health,3.0,10,3574,78,0.016128419289326935,0.01111111111111111,-0.5017308178215826,-2.2678144699201135,5.201879190479163,0.657312552552236,0.9121378894987415,0.17442150594513003,방향 불일치,방향 불일치
overall,direct_robust_z,MRO-20031,Seal & Gasket,vibration_h_mms,health,2.0,10,3574,78,0.12733648560436595,0.2136111111111111,8.627462550674517,-5.075367671267935,27.013014876384524,0.8642596501966946,1.189890964309953,0.1615096645476847,약한 후보,방향 일치
overall,direct_robust_z,MRO-20031,Seal & Gasket,vibration_h_mms,health,3.0,10,3574,78,0.05552129158570238,0.03611111111111111,-1.9410180474591274,-6.380183077605568,5.910664538483252,0.8642596501966946,1.189890964309953,0.1615096645476847,방향 불일치,방향 불일치
overall,direct_robust_z,MRO-20031,Seal & Gasket,vibration_v_mms,health,2.0,10,3574,78,0.10395697977058767,0.1313888888888889,2.743190911830122,-7.795636788552356,18.577061573138327,0.7921580971135541,0.9550212949475819,0.11719471484836541,방향 불일치,방향 불일치
overall,direct_robust_z,MRO-20031,Seal & Gasket,vibration_v_mms,health,3.0,10,3574,78,0.044709521282036715,0.061111111111111116,1.64015898290744,-4.82141623486044,13.081903803693509,0.7921580971135541,0.9550212949475819,0.11719471484836541,방향 불일치,방향 불일치
overall,direct_robust_z,MRO-20031,Seal & Gasket,oil_pressure_bar,health,2.0,10,3574,78,0.04643952153745331,0.024444444444444442,-2.1995077093008866,-5.2333726514703445,4.15060894528621,0.6727874999829664,0.7883115233644535,0.14229940836133365,관계 미약,방향 일치
overall,direct_robust_z,MRO-20031,Seal & Gasket,oil_pressure_bar,health,3.0,10,3574,78,0.003067186442195011,0.0,-0.3067186442195011,-0.7288152466301887,-0.05128205128205128,0.6727874999829664,0.7883115233644535,0.14229940836133365,관계 미약,방향 일치
overall,direct_robust_z,MRO-20031,Seal & Gasket,load_pct,operating_context,2.0,10,3574,78,0.11471315121972783,0.793611111111111,67.88979598913832,47.47290792206604,83.75908706299911,0.677416340336607,2.8446562337193657,0.7917470353037397,강한 후보,방향 일치
overall,direct_robust_z,MRO-20031,Seal & Gasket,load_pct,operating_context,3.0,10,3574,78,0.04993095293075798,0.3833333333333333,33.34023804025753,11.62584855911256,56.7666216459689,0.677416340336607,2.8446562337193657,0.7917470353037397,강한 후보,방향 일치
overall,direct_robust_z,MRO-20031,Seal & Gasket,shaft_rpm,operating_context,2.0,10,3574,78,0.0825889239007575,0.7652777777777777,68.26888538770201,50.426172441389575,83.63018561358646,0.6713176796984885,2.970985619194506,0.7899087926253332,강한 후보,방향 일치
overall,direct_robust_z,MRO-20031,Seal & Gasket,shaft_rpm,operating_context,3.0,10,3574,78,0.044094923355873596,0.3944444444444445,35.034952108857084,14.285036896844131,57.5249838304234,0.6713176796984885,2.970985619194506,0.7899087926253332,강한 후보,방향 일치
overall,direct_robust_z,MRO-20031,Seal & Gasket,power_consumption_kw,operating_context,2.0,10,3574,78,0.08590673047493483,0.6141666666666666,52.82599361917318,31.889791705960715,74.38075656821601,0.6896426483383158,2.187357423277168,0.6611979882211196,강한 후보,방향 일치
overall,direct_robust_z,MRO-20031,Seal & Gasket,power_consumption_kw,operating_context,3.0,10,3574,78,0.021972867718785108,0.23472222222222222,21.274935450343712,2.9764764689977388,44.78287044745681,0.6896426483383158,2.187357423277168,0.6611979882211196,강한 후보,방향 일치
overall,direct_robust_z,MRO-20032,Seal & Gasket,temp_bearing_degC,health,2.0,10,3574,37,0.0714402343829109,0.025,-4.64402343829109,-9.314918665951717,4.999380380822556,0.6866362192989783,0.9094670565310634,0.1330365928365734,방향 불일치,방향 불일치
overall,direct_robust_z,MRO-20032,Seal & Gasket,temp_bearing_degC,health,3.0,10,3574,37,0.011722711280041171,0.025,1.327728871995883,-1.9320625521203316,13.807238491104464,0.6866362192989783,0.9094670565310634,0.1330365928365734,방향 불일치,방향 불일치
overall,direct_robust_z,MRO-20032,Seal & Gasket,temp_motor_degC,health,2.0,10,3574,37,0.06445701173954635,0.045,-1.945701173954635,-7.576616018992679,10.667824397235837,0.657312552552236,0.7030276522155564,-0.00939042712135335,방향 불일치,방향 불일치
overall,direct_robust_z,MRO-20032,Seal & Gasket,temp_motor_degC,health,3.0,10,3574,37,0.016128419289326935,0.025,0.8871580710673066,-2.2422659456096197,13.023390092574283,0.657312552552236,0.7030276522155564,-0.00939042712135335,방향 불일치,방향 불일치
overall,direct_robust_z,MRO-20032,Seal & Gasket,vibration_h_mms,health,2.0,10,3574,37,0.12733648560436595,0.10500000000000001,-2.2336485604365937,-13.157815858199895,17.176600397606222,0.8642596501966946,0.82231718752362,-0.0904775809207405,방향 불일치,방향 불일치
overall,direct_robust_z,MRO-20032,Seal & Gasket,vibration_h_mms,health,3.0,10,3574,37,0.05552129158570238,0.025,-3.052129158570238,-6.858471327824072,9.106443727878723,0.8642596501966946,0.82231718752362,-0.0904775809207405,관계 미약,방향 일치
overall,direct_robust_z,MRO-20032,Seal & Gasket,vibration_v_mms,health,2.0,10,3574,37,0.10395697977058767,0.025,-7.895697977058766,-12.064298887105354,3.1683232264042003,0.7921580971135541,0.5458477403733116,-0.3209244702577084,역방향,방향 일치
overall,direct_robust_z,MRO-20032,Seal & Gasket,vibration_v_mms,health,3.0,10,3574,37,0.044709521282036715,0.025,-1.9709521282036715,-5.560969232411106,9.528332336933154,0.7921580971135541,0.5458477403733116,-0.3209244702577084,관계 미약,방향 일치
overall,direct_robust_z,MRO-20032,Seal & Gasket,oil_pressure_bar,health,2.0,10,3574,37,0.04643952153745331,0.10500000000000001,5.85604784625467,-5.06375513434385,25.511542780556244,0.6727874999829664,0.9953328538388918,0.29347093594042895,방향 불일치,방향 불일치
overall,direct_robust_z,MRO-20032,Seal & Gasket,oil_pressure_bar,health,3.0,10,3574,37,0.003067186442195011,0.0,-0.3067186442195011,-0.7056155485125982,-0.05602240896358543,0.6727874999829664,0.9953328538388918,0.29347093594042895,관계 미약,방향 일치
overall,direct_robust_z,MRO-20032,Seal & Gasket,load_pct,operating_context,2.0,10,3574,37,0.11471315121972783,0.6799999999999999,56.528684878027214,32.219031288466205,79.50134326358132,0.677416340336607,2.952228642520339,0.8298632932962351,강한 후보,방향 일치
overall,direct_robust_z,MRO-20032,Seal & Gasket,load_pct,operating_context,3.0,10,3574,37,0.04993095293075798,0.39666666666666667,34.67357137359087,9.984632512872063,62.005483401028044,0.677416340336607,2.952228642520339,0.8298632932962351,강한 후보,방향 일치
overall,direct_robust_z,MRO-20032,Seal & Gasket,shaft_rpm,operating_context,2.0,10,3574,37,0.0825889239007575,0.7649999999999999,68.24110760992423,44.25020526218017,87.73855900265104,0.6713176796984885,3.0592746756755798,0.779547833535868,강한 후보,방향 일치
overall,direct_robust_z,MRO-20032,Seal & Gasket,shaft_rpm,operating_context,3.0,10,3574,37,0.044094923355873596,0.485,44.090507664412634,17.60280165810649,72.21377490881486,0.6713176796984885,3.0592746756755798,0.779547833535868,강한 후보,방향 일치
overall,direct_robust_z,MRO-20032,Seal & Gasket,power_consumption_kw,operating_context,2.0,10,3574,37,0.08590673047493483,0.4383333333333333,35.24266028583985,8.309873970059408,64.67119318511111,0.6896426483383158,2.3110929514286402,0.7282334751838158,방향 불일치,방향 불일치
overall,direct_robust_z,MRO-20032,Seal & Gasket,power_consumption_kw,operating_context,3.0,10,3574,37,0.021972867718785108,0.26666666666666666,24.46937989478816,1.3241446672057884,55.88282155446364,0.6896426483383158,2.3110929514286402,0.7282334751838158,방향 불일치,방향 불일치
overall,direct_robust_z,MRO-20033,Seal & Gasket,temp_bearing_degC,health,2.0,10,3574,69,0.0714402343829109,0.1038095238095238,3.2369289426612893,-6.264319909063709,19.80359643062873,0.6866362192989783,1.0086365495808576,0.15440177491528095,방향 불일치,방향 불일치
overall,direct_robust_z,MRO-20033,Seal & Gasket,temp_bearing_degC,health,3.0,10,3574,69,0.011722711280041171,0.014285714285714285,0.2563003005673114,-1.862971768165645,6.943007143194526,0.6866362192989783,1.0086365495808576,0.15440177491528095,방향 불일치,방향 불일치
overall,direct_robust_z,MRO-20033,Seal & Gasket,temp_motor_degC,health,2.0,10,3574,69,0.06445701173954635,0.07539682539682539,1.0939813657279043,-6.4670993629981455,15.361837779366281,0.657312552552236,0.8004018635759224,0.10811976483180999,방향 불일치,방향 불일치
overall,direct_robust_z,MRO-20033,Seal & Gasket,temp_motor_degC,health,3.0,10,3574,69,0.016128419289326935,0.0,-1.6128419289326936,-2.3093245879804365,-0.9824852344297812,0.657312552552236,0.8004018635759224,0.10811976483180999,관계 미약,방향 일치
overall,direct_robust_z,MRO-20033,Seal & Gasket,vibration_h_mms,health,2.0,10,3574,69,0.12733648560436595,0.14333333333333334,1.5996847728967394,-9.211838672693764,16.92892211056081,0.8642596501966946,1.024391824024861,0.08825895733516576,관계 미약,방향 일치
overall,direct_robust_z,MRO-20033,Seal & Gasket,vibration_h_mms,health,3.0,10,3574,69,0.05552129158570238,0.02,-3.5521291585702386,-6.685751364511917,6.0827044487787925,0.8642596501966946,1.024391824024861,0.08825895733516576,관계 미약,방향 일치
overall,direct_robust_z,MRO-20033,Seal & Gasket,vibration_v_mms,health,2.0,10,3574,69,0.10395697977058767,0.1003968253968254,-0.3560154373762267,-9.468506263016693,14.38865591878934,0.7921580971135541,0.8924359574215993,0.038523028226066694,방향 불일치,방향 불일치
overall,direct_robust_z,MRO-20033,Seal & Gasket,vibration_v_mms,health,3.0,10,3574,69,0.044709521282036715,0.04,-0.4709521282036715,-5.1456762219662515,9.674188015645363,0.7921580971135541,0.8924359574215993,0.038523028226066694,관계 미약,방향 일치
overall,direct_robust_z,MRO-20033,Seal & Gasket,oil_pressure_bar,health,2.0,10,3574,69,0.04643952153745331,0.06079365079365079,1.435412925619748,-5.135200190083708,12.684428768585168,0.6727874999829664,0.6212863116098544,-0.08497978774250974,방향 불일치,방향 불일치
overall,direct_robust_z,MRO-20033,Seal & Gasket,oil_pressure_bar,health,3.0,10,3574,69,0.003067186442195011,0.0,-0.3067186442195011,-0.654051233473628,-0.05711484593837538,0.6727874999829664,0.6212863116098544,-0.08497978774250974,관계 미약,방향 일치
overall,direct_robust_z,MRO-20033,Seal & Gasket,load_pct,operating_context,2.0,10,3574,69,0.11471315121972783,0.7228571428571428,60.8143991637415,40.82147783024842,78.15010447595397,0.677416340336607,2.680920549862035,0.7953378650704436,강한 후보,방향 일치
overall,direct_robust_z,MRO-20033,Seal & Gasket,load_pct,operating_context,3.0,10,3574,69,0.04993095293075798,0.30853174603174605,25.860079310098804,7.170475348452783,46.34646041362101,0.677416340336607,2.680920549862035,0.7953378650704436,강한 후보,방향 일치
overall,direct_robust_z,MRO-20033,Seal & Gasket,shaft_rpm,operating_context,2.0,10,3574,69,0.0825889239007575,0.5453571428571429,46.276821895638534,21.683403937292667,70.68536319924058,0.6713176796984885,2.604898163779671,0.6891238672962366,강한 후보,방향 일치
overall,direct_robust_z,MRO-20033,Seal & Gasket,shaft_rpm,operating_context,3.0,10,3574,69,0.044094923355873596,0.3087301587301587,26.463523537428507,4.686480674857695,53.11762933802327,0.6713176796984885,2.604898163779671,0.6891238672962366,강한 후보,방향 일치
overall,direct_robust_z,MRO-20033,Seal & Gasket,power_consumption_kw,operating_context,2.0,10,3574,69,0.08590673047493483,0.5217063492063492,43.579961873141436,21.28817416880022,66.84240796091255,0.6896426483383158,2.110927865511191,0.6607095021516359,강한 후보,방향 일치
overall,direct_robust_z,MRO-20033,Seal & Gasket,power_consumption_kw,operating_context,3.0,10,3574,69,0.021972867718785108,0.16150793650793652,13.953506878915139,1.271124220790122,30.60422373566692,0.6896426483383158,2.110927865511191,0.6607095021516359,약한 후보,방향 일치
overall,direct_robust_z,MRO-30011,Drive Belt,temp_bearing_degC,health,2.0,10,3574,60,0.0714402343829109,0.08011904761904762,0.8678813236136715,-6.505993003680675,13.36190225453455,0.6866362192989783,0.9095375718363667,0.0901613872598374,방향 불일치,방향 불일치
overall,direct_robust_z,MRO-30011,Drive Belt,temp_bearing_degC,health,3.0,10,3574,60,0.011722711280041171,0.0,-1.1722711280041171,-1.9632682970709507,-0.4782704190835709,0.6866362192989783,0.9095375718363667,0.0901613872598374,관계 미약,방향 일치
overall,direct_robust_z,MRO-30011,Drive Belt,temp_motor_degC,health,2.0,10,3574,60,0.06445701173954635,0.13666666666666666,7.220965492712031,-6.100436373398799,28.388634123021486,0.657312552552236,1.1002622811049008,0.3027420738763709,방향 불일치,방향 불일치
overall,direct_robust_z,MRO-30011,Drive Belt,temp_motor_degC,health,3.0,10,3574,60,0.016128419289326935,0.0,-1.6128419289326936,-2.337121584499837,-0.9448608155696102,0.657312552552236,1.1002622811049008,0.3027420738763709,관계 미약,방향 일치
overall,direct_robust_z,MRO-30011,Drive Belt,vibration_h_mms,health,2.0,10,3574,60,0.12733648560436595,0.10761904761904761,-1.9717437985318331,-12.677103294240904,15.629087630359134,0.8642596501966946,0.9881303966522502,0.05069013834559508,방향 불일치,방향 불일치
overall,direct_robust_z,MRO-30011,Drive Belt,vibration_h_mms,health,3.0,10,3574,60,0.05552129158570238,0.030000000000000006,-2.5521291585702377,-6.553628340157276,4.724549385430199,0.8642596501966946,0.9881303966522502,0.05069013834559508,방향 불일치,방향 불일치
overall,direct_robust_z,MRO-30011,Drive Belt,vibration_v_mms,health,2.0,10,3574,60,0.10395697977058767,0.12666666666666665,2.270968689607898,-10.15153156732158,22.385495722473,0.7921580971135541,0.8510638002943572,-0.013903726463983145,방향 불일치,방향 불일치
overall,direct_robust_z,MRO-30011,Drive Belt,vibration_v_mms,health,3.0,10,3574,60,0.044709521282036715,0.01,-3.4709521282036713,-5.460296948386996,1.6980091547108747,0.7921580971135541,0.8510638002943572,-0.013903726463983145,관계 미약,방향 일치
overall,direct_robust_z,MRO-30011,Drive Belt,oil_pressure_bar,health,2.0,10,3574,60,0.04643952153745331,0.0125,-3.3939521537453303,-6.138854525930985,2.029868932204089,0.6727874999829664,0.5687111733033909,-0.11718839878565138,관계 미약,방향 일치
overall,direct_robust_z,MRO-30011,Drive Belt,oil_pressure_bar,health,3.0,10,3574,60,0.003067186442195011,0.0,-0.3067186442195011,-0.6535255155025503,-0.05128205128205128,0.6727874999829664,0.5687111733033909,-0.11718839878565138,관계 미약,방향 일치
overall,direct_robust_z,MRO-30011,Drive Belt,load_pct,operating_context,2.0,10,3574,60,0.11471315121972783,0.771547619047619,65.68344678278912,44.50540559673798,83.93406384739299,0.677416340336607,2.807154408618648,0.8103458035086643,강한 후보,방향 일치
overall,direct_robust_z,MRO-30011,Drive Belt,load_pct,operating_context,3.0,10,3574,60,0.04993095293075798,0.5051190476190477,45.51880946882897,20.05794645732708,70.24910314370678,0.677416340336607,2.807154408618648,0.8103458035086643,강한 후보,방향 일치
overall,direct_robust_z,MRO-30011,Drive Belt,shaft_rpm,operating_context,2.0,10,3574,60,0.0825889239007575,0.71,62.74110760992424,37.89998241257876,84.39852048355435,0.6713176796984885,3.0824669027259812,0.8170336707682159,강한 후보,방향 일치
overall,direct_robust_z,MRO-30011,Drive Belt,shaft_rpm,operating_context,3.0,10,3574,60,0.044094923355873596,0.3725,32.84050766441264,8.52513360365223,59.16705372967256,0.6713176796984885,3.0824669027259812,0.8170336707682159,강한 후보,방향 일치
overall,direct_robust_z,MRO-30011,Drive Belt,power_consumption_kw,operating_context,2.0,10,3574,60,0.08590673047493483,0.5645238095238095,47.861707904887474,22.27401056858074,71.26664637170187,0.6896426483383158,2.2543873840762227,0.6878478715307803,강한 후보,방향 일치
overall,direct_robust_z,MRO-30011,Drive Belt,power_consumption_kw,operating_context,3.0,10,3574,60,0.021972867718785108,0.22999999999999993,20.802713228121483,3.2120311866466675,45.1690804821289,0.6896426483383158,2.2543873840762227,0.6878478715307803,강한 후보,방향 일치
overall,direct_robust_z,MRO-30012,Drive Belt,temp_bearing_degC,health,2.0,10,3574,46,0.0714402343829109,0.0,-7.14402343829109,-9.823132344434875,-5.079364831664273,0.6866362192989783,0.7624601153079895,-0.00513305897841915,역방향,방향 일치
overall,direct_robust_z,MRO-30012,Drive Belt,temp_bearing_degC,health,3.0,10,3574,46,0.011722711280041171,0.0,-1.1722711280041171,-2.123623855043514,-0.493840396115099,0.6866362192989783,0.7624601153079895,-0.00513305897841915,관계 미약,방향 일치
overall,direct_robust_z,MRO-30012,Drive Belt,temp_motor_degC,health,2.0,10,3574,46,0.06445701173954635,0.0125,-5.195701173954635,-7.527801346943836,0.37828212976304204,0.657312552552236,0.7051449459737589,-0.0106559696900639,역방향,방향 일치
overall,direct_robust_z,MRO-30012,Drive Belt,temp_motor_degC,health,3.0,10,3574,46,0.016128419289326935,0.0,-1.6128419289326936,-2.2557503718251097,-1.0142880268246182,0.657312552552236,0.7051449459737589,-0.0106559696900639,관계 미약,방향 일치
overall,direct_robust_z,MRO-30012,Drive Belt,vibration_h_mms,health,2.0,10,3574,46,0.12733648560436595,0.23500000000000001,10.766351439563406,-8.659665658265213,37.28335176310797,0.8642596501966946,1.1531284349761235,0.09014026473435688,약한 후보,방향 일치
overall,direct_robust_z,MRO-30012,Drive Belt,vibration_h_mms,health,3.0,10,3574,46,0.05552129158570238,0.06999999999999999,1.447870841429761,-6.442516967552285,17.67973343955531,0.8642596501966946,1.1531284349761235,0.09014026473435688,방향 불일치,방향 불일치
overall,direct_robust_z,MRO-30012,Drive Belt,vibration_v_mms,health,2.0,10,3574,46,0.10395697977058767,0.1025,-0.14569797705876741,-10.582547393996663,16.134228648968396,0.7921580971135541,0.8656033472753311,0.04406666645280366,방향 불일치,방향 불일치
overall,direct_robust_z,MRO-30012,Drive Belt,vibration_v_mms,health,3.0,10,3574,46,0.044709521282036715,0.02,-2.4709521282036717,-5.517786096120566,6.796900221158974,0.7921580971135541,0.8656033472753311,0.04406666645280366,관계 미약,방향 일치
overall,direct_robust_z,MRO-30012,Drive Belt,oil_pressure_bar,health,2.0,10,3574,46,0.04643952153745331,0.0325,-1.3939521537453308,-5.782055658300841,7.876099975162456,0.6727874999829664,0.672213770469326,-0.029595185622374322,관계 미약,방향 일치
overall,direct_robust_z,MRO-30012,Drive Belt,oil_pressure_bar,health,3.0,10,3574,46,0.003067186442195011,0.0,-0.3067186442195011,-0.6818233713218452,-0.05649233995274089,0.6727874999829664,0.672213770469326,-0.029595185622374322,관계 미약,방향 일치
overall,direct_robust_z,MRO-30012,Drive Belt,load_pct,operating_context,2.0,10,3574,46,0.11471315121972783,0.6416666666666666,52.69535154469388,26.038378461805433,76.93843741350717,0.677416340336607,2.5462310195459823,0.7812039822157629,강한 후보,방향 일치
overall,direct_robust_z,MRO-30012,Drive Belt,load_pct,operating_context,3.0,10,3574,46,0.04993095293075798,0.24666666666666667,19.67357137359087,0.5030638127992837,43.53254621676195,0.677416340336607,2.5462310195459823,0.7812039822157629,강한 후보,방향 일치
overall,direct_robust_z,MRO-30012,Drive Belt,shaft_rpm,operating_context,2.0,10,3574,46,0.0825889239007575,0.71,62.74110760992424,35.81926595728781,86.29251912588697,0.6713176796984885,2.7771151825563,0.7286486200255415,강한 후보,방향 일치
overall,direct_robust_z,MRO-30012,Drive Belt,shaft_rpm,operating_context,3.0,10,3574,46,0.044094923355873596,0.4833333333333333,43.92384099774597,17.826439780250737,70.69312578221418,0.6713176796984885,2.7771151825563,0.7286486200255415,강한 후보,방향 일치
overall,direct_robust_z,MRO-30012,Drive Belt,power_consumption_kw,operating_context,2.0,10,3574,46,0.08590673047493483,0.5008333333333334,41.492660285839854,13.434206446726286,66.81244589945987,0.6896426483383158,1.9593172062947115,0.5841428709036169,강한 후보,방향 일치
overall,direct_robust_z,MRO-30012,Drive Belt,power_consumption_kw,operating_context,3.0,10,3574,46,0.021972867718785108,0.16999999999999998,14.802713228121489,-1.6780781151896562,36.22077128052984,0.6896426483383158,1.9593172062947115,0.5841428709036169,방향 불일치,방향 불일치
overall,direct_robust_z,MRO-40021,Filter,temp_bearing_degC,health,2.0,10,3574,58,0.0714402343829109,0.11666666666666667,4.522643228375577,-7.31948405925711,24.061927199595985,0.6866362192989783,0.8566870569324841,0.07698037187793497,방향 불일치,방향 불일치
overall,direct_robust_z,MRO-40021,Filter,temp_bearing_degC,health,3.0,10,3574,58,0.011722711280041171,0.0,-1.1722711280041171,-2.0250141002825797,-0.4966188683450984,0.6866362192989783,0.8566870569324841,0.07698037187793497,관계 미약,방향 일치
overall,direct_robust_z,MRO-40021,Filter,temp_motor_degC,health,2.0,10,3574,58,0.06445701173954635,0.06999999999999999,0.5542988260453643,-7.388238343584807,23.452328538117236,0.657312552552236,0.8622865625921123,0.11656165151024014,방향 불일치,방향 불일치
overall,direct_robust_z,MRO-40021,Filter,temp_motor_degC,health,3.0,10,3574,58,0.016128419289326935,0.0,-1.6128419289326936,-2.3121052072667365,-0.953442278737237,0.657312552552236,0.8622865625921123,0.11656165151024014,관계 미약,방향 일치
overall,direct_robust_z,MRO-40021,Filter,vibration_h_mms,health,2.0,10,3574,58,0.12733648560436595,0.29,16.266351439563405,-4.4569273786844406,40.070703097433245,0.8642596501966946,3.1322686999551226,0.28974345285770703,약한 후보,방향 일치
overall,direct_robust_z,MRO-40021,Filter,vibration_h_mms,health,3.0,10,3574,58,0.05552129158570238,0.13666666666666666,8.114537508096427,-5.705817648154636,28.15631973166623,0.8642596501966946,3.1322686999551226,0.28974345285770703,방향 불일치,방향 불일치
overall,direct_robust_z,MRO-40021,Filter,vibration_v_mms,health,2.0,10,3574,58,0.10395697977058767,0.21999999999999997,11.60430202294123,-6.209881624885833,31.70361295028395,0.7921580971135541,2.6252611387995692,0.26917855830470977,방향 불일치,방향 불일치
overall,direct_robust_z,MRO-40021,Filter,vibration_v_mms,health,3.0,10,3574,58,0.044709521282036715,0.12666666666666665,8.195714538462994,-4.650440616585825,29.22729969105128,0.7921580971135541,2.6252611387995692,0.26917855830470977,방향 불일치,방향 불일치
overall,direct_robust_z,MRO-40021,Filter,oil_pressure_bar,health,2.0,10,3574,58,0.04643952153745331,0.07242424242424242,2.598472088678911,-4.963239528487995,15.497038182031254,0.6727874999829664,0.7516591719663148,0.12356605042463434,방향 불일치,방향 불일치
overall,direct_robust_z,MRO-40021,Filter,oil_pressure_bar,health,3.0,10,3574,58,0.003067186442195011,0.0,-0.3067186442195011,-0.68338684817017,-0.0558659217877095,0.6727874999829664,0.7516591719663148,0.12356605042463434,관계 미약,방향 일치
overall,direct_robust_z,MRO-40021,Filter,load_pct,operating_context,2.0,10,3574,58,0.11471315121972783,0.6815151515151514,56.68020002954236,32.35797817709988,76.67445628378833,0.677416340336607,2.648285192384984,0.812651810368974,강한 후보,방향 일치
overall,direct_robust_z,MRO-40021,Filter,load_pct,operating_context,3.0,10,3574,58,0.04993095293075798,0.2333333333333333,18.340238040257535,1.0391007968286612,40.74171375957905,0.677416340336607,2.648285192384984,0.812651810368974,강한 후보,방향 일치
overall,direct_robust_z,MRO-40021,Filter,shaft_rpm,operating_context,2.0,10,3574,58,0.0825889239007575,0.626969696969697,54.43807730689394,28.70952970655025,77.09131582816693,0.6713176796984885,3.0840730259783746,0.8599091415275761,강한 후보,방향 일치
overall,direct_robust_z,MRO-40021,Filter,shaft_rpm,operating_context,3.0,10,3574,58,0.044094923355873596,0.41818181818181815,37.408689482594454,14.573260282163343,63.3982913152402,0.6713176796984885,3.0840730259783746,0.8599091415275761,강한 후보,방향 일치
overall,direct_robust_z,MRO-40021,Filter,power_consumption_kw,operating_context,2.0,10,3574,58,0.08590673047493483,0.4157575757575758,32.985084528264096,9.648311853379212,59.58658903565425,0.6896426483383158,1.9749311824199065,0.6308354747823723,강한 후보,방향 일치
overall,direct_robust_z,MRO-40021,Filter,power_consumption_kw,operating_context,3.0,10,3574,58,0.021972867718785108,0.1524242424242424,13.04513747054573,-1.4223819906823176,32.37947817009442,0.6896426483383158,1.9749311824199065,0.6308354747823723,약한 후보,방향 일치
overall,direct_robust_z,MRO-40022,Filter,temp_bearing_degC,health,2.0,10,3574,79,0.0714402343829109,0.027976190476190477,-4.346404390672043,-8.61356703177098,2.627629926244806,0.6866362192989783,0.893521839723587,0.16194471289095386,관계 미약,방향 일치
overall,direct_robust_z,MRO-40022,Filter,temp_bearing_degC,health,3.0,10,3574,79,0.011722711280041171,0.007142857142857143,-0.45798541371840285,-1.9817266222753502,3.314906972117547,0.6866362192989783,0.893521839723587,0.16194471289095386,관계 미약,방향 일치
overall,direct_robust_z,MRO-40022,Filter,temp_motor_degC,health,2.0,10,3574,79,0.06445701173954635,0.16444805194805193,9.999104020850558,-1.7319351216706118,27.0808299344891,0.657312552552236,0.9225038179665814,0.1983695125665867,방향 불일치,방향 불일치
overall,direct_robust_z,MRO-40022,Filter,temp_motor_degC,health,3.0,10,3574,79,0.016128419289326935,0.007142857142857143,-0.8985562146469793,-2.200921847449469,2.6133926221508235,0.657312552552236,0.9225038179665814,0.1983695125665867,관계 미약,방향 일치
overall,direct_robust_z,MRO-40022,Filter,vibration_h_mms,health,2.0,10,3574,79,0.12733648560436595,0.12099567099567099,-0.6340814608694956,-9.916555402479517,12.524276028393121,0.8642596501966946,0.9560199811319198,0.000806956815885325,관계 미약,방향 일치
overall,direct_robust_z,MRO-40022,Filter,vibration_h_mms,health,3.0,10,3574,79,0.05552129158570238,0.05254329004329004,-0.2978001542412345,-5.58955796698845,8.358223298941615,0.8642596501966946,0.9560199811319198,0.000806956815885325,방향 불일치,방향 불일치
overall,direct_robust_z,MRO-40022,Filter,vibration_v_mms,health,2.0,10,3574,79,0.10395697977058767,0.1073051948051948,0.3348215034607138,-9.180455942654985,13.258926058288713,0.7921580971135541,0.7647086917475339,-0.05395847217504233,관계 미약,방향 일치
overall,direct_robust_z,MRO-40022,Filter,vibration_v_mms,health,3.0,10,3574,79,0.044709521282036715,0.025757575757575757,-1.8951945524460958,-5.12803339096095,4.792156854579111,0.7921580971135541,0.7647086917475339,-0.05395847217504233,관계 미약,방향 일치
overall,direct_robust_z,MRO-40022,Filter,oil_pressure_bar,health,2.0,10,3574,79,0.04643952153745331,0.08095238095238096,3.4512859414927646,-4.585838443023735,15.457495312985897,0.6727874999829664,0.6631524299632257,-0.05703240972840125,방향 불일치,방향 불일치
overall,direct_robust_z,MRO-40022,Filter,oil_pressure_bar,health,3.0,10,3574,79,0.003067186442195011,0.0,-0.3067186442195011,-0.7070060014102015,-0.0558659217877095,0.6727874999829664,0.6631524299632257,-0.05703240972840125,관계 미약,방향 일치
overall,direct_robust_z,MRO-40022,Filter,load_pct,operating_context,2.0,10,3574,79,0.11471315121972783,0.768073593073593,65.33604418538653,46.51401107753168,79.88728844284061,0.677416340336607,2.802135341275642,0.8237316431171651,강한 후보,방향 일치
overall,direct_robust_z,MRO-40022,Filter,load_pct,operating_context,3.0,10,3574,79,0.04993095293075798,0.3989718614718615,34.90409085411035,13.625205899769567,59.32915511915429,0.677416340336607,2.802135341275642,0.8237316431171651,강한 후보,방향 일치
overall,direct_robust_z,MRO-40022,Filter,shaft_rpm,operating_context,2.0,10,3574,79,0.0825889239007575,0.7833333333333334,70.07444094325758,48.10843112237812,86.66903619011745,0.6713176796984885,3.1896561270354296,0.8415407785255079,강한 후보,방향 일치
overall,direct_robust_z,MRO-40022,Filter,shaft_rpm,operating_context,3.0,10,3574,79,0.044094923355873596,0.3726190476190476,32.8524124263174,11.074067613112495,56.082330764239785,0.6713176796984885,3.1896561270354296,0.8415407785255079,강한 후보,방향 일치
overall,direct_robust_z,MRO-40022,Filter,power_consumption_kw,operating_context,2.0,10,3574,79,0.08590673047493483,0.6576298701298702,57.17231396549354,36.74800215729954,77.65814320424639,0.6896426483383158,2.3723125031758032,0.6861760668172835,강한 후보,방향 일치
overall,direct_robust_z,MRO-40022,Filter,power_consumption_kw,operating_context,3.0,10,3574,79,0.021972867718785108,0.28154761904761905,25.957475132883395,7.535299400223337,48.5819448188587,0.6896426483383158,2.3723125031758032,0.6861760668172835,강한 후보,방향 일치
overall,direct_robust_z,MRO-50008,Electrical,temp_bearing_degC,health,2.0,10,3574,62,0.0714402343829109,0.016666666666666666,-5.477356771624424,-9.807082386030356,2.8048403913891162,0.6866362192989783,0.8642052464505825,0.1499671628842387,역방향,방향 일치
overall,direct_robust_z,MRO-50008,Electrical,temp_bearing_degC,health,3.0,10,3574,62,0.011722711280041171,0.0,-1.1722711280041171,-2.099648350637547,-0.49032415872977597,0.6866362192989783,0.8642052464505825,0.1499671628842387,관계 미약,방향 일치
overall,direct_robust_z,MRO-50008,Electrical,temp_motor_degC,health,2.0,10,3574,62,0.06445701173954635,0.065,0.05429882604536529,-7.270520290155279,13.946830199595693,0.657312552552236,0.9020490288845211,0.19867429301474782,방향 불일치,방향 불일치
overall,direct_robust_z,MRO-50008,Electrical,temp_motor_degC,health,3.0,10,3574,62,0.016128419289326935,0.0,-1.6128419289326936,-2.3321819805793464,-1.000536081576062,0.657312552552236,0.9020490288845211,0.19867429301474782,관계 미약,방향 일치
overall,direct_robust_z,MRO-50008,Electrical,vibration_h_mms,health,2.0,10,3574,62,0.12733648560436595,0.1875,6.0163514395634055,-8.644877699808498,23.4998273177214,0.8642596501966946,1.1562574805256893,0.103878445953267,방향 불일치,방향 불일치
overall,direct_robust_z,MRO-50008,Electrical,vibration_h_mms,health,3.0,10,3574,62,0.05552129158570238,0.04,-1.5521291585702381,-6.4840219996018,9.102499207024433,0.8642596501966946,1.1562574805256893,0.103878445953267,관계 미약,방향 일치
overall,direct_robust_z,MRO-50008,Electrical,vibration_v_mms,health,2.0,10,3574,62,0.10395697977058767,0.0975,-0.6456979770587665,-10.402881358484564,12.797986467520127,0.7921580971135541,0.9461587493542675,0.021593597017261663,방향 불일치,방향 불일치
overall,direct_robust_z,MRO-50008,Electrical,vibration_v_mms,health,3.0,10,3574,62,0.044709521282036715,0.0,-4.470952128203671,-5.551460104425077,-3.3953067957135077,0.7921580971135541,0.9461587493542675,0.021593597017261663,관계 미약,방향 일치
overall,direct_robust_z,MRO-50008,Electrical,oil_pressure_bar,health,2.0,10,3574,62,0.04643952153745331,0.09138888888888888,4.494936735143558,-4.733313037826119,18.633988383973403,0.6727874999829664,0.8004190090070518,0.042343904473888895,방향 불일치,방향 불일치
overall,direct_robust_z,MRO-50008,Electrical,oil_pressure_bar,health,3.0,10,3574,62,0.003067186442195011,0.0,-0.3067186442195011,-0.6678698715151624,-0.0558659217877095,0.6727874999829664,0.8004190090070518,0.042343904473888895,관계 미약,방향 일치
overall,direct_robust_z,MRO-50008,Electrical,load_pct,operating_context,2.0,10,3574,62,0.11471315121972783,0.7127777777777778,59.80646265580501,36.380674744969355,78.54087615217864,0.677416340336607,2.6815292733721003,0.7796459710459338,강한 후보,방향 일치
overall,direct_robust_z,MRO-50008,Electrical,load_pct,operating_context,3.0,10,3574,62,0.04993095293075798,0.32611111111111113,27.618015818035314,6.961566878264671,49.072929912394585,0.677416340336607,2.6815292733721003,0.7796459710459338,강한 후보,방향 일치
overall,direct_robust_z,MRO-50008,Electrical,shaft_rpm,operating_context,2.0,10,3574,62,0.0825889239007575,0.6833333333333333,60.07444094325758,36.84884962677646,79.33621366262066,0.6713176796984885,2.779318456138105,0.733262901202089,강한 후보,방향 일치
overall,direct_robust_z,MRO-50008,Electrical,shaft_rpm,operating_context,3.0,10,3574,62,0.044094923355873596,0.32666666666666666,28.257174331079305,6.7498026576337455,52.989340719671404,0.6713176796984885,2.779318456138105,0.733262901202089,강한 후보,방향 일치
overall,direct_robust_z,MRO-50008,Electrical,power_consumption_kw,operating_context,2.0,10,3574,62,0.08590673047493483,0.5869444444444444,50.10377139695096,28.78514126126084,70.86132248696094,0.6896426483383158,1.9927783552230944,0.6630954435489175,강한 후보,방향 일치
overall,direct_robust_z,MRO-50008,Electrical,power_consumption_kw,operating_context,3.0,10,3574,62,0.021972867718785108,0.1502777777777778,12.830491005899269,0.6316486132323595,29.166554436244436,0.6896426483383158,1.9927783552230944,0.6630954435489175,방향 불일치,방향 불일치
overall,direct_robust_z,MRO-50009,Electrical,temp_bearing_degC,health,2.0,10,3574,72,0.0714402343829109,0.0,-7.14402343829109,-9.495228103369138,-4.94017052800141,0.6866362192989783,0.7165374846198196,0.00467848636664194,역방향,방향 일치
overall,direct_robust_z,MRO-50009,Electrical,temp_bearing_degC,health,3.0,10,3574,72,0.011722711280041171,0.0,-1.1722711280041171,-1.9461291871949757,-0.4864554075498566,0.6866362192989783,0.7165374846198196,0.00467848636664194,관계 미약,방향 일치
overall,direct_robust_z,MRO-50009,Electrical,temp_motor_degC,health,2.0,10,3574,72,0.06445701173954635,0.03111111111111111,-3.334590062843524,-7.51315557601259,5.764597239941122,0.657312552552236,0.8672560376308687,0.15309585296220582,관계 미약,방향 일치
overall,direct_robust_z,MRO-50009,Electrical,temp_motor_degC,health,3.0,10,3574,72,0.016128419289326935,0.0,-1.6128419289326936,-2.3516646446015734,-0.9730125218705908,0.657312552552236,0.8672560376308687,0.15309585296220582,관계 미약,방향 일치
overall,direct_robust_z,MRO-50009,Electrical,vibration_h_mms,health,2.0,10,3574,72,0.12733648560436595,0.10987234987234987,-1.746413573201608,-12.182465221917786,15.81393895772202,0.8642596501966946,0.8649476553275056,0.024637761709991077,방향 불일치,방향 불일치
overall,direct_robust_z,MRO-50009,Electrical,vibration_h_mms,health,3.0,10,3574,72,0.05552129158570238,0.0,-5.552129158570239,-6.827395494912384,-4.271043738657899,0.8642596501966946,0.8649476553275056,0.024637761709991077,역방향,방향 일치
overall,direct_robust_z,MRO-50009,Electrical,vibration_v_mms,health,2.0,10,3574,72,0.10395697977058767,0.027894327894327896,-7.606265187625977,-11.66497199175785,-1.4295752015923355,0.7921580971135541,0.7558671772828053,-0.022977678505384087,역방향,방향 일치
overall,direct_robust_z,MRO-50009,Electrical,vibration_v_mms,health,3.0,10,3574,72,0.044709521282036715,0.00909090909090909,-3.561861219112762,-5.3776983623839545,0.8639348703812153,0.7921580971135541,0.7558671772828053,-0.022977678505384087,관계 미약,방향 일치
overall,direct_robust_z,MRO-50009,Electrical,oil_pressure_bar,health,2.0,10,3574,72,0.04643952153745331,0.01111111111111111,-3.53284104263422,-5.742407124750148,0.5880261226892347,0.6727874999829664,0.8316567881201855,-0.016816836660658745,관계 미약,방향 일치
overall,direct_robust_z,MRO-50009,Electrical,oil_pressure_bar,health,3.0,10,3574,72,0.003067186442195011,0.0,-0.3067186442195011,-0.7014132177996255,-0.05602240896358543,0.6727874999829664,0.8316567881201855,-0.016816836660658745,관계 미약,방향 일치
overall,direct_robust_z,MRO-50009,Electrical,load_pct,operating_context,2.0,10,3574,72,0.11471315121972783,0.7235997335997336,60.88865823800058,40.51558863212495,78.38452476876428,0.677416340336607,2.5714219480759373,0.7702459153233592,강한 후보,방향 일치
overall,direct_robust_z,MRO-50009,Electrical,load_pct,operating_context,3.0,10,3574,72,0.04993095293075798,0.3449217449217449,29.499079199098688,7.51456519828354,55.45314894759875,0.677416340336607,2.5714219480759373,0.7702459153233592,강한 후보,방향 일치
overall,direct_robust_z,MRO-50009,Electrical,shaft_rpm,operating_context,2.0,10,3574,72,0.0825889239007575,0.6552813852813852,57.26924613806277,32.89212071423092,79.40073110005625,0.6713176796984885,2.9005006958071053,0.7897201429080929,강한 후보,방향 일치
overall,direct_robust_z,MRO-50009,Electrical,shaft_rpm,operating_context,3.0,10,3574,72,0.044094923355873596,0.40683760683760684,36.27426834817332,10.312909655722633,61.284275412480746,0.6713176796984885,2.9005006958071053,0.7897201429080929,강한 후보,방향 일치
overall,direct_robust_z,MRO-50009,Electrical,power_consumption_kw,operating_context,2.0,10,3574,72,0.08590673047493483,0.4368831168831169,35.097638640818204,11.318075586542857,60.22320482115218,0.6896426483383158,2.0366740198990176,0.6036725812152126,강한 후보,방향 일치
overall,direct_robust_z,MRO-50009,Electrical,power_consumption_kw,operating_context,3.0,10,3574,72,0.021972867718785108,0.20536796536796534,18.33950976491802,2.044812133070814,41.860228266393456,0.6896426483383158,2.0366740198990176,0.6036725812152126,강한 후보,방향 일치
overall,direct_robust_z,MRO-60015,Coupling,temp_bearing_degC,health,2.0,10,3574,63,0.0714402343829109,0.03575757575757575,-3.568265862533515,-8.484373625704906,4.4559446951873705,0.6866362192989783,0.5944146891229829,-0.12417531988929278,관계 미약,방향 일치
overall,direct_robust_z,MRO-60015,Coupling,temp_bearing_degC,health,3.0,10,3574,63,0.011722711280041171,0.0,-1.1722711280041171,-2.0455514859012784,-0.4954465493943598,0.6866362192989783,0.5944146891229829,-0.12417531988929278,관계 미약,방향 일치
overall,direct_robust_z,MRO-60015,Coupling,temp_motor_degC,health,2.0,10,3574,63,0.06445701173954635,0.06583333333333333,0.13763215937869777,-7.309326005194772,15.035276374775794,0.657312552552236,0.7228111916868991,0.06910612261460683,방향 불일치,방향 불일치
overall,direct_robust_z,MRO-60015,Coupling,temp_motor_degC,health,3.0,10,3574,63,0.016128419289326935,0.0,-1.6128419289326936,-2.4097072731613904,-0.9789332004718774,0.657312552552236,0.7228111916868991,0.06910612261460683,관계 미약,방향 일치
overall,direct_robust_z,MRO-60015,Coupling,vibration_h_mms,health,2.0,10,3574,63,0.12733648560436595,0.11219696969696971,-1.5139515907396235,-12.56402262967304,16.30493945394623,0.8642596501966946,1.1806528750749117,0.2128102808083412,방향 불일치,방향 불일치
overall,direct_robust_z,MRO-60015,Coupling,vibration_h_mms,health,3.0,10,3574,63,0.05552129158570238,0.0,-5.552129158570239,-6.84633813370778,-4.36094448491836,0.8642596501966946,1.1806528750749117,0.2128102808083412,역방향,방향 일치
overall,direct_robust_z,MRO-60015,Coupling,vibration_v_mms,health,2.0,10,3574,63,0.10395697977058767,0.23401515151515148,13.00581717445638,-5.826717898281193,36.834829246432804,0.7921580971135541,1.1328985407391698,0.12927032391032542,약한 후보,방향 일치
overall,direct_robust_z,MRO-60015,Coupling,vibration_v_mms,health,3.0,10,3574,63,0.044709521282036715,0.019090909090909092,-2.561861219112762,-5.368027285749087,3.0409617121583783,0.7921580971135541,1.1328985407391698,0.12927032391032542,방향 불일치,방향 불일치
overall,direct_robust_z,MRO-60015,Coupling,oil_pressure_bar,health,2.0,10,3574,63,0.04643952153745331,0.028181818181818186,-1.8257703355635122,-5.463998615634159,5.45387814054162,0.6727874999829664,0.5839669996521036,-0.1581553814877306,관계 미약,방향 일치
overall,direct_robust_z,MRO-60015,Coupling,oil_pressure_bar,health,3.0,10,3574,63,0.003067186442195011,0.00909090909090909,0.6023722648714079,-0.5777075031467104,5.052540868842538,0.6727874999829664,0.5839669996521036,-0.1581553814877306,방향 불일치,방향 불일치
overall,direct_robust_z,MRO-60015,Coupling,load_pct,operating_context,2.0,10,3574,63,0.11471315121972783,0.7429836829836829,62.82705317639551,39.61793005767415,81.44968391566385,0.677416340336607,2.5096490054016964,0.7994297146457772,강한 후보,방향 일치
overall,direct_robust_z,MRO-60015,Coupling,load_pct,operating_context,3.0,10,3574,63,0.04993095293075798,0.3194405594405595,26.95096065098015,7.647576028158755,50.8531288017182,0.677416340336607,2.5096490054016964,0.7994297146457772,강한 후보,방향 일치
overall,direct_robust_z,MRO-60015,Coupling,shaft_rpm,operating_context,2.0,10,3574,63,0.0825889239007575,0.8236130536130537,74.10241297122961,52.8268616289926,89.8141091495595,0.6713176796984885,2.994677391591513,0.827849954684063,강한 후보,방향 일치
overall,direct_robust_z,MRO-60015,Coupling,shaft_rpm,operating_context,3.0,10,3574,63,0.044094923355873596,0.4196212121212121,37.55262887653385,13.986993961306947,62.61648051272385,0.6713176796984885,2.994677391591513,0.827849954684063,강한 후보,방향 일치
overall,direct_robust_z,MRO-60015,Coupling,power_consumption_kw,operating_context,2.0,10,3574,63,0.08590673047493483,0.5979370629370628,51.203033246212804,26.247567536566237,76.8387698500252,0.6896426483383158,1.970212199303382,0.5965804129092287,강한 후보,방향 일치
overall,direct_robust_z,MRO-60015,Coupling,power_consumption_kw,operating_context,3.0,10,3574,63,0.021972867718785108,0.15,12.802713228121487,-1.6172796574106347,33.2762322905151,0.6896426483383158,1.970212199303382,0.5965804129092287,약한 후보,방향 일치
overall,direct_robust_z,MRO-60016,Coupling,temp_bearing_degC,health,2.0,10,3574,67,0.0714402343829109,0.04697802197802198,-2.4462212404888923,-7.934363753757329,5.956795169630963,0.6866362192989783,0.8657423732373788,0.03188740574637809,방향 불일치,방향 불일치
overall,direct_robust_z,MRO-60016,Coupling,temp_bearing_degC,health,3.0,10,3574,67,0.011722711280041171,0.0,-1.1722711280041171,-2.0856292103080385,-0.47734855607657317,0.6866362192989783,0.8657423732373788,0.03188740574637809,관계 미약,방향 일치
overall,direct_robust_z,MRO-60016,Coupling,temp_motor_degC,health,2.0,10,3574,67,0.06445701173954635,0.07277167277167276,0.8314661032126414,-5.927948288649474,14.714871950317544,0.657312552552236,0.95842421941074,0.19906150345720913,관계 미약,방향 일치
overall,direct_robust_z,MRO-60016,Coupling,temp_motor_degC,health,3.0,10,3574,67,0.016128419289326935,0.0,-1.6128419289326936,-2.340052416653869,-0.9352895675299817,0.657312552552236,0.95842421941074,0.19906150345720913,관계 미약,방향 일치
overall,direct_robust_z,MRO-60016,Coupling,vibration_h_mms,health,2.0,10,3574,67,0.12733648560436595,0.27872405372405373,15.13875681196878,-4.148215188568332,37.689427065567756,0.8642596501966946,1.2975966978158686,0.22229668462285757,약한 후보,방향 일치
overall,direct_robust_z,MRO-60016,Coupling,vibration_h_mms,health,3.0,10,3574,67,0.05552129158570238,0.06984126984126984,1.431997825556746,-6.028515804449011,16.465579112132495,0.8642596501966946,1.2975966978158686,0.22229668462285757,방향 불일치,방향 불일치
overall,direct_robust_z,MRO-60016,Coupling,vibration_v_mms,health,2.0,10,3574,67,0.10395697977058767,0.15963064713064715,5.567366736005948,-6.468916122238325,21.329460659496025,0.7921580971135541,0.929221436388674,0.027038736957464622,약한 후보,방향 일치
overall,direct_robust_z,MRO-60016,Coupling,vibration_v_mms,health,3.0,10,3574,67,0.044709521282036715,0.06984126984126984,2.513174855923313,-4.812485760254703,17.80184172013336,0.7921580971135541,0.929221436388674,0.027038736957464622,방향 불일치,방향 불일치
overall,direct_robust_z,MRO-60016,Coupling,oil_pressure_bar,health,2.0,10,3574,67,0.04643952153745331,0.04107142857142857,-0.5368092966024738,-5.665494114339917,9.20799060125086,0.6727874999829664,0.8943672168661001,0.10955014672850014,방향 불일치,방향 불일치
overall,direct_robust_z,MRO-60016,Coupling,oil_pressure_bar,health,3.0,10,3574,67,0.003067186442195011,0.0,-0.3067186442195011,-0.654488567329553,-0.0558659217877095,0.6727874999829664,0.8943672168661001,0.10955014672850014,관계 미약,방향 일치
overall,direct_robust_z,MRO-60016,Coupling,load_pct,operating_context,2.0,10,3574,67,0.11471315121972783,0.784600122100122,66.98869708803942,46.39957928734616,83.82709776194328,0.677416340336607,2.9550190030734935,0.8243930764985926,강한 후보,방향 일치
overall,direct_robust_z,MRO-60016,Coupling,load_pct,operating_context,3.0,10,3574,67,0.04993095293075798,0.43888888888888883,38.89579359581308,13.439235007609676,63.72120737180218,0.677416340336607,2.9550190030734935,0.8243930764985926,강한 후보,방향 일치
overall,direct_robust_z,MRO-60016,Coupling,shaft_rpm,operating_context,2.0,10,3574,67,0.0825889239007575,0.6108669108669108,52.82779869661533,28.869916752149763,73.8854393603071,0.6713176796984885,2.877809970869447,0.7786501742711477,강한 후보,방향 일치
overall,direct_robust_z,MRO-60016,Coupling,shaft_rpm,operating_context,3.0,10,3574,67,0.044094923355873596,0.3617063492063492,31.76114258504756,9.001478847172072,57.64110712449432,0.6713176796984885,2.877809970869447,0.7786501742711477,방향 불일치,방향 불일치
overall,direct_robust_z,MRO-60016,Coupling,power_consumption_kw,operating_context,2.0,10,3574,67,0.08590673047493483,0.5701617826617827,48.4255052186848,23.99030628338121,68.29461965110451,0.6896426483383158,2.120630033200552,0.6863486284673012,강한 후보,방향 일치
overall,direct_robust_z,MRO-60016,Coupling,power_consumption_kw,operating_context,3.0,10,3574,67,0.021972867718785108,0.173015873015873,15.104300529708791,-1.7859051816768734,37.93358938380067,0.6896426483383158,2.120630033200552,0.6863486284673012,방향 불일치,방향 불일치
overall,direct_robust_z,MRO-70004,Lubrication,temp_bearing_degC,health,2.0,10,3574,55,0.0714402343829109,0.075,0.35597656170890946,-7.399893809184819,13.340806396776216,0.6866362192989783,0.857309939110437,0.0964486432104336,방향 불일치,방향 불일치
overall,direct_robust_z,MRO-70004,Lubrication,temp_bearing_degC,health,3.0,10,3574,55,0.011722711280041171,0.01,-0.1722711280041171,-1.9095374044822309,4.394097207681268,0.6866362192989783,0.857309939110437,0.0964486432104336,방향 불일치,방향 불일치
overall,direct_robust_z,MRO-70004,Lubrication,temp_motor_degC,health,2.0,10,3574,55,0.06445701173954635,0.11499999999999999,5.054298826045364,-5.8450208392275025,22.30572631239281,0.657312552552236,1.0556841313935112,0.23210044680964376,방향 불일치,방향 불일치
overall,direct_robust_z,MRO-70004,Lubrication,temp_motor_degC,health,3.0,10,3574,55,0.016128419289326935,0.01,-0.6128419289326935,-2.2185894706674865,4.239263323970581,0.657312552552236,1.0556841313935112,0.23210044680964376,관계 미약,방향 일치
overall,direct_robust_z,MRO-70004,Lubrication,vibration_h_mms,health,2.0,10,3574,55,0.12733648560436595,0.16833333333333333,4.0996847728967385,-10.540772893152711,23.019140356595795,0.8642596501966946,1.0910150324818442,0.034278825694275226,관계 미약,방향 일치
overall,direct_robust_z,MRO-70004,Lubrication,vibration_h_mms,health,3.0,10,3574,55,0.05552129158570238,0.058333333333333334,0.2812041747630951,-5.712795559184721,11.118940096552814,0.8642596501966946,1.0910150324818442,0.034278825694275226,방향 불일치,방향 불일치
overall,direct_robust_z,MRO-70004,Lubrication,vibration_v_mms,health,2.0,10,3574,55,0.10395697977058767,0.13833333333333334,3.437635356274567,-8.888396953933087,25.747340179039167,0.7921580971135541,0.9731963932804717,0.04799293057747357,관계 미약,방향 일치
overall,direct_robust_z,MRO-70004,Lubrication,vibration_v_mms,health,3.0,10,3574,55,0.044709521282036715,0.02,-2.4709521282036717,-5.266027399064149,3.197760648398916,0.7921580971135541,0.9731963932804717,0.04799293057747357,관계 미약,방향 일치
overall,direct_robust_z,MRO-70004,Lubrication,oil_pressure_bar,health,2.0,10,3574,55,0.04643952153745331,0.0,-4.643952153745331,-6.07907577876153,-3.3549239046887904,0.6727874999829664,0.803264348813776,0.11107777507415606,관계 미약,방향 일치
overall,direct_robust_z,MRO-70004,Lubrication,oil_pressure_bar,health,3.0,10,3574,55,0.003067186442195011,0.0,-0.3067186442195011,-0.6524437518985483,-0.05602045287388698,0.6727874999829664,0.803264348813776,0.11107777507415606,관계 미약,방향 일치
overall,direct_robust_z,MRO-70004,Lubrication,load_pct,operating_context,2.0,10,3574,55,0.11471315121972783,0.79,67.52868487802722,48.14611867167684,84.08497419424235,0.677416340336607,2.859611932712844,0.7864424647216869,강한 후보,방향 일치
overall,direct_robust_z,MRO-70004,Lubrication,load_pct,operating_context,3.0,10,3574,55,0.04993095293075798,0.3983333333333333,34.84023804025753,11.89746263410934,60.31600916445396,0.677416340336607,2.859611932712844,0.7864424647216869,강한 후보,방향 일치
overall,direct_robust_z,MRO-70004,Lubrication,shaft_rpm,operating_context,2.0,10,3574,55,0.0825889239007575,0.6883333333333332,60.57444094325757,33.96625156641069,83.09219836820077,0.6713176796984885,2.8062313328648396,0.6884442979720319,강한 후보,방향 일치
overall,direct_robust_z,MRO-70004,Lubrication,shaft_rpm,operating_context,3.0,10,3574,55,0.044094923355873596,0.4066666666666666,36.2571743310793,12.742133687098958,60.24884474821938,0.6713176796984885,2.8062313328648396,0.6884442979720319,강한 후보,방향 일치
overall,direct_robust_z,MRO-70004,Lubrication,power_consumption_kw,operating_context,2.0,10,3574,55,0.08590673047493483,0.6,51.40932695250652,24.20736153343371,75.3345417406988,0.6896426483383158,2.291325900929759,0.6552956891441697,강한 후보,방향 일치
overall,direct_robust_z,MRO-70004,Lubrication,power_consumption_kw,operating_context,3.0,10,3574,55,0.021972867718785108,0.23833333333333334,21.636046561454826,2.987390028653409,47.662210354191274,0.6896426483383158,2.291325900929759,0.6552956891441697,방향 불일치,방향 불일치
overall,direct_robust_z,MRO-70005,Lubrication,temp_bearing_degC,health,2.0,9,3244,51,0.07298073180592794,0.14814814814814814,7.5167416342220195,-6.003035044097431,26.623405195040583,0.6879857148347985,0.8283772257697746,0.11044474565614128,방향 불일치,방향 불일치
overall,direct_robust_z,MRO-70005,Lubrication,temp_bearing_degC,health,3.0,9,3244,51,0.011341733072099618,0.0,-1.1341733072099618,-2.132085711908938,-0.3953833096787768,0.6879857148347985,0.8283772257697746,0.11044474565614128,관계 미약,방향 일치
overall,direct_robust_z,MRO-70005,Lubrication,temp_motor_degC,health,2.0,9,3244,51,0.06421149452542187,0.04845679012345679,-1.5754704401965074,-7.060080212615541,9.497150290048605,0.6554038628939732,0.9450891537673383,0.2503353853505773,방향 불일치,방향 불일치
overall,direct_robust_z,MRO-70005,Lubrication,temp_motor_degC,health,3.0,9,3244,51,0.01556356352012757,0.0,-1.556356352012757,-2.289556967302737,-0.9224590505372539,0.6554038628939732,0.9450891537673383,0.2503353853505773,관계 미약,방향 일치
overall,direct_robust_z,MRO-70005,Lubrication,vibration_h_mms,health,2.0,9,3244,51,0.12397656649643353,0.23888888888888887,11.491232239245534,-6.791632176592221,33.56214068480232,0.8660789680379871,1.160114369297246,0.05184022336793723,약한 후보,방향 일치
overall,direct_robust_z,MRO-70005,Lubrication,vibration_h_mms,health,3.0,9,3244,51,0.054956317250107016,0.05555555555555555,0.059923830544853646,-6.481153237688026,13.310117482906854,0.8660789680379871,1.160114369297246,0.05184022336793723,방향 불일치,방향 불일치
overall,direct_robust_z,MRO-70005,Lubrication,vibration_v_mms,health,2.0,9,3244,51,0.1013663411592388,0.14259259259259258,4.1226251433353776,-9.370243109702749,24.57431906583374,0.7879677934903364,1.021873699040817,0.10688442496899445,방향 불일치,방향 불일치
overall,direct_robust_z,MRO-70005,Lubrication,vibration_v_mms,health,3.0,9,3244,51,0.043616639808323615,0.041666666666666664,-0.19499731416569507,-5.220197360278069,11.864691591835053,0.7879677934903364,1.021873699040817,0.10688442496899445,방향 불일치,방향 불일치
overall,direct_robust_z,MRO-70005,Lubrication,oil_pressure_bar,health,2.0,9,3244,51,0.04890586568134544,0.1037037037037037,5.4797838022358265,-5.205753065885217,27.142276596539592,0.6725982489281194,0.7592592951173545,0.016980730565653374,방향 불일치,방향 불일치
overall,direct_robust_z,MRO-70005,Lubrication,oil_pressure_bar,health,3.0,9,3244,51,0.0034079849357722346,0.0,-0.34079849357722347,-0.7270322960663471,-0.06205793238517076,0.6725982489281194,0.7592592951173545,0.016980730565653374,관계 미약,방향 일치
overall,direct_robust_z,MRO-70005,Lubrication,load_pct,operating_context,2.0,9,3244,51,0.12005164950340132,0.8166666666666667,69.66150171632654,50.22428040907056,84.63182916836386,0.6819049280832542,2.9070167273654515,0.83732139648929,강한 후보,방향 일치
overall,direct_robust_z,MRO-70005,Lubrication,load_pct,operating_context,3.0,9,3244,51,0.05244853355942805,0.40679012345679016,35.43415898973621,12.315724991757856,60.65878410413712,0.6819049280832542,2.9070167273654515,0.83732139648929,강한 후보,방향 일치
overall,direct_robust_z,MRO-70005,Lubrication,shaft_rpm,operating_context,2.0,9,3244,51,0.0857048649402356,0.6490740740740741,56.33692091338385,28.54202278728046,78.27269747651732,0.6709651152786988,2.628253418535239,0.7947095762328135,강한 후보,방향 일치
overall,direct_robust_z,MRO-70005,Lubrication,shaft_rpm,operating_context,3.0,9,3244,51,0.04293375322369793,0.31851851851851853,27.55847652948206,5.486628948241664,55.05361974459655,0.6709651152786988,2.628253418535239,0.7947095762328135,강한 후보,방향 일치
overall,direct_robust_z,MRO-70005,Lubrication,power_consumption_kw,operating_context,2.0,9,3244,51,0.08737111466911951,0.5598765432098766,47.250542854075704,22.17047267641948,69.42405376570258,0.6915776795240984,2.0675979124118626,0.6665888314054516,강한 후보,방향 일치
overall,direct_robust_z,MRO-70005,Lubrication,power_consumption_kw,operating_context,3.0,9,3244,51,0.021047294098313418,0.14537037037037037,12.432307627205695,-1.147780437765991,30.733110286827557,0.6915776795240984,2.0675979124118626,0.6665888314054516,방향 불일치,방향 불일치
overall,direct_robust_z,MRO-80001,Sensor,temp_bearing_degC,health,2.0,10,3574,94,0.0714402343829109,0.0761111111111111,0.4670876728200199,-6.775396303787492,11.553584973083957,0.6866362192989783,0.9394186634039888,0.11086516752803761,방향 불일치,방향 불일치
overall,direct_robust_z,MRO-80001,Sensor,temp_bearing_degC,health,3.0,10,3574,94,0.011722711280041171,0.0,-1.1722711280041171,-2.1043188300130007,-0.49171922227955767,0.6866362192989783,0.9394186634039888,0.11086516752803761,관계 미약,방향 일치
overall,direct_robust_z,MRO-80001,Sensor,temp_motor_degC,health,2.0,10,3574,94,0.06445701173954635,0.08966153127917835,2.5204519539632,-5.483117255521354,14.171806053251151,0.657312552552236,0.9770141332667658,0.23381714542263285,방향 불일치,방향 불일치
overall,direct_robust_z,MRO-80001,Sensor,temp_motor_degC,health,3.0,10,3574,94,0.016128419289326935,0.01111111111111111,-0.5017308178215826,-2.2561939412233887,5.145265620664286,0.657312552552236,0.9770141332667658,0.23381714542263285,관계 미약,방향 일치
overall,direct_robust_z,MRO-80001,Sensor,vibration_h_mms,health,2.0,10,3574,94,0.12733648560436595,0.22809651133180547,10.076002572743953,-3.2686913344093598,25.57771120851698,0.8642596501966946,1.121831861966697,0.11313516568873432,약한 후보,방향 일치
overall,direct_robust_z,MRO-80001,Sensor,vibration_h_mms,health,3.0,10,3574,94,0.05552129158570238,0.047195484254307786,-0.8325807331394597,-5.824171276345956,6.945174052037315,0.8642596501966946,1.121831861966697,0.11313516568873432,방향 불일치,방향 불일치
overall,direct_robust_z,MRO-80001,Sensor,vibration_v_mms,health,2.0,10,3574,94,0.10395697977058767,0.21855402767167473,11.459704790108706,-2.715804754097566,29.484877460754895,0.7921580971135541,1.1335864014513373,0.1755852778308915,방향 불일치,방향 불일치
overall,direct_robust_z,MRO-80001,Sensor,vibration_v_mms,health,3.0,10,3574,94,0.044709521282036715,0.047195484254307786,0.24859629722710705,-4.690810323070347,9.514760476878603,0.7921580971135541,1.1335864014513373,0.1755852778308915,방향 불일치,방향 불일치
overall,direct_robust_z,MRO-80001,Sensor,oil_pressure_bar,health,2.0,10,3574,94,0.04643952153745331,0.08857864357864358,4.213912204119027,-3.8638057674007835,16.334407224798262,0.6727874999829664,0.7957198057093698,0.08469672357514009,방향 불일치,방향 불일치
overall,direct_robust_z,MRO-80001,Sensor,oil_pressure_bar,health,3.0,10,3574,94,0.003067186442195011,0.0202020202020202,1.713483375982519,-0.5590349106277883,7.7569010647708385,0.6727874999829664,0.7957198057093698,0.08469672357514009,방향 불일치,방향 불일치
overall,direct_robust_z,MRO-80001,Sensor,load_pct,operating_context,2.0,10,3574,94,0.11471315121972783,0.8003639334521686,68.56507822324409,53.806381961329784,81.72617622343652,0.677416340336607,3.077261813985256,0.8426433598706874,강한 후보,방향 일치
overall,direct_robust_z,MRO-80001,Sensor,load_pct,operating_context,3.0,10,3574,94,0.04993095293075798,0.48886915372209494,43.8938200791337,24.355312687346867,62.76147440236901,0.677416340336607,3.077261813985256,0.8426433598706874,강한 후보,방향 일치
overall,direct_robust_z,MRO-80001,Sensor,shaft_rpm,operating_context,2.0,10,3574,94,0.0825889239007575,0.6593790849673202,57.67901610665626,35.45210021115893,77.63827148889898,0.6713176796984885,2.888501245675365,0.8075872963315807,강한 후보,방향 일치
overall,direct_robust_z,MRO-80001,Sensor,shaft_rpm,operating_context,3.0,10,3574,94,0.044094923355873596,0.3424480095068331,29.835308615095947,9.152174497044307,53.993065199466976,0.6713176796984885,2.888501245675365,0.8075872963315807,강한 후보,방향 일치
overall,direct_robust_z,MRO-80001,Sensor,power_consumption_kw,operating_context,2.0,10,3574,94,0.08590673047493483,0.5484759358288771,46.25692053539423,23.45185807089935,66.40964821869349,0.6896426483383158,2.2672279818815166,0.6774747679267967,강한 후보,방향 일치
overall,direct_robust_z,MRO-80001,Sensor,power_consumption_kw,operating_context,3.0,10,3574,94,0.021972867718785108,0.297463924963925,27.54910572451399,10.030346285648868,46.1501798853547,0.6896426483383158,2.2672279818815166,0.6774747679267967,강한 후보,방향 일치
overall,direct_robust_z,MRO-80002,Sensor,temp_bearing_degC,health,2.0,10,3574,66,0.0714402343829109,0.04583333333333333,-2.5606901049577573,-7.787564076703186,5.315704033605184,0.6866362192989783,0.7858275887577072,0.05977388863644319,방향 불일치,방향 불일치
overall,direct_robust_z,MRO-80002,Sensor,temp_bearing_degC,health,3.0,10,3574,66,0.011722711280041171,0.0,-1.1722711280041171,-2.069711854555087,-0.5022931652473029,0.6866362192989783,0.7858275887577072,0.05977388863644319,관계 미약,방향 일치
overall,direct_robust_z,MRO-80002,Sensor,temp_motor_degC,health,2.0,10,3574,66,0.06445701173954635,0.05472222222222223,-0.9734789517324122,-6.9465291986987765,10.451375712197196,0.657312552552236,0.8048243429152174,0.1529614204279272,방향 불일치,방향 불일치
overall,direct_robust_z,MRO-80002,Sensor,temp_motor_degC,health,3.0,10,3574,66,0.016128419289326935,0.0,-1.6128419289326936,-2.306774002610517,-0.9741576818377949,0.657312552552236,0.8048243429152174,0.1529614204279272,관계 미약,방향 일치
overall,direct_robust_z,MRO-80002,Sensor,vibration_h_mms,health,2.0,10,3574,66,0.12733648560436595,0.11646825396825396,-1.086823163611199,-12.340696431285771,14.080099766440705,0.8642596501966946,1.048123199434289,0.0939795924410167,방향 불일치,방향 불일치
overall,direct_robust_z,MRO-80002,Sensor,vibration_h_mms,health,3.0,10,3574,66,0.05552129158570238,0.02361111111111111,-3.1910180474591274,-6.26364438765097,2.1967610490390874,0.8642596501966946,1.048123199434289,0.0939795924410167,방향 불일치,방향 불일치
overall,direct_robust_z,MRO-80002,Sensor,vibration_v_mms,health,2.0,10,3574,66,0.10395697977058767,0.02361111111111111,-8.034586865947656,-11.527296923674314,-0.41438885385190366,0.7921580971135541,0.7709491627751515,-0.058372691012199926,역방향,방향 일치
overall,direct_robust_z,MRO-80002,Sensor,vibration_v_mms,health,3.0,10,3574,66,0.044709521282036715,0.01111111111111111,-3.35984101709256,-5.358676306877074,1.6821518910156334,0.7921580971135541,0.7709491627751515,-0.058372691012199926,관계 미약,방향 일치
overall,direct_robust_z,MRO-80002,Sensor,oil_pressure_bar,health,2.0,10,3574,66,0.04643952153745331,0.02909090909090909,-1.7348612446544218,-5.769759512688881,6.863082110682799,0.6727874999829664,0.7580741850907358,0.04585417856480836,방향 불일치,방향 불일치
overall,direct_robust_z,MRO-80002,Sensor,oil_pressure_bar,health,3.0,10,3574,66,0.003067186442195011,0.02,1.6932813557804987,-0.6451385633089691,11.602891192189135,0.6727874999829664,0.7580741850907358,0.04585417856480836,방향 불일치,방향 불일치
overall,direct_robust_z,MRO-80002,Sensor,load_pct,operating_context,2.0,10,3574,66,0.11471315121972783,0.6771969696969696,56.24838184772418,31.437463682655153,79.71041196784637,0.677416340336607,2.663841369255546,0.7547472182908569,강한 후보,방향 일치
overall,direct_robust_z,MRO-80002,Sensor,load_pct,operating_context,3.0,10,3574,66,0.04993095293075798,0.3760353535353535,32.61044006045955,10.479868689365585,55.997650162341074,0.677416340336607,2.663841369255546,0.7547472182908569,강한 후보,방향 일치
overall,direct_robust_z,MRO-80002,Sensor,shaft_rpm,operating_context,2.0,10,3574,66,0.0825889239007575,0.6663131313131314,58.372420741237384,33.94960255716984,78.64908189891652,0.6713176796984885,2.9941379979774014,0.7678172433481826,강한 후보,방향 일치
overall,direct_robust_z,MRO-80002,Sensor,shaft_rpm,operating_context,3.0,10,3574,66,0.044094923355873596,0.4557142857142857,41.1619362358412,16.207294442590836,65.2198163253867,0.6713176796984885,2.9941379979774014,0.7678172433481826,강한 후보,방향 일치
overall,direct_robust_z,MRO-80002,Sensor,power_consumption_kw,operating_context,2.0,10,3574,66,0.08590673047493483,0.5509992784992785,46.50925480243438,22.702539326565496,70.12214130243677,0.6896426483383158,1.9274047960447251,0.583867965024175,강한 후보,방향 일치
overall,direct_robust_z,MRO-80002,Sensor,power_consumption_kw,operating_context,3.0,10,3574,66,0.021972867718785108,0.1742857142857143,15.231284656692917,-0.2453874284998969,37.84039015656947,0.6896426483383158,1.9274047960447251,0.583867965024175,약한 후보,방향 일치
overall,direct_robust_z,MRO-90011,Fastener,temp_bearing_degC,health,2.0,10,3574,51,0.0714402343829109,0.014285714285714285,-5.7154520097196615,-9.236313585673923,0.14057119863810524,0.6866362192989783,0.6934726718084644,0.024810604066397717,방향 불일치,방향 불일치
overall,direct_robust_z,MRO-90011,Fastener,temp_bearing_degC,health,3.0,10,3574,51,0.011722711280041171,0.0,-1.1722711280041171,-2.1281529278705573,-0.4910470986638985,0.6866362192989783,0.6934726718084644,0.024810604066397717,관계 미약,방향 일치
overall,direct_robust_z,MRO-90011,Fastener,temp_motor_degC,health,2.0,10,3574,51,0.06445701173954635,0.056666666666666664,-0.7790345072879685,-7.305407521479416,10.028086962893994,0.657312552552236,0.8527442829051163,0.12088125903509617,방향 불일치,방향 불일치
overall,direct_robust_z,MRO-90011,Fastener,temp_motor_degC,health,3.0,10,3574,51,0.016128419289326935,0.0,-1.6128419289326936,-2.360956314811956,-0.9700060962904068,0.657312552552236,0.8527442829051163,0.12088125903509617,관계 미약,방향 일치
overall,direct_robust_z,MRO-90011,Fastener,vibration_h_mms,health,2.0,10,3574,51,0.12733648560436595,0.09428571428571429,-3.3050771318651653,-12.633574854802802,12.801075612019266,0.8642596501966946,0.9772542777789699,0.12386707695862809,관계 미약,방향 일치
overall,direct_robust_z,MRO-90011,Fastener,vibration_h_mms,health,3.0,10,3574,51,0.05552129158570238,0.0,-5.552129158570239,-6.843961623091965,-4.282514978271493,0.8642596501966946,0.9772542777789699,0.12386707695862809,역방향,방향 일치
overall,direct_robust_z,MRO-90011,Fastener,vibration_v_mms,health,2.0,10,3574,51,0.10395697977058767,0.07666666666666667,-2.7290313103920996,-10.506181327399299,12.524082956892453,0.7921580971135541,0.8111494109352007,-0.09365914888437453,방향 불일치,방향 불일치
overall,direct_robust_z,MRO-90011,Fastener,vibration_v_mms,health,3.0,10,3574,51,0.044709521282036715,0.0,-4.470952128203671,-5.601670778648098,-3.4289055502326478,0.7921580971135541,0.8111494109352007,-0.09365914888437453,관계 미약,방향 일치
overall,direct_robust_z,MRO-90011,Fastener,oil_pressure_bar,health,2.0,10,3574,51,0.04643952153745331,0.04,-0.6439521537453308,-5.989694933991254,12.283482494725078,0.6727874999829664,0.7620813271625863,0.03189124670679328,방향 불일치,방향 불일치
overall,direct_robust_z,MRO-90011,Fastener,oil_pressure_bar,health,3.0,10,3574,51,0.003067186442195011,0.0,-0.3067186442195011,-0.6799310353468879,-0.05934718100890207,0.6727874999829664,0.7620813271625863,0.03189124670679328,관계 미약,방향 일치
overall,direct_robust_z,MRO-90011,Fastener,load_pct,operating_context,2.0,10,3574,51,0.11471315121972783,0.6901587301587301,57.544557893900226,33.80548234173204,77.97284407744051,0.677416340336607,2.896359967681413,0.7804214470574294,강한 후보,방향 일치
overall,direct_robust_z,MRO-90011,Fastener,load_pct,operating_context,3.0,10,3574,51,0.04993095293075798,0.4082539682539682,35.83230153232102,14.572463758906265,57.24284419038789,0.677416340336607,2.896359967681413,0.7804214470574294,강한 후보,방향 일치
overall,direct_robust_z,MRO-90011,Fastener,shaft_rpm,operating_context,2.0,10,3574,51,0.0825889239007575,0.7100000000000001,62.74110760992426,37.57685650893043,83.25407668920546,0.6713176796984885,3.0641800850000043,0.8214524430803358,강한 후보,방향 일치
overall,direct_robust_z,MRO-90011,Fastener,shaft_rpm,operating_context,3.0,10,3574,51,0.044094923355873596,0.4557142857142857,41.1619362358412,16.597054164786062,65.33336460170666,0.6713176796984885,3.0641800850000043,0.8214524430803358,강한 후보,방향 일치
overall,direct_robust_z,MRO-90011,Fastener,power_consumption_kw,operating_context,2.0,10,3574,51,0.08590673047493483,0.5238095238095237,43.79027933345889,18.190628216082104,68.98063977340608,0.6896426483383158,2.406986758874245,0.6756966116821662,강한 후보,방향 일치
overall,direct_robust_z,MRO-90011,Fastener,power_consumption_kw,operating_context,3.0,10,3574,51,0.021972867718785108,0.292063492063492,27.009062434470692,5.791603875411022,51.39387797629917,0.6896426483383158,2.406986758874245,0.6756966116821662,강한 후보,방향 일치
overall,direct_robust_z,MRO-90012,Fastener,temp_bearing_degC,health,2.0,10,3574,49,0.0714402343829109,0.03575757575757575,-3.568265862533515,-8.578526298117351,4.158692271738559,0.6866362192989783,0.9272810557225901,0.1505004090525811,방향 불일치,방향 불일치
overall,direct_robust_z,MRO-90012,Fastener,temp_bearing_degC,health,3.0,10,3574,49,0.011722711280041171,0.0,-1.1722711280041171,-1.9925386868803852,-0.4979532826011188,0.6866362192989783,0.9272810557225901,0.1505004090525811,관계 미약,방향 일치
overall,direct_robust_z,MRO-90012,Fastener,temp_motor_degC,health,2.0,10,3574,49,0.06445701173954635,0.05,-1.4457011739546346,-7.622935767844986,14.094702165467808,0.657312552552236,0.9406375712428202,0.24961820813058253,방향 불일치,방향 불일치
overall,direct_robust_z,MRO-90012,Fastener,temp_motor_degC,health,3.0,10,3574,49,0.016128419289326935,0.0,-1.6128419289326936,-2.3157376001853733,-0.9628919301843485,0.657312552552236,0.9406375712428202,0.24961820813058253,관계 미약,방향 일치
overall,direct_robust_z,MRO-90012,Fastener,vibration_h_mms,health,2.0,10,3574,49,0.12733648560436595,0.05909090909090908,-6.824557651345686,-13.697970364231997,7.878507830634446,0.8642596501966946,0.9781671643128332,0.05611192975302746,역방향,방향 일치
overall,direct_robust_z,MRO-90012,Fastener,vibration_h_mms,health,3.0,10,3574,49,0.05552129158570238,0.04242424242424242,-1.3097049161459964,-6.58751636391271,11.660863169798976,0.8642596501966946,0.9781671643128332,0.05611192975302746,방향 불일치,방향 불일치
overall,direct_robust_z,MRO-90012,Fastener,vibration_v_mms,health,2.0,10,3574,49,0.10395697977058767,0.09242424242424242,-1.1532737346345245,-10.908350624312854,19.295394775259663,0.7921580971135541,0.8995092748839243,0.04913121008099872,방향 불일치,방향 불일치
overall,direct_robust_z,MRO-90012,Fastener,vibration_v_mms,health,3.0,10,3574,49,0.044709521282036715,0.04242424242424242,-0.22852788577942956,-5.388407973255713,15.30953310247505,0.7921580971135541,0.8995092748839243,0.04913121008099872,방향 불일치,방향 불일치
overall,direct_robust_z,MRO-90012,Fastener,oil_pressure_bar,health,2.0,10,3574,49,0.04643952153745331,0.05,0.35604784625466945,-5.459059164159583,14.280232035861008,0.6727874999829664,0.6888770270311955,-0.0002719332144437758,방향 불일치,방향 불일치
overall,direct_robust_z,MRO-90012,Fastener,oil_pressure_bar,health,3.0,10,3574,49,0.003067186442195011,0.0,-0.3067186442195011,-0.7058732979559442,-0.05351668815355972,0.6727874999829664,0.6888770270311955,-0.0002719332144437758,관계 미약,방향 일치
overall,direct_robust_z,MRO-90012,Fastener,load_pct,operating_context,2.0,10,3574,49,0.11471315121972783,0.7193939393939395,60.468078817421166,36.071618091035205,80.5933091551187,0.677416340336607,2.5244275877950013,0.7720751857194841,강한 후보,방향 일치
overall,direct_robust_z,MRO-90012,Fastener,load_pct,operating_context,3.0,10,3574,49,0.04993095293075798,0.3424242424242424,29.249328949348442,5.001176891935165,58.27638428632927,0.677416340336607,2.5244275877950013,0.7720751857194841,강한 후보,방향 일치
overall,direct_robust_z,MRO-90012,Fastener,shaft_rpm,operating_context,2.0,10,3574,49,0.0825889239007575,0.6106060606060606,52.801713670530305,26.67376947058102,79.76121579154635,0.6713176796984885,2.8159923880796343,0.7325445769712845,강한 후보,방향 일치
overall,direct_robust_z,MRO-90012,Fastener,shaft_rpm,operating_context,3.0,10,3574,49,0.044094923355873596,0.4333333333333333,38.92384099774597,13.528510500607766,68.50244674666291,0.6713176796984885,2.8159923880796343,0.7325445769712845,강한 후보,방향 일치
overall,direct_robust_z,MRO-90012,Fastener,power_consumption_kw,operating_context,2.0,10,3574,49,0.08590673047493483,0.4806060606060606,39.46993301311258,13.825970487062667,63.890702250250015,0.6896426483383158,1.7536730729938241,0.5921789119057499,강한 후보,방향 일치
overall,direct_robust_z,MRO-90012,Fastener,power_consumption_kw,operating_context,3.0,10,3574,49,0.021972867718785108,0.13333333333333333,11.136046561454823,-2.198313315243512,31.41717823667571,0.6896426483383158,1.7536730729938241,0.5921789119057499,방향 불일치,방향 불일치
train,direct_robust_z,MRO-10045,Bearing,temp_bearing_degC,health,2.0,10,2388,62,0.06936407086782102,0.026666666666666665,-4.269740420115435,-8.963631122001637,4.895348794585736,0.6744907594765952,0.8967588554098525,0.15551493681219164,관계 미약,방향 일치
train,direct_robust_z,MRO-10045,Bearing,temp_bearing_degC,health,3.0,10,2388,62,0.01356759501871023,0.0,-1.356759501871023,-2.4282140788323225,-0.5731441918155974,0.6744907594765952,0.8967588554098525,0.15551493681219164,관계 미약,방향 일치
train,direct_robust_z,MRO-10045,Bearing,temp_motor_degC,health,2.0,10,2388,62,0.060971652331188085,0.08095238095238096,1.9980728621192871,-6.77834482396401,17.186029000288435,0.6744907594765952,0.8873423015812806,0.11134272162527077,관계 미약,방향 일치
train,direct_robust_z,MRO-10045,Bearing,temp_motor_degC,health,3.0,10,2388,62,0.016048629178002777,0.0,-1.6048629178002778,-2.382459036316284,-0.8520171810658226,0.6744907594765952,0.8873423015812806,0.11134272162527077,관계 미약,방향 일치
train,direct_robust_z,MRO-10045,Bearing,vibration_h_mms,health,2.0,10,2388,62,0.08149477358794939,0.07083333333333333,-1.066144025461606,-8.603645834043045,11.778002124098872,0.6744907594765952,0.7706305287594868,-0.00418530066531739,방향 불일치,방향 불일치
train,direct_robust_z,MRO-10045,Bearing,vibration_h_mms,health,3.0,10,2388,62,0.04915587309392092,0.0125,-3.665587309392092,-6.338312705432449,1.3021088722102045,0.6744907594765952,0.7706305287594868,-0.00418530066531739,관계 미약,방향 일치
train,direct_robust_z,MRO-10045,Bearing,vibration_v_mms,health,2.0,10,2388,62,0.07602495572518629,0.060833333333333336,-1.5191622391852955,-8.089591374701058,10.435729985333326,0.6744907594765952,0.7599719346476397,0.020605859409450134,방향 불일치,방향 불일치
train,direct_robust_z,MRO-10045,Bearing,vibration_v_mms,health,3.0,10,2388,62,0.042948454094391894,0.0125,-3.0448454094391892,-5.592998861900848,2.402711488936782,0.6744907594765952,0.7599719346476397,0.020605859409450134,관계 미약,방향 일치
train,direct_robust_z,MRO-10045,Bearing,oil_pressure_bar,health,2.0,10,2388,62,0.04524566970595204,0.05928571428571429,1.4040044579762248,-5.511635840851774,15.544734381737465,0.6744907594765952,0.7802040081747855,0.16352250908910537,방향 불일치,방향 불일치
train,direct_robust_z,MRO-10045,Bearing,oil_pressure_bar,health,3.0,10,2388,62,0.0024713584288052373,0.0,-0.24713584288052373,-0.6808510638297872,0.0,0.6744907594765952,0.7802040081747855,0.16352250908910537,관계 미약,방향 일치
train,direct_robust_z,MRO-10045,Bearing,load_pct,operating_context,2.0,10,2388,62,0.11533998602669797,0.6920238095238096,57.668382349711166,30.937280838714827,80.35967326784711,0.6744907594765952,2.657658768413622,0.7900271464221176,강한 후보,방향 일치
train,direct_robust_z,MRO-10045,Bearing,load_pct,operating_context,3.0,10,2388,62,0.04991250468040795,0.46011904761904765,41.02065429386397,16.957982825789408,67.17586976090368,0.6744907594765952,2.657658768413622,0.7900271464221176,강한 후보,방향 일치
train,direct_robust_z,MRO-10045,Bearing,shaft_rpm,operating_context,2.0,10,2388,62,0.08237997982145907,0.6925,61.012002017854094,35.40707853062632,81.46328058581756,0.6744907594765952,2.8667012084562797,0.7829575767718355,강한 후보,방향 일치
train,direct_robust_z,MRO-10045,Bearing,shaft_rpm,operating_context,3.0,10,2388,62,0.0455850466474523,0.40309523809523806,35.75101914477858,13.218930058106265,60.99137894241394,0.6744907594765952,2.8667012084562797,0.7829575767718355,강한 후보,방향 일치
train,direct_robust_z,MRO-10045,Bearing,power_consumption_kw,operating_context,2.0,10,2388,62,0.08657949385248934,0.4926190476190476,40.60395537665583,17.837826324520076,66.02638635943627,0.6744907594765952,2.075540229554299,0.6391758601186204,강한 후보,방향 일치
train,direct_robust_z,MRO-10045,Bearing,power_consumption_kw,operating_context,3.0,10,2388,62,0.025631253969656105,0.16428571428571428,13.865446031605819,-1.998832867927415,37.159225920036846,0.6744907594765952,2.075540229554299,0.6391758601186204,약한 후보,방향 일치
train,direct_robust_z,MRO-10046,Bearing,temp_bearing_degC,health,2.0,10,2388,58,0.06936407086782102,0.06666666666666667,-0.26974042011543575,-8.492957988674675,15.295603706840302,0.6744907594765952,0.8908378746892606,0.0844032664354124,방향 불일치,방향 불일치
train,direct_robust_z,MRO-10046,Bearing,temp_bearing_degC,health,3.0,10,2388,58,0.01356759501871023,0.0,-1.356759501871023,-2.4369874645532152,-0.5982763343361672,0.6744907594765952,0.8908378746892606,0.0844032664354124,관계 미약,방향 일치
train,direct_robust_z,MRO-10046,Bearing,temp_motor_degC,health,2.0,10,2388,58,0.060971652331188085,0.0875,2.652834766881191,-5.700780851772763,17.325975821023036,0.6744907594765952,0.9669379528323292,0.20028648232553253,방향 불일치,방향 불일치
train,direct_robust_z,MRO-10046,Bearing,temp_motor_degC,health,3.0,10,2388,58,0.016048629178002777,0.0125,-0.3548629178002777,-2.4066488061042426,5.942434470293217,0.6744907594765952,0.9669379528323292,0.20028648232553253,관계 미약,방향 일치
train,direct_robust_z,MRO-10046,Bearing,vibration_h_mms,health,2.0,10,2388,58,0.08149477358794939,0.06583333333333333,-1.5661440254616064,-8.289524316603377,9.783093568992713,0.6744907594765952,0.5262336016673592,-0.14725547347609308,방향 불일치,방향 불일치
train,direct_robust_z,MRO-10046,Bearing,vibration_h_mms,health,3.0,10,2388,58,0.04915587309392092,0.0325,-1.665587309392092,-5.9975213328878425,7.8781880035855885,0.6744907594765952,0.5262336016673592,-0.14725547347609308,방향 불일치,방향 불일치
train,direct_robust_z,MRO-10046,Bearing,vibration_v_mms,health,2.0,10,2388,58,0.07602495572518629,0.0325,-4.352495572518629,-8.994049855525843,4.981111388390356,0.6744907594765952,0.5948153924232107,-0.13542617855989078,방향 불일치,방향 불일치
train,direct_robust_z,MRO-10046,Bearing,vibration_v_mms,health,3.0,10,2388,58,0.042948454094391894,0.0325,-1.0448454094391892,-5.280609527148708,8.85316772973259,0.6744907594765952,0.5948153924232107,-0.13542617855989078,관계 미약,방향 일치
train,direct_robust_z,MRO-10046,Bearing,oil_pressure_bar,health,2.0,10,2388,58,0.04524566970595204,0.029166666666666664,-1.6079003039285378,-5.767475233601163,6.353930507990562,0.6744907594765952,0.7331474306276756,0.03933395967131557,방향 불일치,방향 불일치
train,direct_robust_z,MRO-10046,Bearing,oil_pressure_bar,health,3.0,10,2388,58,0.0024713584288052373,0.0,-0.24713584288052373,-0.6580400981996728,0.0,0.6744907594765952,0.7331474306276756,0.03933395967131557,방향 불일치,방향 불일치
train,direct_robust_z,MRO-10046,Bearing,load_pct,operating_context,2.0,10,2388,58,0.11533998602669797,0.6108333333333333,49.54933473066354,26.35271945054294,70.71653353601519,0.6744907594765952,2.5285448059355775,0.6779936688310941,강한 후보,방향 일치
train,direct_robust_z,MRO-10046,Bearing,load_pct,operating_context,3.0,10,2388,58,0.04991250468040795,0.3575,30.758749531959207,8.643525356397635,54.11007382805627,0.6744907594765952,2.5285448059355775,0.6779936688310941,강한 후보,방향 일치
train,direct_robust_z,MRO-10046,Bearing,shaft_rpm,operating_context,2.0,10,2388,58,0.08237997982145907,0.6716666666666666,58.92866868452076,37.41473260366708,79.30154223318317,0.6744907594765952,2.875375593225028,0.738345811779008,강한 후보,방향 일치
train,direct_robust_z,MRO-10046,Bearing,shaft_rpm,operating_context,3.0,10,2388,58,0.0455850466474523,0.4033333333333333,35.77482866858811,13.320177009892433,60.438790678537956,0.6744907594765952,2.875375593225028,0.738345811779008,강한 후보,방향 일치
train,direct_robust_z,MRO-10046,Bearing,power_consumption_kw,operating_context,2.0,10,2388,58,0.08657949385248934,0.45666666666666667,37.00871728141774,13.679155623870646,59.93138516900789,0.6744907594765952,1.942108534398304,0.538245361443059,강한 후보,방향 일치
train,direct_robust_z,MRO-10046,Bearing,power_consumption_kw,operating_context,3.0,10,2388,58,0.025631253969656105,0.26999999999999996,24.436874603034386,4.573117916095647,48.27161957458802,0.6744907594765952,1.942108534398304,0.538245361443059,강한 후보,방향 일치
train,direct_robust_z,MRO-10047,Bearing,temp_bearing_degC,health,2.0,10,2388,53,0.06936407086782102,0.08607142857142858,1.6707357703607553,-6.533550536668348,14.386084483417926,0.6744907594765952,1.0463861430232622,0.2652443565358181,방향 불일치,방향 불일치
train,direct_robust_z,MRO-10047,Bearing,temp_bearing_degC,health,3.0,10,2388,53,0.01356759501871023,0.0,-1.356759501871023,-2.3724757091150526,-0.6137753231511244,0.6744907594765952,1.0463861430232622,0.2652443565358181,관계 미약,방향 일치
train,direct_robust_z,MRO-10047,Bearing,temp_motor_degC,health,2.0,10,2388,53,0.060971652331188085,0.08011904761904762,1.9147395287859532,-6.768917970908762,17.004686570711165,0.6744907594765952,0.8418229151601551,0.06419798670234626,방향 불일치,방향 불일치
train,direct_robust_z,MRO-10047,Bearing,temp_motor_degC,health,3.0,10,2388,53,0.016048629178002777,0.014285714285714285,-0.1762914892288492,-2.43347789224536,6.914011865543451,0.6744907594765952,0.8418229151601551,0.06419798670234626,방향 불일치,방향 불일치
train,direct_robust_z,MRO-10047,Bearing,vibration_h_mms,health,2.0,10,2388,53,0.08149477358794939,0.03666666666666667,-4.482810692128273,-9.29662110405683,6.397782220975835,0.6744907594765952,0.6233287149544321,-0.08218001340016604,방향 불일치,방향 불일치
train,direct_robust_z,MRO-10047,Bearing,vibration_h_mms,health,3.0,10,2388,53,0.04915587309392092,0.0,-4.915587309392092,-6.524860046689147,-3.4398852143622243,0.6744907594765952,0.6233287149544321,-0.08218001340016604,관계 미약,방향 일치
train,direct_robust_z,MRO-10047,Bearing,vibration_v_mms,health,2.0,10,2388,53,0.07602495572518629,0.05,-2.6024955725186287,-9.083619686055714,12.233202087763798,0.6744907594765952,0.6968674493642804,-0.013164654496539053,관계 미약,방향 일치
train,direct_robust_z,MRO-10047,Bearing,vibration_v_mms,health,3.0,10,2388,53,0.042948454094391894,0.0,-4.29484540943919,-5.66022466696501,-2.830505064090821,0.6744907594765952,0.6968674493642804,-0.013164654496539053,관계 미약,방향 일치
train,direct_robust_z,MRO-10047,Bearing,oil_pressure_bar,health,2.0,10,2388,53,0.04524566970595204,0.04107142857142857,-0.4174241134523471,-5.558609796059712,9.487855884851319,0.6744907594765952,0.6081747993183813,-0.06013432078304718,방향 불일치,방향 불일치
train,direct_robust_z,MRO-10047,Bearing,oil_pressure_bar,health,3.0,10,2388,53,0.0024713584288052373,0.0,-0.24713584288052373,-0.6810965630114566,0.0,0.6744907594765952,0.6081747993183813,-0.06013432078304718,관계 미약,방향 일치
train,direct_robust_z,MRO-10047,Bearing,load_pct,operating_context,2.0,10,2388,53,0.11533998602669797,0.7385714285714287,62.32314425447307,38.69620692971869,81.02213839060438,0.6744907594765952,2.7982938764797534,0.8214617184559106,강한 후보,방향 일치
train,direct_robust_z,MRO-10047,Bearing,load_pct,operating_context,3.0,10,2388,53,0.04991250468040795,0.5307142857142857,48.08017810338777,22.316098444604137,69.78077346005946,0.6744907594765952,2.7982938764797534,0.8214617184559106,강한 후보,방향 일치
train,direct_robust_z,MRO-10047,Bearing,shaft_rpm,operating_context,2.0,10,2388,53,0.08237997982145907,0.6964285714285714,61.40485916071123,36.5236601464677,81.2174133113291,0.6744907594765952,2.8658992177613842,0.8530956478379013,강한 후보,방향 일치
train,direct_robust_z,MRO-10047,Bearing,shaft_rpm,operating_context,3.0,10,2388,53,0.0455850466474523,0.3802380952380952,33.46530485906429,11.485137753535813,56.577003208312846,0.6744907594765952,2.8658992177613842,0.8530956478379013,강한 후보,방향 일치
train,direct_robust_z,MRO-10047,Bearing,power_consumption_kw,operating_context,2.0,10,2388,53,0.08657949385248934,0.5697619047619048,48.31824109094155,25.64539630782015,70.76950012968203,0.6744907594765952,2.056834810162147,0.6884938851948792,강한 후보,방향 일치
train,direct_robust_z,MRO-10047,Bearing,power_consumption_kw,operating_context,3.0,10,2388,53,0.025631253969656105,0.23928571428571424,21.365446031605813,3.7927414530881305,46.18635565438944,0.6744907594765952,2.056834810162147,0.6884938851948792,강한 후보,방향 일치
train,direct_robust_z,MRO-20031,Seal & Gasket,temp_bearing_degC,health,2.0,10,2388,51,0.06936407086782102,0.039285714285714285,-3.007835658210674,-8.75972585000449,8.657225423994273,0.6744907594765952,0.7772451760209759,0.07916149746471499,방향 불일치,방향 불일치
train,direct_robust_z,MRO-20031,Seal & Gasket,temp_bearing_degC,health,3.0,10,2388,51,0.01356759501871023,0.0,-1.356759501871023,-2.442801909689306,-0.5833370866756183,0.6744907594765952,0.7772451760209759,0.07916149746471499,관계 미약,방향 일치
train,direct_robust_z,MRO-20031,Seal & Gasket,temp_motor_degC,health,2.0,10,2388,51,0.060971652331188085,0.05952380952380952,-0.14478428073785646,-6.985934029282759,15.20081555938733,0.6744907594765952,0.7877808184611894,0.0780468126414365,방향 불일치,방향 불일치
train,direct_robust_z,MRO-20031,Seal & Gasket,temp_motor_degC,health,3.0,10,2388,51,0.016048629178002777,0.0,-1.6048629178002778,-2.421774321736629,-0.8658933855742372,0.6744907594765952,0.7877808184611894,0.0780468126414365,방향 불일치,방향 불일치
train,direct_robust_z,MRO-20031,Seal & Gasket,vibration_h_mms,health,2.0,10,2388,51,0.08149477358794939,0.12694805194805195,4.545327836010256,-6.928675121766826,22.197359660138254,0.6744907594765952,0.8874484968374089,0.12818493965451525,관계 미약,방향 일치
train,direct_robust_z,MRO-20031,Seal & Gasket,vibration_h_mms,health,3.0,10,2388,51,0.04915587309392092,0.055952380952380955,0.6796507858460032,-5.5990214484095375,11.927036943306488,0.6744907594765952,0.8874484968374089,0.12818493965451525,방향 불일치,방향 불일치
train,direct_robust_z,MRO-20031,Seal & Gasket,vibration_v_mms,health,2.0,10,2388,51,0.07602495572518629,0.07932900432900433,0.3304048603818041,-8.045817567477515,14.687085872010275,0.6744907594765952,0.8263084186149954,0.08472862618270209,방향 불일치,방향 불일치
train,direct_robust_z,MRO-20031,Seal & Gasket,vibration_v_mms,health,3.0,10,2388,51,0.042948454094391894,0.055952380952380955,1.300392685798906,-5.029874118202902,12.663623523781617,0.6744907594765952,0.8263084186149954,0.08472862618270209,방향 불일치,방향 불일치
train,direct_robust_z,MRO-20031,Seal & Gasket,oil_pressure_bar,health,2.0,10,2388,51,0.04524566970595204,0.032467532467532464,-1.2778137238419578,-5.082944777800123,6.743658891751125,0.6744907594765952,0.8456378592057735,0.14543429990929627,관계 미약,방향 일치
train,direct_robust_z,MRO-20031,Seal & Gasket,oil_pressure_bar,health,3.0,10,2388,51,0.0024713584288052373,0.0,-0.24713584288052373,-0.7198649754500819,0.0,0.6744907594765952,0.8456378592057735,0.14543429990929627,관계 미약,방향 일치
train,direct_robust_z,MRO-20031,Seal & Gasket,load_pct,operating_context,2.0,10,2388,51,0.11533998602669797,0.8016883116883118,68.63483256616138,48.02743738171176,84.22616632738526,0.6744907594765952,2.730612767208849,0.7733899551643539,강한 후보,방향 일치
train,direct_robust_z,MRO-20031,Seal & Gasket,load_pct,operating_context,3.0,10,2388,51,0.04991250468040795,0.3530952380952381,30.318273341483014,8.357671289437896,58.257691212204946,0.6744907594765952,2.730612767208849,0.7733899551643539,강한 후보,방향 일치
train,direct_robust_z,MRO-20031,Seal & Gasket,shaft_rpm,operating_context,2.0,10,2388,51,0.08237997982145907,0.7664935064935066,68.41135266720475,46.8722452471874,85.18167192831392,0.6744907594765952,3.010714973564726,0.8171273674795728,강한 후보,방향 일치
train,direct_robust_z,MRO-20031,Seal & Gasket,shaft_rpm,operating_context,3.0,10,2388,51,0.0455850466474523,0.3733766233766234,32.779157672917115,9.360962584848911,60.524034644345306,0.6744907594765952,3.010714973564726,0.8171273674795728,강한 후보,방향 일치
train,direct_robust_z,MRO-20031,Seal & Gasket,power_consumption_kw,operating_context,2.0,10,2388,51,0.08657949385248934,0.6043722943722943,51.7792800519805,26.71897686425385,74.60372632725306,0.6744907594765952,2.1195162100233054,0.6896188332343713,강한 후보,방향 일치
train,direct_robust_z,MRO-20031,Seal & Gasket,power_consumption_kw,operating_context,3.0,10,2388,51,0.025631253969656105,0.12380952380952381,9.817826983986771,-2.5906908037293843,30.396340876179796,0.6744907594765952,2.1195162100233054,0.6896188332343713,약한 후보,방향 일치
train,direct_robust_z,MRO-20032,Seal & Gasket,temp_bearing_degC,health,2.0,9,2164,31,0.06963071366265829,0.0,-6.963071366265829,-10.03690332020506,-4.68338608446914,0.6744907594765952,0.8669238920258271,0.0818700858241356,방향 불일치,방향 불일치
train,direct_robust_z,MRO-20032,Seal & Gasket,temp_bearing_degC,health,3.0,9,2164,31,0.014579073830312952,0.0,-1.4579073830312952,-2.6379741234996312,-0.5986615607047691,0.6744907594765952,0.8669238920258271,0.0818700858241356,방향 불일치,방향 불일치
train,direct_robust_z,MRO-20032,Seal & Gasket,temp_motor_degC,health,2.0,9,2164,31,0.06328199465370105,0.027777777777777776,-3.550421687592327,-8.074541234214642,10.483932113050926,0.6744907594765952,0.8037626247464627,0.031779400656447576,방향 불일치,방향 불일치
train,direct_robust_z,MRO-20032,Seal & Gasket,temp_motor_degC,health,3.0,9,2164,31,0.01535165146762213,0.0,-1.535165146762213,-2.3965734199133895,-0.8083902598699375,0.6744907594765952,0.8037626247464627,0.031779400656447576,방향 불일치,방향 불일치
train,direct_robust_z,MRO-20032,Seal & Gasket,vibration_h_mms,health,2.0,9,2164,31,0.08211720874851519,0.1234567901234568,4.133958137494161,-8.80566449734949,24.832475617426912,0.6744907594765952,0.8500441072163603,0.08572324930729393,방향 불일치,방향 불일치
train,direct_robust_z,MRO-20032,Seal & Gasket,vibration_h_mms,health,3.0,9,2164,31,0.04866525581864229,0.027777777777777776,-2.0887478040864513,-6.557720725151282,11.350323357705959,0.6744907594765952,0.8500441072163603,0.08572324930729393,관계 미약,방향 일치
train,direct_robust_z,MRO-20032,Seal & Gasket,vibration_v_mms,health,2.0,9,2164,31,0.07455153810734985,0.027777777777777776,-4.677376032957207,-9.469446250815642,8.18313566006517,0.6744907594765952,0.5313627690548453,-0.24488017178636154,관계 미약,방향 일치
train,direct_robust_z,MRO-20032,Seal & Gasket,vibration_v_mms,health,3.0,9,2164,31,0.043256218835038614,0.027777777777777776,-1.5478441057260837,-5.744421197737865,10.546902974593614,0.6744907594765952,0.5313627690548453,-0.24488017178636154,관계 미약,방향 일치
train,direct_robust_z,MRO-20032,Seal & Gasket,oil_pressure_bar,health,2.0,9,2164,31,0.046304712371692744,0.10493827160493827,5.863355923324552,-5.396190625514479,28.43741241367373,0.6744907594765952,1.0268941526499968,0.2922770376323567,방향 불일치,방향 불일치
train,direct_robust_z,MRO-20032,Seal & Gasket,oil_pressure_bar,health,3.0,9,2164,31,0.002745953809783597,0.0,-0.2745953809783597,-0.8374249863611565,0.0,0.6744907594765952,1.0268941526499968,0.2922770376323567,관계 미약,방향 일치
train,direct_robust_z,MRO-20032,Seal & Gasket,load_pct,operating_context,2.0,9,2164,31,0.11873093685506124,0.7530864197530864,63.435548289802526,34.53678811488391,84.80345407548438,0.6744907594765952,3.085958661506475,0.8395632908996389,강한 후보,방향 일치
train,direct_robust_z,MRO-20032,Seal & Gasket,load_pct,operating_context,3.0,9,2164,31,0.05149008456553264,0.43209876543209874,38.060868086656605,10.108848618219813,67.56812032294177,0.6744907594765952,3.085958661506475,0.8395632908996389,강한 후보,방향 일치
train,direct_robust_z,MRO-20032,Seal & Gasket,shaft_rpm,operating_context,2.0,9,2164,31,0.08756505694447832,0.7438271604938271,65.62621035493488,36.91084823424489,87.07150730389709,0.6744907594765952,3.07718769145193,0.7585339084459451,강한 후보,방향 일치
train,direct_robust_z,MRO-20032,Seal & Gasket,shaft_rpm,operating_context,3.0,9,2164,31,0.05065005183050256,0.5277777777777778,47.712772594727525,17.3122870450819,75.27525210885997,0.6744907594765952,3.07718769145193,0.7585339084459451,강한 후보,방향 일치
train,direct_robust_z,MRO-20032,Seal & Gasket,power_consumption_kw,operating_context,2.0,9,2164,31,0.08578277094721037,0.5246913580246914,43.8908587077481,13.635101799955857,72.65364479913212,0.6744907594765952,2.3912095097955652,0.7340671189223917,방향 불일치,방향 불일치
train,direct_robust_z,MRO-20032,Seal & Gasket,power_consumption_kw,operating_context,3.0,9,2164,31,0.02550298060120519,0.2962962962962963,27.079331569509108,-0.8032619554677881,53.56550171547948,0.6744907594765952,2.3912095097955652,0.7340671189223917,방향 불일치,방향 불일치
train,direct_robust_z,MRO-20033,Seal & Gasket,temp_bearing_degC,health,2.0,10,2388,50,0.06936407086782102,0.10428571428571427,3.492164341789325,-6.51118011470405,19.720631643646524,0.6744907594765952,0.882326756132254,0.17998552030120277,방향 불일치,방향 불일치
train,direct_robust_z,MRO-20033,Seal & Gasket,temp_bearing_degC,health,3.0,10,2388,50,0.01356759501871023,0.02,0.6432404981289771,-2.038695186657754,6.866271941819035,0.6744907594765952,0.882326756132254,0.17998552030120277,방향 불일치,방향 불일치
train,direct_robust_z,MRO-20033,Seal & Gasket,temp_motor_degC,health,2.0,10,2388,50,0.060971652331188085,0.025,-3.597165233118808,-7.669647388953506,8.845216229153438,0.6744907594765952,0.7612762800518242,0.07571711720036936,방향 불일치,방향 불일치
train,direct_robust_z,MRO-20033,Seal & Gasket,temp_motor_degC,health,3.0,10,2388,50,0.016048629178002777,0.0,-1.6048629178002778,-2.4293859427564817,-0.839232335524107,0.6744907594765952,0.7612762800518242,0.07571711720036936,관계 미약,방향 일치
train,direct_robust_z,MRO-20033,Seal & Gasket,vibration_h_mms,health,2.0,10,2388,50,0.08149477358794939,0.09357142857142857,1.207665498347918,-8.864413612831317,16.52781224662251,0.6744907594765952,0.8545699212014339,0.1286429813242255,관계 미약,방향 일치
train,direct_robust_z,MRO-20033,Seal & Gasket,vibration_h_mms,health,3.0,10,2388,50,0.04915587309392092,0.025,-2.415587309392092,-6.3652121643397965,9.531906797708737,0.6744907594765952,0.8545699212014339,0.1286429813242255,관계 미약,방향 일치
train,direct_robust_z,MRO-20033,Seal & Gasket,vibration_v_mms,health,2.0,10,2388,50,0.07602495572518629,0.06428571428571428,-1.1739241439472012,-8.414236823607546,11.93680357162882,0.6744907594765952,0.9104451897083766,0.10827952686069027,방향 불일치,방향 불일치
train,direct_robust_z,MRO-20033,Seal & Gasket,vibration_v_mms,health,3.0,10,2388,50,0.042948454094391894,0.039285714285714285,-0.3662739808677609,-5.310907319403952,10.850425932732819,0.6744907594765952,0.9104451897083766,0.10827952686069027,관계 미약,방향 일치
train,direct_robust_z,MRO-20033,Seal & Gasket,oil_pressure_bar,health,2.0,10,2388,50,0.04524566970595204,0.05428571428571429,0.904004457976225,-5.782159620775698,13.967340422374523,0.6744907594765952,0.5816684957880744,-0.05827411256537973,방향 불일치,방향 불일치
train,direct_robust_z,MRO-20033,Seal & Gasket,oil_pressure_bar,health,3.0,10,2388,50,0.0024713584288052373,0.0,-0.24713584288052373,-0.6808510638297872,0.0,0.6744907594765952,0.5816684957880744,-0.05827411256537973,관계 미약,방향 일치
train,direct_robust_z,MRO-20033,Seal & Gasket,load_pct,operating_context,2.0,10,2388,50,0.11533998602669797,0.7314285714285714,61.60885854018735,36.8850825978009,81.64288992261719,0.6744907594765952,2.664738621290505,0.7812782528886164,강한 후보,방향 일치
train,direct_robust_z,MRO-20033,Seal & Gasket,load_pct,operating_context,3.0,10,2388,50,0.04991250468040795,0.2735714285714286,22.36589238910206,3.511202754779454,45.75333784409607,0.6744907594765952,2.664738621290505,0.7812782528886164,강한 후보,방향 일치
train,direct_robust_z,MRO-20033,Seal & Gasket,shaft_rpm,operating_context,2.0,10,2388,50,0.08237997982145907,0.525,44.262002017854094,17.872985908199606,70.42065790038318,0.6744907594765952,2.6302590650928908,0.7045718415486262,강한 후보,방향 일치
train,direct_robust_z,MRO-20033,Seal & Gasket,shaft_rpm,operating_context,3.0,10,2388,50,0.0455850466474523,0.29285714285714287,24.727209620969056,3.1066890784676815,48.87825050950032,0.6744907594765952,2.6302590650928908,0.7045718415486262,강한 후보,방향 일치
train,direct_robust_z,MRO-20033,Seal & Gasket,power_consumption_kw,operating_context,2.0,10,2388,50,0.08657949385248934,0.4878571428571428,40.127764900465344,14.389486569206182,62.73917845296451,0.6744907594765952,2.0043228022233386,0.6533436409299799,강한 후보,방향 일치
train,direct_robust_z,MRO-20033,Seal & Gasket,power_consumption_kw,operating_context,3.0,10,2388,50,0.025631253969656105,0.1557142857142857,13.00830317446296,0.0380137037202872,32.0452189520378,0.6744907594765952,2.0043228022233386,0.6533436409299799,약한 후보,방향 일치
train,direct_robust_z,MRO-30011,Drive Belt,temp_bearing_degC,health,2.0,10,2388,39,0.06936407086782102,0.09095238095238095,2.158831008455993,-6.360452641556223,16.21133333670216,0.6744907594765952,0.8825888247338348,0.057920616576026394,방향 불일치,방향 불일치
train,direct_robust_z,MRO-30011,Drive Belt,temp_bearing_degC,health,3.0,10,2388,39,0.01356759501871023,0.0,-1.356759501871023,-2.372329579682142,-0.5576958589960955,0.6744907594765952,0.8825888247338348,0.057920616576026394,관계 미약,방향 일치
train,direct_robust_z,MRO-30011,Drive Belt,temp_motor_degC,health,2.0,10,2388,39,0.060971652331188085,0.13999999999999999,7.902834766881189,-6.194060084856964,32.62272609345035,0.6744907594765952,0.9466064696107009,0.1807907212626531,방향 불일치,방향 불일치
train,direct_robust_z,MRO-30011,Drive Belt,temp_motor_degC,health,3.0,10,2388,39,0.016048629178002777,0.0,-1.6048629178002778,-2.4585394462691443,-0.890502109384505,0.6744907594765952,0.9466064696107009,0.1807907212626531,관계 미약,방향 일치
train,direct_robust_z,MRO-30011,Drive Belt,vibration_h_mms,health,2.0,10,2388,39,0.08149477358794939,0.03428571428571429,-4.72090593022351,-9.456269642126239,5.749306931017673,0.6744907594765952,0.7243260214295617,-0.03334380182918935,방향 불일치,방향 불일치
train,direct_robust_z,MRO-30011,Drive Belt,vibration_h_mms,health,3.0,10,2388,39,0.04915587309392092,0.03428571428571429,-1.4870158808206635,-6.207051489806113,8.370505784414327,0.6744907594765952,0.7243260214295617,-0.03334380182918935,방향 불일치,방향 불일치
train,direct_robust_z,MRO-30011,Drive Belt,vibration_v_mms,health,2.0,10,2388,39,0.07602495572518629,0.03428571428571429,-4.1739241439472,-9.109072798934921,6.502047742922749,0.6744907594765952,0.6701278994613702,-0.10964461459882716,방향 불일치,방향 불일치
train,direct_robust_z,MRO-30011,Drive Belt,vibration_v_mms,health,3.0,10,2388,39,0.042948454094391894,0.02,-2.2948454094391892,-5.561931476498127,7.27907467081224,0.6744907594765952,0.6701278994613702,-0.10964461459882716,관계 미약,방향 일치
train,direct_robust_z,MRO-30011,Drive Belt,oil_pressure_bar,health,2.0,10,2388,39,0.04524566970595204,0.016666666666666666,-2.8579003039285378,-5.960113512604683,4.271756294094385,0.6744907594765952,0.6343386580452337,-0.037465348158324994,관계 미약,방향 일치
train,direct_robust_z,MRO-30011,Drive Belt,oil_pressure_bar,health,3.0,10,2388,39,0.0024713584288052373,0.0,-0.24713584288052373,-0.6811988543371522,0.0,0.6744907594765952,0.6343386580452337,-0.037465348158324994,관계 미약,방향 일치
train,direct_robust_z,MRO-30011,Drive Belt,load_pct,operating_context,2.0,10,2388,39,0.11533998602669797,0.8383333333333333,72.29933473066353,50.42166518143136,87.99579229032973,0.6744907594765952,3.1087093279803217,0.8519059886320791,강한 후보,방향 일치
train,direct_robust_z,MRO-30011,Drive Belt,load_pct,operating_context,3.0,10,2388,39,0.04991250468040795,0.5454761904761904,49.55636857957825,22.842615187421096,76.22339417654571,0.6744907594765952,3.1087093279803217,0.8519059886320791,강한 후보,방향 일치
train,direct_robust_z,MRO-30011,Drive Belt,shaft_rpm,operating_context,2.0,10,2388,39,0.08237997982145907,0.6799999999999999,59.76200201785409,32.5302224797397,84.6777510180311,0.6744907594765952,3.0781484883614683,0.8341506091752308,강한 후보,방향 일치
train,direct_robust_z,MRO-30011,Drive Belt,shaft_rpm,operating_context,3.0,10,2388,39,0.0455850466474523,0.38666666666666666,34.108162001921436,8.903869230497017,64.05923167201365,0.6744907594765952,3.0781484883614683,0.8341506091752308,강한 후보,방향 일치
train,direct_robust_z,MRO-30011,Drive Belt,power_consumption_kw,operating_context,2.0,10,2388,39,0.08657949385248934,0.6416666666666667,55.50871728141774,27.466995481876992,79.20078151246841,0.6744907594765952,2.53805022010821,0.752503726033021,강한 후보,방향 일치
train,direct_robust_z,MRO-30011,Drive Belt,power_consumption_kw,operating_context,3.0,10,2388,39,0.025631253969656105,0.320952380952381,29.53211269827249,4.177238602286568,56.027461497027225,0.6744907594765952,2.53805022010821,0.752503726033021,강한 후보,방향 일치
train,direct_robust_z,MRO-30012,Drive Belt,temp_bearing_degC,health,2.0,10,2388,30,0.06936407086782102,0.0,-6.936407086782102,-9.670649267290818,-4.682198912056641,0.6744907594765952,0.8528022124450363,0.01669120009595105,역방향,방향 일치
train,direct_robust_z,MRO-30012,Drive Belt,temp_bearing_degC,health,3.0,10,2388,30,0.01356759501871023,0.0,-1.356759501871023,-2.4130943299781165,-0.5939761871033058,0.6744907594765952,0.8528022124450363,0.01669120009595105,관계 미약,방향 일치
train,direct_robust_z,MRO-30012,Drive Belt,temp_motor_degC,health,2.0,10,2388,30,0.060971652331188085,0.016666666666666666,-4.430498566452141,-7.534244597860232,3.0309158904619355,0.6744907594765952,0.6279446932651236,-0.10696627450430365,관계 미약,방향 일치
train,direct_robust_z,MRO-30012,Drive Belt,temp_motor_degC,health,3.0,10,2388,30,0.016048629178002777,0.0,-1.6048629178002778,-2.4676922986445398,-0.8766469411862087,0.6744907594765952,0.6279446932651236,-0.10696627450430365,관계 미약,방향 일치
train,direct_robust_z,MRO-30012,Drive Belt,vibration_h_mms,health,2.0,10,2388,30,0.08149477358794939,0.15,6.85052264120506,-8.578738044363043,28.651229287516713,0.6744907594765952,0.8373203455149772,0.008040313797350906,약한 후보,방향 일치
train,direct_robust_z,MRO-30012,Drive Belt,vibration_h_mms,health,3.0,10,2388,30,0.04915587309392092,0.03333333333333333,-1.5822539760587588,-6.283186668128827,14.726917704532772,0.6744907594765952,0.8373203455149772,0.008040313797350906,방향 불일치,방향 불일치
train,direct_robust_z,MRO-30012,Drive Belt,vibration_v_mms,health,2.0,10,2388,30,0.07602495572518629,0.03333333333333333,-4.269162239185296,-9.388466044039172,7.346839812588969,0.6744907594765952,0.9000891986574022,0.1206847809556723,방향 불일치,방향 불일치
train,direct_robust_z,MRO-30012,Drive Belt,vibration_v_mms,health,3.0,10,2388,30,0.042948454094391894,0.03333333333333333,-0.9615120761058561,-5.637287098719616,15.065809416971243,0.6744907594765952,0.9000891986574022,0.1206847809556723,관계 미약,방향 일치
train,direct_robust_z,MRO-30012,Drive Belt,oil_pressure_bar,health,2.0,10,2388,30,0.04524566970595204,0.041666666666666664,-0.3579003039285378,-5.621701487222262,11.44465856676457,0.6744907594765952,0.7074676561779596,-0.01293940055363221,관계 미약,방향 일치
train,direct_robust_z,MRO-30012,Drive Belt,oil_pressure_bar,health,3.0,10,2388,30,0.0024713584288052373,0.0,-0.24713584288052373,-0.7336333878887071,0.0,0.6744907594765952,0.7074676561779596,-0.01293940055363221,관계 미약,방향 일치
train,direct_robust_z,MRO-30012,Drive Belt,load_pct,operating_context,2.0,10,2388,30,0.11533998602669797,0.5416666666666667,42.632668063996874,11.588779065881731,69.4671919056548,0.6744907594765952,2.4306881003210377,0.7958377689904198,강한 후보,방향 일치
train,direct_robust_z,MRO-30012,Drive Belt,load_pct,operating_context,3.0,10,2388,30,0.04991250468040795,0.19166666666666665,14.17541619862587,-4.230937968924722,39.28857213485573,0.6744907594765952,2.4306881003210377,0.7958377689904198,약한 후보,방향 일치
train,direct_robust_z,MRO-30012,Drive Belt,shaft_rpm,operating_context,2.0,10,2388,30,0.08237997982145907,0.7,61.76200201785409,33.953020739569595,82.6238764372019,0.6744907594765952,2.969709860051283,0.7915344169330523,강한 후보,방향 일치
train,direct_robust_z,MRO-30012,Drive Belt,shaft_rpm,operating_context,3.0,10,2388,30,0.0455850466474523,0.5666666666666667,52.10816200192143,22.707265818441375,79.53713326582464,0.6744907594765952,2.969709860051283,0.7915344169330523,강한 후보,방향 일치
train,direct_robust_z,MRO-30012,Drive Belt,power_consumption_kw,operating_context,2.0,10,2388,30,0.08657949385248934,0.475,38.84205061475107,12.021793683046031,66.34666960346753,0.6744907594765952,2.019018446257575,0.6072579340864669,강한 후보,방향 일치
train,direct_robust_z,MRO-30012,Drive Belt,power_consumption_kw,operating_context,3.0,10,2388,30,0.025631253969656105,0.19166666666666665,16.603541269701054,-1.943572094804263,41.6043006722841,0.6744907594765952,2.019018446257575,0.6072579340864669,방향 불일치,방향 불일치
train,direct_robust_z,MRO-40021,Filter,temp_bearing_degC,health,2.0,10,2388,35,0.06936407086782102,0.1,3.063592913217898,-7.718163977319349,22.202693150284997,0.6744907594765952,0.9166753310106515,0.14860512419283056,방향 불일치,방향 불일치
train,direct_robust_z,MRO-40021,Filter,temp_bearing_degC,health,3.0,10,2388,35,0.01356759501871023,0.0,-1.356759501871023,-2.4275749285059387,-0.5841091812256426,0.6744907594765952,0.9166753310106515,0.14860512419283056,관계 미약,방향 일치
train,direct_robust_z,MRO-40021,Filter,temp_motor_degC,health,2.0,10,2388,35,0.060971652331188085,0.11666666666666667,5.569501433547859,-7.321010669718208,25.18870699482348,0.6744907594765952,0.9509038654942652,0.1875079617354765,방향 불일치,방향 불일치
train,direct_robust_z,MRO-40021,Filter,temp_motor_degC,health,3.0,10,2388,35,0.016048629178002777,0.0,-1.6048629178002778,-2.4272454140797426,-0.8827264579388253,0.6744907594765952,0.9509038654942652,0.1875079617354765,관계 미약,방향 일치
train,direct_robust_z,MRO-40021,Filter,vibration_h_mms,health,2.0,10,2388,35,0.08149477358794939,0.18666666666666668,10.517189307871728,-7.25736821406646,31.777666438033776,0.6744907594765952,2.8838449189283475,0.29850412833729456,약한 후보,방향 일치
train,direct_robust_z,MRO-40021,Filter,vibration_h_mms,health,3.0,10,2388,35,0.04915587309392092,0.13666666666666666,8.751079357274575,-5.768505667917679,30.01362984048018,0.6744907594765952,2.8838449189283475,0.29850412833729456,방향 불일치,방향 불일치
train,direct_robust_z,MRO-40021,Filter,vibration_v_mms,health,2.0,10,2388,35,0.07602495572518629,0.18666666666666668,11.064171094148039,-6.1642864243976145,36.190877096806965,0.6744907594765952,2.51190253113765,0.3275320397895487,방향 불일치,방향 불일치
train,direct_robust_z,MRO-40021,Filter,vibration_v_mms,health,3.0,10,2388,35,0.042948454094391894,0.13666666666666666,9.371821257227477,-4.600582927755047,31.871112320825745,0.6744907594765952,2.51190253113765,0.3275320397895487,방향 불일치,방향 불일치
train,direct_robust_z,MRO-40021,Filter,oil_pressure_bar,health,2.0,10,2388,35,0.04524566970595204,0.09166666666666666,4.642099696071462,-5.52206177176566,23.82759672271321,0.6744907594765952,0.7181444038459106,0.03980078771913617,방향 불일치,방향 불일치
train,direct_robust_z,MRO-40021,Filter,oil_pressure_bar,health,3.0,10,2388,35,0.0024713584288052373,0.0,-0.24713584288052373,-0.6813420621931262,0.0,0.6744907594765952,0.7181444038459106,0.03980078771913617,관계 미약,방향 일치
train,direct_robust_z,MRO-40021,Filter,load_pct,operating_context,2.0,10,2388,35,0.11533998602669797,0.765,64.9660013973302,40.84125955116088,84.20391902086011,0.6744907594765952,2.777028312313601,0.8236618366118778,강한 후보,방향 일치
train,direct_robust_z,MRO-40021,Filter,load_pct,operating_context,3.0,10,2388,35,0.04991250468040795,0.27666666666666667,22.67541619862587,0.9906734972004597,50.108021953464366,0.6744907594765952,2.777028312313601,0.8236618366118778,강한 후보,방향 일치
train,direct_robust_z,MRO-40021,Filter,shaft_rpm,operating_context,2.0,10,2388,35,0.08237997982145907,0.635,55.262002017854094,27.00833053039923,80.34604969952855,0.6744907594765952,3.1125925042324214,0.8584984286427968,강한 후보,방향 일치
train,direct_robust_z,MRO-40021,Filter,shaft_rpm,operating_context,3.0,10,2388,35,0.0455850466474523,0.38,33.44149533525477,9.5793038838184,59.89884093455828,0.6744907594765952,3.1125925042324214,0.8584984286427968,강한 후보,방향 일치
train,direct_robust_z,MRO-40021,Filter,power_consumption_kw,operating_context,2.0,10,2388,35,0.08657949385248934,0.5700000000000001,48.342050614751074,19.625691505640678,75.57013592199762,0.6744907594765952,2.1073976188053427,0.6481952149222463,강한 후보,방향 일치
train,direct_robust_z,MRO-40021,Filter,power_consumption_kw,operating_context,3.0,10,2388,35,0.025631253969656105,0.15833333333333333,13.270207936367722,-2.0558416561598527,36.73120294890675,0.6744907594765952,2.1073976188053427,0.6481952149222463,약한 후보,방향 일치
train,direct_robust_z,MRO-40022,Filter,temp_bearing_degC,health,2.0,10,2388,60,0.06936407086782102,0.037896825396825394,-3.146724547099563,-8.50444408124301,6.4638384811210665,0.6744907594765952,0.9779321651066144,0.18703812540194648,관계 미약,방향 일치
train,direct_robust_z,MRO-40022,Filter,temp_bearing_degC,health,3.0,10,2388,60,0.01356759501871023,0.01111111111111111,-0.24564839075991196,-2.3116784310467215,5.278853663671855,0.6744907594765952,0.9779321651066144,0.18703812540194648,관계 미약,방향 일치
train,direct_robust_z,MRO-40022,Filter,temp_motor_degC,health,2.0,10,2388,60,0.060971652331188085,0.1775793650793651,11.6607712748177,-2.4263710765364164,33.66816803154361,0.6744907594765952,0.9494019159746916,0.19625126371750884,방향 불일치,방향 불일치
train,direct_robust_z,MRO-40022,Filter,temp_motor_degC,health,3.0,10,2388,60,0.016048629178002777,0.01111111111111111,-0.49375180668916674,-2.3978457593198943,4.714964807950496,0.6744907594765952,0.9494019159746916,0.19625126371750884,관계 미약,방향 일치
train,direct_robust_z,MRO-40022,Filter,vibration_h_mms,health,2.0,10,2388,60,0.08149477358794939,0.09246031746031744,1.0965543872368047,-7.378181805600319,13.498946591977331,0.6744907594765952,0.7557601201604132,0.012044455785290717,관계 미약,방향 일치
train,direct_robust_z,MRO-40022,Filter,vibration_h_mms,health,3.0,10,2388,60,0.04915587309392092,0.06706349206349208,1.7907618969571153,-4.9232074760726015,11.929740207695286,0.6744907594765952,0.7557601201604132,0.012044455785290717,방향 불일치,방향 불일치
train,direct_robust_z,MRO-40022,Filter,vibration_v_mms,health,2.0,10,2388,60,0.07602495572518629,0.1003968253968254,2.437186967163911,-7.103947180203399,17.140848136348986,0.6744907594765952,0.7243168276185137,-0.01858439796066938,관계 미약,방향 일치
train,direct_robust_z,MRO-40022,Filter,vibration_v_mms,health,3.0,10,2388,60,0.042948454094391894,0.03611111111111111,-0.6837342983280786,-4.95918293932914,7.876053651062195,0.6744907594765952,0.7243168276185137,-0.01858439796066938,관계 미약,방향 일치
train,direct_robust_z,MRO-40022,Filter,oil_pressure_bar,health,2.0,10,2388,60,0.04524566970595204,0.1,5.475433029404797,-5.132581861899488,23.403316805372025,0.6744907594765952,0.6817860888235132,-0.05236297773329908,방향 불일치,방향 불일치
train,direct_robust_z,MRO-40022,Filter,oil_pressure_bar,health,3.0,10,2388,60,0.0024713584288052373,0.0,-0.24713584288052373,-0.7005523731587562,0.0,0.6744907594765952,0.6817860888235132,-0.05236297773329908,관계 미약,방향 일치
train,direct_robust_z,MRO-40022,Filter,load_pct,operating_context,2.0,10,2388,60,0.11533998602669797,0.8176587301587303,70.23187441320323,51.66042026819686,84.02197963559362,0.6744907594765952,2.9046360782192497,0.8269889769314117,강한 후보,방향 일치
train,direct_robust_z,MRO-40022,Filter,load_pct,operating_context,3.0,10,2388,60,0.04991250468040795,0.4454365079365079,39.552400325609995,15.19611871024209,63.55197684100492,0.6744907594765952,2.9046360782192497,0.8269889769314117,강한 후보,방향 일치
train,direct_robust_z,MRO-40022,Filter,shaft_rpm,operating_context,2.0,10,2388,60,0.08237997982145907,0.7333333333333333,65.09533535118742,39.958307952822,85.19805553668853,0.6744907594765952,2.9834267322295327,0.8165362260328239,강한 후보,방향 일치
train,direct_robust_z,MRO-40022,Filter,shaft_rpm,operating_context,3.0,10,2388,60,0.0455850466474523,0.35833333333333334,31.274828668588107,8.04805539670959,58.51976602647371,0.6744907594765952,2.9834267322295327,0.8165362260328239,강한 후보,방향 일치
train,direct_robust_z,MRO-40022,Filter,power_consumption_kw,operating_context,2.0,10,2388,60,0.08657949385248934,0.6847222222222221,59.81427283697328,35.551029597489595,79.3955798287417,0.6744907594765952,2.3828995695943873,0.6817732966980723,강한 후보,방향 일치
train,direct_robust_z,MRO-40022,Filter,power_consumption_kw,operating_context,3.0,10,2388,60,0.025631253969656105,0.2634920634920635,23.78608095224074,4.809500584401399,45.98214212878924,0.6744907594765952,2.3828995695943873,0.6817732966980723,강한 후보,방향 일치
train,direct_robust_z,MRO-50008,Electrical,temp_bearing_degC,health,2.0,10,2388,42,0.06936407086782102,0.03333333333333333,-3.603073753448769,-9.387164610314583,12.74527618961602,0.6744907594765952,0.9000249339801037,0.1761194979063186,관계 미약,방향 일치
train,direct_robust_z,MRO-50008,Electrical,temp_bearing_degC,health,3.0,10,2388,42,0.01356759501871023,0.0,-1.356759501871023,-2.4733653824940025,-0.5337974133339108,0.6744907594765952,0.9000249339801037,0.1761194979063186,관계 미약,방향 일치
train,direct_robust_z,MRO-50008,Electrical,temp_motor_degC,health,2.0,10,2388,42,0.060971652331188085,0.08333333333333333,2.2361681002145244,-7.077456756771891,21.690342594014655,0.6744907594765952,1.0246737147988376,0.2614427570769737,방향 불일치,방향 불일치
train,direct_robust_z,MRO-50008,Electrical,temp_motor_degC,health,3.0,10,2388,42,0.016048629178002777,0.0,-1.6048629178002778,-2.4936421795035866,-0.9493572413292072,0.6744907594765952,1.0246737147988376,0.2614427570769737,관계 미약,방향 일치
train,direct_robust_z,MRO-50008,Electrical,vibration_h_mms,health,2.0,10,2388,42,0.08149477358794939,0.09166666666666665,1.0171893078717256,-9.239305771364352,20.40347317847344,0.6744907594765952,0.816990436008119,0.0733481946027231,방향 불일치,방향 불일치
train,direct_robust_z,MRO-50008,Electrical,vibration_h_mms,health,3.0,10,2388,42,0.04915587309392092,0.03333333333333333,-1.5822539760587588,-6.243792689360318,13.688476394704713,0.6744907594765952,0.816990436008119,0.0733481946027231,관계 미약,방향 일치
train,direct_robust_z,MRO-50008,Electrical,vibration_v_mms,health,2.0,10,2388,42,0.07602495572518629,0.10595238095238094,2.9927425227194644,-8.03826169147677,21.839762543104257,0.6744907594765952,0.850414669217052,0.08604653979483394,방향 불일치,방향 불일치
train,direct_robust_z,MRO-50008,Electrical,vibration_v_mms,health,3.0,10,2388,42,0.042948454094391894,0.0,-4.29484540943919,-5.731638005369293,-2.8358882937229577,0.6744907594765952,0.850414669217052,0.08604653979483394,관계 미약,방향 일치
train,direct_robust_z,MRO-50008,Electrical,oil_pressure_bar,health,2.0,10,2388,42,0.04524566970595204,0.10928571428571428,6.404004457976223,-4.75095856143136,25.514026168589997,0.6744907594765952,0.8551581833227878,0.1291736824394199,방향 불일치,방향 불일치
train,direct_robust_z,MRO-50008,Electrical,oil_pressure_bar,health,3.0,10,2388,42,0.0024713584288052373,0.0,-0.24713584288052373,-0.6811988543371522,0.0,0.6744907594765952,0.8551581833227878,0.1291736824394199,관계 미약,방향 일치
train,direct_robust_z,MRO-50008,Electrical,load_pct,operating_context,2.0,10,2388,42,0.11533998602669797,0.7395238095238096,62.418382349711166,39.48107026791415,81.8560528436971,0.6744907594765952,2.9154041401553714,0.7990794623081034,강한 후보,방향 일치
train,direct_robust_z,MRO-50008,Electrical,load_pct,operating_context,3.0,10,2388,42,0.04991250468040795,0.3261904761904762,27.627797151006828,2.996946433760666,57.173707610273546,0.6744907594765952,2.9154041401553714,0.7990794623081034,강한 후보,방향 일치
train,direct_robust_z,MRO-50008,Electrical,shaft_rpm,operating_context,2.0,10,2388,42,0.08237997982145907,0.725,64.26200201785409,39.87698874955256,84.7538707244654,0.6744907594765952,2.912753134602529,0.7442545339157853,강한 후보,방향 일치
train,direct_robust_z,MRO-50008,Electrical,shaft_rpm,operating_context,3.0,10,2388,42,0.0455850466474523,0.3283333333333333,28.274828668588103,6.359659383731204,53.66255130376188,0.6744907594765952,2.912753134602529,0.7442545339157853,강한 후보,방향 일치
train,direct_robust_z,MRO-50008,Electrical,power_consumption_kw,operating_context,2.0,10,2388,42,0.08657949385248934,0.6076190476190477,52.10395537665584,27.586067187918065,75.45612959533176,0.6744907594765952,2.2660967588001477,0.6878865797568959,강한 후보,방향 일치
train,direct_robust_z,MRO-50008,Electrical,power_consumption_kw,operating_context,3.0,10,2388,42,0.025631253969656105,0.2319047619047619,20.62735079351058,1.6490848042563517,41.89010565706908,0.6744907594765952,2.2660967588001477,0.6878865797568959,방향 불일치,방향 불일치
train,direct_robust_z,MRO-50009,Electrical,temp_bearing_degC,health,2.0,10,2388,50,0.06936407086782102,0.0,-6.936407086782102,-9.385475562788544,-4.5470345972492865,0.6744907594765952,0.7712026274936672,0.06309491345558663,역방향,방향 일치
train,direct_robust_z,MRO-50009,Electrical,temp_bearing_degC,health,3.0,10,2388,50,0.01356759501871023,0.0,-1.356759501871023,-2.399751416650611,-0.5486655087645043,0.6744907594765952,0.7712026274936672,0.06309491345558663,관계 미약,방향 일치
train,direct_robust_z,MRO-50009,Electrical,temp_motor_degC,health,2.0,10,2388,50,0.060971652331188085,0.03428571428571429,-2.66859380454738,-7.448039279322882,6.63421024866348,0.6744907594765952,0.870597265004202,0.07897003123625196,관계 미약,방향 일치
train,direct_robust_z,MRO-50009,Electrical,temp_motor_degC,health,3.0,10,2388,50,0.016048629178002777,0.0,-1.6048629178002778,-2.445690825338285,-0.9369939979597584,0.6744907594765952,0.870597265004202,0.07897003123625196,관계 미약,방향 일치
train,direct_robust_z,MRO-50009,Electrical,vibration_h_mms,health,2.0,10,2388,50,0.08149477358794939,0.03428571428571429,-4.72090593022351,-9.402957136571457,5.758760208484919,0.6744907594765952,0.5044133790142792,-0.07968275106154407,방향 불일치,방향 불일치
train,direct_robust_z,MRO-50009,Electrical,vibration_h_mms,health,3.0,10,2388,50,0.04915587309392092,0.0,-4.915587309392092,-6.366484455401137,-3.545183329043134,0.6744907594765952,0.5044133790142792,-0.07968275106154407,관계 미약,방향 일치
train,direct_robust_z,MRO-50009,Electrical,vibration_v_mms,health,2.0,10,2388,50,0.07602495572518629,0.0125,-6.352495572518629,-9.284720657050293,-1.5293715102068561,0.6744907594765952,0.6096678530302317,-0.09148681695543393,역방향,방향 일치
train,direct_robust_z,MRO-50009,Electrical,vibration_v_mms,health,3.0,10,2388,50,0.042948454094391894,0.0125,-3.0448454094391892,-5.588668390489758,2.781511586797466,0.6744907594765952,0.6096678530302317,-0.09148681695543393,관계 미약,방향 일치
train,direct_robust_z,MRO-50009,Electrical,oil_pressure_bar,health,2.0,10,2388,50,0.04524566970595204,0.014285714285714285,-3.095995542023776,-5.709685293821484,2.6459761889764413,0.6744907594765952,0.8432030945822528,0.022941768661619833,관계 미약,방향 일치
train,direct_robust_z,MRO-50009,Electrical,oil_pressure_bar,health,3.0,10,2388,50,0.0024713584288052373,0.0,-0.24713584288052373,-0.6808510638297872,0.0,0.6744907594765952,0.8432030945822528,0.022941768661619833,관계 미약,방향 일치
train,direct_robust_z,MRO-50009,Electrical,load_pct,operating_context,2.0,10,2388,50,0.11533998602669797,0.6496428571428572,53.430287111615925,29.771722562629012,74.26138095302662,0.6744907594765952,2.5108016187355138,0.7310763196423873,강한 후보,방향 일치
train,direct_robust_z,MRO-50009,Electrical,load_pct,operating_context,3.0,10,2388,50,0.04991250468040795,0.30166666666666664,25.175416198625868,3.3927324986278613,50.6104674559363,0.6744907594765952,2.5108016187355138,0.7310763196423873,강한 후보,방향 일치
train,direct_robust_z,MRO-50009,Electrical,shaft_rpm,operating_context,2.0,10,2388,50,0.08237997982145907,0.6369047619047619,55.45247820833028,30.602899364528394,79.84755036861227,0.6744907594765952,2.884162348410829,0.8262884676845239,강한 후보,방향 일치
train,direct_robust_z,MRO-50009,Electrical,shaft_rpm,operating_context,3.0,10,2388,50,0.0455850466474523,0.33345238095238094,28.786733430492866,5.697291486135516,54.113065159928496,0.6744907594765952,2.884162348410829,0.8262884676845239,강한 후보,방향 일치
train,direct_robust_z,MRO-50009,Electrical,power_consumption_kw,operating_context,2.0,10,2388,50,0.08657949385248934,0.3229761904761904,23.639669662370107,3.345442983676441,48.68243901133136,0.6744907594765952,1.9643722459285233,0.5633820847904987,강한 후보,방향 일치
train,direct_robust_z,MRO-50009,Electrical,power_consumption_kw,operating_context,3.0,10,2388,50,0.025631253969656105,0.20416666666666666,17.853541269701058,1.9065188562686493,38.65918628069151,0.6744907594765952,1.9643722459285233,0.5633820847904987,강한 후보,방향 일치
train,direct_robust_z,MRO-60015,Coupling,temp_bearing_degC,health,2.0,9,2160,35,0.06098931850810523,0.03439153439153439,-2.659778411657084,-7.452224252043209,6.381608373108502,0.6744907594765952,0.8019765174534701,0.05543491402807312,관계 미약,방향 일치
train,direct_robust_z,MRO-60015,Coupling,temp_bearing_degC,health,3.0,9,2160,35,0.010689140664063998,0.0,-1.0689140664063999,-1.878666759152898,-0.44382233943869,0.6744907594765952,0.8019765174534701,0.05543491402807312,관계 미약,방향 일치
train,direct_robust_z,MRO-60015,Coupling,temp_motor_degC,health,2.0,9,2160,35,0.05946167997812321,0.0,-5.946167997812321,-7.8800293508479085,-4.283693924883685,0.6744907594765952,0.7189146435427972,-0.019327679771859965,방향 불일치,방향 불일치
train,direct_robust_z,MRO-60015,Coupling,temp_motor_degC,health,3.0,9,2160,35,0.014907833589593725,0.0,-1.4907833589593724,-2.329615924363265,-0.7918781544718018,0.6744907594765952,0.7189146435427972,-0.019327679771859965,관계 미약,방향 일치
train,direct_robust_z,MRO-60015,Coupling,vibration_h_mms,health,2.0,9,2160,35,0.08031583030239992,0.015873015873015872,-6.444281442938404,-9.75985700125789,1.1324381234438106,0.6744907594765952,0.9786967150774968,0.20667693912993867,방향 불일치,방향 불일치
train,direct_robust_z,MRO-60015,Coupling,vibration_h_mms,health,3.0,9,2160,35,0.049744342424044685,0.0,-4.9744342424044685,-6.510675357551337,-3.499288315112783,0.6744907594765952,0.9786967150774968,0.20667693912993867,관계 미약,방향 일치
train,direct_robust_z,MRO-60015,Coupling,vibration_v_mms,health,2.0,9,2160,35,0.07180160772584052,0.12698412698412698,5.518251925828646,-8.740003364709636,28.501110821753716,0.6744907594765952,1.011761094021515,0.09249493450628171,약한 후보,방향 일치
train,direct_robust_z,MRO-60015,Coupling,vibration_v_mms,health,3.0,9,2160,35,0.04187255133295006,0.12698412698412698,8.511157565117692,-5.156802625940703,32.00920328039918,0.6744907594765952,1.011761094021515,0.09249493450628171,방향 불일치,방향 불일치
train,direct_robust_z,MRO-60015,Coupling,oil_pressure_bar,health,2.0,9,2160,35,0.04734898973175958,0.031746031746031744,-1.5602957985727834,-6.302774921831823,9.455286948091794,0.6744907594765952,0.587299810333788,-0.14565272674684315,관계 미약,방향 일치
train,direct_robust_z,MRO-60015,Coupling,oil_pressure_bar,health,3.0,9,2160,35,0.002745953809783597,0.015873015873015872,1.3127062063232275,-0.7568876159301692,9.146468189021379,0.6744907594765952,0.587299810333788,-0.14565272674684315,방향 불일치,방향 불일치
train,direct_robust_z,MRO-60015,Coupling,load_pct,operating_context,2.0,9,2160,35,0.11548497472752017,0.8412698412698413,72.57848665423211,52.33967648512269,87.92102228937334,0.6744907594765952,2.796136538878598,0.8245681465646135,강한 후보,방향 일치
train,direct_robust_z,MRO-60015,Coupling,load_pct,operating_context,3.0,9,2160,35,0.04717373814392306,0.37389770723104054,32.67239690871175,4.490289723590985,61.72103935268828,0.6744907594765952,2.796136538878598,0.8245681465646135,강한 후보,방향 일치
train,direct_robust_z,MRO-60015,Coupling,shaft_rpm,operating_context,2.0,9,2160,35,0.08812200486984731,0.8668430335097003,77.87210286398529,54.65775137912876,91.68316048326146,0.6744907594765952,3.4291221550877666,0.8615008706819707,강한 후보,방향 일치
train,direct_robust_z,MRO-60015,Coupling,shaft_rpm,operating_context,3.0,9,2160,35,0.05065005183050256,0.544973544973545,49.43234931430425,20.884764057215094,75.77970168292212,0.6744907594765952,3.4291221550877666,0.8615008706819707,강한 후보,방향 일치
train,direct_robust_z,MRO-60015,Coupling,power_consumption_kw,operating_context,2.0,9,2160,35,0.08840216665871135,0.6763668430335097,58.796467637479836,29.27269141309508,82.35855213914955,0.6744907594765952,2.213413347109656,0.7036581995545509,강한 후보,방향 일치
train,direct_robust_z,MRO-60015,Coupling,power_consumption_kw,operating_context,3.0,9,2160,35,0.026042523903906392,0.2222222222222222,19.617969831831584,-2.6547936193174455,47.778327936003905,0.6744907594765952,2.213413347109656,0.7036581995545509,약한 후보,방향 일치
train,direct_robust_z,MRO-60016,Coupling,temp_bearing_degC,health,2.0,10,2388,47,0.06936407086782102,0.04857142857142857,-2.079264229639245,-8.138739818503062,8.345439708847422,0.6744907594765952,0.9043147026006254,0.08955406762633711,방향 불일치,방향 불일치
train,direct_robust_z,MRO-60016,Coupling,temp_bearing_degC,health,3.0,10,2388,47,0.01356759501871023,0.0,-1.356759501871023,-2.3849819931406078,-0.5804557982967543,0.6744907594765952,0.9043147026006254,0.08955406762633711,관계 미약,방향 일치
train,direct_robust_z,MRO-60016,Coupling,temp_motor_degC,health,2.0,10,2388,47,0.060971652331188085,0.08444444444444446,2.3472792113256378,-6.491263950675888,17.710742094753446,0.6744907594765952,0.9674266137794625,0.19622183251769254,관계 미약,방향 일치
train,direct_robust_z,MRO-60016,Coupling,temp_motor_degC,health,3.0,10,2388,47,0.016048629178002777,0.0,-1.6048629178002778,-2.499091349493448,-0.8463097726508595,0.6744907594765952,0.9674266137794625,0.19622183251769254,관계 미약,방향 일치
train,direct_robust_z,MRO-60016,Coupling,vibration_h_mms,health,2.0,10,2388,47,0.08149477358794939,0.23206349206349203,15.056871847554266,-4.443490457050314,40.49344802446828,0.6744907594765952,1.866254439744291,0.2666630010277041,약한 후보,방향 일치
train,direct_robust_z,MRO-60016,Coupling,vibration_h_mms,health,3.0,10,2388,47,0.04915587309392092,0.06999999999999999,2.0844126906079072,-5.799000030132726,23.220692509729975,0.6744907594765952,1.866254439744291,0.2666630010277041,방향 불일치,방향 불일치
train,direct_robust_z,MRO-60016,Coupling,vibration_v_mms,health,2.0,10,2388,47,0.07602495572518629,0.1431746031746032,6.714964744941692,-6.220640859523913,27.197881051754397,0.6744907594765952,1.3883855659715971,0.00666734297670885,약한 후보,방향 일치
train,direct_robust_z,MRO-60016,Coupling,vibration_v_mms,health,3.0,10,2388,47,0.042948454094391894,0.06999999999999999,2.70515459056081,-5.227869048892772,23.104971491490303,0.6744907594765952,1.3883855659715971,0.00666734297670885,방향 불일치,방향 불일치
train,direct_robust_z,MRO-60016,Coupling,oil_pressure_bar,health,2.0,10,2388,47,0.04524566970595204,0.05428571428571429,0.904004457976225,-5.618299706893977,13.421816628407798,0.6744907594765952,0.7923365944836069,0.1010112091185236,방향 불일치,방향 불일치
train,direct_robust_z,MRO-60016,Coupling,oil_pressure_bar,health,3.0,10,2388,47,0.0024713584288052373,0.0,-0.24713584288052373,-0.6952741407528641,0.0,0.6744907594765952,0.7923365944836069,0.1010112091185236,관계 미약,방향 일치
train,direct_robust_z,MRO-60016,Coupling,load_pct,operating_context,2.0,10,2388,47,0.11533998602669797,0.7951587301587302,67.98187441320323,45.633970844931184,85.29014637362334,0.6744907594765952,2.983115826897815,0.8231427535307894,강한 후보,방향 일치
train,direct_robust_z,MRO-60016,Coupling,load_pct,operating_context,3.0,10,2388,47,0.04991250468040795,0.4440476190476191,39.413511436721116,12.539155331250312,66.80145661452002,0.6744907594765952,2.983115826897815,0.8231427535307894,강한 후보,방향 일치
train,direct_robust_z,MRO-60016,Coupling,shaft_rpm,operating_context,2.0,10,2388,47,0.08237997982145907,0.6449206349206349,56.25406550991758,29.833629698782858,79.4117097158472,0.6744907594765952,2.8921133578634075,0.7620784352466774,강한 후보,방향 일치
train,direct_robust_z,MRO-60016,Coupling,shaft_rpm,operating_context,3.0,10,2388,47,0.0455850466474523,0.390952380952381,34.53673343049287,10.631114146776087,60.39540678190455,0.6744907594765952,2.8921133578634075,0.7620784352466774,방향 불일치,방향 불일치
train,direct_robust_z,MRO-60016,Coupling,power_consumption_kw,operating_context,2.0,10,2388,47,0.08657949385248934,0.5730158730158731,48.64363791633838,24.16381831918941,71.18857713377504,0.6744907594765952,2.085859292205833,0.6424074323647982,강한 후보,방향 일치
train,direct_robust_z,MRO-60016,Coupling,power_consumption_kw,operating_context,3.0,10,2388,47,0.025631253969656105,0.16666666666666666,14.103541269701056,-2.602311986276203,41.03673503106864,0.6744907594765952,2.085859292205833,0.6424074323647982,방향 불일치,방향 불일치
train,direct_robust_z,MRO-70004,Lubrication,temp_bearing_degC,health,2.0,10,2388,35,0.06936407086782102,0.05357142857142857,-1.5792642296392454,-8.369252649640233,10.858237145294316,0.6744907594765952,0.8406761475014489,0.09323958628106883,방향 불일치,방향 불일치
train,direct_robust_z,MRO-70004,Lubrication,temp_bearing_degC,health,3.0,10,2388,35,0.01356759501871023,0.014285714285714285,0.07181192670040557,-2.3067958144328347,6.694764977982262,0.6744907594765952,0.8406761475014489,0.09323958628106883,방향 불일치,방향 불일치
train,direct_robust_z,MRO-70004,Lubrication,temp_motor_degC,health,2.0,10,2388,35,0.060971652331188085,0.10595238095238094,4.498072862119285,-5.901097165044828,22.059892415149633,0.6744907594765952,1.0023007226318328,0.1822173735347472,방향 불일치,방향 불일치
train,direct_robust_z,MRO-70004,Lubrication,temp_motor_degC,health,3.0,10,2388,35,0.016048629178002777,0.014285714285714285,-0.1762914892288492,-2.3614583342459294,7.029495811879626,0.6744907594765952,1.0023007226318328,0.1822173735347472,관계 미약,방향 일치
train,direct_robust_z,MRO-70004,Lubrication,vibration_h_mms,health,2.0,10,2388,35,0.08149477358794939,0.08511904761904762,0.3624274031098232,-9.045226314834261,17.444565269894238,0.6744907594765952,0.8084494235337907,0.08284597959659193,관계 미약,방향 일치
train,direct_robust_z,MRO-70004,Lubrication,vibration_h_mms,health,3.0,10,2388,35,0.04915587309392092,0.05178571428571428,0.26298411917933595,-5.679115446810295,11.397827240752639,0.6744907594765952,0.8084494235337907,0.08284597959659193,방향 불일치,방향 불일치
train,direct_robust_z,MRO-70004,Lubrication,vibration_v_mms,health,2.0,10,2388,35,0.07602495572518629,0.08511904761904762,0.9094091893861331,-8.442061445022748,16.9127649956694,0.6744907594765952,0.8020471796330497,0.05113544437037707,관계 미약,방향 일치
train,direct_robust_z,MRO-70004,Lubrication,vibration_v_mms,health,3.0,10,2388,35,0.042948454094391894,0.039285714285714285,-0.3662739808677609,-5.375886606331458,10.270809853674923,0.6744907594765952,0.8020471796330497,0.05113544437037707,관계 미약,방향 일치
train,direct_robust_z,MRO-70004,Lubrication,oil_pressure_bar,health,2.0,10,2388,35,0.04524566970595204,0.0,-4.524566970595204,-6.281487996857455,-3.0580840686702073,0.6744907594765952,0.731802752080075,4.1078849102110795e-05,관계 미약,방향 일치
train,direct_robust_z,MRO-70004,Lubrication,oil_pressure_bar,health,3.0,10,2388,35,0.0024713584288052373,0.0,-0.24713584288052373,-0.7087356792144026,0.0,0.6744907594765952,0.731802752080075,4.1078849102110795e-05,관계 미약,방향 일치
train,direct_robust_z,MRO-70004,Lubrication,load_pct,operating_context,2.0,10,2388,35,0.11533998602669797,0.9041666666666666,78.88266806399686,62.11211695758526,88.70315415384356,0.6744907594765952,2.8999321938891525,0.8661447702219707,강한 후보,방향 일치
train,direct_robust_z,MRO-70004,Lubrication,load_pct,operating_context,3.0,10,2388,35,0.04991250468040795,0.45059523809523805,40.06827334148301,12.659581082264014,64.70807911430289,0.6744907594765952,2.8999321938891525,0.8661447702219707,강한 후보,방향 일치
train,direct_robust_z,MRO-70004,Lubrication,shaft_rpm,operating_context,2.0,10,2388,35,0.08237997982145907,0.5875,50.512002017854094,22.40650170826785,77.02737407775004,0.6744907594765952,2.591931090774945,0.5657603097069877,강한 후보,방향 일치
train,direct_robust_z,MRO-70004,Lubrication,shaft_rpm,operating_context,3.0,10,2388,35,0.0455850466474523,0.3898809523809524,34.42959057335001,7.2596147557233035,62.28177924874161,0.6744907594765952,2.591931090774945,0.5657603097069877,강한 후보,방향 일치
train,direct_robust_z,MRO-70004,Lubrication,power_consumption_kw,operating_context,2.0,10,2388,35,0.08657949385248934,0.6654761904761904,57.88966966237011,28.855744963450384,83.17904715373747,0.6744907594765952,2.268003770489062,0.7352471122300118,강한 후보,방향 일치
train,direct_robust_z,MRO-70004,Lubrication,power_consumption_kw,operating_context,3.0,10,2388,35,0.025631253969656105,0.2119047619047619,18.62735079351058,1.047398167264662,41.44261539095475,0.6744907594765952,2.268003770489062,0.7352471122300118,방향 불일치,방향 불일치
train,direct_robust_z,MRO-70005,Lubrication,temp_bearing_degC,health,2.0,9,2168,32,0.07050553328747791,0.14814814814814814,7.7642614860670225,-6.757491913269055,32.58820010947751,0.6744907594765952,0.8411476719386105,0.09712935519082477,방향 불일치,방향 불일치
train,direct_robust_z,MRO-70005,Lubrication,temp_bearing_degC,health,3.0,9,2168,32,0.013559954061193183,0.0,-1.3559954061193182,-2.490948099486209,-0.547486606424486,0.6744907594765952,0.8411476719386105,0.09712935519082477,관계 미약,방향 일치
train,direct_robust_z,MRO-70005,Lubrication,temp_motor_degC,health,2.0,9,2168,32,0.060170522792229196,0.027777777777777776,-3.239274501445142,-7.644033243469204,7.234842688090306,0.6744907594765952,0.9744787293436598,0.29440352446540324,방향 불일치,방향 불일치
train,direct_robust_z,MRO-70005,Lubrication,temp_motor_degC,health,3.0,9,2168,32,0.015811608177578842,0.0,-1.5811608177578842,-2.480443950624263,-0.7562344933948016,0.6744907594765952,0.9744787293436598,0.29440352446540324,관계 미약,방향 일치
train,direct_robust_z,MRO-70005,Lubrication,vibration_h_mms,health,2.0,9,2168,32,0.08044873833004478,0.09259259259259259,1.2143854262547813,-8.813494692322232,19.485870067154526,0.6744907594765952,0.5477746365851456,-0.1457649321935568,관계 미약,방향 일치
train,direct_robust_z,MRO-70005,Lubrication,vibration_h_mms,health,3.0,9,2168,32,0.049062081215467686,0.027777777777777776,-2.128430343768991,-6.34266578370915,7.457013941160672,0.6744907594765952,0.5477746365851456,-0.1457649321935568,방향 불일치,방향 불일치
train,direct_robust_z,MRO-70005,Lubrication,vibration_v_mms,health,2.0,9,2168,32,0.07538126393707567,0.05555555555555555,-1.9825708381520117,-8.943315046383566,11.898249662434422,0.6744907594765952,0.8362092147237694,0.09673099606142495,방향 불일치,방향 불일치
train,direct_robust_z,MRO-70005,Lubrication,vibration_v_mms,health,3.0,9,2168,32,0.04165989848871827,0.027777777777777776,-1.388212071094049,-5.313287335070311,7.6728984660733826,0.6744907594765952,0.8362092147237694,0.09673099606142495,방향 불일치,방향 불일치
train,direct_robust_z,MRO-70005,Lubrication,oil_pressure_bar,health,2.0,9,2168,32,0.04724266330964369,0.18518518518518517,13.794252187554148,-4.8780549195985445,40.12984349046875,0.6744907594765952,0.9130984894283619,0.054410037427345764,방향 불일치,방향 불일치
train,direct_robust_z,MRO-70005,Lubrication,oil_pressure_bar,health,3.0,9,2168,32,0.002745953809783597,0.0,-0.2745953809783597,-0.7538416075650117,0.0,0.6744907594765952,0.9130984894283619,0.054410037427345764,관계 미약,방향 일치
train,direct_robust_z,MRO-70005,Lubrication,load_pct,operating_context,2.0,9,2168,32,0.12057978245390684,0.8703703703703703,74.97905879164635,51.092991407138356,87.8821832421884,0.6744907594765952,2.97224539777754,0.8492617826856421,강한 후보,방향 일치
train,direct_robust_z,MRO-70005,Lubrication,load_pct,operating_context,3.0,9,2168,32,0.05192298499843307,0.41111111111111115,35.91881261126781,11.132094682561856,63.5711944797456,0.6744907594765952,2.97224539777754,0.8492617826856421,강한 후보,방향 일치
train,direct_robust_z,MRO-70005,Lubrication,shaft_rpm,operating_context,2.0,9,2168,32,0.08547270485212623,0.587037037037037,50.15643321849108,22.720023632084647,75.44378434030575,0.6744907594765952,2.625065907438645,0.8020038320617249,강한 후보,방향 일치
train,direct_robust_z,MRO-70005,Lubrication,shaft_rpm,operating_context,3.0,9,2168,32,0.04458944576989649,0.3333333333333333,28.874388756343684,1.8613692014335566,58.29762656872396,0.6744907594765952,2.625065907438645,0.8020038320617249,강한 후보,방향 일치
train,direct_robust_z,MRO-70005,Lubrication,power_consumption_kw,operating_context,2.0,9,2168,32,0.08761357902801846,0.5518518518518518,46.423827282383336,18.035225131380127,75.3099459120351,0.6744907594765952,2.0559016135420825,0.6004715540343599,강한 후보,방향 일치
train,direct_robust_z,MRO-70005,Lubrication,power_consumption_kw,operating_context,3.0,9,2168,32,0.02443876703699163,0.17592592592592593,15.14871588889343,-1.7840723192123873,39.9495638389752,0.6744907594765952,2.0559016135420825,0.6004715540343599,방향 불일치,방향 불일치
train,direct_robust_z,MRO-80001,Sensor,temp_bearing_degC,health,2.0,10,2388,63,0.06936407086782102,0.08857142857142858,1.9207357703607555,-7.1302888878929345,17.212347269192172,0.6744907594765952,0.9108215825491058,0.07798168288316518,방향 불일치,방향 불일치
train,direct_robust_z,MRO-80001,Sensor,temp_bearing_degC,health,3.0,10,2388,63,0.01356759501871023,0.0,-1.356759501871023,-2.4262288790014543,-0.6359547980650111,0.6744907594765952,0.9108215825491058,0.07798168288316518,관계 미약,방향 일치
train,direct_robust_z,MRO-80001,Sensor,temp_motor_degC,health,2.0,10,2388,63,0.060971652331188085,0.08511904761904761,2.4147395287859523,-5.945584352700026,17.35434339504612,0.6744907594765952,0.8113885283214595,0.16651444438924481,방향 불일치,방향 불일치
train,direct_robust_z,MRO-80001,Sensor,temp_motor_degC,health,3.0,10,2388,63,0.016048629178002777,0.0125,-0.3548629178002777,-2.3708798871754655,5.415707431208122,0.6744907594765952,0.8113885283214595,0.16651444438924481,관계 미약,방향 일치
train,direct_robust_z,MRO-80001,Sensor,vibration_h_mms,health,2.0,10,2388,63,0.08149477358794939,0.09380952380952381,1.2314750221574424,-8.368368199459754,16.62285469218527,0.6744907594765952,0.7399626794755847,0.016404429464189033,관계 미약,방향 일치
train,direct_robust_z,MRO-80001,Sensor,vibration_h_mms,health,3.0,10,2388,63,0.04915587309392092,0.03428571428571429,-1.4870158808206635,-5.7599775135806235,8.08218895244041,0.6744907594765952,0.7399626794755847,0.016404429464189033,방향 불일치,방향 불일치
train,direct_robust_z,MRO-80001,Sensor,vibration_v_mms,health,2.0,10,2388,63,0.07602495572518629,0.05095238095238095,-2.5072574772805343,-8.617653992798994,8.19817951121077,0.6744907594765952,0.7967992719345558,0.0595280923587127,방향 불일치,방향 불일치
train,direct_robust_z,MRO-80001,Sensor,vibration_v_mms,health,3.0,10,2388,63,0.042948454094391894,0.03428571428571429,-0.8662739808677606,-5.399339296580136,8.35634620712345,0.6744907594765952,0.7967992719345558,0.0595280923587127,방향 불일치,방향 불일치
train,direct_robust_z,MRO-80001,Sensor,oil_pressure_bar,health,2.0,10,2388,63,0.04524566970595204,0.1019047619047619,5.6659092198809855,-4.800348291772526,23.31594815575064,0.6744907594765952,0.8364474295591047,0.08713339333989431,방향 불일치,방향 불일치
train,direct_robust_z,MRO-80001,Sensor,oil_pressure_bar,health,3.0,10,2388,63,0.0024713584288052373,0.0,-0.24713584288052373,-0.6808510638297872,0.0,0.6744907594765952,0.8364474295591047,0.08713339333989431,방향 불일치,방향 불일치
train,direct_robust_z,MRO-80001,Sensor,load_pct,operating_context,2.0,10,2388,63,0.11533998602669797,0.809404761904762,69.4064775878064,50.97475178832275,83.73737425966361,0.6744907594765952,3.222919737776388,0.8447220095231911,강한 후보,방향 일치
train,direct_robust_z,MRO-80001,Sensor,load_pct,operating_context,3.0,10,2388,63,0.04991250468040795,0.5634523809523809,51.3539876271973,28.9911536071289,73.91557444277792,0.6744907594765952,3.222919737776388,0.8447220095231911,강한 후보,방향 일치
train,direct_robust_z,MRO-80001,Sensor,shaft_rpm,operating_context,2.0,10,2388,63,0.08237997982145907,0.6588095238095237,57.64295439880647,33.99897839669528,78.62226804104552,0.6744907594765952,2.7714765431270196,0.8007478597631857,강한 후보,방향 일치
train,direct_robust_z,MRO-80001,Sensor,shaft_rpm,operating_context,3.0,10,2388,63,0.0455850466474523,0.3114285714285714,26.58435247811191,4.91778520528307,51.9748698104077,0.6744907594765952,2.7714765431270196,0.8007478597631857,강한 후보,방향 일치
train,direct_robust_z,MRO-80001,Sensor,power_consumption_kw,operating_context,2.0,10,2388,63,0.08657949385248934,0.5572619047619048,47.068241090941555,23.479374534831116,71.04200575460374,0.6744907594765952,2.3647535301439855,0.6804501515858423,강한 후보,방향 일치
train,direct_robust_z,MRO-80001,Sensor,power_consumption_kw,operating_context,3.0,10,2388,63,0.025631253969656105,0.3163095238095238,29.067826983986773,9.181712450371128,54.06236111465899,0.6744907594765952,2.3647535301439855,0.6804501515858423,강한 후보,방향 일치
train,direct_robust_z,MRO-80002,Sensor,temp_bearing_degC,health,2.0,10,2388,43,0.06936407086782102,0.041666666666666664,-2.769740420115436,-7.922827288432009,5.655281963688749,0.6744907594765952,0.7595671764546844,0.05302567321131454,방향 불일치,방향 불일치
train,direct_robust_z,MRO-80002,Sensor,temp_bearing_degC,health,3.0,10,2388,43,0.01356759501871023,0.0,-1.356759501871023,-2.3750460506541944,-0.5944561827884431,0.6744907594765952,0.7595671764546844,0.05302567321131454,관계 미약,방향 일치
train,direct_robust_z,MRO-80002,Sensor,temp_motor_degC,health,2.0,10,2388,43,0.060971652331188085,0.06666666666666667,0.5695014335478581,-6.640988742640207,14.215541114444004,0.6744907594765952,0.8539411970717337,0.09371720001742281,방향 불일치,방향 불일치
train,direct_robust_z,MRO-80002,Sensor,temp_motor_degC,health,3.0,10,2388,43,0.016048629178002777,0.0,-1.6048629178002778,-2.468293048531394,-0.8800587070544281,0.6744907594765952,0.8539411970717337,0.09371720001742281,관계 미약,방향 일치
train,direct_robust_z,MRO-80002,Sensor,vibration_h_mms,health,2.0,10,2388,43,0.08149477358794939,0.05833333333333333,-2.316144025461606,-9.134055956072464,12.343482585226774,0.6744907594765952,0.8621755388300854,0.12662938696741227,방향 불일치,방향 불일치
train,direct_robust_z,MRO-80002,Sensor,vibration_h_mms,health,3.0,10,2388,43,0.04915587309392092,0.03333333333333333,-1.5822539760587588,-6.024877570278348,14.15922750581473,0.6744907594765952,0.8621755388300854,0.12662938696741227,방향 불일치,방향 불일치
train,direct_robust_z,MRO-80002,Sensor,vibration_v_mms,health,2.0,10,2388,43,0.07602495572518629,0.05,-2.6024955725186287,-8.6934367065703,10.232265994825871,0.6744907594765952,0.6903012798882847,-0.034278823365296175,관계 미약,방향 일치
train,direct_robust_z,MRO-80002,Sensor,vibration_v_mms,health,3.0,10,2388,43,0.042948454094391894,0.03333333333333333,-0.9615120761058561,-5.419474535258566,12.9788054897305,0.6744907594765952,0.6903012798882847,-0.034278823365296175,관계 미약,방향 일치
train,direct_robust_z,MRO-80002,Sensor,oil_pressure_bar,health,2.0,10,2388,43,0.04524566970595204,0.025,-2.0245669705952043,-6.079679046381612,9.48446265136721,0.6744907594765952,0.7120521135729134,-0.01409703586933268,방향 불일치,방향 불일치
train,direct_robust_z,MRO-80002,Sensor,oil_pressure_bar,health,3.0,10,2388,43,0.0024713584288052373,0.025,2.2528641571194763,-0.6382978723404255,14.76968085106383,0.6744907594765952,0.7120521135729134,-0.01409703586933268,방향 불일치,방향 불일치
train,direct_robust_z,MRO-80002,Sensor,load_pct,operating_context,2.0,10,2388,43,0.11533998602669797,0.6375,52.2160013973302,25.344415746327872,78.1547471262407,0.6744907594765952,2.6861450999937833,0.7487220056252542,강한 후보,방향 일치
train,direct_robust_z,MRO-80002,Sensor,load_pct,operating_context,3.0,10,2388,43,0.04991250468040795,0.3277777777777778,27.786527309736986,6.030253247911499,54.0185840976337,0.6744907594765952,2.6861450999937833,0.7487220056252542,강한 후보,방향 일치
train,direct_robust_z,MRO-80002,Sensor,shaft_rpm,operating_context,2.0,10,2388,43,0.08237997982145907,0.5708333333333333,48.84533535118742,20.594855726602855,73.80999555827081,0.6744907594765952,2.800788680985785,0.737460610451498,강한 후보,방향 일치
train,direct_robust_z,MRO-80002,Sensor,shaft_rpm,operating_context,3.0,10,2388,43,0.0455850466474523,0.41666666666666663,37.108162001921436,12.782665435742283,62.635575964523674,0.6744907594765952,2.800788680985785,0.737460610451498,강한 후보,방향 일치
train,direct_robust_z,MRO-80002,Sensor,power_consumption_kw,operating_context,2.0,10,2388,43,0.08657949385248934,0.601388888888889,51.480939503639966,23.927757923159785,76.04185114423974,0.6744907594765952,1.8672532020200403,0.556337839249915,강한 후보,방향 일치
train,direct_robust_z,MRO-80002,Sensor,power_consumption_kw,operating_context,3.0,10,2388,43,0.025631253969656105,0.1,7.436874603034391,-2.9512216165446103,27.895530094645718,0.6744907594765952,1.8672532020200403,0.556337839249915,약한 후보,방향 일치
train,direct_robust_z,MRO-90011,Fastener,temp_bearing_degC,health,2.0,10,2388,29,0.06936407086782102,0.0,-6.936407086782102,-9.620757335403693,-4.642372678879069,0.6744907594765952,0.7946298614419781,0.037511734997293586,방향 불일치,방향 불일치
train,direct_robust_z,MRO-90011,Fastener,temp_bearing_degC,health,3.0,10,2388,29,0.01356759501871023,0.0,-1.356759501871023,-2.3581732752732307,-0.6090740339743006,0.6744907594765952,0.7946298614419781,0.037511734997293586,관계 미약,방향 일치
train,direct_robust_z,MRO-90011,Fastener,temp_motor_degC,health,2.0,10,2388,29,0.060971652331188085,0.08333333333333333,2.2361681002145244,-6.7269596101831555,19.572217073852446,0.6744907594765952,0.8344536272173337,0.10694046880331513,방향 불일치,방향 불일치
train,direct_robust_z,MRO-90011,Fastener,temp_motor_degC,health,3.0,10,2388,29,0.016048629178002777,0.0,-1.6048629178002778,-2.4511058087654276,-0.9278049791511626,0.6744907594765952,0.8344536272173337,0.10694046880331513,관계 미약,방향 일치
train,direct_robust_z,MRO-90011,Fastener,vibration_h_mms,health,2.0,10,2388,29,0.08149477358794939,0.05333333333333333,-2.816144025461606,-9.425170723397288,11.453871925849498,0.6744907594765952,0.881941542479143,0.20122718176917428,관계 미약,방향 일치
train,direct_robust_z,MRO-90011,Fastener,vibration_h_mms,health,3.0,10,2388,29,0.04915587309392092,0.0,-4.915587309392092,-6.357991077224569,-3.504001255853626,0.6744907594765952,0.881941542479143,0.20122718176917428,관계 미약,방향 일치
train,direct_robust_z,MRO-90011,Fastener,vibration_v_mms,health,2.0,10,2388,29,0.07602495572518629,0.03333333333333333,-4.269162239185296,-9.06782813915096,11.272220983820278,0.6744907594765952,0.6650436398558474,-0.100330653840496,방향 불일치,방향 불일치
train,direct_robust_z,MRO-90011,Fastener,vibration_v_mms,health,3.0,10,2388,29,0.042948454094391894,0.0,-4.29484540943919,-5.78340683906629,-2.85420248850939,0.6744907594765952,0.6650436398558474,-0.100330653840496,관계 미약,방향 일치
train,direct_robust_z,MRO-90011,Fastener,oil_pressure_bar,health,2.0,10,2388,29,0.04524566970595204,0.05,0.47543302940479604,-5.878156112128662,17.161704489018703,0.6744907594765952,0.7841555702000033,-0.04509084067071311,방향 불일치,방향 불일치
train,direct_robust_z,MRO-90011,Fastener,oil_pressure_bar,health,3.0,10,2388,29,0.0024713584288052373,0.0,-0.24713584288052373,-0.6728723404255319,0.0,0.6744907594765952,0.7841555702000033,-0.04509084067071311,관계 미약,방향 일치
train,direct_robust_z,MRO-90011,Fastener,load_pct,operating_context,2.0,10,2388,29,0.11533998602669797,0.7133333333333333,59.79933473066353,31.4342216329566,81.12774604066888,0.6744907594765952,2.835888619872539,0.763718049645825,강한 후보,방향 일치
train,direct_robust_z,MRO-90011,Fastener,load_pct,operating_context,3.0,10,2388,29,0.04991250468040795,0.3933333333333333,34.34208286529253,10.094383226470436,58.912663656524025,0.6744907594765952,2.835888619872539,0.763718049645825,강한 후보,방향 일치
train,direct_robust_z,MRO-90011,Fastener,shaft_rpm,operating_context,2.0,10,2388,29,0.08237997982145907,0.7,61.76200201785409,34.93078832693505,83.06166046106944,0.6744907594765952,3.1498355863912533,0.7824711212720333,강한 후보,방향 일치
train,direct_robust_z,MRO-90011,Fastener,shaft_rpm,operating_context,3.0,10,2388,29,0.0455850466474523,0.4833333333333333,43.7748286685881,16.999166851885526,72.8478070580156,0.6744907594765952,3.1498355863912533,0.7824711212720333,강한 후보,방향 일치
train,direct_robust_z,MRO-90011,Fastener,power_consumption_kw,operating_context,2.0,10,2388,29,0.08657949385248934,0.5399999999999999,45.34205061475106,19.95845189243815,72.45969563440885,0.6744907594765952,2.2767265205704548,0.6667995528056002,강한 후보,방향 일치
train,direct_robust_z,MRO-90011,Fastener,power_consumption_kw,operating_context,3.0,10,2388,29,0.025631253969656105,0.31999999999999995,29.436874603034386,6.607933768752472,58.060968474220346,0.6744907594765952,2.2767265205704548,0.6667995528056002,강한 후보,방향 일치
train,direct_robust_z,MRO-90012,Fastener,temp_bearing_degC,health,2.0,9,2154,31,0.07279768557963019,0.027777777777777776,-4.501990780185242,-9.500530579427354,7.425762435015819,0.6744907594765952,1.0875727870284073,0.2824310553427225,방향 불일치,방향 불일치
train,direct_robust_z,MRO-90012,Fastener,temp_bearing_degC,health,3.0,9,2154,31,0.014125437960010416,0.0,-1.4125437960010416,-2.5674347699313045,-0.6014654539672163,0.6744907594765952,1.0875727870284073,0.2824310553427225,관계 미약,방향 일치
train,direct_robust_z,MRO-90012,Fastener,temp_motor_degC,health,2.0,9,2154,31,0.05919927182097822,0.0,-5.919927182097822,-7.66668548376827,-4.281585589843257,0.6744907594765952,1.086199079509434,0.3941918034041599,방향 불일치,방향 불일치
train,direct_robust_z,MRO-90012,Fastener,temp_motor_degC,health,3.0,9,2154,31,0.016882142581446578,0.0,-1.6882142581446578,-2.6324622235562116,-0.9424512718113924,0.6744907594765952,1.086199079509434,0.3941918034041599,관계 미약,방향 일치
train,direct_robust_z,MRO-90012,Fastener,vibration_h_mms,health,2.0,9,2154,31,0.08152790607587918,0.013888888888888888,-6.763901718699028,-9.875672242979615,-0.49682370308491913,0.6744907594765952,0.7016027003478594,-0.09494680520501328,역방향,방향 일치
train,direct_robust_z,MRO-90012,Fastener,vibration_h_mms,health,3.0,9,2154,31,0.05176863392202039,0.013888888888888888,-3.7879745033131504,-6.583328955877341,2.06017990631222,0.6744907594765952,0.7016027003478594,-0.09494680520501328,방향 불일치,방향 불일치
train,direct_robust_z,MRO-90012,Fastener,vibration_v_mms,health,2.0,9,2154,31,0.0792490011381462,0.013888888888888888,-6.536011224925731,-9.907867147376628,1.4760028009288364,0.6744907594765952,0.7140774970321444,-0.009925020966737724,방향 불일치,방향 불일치
train,direct_robust_z,MRO-90012,Fastener,vibration_v_mms,health,3.0,9,2154,31,0.0462960031248229,0.013888888888888888,-3.240711423593401,-5.9635468960677285,3.6639911266652434,0.6744907594765952,0.7140774970321444,-0.009925020966737724,방향 불일치,방향 불일치
train,direct_robust_z,MRO-90012,Fastener,oil_pressure_bar,health,2.0,9,2154,31,0.045049794450108156,0.1111111111111111,6.606131666100295,-5.376287341000971,28.84800481311745,0.6744907594765952,0.7029680629402324,-0.05063723720228968,방향 불일치,방향 불일치
train,direct_robust_z,MRO-90012,Fastener,oil_pressure_bar,health,3.0,9,2154,31,0.002745953809783597,0.0,-0.2745953809783597,-0.7993498817966903,0.0,0.6744907594765952,0.7029680629402324,-0.05063723720228968,관계 미약,방향 일치
train,direct_robust_z,MRO-90012,Fastener,load_pct,operating_context,2.0,9,2154,31,0.11106152293564732,0.6777777777777777,56.67162548421304,28.508221093662872,81.87545745156464,0.6744907594765952,2.7593079961198272,0.7986883701923697,강한 후보,방향 일치
train,direct_robust_z,MRO-90012,Fastener,load_pct,operating_context,3.0,9,2154,31,0.047386163794945195,0.4444444444444444,39.70582806494992,10.952333050741016,71.59574884043546,0.6744907594765952,2.7593079961198272,0.7986883701923697,강한 후보,방향 일치
train,direct_robust_z,MRO-90012,Fastener,shaft_rpm,operating_context,2.0,9,2154,31,0.07918763190038662,0.5972222222222222,51.80345903218356,23.604904803190863,79.126728249586,0.6744907594765952,2.521398048179553,0.7705236805345703,강한 후보,방향 일치
train,direct_robust_z,MRO-90012,Fastener,shaft_rpm,operating_context,3.0,9,2154,31,0.03830437281815688,0.37222222222222223,33.39178494040653,7.809917918960473,62.42141291766268,0.6744907594765952,2.521398048179553,0.7705236805345703,강한 후보,방향 일치
train,direct_robust_z,MRO-90012,Fastener,power_consumption_kw,operating_context,2.0,9,2154,31,0.0819544233688628,0.5222222222222223,44.02677988533594,14.022208822069846,71.6486560276906,0.6744907594765952,1.9348666436014161,0.6574027631546268,강한 후보,방향 일치
train,direct_robust_z,MRO-90012,Fastener,power_consumption_kw,operating_context,3.0,9,2154,31,0.022781165379389973,0.16666666666666666,14.388550128727667,-2.756569248596296,41.90973803901071,0.6744907594765952,1.9348666436014161,0.6574027631546268,방향 불일치,방향 불일치
valid,direct_robust_z,MRO-10045,Bearing,temp_bearing_degC,health,2.0,6,369,14,0.11489276574022338,0.041666666666666664,-7.3226099073556705,-19.109020491435746,8.246856956602715,0.8423602355143719,0.5017935073107317,-0.3531140704869518,역방향,방향 일치
valid,direct_robust_z,MRO-10045,Bearing,temp_bearing_degC,health,3.0,6,369,14,0.005649717514124294,0.0,-0.5649717514124294,-2.5423728813559325,0.0,0.8423602355143719,0.5017935073107317,-0.3531140704869518,관계 미약,방향 일치
valid,direct_robust_z,MRO-10045,Bearing,temp_motor_degC,health,2.0,6,369,14,0.08093858432841484,0.08333333333333333,0.23947490049184839,-11.37262611838883,22.208228565220082,0.6806074648934174,0.8783809400373309,0.11839891903451223,관계 미약,방향 일치
valid,direct_robust_z,MRO-10045,Bearing,temp_motor_degC,health,3.0,6,369,14,0.0053889613211647105,0.0,-0.538896132116471,-2.307692307692308,0.0,0.6806074648934174,0.8783809400373309,0.11839891903451223,관계 미약,방향 일치
valid,direct_robust_z,MRO-10045,Bearing,vibration_h_mms,health,2.0,6,369,14,0.13894907666094106,0.125,-1.3949076660941055,-18.486077481840194,27.756823292840235,1.0936154750835334,1.3293879944712614,0.1688817577588764,방향 불일치,방향 불일치
valid,direct_robust_z,MRO-10045,Bearing,vibration_h_mms,health,3.0,6,369,14,0.04580927547029242,0.0,-4.580927547029242,-8.160963056090175,-1.9233588915792303,1.0936154750835334,1.3293879944712614,0.1688817577588764,관계 미약,방향 일치
valid,direct_robust_z,MRO-10045,Bearing,vibration_v_mms,health,2.0,6,369,14,0.10865669170753917,0.125,1.6343308292460834,-14.312276236005047,29.252254454584957,0.8885997478768975,1.0987310929562482,0.16193752888668142,방향 불일치,방향 불일치
valid,direct_robust_z,MRO-10045,Bearing,vibration_v_mms,health,3.0,6,369,14,0.03769341142222498,0.0,-3.769341142222498,-7.103951094417196,-1.1203143215855083,0.8885997478768975,1.0987310929562482,0.16193752888668142,관계 미약,방향 일치
valid,direct_robust_z,MRO-10045,Bearing,oil_pressure_bar,health,2.0,6,369,14,0.06218604057587108,0.041666666666666664,-2.0519373909204415,-10.09765940274415,18.89123733297462,0.7235685382894781,0.9716169077035842,0.16000444941122907,방향 불일치,방향 불일치
valid,direct_robust_z,MRO-10045,Bearing,oil_pressure_bar,health,3.0,6,369,14,0.005649717514124294,0.0,-0.5649717514124294,-2.2598870056497176,0.0,0.7235685382894781,0.9716169077035842,0.16000444941122907,관계 미약,방향 일치
valid,direct_robust_z,MRO-10045,Bearing,load_pct,operating_context,2.0,6,369,14,0.12653918586121976,0.625,49.846081413878025,8.180377492877495,86.88406308851224,0.7131894225612726,2.6193712556005333,0.7080254961610893,강한 후보,방향 일치
valid,direct_robust_z,MRO-10045,Bearing,load_pct,operating_context,3.0,6,369,14,0.04354404227285583,0.4166666666666667,37.31226243938109,-1.5714285714285714,78.31322302932473,0.7131894225612726,2.6193712556005333,0.7080254961610893,약한 후보,방향 일치
valid,direct_robust_z,MRO-10045,Bearing,shaft_rpm,operating_context,2.0,6,369,14,0.10493505239267953,0.7916666666666666,68.67316142739871,37.23753259452412,91.76059322033898,0.709906090442083,2.698544433913101,0.8161246749170478,강한 후보,방향 일치
valid,direct_robust_z,MRO-10045,Bearing,shaft_rpm,operating_context,3.0,6,369,14,0.04333036705918061,0.5,45.66696329408194,12.53154253154253,79.81475445458496,0.709906090442083,2.698544433913101,0.8161246749170478,강한 후보,방향 일치
valid,direct_robust_z,MRO-10045,Bearing,power_consumption_kw,operating_context,2.0,6,369,14,0.07605457944440995,0.5833333333333334,50.72787538889234,14.664755403102863,84.7023977670164,0.7330560916296691,1.707230962041688,0.4698666211378076,강한 후보,방향 일치
valid,direct_robust_z,MRO-10045,Bearing,power_consumption_kw,operating_context,3.0,6,369,14,0.005470361402564791,0.041666666666666664,3.619630526410187,-1.694915254237288,16.666666666666664,0.7330560916296691,1.707230962041688,0.4698666211378076,관계 미약,방향 일치
valid,direct_robust_z,MRO-10046,Bearing,temp_bearing_degC,health,2.0,7,422,15,0.08491092329501912,0.0,-8.491092329501912,-14.93802900015465,-3.5125400914874603,0.7680251031932367,0.7377352008832931,-0.19632938768277117,방향 불일치,방향 불일치
valid,direct_robust_z,MRO-10046,Bearing,temp_bearing_degC,health,3.0,7,422,15,0.0,0.0,0.0,0.0,0.0,0.7680251031932367,0.7377352008832931,-0.19632938768277117,관계 미약,방향 일치
valid,direct_robust_z,MRO-10046,Bearing,temp_motor_degC,health,2.0,7,422,15,0.07983814042180296,0.0,-7.9838140421802954,-12.075867083513316,-4.136813896212394,0.6974933505035634,0.5556282947551073,-0.24181794869955953,방향 불일치,방향 불일치
valid,direct_robust_z,MRO-10046,Bearing,temp_motor_degC,health,3.0,7,422,15,0.009722777965418466,0.0,-0.9722777965418465,-2.740689729538971,0.0,0.6974933505035634,0.5556282947551073,-0.24181794869955953,관계 미약,방향 일치
valid,direct_robust_z,MRO-10046,Bearing,vibration_h_mms,health,2.0,7,422,15,0.13802093507076302,0.23809523809523808,10.007430302447506,-12.06140644397303,40.90414064823074,1.0815718159682983,1.582224946328275,0.33001967895557804,방향 불일치,방향 불일치
valid,direct_robust_z,MRO-10046,Bearing,vibration_h_mms,health,3.0,7,422,15,0.05456374049466951,0.0,-5.456374049466952,-9.470501547218765,-2.183688387635756,1.0815718159682983,1.582224946328275,0.33001967895557804,방향 불일치,방향 불일치
valid,direct_robust_z,MRO-10046,Bearing,vibration_v_mms,health,2.0,7,422,15,0.10160618023495557,0.38095238095238093,27.934620071742533,-2.376035519497989,61.86756627786639,0.8898608827387042,1.451564923633058,0.26759343672813785,방향 불일치,방향 불일치
valid,direct_robust_z,MRO-10046,Bearing,vibration_v_mms,health,3.0,7,422,15,0.04501606177405846,0.0,-4.501606177405846,-7.709351476794449,-1.7247930110329752,0.8898608827387042,1.451564923633058,0.26759343672813785,관계 미약,방향 일치
valid,direct_robust_z,MRO-10046,Bearing,oil_pressure_bar,health,2.0,7,422,15,0.05122702439511411,0.14285714285714285,9.163011846202874,-7.42474555307485,36.98213884864834,0.6964103004487262,1.1258980672599725,0.11568286835905035,방향 불일치,방향 불일치
valid,direct_robust_z,MRO-10046,Bearing,oil_pressure_bar,health,3.0,7,422,15,0.004927573170213669,0.14285714285714285,13.792956968692918,-1.5037593984962405,42.857142857142854,0.6964103004487262,1.1258980672599725,0.11568286835905035,방향 불일치,방향 불일치
valid,direct_robust_z,MRO-10046,Bearing,load_pct,operating_context,2.0,7,422,15,0.11694021114181685,0.7142857142857142,59.734550314389736,24.921909247033504,88.71854663255839,0.7175299647104224,2.538940188185438,0.6983027351703279,강한 후보,방향 일치
valid,direct_robust_z,MRO-10046,Bearing,load_pct,operating_context,3.0,7,422,15,0.04026070003513612,0.21428571428571427,17.402501425057814,-5.215717866093806,49.81377551020408,0.7175299647104224,2.538940188185438,0.6983027351703279,약한 후보,방향 일치
valid,direct_robust_z,MRO-10046,Bearing,shaft_rpm,operating_context,2.0,7,422,15,0.08812390899812847,0.7380952380952381,64.99713290971097,34.72798826741416,89.14164028451336,0.7139351701688341,2.783745451320906,0.8417901211070575,강한 후보,방향 일치
valid,direct_robust_z,MRO-10046,Bearing,shaft_rpm,operating_context,3.0,7,422,15,0.03998641291874374,0.5,46.00135870812563,15.252551020408164,79.92014835623857,0.7139351701688341,2.783745451320906,0.8417901211070575,강한 후보,방향 일치
valid,direct_robust_z,MRO-10046,Bearing,power_consumption_kw,operating_context,2.0,7,422,15,0.06821183291171821,0.6428571428571429,57.46453099454247,19.115440161413147,93.17097829319061,0.7136260783541548,2.2426900281650437,0.7517036102865082,강한 후보,방향 일치
valid,direct_robust_z,MRO-10046,Bearing,power_consumption_kw,operating_context,3.0,7,422,15,0.012383773286028925,0.2619047619047619,24.9520988618733,-0.7792207792207793,56.14638869902027,0.7136260783541548,2.2426900281650437,0.7517036102865082,약한 후보,방향 일치
valid,direct_robust_z,MRO-10047,Bearing,temp_bearing_degC,health,2.0,7,422,9,0.08491092329501912,0.0,-8.491092329501912,-14.003865451202016,-3.958234507234125,0.7680251031932367,0.6921462383159064,-0.12514073935636313,표본 부족,방향 불일치
valid,direct_robust_z,MRO-10047,Bearing,temp_bearing_degC,health,3.0,7,422,9,0.0,0.0,0.0,0.0,0.0,0.7680251031932367,0.6921462383159064,-0.12514073935636313,표본 부족,방향 일치
valid,direct_robust_z,MRO-10047,Bearing,temp_motor_degC,health,2.0,7,422,9,0.07983814042180296,0.0,-7.9838140421802954,-12.019592156141156,-4.178357289737435,0.6974933505035634,0.9468612751994087,0.08890796698876224,표본 부족,방향 불일치
valid,direct_robust_z,MRO-10047,Bearing,temp_motor_degC,health,3.0,7,422,9,0.009722777965418466,0.0,-0.9722777965418465,-2.658494939494047,0.0,0.6974933505035634,0.9468612751994087,0.08890796698876224,표본 부족,방향 불일치
valid,direct_robust_z,MRO-10047,Bearing,vibration_h_mms,health,2.0,7,422,9,0.13802093507076302,0.2857142857142857,14.769335064352267,-14.178551288848215,47.023833443930286,1.0815718159682983,1.7647147716138523,0.5288718913161375,표본 부족,방향 불일치
valid,direct_robust_z,MRO-10047,Bearing,vibration_h_mms,health,3.0,7,422,9,0.05456374049466951,0.0,-5.456374049466952,-9.60294091873039,-2.1116177338937634,1.0815718159682983,1.7647147716138523,0.5288718913161375,표본 부족,방향 일치
valid,direct_robust_z,MRO-10047,Bearing,vibration_v_mms,health,2.0,7,422,9,0.10160618023495557,0.0,-10.160618023495557,-15.996353111651953,-5.716935272577556,0.8898608827387042,1.2346039585793354,0.2986633370028298,표본 부족,방향 일치
valid,direct_robust_z,MRO-10047,Bearing,vibration_v_mms,health,3.0,7,422,9,0.04501606177405846,0.0,-4.501606177405846,-8.094709829767812,-1.8567980311321721,0.8898608827387042,1.2346039585793354,0.2986633370028298,표본 부족,방향 일치
valid,direct_robust_z,MRO-10047,Bearing,oil_pressure_bar,health,2.0,7,422,9,0.05122702439511411,0.14285714285714285,9.163011846202874,-7.209109978703453,38.36143806068618,0.6964103004487262,0.8844296582054583,0.1110986439328481,표본 부족,방향 불일치
valid,direct_robust_z,MRO-10047,Bearing,oil_pressure_bar,health,3.0,7,422,9,0.004927573170213669,0.0,-0.4927573170213669,-1.7458901491015675,0.0,0.6964103004487262,0.8844296582054583,0.1110986439328481,표본 부족,방향 일치
valid,direct_robust_z,MRO-10047,Bearing,load_pct,operating_context,2.0,7,422,9,0.11694021114181685,0.6666666666666666,54.97264555248498,16.105569302905863,88.67767523033866,0.7175299647104224,2.7997026722154152,0.7123421019177358,표본 부족,방향 일치
valid,direct_robust_z,MRO-10047,Bearing,load_pct,operating_context,3.0,7,422,9,0.04026070003513612,0.4761904761904762,43.59297761553401,9.96688023755693,80.03337347698249,0.7175299647104224,2.7997026722154152,0.7123421019177358,표본 부족,방향 일치
valid,direct_robust_z,MRO-10047,Bearing,shaft_rpm,operating_context,2.0,7,422,9,0.08812390899812847,0.7142857142857143,62.61618052875858,22.158252864971992,92.54123327891965,0.7139351701688341,2.8751485225531535,0.870822935471846,표본 부족,방향 일치
valid,direct_robust_z,MRO-10047,Bearing,shaft_rpm,operating_context,3.0,7,422,9,0.03998641291874374,0.19047619047619047,15.048977755744671,-5.318288854003139,45.9281387993794,0.7139351701688341,2.8751485225531535,0.870822935471846,표본 부족,방향 일치
valid,direct_robust_z,MRO-10047,Bearing,power_consumption_kw,operating_context,2.0,7,422,9,0.06821183291171821,0.5238095238095238,45.55976908978056,9.739855785860629,80.47701247395396,0.7136260783541548,2.142576017315969,0.6811828416263231,표본 부족,방향 일치
valid,direct_robust_z,MRO-10047,Bearing,power_consumption_kw,operating_context,3.0,7,422,9,0.012383773286028925,0.3333333333333333,32.09495600473044,0.0,68.93392572339941,0.7136260783541548,2.142576017315969,0.6811828416263231,표본 부족,방향 일치
valid,direct_robust_z,MRO-20031,Seal & Gasket,temp_bearing_degC,health,2.0,6,356,8,0.08896297519178875,0.0,-8.896297519178875,-15.665384168562133,-3.6907977066875377,0.7611311351634577,0.736082722406335,-0.02987624428302396,표본 부족,방향 불일치
valid,direct_robust_z,MRO-20031,Seal & Gasket,temp_bearing_degC,health,3.0,6,356,8,0.002976190476190476,0.0,-0.2976190476190476,-1.7857142857142856,0.0,0.7611311351634577,0.736082722406335,-0.02987624428302396,표본 부족,방향 일치
valid,direct_robust_z,MRO-20031,Seal & Gasket,temp_motor_degC,health,2.0,6,356,8,0.07248065807387842,0.0,-7.248065807387842,-11.395251190272376,-3.6428095013900106,0.7009644862341462,0.6287194581753027,-0.11469273037069648,표본 부족,방향 불일치
valid,direct_robust_z,MRO-20031,Seal & Gasket,temp_motor_degC,health,3.0,6,356,8,0.005855161787365178,0.0,-0.5855161787365177,-2.3831535695942474,0.0,0.7009644862341462,0.6287194581753027,-0.11469273037069648,표본 부족,방향 불일치
valid,direct_robust_z,MRO-20031,Seal & Gasket,vibration_h_mms,health,2.0,6,356,8,0.1409871515803719,0.16666666666666666,2.567951508629476,-16.02875302663438,32.264054487571435,1.0751411805645474,1.407410081869154,0.2857536217705709,표본 부족,방향 일치
valid,direct_robust_z,MRO-20031,Seal & Gasket,vibration_h_mms,health,3.0,6,356,8,0.04781440311101328,0.0,-4.781440311101328,-8.638187260009294,-1.6784134729049982,1.0751411805645474,1.407410081869154,0.2857536217705709,표본 부족,방향 불일치
valid,direct_robust_z,MRO-20031,Seal & Gasket,vibration_v_mms,health,2.0,6,356,8,0.09885752195074228,0.16666666666666666,6.780914471592438,-12.373667057989094,38.988476369832306,0.9008661965539385,1.3459025952174672,0.1503485215349622,표본 부족,방향 불일치
valid,direct_robust_z,MRO-20031,Seal & Gasket,vibration_v_mms,health,3.0,6,356,8,0.04252339782000799,0.16666666666666666,12.414326884665867,-5.847356739305892,45.067640692640694,0.9008661965539385,1.3459025952174672,0.1503485215349622,표본 부족,방향 불일치
valid,direct_robust_z,MRO-20031,Seal & Gasket,oil_pressure_bar,health,2.0,6,356,8,0.0410963957574127,0.0,-4.10963957574127,-8.31169289749798,-1.0582010582010581,0.6790327847929357,0.746595411373502,-0.020822531203887162,표본 부족,방향 일치
valid,direct_robust_z,MRO-20031,Seal & Gasket,oil_pressure_bar,health,3.0,6,356,8,0.002824858757062147,0.0,-0.2824858757062147,-1.694915254237288,0.0,0.6790327847929357,0.746595411373502,-0.020822531203887162,표본 부족,방향 일치
valid,direct_robust_z,MRO-20031,Seal & Gasket,load_pct,operating_context,2.0,6,356,8,0.11027832807493824,0.5,38.97216719250618,0.9700949160694944,76.00412519056589,0.7332904321964334,1.9766403799951113,0.6401034151034152,표본 부족,방향 일치
valid,direct_robust_z,MRO-20031,Seal & Gasket,load_pct,operating_context,3.0,6,356,8,0.033122895622895616,0.08333333333333333,5.021043771043772,-6.627976190476191,31.445556758056757,0.7332904321964334,1.9766403799951113,0.6401034151034152,표본 부족,방향 일치
valid,direct_robust_z,MRO-20031,Seal & Gasket,shaft_rpm,operating_context,2.0,6,356,8,0.07701918295138635,0.75,67.29808170486137,29.661375661375665,93.99852031207963,0.7359096991819024,2.654256239185067,0.6494389007100873,표본 부족,방향 일치
valid,direct_robust_z,MRO-20031,Seal & Gasket,shaft_rpm,operating_context,3.0,6,356,8,0.03624338624338624,0.3333333333333333,29.70899470899471,-2.2222222222222223,63.21180555555552,0.7359096991819024,2.654256239185067,0.6494389007100873,표본 부족,방향 일치
valid,direct_robust_z,MRO-20031,Seal & Gasket,power_consumption_kw,operating_context,2.0,6,356,8,0.07173714546595901,0.6666666666666666,59.49295212007076,23.6083479060174,95.12889309764311,0.722697099801135,2.198550539567196,0.6656384262316466,표본 부족,방향 일치
valid,direct_robust_z,MRO-20031,Seal & Gasket,power_consumption_kw,operating_context,3.0,6,356,8,0.008651996151996152,0.25,24.134800384800386,-1.0582010582010581,64.95316257816256,0.722697099801135,2.198550539567196,0.6656384262316466,표본 부족,방향 일치
valid,direct_robust_z,MRO-20032,Seal & Gasket,temp_bearing_degC,health,2.0,4,235,4,0.12692807819926466,0.25,12.307192180073534,-23.70036880100439,65.87217514124295,0.8360526357190914,1.187532964410881,-0.16821361312886735,표본 부족,방향 불일치
valid,direct_robust_z,MRO-20032,Seal & Gasket,temp_bearing_degC,health,3.0,4,235,4,0.022363465160075327,0.25,22.763653483992467,-6.012633396107972,74.16215473948525,0.8360526357190914,1.187532964410881,-0.16821361312886735,표본 부족,방향 불일치
valid,direct_robust_z,MRO-20032,Seal & Gasket,temp_motor_degC,health,2.0,4,235,4,0.08046363554838132,0.25,16.95363644516187,-10.574472020446597,66.35172854452516,0.6707344043482479,1.1550332807553827,-0.06027486324096493,표본 부족,방향 불일치
valid,direct_robust_z,MRO-20032,Seal & Gasket,temp_motor_degC,health,3.0,4,235,4,0.00423728813559322,0.25,24.576271186440678,0.0,73.72881355932203,0.6707344043482479,1.1550332807553827,-0.06027486324096493,표본 부족,방향 불일치
valid,direct_robust_z,MRO-20032,Seal & Gasket,vibration_h_mms,health,2.0,4,235,4,0.1420164110842077,0.25,10.79835889157923,-17.469341314680296,56.412121110214336,1.111984952151711,1.221262545898409,0.09691955878396556,표본 부족,방향 불일치
valid,direct_robust_z,MRO-20032,Seal & Gasket,vibration_h_mms,health,3.0,4,235,4,0.038382207873733296,0.0,-3.8382207873733294,-7.250582907362569,-1.2436104385256932,1.111984952151711,1.221262545898409,0.09691955878396556,표본 부족,방향 일치
valid,direct_robust_z,MRO-20032,Seal & Gasket,vibration_v_mms,health,2.0,4,235,4,0.09040668998296117,0.0,-9.040668998296116,-15.655658685319699,-3.7024145816518708,0.9465403647820645,0.9374691295602549,-0.0005604878486234338,표본 부족,방향 일치
valid,direct_robust_z,MRO-20032,Seal & Gasket,vibration_v_mms,health,3.0,4,235,4,0.02554703614025648,0.0,-2.554703614025648,-6.01067168863779,0.0,0.9465403647820645,0.9374691295602549,-0.0005604878486234338,표본 부족,방향 일치
valid,direct_robust_z,MRO-20032,Seal & Gasket,oil_pressure_bar,health,2.0,4,235,4,0.0857546408393866,0.25,16.424535916061338,-13.27563110931755,68.52930790960451,0.7510522737151648,0.9669404145324836,0.06249439512151378,표본 부족,방향 불일치
valid,direct_robust_z,MRO-20032,Seal & Gasket,oil_pressure_bar,health,3.0,4,235,4,0.01310420590081607,0.0,-1.310420590081607,-3.8135593220338984,0.0,0.7510522737151648,0.9669404145324836,0.06249439512151378,표본 부족,방향 일치
valid,direct_robust_z,MRO-20032,Seal & Gasket,load_pct,operating_context,2.0,4,235,4,0.12239933638238723,0.75,62.76006636176128,17.611705228230655,90.36672719935432,0.7516423314683118,2.3279165301625846,0.7752443727019999,표본 부족,방향 일치
valid,direct_robust_z,MRO-20032,Seal & Gasket,load_pct,operating_context,3.0,4,235,4,0.03348354407676442,0.25,21.65164559232356,-4.76521164021164,68.64406779661016,0.7516423314683118,2.3279165301625846,0.7752443727019999,표본 부족,방향 일치
valid,direct_robust_z,MRO-20032,Seal & Gasket,shaft_rpm,operating_context,2.0,4,235,4,0.04580306698950767,0.5,45.419693301049236,-3.9951573849878934,94.06779661016948,0.6839819956705683,2.2125144861479975,0.9060398170567662,표본 부족,방향 일치
valid,direct_robust_z,MRO-20032,Seal & Gasket,shaft_rpm,operating_context,3.0,4,235,4,0.01694915254237288,0.25,23.30508474576271,0.0,71.1864406779661,0.6839819956705683,2.2125144861479975,0.9060398170567662,표본 부족,방향 일치
valid,direct_robust_z,MRO-20032,Seal & Gasket,power_consumption_kw,operating_context,2.0,4,235,4,0.0837705138552596,0.25,16.62294861447404,-10.710922787193974,64.08822639225183,0.7497222235860849,1.6866692524556703,0.5971661734373599,표본 부족,방향 불일치
valid,direct_robust_z,MRO-20032,Seal & Gasket,power_consumption_kw,operating_context,3.0,4,235,4,0.00423728813559322,0.0,-0.423728813559322,-2.5423728813559325,0.0,0.7497222235860849,1.6866692524556703,0.5971661734373599,표본 부족,방향 불일치
valid,direct_robust_z,MRO-20033,Seal & Gasket,temp_bearing_degC,health,2.0,6,360,11,0.11864832931960496,0.0,-11.864832931960496,-19.466579584554605,-5.447686707806023,0.8643817324513398,0.41547927019395986,-0.45985574086599956,방향 불일치,방향 불일치
valid,direct_robust_z,MRO-20033,Seal & Gasket,temp_bearing_degC,health,3.0,6,360,11,0.00862590799031477,0.0,-0.862590799031477,-3.1439164648910407,0.0,0.8643817324513398,0.41547927019395986,-0.45985574086599956,방향 불일치,방향 불일치
valid,direct_robust_z,MRO-20033,Seal & Gasket,temp_motor_degC,health,2.0,6,360,11,0.07464106085872366,0.08333333333333333,0.8692272474609672,-10.76391217069183,27.463750743383876,0.6999174826042394,0.6747040709122286,-0.20758583315452184,방향 불일치,방향 불일치
valid,direct_robust_z,MRO-20033,Seal & Gasket,temp_motor_degC,health,3.0,6,360,11,0.005488079172289699,0.0,-0.5488079172289699,-2.051282051282051,0.0,0.6999174826042394,0.6747040709122286,-0.20758583315452184,관계 미약,방향 일치
valid,direct_robust_z,MRO-20033,Seal & Gasket,vibration_h_mms,health,2.0,6,360,11,0.20609906084928384,0.4166666666666667,21.056760581738285,-16.9015220580787,61.39812720360222,1.2251981350801437,1.7641233639078493,0.4167251207839968,약한 후보,방향 일치
valid,direct_robust_z,MRO-20033,Seal & Gasket,vibration_h_mms,health,3.0,6,360,11,0.067392482546363,0.0,-6.7392482546363,-11.591509376076726,-2.772226145637164,1.2251981350801437,1.7641233639078493,0.4167251207839968,역방향,방향 일치
valid,direct_robust_z,MRO-20033,Seal & Gasket,vibration_v_mms,health,2.0,6,360,11,0.13659406102537236,0.27777777777777773,14.118371675240537,-14.956038600775441,53.15430402930403,0.9563994006054041,1.4282718064264763,0.20970738631309552,방향 불일치,방향 불일치
valid,direct_robust_z,MRO-20033,Seal & Gasket,vibration_v_mms,health,3.0,6,360,11,0.05607416792742395,0.05555555555555555,-0.05186123718683988,-8.256497132026794,24.3710063085063,0.9563994006054041,1.4282718064264763,0.20970738631309552,관계 미약,방향 일치
valid,direct_robust_z,MRO-20033,Seal & Gasket,oil_pressure_bar,health,2.0,6,360,11,0.04068218677942139,0.2222222222222222,18.15400354428008,-6.692958584350199,53.856946391402225,0.6464676585445936,0.8246375661017077,-0.07854171136954365,방향 불일치,방향 불일치
valid,direct_robust_z,MRO-20033,Seal & Gasket,oil_pressure_bar,health,3.0,6,360,11,0.00574883536524928,0.0,-0.5748835365249281,-2.2598870056497176,0.0,0.6464676585445936,0.8246375661017077,-0.07854171136954365,관계 미약,방향 일치
valid,direct_robust_z,MRO-20033,Seal & Gasket,load_pct,operating_context,2.0,6,360,11,0.11576719939788628,0.888888888888889,77.31216894910027,49.89612639813354,92.0023000878264,0.6463500053688725,3.051984142809282,0.8495968208947691,강한 후보,방향 일치
valid,direct_robust_z,MRO-20033,Seal & Gasket,load_pct,operating_context,3.0,6,360,11,0.050279631245286914,0.5,44.97203687547131,10.620640051254457,79.96331105541631,0.6463500053688725,3.051984142809282,0.8495968208947691,강한 후보,방향 일치
valid,direct_robust_z,MRO-20033,Seal & Gasket,shaft_rpm,operating_context,2.0,6,360,11,0.12069833064480702,0.7777777777777777,65.70794471329707,26.98212453350165,91.29682167990597,0.6837040684574033,3.4915962301080654,0.809457086508826,강한 후보,방향 일치
valid,direct_robust_z,MRO-20033,Seal & Gasket,shaft_rpm,operating_context,3.0,6,360,11,0.06985501200487819,0.5,43.01449879951218,8.558031618412976,78.6412377300814,0.6837040684574033,3.4915962301080654,0.809457086508826,강한 후보,방향 일치
valid,direct_robust_z,MRO-20033,Seal & Gasket,power_consumption_kw,operating_context,2.0,6,360,11,0.07011576819783778,0.5555555555555555,48.54397873577177,10.472734058817911,89.3624686716792,0.6910907200454169,2.3951727061698027,0.7901004956981764,강한 후보,방향 일치
valid,direct_robust_z,MRO-20033,Seal & Gasket,power_consumption_kw,operating_context,3.0,6,360,11,0.017218481703316673,0.2222222222222222,20.500374051890553,-1.6236211998923862,53.80116959064328,0.6910907200454169,2.3951727061698027,0.7901004956981764,약한 후보,방향 일치
valid,direct_robust_z,MRO-30011,Drive Belt,temp_bearing_degC,health,2.0,6,358,11,0.11824664636142483,0.0,-11.824664636142483,-19.378696920363584,-6.22088794345708,0.8223701819412046,0.5488753718215479,-0.3263155958368566,방향 불일치,방향 불일치
valid,direct_robust_z,MRO-30011,Drive Belt,temp_bearing_degC,health,3.0,6,358,11,0.009259259259259259,0.0,-0.9259259259259258,-3.7037037037037033,0.0,0.8223701819412046,0.5488753718215479,-0.3263155958368566,관계 미약,방향 일치
valid,direct_robust_z,MRO-30011,Drive Belt,temp_motor_degC,health,2.0,6,358,11,0.08355655423749386,0.08333333333333333,-0.02232209041605343,-12.1025779445717,26.672192857499873,0.6989330898309031,0.977252370538675,0.1621552281156801,방향 불일치,방향 불일치
valid,direct_robust_z,MRO-30011,Drive Belt,temp_motor_degC,health,3.0,6,358,11,0.008312937929351845,0.0,-0.8312937929351845,-2.5974118804181248,0.0,0.6989330898309031,0.977252370538675,0.1621552281156801,관계 미약,방향 일치
valid,direct_robust_z,MRO-30011,Drive Belt,vibration_h_mms,health,2.0,6,358,11,0.166483779708579,0.125,-4.1483779708579,-19.791606450151647,21.57199961097151,1.1651734022535833,1.2666446867384638,0.06067853551499106,방향 불일치,방향 불일치
valid,direct_robust_z,MRO-30011,Drive Belt,vibration_h_mms,health,3.0,6,358,11,0.06150922842864562,0.0,-6.150922842864562,-10.94494259031131,-2.4873450542310196,1.1651734022535833,1.2666446867384638,0.06067853551499106,방향 불일치,방향 불일치
valid,direct_robust_z,MRO-30011,Drive Belt,vibration_v_mms,health,2.0,6,358,11,0.11959072799096586,0.125,0.5409272009034141,-14.619832302035691,34.98062924495797,0.9539745723758354,0.9573930433337526,-0.006480225867677547,방향 불일치,방향 불일치
valid,direct_robust_z,MRO-30011,Drive Belt,vibration_v_mms,health,3.0,6,358,11,0.04992935281368227,0.0,-4.9929352813682275,-8.90203071782019,-1.8770350020350028,0.9539745723758354,0.9573930433337526,-0.006480225867677547,관계 미약,방향 일치
valid,direct_robust_z,MRO-30011,Drive Belt,oil_pressure_bar,health,2.0,6,358,11,0.06202556405500206,0.0,-6.202556405500205,-11.017900544736703,-2.3709795321637435,0.6525426174052006,0.6427443930550143,-0.0776078312058092,역방향,방향 일치
valid,direct_robust_z,MRO-30011,Drive Belt,oil_pressure_bar,health,3.0,6,358,11,0.0088352551183357,0.0,-0.8835255118335701,-2.851668759154635,0.0,0.6525426174052006,0.6427443930550143,-0.0776078312058092,관계 미약,방향 일치
valid,direct_robust_z,MRO-30011,Drive Belt,load_pct,operating_context,2.0,6,358,11,0.11416794073648073,0.75,63.58320592635193,30.924955132229144,89.17707463102198,0.7118214077933743,2.848040034261311,0.7873865242806665,강한 후보,방향 일치
valid,direct_robust_z,MRO-30011,Drive Belt,load_pct,operating_context,3.0,6,358,11,0.03909042549393426,0.375,33.590957450606574,-0.8002645502645498,66.85696881091619,0.7118214077933743,2.848040034261311,0.7873865242806665,약한 후보,방향 일치
valid,direct_robust_z,MRO-30011,Drive Belt,shaft_rpm,operating_context,2.0,6,358,11,0.09184441619767221,0.75,65.81555838023277,33.69420903954802,92.05048166555748,0.709173453872174,2.6671492764189555,0.6519439624702782,강한 후보,방향 일치
valid,direct_robust_z,MRO-30011,Drive Belt,shaft_rpm,operating_context,3.0,6,358,11,0.0466508150718677,0.3333333333333333,28.668251826146562,-3.1634615384615383,62.389649337017765,0.709173453872174,2.6671492764189555,0.6519439624702782,약한 후보,방향 일치
valid,direct_robust_z,MRO-30011,Drive Belt,power_consumption_kw,operating_context,2.0,6,358,11,0.06464540679527297,0.5833333333333334,51.86879265380604,12.790685812931576,86.50022759891179,0.7164162509494242,2.137688727883441,0.7676896016176421,강한 후보,방향 일치
valid,direct_robust_z,MRO-30011,Drive Belt,power_consumption_kw,operating_context,3.0,6,358,11,0.011417432470064048,0.20833333333333334,19.69159008632693,-2.814675577833472,52.847744360902254,0.7164162509494242,2.137688727883441,0.7676896016176421,약한 후보,방향 일치
valid,direct_robust_z,MRO-30012,Drive Belt,temp_bearing_degC,health,2.0,5,299,8,0.11954249734802813,0.0,-11.954249734802813,-20.38254534641689,-4.991117654275552,0.839808938756733,0.5110564600649582,-0.42646181254566623,표본 부족,방향 일치
valid,direct_robust_z,MRO-30012,Drive Belt,temp_bearing_degC,health,3.0,5,299,8,0.006779661016949152,0.0,-0.6779661016949152,-3.050847457627119,0.0,0.839808938756733,0.5110564600649582,-0.42646181254566623,표본 부족,방향 일치
valid,direct_robust_z,MRO-30012,Drive Belt,temp_motor_degC,health,2.0,5,299,8,0.06922295268414805,0.0,-6.922295268414805,-11.620905410379097,-2.857142857142857,0.6789873645397729,0.5358895210586601,-0.2615228937976485,표본 부족,방향 일치
valid,direct_robust_z,MRO-30012,Drive Belt,temp_motor_degC,health,3.0,5,299,8,0.010222058643111275,0.0,-1.0222058643111276,-3.1062200956937795,0.0,0.6789873645397729,0.5358895210586601,-0.2615228937976485,표본 부족,방향 일치
valid,direct_robust_z,MRO-30012,Drive Belt,vibration_h_mms,health,2.0,5,299,8,0.1710851067853744,0.2,2.891489321462562,-27.00154013891748,50.2285730326765,1.1926412097833876,1.6133935772675165,0.28990515877224177,표본 부족,방향 일치
valid,direct_robust_z,MRO-30012,Drive Belt,vibration_h_mms,health,3.0,5,299,8,0.05998353316818972,0.0,-5.998353316818972,-11.00945487261277,-1.9088215976708396,1.1926412097833876,1.6133935772675165,0.28990515877224177,표본 부족,방향 불일치
valid,direct_robust_z,MRO-30012,Drive Belt,vibration_v_mms,health,2.0,5,299,8,0.11601244033001393,0.0,-11.601244033001393,-17.391034597279024,-6.020596946912738,0.9137793247108824,0.7533581334011341,-0.1549035185252848,표본 부족,방향 불일치
valid,direct_robust_z,MRO-30012,Drive Belt,vibration_v_mms,health,3.0,5,299,8,0.04640155562546285,0.0,-4.640155562546285,-8.835087719298246,-1.291247735315532,0.9137793247108824,0.7533581334011341,-0.1549035185252848,표본 부족,방향 일치
valid,direct_robust_z,MRO-30012,Drive Belt,oil_pressure_bar,health,2.0,5,299,8,0.04912165443833597,0.0,-4.912165443833597,-9.154621560419955,-1.5363636363636384,0.689916911774673,0.8042898903194124,0.08770399983602482,표본 부족,방향 일치
valid,direct_robust_z,MRO-30012,Drive Belt,oil_pressure_bar,health,3.0,5,299,8,0.006898602438299137,0.0,-0.6898602438299137,-2.783823966696402,0.0,0.689916911774673,0.8042898903194124,0.08770399983602482,표본 부족,방향 일치
valid,direct_robust_z,MRO-30012,Drive Belt,load_pct,operating_context,2.0,5,299,8,0.11251371287053713,0.7,58.748628712946285,13.106747930432142,92.44558429973239,0.6169897722694484,2.39316749394931,0.7746463903823404,표본 부족,방향 일치
valid,direct_robust_z,MRO-30012,Drive Belt,load_pct,operating_context,3.0,5,299,8,0.04373382589261269,0.2,15.626617410738733,-6.368230015598436,56.22418861740896,0.6169897722694484,2.39316749394931,0.7746463903823404,표본 부족,방향 일치
valid,direct_robust_z,MRO-30012,Drive Belt,shaft_rpm,operating_context,2.0,5,299,8,0.1075219794577511,0.8,69.24780205422489,33.242275803292756,91.20562793337103,0.6869093378484671,2.8335147481956353,0.6786065000516384,표본 부족,방향 일치
valid,direct_robust_z,MRO-30012,Drive Belt,shaft_rpm,operating_context,3.0,5,299,8,0.056206966786806214,0.5,44.37930332131938,-1.5408083441981746,89.55704940316895,0.6869093378484671,2.8335147481956353,0.6786065000516384,표본 부족,방향 일치
valid,direct_robust_z,MRO-30012,Drive Belt,power_consumption_kw,operating_context,2.0,5,299,8,0.06015623785472135,0.4,33.98437621452787,-7.607692307692307,76.63032581453633,0.6788641430838795,1.5656303963534761,0.40446365409790924,표본 부족,방향 일치
valid,direct_robust_z,MRO-30012,Drive Belt,power_consumption_kw,operating_context,3.0,5,299,8,0.02072711310891507,0.0,-2.072711310891507,-5.5433215807881275,0.0,0.6788641430838795,1.5656303963534761,0.40446365409790924,표본 부족,방향 불일치
valid,direct_robust_z,MRO-40021,Filter,temp_bearing_degC,health,2.0,7,419,13,0.11138379801244591,0.14285714285714285,3.1473344844696935,-13.022915187484449,31.355531433507096,0.8372544505978048,0.586355102311627,-0.39182837891898675,방향 불일치,방향 불일치
valid,direct_robust_z,MRO-40021,Filter,temp_bearing_degC,health,3.0,7,419,13,0.007393635420269802,0.0,-0.7393635420269803,-2.473841231407817,0.0,0.8372544505978048,0.586355102311627,-0.39182837891898675,관계 미약,방향 일치
valid,direct_robust_z,MRO-40021,Filter,temp_motor_degC,health,2.0,7,419,13,0.07850589720093991,0.047619047619047616,-3.088684958189229,-11.043234998544355,19.20869440550528,0.6898613720671801,0.38914100472197116,-0.43027617781026734,방향 불일치,방향 불일치
valid,direct_robust_z,MRO-40021,Filter,temp_motor_degC,health,3.0,7,419,13,0.007125375368015867,0.0,-0.7125375368015867,-2.2286861220848735,0.0,0.6898613720671801,0.38914100472197116,-0.43027617781026734,관계 미약,방향 일치
valid,direct_robust_z,MRO-40021,Filter,vibration_h_mms,health,2.0,7,419,13,0.19118418290713438,0.35714285714285715,16.595867423572276,-15.63403500252774,53.4515302329674,1.179478509993088,1.5408236243406621,0.271917477620294,약한 후보,방향 일치
valid,direct_robust_z,MRO-40021,Filter,vibration_h_mms,health,3.0,7,419,13,0.06502890755789953,0.047619047619047616,-1.7409859938851913,-9.409643838207302,13.113345561239662,1.179478509993088,1.5408236243406621,0.271917477620294,방향 불일치,방향 불일치
valid,direct_robust_z,MRO-40021,Filter,vibration_v_mms,health,2.0,7,419,13,0.13160846877235305,0.11904761904761904,-1.256084972473401,-16.103164994811483,27.08640314699955,0.9423287595716827,1.0196659996414594,0.029693821534652436,방향 불일치,방향 불일치
valid,direct_robust_z,MRO-40021,Filter,vibration_v_mms,health,3.0,7,419,13,0.05532749502738033,0.0,-5.532749502738033,-9.21915137769923,-2.271112860844606,0.9423287595716827,1.0196659996414594,0.029693821534652436,방향 불일치,방향 불일치
valid,direct_robust_z,MRO-40021,Filter,oil_pressure_bar,health,2.0,7,419,13,0.046976983341198965,0.0,-4.697698334119896,-8.241101449843645,-1.6054421768707483,0.6718833637404863,0.82750749431616,0.1976418120485917,방향 불일치,방향 불일치
valid,direct_robust_z,MRO-40021,Filter,oil_pressure_bar,health,3.0,7,419,13,0.007348880676266939,0.0,-0.7348880676266939,-2.4298033218639823,0.0,0.6718833637404863,0.82750749431616,0.1976418120485917,관계 미약,방향 일치
valid,direct_robust_z,MRO-40021,Filter,load_pct,operating_context,2.0,7,419,13,0.10649295057349091,0.6666666666666667,56.01737160931758,18.823133686329815,87.44035241958811,0.6704442428448738,2.49237099704978,0.7959427111268579,강한 후보,방향 일치
valid,direct_robust_z,MRO-40021,Filter,load_pct,operating_context,3.0,7,419,13,0.043096826781674494,0.11904761904761904,7.5950792265944544,-5.810360495670167,35.48370641401416,0.6704442428448738,2.49237099704978,0.7959427111268579,약한 후보,방향 일치
valid,direct_robust_z,MRO-40021,Filter,shaft_rpm,operating_context,2.0,7,419,13,0.10587701948731643,1.0,89.41229805126835,84.00953769108,94.25298923178687,0.7016590460166191,3.73468366132854,0.9098164366961361,강한 후보,방향 일치
valid,direct_robust_z,MRO-40021,Filter,shaft_rpm,operating_context,3.0,7,419,13,0.05987572457560988,0.8214285714285714,76.15528468529615,43.333693860901704,95.43833883538548,0.7016590460166191,3.73468366132854,0.9098164366961361,강한 후보,방향 일치
valid,direct_robust_z,MRO-40021,Filter,power_consumption_kw,operating_context,2.0,7,419,13,0.06978445990807401,0.3095238095238095,23.973934961573544,-6.439147279946311,59.60436634167833,0.7221400104144128,2.008402253260293,0.7016903016839298,약한 후보,방향 일치
valid,direct_robust_z,MRO-40021,Filter,power_consumption_kw,operating_context,3.0,7,419,13,0.014758698602842861,0.19047619047619047,17.57174918733476,-2.1820289221843954,46.641604010025034,0.7221400104144128,2.008402253260293,0.7016903016839298,약한 후보,방향 일치
valid,direct_robust_z,MRO-40022,Filter,temp_bearing_degC,health,2.0,5,302,7,0.10484459010774798,0.0,-10.484459010774797,-19.06787802840434,-3.1237773921984453,0.7945988106168776,0.6043031248315753,-0.2834258723732408,표본 부족,방향 일치
valid,direct_robust_z,MRO-40022,Filter,temp_bearing_degC,health,3.0,5,302,7,0.01111111111111111,0.0,-1.111111111111111,-5.555555555555556,0.0,0.7945988106168776,0.6043031248315753,-0.2834258723732408,표본 부족,방향 일치
valid,direct_robust_z,MRO-40022,Filter,temp_motor_degC,health,2.0,5,302,7,0.0856431677484309,0.0,-8.56431677484309,-13.230004498425549,-4.438735728209413,0.7257094423122307,0.5440561493719306,-0.23835786046312366,표본 부족,방향 불일치
valid,direct_robust_z,MRO-40022,Filter,temp_motor_degC,health,3.0,5,302,7,0.006585695006747638,0.0,-0.6585695006747638,-2.720647773279352,0.0,0.7257094423122307,0.5440561493719306,-0.23835786046312366,표본 부족,방향 일치
valid,direct_robust_z,MRO-40022,Filter,vibration_h_mms,health,2.0,5,302,7,0.1653145684724632,0.2,3.4685431527536807,-25.446950710108602,48.095707216759834,1.162267894806553,1.5760854622335811,0.2853539832487201,표본 부족,방향 일치
valid,direct_robust_z,MRO-40022,Filter,vibration_h_mms,health,3.0,5,302,7,0.06332412227149069,0.0,-6.332412227149069,-12.166663453505556,-2.5103785103785103,1.162267894806553,1.5760854622335811,0.2853539832487201,표본 부족,방향 불일치
valid,direct_robust_z,MRO-40022,Filter,vibration_v_mms,health,2.0,5,302,7,0.10285243022085126,0.2,9.714756977914876,-13.634920634920636,50.71459096459096,0.9081218756702482,1.0564167141277205,-0.006347064241801087,표본 부족,방향 일치
valid,direct_robust_z,MRO-40022,Filter,vibration_v_mms,health,3.0,5,302,7,0.046253668358931514,0.0,-4.625366835893152,-9.35762483130904,-1.336326928432192,0.9081218756702482,1.0564167141277205,-0.006347064241801087,표본 부족,방향 일치
valid,direct_robust_z,MRO-40022,Filter,oil_pressure_bar,health,2.0,5,302,7,0.07002120686331212,0.2,12.99787931366879,-10.653547329863118,54.12869352869351,0.6549660269654316,0.7969640815920813,-0.11086262665210031,표본 부족,방향 불일치
valid,direct_robust_z,MRO-40022,Filter,oil_pressure_bar,health,3.0,5,302,7,0.007212475633528265,0.0,-0.7212475633528265,-2.923976608187134,0.0,0.6549660269654316,0.7969640815920813,-0.11086262665210031,표본 부족,방향 일치
valid,direct_robust_z,MRO-40022,Filter,load_pct,operating_context,2.0,5,302,7,0.13826060878692456,0.5,36.17393912130754,-13.230525030525026,78.87593984962403,0.7227258755773844,2.2245306159395897,0.733532549322023,표본 부족,방향 일치
valid,direct_robust_z,MRO-40022,Filter,load_pct,operating_context,3.0,5,302,7,0.03976565344986398,0.1,6.023434655013602,-7.268309663046504,37.797557997558,0.7227258755773844,2.2245306159395897,0.733532549322023,표본 부족,방향 일치
valid,direct_robust_z,MRO-40022,Filter,shaft_rpm,operating_context,2.0,5,302,7,0.08968061178587494,0.8,71.03193882141251,32.38095238095239,94.85656448814343,0.6670417760969692,3.159753027110812,0.8715969410706252,표본 부족,방향 일치
valid,direct_robust_z,MRO-40022,Filter,shaft_rpm,operating_context,3.0,5,302,7,0.04264764475290791,0.2,15.735235524709209,-6.666666666666667,55.61578947368422,0.6670417760969692,3.159753027110812,0.8715969410706252,표본 부족,방향 일치
valid,direct_robust_z,MRO-40022,Filter,power_consumption_kw,operating_context,2.0,5,302,7,0.07607865818392134,0.5,42.392134181607865,-0.16255596255596177,82.61981342244499,0.6888400958433663,1.9366726776032248,0.6818923376818115,표본 부족,방향 일치
valid,direct_robust_z,MRO-40022,Filter,power_consumption_kw,operating_context,3.0,5,302,7,0.013700918964076858,0.1,8.629908103592316,-4.2105263157894735,40.0,0.6888400958433663,1.9366726776032248,0.6818923376818115,표본 부족,방향 일치
valid,direct_robust_z,MRO-50008,Electrical,temp_bearing_degC,health,2.0,7,411,11,0.12430752146248515,0.0,-12.430752146248516,-20.707271609208654,-6.797307514922528,0.8386361764115131,0.8235924110064142,-0.04407357058688778,역방향,방향 일치
valid,direct_robust_z,MRO-50008,Electrical,temp_bearing_degC,health,3.0,7,411,11,0.015330143356777738,0.0,-1.533014335677774,-4.091909598114198,0.0,0.8386361764115131,0.8235924110064142,-0.04407357058688778,관계 미약,방향 일치
valid,direct_robust_z,MRO-50008,Electrical,temp_motor_degC,health,2.0,7,411,11,0.07222757513314415,0.0,-7.222757513314415,-11.186476832511941,-3.589995310939621,0.6713249469001142,1.0083014865115953,0.19127225567903539,방향 불일치,방향 불일치
valid,direct_robust_z,MRO-50008,Electrical,temp_motor_degC,health,3.0,7,411,11,0.007216512301258064,0.0,-0.7216512301258065,-2.3376623376623376,0.0,0.6713249469001142,1.0083014865115953,0.19127225567903539,관계 미약,방향 일치
valid,direct_robust_z,MRO-50008,Electrical,vibration_h_mms,health,2.0,7,411,11,0.1587508267895677,0.09523809523809523,-6.351273155147247,-19.49737022013051,17.525399707905756,1.1617095293636577,1.3214007450332965,0.07241190788406285,방향 불일치,방향 불일치
valid,direct_robust_z,MRO-50008,Electrical,vibration_h_mms,health,3.0,7,411,11,0.05061155103527985,0.047619047619047616,-0.29925034162322367,-7.800002761564505,14.752942051670857,1.1617095293636577,1.3214007450332965,0.07241190788406285,관계 미약,방향 일치
valid,direct_robust_z,MRO-50008,Electrical,vibration_v_mms,health,2.0,7,411,11,0.11353044543117181,0.047619047619047616,-6.59113978121242,-15.58156982914852,10.928979599227777,0.9508343051462677,0.7598443403493155,-0.1471495189412865,방향 불일치,방향 불일치
valid,direct_robust_z,MRO-50008,Electrical,vibration_v_mms,health,3.0,7,411,11,0.043277167187578805,0.0,-4.32771671875788,-7.763023705063656,-1.6045768418649784,0.9508343051462677,0.7598443403493155,-0.1471495189412865,관계 미약,방향 일치
valid,direct_robust_z,MRO-50008,Electrical,oil_pressure_bar,health,2.0,7,411,11,0.05805391810234425,0.0,-5.805391810234425,-9.927901306835931,-2.169904685037858,0.684584813107253,0.5775355942558663,-0.13218586632630216,방향 불일치,방향 불일치
valid,direct_robust_z,MRO-50008,Electrical,oil_pressure_bar,health,3.0,7,411,11,0.007488117657609183,0.0,-0.7488117657609183,-2.381961259079903,0.0,0.684584813107253,0.5775355942558663,-0.13218586632630216,관계 미약,방향 일치
valid,direct_robust_z,MRO-50008,Electrical,load_pct,operating_context,2.0,7,411,11,0.10131586644903835,0.5238095238095238,42.24936573604855,4.777645847561102,77.85873307483477,0.6524221352503936,2.187834468912623,0.716555966677032,강한 후보,방향 일치
valid,direct_robust_z,MRO-50008,Electrical,load_pct,operating_context,3.0,7,411,11,0.026409907463176226,0.3333333333333333,30.69234258701571,-1.9863945578231292,68.00541125541126,0.6524221352503936,2.187834468912623,0.716555966677032,약한 후보,방향 일치
valid,direct_robust_z,MRO-50008,Electrical,shaft_rpm,operating_context,2.0,7,411,11,0.07689547471629797,0.5,42.3104525283702,9.371827929939311,75.43770898189784,0.7077831553322197,2.6791507877225547,0.760806438651475,강한 후보,방향 일치
valid,direct_robust_z,MRO-50008,Electrical,shaft_rpm,operating_context,3.0,7,411,11,0.037820586730998355,0.35714285714285715,31.93222704118588,-1.9411776009838961,67.93041623429033,0.7077831553322197,2.6791507877225547,0.760806438651475,약한 후보,방향 일치
valid,direct_robust_z,MRO-50008,Electrical,power_consumption_kw,operating_context,2.0,7,411,11,0.05826323259737303,0.42857142857142855,37.030819597405554,4.589386602098466,79.41895141895142,0.7008386084514316,1.6466638376114697,0.5523434730456522,강한 후보,방향 일치
valid,direct_robust_z,MRO-50008,Electrical,power_consumption_kw,operating_context,3.0,7,411,11,0.009837304207764257,0.0,-0.9837304207764257,-2.654718667127868,0.0,0.7008386084514316,1.6466638376114697,0.5523434730456522,방향 불일치,방향 불일치
valid,direct_robust_z,MRO-50009,Electrical,temp_bearing_degC,health,2.0,4,242,7,0.11982994208685555,0.0,-11.982994208685554,-22.40399728133894,-2.5469924812030085,0.8140623390424324,0.3310424600616645,-0.5613504099231129,표본 부족,방향 일치
valid,direct_robust_z,MRO-50009,Electrical,temp_bearing_degC,health,3.0,4,242,7,0.00847457627118644,0.0,-0.847457627118644,-3.8135593220338984,0.0,0.8140623390424324,0.3310424600616645,-0.5613504099231129,표본 부족,방향 일치
valid,direct_robust_z,MRO-50009,Electrical,temp_motor_degC,health,2.0,4,242,7,0.07432422865072286,0.0,-7.432422865072286,-13.032581453634084,-3.1746031746031744,0.7180516210261252,0.49991668055324257,-0.3373900853829489,표본 부족,방향 일치
valid,direct_robust_z,MRO-50009,Electrical,temp_motor_degC,health,3.0,4,242,7,0.0043859649122807015,0.0,-0.43859649122807015,-2.631578947368421,0.0,0.7180516210261252,0.49991668055324257,-0.3373900853829489,표본 부족,방향 일치
valid,direct_robust_z,MRO-50009,Electrical,vibration_h_mms,health,2.0,4,242,7,0.19313821276354726,0.0,-19.313821276354727,-29.22253550543024,-9.422921711057304,1.1906283941537028,1.2205990778650495,0.03290004672698696,표본 부족,방향 불일치
valid,direct_robust_z,MRO-50009,Electrical,vibration_h_mms,health,3.0,4,242,7,0.06298585446667515,0.0,-6.298585446667515,-11.946532999164578,-1.6942426688189405,1.1906283941537028,1.2205990778650495,0.03290004672698696,표본 부족,방향 일치
valid,direct_robust_z,MRO-50009,Electrical,vibration_v_mms,health,2.0,4,242,7,0.1047003100972771,0.0,-10.470031009727709,-17.74884775498067,-4.756019639494221,0.8748694796546821,1.1651095828229263,0.2300843917703864,표본 부족,방향 일치
valid,direct_robust_z,MRO-50009,Electrical,vibration_v_mms,health,3.0,4,242,7,0.0420401285700126,0.0,-4.20401285700126,-8.779761904761903,-0.7847744360902336,0.8748694796546821,1.1651095828229263,0.2300843917703864,표본 부족,방향 일치
valid,direct_robust_z,MRO-50009,Electrical,oil_pressure_bar,health,2.0,4,242,7,0.057467114112966025,0.0,-5.7467114112966025,-10.243918411848831,-1.670843776106934,0.6913530284635099,0.49360460125332695,-0.3332147459043088,표본 부족,방향 일치
valid,direct_robust_z,MRO-50009,Electrical,oil_pressure_bar,health,3.0,4,242,7,0.008623253047873921,0.0,-0.8623253047873921,-3.479036574487065,0.0,0.6913530284635099,0.49360460125332695,-0.3332147459043088,표본 부족,방향 일치
valid,direct_robust_z,MRO-50009,Electrical,load_pct,operating_context,2.0,4,242,7,0.13931013975617007,0.875,73.568986024383,32.03557976863062,92.17020304999787,0.7158146019923028,2.5825249835533866,0.8082954561545106,표본 부족,방향 일치
valid,direct_robust_z,MRO-50009,Electrical,load_pct,operating_context,3.0,4,242,7,0.054334282032765524,0.25,19.566571796723448,-7.943233790691417,67.57471008028546,0.7158146019923028,2.5825249835533866,0.8082954561545106,표본 부족,방향 일치
valid,direct_robust_z,MRO-50009,Electrical,shaft_rpm,operating_context,2.0,4,242,7,0.1071463970661116,0.6666666666666666,55.9520269600555,13.699051654560128,90.58950341956587,0.6693473075329233,2.660309853941742,0.6907381447970209,표본 부족,방향 일치
valid,direct_robust_z,MRO-50009,Electrical,shaft_rpm,operating_context,3.0,4,242,7,0.058720246945046226,0.5,44.127975305495376,-3.8135593220338984,92.35902255639097,0.6693473075329233,2.660309853941742,0.6907381447970209,표본 부족,방향 일치
valid,direct_robust_z,MRO-50009,Electrical,power_consumption_kw,operating_context,2.0,4,242,7,0.09470356682667119,0.25,15.52964331733288,-14.266041162227602,66.56537176274017,0.7251516000424195,1.8839121654826512,0.5622637101227645,표본 부족,방향 일치
valid,direct_robust_z,MRO-50009,Electrical,power_consumption_kw,operating_context,3.0,4,242,7,0.021363436840689292,0.25,22.86365631593107,-2.4899112187247776,70.65624867252879,0.7251516000424195,1.8839121654826512,0.5622637101227645,표본 부족,방향 일치
valid,direct_robust_z,MRO-60015,Coupling,temp_bearing_degC,health,2.0,7,416,13,0.10802221946289745,0.0,-10.802221946289745,-18.455691834172463,-4.899064514984614,0.8467120820652203,0.44590769010163017,-0.44951948329672303,역방향,방향 일치
valid,direct_robust_z,MRO-60015,Coupling,temp_bearing_degC,health,3.0,7,416,13,0.015330143356777738,0.0,-1.533014335677774,-4.223592214663643,0.0,0.8467120820652203,0.44590769010163017,-0.44951948329672303,관계 미약,방향 일치
valid,direct_robust_z,MRO-60015,Coupling,temp_motor_degC,health,2.0,7,416,13,0.0810917268544387,0.07142857142857142,-0.9663155425867278,-11.4673732016347,21.94486579580405,0.6812911619035853,0.860280914515667,0.05471492232993443,방향 불일치,방향 불일치
valid,direct_robust_z,MRO-60015,Coupling,temp_motor_degC,health,3.0,7,416,13,0.004619109703855466,0.0,-0.46191097038554657,-1.8476438815421863,0.0,0.6812911619035853,0.860280914515667,0.05471492232993443,관계 미약,방향 일치
valid,direct_robust_z,MRO-60015,Coupling,vibration_h_mms,health,2.0,7,416,13,0.15878174824906058,0.25,9.121825175093942,-13.4697879803812,39.73013711134172,1.131161102603498,1.7944264593415469,0.4659470741795197,방향 불일치,방향 불일치
valid,direct_robust_z,MRO-60015,Coupling,vibration_h_mms,health,3.0,7,416,13,0.04824090580749176,0.0,-4.824090580749176,-8.34510517954828,-2.00158162279833,1.131161102603498,1.7944264593415469,0.4659470741795197,관계 미약,방향 일치
valid,direct_robust_z,MRO-60015,Coupling,vibration_v_mms,health,2.0,7,416,13,0.11344798820585744,0.32142857142857145,20.7980583222714,-8.67938407435986,51.37140844313968,0.9670562519436819,1.2982363132707444,0.19741515322629125,약한 후보,방향 일치
valid,direct_robust_z,MRO-60015,Coupling,vibration_v_mms,health,3.0,7,416,13,0.04090652195979073,0.0,-4.0906521959790725,-7.412992638022906,-1.4455128205128205,0.9670562519436819,1.2982363132707444,0.19741515322629125,방향 불일치,방향 불일치
valid,direct_robust_z,MRO-60015,Coupling,oil_pressure_bar,health,2.0,7,416,13,0.06237261527818428,0.0,-6.237261527818428,-10.808591798301242,-2.5516856025330603,0.7021040536131393,0.5742981205717366,-0.20333898009442805,역방향,방향 일치
valid,direct_robust_z,MRO-60015,Coupling,oil_pressure_bar,health,3.0,7,416,13,0.007488117657609183,0.0,-0.7488117657609183,-2.381961259079903,0.0,0.7021040536131393,0.5742981205717366,-0.20333898009442805,방향 불일치,방향 불일치
valid,direct_robust_z,MRO-60015,Coupling,load_pct,operating_context,2.0,7,416,13,0.1167765961954824,0.8571428571428571,74.03662609473747,42.99262317921519,91.98593557370798,0.7044911664691578,2.93192807405291,0.8703072015420682,강한 후보,방향 일치
valid,direct_robust_z,MRO-60015,Coupling,load_pct,operating_context,3.0,7,416,13,0.03798484046668066,0.4642857142857143,42.630087381903365,9.93840466434292,78.35553025353269,0.7044911664691578,2.93192807405291,0.8703072015420682,강한 후보,방향 일치
valid,direct_robust_z,MRO-60015,Coupling,shaft_rpm,operating_context,2.0,7,416,13,0.07520510159735341,0.6071428571428571,53.19377555455037,17.566792720999743,86.2728366770437,0.6856792013021332,2.2896010772131996,0.6248152976966538,강한 후보,방향 일치
valid,direct_robust_z,MRO-60015,Coupling,shaft_rpm,operating_context,3.0,7,416,13,0.03600652777408225,0.17857142857142858,14.256490079734633,-4.224871174023716,43.78765665327408,0.6856792013021332,2.2896010772131996,0.6248152976966538,약한 후보,방향 일치
valid,direct_robust_z,MRO-60015,Coupling,power_consumption_kw,operating_context,2.0,7,416,13,0.07199236061221534,0.7142857142857143,64.22933536734989,32.85516316478785,93.59422589113872,0.7110812926579754,2.269691169743132,0.6819904044480316,강한 후보,방향 일치
valid,direct_robust_z,MRO-60015,Coupling,power_consumption_kw,operating_context,3.0,7,416,13,0.004972327914216534,0.14285714285714285,13.78848149429263,-0.9685230024213075,42.37288135593221,0.7110812926579754,2.269691169743132,0.6819904044480316,약한 후보,방향 일치
valid,direct_robust_z,MRO-60016,Coupling,temp_bearing_degC,health,2.0,7,419,14,0.12828442295754644,0.0,-12.828442295754645,-20.11633311088517,-6.2448180126751565,0.8605345542619766,0.8754916601839496,-0.06330558240969864,방향 불일치,방향 불일치
valid,direct_robust_z,MRO-60016,Coupling,temp_bearing_degC,health,3.0,7,419,14,0.012779122948614472,0.0,-1.2779122948614472,-3.963882163034706,0.0,0.8605345542619766,0.8754916601839496,-0.06330558240969864,관계 미약,방향 일치
valid,direct_robust_z,MRO-60016,Coupling,temp_motor_degC,health,2.0,7,419,14,0.07062490016485175,0.07142857142857142,0.08036712637196769,-10.35130386159442,22.55827969447824,0.6833023840109964,0.86664085422229,0.11292041381629758,관계 미약,방향 일치
valid,direct_robust_z,MRO-60016,Coupling,temp_motor_degC,health,3.0,7,419,14,0.004795204795204795,0.0,-0.4795204795204795,-1.9190809190809188,0.0,0.6833023840109964,0.86664085422229,0.11292041381629758,관계 미약,방향 일치
valid,direct_robust_z,MRO-60016,Coupling,vibration_h_mms,health,2.0,7,419,14,0.1361730951319329,0.38571428571428573,24.954119058235282,-5.985651253508395,56.55509253995937,1.143950743434703,1.7590175836576527,0.49300219912810717,약한 후보,방향 일치
valid,direct_robust_z,MRO-60016,Coupling,vibration_h_mms,health,3.0,7,419,14,0.039889578630498725,0.028571428571428574,-1.1318150059070151,-6.613410589500178,12.37957274095288,1.143950743434703,1.7590175836576527,0.49300219912810717,방향 불일치,방향 불일치
valid,direct_robust_z,MRO-60016,Coupling,vibration_v_mms,health,2.0,7,419,14,0.09962618316129211,0.09999999999999999,0.037381683870787996,-13.142466525941103,23.918248418248417,0.93985309621493,1.1361250836393209,0.17397300394879092,관계 미약,방향 일치
valid,direct_robust_z,MRO-60016,Coupling,vibration_v_mms,health,3.0,7,419,14,0.030287621086652564,0.0,-3.0287621086652563,-5.743134824551289,-0.9776850133992993,0.93985309621493,1.1361250836393209,0.17397300394879092,방향 불일치,방향 불일치
valid,direct_robust_z,MRO-60016,Coupling,oil_pressure_bar,health,2.0,7,419,14,0.05966620143375591,0.0,-5.966620143375591,-10.193007109472001,-2.559220138215297,0.6894512688033324,0.8421683324237167,0.03389404918460608,방향 불일치,방향 불일치
valid,direct_robust_z,MRO-60016,Coupling,oil_pressure_bar,health,3.0,7,419,14,0.005066810151555913,0.0,-0.5066810151555914,-2.072684064209488,0.0,0.6894512688033324,0.8421683324237167,0.03389404918460608,관계 미약,방향 일치
valid,direct_robust_z,MRO-60016,Coupling,load_pct,operating_context,2.0,7,419,14,0.13010636569958606,0.8714285714285713,74.13222057289852,45.56482167953112,90.34372624505798,0.684251518508734,2.8792403363265704,0.8740584919519544,강한 후보,방향 일치
valid,direct_robust_z,MRO-60016,Coupling,load_pct,operating_context,3.0,7,419,14,0.042566370048210234,0.35714285714285715,31.457648709464692,-2.8474421731080324,67.50339963596622,0.684251518508734,2.8792403363265704,0.8740584919519544,약한 후보,방향 일치
valid,direct_robust_z,MRO-60016,Coupling,shaft_rpm,operating_context,2.0,7,419,14,0.09012042571364606,0.5142857142857143,42.41652885720683,6.9792668993637506,76.67567494383474,0.6941468342133111,2.24023107689962,0.779636467021455,강한 후보,방향 일치
valid,direct_robust_z,MRO-60016,Coupling,shaft_rpm,operating_context,3.0,7,419,14,0.037140314622154814,0.17142857142857143,13.428825680641662,-4.245762711864407,41.017317226760326,0.6941468342133111,2.24023107689962,0.779636467021455,방향 불일치,방향 불일치
valid,direct_robust_z,MRO-60016,Coupling,power_consumption_kw,operating_context,2.0,7,419,14,0.06603832003347741,0.7142857142857143,64.82473942522368,30.325553414839128,94.26830655220488,0.6760037282019093,2.274556563513166,0.799828121837807,강한 후보,방향 일치
valid,direct_robust_z,MRO-60016,Coupling,power_consumption_kw,operating_context,3.0,7,419,14,0.0072862837996009915,0.21428571428571427,20.699943048611328,-1.4527845036319613,56.46660482374769,0.6760037282019093,2.274556563513166,0.799828121837807,방향 불일치,방향 불일치
valid,direct_robust_z,MRO-70004,Lubrication,temp_bearing_degC,health,2.0,6,363,12,0.12101919291928213,0.16666666666666666,4.564747374738452,-14.733335743204163,36.187187329470994,0.8493930489074154,0.8094506779249785,-0.16196432338269984,방향 불일치,방향 불일치
valid,direct_robust_z,MRO-70004,Lubrication,temp_bearing_degC,health,3.0,6,363,12,0.005649717514124294,0.0,-0.5649717514124294,-2.5423728813559325,0.0,0.8493930489074154,0.8094506779249785,-0.16196432338269984,방향 불일치,방향 불일치
valid,direct_robust_z,MRO-70004,Lubrication,temp_motor_degC,health,2.0,6,363,12,0.07968545149633464,0.0,-7.9685451496334645,-12.243810489573203,-3.7409678858162363,0.6815442576149127,0.6198261489046365,-0.09770046585390028,방향 불일치,방향 불일치
valid,direct_robust_z,MRO-70004,Lubrication,temp_motor_degC,health,3.0,6,363,12,0.008312937929351845,0.0,-0.8312937929351845,-2.7800269905533064,0.0,0.6815442576149127,0.6198261489046365,-0.09770046585390028,관계 미약,방향 일치
valid,direct_robust_z,MRO-70004,Lubrication,vibration_h_mms,health,2.0,6,363,12,0.17542916577260914,0.3333333333333333,15.790416756072418,-17.089167580693008,50.801918897090616,1.1666055493997542,1.342349558431408,0.07933467687035932,약한 후보,방향 일치
valid,direct_robust_z,MRO-70004,Lubrication,vibration_h_mms,health,3.0,6,363,12,0.06098610643659707,0.0,-6.098610643659707,-10.607614347690172,-2.6579204693611485,1.1666055493997542,1.342349558431408,0.07933467687035932,방향 불일치,방향 불일치
valid,direct_robust_z,MRO-70004,Lubrication,vibration_v_mms,health,2.0,6,363,12,0.12675749928203095,0.16666666666666666,3.9909167384635706,-16.227669347205474,39.42139157923055,0.9272294977316191,1.1619885984977192,0.17087117874361404,관계 미약,방향 일치
valid,direct_robust_z,MRO-70004,Lubrication,vibration_v_mms,health,3.0,6,363,12,0.049667791817658014,0.0,-4.966779181765801,-8.679136999386778,-1.910988924760111,0.9272294977316191,1.1619885984977192,0.17087117874361404,관계 미약,방향 일치
valid,direct_robust_z,MRO-70004,Lubrication,oil_pressure_bar,health,2.0,6,363,12,0.05480648056473212,0.0,-5.480648056473212,-9.613731176231177,-2.1421957671957674,0.6918879117080018,1.0075706238918813,0.2785585305433655,역방향,방향 일치
valid,direct_robust_z,MRO-70004,Lubrication,oil_pressure_bar,health,3.0,6,363,12,0.008573694122311428,0.0,-0.8573694122311428,-2.6219149568837348,0.0,0.6918879117080018,1.0075706238918813,0.2785585305433655,관계 미약,방향 일치
valid,direct_robust_z,MRO-70004,Lubrication,load_pct,operating_context,2.0,6,363,12,0.11233701376431082,0.638888888888889,52.655187512457815,19.396133409904596,83.12443756065522,0.678096869819545,2.1655812380506414,0.6057756298612677,강한 후보,방향 일치
valid,direct_robust_z,MRO-70004,Lubrication,load_pct,operating_context,3.0,6,363,12,0.04730344076909643,0.13888888888888887,9.158544811979244,-7.076562821656487,39.49700640490113,0.678096869819545,2.1655812380506414,0.6057756298612677,약한 후보,방향 일치
valid,direct_robust_z,MRO-70004,Lubrication,shaft_rpm,operating_context,2.0,6,363,12,0.11161842749710726,0.8333333333333334,72.17149058362261,37.4399454742898,93.06757359500446,0.7061870937732898,3.287105743244006,0.9003207034317651,강한 후보,방향 일치
valid,direct_robust_z,MRO-70004,Lubrication,shaft_rpm,operating_context,3.0,6,363,12,0.057950250100116285,0.5555555555555556,49.76053054554393,11.537223291460577,84.00960333526123,0.7061870937732898,3.287105743244006,0.9003207034317651,강한 후보,방향 일치
valid,direct_robust_z,MRO-70004,Lubrication,power_consumption_kw,operating_context,2.0,6,363,12,0.06951044132132446,0.3055555555555555,23.60451142342311,-7.486892344943191,60.32242989318146,0.7297043202689948,1.5141134224946509,0.4167770578118482,약한 후보,방향 일치
valid,direct_robust_z,MRO-70004,Lubrication,power_consumption_kw,operating_context,3.0,6,363,12,0.014242291227126195,0.0,-1.4242291227126196,-4.098647041332144,0.0,0.7297043202689948,1.5141134224946509,0.4167770578118482,방향 불일치,방향 불일치
valid,direct_robust_z,MRO-70005,Lubrication,temp_bearing_degC,health,2.0,5,310,11,0.09380352227809854,0.0,-9.380352227809855,-17.541636141636143,-3.754789842925436,0.7929198834017296,0.8518318617077109,-0.022044763146458056,방향 불일치,방향 불일치
valid,direct_robust_z,MRO-70005,Lubrication,temp_bearing_degC,health,3.0,5,310,11,0.0,0.0,0.0,0.0,0.0,0.7929198834017296,0.8518318617077109,-0.022044763146458056,관계 미약,방향 일치
valid,direct_robust_z,MRO-70005,Lubrication,temp_motor_degC,health,2.0,5,310,11,0.08695680966867407,0.2,11.304319033132595,-11.452997661472237,51.345058566668726,0.6977011767879955,1.0815161758754495,0.1315556728268593,방향 불일치,방향 불일치
valid,direct_robust_z,MRO-70005,Lubrication,temp_motor_degC,health,3.0,5,310,11,0.006466753585397653,0.0,-0.6466753585397653,-2.248500651890483,0.0,0.6977011767879955,1.0815161758754495,0.1315556728268593,관계 미약,방향 일치
valid,direct_robust_z,MRO-70005,Lubrication,vibration_h_mms,health,2.0,5,310,11,0.12267109538295977,0.26666666666666666,14.399557128370688,-14.051751826328095,53.35002638604333,1.0453526444740877,1.2589525210297141,0.12260338845084609,약한 후보,방향 일치
valid,direct_robust_z,MRO-70005,Lubrication,vibration_h_mms,health,3.0,5,310,11,0.04819146954740175,0.0,-4.819146954740175,-8.757809234080419,-1.5896825396825398,1.0453526444740877,1.2589525210297141,0.12260338845084609,방향 불일치,방향 불일치
valid,direct_robust_z,MRO-70005,Lubrication,vibration_v_mms,health,2.0,5,310,11,0.10326938598125039,0.1,-0.3269385981250386,-15.397327249022164,35.16375488917847,0.8639724696092985,0.9338022883248186,-0.04250967488255625,방향 불일치,방향 불일치
valid,direct_robust_z,MRO-70005,Lubrication,vibration_v_mms,health,3.0,5,310,11,0.0418422631981954,0.0,-4.18422631981954,-7.752192628463814,-1.2688644688644697,0.8639724696092985,0.9338022883248186,-0.04250967488255625,방향 불일치,방향 불일치
valid,direct_robust_z,MRO-70005,Lubrication,oil_pressure_bar,health,2.0,5,310,11,0.061063926657146994,0.1,3.893607334285301,-9.425254030338776,34.708918482647285,0.7064044636729907,1.092165845408727,0.36648234377047934,방향 불일치,방향 불일치
valid,direct_robust_z,MRO-70005,Lubrication,oil_pressure_bar,health,3.0,5,310,11,0.003389830508474576,0.0,-0.3389830508474576,-2.033898305084746,0.0,0.7064044636729907,1.092165845408727,0.36648234377047934,관계 미약,방향 일치
valid,direct_robust_z,MRO-70005,Lubrication,load_pct,operating_context,2.0,5,310,11,0.12811820947414168,0.5666666666666667,43.8548457192525,3.2890109890109898,80.62701982574863,0.7479087855572717,2.311073093918809,0.7379185033422321,강한 후보,방향 일치
valid,direct_robust_z,MRO-70005,Lubrication,load_pct,operating_context,3.0,5,310,11,0.03869352869352869,0.1,6.130647130647131,-6.5015873015873025,36.41904761904761,0.7479087855572717,2.311073093918809,0.7379185033422321,약한 후보,방향 일치
valid,direct_robust_z,MRO-70005,Lubrication,shaft_rpm,operating_context,2.0,5,310,11,0.10219324931189337,0.7,59.780675068810666,17.631463545870325,92.53547888081788,0.7249243420407876,2.4187517776305616,0.7646179024992585,강한 후보,방향 일치
valid,direct_robust_z,MRO-70005,Lubrication,shaft_rpm,operating_context,3.0,5,310,11,0.03843711843711843,0.3333333333333333,29.489621489621488,-3.6173076923076932,72.69914529914529,0.7249243420407876,2.4187517776305616,0.7646179024992585,약한 후보,방향 일치
valid,direct_robust_z,MRO-70005,Lubrication,power_consumption_kw,operating_context,2.0,5,310,11,0.07431634279091906,0.4,32.5683657209081,-6.20772335009623,76.66386871132634,0.7359233776081318,1.6140492200551715,0.5749949297406924,약한 후보,방향 일치
valid,direct_robust_z,MRO-70005,Lubrication,power_consumption_kw,operating_context,3.0,5,310,11,0.0031746031746031746,0.0,-0.31746031746031744,-1.9047619047619047,0.0,0.7359233776081318,1.6140492200551715,0.5749949297406924,방향 불일치,방향 불일치
valid,direct_robust_z,MRO-80001,Sensor,temp_bearing_degC,health,2.0,9,528,18,0.11734639583534417,0.1111111111111111,-0.623528472423307,-14.914825136427872,22.76826203361291,0.8338724867120926,0.9927288862942443,0.04094029577724692,방향 불일치,방향 불일치
valid,direct_robust_z,MRO-80001,Sensor,temp_bearing_degC,health,3.0,9,528,18,0.011923444833049352,0.0,-1.1923444833049353,-3.3859693699618365,0.0,0.8338724867120926,0.9927288862942443,0.04094029577724692,관계 미약,방향 일치
valid,direct_robust_z,MRO-80001,Sensor,temp_motor_degC,health,2.0,9,528,18,0.07333099898269885,0.0,-7.333099898269885,-10.911758143619577,-4.285752049021451,0.6842251346701728,1.0567817207769887,0.22329404487943488,방향 불일치,방향 불일치
valid,direct_robust_z,MRO-80001,Sensor,temp_motor_degC,health,3.0,9,528,18,0.007562160639769918,0.0,-0.7562160639769918,-2.1586785534153954,0.0,0.6842251346701728,1.0567817207769887,0.22329404487943488,관계 미약,방향 일치
valid,direct_robust_z,MRO-80001,Sensor,vibration_h_mms,health,2.0,9,528,18,0.17327793350689574,0.3333333333333333,16.005539982643757,-10.598331737864893,47.140051741300624,1.178608075884899,1.7035105971430693,0.36236052312719974,약한 후보,방향 일치
valid,direct_robust_z,MRO-80001,Sensor,vibration_h_mms,health,3.0,9,528,18,0.056713467569350216,0.0,-5.671346756935022,-9.570203188624241,-2.640149113486412,1.178608075884899,1.7035105971430693,0.36236052312719974,방향 불일치,방향 불일치
valid,direct_robust_z,MRO-80001,Sensor,vibration_v_mms,health,2.0,9,528,18,0.11871081428272429,0.3888888888888889,27.01780746061646,-0.8449871980202028,59.006390624093065,0.9668421574015843,1.5829138800332645,0.3833330527799752,방향 불일치,방향 불일치
valid,direct_robust_z,MRO-80001,Sensor,vibration_v_mms,health,3.0,9,528,18,0.047110311321333226,0.0,-4.711031132133322,-7.889865665661087,-2.0513221782054174,0.9668421574015843,1.5829138800332645,0.3833330527799752,방향 불일치,방향 불일치
valid,direct_robust_z,MRO-80001,Sensor,oil_pressure_bar,health,2.0,9,528,18,0.05090353474236911,0.05555555555555555,0.46520208131864416,-8.302714385737975,18.267676843774574,0.6680343103317451,0.8640844583392174,0.10442589994081718,방향 불일치,방향 불일치
valid,direct_robust_z,MRO-80001,Sensor,oil_pressure_bar,health,3.0,9,528,18,0.007773409250265231,0.027777777777777776,2.0004368527512546,-1.9533191631516535,15.334738420648813,0.6680343103317451,0.8640844583392174,0.10442589994081718,방향 불일치,방향 불일치
valid,direct_robust_z,MRO-80001,Sensor,load_pct,operating_context,2.0,9,528,18,0.10531195070792652,0.7222222222222222,61.691027151429566,32.40874650554747,88.38580581239665,0.6687492735342778,2.8178741468617527,0.8166254923440968,강한 후보,방향 일치
valid,direct_robust_z,MRO-80001,Sensor,load_pct,operating_context,3.0,9,528,18,0.037597569352450906,0.39814814814814814,36.05505787956972,7.7326119547350585,68.37220559113833,0.6687492735342778,2.8178741468617527,0.8166254923440968,강한 후보,방향 일치
valid,direct_robust_z,MRO-80001,Sensor,shaft_rpm,operating_context,2.0,9,528,18,0.08436899495478145,0.7222222222222222,63.78532272674408,35.27973229194237,88.43523608292786,0.7022881700365475,3.347053437676668,0.8989252264899008,강한 후보,방향 일치
valid,direct_robust_z,MRO-80001,Sensor,shaft_rpm,operating_context,3.0,9,528,18,0.04657000800325213,0.3888888888888889,34.23188808856368,6.738686480918119,62.10280695037607,0.7022881700365475,3.347053437676668,0.8989252264899008,강한 후보,방향 일치
valid,direct_robust_z,MRO-80001,Sensor,power_consumption_kw,operating_context,2.0,9,528,18,0.0624698436770991,0.5,43.75301563229009,12.327063390275802,73.06508923931982,0.6996783747960698,2.1815806931225197,0.6731205794715558,강한 후보,방향 일치
valid,direct_robust_z,MRO-80001,Sensor,power_consumption_kw,operating_context,3.0,9,528,18,0.013499189822413132,0.34259259259259256,32.90934027701794,6.782447490780824,63.63190617572865,0.6996783747960698,2.1815806931225197,0.6731205794715558,강한 후보,방향 일치
valid,direct_robust_z,MRO-80002,Sensor,temp_bearing_degC,health,2.0,7,420,13,0.10375610623794643,0.0,-10.375610623794643,-16.97091659349529,-4.588738037587917,0.8080638674327297,0.8188290505100984,-0.07899651241055601,방향 불일치,방향 불일치
valid,direct_robust_z,MRO-80002,Sensor,temp_bearing_degC,health,3.0,7,420,13,0.0104875283446712,0.0,-1.04875283446712,-3.6852796674225243,0.0,0.8080638674327297,0.8188290505100984,-0.07899651241055601,관계 미약,방향 일치
valid,direct_robust_z,MRO-80002,Sensor,temp_motor_degC,health,2.0,7,420,13,0.08289809912085941,0.0,-8.289809912085941,-12.179550680912666,-4.628994245822333,0.7039631202053188,0.7134686840846918,-0.10752036726612998,방향 불일치,방향 불일치
valid,direct_robust_z,MRO-80002,Sensor,temp_motor_degC,health,3.0,7,420,13,0.004619109703855466,0.0,-0.46191097038554657,-1.8934624697336562,0.0,0.7039631202053188,0.7134686840846918,-0.10752036726612998,관계 미약,방향 일치
valid,direct_robust_z,MRO-80002,Sensor,vibration_h_mms,health,2.0,7,420,13,0.15224806132796445,0.38095238095238093,22.870431962441646,-12.307121718743995,56.75982670701193,1.115688034453895,1.4623569748825767,0.21992010769250475,방향 불일치,방향 불일치
valid,direct_robust_z,MRO-80002,Sensor,vibration_h_mms,health,3.0,7,420,13,0.05246858557996572,0.0,-5.246858557996572,-9.015567765567765,-2.3978394486869066,1.115688034453895,1.4623569748825767,0.21992010769250475,방향 불일치,방향 불일치
valid,direct_robust_z,MRO-80002,Sensor,vibration_v_mms,health,2.0,7,420,13,0.10995054403044717,0.0,-10.995054403044717,-16.22404781121488,-6.114872415719874,0.9321418951055354,1.1514332339891913,0.22340961880913454,역방향,방향 일치
valid,direct_robust_z,MRO-80002,Sensor,vibration_v_mms,health,3.0,7,420,13,0.04528793554217283,0.0,-4.528793554217283,-8.17297936123602,-1.8121693121693139,0.9321418951055354,1.1514332339891913,0.22340961880913454,관계 미약,방향 일치
valid,direct_robust_z,MRO-80002,Sensor,oil_pressure_bar,health,2.0,7,420,13,0.05949010634240658,0.07142857142857142,1.1938465086164842,-9.477053011556643,26.113945578231263,0.6653136485507792,0.7240825043121168,-0.05281473302054416,방향 불일치,방향 불일치
valid,direct_robust_z,MRO-80002,Sensor,oil_pressure_bar,health,3.0,7,420,13,0.005066810151555913,0.0,-0.5066810151555914,-2.1164021164021163,0.0,0.6653136485507792,0.7240825043121168,-0.05281473302054416,방향 불일치,방향 불일치
valid,direct_robust_z,MRO-80002,Sensor,load_pct,operating_context,2.0,7,420,13,0.12023560691841563,0.5357142857142857,41.54786787958701,4.239986607420022,76.60023284266624,0.7294303206010655,2.4222715837676247,0.736646543305139,강한 후보,방향 일치
valid,direct_robust_z,MRO-80002,Sensor,load_pct,operating_context,3.0,7,420,13,0.03283475783475783,0.2857142857142857,25.28795278795279,-3.399529042386185,56.57149398220819,0.7294303206010655,2.4222715837676247,0.736646543305139,약한 후보,방향 일치
valid,direct_robust_z,MRO-80002,Sensor,shaft_rpm,operating_context,2.0,7,420,13,0.0831992597125769,0.6428571428571429,55.9657883144566,21.284297052154198,87.01386708529564,0.7074064946746285,2.605419790002131,0.5572143039455387,강한 후보,방향 일치
valid,direct_robust_z,MRO-80002,Sensor,shaft_rpm,operating_context,3.0,7,420,13,0.037659166230594794,0.39285714285714285,35.51979766265481,5.129600558171987,67.9608843537415,0.7074064946746285,2.605419790002131,0.5572143039455387,강한 후보,방향 일치
valid,direct_robust_z,MRO-80002,Sensor,power_consumption_kw,operating_context,2.0,7,420,13,0.07122369156267461,0.23809523809523808,16.687154653256346,-8.87031592297936,51.78709154602011,0.7136231835925019,1.8056377799101593,0.5294657454463749,약한 후보,방향 일치
valid,direct_robust_z,MRO-80002,Sensor,power_consumption_kw,operating_context,3.0,7,420,13,0.00481859410430839,0.19047619047619047,18.565759637188208,-0.6802721088435374,47.61904761904762,0.7136231835925019,1.8056377799101593,0.5294657454463749,약한 후보,방향 일치
valid,direct_robust_z,MRO-90011,Fastener,temp_bearing_degC,health,2.0,8,475,13,0.1189452986592817,0.125,0.6054701340718296,-15.144576488326486,24.52393278214253,0.8485205925717472,0.8356496927346198,-0.05862570613629936,방향 불일치,방향 불일치
valid,direct_robust_z,MRO-90011,Fastener,temp_bearing_degC,health,3.0,8,475,13,0.01341387543718052,0.0,-1.341387543718052,-3.696988358667384,0.0,0.8485205925717472,0.8356496927346198,-0.05862570613629936,관계 미약,방향 일치
valid,direct_robust_z,MRO-90011,Fastener,temp_motor_degC,health,2.0,8,475,13,0.0707253590728167,0.0,-7.07253590728167,-10.87814339615187,-3.608868846156982,0.6903600933572198,0.8656228052919676,0.04478595792155113,방향 불일치,방향 불일치
valid,direct_robust_z,MRO-90011,Fastener,temp_motor_degC,health,3.0,8,475,13,0.004195804195804196,0.0,-0.4195804195804196,-1.8181818181818181,0.0,0.6903600933572198,0.8656228052919676,0.04478595792155113,관계 미약,방향 일치
valid,direct_robust_z,MRO-90011,Fastener,vibration_h_mms,health,2.0,8,475,13,0.154865743954727,0.0625,-9.236574395472699,-22.08054962927844,12.269497716266782,1.1580464346995014,1.3745604202146406,0.15484062390842052,역방향,방향 일치
valid,direct_robust_z,MRO-90011,Fastener,vibration_h_mms,health,3.0,8,475,13,0.04606409558740067,0.0,-4.606409558740067,-7.714565419279403,-2.035634739554231,1.1580464346995014,1.3745604202146406,0.15484062390842052,관계 미약,방향 일치
valid,direct_robust_z,MRO-90011,Fastener,vibration_v_mms,health,2.0,8,475,13,0.10726219598041632,0.16666666666666666,5.9404470686250335,-12.479613797807655,34.766888204388195,0.9514870005145718,1.0735519949620136,0.0039060868510020948,방향 불일치,방향 불일치
valid,direct_robust_z,MRO-90011,Fastener,vibration_v_mms,health,3.0,8,475,13,0.03766238273653528,0.0,-3.766238273653528,-7.03535972325697,-1.3160373789346251,0.9514870005145718,1.0735519949620136,0.0039060868510020948,관계 미약,방향 일치
valid,direct_robust_z,MRO-90011,Fastener,oil_pressure_bar,health,2.0,8,475,13,0.05220792625453642,0.041666666666666664,-1.0541259587869758,-8.713230056980056,19.146288298565842,0.6722518696948401,0.8475105481963987,0.04521476444145933,방향 불일치,방향 불일치
valid,direct_robust_z,MRO-90011,Fastener,oil_pressure_bar,health,3.0,8,475,13,0.004433458882611424,0.0,-0.44334588826114246,-1.695896107972379,0.0,0.6722518696948401,0.8475105481963987,0.04521476444145933,관계 미약,방향 일치
valid,direct_robust_z,MRO-90011,Fastener,load_pct,operating_context,2.0,8,475,13,0.1227716414157092,0.6875,56.47283585842908,21.90553543678544,87.83621207535401,0.6767861388197481,3.0264192314254883,0.8253865210433007,강한 후보,방향 일치
valid,direct_robust_z,MRO-90011,Fastener,load_pct,operating_context,3.0,8,475,13,0.03947771664932681,0.4583333333333333,41.88556166840065,9.23700843059953,77.03384289321787,0.6767861388197481,3.0264192314254883,0.8253865210433007,강한 후보,방향 일치
valid,direct_robust_z,MRO-90011,Fastener,shaft_rpm,operating_context,2.0,8,475,13,0.08778394392801173,0.75,66.22160560719882,33.27440223970944,90.74928690659623,0.6916898248712218,2.522725321878915,0.7834369961488605,강한 후보,방향 일치
valid,direct_robust_z,MRO-90011,Fastener,shaft_rpm,operating_context,3.0,8,475,13,0.04142634672295689,0.3125,27.107365327704315,-2.734728107344633,57.96545271465821,0.6916898248712218,2.522725321878915,0.7834369961488605,약한 후보,방향 일치
valid,direct_robust_z,MRO-90011,Fastener,power_consumption_kw,operating_context,2.0,8,475,13,0.06671210145786416,0.6666666666666667,59.99545652088025,26.952170769437718,89.91656157519505,0.6760975310875357,2.499571721140579,0.7371317594834543,강한 후보,방향 일치
valid,direct_robust_z,MRO-90011,Fastener,power_consumption_kw,operating_context,3.0,8,475,13,0.008607641181793725,0.3125,30.389235881820625,0.0,61.8270202020202,0.6760975310875357,2.499571721140579,0.7371317594834543,약한 후보,방향 일치
valid,direct_robust_z,MRO-90012,Fastener,temp_bearing_degC,health,2.0,6,359,8,0.07862501302510223,0.05555555555555555,-2.306945746954668,-14.456586381207254,23.76044740273107,0.7925033969080398,1.0918333961603657,0.22821752701324516,표본 부족,방향 불일치
valid,direct_robust_z,MRO-90012,Fastener,temp_bearing_degC,health,3.0,6,359,8,0.00862590799031477,0.0,-0.862590799031477,-3.122856133979015,0.0,0.7925033969080398,1.0918333961603657,0.22821752701324516,표본 부족,방향 일치
valid,direct_robust_z,MRO-90012,Fastener,temp_motor_degC,health,2.0,6,359,8,0.08577010758099073,0.0,-8.577010758099073,-12.821886310735552,-4.4815822217974315,0.6899433953930266,0.7176223317619118,-0.05731427111890983,표본 부족,방향 불일치
valid,direct_robust_z,MRO-90012,Fastener,temp_motor_degC,health,3.0,6,359,8,0.008312937929351845,0.0,-0.8312937929351845,-2.516480248862051,0.0,0.6899433953930266,0.7176223317619118,-0.05731427111890983,표본 부족,방향 일치
valid,direct_robust_z,MRO-90012,Fastener,vibration_h_mms,health,2.0,6,359,8,0.18217519751864086,0.16666666666666666,-1.5508530851974207,-23.426826246406982,30.010346821257837,1.1258652064750152,1.4022739491734002,0.04547598715752149,표본 부족,방향 일치
valid,direct_robust_z,MRO-90012,Fastener,vibration_h_mms,health,3.0,6,359,8,0.0650204979709886,0.16666666666666666,10.164616869567805,-9.259271240537966,45.298915544511,1.1258652064750152,1.4022739491734002,0.04547598715752149,표본 부족,방향 불일치
valid,direct_robust_z,MRO-90012,Fastener,vibration_v_mms,health,2.0,6,359,8,0.11809347811800978,0.16666666666666666,4.857318854865687,-15.046450056039708,37.73477043325393,0.9172720888532492,1.1879261239099717,0.021223419260885806,표본 부족,방향 불일치
valid,direct_robust_z,MRO-90012,Fastener,vibration_v_mms,health,3.0,6,359,8,0.05370218335204954,0.16666666666666666,11.296448331461711,-7.977709920172007,44.79246255941171,0.9172720888532492,1.1879261239099717,0.021223419260885806,표본 부족,방향 불일치
valid,direct_robust_z,MRO-90012,Fastener,oil_pressure_bar,health,2.0,6,359,8,0.057319708077959636,0.16666666666666666,10.934695858870702,-8.314290543104102,44.64209369940858,0.7225465825933014,0.9822488327532826,-0.022889388834973146,표본 부족,방향 불일치
valid,direct_robust_z,MRO-90012,Fastener,oil_pressure_bar,health,3.0,6,359,8,0.008573694122311428,0.0,-0.8573694122311428,-2.5721082366934285,0.0,0.7225465825933014,0.9822488327532826,-0.022889388834973146,표본 부족,방향 일치
valid,direct_robust_z,MRO-90012,Fastener,load_pct,operating_context,2.0,6,359,8,0.10995606138335844,0.9444444444444443,83.44883830610858,63.28309831646697,93.63758088724637,0.689442268706174,2.4534973119104593,0.8498490358882868,표본 부족,방향 일치
valid,direct_robust_z,MRO-90012,Fastener,load_pct,operating_context,3.0,6,359,8,0.039036245001900664,0.05555555555555555,1.651931055365489,-7.173578661814611,27.385433106887156,0.689442268706174,2.4534973119104593,0.8498490358882868,표본 부족,방향 일치
valid,direct_robust_z,MRO-90012,Fastener,shaft_rpm,operating_context,2.0,6,359,8,0.08013694601562577,0.6666666666666666,58.652972065104095,21.084271503763034,94.75161685994648,0.6690440841140036,3.327811304050853,0.8597401714484675,표본 부족,방향 일치
valid,direct_robust_z,MRO-90012,Fastener,shaft_rpm,operating_context,3.0,6,359,8,0.045516387666253856,0.3333333333333333,28.781694566707944,-3.646240764884833,62.87588232587118,0.6690440841140036,3.327811304050853,0.8597401714484675,표본 부족,방향 일치
valid,direct_robust_z,MRO-90012,Fastener,power_consumption_kw,operating_context,2.0,6,359,8,0.07824060005148319,0.5,42.17593999485168,7.1579569010713096,77.68063157313826,0.7287676501284205,1.5998964129030024,0.5483555513439545,표본 부족,방향 일치
valid,direct_robust_z,MRO-90012,Fastener,power_consumption_kw,operating_context,3.0,6,359,8,0.014572979057814026,0.0,-1.4572979057814026,-4.589665371054754,0.0,0.7287676501284205,1.5998964129030024,0.5483555513439545,표본 부족,방향 불일치
test,direct_robust_z,MRO-10045,Bearing,temp_bearing_degC,health,2.0,7,408,19,0.04213048660198497,0.028571428571428574,-1.3559058030556397,-6.943402429066009,10.53251111057386,0.5824112677902348,1.079041226899237,0.489926472432455,관계 미약,방향 일치
test,direct_robust_z,MRO-10045,Bearing,temp_bearing_degC,health,3.0,7,408,19,0.0075006705191036985,0.0,-0.7500670519103698,-2.352630568356375,0.0,0.5824112677902348,1.079041226899237,0.489926472432455,관계 미약,방향 일치
test,direct_robust_z,MRO-10045,Bearing,temp_motor_degC,health,2.0,7,408,19,0.061446665242054145,0.09999999999999999,3.8553334757945845,-8.030342324925241,22.795770038558857,0.6346076156253712,1.0451407100352712,0.24888390593099816,관계 미약,방향 일치
test,direct_robust_z,MRO-10045,Bearing,temp_motor_degC,health,3.0,7,408,19,0.0199258854261588,0.0,-1.99258854261588,-5.023092099363285,0.0,0.6346076156253712,1.0451407100352712,0.24888390593099816,관계 미약,방향 일치
test,direct_robust_z,MRO-10045,Bearing,vibration_h_mms,health,2.0,7,408,19,0.2873361576549199,0.6476190476190476,36.028288996412776,1.2348514000575912,65.77083903337106,1.6083880472179979,2.0274233351028434,0.3572983511087578,방향 불일치,방향 불일치
test,direct_robust_z,MRO-10045,Bearing,vibration_h_mms,health,3.0,7,408,19,0.07604307167705744,0.023809523809523808,-5.223354786753363,-11.556268213081648,5.201503557808015,1.6083880472179979,2.0274233351028434,0.3572983511087578,역방향,방향 일치
test,direct_robust_z,MRO-10045,Bearing,vibration_v_mms,health,2.0,7,408,19,0.20486891578344846,0.4571428571428572,25.227394135940873,-6.547813739319787,60.00594265318336,1.2348714293468717,1.801806005094896,0.31176082809573114,방향 불일치,방향 불일치
test,direct_robust_z,MRO-10045,Bearing,vibration_v_mms,health,3.0,7,408,19,0.048350806298600425,0.028571428571428574,-1.9779377727171852,-7.7643299945618,8.92701085702387,1.2348714293468717,1.801806005094896,0.31176082809573114,관계 미약,방향 일치
test,direct_robust_z,MRO-10045,Bearing,oil_pressure_bar,health,2.0,7,408,19,0.049075133465928546,0.0,-4.907513346592855,-8.802393353905847,-2.029127775348994,0.6516670822619834,0.7049061075770897,-0.022722435012873708,방향 불일치,방향 불일치
test,direct_robust_z,MRO-10045,Bearing,oil_pressure_bar,health,3.0,7,408,19,0.002551020408163265,0.0,-0.25510204081632654,-1.530612244897959,0.0,0.6516670822619834,0.7049061075770897,-0.022722435012873708,관계 미약,방향 일치
test,direct_robust_z,MRO-10045,Bearing,load_pct,operating_context,2.0,7,408,19,0.10663554779154673,0.761904761904762,65.52692141132152,33.50016364940138,89.71878815569673,0.6461770522919055,2.803216473953889,0.8428335277154213,강한 후보,방향 일치
test,direct_robust_z,MRO-10045,Bearing,load_pct,operating_context,3.0,7,408,19,0.060030317888481385,0.33809523809523817,27.806492020675677,-2.9301727174152052,60.93178552150605,0.6461770522919055,2.803216473953889,0.8428335277154213,약한 후보,방향 일치
test,direct_robust_z,MRO-10045,Bearing,shaft_rpm,operating_context,2.0,7,408,19,0.09614357727151913,0.6857142857142857,58.95707084427666,24.99743845486988,88.56991261629871,0.6682154853037937,3.567040868647063,0.8549639166497193,강한 후보,방향 일치
test,direct_robust_z,MRO-10045,Bearing,shaft_rpm,operating_context,3.0,7,408,19,0.050689697891045424,0.5619047619047619,51.121506401371654,22.21191585293333,80.09103852073225,0.6682154853037937,3.567040868647063,0.8549639166497193,강한 후보,방향 일치
test,direct_robust_z,MRO-10045,Bearing,power_consumption_kw,operating_context,2.0,7,408,19,0.10211919285351169,0.5523809523809524,45.026175952744076,7.922762825433804,78.67782178851479,0.715055936826332,2.1894155126486043,0.6781978026376433,강한 후보,방향 일치
test,direct_robust_z,MRO-10045,Bearing,power_consumption_kw,operating_context,3.0,7,408,19,0.02199631367291496,0.17142857142857143,14.943225775565647,-3.87434306691512,44.178675856307436,0.715055936826332,2.1894155126486043,0.6781978026376433,약한 후보,방향 일치
test,direct_robust_z,MRO-10046,Bearing,temp_bearing_degC,health,2.0,8,484,18,0.043718193932797425,0.16666666666666666,12.294847273386923,-5.278011419382458,40.1473549342919,0.6424259825202678,1.34953810850258,0.5079497267937687,방향 불일치,방향 불일치
test,direct_robust_z,MRO-10046,Bearing,temp_bearing_degC,health,3.0,8,484,18,0.0042482718894009215,0.0,-0.42482718894009214,-1.742511520737327,0.0,0.6424259825202678,1.34953810850258,0.5079497267937687,관계 미약,방향 일치
test,direct_robust_z,MRO-10046,Bearing,temp_motor_degC,health,2.0,8,484,18,0.07344210261734913,0.0,-7.344210261734912,-11.246291080036842,-4.400096636089079,0.6051910586918634,0.8307985283610881,0.1835846579455819,방향 불일치,방향 불일치
test,direct_robust_z,MRO-10046,Bearing,temp_motor_degC,health,3.0,8,484,18,0.025236034601012612,0.0,-2.523603460101261,-5.600727258632035,-0.43875192604006197,0.6051910586918634,0.8307985283610881,0.1835846579455819,관계 미약,방향 일치
test,direct_robust_z,MRO-10046,Bearing,vibration_h_mms,health,2.0,8,484,18,0.2676362112939578,0.5833333333333333,31.569712203937545,-1.6329677837551622,63.462781594503475,1.5461200496392333,2.167246166196986,0.4649550930931819,방향 불일치,방향 불일치
test,direct_robust_z,MRO-10046,Bearing,vibration_h_mms,health,3.0,8,484,18,0.09209619644561191,0.11666666666666667,2.4570470221054754,-12.16151217827471,26.675569137940503,1.5461200496392333,2.167246166196986,0.4649550930931819,방향 불일치,방향 불일치
test,direct_robust_z,MRO-10046,Bearing,vibration_v_mms,health,2.0,8,484,18,0.19706354524298364,0.5125,31.54364547570163,-0.5001433799648994,62.860101843720784,1.1937944575949713,1.975472848496936,0.39447285436539514,방향 불일치,방향 불일치
test,direct_robust_z,MRO-10046,Bearing,vibration_v_mms,health,3.0,8,484,18,0.060821285366924945,0.05,-1.0821285366924942,-8.733395215505807,14.43135539078758,1.1937944575949713,1.975472848496936,0.39447285436539514,관계 미약,방향 일치
test,direct_robust_z,MRO-10046,Bearing,oil_pressure_bar,health,2.0,8,484,18,0.04431957737204938,0.1875,14.31804226279506,-5.84275984342227,44.734989424531186,0.6825565896312891,1.0546515550615776,0.1956367693842503,방향 불일치,방향 불일치
test,direct_robust_z,MRO-10046,Bearing,oil_pressure_bar,health,3.0,8,484,18,0.002232142857142857,0.0,-0.2232142857142857,-1.3392857142857142,0.0,0.6825565896312891,1.0546515550615776,0.1956367693842503,방향 불일치,방향 불일치
test,direct_robust_z,MRO-10046,Bearing,load_pct,operating_context,2.0,8,484,18,0.12313184831263255,0.8333333333333333,71.02014850207007,42.02118531971037,89.11921808902264,0.7273330170344848,2.8412015138371745,0.8363844603137456,강한 후보,방향 일치
test,direct_robust_z,MRO-10046,Bearing,load_pct,operating_context,3.0,8,484,18,0.07145052296997456,0.30833333333333335,23.68828103633588,-4.549147355521003,56.59924124654821,0.7273330170344848,2.8412015138371745,0.8363844603137456,약한 후보,방향 일치
test,direct_robust_z,MRO-10046,Bearing,shaft_rpm,operating_context,2.0,8,484,18,0.09205535131802708,0.5625,47.04446486819729,17.41341336463934,77.55819764171558,0.6502060344042194,2.6627076469944644,0.6244557144052314,강한 후보,방향 일치
test,direct_robust_z,MRO-10046,Bearing,shaft_rpm,operating_context,3.0,8,484,18,0.045493086794265884,0.475,42.95069132057341,10.645521313364055,73.90372467848455,0.6502060344042194,2.6627076469944644,0.6244557144052314,강한 후보,방향 일치
test,direct_robust_z,MRO-10046,Bearing,power_consumption_kw,operating_context,2.0,8,484,18,0.10711449134794727,0.4041666666666667,29.70521753187194,-0.23414181499200684,62.187993570472294,0.7694967931027454,1.6010782416907543,0.4933828264237451,약한 후보,방향 일치
test,direct_robust_z,MRO-10046,Bearing,power_consumption_kw,operating_context,3.0,8,484,18,0.017011704465572697,0.19166666666666665,17.465496220109394,-2.945598687807545,49.99999999999999,0.7694967931027454,1.6010782416907543,0.4933828264237451,약한 후보,방향 일치
test,direct_robust_z,MRO-10047,Bearing,temp_bearing_degC,health,2.0,8,482,10,0.04598551477728152,0.0,-4.598551477728153,-7.5235004329193185,-2.010517530440309,0.6339629119113057,0.7596313283106696,-0.002341424597501418,방향 불일치,방향 불일치
test,direct_robust_z,MRO-10047,Bearing,temp_bearing_degC,health,3.0,8,482,10,0.0042482718894009215,0.0,-0.42482718894009214,-1.6561059907834101,0.0,0.6339629119113057,0.7596313283106696,-0.002341424597501418,관계 미약,방향 일치
test,direct_robust_z,MRO-10047,Bearing,temp_motor_degC,health,2.0,8,482,10,0.07147213532624,0.125,5.352786467376,-8.94266787181854,29.930413693339872,0.59394954603392,1.0060028759169182,0.2002529330232216,방향 불일치,방향 불일치
test,direct_robust_z,MRO-10047,Bearing,temp_motor_degC,health,3.0,8,482,10,0.023117390533216,0.125,10.1882609466784,-2.9320817292391554,34.56479105571847,0.59394954603392,1.0060028759169182,0.2002529330232216,방향 불일치,방향 불일치
test,direct_robust_z,MRO-10047,Bearing,vibration_h_mms,health,2.0,8,482,10,0.2604997260129587,0.4375,17.700027398704133,-16.036560473185542,55.514134206660295,1.5448670156288542,1.7026365012894225,0.1860549225002637,방향 불일치,방향 불일치
test,direct_robust_z,MRO-10047,Bearing,vibration_h_mms,health,3.0,8,482,10,0.079458670427176,0.0,-7.9458670427176,-12.516694498115786,-3.7085887996043643,1.5448670156288542,1.7026365012894225,0.1860549225002637,역방향,방향 일치
test,direct_robust_z,MRO-10047,Bearing,vibration_v_mms,health,2.0,8,482,10,0.20234157081538923,0.0,-20.23415708153892,-27.66898133859993,-13.335597518315284,1.2088674118523652,1.010378500453323,-0.1959537262948053,역방향,방향 일치
test,direct_robust_z,MRO-10047,Bearing,vibration_v_mms,health,3.0,8,482,10,0.05453969155187886,0.0,-5.453969155187886,-9.60048631844595,-2.2400072489333396,1.2088674118523652,1.010378500453323,-0.1959537262948053,역방향,방향 일치
test,direct_robust_z,MRO-10047,Bearing,oil_pressure_bar,health,2.0,8,482,10,0.042423948469284,0.0,-4.242394846928399,-7.7768822469417875,-1.3250033395049463,0.6756583886820962,0.8141064919430816,0.10510539579575917,방향 불일치,방향 불일치
test,direct_robust_z,MRO-10047,Bearing,oil_pressure_bar,health,3.0,8,482,10,0.002232142857142857,0.0,-0.2232142857142857,-1.3392857142857142,0.0,0.6756583886820962,0.8141064919430816,0.10510539579575917,관계 미약,방향 일치
test,direct_robust_z,MRO-10047,Bearing,load_pct,operating_context,2.0,8,482,10,0.11714760805096142,0.75,63.28523919490385,33.228935366738426,90.76729324487621,0.7002500992527945,2.7751861258776755,0.8178116733521551,강한 후보,방향 일치
test,direct_robust_z,MRO-10047,Bearing,load_pct,operating_context,3.0,8,482,10,0.06516892915492847,0.4375,37.233107084507154,4.950482822364984,70.63810052779705,0.7002500992527945,2.7751861258776755,0.8178116733521551,강한 후보,방향 일치
test,direct_robust_z,MRO-10047,Bearing,shaft_rpm,operating_context,2.0,8,482,10,0.08599677266801221,0.5625,47.65032273319878,17.05460001611269,78.20889179960638,0.6574327211128972,2.0153929566735416,0.5419272178255699,강한 후보,방향 일치
test,direct_robust_z,MRO-10047,Bearing,shaft_rpm,operating_context,3.0,8,482,10,0.03066257831968961,0.25,21.93374216803104,-2.882873447752581,52.626862498835294,0.6574327211128972,2.0153929566735416,0.5419272178255699,약한 후보,방향 일치
test,direct_robust_z,MRO-10047,Bearing,power_consumption_kw,operating_context,2.0,8,482,10,0.10113025108627616,0.375,27.386974891372383,-3.1247798709079153,63.722753177505155,0.7364294679787339,1.7706279879793427,0.5230197766447919,약한 후보,방향 일치
test,direct_robust_z,MRO-10047,Bearing,power_consumption_kw,operating_context,3.0,8,482,10,0.01073011065052661,0.125,11.426988934947339,-2.451789641809803,36.618890977443606,0.7364294679787339,1.7706279879793427,0.5230197766447919,약한 후보,방향 일치
test,direct_robust_z,MRO-20031,Seal & Gasket,temp_bearing_degC,health,2.0,7,425,19,0.04269972769075154,0.25,20.730027230924847,-4.110403425632526,51.521695671256055,0.6679564947174262,1.2805859941387807,0.34684402609499104,방향 불일치,방향 불일치
test,direct_robust_z,MRO-20031,Seal & Gasket,temp_bearing_degC,health,3.0,7,425,19,0.004855167873601053,0.0,-0.4855167873601053,-1.9914417379855165,0.0,0.6679564947174262,1.2805859941387807,0.34684402609499104,관계 미약,방향 일치
test,direct_robust_z,MRO-20031,Seal & Gasket,temp_motor_degC,health,2.0,7,425,19,0.07424860153847164,0.10714285714285714,3.28942556043855,-11.050229540233884,29.491928858911297,0.5888673799180774,1.09230818547123,0.3561356082433294,방향 불일치,방향 불일치
test,direct_robust_z,MRO-20031,Seal & Gasket,temp_motor_degC,health,3.0,7,425,19,0.02157725988299746,0.07142857142857142,4.985131154557396,-4.64010565705481,27.62611533868154,0.5888673799180774,1.09230818547123,0.3561356082433294,방향 불일치,방향 불일치
test,direct_robust_z,MRO-20031,Seal & Gasket,vibration_h_mms,health,2.0,7,425,19,0.276814265691884,0.35714285714285715,8.032859145097316,-19.827769357847487,40.03840556064327,1.5429983388338726,1.679299217048008,0.08922117568397463,약한 후보,방향 일치
test,direct_robust_z,MRO-20031,Seal & Gasket,vibration_h_mms,health,3.0,7,425,19,0.10041018092573564,0.0,-10.041018092573564,-15.054311563574629,-5.458086095915967,1.5429983388338726,1.679299217048008,0.08922117568397463,방향 불일치,방향 불일치
test,direct_robust_z,MRO-20031,Seal & Gasket,vibration_v_mms,health,2.0,7,425,19,0.19858109771110963,0.15476190476190474,-4.381919294920489,-22.731612335548796,22.26703710970754,1.1906424740027237,1.2321943966024624,-0.01812869682570766,방향 불일치,방향 불일치
test,direct_robust_z,MRO-20031,Seal & Gasket,vibration_v_mms,health,3.0,7,425,19,0.06708873291328953,0.0,-6.708873291328953,-10.855823595251291,-3.325662251058195,1.1906424740027237,1.2321943966024624,-0.01812869682570766,방향 불일치,방향 불일치
test,direct_robust_z,MRO-20031,Seal & Gasket,oil_pressure_bar,health,2.0,7,425,19,0.03612310053173683,0.0,-3.612310053173683,-6.7180930303391815,-1.223625043237634,0.6622964460192099,0.8964549263597178,0.08868170242576533,관계 미약,방향 일치
test,direct_robust_z,MRO-20031,Seal & Gasket,oil_pressure_bar,health,3.0,7,425,19,0.002551020408163265,0.0,-0.25510204081632654,-1.530612244897959,0.0,0.6622964460192099,0.8964549263597178,0.08868170242576533,관계 미약,방향 일치
test,direct_robust_z,MRO-20031,Seal & Gasket,load_pct,operating_context,2.0,7,425,19,0.12377295981492147,0.8214285714285714,69.765561161365,39.62213984157022,90.22651461691221,0.7228374331235301,3.1405722174310062,0.834664278480754,강한 후보,방향 일치
test,direct_robust_z,MRO-20031,Seal & Gasket,load_pct,operating_context,3.0,7,425,19,0.07439381801895396,0.5238095238095238,44.941570579056986,10.02203842223443,78.2743153676824,0.7228374331235301,3.1405722174310062,0.834664278480754,강한 후보,방향 일치
test,direct_robust_z,MRO-20031,Seal & Gasket,shaft_rpm,operating_context,2.0,7,425,19,0.09309957826176461,0.75,65.69004217382354,34.82129572646167,90.55108508385325,0.6338893449276591,2.6521900644640932,0.7360004351906211,강한 후보,방향 일치
test,direct_robust_z,MRO-20031,Seal & Gasket,shaft_rpm,operating_context,3.0,7,425,19,0.04957079168739346,0.4642857142857143,41.47149225983208,8.686199169494099,72.17933402443428,0.6338893449276591,2.6521900644640932,0.7360004351906211,강한 후보,방향 일치
test,direct_robust_z,MRO-20031,Seal & Gasket,power_consumption_kw,operating_context,2.0,7,425,19,0.10788871650419156,0.6071428571428571,49.925414063866555,17.590192023921922,80.33845814210399,0.7618013569706036,1.915971665054935,0.5190153677918724,강한 후보,방향 일치
test,direct_robust_z,MRO-20031,Seal & Gasket,power_consumption_kw,operating_context,3.0,7,425,19,0.019441947960654515,0.2619047619047619,24.24628139441074,-1.6612945068678098,55.94967976255565,0.7618013569706036,1.915971665054935,0.5190153677918724,약한 후보,방향 일치
test,direct_robust_z,MRO-20032,Seal & Gasket,temp_bearing_degC,health,2.0,2,112,2,0.044816586921850074,0.0,-4.4816586921850075,-10.526315789473683,0.0,0.6534129232429533,1.194410719906469,0.517384370015949,표본 부족,방향 불일치
test,direct_robust_z,MRO-20032,Seal & Gasket,temp_bearing_degC,health,3.0,2,112,2,0.0,0.0,0.0,0.0,0.0,0.6534129232429533,1.194410719906469,0.517384370015949,표본 부족,방향 불일치
test,direct_robust_z,MRO-20032,Seal & Gasket,temp_motor_degC,health,2.0,2,112,2,0.08118022328548644,0.0,-8.118022328548644,-18.181818181818183,-1.7543859649122806,0.5670718607451368,0.5645737468211522,-0.176555023923445,표본 부족,방향 불일치
test,direct_robust_z,MRO-20032,Seal & Gasket,temp_motor_degC,health,3.0,2,112,2,0.03636363636363636,0.0,-3.6363636363636362,-10.909090909090908,0.0,0.5670718607451368,0.5645737468211522,-0.176555023923445,표본 부족,방향 불일치
test,direct_robust_z,MRO-20032,Seal & Gasket,vibration_h_mms,health,2.0,2,112,2,0.3397129186602871,0.0,-33.97129186602871,-45.45454545454545,-22.807017543859647,1.5807313745496043,0.8499548130030532,-0.6414673046251993,표본 부족,방향 불일치
test,direct_robust_z,MRO-20032,Seal & Gasket,vibration_h_mms,health,3.0,2,112,2,0.08149920255183413,0.0,-8.149920255183412,-21.818181818181817,0.0,1.5807313745496043,0.8499548130030532,-0.6414673046251993,표본 부족,방향 일치
test,direct_robust_z,MRO-20032,Seal & Gasket,vibration_v_mms,health,2.0,2,112,2,0.30462519936204147,0.0,-30.462519936204146,-43.64473684210526,-17.080143540669887,1.3665028442372702,0.691659319700097,-0.5467304625199362,표본 부족,방향 일치
test,direct_robust_z,MRO-20032,Seal & Gasket,vibration_v_mms,health,3.0,2,112,2,0.06331738437001594,0.0,-6.331738437001594,-16.363636363636363,0.0,1.3665028442372702,0.691659319700097,-0.5467304625199362,표본 부족,방향 일치
test,direct_robust_z,MRO-20032,Seal & Gasket,oil_pressure_bar,health,2.0,2,112,2,0.05358851674641148,0.0,-5.358851674641148,-10.909090909090908,0.0,0.6131734177059944,0.9074966582048696,0.16937799043062202,표본 부족,방향 불일치
test,direct_robust_z,MRO-20032,Seal & Gasket,oil_pressure_bar,health,3.0,2,112,2,0.0,0.0,0.0,0.0,0.0,0.6131734177059944,0.9074966582048696,0.16937799043062202,표본 부족,방향 일치
test,direct_robust_z,MRO-20032,Seal & Gasket,load_pct,operating_context,2.0,2,112,2,0.09840510366826155,0.5,40.15948963317385,-12.280701754385964,94.54545454545455,0.6161213668295817,2.466301403978459,0.8759170653907495,표본 부족,방향 일치
test,direct_robust_z,MRO-20032,Seal & Gasket,load_pct,operating_context,3.0,2,112,2,0.026953748006379584,0.5,47.30462519936204,-3.508771929824561,100.0,0.6161213668295817,2.466301403978459,0.8759170653907495,표본 부족,방향 일치
test,direct_robust_z,MRO-20032,Seal & Gasket,shaft_rpm,operating_context,2.0,2,112,2,0.044178628389154706,0.5,45.58213716108453,-3.6363636363636362,96.49122807017544,0.6744907594765952,1.232280771712372,0.11100478468899522,표본 부족,방향 일치
test,direct_robust_z,MRO-20032,Seal & Gasket,shaft_rpm,operating_context,3.0,2,112,2,0.0,0.0,0.0,0.0,0.0,0.6744907594765952,1.232280771712372,0.11100478468899522,표본 부족,방향 일치
test,direct_robust_z,MRO-20032,Seal & Gasket,power_consumption_kw,operating_context,2.0,2,112,2,0.08022328548644338,0.0,-8.022328548644337,-14.545454545454545,-1.8181818181818181,0.6826875405476129,1.5759975803976602,0.5486443381180224,표본 부족,방향 불일치
test,direct_robust_z,MRO-20032,Seal & Gasket,power_consumption_kw,operating_context,3.0,2,112,2,0.017862838915470493,0.0,-1.7862838915470494,-5.392344497607655,0.0,0.6826875405476129,1.5759975803976602,0.5486443381180224,표본 부족,방향 불일치
test,direct_robust_z,MRO-20033,Seal & Gasket,temp_bearing_degC,health,2.0,6,361,8,0.03892347677180382,0.16666666666666666,12.774318989486282,-5.424849943383318,46.33797653958944,0.6352245450788524,1.380035589363794,0.6057204327400351,표본 부족,방향 불일치
test,direct_robust_z,MRO-20033,Seal & Gasket,temp_bearing_degC,health,3.0,6,361,8,0.0026881720430107525,0.0,-0.26881720430107525,-1.6129032258064515,0.0,0.6352245450788524,1.380035589363794,0.6057204327400351,표본 부족,방향 불일치
test,direct_robust_z,MRO-20033,Seal & Gasket,temp_motor_degC,health,2.0,6,361,8,0.06762784968738235,0.4166666666666667,34.90388169792843,-5.159458467808009,74.68962035859315,0.6192873400190689,1.5563739572701032,0.5520498912095144,표본 부족,방향 불일치
test,direct_robust_z,MRO-20033,Seal & Gasket,temp_motor_degC,health,3.0,6,361,8,0.028672921756574026,0.0,-2.867292175657403,-6.302003081664099,-0.2824858757062147,0.6192873400190689,1.5563739572701032,0.5520498912095144,표본 부족,방향 일치
test,direct_robust_z,MRO-20033,Seal & Gasket,vibration_h_mms,health,2.0,6,361,8,0.2744033634594633,0.3333333333333333,5.892996987387001,-29.045364032096458,44.85806311421401,1.5459745098450375,1.6520638000042567,0.007174490219511692,표본 부족,방향 일치
test,direct_robust_z,MRO-20033,Seal & Gasket,vibration_h_mms,health,3.0,6,361,8,0.08454865993743281,0.0,-8.454865993743281,-14.684068352048477,-3.663705121195554,1.5459745098450375,1.6520638000042567,0.007174490219511692,표본 부족,방향 일치
test,direct_robust_z,MRO-20033,Seal & Gasket,vibration_v_mms,health,2.0,6,361,8,0.2001625521505596,0.08333333333333333,-11.682921881722626,-25.567896901414723,12.521956323933106,1.1753193676917477,0.8094755603453475,-0.38235036630827574,표본 부족,방향 불일치
test,direct_robust_z,MRO-20033,Seal & Gasket,vibration_v_mms,health,3.0,6,361,8,0.05924003649491912,0.0,-5.924003649491913,-10.594193306655999,-2.1257237386269643,1.1753193676917477,0.8094755603453475,-0.38235036630827574,표본 부족,방향 일치
test,direct_robust_z,MRO-20033,Seal & Gasket,oil_pressure_bar,health,2.0,6,361,8,0.053140388877018226,0.0,-5.314038887701822,-9.523416282095887,-1.9227017697829483,0.6898440003156484,0.5778800880933,-0.20411251247594678,표본 부족,방향 불일치
test,direct_robust_z,MRO-20033,Seal & Gasket,oil_pressure_bar,health,3.0,6,361,8,0.0,0.0,0.0,0.0,0.0,0.6898440003156484,0.5778800880933,-0.20411251247594678,표본 부족,방향 일치
test,direct_robust_z,MRO-20033,Seal & Gasket,load_pct,operating_context,2.0,6,361,8,0.1269067856677318,0.6666666666666666,53.97598809989348,17.328443107457662,88.61823193664364,0.7471775617478181,2.9971651309935194,0.8268234333584027,표본 부족,방향 일치
test,direct_robust_z,MRO-20033,Seal & Gasket,load_pct,operating_context,3.0,6,361,8,0.06843722892087581,0.4166666666666667,34.82294377457909,-2.750855100257712,75.43859660022864,0.7471775617478181,2.9971651309935194,0.8268234333584027,표본 부족,방향 일치
test,direct_robust_z,MRO-20033,Seal & Gasket,shaft_rpm,operating_context,2.0,6,361,8,0.10634921042830052,0.75,64.36507895716996,25.940755920202495,90.20582180832788,0.6704759335273297,3.023182314792956,0.6811972462879078,표본 부족,방향 일치
test,direct_robust_z,MRO-20033,Seal & Gasket,shaft_rpm,operating_context,3.0,6,361,8,0.05470506810664023,0.4166666666666667,36.196159856002645,-2.1037119204833803,75.34094521476992,0.6704759335273297,3.023182314792956,0.6811972462879078,표본 부족,방향 일치
test,direct_robust_z,MRO-20033,Seal & Gasket,power_consumption_kw,operating_context,2.0,6,361,8,0.11003680580579182,0.5833333333333334,47.32965275275415,7.097468151927725,85.58882979604685,0.7617866699311904,2.048121925228798,0.588530279306391,표본 부족,방향 일치
test,direct_robust_z,MRO-20033,Seal & Gasket,power_consumption_kw,operating_context,3.0,6,361,8,0.01970608214457312,0.16666666666666666,14.696058452209353,-2.6881720430107525,46.9243169806319,0.7617866699311904,2.048121925228798,0.588530279306391,표본 부족,방향 일치
test,direct_robust_z,MRO-30011,Drive Belt,temp_bearing_degC,health,2.0,8,473,10,0.04263340654596762,0.0625,1.9866593454032384,-6.8611341705708595,21.76065015946712,0.5785918688083793,1.0066003907060157,0.304116207068018,방향 불일치,방향 불일치
test,direct_robust_z,MRO-30011,Drive Belt,temp_bearing_degC,health,3.0,8,473,10,0.006563086704215736,0.0,-0.6563086704215736,-2.26146473374296,0.0,0.5785918688083793,1.0066003907060157,0.304116207068018,관계 미약,방향 일치
test,direct_robust_z,MRO-30011,Drive Belt,temp_motor_degC,health,2.0,8,473,10,0.059535062856028144,0.125,6.546493714397187,-8.813061010249381,33.500324838178194,0.6255411177843451,1.5239288928889054,0.6200137204418048,방향 불일치,방향 불일치
test,direct_robust_z,MRO-30011,Drive Belt,temp_motor_degC,health,3.0,8,473,10,0.019358226670965872,0.0,-1.9358226670965872,-4.3752151550128575,-0.211864406779661,0.6255411177843451,1.5239288928889054,0.6200137204418048,관계 미약,방향 일치
test,direct_robust_z,MRO-30011,Drive Belt,vibration_h_mms,health,2.0,8,473,10,0.27257298410190106,0.4375,16.492701589809894,-15.814431499173484,50.919452354048815,1.5932611724762533,2.0063056205331407,0.2745562274738033,방향 불일치,방향 불일치
test,direct_robust_z,MRO-30011,Drive Belt,vibration_h_mms,health,3.0,8,473,10,0.07230691848665603,0.125,5.269308151334397,-10.256106655028116,29.573365308415518,1.5932611724762533,2.0063056205331407,0.2745562274738033,방향 불일치,방향 불일치
test,direct_robust_z,MRO-30011,Drive Belt,vibration_v_mms,health,2.0,8,473,10,0.19464491669513279,0.5,30.53550833048672,-3.7318461395963163,64.50273965245297,1.2100515913775856,1.728905799396863,0.3598967690323351,방향 불일치,방향 불일치
test,direct_robust_z,MRO-30011,Drive Belt,vibration_v_mms,health,3.0,8,473,10,0.0442300324343523,0.0,-4.42300324343523,-7.87727987630503,-1.7189151169971877,1.2100515913775856,1.728905799396863,0.3598967690323351,관계 미약,방향 일치
test,direct_robust_z,MRO-30011,Drive Belt,oil_pressure_bar,health,2.0,8,473,10,0.04870997255191825,0.0,-4.870997255191825,-8.410451407982952,-2.1417914112267935,0.6633949203279762,0.7265992943270422,-0.07296196588991959,관계 미약,방향 일치
test,direct_robust_z,MRO-30011,Drive Belt,oil_pressure_bar,health,3.0,8,473,10,0.002232142857142857,0.0,-0.2232142857142857,-1.3392857142857142,0.0,0.6633949203279762,0.7265992943270422,-0.07296196588991959,관계 미약,방향 일치
test,direct_robust_z,MRO-30011,Drive Belt,load_pct,operating_context,2.0,8,473,10,0.1106137966252957,0.875,76.43862033747043,49.986280680759144,92.64440098588055,0.6839677495696627,2.839717315039136,0.8507884270035699,강한 후보,방향 일치
test,direct_robust_z,MRO-30011,Drive Belt,load_pct,operating_context,3.0,8,473,10,0.06021883584472891,0.5,43.978116415527104,7.372808349101048,81.56586368807307,0.6839677495696627,2.839717315039136,0.8507884270035699,강한 후보,방향 일치
test,direct_robust_z,MRO-30011,Drive Belt,shaft_rpm,operating_context,2.0,8,473,10,0.09758716857411771,0.75,65.24128314258823,33.83716772411661,92.2237388883163,0.6689998945753939,3.3992756477997035,0.8946189950960262,강한 후보,방향 일치
test,direct_robust_z,MRO-30011,Drive Belt,shaft_rpm,operating_context,3.0,8,473,10,0.050122716423895514,0.5,44.98772835761044,10.142782339286578,79.24005165412738,0.6689998945753939,3.3992756477997035,0.8946189950960262,강한 후보,방향 일치
test,direct_robust_z,MRO-30011,Drive Belt,power_consumption_kw,operating_context,2.0,8,473,10,0.10473890913143812,0.5625,45.77610908685619,12.319627465284245,78.32336802700546,0.7256846435419839,2.018892566988277,0.610651021182218,강한 후보,방향 일치
test,direct_robust_z,MRO-30011,Drive Belt,power_consumption_kw,operating_context,3.0,8,473,10,0.019246774463800593,0.125,10.575322553619941,-3.7932904542048886,36.1943749948614,0.7256846435419839,2.018892566988277,0.610651021182218,약한 후보,방향 일치
test,direct_robust_z,MRO-30012,Drive Belt,temp_bearing_degC,health,2.0,5,297,8,0.047596530329448564,0.0,-4.759653032944857,-8.399420055149472,-1.7721842598726634,0.707409742050281,0.9288066714699518,0.15077339910451554,표본 부족,방향 일치
test,direct_robust_z,MRO-30012,Drive Belt,temp_bearing_degC,health,3.0,5,297,8,0.006929510155316607,0.0,-0.6929510155316607,-2.6762246117084825,0.0,0.707409742050281,0.9288066714699518,0.15077339910451554,표본 부족,방향 일치
test,direct_robust_z,MRO-30012,Drive Belt,temp_motor_degC,health,2.0,5,297,8,0.07795357754033483,0.0,-7.795357754033483,-12.803908771554413,-3.5823342502381705,0.6543112606528545,1.0568092010835426,0.343947695567372,표본 부족,방향 일치
test,direct_robust_z,MRO-30012,Drive Belt,temp_motor_degC,health,3.0,5,297,8,0.04502201288733364,0.0,-4.502201288733364,-8.633420808983672,-1.4544341722307825,0.6543112606528545,1.0568092010835426,0.343947695567372,표본 부족,방향 일치
test,direct_robust_z,MRO-30012,Drive Belt,vibration_h_mms,health,2.0,5,297,8,0.25961683318692697,0.6,34.0383166813073,-10.58572775567463,76.842526780471,1.5336379441882877,1.9099460351011939,0.2264718875152764,표본 부족,방향 일치
test,direct_robust_z,MRO-30012,Drive Belt,vibration_h_mms,health,3.0,5,297,8,0.08125832666557146,0.2,11.874167333442855,-12.805772370811582,52.766040392995016,1.5336379441882877,1.9099460351011939,0.2264718875152764,표본 부족,방향 불일치
test,direct_robust_z,MRO-30012,Drive Belt,vibration_v_mms,health,2.0,5,297,8,0.24332734326940444,0.5,25.667265673059557,-18.278727957541513,73.13565238324506,1.3005579203829511,1.6366336810826436,0.16547259889890636,표본 부족,방향 불일치
test,direct_robust_z,MRO-30012,Drive Belt,vibration_v_mms,health,3.0,5,297,8,0.0569810467958873,0.0,-5.69810467958873,-10.664394390688834,-1.8181818181818181,1.3005579203829511,1.6366336810826436,0.16547259889890636,표본 부족,방향 일치
test,direct_robust_z,MRO-30012,Drive Belt,oil_pressure_bar,health,2.0,5,297,8,0.04510709427057158,0.0,-4.510709427057158,-9.880248723797111,-1.016949152542373,0.661545987325025,0.576791794922108,-0.11645881136590522,표본 부족,방향 일치
test,direct_robust_z,MRO-30012,Drive Belt,oil_pressure_bar,health,3.0,5,297,8,0.0,0.0,0.0,0.0,0.0,0.661545987325025,0.576791794922108,-0.11645881136590522,표본 부족,방향 일치
test,direct_robust_z,MRO-30012,Drive Belt,load_pct,operating_context,2.0,5,297,8,0.11578184264653504,0.7,58.42181573534649,8.037836143602286,91.72694551031096,0.6857940386876029,2.6022138999341182,0.6872251408706367,표본 부족,방향 일치
test,direct_robust_z,MRO-30012,Drive Belt,load_pct,operating_context,3.0,5,297,8,0.07131443477917776,0.3,22.868556522082223,-6.7762371586682235,67.95146066091935,0.6857940386876029,2.6022138999341182,0.6872251408706367,표본 부족,방향 일치
test,direct_robust_z,MRO-30012,Drive Belt,shaft_rpm,operating_context,2.0,5,297,8,0.06920621198286998,0.6,53.079378801713,10.70130892829456,93.85335071141522,0.6904005741918722,2.2320052385216966,0.4877726702460877,표본 부족,방향 일치
test,direct_robust_z,MRO-30012,Drive Belt,shaft_rpm,operating_context,3.0,5,297,8,0.023700463722333594,0.2,17.629953627766643,-4.548933843630399,57.777777777777786,0.6904005741918722,2.2320052385216966,0.4877726702460877,표본 부족,방향 일치
test,direct_robust_z,MRO-30012,Drive Belt,power_consumption_kw,operating_context,2.0,5,297,8,0.09293825453312327,0.6,50.70617454668766,7.857981975185734,92.61129575323125,0.7365382281995181,2.0837565700113574,0.6766087951371484,표본 부족,방향 일치
test,direct_robust_z,MRO-30012,Drive Belt,power_consumption_kw,operating_context,3.0,5,297,8,0.013791680243293147,0.2,18.620831975670686,-2.746920821114369,58.88888888888889,0.7365382281995181,2.0837565700113574,0.6766087951371484,표본 부족,방향 불일치
test,direct_robust_z,MRO-40021,Filter,temp_bearing_degC,health,2.0,6,364,10,0.03846340957818905,0.0,-3.8463409578189047,-7.09876944168543,-1.2941480562448309,0.629534716475487,0.8467960612025318,0.19986413463863414,방향 불일치,방향 불일치
test,direct_robust_z,MRO-40021,Filter,temp_bearing_degC,health,3.0,6,364,10,0.0057745917960971725,0.0,-0.5774591796097173,-2.419354838709677,0.0,0.629534716475487,0.8467960612025318,0.19986413463863414,관계 미약,방향 일치
test,direct_robust_z,MRO-40021,Filter,temp_motor_degC,health,2.0,6,364,10,0.054464595556444305,0.0,-5.446459555644431,-8.947516722684187,-2.5405274688769124,0.6372732467442478,1.172335652711236,0.41392202659338606,방향 불일치,방향 불일치
test,direct_robust_z,MRO-40021,Filter,temp_motor_degC,health,3.0,6,364,10,0.022311517001544174,0.0,-2.231151700154417,-5.167795219878978,-0.24875621890547264,0.6372732467442478,1.172335652711236,0.41392202659338606,관계 미약,방향 일치
test,direct_robust_z,MRO-40021,Filter,vibration_h_mms,health,2.0,6,364,10,0.2648265951061633,0.4166666666666667,15.184007156050338,-23.663270400894724,57.053920377457814,1.5525940058437708,1.8872653490748263,0.17329382923952594,약한 후보,방향 일치
test,direct_robust_z,MRO-40021,Filter,vibration_h_mms,health,3.0,6,364,10,0.06821342606469089,0.0,-6.821342606469089,-11.438860513865478,-2.7986822630856283,1.5525940058437708,1.8872653490748263,0.17329382923952594,방향 불일치,방향 불일치
test,direct_robust_z,MRO-40021,Filter,vibration_v_mms,health,2.0,6,364,10,0.20644007723627897,0.25,4.3559922763721035,-24.47798863301968,44.75583459360375,1.223948801988129,1.464645133164555,0.16257589368051417,방향 불일치,방향 불일치
test,direct_robust_z,MRO-40021,Filter,vibration_v_mms,health,3.0,6,364,10,0.04326504292489738,0.0,-4.326504292489738,-8.44106825490231,-1.2337556855100722,1.223948801988129,1.464645133164555,0.16257589368051417,방향 불일치,방향 불일치
test,direct_robust_z,MRO-40021,Filter,oil_pressure_bar,health,2.0,6,364,10,0.03931285613731203,0.13888888888888887,9.957603275157684,-6.960502912963514,46.92133653644954,0.6188748547478241,0.9717185056382899,0.22709377571835807,방향 불일치,방향 불일치
test,direct_robust_z,MRO-40021,Filter,oil_pressure_bar,health,3.0,6,364,10,0.0,0.0,0.0,0.0,0.0,0.6188748547478241,0.9717185056382899,0.22709377571835807,관계 미약,방향 일치
test,direct_robust_z,MRO-40021,Filter,load_pct,operating_context,2.0,6,364,10,0.11882471556521523,0.5555555555555555,43.67308399903402,4.815835181687373,78.49531402834359,0.712724541780479,2.625059918131772,0.8034539568936302,강한 후보,방향 일치
test,direct_robust_z,MRO-40021,Filter,load_pct,operating_context,3.0,6,364,10,0.06937333521036827,0.4166666666666667,34.729333145629845,-1.5581656494853653,74.84262998382495,0.712724541780479,2.625059918131772,0.8034539568936302,약한 후보,방향 일치
test,direct_robust_z,MRO-40021,Filter,shaft_rpm,operating_context,2.0,6,364,10,0.08993588218434606,0.5,41.0064117815654,5.192162957817919,75.67975384394576,0.6631246725838312,3.1700631550531253,0.820220415306272,강한 후보,방향 일치
test,direct_robust_z,MRO-40021,Filter,shaft_rpm,operating_context,3.0,6,364,10,0.04439184666995857,0.5,45.56081533300414,12.663171809358245,79.48793950684784,0.6631246725838312,3.1700631550531253,0.820220415306272,강한 후보,방향 일치
test,direct_robust_z,MRO-40021,Filter,power_consumption_kw,operating_context,2.0,6,364,10,0.10610975439093777,0.3333333333333333,22.722357894239554,-10.99567067149993,58.30106944351382,0.7127055389512557,2.0947128034931994,0.7487938302692121,약한 후보,방향 일치
test,direct_robust_z,MRO-40021,Filter,power_consumption_kw,operating_context,3.0,6,364,10,0.022686175475543646,0.3333333333333333,31.06471578577897,-1.692552767821585,65.75788675234854,0.7127055389512557,2.0947128034931994,0.7487938302692121,약한 후보,방향 일치
test,direct_robust_z,MRO-40022,Filter,temp_bearing_degC,health,2.0,6,354,12,0.04562024475889439,0.0,-4.562024475889439,-7.9303839176373225,-1.7097985036995877,0.5616811692287192,1.130790234392015,0.4933087709605492,관계 미약,방향 일치
test,direct_robust_z,MRO-40022,Filter,temp_bearing_degC,health,3.0,6,354,12,0.006062610229276896,0.0,-0.6062610229276896,-2.1494708994708995,0.0,0.5616811692287192,1.130790234392015,0.4933087709605492,관계 미약,방향 일치
test,direct_robust_z,MRO-40022,Filter,temp_motor_degC,health,2.0,6,354,12,0.06277944241962025,0.2916666666666667,22.888722424704643,-5.552799121550858,58.135471807220895,0.6209069268451836,1.349848985458105,0.5555639050339546,방향 불일치,방향 불일치
test,direct_robust_z,MRO-40022,Filter,temp_motor_degC,health,3.0,6,354,12,0.02312279685161041,0.0,-2.312279685161041,-5.907015065913371,-0.2818339852238163,0.6209069268451836,1.349848985458105,0.5555639050339546,관계 미약,방향 일치
test,direct_robust_z,MRO-40022,Filter,vibration_h_mms,health,2.0,6,354,12,0.2731646579196825,0.4166666666666667,14.350200874698421,-18.401742384263567,48.3812421041657,1.5967911425490275,1.8225041229211143,0.19946234419757158,약한 후보,방향 일치
test,direct_robust_z,MRO-40022,Filter,vibration_h_mms,health,3.0,6,354,12,0.08542073191165532,0.0,-8.542073191165532,-13.769274809581145,-3.9497078564875228,1.5967911425490275,1.8225041229211143,0.19946234419757158,방향 불일치,방향 불일치
test,direct_robust_z,MRO-40022,Filter,vibration_v_mms,health,2.0,6,354,12,0.18364464651975074,0.20833333333333334,2.4688686813582605,-19.48927942947115,30.498889008949668,1.2020190618375486,1.4819212847507084,0.16825033580266516,관계 미약,방향 일치
test,direct_robust_z,MRO-40022,Filter,vibration_v_mms,health,3.0,6,354,12,0.04260853975589551,0.0,-4.2608539755895505,-8.136176219584803,-1.1464154137466174,1.2020190618375486,1.4819212847507084,0.16825033580266516,관계 미약,방향 일치
test,direct_robust_z,MRO-40022,Filter,oil_pressure_bar,health,2.0,6,354,12,0.05079835615864142,0.0,-5.079835615864142,-9.377741409914698,-1.7831155975866313,0.6903549781637368,0.8689880527761366,0.09343738183577953,방향 불일치,방향 불일치
test,direct_robust_z,MRO-40022,Filter,oil_pressure_bar,health,3.0,6,354,12,0.002976190476190476,0.0,-0.2976190476190476,-1.7857142857142856,0.0,0.6903549781637368,0.8689880527761366,0.09343738183577953,관계 미약,방향 일치
test,direct_robust_z,MRO-40022,Filter,load_pct,operating_context,2.0,6,354,12,0.10598345869601773,0.6666666666666666,56.068320797064885,19.92181922863188,89.15077683615819,0.6871267462673526,2.6021032735480794,0.8436941679653777,강한 후보,방향 일치
test,direct_robust_z,MRO-40022,Filter,load_pct,operating_context,3.0,6,354,12,0.05048608408801055,0.375,32.45139159119895,-4.336596538822851,69.62356234866827,0.6871267462673526,2.6021032735480794,0.8436941679653777,약한 후보,방향 일치
test,direct_robust_z,MRO-40022,Filter,shaft_rpm,operating_context,2.0,6,354,12,0.0915385979026342,0.9583333333333334,86.67947354306992,69.06695857599466,94.61412437648025,0.6702922486799777,4.1633975204570595,0.9267192082441689,강한 후보,방향 일치
test,direct_robust_z,MRO-40022,Filter,shaft_rpm,operating_context,3.0,6,354,12,0.05607760039315101,0.6666666666666666,61.05890662735156,26.478912395075454,91.02301222218793,0.6702922486799777,4.1633975204570595,0.9267192082441689,강한 후보,방향 일치
test,direct_robust_z,MRO-40022,Filter,power_consumption_kw,operating_context,2.0,6,354,12,0.10083844741388504,0.625,52.4161552586115,14.729517293163445,88.96266907437546,0.7727626669273341,2.324612532940292,0.6795045963113481,강한 후보,방향 일치
test,direct_robust_z,MRO-40022,Filter,power_consumption_kw,operating_context,3.0,6,354,12,0.017362045257525483,0.375,35.76379547424745,0.0,71.87215085343615,0.7727626669273341,2.324612532940292,0.6795045963113481,약한 후보,방향 일치
test,direct_robust_z,MRO-50008,Electrical,temp_bearing_degC,health,2.0,7,429,9,0.04217144241670356,0.0,-4.217144241670356,-7.558981429397527,-1.6883940426908877,0.6137563444023428,0.8620014775520007,0.24975506558037133,표본 부족,방향 일치
test,direct_robust_z,MRO-50008,Electrical,temp_bearing_degC,health,3.0,7,429,9,0.004855167873601053,0.0,-0.4855167873601053,-2.0408163265306123,0.0,0.6137563444023428,0.8620014775520007,0.24975506558037133,표본 부족,방향 일치
test,direct_robust_z,MRO-50008,Electrical,temp_motor_degC,health,2.0,7,429,9,0.06575201338086654,0.0,-6.5752013380866545,-10.853296481493494,-3.5119433046009245,0.6131347723225261,0.868560360877117,0.2251161294952065,표본 부족,방향 불일치
test,direct_robust_z,MRO-50008,Electrical,temp_motor_degC,health,3.0,7,429,9,0.018451572011546877,0.0,-1.8451572011546877,-4.371478641316576,-0.2304147465437788,0.6131347723225261,0.868560360877117,0.2251161294952065,표본 부족,방향 일치
test,direct_robust_z,MRO-50008,Electrical,vibration_h_mms,health,2.0,7,429,9,0.2539219038164713,0.6428571428571429,38.89352390406716,3.6244424837489606,71.9799497559015,1.5477097481511453,1.9276705242500558,0.26838982877273293,표본 부족,방향 불일치
test,direct_robust_z,MRO-50008,Electrical,vibration_h_mms,health,3.0,7,429,9,0.08447357515862142,0.0,-8.44735751586214,-13.41833174756551,-4.132904547612038,1.5477097481511453,1.9276705242500558,0.26838982877273293,표본 부족,방향 일치
test,direct_robust_z,MRO-50008,Electrical,vibration_v_mms,health,2.0,7,429,9,0.17326742832964365,0.0,-17.326742832964364,-23.75040049457025,-12.393100161676387,1.1583851460262629,1.0066877200071587,-0.19802941326083107,표본 부족,방향 불일치
test,direct_robust_z,MRO-50008,Electrical,vibration_v_mms,health,3.0,7,429,9,0.05392562483492722,0.0,-5.392562483492722,-9.32004025832329,-2.3254939894825624,1.1583851460262629,1.0066877200071587,-0.19802941326083107,표본 부족,방향 일치
test,direct_robust_z,MRO-50008,Electrical,oil_pressure_bar,health,2.0,7,429,9,0.04285873777584864,0.07142857142857142,2.8569833652722783,-7.728094065076031,26.75934224423396,0.6837088510819596,0.5015215562831052,-0.37636435967112886,표본 부족,방향 불일치
test,direct_robust_z,MRO-50008,Electrical,oil_pressure_bar,health,3.0,7,429,9,0.002551020408163265,0.0,-0.25510204081632654,-1.530612244897959,0.0,0.6837088510819596,0.5015215562831052,-0.37636435967112886,표본 부족,방향 일치
test,direct_robust_z,MRO-50008,Electrical,load_pct,operating_context,2.0,7,429,9,0.12513769677287875,0.7857142857142857,66.05765889414069,30.26290916483601,90.27576375888151,0.7348819109713264,2.6150558872146084,0.743564505857285,표본 부족,방향 일치
test,direct_robust_z,MRO-50008,Electrical,load_pct,operating_context,3.0,7,429,9,0.0764629353423086,0.35714285714285715,28.06799218005486,-5.981153827290125,64.28215235964842,0.7348819109713264,2.6150558872146084,0.743564505857285,표본 부족,방향 일치
test,direct_robust_z,MRO-50008,Electrical,shaft_rpm,operating_context,2.0,7,429,9,0.10260871319462836,0.7142857142857143,61.167700109108594,32.19331680609828,89.82413877063328,0.6467367879653086,2.5676383427624674,0.6602352257624476,표본 부족,방향 일치
test,direct_robust_z,MRO-50008,Electrical,shaft_rpm,operating_context,3.0,7,429,9,0.051992099193446724,0.21428571428571427,16.229361509226756,-5.279845118549034,49.710574117019014,0.6467367879653086,2.5676383427624674,0.6602352257624476,표본 부족,방향 일치
test,direct_robust_z,MRO-50008,Electrical,power_consumption_kw,operating_context,2.0,7,429,9,0.11202695115090078,0.5714285714285714,45.94016202776706,9.884856688733473,82.75320950831014,0.7661645533080703,1.897583293986253,0.5729593745577973,표본 부족,방향 일치
test,direct_robust_z,MRO-50008,Electrical,power_consumption_kw,operating_context,3.0,7,429,9,0.016844545363251917,0.14285714285714285,12.601259749389094,-2.2961240947992096,40.45331172381472,0.7661645533080703,1.897583293986253,0.5729593745577973,표본 부족,방향 불일치
test,direct_robust_z,MRO-50009,Electrical,temp_bearing_degC,health,2.0,8,479,15,0.044071900780562,0.0,-4.4071900780562,-7.415464235417327,-1.9359827289652571,0.601023089918469,0.8477330350576133,0.17206265950663288,관계 미약,방향 일치
test,direct_robust_z,MRO-50009,Electrical,temp_bearing_degC,health,3.0,8,479,15,0.002232142857142857,0.0,-0.2232142857142857,-1.3392857142857142,0.0,0.601023089918469,0.8477330350576133,0.17206265950663288,관계 미약,방향 일치
test,direct_robust_z,MRO-50009,Electrical,temp_motor_degC,health,2.0,8,479,15,0.06976355140059756,0.0,-6.9763551400597565,-11.390742240974033,-3.72961080603545,0.591469800594668,1.0157014358571044,0.3012434517409953,역방향,방향 일치
test,direct_robust_z,MRO-50009,Electrical,temp_motor_degC,health,3.0,8,479,15,0.023219905568754546,0.0,-2.3219905568754546,-5.471270160398671,-0.423728813559322,0.591469800594668,1.0157014358571044,0.3012434517409953,관계 미약,방향 일치
test,direct_robust_z,MRO-50009,Electrical,vibration_h_mms,health,2.0,8,479,15,0.2788840890528712,0.35416666666666663,7.5282577613795425,-21.88479700913493,43.16234565227704,1.55706988133559,1.7425679850269615,0.133792734311602,방향 불일치,방향 불일치
test,direct_robust_z,MRO-50009,Electrical,vibration_h_mms,health,3.0,8,479,15,0.08824079180497807,0.0,-8.824079180497806,-13.973899960917985,-4.9768034890994866,1.55706988133559,1.7425679850269615,0.133792734311602,역방향,방향 일치
test,direct_robust_z,MRO-50009,Electrical,vibration_v_mms,health,2.0,8,479,15,0.20155562220959372,0.08333333333333333,-11.82222888762604,-26.737205680177663,12.069943331049359,1.2080936750701994,1.172153685253899,-0.028155914997885882,역방향,방향 일치
test,direct_robust_z,MRO-50009,Electrical,vibration_v_mms,health,3.0,8,479,15,0.052933622661774975,0.0,-5.293362266177497,-9.235020609295866,-2.348574969615657,1.2080936750701994,1.172153685253899,-0.028155914997885882,역방향,방향 일치
test,direct_robust_z,MRO-50009,Electrical,oil_pressure_bar,health,2.0,8,479,15,0.04686626667595431,0.0,-4.686626667595431,-8.746019245677756,-2.019247154095583,0.6748919219099638,0.8211682954488988,0.05929655457686177,관계 미약,방향 일치
test,direct_robust_z,MRO-50009,Electrical,oil_pressure_bar,health,3.0,8,479,15,0.002232142857142857,0.0,-0.2232142857142857,-1.3392857142857142,0.0,0.6748919219099638,0.8211682954488988,0.05929655457686177,관계 미약,방향 일치
test,direct_robust_z,MRO-50009,Electrical,load_pct,operating_context,2.0,8,479,15,0.11393547027075365,0.625,51.10645297292463,18.219506343484166,81.62463253183034,0.6981483207109787,2.40733353809188,0.8098104467835932,강한 후보,방향 일치
test,direct_robust_z,MRO-50009,Electrical,load_pct,operating_context,3.0,8,479,15,0.053482215103534264,0.2708333333333333,21.735111822979906,-5.397047319449874,51.12507428086406,0.6981483207109787,2.40733353809188,0.8098104467835932,약한 후보,방향 일치
test,direct_robust_z,MRO-50009,Electrical,shaft_rpm,operating_context,2.0,8,479,15,0.08066599082000783,0.5625,48.18340091799922,16.25869041732898,78.65879545859548,0.6525480162079575,2.6308616418966895,0.7788983873196347,강한 후보,방향 일치
test,direct_robust_z,MRO-50009,Electrical,shaft_rpm,operating_context,3.0,8,479,15,0.037428570665233626,0.4375,40.007142933476636,9.268900005419699,71.38214131138382,0.6525480162079575,2.6308616418966895,0.7788983873196347,강한 후보,방향 일치
test,direct_robust_z,MRO-50009,Electrical,power_consumption_kw,operating_context,2.0,8,479,15,0.09993424233832644,0.625,52.50657576616735,16.914202016799162,80.16384013343769,0.7665223021137009,1.859801580766583,0.5791061580049223,강한 후보,방향 일치
test,direct_robust_z,MRO-50009,Electrical,power_consumption_kw,operating_context,3.0,8,479,15,0.01517242885719692,0.125,10.982757114280309,-1.754683227956254,35.59794945520581,0.7665223021137009,1.859801580766583,0.5791061580049223,약한 후보,방향 일치
test,direct_robust_z,MRO-60015,Coupling,temp_bearing_degC,health,2.0,6,358,15,0.0392456781570678,0.023809523809523808,-1.5436154347543993,-6.588937088940685,8.82365695311725,0.614844103342948,0.7647656711474414,0.09649836842090949,관계 미약,방향 일치
test,direct_robust_z,MRO-60015,Coupling,temp_bearing_degC,health,3.0,6,358,15,0.0057745917960971725,0.0,-0.5774591796097173,-2.150537634408602,0.0,0.614844103342948,0.7647656711474414,0.09649836842090949,관계 미약,방향 일치
test,direct_robust_z,MRO-60015,Coupling,temp_motor_degC,health,2.0,6,358,15,0.05807172289238519,0.25,19.19282771076148,-7.586263748386432,60.17187844929711,0.663503442946115,1.1389901869344816,0.25700189263806245,방향 불일치,방향 불일치
test,direct_robust_z,MRO-60015,Coupling,temp_motor_degC,health,3.0,6,358,15,0.02822199070862805,0.0,-2.8221990708628053,-5.919319401413442,-0.5646300346273012,0.663503442946115,1.1389901869344816,0.25700189263806245,관계 미약,방향 일치
test,direct_robust_z,MRO-60015,Coupling,vibration_h_mms,health,2.0,6,358,15,0.27051977198578087,0.2738095238095238,0.32897518237429146,-28.07118897479186,39.42871373081611,1.5660271685092229,1.6887199466887013,0.07886661563799026,방향 불일치,방향 불일치
test,direct_robust_z,MRO-60015,Coupling,vibration_h_mms,health,3.0,6,358,15,0.06617083588650748,0.0,-6.617083588650748,-11.68037713096288,-2.597850533318782,1.5660271685092229,1.6887199466887013,0.07886661563799026,역방향,방향 일치
test,direct_robust_z,MRO-60015,Coupling,vibration_v_mms,health,2.0,6,358,15,0.21700070305114208,0.4166666666666667,19.96659636155246,-11.587905197903323,59.891284130246845,1.253873071512816,1.611269389937218,0.15141588154698774,약한 후보,방향 일치
test,direct_robust_z,MRO-60015,Coupling,vibration_v_mms,health,3.0,6,358,15,0.04352579911785696,0.0,-4.352579911785695,-8.329783376698254,-1.243781094527363,1.253873071512816,1.611269389937218,0.15141588154698774,방향 불일치,방향 불일치
test,direct_robust_z,MRO-60015,Coupling,oil_pressure_bar,health,2.0,6,358,15,0.04856970098737722,0.023809523809523808,-2.4760177177853415,-8.392090635281479,6.995902653024017,0.63202282276881,0.6526890379581597,-0.13389455588693994,관계 미약,방향 일치
test,direct_robust_z,MRO-60015,Coupling,oil_pressure_bar,health,3.0,6,358,15,0.0,0.0,0.0,0.0,0.0,0.63202282276881,0.6526890379581597,-0.13389455588693994,방향 불일치,방향 불일치
test,direct_robust_z,MRO-60015,Coupling,load_pct,operating_context,2.0,6,358,15,0.11552180378772718,0.8690476190476191,75.3525815259892,47.21843213340757,90.75421586111817,0.6811077874300132,2.9814543591017313,0.8624590056794806,강한 후보,방향 일치
test,direct_robust_z,MRO-60015,Coupling,load_pct,operating_context,3.0,6,358,15,0.06759150122514447,0.44047619047619047,37.2884689251046,2.234755399756666,77.27524760811572,0.6811077874300132,2.9814543591017313,0.8624590056794806,강한 후보,방향 일치
test,direct_robust_z,MRO-60015,Coupling,shaft_rpm,operating_context,2.0,6,358,15,0.08611145802093884,0.8690476190476191,78.29361610266803,51.89639167356602,94.50222189182938,0.6781133561277556,3.488520071491415,0.7744607403475446,강한 후보,방향 일치
test,direct_robust_z,MRO-60015,Coupling,shaft_rpm,operating_context,3.0,6,358,15,0.03952439773471302,0.6071428571428571,56.7618459408144,16.527422199465214,90.73760200878841,0.6781133561277556,3.488520071491415,0.7744607403475446,강한 후보,방향 일치
test,direct_robust_z,MRO-60015,Coupling,power_consumption_kw,operating_context,2.0,6,358,15,0.10254608642049012,0.7857142857142857,68.31681992937956,34.02975379463923,90.28679741341489,0.7165854148639538,2.72097742363099,0.8336794091685572,강한 후보,방향 일치
test,direct_robust_z,MRO-60015,Coupling,power_consumption_kw,operating_context,3.0,6,358,15,0.022686175475543646,0.25,22.731382452445636,-3.64301733390033,64.06531866389136,0.7165854148639538,2.72097742363099,0.8336794091685572,약한 후보,방향 일치
test,direct_robust_z,MRO-60016,Coupling,temp_bearing_degC,health,2.0,5,308,6,0.04571618844910669,0.1,5.4283811550893315,-7.73732254623452,36.129678750127894,0.6873794104052173,0.823226521161272,0.0451715621558044,표본 부족,방향 불일치
test,direct_robust_z,MRO-60016,Coupling,temp_bearing_degC,health,3.0,5,308,6,0.0032258064516129032,0.0,-0.3225806451612903,-1.6209677419354833,0.0,0.6873794104052173,0.823226521161272,0.0451715621558044,표본 부족,방향 일치
test,direct_robust_z,MRO-60016,Coupling,temp_motor_degC,health,2.0,5,308,6,0.07607323565999295,0.2,12.392676434000705,-9.245633495055738,51.15587292920555,0.6231251287630771,1.3327254099625379,0.5491233543881187,표본 부족,방향 일치
test,direct_robust_z,MRO-60016,Coupling,temp_motor_degC,health,3.0,5,308,6,0.0369878248531456,0.0,-3.6987824853145597,-8.0127172399995,-0.7272727272727273,0.6231251287630771,1.3327254099625379,0.5491233543881187,표본 부족,방향 일치
test,direct_robust_z,MRO-60016,Coupling,vibration_h_mms,health,2.0,5,308,6,0.23420372777382154,0.6,36.579627222617844,-4.320620294323401,78.63196480938417,1.4999121386605985,4.282934425604601,0.2651699266516922,표본 부족,방향 일치
test,direct_robust_z,MRO-60016,Coupling,vibration_h_mms,health,3.0,5,308,6,0.07567428108152588,0.2,12.432571891847413,-12.772414692282412,54.98755229575757,1.4999121386605985,4.282934425604601,0.2651699266516922,표본 부족,방향 불일치
test,direct_robust_z,MRO-60016,Coupling,vibration_v_mms,health,2.0,5,308,6,0.2123871723292335,0.6,38.76128276707665,-4.11256123082584,77.59882697947214,1.212951468557511,4.0434995768313,0.4595931829038575,표본 부족,방향 일치
test,direct_robust_z,MRO-60016,Coupling,vibration_v_mms,health,3.0,5,308,6,0.05635426616910667,0.4,34.364573383089336,-7.6379182669089065,77.10893971911901,1.212951468557511,4.0434995768313,0.4595931829038575,표본 부족,방향 불일치
test,direct_robust_z,MRO-60016,Coupling,oil_pressure_bar,health,2.0,5,308,6,0.046930456093933405,0.0,-4.693045609393341,-9.18034139179574,-1.2307692307692308,0.6941409953188712,0.886935626759693,0.13703407777683746,표본 부족,방향 불일치
test,direct_robust_z,MRO-60016,Coupling,oil_pressure_bar,health,3.0,5,308,6,0.0,0.0,0.0,0.0,0.0,0.6941409953188712,0.886935626759693,0.13703407777683746,표본 부족,방향 일치
test,direct_robust_z,MRO-60016,Coupling,load_pct,operating_context,2.0,5,308,6,0.1323630392277316,0.8,66.76369607722684,26.798641732666525,90.91454895609928,0.7780681217548875,2.9459477188129535,0.7959974318134311,표본 부족,방향 일치
test,direct_robust_z,MRO-60016,Coupling,load_pct,operating_context,3.0,5,308,6,0.07991842338316638,0.4,32.00815766168337,-7.178547938274728,73.72426714036557,0.7780681217548875,2.9459477188129535,0.7959974318134311,표본 부족,방향 일치
test,direct_robust_z,MRO-60016,Coupling,shaft_rpm,operating_context,2.0,5,308,6,0.08333726611392411,0.2,11.66627338860759,-9.907994636276953,49.59874162909791,0.6745302033806582,1.8087739212034006,0.7487063795902327,표본 부족,방향 일치
test,direct_robust_z,MRO-60016,Coupling,shaft_rpm,operating_context,3.0,5,308,6,0.025523825545695423,0.0,-2.5523825545695424,-6.523430205660931,0.0,0.6745302033806582,1.8087739212034006,0.7487063795902327,표본 부족,방향 불일치
test,direct_robust_z,MRO-60016,Coupling,power_consumption_kw,operating_context,2.0,5,308,6,0.1064425280373968,0.5,39.355747196260324,-4.185767382124579,86.67308618199324,0.762562551138638,1.8421704942183712,0.7110330160116765,표본 부족,방향 일치
test,direct_robust_z,MRO-60016,Coupling,power_consumption_kw,operating_context,3.0,5,308,6,0.010087976539589443,0.0,-1.0087976539589443,-3.2736070381231674,0.0,0.762562551138638,1.8421704942183712,0.7110330160116765,표본 부족,방향 불일치
test,direct_robust_z,MRO-70004,Lubrication,temp_bearing_degC,health,2.0,7,425,8,0.04269972769075154,0.14285714285714285,10.015741516639132,-6.716240886861119,39.48631011758,0.6679564947174262,1.055498272524533,0.2690166230642598,표본 부족,방향 불일치
test,direct_robust_z,MRO-70004,Lubrication,temp_bearing_degC,health,3.0,7,425,8,0.004855167873601053,0.0,-0.4855167873601053,-1.7128867676102697,0.0,0.6679564947174262,1.055498272524533,0.2690166230642598,표본 부족,방향 불일치
test,direct_robust_z,MRO-70004,Lubrication,temp_motor_degC,health,2.0,7,425,8,0.07424860153847164,0.2857142857142857,21.146568417581406,-8.326715209785963,52.711258967967225,0.5888673799180774,1.439427937789323,0.5679453631965995,표본 부족,방향 불일치
test,direct_robust_z,MRO-70004,Lubrication,temp_motor_degC,health,3.0,7,425,8,0.02157725988299746,0.0,-2.157725988299746,-5.104896307351773,-0.2196162046908317,0.5888673799180774,1.439427937789323,0.5679453631965995,표본 부족,방향 일치
test,direct_robust_z,MRO-70004,Lubrication,vibration_h_mms,health,2.0,7,425,8,0.276814265691884,0.35714285714285715,8.032859145097316,-22.858866007608185,42.61100038701089,1.5429983388338726,2.062380406890748,0.1328251387531358,표본 부족,방향 일치
test,direct_robust_z,MRO-70004,Lubrication,vibration_h_mms,health,3.0,7,425,8,0.10041018092573564,0.21428571428571427,11.387553335997863,-12.29479684530655,48.67382694891624,1.5429983388338726,2.062380406890748,0.1328251387531358,표본 부족,방향 불일치
test,direct_robust_z,MRO-70004,Lubrication,vibration_v_mms,health,2.0,7,425,8,0.19858109771110963,0.2857142857142857,8.713318800317607,-17.689002875610633,38.471595106672,1.1906424740027237,1.4588877403521077,0.03786470735543394,표본 부족,방향 일치
test,direct_robust_z,MRO-70004,Lubrication,vibration_v_mms,health,3.0,7,425,8,0.06708873291328953,0.0,-6.708873291328953,-10.538675584075932,-3.2951180855309374,1.1906424740027237,1.4588877403521077,0.03786470735543394,표본 부족,방향 일치
test,direct_robust_z,MRO-70004,Lubrication,oil_pressure_bar,health,2.0,7,425,8,0.03612310053173683,0.0,-3.612310053173683,-6.967665057741604,-1.1275358697357643,0.6622964460192099,0.8948643637348425,0.21064731852793944,표본 부족,방향 일치
test,direct_robust_z,MRO-70004,Lubrication,oil_pressure_bar,health,3.0,7,425,8,0.002551020408163265,0.0,-0.25510204081632654,-1.530612244897959,0.0,0.6622964460192099,0.8948643637348425,0.21064731852793944,표본 부족,방향 일치
test,direct_robust_z,MRO-70004,Lubrication,load_pct,operating_context,2.0,7,425,8,0.12377295981492147,0.6428571428571429,51.908418304222145,13.98605972259382,86.39936431108262,0.7228374331235301,2.851130533740405,0.716822828245055,표본 부족,방향 일치
test,direct_robust_z,MRO-70004,Lubrication,load_pct,operating_context,3.0,7,425,8,0.07439381801895396,0.42857142857142855,35.41776105524746,4.035218081832811,67.79006763858244,0.7228374331235301,2.851130533740405,0.716822828245055,표본 부족,방향 일치
test,direct_robust_z,MRO-70004,Lubrication,shaft_rpm,operating_context,2.0,7,425,8,0.09309957826176461,0.8571428571428571,76.40432788810925,48.29268041621138,93.8863159079241,0.6338893449276591,3.101739432521788,0.8911531078084144,표본 부족,방향 일치
test,direct_robust_z,MRO-70004,Lubrication,shaft_rpm,operating_context,3.0,7,425,8,0.04957079168739346,0.35714285714285715,30.757206545546367,-2.0229286228993484,65.9287800493202,0.6338893449276591,3.101739432521788,0.8911531078084144,표본 부족,방향 일치
test,direct_robust_z,MRO-70004,Lubrication,power_consumption_kw,operating_context,2.0,7,425,8,0.10788871650419156,0.5714285714285714,46.353985492437985,7.859189868120624,78.26823437763862,0.7618013569706036,2.223203632301296,0.5609220491951767,표본 부족,방향 일치
test,direct_robust_z,MRO-70004,Lubrication,power_consumption_kw,operating_context,3.0,7,425,8,0.019441947960654515,0.2857142857142857,26.62723377536312,-1.4318630678077682,56.10565705480959,0.7618013569706036,2.223203632301296,0.5609220491951767,표본 부족,방향 불일치
test,direct_robust_z,MRO-70005,Lubrication,temp_bearing_degC,health,2.0,6,366,8,0.041108912223691695,0.16666666666666666,12.555775444297495,-6.185931667588536,45.81643967083493,0.6116635937885,0.9790533759705177,0.1864005154843559,표본 부족,방향 불일치
test,direct_robust_z,MRO-70005,Lubrication,temp_bearing_degC,health,3.0,6,366,8,0.005664362519201229,0.0,-0.5664362519201229,-2.1519777265745006,0.0,0.6116635937885,0.9790533759705177,0.1864005154843559,표본 부족,방향 일치
test,direct_robust_z,MRO-70005,Lubrication,temp_motor_degC,health,2.0,6,366,8,0.0630624791543279,0.0,-6.30624791543279,-10.196898320267044,-2.802609345709523,0.6068763671663185,1.0123974046653617,0.2206212488891405,표본 부족,방향 불일치
test,direct_robust_z,MRO-70005,Lubrication,temp_motor_degC,health,3.0,6,366,8,0.013052257742284917,0.0,-1.3052257742284916,-3.3480376694564775,0.0,0.6068763671663185,1.0123974046653617,0.2206212488891405,표본 부족,방향 일치
test,direct_robust_z,MRO-70005,Lubrication,vibration_h_mms,health,2.0,6,366,8,0.26306292667582815,0.5,23.693707332417187,-14.2049824323085,58.176374087451215,1.5637206288283234,2.020602308425138,0.15621011563120177,표본 부족,방향 일치
test,direct_robust_z,MRO-70005,Lubrication,vibration_h_mms,health,3.0,6,366,8,0.07670108038567854,0.16666666666666666,8.996558628098812,-12.07575980622143,44.28792828017998,1.5637206288283234,2.020602308425138,0.15621011563120177,표본 부족,방향 불일치
test,direct_robust_z,MRO-70005,Lubrication,vibration_v_mms,health,2.0,6,366,8,0.19288187617807792,0.4166666666666667,22.378479048858875,-16.445313376725398,63.25748650946666,1.1956354926727872,1.5344365573316143,0.07633989149235458,표본 부족,방향 불일치
test,direct_robust_z,MRO-70005,Lubrication,vibration_v_mms,health,3.0,6,366,8,0.05208338507657286,0.08333333333333333,3.1249948256760467,-8.342708512946647,30.075565570533477,1.1956354926727872,1.5344365573316143,0.07633989149235458,표본 부족,방향 불일치
test,direct_robust_z,MRO-70005,Lubrication,oil_pressure_bar,health,2.0,6,366,8,0.03909239758352014,0.0,-3.9092397583520144,-7.249433680354732,-1.3576614778594578,0.6398249465194455,0.712760310941316,-0.08064097280176159,표본 부족,방향 불일치
test,direct_robust_z,MRO-70005,Lubrication,oil_pressure_bar,health,3.0,6,366,8,0.002976190476190476,0.0,-0.2976190476190476,-1.7857142857142856,0.0,0.6398249465194455,0.712760310941316,-0.08064097280176159,표본 부족,방향 일치
test,direct_robust_z,MRO-70005,Lubrication,load_pct,operating_context,2.0,6,366,8,0.12444640868690837,0.8333333333333334,70.8886924646425,35.582248154691015,91.62076666024033,0.7345830386153686,2.952285104416493,0.8162991676611923,표본 부족,방향 일치
test,direct_robust_z,MRO-70005,Lubrication,load_pct,operating_context,3.0,6,366,8,0.07819167736204376,0.4166666666666667,33.847498930462294,-6.596023856087417,74.64825927963865,0.7345830386153686,2.952285104416493,0.8162991676611923,표본 부족,방향 일치
test,direct_robust_z,MRO-70005,Lubrication,shaft_rpm,operating_context,2.0,6,366,8,0.09269161410674465,0.6666666666666666,57.3975052559922,22.213868200406505,90.05468282173449,0.633367727312805,2.7535487962613936,0.8550146668783704,표본 부족,방향 일치
test,direct_robust_z,MRO-70005,Lubrication,shaft_rpm,operating_context,3.0,6,366,8,0.044171388116166686,0.25,20.58286118838333,-4.044421304501951,56.18234007654457,0.633367727312805,2.7535487962613936,0.8550146668783704,표본 부족,방향 일치
test,direct_robust_z,MRO-70005,Lubrication,power_consumption_kw,operating_context,2.0,6,366,8,0.11470763798882135,0.5833333333333334,46.862569534451204,5.71211143530468,86.01402008015756,0.7318887121633469,2.197308310923837,0.6926293251413848,표본 부족,방향 일치
test,direct_robust_z,MRO-70005,Lubrication,power_consumption_kw,operating_context,3.0,6,366,8,0.022575946198647705,0.16666666666666666,14.409072046801896,-4.238031519476657,48.04427690330254,0.7318887121633469,2.197308310923837,0.6926293251413848,표본 부족,방향 불일치
test,direct_robust_z,MRO-80001,Sensor,temp_bearing_degC,health,2.0,9,534,13,0.045289104563364324,0.0,-4.528910456336432,-7.231168695158708,-2.1111741033920635,0.6254239048197346,0.960757349109546,0.2528367231816642,방향 불일치,방향 불일치
test,direct_robust_z,MRO-80001,Sensor,temp_bearing_degC,health,3.0,9,534,13,0.005833854848191765,0.0,-0.5833854848191765,-2.0137762890899094,0.0,0.6254239048197346,0.960757349109546,0.2528367231816642,관계 미약,방향 일치
test,direct_robust_z,MRO-80001,Sensor,temp_motor_degC,health,2.0,9,534,13,0.06988886310263798,0.25925925925925924,18.937039615662126,-8.159500598150812,49.45578218352348,0.6253673743032837,1.5088510662326822,0.6346867775997558,방향 불일치,방향 불일치
test,direct_robust_z,MRO-80001,Sensor,temp_motor_degC,health,3.0,9,534,13,0.028604870262628493,0.0,-2.8604870262628492,-5.559745796745824,-0.8822771004141355,0.6253673743032837,1.5088510662326822,0.6346867775997558,관계 미약,방향 일치
test,direct_robust_z,MRO-80001,Sensor,vibration_h_mms,health,2.0,9,534,13,0.27130000561067824,0.5185185185185186,24.721851290784038,-3.787071424696285,53.7237000059698,1.5712544483583377,2.1119967385099487,0.4055088706620621,약한 후보,방향 일치
test,direct_robust_z,MRO-80001,Sensor,vibration_h_mms,health,3.0,9,534,13,0.07929260076971517,0.18518518518518517,10.589258441547,-9.349181408215333,37.55138493651026,1.5712544483583377,2.1119967385099487,0.4055088706620621,방향 불일치,방향 불일치
test,direct_robust_z,MRO-80001,Sensor,vibration_v_mms,health,2.0,9,534,13,0.22057178627207896,0.6296296296296295,40.90578433575506,9.973930942393999,69.330175855786,1.2561862135636828,2.169815807711418,0.5266113587972754,방향 불일치,방향 불일치
test,direct_robust_z,MRO-80001,Sensor,vibration_v_mms,health,3.0,9,534,13,0.050784321179026405,0.18518518518518517,13.440086400615877,-6.044504420978902,42.66851022702834,1.2561862135636828,2.169815807711418,0.5266113587972754,방향 불일치,방향 불일치
test,direct_robust_z,MRO-80001,Sensor,oil_pressure_bar,health,2.0,9,534,13,0.04753686581531664,0.037037037037037035,-1.0499828778279603,-7.06465005572945,11.953362178457008,0.6578147533699785,1.0089392078358828,0.19154272952486784,방향 불일치,방향 불일치
test,direct_robust_z,MRO-80001,Sensor,oil_pressure_bar,health,3.0,9,534,13,0.001984126984126984,0.037037037037037035,3.505291005291005,-0.7936507936507936,14.814814814814813,0.6578147533699785,1.0089392078358828,0.19154272952486784,방향 불일치,방향 불일치
test,direct_robust_z,MRO-80001,Sensor,load_pct,operating_context,2.0,9,534,13,0.11444099828494722,0.8148148148148149,70.03738165298677,41.93736500930801,90.41916858542237,0.7031025900841685,2.704958786336095,0.8428828144178211,강한 후보,방향 일치
test,direct_robust_z,MRO-80001,Sensor,load_pct,operating_context,3.0,9,534,13,0.0638755196312818,0.37037037037037035,30.649485073908856,2.8822397029325026,62.13993025769622,0.7031025900841685,2.704958786336095,0.8428828144178211,강한 후보,방향 일치
test,direct_robust_z,MRO-80001,Sensor,shaft_rpm,operating_context,2.0,9,534,13,0.07734603361902084,0.5925925925925926,51.52465589735718,21.136912681399107,80.0514225016437,0.6658847330695813,3.1770879734784137,0.7733503190428062,강한 후보,방향 일치
test,direct_robust_z,MRO-80001,Sensor,shaft_rpm,operating_context,3.0,9,534,13,0.03544605758626778,0.48148148148148145,44.603542389521365,14.582859313909218,74.38945299278816,0.6658847330695813,3.1770879734784137,0.7733503190428062,강한 후보,방향 일치
test,direct_robust_z,MRO-80001,Sensor,power_consumption_kw,operating_context,2.0,9,534,13,0.10202484127444375,0.6296296296296295,52.760478835518576,19.592948166971617,80.18809830957856,0.7419426185032485,2.1323598775865995,0.6926700945495519,강한 후보,방향 일치
test,direct_robust_z,MRO-80001,Sensor,power_consumption_kw,operating_context,3.0,9,534,13,0.019128445988024767,0.25925925925925924,24.013081327123448,-1.5623916837119334,54.4052501811751,0.7419426185032485,2.1323598775865995,0.6926700945495519,약한 후보,방향 일치
test,direct_robust_z,MRO-80002,Sensor,temp_bearing_degC,health,2.0,7,412,10,0.04397129812021584,0.07142857142857142,2.745727330835558,-7.051373653426985,26.180764247107337,0.5749864468139302,0.9687582496451075,0.21755565594001292,방향 불일치,방향 불일치
test,direct_robust_z,MRO-80002,Sensor,temp_bearing_degC,health,3.0,7,412,10,0.002551020408163265,0.0,-0.25510204081632654,-1.530612244897959,0.0,0.5749864468139302,0.9687582496451075,0.21755565594001292,관계 미약,방향 일치
test,direct_robust_z,MRO-80002,Sensor,temp_motor_degC,health,2.0,7,412,10,0.06906879221901982,0.0,-6.906879221901982,-11.75208579810657,-3.218053742029701,0.5916541414593322,0.8366372464419624,0.18790722015093028,방향 불일치,방향 불일치
test,direct_robust_z,MRO-80002,Sensor,temp_motor_degC,health,3.0,7,412,10,0.022272642611625666,0.0,-2.2272642611625666,-5.298701298701299,0.0,0.5916541414593322,0.8366372464419624,0.18790722015093028,관계 미약,방향 일치
test,direct_robust_z,MRO-80002,Sensor,vibration_h_mms,health,2.0,7,412,10,0.2888739269346247,0.14285714285714285,-14.601678407748187,-32.612744014702734,12.987108343061566,1.5837439324958407,1.577083311446516,-0.08031837730605351,방향 불일치,방향 불일치
test,direct_robust_z,MRO-80002,Sensor,vibration_h_mms,health,3.0,7,412,10,0.08592124607136087,0.14285714285714285,5.693589678578198,-11.635543663645402,33.70389344597091,1.5837439324958407,1.577083311446516,-0.08031837730605351,방향 불일치,방향 불일치
test,direct_robust_z,MRO-80002,Sensor,vibration_v_mms,health,2.0,7,412,10,0.20476292858068706,0.0,-20.476292858068707,-28.491490199532926,-13.176046607007093,1.2101107249685779,0.8950468819668264,-0.25359265257983993,역방향,방향 일치
test,direct_robust_z,MRO-80002,Sensor,vibration_v_mms,health,3.0,7,412,10,0.05196678410812662,0.0,-5.1966784108126625,-9.468717457769475,-1.914798601319711,1.2101107249685779,0.8950468819668264,-0.25359265257983993,역방향,방향 일치
test,direct_robust_z,MRO-80002,Sensor,oil_pressure_bar,health,2.0,7,412,10,0.05356144762966207,0.0,-5.356144762966207,-8.99123453724147,-2.1040385497910252,0.683708851081959,0.8318616915179143,0.11184177128330372,방향 불일치,방향 불일치
test,direct_robust_z,MRO-80002,Sensor,oil_pressure_bar,health,3.0,7,412,10,0.002551020408163265,0.0,-0.25510204081632654,-1.530612244897959,0.0,0.683708851081959,0.8318616915179143,0.11184177128330372,방향 불일치,방향 불일치
test,direct_robust_z,MRO-80002,Sensor,load_pct,operating_context,2.0,7,412,10,0.1110222005652963,0.761904761904762,65.08825613394656,29.51608961956866,90.95297572844724,0.6954101422979625,2.584329878937525,0.6714883609706107,강한 후보,방향 일치
test,direct_robust_z,MRO-80002,Sensor,load_pct,operating_context,3.0,7,412,10,0.048329354574614854,0.3333333333333333,28.500397875871847,-4.0919602863694475,64.63088412004775,0.6954101422979625,2.584329878937525,0.6714883609706107,약한 후보,방향 일치
test,direct_robust_z,MRO-80002,Sensor,shaft_rpm,operating_context,2.0,7,412,10,0.08579311530815394,0.7142857142857143,62.849259897756035,22.673892497602406,92.6158248173723,0.6595560567857702,3.0727555440355667,0.9062478587887692,강한 후보,방향 일치
test,direct_robust_z,MRO-80002,Sensor,shaft_rpm,operating_context,3.0,7,412,10,0.04277550933169557,0.47619047619047616,43.34149668587806,11.326678590730113,77.25942742176913,0.6595560567857702,3.0727555440355667,0.9062478587887692,강한 후보,방향 일치
test,direct_robust_z,MRO-80002,Sensor,power_consumption_kw,operating_context,2.0,7,412,10,0.10141738570009162,0.5952380952380951,49.38207095380035,13.189146571857309,84.842699004831,0.7617124438290404,2.0178269952211516,0.4882841671751289,강한 후보,방향 일치
test,direct_robust_z,MRO-80002,Sensor,power_consumption_kw,operating_context,3.0,7,412,10,0.01733991869393934,0.19047619047619047,17.313627178225115,-3.077277444105531,49.169090249837666,0.7617124438290404,2.0178269952211516,0.4882841671751289,약한 후보,방향 일치
test,direct_robust_z,MRO-90011,Fastener,temp_bearing_degC,health,2.0,3,177,9,0.05725341546237068,0.0,-5.725341546237068,-11.047128774118825,-1.4925373134328357,0.6600227746165793,0.9455516172138653,0.25534825870646766,표본 부족,방향 불일치
test,direct_robust_z,MRO-90011,Fastener,temp_bearing_degC,health,3.0,3,177,9,0.012125220458553791,0.0,-1.2125220458553791,-4.255952380952381,0.0,0.6600227746165793,0.9455516172138653,0.25534825870646766,표본 부족,방향 일치
test,direct_robust_z,MRO-90011,Fastener,temp_motor_degC,health,2.0,3,177,9,0.07910842612335149,0.0,-7.910842612335149,-14.286816578483243,-2.966648240280081,0.6146035739221815,0.9441164141187293,0.14565773425640755,표본 부족,방향 불일치
test,direct_robust_z,MRO-90011,Fastener,temp_motor_degC,health,3.0,3,177,9,0.028468767274737423,0.0,-2.846876727473742,-7.965266261286161,0.0,0.6146035739221815,0.9441164141187293,0.14565773425640755,표본 부족,방향 일치
test,direct_robust_z,MRO-90011,Fastener,vibration_h_mms,health,2.0,3,177,9,0.263655268630393,0.2222222222222222,-4.14330464081708,-32.75744294401011,41.645517452420435,1.5830384716553771,1.4811515442399938,-0.07626725280124949,표본 부족,방향 일치
test,direct_robust_z,MRO-90011,Fastener,vibration_h_mms,health,3.0,3,177,9,0.10118389533812418,0.0,-10.118389533812417,-16.703980099502488,-4.714160678091029,1.5830384716553771,1.4811515442399938,-0.07626725280124949,표본 부족,방향 일치
test,direct_robust_z,MRO-90011,Fastener,vibration_v_mms,health,2.0,3,177,9,0.2177702756060965,0.0,-21.77702756060965,-31.933972663139325,-13.303793532338313,1.3242614797763568,1.048571900131761,-0.3752327428115156,표본 부족,방향 불일치
test,direct_robust_z,MRO-90011,Fastener,vibration_v_mms,health,3.0,3,177,9,0.04988286082813446,0.0,-4.988286082813445,-10.823782871357496,-0.4975124378109453,1.3242614797763568,1.048571900131761,-0.3752327428115156,표본 부족,방향 일치
test,direct_robust_z,MRO-90011,Fastener,oil_pressure_bar,health,2.0,3,177,9,0.024250440917107582,0.0,-2.4250440917107583,-6.186618165784831,0.0,0.6346344873257056,0.8870575442813382,0.024216439846622268,표본 부족,방향 불일치
test,direct_robust_z,MRO-90011,Fastener,oil_pressure_bar,health,3.0,3,177,9,0.005952380952380952,0.0,-0.5952380952380952,-2.9761904761904763,0.0,0.6346344873257056,0.8870575442813382,0.024216439846622268,표본 부족,방향 일치
test,direct_robust_z,MRO-90011,Fastener,load_pct,operating_context,2.0,3,177,9,0.09305654268340835,0.7999999999999999,70.69434573165915,22.267827529021563,96.42857142857143,0.6075769936555039,2.655495101198593,0.8555222125703055,표본 부족,방향 일치
test,direct_robust_z,MRO-90011,Fastener,load_pct,operating_context,3.0,3,177,9,0.05983310958435336,0.4444444444444444,38.46113348600911,-8.209185553712915,94.64285714285715,0.6075769936555039,2.655495101198593,0.8555222125703055,표본 부족,방향 일치
test,direct_robust_z,MRO-90011,Fastener,shaft_rpm,operating_context,2.0,3,177,9,0.045128195003816894,0.6666666666666666,62.15384716628497,-3.0223880597014903,98.21428571428571,0.6442117625341474,3.4838248206195654,0.8671211842024446,표본 부족,방향 일치
test,direct_robust_z,MRO-90011,Fastener,shaft_rpm,operating_context,3.0,3,177,9,0.024250440917107582,0.6666666666666666,64.2416225749559,0.0,98.80952380952381,0.6442117625341474,3.4838248206195654,0.8671211842024446,표본 부족,방향 일치
test,direct_robust_z,MRO-90011,Fastener,power_consumption_kw,operating_context,2.0,3,177,9,0.08408355050146094,0.6666666666666666,58.25831161652057,-7.462686567164178,95.8449074074074,0.7517394336969229,2.4652088895140847,0.7998008195354797,표본 부족,방향 일치
test,direct_robust_z,MRO-90011,Fastener,power_consumption_kw,operating_context,3.0,3,177,9,0.012125220458553791,0.3333333333333333,32.12081128747795,-1.800595238095237,98.14814814814815,0.7517394336969229,2.4652088895140847,0.7998008195354797,표본 부족,방향 일치
test,direct_robust_z,MRO-90012,Fastener,temp_bearing_degC,health,2.0,9,530,10,0.04380388668470383,0.1111111111111111,6.730722442640727,-6.308396361557302,29.80631972882443,0.6336968795030694,0.9400525625292053,0.10381242461469928,방향 불일치,방향 불일치
test,direct_robust_z,MRO-90012,Fastener,temp_bearing_degC,health,3.0,9,530,10,0.005833854848191765,0.0,-0.5833854848191765,-1.8764519447763173,0.0,0.6336968795030694,0.9400525625292053,0.10381242461469928,관계 미약,방향 일치
test,direct_robust_z,MRO-90012,Fastener,temp_motor_degC,health,2.0,9,530,10,0.07022513884874979,0.1111111111111111,4.088597226236132,-8.854813396005124,26.345876559214766,0.620224198577427,0.8523705072836578,0.05086541990960356,방향 불일치,방향 불일치
test,direct_robust_z,MRO-90012,Fastener,temp_motor_degC,health,3.0,9,530,10,0.026895468553226786,0.0,-2.6895468553226785,-5.562594411876569,-0.55552495405241,0.620224198577427,0.8523705072836578,0.05086541990960356,관계 미약,방향 일치
test,direct_robust_z,MRO-90012,Fastener,vibration_h_mms,health,2.0,9,530,10,0.2871049656779333,0.1111111111111111,-17.59938545668222,-33.617477264617214,6.862648533538645,1.5737844459772967,1.4381127537472467,-0.14243807548478435,역방향,방향 일치
test,direct_robust_z,MRO-90012,Fastener,vibration_h_mms,health,3.0,9,530,10,0.08691485101491622,0.0,-8.691485101491622,-13.045495607771164,-4.621181320708779,1.5737844459772967,1.4381127537472467,-0.14243807548478435,방향 불일치,방향 불일치
test,direct_robust_z,MRO-90012,Fastener,vibration_v_mms,health,2.0,9,530,10,0.21964702797027147,0.1111111111111111,-10.853591685916037,-24.18381806281522,9.072424510148245,1.2533037744206201,1.3071573897052222,0.002777319878583737,방향 불일치,방향 불일치
test,direct_robust_z,MRO-90012,Fastener,vibration_v_mms,health,3.0,9,530,10,0.056360893968713945,0.0,-5.6360893968713945,-9.25225373493861,-2.321492897986916,1.2533037744206201,1.3071573897052222,0.002777319878583737,방향 불일치,방향 불일치
test,direct_robust_z,MRO-90012,Fastener,oil_pressure_bar,health,2.0,9,530,10,0.04423015431188382,0.0,-4.423015431188382,-7.856984050281157,-1.9633450935835526,0.6499259725573862,0.7816068565202977,0.01282015691006059,방향 불일치,방향 불일치
test,direct_robust_z,MRO-90012,Fastener,oil_pressure_bar,health,3.0,9,530,10,0.001984126984126984,0.0,-0.1984126984126984,-1.1904761904761905,0.0,0.6499259725573862,0.7816068565202977,0.01282015691006059,관계 미약,방향 일치
test,direct_robust_z,MRO-90012,Fastener,load_pct,operating_context,2.0,9,530,10,0.10998534464896571,0.5555555555555556,44.557021090658985,11.32550399791735,77.95359618815567,0.6572272994580027,2.38237231192109,0.6779684844658418,강한 후보,방향 일치
test,direct_robust_z,MRO-90012,Fastener,load_pct,operating_context,3.0,9,530,10,0.06068090004321959,0.3888888888888889,32.82079888456693,4.59136668125223,62.074521541948755,0.6572272994580027,2.38237231192109,0.6779684844658418,강한 후보,방향 일치
test,direct_robust_z,MRO-90012,Fastener,shaft_rpm,operating_context,2.0,9,530,10,0.08177366427615969,0.5555555555555556,47.37818912793959,16.387940759909934,77.75432404425,0.6617212098629356,3.0375710320147133,0.7350559124787921,강한 후보,방향 일치
test,direct_robust_z,MRO-90012,Fastener,shaft_rpm,operating_context,3.0,9,530,10,0.03942532058192422,0.5555555555555556,51.613023497363145,19.789580620406163,82.85727794528589,0.6617212098629356,3.0375710320147133,0.7350559124787921,강한 후보,방향 일치
test,direct_robust_z,MRO-90012,Fastener,power_consumption_kw,operating_context,2.0,9,530,10,0.09745709572309164,0.3333333333333333,23.58762376102417,-7.157656979901558,57.590031897428524,0.7331561488395688,1.6629155190749458,0.3648129029915379,약한 후보,방향 일치
test,direct_robust_z,MRO-90012,Fastener,power_consumption_kw,operating_context,3.0,9,530,10,0.019128445988024767,0.16666666666666666,14.753822067864188,-2.7694928408702832,41.57656285754637,0.7331561488395688,1.6629155190749458,0.3648129029915379,방향 불일치,방향 불일치
overall,operating_adjusted_residual_z,MRO-10045,Bearing,temp_bearing_degC,health,2.0,10,3574,95,0.16121151661265515,0.36642857142857144,20.521705481591628,2.8359848896455775,39.386749417131675,0.8288860468784218,1.6911219805991133,0.3855044079694049,방향 불일치,방향 불일치
overall,operating_adjusted_residual_z,MRO-10045,Bearing,temp_bearing_degC,health,3.0,10,3574,95,0.07202315375407548,0.17222222222222222,10.019906846814674,-1.512697564532622,27.052162702797183,0.8288860468784218,1.6911219805991133,0.3855044079694049,방향 불일치,방향 불일치
overall,operating_adjusted_residual_z,MRO-10045,Bearing,temp_motor_degC,health,2.0,10,3574,95,0.1480821237057103,0.33714285714285713,18.906073343714684,3.7713682208493733,35.88962615556027,0.8117432660126689,1.3963347465817373,0.2744672898002704,방향 불일치,방향 불일치
overall,operating_adjusted_residual_z,MRO-10045,Bearing,temp_motor_degC,health,3.0,10,3574,95,0.06076637887732315,0.10587301587301587,4.510663699569272,-3.582788309059245,15.524334986417749,0.8117432660126689,1.3963347465817373,0.2744672898002704,방향 불일치,방향 불일치
overall,operating_adjusted_residual_z,MRO-10045,Bearing,vibration_h_mms,health,2.0,10,3574,95,0.21186943500559502,0.30952380952380953,9.765437451821452,-5.220012199391509,28.187858341830562,0.9053573866563953,1.1974025678062423,0.08651656583208425,방향 불일치,방향 불일치
overall,operating_adjusted_residual_z,MRO-10045,Bearing,vibration_h_mms,health,3.0,10,3574,95,0.10734729639392493,0.10682539682539682,-0.05218995685281058,-9.289183213091398,15.848083688955647,0.9053573866563953,1.1974025678062423,0.08651656583208425,방향 불일치,방향 불일치
overall,operating_adjusted_residual_z,MRO-10045,Bearing,vibration_v_mms,health,2.0,10,3574,95,0.20144372242012626,0.30626984126984125,10.482611884971499,-6.373463164598536,30.16260923158196,0.8841517302559438,1.1661435472169948,0.10868840614899258,방향 불일치,방향 불일치
overall,operating_adjusted_residual_z,MRO-10045,Bearing,vibration_v_mms,health,3.0,10,3574,95,0.1012046583463169,0.10206349206349205,0.08588337171751559,-8.941366378438577,15.781041742771409,0.8841517302559438,1.1661435472169948,0.10868840614899258,방향 불일치,방향 불일치
overall,operating_adjusted_residual_z,MRO-10045,Bearing,oil_pressure_bar,health,2.0,10,3574,95,0.14691099024873835,0.3457142857142857,19.880329546554734,3.9671524802318996,38.004687956039945,0.8367156449259469,1.3530294511566126,0.2936609394582228,방향 불일치,방향 불일치
overall,operating_adjusted_residual_z,MRO-10045,Bearing,oil_pressure_bar,health,3.0,10,3574,95,0.049986959043850934,0.08634920634920636,3.636224730535542,-3.7237270393922635,14.413090894559366,0.8367156449259469,1.3530294511566126,0.2936609394582228,방향 불일치,방향 불일치
overall,operating_adjusted_residual_z,MRO-10046,Bearing,temp_bearing_degC,health,2.0,10,3574,91,0.16121151661265515,0.3885742035742036,22.736268696154845,4.790971563237708,43.209399566684,0.8288860468784218,1.70652472015225,0.35518587227837195,강한 후보,방향 일치
overall,operating_adjusted_residual_z,MRO-10046,Bearing,temp_bearing_degC,health,3.0,10,3574,91,0.07202315375407548,0.1857942057942058,11.377105204013032,-0.5715647944330916,27.718122675263725,0.8288860468784218,1.70652472015225,0.35518587227837195,방향 불일치,방향 불일치
overall,operating_adjusted_residual_z,MRO-10046,Bearing,temp_motor_degC,health,2.0,10,3574,91,0.1480821237057103,0.3195890220890221,17.150689838331182,0.562681646216063,35.453795513660964,0.8117432660126689,1.3207037088777782,0.13862505042179382,방향 불일치,방향 불일치
overall,operating_adjusted_residual_z,MRO-10046,Bearing,temp_motor_degC,health,3.0,10,3574,91,0.06076637887732315,0.18457986457986458,12.381348570254143,-0.22788151954278094,28.0705598087875,0.8117432660126689,1.3207037088777782,0.13862505042179382,방향 불일치,방향 불일치
overall,operating_adjusted_residual_z,MRO-10046,Bearing,vibration_h_mms,health,2.0,10,3574,91,0.21186943500559502,0.307969252969253,9.609981796365796,-5.529186420046808,27.02105628560206,0.9053573866563953,1.5269880665648596,0.20448112408290756,약한 후보,방향 일치
overall,operating_adjusted_residual_z,MRO-10046,Bearing,vibration_h_mms,health,3.0,10,3574,91,0.10734729639392493,0.1576054501054501,5.025815371152517,-5.479006117756865,19.272153453133765,0.9053573866563953,1.5269880665648596,0.20448112408290756,방향 불일치,방향 불일치
overall,operating_adjusted_residual_z,MRO-10046,Bearing,vibration_v_mms,health,2.0,10,3574,91,0.20144372242012626,0.3847372072372073,18.329348481708102,-0.1660686915999959,38.271835122779294,0.8841517302559438,1.5703132344468091,0.3227338477905561,방향 불일치,방향 불일치
overall,operating_adjusted_residual_z,MRO-10046,Bearing,vibration_v_mms,health,3.0,10,3574,91,0.1012046583463169,0.15705599955599955,5.585134120968266,-5.395556120233078,18.96629579754287,0.8841517302559438,1.5703132344468091,0.3227338477905561,방향 불일치,방향 불일치
overall,operating_adjusted_residual_z,MRO-10046,Bearing,oil_pressure_bar,health,2.0,10,3574,91,0.14691099024873835,0.33073232323232327,18.38213329835849,3.04672387408027,34.84136164102601,0.8367156449259469,1.520675233820064,0.27263220531893495,방향 불일치,방향 불일치
overall,operating_adjusted_residual_z,MRO-10046,Bearing,oil_pressure_bar,health,3.0,10,3574,91,0.049986959043850934,0.11232156732156731,6.233460827771638,-2.101107936332464,17.99181147614874,0.8367156449259469,1.520675233820064,0.27263220531893495,약한 후보,방향 일치
overall,operating_adjusted_residual_z,MRO-10047,Bearing,temp_bearing_degC,health,2.0,10,3574,72,0.16121151661265515,0.3953571428571429,23.414562624448777,5.998618453434753,41.73958028447815,0.8288860468784218,1.4620009500370517,0.21307905499739857,방향 불일치,방향 불일치
overall,operating_adjusted_residual_z,MRO-10047,Bearing,temp_bearing_degC,health,3.0,10,3574,72,0.07202315375407548,0.11261904761904762,4.059589386497215,-4.99016602816812,14.525950469229487,0.8288860468784218,1.4620009500370517,0.21307905499739857,방향 불일치,방향 불일치
overall,operating_adjusted_residual_z,MRO-10047,Bearing,temp_motor_degC,health,2.0,10,3574,72,0.1480821237057103,0.361468253968254,21.338613026254368,3.935923420642993,41.41657023513149,0.8117432660126689,1.4033909956238297,0.24526082398308008,강한 후보,방향 일치
overall,operating_adjusted_residual_z,MRO-10047,Bearing,temp_motor_degC,health,3.0,10,3574,72,0.06076637887732315,0.12190476190476192,6.113838302743877,-4.232279951911985,22.922030491236367,0.8117432660126689,1.4033909956238297,0.24526082398308008,방향 불일치,방향 불일치
overall,operating_adjusted_residual_z,MRO-10047,Bearing,vibration_h_mms,health,2.0,10,3574,72,0.21186943500559502,0.28746031746031747,7.559088245472245,-6.664533062612586,25.51432887727302,0.9053573866563953,1.371167733760025,0.2011554345183058,약한 후보,방향 일치
overall,operating_adjusted_residual_z,MRO-10047,Bearing,vibration_h_mms,health,3.0,10,3574,72,0.10734729639392493,0.07261904761904762,-3.4728248774877306,-10.280127442063769,7.306634408496799,0.9053573866563953,1.371167733760025,0.2011554345183058,방향 불일치,방향 불일치
overall,operating_adjusted_residual_z,MRO-10047,Bearing,vibration_v_mms,health,2.0,10,3574,72,0.20144372242012626,0.2941269841269841,9.268326170685787,-7.373556779502017,28.677000384493084,0.8841517302559438,1.2099057702950058,0.1820418853407792,방향 불일치,방향 불일치
overall,operating_adjusted_residual_z,MRO-10047,Bearing,vibration_v_mms,health,3.0,10,3574,72,0.1012046583463169,0.06722222222222222,-3.398243612409467,-10.489043942462997,8.592811591311548,0.8841517302559438,1.2099057702950058,0.1820418853407792,방향 불일치,방향 불일치
overall,operating_adjusted_residual_z,MRO-10047,Bearing,oil_pressure_bar,health,2.0,10,3574,72,0.14691099024873835,0.3061111111111111,15.920012086237275,-1.7329953949843306,38.21069906524319,0.8367156449259469,1.5166910023204108,0.21016701068125038,방향 불일치,방향 불일치
overall,operating_adjusted_residual_z,MRO-10047,Bearing,oil_pressure_bar,health,3.0,10,3574,72,0.049986959043850934,0.11777777777777779,6.779081873392685,-4.117655595485852,21.455488359749715,0.8367156449259469,1.5166910023204108,0.21016701068125038,약한 후보,방향 일치
overall,operating_adjusted_residual_z,MRO-20031,Seal & Gasket,temp_bearing_degC,health,2.0,10,3574,78,0.16121151661265515,0.31555555555555553,15.434403894290039,-3.6604088142631674,37.029545533710646,0.8288860468784218,1.3935653837377802,0.23352176032440322,방향 불일치,방향 불일치
overall,operating_adjusted_residual_z,MRO-20031,Seal & Gasket,temp_bearing_degC,health,3.0,10,3574,78,0.07202315375407548,0.13277777777777777,6.0754624023702295,-4.737045198572549,21.593147764670274,0.8288860468784218,1.3935653837377802,0.23352176032440322,방향 불일치,방향 불일치
overall,operating_adjusted_residual_z,MRO-20031,Seal & Gasket,temp_motor_degC,health,2.0,10,3574,78,0.1480821237057103,0.29527777777777775,14.719565407206744,-2.88910350251269,34.625347835722074,0.8117432660126689,1.4829159404037262,0.24737304364722923,방향 불일치,방향 불일치
overall,operating_adjusted_residual_z,MRO-20031,Seal & Gasket,temp_motor_degC,health,3.0,10,3574,78,0.06076637887732315,0.11361111111111111,5.284473223378796,-4.535745963541336,19.596856160929985,0.8117432660126689,1.4829159404037262,0.24737304364722923,약한 후보,방향 일치
overall,operating_adjusted_residual_z,MRO-20031,Seal & Gasket,vibration_h_mms,health,2.0,10,3574,78,0.21186943500559502,0.26,4.813056499440499,-14.079358771147849,25.890166367477395,0.9053573866563953,1.3878017424113374,0.1691624491997486,방향 불일치,방향 불일치
overall,operating_adjusted_residual_z,MRO-20031,Seal & Gasket,vibration_h_mms,health,3.0,10,3574,78,0.10734729639392493,0.1425,3.5152703606075058,-6.990581472126811,18.290145857175705,0.9053573866563953,1.3878017424113374,0.1691624491997486,방향 불일치,방향 불일치
overall,operating_adjusted_residual_z,MRO-20031,Seal & Gasket,vibration_v_mms,health,2.0,10,3574,78,0.20144372242012626,0.3069444444444444,10.550072202431815,-5.927452928770969,29.362636668027896,0.8841517302559438,1.2929433985357188,0.20108373997712942,방향 불일치,방향 불일치
overall,operating_adjusted_residual_z,MRO-20031,Seal & Gasket,vibration_v_mms,health,3.0,10,3574,78,0.1012046583463169,0.17027777777777778,6.907311943146088,-5.515934621181582,25.52002915929916,0.8841517302559438,1.2929433985357188,0.20108373997712942,방향 불일치,방향 불일치
overall,operating_adjusted_residual_z,MRO-20031,Seal & Gasket,oil_pressure_bar,health,2.0,10,3574,78,0.14691099024873835,0.3922222222222222,24.531123197348386,7.380902509586614,43.68825086065694,0.8367156449259469,1.5775885019724238,0.4004487912268272,강한 후보,방향 일치
overall,operating_adjusted_residual_z,MRO-20031,Seal & Gasket,oil_pressure_bar,health,3.0,10,3574,78,0.049986959043850934,0.1461111111111111,9.612415206726018,-1.920887736114387,26.014930044360185,0.8367156449259469,1.5775885019724238,0.4004487912268272,방향 불일치,방향 불일치
overall,operating_adjusted_residual_z,MRO-20032,Seal & Gasket,temp_bearing_degC,health,2.0,10,3574,37,0.16121151661265515,0.265,10.378848338734487,-8.116087022684873,35.10398622513553,0.8288860468784218,1.5005843083861168,0.16817087939676134,약한 후보,방향 일치
overall,operating_adjusted_residual_z,MRO-20032,Seal & Gasket,temp_bearing_degC,health,3.0,10,3574,37,0.07202315375407548,0.23000000000000004,15.797684624592456,-2.6825488979745438,37.798831575458905,0.8288860468784218,1.5005843083861168,0.16817087939676134,약한 후보,방향 일치
overall,operating_adjusted_residual_z,MRO-20032,Seal & Gasket,temp_motor_degC,health,2.0,10,3574,37,0.1480821237057103,0.32333333333333336,17.525120962762305,-5.695434955615774,47.109930652044405,0.8117432660126689,1.4032150932007452,0.2631663303572722,방향 불일치,방향 불일치
overall,operating_adjusted_residual_z,MRO-20032,Seal & Gasket,temp_motor_degC,health,3.0,10,3574,37,0.06076637887732315,0.07999999999999999,1.923362112267684,-6.327269042013517,15.647272759191026,0.8117432660126689,1.4032150932007452,0.2631663303572722,방향 불일치,방향 불일치
overall,operating_adjusted_residual_z,MRO-20032,Seal & Gasket,vibration_h_mms,health,2.0,10,3574,37,0.21186943500559502,0.125,-8.686943500559503,-22.126218811378777,10.036435017935075,0.9053573866563953,1.0570471154929515,0.026818714668232057,방향 불일치,방향 불일치
overall,operating_adjusted_residual_z,MRO-20032,Seal & Gasket,vibration_h_mms,health,3.0,10,3574,37,0.10734729639392493,0.034999999999999996,-7.2347296393924925,-12.352238580358692,3.612771457182332,0.9053573866563953,1.0570471154929515,0.026818714668232057,역방향,방향 일치
overall,operating_adjusted_residual_z,MRO-20032,Seal & Gasket,vibration_v_mms,health,2.0,10,3574,37,0.20144372242012626,0.11000000000000001,-9.144372242012624,-19.658957579289325,6.66626384168008,0.8841517302559438,0.8503082889389584,-0.06794025295787291,방향 불일치,방향 불일치
overall,operating_adjusted_residual_z,MRO-20032,Seal & Gasket,vibration_v_mms,health,3.0,10,3574,37,0.1012046583463169,0.034999999999999996,-6.620465834631689,-11.28155694697536,4.033031211130772,0.8841517302559438,0.8503082889389584,-0.06794025295787291,역방향,방향 일치
overall,operating_adjusted_residual_z,MRO-20032,Seal & Gasket,oil_pressure_bar,health,2.0,10,3574,37,0.14691099024873835,0.5333333333333333,38.6422343084595,12.434243607766184,64.78207871593733,0.8367156449259469,1.9337407260880664,0.47876515279893894,방향 불일치,방향 불일치
overall,operating_adjusted_residual_z,MRO-20032,Seal & Gasket,oil_pressure_bar,health,3.0,10,3574,37,0.049986959043850934,0.195,14.501304095614909,-3.971162896906395,38.211433680392446,0.8367156449259469,1.9337407260880664,0.47876515279893894,방향 불일치,방향 불일치
overall,operating_adjusted_residual_z,MRO-20033,Seal & Gasket,temp_bearing_degC,health,2.0,10,3574,69,0.16121151661265515,0.3201587301587302,15.894721354607505,-3.165238128961935,36.02084057655528,0.8288860468784218,1.4325270258860354,0.26382220486344393,방향 불일치,방향 불일치
overall,operating_adjusted_residual_z,MRO-20033,Seal & Gasket,temp_bearing_degC,health,3.0,10,3574,69,0.07202315375407548,0.18492063492063493,11.289748116655945,-1.8098042607828086,27.655231588691404,0.8288860468784218,1.4325270258860354,0.26382220486344393,방향 불일치,방향 불일치
overall,operating_adjusted_residual_z,MRO-20033,Seal & Gasket,temp_motor_degC,health,2.0,10,3574,69,0.1480821237057103,0.28603174603174597,13.794962232603567,-2.9060338348821304,33.79573172144087,0.8117432660126689,1.2252936869081656,0.17770563216796328,방향 불일치,방향 불일치
overall,operating_adjusted_residual_z,MRO-20033,Seal & Gasket,temp_motor_degC,health,3.0,10,3574,69,0.06076637887732315,0.12317460317460316,6.240822429728001,-4.084002255137023,20.710735849882557,0.8117432660126689,1.2252936869081656,0.17770563216796328,방향 불일치,방향 불일치
overall,operating_adjusted_residual_z,MRO-20033,Seal & Gasket,vibration_h_mms,health,2.0,10,3574,69,0.21186943500559502,0.31123015873015875,9.936072372456373,-8.678545667554845,31.98904987985191,0.9053573866563953,1.3609944954734545,0.13956150420978025,방향 불일치,방향 불일치
overall,operating_adjusted_residual_z,MRO-20033,Seal & Gasket,vibration_h_mms,health,3.0,10,3574,69,0.10734729639392493,0.14472222222222222,3.7374925828297294,-7.614504791712162,19.336793716679043,0.9053573866563953,1.3609944954734545,0.13956150420978025,방향 불일치,방향 불일치
overall,operating_adjusted_residual_z,MRO-20033,Seal & Gasket,vibration_v_mms,health,2.0,10,3574,69,0.20144372242012626,0.22829365079365077,2.684992837352451,-13.486127751155387,21.004821260329614,0.8841517302559438,1.3012884397799014,0.1120539023468052,방향 불일치,방향 불일치
overall,operating_adjusted_residual_z,MRO-20033,Seal & Gasket,vibration_v_mms,health,3.0,10,3574,69,0.1012046583463169,0.07968253968253969,-2.1522118663777206,-9.750094601093792,11.204317021868265,0.8841517302559438,1.3012884397799014,0.1120539023468052,방향 불일치,방향 불일치
overall,operating_adjusted_residual_z,MRO-20033,Seal & Gasket,oil_pressure_bar,health,2.0,10,3574,69,0.14691099024873835,0.2521825396825397,10.527154943380133,-4.297462829869566,28.013063943986655,0.8367156449259469,1.2896424199699308,0.22050583192300288,약한 후보,방향 일치
overall,operating_adjusted_residual_z,MRO-20033,Seal & Gasket,oil_pressure_bar,health,3.0,10,3574,69,0.049986959043850934,0.10579365079365077,5.580669174979984,-3.1040295786441723,18.917270806611306,0.8367156449259469,1.2896424199699308,0.22050583192300288,방향 불일치,방향 불일치
overall,operating_adjusted_residual_z,MRO-30011,Drive Belt,temp_bearing_degC,health,2.0,10,3574,60,0.16121151661265515,0.26857142857142857,10.735991195877343,-6.09040324397827,29.62195161698534,0.8288860468784218,1.103781282681373,0.12428303347795926,방향 불일치,방향 불일치
overall,operating_adjusted_residual_z,MRO-30011,Drive Belt,temp_bearing_degC,health,3.0,10,3574,60,0.07202315375407548,0.14940476190476187,7.73816081506864,-3.6928426738786384,23.627773807573995,0.8288860468784218,1.103781282681373,0.12428303347795926,방향 불일치,방향 불일치
overall,operating_adjusted_residual_z,MRO-30011,Drive Belt,temp_motor_degC,health,2.0,10,3574,60,0.1480821237057103,0.29523809523809524,14.715597153238495,-1.8229024186904759,36.750130774200315,0.8117432660126689,1.3445256292840853,0.26386265995600305,방향 불일치,방향 불일치
overall,operating_adjusted_residual_z,MRO-30011,Drive Belt,temp_motor_degC,health,3.0,10,3574,60,0.06076637887732315,0.17273809523809525,11.197171636077211,-3.3810975854317245,30.38414715263569,0.8117432660126689,1.3445256292840853,0.26386265995600305,방향 불일치,방향 불일치
overall,operating_adjusted_residual_z,MRO-30011,Drive Belt,vibration_h_mms,health,2.0,10,3574,60,0.21186943500559502,0.25690476190476186,4.503532689916684,-12.04094058658001,25.380176584659893,0.9053573866563953,1.1264302402131445,0.14360885936091367,방향 불일치,방향 불일치
overall,operating_adjusted_residual_z,MRO-30011,Drive Belt,vibration_h_mms,health,3.0,10,3574,60,0.10734729639392493,0.11666666666666665,0.9319370272741725,-10.247779433365116,18.726973200754447,0.9053573866563953,1.1264302402131445,0.14360885936091367,방향 불일치,방향 불일치
overall,operating_adjusted_residual_z,MRO-30011,Drive Belt,vibration_v_mms,health,2.0,10,3574,60,0.20144372242012626,0.23285714285714287,3.1413420437016617,-13.146815375213666,25.135285725206533,0.8841517302559438,1.2304961606670552,0.13738984838038648,방향 불일치,방향 불일치
overall,operating_adjusted_residual_z,MRO-30011,Drive Belt,vibration_v_mms,health,3.0,10,3574,60,0.1012046583463169,0.08333333333333333,-1.7871325012983565,-10.482002105566469,13.8217578372272,0.8841517302559438,1.2304961606670552,0.13738984838038648,방향 불일치,방향 불일치
overall,operating_adjusted_residual_z,MRO-30011,Drive Belt,oil_pressure_bar,health,2.0,10,3574,60,0.14691099024873835,0.17690476190476187,2.9993771656023513,-11.147265732951787,18.225768946354005,0.8367156449259469,1.1127584850646686,0.12087003953934161,방향 불일치,방향 불일치
overall,operating_adjusted_residual_z,MRO-30011,Drive Belt,oil_pressure_bar,health,3.0,10,3574,60,0.049986959043850934,0.029166666666666664,-2.082029237718427,-6.036384430509232,5.429114042108249,0.8367156449259469,1.1127584850646686,0.12087003953934161,방향 불일치,방향 불일치
overall,operating_adjusted_residual_z,MRO-30012,Drive Belt,temp_bearing_degC,health,2.0,10,3574,46,0.16121151661265515,0.22000000000000003,5.878848338734488,-12.13371599129257,30.546966055241608,0.8288860468784218,1.1447121853132198,0.17538723935957895,방향 불일치,방향 불일치
overall,operating_adjusted_residual_z,MRO-30012,Drive Belt,temp_bearing_degC,health,3.0,10,3574,46,0.07202315375407548,0.0625,-0.9523153754075475,-8.40188711292889,18.72343968564754,0.8288860468784218,1.1447121853132198,0.17538723935957895,방향 불일치,방향 불일치
overall,operating_adjusted_residual_z,MRO-30012,Drive Belt,temp_motor_degC,health,2.0,10,3574,46,0.1480821237057103,0.22416666666666668,7.608454296095638,-9.536236971040598,30.047125626717442,0.8117432660126689,1.3149126794735175,0.2312135250747384,방향 불일치,방향 불일치
overall,operating_adjusted_residual_z,MRO-30012,Drive Belt,temp_motor_degC,health,3.0,10,3574,46,0.06076637887732315,0.08333333333333333,2.256695445601018,-6.3222068851108455,15.907298042485953,0.8117432660126689,1.3149126794735175,0.2312135250747384,방향 불일치,방향 불일치
overall,operating_adjusted_residual_z,MRO-30012,Drive Belt,vibration_h_mms,health,2.0,10,3574,46,0.21186943500559502,0.28833333333333333,7.646389832773831,-12.603513351451866,31.68268176887451,0.9053573866563953,1.338713298635604,0.1184184080923831,방향 불일치,방향 불일치
overall,operating_adjusted_residual_z,MRO-30012,Drive Belt,vibration_h_mms,health,3.0,10,3574,46,0.10734729639392493,0.15333333333333332,4.59860369394084,-10.72619101753431,26.653774915003236,0.9053573866563953,1.338713298635604,0.1184184080923831,방향 불일치,방향 불일치
overall,operating_adjusted_residual_z,MRO-30012,Drive Belt,vibration_v_mms,health,2.0,10,3574,46,0.20144372242012626,0.3225,12.105627757987374,-8.040782823029806,36.42251497091815,0.8841517302559438,1.2824314425407592,0.21098164410150644,방향 불일치,방향 불일치
overall,operating_adjusted_residual_z,MRO-30012,Drive Belt,vibration_v_mms,health,3.0,10,3574,46,0.1012046583463169,0.09,-1.1204658346316898,-10.410485894905083,13.58005252222093,0.8841517302559438,1.2824314425407592,0.21098164410150644,방향 불일치,방향 불일치
overall,operating_adjusted_residual_z,MRO-30012,Drive Belt,oil_pressure_bar,health,2.0,10,3574,46,0.14691099024873835,0.22666666666666666,7.97556764179283,-9.167425901737147,31.835857389702856,0.8367156449259469,1.2332777513865252,0.15182292026349214,방향 불일치,방향 불일치
overall,operating_adjusted_residual_z,MRO-30012,Drive Belt,oil_pressure_bar,health,3.0,10,3574,46,0.049986959043850934,0.045,-0.4986959043850936,-5.862475332074982,9.923967904963547,0.8367156449259469,1.2332777513865252,0.15182292026349214,방향 불일치,방향 불일치
overall,operating_adjusted_residual_z,MRO-40021,Filter,temp_bearing_degC,health,2.0,10,3574,58,0.16121151661265515,0.36484848484848487,20.363696823582973,-0.8990285006039884,45.08708837351944,0.8288860468784218,1.9983844241554312,0.36690359562040775,방향 불일치,방향 불일치
overall,operating_adjusted_residual_z,MRO-40021,Filter,temp_bearing_degC,health,3.0,10,3574,58,0.07202315375407548,0.1890909090909091,11.706775533683361,-4.1047441959368625,32.74184403700159,0.8288860468784218,1.9983844241554312,0.36690359562040775,방향 불일치,방향 불일치
overall,operating_adjusted_residual_z,MRO-40021,Filter,temp_motor_degC,health,2.0,10,3574,58,0.1480821237057103,0.2881818181818182,14.00996944761079,-5.948518289139294,35.41199544836265,0.8117432660126689,1.1101870362590915,0.11713191982261036,방향 불일치,방향 불일치
overall,operating_adjusted_residual_z,MRO-40021,Filter,temp_motor_degC,health,3.0,10,3574,58,0.06076637887732315,0.08333333333333333,2.256695445601018,-6.330511394222326,14.32332055165947,0.8117432660126689,1.1101870362590915,0.11713191982261036,방향 불일치,방향 불일치
overall,operating_adjusted_residual_z,MRO-40021,Filter,vibration_h_mms,health,2.0,10,3574,58,0.21186943500559502,0.36666666666666664,15.479723166107162,-5.438833254031002,38.74687776579733,0.9053573866563953,3.8325285422574646,0.2676664742845542,방향 불일치,방향 불일치
overall,operating_adjusted_residual_z,MRO-40021,Filter,vibration_h_mms,health,3.0,10,3574,58,0.10734729639392493,0.19333333333333333,8.59860369394084,-8.343085120000096,32.930450085911325,0.9053573866563953,3.8325285422574646,0.2676664742845542,방향 불일치,방향 불일치
overall,operating_adjusted_residual_z,MRO-40021,Filter,vibration_v_mms,health,2.0,10,3574,58,0.20144372242012626,0.3939393939393939,19.249567151926765,-3.2344820822762586,43.325427238793885,0.8841517302559438,3.353747480035165,0.20019353987400526,방향 불일치,방향 불일치
overall,operating_adjusted_residual_z,MRO-40021,Filter,vibration_v_mms,health,3.0,10,3574,58,0.1012046583463169,0.19575757575757574,9.455291741125885,-8.096918905642758,34.38616135027322,0.8841517302559438,3.353747480035165,0.20019353987400526,방향 불일치,방향 불일치
overall,operating_adjusted_residual_z,MRO-40021,Filter,oil_pressure_bar,health,2.0,10,3574,58,0.14691099024873835,0.3106060606060606,16.369507035732227,-3.3036980997003993,38.67404468212436,0.8367156449259469,1.6552875632744528,0.3609381711024376,약한 후보,방향 일치
overall,operating_adjusted_residual_z,MRO-40021,Filter,oil_pressure_bar,health,3.0,10,3574,58,0.049986959043850934,0.1890909090909091,13.910395004705817,-1.1801786388952915,34.42840078304734,0.8367156449259469,1.6552875632744528,0.3609381711024376,약한 후보,방향 일치
overall,operating_adjusted_residual_z,MRO-40022,Filter,temp_bearing_degC,health,2.0,10,3574,79,0.16121151661265515,0.337987012987013,17.677549637435785,-0.9030215548310543,39.198809619774984,0.8288860468784218,1.7571876136326132,0.3473272886693538,방향 불일치,방향 불일치
overall,operating_adjusted_residual_z,MRO-40022,Filter,temp_bearing_degC,health,3.0,10,3574,79,0.07202315375407548,0.19897186147186147,12.6948707717786,-2.5520547151795845,32.759295645471,0.8288860468784218,1.7571876136326132,0.3473272886693538,방향 불일치,방향 불일치
overall,operating_adjusted_residual_z,MRO-40022,Filter,temp_motor_degC,health,2.0,10,3574,79,0.1480821237057103,0.3533008658008658,20.52187420951555,4.187575108956763,39.224397593398784,0.8117432660126689,1.429957359922077,0.22528697776642287,방향 불일치,방향 불일치
overall,operating_adjusted_residual_z,MRO-40022,Filter,temp_motor_degC,health,3.0,10,3574,79,0.06076637887732315,0.21682900432900434,15.60626254516812,1.6540593861015704,35.105429043246176,0.8117432660126689,1.429957359922077,0.22528697776642287,방향 불일치,방향 불일치
overall,operating_adjusted_residual_z,MRO-40022,Filter,vibration_h_mms,health,2.0,10,3574,79,0.21186943500559502,0.24810606060606055,3.6236625600465535,-12.38052844437798,22.55677811580045,0.9053573866563953,1.2090547415747857,0.10694663746128712,방향 불일치,방향 불일치
overall,operating_adjusted_residual_z,MRO-40022,Filter,vibration_h_mms,health,3.0,10,3574,79,0.10734729639392493,0.1146103896103896,0.7263093216464678,-8.853038979912451,14.428412945483156,0.9053573866563953,1.2090547415747857,0.10694663746128712,방향 불일치,방향 불일치
overall,operating_adjusted_residual_z,MRO-40022,Filter,vibration_v_mms,health,2.0,10,3574,79,0.20144372242012626,0.21996753246753245,1.8523810047406193,-11.589561882614444,16.827861818348946,0.8841517302559438,1.1294309640217173,0.11012116878715794,방향 불일치,방향 불일치
overall,operating_adjusted_residual_z,MRO-40022,Filter,vibration_v_mms,health,3.0,10,3574,79,0.1012046583463169,0.13528138528138528,3.4076726935068384,-6.774814093556894,16.786921000631803,0.8841517302559438,1.1294309640217173,0.11012116878715794,방향 불일치,방향 불일치
overall,operating_adjusted_residual_z,MRO-40022,Filter,oil_pressure_bar,health,2.0,10,3574,79,0.14691099024873835,0.27694805194805194,13.003706169931359,-4.1420037498430835,31.54328363710577,0.8367156449259469,1.179155808787027,0.09315700296440346,방향 불일치,방향 불일치
overall,operating_adjusted_residual_z,MRO-40022,Filter,oil_pressure_bar,health,3.0,10,3574,79,0.049986959043850934,0.1744047619047619,12.441780286091095,-0.22463631966002268,28.327048798789612,0.8367156449259469,1.179155808787027,0.09315700296440346,약한 후보,방향 일치
overall,operating_adjusted_residual_z,MRO-50008,Electrical,temp_bearing_degC,health,2.0,10,3574,62,0.16121151661265515,0.3077777777777778,14.656626116512268,-3.4387295098834856,37.47316534288706,0.8288860468784218,1.4420363961745024,0.24392976145214584,방향 불일치,방향 불일치
overall,operating_adjusted_residual_z,MRO-50008,Electrical,temp_bearing_degC,health,3.0,10,3574,62,0.07202315375407548,0.21749999999999997,14.54768462459245,-0.5228372946796083,32.06127726046585,0.8288860468784218,1.4420363961745024,0.24392976145214584,방향 불일치,방향 불일치
overall,operating_adjusted_residual_z,MRO-50008,Electrical,temp_motor_degC,health,2.0,10,3574,62,0.1480821237057103,0.32944444444444443,18.136232073873412,-0.9881264011223039,39.256570250887506,0.8117432660126689,1.5943181929269428,0.32396993729478685,약한 후보,방향 일치
overall,operating_adjusted_residual_z,MRO-50008,Electrical,temp_motor_degC,health,3.0,10,3574,62,0.06076637887732315,0.1577777777777778,9.701139890045466,-3.6121089057992095,28.945404349171707,0.8117432660126689,1.5943181929269428,0.32396993729478685,방향 불일치,방향 불일치
overall,operating_adjusted_residual_z,MRO-50008,Electrical,vibration_h_mms,health,2.0,10,3574,62,0.21186943500559502,0.3272222222222222,11.535278721662717,-6.604892704065586,32.7793399674154,0.9053573866563953,1.4769855016887974,0.15964949836249762,방향 불일치,방향 불일치
overall,operating_adjusted_residual_z,MRO-50008,Electrical,vibration_h_mms,health,3.0,10,3574,62,0.10734729639392493,0.125,1.765270360607507,-10.478253877177368,21.319006272383763,0.9053573866563953,1.4769855016887974,0.15964949836249762,방향 불일치,방향 불일치
overall,operating_adjusted_residual_z,MRO-50008,Electrical,vibration_v_mms,health,2.0,10,3574,62,0.20144372242012626,0.2972222222222222,9.577849980209596,-8.097184220834459,30.32029977519479,0.8841517302559438,1.3854329144883473,0.07270182398007849,방향 불일치,방향 불일치
overall,operating_adjusted_residual_z,MRO-50008,Electrical,vibration_v_mms,health,3.0,10,3574,62,0.1012046583463169,0.0775,-2.3704658346316894,-10.403995718894501,13.645403761257821,0.8841517302559438,1.3854329144883473,0.07270182398007849,방향 불일치,방향 불일치
overall,operating_adjusted_residual_z,MRO-50008,Electrical,oil_pressure_bar,health,2.0,10,3574,62,0.14691099024873835,0.42000000000000004,27.30890097512617,7.886059367288628,48.41060977043464,0.8367156449259469,1.6981357761820566,0.35613620078272673,방향 불일치,방향 불일치
overall,operating_adjusted_residual_z,MRO-50008,Electrical,oil_pressure_bar,health,3.0,10,3574,62,0.049986959043850934,0.1313888888888889,8.140192984503795,-3.481817565942911,23.762424222600142,0.8367156449259469,1.6981357761820566,0.35613620078272673,약한 후보,방향 일치
overall,operating_adjusted_residual_z,MRO-50009,Electrical,temp_bearing_degC,health,2.0,10,3574,72,0.16121151661265515,0.2577677877677878,9.655627115513266,-6.61775035948435,29.848549853512253,0.8288860468784218,1.3389371404447785,0.29104464544753295,방향 불일치,방향 불일치
overall,operating_adjusted_residual_z,MRO-50009,Electrical,temp_bearing_degC,health,3.0,10,3574,72,0.07202315375407548,0.060781440781440786,-1.124171297263469,-7.543813268653094,7.285397409679276,0.8288860468784218,1.3389371404447785,0.29104464544753295,방향 불일치,방향 불일치
overall,operating_adjusted_residual_z,MRO-50009,Electrical,temp_motor_degC,health,2.0,10,3574,72,0.1480821237057103,0.26552669552669556,11.744457182098525,-5.257356206508261,34.212706443662135,0.8117432660126689,1.1848499693485204,0.162633719012101,방향 불일치,방향 불일치
overall,operating_adjusted_residual_z,MRO-50009,Electrical,temp_motor_degC,health,3.0,10,3574,72,0.06076637887732315,0.05095238095238095,-0.9813997924942197,-6.893159179040356,10.033196923443484,0.8117432660126689,1.1848499693485204,0.162633719012101,방향 불일치,방향 불일치
overall,operating_adjusted_residual_z,MRO-50009,Electrical,vibration_h_mms,health,2.0,10,3574,72,0.21186943500559502,0.2711011211011211,5.92316860955261,-11.0277283818762,28.802528912895728,0.9053573866563953,1.2794593945448056,0.08677713822096692,약한 후보,방향 일치
overall,operating_adjusted_residual_z,MRO-50009,Electrical,vibration_h_mms,health,3.0,10,3574,72,0.10734729639392493,0.09246753246753248,-1.4879763926392453,-10.632652286153517,16.536197257904806,0.9053573866563953,1.2794593945448056,0.08677713822096692,방향 불일치,방향 불일치
overall,operating_adjusted_residual_z,MRO-50009,Electrical,vibration_v_mms,health,2.0,10,3574,72,0.20144372242012626,0.27069708069708065,6.925335827695439,-9.970375892920655,28.043497659625853,0.8841517302559438,1.176625096214912,0.07351356997022013,방향 불일치,방향 불일치
overall,operating_adjusted_residual_z,MRO-50009,Electrical,vibration_v_mms,health,3.0,10,3574,72,0.1012046583463169,0.10554445554445555,0.4339797198138651,-8.55076997077597,12.564271770667188,0.8841517302559438,1.176625096214912,0.07351356997022013,방향 불일치,방향 불일치
overall,operating_adjusted_residual_z,MRO-50009,Electrical,oil_pressure_bar,health,2.0,10,3574,72,0.14691099024873835,0.21303585303585307,6.612486278711471,-6.988690694646056,23.69555043373014,0.8367156449259469,1.3057735968452386,0.19556014155042387,방향 불일치,방향 불일치
overall,operating_adjusted_residual_z,MRO-50009,Electrical,oil_pressure_bar,health,3.0,10,3574,72,0.049986959043850934,0.0576068376068376,0.7619878562986668,-5.087453746496354,11.847853278369241,0.8367156449259469,1.3057735968452386,0.19556014155042387,방향 불일치,방향 불일치
overall,operating_adjusted_residual_z,MRO-60015,Coupling,temp_bearing_degC,health,2.0,10,3574,63,0.16121151661265515,0.4533508158508159,29.213929923816075,7.7530637965642955,52.34292459655899,0.8288860468784218,1.5629181758019306,0.3706484928207029,강한 후보,방향 일치
overall,operating_adjusted_residual_z,MRO-60015,Coupling,temp_bearing_degC,health,3.0,10,3574,63,0.07202315375407548,0.18125874125874125,10.923558750466578,-2.4309526942967143,28.410736207216395,0.8288860468784218,1.5629181758019306,0.3706484928207029,방향 불일치,방향 불일치
overall,operating_adjusted_residual_z,MRO-60015,Coupling,temp_motor_degC,health,2.0,10,3574,63,0.1480821237057103,0.22844988344988346,8.036775974417315,-8.525123852559027,31.371819972282317,0.8117432660126689,1.1980882021291532,0.19303036777579236,방향 불일치,방향 불일치
overall,operating_adjusted_residual_z,MRO-60015,Coupling,temp_motor_degC,health,3.0,10,3574,63,0.06076637887732315,0.06583333333333333,0.506695445601018,-6.853085993339452,16.313690561561998,0.8117432660126689,1.1980882021291532,0.19303036777579236,방향 불일치,방향 불일치
overall,operating_adjusted_residual_z,MRO-60015,Coupling,vibration_h_mms,health,2.0,10,3574,63,0.21186943500559502,0.3459149184149184,13.404548340932337,-7.527453920737939,37.492538578766805,0.9053573866563953,1.478671987210541,0.19047656658876802,방향 불일치,방향 불일치
overall,operating_adjusted_residual_z,MRO-60015,Coupling,vibration_h_mms,health,3.0,10,3574,63,0.10734729639392493,0.07575757575757576,-3.158972063634917,-12.262559806039246,15.420255822820062,0.9053573866563953,1.478671987210541,0.19047656658876802,방향 불일치,방향 불일치
overall,operating_adjusted_residual_z,MRO-60015,Coupling,vibration_v_mms,health,2.0,10,3574,63,0.20144372242012626,0.3323135198135198,13.086979739339355,-9.547382423378728,37.063115012731004,0.8841517302559438,1.5701458321441752,0.22270753076393723,방향 불일치,방향 불일치
overall,operating_adjusted_residual_z,MRO-60015,Coupling,vibration_v_mms,health,3.0,10,3574,63,0.1012046583463169,0.18151515151515152,8.031049316883463,-9.169176107791515,30.229961649032706,0.8841517302559438,1.5701458321441752,0.22270753076393723,방향 불일치,방향 불일치
overall,operating_adjusted_residual_z,MRO-60015,Coupling,oil_pressure_bar,health,2.0,10,3574,63,0.14691099024873835,0.31595571095571096,16.90447207069726,-1.0704508950470208,39.132633316167386,0.8367156449259469,1.1986411923358944,0.12427322314237252,방향 불일치,방향 불일치
overall,operating_adjusted_residual_z,MRO-60015,Coupling,oil_pressure_bar,health,3.0,10,3574,63,0.049986959043850934,0.06265734265734266,1.2670383613491722,-4.691206738884245,10.132088898687499,0.8367156449259469,1.1986411923358944,0.12427322314237252,방향 불일치,방향 불일치
overall,operating_adjusted_residual_z,MRO-60016,Coupling,temp_bearing_degC,health,2.0,10,3574,67,0.16121151661265515,0.3203144078144078,15.910289120175264,-3.4635605106747196,36.738309432437546,0.8288860468784218,1.4401867267723099,0.21060825642870357,약한 후보,방향 일치
overall,operating_adjusted_residual_z,MRO-60016,Coupling,temp_bearing_degC,health,3.0,10,3574,67,0.07202315375407548,0.13637057387057389,6.434742011649841,-5.538175154036965,22.48433502894767,0.8288860468784218,1.4401867267723099,0.21060825642870357,약한 후보,방향 일치
overall,operating_adjusted_residual_z,MRO-60016,Coupling,temp_motor_degC,health,2.0,10,3574,67,0.1480821237057103,0.30810439560439556,16.002227189868528,-3.313088461833848,38.71460641172531,0.8117432660126689,1.0056532613377567,0.10810130702461715,방향 불일치,방향 불일치
overall,operating_adjusted_residual_z,MRO-60016,Coupling,temp_motor_degC,health,3.0,10,3574,67,0.06076637887732315,0.1009004884004884,4.013410952316526,-3.930615671715174,15.746166212698197,0.8117432660126689,1.0056532613377567,0.10810130702461715,방향 불일치,방향 불일치
overall,operating_adjusted_residual_z,MRO-60016,Coupling,vibration_h_mms,health,2.0,10,3574,67,0.21186943500559502,0.3596764346764347,14.780699967083965,-8.799011950984362,39.89023629755083,0.9053573866563953,1.6226732271849607,0.23686825474826728,방향 불일치,방향 불일치
overall,operating_adjusted_residual_z,MRO-60016,Coupling,vibration_h_mms,health,3.0,10,3574,67,0.10734729639392493,0.1742063492063492,6.685905281242427,-8.040417024356245,28.04732601715008,0.9053573866563953,1.6226732271849607,0.23686825474826728,약한 후보,방향 일치
overall,operating_adjusted_residual_z,MRO-60016,Coupling,vibration_v_mms,health,2.0,10,3574,67,0.20144372242012626,0.31494200244200243,11.349828002187618,-7.079693129934986,32.14578368294808,0.8841517302559438,1.5750626435740456,0.18482395860706305,방향 불일치,방향 불일치
overall,operating_adjusted_residual_z,MRO-60016,Coupling,vibration_v_mms,health,3.0,10,3574,67,0.1012046583463169,0.14424603174603173,4.304137339971484,-8.646643068522128,22.78688840865229,0.8841517302559438,1.5750626435740456,0.18482395860706305,방향 불일치,방향 불일치
overall,operating_adjusted_residual_z,MRO-60016,Coupling,oil_pressure_bar,health,2.0,10,3574,67,0.14691099024873835,0.31866605616605614,17.17550659173178,-1.4774782291870563,39.13429659016303,0.8367156449259469,1.7575745639849554,0.3347182079721275,방향 불일치,방향 불일치
overall,operating_adjusted_residual_z,MRO-60016,Coupling,oil_pressure_bar,health,3.0,10,3574,67,0.049986959043850934,0.11820818070818069,6.822122166432976,-3.9081475601329294,21.61865351988309,0.8367156449259469,1.7575745639849554,0.3347182079721275,약한 후보,방향 일치
overall,operating_adjusted_residual_z,MRO-70004,Lubrication,temp_bearing_degC,health,2.0,10,3574,55,0.16121151661265515,0.40166666666666667,24.045515005401153,3.039107774515643,47.491965864415526,0.8288860468784218,1.7037915648939532,0.3249234123762703,강한 후보,방향 일치
overall,operating_adjusted_residual_z,MRO-70004,Lubrication,temp_bearing_degC,health,3.0,10,3574,55,0.07202315375407548,0.23000000000000004,15.797684624592456,-0.7602703189660207,37.220770225083626,0.8288860468784218,1.7037915648939532,0.3249234123762703,방향 불일치,방향 불일치
overall,operating_adjusted_residual_z,MRO-70004,Lubrication,temp_motor_degC,health,2.0,10,3574,55,0.1480821237057103,0.3283333333333333,18.0251209627623,-1.3343240370381781,41.78419884088939,0.8117432660126689,1.4603356928400109,0.20523349090511167,방향 불일치,방향 불일치
overall,operating_adjusted_residual_z,MRO-70004,Lubrication,temp_motor_degC,health,3.0,10,3574,55,0.06076637887732315,0.09833333333333334,3.7566954456010193,-5.586822990100398,19.86221669756723,0.8117432660126689,1.4603356928400109,0.20523349090511167,방향 불일치,방향 불일치
overall,operating_adjusted_residual_z,MRO-70004,Lubrication,vibration_h_mms,health,2.0,10,3574,55,0.21186943500559502,0.2533333333333333,4.146389832773828,-13.235814657001777,26.579159860007255,0.9053573866563953,1.3163910926377758,0.11579035993846624,방향 불일치,방향 불일치
overall,operating_adjusted_residual_z,MRO-70004,Lubrication,vibration_h_mms,health,3.0,10,3574,55,0.10734729639392493,0.13666666666666666,2.9319370272741727,-7.945147618062012,20.14638626750375,0.9053573866563953,1.3163910926377758,0.11579035993846624,방향 불일치,방향 불일치
overall,operating_adjusted_residual_z,MRO-70004,Lubrication,vibration_v_mms,health,2.0,10,3574,55,0.20144372242012626,0.2733333333333333,7.188961091320706,-10.363692434354311,32.68147001288476,0.8841517302559438,1.1991560351957387,0.12958236997360667,방향 불일치,방향 불일치
overall,operating_adjusted_residual_z,MRO-70004,Lubrication,vibration_v_mms,health,3.0,10,3574,55,0.1012046583463169,0.175,7.37953416536831,-6.589598970321526,26.150413673074077,0.8841517302559438,1.1991560351957387,0.12958236997360667,방향 불일치,방향 불일치
overall,operating_adjusted_residual_z,MRO-70004,Lubrication,oil_pressure_bar,health,2.0,10,3574,55,0.14691099024873835,0.37333333333333335,22.6422343084595,-0.9495460243450632,48.94566938695755,0.8367156449259469,1.4767826208675898,0.2968365607233942,방향 불일치,방향 불일치
overall,operating_adjusted_residual_z,MRO-70004,Lubrication,oil_pressure_bar,health,3.0,10,3574,55,0.049986959043850934,0.10166666666666666,5.1679707622815725,-4.773345315438598,25.02888723376976,0.8367156449259469,1.4767826208675898,0.2968365607233942,방향 불일치,방향 불일치
overall,operating_adjusted_residual_z,MRO-70005,Lubrication,temp_bearing_degC,health,2.0,9,3244,51,0.16262559084907816,0.37530864197530867,21.26830511262305,-0.08072782837684309,42.63708827032797,0.8349117965342658,1.59780571477001,0.2760776370706394,방향 불일치,방향 불일치
overall,operating_adjusted_residual_z,MRO-70005,Lubrication,temp_bearing_degC,health,3.0,9,3244,51,0.07228161864930945,0.22592592592592592,15.364430727661649,-2.9643488252965953,39.42899192452436,0.8349117965342658,1.59780571477001,0.2760776370706394,방향 불일치,방향 불일치
overall,operating_adjusted_residual_z,MRO-70005,Lubrication,temp_motor_degC,health,2.0,9,3244,51,0.1490474775181293,0.29876543209876544,14.971795458063614,-3.444081156888354,35.842432575968495,0.8165319406593043,1.151114691889043,0.15532944026296733,방향 불일치,방향 불일치
overall,operating_adjusted_residual_z,MRO-70005,Lubrication,temp_motor_degC,health,3.0,9,3244,51,0.060447491681874195,0.08858024691358025,2.813275523170606,-5.66640281712206,15.021602098144756,0.8165319406593043,1.151114691889043,0.15532944026296733,방향 불일치,방향 불일치
overall,operating_adjusted_residual_z,MRO-70005,Lubrication,vibration_h_mms,health,2.0,9,3244,51,0.21756536549443212,0.34969135802469137,13.212599253025925,-8.876195899642505,36.25782136998076,0.9059020889431392,1.4068324255405125,0.17039748892844642,방향 불일치,방향 불일치
overall,operating_adjusted_residual_z,MRO-70005,Lubrication,vibration_h_mms,health,3.0,9,3244,51,0.11119396569021961,0.16790123456790124,5.670726887768163,-8.56048760576942,25.356528780143645,0.9059020889431392,1.4068324255405125,0.17039748892844642,방향 불일치,방향 불일치
overall,operating_adjusted_residual_z,MRO-70005,Lubrication,vibration_v_mms,health,2.0,9,3244,51,0.20429773871596518,0.31666666666666665,11.236892795070148,-7.731213523693546,36.5144770496838,0.8831178446951544,1.3598218764445338,0.20798761270966676,방향 불일치,방향 불일치
overall,operating_adjusted_residual_z,MRO-70005,Lubrication,vibration_v_mms,health,3.0,9,3244,51,0.1030220109571871,0.22037037037037038,11.734835941318329,-5.021454857554679,33.58409676210806,0.8831178446951544,1.3598218764445338,0.20798761270966676,약한 후보,방향 일치
overall,operating_adjusted_residual_z,MRO-70005,Lubrication,oil_pressure_bar,health,2.0,9,3244,51,0.15313342350869916,0.3743827160493827,22.124929254068356,2.024297935133854,43.34535741786863,0.8424947255992111,1.3324116700870552,0.25039123180617745,강한 후보,방향 일치
overall,operating_adjusted_residual_z,MRO-70005,Lubrication,oil_pressure_bar,health,3.0,9,3244,51,0.053184163247376445,0.1132716049382716,6.008744169089515,-4.233690864500253,20.539747385474254,0.8424947255992111,1.3324116700870552,0.25039123180617745,방향 불일치,방향 불일치
overall,operating_adjusted_residual_z,MRO-80001,Sensor,temp_bearing_degC,health,2.0,10,3574,94,0.16121151661265515,0.3948380867498515,23.362657013719634,6.755636163582229,41.62238224491327,0.8288860468784218,1.6062885946255812,0.27009164873570823,방향 불일치,방향 불일치
overall,operating_adjusted_residual_z,MRO-80001,Sensor,temp_bearing_degC,health,3.0,10,3574,94,0.07202315375407548,0.22439096850861556,15.23678147545401,3.150359532554246,30.230202926177217,0.8288860468784218,1.6062885946255812,0.27009164873570823,방향 불일치,방향 불일치
overall,operating_adjusted_residual_z,MRO-80001,Sensor,temp_motor_degC,health,2.0,10,3574,94,0.1480821237057103,0.32340951532128004,17.53273916155697,1.61074566451115,32.11426509309764,0.8117432660126689,1.4097423647619982,0.3314259115150451,강한 후보,방향 일치
overall,operating_adjusted_residual_z,MRO-80001,Sensor,temp_motor_degC,health,3.0,10,3574,94,0.06076637887732315,0.15716301672184024,9.63966378445171,-0.8764920826175043,23.5544445175626,0.8117432660126689,1.4097423647619982,0.3314259115150451,약한 후보,방향 일치
overall,operating_adjusted_residual_z,MRO-80001,Sensor,vibration_h_mms,health,2.0,10,3574,94,0.21186943500559502,0.3500704524233936,13.820101741779855,-0.5712625692319073,29.017634380762253,0.9053573866563953,1.3935316416690975,0.20201511581270606,약한 후보,방향 일치
overall,operating_adjusted_residual_z,MRO-80001,Sensor,vibration_h_mms,health,3.0,10,3574,94,0.10734729639392493,0.12874671080553432,2.139941441160939,-7.41396926059283,15.097980488535168,0.9053573866563953,1.3935316416690975,0.20201511581270606,방향 불일치,방향 불일치
overall,operating_adjusted_residual_z,MRO-80001,Sensor,vibration_v_mms,health,2.0,10,3574,94,0.20144372242012626,0.37375137933961466,17.23076569194884,2.468552167038025,31.66294254533142,0.8841517302559438,1.564371751693348,0.3064029534228593,강한 후보,방향 일치
overall,operating_adjusted_residual_z,MRO-80001,Sensor,vibration_v_mms,health,3.0,10,3574,94,0.1012046583463169,0.16521836007130125,6.401370172498436,-4.094486148384783,21.369494880407863,0.8841517302559438,1.564371751693348,0.3064029534228593,방향 불일치,방향 불일치
overall,operating_adjusted_residual_z,MRO-80001,Sensor,oil_pressure_bar,health,2.0,10,3574,94,0.14691099024873835,0.33299974535268656,18.60887551039482,3.9643154466992456,35.24927948671009,0.8367156449259469,1.4193567528223163,0.28021282433322925,방향 불일치,방향 불일치
overall,operating_adjusted_residual_z,MRO-80001,Sensor,oil_pressure_bar,health,3.0,10,3574,94,0.049986959043850934,0.11080659536541888,6.0819636321567945,-2.7786781822849465,19.823766290073614,0.8367156449259469,1.4193567528223163,0.28021282433322925,방향 불일치,방향 불일치
overall,operating_adjusted_residual_z,MRO-80002,Sensor,temp_bearing_degC,health,2.0,10,3574,66,0.16121151661265515,0.37314213564213566,21.193061902948052,3.0250091762637106,42.139121389709686,0.8288860468784218,1.6181609504642078,0.36854079409627244,강한 후보,방향 일치
overall,operating_adjusted_residual_z,MRO-80002,Sensor,temp_bearing_degC,health,3.0,10,3574,66,0.07202315375407548,0.13305555555555554,6.103240180148006,-4.6741888215346235,21.93417119203682,0.8288860468784218,1.6181609504642078,0.36854079409627244,약한 후보,방향 일치
overall,operating_adjusted_residual_z,MRO-80002,Sensor,temp_motor_degC,health,2.0,10,3574,66,0.1480821237057103,0.24496031746031743,9.687819375460712,-6.657144562921327,28.685179369255458,0.8117432660126689,1.2760454964910877,0.22959471909321466,방향 불일치,방향 불일치
overall,operating_adjusted_residual_z,MRO-80002,Sensor,temp_motor_degC,health,3.0,10,3574,66,0.06076637887732315,0.06388888888888888,0.31225100115657367,-6.406512819835274,10.351530098337655,0.8117432660126689,1.2760454964910877,0.22959471909321466,방향 불일치,방향 불일치
overall,operating_adjusted_residual_z,MRO-80002,Sensor,vibration_h_mms,health,2.0,10,3574,66,0.21186943500559502,0.211031746031746,-0.08376889738490323,-15.026977246212791,18.718837705938828,0.9053573866563953,1.0891525122868617,0.0861798012607416,방향 불일치,방향 불일치
overall,operating_adjusted_residual_z,MRO-80002,Sensor,vibration_h_mms,health,3.0,10,3574,66,0.10734729639392493,0.07123015873015873,-3.6117137663766203,-10.81393827908878,7.646790292825371,0.9053573866563953,1.0891525122868617,0.0861798012607416,방향 불일치,방향 불일치
overall,operating_adjusted_residual_z,MRO-80002,Sensor,vibration_v_mms,health,2.0,10,3574,66,0.20144372242012626,0.16579365079365077,-3.565007162647549,-16.09919884531336,12.471483974315776,0.8841517302559438,0.9534413693829927,0.017567957127039496,방향 불일치,방향 불일치
overall,operating_adjusted_residual_z,MRO-80002,Sensor,vibration_v_mms,health,3.0,10,3574,66,0.1012046583463169,0.05138888888888889,-4.981576945742801,-10.488431607336315,4.687924314933943,0.8841517302559438,0.9534413693829927,0.017567957127039496,방향 불일치,방향 불일치
overall,operating_adjusted_residual_z,MRO-80002,Sensor,oil_pressure_bar,health,2.0,10,3574,66,0.14691099024873835,0.1721969696969697,2.5285979448231357,-10.456482296536311,18.029218696497608,0.8367156449259469,1.2675363192993994,0.20818609706900357,방향 불일치,방향 불일치
overall,operating_adjusted_residual_z,MRO-80002,Sensor,oil_pressure_bar,health,3.0,10,3574,66,0.049986959043850934,0.0806060606060606,3.0619101562209665,-5.016361636920463,14.089062022493804,0.8367156449259469,1.2675363192993994,0.20818609706900357,방향 불일치,방향 불일치
overall,operating_adjusted_residual_z,MRO-90011,Fastener,temp_bearing_degC,health,2.0,10,3574,51,0.16121151661265515,0.3506349206349207,18.942340402226556,-1.9161487464330287,42.38465022074259,0.8288860468784218,1.4339957303984494,0.25299970609951644,방향 불일치,방향 불일치
overall,operating_adjusted_residual_z,MRO-90011,Fastener,temp_bearing_degC,health,3.0,10,3574,51,0.07202315375407548,0.21190476190476187,13.988160815068639,-3.00981204321119,36.76842002614384,0.8288860468784218,1.4339957303984494,0.25299970609951644,방향 불일치,방향 불일치
overall,operating_adjusted_residual_z,MRO-90011,Fastener,temp_motor_degC,health,2.0,10,3574,51,0.1480821237057103,0.2477777777777778,9.969565407206748,-8.338625879058062,31.784249145607824,0.8117432660126689,1.3050745007181228,0.29741641695044385,방향 불일치,방향 불일치
overall,operating_adjusted_residual_z,MRO-90011,Fastener,temp_motor_degC,health,3.0,10,3574,51,0.06076637887732315,0.05111111111111111,-0.965526776621204,-6.972288227486211,9.781207817580786,0.8117432660126689,1.3050745007181228,0.29741641695044385,방향 불일치,방향 불일치
overall,operating_adjusted_residual_z,MRO-90011,Fastener,vibration_h_mms,health,2.0,10,3574,51,0.21186943500559502,0.25746031746031744,4.559088245472243,-12.391677160186843,25.307158648188725,0.9053573866563953,1.332608001146759,0.10961190198517015,방향 불일치,방향 불일치
overall,operating_adjusted_residual_z,MRO-90011,Fastener,vibration_h_mms,health,3.0,10,3574,51,0.10734729639392493,0.17523809523809522,6.7890798844170295,-7.194857157762357,27.202873115195626,0.9053573866563953,1.332608001146759,0.10961190198517015,방향 불일치,방향 불일치
overall,operating_adjusted_residual_z,MRO-90011,Fastener,vibration_v_mms,health,2.0,10,3574,51,0.20144372242012626,0.27730158730158727,7.585786488146101,-9.759196084325822,29.875398941233804,0.8841517302559438,1.4333803108363548,0.15281598456846532,방향 불일치,방향 불일치
overall,operating_adjusted_residual_z,MRO-90011,Fastener,vibration_v_mms,health,3.0,10,3574,51,0.1012046583463169,0.13619047619047617,3.4985817844159275,-8.571087658115122,19.73209529212033,0.8841517302559438,1.4333803108363548,0.15281598456846532,방향 불일치,방향 불일치
overall,operating_adjusted_residual_z,MRO-90011,Fastener,oil_pressure_bar,health,2.0,10,3574,51,0.14691099024873835,0.2893650793650794,14.245408911634103,-3.7631757655535045,33.24680804938893,0.8367156449259469,1.6110702745917198,0.36484436538358145,방향 불일치,방향 불일치
overall,operating_adjusted_residual_z,MRO-90011,Fastener,oil_pressure_bar,health,3.0,10,3574,51,0.049986959043850934,0.11714285714285713,6.71558980990062,-5.265871208071135,25.62474948680763,0.8367156449259469,1.6110702745917198,0.36484436538358145,방향 불일치,방향 불일치
overall,operating_adjusted_residual_z,MRO-90012,Fastener,temp_bearing_degC,health,2.0,10,3574,49,0.16121151661265515,0.1912121212121212,3.0000604599466048,-11.45207835863557,21.19936931210329,0.8288860468784218,1.3241657493268346,0.15566278326880906,방향 불일치,방향 불일치
overall,operating_adjusted_residual_z,MRO-90012,Fastener,temp_bearing_degC,health,3.0,10,3574,49,0.07202315375407548,0.07060606060606059,-0.14170931480148863,-7.584424759008683,12.416216298858494,0.8288860468784218,1.3241657493268346,0.15566278326880906,방향 불일치,방향 불일치
overall,operating_adjusted_residual_z,MRO-90012,Fastener,temp_motor_degC,health,2.0,10,3574,49,0.1480821237057103,0.31727272727272726,16.919060356701696,-2.030445806471847,42.11439733821954,0.8117432660126689,1.3035104334735927,0.24272816858295898,방향 불일치,방향 불일치
overall,operating_adjusted_residual_z,MRO-90012,Fastener,temp_motor_degC,health,3.0,10,3574,49,0.06076637887732315,0.17151515151515148,11.074877263782835,-2.647110417971112,32.0746045536543,0.8117432660126689,1.3035104334735927,0.24272816858295898,방향 불일치,방향 불일치
overall,operating_adjusted_residual_z,MRO-90012,Fastener,vibration_h_mms,health,2.0,10,3574,49,0.21186943500559502,0.2939393939393939,8.206995893379887,-12.106829587557174,33.76027955603879,0.9053573866563953,1.1670789505690689,0.09196332223994902,방향 불일치,방향 불일치
overall,operating_adjusted_residual_z,MRO-90012,Fastener,vibration_h_mms,health,3.0,10,3574,49,0.10734729639392493,0.05909090909090908,-4.825638730301584,-12.399818402146517,9.161198727010458,0.9053573866563953,1.1670789505690689,0.09196332223994902,방향 불일치,방향 불일치
overall,operating_adjusted_residual_z,MRO-90012,Fastener,vibration_v_mms,health,2.0,10,3574,49,0.20144372242012626,0.27969696969696967,7.8253247276843405,-12.227606451319158,29.56813917549039,0.8841517302559438,1.2359040577068197,0.15159990340188403,방향 불일치,방향 불일치
overall,operating_adjusted_residual_z,MRO-90012,Fastener,vibration_v_mms,health,3.0,10,3574,49,0.1012046583463169,0.09393939393939393,-0.7265264406922961,-10.250598535893381,14.879513856101623,0.8841517302559438,1.2359040577068197,0.15159990340188403,방향 불일치,방향 불일치
overall,operating_adjusted_residual_z,MRO-90012,Fastener,oil_pressure_bar,health,2.0,10,3574,49,0.14691099024873835,0.3915151515151515,24.460416126641313,1.5719941672405675,48.148166155668214,0.8367156449259469,1.44535670008068,0.323800160981361,강한 후보,방향 일치
overall,operating_adjusted_residual_z,MRO-90012,Fastener,oil_pressure_bar,health,3.0,10,3574,49,0.049986959043850934,0.19242424242424244,14.243728338039151,-1.5310793763379957,37.50269342269852,0.8367156449259469,1.44535670008068,0.323800160981361,약한 후보,방향 일치
train,operating_adjusted_residual_z,MRO-10045,Bearing,temp_bearing_degC,health,2.0,10,2388,62,0.07868263562592484,0.4470238095238095,36.83411738978847,14.924433715574517,60.69336298421698,0.6744907594765952,1.8450019204010757,0.5571963421376562,방향 불일치,방향 불일치
train,operating_adjusted_residual_z,MRO-10045,Bearing,temp_bearing_degC,health,3.0,10,2388,62,0.026274489110682708,0.18357142857142858,15.729693946074589,2.095584817067627,34.95628996516546,0.6744907594765952,1.8450019204010757,0.5571963421376562,방향 불일치,방향 불일치
train,operating_adjusted_residual_z,MRO-10045,Bearing,temp_motor_degC,health,2.0,10,2388,62,0.07341883302597849,0.3163095238095238,24.289069078354533,4.873445188163832,45.92525643559319,0.6744907594765952,1.366973328191158,0.3377451716981254,방향 불일치,방향 불일치
train,operating_adjusted_residual_z,MRO-10045,Bearing,temp_motor_degC,health,3.0,10,2388,62,0.02607173846111118,0.10773809523809526,8.166635677698409,-1.114298410724934,21.041943889144257,0.6744907594765952,1.366973328191158,0.3377451716981254,방향 불일치,방향 불일치
train,operating_adjusted_residual_z,MRO-10045,Bearing,vibration_h_mms,health,2.0,10,2388,62,0.10086825367408507,0.2527380952380952,15.186984156401012,-0.2904990428156714,36.71559343901586,0.6744907594765952,1.0708865198675184,0.1296108754998075,방향 불일치,방향 불일치
train,operating_adjusted_residual_z,MRO-10045,Bearing,vibration_h_mms,health,3.0,10,2388,62,0.052621830626908984,0.0675,1.487816937309102,-5.437052521582972,12.148178259247024,0.6744907594765952,1.0708865198675184,0.1296108754998075,방향 불일치,방향 불일치
train,operating_adjusted_residual_z,MRO-10045,Bearing,vibration_v_mms,health,2.0,10,2388,62,0.10190982587184416,0.2488095238095238,14.689969793767965,-0.9601800240710519,34.706785338427395,0.6744907594765952,1.065064783992515,0.15850023757608117,방향 불일치,방향 불일치
train,operating_adjusted_residual_z,MRO-10045,Bearing,vibration_v_mms,health,3.0,10,2388,62,0.04969257760736573,0.052500000000000005,0.2807422392634276,-5.352520208865326,10.033746773981582,0.6744907594765952,1.065064783992515,0.15850023757608117,방향 불일치,방향 불일치
train,operating_adjusted_residual_z,MRO-10045,Bearing,oil_pressure_bar,health,2.0,10,2388,62,0.06467944124164751,0.34523809523809523,28.055865399644773,9.78680408311567,48.47338016429329,0.6744907594765952,1.452505158111786,0.4621993690793257,방향 불일치,방향 불일치
train,operating_adjusted_residual_z,MRO-10045,Bearing,oil_pressure_bar,health,3.0,10,2388,62,0.00895864610380288,0.0669047619047619,5.794611580095902,-1.1784209141921909,19.81239195959415,0.6744907594765952,1.452505158111786,0.4621993690793257,방향 불일치,방향 불일치
train,operating_adjusted_residual_z,MRO-10046,Bearing,temp_bearing_degC,health,2.0,10,2388,58,0.07868263562592484,0.3908333333333333,31.215069770740843,9.258909139595097,55.61835824700233,0.6744907594765952,2.0288392121617678,0.5120745255626413,강한 후보,방향 일치
train,operating_adjusted_residual_z,MRO-10046,Bearing,temp_bearing_degC,health,3.0,10,2388,58,0.026274489110682708,0.2125,18.62255108893173,1.9062025459894303,40.41560818392598,0.6744907594765952,2.0288392121617678,0.5120745255626413,방향 불일치,방향 불일치
train,operating_adjusted_residual_z,MRO-10046,Bearing,temp_motor_degC,health,2.0,10,2388,58,0.07341883302597849,0.30666666666666664,23.324783364068814,4.85955489983935,45.25548388058211,0.6744907594765952,1.2394066678361308,0.2472618418475773,방향 불일치,방향 불일치
train,operating_adjusted_residual_z,MRO-10046,Bearing,temp_motor_degC,health,3.0,10,2388,58,0.02607173846111118,0.20249999999999999,17.64282615388888,2.845084014560592,36.52036708634087,0.6744907594765952,1.2394066678361308,0.2472618418475773,방향 불일치,방향 불일치
train,operating_adjusted_residual_z,MRO-10046,Bearing,vibration_h_mms,health,2.0,10,2388,58,0.10086825367408507,0.195,9.413174632591494,-3.625820935472391,26.77705198233673,0.6744907594765952,1.1178520086984653,0.258938326694956,약한 후보,방향 일치
train,operating_adjusted_residual_z,MRO-10046,Bearing,vibration_h_mms,health,3.0,10,2388,58,0.052621830626908984,0.1325,7.987816937309103,-3.498821672434608,25.306132436733474,0.6744907594765952,1.1178520086984653,0.258938326694956,방향 불일치,방향 불일치
train,operating_adjusted_residual_z,MRO-10046,Bearing,vibration_v_mms,health,2.0,10,2388,58,0.10190982587184416,0.3491666666666666,24.725684079482246,5.255400956280678,47.782433186405925,0.6744907594765952,1.2831726565149022,0.3565719744139214,방향 불일치,방향 불일치
train,operating_adjusted_residual_z,MRO-10046,Bearing,vibration_v_mms,health,3.0,10,2388,58,0.04969257760736573,0.12416666666666668,7.447408905930095,-3.258216542759474,23.36403340035554,0.6744907594765952,1.2831726565149022,0.3565719744139214,방향 불일치,방향 불일치
train,operating_adjusted_residual_z,MRO-10046,Bearing,oil_pressure_bar,health,2.0,10,2388,58,0.06467944124164751,0.335,27.032055875835248,9.15383611340825,46.964682075196734,0.6744907594765952,1.4522455064144608,0.34235235067264974,방향 불일치,방향 불일치
train,operating_adjusted_residual_z,MRO-10046,Bearing,oil_pressure_bar,health,3.0,10,2388,58,0.00895864610380288,0.1075,9.854135389619712,-0.6258099281038112,23.431802341112597,0.6744907594765952,1.4522455064144608,0.34235235067264974,약한 후보,방향 일치
train,operating_adjusted_residual_z,MRO-10047,Bearing,temp_bearing_degC,health,2.0,10,2388,53,0.07868263562592484,0.39416666666666667,31.548403104074186,9.585894696116181,56.398622966661016,0.6744907594765952,1.5673437648392796,0.32843038943100067,방향 불일치,방향 불일치
train,operating_adjusted_residual_z,MRO-10047,Bearing,temp_bearing_degC,health,3.0,10,2388,53,0.026274489110682708,0.10928571428571428,8.301122517503156,-1.5045699962558747,22.6444398722591,0.6744907594765952,1.5673437648392796,0.32843038943100067,방향 불일치,방향 불일치
train,operating_adjusted_residual_z,MRO-10047,Bearing,temp_motor_degC,health,2.0,10,2388,53,0.07341883302597849,0.29035714285714287,21.693830983116438,2.9259848968346454,44.95924739608714,0.6744907594765952,1.355878345715422,0.3204018577426084,강한 후보,방향 일치
train,operating_adjusted_residual_z,MRO-10047,Bearing,temp_motor_degC,health,3.0,10,2388,53,0.02607173846111118,0.09178571428571428,6.571397582460309,-2.497919769143503,20.000202966845816,0.6744907594765952,1.355878345715422,0.3204018577426084,방향 불일치,방향 불일치
train,operating_adjusted_residual_z,MRO-10047,Bearing,vibration_h_mms,health,2.0,10,2388,53,0.10086825367408507,0.25785714285714284,15.698888918305776,-1.5925489742226018,37.89474576513583,0.6744907594765952,1.2379227700739437,0.32069830502345087,약한 후보,방향 일치
train,operating_adjusted_residual_z,MRO-10047,Bearing,vibration_h_mms,health,3.0,10,2388,53,0.052621830626908984,0.046785714285714285,-0.5836116341194699,-6.253210396592956,8.611501233558585,0.6744907594765952,1.2379227700739437,0.32069830502345087,방향 불일치,방향 불일치
train,operating_adjusted_residual_z,MRO-10047,Bearing,vibration_v_mms,health,2.0,10,2388,53,0.10190982587184416,0.3370238095238095,23.511398365196534,3.3207326883014523,46.23610571633837,0.6744907594765952,1.1631879999812411,0.3267592650769236,방향 불일치,방향 불일치
train,operating_adjusted_residual_z,MRO-10047,Bearing,vibration_v_mms,health,3.0,10,2388,53,0.04969257760736573,0.05357142857142857,0.387885096406284,-6.1757467857201895,13.423859053045831,0.6744907594765952,1.1631879999812411,0.3267592650769236,방향 불일치,방향 불일치
train,operating_adjusted_residual_z,MRO-10047,Bearing,oil_pressure_bar,health,2.0,10,2388,53,0.06467944124164751,0.3142857142857143,24.960627304406678,4.4831927350452245,45.99181198077863,0.6744907594765952,1.5059760056041018,0.3398484609168414,방향 불일치,방향 불일치
train,operating_adjusted_residual_z,MRO-10047,Bearing,oil_pressure_bar,health,3.0,10,2388,53,0.00895864610380288,0.09821428571428571,8.925563961048283,-0.9542459873086974,25.168024462239877,0.6744907594765952,1.5059760056041018,0.3398484609168414,약한 후보,방향 일치
train,operating_adjusted_residual_z,MRO-20031,Seal & Gasket,temp_bearing_degC,health,2.0,10,2388,51,0.07868263562592484,0.318030303030303,23.934766740437816,3.4615631254189463,46.63756809275753,0.6744907594765952,1.313509700888139,0.33016532419332406,방향 불일치,방향 불일치
train,operating_adjusted_residual_z,MRO-20031,Seal & Gasket,temp_bearing_degC,health,3.0,10,2388,51,0.026274489110682708,0.09694805194805194,7.067356283736922,-2.2051032918916027,23.55770208927381,0.6744907594765952,1.313509700888139,0.33016532419332406,방향 불일치,방향 불일치
train,operating_adjusted_residual_z,MRO-20031,Seal & Gasket,temp_motor_degC,health,2.0,10,2388,51,0.07341883302597849,0.25961038961038957,18.61915565844111,1.3703628181671144,39.8199865434279,0.6744907594765952,1.4345360775518297,0.30760546645511194,방향 불일치,방향 불일치
train,operating_adjusted_residual_z,MRO-20031,Seal & Gasket,temp_motor_degC,health,3.0,10,2388,51,0.02607173846111118,0.09619047619047619,7.0118737729365,-3.0400625517049367,22.740086963002028,0.6744907594765952,1.4345360775518297,0.30760546645511194,약한 후보,방향 일치
train,operating_adjusted_residual_z,MRO-20031,Seal & Gasket,vibration_h_mms,health,2.0,10,2388,51,0.10086825367408507,0.2775108225108225,17.66425688367374,-3.763403138471231,41.61131689764682,0.6744907594765952,1.4006893757177425,0.3487195895021448,방향 불일치,방향 불일치
train,operating_adjusted_residual_z,MRO-20031,Seal & Gasket,vibration_h_mms,health,3.0,10,2388,51,0.052621830626908984,0.1484199134199134,9.579808279300442,-3.474497679410809,26.144900717133265,0.6744907594765952,1.4006893757177425,0.3487195895021448,방향 불일치,방향 불일치
train,operating_adjusted_residual_z,MRO-20031,Seal & Gasket,vibration_v_mms,health,2.0,10,2388,51,0.10190982587184416,0.3358874458874459,23.397762001560174,1.8390337203228404,47.64260405087321,0.6744907594765952,1.3401018536526208,0.3983329795466285,방향 불일치,방향 불일치
train,operating_adjusted_residual_z,MRO-20031,Seal & Gasket,vibration_v_mms,health,3.0,10,2388,51,0.04969257760736573,0.13080086580086578,8.110828819350004,-2.6964190498252467,23.360058571183252,0.6744907594765952,1.3401018536526208,0.3983329795466285,방향 불일치,방향 불일치
train,operating_adjusted_residual_z,MRO-20031,Seal & Gasket,oil_pressure_bar,health,2.0,10,2388,51,0.06467944124164751,0.3326406926406926,26.796125139904515,5.376747395707334,47.13045370472281,0.6744907594765952,1.7215998587902814,0.5781878566614702,강한 후보,방향 일치
train,operating_adjusted_residual_z,MRO-20031,Seal & Gasket,oil_pressure_bar,health,3.0,10,2388,51,0.00895864610380288,0.15898268398268398,15.002403787888111,1.2057904389143892,34.572405683155964,0.6744907594765952,1.7215998587902814,0.5781878566614702,방향 불일치,방향 불일치
train,operating_adjusted_residual_z,MRO-20032,Seal & Gasket,temp_bearing_degC,health,2.0,9,2164,31,0.07899261101293235,0.2191358024691358,14.014319145620346,-5.94441533857022,39.79541656989504,0.6744907594765952,1.3653977609076484,0.1819880364893148,약한 후보,방향 일치
train,operating_adjusted_residual_z,MRO-20032,Seal & Gasket,temp_bearing_degC,health,3.0,9,2164,31,0.02720974980552047,0.17901234567901236,15.180259587349191,-2.088702544919974,40.4893851985123,0.6744907594765952,1.3653977609076484,0.1819880364893148,약한 후보,방향 일치
train,operating_adjusted_residual_z,MRO-20032,Seal & Gasket,temp_motor_degC,health,2.0,9,2164,31,0.0741360049494999,0.23765432098765432,16.35183160381544,-3.381157584869222,43.91470869713469,0.6744907594765952,1.1304928188734182,0.32343287632384377,방향 불일치,방향 불일치
train,operating_adjusted_residual_z,MRO-20032,Seal & Gasket,temp_motor_degC,health,3.0,9,2164,31,0.02599240781393306,0.06790123456790124,4.190882675396819,-3.2890465839810803,18.978149535906358,0.6744907594765952,1.1304928188734182,0.32343287632384377,방향 불일치,방향 불일치
train,operating_adjusted_residual_z,MRO-20032,Seal & Gasket,vibration_h_mms,health,2.0,9,2164,31,0.09917901201882467,0.15123456790123457,5.20555558824099,-9.596847838838322,30.193143727987074,0.6744907594765952,1.0970794250647922,0.20866259940981122,방향 불일치,방향 불일치
train,operating_adjusted_residual_z,MRO-20032,Seal & Gasket,vibration_h_mms,health,3.0,9,2164,31,0.05301235149021634,0.040123456790123455,-1.2888894700092886,-6.356561426595305,11.13772349284611,0.6744907594765952,1.0970794250647922,0.20866259940981122,관계 미약,방향 일치
train,operating_adjusted_residual_z,MRO-20032,Seal & Gasket,vibration_v_mms,health,2.0,9,2164,31,0.09934425096871573,0.08024691358024691,-1.9097337388468818,-10.259688164774918,13.038663487086048,0.6744907594765952,0.7803547327626602,0.013291474390513655,방향 불일치,방향 불일치
train,operating_adjusted_residual_z,MRO-20032,Seal & Gasket,vibration_v_mms,health,3.0,9,2164,31,0.049757625912946045,0.040123456790123455,-0.963416912282259,-5.979417985581747,11.890001807985298,0.6744907594765952,0.7803547327626602,0.013291474390513655,관계 미약,방향 일치
train,operating_adjusted_residual_z,MRO-20032,Seal & Gasket,oil_pressure_bar,health,2.0,9,2164,31,0.061945410903417875,0.5462962962962963,48.43508853928784,18.00503197493531,75.02017049168421,0.6744907594765952,1.8870526605185403,0.5810559789545743,방향 불일치,방향 불일치
train,operating_adjusted_residual_z,MRO-20032,Seal & Gasket,oil_pressure_bar,health,3.0,9,2164,31,0.009458019480415896,0.2191358024691358,20.96777829887199,-0.20993011488532198,50.919275726899826,0.6744907594765952,1.8870526605185403,0.5810559789545743,방향 불일치,방향 불일치
train,operating_adjusted_residual_z,MRO-20033,Seal & Gasket,temp_bearing_degC,health,2.0,10,2388,50,0.07868263562592484,0.3464285714285714,26.77459358026466,5.17446781553016,47.55231801768951,0.6744907594765952,1.4546129939280288,0.40814539669673194,방향 불일치,방향 불일치
train,operating_adjusted_residual_z,MRO-20033,Seal & Gasket,temp_bearing_degC,health,3.0,10,2388,50,0.026274489110682708,0.18357142857142855,15.729693946074585,2.094573207511174,33.366277846186335,0.6744907594765952,1.4546129939280288,0.40814539669673194,방향 불일치,방향 불일치
train,operating_adjusted_residual_z,MRO-20033,Seal & Gasket,temp_motor_degC,health,2.0,10,2388,50,0.07341883302597849,0.27714285714285714,20.372402411687865,1.9598754294075147,44.02410427501763,0.6744907594765952,1.3467185549807934,0.34835020477705697,방향 불일치,방향 불일치
train,operating_adjusted_residual_z,MRO-20033,Seal & Gasket,temp_motor_degC,health,3.0,10,2388,50,0.02607173846111118,0.10785714285714285,8.178540439603166,-2.09583381041063,24.61150200311384,0.6744907594765952,1.3467185549807934,0.34835020477705697,방향 불일치,방향 불일치
train,operating_adjusted_residual_z,MRO-20033,Seal & Gasket,vibration_h_mms,health,2.0,10,2388,50,0.10086825367408507,0.3071428571428571,20.627460346877204,1.0733934559803924,45.83533978588391,0.6744907594765952,1.5244150409855872,0.29618400549581475,방향 불일치,방향 불일치
train,operating_adjusted_residual_z,MRO-20033,Seal & Gasket,vibration_h_mms,health,3.0,10,2388,50,0.052621830626908984,0.14785714285714285,9.523531223023388,-4.819515118750808,28.280749195995284,0.6744907594765952,1.5244150409855872,0.29618400549581475,방향 불일치,방향 불일치
train,operating_adjusted_residual_z,MRO-20033,Seal & Gasket,vibration_v_mms,health,2.0,10,2388,50,0.10190982587184416,0.21857142857142858,11.666160269958443,-4.476061336233963,34.411321133063154,0.6744907594765952,1.3148877360727629,0.3230520589868653,방향 불일치,방향 불일치
train,operating_adjusted_residual_z,MRO-20033,Seal & Gasket,vibration_v_mms,health,3.0,10,2388,50,0.04969257760736573,0.05,0.030742239263427396,-6.081472722330766,15.40952327957965,0.6744907594765952,1.3148877360727629,0.3230520589868653,방향 불일치,방향 불일치
train,operating_adjusted_residual_z,MRO-20033,Seal & Gasket,oil_pressure_bar,health,2.0,10,2388,50,0.06467944124164751,0.19857142857142857,13.389198732978105,-0.30891322159807794,33.87867680906011,0.6744907594765952,1.2065040826904359,0.3296331161828152,약한 후보,방향 일치
train,operating_adjusted_residual_z,MRO-20033,Seal & Gasket,oil_pressure_bar,health,3.0,10,2388,50,0.00895864610380288,0.09928571428571428,9.03270681819114,-0.9323998544848209,24.785762278035506,0.6744907594765952,1.2065040826904359,0.3296331161828152,방향 불일치,방향 불일치
train,operating_adjusted_residual_z,MRO-30011,Drive Belt,temp_bearing_degC,health,2.0,10,2388,39,0.07868263562592484,0.2523809523809524,17.369831675502752,-2.428867095804258,42.87446649561477,0.6744907594765952,1.2271243425558267,0.27063193924585466,방향 불일치,방향 불일치
train,operating_adjusted_residual_z,MRO-30011,Drive Belt,temp_bearing_degC,health,3.0,10,2388,39,0.026274489110682708,0.09714285714285714,7.086836803217443,-2.46008972490991,23.43263378558731,0.6744907594765952,1.2271243425558267,0.27063193924585466,방향 불일치,방향 불일치
train,operating_adjusted_residual_z,MRO-30011,Drive Belt,temp_motor_degC,health,2.0,10,2388,39,0.07341883302597849,0.28119047619047627,20.777164316449777,2.347576960693417,43.74324895915342,0.6744907594765952,1.317226904882704,0.39164646617390575,방향 불일치,방향 불일치
train,operating_adjusted_residual_z,MRO-30011,Drive Belt,temp_motor_degC,health,3.0,10,2388,39,0.02607173846111118,0.17595238095238094,14.988064249126975,-1.3655489462686337,39.06800190427263,0.6744907594765952,1.317226904882704,0.39164646617390575,방향 불일치,방향 불일치
train,operating_adjusted_residual_z,MRO-30011,Drive Belt,vibration_h_mms,health,2.0,10,2388,39,0.10086825367408507,0.15357142857142855,5.2703174897343485,-7.52554377947987,23.143302949865333,0.6744907594765952,1.0332936295418924,0.25841917199262576,방향 불일치,방향 불일치
train,operating_adjusted_residual_z,MRO-30011,Drive Belt,vibration_h_mms,health,3.0,10,2388,39,0.052621830626908984,0.03428571428571429,-1.8336116341194697,-6.4352167094951795,7.269252131347488,0.6744907594765952,1.0332936295418924,0.25841917199262576,방향 불일치,방향 불일치
train,operating_adjusted_residual_z,MRO-30011,Drive Belt,vibration_v_mms,health,2.0,10,2388,39,0.10190982587184416,0.15285714285714286,5.09473169852987,-8.982523687084624,25.823903485629863,0.6744907594765952,1.2285135082040253,0.26413983342587566,방향 불일치,방향 불일치
train,operating_adjusted_residual_z,MRO-30011,Drive Belt,vibration_v_mms,health,3.0,10,2388,39,0.04969257760736573,0.03428571428571429,-1.540686332165144,-6.218240839742467,9.173982876623587,0.6744907594765952,1.2285135082040253,0.26413983342587566,방향 불일치,방향 불일치
train,operating_adjusted_residual_z,MRO-30011,Drive Belt,oil_pressure_bar,health,2.0,10,2388,39,0.06467944124164751,0.26595238095238094,20.127293971073343,0.6634283449988955,44.47060303234988,0.6744907594765952,1.33731759040045,0.3530899415958392,방향 불일치,방향 불일치
train,operating_adjusted_residual_z,MRO-30011,Drive Belt,oil_pressure_bar,health,3.0,10,2388,39,0.00895864610380288,0.03666666666666667,2.770802056286379,-1.5331891512742577,12.964191934418695,0.6744907594765952,1.33731759040045,0.3530899415958392,방향 불일치,방향 불일치
train,operating_adjusted_residual_z,MRO-30012,Drive Belt,temp_bearing_degC,health,2.0,10,2388,30,0.07868263562592484,0.225,14.631736437407517,-4.592973905852148,38.28595988869095,0.6744907594765952,1.2044207563095433,0.2787267533566372,방향 불일치,방향 불일치
train,operating_adjusted_residual_z,MRO-30012,Drive Belt,temp_bearing_degC,health,3.0,10,2388,30,0.026274489110682708,0.11666666666666667,9.039217755598395,-2.817452096349601,28.512605730298894,0.6744907594765952,1.2044207563095433,0.2787267533566372,방향 불일치,방향 불일치
train,operating_adjusted_residual_z,MRO-30012,Drive Belt,temp_motor_degC,health,2.0,10,2388,30,0.07341883302597849,0.25,17.65811669740215,-1.083065380952319,40.96265256566489,0.6744907594765952,1.452617300894705,0.43187940922872625,방향 불일치,방향 불일치
train,operating_adjusted_residual_z,MRO-30012,Drive Belt,temp_motor_degC,health,3.0,10,2388,30,0.02607173846111118,0.05,2.392826153888882,-3.268258067405258,15.355406536458121,0.6744907594765952,1.452617300894705,0.43187940922872625,방향 불일치,방향 불일치
train,operating_adjusted_residual_z,MRO-30012,Drive Belt,vibration_h_mms,health,2.0,10,2388,30,0.10086825367408507,0.24166666666666664,14.079841299258156,-7.279087313267124,38.49680920788494,0.6744907594765952,1.6239173425526854,0.26339132182118535,방향 불일치,방향 불일치
train,operating_adjusted_residual_z,MRO-30012,Drive Belt,vibration_h_mms,health,3.0,10,2388,30,0.052621830626908984,0.13333333333333333,8.071150270642436,-6.213128820162778,32.69592853060992,0.6744907594765952,1.6239173425526854,0.26339132182118535,방향 불일치,방향 불일치
train,operating_adjusted_residual_z,MRO-30012,Drive Belt,vibration_v_mms,health,2.0,10,2388,30,0.10190982587184416,0.3333333333333333,23.142350746148914,0.1037491024676204,51.07683985613095,0.6744907594765952,1.7610552322089386,0.3943527941823569,방향 불일치,방향 불일치
train,operating_adjusted_residual_z,MRO-30012,Drive Belt,vibration_v_mms,health,3.0,10,2388,30,0.04969257760736573,0.18333333333333332,13.364075572596759,-4.969566868582534,37.40085918550364,0.6744907594765952,1.7610552322089386,0.3943527941823569,방향 불일치,방향 불일치
train,operating_adjusted_residual_z,MRO-30012,Drive Belt,oil_pressure_bar,health,2.0,10,2388,30,0.06467944124164751,0.18333333333333332,11.865389209168582,-4.320612941564399,32.63613940436038,0.6744907594765952,0.9702905098758088,0.13803142774741564,방향 불일치,방향 불일치
train,operating_adjusted_residual_z,MRO-30012,Drive Belt,oil_pressure_bar,health,3.0,10,2388,30,0.00895864610380288,0.041666666666666664,3.270802056286379,-1.536979929365148,14.391249797468298,0.6744907594765952,0.9702905098758088,0.13803142774741564,방향 불일치,방향 불일치
train,operating_adjusted_residual_z,MRO-40021,Filter,temp_bearing_degC,health,2.0,10,2388,35,0.07868263562592484,0.4083333333333334,32.965069770740854,10.062200903955588,56.17318247612872,0.6744907594765952,2.092780447595085,0.5171996111108945,방향 불일치,방향 불일치
train,operating_adjusted_residual_z,MRO-40021,Filter,temp_bearing_degC,health,3.0,10,2388,35,0.026274489110682708,0.23166666666666663,20.539217755598393,1.0581141900913897,44.79021807486265,0.6744907594765952,2.092780447595085,0.5171996111108945,방향 불일치,방향 불일치
train,operating_adjusted_residual_z,MRO-40021,Filter,temp_motor_degC,health,2.0,10,2388,35,0.07341883302597849,0.32166666666666666,24.824783364068818,1.2588560025912265,50.41371792942046,0.6744907594765952,1.2742771205507037,0.2649116085794266,방향 불일치,방향 불일치
train,operating_adjusted_residual_z,MRO-40021,Filter,temp_motor_degC,health,3.0,10,2388,35,0.02607173846111118,0.06000000000000001,3.392826153888883,-3.3923039628989056,16.06547287786059,0.6744907594765952,1.2742771205507037,0.2649116085794266,방향 불일치,방향 불일치
train,operating_adjusted_residual_z,MRO-40021,Filter,vibration_h_mms,health,2.0,10,2388,35,0.10086825367408507,0.24333333333333335,14.246507965924826,-6.363187487938352,37.669354827492725,0.6744907594765952,3.7066705619161717,0.3606897090662293,방향 불일치,방향 불일치
train,operating_adjusted_residual_z,MRO-40021,Filter,vibration_h_mms,health,3.0,10,2388,35,0.052621830626908984,0.16999999999999998,11.7378169373091,-5.777862666942301,34.71180051419116,0.6744907594765952,3.7066705619161717,0.3606897090662293,방향 불일치,방향 불일치
train,operating_adjusted_residual_z,MRO-40021,Filter,vibration_v_mms,health,2.0,10,2388,35,0.10190982587184416,0.33666666666666667,23.47568407948225,-1.0161906783528025,51.31121374253604,0.6744907594765952,3.398294661417514,0.35901048169900174,방향 불일치,방향 불일치
train,operating_adjusted_residual_z,MRO-40021,Filter,vibration_v_mms,health,3.0,10,2388,35,0.04969257760736573,0.26166666666666666,21.197408905930093,-0.4872322887557586,48.79594355313508,0.6744907594765952,3.398294661417514,0.35901048169900174,방향 불일치,방향 불일치
train,operating_adjusted_residual_z,MRO-40021,Filter,oil_pressure_bar,health,2.0,10,2388,35,0.06467944124164751,0.26666666666666666,20.198722542501915,-1.083418314103414,44.020544322842156,0.6744907594765952,1.662151908910627,0.48860424451964934,약한 후보,방향 일치
train,operating_adjusted_residual_z,MRO-40021,Filter,oil_pressure_bar,health,3.0,10,2388,35,0.00895864610380288,0.15166666666666667,14.27080205628638,-0.5325044339059595,36.117222205985506,0.6744907594765952,1.662151908910627,0.48860424451964934,약한 후보,방향 일치
train,operating_adjusted_residual_z,MRO-40022,Filter,temp_bearing_degC,health,2.0,10,2388,60,0.07868263562592484,0.34384920634920635,26.516657072328154,6.50451035594535,49.46450201148627,0.6744907594765952,1.6997470774231764,0.48555365520670185,방향 불일치,방향 불일치
train,operating_adjusted_residual_z,MRO-40022,Filter,temp_bearing_degC,health,3.0,10,2388,60,0.026274489110682708,0.23134920634920636,20.507471723852365,2.8293489324505683,42.38216209911825,0.6744907594765952,1.6997470774231764,0.48555365520670185,방향 불일치,방향 불일치
train,operating_adjusted_residual_z,MRO-40022,Filter,temp_motor_degC,health,2.0,10,2388,60,0.07341883302597849,0.4168650793650793,34.34462463391008,11.853617740698375,57.154317742292875,0.6744907594765952,1.79769965800729,0.4272735915821622,방향 불일치,방향 불일치
train,operating_adjusted_residual_z,MRO-40022,Filter,temp_motor_degC,health,3.0,10,2388,60,0.02607173846111118,0.30912698412698414,28.305524566587298,8.60340058877293,52.654632772322735,0.6744907594765952,1.79769965800729,0.4272735915821622,방향 불일치,방향 불일치
train,operating_adjusted_residual_z,MRO-40022,Filter,vibration_h_mms,health,2.0,10,2388,60,0.10086825367408507,0.24801587301587302,14.714761934178794,-3.9440808736383253,39.347887524253274,0.6744907594765952,1.1456004091490453,0.26945507933484847,방향 불일치,방향 불일치
train,operating_adjusted_residual_z,MRO-40022,Filter,vibration_h_mms,health,3.0,10,2388,60,0.052621830626908984,0.09246031746031745,3.9838486833408466,-4.487968670273519,17.341742393686715,0.6744907594765952,1.1456004091490453,0.26945507933484847,방향 불일치,방향 불일치
train,operating_adjusted_residual_z,MRO-40022,Filter,vibration_v_mms,health,2.0,10,2388,60,0.10190982587184416,0.22857142857142856,12.666160269958441,-4.1664973678020525,33.72256215393571,0.6744907594765952,1.2450691644035332,0.25529187714449664,방향 불일치,방향 불일치
train,operating_adjusted_residual_z,MRO-40022,Filter,vibration_v_mms,health,3.0,10,2388,60,0.04969257760736573,0.15496031746031744,10.52677398529517,-2.4445683010397987,29.876781059579,0.6744907594765952,1.2450691644035332,0.25529187714449664,방향 불일치,방향 불일치
train,operating_adjusted_residual_z,MRO-40022,Filter,oil_pressure_bar,health,2.0,10,2388,60,0.06467944124164751,0.28869047619047616,22.401103494882864,3.5226638259110317,46.61224732935283,0.6744907594765952,1.238804055510424,0.1829971327822437,방향 불일치,방향 불일치
train,operating_adjusted_residual_z,MRO-40022,Filter,oil_pressure_bar,health,3.0,10,2388,60,0.00895864610380288,0.18095238095238095,17.19937348485781,1.559119047362678,38.788796125953176,0.6744907594765952,1.238804055510424,0.1829971327822437,강한 후보,방향 일치
train,operating_adjusted_residual_z,MRO-50008,Electrical,temp_bearing_degC,health,2.0,10,2388,42,0.07868263562592484,0.3273809523809524,24.869831675502756,3.3853150052380347,49.765978249618364,0.6744907594765952,1.5104002746133092,0.4339383377759278,방향 불일치,방향 불일치
train,operating_adjusted_residual_z,MRO-50008,Electrical,temp_bearing_degC,health,3.0,10,2388,42,0.026274489110682708,0.20714285714285713,18.086836803217444,2.326146174231498,39.441409053893615,0.6744907594765952,1.5104002746133092,0.4339383377759278,방향 불일치,방향 불일치
train,operating_adjusted_residual_z,MRO-50008,Electrical,temp_motor_degC,health,2.0,10,2388,42,0.07341883302597849,0.3435714285714285,27.015259554545,3.9262472185390616,52.71223983456147,0.6744907594765952,1.555975237031163,0.471989293949199,강한 후보,방향 일치
train,operating_adjusted_residual_z,MRO-50008,Electrical,temp_motor_degC,health,3.0,10,2388,42,0.02607173846111118,0.225,19.892826153888883,-0.21345312452746334,45.315544112210375,0.6744907594765952,1.555975237031163,0.471989293949199,방향 불일치,방향 불일치
train,operating_adjusted_residual_z,MRO-50008,Electrical,vibration_h_mms,health,2.0,10,2388,42,0.10086825367408507,0.25595238095238093,15.508412727829585,-4.626742994739792,40.18132107091219,0.6744907594765952,1.5609716346920908,0.27429754376263316,방향 불일치,방향 불일치
train,operating_adjusted_residual_z,MRO-50008,Electrical,vibration_h_mms,health,3.0,10,2388,42,0.052621830626908984,0.125,7.237816937309102,-6.103341948971149,29.087430107480532,0.6744907594765952,1.5609716346920908,0.27429754376263316,방향 불일치,방향 불일치
train,operating_adjusted_residual_z,MRO-50008,Electrical,vibration_v_mms,health,2.0,10,2388,42,0.10190982587184416,0.32714285714285707,22.52330312710129,0.3674679962259734,47.442893633291,0.6744907594765952,1.5059349705375298,0.1956759180003576,방향 불일치,방향 불일치
train,operating_adjusted_residual_z,MRO-50008,Electrical,vibration_v_mms,health,3.0,10,2388,42,0.04969257760736573,0.11428571428571428,6.459313667834856,-5.451177283602786,28.498709695289886,0.6744907594765952,1.5059349705375298,0.1956759180003576,방향 불일치,방향 불일치
train,operating_adjusted_residual_z,MRO-50008,Electrical,oil_pressure_bar,health,2.0,10,2388,42,0.06467944124164751,0.4864285714285714,42.174913018692386,19.12966722958765,68.76940755088303,0.6744907594765952,1.7134334712148795,0.578363837632107,방향 불일치,방향 불일치
train,operating_adjusted_residual_z,MRO-50008,Electrical,oil_pressure_bar,health,3.0,10,2388,42,0.00895864610380288,0.13190476190476189,12.2946115800959,-0.3145329439597356,29.490533181357648,0.6744907594765952,1.7134334712148795,0.578363837632107,약한 후보,방향 일치
train,operating_adjusted_residual_z,MRO-50009,Electrical,temp_bearing_degC,health,2.0,10,2388,50,0.07868263562592484,0.3192857142857143,24.060307865978945,3.720091339756971,46.86999026174125,0.6744907594765952,1.3444958084098588,0.41045081429578534,방향 불일치,방향 불일치
train,operating_adjusted_residual_z,MRO-50009,Electrical,temp_bearing_degC,health,3.0,10,2388,50,0.026274489110682708,0.09261904761904763,6.634455850836492,-2.470447943997037,19.898685713162543,0.6744907594765952,1.3444958084098588,0.41045081429578534,방향 불일치,방향 불일치
train,operating_adjusted_residual_z,MRO-50009,Electrical,temp_motor_degC,health,2.0,10,2388,50,0.07341883302597849,0.3476190476190476,27.42002145930691,5.036985740251435,51.29045454506658,0.6744907594765952,1.3377849334293903,0.3204145278965231,방향 불일치,방향 불일치
train,operating_adjusted_residual_z,MRO-50009,Electrical,temp_motor_degC,health,3.0,10,2388,50,0.02607173846111118,0.06999999999999999,4.3928261538888815,-3.2337188811225306,19.4900318249668,0.6744907594765952,1.3377849334293903,0.3204145278965231,방향 불일치,방향 불일치
train,operating_adjusted_residual_z,MRO-50009,Electrical,vibration_h_mms,health,2.0,10,2388,50,0.10086825367408507,0.14511904761904765,4.425079394496258,-6.904431954798424,21.31255009177426,0.6744907594765952,1.0235280118659162,0.1654976231843977,관계 미약,방향 일치
train,operating_adjusted_residual_z,MRO-50009,Electrical,vibration_h_mms,health,3.0,10,2388,50,0.052621830626908984,0.0125,-4.012183062690898,-6.5604666543932195,-0.18159529411846456,0.6744907594765952,1.0235280118659162,0.1654976231843977,방향 불일치,방향 불일치
train,operating_adjusted_residual_z,MRO-50009,Electrical,vibration_v_mms,health,2.0,10,2388,50,0.10190982587184416,0.20428571428571426,10.23758884138701,-5.215376499398876,30.516409198037838,0.6744907594765952,1.0120682210100524,0.14457428733332983,방향 불일치,방향 불일치
train,operating_adjusted_residual_z,MRO-50009,Electrical,vibration_v_mms,health,3.0,10,2388,50,0.04969257760736573,0.095,4.530742239263427,-4.55841097430524,18.119135287356873,0.6744907594765952,1.0120682210100524,0.14457428733332983,방향 불일치,방향 불일치
train,operating_adjusted_residual_z,MRO-50009,Electrical,oil_pressure_bar,health,2.0,10,2388,50,0.06467944124164751,0.2204761904761905,15.579674923454299,-0.6211682861079789,35.729682535815286,0.6744907594765952,1.400005739952022,0.3644060020931055,방향 불일치,방향 불일치
train,operating_adjusted_residual_z,MRO-50009,Electrical,oil_pressure_bar,health,3.0,10,2388,50,0.00895864610380288,0.06523809523809523,5.627944913429235,-0.9928210588869884,19.004326307790752,0.6744907594765952,1.400005739952022,0.3644060020931055,방향 불일치,방향 불일치
train,operating_adjusted_residual_z,MRO-60015,Coupling,temp_bearing_degC,health,2.0,9,2160,35,0.0791405503056085,0.3470017636684304,26.786121336282186,3.3863936373909773,52.075106147322906,0.6744907594765952,1.721604286462192,0.5671313355356264,강한 후보,방향 일치
train,operating_adjusted_residual_z,MRO-60015,Coupling,temp_bearing_degC,health,3.0,9,2160,35,0.024320582442668895,0.2045855379188712,18.02649554762023,-0.1788571173557929,41.35580337269802,0.6744907594765952,1.721604286462192,0.5671313355356264,방향 불일치,방향 불일치
train,operating_adjusted_residual_z,MRO-60015,Coupling,temp_motor_degC,health,2.0,9,2160,35,0.06890591583783184,0.3152557319223986,24.634981608456673,-0.01470742043078709,54.481721165822485,0.6744907594765952,1.5768040198395163,0.44528877864052685,방향 불일치,방향 불일치
train,operating_adjusted_residual_z,MRO-60015,Coupling,temp_motor_degC,health,3.0,9,2160,35,0.02506996281254069,0.05555555555555555,3.0485592743014864,-3.5614309475498915,20.582512144597608,0.6744907594765952,1.5768040198395163,0.44528877864052685,방향 불일치,방향 불일치
train,operating_adjusted_residual_z,MRO-60015,Coupling,vibration_h_mms,health,2.0,9,2160,35,0.1018419192869951,0.3161375661375661,21.4295646850571,-5.3103634963422905,52.75484364718447,0.6744907594765952,1.4121835657389628,0.2764895845674239,방향 불일치,방향 불일치
train,operating_adjusted_residual_z,MRO-60015,Coupling,vibration_h_mms,health,3.0,9,2160,35,0.053595406349586976,0.07142857142857142,1.783316507898445,-6.772332533684978,20.400482607427897,0.6744907594765952,1.4121835657389628,0.2764895845674239,방향 불일치,방향 불일치
train,operating_adjusted_residual_z,MRO-60015,Coupling,vibration_v_mms,health,2.0,9,2160,35,0.10397388059834535,0.3284832451499118,22.450936455156643,-3.6815752882847805,50.596231143547634,0.6744907594765952,1.6466028582987833,0.3885785761633914,방향 불일치,방향 불일치
train,operating_adjusted_residual_z,MRO-60015,Coupling,vibration_v_mms,health,3.0,9,2160,35,0.050340680772316695,0.14285714285714285,9.251646208482615,-5.873449848368137,32.40964868759473,0.6744907594765952,1.6466028582987833,0.3885785761633914,방향 불일치,방향 불일치
train,operating_adjusted_residual_z,MRO-60015,Coupling,oil_pressure_bar,health,2.0,9,2160,35,0.06260678656479353,0.39109347442680775,32.84866878620142,5.878949924152108,62.4881095852374,0.6744907594765952,1.453093055988219,0.3625216340939755,방향 불일치,방향 불일치
train,operating_adjusted_residual_z,MRO-60015,Coupling,oil_pressure_bar,health,3.0,9,2160,35,0.00897939235705193,0.07231040564373897,6.333101328668704,-1.2590941859558884,21.199857405531162,0.6744907594765952,1.453093055988219,0.3625216340939755,방향 불일치,방향 불일치
train,operating_adjusted_residual_z,MRO-60016,Coupling,temp_bearing_degC,health,2.0,10,2388,47,0.07868263562592484,0.326031746031746,24.734911040582116,2.7516936945657355,49.303738454936116,0.6744907594765952,1.3902537026165684,0.3000559940117292,강한 후보,방향 일치
train,operating_adjusted_residual_z,MRO-60016,Coupling,temp_bearing_degC,health,3.0,10,2388,47,0.026274489110682708,0.13206349206349205,10.578900295280933,-2.084001754596676,31.39655089964036,0.6744907594765952,1.3902537026165684,0.3000559940117292,약한 후보,방향 일치
train,operating_adjusted_residual_z,MRO-60016,Coupling,temp_motor_degC,health,2.0,10,2388,47,0.07341883302597849,0.26873015873015876,19.531132570418027,-0.9302691278164098,42.89223930836006,0.6744907594765952,1.0376331489755515,0.19023060283002627,방향 불일치,방향 불일치
train,operating_adjusted_residual_z,MRO-60016,Coupling,temp_motor_degC,health,3.0,10,2388,47,0.02607173846111118,0.09873015873015874,7.265842026904757,-2.873991599992405,22.126998890865416,0.6744907594765952,1.0376331489755515,0.19023060283002627,방향 불일치,방향 불일치
train,operating_adjusted_residual_z,MRO-60016,Coupling,vibration_h_mms,health,2.0,10,2388,47,0.10086825367408507,0.3119047619047619,21.10365082306768,-1.7632474286814133,48.027095376148786,0.6744907594765952,2.2680619519813696,0.2996720287495894,방향 불일치,방향 불일치
train,operating_adjusted_residual_z,MRO-60016,Coupling,vibration_h_mms,health,3.0,10,2388,47,0.052621830626908984,0.15523809523809523,10.261626461118626,-4.94295675027325,34.16886355463997,0.6744907594765952,2.2680619519813696,0.2996720287495894,약한 후보,방향 일치
train,operating_adjusted_residual_z,MRO-60016,Coupling,vibration_v_mms,health,2.0,10,2388,47,0.10190982587184416,0.28674603174603175,18.48362058741876,0.04694313593544848,40.68239420604355,0.6744907594765952,1.8942109155804467,0.2698401570601831,방향 불일치,방향 불일치
train,operating_adjusted_residual_z,MRO-60016,Coupling,vibration_v_mms,health,3.0,10,2388,47,0.04969257760736573,0.12095238095238096,7.125980334501524,-5.09525950716591,26.81446955880888,0.6744907594765952,1.8942109155804467,0.2698401570601831,방향 불일치,방향 불일치
train,operating_adjusted_residual_z,MRO-60016,Coupling,oil_pressure_bar,health,2.0,10,2388,47,0.06467944124164751,0.3214285714285714,25.67491301869239,2.971947795202371,52.62774730922783,0.6744907594765952,1.6677117033960887,0.4512752718772074,방향 불일치,방향 불일치
train,operating_adjusted_residual_z,MRO-60016,Coupling,oil_pressure_bar,health,3.0,10,2388,47,0.00895864610380288,0.04285714285714286,3.3898496753339975,-1.6648527004909988,16.543992038196965,0.6744907594765952,1.6677117033960887,0.4512752718772074,관계 미약,방향 일치
train,operating_adjusted_residual_z,MRO-70004,Lubrication,temp_bearing_degC,health,2.0,10,2388,35,0.07868263562592484,0.3553571428571428,27.6674507231218,5.646588760531893,52.17914849192272,0.6744907594765952,1.7843972292716104,0.3916750431562604,강한 후보,방향 일치
train,operating_adjusted_residual_z,MRO-70004,Lubrication,temp_bearing_degC,health,3.0,10,2388,35,0.026274489110682708,0.17857142857142855,15.229693946074585,0.016093592523732377,37.833483334369845,0.6744907594765952,1.7843972292716104,0.3916750431562604,방향 불일치,방향 불일치
train,operating_adjusted_residual_z,MRO-70004,Lubrication,temp_motor_degC,health,2.0,10,2388,35,0.07341883302597849,0.31547619047619047,24.205735745021197,2.656061062197857,50.66331504718029,0.6744907594765952,1.3235662109448143,0.21385764165209337,방향 불일치,방향 불일치
train,operating_adjusted_residual_z,MRO-70004,Lubrication,temp_motor_degC,health,3.0,10,2388,35,0.02607173846111118,0.10595238095238095,7.988064249126977,-2.65777691640997,26.781489879016224,0.6744907594765952,1.3235662109448143,0.21385764165209337,방향 불일치,방향 불일치
train,operating_adjusted_residual_z,MRO-70004,Lubrication,vibration_h_mms,health,2.0,10,2388,35,0.10086825367408507,0.17857142857142855,7.770317489734348,-7.508689129300072,29.299255186400845,0.6744907594765952,1.026252260641749,0.1369567970873276,방향 불일치,방향 불일치
train,operating_adjusted_residual_z,MRO-70004,Lubrication,vibration_h_mms,health,3.0,10,2388,35,0.052621830626908984,0.13095238095238093,7.833055032547195,-4.56385218863989,25.03800812483164,0.6744907594765952,1.026252260641749,0.1369567970873276,방향 불일치,방향 불일치
train,operating_adjusted_residual_z,MRO-70004,Lubrication,vibration_v_mms,health,2.0,10,2388,35,0.10190982587184416,0.22857142857142856,12.666160269958441,-6.455446819678695,36.09239101341664,0.6744907594765952,1.1330313422670304,0.2274230263426082,방향 불일치,방향 불일치
train,operating_adjusted_residual_z,MRO-70004,Lubrication,vibration_v_mms,health,3.0,10,2388,35,0.04969257760736573,0.14523809523809522,9.554551763072949,-3.1187553045733365,30.820647852818446,0.6744907594765952,1.1330313422670304,0.2274230263426082,방향 불일치,방향 불일치
train,operating_adjusted_residual_z,MRO-70004,Lubrication,oil_pressure_bar,health,2.0,10,2388,35,0.06467944124164751,0.2869047619047619,22.222532066311437,0.5012136802861757,47.163659121616035,0.6744907594765952,1.2496265968796654,0.29070355499215267,방향 불일치,방향 불일치
train,operating_adjusted_residual_z,MRO-70004,Lubrication,oil_pressure_bar,health,3.0,10,2388,35,0.00895864610380288,0.07261904761904761,6.366040151524473,-1.10653320468725,20.673851049216736,0.6744907594765952,1.2496265968796654,0.29070355499215267,방향 불일치,방향 불일치
train,operating_adjusted_residual_z,MRO-70005,Lubrication,temp_bearing_degC,health,2.0,9,2168,32,0.07984939311971447,0.40740740740740733,32.75580142876929,8.668242949685323,61.697200948892764,0.6744907594765952,1.7422997098648974,0.3781741080891548,방향 불일치,방향 불일치
train,operating_adjusted_residual_z,MRO-70005,Lubrication,temp_bearing_degC,health,3.0,9,2168,32,0.026163573759344423,0.25925925925925924,23.309568549991482,-1.3173575803198436,52.543176808650735,0.6744907594765952,1.7422997098648974,0.3781741080891548,방향 불일치,방향 불일치
train,operating_adjusted_residual_z,MRO-70005,Lubrication,temp_motor_degC,health,2.0,9,2168,32,0.07450577406926902,0.4092592592592592,33.47534851899902,8.536666289625424,62.27001570467661,0.6744907594765952,1.6681324854747097,0.3988458945600687,방향 불일치,방향 불일치
train,operating_adjusted_residual_z,MRO-70005,Lubrication,temp_motor_degC,health,3.0,9,2168,32,0.024928194249719496,0.07407407407407407,4.9145879824354575,-3.009220149508627,22.083260918665115,0.6744907594765952,1.6681324854747097,0.3988458945600687,방향 불일치,방향 불일치
train,operating_adjusted_residual_z,MRO-70005,Lubrication,vibration_h_mms,health,2.0,9,2168,32,0.10247987781969048,0.3055555555555556,20.30756777358651,-2.351591850259394,47.57116735009506,0.6744907594765952,1.3061407678700452,0.20346499827775766,방향 불일치,방향 불일치
train,operating_adjusted_residual_z,MRO-70005,Lubrication,vibration_h_mms,health,3.0,9,2168,32,0.05392324615111099,0.1574074074074074,10.348416125629642,-6.050005258349274,35.93017888719542,0.6744907594765952,1.3061407678700452,0.20346499827775766,방향 불일치,방향 불일치
train,operating_adjusted_residual_z,MRO-70005,Lubrication,vibration_v_mms,health,2.0,9,2168,32,0.10161697824144299,0.12037037037037036,1.8753392128927375,-10.617670337741915,21.0799531540673,0.6744907594765952,1.0476399796739793,0.2168865490508612,방향 불일치,방향 불일치
train,operating_adjusted_residual_z,MRO-70005,Lubrication,vibration_v_mms,health,3.0,9,2168,32,0.050163470068790204,0.09259259259259259,4.242912252380238,-6.026260601553894,22.759951123024273,0.6744907594765952,1.0476399796739793,0.2168865490508612,관계 미약,방향 일치
train,operating_adjusted_residual_z,MRO-70005,Lubrication,oil_pressure_bar,health,2.0,9,2168,32,0.06883574279374977,0.38333333333333336,31.44975905395836,8.253182375292315,57.56729602090824,0.6744907594765952,1.4825621313037314,0.42187660199944793,강한 후보,방향 일치
train,operating_adjusted_residual_z,MRO-70005,Lubrication,oil_pressure_bar,health,3.0,9,2168,32,0.009954051226447644,0.08333333333333331,7.337928210688567,-1.4735814278262487,24.988424708172047,0.6744907594765952,1.4825621313037314,0.42187660199944793,방향 불일치,방향 불일치
train,operating_adjusted_residual_z,MRO-80001,Sensor,temp_bearing_degC,health,2.0,10,2388,63,0.07868263562592484,0.46011904761904765,38.143641199312285,16.91255679855496,60.14684538745405,0.6744907594765952,1.741508375293683,0.4051113254143141,방향 불일치,방향 불일치
train,operating_adjusted_residual_z,MRO-80001,Sensor,temp_bearing_degC,health,3.0,10,2388,63,0.026274489110682708,0.2655952380952381,23.93207489845554,7.528547570432575,46.10304398337941,0.6744907594765952,1.741508375293683,0.4051113254143141,방향 불일치,방향 불일치
train,operating_adjusted_residual_z,MRO-80001,Sensor,temp_motor_degC,health,2.0,10,2388,63,0.07341883302597849,0.23166666666666663,15.824783364068814,1.4001008940873516,32.413338328481245,0.6744907594765952,1.32621794589105,0.3490267664689616,강한 후보,방향 일치
train,operating_adjusted_residual_z,MRO-80001,Sensor,temp_motor_degC,health,3.0,10,2388,63,0.02607173846111118,0.1330952380952381,10.702349963412692,-0.026936024986642243,25.181559253268933,0.6744907594765952,1.32621794589105,0.3490267664689616,약한 후보,방향 일치
train,operating_adjusted_residual_z,MRO-80001,Sensor,vibration_h_mms,health,2.0,10,2388,63,0.10086825367408507,0.20666666666666664,10.579841299258156,-1.6885795288532568,27.980811314732957,0.6744907594765952,0.9880809184828465,0.19175453473071868,약한 후보,방향 일치
train,operating_adjusted_residual_z,MRO-80001,Sensor,vibration_h_mms,health,3.0,10,2388,63,0.052621830626908984,0.07952380952380952,2.690197889690054,-4.838206809643347,15.457906853229925,0.6744907594765952,0.9880809184828465,0.19175453473071868,방향 불일치,방향 불일치
train,operating_adjusted_residual_z,MRO-80001,Sensor,vibration_v_mms,health,2.0,10,2388,63,0.10190982587184416,0.24297619047619046,14.106636460434629,-1.6728386530025685,30.833069051289804,0.6744907594765952,1.3233406884647274,0.3482435187886358,약한 후보,방향 일치
train,operating_adjusted_residual_z,MRO-80001,Sensor,vibration_v_mms,health,3.0,10,2388,63,0.04969257760736573,0.15452380952380954,10.483123191644381,-0.3178527907448537,24.719256751892612,0.6744907594765952,1.3233406884647274,0.3482435187886358,방향 불일치,방향 불일치
train,operating_adjusted_residual_z,MRO-80001,Sensor,oil_pressure_bar,health,2.0,10,2388,63,0.06467944124164751,0.33321428571428574,26.85348444726382,8.699608383997097,49.816731164505505,0.6744907594765952,1.4098510844921255,0.4232689221359248,방향 불일치,방향 불일치
train,operating_adjusted_residual_z,MRO-80001,Sensor,oil_pressure_bar,health,3.0,10,2388,63,0.00895864610380288,0.08845238095238095,7.949373484857807,-0.6485456365443067,22.355233951029376,0.6744907594765952,1.4098510844921255,0.4232689221359248,방향 불일치,방향 불일치
train,operating_adjusted_residual_z,MRO-80002,Sensor,temp_bearing_degC,health,2.0,10,2388,43,0.07868263562592484,0.4222222222222222,34.35395865962973,10.86405519919541,61.008012209728456,0.6744907594765952,1.78980919713185,0.5627169359071089,강한 후보,방향 일치
train,operating_adjusted_residual_z,MRO-80002,Sensor,temp_bearing_degC,health,3.0,10,2388,43,0.026274489110682708,0.11666666666666665,9.039217755598393,-2.4779794166290054,27.082393664561067,0.6744907594765952,1.78980919713185,0.5627169359071089,약한 후보,방향 일치
train,operating_adjusted_residual_z,MRO-80002,Sensor,temp_motor_degC,health,2.0,10,2388,43,0.07341883302597849,0.2208333333333333,14.741450030735482,-1.115881649760286,36.27734389950915,0.6744907594765952,1.2608927769629854,0.30050218980545085,방향 불일치,방향 불일치
train,operating_adjusted_residual_z,MRO-80002,Sensor,temp_motor_degC,health,3.0,10,2388,43,0.02607173846111118,0.07916666666666666,5.3094928205555485,-3.170174732628626,21.517039427984937,0.6744907594765952,1.2608927769629854,0.30050218980545085,방향 불일치,방향 불일치
train,operating_adjusted_residual_z,MRO-80002,Sensor,vibration_h_mms,health,2.0,10,2388,43,0.10086825367408507,0.27499999999999997,17.41317463259149,-3.5001100996222427,41.797331201401725,0.6744907594765952,1.1529314085341142,0.2829396976322715,방향 불일치,방향 불일치
train,operating_adjusted_residual_z,MRO-80002,Sensor,vibration_h_mms,health,3.0,10,2388,43,0.052621830626908984,0.07083333333333333,1.8211502706424347,-6.116345193626829,19.253981843837256,0.6744907594765952,1.1529314085341142,0.2829396976322715,방향 불일치,방향 불일치
train,operating_adjusted_residual_z,MRO-80002,Sensor,vibration_v_mms,health,2.0,10,2388,43,0.10190982587184416,0.26249999999999996,16.059017412815578,-5.071794376791956,40.368990565011735,0.6744907594765952,1.1900858028008554,0.24760913146903726,방향 불일치,방향 불일치
train,operating_adjusted_residual_z,MRO-80002,Sensor,vibration_v_mms,health,3.0,10,2388,43,0.04969257760736573,0.0625,1.2807422392634271,-5.928440461342682,14.894945312229627,0.6744907594765952,1.1900858028008554,0.24760913146903726,방향 불일치,방향 불일치
train,operating_adjusted_residual_z,MRO-80002,Sensor,oil_pressure_bar,health,2.0,10,2388,43,0.06467944124164751,0.12916666666666665,6.448722542501914,-6.064983567254468,24.389038858548318,0.6744907594765952,1.210789439497094,0.3285408479195985,방향 불일치,방향 불일치
train,operating_adjusted_residual_z,MRO-80002,Sensor,oil_pressure_bar,health,3.0,10,2388,43,0.00895864610380288,0.09305555555555554,8.409690945175265,-0.8570861610860212,23.874575247447588,0.6744907594765952,1.210789439497094,0.3285408479195985,방향 불일치,방향 불일치
train,operating_adjusted_residual_z,MRO-90011,Fastener,temp_bearing_degC,health,2.0,10,2388,29,0.07868263562592484,0.2983333333333333,21.965069770740843,0.7231748950513077,49.84535274409487,0.6744907594765952,1.4209816740088608,0.36304553737763995,방향 불일치,방향 불일치
train,operating_adjusted_residual_z,MRO-90011,Fastener,temp_bearing_degC,health,3.0,10,2388,29,0.026274489110682708,0.215,18.87255108893173,0.4371975765672898,42.12487826753859,0.6744907594765952,1.4209816740088608,0.36304553737763995,방향 불일치,방향 불일치
train,operating_adjusted_residual_z,MRO-90011,Fastener,temp_motor_degC,health,2.0,10,2388,29,0.07341883302597849,0.20833333333333331,13.491450030735482,-6.268755702282006,37.43855704702431,0.6744907594765952,1.1967831026208666,0.36394837468443575,방향 불일치,방향 불일치
train,operating_adjusted_residual_z,MRO-90011,Fastener,temp_motor_degC,health,3.0,10,2388,29,0.02607173846111118,0.05833333333333333,3.2261594872222146,-3.267856128955341,17.64328914273108,0.6744907594765952,1.1967831026208666,0.36394837468443575,방향 불일치,방향 불일치
train,operating_adjusted_residual_z,MRO-90011,Fastener,vibration_h_mms,health,2.0,10,2388,29,0.10086825367408507,0.315,21.413174632591492,-1.877720696503049,48.135499100064834,0.6744907594765952,1.2811795765112461,0.11175936134443361,방향 불일치,방향 불일치
train,operating_adjusted_residual_z,MRO-90011,Fastener,vibration_h_mms,health,3.0,10,2388,29,0.052621830626908984,0.13166666666666665,7.904483603975768,-5.365598439284336,28.5861837878048,0.6744907594765952,1.2811795765112461,0.11175936134443361,방향 불일치,방향 불일치
train,operating_adjusted_residual_z,MRO-90011,Fastener,vibration_v_mms,health,2.0,10,2388,29,0.10190982587184416,0.29,18.80901741281558,-1.4707416700818774,46.13280091124006,0.6744907594765952,1.3583489380440077,0.31057846325076216,방향 불일치,방향 불일치
train,operating_adjusted_residual_z,MRO-90011,Fastener,vibration_v_mms,health,3.0,10,2388,29,0.04969257760736573,0.09833333333333334,4.864075572596762,-5.575758006011424,23.335810619203045,0.6744907594765952,1.3583489380440077,0.31057846325076216,방향 불일치,방향 불일치
train,operating_adjusted_residual_z,MRO-90011,Fastener,oil_pressure_bar,health,2.0,10,2388,29,0.06467944124164751,0.32166666666666666,25.69872254250192,3.643231717706023,53.364285175828144,0.6744907594765952,1.7429101505555231,0.5260083230825069,방향 불일치,방향 불일치
train,operating_adjusted_residual_z,MRO-90011,Fastener,oil_pressure_bar,health,3.0,10,2388,29,0.00895864610380288,0.13,12.104135389619712,-1.4784173378413301,35.29702989829319,0.6744907594765952,1.7429101505555231,0.5260083230825069,방향 불일치,방향 불일치
train,operating_adjusted_residual_z,MRO-90012,Fastener,temp_bearing_degC,health,2.0,9,2154,31,0.07318013645045779,0.11388888888888887,4.070875243843108,-7.874746981737825,23.2183566034171,0.6744907594765952,1.063740672481191,0.15195921967259007,방향 불일치,방향 불일치
train,operating_adjusted_residual_z,MRO-90012,Fastener,temp_bearing_degC,health,3.0,9,2154,31,0.022071369667140333,0.013888888888888888,-0.8182480778251445,-3.3431911757663695,6.000126304592422,0.6744907594765952,1.063740672481191,0.15195921967259007,방향 불일치,방향 불일치
train,operating_adjusted_residual_z,MRO-90012,Fastener,temp_motor_degC,health,2.0,9,2154,31,0.07445397401746896,0.43333333333333335,35.88793593158644,9.242757543418724,64.51906720840766,0.6744907594765952,1.4248603664179769,0.45909428141975145,방향 불일치,방향 불일치
train,operating_adjusted_residual_z,MRO-90012,Fastener,temp_motor_degC,health,3.0,9,2154,31,0.026594429249287826,0.22499999999999998,19.840557075071217,0.45841382911416345,45.66339564774131,0.6744907594765952,1.4248603664179769,0.45909428141975145,방향 불일치,방향 불일치
train,operating_adjusted_residual_z,MRO-90012,Fastener,vibration_h_mms,health,2.0,9,2154,31,0.10020499221147154,0.2222222222222222,12.201723001075067,-9.939000595555004,39.04779805054759,0.6744907594765952,1.015921572295448,0.11678209683837291,방향 불일치,방향 불일치
train,operating_adjusted_residual_z,MRO-90012,Fastener,vibration_h_mms,health,3.0,9,2154,31,0.051821027382225555,0.09722222222222222,4.540119483999667,-6.060478765556991,28.45249120607154,0.6744907594765952,1.015921572295448,0.11678209683837291,방향 불일치,방향 불일치
train,operating_adjusted_residual_z,MRO-90012,Fastener,vibration_v_mms,health,2.0,9,2154,31,0.10183712846159322,0.27222222222222225,17.038509376062905,-5.324658322275454,43.95164948869106,0.6744907594765952,1.1408748891015958,0.15636569333276762,방향 불일치,방향 불일치
train,operating_adjusted_residual_z,MRO-90012,Fastener,vibration_v_mms,health,3.0,9,2154,31,0.05283980607845954,0.13333333333333333,8.04935272548738,-5.314968195414622,31.504630715439593,0.6744907594765952,1.1408748891015958,0.15636569333276762,방향 불일치,방향 불일치
train,operating_adjusted_residual_z,MRO-90012,Fastener,oil_pressure_bar,health,2.0,9,2154,31,0.06806737535871565,0.41944444444444445,35.13770690857288,7.684143973130329,61.94945268577641,0.6744907594765952,1.8565915766310352,0.4531437591720551,강한 후보,방향 일치
train,operating_adjusted_residual_z,MRO-90012,Fastener,oil_pressure_bar,health,3.0,9,2154,31,0.009954051226447644,0.19722222222222222,18.72681709957746,-0.30629157027183346,42.04066648481541,0.6744907594765952,1.8565915766310352,0.4531437591720551,약한 후보,방향 일치
valid,operating_adjusted_residual_z,MRO-10045,Bearing,temp_bearing_degC,health,2.0,6,369,14,0.31888809558301084,0.3333333333333333,1.444523775032247,-33.05546587749978,41.62206131909522,1.2086912580190634,1.7500872959062794,0.16794751074412087,방향 불일치,방향 불일치
valid,operating_adjusted_residual_z,MRO-10045,Bearing,temp_bearing_degC,health,3.0,6,369,14,0.1297139614936225,0.125,-0.4713961493622493,-17.233438877506675,26.219296475652403,1.2086912580190634,1.7500872959062794,0.16794751074412087,방향 불일치,방향 불일치
valid,operating_adjusted_residual_z,MRO-10045,Bearing,temp_motor_degC,health,2.0,6,369,14,0.29641770658719807,0.16666666666666666,-12.97510399205314,-37.033001524526945,18.493750129343347,1.3351883442862131,1.5530477777770357,0.03769211798872816,방향 불일치,방향 불일치
valid,operating_adjusted_residual_z,MRO-10045,Bearing,temp_motor_degC,health,3.0,6,369,14,0.13368963114725826,0.08333333333333333,-5.035629781392494,-18.786426536426536,19.328525641025628,1.3351883442862131,1.5530477777770357,0.03769211798872816,방향 불일치,방향 불일치
valid,operating_adjusted_residual_z,MRO-10045,Bearing,vibration_h_mms,health,2.0,6,369,14,0.415009347212737,0.25,-16.5009347212737,-44.95896711574678,20.23650819519463,1.7072614428057058,1.453302605242812,-0.07480814069797122,방향 불일치,방향 불일치
valid,operating_adjusted_residual_z,MRO-10045,Bearing,vibration_h_mms,health,3.0,6,369,14,0.17212098949387086,0.0,-17.212098949387087,-23.695419693301048,-11.185515873015873,1.7072614428057058,1.453302605242812,-0.07480814069797122,방향 불일치,방향 불일치
valid,operating_adjusted_residual_z,MRO-10045,Bearing,vibration_v_mms,health,2.0,6,369,14,0.38068248449604386,0.16666666666666666,-21.401581782937722,-42.59930723701911,10.527850641198093,1.5369138350528653,1.270480602906588,-0.20772403992742974,방향 불일치,방향 불일치
valid,operating_adjusted_residual_z,MRO-10045,Bearing,vibration_v_mms,health,3.0,6,369,14,0.1820823244552058,0.0,-18.20823244552058,-24.464792740216467,-12.65090833523037,1.5369138350528653,1.270480602906588,-0.20772403992742974,방향 불일치,방향 불일치
valid,operating_adjusted_residual_z,MRO-10045,Bearing,oil_pressure_bar,health,2.0,6,369,14,0.33753285321081933,0.7083333333333334,37.0800480122514,-0.19935388685388747,65.31251983264696,1.377314707341446,2.1126541920221578,0.2995693728744577,방향 불일치,방향 불일치
valid,operating_adjusted_residual_z,MRO-10045,Bearing,oil_pressure_bar,health,3.0,6,369,14,0.153885991597856,0.2916666666666667,13.77806750688107,-16.52855038871988,51.437584073177284,1.377314707341446,2.1126541920221578,0.2995693728744577,방향 불일치,방향 불일치
valid,operating_adjusted_residual_z,MRO-10046,Bearing,temp_bearing_degC,health,2.0,7,422,15,0.3409547131287924,0.35714285714285715,1.6188144014064765,-28.530389622271873,37.64932431034125,1.2365781052691414,1.437486913906584,-0.04698205239813498,관계 미약,방향 일치
valid,operating_adjusted_residual_z,MRO-10046,Bearing,temp_bearing_degC,health,3.0,7,422,15,0.14508247299759983,0.14285714285714285,-0.2225330140456977,-18.403123102419013,31.038847117794475,1.2365781052691414,1.437486913906584,-0.04698205239813498,방향 불일치,방향 불일치
valid,operating_adjusted_residual_z,MRO-10046,Bearing,temp_motor_degC,health,2.0,7,422,15,0.31205240110554244,0.5952380952380952,28.31856941325528,-8.444201385038646,61.20367106874688,1.3133236864467406,1.993364920164826,0.25730851423472806,방향 불일치,방향 불일치
valid,operating_adjusted_residual_z,MRO-10046,Bearing,temp_motor_degC,health,3.0,7,422,15,0.13829521087071742,0.19047619047619047,5.218097960547305,-16.61226728328806,36.86725020091274,1.3133236864467406,1.993364920164826,0.25730851423472806,방향 불일치,방향 불일치
valid,operating_adjusted_residual_z,MRO-10046,Bearing,vibration_h_mms,health,2.0,7,422,15,0.4330550748544887,0.49999999999999994,6.694492514551126,-25.87901454880874,40.89422536739981,1.7904327166310006,2.037337343285416,0.12411169910851319,약한 후보,방향 일치
valid,operating_adjusted_residual_z,MRO-10046,Bearing,vibration_h_mms,health,3.0,7,422,15,0.19725828664913667,0.16666666666666666,-3.059161998247001,-24.052864961030505,26.227013099894453,1.7904327166310006,2.037337343285416,0.12411169910851319,방향 불일치,방향 불일치
valid,operating_adjusted_residual_z,MRO-10046,Bearing,vibration_v_mms,health,2.0,7,422,15,0.38574217861206517,0.38095238095238093,-0.4789797659684236,-32.03639202011192,35.0443033560467,1.5802721895596894,2.06303647540592,0.17133718317610253,방향 불일치,방향 불일치
valid,operating_adjusted_residual_z,MRO-10046,Bearing,vibration_v_mms,health,3.0,7,422,15,0.19326524543805032,0.09523809523809523,-9.802715019995508,-23.76399077042635,12.547726900345713,1.5802721895596894,2.06303647540592,0.17133718317610253,방향 불일치,방향 불일치
valid,operating_adjusted_residual_z,MRO-10046,Bearing,oil_pressure_bar,health,2.0,7,422,15,0.3108044264473473,0.4523809523809524,14.15765259336051,-21.006536827232633,51.9811608095825,1.2992253102911742,2.31103077310469,0.26445447420342283,방향 불일치,방향 불일치
valid,operating_adjusted_residual_z,MRO-10046,Bearing,oil_pressure_bar,health,3.0,7,422,15,0.13078623725367702,0.23809523809523808,10.730900084156106,-13.391865918372863,44.01497795989321,1.2992253102911742,2.31103077310469,0.26445447420342283,약한 후보,방향 일치
valid,operating_adjusted_residual_z,MRO-10047,Bearing,temp_bearing_degC,health,2.0,7,422,9,0.3409547131287924,0.3333333333333333,-0.7621379795459071,-32.52602186621557,35.02322938661667,1.2365781052691414,1.5922885051400564,0.07983927630926486,표본 부족,방향 불일치
valid,operating_adjusted_residual_z,MRO-10047,Bearing,temp_bearing_degC,health,3.0,7,422,9,0.14508247299759983,0.19047619047619047,4.539371747859064,-18.869434658908347,42.50686990536611,1.2365781052691414,1.5922885051400564,0.07983927630926486,표본 부족,방향 불일치
valid,operating_adjusted_residual_z,MRO-10047,Bearing,temp_motor_degC,health,2.0,7,422,9,0.31205240110554244,0.5238095238095238,21.17571227039814,-10.460477106966211,53.48778492368398,1.3133236864467406,1.8848194859134313,0.1833956706392032,표본 부족,방향 일치
valid,operating_adjusted_residual_z,MRO-10047,Bearing,temp_motor_degC,health,3.0,7,422,9,0.13829521087071742,0.047619047619047616,-9.06761632516698,-20.331148947833665,10.737773265984679,1.3133236864467406,1.8848194859134313,0.1833956706392032,표본 부족,방향 불일치
valid,operating_adjusted_residual_z,MRO-10047,Bearing,vibration_h_mms,health,2.0,7,422,9,0.4330550748544887,0.47619047619047616,4.313540133598748,-32.637613183299436,41.078107122901315,1.7904327166310006,2.2739652091023275,0.2567705930137433,표본 부족,방향 일치
valid,operating_adjusted_residual_z,MRO-10047,Bearing,vibration_h_mms,health,3.0,7,422,9,0.19725828664913667,0.2857142857142857,8.845599906514904,-22.57579634163042,43.11286252085283,1.7904327166310006,2.2739652091023275,0.2567705930137433,표본 부족,방향 불일치
valid,operating_adjusted_residual_z,MRO-10047,Bearing,vibration_v_mms,health,2.0,7,422,9,0.38574217861206517,0.2857142857142857,-10.002789289777947,-38.52383449777358,23.32560641113271,1.5802721895596894,1.6842959013427392,0.01269083917229705,표본 부족,방향 불일치
valid,operating_adjusted_residual_z,MRO-10047,Bearing,vibration_v_mms,health,3.0,7,422,9,0.19326524543805032,0.0,-19.326524543805032,-25.978660308228935,-13.713156706864494,1.5802721895596894,1.6842959013427392,0.01269083917229705,표본 부족,방향 불일치
valid,operating_adjusted_residual_z,MRO-10047,Bearing,oil_pressure_bar,health,2.0,7,422,9,0.3108044264473473,0.23809523809523808,-7.270918835210921,-33.32229789842572,26.35282347001794,1.2992253102911742,1.9266563631482998,0.11918155899295188,표본 부족,방향 불일치
valid,operating_adjusted_residual_z,MRO-10047,Bearing,oil_pressure_bar,health,3.0,7,422,9,0.13078623725367702,0.14285714285714285,1.2070905603465825,-15.427686769569016,28.90491594093288,1.2992253102911742,1.9266563631482998,0.11918155899295188,표본 부족,방향 일치
valid,operating_adjusted_residual_z,MRO-20031,Seal & Gasket,temp_bearing_degC,health,2.0,6,356,8,0.32117472138658576,0.0,-32.11747213865858,-40.41167628667628,-24.18733236317982,1.2219296141320073,0.7959975034901966,-0.3607980531709345,표본 부족,방향 불일치
valid,operating_adjusted_residual_z,MRO-20031,Seal & Gasket,temp_bearing_degC,health,3.0,6,356,8,0.1298839892060231,0.0,-12.98839892060231,-19.39096524160084,-7.248301212284264,1.2219296141320073,0.7959975034901966,-0.3607980531709345,표본 부족,방향 불일치
valid,operating_adjusted_residual_z,MRO-20031,Seal & Gasket,temp_motor_degC,health,2.0,6,356,8,0.3250027514858023,0.5833333333333334,25.833058184753106,-12.894115183310099,63.24459409470004,1.372904649262158,2.336742773053484,0.48328788286415403,표본 부족,방향 불일치
valid,operating_adjusted_residual_z,MRO-20031,Seal & Gasket,temp_motor_degC,health,3.0,6,356,8,0.1331449075093143,0.16666666666666666,3.3521759157352364,-14.963979993641011,33.053741867830844,1.372904649262158,2.336742773053484,0.48328788286415403,표본 부족,방향 일치
valid,operating_adjusted_residual_z,MRO-20031,Seal & Gasket,vibration_h_mms,health,2.0,6,356,8,0.40389263906213063,0.16666666666666666,-23.7225972395464,-50.188038577869094,15.207439864749182,1.7158890480427857,1.5924390332925844,-0.08586184687879606,표본 부족,방향 불일치
valid,operating_adjusted_residual_z,MRO-20031,Seal & Gasket,vibration_h_mms,health,3.0,6,356,8,0.17161577437001166,0.0,-17.161577437001167,-23.124947517955995,-11.02570346320347,1.7158890480427857,1.5924390332925844,-0.08586184687879606,표본 부족,방향 불일치
valid,operating_adjusted_residual_z,MRO-20031,Seal & Gasket,vibration_v_mms,health,2.0,6,356,8,0.3540851411614123,0.25,-10.408514116141232,-43.81128526997171,35.276165356144176,1.50927379422618,1.6673710959842143,0.0031652277414989196,표본 부족,방향 불일치
valid,operating_adjusted_residual_z,MRO-20031,Seal & Gasket,vibration_v_mms,health,3.0,6,356,8,0.16619249394673125,0.25,8.380750605326876,-20.590588084232152,48.582879338175935,1.50927379422618,1.6673710959842143,0.0031652277414989196,표본 부족,방향 불일치
valid,operating_adjusted_residual_z,MRO-20031,Seal & Gasket,oil_pressure_bar,health,2.0,6,356,8,0.3115375914104727,0.3333333333333333,2.17957419228606,-35.616177921262675,40.42027697271342,1.3352561767860933,1.752109686921609,0.18468951011323895,표본 부족,방향 일치
valid,operating_adjusted_residual_z,MRO-20031,Seal & Gasket,oil_pressure_bar,health,3.0,6,356,8,0.11909959155721866,0.0,-11.909959155721866,-18.08271119182136,-7.1279158106488625,1.3352561767860933,1.752109686921609,0.18468951011323895,표본 부족,방향 불일치
valid,operating_adjusted_residual_z,MRO-20032,Seal & Gasket,temp_bearing_degC,health,2.0,4,235,4,0.30610483364720653,0.5,19.389516635279346,-30.820217917675546,68.90360169491525,1.2160274842740182,3.3559553785193676,0.4668639583893821,표본 부족,방향 일치
valid,operating_adjusted_residual_z,MRO-20032,Seal & Gasket,temp_bearing_degC,health,3.0,4,235,4,0.15894314411263563,0.5,34.105685588736435,-14.77602905569007,82.20868644067797,1.2160274842740182,3.3559553785193676,0.4668639583893821,표본 부족,방향 일치
valid,operating_adjusted_residual_z,MRO-20032,Seal & Gasket,temp_motor_degC,health,2.0,4,235,4,0.3002533405075778,0.25,-5.025334050757779,-44.452683615819204,47.72834274952919,1.349730047598746,2.054450017632182,-0.08088960631333511,표본 부족,방향 불일치
valid,operating_adjusted_residual_z,MRO-20032,Seal & Gasket,temp_motor_degC,health,3.0,4,235,4,0.1205385167249574,0.25,12.94614832750426,-21.97302932472424,70.14575486503452,1.349730047598746,2.054450017632182,-0.08088960631333511,표본 부족,방향 불일치
valid,operating_adjusted_residual_z,MRO-20032,Seal & Gasket,vibration_h_mms,health,2.0,4,235,4,0.45289660120168596,0.25,-20.289660120168595,-51.154829163303745,28.391511972020446,1.7718995958294557,1.3352159279295863,-0.19865931306609275,표본 부족,방향 불일치
valid,operating_adjusted_residual_z,MRO-20032,Seal & Gasket,vibration_h_mms,health,3.0,4,235,4,0.20023988879921084,0.0,-20.023988879921085,-27.37405838041431,-12.962962962962962,1.7718995958294557,1.3352159279295863,-0.19865931306609275,표본 부족,방향 일치
valid,operating_adjusted_residual_z,MRO-20032,Seal & Gasket,vibration_v_mms,health,2.0,4,235,4,0.4094700026903416,0.25,-15.947000269034161,-46.432775087436106,29.88801452784503,1.6642503755944718,1.3630363282228641,-0.1893552147789436,표본 부족,방향 불일치
valid,operating_adjusted_residual_z,MRO-20032,Seal & Gasket,vibration_v_mms,health,3.0,4,235,4,0.1923033808627029,0.0,-19.23033808627029,-26.36005178907721,-12.468024168236035,1.6642503755944718,1.3630363282228641,-0.1893552147789436,표본 부족,방향 일치
valid,operating_adjusted_residual_z,MRO-20032,Seal & Gasket,oil_pressure_bar,health,2.0,4,235,4,0.39942606044300955,0.0,-39.94260604430095,-48.417546632589,-31.071372522643713,1.5787120949307163,1.0114809505990325,-0.3447897049591965,표본 부족,방향 불일치
valid,operating_adjusted_residual_z,MRO-20032,Seal & Gasket,oil_pressure_bar,health,3.0,4,235,4,0.1744238184916151,0.0,-17.44238184916151,-24.504136400322842,-10.59243565599498,1.5787120949307163,1.0114809505990325,-0.3447897049591965,표본 부족,방향 불일치
valid,operating_adjusted_residual_z,MRO-20033,Seal & Gasket,temp_bearing_degC,health,2.0,6,360,11,0.3480791877201333,0.27777777777777773,-7.030140994235556,-36.289529914529915,29.011904761904734,1.3450481064413384,1.2270271007706066,-0.12264135821227705,방향 불일치,방향 불일치
valid,operating_adjusted_residual_z,MRO-20033,Seal & Gasket,temp_bearing_degC,health,3.0,6,360,11,0.15099893003550452,0.05555555555555555,-9.544337447994897,-21.71205290769296,13.337727558066517,1.3450481064413384,1.2270271007706066,-0.12264135821227705,방향 불일치,방향 불일치
valid,operating_adjusted_residual_z,MRO-20033,Seal & Gasket,temp_motor_degC,health,2.0,6,360,11,0.25562864589403395,0.08333333333333333,-17.229531256070064,-31.656777720866696,10.236114378732577,1.150072526077964,0.6937598038312024,-0.5246722031066366,방향 불일치,방향 불일치
valid,operating_adjusted_residual_z,MRO-20033,Seal & Gasket,temp_motor_degC,health,3.0,6,360,11,0.12993701750392206,0.08333333333333333,-4.660368417058873,-16.812381265074173,23.54027901675092,1.150072526077964,0.6937598038312024,-0.5246722031066366,방향 불일치,방향 불일치
valid,operating_adjusted_residual_z,MRO-20033,Seal & Gasket,vibration_h_mms,health,2.0,6,360,11,0.3978094501065063,0.4166666666666667,1.8857216560160373,-33.831007649138776,42.07866727199354,1.7685648949602266,1.9627189104439868,0.0803381407306474,방향 불일치,방향 불일치
valid,operating_adjusted_residual_z,MRO-20033,Seal & Gasket,vibration_h_mms,health,3.0,6,360,11,0.19153835352541868,0.27777777777777773,8.623942425235906,-24.18250557674063,48.3405698895217,1.7685648949602266,1.9627189104439868,0.0803381407306474,방향 불일치,방향 불일치
valid,operating_adjusted_residual_z,MRO-20033,Seal & Gasket,vibration_v_mms,health,2.0,6,360,11,0.36701277585532716,0.3611111111111111,-0.5901664744216051,-34.88656315931071,36.528034660477786,1.5955901014792058,1.62471269160623,-0.11641770114116234,방향 불일치,방향 불일치
valid,operating_adjusted_residual_z,MRO-20033,Seal & Gasket,vibration_v_mms,health,3.0,6,360,11,0.1921708107368232,0.27777777777777773,8.560696704095452,-22.450716008476938,47.883297319152575,1.5955901014792058,1.62471269160623,-0.11641770114116234,방향 불일치,방향 불일치
valid,operating_adjusted_residual_z,MRO-20033,Seal & Gasket,oil_pressure_bar,health,2.0,6,360,11,0.2714244914401025,0.4444444444444444,17.301995300434193,-19.684010373155107,54.59791162227602,1.2289775792594282,1.8362553903119891,0.22675842510811295,약한 후보,방향 일치
valid,operating_adjusted_residual_z,MRO-20033,Seal & Gasket,oil_pressure_bar,health,3.0,6,360,11,0.12606573474102467,0.27777777777777773,15.171204303675307,-13.815430954341524,52.017970454438995,1.2289775792594282,1.8362553903119891,0.22675842510811295,방향 불일치,방향 불일치
valid,operating_adjusted_residual_z,MRO-30011,Drive Belt,temp_bearing_degC,health,2.0,6,358,11,0.35530013950323197,0.2916666666666667,-6.363347283656529,-41.37772315403894,36.41307555067589,1.3446518647145904,1.4398575886894172,-0.052391451127698524,방향 불일치,방향 불일치
valid,operating_adjusted_residual_z,MRO-30011,Drive Belt,temp_bearing_degC,health,3.0,6,358,11,0.16083736007167468,0.2916666666666667,13.082930659499201,-18.261994439960542,55.69342263198195,1.3446518647145904,1.4398575886894172,-0.052391451127698524,방향 불일치,방향 불일치
valid,operating_adjusted_residual_z,MRO-30011,Drive Belt,temp_motor_degC,health,2.0,6,358,11,0.2474586013539329,0.3333333333333333,8.58747319794004,-22.713695333751833,47.567749570035474,1.144612033470075,2.1309518887869534,0.37177240387172,방향 불일치,방향 불일치
valid,operating_adjusted_residual_z,MRO-30011,Drive Belt,temp_motor_degC,health,3.0,6,358,11,0.11323634790777222,0.2916666666666667,17.843031875889448,-10.506352119978343,55.07766493289091,1.144612033470075,2.1309518887869534,0.37177240387172,방향 불일치,방향 불일치
valid,operating_adjusted_residual_z,MRO-30011,Drive Belt,vibration_h_mms,health,2.0,6,358,11,0.4122214609874437,0.4583333333333333,4.611187234588959,-32.90448549575445,44.64354546126773,1.7396629455099273,1.4713736387679808,-0.17069557132001378,방향 불일치,방향 불일치
valid,operating_adjusted_residual_z,MRO-30011,Drive Belt,vibration_h_mms,health,3.0,6,358,11,0.19900591996191164,0.125,-7.400591996191164,-26.053815093288772,24.30153026949042,1.7396629455099273,1.4713736387679808,-0.17069557132001378,방향 불일치,방향 불일치
valid,operating_adjusted_residual_z,MRO-30011,Drive Belt,vibration_v_mms,health,2.0,6,358,11,0.3882720799536143,0.3333333333333333,-5.493874662028098,-36.92166851014978,30.92477304553575,1.6410735821145321,1.6217756176611502,-0.03690359705822091,방향 불일치,방향 불일치
valid,operating_adjusted_residual_z,MRO-30011,Drive Belt,vibration_v_mms,health,3.0,6,358,11,0.19963837717331623,0.125,-7.463837717331623,-24.04420007174244,18.634309793932886,1.6410735821145321,1.6217756176611502,-0.03690359705822091,방향 불일치,방향 불일치
valid,operating_adjusted_residual_z,MRO-30011,Drive Belt,oil_pressure_bar,health,2.0,6,358,11,0.29758993250667354,0.08333333333333333,-21.425659917334023,-37.09637205065393,5.266379361049286,1.2482029875918457,1.1487311638208233,-0.14591828090192646,방향 불일치,방향 불일치
valid,operating_adjusted_residual_z,MRO-30011,Drive Belt,oil_pressure_bar,health,3.0,6,358,11,0.1365505940959405,0.0,-13.65505940959405,-19.643210250201776,-8.715209044267922,1.2482029875918457,1.1487311638208233,-0.14591828090192646,방향 불일치,방향 불일치
valid,operating_adjusted_residual_z,MRO-30012,Drive Belt,temp_bearing_degC,health,2.0,5,299,8,0.3404439430130777,0.2,-14.044394301307767,-40.554670218274154,21.14028715857439,1.2846307550879725,1.4180828816579996,0.030403886924850354,표본 부족,방향 불일치
valid,operating_adjusted_residual_z,MRO-30012,Drive Belt,temp_bearing_degC,health,3.0,5,299,8,0.16093897578286517,0.0,-16.093897578286516,-22.92647257589273,-9.815044465891928,1.2846307550879725,1.4180828816579996,0.030403886924850354,표본 부족,방향 불일치
valid,operating_adjusted_residual_z,MRO-30012,Drive Belt,temp_motor_degC,health,2.0,5,299,8,0.2654340287524944,0.3,3.45659712475056,-31.183744117910045,49.12937460992767,1.1813337913715523,1.5250900943998325,0.0017549424507497635,표본 부족,방향 불일치
valid,operating_adjusted_residual_z,MRO-30012,Drive Belt,temp_motor_degC,health,3.0,5,299,8,0.1363789664592519,0.2,6.362103354074811,-17.71361816892593,46.25675727780991,1.1813337913715523,1.5250900943998325,0.0017549424507497635,표본 부족,방향 불일치
valid,operating_adjusted_residual_z,MRO-30012,Drive Belt,vibration_h_mms,health,2.0,5,299,8,0.4079774007338681,0.4,-0.7977400733868101,-48.36816715844369,51.97259087428578,1.7550298155920525,1.720593579296093,-0.08918905061634767,표본 부족,방향 불일치
valid,operating_adjusted_residual_z,MRO-30012,Drive Belt,vibration_h_mms,health,3.0,5,299,8,0.20151269089716903,0.2,-0.15126908971690167,-27.731202299534143,40.90130378096479,1.7550298155920525,1.720593579296093,-0.08918905061634767,표본 부족,방향 불일치
valid,operating_adjusted_residual_z,MRO-30012,Drive Belt,vibration_v_mms,health,2.0,5,299,8,0.38095645656751814,0.4,1.904354343248188,-38.30411720304673,44.13424560373713,1.5505004634313422,1.4556345213470994,-0.06486423082319603,표본 부족,방향 불일치
valid,operating_adjusted_residual_z,MRO-30012,Drive Belt,vibration_v_mms,health,3.0,5,299,8,0.20560497288418786,0.0,-20.560497288418787,-28.13659611277809,-13.462775078029313,1.5505004634313422,1.4556345213470994,-0.06486423082319603,표본 부족,방향 불일치
valid,operating_adjusted_residual_z,MRO-30012,Drive Belt,oil_pressure_bar,health,2.0,5,299,8,0.30248428150301476,0.3,-0.24842815030147736,-33.52989111196069,39.941249101775405,1.2965024741272635,1.6359874864534212,0.11559195091755306,표본 부족,방향 불일치
valid,operating_adjusted_residual_z,MRO-30012,Drive Belt,oil_pressure_bar,health,3.0,5,299,8,0.13850831891866683,0.0,-13.850831891866683,-20.583669091340813,-7.617513480671376,1.2965024741272635,1.6359874864534212,0.11559195091755306,표본 부족,방향 불일치
valid,operating_adjusted_residual_z,MRO-40021,Filter,temp_bearing_degC,health,2.0,7,419,13,0.3443584320894121,0.19047619047619047,-15.388224161322162,-35.602996449729275,11.948157318235056,1.3238162523591,1.1555729398699837,-0.18163430243205952,방향 불일치,방향 불일치
valid,operating_adjusted_residual_z,MRO-40021,Filter,temp_bearing_degC,health,3.0,7,419,13,0.1536407293766794,0.0,-15.364072937667942,-21.652155976643037,-9.279888204166594,1.3238162523591,1.1555729398699837,-0.18163430243205952,방향 불일치,방향 불일치
valid,operating_adjusted_residual_z,MRO-40021,Filter,temp_motor_degC,health,2.0,7,419,13,0.255429880499971,0.047619047619047616,-20.78108328809234,-31.176746666209198,-0.6837306138631523,1.1328188237373993,0.8136370982452544,-0.25201684598906465,방향 불일치,방향 불일치
valid,operating_adjusted_residual_z,MRO-40021,Filter,temp_motor_degC,health,3.0,7,419,13,0.11621720144403971,0.0,-11.621720144403971,-16.78774797162398,-6.83628180737745,1.1328188237373993,0.8136370982452544,-0.25201684598906465,방향 불일치,방향 불일치
valid,operating_adjusted_residual_z,MRO-40021,Filter,vibration_h_mms,health,2.0,7,419,13,0.40635483132615796,0.42857142857142855,2.2216597245270586,-27.22090865784315,32.50874310473519,1.7537245065678397,1.9466650009593,0.13666071337155827,방향 불일치,방향 불일치
valid,operating_adjusted_residual_z,MRO-40021,Filter,vibration_h_mms,health,3.0,7,419,13,0.19081011415980195,0.21428571428571427,2.347560012591232,-18.567838739146243,30.35637140672503,1.7537245065678397,1.9466650009593,0.13666071337155827,방향 불일치,방향 불일치
valid,operating_adjusted_residual_z,MRO-40021,Filter,vibration_v_mms,health,2.0,7,419,13,0.36542983693168474,0.4642857142857143,9.885587735402957,-21.69296779074401,40.247538868357324,1.5890852571182346,1.4052598944572685,-0.20559813577527355,방향 불일치,방향 불일치
valid,operating_adjusted_residual_z,MRO-40021,Filter,vibration_v_mms,health,3.0,7,419,13,0.19135222034100585,0.047619047619047616,-14.373317272195823,-24.179237741323572,6.813533910441949,1.5890852571182346,1.4052598944572685,-0.20559813577527355,방향 불일치,방향 불일치
valid,operating_adjusted_residual_z,MRO-40021,Filter,oil_pressure_bar,health,2.0,7,419,13,0.2907609442367948,0.4642857142857143,17.35247700489195,-16.90977797601348,52.26084012998598,1.2663983260827842,2.037321389115483,0.26692366509494075,약한 후보,방향 일치
valid,operating_adjusted_residual_z,MRO-40021,Filter,oil_pressure_bar,health,3.0,7,419,13,0.12742680411216156,0.14285714285714285,1.5430338744981287,-15.311224489795919,29.62144389423922,1.2663983260827842,2.037321389115483,0.26692366509494075,관계 미약,방향 일치
valid,operating_adjusted_residual_z,MRO-40022,Filter,temp_bearing_degC,health,2.0,5,302,7,0.3719533877428614,0.4,2.8046612257138612,-43.48287385129489,49.92863247863247,1.3477869994860943,2.255553704602337,0.16330441488336228,표본 부족,방향 불일치
valid,operating_adjusted_residual_z,MRO-40022,Filter,temp_bearing_degC,health,3.0,5,302,7,0.17450335239808923,0.2,2.549664760191078,-22.27425615320352,42.967000835421885,1.3477869994860943,2.255553704602337,0.16330441488336228,표본 부족,방향 불일치
valid,operating_adjusted_residual_z,MRO-40022,Filter,temp_motor_degC,health,2.0,5,302,7,0.30070603860077544,0.0,-30.070603860077544,-44.90396825396826,-18.79392926761348,1.3361202267249532,0.6838588479400803,-0.5202292054923634,표본 부족,방향 불일치
valid,operating_adjusted_residual_z,MRO-40022,Filter,temp_motor_degC,health,3.0,5,302,7,0.1598976072660283,0.0,-15.989760726602832,-23.683689994216312,-9.327584988111305,1.3361202267249532,0.6838588479400803,-0.5202292054923634,표본 부족,방향 불일치
valid,operating_adjusted_residual_z,MRO-40022,Filter,vibration_h_mms,health,2.0,5,302,7,0.39488636120215065,0.4,0.5113638797849374,-44.20572263993317,48.73317588843904,1.7194989275283432,1.9224119493305671,0.06054152475205106,표본 부족,방향 불일치
valid,operating_adjusted_residual_z,MRO-40022,Filter,vibration_h_mms,health,3.0,5,302,7,0.19628087312297837,0.3,10.371912687702162,-26.1390977443609,59.97079772079771,1.7194989275283432,1.9224119493305671,0.06054152475205106,표본 부족,방향 불일치
valid,operating_adjusted_residual_z,MRO-40022,Filter,vibration_v_mms,health,2.0,5,302,7,0.37743846796478375,0.2,-17.743846796478373,-45.20885547201336,24.73601953601953,1.5851382925092081,1.795958294768777,-0.11570421780948097,표본 부족,방향 불일치
valid,operating_adjusted_residual_z,MRO-40022,Filter,vibration_v_mms,health,3.0,5,302,7,0.19402394876079085,0.2,0.5976051239209162,-24.378446115288217,43.057855107855104,1.5851382925092081,1.795958294768777,-0.11570421780948097,표본 부족,방향 불일치
valid,operating_adjusted_residual_z,MRO-40022,Filter,oil_pressure_bar,health,2.0,5,302,7,0.2984503995030311,0.2,-9.845039950303109,-38.66282372598162,34.13868003341687,1.299329303720333,1.2693784824847212,-0.19220701325964482,표본 부족,방향 불일치
valid,operating_adjusted_residual_z,MRO-40022,Filter,oil_pressure_bar,health,3.0,5,302,7,0.1581706402759034,0.2,4.18293597240966,-21.347034252297412,45.616541353383454,1.299329303720333,1.2693784824847212,-0.19220701325964482,표본 부족,방향 일치
valid,operating_adjusted_residual_z,MRO-50008,Electrical,temp_bearing_degC,health,2.0,7,411,11,0.31244658175650913,0.11904761904761904,-19.33989627088901,-35.6301564154167,9.50438861985471,1.2353547995458904,1.0878766902938513,-0.2983543673616313,방향 불일치,방향 불일치
valid,operating_adjusted_residual_z,MRO-50008,Electrical,temp_bearing_degC,health,3.0,7,411,11,0.15869250021792397,0.11904761904761904,-3.964488117030493,-18.961260272549623,26.727410956678494,1.2353547995458904,1.0878766902938513,-0.2983543673616313,방향 불일치,방향 불일치
valid,operating_adjusted_residual_z,MRO-50008,Electrical,temp_motor_degC,health,2.0,7,411,11,0.2632955041550683,0.35714285714285715,9.384735298778885,-24.132476907900635,46.324947416049106,1.2113505300833254,1.621384657865294,0.21934546934546933,약한 후보,방향 일치
valid,operating_adjusted_residual_z,MRO-50008,Electrical,temp_motor_degC,health,3.0,7,411,11,0.11329069325437365,0.14285714285714285,2.9566449602769205,-15.341823985135125,31.853682099444804,1.2113505300833254,1.621384657865294,0.21934546934546933,방향 불일치,방향 불일치
valid,operating_adjusted_residual_z,MRO-50008,Electrical,vibration_h_mms,health,2.0,7,411,11,0.36019903780194334,0.35714285714285715,-0.3056180659086194,-34.88673934799843,36.763018021795254,1.5462142914796029,1.4674959497908167,-0.09213932422164871,방향 불일치,방향 불일치
valid,operating_adjusted_residual_z,MRO-50008,Electrical,vibration_h_mms,health,3.0,7,411,11,0.16489811193201026,0.047619047619047616,-11.727906431296265,-22.643866020984664,8.32061009679048,1.5462142914796029,1.4674959497908167,-0.09213932422164871,방향 불일치,방향 불일치
valid,operating_adjusted_residual_z,MRO-50008,Electrical,vibration_v_mms,health,2.0,7,411,11,0.3569578995123789,0.33333333333333337,-2.3624566179045514,-34.36158359508845,31.887382408417505,1.5457892862340306,1.226427376144953,-0.17363460680651963,방향 불일치,방향 불일치
valid,operating_adjusted_residual_z,MRO-50008,Electrical,vibration_v_mms,health,3.0,7,411,11,0.18035249881496854,0.0,-18.035249881496853,-24.040670538097896,-12.362568088355014,1.5457892862340306,1.226427376144953,-0.17363460680651963,방향 불일치,방향 불일치
valid,operating_adjusted_residual_z,MRO-50008,Electrical,oil_pressure_bar,health,2.0,7,411,11,0.32506767064878445,0.2619047619047619,-6.316290874402252,-34.71143777529976,27.46034497517547,1.37587965891042,1.332974843747896,-0.21322583792317445,방향 불일치,방향 불일치
valid,operating_adjusted_residual_z,MRO-50008,Electrical,oil_pressure_bar,health,3.0,7,411,11,0.1424327533286371,0.14285714285714285,0.04243895285057364,-17.655110930232,28.914503961870793,1.37587965891042,1.332974843747896,-0.21322583792317445,관계 미약,방향 일치
valid,operating_adjusted_residual_z,MRO-50009,Electrical,temp_bearing_degC,health,2.0,4,242,7,0.3728742760856944,0.08333333333333333,-28.95409427523611,-48.456504962972396,9.297148237826182,1.4020101390647908,0.4788690265180463,-0.6231220707135069,표본 부족,방향 불일치
valid,operating_adjusted_residual_z,MRO-50009,Electrical,temp_bearing_degC,health,3.0,4,242,7,0.15879387734873907,0.0,-15.879387734873907,-23.644005847953213,-8.999192897497982,1.4020101390647908,0.4788690265180463,-0.6231220707135069,표본 부족,방향 불일치
valid,operating_adjusted_residual_z,MRO-50009,Electrical,temp_motor_degC,health,2.0,4,242,7,0.30272715687523893,0.0,-30.272715687523892,-47.62476459510357,-17.605994152046783,1.3157419295155455,1.0620827228257153,-0.2457627118644068,표본 부족,방향 불일치
valid,operating_adjusted_residual_z,MRO-50009,Electrical,temp_motor_degC,health,3.0,4,242,7,0.16368605128640812,0.0,-16.368605128640812,-24.604741019214696,-8.268375741613923,1.3157419295155455,1.0620827228257153,-0.2457627118644068,표본 부족,방향 불일치
valid,operating_adjusted_residual_z,MRO-50009,Electrical,vibration_h_mms,health,2.0,4,242,7,0.4585120994576838,0.5,4.148790054231622,-53.795718108831394,64.30555555555553,1.9831031696009849,1.869581493954016,-0.009249819463914039,표본 부족,방향 일치
valid,operating_adjusted_residual_z,MRO-50009,Electrical,vibration_h_mms,health,3.0,4,242,7,0.22258683431743198,0.125,-9.758683431743197,-34.175826218087586,34.12883373688459,1.9831031696009849,1.869581493954016,-0.009249819463914039,표본 부족,방향 불일치
valid,operating_adjusted_residual_z,MRO-50009,Electrical,vibration_v_mms,health,2.0,4,242,7,0.3785487730626,0.375,-0.3548773062599986,-48.17188628350537,62.316468253968246,1.5174284693739732,1.7026070732179885,-0.09846650524616628,표본 부족,방향 불일치
valid,operating_adjusted_residual_z,MRO-50009,Electrical,vibration_v_mms,health,3.0,4,242,7,0.1966887557877745,0.375,17.83112442122255,-26.719446922390723,72.93650793650784,1.5174284693739732,1.7026070732179885,-0.09846650524616628,표본 부족,방향 불일치
valid,operating_adjusted_residual_z,MRO-50009,Electrical,oil_pressure_bar,health,2.0,4,242,7,0.3133256870991037,0.25,-6.332568709910369,-42.77744148506861,49.375,1.3577319992132604,1.3862680404561034,0.013731362304065256,표본 부족,방향 불일치
valid,operating_adjusted_residual_z,MRO-50009,Electrical,oil_pressure_bar,health,3.0,4,242,7,0.15187332738626225,0.0,-15.187332738626225,-22.81561070755986,-8.228144513826942,1.3577319992132604,1.3862680404561034,0.013731362304065256,표본 부족,방향 불일치
valid,operating_adjusted_residual_z,MRO-60015,Coupling,temp_bearing_degC,health,2.0,7,416,13,0.30781866998574026,0.4642857142857143,15.646704429997405,-18.94458358093346,51.936186795448286,1.1984365795709484,1.649751598661905,0.15759651970305724,약한 후보,방향 일치
valid,operating_adjusted_residual_z,MRO-60015,Coupling,temp_bearing_degC,health,3.0,7,416,13,0.1476535391789629,0.0,-14.76535391789629,-20.822984202372826,-8.894738534266377,1.1984365795709484,1.649751598661905,0.15759651970305724,방향 불일치,방향 불일치
valid,operating_adjusted_residual_z,MRO-60015,Coupling,temp_motor_degC,health,2.0,7,416,13,0.294794164225157,0.07142857142857142,-22.336559279658555,-39.109670041419434,3.5007763064663826,1.3038566911927194,0.881883517122356,-0.38529989425873207,방향 불일치,방향 불일치
valid,operating_adjusted_residual_z,MRO-60015,Coupling,temp_motor_degC,health,3.0,7,416,13,0.1230000315351405,0.07142857142857142,-5.157146010656907,-17.790322481303104,20.196897410275128,1.3038566911927194,0.881883517122356,-0.38529989425873207,방향 불일치,방향 불일치
valid,operating_adjusted_residual_z,MRO-60015,Coupling,vibration_h_mms,health,2.0,7,416,13,0.4080654570969341,0.39285714285714285,-1.5208314239791243,-33.94359650639917,29.786840866290017,1.671916329106809,1.5897597071742209,-0.049747078318506895,방향 불일치,방향 불일치
valid,operating_adjusted_residual_z,MRO-60015,Coupling,vibration_h_mms,health,3.0,7,416,13,0.17861693279368823,0.0,-17.861693279368822,-24.31584869932328,-12.14720726766732,1.671916329106809,1.5897597071742209,-0.049747078318506895,방향 불일치,방향 불일치
valid,operating_adjusted_residual_z,MRO-60015,Coupling,vibration_v_mms,health,2.0,7,416,13,0.38894099578118946,0.21428571428571427,-17.46552814954752,-41.238911948960386,9.850301702601946,1.6698972085124366,1.6165276736007697,-0.025562138516133696,방향 불일치,방향 불일치
valid,operating_adjusted_residual_z,MRO-60015,Coupling,vibration_v_mms,health,3.0,7,416,13,0.1848876462072588,0.14285714285714285,-4.203050335011596,-21.82900217888111,25.766657945229376,1.6698972085124366,1.6165276736007697,-0.025562138516133696,방향 불일치,방향 불일치
valid,operating_adjusted_residual_z,MRO-60015,Coupling,oil_pressure_bar,health,2.0,7,416,13,0.3385391198345193,0.10714285714285714,-23.139626269166214,-38.80475048559188,1.8003217692987639,1.4150077953994296,0.860189247547164,-0.3885212581338489,방향 불일치,방향 불일치
valid,operating_adjusted_residual_z,MRO-60015,Coupling,oil_pressure_bar,health,3.0,7,416,13,0.14815322333482137,0.0,-14.815322333482136,-21.022133973102495,-9.074973503090938,1.4150077953994296,0.860189247547164,-0.3885212581338489,방향 불일치,방향 불일치
valid,operating_adjusted_residual_z,MRO-60016,Coupling,temp_bearing_degC,health,2.0,7,419,14,0.30606758948163304,0.5,19.393241051836696,-20.821298119421602,59.69163542044897,1.1925964094140264,2.1208415035253534,0.29518330651502567,약한 후보,방향 일치
valid,operating_adjusted_residual_z,MRO-60016,Coupling,temp_bearing_degC,health,3.0,7,419,14,0.13425266778777672,0.21428571428571427,8.003304649793755,-15.118653340202975,42.70552156569104,1.1925964094140264,2.1208415035253534,0.29518330651502567,약한 후보,방향 일치
valid,operating_adjusted_residual_z,MRO-60016,Coupling,temp_motor_degC,health,2.0,7,419,14,0.29880128838966613,0.3,0.1198711610333858,-34.88165204448497,38.38833973398138,1.3730659024343264,1.6465327036154511,-0.16835361213085184,방향 불일치,방향 불일치
valid,operating_adjusted_residual_z,MRO-60016,Coupling,temp_motor_degC,health,3.0,7,419,14,0.14115782880916053,0.1285714285714286,-1.2586400237731943,-18.496216051906124,25.323953353614364,1.3730659024343264,1.6465327036154511,-0.16835361213085184,방향 불일치,방향 불일치
valid,operating_adjusted_residual_z,MRO-60016,Coupling,vibration_h_mms,health,2.0,7,419,14,0.40559471019519444,0.37142857142857144,-3.4166138766623,-36.55611129521541,32.230514855514855,1.6852413486796556,1.9390826011066886,0.0377207278417932,방향 불일치,방향 불일치
valid,operating_adjusted_residual_z,MRO-60016,Coupling,vibration_h_mms,health,3.0,7,419,14,0.17856985181440388,0.24285714285714285,6.428729104273898,-19.078032002971472,38.28821377035662,1.6852413486796556,1.9390826011066886,0.0377207278417932,약한 후보,방향 일치
valid,operating_adjusted_residual_z,MRO-60016,Coupling,vibration_v_mms,health,2.0,7,419,14,0.398684138030385,0.2571428571428572,-14.154128088752781,-42.13776471040394,18.104485069678773,1.5969888078396433,1.3559475599380975,-0.17460782961993618,방향 불일치,방향 불일치
valid,operating_adjusted_residual_z,MRO-60016,Coupling,vibration_v_mms,health,3.0,7,419,14,0.18710813892411954,0.09999999999999999,-8.710813892411954,-23.139143544107224,15.877066055637481,1.5969888078396433,1.3559475599380975,-0.17460782961993618,방향 불일치,방향 불일치
valid,operating_adjusted_residual_z,MRO-60016,Coupling,oil_pressure_bar,health,2.0,7,419,14,0.3360605988935287,0.34285714285714286,0.6796543963614177,-33.04810863739435,40.71577870609345,1.3906116646043525,1.8811189003591653,0.07549876453024153,방향 불일치,방향 불일치
valid,operating_adjusted_residual_z,MRO-60016,Coupling,oil_pressure_bar,health,3.0,7,419,14,0.15197385790606127,0.24285714285714285,9.088328495108158,-16.653295755898657,41.707395409271925,1.3906116646043525,1.8811189003591653,0.07549876453024153,약한 후보,방향 일치
valid,operating_adjusted_residual_z,MRO-70004,Lubrication,temp_bearing_degC,health,2.0,6,363,12,0.345203885056695,0.4305555555555555,8.53516704988605,-27.9604041884372,45.59559916741005,1.3176471709069202,1.4868249609537891,0.09390112068524199,약한 후보,방향 일치
valid,operating_adjusted_residual_z,MRO-70004,Lubrication,temp_bearing_degC,health,3.0,6,363,12,0.1494856128442212,0.09722222222222221,-5.2263390621999,-19.9108190084439,18.4717013996675,1.3176471709069202,1.4868249609537891,0.09390112068524199,방향 불일치,방향 불일치
valid,operating_adjusted_residual_z,MRO-70004,Lubrication,temp_motor_degC,health,2.0,6,363,12,0.24740628915472804,0.09722222222222221,-15.018406693250583,-28.813604410671765,8.98370337331086,1.1253405176190403,1.0766482758343165,-0.07030912969806814,방향 불일치,방향 불일치
valid,operating_adjusted_residual_z,MRO-70004,Lubrication,temp_motor_degC,health,3.0,6,363,12,0.114753401684713,0.05555555555555555,-5.919784612915745,-16.049438568171844,12.454519678705662,1.1253405176190403,1.0766482758343165,-0.07030912969806814,방향 불일치,방향 불일치
valid,operating_adjusted_residual_z,MRO-70004,Lubrication,vibration_h_mms,health,2.0,6,363,12,0.4324139698805176,0.4444444444444444,1.2030474563926807,-34.325276104937124,36.71155184970972,1.8107439675399313,1.9310251720475125,0.019063721160063718,방향 불일치,방향 불일치
valid,operating_adjusted_residual_z,MRO-70004,Lubrication,vibration_h_mms,health,3.0,6,363,12,0.20177846651976894,0.25,4.822153348023106,-18.712383504756385,40.85633958955769,1.8107439675399313,1.9310251720475125,0.019063721160063718,방향 불일치,방향 불일치
valid,operating_adjusted_residual_z,MRO-70004,Lubrication,vibration_v_mms,health,2.0,6,363,12,0.38764433356315603,0.27777777777777773,-10.98665557853783,-40.74015193350608,24.092598787458275,1.600741891861822,1.6179317384919178,-0.05809712060827135,방향 불일치,방향 불일치
valid,operating_adjusted_residual_z,MRO-70004,Lubrication,vibration_v_mms,health,3.0,6,363,12,0.2024109237311735,0.13888888888888887,-6.352203484228464,-25.078701479905764,24.94441943806348,1.600741891861822,1.6179317384919178,-0.05809712060827135,방향 불일치,방향 불일치
valid,operating_adjusted_residual_z,MRO-70004,Lubrication,oil_pressure_bar,health,2.0,6,363,12,0.3064830063714988,0.5833333333333334,27.68503269618346,-10.592847830135966,61.24309891961541,1.27710818513237,2.056032661903839,0.27808805658939467,방향 불일치,방향 불일치
valid,operating_adjusted_residual_z,MRO-70004,Lubrication,oil_pressure_bar,health,3.0,6,363,12,0.13675984289275991,0.16666666666666666,2.9906823773906743,-17.9418600281669,35.97756927629808,1.27710818513237,2.056032661903839,0.27808805658939467,방향 불일치,방향 불일치
valid,operating_adjusted_residual_z,MRO-70005,Lubrication,temp_bearing_degC,health,2.0,5,310,11,0.33181825707249435,0.4666666666666666,13.484840959417227,-28.2,55.86776556776556,1.2061336487356078,1.768290944139799,0.19052303001455542,방향 불일치,방향 불일치
valid,operating_adjusted_residual_z,MRO-70005,Lubrication,temp_bearing_degC,health,3.0,5,310,11,0.1285381097245504,0.16666666666666666,3.8128556942116254,-16.47641605099232,36.78463194056414,1.2061336487356078,1.768290944139799,0.19052303001455542,방향 불일치,방향 불일치
valid,operating_adjusted_residual_z,MRO-70005,Lubrication,temp_motor_degC,health,2.0,5,310,11,0.3150232818029428,0.4,8.49767181970572,-31.496794871794872,51.985788787483685,1.3858874855388241,2.060906655984609,0.08625683795175323,방향 불일치,방향 불일치
valid,operating_adjusted_residual_z,MRO-70005,Lubrication,temp_motor_degC,health,3.0,5,310,11,0.14008857432586247,0.3,15.991142567413752,-14.859451377247986,59.613350820554196,1.3858874855388241,2.060906655984609,0.08625683795175323,방향 불일치,방향 불일치
valid,operating_adjusted_residual_z,MRO-70005,Lubrication,vibration_h_mms,health,2.0,5,310,11,0.39970613190952176,0.4666666666666666,6.6960534757144865,-33.48508722915503,47.65540293040292,1.657457420345656,1.8607884676661577,0.08191545428833562,방향 불일치,방향 불일치
valid,operating_adjusted_residual_z,MRO-70005,Lubrication,vibration_h_mms,health,3.0,5,310,11,0.16247739078247553,0.26666666666666666,10.418927588419113,-17.978549698888678,51.47703793381758,1.657457420345656,1.8607884676661577,0.08191545428833562,방향 불일치,방향 불일치
valid,operating_adjusted_residual_z,MRO-70005,Lubrication,vibration_v_mms,health,2.0,5,310,11,0.3686833881749136,0.36666666666666664,-0.20167215082469436,-35.590004345936556,41.21376264977959,1.5106463076554995,1.8003643504632056,0.07899443306222967,방향 불일치,방향 불일치
valid,operating_adjusted_residual_z,MRO-70005,Lubrication,vibration_v_mms,health,3.0,5,310,11,0.17443099273607748,0.36666666666666664,19.223567393058914,-16.77281306264357,60.49740951139256,1.5106463076554995,1.8003643504632056,0.07899443306222967,약한 후보,방향 일치
valid,operating_adjusted_residual_z,MRO-70005,Lubrication,oil_pressure_bar,health,2.0,5,310,11,0.3202936611411188,0.4666666666666666,14.637300552554782,-27.06703296703297,56.175921442023146,1.3177688439523876,1.9597622273545465,0.1726886860785166,약한 후보,방향 일치
valid,operating_adjusted_residual_z,MRO-70005,Lubrication,oil_pressure_bar,health,3.0,5,310,11,0.14737505432420686,0.26666666666666666,11.92916123424598,-16.485499058380416,52.50256048095031,1.3177688439523876,1.9597622273545465,0.1726886860785166,방향 불일치,방향 불일치
valid,operating_adjusted_residual_z,MRO-80001,Sensor,temp_bearing_degC,health,2.0,9,528,18,0.32907638620048174,0.25,-7.907638620048174,-31.912296086117816,22.800474837842245,1.2843518013514637,1.5502703142342018,0.027828826936766273,방향 불일치,방향 불일치
valid,operating_adjusted_residual_z,MRO-80001,Sensor,temp_bearing_degC,health,3.0,9,528,18,0.1562735040681319,0.08333333333333333,-7.294017073479857,-19.984391761859797,17.529971111842453,1.2843518013514637,1.5502703142342018,0.027828826936766273,방향 불일치,방향 불일치
valid,operating_adjusted_residual_z,MRO-80001,Sensor,temp_motor_degC,health,2.0,9,528,18,0.26170547009331824,0.5648148148148148,30.310934472149654,-1.6528665158422815,62.13622607995191,1.1732621807976458,2.067107994658711,0.39860042601642365,약한 후보,방향 일치
valid,operating_adjusted_residual_z,MRO-80001,Sensor,temp_motor_degC,health,3.0,9,528,18,0.11482063666373311,0.25,13.51793633362669,-12.061044592322467,43.64015668109235,1.1732621807976458,2.067107994658711,0.39860042601642365,약한 후보,방향 일치
valid,operating_adjusted_residual_z,MRO-80001,Sensor,vibration_h_mms,health,2.0,9,528,18,0.4056908695574569,0.5185185185185185,11.282764896106157,-23.73030715526255,42.470866211115485,1.7215416117901947,2.0298145927456646,0.10648677522996089,약한 후보,방향 일치
valid,operating_adjusted_residual_z,MRO-80001,Sensor,vibration_h_mms,health,3.0,9,528,18,0.19326383364692415,0.17592592592592593,-1.7337907720998218,-20.78668737128446,24.808823903159304,1.7215416117901947,2.0298145927456646,0.10648677522996089,방향 불일치,방향 불일치
valid,operating_adjusted_residual_z,MRO-80001,Sensor,vibration_v_mms,health,2.0,9,528,18,0.38007056901645064,0.4907407407407407,11.067017172429006,-19.776321342092228,42.802354307650916,1.6256768483711506,1.9457243181937491,0.17518250756926543,약한 후보,방향 일치
valid,operating_adjusted_residual_z,MRO-80001,Sensor,vibration_v_mms,health,3.0,9,528,18,0.19368547178786055,0.1111111111111111,-8.257436067674945,-23.332280844286498,15.91005434720124,1.6256768483711506,1.9457243181937491,0.17518250756926543,방향 불일치,방향 불일치
valid,operating_adjusted_residual_z,MRO-80001,Sensor,oil_pressure_bar,health,2.0,9,528,18,0.30770370485158866,0.2222222222222222,-8.548148262936644,-30.588334632900498,21.07288205236465,1.3140116108649114,1.3358166444474586,-0.03786796750420499,방향 불일치,방향 불일치
valid,operating_adjusted_residual_z,MRO-80001,Sensor,oil_pressure_bar,health,3.0,9,528,18,0.12978687831993413,0.027777777777777776,-10.200910054215635,-17.777945342396727,2.2215288788351018,1.3140116108649114,1.3358166444474586,-0.03786796750420499,방향 불일치,방향 불일치
valid,operating_adjusted_residual_z,MRO-80002,Sensor,temp_bearing_degC,health,2.0,7,420,13,0.33045597349471445,0.38095238095238093,5.049640745766649,-31.236678004535143,43.976740554979045,1.2535723502903688,3.3173375907332665,0.269852898424327,약한 후보,방향 일치
valid,operating_adjusted_residual_z,MRO-80002,Sensor,temp_bearing_degC,health,3.0,7,420,13,0.14642366869969775,0.2857142857142857,13.929061701458794,-14.334805075876504,44.03120124987558,1.2535723502903688,3.3173375907332665,0.269852898424327,약한 후보,방향 일치
valid,operating_adjusted_residual_z,MRO-80002,Sensor,temp_motor_degC,health,2.0,7,420,13,0.2974845058985495,0.29761904761904756,0.013454172049803814,-31.215208117145163,36.446817771726955,1.3292068316101484,1.7937716554682182,0.09915855375903807,방향 불일치,방향 불일치
valid,operating_adjusted_residual_z,MRO-80002,Sensor,temp_motor_degC,health,3.0,7,420,13,0.13114792346027213,0.14285714285714285,1.1709219396870725,-17.552099747620325,30.627178573153156,1.3292068316101484,1.7937716554682182,0.09915855375903807,방향 불일치,방향 불일치
valid,operating_adjusted_residual_z,MRO-80002,Sensor,vibration_h_mms,health,2.0,7,420,13,0.37412871855971125,0.2857142857142857,-8.841443284542555,-39.70509931844678,26.331458224315362,1.604098609341357,1.5144099026537543,-0.037953182142044135,방향 불일치,방향 불일치
valid,operating_adjusted_residual_z,MRO-80002,Sensor,vibration_h_mms,health,3.0,7,420,13,0.16301295108801162,0.047619047619047616,-11.5393903468964,-21.108749055177626,7.391628873771719,1.604098609341357,1.5144099026537543,-0.037953182142044135,방향 불일치,방향 불일치
valid,operating_adjusted_residual_z,MRO-80002,Sensor,vibration_v_mms,health,2.0,7,420,13,0.3600006060659814,0.19047619047619047,-16.952441558979093,-39.79403833096327,15.249149659863932,1.5689455143557374,1.4062369284431733,-0.14316037294245526,방향 불일치,방향 불일치
valid,operating_adjusted_residual_z,MRO-80002,Sensor,vibration_v_mms,health,3.0,7,420,13,0.17155123819772733,0.14285714285714285,-2.8694095340584482,-20.689008513009725,26.264303157160303,1.5689455143557374,1.4062369284431733,-0.14316037294245526,방향 불일치,방향 불일치
valid,operating_adjusted_residual_z,MRO-80002,Sensor,oil_pressure_bar,health,2.0,7,420,13,0.3097524639292194,0.21428571428571427,-9.546674964350514,-33.63372827401278,22.645617453123503,1.3275137472272571,0.9973598499839694,-0.34741845456131165,방향 불일치,방향 불일치
valid,operating_adjusted_residual_z,MRO-80002,Sensor,oil_pressure_bar,health,3.0,7,420,13,0.14192700403354155,0.07142857142857142,-7.049843260497013,-18.827474079592726,15.797732746582625,1.3275137472272571,0.9973598499839694,-0.34741845456131165,방향 불일치,방향 불일치
valid,operating_adjusted_residual_z,MRO-90011,Fastener,temp_bearing_degC,health,2.0,8,475,13,0.3102198550821432,0.5,18.97801449178568,-17.634672619047617,53.97924925043567,1.2136257008712956,1.8435237037678283,0.11971513263886147,방향 불일치,방향 불일치
valid,operating_adjusted_residual_z,MRO-90011,Fastener,temp_bearing_degC,health,3.0,8,475,13,0.13979251288573322,0.1875,4.770748711426679,-15.489560360190659,34.84732213995986,1.2136257008712956,1.8435237037678283,0.11971513263886147,방향 불일치,방향 불일치
valid,operating_adjusted_residual_z,MRO-90011,Fastener,temp_motor_degC,health,2.0,8,475,13,0.2993975559123864,0.25,-4.939755591238643,-32.37212202228092,28.41550463425463,1.3486437471859796,1.316468785636976,-0.061424478691427836,방향 불일치,방향 불일치
valid,operating_adjusted_residual_z,MRO-90011,Fastener,temp_motor_degC,health,3.0,8,475,13,0.13913810020801545,0.0,-13.913810020801545,-19.640965114217234,-9.038409786423559,1.3486437471859796,1.316468785636976,-0.061424478691427836,방향 불일치,방향 불일치
valid,operating_adjusted_residual_z,MRO-90011,Fastener,vibration_h_mms,health,2.0,8,475,13,0.38614537142079514,0.16666666666666666,-21.94787047541285,-40.03216215477868,5.947662139531839,1.6510371476866101,1.5748830675485708,0.012471442556188317,방향 불일치,방향 불일치
valid,operating_adjusted_residual_z,MRO-90011,Fastener,vibration_h_mms,health,3.0,8,475,13,0.1718736203376034,0.10416666666666666,-6.770695367093674,-20.989547440553796,17.735592929316432,1.6510371476866101,1.5748830675485708,0.012471442556188317,방향 불일치,방향 불일치
valid,operating_adjusted_residual_z,MRO-90011,Fastener,vibration_v_mms,health,2.0,8,475,13,0.37786647791944405,0.29166666666666663,-8.619981125277743,-35.211769016059264,20.622078177824992,1.5872583879417765,1.4902325943651427,-0.07759016328931582,방향 불일치,방향 불일치
valid,operating_adjusted_residual_z,MRO-90011,Fastener,vibration_v_mms,health,3.0,8,475,13,0.17934462155860462,0.10416666666666666,-7.517795489193796,-21.306089096872995,22.119249188899598,1.5872583879417765,1.4902325943651427,-0.07759016328931582,방향 불일치,방향 불일치
valid,operating_adjusted_residual_z,MRO-90011,Fastener,oil_pressure_bar,health,2.0,8,475,13,0.31860659546040904,0.14583333333333331,-17.27732621270757,-36.73143828864168,10.650011579169403,1.3670526030019672,1.5059305442471533,-0.016423885279817488,방향 불일치,방향 불일치
valid,operating_adjusted_residual_z,MRO-90011,Fastener,oil_pressure_bar,health,3.0,8,475,13,0.14190569709637504,0.041666666666666664,-10.023903042970838,-19.12076621491346,8.892939814814802,1.3670526030019672,1.5059305442471533,-0.016423885279817488,방향 불일치,방향 불일치
valid,operating_adjusted_residual_z,MRO-90012,Fastener,temp_bearing_degC,health,2.0,6,359,8,0.3413017686545787,0.4444444444444444,10.314267578986575,-27.08808814236446,47.56887928208177,1.2544555006750027,2.1950219970664517,0.2975043268754241,표본 부족,방향 불일치
valid,operating_adjusted_residual_z,MRO-90012,Fastener,temp_bearing_degC,health,3.0,6,359,8,0.17091418427279267,0.27777777777777773,10.686359350498506,-16.66288337368846,45.2665597950221,1.2544555006750027,2.1950219970664517,0.2975043268754241,표본 부족,방향 불일치
valid,operating_adjusted_residual_z,MRO-90012,Fastener,temp_motor_degC,health,2.0,6,359,8,0.3064671357155746,0.05555555555555555,-25.091158016001902,-40.31832759865767,-2.145300234506305,1.2521356146191605,0.9283188006087957,-0.31307359917975436,표본 부족,방향 불일치
valid,operating_adjusted_residual_z,MRO-90012,Fastener,temp_motor_degC,health,3.0,6,359,8,0.13479308422439554,0.05555555555555555,-7.923752866883999,-19.188747085463184,14.1473828666625,1.2521356146191605,0.9283188006087957,-0.31307359917975436,표본 부족,방향 불일치
valid,operating_adjusted_residual_z,MRO-90012,Fastener,vibration_h_mms,health,2.0,6,359,8,0.4248742873408351,0.38888888888888884,-3.598539845194626,-47.197922736727385,42.27058111380145,1.7697855283371264,1.2552745321102303,-0.21567342773854817,표본 부족,방향 불일치
valid,operating_adjusted_residual_z,MRO-90012,Fastener,vibration_h_mms,health,3.0,6,359,8,0.1997282019695044,0.0,-19.97282019695044,-29.206085187073143,-12.218087977621876,1.7697855283371264,1.2552745321102303,-0.21567342773854817,표본 부족,방향 불일치
valid,operating_adjusted_residual_z,MRO-90012,Fastener,vibration_v_mms,health,2.0,6,359,8,0.37223428065310316,0.2222222222222222,-15.001205843088094,-44.50066822858973,24.21721476251471,1.6318855579493492,1.330289911448119,-0.14342513715841101,표본 부족,방향 불일치
valid,operating_adjusted_residual_z,MRO-90012,Fastener,vibration_v_mms,health,3.0,6,359,8,0.19520192902217878,0.05555555555555555,-13.964637346662323,-25.221528397264347,6.891788982361002,1.6318855579493492,1.330289911448119,-0.14342513715841101,표본 부족,방향 불일치
valid,operating_adjusted_residual_z,MRO-90012,Fastener,oil_pressure_bar,health,2.0,6,359,8,0.3210994084879009,0.3333333333333333,1.2233924845432398,-34.965070612846034,43.76640887175566,1.3834256659285789,2.15730860245862,0.11787735672659849,표본 부족,방향 일치
valid,operating_adjusted_residual_z,MRO-90012,Fastener,oil_pressure_bar,health,3.0,6,359,8,0.1427122238451409,0.16666666666666666,2.3954442821525754,-17.591233795320548,35.47862924504874,1.3834256659285789,2.15730860245862,0.11787735672659849,표본 부족,방향 일치
test,operating_adjusted_residual_z,MRO-10045,Bearing,temp_bearing_degC,health,2.0,7,408,19,0.314436523814683,0.05238095238095238,-26.205557143373063,-38.066013891589854,-10.424828477266779,1.4020610788703531,0.9551899284668347,-0.2643573120883126,방향 불일치,방향 불일치
test,operating_adjusted_residual_z,MRO-10045,Bearing,temp_bearing_degC,health,3.0,7,408,19,0.17725866188074108,0.023809523809523808,-15.344913807121726,-24.173259658177614,-3.9865522658790526,1.4020610788703531,0.9551899284668347,-0.2643573120883126,방향 불일치,방향 불일치
test,operating_adjusted_residual_z,MRO-10045,Bearing,temp_motor_degC,health,2.0,7,408,19,0.28677617577704495,0.37142857142857144,8.465239565152649,-21.223218817633487,40.35489318242936,1.2168012357849545,1.6687965017705686,0.13282802503571645,방향 불일치,방향 불일치
test,operating_adjusted_residual_z,MRO-10045,Bearing,temp_motor_degC,health,3.0,7,408,19,0.11498641448215964,0.07142857142857142,-4.355784305358822,-14.972569605728193,16.04797051385701,1.2168012357849545,1.6687965017705686,0.13282802503571645,방향 불일치,방향 불일치
test,operating_adjusted_residual_z,MRO-10045,Bearing,vibration_h_mms,health,2.0,7,408,19,0.45716163228571005,0.5476190476190476,9.04574153333375,-32.370448619758385,52.532573334212,1.8591123436818398,2.08008702933984,0.11972606659527872,방향 불일치,방향 불일치
test,operating_adjusted_residual_z,MRO-10045,Bearing,vibration_h_mms,health,3.0,7,408,19,0.24316129646661302,0.35714285714285715,11.398156067624413,-25.974640464553733,48.6676649709549,1.8591123436818398,2.08008702933984,0.11972606659527872,방향 불일치,방향 불일치
test,operating_adjusted_residual_z,MRO-10045,Bearing,vibration_v_mms,health,2.0,7,408,19,0.4088449692515675,0.6285714285714287,21.97264593198612,-14.539530417183549,53.312830279426,1.715789225065922,2.2027203320042767,0.15566857358912004,방향 불일치,방향 불일치
test,operating_adjusted_residual_z,MRO-10045,Bearing,vibration_v_mms,health,3.0,7,408,19,0.21100186001015772,0.35714285714285715,14.614099713269942,-21.270902434621348,54.82271381067193,1.715789225065922,2.2027203320042767,0.15566857358912004,방향 불일치,방향 불일치
test,operating_adjusted_residual_z,MRO-10045,Bearing,oil_pressure_bar,health,2.0,7,408,19,0.3051824201352727,0.2285714285714286,-7.6610991563844095,-33.64780068209656,28.100578575170776,1.2773338922097168,1.4850399454397056,-0.028720687303618937,방향 불일치,방향 불일치
test,operating_adjusted_residual_z,MRO-10045,Bearing,oil_pressure_bar,health,3.0,7,408,19,0.1291759357057985,0.028571428571428574,-10.06045071343699,-18.98449029673046,4.465734561457088,1.2773338922097168,1.4850399454397056,-0.028720687303618937,방향 불일치,방향 불일치
test,operating_adjusted_residual_z,MRO-10046,Bearing,temp_bearing_degC,health,2.0,8,484,18,0.3330099481580998,0.3333333333333333,0.032338517523350374,-26.985808383667866,31.490174444745502,1.3529120096917193,1.718687670028588,0.12247773182172565,관계 미약,방향 일치
test,operating_adjusted_residual_z,MRO-10046,Bearing,temp_bearing_degC,health,3.0,8,484,18,0.17652088199685878,0.0625,-11.402088199685878,-22.41378226851052,10.184840959821734,1.3529120096917193,1.718687670028588,0.12247773182172565,방향 불일치,방향 불일치
test,operating_adjusted_residual_z,MRO-10046,Bearing,temp_motor_degC,health,2.0,8,484,18,0.3125735526547334,0.2,-11.25735526547334,-33.63125893916986,17.445747812748053,1.3876538107095813,1.0859408164904663,-0.263296829463219,방향 불일치,방향 불일치
test,operating_adjusted_residual_z,MRO-10046,Bearing,temp_motor_degC,health,3.0,8,484,18,0.14092213375467352,0.1125,-2.842213375467352,-17.097301450677296,22.604407003955856,1.3876538107095813,1.0859408164904663,-0.263296829463219,방향 불일치,방향 불일치
test,operating_adjusted_residual_z,MRO-10046,Bearing,vibration_h_mms,health,2.0,8,484,18,0.47188377637421797,0.5333333333333333,6.144955695911536,-25.981573134882126,36.65917323382049,1.9147756577985264,2.1156000120518454,0.018795704641345168,약한 후보,방향 일치
test,operating_adjusted_residual_z,MRO-10046,Bearing,vibration_h_mms,health,3.0,8,484,18,0.26376962307870355,0.22083333333333333,-4.293628974537023,-29.55636089189841,26.71584645189868,1.9147756577985264,2.1156000120518454,0.018795704641345168,방향 불일치,방향 불일치
test,operating_adjusted_residual_z,MRO-10046,Bearing,vibration_v_mms,health,2.0,8,484,18,0.430272223122105,0.45,1.972777687789501,-33.756924666574044,36.13235841459468,1.7887236998521792,2.4141176549266143,0.16789967899092414,방향 불일치,방향 불일치
test,operating_adjusted_residual_z,MRO-10046,Bearing,vibration_v_mms,health,3.0,8,484,18,0.22274340112251942,0.3875,16.47565988774806,-16.522465607846133,51.59644447872017,1.7887236998521792,2.4141176549266143,0.16789967899092414,방향 불일치,방향 불일치
test,operating_adjusted_residual_z,MRO-10046,Bearing,oil_pressure_bar,health,2.0,8,484,18,0.3219748568182258,0.3,-2.197485681822581,-33.97179573636541,33.83900921192269,1.3638578369412908,1.7732249105004088,0.045911788933154174,방향 불일치,방향 불일치
test,operating_adjusted_residual_z,MRO-10046,Bearing,oil_pressure_bar,health,3.0,8,484,18,0.13778915233035494,0.1875,4.971084766964506,-18.074447593139503,37.979477212607485,1.3638578369412908,1.7732249105004088,0.045911788933154174,관계 미약,방향 일치
test,operating_adjusted_residual_z,MRO-10047,Bearing,temp_bearing_degC,health,2.0,8,482,10,0.31316159847032105,0.3125,-0.06615984703210454,-31.827561406977967,34.90172395849657,1.3232292052445955,1.1052586255494101,-0.1946334858798615,방향 불일치,방향 불일치
test,operating_adjusted_residual_z,MRO-10047,Bearing,temp_bearing_degC,health,3.0,8,482,10,0.16681972231800063,0.0,-16.681972231800064,-22.236407733183153,-11.679794582932118,1.3232292052445955,1.1052586255494101,-0.1946334858798615,방향 불일치,방향 불일치
test,operating_adjusted_residual_z,MRO-10047,Bearing,temp_motor_degC,health,2.0,8,482,10,0.3096000171209838,0.375,6.539998287901621,-24.75957496051093,43.19160135865863,1.3298131950305019,1.8345614431305475,0.011993339069424083,약한 후보,방향 일치
test,operating_adjusted_residual_z,MRO-10047,Bearing,temp_motor_degC,health,3.0,8,482,10,0.1328192494252058,0.1875,5.468075057479421,-16.62524591828154,38.14996635475249,1.3298131950305019,1.8345614431305475,0.011993339069424083,방향 불일치,방향 불일치
test,operating_adjusted_residual_z,MRO-10047,Bearing,vibration_h_mms,health,2.0,8,482,10,0.44408121913365894,0.5,5.591878086634106,-32.065261223678256,45.40572565622351,1.8210503158092104,2.057323704837693,0.1274408029148421,약한 후보,방향 일치
test,operating_adjusted_residual_z,MRO-10047,Bearing,vibration_h_mms,health,3.0,8,482,10,0.23273334594519185,0.0625,-17.023334594519184,-30.971041158515856,6.688813014873692,1.8210503158092104,2.057323704837693,0.1274408029148421,방향 불일치,방향 불일치
test,operating_adjusted_residual_z,MRO-10047,Bearing,vibration_v_mms,health,2.0,8,482,10,0.4128398710554978,0.3125,-10.03398710554978,-39.45772159871453,25.43949351213317,1.708127142737296,1.6657272406123973,-0.04076636874854461,방향 불일치,방향 불일치
test,operating_adjusted_residual_z,MRO-10047,Bearing,vibration_v_mms,health,3.0,8,482,10,0.21735386796759823,0.1875,-2.985386796759823,-28.211233455979716,30.19312110888091,1.708127142737296,1.6657272406123973,-0.04076636874854461,방향 불일치,방향 불일치
test,operating_adjusted_residual_z,MRO-10047,Bearing,oil_pressure_bar,health,2.0,8,482,10,0.33163884730291204,0.4375,10.586115269708795,-23.113301319402776,45.31264398937341,1.3875946644521577,1.8208785803005059,-0.03153287174314978,방향 불일치,방향 불일치
test,operating_adjusted_residual_z,MRO-10047,Bearing,oil_pressure_bar,health,3.0,8,482,10,0.1447397916404947,0.25,10.526020835950531,-15.080364523463208,44.07947466633515,1.3875946644521577,1.8208785803005059,-0.03153287174314978,약한 후보,방향 일치
test,operating_adjusted_residual_z,MRO-20031,Seal & Gasket,temp_bearing_degC,health,2.0,7,425,19,0.3466844928102254,0.4523809523809524,10.569645957072698,-23.0867806899241,43.638071399969256,1.3749243876930914,2.0824076105296765,0.24267969958243266,방향 불일치,방향 불일치
test,operating_adjusted_residual_z,MRO-20031,Seal & Gasket,temp_bearing_degC,health,3.0,7,425,19,0.17510376828696694,0.2619047619047619,8.680099361779497,-16.357832591353205,39.36578100409847,1.3749243876930914,2.0824076105296765,0.24267969958243266,방향 불일치,방향 불일치
test,operating_adjusted_residual_z,MRO-20031,Seal & Gasket,temp_motor_degC,health,2.0,7,425,19,0.3330138422591627,0.25,-8.30138422591627,-32.938293302879075,27.96066679132875,1.4328920306936876,1.3298937165349314,-0.11746964369623843,방향 불일치,방향 불일치
test,operating_adjusted_residual_z,MRO-20031,Seal & Gasket,temp_motor_degC,health,3.0,7,425,19,0.14894732961793197,0.15476190476190474,0.5814575143972767,-16.798033591692032,33.7859997897217,1.4328920306936876,1.3298937165349314,-0.11746964369623843,관계 미약,방향 일치
test,operating_adjusted_residual_z,MRO-20031,Seal & Gasket,vibration_h_mms,health,2.0,7,425,19,0.5029761318368786,0.25,-25.29761318368786,-53.017098167537306,11.233182154506173,2.007689553247519,1.2655681868343367,-0.37550669952192306,방향 불일치,방향 불일치
test,operating_adjusted_residual_z,MRO-20031,Seal & Gasket,vibration_h_mms,health,3.0,7,425,19,0.2845018452618598,0.14285714285714285,-14.164470240471694,-33.4535021154054,19.018200944510635,2.007689553247519,1.2655681868343367,-0.37550669952192306,방향 불일치,방향 불일치
test,operating_adjusted_residual_z,MRO-20031,Seal & Gasket,vibration_v_mms,health,2.0,7,425,19,0.44573484095310784,0.2261904761904762,-21.954436476263165,-45.57760567842941,10.300822634598141,1.8275315998554293,1.1484704802226948,-0.31304251479939366,방향 불일치,방향 불일치
test,operating_adjusted_residual_z,MRO-20031,Seal & Gasket,vibration_v_mms,health,3.0,7,425,19,0.24003604196084544,0.07142857142857142,-16.860747053227403,-32.34883677081765,7.886571557172898,1.8275315998554293,1.1484704802226948,-0.31304251479939366,방향 불일치,방향 불일치
test,operating_adjusted_residual_z,MRO-20031,Seal & Gasket,oil_pressure_bar,health,2.0,7,425,19,0.3098598847898367,0.3333333333333333,2.347344854349659,-25.919710096003442,36.409016099108264,1.3361809485926437,1.4360226686894948,-0.14731066620778957,관계 미약,방향 일치
test,operating_adjusted_residual_z,MRO-20031,Seal & Gasket,oil_pressure_bar,health,3.0,7,425,19,0.11873239685212479,0.11904761904761904,0.03152221954942497,-14.34855962867376,26.147588436157957,1.3361809485926437,1.4360226686894948,-0.14731066620778957,방향 불일치,방향 불일치
test,operating_adjusted_residual_z,MRO-20032,Seal & Gasket,temp_bearing_degC,health,2.0,2,112,2,0.330622009569378,0.5,16.937799043062203,-40.35087719298245,72.72727272727273,1.4453761586329241,2.4243128338912223,0.27751196172248804,표본 부족,방향 일치
test,operating_adjusted_residual_z,MRO-20032,Seal & Gasket,temp_bearing_degC,health,3.0,2,112,2,0.18708133971291865,0.5,31.29186602870814,-28.07017543859649,90.9090909090909,1.4453761586329241,2.4243128338912223,0.27751196172248804,표본 부족,방향 일치
test,operating_adjusted_residual_z,MRO-20032,Seal & Gasket,temp_motor_degC,health,2.0,2,112,2,0.31275917065390746,0.5,18.724082934609253,-40.04545454545454,77.19298245614034,1.2873185443514372,1.6830034254048334,-0.014354066985645952,표본 부족,방향 불일치
test,operating_adjusted_residual_z,MRO-20032,Seal & Gasket,temp_motor_degC,health,3.0,2,112,2,0.10749601275917064,0.0,-10.749601275917065,-18.181818181818183,-3.508771929824561,1.2873185443514372,1.6830034254048334,-0.014354066985645952,표본 부족,방향 불일치
test,operating_adjusted_residual_z,MRO-20032,Seal & Gasket,vibration_h_mms,health,2.0,2,112,2,0.46475279106858053,0.0,-46.47527910685805,-58.218500797448165,-34.54545454545455,1.7597229632313467,0.9730304767018385,-0.48229665071770333,표본 부족,방향 불일치
test,operating_adjusted_residual_z,MRO-20032,Seal & Gasket,vibration_h_mms,health,3.0,2,112,2,0.1968102073365231,0.0,-19.68102073365231,-29.622408293460925,-10.526315789473683,1.7597229632313467,0.9730304767018385,-0.48229665071770333,표본 부족,방향 일치
test,operating_adjusted_residual_z,MRO-20032,Seal & Gasket,vibration_v_mms,health,2.0,2,112,2,0.4020733652312599,0.5,9.792663476874008,-47.368421052631575,65.45454545454545,1.5863944355379576,1.9049096508336116,0.0762360446570973,표본 부족,방향 불일치
test,operating_adjusted_residual_z,MRO-20032,Seal & Gasket,vibration_v_mms,health,3.0,2,112,2,0.23221690590111643,0.0,-23.221690590111642,-34.54545454545455,-14.035087719298245,1.5863944355379576,1.9049096508336116,0.0762360446570973,표본 부족,방향 일치
test,operating_adjusted_residual_z,MRO-20032,Seal & Gasket,oil_pressure_bar,health,2.0,2,112,2,0.34035087719298246,0.5,15.964912280701753,-49.09090909090909,77.19298245614034,1.420055990774887,2.3628811789730295,0.388835725677831,표본 부족,방향 불일치
test,operating_adjusted_residual_z,MRO-20032,Seal & Gasket,oil_pressure_bar,health,3.0,2,112,2,0.16108452950558214,0.0,-16.108452950558213,-25.454545454545453,-7.208133971291866,1.420055990774887,2.3628811789730295,0.388835725677831,표본 부족,방향 불일치
test,operating_adjusted_residual_z,MRO-20033,Seal & Gasket,temp_bearing_degC,health,2.0,6,361,8,0.3168366472953769,0.16666666666666666,-15.016998062871027,-38.94065929305333,18.111865769520445,1.3576695761342894,1.672012599403154,-0.12519878308762314,표본 부족,방향 불일치
test,operating_adjusted_residual_z,MRO-20033,Seal & Gasket,temp_bearing_degC,health,3.0,6,361,8,0.16730858182381456,0.16666666666666666,-0.06419151571478987,-22.241514736999598,35.585718902751374,1.3576695761342894,1.672012599403154,-0.12519878308762314,표본 부족,방향 불일치
test,operating_adjusted_residual_z,MRO-20033,Seal & Gasket,temp_motor_degC,health,2.0,6,361,8,0.2985166913861264,0.5,20.148330861387358,-20.19227903244297,61.66662081715098,1.3573067509800152,2.3445169944563604,0.3164407525538306,표본 부족,방향 불일치
test,operating_adjusted_residual_z,MRO-20033,Seal & Gasket,temp_motor_degC,health,3.0,6,361,8,0.1347245365485199,0.3333333333333333,19.860879678481343,-16.00069139899648,56.58723338621541,1.3573067509800152,2.3445169944563604,0.3164407525538306,표본 부족,방향 불일치
test,operating_adjusted_residual_z,MRO-20033,Seal & Gasket,vibration_h_mms,health,2.0,6,361,8,0.43350494987777743,0.3333333333333333,-10.017161654444411,-41.66089923321099,23.43830014012255,1.7773235733779458,1.4022745704226711,-0.2482344572701213,표본 부족,방향 불일치
test,operating_adjusted_residual_z,MRO-20033,Seal & Gasket,vibration_h_mms,health,3.0,6,361,8,0.22504926289669366,0.16666666666666666,-5.838259623002701,-23.516807268714157,22.582934103559225,1.7773235733779458,1.4022745704226711,-0.2482344572701213,표본 부족,방향 불일치
test,operating_adjusted_residual_z,MRO-20033,Seal & Gasket,vibration_v_mms,health,2.0,6,361,8,0.40383133658640297,0.08333333333333333,-32.04980032530697,-48.78894201297154,-5.277286405868276,1.7348041041326023,0.7512340620811981,-0.5595193320215504,표본 부족,방향 불일치
test,operating_adjusted_residual_z,MRO-20033,Seal & Gasket,vibration_v_mms,health,3.0,6,361,8,0.18576163504324553,0.08333333333333333,-10.242830170991219,-25.06927166607947,18.98146924026088,1.7348041041326023,0.7512340620811981,-0.5595193320215504,표본 부족,방향 불일치
test,operating_adjusted_residual_z,MRO-20033,Seal & Gasket,oil_pressure_bar,health,2.0,6,361,8,0.33095226111655407,0.3333333333333333,0.23810722167792453,-32.255869281223546,36.81625272253045,1.353563916782733,1.35673773512342,-0.15633555794890933,표본 부족,방향 일치
test,operating_adjusted_residual_z,MRO-20033,Seal & Gasket,oil_pressure_bar,health,3.0,6,361,8,0.14547260111709018,0.0,-14.547260111709019,-22.56124294735939,-7.682714441130758,1.353563916782733,1.35673773512342,-0.15633555794890933,표본 부족,방향 불일치
test,operating_adjusted_residual_z,MRO-30011,Drive Belt,temp_bearing_degC,health,2.0,8,473,10,0.315516573722463,0.25,-6.5516573722463,-36.7742765867078,31.20244720186448,1.3794200840070368,1.1834898790628043,-0.2526222987321273,방향 불일치,방향 불일치
test,operating_adjusted_residual_z,MRO-30011,Drive Belt,temp_bearing_degC,health,3.0,8,473,10,0.17433209837641767,0.125,-4.933209837641766,-22.8507489421339,22.502650563395907,1.3794200840070368,1.1834898790628043,-0.2526222987321273,방향 불일치,방향 불일치
test,operating_adjusted_residual_z,MRO-30011,Drive Belt,temp_motor_degC,health,2.0,8,473,10,0.2951599230356835,0.25,-4.51599230356835,-31.94402203897204,26.954819666888657,1.2458903817112867,1.4256894940093912,-0.07494252639230777,방향 불일치,방향 불일치
test,operating_adjusted_residual_z,MRO-30011,Drive Belt,temp_motor_degC,health,3.0,8,473,10,0.12561311267188968,0.125,-0.06131126718896818,-16.921266226803972,26.429866656356687,1.2458903817112867,1.4256894940093912,-0.07494252639230777,방향 불일치,방향 불일치
test,operating_adjusted_residual_z,MRO-30011,Drive Belt,vibration_h_mms,health,2.0,8,473,10,0.45193950517307324,0.375,-7.693950517307324,-40.5080591142829,26.499545186863255,1.8492352843321114,2.267046998500299,0.13299185153329668,방향 불일치,방향 불일치
test,operating_adjusted_residual_z,MRO-30011,Drive Belt,vibration_h_mms,health,3.0,8,473,10,0.2377661344082864,0.375,13.723386559171361,-17.62852628360422,51.581995964110284,1.8492352843321114,2.267046998500299,0.13299185153329668,방향 불일치,방향 불일치
test,operating_adjusted_residual_z,MRO-30011,Drive Belt,vibration_v_mms,health,2.0,8,473,10,0.42120088655666,0.4375,1.6299113443340008,-35.06382962441244,35.75063036662318,1.771195820610283,2.0749561396582785,0.1255385277467479,방향 불일치,방향 불일치
test,operating_adjusted_residual_z,MRO-30011,Drive Belt,vibration_v_mms,health,3.0,8,473,10,0.2173189352011957,0.25,3.268106479880431,-24.31958576191489,34.45421832004682,1.771195820610283,2.0749561396582785,0.1255385277467479,방향 불일치,방향 불일치
test,operating_adjusted_residual_z,MRO-30011,Drive Belt,oil_pressure_bar,health,2.0,8,473,10,0.3035730791568252,0.0625,-24.10730791568252,-35.934059089921504,-4.081374480633972,1.2817765059241797,1.0623843537701427,-0.22825800638953705,방향 불일치,방향 불일치
test,operating_adjusted_residual_z,MRO-30011,Drive Belt,oil_pressure_bar,health,3.0,8,473,10,0.12649048220411213,0.0,-12.649048220411213,-18.73165901139387,-7.64361715042009,1.2817765059241797,1.0623843537701427,-0.22825800638953705,방향 불일치,방향 불일치
test,operating_adjusted_residual_z,MRO-30012,Drive Belt,temp_bearing_degC,health,2.0,5,297,8,0.29810312883780976,0.2,-9.810312883780975,-35.22359528522263,28.953454077866326,1.233755897433233,1.052390193000675,-0.19485660760707071,표본 부족,방향 불일치
test,operating_adjusted_residual_z,MRO-30012,Drive Belt,temp_bearing_degC,health,3.0,5,297,8,0.15087633665373723,0.0,-15.087633665373723,-22.164727211400624,-8.945222684287748,1.233755897433233,1.052390193000675,-0.19485660760707071,표본 부족,방향 불일치
test,operating_adjusted_residual_z,MRO-30012,Drive Belt,temp_motor_degC,health,2.0,5,297,8,0.2873590560707736,0.1,-18.73590560707736,-36.3362329257007,12.009655794292609,1.3484365748985612,1.125604184886987,-0.2966645111668491,표본 부족,방향 불일치
test,operating_adjusted_residual_z,MRO-30012,Drive Belt,temp_motor_degC,health,3.0,5,297,8,0.12923834198129752,0.1,-2.9238341981297515,-16.909455567730213,26.317677416112666,1.3484365748985612,1.125604184886987,-0.2966645111668491,표본 부족,방향 불일치
test,operating_adjusted_residual_z,MRO-30012,Drive Belt,vibration_h_mms,health,2.0,5,297,8,0.40894831858787367,0.3,-10.894831858787368,-50.09818356895872,43.8928037436512,1.6082245156801218,1.5924488624185522,-0.13923406148013023,표본 부족,방향 불일치
test,operating_adjusted_residual_z,MRO-30012,Drive Belt,vibration_h_mms,health,3.0,5,297,8,0.20484266431207504,0.2,-0.4842664312075029,-29.058243970762025,42.79007350707734,1.6082245156801218,1.5924488624185522,-0.13923406148013023,표본 부족,방향 불일치
test,operating_adjusted_residual_z,MRO-30012,Drive Belt,vibration_v_mms,health,2.0,5,297,8,0.39327041197192897,0.2,-19.327041197192894,-45.1216412346538,23.316978344521736,1.6058147577473652,1.1875822878666227,-0.24446614781354423,표본 부족,방향 불일치
test,operating_adjusted_residual_z,MRO-30012,Drive Belt,vibration_v_mms,health,3.0,5,297,8,0.18192009670706943,0.0,-18.192009670706945,-26.512821783907036,-10.713720860877777,1.6058147577473652,1.1875822878666227,-0.24446614781354423,표본 부족,방향 불일치
test,operating_adjusted_residual_z,MRO-30012,Drive Belt,oil_pressure_bar,health,2.0,5,297,8,0.3277515526673781,0.2,-12.775155266737809,-38.04346811842671,33.375594914515126,1.3560155798002183,1.4949047024734061,-0.07203857995726973,표본 부족,방향 불일치
test,operating_adjusted_residual_z,MRO-30012,Drive Belt,oil_pressure_bar,health,3.0,5,297,8,0.1484140096113036,0.1,-4.8414009611303594,-23.023366524733397,29.119793424535843,1.3560155798002183,1.4949047024734061,-0.07203857995726973,표본 부족,방향 불일치
test,operating_adjusted_residual_z,MRO-40021,Filter,temp_bearing_degC,health,2.0,6,364,10,0.3368692718481429,0.13888888888888887,-19.798038295925405,-40.119133827670076,9.260093606864093,1.3746405693077826,1.204661088763484,-0.06912938294973044,방향 불일치,방향 불일치
test,operating_adjusted_residual_z,MRO-40021,Filter,temp_bearing_degC,health,3.0,6,364,10,0.17613545075369788,0.0,-17.61354507536979,-25.015406620710834,-10.704647147571533,1.3746405693077826,1.204661088763484,-0.06912938294973044,방향 불일치,방향 불일치
test,operating_adjusted_residual_z,MRO-40021,Filter,temp_motor_degC,health,2.0,6,364,10,0.31902611564062305,0.2222222222222222,-9.680389341840085,-34.34590930439836,29.72428789343157,1.3385671724752726,1.0460477963260637,-0.3220705582950572,방향 불일치,방향 불일치
test,operating_adjusted_residual_z,MRO-40021,Filter,temp_motor_degC,health,3.0,6,364,10,0.14573914850814432,0.16666666666666666,2.092751815852234,-18.402711855376374,37.824868912033885,1.3385671724752726,1.0460477963260637,-0.3220705582950572,방향 불일치,방향 불일치
test,operating_adjusted_residual_z,MRO-40021,Filter,vibration_h_mms,health,2.0,6,364,10,0.46909887827665203,0.3333333333333333,-13.576554494331871,-49.89264414668049,28.596852272120458,1.7878390152318797,1.4222902421771446,-0.23823112988850872,방향 불일치,방향 불일치
test,operating_adjusted_residual_z,MRO-40021,Filter,vibration_h_mms,health,3.0,6,364,10,0.2477591409387495,0.0,-24.775914093874952,-34.81002024460768,-15.290219117218463,1.7878390152318797,1.4222902421771446,-0.23823112988850872,방향 불일치,방향 불일치
test,operating_adjusted_residual_z,MRO-40021,Filter,vibration_v_mms,health,2.0,6,364,10,0.4408695486932184,0.4166666666666667,-2.420288202655174,-42.291957693839414,37.29813677687614,1.737039037736584,1.344684167427969,-0.2578620879377463,방향 불일치,방향 불일치
test,operating_adjusted_residual_z,MRO-40021,Filter,vibration_v_mms,health,3.0,6,364,10,0.22205616826208296,0.0,-22.205616826208296,-29.015464556110228,-15.152109782158814,1.737039037736584,1.344684167427969,-0.2578620879377463,방향 불일치,방향 불일치
test,operating_adjusted_residual_z,MRO-40021,Filter,oil_pressure_bar,health,2.0,6,364,10,0.2680628965870122,0.3055555555555555,3.7492658968543315,-27.63905636600425,41.37760026449513,1.214176657974648,1.7142722736284908,0.0708414381252029,관계 미약,방향 일치
test,operating_adjusted_residual_z,MRO-40021,Filter,oil_pressure_bar,health,3.0,6,364,10,0.10364239552625411,0.3055555555555555,20.191316002930144,-10.849538923596942,56.67284451959648,1.214176657974648,1.7142722736284908,0.0708414381252029,약한 후보,방향 일치
test,operating_adjusted_residual_z,MRO-40022,Filter,temp_bearing_degC,health,2.0,6,354,12,0.32773460537075433,0.2916666666666667,-3.6067938704087643,-34.43405146245345,36.645846886113276,1.3999741272606618,1.2398270815062127,-0.19250096519824222,방향 불일치,방향 불일치
test,operating_adjusted_residual_z,MRO-40022,Filter,temp_bearing_degC,health,3.0,6,354,12,0.18391421832192414,0.0,-18.391421832192414,-26.032242997638473,-11.864024531189022,1.3999741272606618,1.2398270815062127,-0.19250096519824222,방향 불일치,방향 불일치
test,operating_adjusted_residual_z,MRO-40022,Filter,temp_motor_degC,health,2.0,6,354,12,0.298140036977214,0.5,20.185996302278603,-17.851527794929314,60.083237116252654,1.2977763808628084,1.5469296661556715,0.036988484983298354,방향 불일치,방향 불일치
test,operating_adjusted_residual_z,MRO-40022,Filter,temp_motor_degC,health,3.0,6,354,12,0.13135889084416455,0.041666666666666664,-8.969222417749789,-17.381712665402585,7.686901574969418,1.2977763808628084,1.5469296661556715,0.036988484983298354,방향 불일치,방향 불일치
test,operating_adjusted_residual_z,MRO-40022,Filter,vibration_h_mms,health,2.0,6,354,12,0.4542177744884515,0.2916666666666667,-16.255110782178484,-41.65845490123936,12.49804798621309,1.9089737975053984,1.5618080211721832,-0.12493119051595943,방향 불일치,방향 불일치
test,operating_adjusted_residual_z,MRO-40022,Filter,vibration_h_mms,health,3.0,6,354,12,0.25014733786036,0.041666666666666664,-20.848067119369333,-34.295713848350005,-7.733359119308351,1.9089737975053984,1.5618080211721832,-0.12493119051595943,방향 불일치,방향 불일치
test,operating_adjusted_residual_z,MRO-40022,Filter,vibration_v_mms,health,2.0,6,354,12,0.4354457397061824,0.3333333333333333,-10.211240637284908,-41.37746596276744,27.186877249466967,1.8577125008954034,1.4820281415812122,-0.18570231261951184,방향 불일치,방향 불일치
test,operating_adjusted_residual_z,MRO-40022,Filter,vibration_v_mms,health,3.0,6,354,12,0.23024150801774215,0.125,-10.524150801774216,-29.37840582596938,11.805123612379084,1.8577125008954034,1.4820281415812122,-0.18570231261951184,방향 불일치,방향 불일치
test,operating_adjusted_residual_z,MRO-40022,Filter,oil_pressure_bar,health,2.0,6,354,12,0.30421703895122437,0.4583333333333333,15.411629438210895,-21.82803949026337,53.45559441604639,1.2647706637993121,2.1044566778091385,0.11346872490998176,방향 불일치,방향 불일치
test,operating_adjusted_residual_z,MRO-40022,Filter,oil_pressure_bar,health,3.0,6,354,12,0.12375678706256645,0.25,12.624321293743357,-10.404404139643095,41.006665808477074,1.2647706637993121,2.1044566778091385,0.11346872490998176,약한 후보,방향 일치
test,operating_adjusted_residual_z,MRO-50008,Electrical,temp_bearing_degC,health,2.0,7,429,9,0.33123214854432187,0.2857142857142857,-4.551786283003617,-36.47972172218717,29.50737578232518,1.357517968328162,1.7074074545423088,0.006725204942370436,표본 부족,방향 불일치
test,operating_adjusted_residual_z,MRO-50008,Electrical,temp_bearing_degC,health,3.0,7,429,9,0.17836152747692952,0.2857142857142857,10.735275823735618,-19.12979111433431,49.49108985772691,1.357517968328162,1.7074074545423088,0.006725204942370436,표본 부족,방향 불일치
test,operating_adjusted_residual_z,MRO-50008,Electrical,temp_motor_degC,health,2.0,7,429,9,0.3104736705664486,0.42857142857142855,11.809775800497995,-22.587434838174442,51.60923758798308,1.3620183039131248,1.6320617524361531,0.028658283287535335,표본 부족,방향 일치
test,operating_adjusted_residual_z,MRO-50008,Electrical,temp_motor_degC,health,3.0,7,429,9,0.14287204896638014,0.07142857142857142,-7.144347753780872,-18.835095072710388,18.154142557798924,1.3620183039131248,1.6320617524361531,0.028658283287535335,표본 부족,방향 불일치
test,operating_adjusted_residual_z,MRO-50008,Electrical,vibration_h_mms,health,2.0,7,429,9,0.4691658742978075,0.42857142857142855,-4.059444572637894,-31.09125006562243,24.562165410426786,1.9207673920041406,1.9329783480895095,-0.03348018748918794,표본 부족,방향 불일치
test,operating_adjusted_residual_z,MRO-50008,Electrical,vibration_h_mms,health,3.0,7,429,9,0.2702821666354015,0.14285714285714285,-12.742502377825865,-31.168085470424234,11.893460171818584,1.9207673920041406,1.9329783480895095,-0.03348018748918794,표본 부족,방향 불일치
test,operating_adjusted_residual_z,MRO-50008,Electrical,vibration_v_mms,health,2.0,7,429,9,0.4319994238278602,0.14285714285714285,-28.914228097071735,-49.48799482862649,0.6530456739300302,1.7947716878796522,1.2191739407240898,-0.3478151499000205,표본 부족,방향 불일치
test,operating_adjusted_residual_z,MRO-50008,Electrical,vibration_v_mms,health,3.0,7,429,9,0.22079765323093128,0.0,-22.079765323093127,-32.33562585457619,-13.37553338035926,1.7947716878796522,1.2191739407240898,-0.3478151499000205,표본 부족,방향 불일치
test,operating_adjusted_residual_z,MRO-50008,Electrical,oil_pressure_bar,health,2.0,7,429,9,0.310828407792258,0.2857142857142857,-2.511412207797231,-33.76502483638061,39.00279613078032,1.3329505736134075,1.6173041037207985,0.01667149154890255,표본 부족,방향 불일치
test,operating_adjusted_residual_z,MRO-50008,Electrical,oil_pressure_bar,health,3.0,7,429,9,0.1314992909749511,0.14285714285714285,1.1357851882191738,-18.22973495839849,31.854480249259545,1.3329505736134075,1.6173041037207985,0.01667149154890255,표본 부족,방향 일치
test,operating_adjusted_residual_z,MRO-50009,Electrical,temp_bearing_degC,health,2.0,8,479,15,0.34224169688475514,0.16666666666666666,-17.55750302180885,-37.11200917819932,8.35924497497689,1.4159930256374857,1.5919184655637233,0.055317775005160344,방향 불일치,방향 불일치
test,operating_adjusted_residual_z,MRO-50009,Electrical,temp_bearing_degC,health,3.0,8,479,15,0.19275602630925268,0.0,-19.275602630925267,-25.768318437076218,-13.84652715462188,1.4159930256374857,1.5919184655637233,0.055317775005160344,방향 불일치,방향 불일치
test,operating_adjusted_residual_z,MRO-50009,Electrical,temp_motor_degC,health,2.0,8,479,15,0.3155800608607323,0.1875,-12.808006086073231,-33.77004733089734,16.52951564325995,1.3669793972499256,1.1448950772623927,-0.19591473693553088,방향 불일치,방향 불일치
test,operating_adjusted_residual_z,MRO-50009,Electrical,temp_motor_degC,health,3.0,8,479,15,0.13575801377731075,0.0,-13.575801377731075,-18.826351793799088,-8.900535518310605,1.3669793972499256,1.1448950772623927,-0.19591473693553088,방향 불일치,방향 불일치
test,operating_adjusted_residual_z,MRO-50009,Electrical,vibration_h_mms,health,2.0,8,479,15,0.47025672487450093,0.5208333333333334,5.057660845883244,-29.849103827930573,38.847173447536186,1.9089238236213304,1.955990230705049,0.022183868308273187,약한 후보,방향 일치
test,operating_adjusted_residual_z,MRO-50009,Electrical,vibration_h_mms,health,3.0,8,479,15,0.25747364118849414,0.3125,5.502635881150586,-25.01068089828209,39.270291513848754,1.9089238236213304,1.955990230705049,0.022183868308273187,방향 불일치,방향 불일치
test,operating_adjusted_residual_z,MRO-50009,Electrical,vibration_v_mms,health,2.0,8,479,15,0.4321468694152572,0.47916666666666663,4.7019797251409425,-27.983625875941087,37.42169205497149,1.7674125267674605,1.7053222706877254,-0.07152163894376151,방향 불일치,방향 불일치
test,operating_adjusted_residual_z,MRO-50009,Electrical,vibration_v_mms,health,3.0,8,479,15,0.23512314079427946,0.14583333333333334,-8.928980746094611,-28.385527286266406,17.455897337677154,1.7674125267674605,1.7053222706877254,-0.07152163894376151,방향 불일치,방향 불일치
test,operating_adjusted_residual_z,MRO-50009,Electrical,oil_pressure_bar,health,2.0,8,479,15,0.3167399954713101,0.22916666666666666,-8.757332880464345,-32.82218512832897,21.483240874750113,1.3456351541949205,1.3357233094118284,-0.04817215964103372,방향 불일치,방향 불일치
test,operating_adjusted_residual_z,MRO-50009,Electrical,oil_pressure_bar,health,3.0,8,479,15,0.13920397972141324,0.020833333333333332,-11.837064638807991,-19.350905373896843,-0.7814432554827198,1.3456351541949205,1.3357233094118284,-0.04817215964103372,방향 불일치,방향 불일치
test,operating_adjusted_residual_z,MRO-60015,Coupling,temp_bearing_degC,health,2.0,6,358,15,0.32257114060085906,0.38095238095238093,5.838124035152187,-25.643686866269796,41.69422287049194,1.370955943260831,1.4009511206647218,-0.09215834818258516,약한 후보,방향 일치
test,operating_adjusted_residual_z,MRO-60015,Coupling,temp_bearing_degC,health,3.0,6,358,15,0.18156787144035588,0.21428571428571427,3.271784284535839,-21.648445214235437,41.39331462382482,1.370955943260831,1.4009511206647218,-0.09215834818258516,방향 불일치,방향 불일치
test,operating_adjusted_residual_z,MRO-60015,Coupling,temp_motor_degC,health,2.0,6,358,15,0.28830034423688555,0.08333333333333333,-20.496701090355224,-35.93504888223267,9.41598891727425,1.27547915041281,1.4242016049835788,-0.10408154560164358,방향 불일치,방향 불일치
test,operating_adjusted_residual_z,MRO-60015,Coupling,temp_motor_degC,health,3.0,6,358,15,0.1265301089601217,0.08333333333333333,-4.319677562678838,-17.522445128820518,23.34259793675372,1.27547915041281,1.4242016049835788,-0.10408154560164358,방향 불일치,방향 불일치
test,operating_adjusted_residual_z,MRO-60015,Coupling,vibration_h_mms,health,2.0,6,358,15,0.44224099040181497,0.35714285714285715,-8.509813325895783,-47.28822175777021,32.8711367813665,1.7018861020271405,1.7579392122161484,0.014689182251095015,방향 불일치,방향 불일치
test,operating_adjusted_residual_z,MRO-60015,Coupling,vibration_h_mms,health,3.0,6,358,15,0.2341998189048512,0.16666666666666666,-6.753315223818454,-31.846202474354428,30.899403910688893,1.7018861020271405,1.7579392122161484,0.014689182251095015,방향 불일치,방향 불일치
test,operating_adjusted_residual_z,MRO-60015,Coupling,vibration_v_mms,health,2.0,6,358,15,0.40992648046201463,0.3333333333333333,-7.659314712868132,-44.526873560029266,30.558024620305783,1.6300434394713534,1.7218575106885499,-0.12543417424783093,방향 불일치,방향 불일치
test,operating_adjusted_residual_z,MRO-60015,Coupling,vibration_v_mms,health,3.0,6,358,15,0.19541557721471225,0.25,5.458442278528775,-21.508330396596488,46.39894966163154,1.6300434394713534,1.7218575106885499,-0.12543417424783093,방향 불일치,방향 불일치
test,operating_adjusted_residual_z,MRO-60015,Coupling,oil_pressure_bar,health,2.0,6,358,15,0.287141558038555,0.32142857142857145,3.428701339001644,-26.598939506825868,42.67633278739242,1.2549635335507145,1.2676540685142361,-0.07195073160228106,방향 불일치,방향 불일치
test,operating_adjusted_residual_z,MRO-60015,Coupling,oil_pressure_bar,health,3.0,6,358,15,0.13089141769053053,0.047619047619047616,-8.327237007148291,-15.877689237826358,3.8433772149817425,1.2549635335507145,1.2676540685142361,-0.07195073160228106,방향 불일치,방향 불일치
test,operating_adjusted_residual_z,MRO-60016,Coupling,temp_bearing_degC,health,2.0,5,308,6,0.3071629578976388,0.4,9.28370421023612,-30.096396441175013,48.744620255746966,1.223292240474571,2.26746296873701,0.03821044349838325,표본 부족,방향 일치
test,operating_adjusted_residual_z,MRO-60016,Coupling,temp_bearing_degC,health,3.0,5,308,6,0.15571964149704207,0.2,4.428035850295794,-19.482200904617525,41.81275440976934,1.223292240474571,2.26746296873701,0.03821044349838325,표본 부족,방향 일치
test,operating_adjusted_residual_z,MRO-60016,Coupling,temp_motor_degC,health,2.0,5,308,6,0.30257273128444884,0.3,-0.2572731284448848,-36.757167579651934,48.62675142603004,1.4026770152204664,1.1452440392692702,-0.2425211826600727,표본 부족,방향 불일치
test,operating_adjusted_residual_z,MRO-60016,Coupling,temp_motor_degC,health,3.0,5,308,6,0.1470161197590753,0.1,-4.70161197590753,-19.490139630735587,25.673607075215887,1.4026770152204664,1.1452440392692702,-0.2425211826600727,표본 부족,방향 불일치
test,operating_adjusted_residual_z,MRO-60016,Coupling,vibration_h_mms,health,2.0,5,308,6,0.4179511675907227,0.6,18.204883240927728,-25.4617052789633,55.9676065869614,1.6730055183180035,5.258114079954502,0.3503075369747477,표본 부족,방향 불일치
test,operating_adjusted_residual_z,MRO-60016,Coupling,vibration_h_mms,health,3.0,5,308,6,0.2152130346824454,0.4,18.47869653175546,-23.070112123907528,60.90429911601175,1.6730055183180035,5.258114079954502,0.3503075369747477,표본 부족,방향 일치
test,operating_adjusted_residual_z,MRO-60016,Coupling,vibration_v_mms,health,2.0,5,308,6,0.413327392028909,0.7,28.667260797109094,-17.066209783133633,61.2811865553801,1.702774076085289,6.2656645625855285,0.6133584141065597,표본 부족,방향 불일치
test,operating_adjusted_residual_z,MRO-60016,Coupling,vibration_v_mms,health,3.0,5,308,6,0.19348704827402102,0.6,40.6512951725979,-0.8390088188824139,81.59912023460411,1.702774076085289,6.2656645625855285,0.6133584141065597,표본 부족,방향 불일치
test,operating_adjusted_residual_z,MRO-60016,Coupling,oil_pressure_bar,health,2.0,5,308,6,0.33806494298076845,0.3,-3.8064942980768457,-36.99424819282787,39.09425904673164,1.4285662270968205,1.6135599375983287,-0.13752698653117285,표본 부족,방향 불일치
test,operating_adjusted_residual_z,MRO-60016,Coupling,oil_pressure_bar,health,3.0,5,308,6,0.15884136003865404,0.3,14.115863996134594,-15.734606125699049,51.960070045913376,1.4285662270968205,1.6135599375983287,-0.13752698653117285,표본 부족,방향 일치
test,operating_adjusted_residual_z,MRO-70004,Lubrication,temp_bearing_degC,health,2.0,7,425,8,0.3466844928102254,0.7142857142857143,36.76012214754889,0.3405132358930532,68.57800394374866,1.3749243876930914,2.5017363613203605,0.26103697320955643,표본 부족,방향 일치
test,operating_adjusted_residual_z,MRO-70004,Lubrication,temp_bearing_degC,health,3.0,7,425,8,0.17510376828696694,0.42857142857142855,25.34676602844616,-9.295092732450684,61.23242954421194,1.3749243876930914,2.5017363613203605,0.26103697320955643,표본 부족,방향 불일치
test,operating_adjusted_residual_z,MRO-70004,Lubrication,temp_motor_degC,health,2.0,7,425,8,0.3330138422591627,0.5,16.69861577408373,-22.460673737562427,54.35668212757305,1.4328920306936876,2.175643272095055,0.1403373240201477,표본 부족,방향 불일치
test,operating_adjusted_residual_z,MRO-70004,Lubrication,temp_motor_degC,health,3.0,7,425,8,0.14894732961793197,0.14285714285714285,-0.6090186760789124,-19.0073236215563,31.09112598877714,1.4328920306936876,2.175643272095055,0.1403373240201477,표본 부족,방향 불일치
test,operating_adjusted_residual_z,MRO-70004,Lubrication,vibration_h_mms,health,2.0,7,425,8,0.5029761318368786,0.42857142857142855,-7.4404703265450065,-42.399906859657285,30.66058815096677,2.007689553247519,2.4985779613579018,0.13016182964661405,표본 부족,방향 불일치
test,operating_adjusted_residual_z,MRO-70004,Lubrication,vibration_h_mms,health,3.0,7,425,8,0.2845018452618598,0.21428571428571427,-7.021613097614551,-31.501744402760497,25.230683371394456,2.007689553247519,2.4985779613579018,0.13016182964661405,표본 부족,방향 불일치
test,operating_adjusted_residual_z,MRO-70004,Lubrication,vibration_v_mms,health,2.0,7,425,8,0.44573484095310784,0.35714285714285715,-8.859198381025069,-40.75914950143911,30.384568111557435,1.8275315998554293,1.9159459837243458,0.024318633463397438,표본 부족,방향 불일치
test,operating_adjusted_residual_z,MRO-70004,Lubrication,vibration_v_mms,health,3.0,7,425,8,0.24003604196084544,0.2857142857142857,4.567824375344026,-26.331865724364025,39.70810588473454,1.8275315998554293,1.9159459837243458,0.024318633463397438,표본 부족,방향 불일치
test,operating_adjusted_residual_z,MRO-70004,Lubrication,oil_pressure_bar,health,2.0,7,425,8,0.3098598847898367,0.2857142857142857,-2.4145599075551027,-33.70437565126053,33.235919432740985,1.3361809485926437,1.6185072512002132,0.1794819854379075,표본 부족,방향 불일치
test,operating_adjusted_residual_z,MRO-70004,Lubrication,oil_pressure_bar,health,3.0,7,425,8,0.11873239685212479,0.0,-11.873239685212479,-16.772844679807744,-7.432391033674283,1.3361809485926437,1.6185072512002132,0.1794819854379075,표본 부족,방향 불일치
test,operating_adjusted_residual_z,MRO-70005,Lubrication,temp_bearing_degC,health,2.0,6,366,8,0.35307297555184664,0.16666666666666666,-18.640630888517997,-42.07164483614442,22.369962618691645,1.3902120171317296,1.1269881386137774,-0.3278885976311198,표본 부족,방향 불일치
test,operating_adjusted_residual_z,MRO-70005,Lubrication,temp_bearing_degC,health,3.0,6,366,8,0.19024479819637866,0.16666666666666666,-2.3578131529712,-24.474103526831634,34.30137630503266,1.3902120171317296,1.1269881386137774,-0.3278885976311198,표본 부족,방향 불일치
test,operating_adjusted_residual_z,MRO-70005,Lubrication,temp_motor_degC,health,2.0,6,366,8,0.3263012479157553,0.0,-32.63012479157553,-39.78477816093485,-25.657156590621955,1.3429381345593912,0.7656796081346054,-0.4579057684929062,표본 부족,방향 불일치
test,operating_adjusted_residual_z,MRO-70005,Lubrication,temp_motor_degC,health,3.0,6,366,8,0.14805396332295914,0.0,-14.805396332295913,-20.76666459700919,-9.165704792013369,1.3429381345593912,0.7656796081346054,-0.4579057684929062,표본 부족,방향 불일치
test,operating_adjusted_residual_z,MRO-70005,Lubrication,vibration_h_mms,health,2.0,6,366,8,0.5234419117863521,0.4166666666666667,-10.677524511968544,-45.02183487252122,23.848866844873253,2.028469054107841,2.077082096319247,-0.03696520747419527,표본 부족,방향 불일치
test,operating_adjusted_residual_z,MRO-70005,Lubrication,vibration_h_mms,health,3.0,6,366,8,0.2974725448188201,0.25,-4.747254481882007,-31.424710895558587,31.311314636390303,2.028469054107841,2.077082096319247,-0.03696520747419527,표본 부족,방향 불일치
test,operating_adjusted_residual_z,MRO-70005,Lubrication,vibration_v_mms,health,2.0,6,366,8,0.46820640936341246,0.5833333333333334,11.512692396992092,-28.560915373269747,50.59996796083977,1.8590786778812642,1.9176318956583878,-0.019397021068931503,표본 부족,방향 불일치
test,operating_adjusted_residual_z,MRO-70005,Lubrication,vibration_v_mms,health,3.0,6,366,8,0.25953412240670376,0.3333333333333333,7.379921092662956,-27.045075788832595,45.201441902094395,1.8590786778812642,1.9176318956583878,-0.019397021068931503,표본 부족,방향 일치
test,operating_adjusted_residual_z,MRO-70005,Lubrication,oil_pressure_bar,health,2.0,6,366,8,0.28151086836831735,0.4166666666666667,13.515579829834934,-20.053816022014427,54.03110380830489,1.30632512376388,1.6149297283009982,0.06773041171674392,표본 부족,방향 일치
test,operating_adjusted_residual_z,MRO-70005,Lubrication,oil_pressure_bar,health,3.0,6,366,8,0.11521646960032818,0.08333333333333333,-3.188313626699485,-15.47453859114782,22.810067802798642,1.30632512376388,1.6149297283009982,0.06773041171674392,표본 부족,방향 불일치
test,operating_adjusted_residual_z,MRO-80001,Sensor,temp_bearing_degC,health,2.0,9,534,13,0.3309953680151803,0.37037037037037035,3.9375002355190034,-23.5477765658884,33.50528109748527,1.3482243522740278,1.6284463972972087,-0.04294484451608196,방향 불일치,방향 불일치
test,operating_adjusted_residual_z,MRO-80001,Sensor,temp_bearing_degC,health,3.0,9,534,13,0.18013060671226303,0.2222222222222222,4.209161550995918,-17.704832777877275,32.56660442509231,1.3482243522740278,1.6284463972972087,-0.04294484451608196,방향 불일치,방향 불일치
test,operating_adjusted_residual_z,MRO-80001,Sensor,temp_motor_degC,health,2.0,9,534,13,0.3035943908854184,0.48148148148148145,17.788709059606305,-14.322508661031693,49.58149824283293,1.3193366264497826,2.1048348207430387,0.21625980996516303,약한 후보,방향 일치
test,operating_adjusted_residual_z,MRO-80001,Sensor,temp_motor_degC,health,3.0,9,534,13,0.1346059312259397,0.14814814814814814,1.3542216922208445,-16.193939291880156,28.987030174128794,1.3193366264497826,2.1048348207430387,0.21625980996516303,관계 미약,방향 일치
test,operating_adjusted_residual_z,MRO-80001,Sensor,vibration_h_mms,health,2.0,9,534,13,0.4729075800147964,0.6666666666666666,19.375908665187026,-8.416055269371723,45.67645476006684,1.862690787595162,2.342526302220652,0.1718087326760196,약한 후보,방향 일치
test,operating_adjusted_residual_z,MRO-80001,Sensor,vibration_h_mms,health,3.0,9,534,13,0.25220103367105523,0.25925925925925924,0.7058225588204015,-25.269367127861507,28.509736642003812,1.862690787595162,2.342526302220652,0.1718087326760196,방향 불일치,방향 불일치
test,operating_adjusted_residual_z,MRO-80001,Sensor,vibration_v_mms,health,2.0,9,534,13,0.4396512866749761,0.6296296296296295,18.997834295465342,-14.967335012630496,49.54317171529745,1.7880192942786748,2.875125517782843,0.2716694738651204,약한 후보,방향 일치
test,operating_adjusted_residual_z,MRO-80001,Sensor,vibration_v_mms,health,3.0,9,534,13,0.23321855441797773,0.2962962962962963,6.307774187831855,-21.320815304941288,38.427300386381894,1.7880192942786748,2.875125517782843,0.2716694738651204,방향 불일치,방향 불일치
test,operating_adjusted_residual_z,MRO-80001,Sensor,oil_pressure_bar,health,2.0,9,534,13,0.3040650679963993,0.4444444444444444,14.03793764480451,-16.552657942282618,45.49180246382362,1.3250974492937753,2.0306901298847047,0.18545180180241042,방향 불일치,방향 불일치
test,operating_adjusted_residual_z,MRO-80001,Sensor,oil_pressure_bar,health,3.0,9,534,13,0.1333176661837414,0.25925925925925924,12.594159307551783,-11.622819164903886,42.34418718844855,1.3250974492937753,2.0306901298847047,0.18545180180241042,방향 불일치,방향 불일치
test,operating_adjusted_residual_z,MRO-80002,Sensor,temp_bearing_degC,health,2.0,7,412,10,0.335696267655072,0.5,16.4303732344928,-22.943186457689496,55.39967242519173,1.4310493822960981,1.9037730155570398,0.14101371163326554,약한 후보,방향 일치
test,operating_adjusted_residual_z,MRO-80002,Sensor,temp_bearing_degC,health,3.0,7,412,10,0.19257405138967895,0.21428571428571427,2.171166289603532,-23.425826273481327,40.30087885739453,1.4310493822960981,1.9037730155570398,0.14101371163326554,관계 미약,방향 일치
test,operating_adjusted_residual_z,MRO-80002,Sensor,temp_motor_degC,health,2.0,7,412,10,0.30522582648476015,0.11904761904761904,-18.617820743714113,-36.2410891062592,15.168329243660187,1.3118547388990915,1.1642207706847325,-0.12821810334768194,방향 불일치,방향 불일치
test,operating_adjusted_residual_z,MRO-80002,Sensor,temp_motor_degC,health,3.0,7,412,10,0.12743346563888822,0.0,-12.74334656388882,-18.34408693609244,-8.056819933503647,1.3118547388990915,1.1642207706847325,-0.12821810334768194,방향 불일치,방향 불일치
test,operating_adjusted_residual_z,MRO-80002,Sensor,vibration_h_mms,health,2.0,7,412,10,0.4692059798139285,0.14285714285714285,-32.63488369567856,-56.30283202925391,-0.6762978120597405,1.9310139794000685,1.5527263557846571,-0.3097354063449491,방향 불일치,방향 불일치
test,operating_adjusted_residual_z,MRO-80002,Sensor,vibration_h_mms,health,3.0,7,412,10,0.24947947052672256,0.14285714285714285,-10.662232766957972,-33.64006084709099,21.44154454338413,1.9310139794000685,1.5527263557846571,-0.3097354063449491,방향 불일치,방향 불일치
test,operating_adjusted_residual_z,MRO-80002,Sensor,vibration_v_mms,health,2.0,7,412,10,0.42991625161317243,0.14285714285714285,-28.705910875602957,-50.642974396995854,2.579781001259677,1.8064026398167345,1.0633298302615073,-0.35702922103227536,방향 불일치,방향 불일치
test,operating_adjusted_residual_z,MRO-80002,Sensor,vibration_v_mms,health,3.0,7,412,10,0.2345970223149974,0.0,-23.45970223149974,-33.00550397543127,-15.337077759695156,1.8064026398167345,1.0633298302615073,-0.35702922103227536,방향 불일치,방향 불일치
test,operating_adjusted_residual_z,MRO-80002,Sensor,oil_pressure_bar,health,2.0,7,412,10,0.3236090353360815,0.4047619047619047,8.115286942582323,-27.269939100447576,45.36075360995073,1.3540877712718908,1.6432498742688486,0.10092551624806825,방향 불일치,방향 불일치
test,operating_adjusted_residual_z,MRO-80002,Sensor,oil_pressure_bar,health,3.0,7,412,10,0.14416488940442965,0.07142857142857142,-7.273631797585822,-20.562727638106765,18.380166220933376,1.3540877712718908,1.6432498742688486,0.10092551624806825,방향 불일치,방향 불일치
test,operating_adjusted_residual_z,MRO-90011,Fastener,temp_bearing_degC,health,2.0,3,177,9,0.3469458264234384,0.2222222222222222,-12.47236042012162,-44.64396766169155,40.49933862433862,1.3168433418283831,1.3925165849616932,-0.03469425359972624,표본 부족,방향 불일치
test,operating_adjusted_residual_z,MRO-90011,Fastener,temp_bearing_degC,health,3.0,3,177,9,0.17931506488720417,0.0,-17.931506488720416,-26.787713219616204,-9.742063492063492,1.3168433418283831,1.3925165849616932,-0.03469425359972624,표본 부족,방향 불일치
test,operating_adjusted_residual_z,MRO-90011,Fastener,temp_motor_degC,health,2.0,3,177,9,0.32908868356629556,0.26666666666666666,-6.24220168996289,-36.64131393298061,36.13667772249861,1.3785673937942147,1.454698819863258,-0.05934788140426613,표본 부족,방향 불일치
test,operating_adjusted_residual_z,MRO-90011,Fastener,temp_motor_degC,health,3.0,3,177,9,0.1433803206191266,0.06666666666666667,-7.671365395245992,-21.3076877517176,12.020996209429043,1.3785673937942147,1.454698819863258,-0.05934788140426613,표본 부족,방향 불일치
test,operating_adjusted_residual_z,MRO-90011,Fastener,vibration_h_mms,health,2.0,3,177,9,0.5148036273658164,0.2222222222222222,-29.25814051435942,-69.80143923240938,30.741662060070016,2.0368182259383802,1.3327377390441115,-0.24795686470645015,표본 부족,방향 불일치
test,operating_adjusted_residual_z,MRO-90011,Fastener,vibration_h_mms,health,3.0,3,177,9,0.302669851799205,0.1111111111111111,-19.155874068809393,-45.3280472636816,25.730630906314982,2.0368182259383802,1.3327377390441115,-0.24795686470645015,표본 부족,방향 불일치
test,operating_adjusted_residual_z,MRO-90011,Fastener,vibration_v_mms,health,2.0,3,177,9,0.4755323909552765,0.3333333333333333,-14.219905762194319,-50.72784227013084,30.446428571428495,1.8584034572510033,1.7891638918825263,-0.13681855273895074,표본 부족,방향 불일치
test,operating_adjusted_residual_z,MRO-90011,Fastener,vibration_v_mms,health,3.0,3,177,9,0.2903603674747953,0.3333333333333333,4.2972965858537995,-28.360972913211718,53.57142857142857,1.8584034572510033,1.7891638918825263,-0.13681855273895074,표본 부족,방향 불일치
test,operating_adjusted_residual_z,MRO-90011,Fastener,oil_pressure_bar,health,2.0,3,177,9,0.2769420095290742,0.17777777777777778,-9.916423175129644,-34.39521144278608,31.64298875990418,1.2465335867587788,1.2349504851508124,0.09204901418831767,표본 부족,방향 불일치
test,operating_adjusted_residual_z,MRO-90011,Fastener,oil_pressure_bar,health,3.0,3,177,9,0.09501105583195135,0.1111111111111111,1.6100055279159753,-15.689854299928923,39.5513668430335,1.2465335867587788,1.2349504851508124,0.09204901418831767,표본 부족,방향 불일치
test,operating_adjusted_residual_z,MRO-90012,Fastener,temp_bearing_degC,health,2.0,9,530,10,0.32606332373887376,0.16666666666666666,-15.93966570722071,-34.06052413037706,9.479756425979943,1.3828551533729214,1.4582511289089064,-0.16610270253982595,방향 불일치,방향 불일치
test,operating_adjusted_residual_z,MRO-90012,Fastener,temp_bearing_degC,health,3.0,9,530,10,0.17760853861642442,0.1111111111111111,-6.649742750531332,-22.07744626053523,16.69025584556114,1.3828551533729214,1.4582511289089064,-0.16610270253982595,방향 불일치,방향 불일치
test,operating_adjusted_residual_z,MRO-90012,Fastener,temp_motor_degC,health,2.0,9,530,10,0.3025295176893976,0.4444444444444444,14.19149267550468,-19.927460726386588,49.81705169080469,1.3152847793872469,1.7898057747798342,0.11681636942451533,방향 불일치,방향 불일치
test,operating_adjusted_residual_z,MRO-90012,Fastener,temp_motor_degC,health,3.0,9,530,10,0.12513416437712369,0.2222222222222222,9.708805784509853,-15.079486887736143,38.04741380097618,1.3152847793872469,1.7898057747798342,0.11681636942451533,방향 불일치,방향 불일치
test,operating_adjusted_residual_z,MRO-90012,Fastener,vibration_h_mms,health,2.0,9,530,10,0.4631836063563965,0.2222222222222222,-24.096138413417428,-48.896605541528366,4.657895158274616,1.8489902952558077,1.1489727513152126,-0.41458413545421213,방향 불일치,방향 불일치
test,operating_adjusted_residual_z,MRO-90012,Fastener,vibration_h_mms,health,3.0,9,530,10,0.24819374769655608,0.0,-24.819374769655607,-34.274576752718886,-16.66494231182973,1.8489902952558077,1.1489727513152126,-0.41458413545421213,방향 불일치,방향 불일치
test,operating_adjusted_residual_z,MRO-90012,Fastener,vibration_v_mms,health,2.0,9,530,10,0.414206421885849,0.16666666666666666,-24.753975521918235,-44.907193332996215,3.524618541868176,1.694599343838207,1.274809493183171,-0.24753461359333487,방향 불일치,방향 불일치
test,operating_adjusted_residual_z,MRO-90012,Fastener,vibration_v_mms,health,3.0,9,530,10,0.2169091807315549,0.0,-21.69091807315549,-29.666922263072856,-14.59049851094426,1.694599343838207,1.274809493183171,-0.24753461359333487,방향 불일치,방향 불일치
test,operating_adjusted_residual_z,MRO-90012,Fastener,oil_pressure_bar,health,2.0,9,530,10,0.3116592952627577,0.3888888888888889,7.7229593626131186,-22.414088541172738,39.57686434136968,1.3120014178178463,1.614239726360144,0.031044663082290962,약한 후보,방향 일치
test,operating_adjusted_residual_z,MRO-90012,Fastener,oil_pressure_bar,health,3.0,9,530,10,0.13228081596656333,0.16666666666666666,3.4385850700103333,-15.192653495179938,32.45384907557159,1.3120014178178463,1.614239726360144,0.031044663082290962,관계 미약,방향 일치
