transaction_date,asset_tag,machine_type,plant_code,actual_label,model,predicted_label,predicted_probability
2024-07-21,AST-1041,CNC Lathe,PUN-01,0,기본,0,0.0009552767092080818
2024-07-21,AST-1042,CNC Lathe,PUN-01,0,기본,0,0.0016198162954463673
2024-07-21,AST-2017,Hydraulic Press,PUN-01,0,기본,0,0.00862694123525441
2024-07-21,AST-2031,Hydraulic Press,CHN-02,0,기본,0,0.004979164594726746
2024-07-21,AST-3008,Belt Conveyor,CHN-02,0,기본,0,0.003565517524308044
2024-07-21,AST-3019,Belt Conveyor,CHN-02,0,기본,0,0.0004459499440293713
2024-07-21,AST-4055,Screw Compressor,DHR-03,0,기본,0,0.0017384274491930875
2024-07-21,AST-4061,Screw Compressor,DHR-03,0,기본,0,0.00029671062456422775
2024-07-21,AST-5003,EOT Crane,DHR-03,0,기본,0,0.10892130812651911
2024-07-21,AST-5007,EOT Crane,PUN-01,0,기본,0,0.0017711980681022438
2024-07-22,AST-1041,CNC Lathe,PUN-01,1,기본,0,0.13626953959863738
2024-07-22,AST-1042,CNC Lathe,PUN-01,0,기본,0,0.07219724123001173
2024-07-22,AST-2017,Hydraulic Press,PUN-01,1,기본,0,0.14579266687144948
2024-07-22,AST-2031,Hydraulic Press,CHN-02,0,기본,0,0.14428491813619243
2024-07-22,AST-3008,Belt Conveyor,CHN-02,0,기본,0,0.10283933466348434
2024-07-22,AST-3019,Belt Conveyor,CHN-02,0,기본,0,0.05111443685345943
2024-07-22,AST-4055,Screw Compressor,DHR-03,0,기본,0,0.11682244276482615
2024-07-22,AST-4061,Screw Compressor,DHR-03,0,기본,0,0.08351854426865891
2024-07-22,AST-5003,EOT Crane,DHR-03,0,기본,0,0.2128634069263384
2024-07-22,AST-5007,EOT Crane,PUN-01,0,기본,0,0.0425573861907184
2024-07-23,AST-1041,CNC Lathe,PUN-01,0,기본,0,0.09392352830979199
2024-07-23,AST-1042,CNC Lathe,PUN-01,0,기본,0,0.10483381286920342
2024-07-23,AST-2017,Hydraulic Press,PUN-01,0,기본,0,0.3280296959162193
2024-07-23,AST-2031,Hydraulic Press,CHN-02,0,기본,0,0.17910926879054082
2024-07-23,AST-3008,Belt Conveyor,CHN-02,0,기본,0,0.1104841600609876
2024-07-23,AST-3019,Belt Conveyor,CHN-02,0,기본,0,0.09074058191260512
2024-07-23,AST-4055,Screw Compressor,DHR-03,0,기본,0,0.18967813529351077
2024-07-23,AST-4061,Screw Compressor,DHR-03,0,기본,0,0.03518571904567411
2024-07-23,AST-5003,EOT Crane,DHR-03,0,기본,0,0.17218044683610337
2024-07-23,AST-5007,EOT Crane,PUN-01,0,기본,0,0.10227521879067943
2024-07-24,AST-1041,CNC Lathe,PUN-01,0,기본,0,0.052235332364144446
2024-07-24,AST-1042,CNC Lathe,PUN-01,0,기본,0,0.07427481550874417
2024-07-24,AST-2017,Hydraulic Press,PUN-01,0,기본,0,0.040340808702246225
2024-07-24,AST-2031,Hydraulic Press,CHN-02,0,기본,0,0.08826512400889533
2024-07-24,AST-3008,Belt Conveyor,CHN-02,0,기본,0,0.1520139952485399
2024-07-24,AST-3019,Belt Conveyor,CHN-02,0,기본,0,0.07465562458316576
2024-07-24,AST-4055,Screw Compressor,DHR-03,0,기본,0,0.17813429055902594
2024-07-24,AST-4061,Screw Compressor,DHR-03,0,기본,0,0.11889750133967084
2024-07-24,AST-5003,EOT Crane,DHR-03,0,기본,0,0.23197948949795247
2024-07-24,AST-5007,EOT Crane,PUN-01,0,기본,0,0.12995790551550304
2024-07-25,AST-1041,CNC Lathe,PUN-01,0,기본,0,0.10093981765168518
2024-07-25,AST-1042,CNC Lathe,PUN-01,0,기본,0,0.09141403099043657
2024-07-25,AST-2017,Hydraulic Press,PUN-01,0,기본,0,0.1044510053770907
2024-07-25,AST-2031,Hydraulic Press,CHN-02,0,기본,0,0.15492302074936024
2024-07-25,AST-3008,Belt Conveyor,CHN-02,0,기본,0,0.1248211160295183
2024-07-25,AST-3019,Belt Conveyor,CHN-02,0,기본,0,0.07999358815942562
2024-07-25,AST-4055,Screw Compressor,DHR-03,0,기본,0,0.17377001905510694
2024-07-25,AST-4061,Screw Compressor,DHR-03,0,기본,0,0.07138689406623816
2024-07-25,AST-5003,EOT Crane,DHR-03,0,기본,0,0.19228571052828486
2024-07-25,AST-5007,EOT Crane,PUN-01,0,기본,0,0.06282577728849568
2024-07-26,AST-1041,CNC Lathe,PUN-01,0,기본,0,0.12230134187995055
2024-07-26,AST-1042,CNC Lathe,PUN-01,1,기본,0,0.11170233606731524
2024-07-26,AST-2017,Hydraulic Press,PUN-01,1,기본,0,0.15336240208684832
2024-07-26,AST-2031,Hydraulic Press,CHN-02,0,기본,0,0.20440302122958204
2024-07-26,AST-3008,Belt Conveyor,CHN-02,0,기본,0,0.12442343260389521
2024-07-26,AST-3019,Belt Conveyor,CHN-02,0,기본,0,0.09008098172439617
2024-07-26,AST-4055,Screw Compressor,DHR-03,0,기본,0,0.1258948832710687
2024-07-26,AST-4061,Screw Compressor,DHR-03,0,기본,0,0.0894507824281942
2024-07-26,AST-5003,EOT Crane,DHR-03,0,기본,0,0.19516521389287875
2024-07-26,AST-5007,EOT Crane,PUN-01,0,기본,0,0.030358471030507282
2024-07-27,AST-1041,CNC Lathe,PUN-01,0,기본,0,0.0031134924987730765
2024-07-27,AST-1042,CNC Lathe,PUN-01,0,기본,0,0.000977002067057365
2024-07-27,AST-2017,Hydraulic Press,PUN-01,0,기본,0,0.002199922928184767
2024-07-27,AST-2031,Hydraulic Press,CHN-02,0,기본,0,0.02621566843998579
2024-07-27,AST-3008,Belt Conveyor,CHN-02,0,기본,0,0.0018474035546569667
2024-07-27,AST-3019,Belt Conveyor,CHN-02,0,기본,0,0.002254271298653353
2024-07-27,AST-4055,Screw Compressor,DHR-03,0,기본,0,0.002262495259470355
2024-07-27,AST-4061,Screw Compressor,DHR-03,0,기본,0,0.00022315805520305412
2024-07-27,AST-5003,EOT Crane,DHR-03,0,기본,0,0.01140061577202777
2024-07-27,AST-5007,EOT Crane,PUN-01,0,기본,0,0.005708423935464874
2024-07-28,AST-1041,CNC Lathe,PUN-01,0,기본,0,0.003664717753620348
2024-07-28,AST-1042,CNC Lathe,PUN-01,0,기본,0,0.0004229921231263756
2024-07-28,AST-2017,Hydraulic Press,PUN-01,0,기본,0,0.003179861249232325
2024-07-28,AST-2031,Hydraulic Press,CHN-02,0,기본,0,0.0037185862149687445
2024-07-28,AST-3008,Belt Conveyor,CHN-02,0,기본,0,0.009202427351432675
2024-07-28,AST-3019,Belt Conveyor,CHN-02,0,기본,0,0.0020807340087376173
2024-07-28,AST-4055,Screw Compressor,DHR-03,0,기본,0,0.0018681204964533487
2024-07-28,AST-4061,Screw Compressor,DHR-03,0,기본,0,0.0008668456463294769
2024-07-28,AST-5003,EOT Crane,DHR-03,0,기본,0,0.0028303509639147845
2024-07-28,AST-5007,EOT Crane,PUN-01,0,기본,0,0.006197524366685163
2024-07-29,AST-1041,CNC Lathe,PUN-01,1,기본,0,0.10495300148117187
2024-07-29,AST-1042,CNC Lathe,PUN-01,0,기본,0,0.0771710513751239
2024-07-29,AST-2017,Hydraulic Press,PUN-01,0,기본,0,0.10299947555193567
2024-07-29,AST-2031,Hydraulic Press,CHN-02,0,기본,0,0.1314447126603083
2024-07-29,AST-3008,Belt Conveyor,CHN-02,0,기본,0,0.07809616000102444
2024-07-29,AST-3019,Belt Conveyor,CHN-02,0,기본,0,0.06958962112755526
2024-07-29,AST-4055,Screw Compressor,DHR-03,1,기본,0,0.10362717149911504
2024-07-29,AST-4061,Screw Compressor,DHR-03,1,기본,0,0.09705710151764316
2024-07-29,AST-5003,EOT Crane,DHR-03,0,기본,0,0.17955739826049966
2024-07-29,AST-5007,EOT Crane,PUN-01,0,기본,0,0.044430132868994
2024-07-30,AST-1041,CNC Lathe,PUN-01,0,기본,0,0.13611225317344783
2024-07-30,AST-1042,CNC Lathe,PUN-01,0,기본,0,0.06796827325514505
2024-07-30,AST-2017,Hydraulic Press,PUN-01,0,기본,0,0.1621817710387291
2024-07-30,AST-2031,Hydraulic Press,CHN-02,0,기본,0,0.25100025043417973
2024-07-30,AST-3008,Belt Conveyor,CHN-02,0,기본,0,0.07070643494722437
2024-07-30,AST-3019,Belt Conveyor,CHN-02,0,기본,0,0.07906701857253351
2024-07-30,AST-4055,Screw Compressor,DHR-03,0,기본,0,0.1649678352284919
2024-07-30,AST-4061,Screw Compressor,DHR-03,0,기본,0,0.08678504716000347
2024-07-30,AST-5003,EOT Crane,DHR-03,0,기본,0,0.17393269144467893
2024-07-30,AST-5007,EOT Crane,PUN-01,0,기본,0,0.07530891556563636
2024-07-31,AST-1041,CNC Lathe,PUN-01,0,기본,0,0.07841854097900464
2024-07-31,AST-1042,CNC Lathe,PUN-01,0,기본,0,0.09171301566293386
2024-07-31,AST-2017,Hydraulic Press,PUN-01,0,기본,0,0.1859599289306808
2024-07-31,AST-2031,Hydraulic Press,CHN-02,0,기본,0,0.1915853924703537
2024-07-31,AST-3008,Belt Conveyor,CHN-02,0,기본,0,0.13839926662743585
2024-07-31,AST-3019,Belt Conveyor,CHN-02,1,기본,0,0.08590774235974237
2024-07-31,AST-4055,Screw Compressor,DHR-03,0,기본,0,0.20977945650947707
2024-07-31,AST-4061,Screw Compressor,DHR-03,0,기본,0,0.08990396089748767
2024-07-31,AST-5003,EOT Crane,DHR-03,0,기본,0,0.2764389805281082
2024-07-31,AST-5007,EOT Crane,PUN-01,0,기본,0,0.06229778859082051
2024-08-01,AST-1041,CNC Lathe,PUN-01,0,기본,0,0.13778794754106555
2024-08-01,AST-1042,CNC Lathe,PUN-01,0,기본,0,0.11033090595105355
2024-08-01,AST-2017,Hydraulic Press,PUN-01,0,기본,0,0.22998809506043255
2024-08-01,AST-2031,Hydraulic Press,CHN-02,0,기본,0,0.16019688433149626
2024-08-01,AST-3008,Belt Conveyor,CHN-02,1,기본,0,0.17101830558111805
2024-08-01,AST-3019,Belt Conveyor,CHN-02,0,기본,0,0.07580732568934156
2024-08-01,AST-4055,Screw Compressor,DHR-03,0,기본,0,0.1432834100240489
2024-08-01,AST-4061,Screw Compressor,DHR-03,1,기본,0,0.1378080471274522
2024-08-01,AST-5003,EOT Crane,DHR-03,1,기본,0,0.08101388302719127
2024-08-01,AST-5007,EOT Crane,PUN-01,0,기본,0,0.08290723704388493
2024-08-02,AST-1041,CNC Lathe,PUN-01,0,기본,0,0.15381038697566377
2024-08-02,AST-1042,CNC Lathe,PUN-01,0,기본,0,0.15842325340135752
2024-08-02,AST-2017,Hydraulic Press,PUN-01,0,기본,0,0.21040708297604693
2024-08-02,AST-2031,Hydraulic Press,CHN-02,0,기본,0,0.16959290609107178
2024-08-02,AST-3008,Belt Conveyor,CHN-02,0,기본,0,0.12397281784441565
2024-08-02,AST-3019,Belt Conveyor,CHN-02,0,기본,0,0.07280399965333154
2024-08-02,AST-4055,Screw Compressor,DHR-03,0,기본,0,0.15111201487866252
2024-08-02,AST-4061,Screw Compressor,DHR-03,0,기본,0,0.11323456559783773
2024-08-02,AST-5003,EOT Crane,DHR-03,0,기본,0,0.11558345612538759
2024-08-02,AST-5007,EOT Crane,PUN-01,0,기본,0,0.03486267439132956
2024-08-03,AST-1041,CNC Lathe,PUN-01,0,기본,0,0.004306647018975064
2024-08-03,AST-1042,CNC Lathe,PUN-01,0,기본,0,0.01211153630718875
2024-08-03,AST-2017,Hydraulic Press,PUN-01,0,기본,0,0.02785457469627449
2024-08-03,AST-2031,Hydraulic Press,CHN-02,0,기본,0,0.005040093882156884
2024-08-03,AST-3008,Belt Conveyor,CHN-02,0,기본,0,0.0043297326721609955
2024-08-03,AST-3019,Belt Conveyor,CHN-02,0,기본,0,0.000880303354421831
2024-08-03,AST-4055,Screw Compressor,DHR-03,0,기본,0,0.0015938182873310852
2024-08-03,AST-4061,Screw Compressor,DHR-03,0,기본,0,0.0010965035402480004
2024-08-03,AST-5003,EOT Crane,DHR-03,0,기본,0,0.01023440318737963
2024-08-03,AST-5007,EOT Crane,PUN-01,0,기본,0,0.016062557025925087
2024-08-04,AST-1041,CNC Lathe,PUN-01,0,기본,0,0.0001755897038217889
2024-08-04,AST-1042,CNC Lathe,PUN-01,0,기본,0,0.004984495588426503
2024-08-04,AST-2017,Hydraulic Press,PUN-01,0,기본,0,0.016897665490868612
2024-08-04,AST-2031,Hydraulic Press,CHN-02,0,기본,0,0.030037450282686687
2024-08-04,AST-3008,Belt Conveyor,CHN-02,0,기본,0,0.0013261036509492508
2024-08-04,AST-3019,Belt Conveyor,CHN-02,0,기본,0,0.005261454651232054
2024-08-04,AST-4055,Screw Compressor,DHR-03,0,기본,0,0.0021157959411767413
2024-08-04,AST-4061,Screw Compressor,DHR-03,0,기본,0,0.0007277472338778475
2024-08-04,AST-5003,EOT Crane,DHR-03,0,기본,0,0.014335863446693761
2024-08-04,AST-5007,EOT Crane,PUN-01,0,기본,0,0.012632446935225396
2024-08-05,AST-1041,CNC Lathe,PUN-01,0,기본,0,0.0881263681643325
2024-08-05,AST-1042,CNC Lathe,PUN-01,0,기본,0,0.07053507729807086
2024-08-05,AST-2017,Hydraulic Press,PUN-01,0,기본,0,0.16921684269991927
2024-08-05,AST-2031,Hydraulic Press,CHN-02,0,기본,0,0.15003471212461997
2024-08-05,AST-3008,Belt Conveyor,CHN-02,1,기본,0,0.10503479590595823
2024-08-05,AST-3019,Belt Conveyor,CHN-02,0,기본,0,0.0794697218529573
2024-08-05,AST-4055,Screw Compressor,DHR-03,0,기본,0,0.1319764822801685
2024-08-05,AST-4061,Screw Compressor,DHR-03,1,기본,0,0.11129233460357557
2024-08-05,AST-5003,EOT Crane,DHR-03,0,기본,0,0.11895591517463895
2024-08-05,AST-5007,EOT Crane,PUN-01,0,기본,0,0.08155278315164746
2024-08-06,AST-1041,CNC Lathe,PUN-01,0,기본,0,0.04954296071395328
2024-08-06,AST-1042,CNC Lathe,PUN-01,0,기본,0,0.15834754056290976
2024-08-06,AST-2017,Hydraulic Press,PUN-01,0,기본,0,0.09140459245407433
2024-08-06,AST-2031,Hydraulic Press,CHN-02,0,기본,0,0.13858841658798315
2024-08-06,AST-3008,Belt Conveyor,CHN-02,0,기본,0,0.1338158435729811
2024-08-06,AST-3019,Belt Conveyor,CHN-02,0,기본,0,0.10202646550181386
2024-08-06,AST-4055,Screw Compressor,DHR-03,0,기본,0,0.15796691070606353
2024-08-06,AST-4061,Screw Compressor,DHR-03,0,기본,0,0.11430148586103958
2024-08-06,AST-5003,EOT Crane,DHR-03,1,기본,0,0.17244448239499297
2024-08-06,AST-5007,EOT Crane,PUN-01,0,기본,0,0.08584843481968862
2024-08-07,AST-1041,CNC Lathe,PUN-01,0,기본,0,0.09502386336730477
2024-08-07,AST-1042,CNC Lathe,PUN-01,0,기본,0,0.11470960380624279
2024-08-07,AST-2017,Hydraulic Press,PUN-01,0,기본,0,0.14287121566933167
2024-08-07,AST-2031,Hydraulic Press,CHN-02,1,기본,0,0.18312693381478629
2024-08-07,AST-3008,Belt Conveyor,CHN-02,0,기본,0,0.07251181607431557
2024-08-07,AST-3019,Belt Conveyor,CHN-02,0,기본,0,0.11282396556359002
2024-08-07,AST-4055,Screw Compressor,DHR-03,0,기본,0,0.16754667085124456
2024-08-07,AST-4061,Screw Compressor,DHR-03,0,기본,0,0.09549459992482881
2024-08-07,AST-5003,EOT Crane,DHR-03,0,기본,0,0.11186628637053052
2024-08-07,AST-5007,EOT Crane,PUN-01,1,기본,0,0.04085561376605958
2024-08-08,AST-1041,CNC Lathe,PUN-01,1,기본,0,0.1003410988312688
2024-08-08,AST-1042,CNC Lathe,PUN-01,0,기본,0,0.09732484862569359
2024-08-08,AST-2017,Hydraulic Press,PUN-01,0,기본,0,0.20223370167025473
2024-08-08,AST-2031,Hydraulic Press,CHN-02,0,기본,0,0.1799090011415192
2024-08-08,AST-3008,Belt Conveyor,CHN-02,0,기본,0,0.09146178728720906
2024-08-08,AST-3019,Belt Conveyor,CHN-02,0,기본,0,0.08247032045381539
2024-08-08,AST-4055,Screw Compressor,DHR-03,1,기본,0,0.18080990589714094
2024-08-08,AST-4061,Screw Compressor,DHR-03,0,기본,0,0.08762020398791441
2024-08-08,AST-5003,EOT Crane,DHR-03,0,기본,0,0.1952652765905649
2024-08-08,AST-5007,EOT Crane,PUN-01,0,기본,0,0.06966678251815807
2024-08-09,AST-1041,CNC Lathe,PUN-01,0,기본,0,0.11018221378643027
2024-08-09,AST-1042,CNC Lathe,PUN-01,0,기본,0,0.14234239219459605
2024-08-09,AST-2017,Hydraulic Press,PUN-01,0,기본,0,0.18135860868218323
2024-08-09,AST-2031,Hydraulic Press,CHN-02,1,기본,0,0.1107796542249851
2024-08-09,AST-3008,Belt Conveyor,CHN-02,0,기본,0,0.07666986220535975
2024-08-09,AST-3019,Belt Conveyor,CHN-02,0,기본,0,0.10166083485465428
2024-08-09,AST-4055,Screw Compressor,DHR-03,0,기본,0,0.15213699740976427
2024-08-09,AST-4061,Screw Compressor,DHR-03,0,기본,0,0.09391778127796233
2024-08-09,AST-5003,EOT Crane,DHR-03,0,기본,0,0.13583378808275878
2024-08-09,AST-5007,EOT Crane,PUN-01,0,기본,0,0.07362017520489132
2024-08-10,AST-1041,CNC Lathe,PUN-01,0,기본,0,0.012700080601392324
2024-08-10,AST-1042,CNC Lathe,PUN-01,0,기본,0,0.0015272906744212688
2024-08-10,AST-2017,Hydraulic Press,PUN-01,0,기본,0,0.008554838594086856
2024-08-10,AST-2031,Hydraulic Press,CHN-02,0,기본,0,0.025907437319857684
2024-08-10,AST-3008,Belt Conveyor,CHN-02,0,기본,0,0.020147475830768195
2024-08-10,AST-3019,Belt Conveyor,CHN-02,0,기본,0,0.0018726147485571387
2024-08-10,AST-4055,Screw Compressor,DHR-03,0,기본,0,0.000725760744947588
2024-08-10,AST-4061,Screw Compressor,DHR-03,0,기본,0,0.0018849904229415325
2024-08-10,AST-5003,EOT Crane,DHR-03,0,기본,0,0.012699363530490717
2024-08-10,AST-5007,EOT Crane,PUN-01,0,기본,0,0.013748841018428343
2024-08-11,AST-1041,CNC Lathe,PUN-01,0,기본,0,0.0014983292541724542
2024-08-11,AST-1042,CNC Lathe,PUN-01,0,기본,0,0.0006076924434317604
2024-08-11,AST-2017,Hydraulic Press,PUN-01,0,기본,0,0.02658950317936639
2024-08-11,AST-2031,Hydraulic Press,CHN-02,0,기본,0,0.02706772297749049
2024-08-11,AST-3008,Belt Conveyor,CHN-02,0,기본,0,0.0022843747447953634
2024-08-11,AST-3019,Belt Conveyor,CHN-02,0,기본,0,0.0034808441421919083
2024-08-11,AST-4055,Screw Compressor,DHR-03,0,기본,0,0.0029708199549482394
2024-08-11,AST-4061,Screw Compressor,DHR-03,0,기본,0,0.0007688942997491803
2024-08-11,AST-5003,EOT Crane,DHR-03,0,기본,0,0.0055861736177131955
2024-08-11,AST-5007,EOT Crane,PUN-01,0,기본,0,0.0005505917382285138
2024-08-12,AST-1041,CNC Lathe,PUN-01,0,기본,0,0.2149116447495916
2024-08-12,AST-1042,CNC Lathe,PUN-01,0,기본,0,0.0734875885402975
2024-08-12,AST-2017,Hydraulic Press,PUN-01,0,기본,0,0.15161601668768987
2024-08-12,AST-2031,Hydraulic Press,CHN-02,0,기본,0,0.08451983992113378
2024-08-12,AST-3008,Belt Conveyor,CHN-02,0,기본,0,0.10135636693825077
2024-08-12,AST-3019,Belt Conveyor,CHN-02,0,기본,0,0.0706367707906303
2024-08-12,AST-4055,Screw Compressor,DHR-03,0,기본,0,0.16898239161098524
2024-08-12,AST-4061,Screw Compressor,DHR-03,1,기본,0,0.10666028512304941
2024-08-12,AST-5003,EOT Crane,DHR-03,0,기본,0,0.1372429915096194
2024-08-12,AST-5007,EOT Crane,PUN-01,0,기본,0,0.048004179134051445
2024-08-13,AST-1041,CNC Lathe,PUN-01,0,기본,0,0.0739069454837705
2024-08-13,AST-1042,CNC Lathe,PUN-01,0,기본,0,0.07165613877561954
2024-08-13,AST-2017,Hydraulic Press,PUN-01,0,기본,0,0.17187950712233885
2024-08-13,AST-2031,Hydraulic Press,CHN-02,0,기본,0,0.1500074690450138
2024-08-13,AST-3008,Belt Conveyor,CHN-02,0,기본,0,0.13017377500977645
2024-08-13,AST-3019,Belt Conveyor,CHN-02,0,기본,0,0.11570922580391217
2024-08-13,AST-4055,Screw Compressor,DHR-03,1,기본,0,0.1907591690495923
2024-08-13,AST-4061,Screw Compressor,DHR-03,0,기본,0,0.0827804020796258
2024-08-13,AST-5003,EOT Crane,DHR-03,0,기본,0,0.19629682698354106
2024-08-13,AST-5007,EOT Crane,PUN-01,0,기본,0,0.09490097659950682
2024-08-14,AST-1041,CNC Lathe,PUN-01,0,기본,0,0.13731563778072695
2024-08-14,AST-1042,CNC Lathe,PUN-01,0,기본,0,0.0968236350520371
2024-08-14,AST-2017,Hydraulic Press,PUN-01,0,기본,0,0.20162612813418052
2024-08-14,AST-2031,Hydraulic Press,CHN-02,0,기본,0,0.15047042646349496
2024-08-14,AST-3008,Belt Conveyor,CHN-02,0,기본,0,0.10342280967337206
2024-08-14,AST-3019,Belt Conveyor,CHN-02,0,기본,0,0.1305557780591459
2024-08-14,AST-4055,Screw Compressor,DHR-03,1,기본,0,0.3752184785715478
2024-08-14,AST-4061,Screw Compressor,DHR-03,0,기본,0,0.0978339815194854
2024-08-14,AST-5003,EOT Crane,DHR-03,0,기본,0,0.14843563067369195
2024-08-14,AST-5007,EOT Crane,PUN-01,0,기본,0,0.07968590899294228
2024-08-15,AST-1041,CNC Lathe,PUN-01,1,기본,0,0.14315783435159038
2024-08-15,AST-1042,CNC Lathe,PUN-01,0,기본,0,0.10326460723770733
2024-08-15,AST-2017,Hydraulic Press,PUN-01,0,기본,0,0.21242692184988315
2024-08-15,AST-2031,Hydraulic Press,CHN-02,0,기본,0,0.14758322678114577
2024-08-15,AST-3008,Belt Conveyor,CHN-02,1,기본,0,0.1625568097452542
2024-08-15,AST-3019,Belt Conveyor,CHN-02,0,기본,0,0.0970133524734295
2024-08-15,AST-4055,Screw Compressor,DHR-03,0,기본,0,0.10414072317528884
2024-08-15,AST-4061,Screw Compressor,DHR-03,1,기본,0,0.0897219700171534
2024-08-15,AST-5003,EOT Crane,DHR-03,1,기본,0,0.2150524637098682
2024-08-15,AST-5007,EOT Crane,PUN-01,0,기본,0,0.10455921601583387
2024-08-16,AST-1041,CNC Lathe,PUN-01,0,기본,0,0.10332519689572722
2024-08-16,AST-1042,CNC Lathe,PUN-01,0,기본,0,0.10179706775943655
2024-08-16,AST-2017,Hydraulic Press,PUN-01,0,기본,0,0.10388895137257335
2024-08-16,AST-2031,Hydraulic Press,CHN-02,0,기본,0,0.11668761730061232
2024-08-16,AST-3008,Belt Conveyor,CHN-02,0,기본,0,0.10329230288960356
2024-08-16,AST-3019,Belt Conveyor,CHN-02,0,기본,0,0.09261937863993243
2024-08-16,AST-4055,Screw Compressor,DHR-03,0,기본,0,0.2695303305150115
2024-08-16,AST-4061,Screw Compressor,DHR-03,0,기본,0,0.1066599468283433
2024-08-16,AST-5003,EOT Crane,DHR-03,0,기본,0,0.22355862309601784
2024-08-16,AST-5007,EOT Crane,PUN-01,0,기본,0,0.03297179594716345
2024-08-17,AST-1041,CNC Lathe,PUN-01,0,기본,0,0.0011496761996246483
2024-08-17,AST-1042,CNC Lathe,PUN-01,0,기본,0,0.002798326745780345
2024-08-17,AST-2017,Hydraulic Press,PUN-01,0,기본,0,0.046051436817054495
2024-08-17,AST-2031,Hydraulic Press,CHN-02,0,기본,0,0.008591681300292085
2024-08-17,AST-3008,Belt Conveyor,CHN-02,0,기본,0,0.03228558076238834
2024-08-17,AST-3019,Belt Conveyor,CHN-02,0,기본,0,0.0016953303447166477
2024-08-17,AST-4055,Screw Compressor,DHR-03,0,기본,0,0.002343233489225741
2024-08-17,AST-4061,Screw Compressor,DHR-03,0,기본,0,0.0020727421264704594
2024-08-17,AST-5003,EOT Crane,DHR-03,0,기본,0,0.019855633616205806
2024-08-17,AST-5007,EOT Crane,PUN-01,0,기본,0,0.007464072400694011
2024-08-18,AST-1041,CNC Lathe,PUN-01,0,기본,0,0.007092197134467158
2024-08-18,AST-1042,CNC Lathe,PUN-01,0,기본,0,0.0014308762670449749
2024-08-18,AST-2017,Hydraulic Press,PUN-01,0,기본,0,0.01753010839571333
2024-08-18,AST-2031,Hydraulic Press,CHN-02,0,기본,0,0.015274365809242383
2024-08-18,AST-3008,Belt Conveyor,CHN-02,0,기본,0,0.002224617845417179
2024-08-18,AST-3019,Belt Conveyor,CHN-02,0,기본,0,0.0015081147550681392
2024-08-18,AST-4055,Screw Compressor,DHR-03,0,기본,0,0.003096969420899136
2024-08-18,AST-4061,Screw Compressor,DHR-03,0,기본,0,0.00017551216066517418
2024-08-18,AST-5003,EOT Crane,DHR-03,0,기본,0,0.0047891120716067204
2024-08-18,AST-5007,EOT Crane,PUN-01,0,기본,0,0.03299468582521461
2024-08-19,AST-1041,CNC Lathe,PUN-01,0,기본,0,0.10611555681306555
2024-08-19,AST-1042,CNC Lathe,PUN-01,0,기본,0,0.09148237688968056
2024-08-19,AST-2017,Hydraulic Press,PUN-01,0,기본,0,0.08681270999678233
2024-08-19,AST-2031,Hydraulic Press,CHN-02,0,기본,0,0.06557378751137394
2024-08-19,AST-3008,Belt Conveyor,CHN-02,0,기본,0,0.1593851163133554
2024-08-19,AST-3019,Belt Conveyor,CHN-02,0,기본,0,0.10296534641631437
2024-08-19,AST-4055,Screw Compressor,DHR-03,0,기본,0,0.2387128513387931
2024-08-19,AST-4061,Screw Compressor,DHR-03,0,기본,0,0.0697908977363934
2024-08-19,AST-5003,EOT Crane,DHR-03,0,기본,0,0.1210090869535176
2024-08-19,AST-5007,EOT Crane,PUN-01,0,기본,0,0.07000118802923964
2024-08-20,AST-1041,CNC Lathe,PUN-01,0,기본,0,0.12504594945918854
2024-08-20,AST-1042,CNC Lathe,PUN-01,0,기본,0,0.05485555800282765
2024-08-20,AST-2017,Hydraulic Press,PUN-01,0,기본,0,0.220763933628047
2024-08-20,AST-2031,Hydraulic Press,CHN-02,1,기본,0,0.13703519913180304
2024-08-20,AST-3008,Belt Conveyor,CHN-02,0,기본,0,0.08108077098580542
2024-08-20,AST-3019,Belt Conveyor,CHN-02,0,기본,0,0.11049329188271755
2024-08-20,AST-4055,Screw Compressor,DHR-03,0,기본,0,0.1950563816725369
2024-08-20,AST-4061,Screw Compressor,DHR-03,0,기본,0,0.14197616177081301
2024-08-20,AST-5003,EOT Crane,DHR-03,0,기본,0,0.14985136606917304
2024-08-20,AST-5007,EOT Crane,PUN-01,0,기본,0,0.09759857570842935
2024-08-21,AST-1041,CNC Lathe,PUN-01,0,기본,0,0.128103560651796
2024-08-21,AST-1042,CNC Lathe,PUN-01,0,기본,0,0.06885914724035451
2024-08-21,AST-2017,Hydraulic Press,PUN-01,0,기본,0,0.10817601892681072
2024-08-21,AST-2031,Hydraulic Press,CHN-02,0,기본,0,0.24911968367484427
2024-08-21,AST-3008,Belt Conveyor,CHN-02,0,기본,0,0.10918500796102691
2024-08-21,AST-3019,Belt Conveyor,CHN-02,0,기본,0,0.11030557196253392
2024-08-21,AST-4055,Screw Compressor,DHR-03,0,기본,0,0.2387361670128373
2024-08-21,AST-4061,Screw Compressor,DHR-03,0,기본,0,0.19135049053205155
2024-08-21,AST-5003,EOT Crane,DHR-03,0,기본,0,0.15064604008854574
2024-08-21,AST-5007,EOT Crane,PUN-01,0,기본,0,0.10288237941586058
2024-08-22,AST-1041,CNC Lathe,PUN-01,0,기본,0,0.09977511823509347
2024-08-22,AST-1042,CNC Lathe,PUN-01,1,기본,0,0.08741677149166588
2024-08-22,AST-2017,Hydraulic Press,PUN-01,0,기본,0,0.11778396227419646
2024-08-22,AST-2031,Hydraulic Press,CHN-02,0,기본,0,0.11210463303779104
2024-08-22,AST-3008,Belt Conveyor,CHN-02,0,기본,0,0.19285578644468018
2024-08-22,AST-3019,Belt Conveyor,CHN-02,0,기본,0,0.08609518096857328
2024-08-22,AST-4055,Screw Compressor,DHR-03,1,기본,0,0.2648725639719824
2024-08-22,AST-4061,Screw Compressor,DHR-03,0,기본,0,0.07579996127149037
2024-08-22,AST-5003,EOT Crane,DHR-03,0,기본,0,0.16351322721217149
2024-08-22,AST-5007,EOT Crane,PUN-01,0,기본,0,0.1154672241347503
2024-08-23,AST-1041,CNC Lathe,PUN-01,0,기본,0,0.15445280493280128
2024-08-23,AST-1042,CNC Lathe,PUN-01,0,기본,0,0.07048710780674003
2024-08-23,AST-2017,Hydraulic Press,PUN-01,0,기본,0,0.1594337300778249
2024-08-23,AST-2031,Hydraulic Press,CHN-02,1,기본,0,0.16175548376959148
2024-08-23,AST-3008,Belt Conveyor,CHN-02,0,기본,0,0.11494105474610905
2024-08-23,AST-3019,Belt Conveyor,CHN-02,0,기본,0,0.10606292007867049
2024-08-23,AST-4055,Screw Compressor,DHR-03,1,기본,0,0.16072111362358704
2024-08-23,AST-4061,Screw Compressor,DHR-03,0,기본,0,0.0966088540093901
2024-08-23,AST-5003,EOT Crane,DHR-03,1,기본,0,0.08580689560199417
2024-08-23,AST-5007,EOT Crane,PUN-01,0,기본,0,0.11257526372555204
2024-08-24,AST-1041,CNC Lathe,PUN-01,0,기본,0,0.0010141870437430072
2024-08-24,AST-1042,CNC Lathe,PUN-01,0,기본,0,0.0023756130413953073
2024-08-24,AST-2017,Hydraulic Press,PUN-01,0,기본,0,0.003672804771294564
2024-08-24,AST-2031,Hydraulic Press,CHN-02,0,기본,0,0.03463675279930055
2024-08-24,AST-3008,Belt Conveyor,CHN-02,0,기본,0,0.004354736637253305
2024-08-24,AST-3019,Belt Conveyor,CHN-02,0,기본,0,0.010664054762335342
2024-08-24,AST-4055,Screw Compressor,DHR-03,0,기본,0,0.0006243647696963496
2024-08-24,AST-4061,Screw Compressor,DHR-03,0,기본,0,0.003976087352923077
2024-08-24,AST-5003,EOT Crane,DHR-03,0,기본,0,0.0026271181871401913
2024-08-24,AST-5007,EOT Crane,PUN-01,0,기본,0,0.0047698703000511235
2024-08-25,AST-1041,CNC Lathe,PUN-01,0,기본,0,0.0010237147514993415
2024-08-25,AST-1042,CNC Lathe,PUN-01,0,기본,0,0.0008968595994878022
2024-08-25,AST-2017,Hydraulic Press,PUN-01,0,기본,0,0.008072034159852633
2024-08-25,AST-2031,Hydraulic Press,CHN-02,0,기본,0,0.010223599113275725
2024-08-25,AST-3008,Belt Conveyor,CHN-02,0,기본,0,0.003406301567528055
2024-08-25,AST-3019,Belt Conveyor,CHN-02,0,기본,0,0.01478802870685462
2024-08-25,AST-4055,Screw Compressor,DHR-03,0,기본,0,0.0008031251999442709
2024-08-25,AST-4061,Screw Compressor,DHR-03,0,기본,0,0.00437040161689951
2024-08-25,AST-5003,EOT Crane,DHR-03,0,기본,0,0.006095639711441562
2024-08-25,AST-5007,EOT Crane,PUN-01,0,기본,0,0.0019379845157260292
2024-08-26,AST-1041,CNC Lathe,PUN-01,0,기본,0,0.132671795939411
2024-08-26,AST-1042,CNC Lathe,PUN-01,0,기본,0,0.06126000645106973
2024-08-26,AST-2017,Hydraulic Press,PUN-01,0,기본,0,0.13121177295497763
2024-08-26,AST-2031,Hydraulic Press,CHN-02,0,기본,0,0.0929831744062429
2024-08-26,AST-3008,Belt Conveyor,CHN-02,0,기본,0,0.08308848347121574
2024-08-26,AST-3019,Belt Conveyor,CHN-02,1,기본,0,0.11757859703304452
2024-08-26,AST-4055,Screw Compressor,DHR-03,1,기본,0,0.17526583709307914
2024-08-26,AST-4061,Screw Compressor,DHR-03,1,기본,0,0.10901820127365702
2024-08-26,AST-5003,EOT Crane,DHR-03,1,기본,0,0.4337283883137624
2024-08-26,AST-5007,EOT Crane,PUN-01,0,기본,0,0.11167066075402804
2024-08-27,AST-1041,CNC Lathe,PUN-01,0,기본,0,0.09165428056430816
2024-08-27,AST-1042,CNC Lathe,PUN-01,0,기본,0,0.07978085390374837
2024-08-27,AST-2017,Hydraulic Press,PUN-01,0,기본,0,0.15567342786527555
2024-08-27,AST-2031,Hydraulic Press,CHN-02,0,기본,0,0.13498332369739877
2024-08-27,AST-3008,Belt Conveyor,CHN-02,0,기본,0,0.08524852562213191
2024-08-27,AST-3019,Belt Conveyor,CHN-02,0,기본,0,0.015345259086518456
2024-08-27,AST-4055,Screw Compressor,DHR-03,0,기본,0,0.18628208966898532
2024-08-27,AST-4061,Screw Compressor,DHR-03,0,기본,0,0.1042249016760424
2024-08-27,AST-5003,EOT Crane,DHR-03,0,기본,0,0.10856530919600292
2024-08-27,AST-5007,EOT Crane,PUN-01,0,기본,0,0.08222356639739273
2024-08-28,AST-1041,CNC Lathe,PUN-01,0,기본,0,0.12406797873815177
2024-08-28,AST-1042,CNC Lathe,PUN-01,0,기본,0,0.11925227436001282
2024-08-28,AST-2017,Hydraulic Press,PUN-01,0,기본,0,0.1364247529377404
2024-08-28,AST-2031,Hydraulic Press,CHN-02,0,기본,0,0.15945739519493882
2024-08-28,AST-3008,Belt Conveyor,CHN-02,0,기본,0,0.08651874543057013
2024-08-28,AST-3019,Belt Conveyor,CHN-02,0,기본,0,0.05797630728401561
2024-08-28,AST-4055,Screw Compressor,DHR-03,0,기본,0,0.22640430749449464
2024-08-28,AST-4061,Screw Compressor,DHR-03,1,기본,0,0.06369489170643668
2024-08-28,AST-5003,EOT Crane,DHR-03,0,기본,0,0.16617676476678253
2024-08-28,AST-5007,EOT Crane,PUN-01,0,기본,0,0.09507429252119229
2024-08-29,AST-1041,CNC Lathe,PUN-01,0,기본,0,0.1260609471757735
2024-08-29,AST-1042,CNC Lathe,PUN-01,0,기본,0,0.0818133228105503
2024-08-29,AST-2017,Hydraulic Press,PUN-01,0,기본,0,0.15301196111480406
2024-08-29,AST-2031,Hydraulic Press,CHN-02,0,기본,0,0.11970581682478301
2024-08-29,AST-3008,Belt Conveyor,CHN-02,0,기본,0,0.14577353873588708
2024-08-29,AST-3019,Belt Conveyor,CHN-02,0,기본,0,0.11854698649456065
2024-08-29,AST-4055,Screw Compressor,DHR-03,0,기본,0,0.20558489906353078
2024-08-29,AST-4061,Screw Compressor,DHR-03,0,기본,0,0.04829638143886806
2024-08-29,AST-5003,EOT Crane,DHR-03,0,기본,0,0.1642139245656132
2024-08-29,AST-5007,EOT Crane,PUN-01,1,기본,0,0.1442142960488377
2024-08-30,AST-1041,CNC Lathe,PUN-01,0,기본,0,0.19971733392833038
2024-08-30,AST-1042,CNC Lathe,PUN-01,0,기본,0,0.09844138345466047
2024-08-30,AST-2017,Hydraulic Press,PUN-01,1,기본,0,0.07587038819254936
2024-08-30,AST-2031,Hydraulic Press,CHN-02,1,기본,0,0.12388233318989786
2024-08-30,AST-3008,Belt Conveyor,CHN-02,0,기본,0,0.13667692659252964
2024-08-30,AST-3019,Belt Conveyor,CHN-02,0,기본,0,0.10103080081055808
2024-08-30,AST-4055,Screw Compressor,DHR-03,0,기본,0,0.16109336247573758
2024-08-30,AST-4061,Screw Compressor,DHR-03,0,기본,0,0.11327413283333763
2024-08-30,AST-5003,EOT Crane,DHR-03,1,기본,0,0.19927928588624763
2024-08-30,AST-5007,EOT Crane,PUN-01,1,기본,0,0.043322601091443286
2024-08-31,AST-1041,CNC Lathe,PUN-01,0,기본,0,0.003589031320623486
2024-08-31,AST-1042,CNC Lathe,PUN-01,0,기본,0,0.001689116787130729
2024-08-31,AST-2017,Hydraulic Press,PUN-01,0,기본,0,0.005089660981934686
2024-08-31,AST-2031,Hydraulic Press,CHN-02,0,기본,0,0.004043385258345131
2024-08-31,AST-3008,Belt Conveyor,CHN-02,0,기본,0,0.0427869240319585
2024-08-31,AST-3019,Belt Conveyor,CHN-02,0,기본,0,0.002751853867837539
2024-08-31,AST-4055,Screw Compressor,DHR-03,0,기본,0,0.0017273557858766228
2024-08-31,AST-4061,Screw Compressor,DHR-03,0,기본,0,0.0001802987264728048
2024-08-31,AST-5003,EOT Crane,DHR-03,0,기본,0,0.019108788074341673
2024-08-31,AST-5007,EOT Crane,PUN-01,0,기본,0,0.004620307836723393
2024-09-01,AST-1041,CNC Lathe,PUN-01,0,기본,0,0.0036298482794335455
2024-09-01,AST-1042,CNC Lathe,PUN-01,0,기본,0,0.004229347023821718
2024-09-01,AST-2017,Hydraulic Press,PUN-01,0,기본,0,0.006849618584787919
2024-09-01,AST-2031,Hydraulic Press,CHN-02,0,기본,0,0.016177161418143415
2024-09-01,AST-3008,Belt Conveyor,CHN-02,0,기본,0,0.0011410879236673274
2024-09-01,AST-3019,Belt Conveyor,CHN-02,0,기본,0,0.01084675582302814
2024-09-01,AST-4055,Screw Compressor,DHR-03,0,기본,0,0.005618733433177169
2024-09-01,AST-4061,Screw Compressor,DHR-03,0,기본,0,0.00011936390062171069
2024-09-01,AST-5003,EOT Crane,DHR-03,0,기본,0,0.009051719509624785
2024-09-01,AST-5007,EOT Crane,PUN-01,0,기본,0,0.01998020788073869
2024-09-02,AST-1041,CNC Lathe,PUN-01,0,기본,0,0.15505157860661417
2024-09-02,AST-1042,CNC Lathe,PUN-01,0,기본,0,0.061078184545390116
2024-09-02,AST-2017,Hydraulic Press,PUN-01,0,기본,0,0.12512442003043367
2024-09-02,AST-2031,Hydraulic Press,CHN-02,0,기본,0,0.05985982026728471
2024-09-02,AST-3008,Belt Conveyor,CHN-02,1,기본,0,0.12405567619321134
2024-09-02,AST-3019,Belt Conveyor,CHN-02,0,기본,0,0.03293483349579607
2024-09-02,AST-4055,Screw Compressor,DHR-03,0,기본,0,0.13018812361389195
2024-09-02,AST-4061,Screw Compressor,DHR-03,0,기본,0,0.10125304796722223
2024-09-02,AST-5003,EOT Crane,DHR-03,1,기본,0,0.18755081145171598
2024-09-02,AST-5007,EOT Crane,PUN-01,0,기본,0,0.09241883231481736
2024-09-03,AST-1041,CNC Lathe,PUN-01,0,기본,0,0.12356218292565016
2024-09-03,AST-1042,CNC Lathe,PUN-01,0,기본,0,0.10662941902019019
2024-09-03,AST-2017,Hydraulic Press,PUN-01,0,기본,0,0.09707147731428213
2024-09-03,AST-2031,Hydraulic Press,CHN-02,0,기본,0,0.15153272395388664
2024-09-03,AST-3008,Belt Conveyor,CHN-02,0,기본,0,0.13193368686079399
2024-09-03,AST-3019,Belt Conveyor,CHN-02,0,기본,0,0.12217430977762309
2024-09-03,AST-4055,Screw Compressor,DHR-03,0,기본,0,0.19989605176568578
2024-09-03,AST-4061,Screw Compressor,DHR-03,0,기본,0,0.06251416619241536
2024-09-03,AST-5003,EOT Crane,DHR-03,0,기본,0,0.18601944126181574
2024-09-03,AST-5007,EOT Crane,PUN-01,0,기본,0,0.040867428982604904
2024-09-04,AST-1041,CNC Lathe,PUN-01,0,기본,0,0.3614470549711185
2024-09-04,AST-1042,CNC Lathe,PUN-01,0,기본,0,0.05943840212931953
2024-09-04,AST-2017,Hydraulic Press,PUN-01,0,기본,0,0.12924122390070297
2024-09-04,AST-2031,Hydraulic Press,CHN-02,0,기본,0,0.15835063238223585
2024-09-04,AST-3008,Belt Conveyor,CHN-02,1,기본,0,0.17207384028661754
2024-09-04,AST-3019,Belt Conveyor,CHN-02,0,기본,0,0.10611140113468286
2024-09-04,AST-4055,Screw Compressor,DHR-03,0,기본,0,0.18480749175744823
2024-09-04,AST-4061,Screw Compressor,DHR-03,0,기본,0,0.08676317532809011
2024-09-04,AST-5003,EOT Crane,DHR-03,0,기본,0,0.1275050980021862
2024-09-04,AST-5007,EOT Crane,PUN-01,0,기본,0,0.04262995971992623
2024-09-05,AST-1041,CNC Lathe,PUN-01,0,기본,0,0.11586563619048604
2024-09-05,AST-1042,CNC Lathe,PUN-01,0,기본,0,0.09380044513751529
2024-09-05,AST-2017,Hydraulic Press,PUN-01,0,기본,0,0.14137122775296765
2024-09-05,AST-2031,Hydraulic Press,CHN-02,0,기본,0,0.1734788919296252
2024-09-05,AST-3008,Belt Conveyor,CHN-02,0,기본,0,0.12173154377786735
2024-09-05,AST-3019,Belt Conveyor,CHN-02,0,기본,0,0.03890091710620902
2024-09-05,AST-4055,Screw Compressor,DHR-03,0,기본,0,0.14909001864219332
2024-09-05,AST-4061,Screw Compressor,DHR-03,0,기본,0,0.07318091241637091
2024-09-05,AST-5003,EOT Crane,DHR-03,0,기본,0,0.22411360213102657
2024-09-05,AST-5007,EOT Crane,PUN-01,0,기본,0,0.09762675538674374
2024-09-06,AST-1041,CNC Lathe,PUN-01,0,기본,0,0.18567744897050942
2024-09-06,AST-1042,CNC Lathe,PUN-01,0,기본,0,0.10175767325809619
2024-09-06,AST-2017,Hydraulic Press,PUN-01,1,기본,0,0.2269712219389761
2024-09-06,AST-2031,Hydraulic Press,CHN-02,0,기본,0,0.1350320655879191
2024-09-06,AST-3008,Belt Conveyor,CHN-02,0,기본,0,0.11190526661403083
2024-09-06,AST-3019,Belt Conveyor,CHN-02,0,기본,0,0.1356101629221532
2024-09-06,AST-4055,Screw Compressor,DHR-03,0,기본,0,0.22424277975806095
2024-09-06,AST-4061,Screw Compressor,DHR-03,0,기본,0,0.09915804822257818
2024-09-06,AST-5003,EOT Crane,DHR-03,1,기본,0,0.21208769820299964
2024-09-06,AST-5007,EOT Crane,PUN-01,0,기본,0,0.06787634650865836
2024-09-07,AST-1041,CNC Lathe,PUN-01,0,기본,0,0.002042489710176847
2024-09-07,AST-1042,CNC Lathe,PUN-01,0,기본,0,0.006919034767383064
2024-09-07,AST-2017,Hydraulic Press,PUN-01,0,기본,0,0.013294567926847899
2024-09-07,AST-2031,Hydraulic Press,CHN-02,0,기본,0,0.03478487264261758
2024-09-07,AST-3008,Belt Conveyor,CHN-02,0,기본,0,0.0043500928569832256
2024-09-07,AST-3019,Belt Conveyor,CHN-02,0,기본,0,0.0014471813498933258
2024-09-07,AST-4055,Screw Compressor,DHR-03,0,기본,0,0.005821988563140893
2024-09-07,AST-4061,Screw Compressor,DHR-03,0,기본,0,0.001038242937649067
2024-09-07,AST-5003,EOT Crane,DHR-03,0,기본,0,0.05749548725689006
2024-09-07,AST-5007,EOT Crane,PUN-01,0,기본,0,0.006197121765302493
2024-09-08,AST-1041,CNC Lathe,PUN-01,0,기본,0,0.0027304350740863046
2024-09-08,AST-1042,CNC Lathe,PUN-01,0,기본,0,0.007822120332216792
2024-09-08,AST-2017,Hydraulic Press,PUN-01,0,기본,0,0.007013508838178177
2024-09-08,AST-2031,Hydraulic Press,CHN-02,0,기본,0,0.00858805042614938
2024-09-08,AST-3008,Belt Conveyor,CHN-02,0,기본,0,0.0066793274744822015
2024-09-08,AST-3019,Belt Conveyor,CHN-02,0,기본,0,0.0016986463068615577
2024-09-08,AST-4055,Screw Compressor,DHR-03,0,기본,0,0.00040813208626218735
2024-09-08,AST-4061,Screw Compressor,DHR-03,0,기본,0,0.00022390611533146409
2024-09-08,AST-5003,EOT Crane,DHR-03,0,기본,0,0.015295722020369813
2024-09-08,AST-5007,EOT Crane,PUN-01,0,기본,0,0.011941029584280774
2024-09-09,AST-1041,CNC Lathe,PUN-01,1,기본,0,0.09299599385968373
2024-09-09,AST-1042,CNC Lathe,PUN-01,1,기본,0,0.06479917037712661
2024-09-09,AST-2017,Hydraulic Press,PUN-01,0,기본,0,0.11705894880520415
2024-09-09,AST-2031,Hydraulic Press,CHN-02,0,기본,0,0.09944215176949765
2024-09-09,AST-3008,Belt Conveyor,CHN-02,0,기본,0,0.0647989483573875
2024-09-09,AST-3019,Belt Conveyor,CHN-02,0,기본,0,0.0711320367492853
2024-09-09,AST-4055,Screw Compressor,DHR-03,0,기본,0,0.09029663591148235
2024-09-09,AST-4061,Screw Compressor,DHR-03,0,기본,0,0.10161253556136542
2024-09-09,AST-5003,EOT Crane,DHR-03,0,기본,0,0.1376619077291252
2024-09-09,AST-5007,EOT Crane,PUN-01,0,기본,0,0.021205432962134018
2024-09-10,AST-1041,CNC Lathe,PUN-01,0,기본,0,0.09549006966945481
2024-09-10,AST-1042,CNC Lathe,PUN-01,0,기본,0,0.0758699388808446
2024-09-10,AST-2017,Hydraulic Press,PUN-01,1,기본,0,0.15587940075564055
2024-09-10,AST-2031,Hydraulic Press,CHN-02,0,기본,0,0.14866587497402403
2024-09-10,AST-3008,Belt Conveyor,CHN-02,0,기본,0,0.10053203167066016
2024-09-10,AST-3019,Belt Conveyor,CHN-02,0,기본,0,0.3110715959829806
2024-09-10,AST-4055,Screw Compressor,DHR-03,0,기본,0,0.1698311774517071
2024-09-10,AST-4061,Screw Compressor,DHR-03,1,기본,0,0.11367277789812003
2024-09-10,AST-5003,EOT Crane,DHR-03,0,기본,0,0.23930828181487607
2024-09-10,AST-5007,EOT Crane,PUN-01,0,기본,0,0.05493671772836238
2024-09-11,AST-1041,CNC Lathe,PUN-01,0,기본,0,0.1372410479686946
2024-09-11,AST-1042,CNC Lathe,PUN-01,0,기본,0,0.07467864677103771
2024-09-11,AST-2017,Hydraulic Press,PUN-01,0,기본,0,0.15775094707642298
2024-09-11,AST-2031,Hydraulic Press,CHN-02,0,기본,0,0.15077205695338686
2024-09-11,AST-3008,Belt Conveyor,CHN-02,0,기본,0,0.12452090131508961
2024-09-11,AST-3019,Belt Conveyor,CHN-02,0,기본,0,0.035730462517891144
2024-09-11,AST-4055,Screw Compressor,DHR-03,0,기본,0,0.19049449911662047
2024-09-11,AST-4061,Screw Compressor,DHR-03,0,기본,0,0.1542766646248804
2024-09-11,AST-5003,EOT Crane,DHR-03,0,기본,0,0.10310578894260256
2024-09-11,AST-5007,EOT Crane,PUN-01,0,기본,0,0.06924093043785925
2024-09-12,AST-1041,CNC Lathe,PUN-01,0,기본,0,0.12099037329655028
2024-09-12,AST-1042,CNC Lathe,PUN-01,0,기본,0,0.0820798828303762
2024-09-12,AST-2017,Hydraulic Press,PUN-01,0,기본,0,0.2043739850700485
2024-09-12,AST-2031,Hydraulic Press,CHN-02,0,기본,0,0.14156910699337744
2024-09-12,AST-3008,Belt Conveyor,CHN-02,0,기본,0,0.13789615851022144
2024-09-12,AST-3019,Belt Conveyor,CHN-02,0,기본,0,0.11755657888482014
2024-09-12,AST-4055,Screw Compressor,DHR-03,0,기본,0,0.20463121944085363
2024-09-12,AST-4061,Screw Compressor,DHR-03,1,기본,0,0.13402163468497674
2024-09-12,AST-5003,EOT Crane,DHR-03,0,기본,0,0.154087994318603
2024-09-12,AST-5007,EOT Crane,PUN-01,0,기본,0,0.056866584114950755
2024-09-13,AST-1041,CNC Lathe,PUN-01,0,기본,0,0.11403540164051458
2024-09-13,AST-1042,CNC Lathe,PUN-01,0,기본,0,0.14856213806016602
2024-09-13,AST-2017,Hydraulic Press,PUN-01,0,기본,0,0.23979048146500462
2024-09-13,AST-2031,Hydraulic Press,CHN-02,0,기본,0,0.12586470990176085
2024-09-13,AST-3008,Belt Conveyor,CHN-02,0,기본,0,0.11695271715567476
2024-09-13,AST-3019,Belt Conveyor,CHN-02,0,기본,0,0.09601890395776287
2024-09-13,AST-4055,Screw Compressor,DHR-03,0,기본,0,0.13581180465294515
2024-09-13,AST-4061,Screw Compressor,DHR-03,0,기본,0,0.14998335558277637
2024-09-13,AST-5003,EOT Crane,DHR-03,0,기본,0,0.17716868201493388
2024-09-13,AST-5007,EOT Crane,PUN-01,0,기본,0,0.0711725522024573
2024-09-14,AST-1041,CNC Lathe,PUN-01,0,기본,0,0.0015951711987671942
2024-09-14,AST-1042,CNC Lathe,PUN-01,0,기본,0,0.003617308770255378
2024-09-14,AST-2017,Hydraulic Press,PUN-01,0,기본,0,0.010988375910809943
2024-09-14,AST-2031,Hydraulic Press,CHN-02,0,기본,0,0.07578742158982964
2024-09-14,AST-3008,Belt Conveyor,CHN-02,0,기본,0,0.008330236286482426
2024-09-14,AST-3019,Belt Conveyor,CHN-02,0,기본,0,0.0026207560550176143
2024-09-14,AST-4055,Screw Compressor,DHR-03,0,기본,0,0.005965822963050368
2024-09-14,AST-4061,Screw Compressor,DHR-03,0,기본,0,0.001646638122365044
2024-09-14,AST-5003,EOT Crane,DHR-03,0,기본,0,0.03897659737585175
2024-09-14,AST-5007,EOT Crane,PUN-01,0,기본,0,0.0019436077456297903
2024-09-15,AST-1041,CNC Lathe,PUN-01,0,기본,0,0.0013531195645973089
2024-09-15,AST-1042,CNC Lathe,PUN-01,0,기본,0,0.0030139836458341488
2024-09-15,AST-2017,Hydraulic Press,PUN-01,0,기본,0,0.005625719963253054
2024-09-15,AST-2031,Hydraulic Press,CHN-02,0,기본,0,0.0033191292922628048
2024-09-15,AST-3008,Belt Conveyor,CHN-02,0,기본,0,0.01009251337683725
2024-09-15,AST-3019,Belt Conveyor,CHN-02,0,기본,0,0.020342300485998534
2024-09-15,AST-4055,Screw Compressor,DHR-03,0,기본,0,0.0002685834566618606
2024-09-15,AST-4061,Screw Compressor,DHR-03,0,기본,0,0.0007750887993068345
2024-09-15,AST-5003,EOT Crane,DHR-03,0,기본,0,0.020471722863240432
2024-09-15,AST-5007,EOT Crane,PUN-01,0,기본,0,0.023894632975827088
2024-09-16,AST-1041,CNC Lathe,PUN-01,0,기본,0,0.12572743190166463
2024-09-16,AST-1042,CNC Lathe,PUN-01,0,기본,0,0.1712103285496842
2024-09-16,AST-2017,Hydraulic Press,PUN-01,0,기본,0,0.1561319083569874
2024-09-16,AST-2031,Hydraulic Press,CHN-02,1,기본,0,0.0948339957647542
2024-09-16,AST-3008,Belt Conveyor,CHN-02,0,기본,0,0.12007900769217018
2024-09-16,AST-3019,Belt Conveyor,CHN-02,0,기본,0,0.11145263554517876
2024-09-16,AST-4055,Screw Compressor,DHR-03,0,기본,0,0.12182092568299781
2024-09-16,AST-4061,Screw Compressor,DHR-03,0,기본,0,0.08160894254784362
2024-09-16,AST-5003,EOT Crane,DHR-03,0,기본,0,0.11666258182062211
2024-09-16,AST-5007,EOT Crane,PUN-01,0,기본,0,0.04936483808526806
2024-09-17,AST-1041,CNC Lathe,PUN-01,0,기본,0,0.3396091256276789
2024-09-17,AST-1042,CNC Lathe,PUN-01,0,기본,0,0.1902798414163818
2024-09-17,AST-2017,Hydraulic Press,PUN-01,0,기본,0,0.1754323684739236
2024-09-17,AST-2031,Hydraulic Press,CHN-02,0,기본,0,0.14175613943865828
2024-09-17,AST-3008,Belt Conveyor,CHN-02,0,기본,0,0.12199160973365576
2024-09-17,AST-3019,Belt Conveyor,CHN-02,0,기본,0,0.17476694827710829
2024-09-17,AST-4055,Screw Compressor,DHR-03,1,기본,0,0.19580552279449515
2024-09-17,AST-4061,Screw Compressor,DHR-03,0,기본,0,0.36921785213534203
2024-09-17,AST-5003,EOT Crane,DHR-03,0,기본,0,0.29505701510899773
2024-09-17,AST-5007,EOT Crane,PUN-01,0,기본,0,0.13225946292413165
2024-09-18,AST-1041,CNC Lathe,PUN-01,1,기본,0,0.08707230691797893
2024-09-18,AST-1042,CNC Lathe,PUN-01,0,기본,0,0.11931232996617573
2024-09-18,AST-2017,Hydraulic Press,PUN-01,0,기본,0,0.15058884160095257
2024-09-18,AST-2031,Hydraulic Press,CHN-02,0,기본,0,0.1299345679451332
2024-09-18,AST-3008,Belt Conveyor,CHN-02,0,기본,0,0.12262578266606673
2024-09-18,AST-3019,Belt Conveyor,CHN-02,0,기본,0,0.11588831772830291
2024-09-18,AST-4055,Screw Compressor,DHR-03,0,기본,0,0.12603536996553025
2024-09-18,AST-4061,Screw Compressor,DHR-03,0,기본,0,0.06272290219748074
2024-09-18,AST-5003,EOT Crane,DHR-03,0,기본,0,0.14188170191408908
2024-09-18,AST-5007,EOT Crane,PUN-01,0,기본,0,0.0520555764375589
2024-09-19,AST-1041,CNC Lathe,PUN-01,0,기본,0,0.30398745750990963
2024-09-19,AST-1042,CNC Lathe,PUN-01,0,기본,0,0.09298705821988588
2024-09-19,AST-2017,Hydraulic Press,PUN-01,0,기본,0,0.16600226752250363
2024-09-19,AST-2031,Hydraulic Press,CHN-02,0,기본,0,0.1644970450263129
2024-09-19,AST-3008,Belt Conveyor,CHN-02,0,기본,0,0.16313039632819135
2024-09-19,AST-3019,Belt Conveyor,CHN-02,0,기본,0,0.21833205224555563
2024-09-19,AST-4055,Screw Compressor,DHR-03,0,기본,0,0.147789116470068
2024-09-19,AST-4061,Screw Compressor,DHR-03,0,기본,0,0.12355284795890747
2024-09-19,AST-5003,EOT Crane,DHR-03,1,기본,0,0.19274215324241054
2024-09-19,AST-5007,EOT Crane,PUN-01,0,기본,0,0.10465589092591637
2024-09-20,AST-1041,CNC Lathe,PUN-01,1,기본,0,0.07463453525767645
2024-09-20,AST-1042,CNC Lathe,PUN-01,0,기본,0,0.11514420486355065
2024-09-20,AST-2017,Hydraulic Press,PUN-01,0,기본,0,0.17344240636466288
2024-09-20,AST-2031,Hydraulic Press,CHN-02,0,기본,0,0.22868139888419084
2024-09-20,AST-3008,Belt Conveyor,CHN-02,0,기본,0,0.10010632683338767
2024-09-20,AST-3019,Belt Conveyor,CHN-02,0,기본,0,0.05685779729811724
2024-09-20,AST-4055,Screw Compressor,DHR-03,0,기본,0,0.23417303347458385
2024-09-20,AST-4061,Screw Compressor,DHR-03,1,기본,0,0.14090902647614287
2024-09-20,AST-5003,EOT Crane,DHR-03,1,기본,0,0.2684619310872741
2024-09-20,AST-5007,EOT Crane,PUN-01,0,기본,0,0.09346818651371332
2024-09-21,AST-1041,CNC Lathe,PUN-01,0,기본,0,0.0017427002824717264
2024-09-21,AST-1042,CNC Lathe,PUN-01,0,기본,0,0.0037533524535185363
2024-09-21,AST-2017,Hydraulic Press,PUN-01,0,기본,0,0.021717160087177147
2024-09-21,AST-2031,Hydraulic Press,CHN-02,0,기본,0,0.17726322070298509
2024-09-21,AST-3008,Belt Conveyor,CHN-02,0,기본,0,0.0019492484122177209
2024-09-21,AST-3019,Belt Conveyor,CHN-02,0,기본,0,0.0009684708583499454
2024-09-21,AST-4055,Screw Compressor,DHR-03,0,기본,0,0.003807428378385878
2024-09-21,AST-4061,Screw Compressor,DHR-03,0,기본,0,0.00026728437058764684
2024-09-21,AST-5003,EOT Crane,DHR-03,0,기본,0,0.0131049487428897
2024-09-21,AST-5007,EOT Crane,PUN-01,0,기본,0,0.021456682927866032
2024-09-22,AST-1041,CNC Lathe,PUN-01,0,기본,0,0.000557543874532982
2024-09-22,AST-1042,CNC Lathe,PUN-01,0,기본,0,0.002168035352001617
2024-09-22,AST-2017,Hydraulic Press,PUN-01,0,기본,0,0.009207296194270555
2024-09-22,AST-2031,Hydraulic Press,CHN-02,0,기본,0,0.03526886346075152
2024-09-22,AST-3008,Belt Conveyor,CHN-02,0,기본,0,0.002586077068154373
2024-09-22,AST-3019,Belt Conveyor,CHN-02,0,기본,0,0.002518601418853496
2024-09-22,AST-4055,Screw Compressor,DHR-03,0,기본,0,0.0018411900482242238
2024-09-22,AST-4061,Screw Compressor,DHR-03,0,기본,0,0.0010714770081827597
2024-09-22,AST-5003,EOT Crane,DHR-03,0,기본,0,0.022487171182579223
2024-09-22,AST-5007,EOT Crane,PUN-01,0,기본,0,0.00612051880459633
2024-09-23,AST-1041,CNC Lathe,PUN-01,0,기본,0,0.10475798074035868
2024-09-23,AST-1042,CNC Lathe,PUN-01,0,기본,0,0.08846032790123397
2024-09-23,AST-2017,Hydraulic Press,PUN-01,0,기본,0,0.12655644028535698
2024-09-23,AST-2031,Hydraulic Press,CHN-02,0,기본,0,0.01177062491451531
2024-09-23,AST-3008,Belt Conveyor,CHN-02,0,기본,0,0.11060637640933234
2024-09-23,AST-3019,Belt Conveyor,CHN-02,0,기본,0,0.027028827654978712
2024-09-23,AST-4055,Screw Compressor,DHR-03,0,기본,0,0.1314784595075552
2024-09-23,AST-4061,Screw Compressor,DHR-03,0,기본,0,0.07592956419321834
2024-09-23,AST-5003,EOT Crane,DHR-03,0,기본,0,0.07832612138630209
2024-09-23,AST-5007,EOT Crane,PUN-01,0,기본,0,0.07705536550136106
2024-09-24,AST-1041,CNC Lathe,PUN-01,0,기본,0,0.12251201106364265
2024-09-24,AST-1042,CNC Lathe,PUN-01,0,기본,0,0.0979606114278798
2024-09-24,AST-2017,Hydraulic Press,PUN-01,0,기본,0,0.09575502002818448
2024-09-24,AST-2031,Hydraulic Press,CHN-02,0,기본,0,0.22375935312621262
2024-09-24,AST-3008,Belt Conveyor,CHN-02,0,기본,0,0.14593976573835932
2024-09-24,AST-3019,Belt Conveyor,CHN-02,0,기본,0,0.05891169319363978
2024-09-24,AST-4055,Screw Compressor,DHR-03,0,기본,0,0.10061064045370767
2024-09-24,AST-4061,Screw Compressor,DHR-03,0,기본,0,0.0604101950477299
2024-09-24,AST-5003,EOT Crane,DHR-03,0,기본,0,0.16322028892806287
2024-09-24,AST-5007,EOT Crane,PUN-01,0,기본,0,0.05650035241985526
2024-09-25,AST-1041,CNC Lathe,PUN-01,0,기본,0,0.11116554411559043
2024-09-25,AST-1042,CNC Lathe,PUN-01,1,기본,0,0.05778373471228561
2024-09-25,AST-2017,Hydraulic Press,PUN-01,0,기본,0,0.17573901053837834
2024-09-25,AST-2031,Hydraulic Press,CHN-02,0,기본,0,0.1983494200920126
2024-09-25,AST-3008,Belt Conveyor,CHN-02,0,기본,0,0.11727769283857836
2024-09-25,AST-3019,Belt Conveyor,CHN-02,0,기본,0,0.08798872583611998
2024-09-25,AST-4055,Screw Compressor,DHR-03,0,기본,0,0.17185533477933015
2024-09-25,AST-4061,Screw Compressor,DHR-03,1,기본,0,0.20383419693306354
2024-09-25,AST-5003,EOT Crane,DHR-03,1,기본,0,0.22636874573085689
2024-09-25,AST-5007,EOT Crane,PUN-01,1,기본,0,0.1401481075055064
2024-09-26,AST-1041,CNC Lathe,PUN-01,0,기본,0,0.1714700930900022
2024-09-26,AST-1042,CNC Lathe,PUN-01,0,기본,0,0.06427109846738432
2024-09-26,AST-2017,Hydraulic Press,PUN-01,0,기본,0,0.1276289258500792
2024-09-26,AST-2031,Hydraulic Press,CHN-02,0,기본,0,0.25827112596791246
2024-09-26,AST-3008,Belt Conveyor,CHN-02,0,기본,0,0.11690553641348031
2024-09-26,AST-3019,Belt Conveyor,CHN-02,0,기본,0,0.09956551584130084
2024-09-26,AST-4055,Screw Compressor,DHR-03,0,기본,0,0.19957051317349633
2024-09-26,AST-4061,Screw Compressor,DHR-03,0,기본,0,0.05941369052041022
2024-09-26,AST-5003,EOT Crane,DHR-03,0,기본,0,0.20753249246805022
2024-09-26,AST-5007,EOT Crane,PUN-01,0,기본,0,0.11712429273459204
2024-09-27,AST-1041,CNC Lathe,PUN-01,0,기본,0,0.13730253530502776
2024-09-27,AST-1042,CNC Lathe,PUN-01,0,기본,0,0.10395516442289346
2024-09-27,AST-2017,Hydraulic Press,PUN-01,0,기본,0,0.19269067508618404
2024-09-27,AST-2031,Hydraulic Press,CHN-02,0,기본,0,0.16479354963361853
2024-09-27,AST-3008,Belt Conveyor,CHN-02,0,기본,0,0.10173968195680806
2024-09-27,AST-3019,Belt Conveyor,CHN-02,0,기본,0,0.11842547917621568
2024-09-27,AST-4055,Screw Compressor,DHR-03,1,기본,0,0.2525304536871408
2024-09-27,AST-4061,Screw Compressor,DHR-03,0,기본,0,0.0740928555944995
2024-09-27,AST-5003,EOT Crane,DHR-03,0,기본,0,0.23616938547426186
2024-09-27,AST-5007,EOT Crane,PUN-01,0,기본,0,0.06048328329710989
2024-09-28,AST-1041,CNC Lathe,PUN-01,0,기본,0,0.009566108379919567
2024-09-28,AST-1042,CNC Lathe,PUN-01,0,기본,0,0.0019843173825114233
2024-09-28,AST-2017,Hydraulic Press,PUN-01,0,기본,0,0.0036401508222303233
2024-09-28,AST-2031,Hydraulic Press,CHN-02,0,기본,0,0.016235712516862465
2024-09-28,AST-3008,Belt Conveyor,CHN-02,0,기본,0,0.02181167118894827
2024-09-28,AST-3019,Belt Conveyor,CHN-02,0,기본,0,0.004320082553754836
2024-09-28,AST-4055,Screw Compressor,DHR-03,0,기본,0,0.0008878622242650799
2024-09-28,AST-4061,Screw Compressor,DHR-03,0,기본,0,0.0006307084198325733
2024-09-28,AST-5003,EOT Crane,DHR-03,0,기본,0,0.0014201887372524242
2024-09-28,AST-5007,EOT Crane,PUN-01,0,기본,0,0.006060649294950905
2024-09-29,AST-1041,CNC Lathe,PUN-01,0,기본,0,0.0012113696601697846
2024-09-29,AST-1042,CNC Lathe,PUN-01,0,기본,0,0.0026307607120970816
2024-09-29,AST-2017,Hydraulic Press,PUN-01,0,기본,0,0.008604092493909846
2024-09-29,AST-2031,Hydraulic Press,CHN-02,0,기본,0,0.004931944436280831
2024-09-29,AST-3008,Belt Conveyor,CHN-02,0,기본,0,0.0007514238691020662
2024-09-29,AST-3019,Belt Conveyor,CHN-02,0,기본,0,0.022817690514179707
2024-09-29,AST-4055,Screw Compressor,DHR-03,0,기본,0,0.0013777289918307436
2024-09-29,AST-4061,Screw Compressor,DHR-03,0,기본,0,0.0008852368408388059
2024-09-29,AST-5003,EOT Crane,DHR-03,0,기본,0,0.007318030324699597
2024-09-29,AST-5007,EOT Crane,PUN-01,0,기본,0,0.008732342340746076
2024-09-30,AST-1041,CNC Lathe,PUN-01,0,기본,0,0.15470296165738642
2024-09-30,AST-1042,CNC Lathe,PUN-01,0,기본,0,0.061068319946575605
2024-09-30,AST-2017,Hydraulic Press,PUN-01,0,기본,0,0.1112985296455118
2024-09-30,AST-2031,Hydraulic Press,CHN-02,1,기본,0,0.12261255431979477
2024-09-30,AST-3008,Belt Conveyor,CHN-02,0,기본,0,0.1483096659429687
2024-09-30,AST-3019,Belt Conveyor,CHN-02,1,기본,0,0.0709022773369057
2024-09-30,AST-4055,Screw Compressor,DHR-03,0,기본,0,0.06254650490333778
2024-09-30,AST-4061,Screw Compressor,DHR-03,0,기본,0,0.08366360239784726
2024-09-30,AST-5003,EOT Crane,DHR-03,0,기본,0,0.2200474327819457
2024-09-30,AST-5007,EOT Crane,PUN-01,0,기본,0,0.11581598333348057
2024-10-01,AST-1041,CNC Lathe,PUN-01,0,기본,0,0.13599354382060513
2024-10-01,AST-1042,CNC Lathe,PUN-01,0,기본,0,0.07009807837362263
2024-10-01,AST-2017,Hydraulic Press,PUN-01,0,기본,0,0.1945637528464253
2024-10-01,AST-2031,Hydraulic Press,CHN-02,0,기본,0,0.0926895479485609
2024-10-01,AST-3008,Belt Conveyor,CHN-02,0,기본,0,0.25365200567978113
2024-10-01,AST-3019,Belt Conveyor,CHN-02,0,기본,0,0.08095954315002848
2024-10-01,AST-4055,Screw Compressor,DHR-03,0,기본,0,0.09489209475399321
2024-10-01,AST-4061,Screw Compressor,DHR-03,0,기본,0,0.09195255294669401
2024-10-01,AST-5003,EOT Crane,DHR-03,0,기본,0,0.12668556835915531
2024-10-01,AST-5007,EOT Crane,PUN-01,0,기본,0,0.046416752140966834
2024-10-02,AST-1041,CNC Lathe,PUN-01,0,기본,0,0.09680156447968682
2024-10-02,AST-1042,CNC Lathe,PUN-01,0,기본,0,0.08008207123096585
2024-10-02,AST-2017,Hydraulic Press,PUN-01,0,기본,0,0.11563341826819018
2024-10-02,AST-2031,Hydraulic Press,CHN-02,1,기본,0,0.1675896607173612
2024-10-02,AST-3008,Belt Conveyor,CHN-02,0,기본,0,0.08886315067780287
2024-10-02,AST-3019,Belt Conveyor,CHN-02,0,기본,0,0.05063013997496229
2024-10-02,AST-4055,Screw Compressor,DHR-03,0,기본,0,0.13866692929211966
2024-10-02,AST-4061,Screw Compressor,DHR-03,0,기본,0,0.11818589645214728
2024-10-02,AST-5003,EOT Crane,DHR-03,0,기본,0,0.22949551982382818
2024-10-02,AST-5007,EOT Crane,PUN-01,1,기본,0,0.0725586787250773
2024-10-03,AST-1041,CNC Lathe,PUN-01,1,기본,0,0.12200714762760967
2024-10-03,AST-1042,CNC Lathe,PUN-01,0,기본,0,0.06254784685253205
2024-10-03,AST-2017,Hydraulic Press,PUN-01,0,기본,0,0.18102054264407252
2024-10-03,AST-2031,Hydraulic Press,CHN-02,0,기본,0,0.1695609699814358
2024-10-03,AST-3008,Belt Conveyor,CHN-02,0,기본,0,0.15424255410309767
2024-10-03,AST-3019,Belt Conveyor,CHN-02,0,기본,0,0.1631746271754436
2024-10-03,AST-4055,Screw Compressor,DHR-03,0,기본,0,0.07752951498791048
2024-10-03,AST-4061,Screw Compressor,DHR-03,0,기본,0,0.11006169122537265
2024-10-03,AST-5003,EOT Crane,DHR-03,0,기본,0,0.1300579780650455
2024-10-03,AST-5007,EOT Crane,PUN-01,0,기본,0,0.09755760100440743
2024-10-04,AST-1041,CNC Lathe,PUN-01,0,기본,0,0.11610620545908655
2024-10-04,AST-1042,CNC Lathe,PUN-01,1,기본,0,0.05740103301450672
2024-10-04,AST-2017,Hydraulic Press,PUN-01,0,기본,0,0.22070490859603292
2024-10-04,AST-2031,Hydraulic Press,CHN-02,0,기본,0,0.12279840121190055
2024-10-04,AST-3008,Belt Conveyor,CHN-02,0,기본,0,0.16211098382379163
2024-10-04,AST-3019,Belt Conveyor,CHN-02,0,기본,0,0.07673669359936686
2024-10-04,AST-4055,Screw Compressor,DHR-03,0,기본,0,0.18123078609616378
2024-10-04,AST-4061,Screw Compressor,DHR-03,0,기본,0,0.13502982442550146
2024-10-04,AST-5003,EOT Crane,DHR-03,0,기본,0,0.2364144617471896
2024-10-04,AST-5007,EOT Crane,PUN-01,0,기본,0,0.07498735365144149
2024-10-05,AST-1041,CNC Lathe,PUN-01,0,기본,0,0.0009790407167832337
2024-10-05,AST-1042,CNC Lathe,PUN-01,0,기본,0,0.0003646848297572222
2024-10-05,AST-2017,Hydraulic Press,PUN-01,0,기본,0,0.006580418350416635
2024-10-05,AST-2031,Hydraulic Press,CHN-02,0,기본,0,0.07893179554142878
2024-10-05,AST-3008,Belt Conveyor,CHN-02,0,기본,0,0.0024368606278687916
2024-10-05,AST-3019,Belt Conveyor,CHN-02,0,기본,0,0.001027947609207556
2024-10-05,AST-4055,Screw Compressor,DHR-03,0,기본,0,0.002503111953362001
2024-10-05,AST-4061,Screw Compressor,DHR-03,0,기본,0,0.0007153314482243696
2024-10-05,AST-5003,EOT Crane,DHR-03,0,기본,0,0.045670757735436336
2024-10-05,AST-5007,EOT Crane,PUN-01,0,기본,0,0.0019575449213933616
2024-10-06,AST-1041,CNC Lathe,PUN-01,0,기본,0,0.00086197145032071
2024-10-06,AST-1042,CNC Lathe,PUN-01,0,기본,0,0.0010684222855117738
2024-10-06,AST-2017,Hydraulic Press,PUN-01,0,기본,0,0.008887048412130482
2024-10-06,AST-2031,Hydraulic Press,CHN-02,0,기본,0,0.0018745922202166858
2024-10-06,AST-3008,Belt Conveyor,CHN-02,0,기본,0,0.003930428701635983
2024-10-06,AST-3019,Belt Conveyor,CHN-02,0,기본,0,0.0007578578156178628
2024-10-06,AST-4055,Screw Compressor,DHR-03,0,기본,0,0.0025734449562225354
2024-10-06,AST-4061,Screw Compressor,DHR-03,0,기본,0,0.0002744920709584097
2024-10-06,AST-5003,EOT Crane,DHR-03,0,기본,0,0.022897428283305703
2024-10-06,AST-5007,EOT Crane,PUN-01,0,기본,0,0.0011233179693481605
2024-10-07,AST-1041,CNC Lathe,PUN-01,0,기본,0,0.1330859963539364
2024-10-07,AST-1042,CNC Lathe,PUN-01,0,기본,0,0.06188528096229743
2024-10-07,AST-2017,Hydraulic Press,PUN-01,0,기본,0,0.18449715774590628
2024-10-07,AST-2031,Hydraulic Press,CHN-02,0,기본,0,0.12294004711765383
2024-10-07,AST-3008,Belt Conveyor,CHN-02,0,기본,0,0.08367447539147586
2024-10-07,AST-3019,Belt Conveyor,CHN-02,0,기본,0,0.05457301896313407
2024-10-07,AST-4055,Screw Compressor,DHR-03,0,기본,0,0.1638254169236934
2024-10-07,AST-4061,Screw Compressor,DHR-03,1,기본,0,0.02012996338150454
2024-10-07,AST-5003,EOT Crane,DHR-03,0,기본,0,0.23584004953877494
2024-10-07,AST-5007,EOT Crane,PUN-01,0,기본,0,0.052961547971818526
2024-10-08,AST-1041,CNC Lathe,PUN-01,0,기본,0,0.11309247693746033
2024-10-08,AST-1042,CNC Lathe,PUN-01,0,기본,0,0.08504225163485228
2024-10-08,AST-2017,Hydraulic Press,PUN-01,0,기본,0,0.19677930388797374
2024-10-08,AST-2031,Hydraulic Press,CHN-02,0,기본,0,0.09281213847087326
2024-10-08,AST-3008,Belt Conveyor,CHN-02,0,기본,0,0.18231005223346564
2024-10-08,AST-3019,Belt Conveyor,CHN-02,0,기본,0,0.0805422321302503
2024-10-08,AST-4055,Screw Compressor,DHR-03,0,기본,0,0.17318382156482987
2024-10-08,AST-4061,Screw Compressor,DHR-03,0,기본,0,0.10547942642527318
2024-10-08,AST-5003,EOT Crane,DHR-03,0,기본,0,0.1323812918182733
2024-10-08,AST-5007,EOT Crane,PUN-01,0,기본,0,0.09644649686885821
2024-10-09,AST-1041,CNC Lathe,PUN-01,0,기본,0,0.10083474405729051
2024-10-09,AST-1042,CNC Lathe,PUN-01,0,기본,0,0.08634504335020583
2024-10-09,AST-2017,Hydraulic Press,PUN-01,0,기본,0,0.19580004588561117
2024-10-09,AST-2031,Hydraulic Press,CHN-02,0,기본,0,0.06012428168227635
2024-10-09,AST-3008,Belt Conveyor,CHN-02,0,기본,0,0.18620329499350985
2024-10-09,AST-3019,Belt Conveyor,CHN-02,1,기본,0,0.06523500996699554
2024-10-09,AST-4055,Screw Compressor,DHR-03,0,기본,0,0.18706451964911042
2024-10-09,AST-4061,Screw Compressor,DHR-03,0,기본,0,0.10333562866697575
2024-10-09,AST-5003,EOT Crane,DHR-03,0,기본,0,0.248131154564767
2024-10-09,AST-5007,EOT Crane,PUN-01,0,기본,0,0.07915666966242832
2024-10-10,AST-1041,CNC Lathe,PUN-01,0,기본,0,0.12013480613033102
2024-10-10,AST-1042,CNC Lathe,PUN-01,0,기본,0,0.06913624604865105
2024-10-10,AST-2017,Hydraulic Press,PUN-01,0,기본,0,0.16914052253642492
2024-10-10,AST-2031,Hydraulic Press,CHN-02,0,기본,0,0.07333661197912847
2024-10-10,AST-3008,Belt Conveyor,CHN-02,0,기본,0,0.09019676114322997
2024-10-10,AST-3019,Belt Conveyor,CHN-02,0,기본,0,0.07378516097768606
2024-10-10,AST-4055,Screw Compressor,DHR-03,0,기본,0,0.22685251840744075
2024-10-10,AST-4061,Screw Compressor,DHR-03,1,기본,0,0.14013151633037105
2024-10-10,AST-5003,EOT Crane,DHR-03,0,기본,0,0.12219250153682473
2024-10-10,AST-5007,EOT Crane,PUN-01,0,기본,0,0.0836364102768371
2024-10-11,AST-1041,CNC Lathe,PUN-01,0,기본,0,0.16670408369814685
2024-10-11,AST-1042,CNC Lathe,PUN-01,0,기본,0,0.10439309170864979
2024-10-11,AST-2017,Hydraulic Press,PUN-01,0,기본,0,0.11855078753550401
2024-10-11,AST-2031,Hydraulic Press,CHN-02,0,기본,0,0.14719429462549513
2024-10-11,AST-3008,Belt Conveyor,CHN-02,0,기본,0,0.14461537253883494
2024-10-11,AST-3019,Belt Conveyor,CHN-02,0,기본,0,0.08523618456987044
2024-10-11,AST-4055,Screw Compressor,DHR-03,1,기본,0,0.1982713441662695
2024-10-11,AST-4061,Screw Compressor,DHR-03,0,기본,0,0.0959752480410609
2024-10-11,AST-5003,EOT Crane,DHR-03,1,기본,0,0.2534991568113596
2024-10-11,AST-5007,EOT Crane,PUN-01,0,기본,0,0.03179018159265651
2024-10-12,AST-1041,CNC Lathe,PUN-01,0,기본,0,0.012360723283157099
2024-10-12,AST-1042,CNC Lathe,PUN-01,0,기본,0,0.0021672613699040147
2024-10-12,AST-2017,Hydraulic Press,PUN-01,0,기본,0,0.0035874856034759425
2024-10-12,AST-2031,Hydraulic Press,CHN-02,0,기본,0,0.02199183589567366
2024-10-12,AST-3008,Belt Conveyor,CHN-02,0,기본,0,0.0042971520492052495
2024-10-12,AST-3019,Belt Conveyor,CHN-02,0,기본,0,0.009819950149641671
2024-10-12,AST-4055,Screw Compressor,DHR-03,0,기본,0,0.006966303694124646
2024-10-12,AST-4061,Screw Compressor,DHR-03,0,기본,0,0.0005247879484796289
2024-10-12,AST-5003,EOT Crane,DHR-03,0,기본,0,0.0010936015523182183
2024-10-12,AST-5007,EOT Crane,PUN-01,0,기본,0,0.009904795800928633
2024-10-13,AST-1041,CNC Lathe,PUN-01,0,기본,0,0.0007053265456878439
2024-10-13,AST-1042,CNC Lathe,PUN-01,0,기본,0,0.0006914770561976355
2024-10-13,AST-2017,Hydraulic Press,PUN-01,0,기본,0,0.00192730941405621
2024-10-13,AST-2031,Hydraulic Press,CHN-02,0,기본,0,0.01714851229702007
2024-10-13,AST-3008,Belt Conveyor,CHN-02,0,기본,0,0.005686778400218117
2024-10-13,AST-3019,Belt Conveyor,CHN-02,0,기본,0,0.0008357573573746029
2024-10-13,AST-4055,Screw Compressor,DHR-03,0,기본,0,0.0002314775876470946
2024-10-13,AST-4061,Screw Compressor,DHR-03,0,기본,0,0.0014942938319635335
2024-10-13,AST-5003,EOT Crane,DHR-03,0,기본,0,0.008149350935203022
2024-10-13,AST-5007,EOT Crane,PUN-01,0,기본,0,0.013948906166373894
2024-10-14,AST-1041,CNC Lathe,PUN-01,0,기본,0,0.10488508881233999
2024-10-14,AST-1042,CNC Lathe,PUN-01,0,기본,0,0.06523784150756376
2024-10-14,AST-2017,Hydraulic Press,PUN-01,0,기본,0,0.03192647297529966
2024-10-14,AST-2031,Hydraulic Press,CHN-02,0,기본,0,0.1567180633847998
2024-10-14,AST-3008,Belt Conveyor,CHN-02,0,기본,0,0.08751128609389204
2024-10-14,AST-3019,Belt Conveyor,CHN-02,0,기본,0,0.09019778825652615
2024-10-14,AST-4055,Screw Compressor,DHR-03,0,기본,0,0.15247238034241412
2024-10-14,AST-4061,Screw Compressor,DHR-03,0,기본,0,0.0783392500621738
2024-10-14,AST-5003,EOT Crane,DHR-03,0,기본,0,0.12354936400358021
2024-10-14,AST-5007,EOT Crane,PUN-01,0,기본,0,0.055632047895316866
2024-10-15,AST-1041,CNC Lathe,PUN-01,0,기본,0,0.1380607857889642
2024-10-15,AST-1042,CNC Lathe,PUN-01,0,기본,0,0.10682299412175342
2024-10-15,AST-2017,Hydraulic Press,PUN-01,0,기본,0,0.07647863434103724
2024-10-15,AST-2031,Hydraulic Press,CHN-02,0,기본,0,0.15886067081032604
2024-10-15,AST-3008,Belt Conveyor,CHN-02,0,기본,0,0.13841387200315353
2024-10-15,AST-3019,Belt Conveyor,CHN-02,0,기본,0,0.12041944301833403
2024-10-15,AST-4055,Screw Compressor,DHR-03,0,기본,0,0.19792530107841946
2024-10-15,AST-4061,Screw Compressor,DHR-03,0,기본,0,0.1939277392291408
2024-10-15,AST-5003,EOT Crane,DHR-03,0,기본,0,0.2718954669691741
2024-10-15,AST-5007,EOT Crane,PUN-01,0,기본,0,0.08085095103509875
2024-10-16,AST-1041,CNC Lathe,PUN-01,0,기본,0,0.15562100976160512
2024-10-16,AST-1042,CNC Lathe,PUN-01,0,기본,0,0.10177658487285317
2024-10-16,AST-2017,Hydraulic Press,PUN-01,0,기본,0,0.2176570787974488
2024-10-16,AST-2031,Hydraulic Press,CHN-02,0,기본,0,0.20779652564205936
2024-10-16,AST-3008,Belt Conveyor,CHN-02,1,기본,0,0.16282782283850844
2024-10-16,AST-3019,Belt Conveyor,CHN-02,0,기본,0,0.13044214911098734
2024-10-16,AST-4055,Screw Compressor,DHR-03,0,기본,0,0.19991426242119623
2024-10-16,AST-4061,Screw Compressor,DHR-03,0,기본,0,0.09540133832540292
2024-10-16,AST-5003,EOT Crane,DHR-03,0,기본,0,0.22601861781051466
2024-10-16,AST-5007,EOT Crane,PUN-01,0,기본,0,0.08043138804625757
2024-10-17,AST-1041,CNC Lathe,PUN-01,0,기본,0,0.13639497814029355
2024-10-17,AST-1042,CNC Lathe,PUN-01,0,기본,0,0.09561309111904678
2024-10-17,AST-2017,Hydraulic Press,PUN-01,1,기본,0,0.15041119641374592
2024-10-17,AST-2031,Hydraulic Press,CHN-02,0,기본,0,0.15159608944756398
2024-10-17,AST-3008,Belt Conveyor,CHN-02,0,기본,0,0.1961788379725269
2024-10-17,AST-3019,Belt Conveyor,CHN-02,1,기본,0,0.12637872409762335
2024-10-17,AST-4055,Screw Compressor,DHR-03,0,기본,0,0.11963032792202813
2024-10-17,AST-4061,Screw Compressor,DHR-03,0,기본,0,0.06854303873304537
2024-10-17,AST-5003,EOT Crane,DHR-03,0,기본,0,0.253124247513124
2024-10-17,AST-5007,EOT Crane,PUN-01,0,기본,0,0.09310004880585968
2024-10-18,AST-1041,CNC Lathe,PUN-01,0,기본,0,0.134056271948226
2024-10-18,AST-1042,CNC Lathe,PUN-01,0,기본,0,0.0927963054842548
2024-10-18,AST-2017,Hydraulic Press,PUN-01,1,기본,0,0.19122585648417195
2024-10-18,AST-2031,Hydraulic Press,CHN-02,0,기본,0,0.1661032453958537
2024-10-18,AST-3008,Belt Conveyor,CHN-02,0,기본,0,0.20629474471694695
2024-10-18,AST-3019,Belt Conveyor,CHN-02,0,기본,0,0.046339171772203945
2024-10-18,AST-4055,Screw Compressor,DHR-03,1,기본,0,0.0925621634908502
2024-10-18,AST-4061,Screw Compressor,DHR-03,1,기본,0,0.09887440963175448
2024-10-18,AST-5003,EOT Crane,DHR-03,0,기본,0,0.12533308405892626
2024-10-18,AST-5007,EOT Crane,PUN-01,0,기본,0,0.07021864497005811
2024-10-19,AST-1041,CNC Lathe,PUN-01,0,기본,0,0.0022791312246044117
2024-10-19,AST-1042,CNC Lathe,PUN-01,0,기본,0,0.0014356649554601664
2024-10-19,AST-2017,Hydraulic Press,PUN-01,0,기본,0,0.15049805505605499
2024-10-19,AST-2031,Hydraulic Press,CHN-02,0,기본,0,0.0030830734752464208
2024-10-19,AST-3008,Belt Conveyor,CHN-02,0,기본,0,0.006068301373572319
2024-10-19,AST-3019,Belt Conveyor,CHN-02,0,기본,0,0.010561895038912436
2024-10-19,AST-4055,Screw Compressor,DHR-03,0,기본,0,0.002402768494033942
2024-10-19,AST-4061,Screw Compressor,DHR-03,0,기본,0,0.0019918326616449674
2024-10-19,AST-5003,EOT Crane,DHR-03,0,기본,0,0.018857585971663527
2024-10-19,AST-5007,EOT Crane,PUN-01,0,기본,0,0.0019012515863599695
2024-10-20,AST-1041,CNC Lathe,PUN-01,0,기본,0,0.0013646297791177504
2024-10-20,AST-1042,CNC Lathe,PUN-01,0,기본,0,0.012815588620535888
2024-10-20,AST-2017,Hydraulic Press,PUN-01,0,기본,0,0.010810056076821945
2024-10-20,AST-2031,Hydraulic Press,CHN-02,0,기본,0,0.023169969037144682
2024-10-20,AST-3008,Belt Conveyor,CHN-02,0,기본,0,0.003512468979943765
2024-10-20,AST-3019,Belt Conveyor,CHN-02,0,기본,0,0.006124099067749501
2024-10-20,AST-4055,Screw Compressor,DHR-03,0,기본,0,0.006385653825569386
2024-10-20,AST-4061,Screw Compressor,DHR-03,0,기본,0,0.004288216461437887
2024-10-20,AST-5003,EOT Crane,DHR-03,0,기본,0,0.004231073000157708
2024-10-20,AST-5007,EOT Crane,PUN-01,0,기본,0,0.004347716228673217
2024-10-21,AST-1041,CNC Lathe,PUN-01,0,기본,0,0.1537474581398799
2024-10-21,AST-1042,CNC Lathe,PUN-01,0,기본,0,0.06237116524013006
2024-10-21,AST-2017,Hydraulic Press,PUN-01,0,기본,0,0.1702991281680867
2024-10-21,AST-2031,Hydraulic Press,CHN-02,0,기본,0,0.16281701719382424
2024-10-21,AST-3008,Belt Conveyor,CHN-02,0,기본,0,0.11232598396562293
2024-10-21,AST-3019,Belt Conveyor,CHN-02,0,기본,0,0.05393336321182255
2024-10-21,AST-4055,Screw Compressor,DHR-03,0,기본,0,0.15705936853079008
2024-10-21,AST-4061,Screw Compressor,DHR-03,0,기본,0,0.050562531969252006
2024-10-21,AST-5003,EOT Crane,DHR-03,0,기본,0,0.16604457429800004
2024-10-21,AST-5007,EOT Crane,PUN-01,0,기본,0,0.06401540057153401
2024-10-22,AST-1041,CNC Lathe,PUN-01,0,기본,0,0.16564522620096395
2024-10-22,AST-1042,CNC Lathe,PUN-01,0,기본,0,0.11730928922311279
2024-10-22,AST-2017,Hydraulic Press,PUN-01,0,기본,0,0.13723196417846148
2024-10-22,AST-2031,Hydraulic Press,CHN-02,0,기본,0,0.16805929782419754
2024-10-22,AST-3008,Belt Conveyor,CHN-02,0,기본,0,0.21405697599449466
2024-10-22,AST-3019,Belt Conveyor,CHN-02,0,기본,0,0.05131462628360816
2024-10-22,AST-4055,Screw Compressor,DHR-03,0,기본,0,0.09619956244257163
2024-10-22,AST-4061,Screw Compressor,DHR-03,0,기본,0,0.14519476155458433
2024-10-22,AST-5003,EOT Crane,DHR-03,0,기본,0,0.19346323615667657
2024-10-22,AST-5007,EOT Crane,PUN-01,0,기본,0,0.0924516774761961
2024-10-23,AST-1041,CNC Lathe,PUN-01,0,기본,0,0.12878032346773027
2024-10-23,AST-1042,CNC Lathe,PUN-01,0,기본,0,0.16406434837409495
2024-10-23,AST-2017,Hydraulic Press,PUN-01,0,기본,0,0.2881800946993187
2024-10-23,AST-2031,Hydraulic Press,CHN-02,0,기본,0,0.19659827511207653
2024-10-23,AST-3008,Belt Conveyor,CHN-02,1,기본,0,0.09911166904770533
2024-10-23,AST-3019,Belt Conveyor,CHN-02,0,기본,0,0.09392505850294389
2024-10-23,AST-4055,Screw Compressor,DHR-03,0,기본,0,0.12857320330390812
2024-10-23,AST-4061,Screw Compressor,DHR-03,1,기본,0,0.10480990941651329
2024-10-23,AST-5003,EOT Crane,DHR-03,0,기본,0,0.23178942312990508
2024-10-23,AST-5007,EOT Crane,PUN-01,0,기본,0,0.08561131490217357
2024-10-24,AST-1041,CNC Lathe,PUN-01,1,기본,0,0.2226367457183399
2024-10-24,AST-1042,CNC Lathe,PUN-01,0,기본,0,0.1630031202162783
2024-10-24,AST-2017,Hydraulic Press,PUN-01,1,기본,0,0.14780818130065224
2024-10-24,AST-2031,Hydraulic Press,CHN-02,0,기본,0,0.20362521934558464
2024-10-24,AST-3008,Belt Conveyor,CHN-02,0,기본,0,0.11694838979857053
2024-10-24,AST-3019,Belt Conveyor,CHN-02,0,기본,0,0.08352632030160359
2024-10-24,AST-4055,Screw Compressor,DHR-03,0,기본,0,0.10257376338318387
2024-10-24,AST-4061,Screw Compressor,DHR-03,0,기본,0,0.1813720356565068
2024-10-24,AST-5003,EOT Crane,DHR-03,0,기본,0,0.18033271152403846
2024-10-24,AST-5007,EOT Crane,PUN-01,0,기본,0,0.07306757886408925
2024-10-25,AST-1041,CNC Lathe,PUN-01,0,기본,0,0.13411766947933457
2024-10-25,AST-1042,CNC Lathe,PUN-01,0,기본,0,0.08688520391381832
2024-10-25,AST-2017,Hydraulic Press,PUN-01,0,기본,0,0.21968920286929228
2024-10-25,AST-2031,Hydraulic Press,CHN-02,0,기본,0,0.16553678257808363
2024-10-25,AST-3008,Belt Conveyor,CHN-02,0,기본,0,0.15289309981466506
2024-10-25,AST-3019,Belt Conveyor,CHN-02,1,기본,0,0.11010911328300022
2024-10-25,AST-4055,Screw Compressor,DHR-03,0,기본,0,0.19983480502699086
2024-10-25,AST-4061,Screw Compressor,DHR-03,0,기본,0,0.09846734392202361
2024-10-25,AST-5003,EOT Crane,DHR-03,1,기본,0,0.17706860542254102
2024-10-25,AST-5007,EOT Crane,PUN-01,1,기본,0,0.07820208239722647
2024-10-26,AST-1041,CNC Lathe,PUN-01,0,기본,0,0.0004924527560812088
2024-10-26,AST-1042,CNC Lathe,PUN-01,0,기본,0,0.007635462043125289
2024-10-26,AST-2017,Hydraulic Press,PUN-01,0,기본,0,0.024455957201512963
2024-10-26,AST-2031,Hydraulic Press,CHN-02,0,기본,0,0.001268699510276427
2024-10-26,AST-3008,Belt Conveyor,CHN-02,0,기본,0,0.0031558156157726718
2024-10-26,AST-3019,Belt Conveyor,CHN-02,0,기본,0,0.0014493552671188121
2024-10-26,AST-4055,Screw Compressor,DHR-03,0,기본,0,0.003247298049886275
2024-10-26,AST-4061,Screw Compressor,DHR-03,0,기본,0,0.00025386124118698155
2024-10-26,AST-5003,EOT Crane,DHR-03,0,기본,0,0.003731959328094413
2024-10-26,AST-5007,EOT Crane,PUN-01,0,기본,0,0.007890865359193353
2024-10-27,AST-1041,CNC Lathe,PUN-01,0,기본,0,0.004979565464312101
2024-10-27,AST-1042,CNC Lathe,PUN-01,0,기본,0,0.005328851130772336
2024-10-27,AST-2017,Hydraulic Press,PUN-01,0,기본,0,0.013487430181624242
2024-10-27,AST-2031,Hydraulic Press,CHN-02,0,기본,0,0.03270850631902059
2024-10-27,AST-3008,Belt Conveyor,CHN-02,0,기본,0,0.002409941732245578
2024-10-27,AST-3019,Belt Conveyor,CHN-02,0,기본,0,0.004283262813219356
2024-10-27,AST-4055,Screw Compressor,DHR-03,0,기본,0,0.0011160082939751048
2024-10-27,AST-4061,Screw Compressor,DHR-03,0,기본,0,0.00273431076959758
2024-10-27,AST-5003,EOT Crane,DHR-03,0,기본,0,0.15033905203758272
2024-10-27,AST-5007,EOT Crane,PUN-01,0,기본,0,0.011171918751607444
2024-10-28,AST-1041,CNC Lathe,PUN-01,0,기본,0,0.09157783491481333
2024-10-28,AST-1042,CNC Lathe,PUN-01,0,기본,0,0.13195057061291315
2024-10-28,AST-2017,Hydraulic Press,PUN-01,0,기본,0,0.0942092520741469
2024-10-28,AST-2031,Hydraulic Press,CHN-02,0,기본,0,0.21415969221928147
2024-10-28,AST-3008,Belt Conveyor,CHN-02,0,기본,0,0.12500880029303443
2024-10-28,AST-3019,Belt Conveyor,CHN-02,0,기본,0,0.07492415118539039
2024-10-28,AST-4055,Screw Compressor,DHR-03,0,기본,0,0.1347807428984726
2024-10-28,AST-4061,Screw Compressor,DHR-03,0,기본,0,0.07273616348182226
2024-10-28,AST-5003,EOT Crane,DHR-03,1,기본,0,0.09779369436557765
2024-10-28,AST-5007,EOT Crane,PUN-01,0,기본,0,0.06404609405963954
2024-10-29,AST-1041,CNC Lathe,PUN-01,0,기본,0,0.18673153840741982
2024-10-29,AST-1042,CNC Lathe,PUN-01,0,기본,0,0.10346233884998396
2024-10-29,AST-2017,Hydraulic Press,PUN-01,0,기본,0,0.3107290032625245
2024-10-29,AST-2031,Hydraulic Press,CHN-02,0,기본,0,0.13312498977911172
2024-10-29,AST-3008,Belt Conveyor,CHN-02,0,기본,0,0.15518138315013366
2024-10-29,AST-3019,Belt Conveyor,CHN-02,0,기본,0,0.10069377932576132
2024-10-29,AST-4055,Screw Compressor,DHR-03,0,기본,0,0.22991056026206955
2024-10-29,AST-4061,Screw Compressor,DHR-03,0,기본,0,0.10007975376734496
2024-10-29,AST-5003,EOT Crane,DHR-03,0,기본,0,0.17092010688864254
2024-10-29,AST-5007,EOT Crane,PUN-01,0,기본,0,0.0766926454928327
2024-10-30,AST-1041,CNC Lathe,PUN-01,0,기본,0,0.1779819596989476
2024-10-30,AST-1042,CNC Lathe,PUN-01,0,기본,0,0.10534754817647761
2024-10-30,AST-2017,Hydraulic Press,PUN-01,0,기본,0,0.09260449559166636
2024-10-30,AST-2031,Hydraulic Press,CHN-02,0,기본,0,0.16059661500901712
2024-10-30,AST-3008,Belt Conveyor,CHN-02,0,기본,0,0.18511593978754476
2024-10-30,AST-3019,Belt Conveyor,CHN-02,0,기본,0,0.08726431363418737
2024-10-30,AST-4055,Screw Compressor,DHR-03,0,기본,0,0.2006403468610644
2024-10-30,AST-4061,Screw Compressor,DHR-03,0,기본,0,0.11002286380934273
2024-10-30,AST-5003,EOT Crane,DHR-03,0,기본,0,0.22635383808581236
2024-10-30,AST-5007,EOT Crane,PUN-01,0,기본,0,0.0723360067728125
2024-10-31,AST-1041,CNC Lathe,PUN-01,1,기본,0,0.09938533885257482
2024-10-31,AST-1042,CNC Lathe,PUN-01,0,기본,0,0.05611266309482889
2024-10-31,AST-2017,Hydraulic Press,PUN-01,0,기본,0,0.15782947736442543
2024-10-31,AST-2031,Hydraulic Press,CHN-02,0,기본,0,0.19135813819019104
2024-10-31,AST-3008,Belt Conveyor,CHN-02,0,기본,0,0.12599548698726037
2024-10-31,AST-3019,Belt Conveyor,CHN-02,0,기본,0,0.09077007103811077
2024-10-31,AST-4055,Screw Compressor,DHR-03,0,기본,0,0.15718539244639948
2024-10-31,AST-4061,Screw Compressor,DHR-03,0,기본,0,0.11986537773466925
2024-10-31,AST-5003,EOT Crane,DHR-03,0,기본,0,0.12216579934289494
2024-10-31,AST-5007,EOT Crane,PUN-01,0,기본,0,0.08708634828418772
2024-11-01,AST-1041,CNC Lathe,PUN-01,0,기본,0,0.11484856976982476
2024-11-01,AST-1042,CNC Lathe,PUN-01,0,기본,0,0.08434230263585094
2024-11-01,AST-2017,Hydraulic Press,PUN-01,0,기본,0,0.2039156585066126
2024-11-01,AST-2031,Hydraulic Press,CHN-02,0,기본,0,0.1677588536098236
2024-11-01,AST-3008,Belt Conveyor,CHN-02,0,기본,0,0.17014661833082814
2024-11-01,AST-3019,Belt Conveyor,CHN-02,0,기본,0,0.04699109086248811
2024-11-01,AST-4055,Screw Compressor,DHR-03,0,기본,0,0.18015044389617782
2024-11-01,AST-4061,Screw Compressor,DHR-03,0,기본,0,0.046063994531392094
2024-11-01,AST-5003,EOT Crane,DHR-03,0,기본,0,0.23188209024013398
2024-11-01,AST-5007,EOT Crane,PUN-01,1,기본,0,0.0702758405274968
2024-11-02,AST-1041,CNC Lathe,PUN-01,0,기본,0,0.0030523593167058015
2024-11-02,AST-1042,CNC Lathe,PUN-01,0,기본,0,0.017437358875333916
2024-11-02,AST-2017,Hydraulic Press,PUN-01,0,기본,0,0.019584602483775516
2024-11-02,AST-2031,Hydraulic Press,CHN-02,0,기본,0,0.009538795688077273
2024-11-02,AST-3008,Belt Conveyor,CHN-02,0,기본,0,0.00034780980386583927
2024-11-02,AST-3019,Belt Conveyor,CHN-02,0,기본,0,0.0034566216177696293
2024-11-02,AST-4055,Screw Compressor,DHR-03,0,기본,0,0.0018236108904198885
2024-11-02,AST-4061,Screw Compressor,DHR-03,0,기본,0,0.0017977925302644863
2024-11-02,AST-5003,EOT Crane,DHR-03,0,기본,0,0.008115373918723962
2024-11-02,AST-5007,EOT Crane,PUN-01,0,기본,0,0.0026264367789407684
2024-11-03,AST-1041,CNC Lathe,PUN-01,0,기본,0,0.0031092385798084524
2024-11-03,AST-1042,CNC Lathe,PUN-01,0,기본,0,0.0005228253966531131
2024-11-03,AST-2017,Hydraulic Press,PUN-01,0,기본,0,0.007521722068924166
2024-11-03,AST-2031,Hydraulic Press,CHN-02,0,기본,0,0.009287786928799927
2024-11-03,AST-3008,Belt Conveyor,CHN-02,0,기본,0,0.0030332026937749243
2024-11-03,AST-3019,Belt Conveyor,CHN-02,0,기본,0,0.0013658558635282721
2024-11-03,AST-4055,Screw Compressor,DHR-03,0,기본,0,0.001019574996302876
2024-11-03,AST-4061,Screw Compressor,DHR-03,0,기본,0,0.00013797899642914568
2024-11-03,AST-5003,EOT Crane,DHR-03,0,기본,0,0.13605537534709933
2024-11-03,AST-5007,EOT Crane,PUN-01,0,기본,0,0.002348083851435274
2024-11-04,AST-1041,CNC Lathe,PUN-01,0,기본,0,0.11614530745011067
2024-11-04,AST-1042,CNC Lathe,PUN-01,0,기본,0,0.038188231404946996
2024-11-04,AST-2017,Hydraulic Press,PUN-01,0,기본,0,0.19023273951863565
2024-11-04,AST-2031,Hydraulic Press,CHN-02,0,기본,0,0.08961933756463675
2024-11-04,AST-3008,Belt Conveyor,CHN-02,0,기본,0,0.14355530878093123
2024-11-04,AST-3019,Belt Conveyor,CHN-02,0,기본,0,0.08066178823070007
2024-11-04,AST-4055,Screw Compressor,DHR-03,0,기본,0,0.1974833966188228
2024-11-04,AST-4061,Screw Compressor,DHR-03,0,기본,0,0.09909435467446237
2024-11-04,AST-5003,EOT Crane,DHR-03,0,기본,0,0.16259940696742245
2024-11-04,AST-5007,EOT Crane,PUN-01,0,기본,0,0.08359739880771931
2024-11-05,AST-1041,CNC Lathe,PUN-01,0,기본,0,0.13687877628805278
2024-11-05,AST-1042,CNC Lathe,PUN-01,0,기본,0,0.0728785094905837
2024-11-05,AST-2017,Hydraulic Press,PUN-01,0,기본,0,0.16162787114521607
2024-11-05,AST-2031,Hydraulic Press,CHN-02,1,기본,0,0.09982074088308157
2024-11-05,AST-3008,Belt Conveyor,CHN-02,1,기본,0,0.07016718321175212
2024-11-05,AST-3019,Belt Conveyor,CHN-02,1,기본,0,0.08187601499934649
2024-11-05,AST-4055,Screw Compressor,DHR-03,0,기본,0,0.1283934557528597
2024-11-05,AST-4061,Screw Compressor,DHR-03,0,기본,0,0.11907356513496203
2024-11-05,AST-5003,EOT Crane,DHR-03,0,기본,0,0.19776795289630286
2024-11-05,AST-5007,EOT Crane,PUN-01,0,기본,0,0.11972429158594129
2024-11-06,AST-1041,CNC Lathe,PUN-01,0,기본,0,0.11148214423674388
2024-11-06,AST-1042,CNC Lathe,PUN-01,0,기본,0,0.10261379510307866
2024-11-06,AST-2017,Hydraulic Press,PUN-01,0,기본,0,0.1364746382008773
2024-11-06,AST-2031,Hydraulic Press,CHN-02,0,기본,0,0.12639541476763883
2024-11-06,AST-3008,Belt Conveyor,CHN-02,0,기본,0,0.1323882434614192
2024-11-06,AST-3019,Belt Conveyor,CHN-02,0,기본,0,0.08236427443752237
2024-11-06,AST-4055,Screw Compressor,DHR-03,0,기본,0,0.11710007928011232
2024-11-06,AST-4061,Screw Compressor,DHR-03,0,기본,0,0.14143612369242917
2024-11-06,AST-5003,EOT Crane,DHR-03,0,기본,0,0.1770906659899194
2024-11-06,AST-5007,EOT Crane,PUN-01,0,기본,0,0.11651405123319838
2024-11-07,AST-1041,CNC Lathe,PUN-01,0,기본,0,0.0981509448329524
2024-11-07,AST-1042,CNC Lathe,PUN-01,0,기본,0,0.13228697451583696
2024-11-07,AST-2017,Hydraulic Press,PUN-01,1,기본,0,0.15181314981910313
2024-11-07,AST-2031,Hydraulic Press,CHN-02,0,기본,0,0.16482203207798748
2024-11-07,AST-3008,Belt Conveyor,CHN-02,0,기본,0,0.1397610559283171
2024-11-07,AST-3019,Belt Conveyor,CHN-02,0,기본,0,0.08094234071246113
2024-11-07,AST-4055,Screw Compressor,DHR-03,0,기본,0,0.13479482124038586
2024-11-07,AST-4061,Screw Compressor,DHR-03,0,기본,0,0.26878204953058754
2024-11-07,AST-5003,EOT Crane,DHR-03,0,기본,0,0.17522296411814497
2024-11-07,AST-5007,EOT Crane,PUN-01,0,기본,0,0.16531794492501312
2024-11-08,AST-1041,CNC Lathe,PUN-01,0,기본,0,0.11574338529230736
2024-11-08,AST-1042,CNC Lathe,PUN-01,0,기본,0,0.12581257778412597
2024-11-08,AST-2017,Hydraulic Press,PUN-01,0,기본,0,0.11677616372419743
2024-11-08,AST-2031,Hydraulic Press,CHN-02,0,기본,0,0.22567531417005854
2024-11-08,AST-3008,Belt Conveyor,CHN-02,0,기본,0,0.055904892436596576
2024-11-08,AST-3019,Belt Conveyor,CHN-02,0,기본,0,0.09341727773466779
2024-11-08,AST-4055,Screw Compressor,DHR-03,0,기본,0,0.2358967602714436
2024-11-08,AST-4061,Screw Compressor,DHR-03,0,기본,0,0.07481331793155772
2024-11-08,AST-5003,EOT Crane,DHR-03,0,기본,0,0.177595248806425
2024-11-08,AST-5007,EOT Crane,PUN-01,0,기본,0,0.04769848293351567
2024-11-09,AST-1041,CNC Lathe,PUN-01,0,기본,0,0.002840112840818963
2024-11-09,AST-1042,CNC Lathe,PUN-01,0,기본,0,0.0009587378277165669
2024-11-09,AST-2017,Hydraulic Press,PUN-01,0,기본,0,0.00693172413223731
2024-11-09,AST-2031,Hydraulic Press,CHN-02,0,기본,0,0.009232589502169321
2024-11-09,AST-3008,Belt Conveyor,CHN-02,0,기본,0,0.01187047650981312
2024-11-09,AST-3019,Belt Conveyor,CHN-02,0,기본,0,0.00152640727452726
2024-11-09,AST-4055,Screw Compressor,DHR-03,0,기본,0,0.0019670985299623796
2024-11-09,AST-4061,Screw Compressor,DHR-03,0,기본,0,0.007234924779488127
2024-11-09,AST-5003,EOT Crane,DHR-03,0,기본,0,0.0017694776621487648
2024-11-09,AST-5007,EOT Crane,PUN-01,0,기본,0,0.0033844530978974826
2024-11-10,AST-1041,CNC Lathe,PUN-01,0,기본,0,0.0013893338972622606
2024-11-10,AST-1042,CNC Lathe,PUN-01,0,기본,0,0.023479037972112107
2024-11-10,AST-2017,Hydraulic Press,PUN-01,0,기본,0,0.002943162681419172
2024-11-10,AST-2031,Hydraulic Press,CHN-02,0,기본,0,0.01598285676205769
2024-11-10,AST-3008,Belt Conveyor,CHN-02,0,기본,0,0.0026371008965071045
2024-11-10,AST-3019,Belt Conveyor,CHN-02,0,기본,0,0.004521387995194512
2024-11-10,AST-4055,Screw Compressor,DHR-03,0,기본,0,0.0009161500406946881
2024-11-10,AST-4061,Screw Compressor,DHR-03,0,기본,0,0.0031155847557227637
2024-11-10,AST-5003,EOT Crane,DHR-03,0,기본,0,0.0257314623305747
2024-11-10,AST-5007,EOT Crane,PUN-01,0,기본,0,0.02725167514930555
2024-11-11,AST-1041,CNC Lathe,PUN-01,1,기본,0,0.08151853469096092
2024-11-11,AST-1042,CNC Lathe,PUN-01,0,기본,0,0.07532138301476662
2024-11-11,AST-2017,Hydraulic Press,PUN-01,0,기본,0,0.18399456255555635
2024-11-11,AST-2031,Hydraulic Press,CHN-02,0,기본,0,0.12490158726686953
2024-11-11,AST-3008,Belt Conveyor,CHN-02,0,기본,0,0.09707160048202257
2024-11-11,AST-3019,Belt Conveyor,CHN-02,0,기본,0,0.10656674243653173
2024-11-11,AST-4055,Screw Compressor,DHR-03,0,기본,0,0.1213587946321397
2024-11-11,AST-4061,Screw Compressor,DHR-03,0,기본,0,0.14165068022387173
2024-11-11,AST-5003,EOT Crane,DHR-03,0,기본,0,0.1685451180430443
2024-11-11,AST-5007,EOT Crane,PUN-01,0,기본,0,0.04582870061525312
2024-11-12,AST-1041,CNC Lathe,PUN-01,0,기본,0,0.2633909483101726
2024-11-12,AST-1042,CNC Lathe,PUN-01,0,기본,0,0.038485664657725314
2024-11-12,AST-2017,Hydraulic Press,PUN-01,0,기본,0,0.1469552810345469
2024-11-12,AST-2031,Hydraulic Press,CHN-02,0,기본,0,0.16941272267191881
2024-11-12,AST-3008,Belt Conveyor,CHN-02,0,기본,0,0.1875756816353787
2024-11-12,AST-3019,Belt Conveyor,CHN-02,0,기본,0,0.11224993657894129
2024-11-12,AST-4055,Screw Compressor,DHR-03,0,기본,0,0.1650874839135742
2024-11-12,AST-4061,Screw Compressor,DHR-03,0,기본,0,0.13474789678817836
2024-11-12,AST-5003,EOT Crane,DHR-03,0,기본,0,0.1493062954977203
2024-11-12,AST-5007,EOT Crane,PUN-01,0,기본,0,0.2301289586476494
2024-11-13,AST-1041,CNC Lathe,PUN-01,0,기본,0,0.08389264031877264
2024-11-13,AST-1042,CNC Lathe,PUN-01,0,기본,0,0.06882384415024526
2024-11-13,AST-2017,Hydraulic Press,PUN-01,0,기본,0,0.2103517428693656
2024-11-13,AST-2031,Hydraulic Press,CHN-02,0,기본,0,0.09015128023664898
2024-11-13,AST-3008,Belt Conveyor,CHN-02,0,기본,0,0.1213475530236507
2024-11-13,AST-3019,Belt Conveyor,CHN-02,0,기본,0,0.2184929792202646
2024-11-13,AST-4055,Screw Compressor,DHR-03,0,기본,0,0.16313330940612064
2024-11-13,AST-4061,Screw Compressor,DHR-03,0,기본,0,0.1313339542439107
2024-11-13,AST-5003,EOT Crane,DHR-03,0,기본,0,0.2022300848393363
2024-11-13,AST-5007,EOT Crane,PUN-01,0,기본,0,0.05497754342765119
2024-11-14,AST-1041,CNC Lathe,PUN-01,0,기본,0,0.1921718682208229
2024-11-14,AST-1042,CNC Lathe,PUN-01,0,기본,0,0.05446964196010431
2024-11-14,AST-2017,Hydraulic Press,PUN-01,0,기본,0,0.19076846826786548
2024-11-14,AST-2031,Hydraulic Press,CHN-02,0,기본,0,0.14690458037449972
2024-11-14,AST-3008,Belt Conveyor,CHN-02,0,기본,0,0.12017526279692975
2024-11-14,AST-3019,Belt Conveyor,CHN-02,0,기본,0,0.056164709582741404
2024-11-14,AST-4055,Screw Compressor,DHR-03,0,기본,0,0.1249320906188049
2024-11-14,AST-4061,Screw Compressor,DHR-03,0,기본,0,0.12152114377462654
2024-11-14,AST-5003,EOT Crane,DHR-03,0,기본,0,0.2492803684962934
2024-11-14,AST-5007,EOT Crane,PUN-01,1,기본,0,0.08389033185911017
2024-11-15,AST-1041,CNC Lathe,PUN-01,0,기본,0,0.14420382042200253
2024-11-15,AST-1042,CNC Lathe,PUN-01,0,기본,0,0.09168858324800391
2024-11-15,AST-2017,Hydraulic Press,PUN-01,0,기본,0,0.12644200922961682
2024-11-15,AST-2031,Hydraulic Press,CHN-02,0,기본,0,0.11670171279728923
2024-11-15,AST-3008,Belt Conveyor,CHN-02,0,기본,0,0.13828552017857226
2024-11-15,AST-3019,Belt Conveyor,CHN-02,0,기본,0,0.06976266038873932
2024-11-15,AST-4055,Screw Compressor,DHR-03,0,기본,0,0.1372286122140294
2024-11-15,AST-4061,Screw Compressor,DHR-03,0,기본,0,0.12254185744231373
2024-11-15,AST-5003,EOT Crane,DHR-03,0,기본,0,0.1106375850535719
2024-11-15,AST-5007,EOT Crane,PUN-01,0,기본,0,0.09147040297262654
2024-11-16,AST-1041,CNC Lathe,PUN-01,0,기본,0,0.003924129692924857
2024-11-16,AST-1042,CNC Lathe,PUN-01,0,기본,0,0.00112873218228035
2024-11-16,AST-2017,Hydraulic Press,PUN-01,0,기본,0,0.030243217764513414
2024-11-16,AST-2031,Hydraulic Press,CHN-02,0,기본,0,0.04045461158013325
2024-11-16,AST-3008,Belt Conveyor,CHN-02,0,기본,0,0.002711373468216998
2024-11-16,AST-3019,Belt Conveyor,CHN-02,0,기본,0,0.004185412757769149
2024-11-16,AST-4055,Screw Compressor,DHR-03,0,기본,0,0.01045229868204825
2024-11-16,AST-4061,Screw Compressor,DHR-03,0,기본,0,0.00041831428807993397
2024-11-16,AST-5003,EOT Crane,DHR-03,0,기본,0,0.006517153977504056
2024-11-16,AST-5007,EOT Crane,PUN-01,0,기본,0,0.005339769913456303
2024-11-17,AST-1041,CNC Lathe,PUN-01,0,기본,0,0.0006668851480697648
2024-11-17,AST-1042,CNC Lathe,PUN-01,0,기본,0,0.0003770354944117669
2024-11-17,AST-2017,Hydraulic Press,PUN-01,0,기본,0,0.004033107505368594
2024-11-17,AST-2031,Hydraulic Press,CHN-02,0,기본,0,0.002290451615923829
2024-11-17,AST-3008,Belt Conveyor,CHN-02,0,기본,0,0.0031913346836373348
2024-11-17,AST-3019,Belt Conveyor,CHN-02,0,기본,0,0.004324912173297849
2024-11-17,AST-4055,Screw Compressor,DHR-03,0,기본,0,0.0008338447307057581
2024-11-17,AST-4061,Screw Compressor,DHR-03,0,기본,0,8.514839373879627e-05
2024-11-17,AST-5003,EOT Crane,DHR-03,0,기본,0,0.008256101962515163
2024-11-17,AST-5007,EOT Crane,PUN-01,0,기본,0,0.00818011227443703
2024-11-18,AST-1041,CNC Lathe,PUN-01,0,기본,0,0.14172156765736937
2024-11-18,AST-1042,CNC Lathe,PUN-01,0,기본,0,0.06703064056768306
2024-11-18,AST-2017,Hydraulic Press,PUN-01,0,기본,0,0.1445713915267414
2024-11-18,AST-2031,Hydraulic Press,CHN-02,0,기본,0,0.15637188332322477
2024-11-18,AST-3008,Belt Conveyor,CHN-02,0,기본,0,0.051787374974998385
2024-11-18,AST-3019,Belt Conveyor,CHN-02,0,기본,0,0.053516428729620515
2024-11-18,AST-4055,Screw Compressor,DHR-03,0,기본,0,0.14870300654570376
2024-11-18,AST-4061,Screw Compressor,DHR-03,0,기본,0,0.08311125452576311
2024-11-18,AST-5003,EOT Crane,DHR-03,0,기본,0,0.18354021287996006
2024-11-18,AST-5007,EOT Crane,PUN-01,0,기본,0,0.06912000888272583
2024-11-19,AST-1041,CNC Lathe,PUN-01,0,기본,0,0.14803299026998645
2024-11-19,AST-1042,CNC Lathe,PUN-01,0,기본,0,0.09947506705063584
2024-11-19,AST-2017,Hydraulic Press,PUN-01,0,기본,0,0.21903479441377643
2024-11-19,AST-2031,Hydraulic Press,CHN-02,0,기본,0,0.1519659708186031
2024-11-19,AST-3008,Belt Conveyor,CHN-02,0,기본,0,0.1661892501260953
2024-11-19,AST-3019,Belt Conveyor,CHN-02,0,기본,0,0.058005035125988605
2024-11-19,AST-4055,Screw Compressor,DHR-03,0,기본,0,0.14371626276370517
2024-11-19,AST-4061,Screw Compressor,DHR-03,0,기본,0,0.17589176508071308
2024-11-19,AST-5003,EOT Crane,DHR-03,1,기본,0,0.17220387244646876
2024-11-19,AST-5007,EOT Crane,PUN-01,0,기본,0,0.10159297450946518
2024-11-20,AST-1041,CNC Lathe,PUN-01,1,기본,0,0.14305514377849682
2024-11-20,AST-1042,CNC Lathe,PUN-01,0,기본,0,0.09529252897956784
2024-11-20,AST-2017,Hydraulic Press,PUN-01,0,기본,0,0.10058089294268413
2024-11-20,AST-2031,Hydraulic Press,CHN-02,1,기본,0,0.1696433936047543
2024-11-20,AST-3008,Belt Conveyor,CHN-02,0,기본,0,0.1735851076320058
2024-11-20,AST-3019,Belt Conveyor,CHN-02,0,기본,0,0.09081169318854829
2024-11-20,AST-4055,Screw Compressor,DHR-03,0,기본,0,0.14358204247402387
2024-11-20,AST-4061,Screw Compressor,DHR-03,0,기본,0,0.11345665215072712
2024-11-20,AST-5003,EOT Crane,DHR-03,1,기본,0,0.11751705888960248
2024-11-20,AST-5007,EOT Crane,PUN-01,0,기본,0,0.08738729022848485
2024-11-21,AST-1041,CNC Lathe,PUN-01,0,기본,0,0.1732305344282464
2024-11-21,AST-1042,CNC Lathe,PUN-01,0,기본,0,0.07545936794955016
2024-11-21,AST-2017,Hydraulic Press,PUN-01,0,기본,0,0.1122293817946162
2024-11-21,AST-2031,Hydraulic Press,CHN-02,1,기본,0,0.1473929007864471
2024-11-21,AST-3008,Belt Conveyor,CHN-02,0,기본,0,0.05860292530812018
2024-11-21,AST-3019,Belt Conveyor,CHN-02,0,기본,0,0.09271595052279857
2024-11-21,AST-4055,Screw Compressor,DHR-03,1,기본,0,0.15071339222470057
2024-11-21,AST-4061,Screw Compressor,DHR-03,0,기본,0,0.06128287702641289
2024-11-21,AST-5003,EOT Crane,DHR-03,0,기본,0,0.12621549068474383
2024-11-21,AST-5007,EOT Crane,PUN-01,0,기본,0,0.09058374103577023
2024-11-22,AST-1041,CNC Lathe,PUN-01,0,기본,0,0.11995950127965359
2024-11-22,AST-1042,CNC Lathe,PUN-01,0,기본,0,0.15728885495223727
2024-11-22,AST-2017,Hydraulic Press,PUN-01,0,기본,0,0.2088319628936853
2024-11-22,AST-2031,Hydraulic Press,CHN-02,0,기본,0,0.18679957265900457
2024-11-22,AST-3008,Belt Conveyor,CHN-02,0,기본,0,0.1381214122327218
2024-11-22,AST-3019,Belt Conveyor,CHN-02,0,기본,0,0.09084937917005265
2024-11-22,AST-4055,Screw Compressor,DHR-03,0,기본,0,0.18308531250072643
2024-11-22,AST-4061,Screw Compressor,DHR-03,0,기본,0,0.10049432294969342
2024-11-22,AST-5003,EOT Crane,DHR-03,0,기본,0,0.19127449184426282
2024-11-22,AST-5007,EOT Crane,PUN-01,0,기본,0,0.030074076079300325
2024-11-23,AST-1041,CNC Lathe,PUN-01,0,기본,0,0.009688780532364468
2024-11-23,AST-1042,CNC Lathe,PUN-01,0,기본,0,0.007956615036224515
2024-11-23,AST-2017,Hydraulic Press,PUN-01,0,기본,0,0.01176752450830652
2024-11-23,AST-2031,Hydraulic Press,CHN-02,0,기본,0,0.003193274774916591
2024-11-23,AST-3008,Belt Conveyor,CHN-02,0,기본,0,0.010819838842362539
2024-11-23,AST-3019,Belt Conveyor,CHN-02,0,기본,0,0.0016888696450169142
2024-11-23,AST-4055,Screw Compressor,DHR-03,0,기본,0,0.0028083428543796475
2024-11-23,AST-4061,Screw Compressor,DHR-03,0,기본,0,0.0008486328479896935
2024-11-23,AST-5003,EOT Crane,DHR-03,0,기본,0,0.007378750703234974
2024-11-23,AST-5007,EOT Crane,PUN-01,0,기본,0,0.00446324286216856
2024-11-24,AST-1041,CNC Lathe,PUN-01,0,기본,0,0.0012096661344004787
2024-11-24,AST-1042,CNC Lathe,PUN-01,0,기본,0,0.004081237416229775
2024-11-24,AST-2017,Hydraulic Press,PUN-01,0,기본,0,0.027777162712520304
2024-11-24,AST-2031,Hydraulic Press,CHN-02,0,기본,0,0.024725813887938274
2024-11-24,AST-3008,Belt Conveyor,CHN-02,0,기본,0,0.013590970828881986
2024-11-24,AST-3019,Belt Conveyor,CHN-02,0,기본,0,0.005508632278604723
2024-11-24,AST-4055,Screw Compressor,DHR-03,0,기본,0,0.00025736612078609735
2024-11-24,AST-4061,Screw Compressor,DHR-03,0,기본,0,0.0005716016173887054
2024-11-24,AST-5003,EOT Crane,DHR-03,0,기본,0,0.004964390396003297
2024-11-24,AST-5007,EOT Crane,PUN-01,0,기본,0,0.043048561126570864
2024-11-25,AST-1041,CNC Lathe,PUN-01,0,기본,0,0.09666530543770843
2024-11-25,AST-1042,CNC Lathe,PUN-01,0,기본,0,0.09856289738708925
2024-11-25,AST-2017,Hydraulic Press,PUN-01,0,기본,0,0.12520192976932537
2024-11-25,AST-2031,Hydraulic Press,CHN-02,0,기본,0,0.16813312128076693
2024-11-25,AST-3008,Belt Conveyor,CHN-02,0,기본,0,0.17043772915051866
2024-11-25,AST-3019,Belt Conveyor,CHN-02,0,기본,0,0.08082840930270628
2024-11-25,AST-4055,Screw Compressor,DHR-03,0,기본,0,0.21180095037503194
2024-11-25,AST-4061,Screw Compressor,DHR-03,0,기본,0,0.04005593830255319
2024-11-25,AST-5003,EOT Crane,DHR-03,0,기본,0,0.15658274037257078
2024-11-25,AST-5007,EOT Crane,PUN-01,0,기본,0,0.046258364280427254
2024-11-26,AST-1041,CNC Lathe,PUN-01,0,기본,0,0.1314666753021962
2024-11-26,AST-1042,CNC Lathe,PUN-01,0,기본,0,0.11868016963642047
2024-11-26,AST-2017,Hydraulic Press,PUN-01,0,기본,0,0.17687292924672227
2024-11-26,AST-2031,Hydraulic Press,CHN-02,0,기본,0,0.18058880361793617
2024-11-26,AST-3008,Belt Conveyor,CHN-02,0,기본,0,0.10040595515231009
2024-11-26,AST-3019,Belt Conveyor,CHN-02,1,기본,0,0.11609614955738941
2024-11-26,AST-4055,Screw Compressor,DHR-03,0,기본,0,0.13054635063069767
2024-11-26,AST-4061,Screw Compressor,DHR-03,0,기본,0,0.157069548966462
2024-11-26,AST-5003,EOT Crane,DHR-03,0,기본,0,0.23813341559567322
2024-11-26,AST-5007,EOT Crane,PUN-01,1,기본,0,0.08383571606565167
2024-11-27,AST-1041,CNC Lathe,PUN-01,0,기본,0,0.097561953423662
2024-11-27,AST-1042,CNC Lathe,PUN-01,0,기본,0,0.09943659130635582
2024-11-27,AST-2017,Hydraulic Press,PUN-01,1,기본,0,0.2009250659132345
2024-11-27,AST-2031,Hydraulic Press,CHN-02,0,기본,0,0.09631603035022725
2024-11-27,AST-3008,Belt Conveyor,CHN-02,0,기본,0,0.15334794294580628
2024-11-27,AST-3019,Belt Conveyor,CHN-02,1,기본,0,0.0920933232026521
2024-11-27,AST-4055,Screw Compressor,DHR-03,0,기본,0,0.16142601430423134
2024-11-27,AST-4061,Screw Compressor,DHR-03,0,기본,0,0.08659243246222095
2024-11-27,AST-5003,EOT Crane,DHR-03,0,기본,0,0.16382958122067914
2024-11-27,AST-5007,EOT Crane,PUN-01,0,기본,0,0.06478964913664204
2024-11-28,AST-1041,CNC Lathe,PUN-01,0,기본,0,0.13679737558580193
2024-11-28,AST-1042,CNC Lathe,PUN-01,0,기본,0,0.07235935834870624
2024-11-28,AST-2017,Hydraulic Press,PUN-01,1,기본,0,0.16540527399647506
2024-11-28,AST-2031,Hydraulic Press,CHN-02,0,기본,0,0.14072843260682075
2024-11-28,AST-3008,Belt Conveyor,CHN-02,0,기본,0,0.1366529563733517
2024-11-28,AST-3019,Belt Conveyor,CHN-02,1,기본,0,0.09944366558880267
2024-11-28,AST-4055,Screw Compressor,DHR-03,0,기본,0,0.11539971938888889
2024-11-28,AST-4061,Screw Compressor,DHR-03,0,기본,0,0.14289124057360464
2024-11-28,AST-5003,EOT Crane,DHR-03,0,기본,0,0.18028256720722752
2024-11-28,AST-5007,EOT Crane,PUN-01,0,기본,0,0.07295774406065769
2024-11-29,AST-1041,CNC Lathe,PUN-01,0,기본,0,0.0480024507044858
2024-11-29,AST-1042,CNC Lathe,PUN-01,0,기본,0,0.10847050032228805
2024-11-29,AST-2017,Hydraulic Press,PUN-01,0,기본,0,0.13069391574016942
2024-11-29,AST-2031,Hydraulic Press,CHN-02,0,기본,0,0.15796156052674848
2024-11-29,AST-3008,Belt Conveyor,CHN-02,0,기본,0,0.17986060210302043
2024-11-29,AST-3019,Belt Conveyor,CHN-02,0,기본,0,0.07879281941610726
2024-11-29,AST-4055,Screw Compressor,DHR-03,0,기본,0,0.16336493285305165
2024-11-29,AST-4061,Screw Compressor,DHR-03,0,기본,0,0.12379398660604127
2024-11-29,AST-5003,EOT Crane,DHR-03,0,기본,0,0.1734450704324054
2024-11-29,AST-5007,EOT Crane,PUN-01,0,기본,0,0.09598300761609214
2024-11-30,AST-1041,CNC Lathe,PUN-01,0,기본,0,0.0012497750592508296
2024-11-30,AST-1042,CNC Lathe,PUN-01,0,기본,0,0.006613359970293829
2024-11-30,AST-2017,Hydraulic Press,PUN-01,0,기본,0,0.008032886399123517
2024-11-30,AST-2031,Hydraulic Press,CHN-02,0,기본,0,0.06635642493918363
2024-11-30,AST-3008,Belt Conveyor,CHN-02,0,기본,0,0.0009321157747608806
2024-11-30,AST-3019,Belt Conveyor,CHN-02,0,기본,0,0.014331608992534042
2024-11-30,AST-4055,Screw Compressor,DHR-03,0,기본,0,0.0018758947322462304
2024-11-30,AST-4061,Screw Compressor,DHR-03,0,기본,0,0.0012155714435063303
2024-11-30,AST-5003,EOT Crane,DHR-03,0,기본,0,0.020742962044403714
2024-11-30,AST-5007,EOT Crane,PUN-01,0,기본,0,0.023466440695894715
2024-12-01,AST-1041,CNC Lathe,PUN-01,0,기본,0,0.0011479187172887908
2024-12-01,AST-1042,CNC Lathe,PUN-01,0,기본,0,0.0019752509850979867
2024-12-01,AST-2017,Hydraulic Press,PUN-01,0,기본,0,0.011845277088456485
2024-12-01,AST-2031,Hydraulic Press,CHN-02,0,기본,0,0.16561988490858834
2024-12-01,AST-3008,Belt Conveyor,CHN-02,0,기본,0,0.0004027606255232784
2024-12-01,AST-3019,Belt Conveyor,CHN-02,0,기본,0,0.0006771412272810884
2024-12-01,AST-4055,Screw Compressor,DHR-03,0,기본,0,0.002159120037535492
2024-12-01,AST-4061,Screw Compressor,DHR-03,0,기본,0,0.0012923517019207025
2024-12-01,AST-5003,EOT Crane,DHR-03,0,기본,0,0.002254184239939577
2024-12-01,AST-5007,EOT Crane,PUN-01,0,기본,0,0.05496220233886323
2024-12-02,AST-1041,CNC Lathe,PUN-01,0,기본,0,0.14752602675187151
2024-12-02,AST-1042,CNC Lathe,PUN-01,0,기본,0,0.08476721720857008
2024-12-02,AST-2017,Hydraulic Press,PUN-01,0,기본,0,0.13291265900243013
2024-12-02,AST-2031,Hydraulic Press,CHN-02,0,기본,0,0.1187836188980831
2024-12-02,AST-3008,Belt Conveyor,CHN-02,0,기본,0,0.12309528554251778
2024-12-02,AST-3019,Belt Conveyor,CHN-02,0,기본,0,0.08620757984527355
2024-12-02,AST-4055,Screw Compressor,DHR-03,0,기본,0,0.17287630524615488
2024-12-02,AST-4061,Screw Compressor,DHR-03,0,기본,0,0.07375251739243749
2024-12-02,AST-5003,EOT Crane,DHR-03,0,기본,0,0.15209767759899837
2024-12-02,AST-5007,EOT Crane,PUN-01,0,기본,0,0.06920406019517131
2024-12-03,AST-1041,CNC Lathe,PUN-01,0,기본,0,0.12550087476003988
2024-12-03,AST-1042,CNC Lathe,PUN-01,0,기본,0,0.07420340236147319
2024-12-03,AST-2017,Hydraulic Press,PUN-01,0,기본,0,0.11709417340296624
2024-12-03,AST-2031,Hydraulic Press,CHN-02,0,기본,0,0.11657023185790893
2024-12-03,AST-3008,Belt Conveyor,CHN-02,1,기본,0,0.11063035303105638
2024-12-03,AST-3019,Belt Conveyor,CHN-02,0,기본,0,0.1001196746004231
2024-12-03,AST-4055,Screw Compressor,DHR-03,0,기본,0,0.18154131228005324
2024-12-03,AST-4061,Screw Compressor,DHR-03,0,기본,0,0.11917044510785312
2024-12-03,AST-5003,EOT Crane,DHR-03,1,기본,0,0.16815310535796327
2024-12-03,AST-5007,EOT Crane,PUN-01,0,기본,0,0.06669760452087298
2024-12-04,AST-1041,CNC Lathe,PUN-01,0,기본,0,0.15830354854275286
2024-12-04,AST-1042,CNC Lathe,PUN-01,0,기본,0,0.08787848097475365
2024-12-04,AST-2017,Hydraulic Press,PUN-01,0,기본,0,0.14538048284681013
2024-12-04,AST-2031,Hydraulic Press,CHN-02,0,기본,0,0.17579456445917205
2024-12-04,AST-3008,Belt Conveyor,CHN-02,0,기본,0,0.1644650615875276
2024-12-04,AST-3019,Belt Conveyor,CHN-02,0,기본,0,0.10598470017136667
2024-12-04,AST-4055,Screw Compressor,DHR-03,0,기본,0,0.17756046590787936
2024-12-04,AST-4061,Screw Compressor,DHR-03,0,기본,0,0.08248858263419914
2024-12-04,AST-5003,EOT Crane,DHR-03,0,기본,0,0.19567362052976017
2024-12-04,AST-5007,EOT Crane,PUN-01,0,기본,0,0.12376247707157453
2024-12-05,AST-1041,CNC Lathe,PUN-01,0,기본,0,0.14413632739024626
2024-12-05,AST-1042,CNC Lathe,PUN-01,0,기본,0,0.08006934203049074
2024-12-05,AST-2017,Hydraulic Press,PUN-01,0,기본,0,0.1589528601716942
2024-12-05,AST-2031,Hydraulic Press,CHN-02,0,기본,0,0.09505470438467623
2024-12-05,AST-3008,Belt Conveyor,CHN-02,0,기본,0,0.14166873774097805
2024-12-05,AST-3019,Belt Conveyor,CHN-02,0,기본,0,0.14776863885774433
2024-12-05,AST-4055,Screw Compressor,DHR-03,0,기본,0,0.20519423569124143
2024-12-05,AST-4061,Screw Compressor,DHR-03,0,기본,0,0.10019944731708158
2024-12-05,AST-5003,EOT Crane,DHR-03,0,기본,0,0.21606727765416872
2024-12-05,AST-5007,EOT Crane,PUN-01,0,기본,0,0.1106406857502164
2024-12-06,AST-1041,CNC Lathe,PUN-01,0,기본,0,0.11903794905117267
2024-12-06,AST-1042,CNC Lathe,PUN-01,0,기본,0,0.06272444982921555
2024-12-06,AST-2017,Hydraulic Press,PUN-01,0,기본,0,0.15104501647339033
2024-12-06,AST-2031,Hydraulic Press,CHN-02,0,기본,0,0.2054422368861127
2024-12-06,AST-3008,Belt Conveyor,CHN-02,1,기본,0,0.08124700121054826
2024-12-06,AST-3019,Belt Conveyor,CHN-02,0,기본,0,0.09578683302973075
2024-12-06,AST-4055,Screw Compressor,DHR-03,0,기본,0,0.16923784130157235
2024-12-06,AST-4061,Screw Compressor,DHR-03,0,기본,0,0.0835449170799489
2024-12-06,AST-5003,EOT Crane,DHR-03,0,기본,0,0.1858877468166943
2024-12-06,AST-5007,EOT Crane,PUN-01,0,기본,0,0.12664871591902624
2024-12-07,AST-1041,CNC Lathe,PUN-01,0,기본,0,0.003545778404460503
2024-12-07,AST-1042,CNC Lathe,PUN-01,0,기본,0,0.0011136297798012833
2024-12-07,AST-2017,Hydraulic Press,PUN-01,0,기본,0,0.011075702243540098
2024-12-07,AST-2031,Hydraulic Press,CHN-02,0,기본,0,0.005397704812771255
2024-12-07,AST-3008,Belt Conveyor,CHN-02,0,기본,0,0.003986274584878577
2024-12-07,AST-3019,Belt Conveyor,CHN-02,0,기본,0,0.002805037166032904
2024-12-07,AST-4055,Screw Compressor,DHR-03,0,기본,0,0.005324610442634066
2024-12-07,AST-4061,Screw Compressor,DHR-03,0,기본,0,0.005317495497259275
2024-12-07,AST-5003,EOT Crane,DHR-03,0,기본,0,0.019178880027616967
2024-12-07,AST-5007,EOT Crane,PUN-01,0,기본,0,0.0015224211739824358
2024-12-08,AST-1041,CNC Lathe,PUN-01,0,기본,0,0.0021953343361193287
2024-12-08,AST-1042,CNC Lathe,PUN-01,0,기본,0,0.0035979277111350327
2024-12-08,AST-2017,Hydraulic Press,PUN-01,0,기본,0,0.00849035863933281
2024-12-08,AST-2031,Hydraulic Press,CHN-02,0,기본,0,0.0023790114894950234
2024-12-08,AST-3008,Belt Conveyor,CHN-02,0,기본,0,0.010479471365481968
2024-12-08,AST-3019,Belt Conveyor,CHN-02,0,기본,0,0.0012604142112551163
2024-12-08,AST-4055,Screw Compressor,DHR-03,0,기본,0,0.0009266509107366417
2024-12-08,AST-4061,Screw Compressor,DHR-03,0,기본,0,0.00045547108497765533
2024-12-08,AST-5003,EOT Crane,DHR-03,0,기본,0,0.012466343613649455
2024-12-08,AST-5007,EOT Crane,PUN-01,0,기본,0,0.003983373464490373
2024-12-09,AST-1041,CNC Lathe,PUN-01,0,기본,0,0.07464156025387599
2024-12-09,AST-1042,CNC Lathe,PUN-01,1,기본,0,0.08797482650851443
2024-12-09,AST-2017,Hydraulic Press,PUN-01,0,기본,0,0.10066905951352258
2024-12-09,AST-2031,Hydraulic Press,CHN-02,0,기본,0,0.17453485015622944
2024-12-09,AST-3008,Belt Conveyor,CHN-02,0,기본,0,0.14618960213975798
2024-12-09,AST-3019,Belt Conveyor,CHN-02,0,기본,0,0.13003679956670536
2024-12-09,AST-4055,Screw Compressor,DHR-03,0,기본,0,0.09163729189208406
2024-12-09,AST-4061,Screw Compressor,DHR-03,1,기본,0,0.12278718826687955
2024-12-09,AST-5003,EOT Crane,DHR-03,1,기본,0,0.1355515411169201
2024-12-09,AST-5007,EOT Crane,PUN-01,0,기본,0,0.0858148764725813
2024-12-10,AST-1041,CNC Lathe,PUN-01,0,기본,0,0.12458453423913851
2024-12-10,AST-1042,CNC Lathe,PUN-01,1,기본,0,0.06922845622404948
2024-12-10,AST-2017,Hydraulic Press,PUN-01,1,기본,0,0.15215949911396198
2024-12-10,AST-2031,Hydraulic Press,CHN-02,0,기본,0,0.2164214151596044
2024-12-10,AST-3008,Belt Conveyor,CHN-02,0,기본,0,0.15236477408544116
2024-12-10,AST-3019,Belt Conveyor,CHN-02,0,기본,0,0.16587245989920849
2024-12-10,AST-4055,Screw Compressor,DHR-03,1,기본,0,0.164970175545964
2024-12-10,AST-4061,Screw Compressor,DHR-03,0,기본,0,0.21806493645266098
2024-12-10,AST-5003,EOT Crane,DHR-03,0,기본,0,0.09624510199012963
2024-12-10,AST-5007,EOT Crane,PUN-01,0,기본,0,0.08584635194646152
2024-12-11,AST-1041,CNC Lathe,PUN-01,0,기본,0,0.12418357324773656
2024-12-11,AST-1042,CNC Lathe,PUN-01,0,기본,0,0.06095038515760543
2024-12-11,AST-2017,Hydraulic Press,PUN-01,0,기본,0,0.06713825786955802
2024-12-11,AST-2031,Hydraulic Press,CHN-02,1,기본,0,0.1377086658629558
2024-12-11,AST-3008,Belt Conveyor,CHN-02,0,기본,0,0.14417790489497873
2024-12-11,AST-3019,Belt Conveyor,CHN-02,0,기본,0,0.07583739119722553
2024-12-11,AST-4055,Screw Compressor,DHR-03,0,기본,0,0.17459105431527439
2024-12-11,AST-4061,Screw Compressor,DHR-03,0,기본,0,0.13751290832861096
2024-12-11,AST-5003,EOT Crane,DHR-03,0,기본,0,0.04742683846744598
2024-12-11,AST-5007,EOT Crane,PUN-01,0,기본,0,0.11562415629095864
2024-12-12,AST-1041,CNC Lathe,PUN-01,0,기본,0,0.09097133125431987
2024-12-12,AST-1042,CNC Lathe,PUN-01,1,기본,0,0.06678103157621303
2024-12-12,AST-2017,Hydraulic Press,PUN-01,0,기본,0,0.1571493180965982
2024-12-12,AST-2031,Hydraulic Press,CHN-02,0,기본,0,0.16894752792201903
2024-12-12,AST-3008,Belt Conveyor,CHN-02,0,기본,0,0.157706954127728
2024-12-12,AST-3019,Belt Conveyor,CHN-02,0,기본,0,0.10356397435878174
2024-12-12,AST-4055,Screw Compressor,DHR-03,0,기본,0,0.17195756473439366
2024-12-12,AST-4061,Screw Compressor,DHR-03,0,기본,0,0.1279451571736706
2024-12-12,AST-5003,EOT Crane,DHR-03,1,기본,0,0.16936615193442167
2024-12-12,AST-5007,EOT Crane,PUN-01,1,기본,0,0.11710774656736303
2024-12-13,AST-1041,CNC Lathe,PUN-01,0,기본,0,0.1510549951444666
2024-12-13,AST-1042,CNC Lathe,PUN-01,0,기본,0,0.13732718406117314
2024-12-13,AST-2017,Hydraulic Press,PUN-01,1,기본,0,0.11370621114560783
2024-12-13,AST-2031,Hydraulic Press,CHN-02,0,기본,0,0.13940841304898308
2024-12-13,AST-3008,Belt Conveyor,CHN-02,0,기본,0,0.15710157855809645
2024-12-13,AST-3019,Belt Conveyor,CHN-02,1,기본,0,0.13108400565359662
2024-12-13,AST-4055,Screw Compressor,DHR-03,1,기본,0,0.22520705843107464
2024-12-13,AST-4061,Screw Compressor,DHR-03,0,기본,0,0.11214881753472583
2024-12-13,AST-5003,EOT Crane,DHR-03,1,기본,0,0.13725562562089252
2024-12-13,AST-5007,EOT Crane,PUN-01,0,기본,0,0.08239375627454096
2024-12-14,AST-1041,CNC Lathe,PUN-01,0,기본,0,0.0015114116397823738
2024-12-14,AST-1042,CNC Lathe,PUN-01,0,기본,0,0.00202576247424423
2024-12-14,AST-2017,Hydraulic Press,PUN-01,0,기본,0,0.031903460113276015
2024-12-14,AST-2031,Hydraulic Press,CHN-02,0,기본,0,0.008182829990803523
2024-12-14,AST-3008,Belt Conveyor,CHN-02,0,기본,0,0.007158915384453307
2024-12-14,AST-3019,Belt Conveyor,CHN-02,0,기본,0,0.0024675848600558344
2024-12-14,AST-4055,Screw Compressor,DHR-03,0,기본,0,0.0008022595145600826
2024-12-14,AST-4061,Screw Compressor,DHR-03,0,기본,0,0.0016542720001523092
2024-12-14,AST-5003,EOT Crane,DHR-03,0,기본,0,0.20562746559667516
2024-12-14,AST-5007,EOT Crane,PUN-01,0,기본,0,0.0010192714470130795
2024-12-15,AST-1041,CNC Lathe,PUN-01,0,기본,0,0.00623289957235314
2024-12-15,AST-1042,CNC Lathe,PUN-01,0,기본,0,0.005162832501833435
2024-12-15,AST-2017,Hydraulic Press,PUN-01,0,기본,0,0.012749660559050892
2024-12-15,AST-2031,Hydraulic Press,CHN-02,0,기본,0,0.019973793047380107
2024-12-15,AST-3008,Belt Conveyor,CHN-02,0,기본,0,0.0026012408095674503
2024-12-15,AST-3019,Belt Conveyor,CHN-02,0,기본,0,0.002466008030493613
2024-12-15,AST-4055,Screw Compressor,DHR-03,0,기본,0,0.0028635579574066363
2024-12-15,AST-4061,Screw Compressor,DHR-03,0,기본,0,0.0014885302851370256
2024-12-15,AST-5003,EOT Crane,DHR-03,0,기본,0,0.03266099139898772
2024-12-15,AST-5007,EOT Crane,PUN-01,0,기본,0,0.020749019335494515
2024-12-16,AST-1041,CNC Lathe,PUN-01,0,기본,0,0.04073541897098154
2024-12-16,AST-1042,CNC Lathe,PUN-01,0,기본,0,0.04564479871377226
2024-12-16,AST-2017,Hydraulic Press,PUN-01,0,기본,0,0.1417528105385359
2024-12-16,AST-2031,Hydraulic Press,CHN-02,0,기본,0,0.16263487951639322
2024-12-16,AST-3008,Belt Conveyor,CHN-02,0,기본,0,0.137196730492766
2024-12-16,AST-3019,Belt Conveyor,CHN-02,0,기본,0,0.10484564299027481
2024-12-16,AST-4055,Screw Compressor,DHR-03,0,기본,0,0.17584875236151068
2024-12-16,AST-4061,Screw Compressor,DHR-03,0,기본,0,0.10270928374686712
2024-12-16,AST-5003,EOT Crane,DHR-03,0,기본,0,0.1089352915108815
2024-12-16,AST-5007,EOT Crane,PUN-01,0,기본,0,0.08613795551496509
2024-12-17,AST-1041,CNC Lathe,PUN-01,0,기본,0,0.12181888241471724
2024-12-17,AST-1042,CNC Lathe,PUN-01,0,기본,0,0.10250276254927804
2024-12-17,AST-2017,Hydraulic Press,PUN-01,0,기본,0,0.20701712510963052
2024-12-17,AST-2031,Hydraulic Press,CHN-02,0,기본,0,0.13058944081352328
2024-12-17,AST-3008,Belt Conveyor,CHN-02,1,기본,0,0.12765823267430126
2024-12-17,AST-3019,Belt Conveyor,CHN-02,0,기본,0,0.1013643694769397
2024-12-17,AST-4055,Screw Compressor,DHR-03,0,기본,0,0.2094363282977442
2024-12-17,AST-4061,Screw Compressor,DHR-03,0,기본,0,0.12422250120396833
2024-12-17,AST-5003,EOT Crane,DHR-03,0,기본,0,0.1333017144881438
2024-12-17,AST-5007,EOT Crane,PUN-01,0,기본,0,0.07815621580478177
2024-12-18,AST-1041,CNC Lathe,PUN-01,0,기본,0,0.10756665659025266
2024-12-18,AST-1042,CNC Lathe,PUN-01,0,기본,0,0.10762811753354884
2024-12-18,AST-2017,Hydraulic Press,PUN-01,0,기본,0,0.08499737109840763
2024-12-18,AST-2031,Hydraulic Press,CHN-02,0,기본,0,0.21107377697548013
2024-12-18,AST-3008,Belt Conveyor,CHN-02,0,기본,0,0.3551866306159704
2024-12-18,AST-3019,Belt Conveyor,CHN-02,1,기본,0,0.10764734507089017
2024-12-18,AST-4055,Screw Compressor,DHR-03,0,기본,0,0.236577591021244
2024-12-18,AST-4061,Screw Compressor,DHR-03,0,기본,0,0.11652417642414939
2024-12-18,AST-5003,EOT Crane,DHR-03,0,기본,0,0.05820795950158268
2024-12-18,AST-5007,EOT Crane,PUN-01,0,기본,0,0.09306612430238802
2024-12-19,AST-1041,CNC Lathe,PUN-01,0,기본,0,0.1519876586470988
2024-12-19,AST-1042,CNC Lathe,PUN-01,0,기본,0,0.10731239033998437
2024-12-19,AST-2017,Hydraulic Press,PUN-01,0,기본,0,0.17418632471734746
2024-12-19,AST-2031,Hydraulic Press,CHN-02,0,기본,0,0.25958614446091877
2024-12-19,AST-3008,Belt Conveyor,CHN-02,1,기본,0,0.1769500934338586
2024-12-19,AST-3019,Belt Conveyor,CHN-02,0,기본,0,0.05982818016182168
2024-12-19,AST-4055,Screw Compressor,DHR-03,0,기본,0,0.21663338732103873
2024-12-19,AST-4061,Screw Compressor,DHR-03,0,기본,0,0.12329115004237881
2024-12-19,AST-5003,EOT Crane,DHR-03,0,기본,0,0.1879251447719916
2024-12-19,AST-5007,EOT Crane,PUN-01,0,기본,0,0.08775296367698329
2024-12-20,AST-1041,CNC Lathe,PUN-01,0,기본,0,0.1685040912907576
2024-12-20,AST-1042,CNC Lathe,PUN-01,0,기본,0,0.13133693935167506
2024-12-20,AST-2017,Hydraulic Press,PUN-01,0,기본,0,0.17679346297242612
2024-12-20,AST-2031,Hydraulic Press,CHN-02,0,기본,0,0.01339132807252288
2024-12-20,AST-3008,Belt Conveyor,CHN-02,0,기본,0,0.3042443194989244
2024-12-20,AST-3019,Belt Conveyor,CHN-02,0,기본,0,0.09945036380730278
2024-12-20,AST-4055,Screw Compressor,DHR-03,0,기본,0,0.2154388251193717
2024-12-20,AST-4061,Screw Compressor,DHR-03,0,기본,0,0.1297464177301728
2024-12-20,AST-5003,EOT Crane,DHR-03,0,기본,0,0.12963966516239347
2024-12-20,AST-5007,EOT Crane,PUN-01,0,기본,0,0.07905236984707359
2024-12-21,AST-1041,CNC Lathe,PUN-01,0,기본,0,0.0009726183128841516
2024-12-21,AST-1042,CNC Lathe,PUN-01,0,기본,0,0.0003970797660204667
2024-12-21,AST-2017,Hydraulic Press,PUN-01,0,기본,0,0.005554951149772075
2024-12-21,AST-2031,Hydraulic Press,CHN-02,0,기본,0,0.006211354153428508
2024-12-21,AST-3008,Belt Conveyor,CHN-02,0,기본,0,0.0014209807125403321
2024-12-21,AST-3019,Belt Conveyor,CHN-02,0,기본,0,0.0020046266430317605
2024-12-21,AST-4055,Screw Compressor,DHR-03,0,기본,0,0.002581981566333985
2024-12-21,AST-4061,Screw Compressor,DHR-03,0,기본,0,0.00026050775790520907
2024-12-21,AST-5003,EOT Crane,DHR-03,0,기본,0,0.005136506140112996
2024-12-21,AST-5007,EOT Crane,PUN-01,0,기본,0,0.023397772673696145
2024-12-22,AST-1041,CNC Lathe,PUN-01,0,기본,0,0.0016030222675842316
2024-12-22,AST-1042,CNC Lathe,PUN-01,0,기본,0,0.00673350312143565
2024-12-22,AST-2017,Hydraulic Press,PUN-01,0,기본,0,0.01103294206561442
2024-12-22,AST-2031,Hydraulic Press,CHN-02,0,기본,0,0.07605138031092387
2024-12-22,AST-3008,Belt Conveyor,CHN-02,0,기본,0,0.00294578526854717
2024-12-22,AST-3019,Belt Conveyor,CHN-02,0,기본,0,0.007783999397011074
2024-12-22,AST-4055,Screw Compressor,DHR-03,0,기본,0,0.002714326305118818
2024-12-22,AST-4061,Screw Compressor,DHR-03,0,기본,0,0.00045777381789434684
2024-12-22,AST-5003,EOT Crane,DHR-03,0,기본,0,0.019711515491387954
2024-12-22,AST-5007,EOT Crane,PUN-01,0,기본,0,0.000865891281194872
2024-12-23,AST-1041,CNC Lathe,PUN-01,0,기본,0,0.10396714926618206
2024-12-23,AST-1042,CNC Lathe,PUN-01,0,기본,0,0.09315331523049482
2024-12-23,AST-2017,Hydraulic Press,PUN-01,0,기본,0,0.3073203988116658
2024-12-23,AST-2031,Hydraulic Press,CHN-02,0,기본,0,0.12895749247121
2024-12-23,AST-3008,Belt Conveyor,CHN-02,0,기본,0,0.11046261520034469
2024-12-23,AST-3019,Belt Conveyor,CHN-02,0,기본,0,0.07579756761703568
2024-12-23,AST-4055,Screw Compressor,DHR-03,0,기본,0,0.24726544461609742
2024-12-23,AST-4061,Screw Compressor,DHR-03,0,기본,0,0.09055903372480038
2024-12-23,AST-5003,EOT Crane,DHR-03,0,기본,0,0.15719519940890198
2024-12-23,AST-5007,EOT Crane,PUN-01,0,기본,0,0.039117852400546306
2024-12-24,AST-1041,CNC Lathe,PUN-01,1,기본,0,0.11129268890716533
2024-12-24,AST-1042,CNC Lathe,PUN-01,0,기본,0,0.0913926926739508
2024-12-24,AST-2017,Hydraulic Press,PUN-01,0,기본,0,0.06424199748987491
2024-12-24,AST-2031,Hydraulic Press,CHN-02,0,기본,0,0.16090614231414152
2024-12-24,AST-3008,Belt Conveyor,CHN-02,0,기본,0,0.15208933391550877
2024-12-24,AST-3019,Belt Conveyor,CHN-02,0,기본,0,0.091036111249495
2024-12-24,AST-4055,Screw Compressor,DHR-03,0,기본,0,0.2666327528739259
2024-12-24,AST-4061,Screw Compressor,DHR-03,0,기본,0,0.061320079122146764
2024-12-24,AST-5003,EOT Crane,DHR-03,0,기본,0,0.14582653952810626
2024-12-24,AST-5007,EOT Crane,PUN-01,0,기본,0,0.06638139739469796
2024-12-25,AST-1041,CNC Lathe,PUN-01,0,기본,0,0.13336006080884782
2024-12-25,AST-1042,CNC Lathe,PUN-01,0,기본,0,0.102535692116075
2024-12-25,AST-2017,Hydraulic Press,PUN-01,0,기본,0,0.14955142400427646
2024-12-25,AST-2031,Hydraulic Press,CHN-02,1,기본,0,0.07940554294885205
2024-12-25,AST-3008,Belt Conveyor,CHN-02,0,기본,0,0.12548562329099847
2024-12-25,AST-3019,Belt Conveyor,CHN-02,0,기본,0,0.09457145355569042
2024-12-25,AST-4055,Screw Compressor,DHR-03,0,기본,0,0.21598160349790613
2024-12-25,AST-4061,Screw Compressor,DHR-03,0,기본,0,0.08308723718553966
2024-12-25,AST-5003,EOT Crane,DHR-03,0,기본,0,0.12270071147881755
2024-12-25,AST-5007,EOT Crane,PUN-01,1,기본,0,0.08584677341059091
2024-12-26,AST-1041,CNC Lathe,PUN-01,0,기본,0,0.09822114968892365
2024-12-26,AST-1042,CNC Lathe,PUN-01,0,기본,0,0.1184258540800297
2024-12-26,AST-2017,Hydraulic Press,PUN-01,0,기본,0,0.20986501159885726
2024-12-26,AST-2031,Hydraulic Press,CHN-02,1,기본,0,0.17202019471540747
2024-12-26,AST-3008,Belt Conveyor,CHN-02,0,기본,0,0.13633987003381623
2024-12-26,AST-3019,Belt Conveyor,CHN-02,0,기본,0,0.09122681044405918
2024-12-26,AST-4055,Screw Compressor,DHR-03,0,기본,0,0.24082815565810317
2024-12-26,AST-4061,Screw Compressor,DHR-03,0,기본,0,0.12325608859400346
2024-12-26,AST-5003,EOT Crane,DHR-03,0,기본,0,0.09626992286740726
2024-12-26,AST-5007,EOT Crane,PUN-01,0,기본,0,0.0920199754465935
2024-12-27,AST-1041,CNC Lathe,PUN-01,0,기본,0,0.07657124172029452
2024-12-27,AST-1042,CNC Lathe,PUN-01,0,기본,0,0.0859257788263659
2024-12-27,AST-2017,Hydraulic Press,PUN-01,1,기본,0,0.17809700661076958
2024-12-27,AST-2031,Hydraulic Press,CHN-02,0,기본,0,0.18278512996100227
2024-12-27,AST-3008,Belt Conveyor,CHN-02,0,기본,0,0.10286715421521046
2024-12-27,AST-3019,Belt Conveyor,CHN-02,0,기본,0,0.054299316331193094
2024-12-27,AST-4055,Screw Compressor,DHR-03,0,기본,0,0.26441075907038625
2024-12-27,AST-4061,Screw Compressor,DHR-03,1,기본,0,0.14988981602446563
2024-12-27,AST-5003,EOT Crane,DHR-03,1,기본,0,0.1824055683270232
2024-12-27,AST-5007,EOT Crane,PUN-01,0,기본,0,0.07554602865693347
2024-12-28,AST-1041,CNC Lathe,PUN-01,0,기본,0,0.0004798685857753334
2024-12-28,AST-1042,CNC Lathe,PUN-01,0,기본,0,0.0039933142740778095
2024-12-28,AST-2017,Hydraulic Press,PUN-01,0,기본,0,0.011604529612906405
2024-12-28,AST-2031,Hydraulic Press,CHN-02,0,기본,0,0.024393128717084215
2024-12-28,AST-3008,Belt Conveyor,CHN-02,0,기본,0,0.0010619011456790524
2024-12-28,AST-3019,Belt Conveyor,CHN-02,0,기본,0,0.005563461469255291
2024-12-28,AST-4055,Screw Compressor,DHR-03,0,기본,0,0.0017502709996094056
2024-12-28,AST-4061,Screw Compressor,DHR-03,0,기본,0,0.0026221524714085927
2024-12-28,AST-5003,EOT Crane,DHR-03,0,기본,0,0.035012517755173896
2024-12-28,AST-5007,EOT Crane,PUN-01,0,기본,0,0.02257622628746474
2024-12-29,AST-1041,CNC Lathe,PUN-01,0,기본,0,0.0004816847395196775
2024-12-29,AST-1042,CNC Lathe,PUN-01,0,기본,0,0.0004461039811142929
2024-12-29,AST-2017,Hydraulic Press,PUN-01,0,기본,0,0.01640168502398677
2024-12-29,AST-2031,Hydraulic Press,CHN-02,0,기본,0,0.01955755646440932
2024-12-29,AST-3008,Belt Conveyor,CHN-02,0,기본,0,0.00660286397321954
2024-12-29,AST-3019,Belt Conveyor,CHN-02,0,기본,0,0.0009483403841002155
2024-12-29,AST-4055,Screw Compressor,DHR-03,0,기본,0,0.00253011263934314
2024-12-29,AST-4061,Screw Compressor,DHR-03,0,기본,0,0.0002187088459314717
2024-12-29,AST-5003,EOT Crane,DHR-03,0,기본,0,0.0018748866666693455
2024-12-29,AST-5007,EOT Crane,PUN-01,0,기본,0,0.0009997912082701232
2024-12-30,AST-1041,CNC Lathe,PUN-01,0,기본,0,0.14123169206785657
2024-12-30,AST-1042,CNC Lathe,PUN-01,0,기본,0,0.0852825873274368
2024-12-30,AST-2017,Hydraulic Press,PUN-01,1,기본,0,0.0942243277433304
2024-12-30,AST-2031,Hydraulic Press,CHN-02,0,기본,0,0.1686014403748844
2024-12-30,AST-3008,Belt Conveyor,CHN-02,0,기본,0,0.10204976191120861
2024-12-30,AST-3019,Belt Conveyor,CHN-02,0,기본,0,0.11631252660362465
2024-12-30,AST-4055,Screw Compressor,DHR-03,0,기본,0,0.186605223739561
2024-12-30,AST-4061,Screw Compressor,DHR-03,0,기본,0,0.23859803254446338
2024-12-30,AST-5003,EOT Crane,DHR-03,0,기본,0,0.11757613610809381
2024-12-30,AST-5007,EOT Crane,PUN-01,0,기본,0,0.052231828207581966
2024-12-31,AST-1041,CNC Lathe,PUN-01,0,기본,0,0.05046170259896112
2024-12-31,AST-1042,CNC Lathe,PUN-01,0,기본,0,0.09999350223993855
2024-12-31,AST-2017,Hydraulic Press,PUN-01,1,기본,0,0.18764604136333676
2024-12-31,AST-2031,Hydraulic Press,CHN-02,0,기본,0,0.017596003273127873
2024-12-31,AST-3008,Belt Conveyor,CHN-02,0,기본,0,0.15424745750292113
2024-12-31,AST-3019,Belt Conveyor,CHN-02,0,기본,0,0.09777756110121444
2024-12-31,AST-4055,Screw Compressor,DHR-03,0,기본,0,0.189846429617385
2024-12-31,AST-4061,Screw Compressor,DHR-03,0,기본,0,0.018741406651706188
2024-12-31,AST-5003,EOT Crane,DHR-03,0,기본,0,0.12059114099127201
2024-12-31,AST-5007,EOT Crane,PUN-01,0,기본,0,0.08593010961428654
2025-01-01,AST-1041,CNC Lathe,PUN-01,0,기본,0,0.08275668973314305
2025-01-01,AST-1042,CNC Lathe,PUN-01,0,기본,0,0.14589691329662077
2025-01-01,AST-2017,Hydraulic Press,PUN-01,0,기본,0,0.1589327434370289
2025-01-01,AST-2031,Hydraulic Press,CHN-02,1,기본,0,0.13203974779141184
2025-01-01,AST-3008,Belt Conveyor,CHN-02,0,기본,0,0.11864912748533893
2025-01-01,AST-3019,Belt Conveyor,CHN-02,1,기본,0,0.07163269020504925
2025-01-01,AST-4055,Screw Compressor,DHR-03,1,기본,0,0.2520390586913156
2025-01-01,AST-4061,Screw Compressor,DHR-03,0,기본,0,0.17184479924639268
2025-01-01,AST-5003,EOT Crane,DHR-03,0,기본,0,0.19436630029730723
2025-01-01,AST-5007,EOT Crane,PUN-01,0,기본,0,0.08976992816561245
2024-07-21,AST-1041,CNC Lathe,PUN-01,0,balanced,0,0.006578691708172643
2024-07-21,AST-1042,CNC Lathe,PUN-01,0,balanced,0,0.008922846192555699
2024-07-21,AST-2017,Hydraulic Press,PUN-01,0,balanced,0,0.06095664686841924
2024-07-21,AST-2031,Hydraulic Press,CHN-02,0,balanced,0,0.033015555023193165
2024-07-21,AST-3008,Belt Conveyor,CHN-02,0,balanced,0,0.027143585259199715
2024-07-21,AST-3019,Belt Conveyor,CHN-02,0,balanced,0,0.0030388719342177607
2024-07-21,AST-4055,Screw Compressor,DHR-03,0,balanced,0,0.008768375070862495
2024-07-21,AST-4061,Screw Compressor,DHR-03,0,balanced,0,0.0012617112289076587
2024-07-21,AST-5003,EOT Crane,DHR-03,0,balanced,1,0.5688335283106184
2024-07-21,AST-5007,EOT Crane,PUN-01,0,balanced,0,0.00891464881847413
2024-07-22,AST-1041,CNC Lathe,PUN-01,1,balanced,1,0.6389332879063959
2024-07-22,AST-1042,CNC Lathe,PUN-01,0,balanced,0,0.445872480686311
2024-07-22,AST-2017,Hydraulic Press,PUN-01,1,balanced,1,0.6342688222636476
2024-07-22,AST-2031,Hydraulic Press,CHN-02,0,balanced,1,0.6370516321720299
2024-07-22,AST-3008,Belt Conveyor,CHN-02,0,balanced,1,0.5520094445585161
2024-07-22,AST-3019,Belt Conveyor,CHN-02,0,balanced,0,0.34315917384575645
2024-07-22,AST-4055,Screw Compressor,DHR-03,0,balanced,1,0.5623276763730627
2024-07-22,AST-4061,Screw Compressor,DHR-03,0,balanced,0,0.48284051890854773
2024-07-22,AST-5003,EOT Crane,DHR-03,0,balanced,1,0.7317765103835046
2024-07-22,AST-5007,EOT Crane,PUN-01,0,balanced,0,0.3092214902312467
2024-07-23,AST-1041,CNC Lathe,PUN-01,0,balanced,1,0.5085853599849748
2024-07-23,AST-1042,CNC Lathe,PUN-01,0,balanced,1,0.5431146341670565
2024-07-23,AST-2017,Hydraulic Press,PUN-01,0,balanced,1,0.8203931404704758
2024-07-23,AST-2031,Hydraulic Press,CHN-02,0,balanced,1,0.6963374333940194
2024-07-23,AST-3008,Belt Conveyor,CHN-02,0,balanced,1,0.552421062084964
2024-07-23,AST-3019,Belt Conveyor,CHN-02,0,balanced,1,0.5052242618359318
2024-07-23,AST-4055,Screw Compressor,DHR-03,0,balanced,1,0.7092719616482767
2024-07-23,AST-4061,Screw Compressor,DHR-03,0,balanced,0,0.2722441486478436
2024-07-23,AST-5003,EOT Crane,DHR-03,0,balanced,1,0.6854271550379087
2024-07-23,AST-5007,EOT Crane,PUN-01,0,balanced,1,0.5641669613919937
2024-07-24,AST-1041,CNC Lathe,PUN-01,0,balanced,0,0.3416095412345191
2024-07-24,AST-1042,CNC Lathe,PUN-01,0,balanced,0,0.44910948122247124
2024-07-24,AST-2017,Hydraulic Press,PUN-01,0,balanced,0,0.2614457219267399
2024-07-24,AST-2031,Hydraulic Press,CHN-02,0,balanced,0,0.49574455921601696
2024-07-24,AST-3008,Belt Conveyor,CHN-02,0,balanced,1,0.6285504535958306
2024-07-24,AST-3019,Belt Conveyor,CHN-02,0,balanced,0,0.44879997745930617
2024-07-24,AST-4055,Screw Compressor,DHR-03,0,balanced,1,0.6891131689567761
2024-07-24,AST-4061,Screw Compressor,DHR-03,0,balanced,1,0.5989337285208622
2024-07-24,AST-5003,EOT Crane,DHR-03,0,balanced,1,0.7615156866616184
2024-07-24,AST-5007,EOT Crane,PUN-01,0,balanced,1,0.5975985456676833
2024-07-25,AST-1041,CNC Lathe,PUN-01,0,balanced,1,0.5467885732876901
2024-07-25,AST-1042,CNC Lathe,PUN-01,0,balanced,0,0.4951579651792219
2024-07-25,AST-2017,Hydraulic Press,PUN-01,0,balanced,1,0.5066234271084711
2024-07-25,AST-2031,Hydraulic Press,CHN-02,0,balanced,1,0.6651762718484578
2024-07-25,AST-3008,Belt Conveyor,CHN-02,0,balanced,1,0.5802050224040266
2024-07-25,AST-3019,Belt Conveyor,CHN-02,0,balanced,0,0.4657179814193064
2024-07-25,AST-4055,Screw Compressor,DHR-03,0,balanced,1,0.6889201084174353
2024-07-25,AST-4061,Screw Compressor,DHR-03,0,balanced,0,0.4297834241493532
2024-07-25,AST-5003,EOT Crane,DHR-03,0,balanced,1,0.7193181564229908
2024-07-25,AST-5007,EOT Crane,PUN-01,0,balanced,0,0.42990336531246176
2024-07-26,AST-1041,CNC Lathe,PUN-01,0,balanced,1,0.5865780571335891
2024-07-26,AST-1042,CNC Lathe,PUN-01,1,balanced,1,0.5645687944730178
2024-07-26,AST-2017,Hydraulic Press,PUN-01,1,balanced,1,0.6311931451979869
2024-07-26,AST-2031,Hydraulic Press,CHN-02,0,balanced,1,0.7379972148760067
2024-07-26,AST-3008,Belt Conveyor,CHN-02,0,balanced,1,0.5720889124806072
2024-07-26,AST-3019,Belt Conveyor,CHN-02,0,balanced,1,0.5105325282621778
2024-07-26,AST-4055,Screw Compressor,DHR-03,0,balanced,1,0.5906372137186986
2024-07-26,AST-4061,Screw Compressor,DHR-03,0,balanced,0,0.49633583069071113
2024-07-26,AST-5003,EOT Crane,DHR-03,0,balanced,1,0.7314905510843206
2024-07-26,AST-5007,EOT Crane,PUN-01,0,balanced,0,0.22523527803457097
2024-07-27,AST-1041,CNC Lathe,PUN-01,0,balanced,0,0.018822263285751196
2024-07-27,AST-1042,CNC Lathe,PUN-01,0,balanced,0,0.004652792711722255
2024-07-27,AST-2017,Hydraulic Press,PUN-01,0,balanced,0,0.009892894052831188
2024-07-27,AST-2031,Hydraulic Press,CHN-02,0,balanced,0,0.1674484007411498
2024-07-27,AST-3008,Belt Conveyor,CHN-02,0,balanced,0,0.010476750334015723
2024-07-27,AST-3019,Belt Conveyor,CHN-02,0,balanced,0,0.015560805497811048
2024-07-27,AST-4055,Screw Compressor,DHR-03,0,balanced,0,0.011234642295332373
2024-07-27,AST-4061,Screw Compressor,DHR-03,0,balanced,0,0.0009142627194582956
2024-07-27,AST-5003,EOT Crane,DHR-03,0,balanced,0,0.09834748725220917
2024-07-27,AST-5007,EOT Crane,PUN-01,0,balanced,0,0.04653002537747541
2024-07-28,AST-1041,CNC Lathe,PUN-01,0,balanced,0,0.02414378552867739
2024-07-28,AST-1042,CNC Lathe,PUN-01,0,balanced,0,0.0021036441905456977
2024-07-28,AST-2017,Hydraulic Press,PUN-01,0,balanced,0,0.015223329393889002
2024-07-28,AST-2031,Hydraulic Press,CHN-02,0,balanced,0,0.020807872093950363
2024-07-28,AST-3008,Belt Conveyor,CHN-02,0,balanced,0,0.059206306520684336
2024-07-28,AST-3019,Belt Conveyor,CHN-02,0,balanced,0,0.013740234964804386
2024-07-28,AST-4055,Screw Compressor,DHR-03,0,balanced,0,0.01021692683825658
2024-07-28,AST-4061,Screw Compressor,DHR-03,0,balanced,0,0.004014783463655556
2024-07-28,AST-5003,EOT Crane,DHR-03,0,balanced,0,0.02244790990933391
2024-07-28,AST-5007,EOT Crane,PUN-01,0,balanced,0,0.04736601044720209
2024-07-29,AST-1041,CNC Lathe,PUN-01,1,balanced,1,0.5572828000402529
2024-07-29,AST-1042,CNC Lathe,PUN-01,0,balanced,0,0.4656168556635358
2024-07-29,AST-2017,Hydraulic Press,PUN-01,0,balanced,1,0.5097986258428899
2024-07-29,AST-2031,Hydraulic Press,CHN-02,0,balanced,1,0.6054185051665588
2024-07-29,AST-3008,Belt Conveyor,CHN-02,0,balanced,0,0.4326957624620808
2024-07-29,AST-3019,Belt Conveyor,CHN-02,0,balanced,0,0.4385048382061803
2024-07-29,AST-4055,Screw Compressor,DHR-03,1,balanced,1,0.533212695710654
2024-07-29,AST-4061,Screw Compressor,DHR-03,1,balanced,1,0.5030959386561805
2024-07-29,AST-5003,EOT Crane,DHR-03,0,balanced,1,0.7128424879694957
2024-07-29,AST-5007,EOT Crane,PUN-01,0,balanced,0,0.3360442655145579
2024-07-30,AST-1041,CNC Lathe,PUN-01,0,balanced,1,0.6200285513809558
2024-07-30,AST-1042,CNC Lathe,PUN-01,0,balanced,0,0.4302851665896923
2024-07-30,AST-2017,Hydraulic Press,PUN-01,0,balanced,1,0.6469312147810666
2024-07-30,AST-2031,Hydraulic Press,CHN-02,0,balanced,1,0.8007186180508017
2024-07-30,AST-3008,Belt Conveyor,CHN-02,0,balanced,0,0.42003898439335546
2024-07-30,AST-3019,Belt Conveyor,CHN-02,0,balanced,0,0.4668640221467222
2024-07-30,AST-4055,Screw Compressor,DHR-03,0,balanced,1,0.6963266695542165
2024-07-30,AST-4061,Screw Compressor,DHR-03,0,balanced,0,0.4737183080169907
2024-07-30,AST-5003,EOT Crane,DHR-03,0,balanced,1,0.6674713122311724
2024-07-30,AST-5007,EOT Crane,PUN-01,0,balanced,0,0.4317527199185559
2024-07-31,AST-1041,CNC Lathe,PUN-01,0,balanced,0,0.4590050469072427
2024-07-31,AST-1042,CNC Lathe,PUN-01,0,balanced,1,0.5066077235498664
2024-07-31,AST-2017,Hydraulic Press,PUN-01,0,balanced,1,0.6793752142459214
2024-07-31,AST-2031,Hydraulic Press,CHN-02,0,balanced,1,0.7181355334944068
2024-07-31,AST-3008,Belt Conveyor,CHN-02,0,balanced,1,0.6210265990169387
2024-07-31,AST-3019,Belt Conveyor,CHN-02,1,balanced,1,0.5012639116928322
2024-07-31,AST-4055,Screw Compressor,DHR-03,0,balanced,1,0.7254594047939648
2024-07-31,AST-4061,Screw Compressor,DHR-03,0,balanced,0,0.4991679887436086
2024-07-31,AST-5003,EOT Crane,DHR-03,0,balanced,1,0.79140696829367
2024-07-31,AST-5007,EOT Crane,PUN-01,0,balanced,0,0.3546504426150645
2024-08-01,AST-1041,CNC Lathe,PUN-01,0,balanced,1,0.614550098033595
2024-08-01,AST-1042,CNC Lathe,PUN-01,0,balanced,1,0.5753884949507144
2024-08-01,AST-2017,Hydraulic Press,PUN-01,0,balanced,1,0.7593600753769831
2024-08-01,AST-2031,Hydraulic Press,CHN-02,0,balanced,1,0.6684381348593901
2024-08-01,AST-3008,Belt Conveyor,CHN-02,1,balanced,1,0.6710815375008871
2024-08-01,AST-3019,Belt Conveyor,CHN-02,0,balanced,0,0.45669572201429065
2024-08-01,AST-4055,Screw Compressor,DHR-03,0,balanced,1,0.6347596456459494
2024-08-01,AST-4061,Screw Compressor,DHR-03,1,balanced,1,0.6229689742210633
2024-08-01,AST-5003,EOT Crane,DHR-03,1,balanced,0,0.4462688585022733
2024-08-01,AST-5007,EOT Crane,PUN-01,0,balanced,0,0.450305927095351
2024-08-02,AST-1041,CNC Lathe,PUN-01,0,balanced,1,0.6597039503133076
2024-08-02,AST-1042,CNC Lathe,PUN-01,0,balanced,1,0.6650949072442123
2024-08-02,AST-2017,Hydraulic Press,PUN-01,0,balanced,1,0.7224615787716243
2024-08-02,AST-2031,Hydraulic Press,CHN-02,0,balanced,1,0.7027872219535806
2024-08-02,AST-3008,Belt Conveyor,CHN-02,0,balanced,1,0.5859283670744326
2024-08-02,AST-3019,Belt Conveyor,CHN-02,0,balanced,0,0.44600783403302596
2024-08-02,AST-4055,Screw Compressor,DHR-03,0,balanced,1,0.6380683608287993
2024-08-02,AST-4061,Screw Compressor,DHR-03,0,balanced,1,0.5688381423745179
2024-08-02,AST-5003,EOT Crane,DHR-03,0,balanced,1,0.5057334796045817
2024-08-02,AST-5007,EOT Crane,PUN-01,0,balanced,0,0.2325684397823824
2024-08-03,AST-1041,CNC Lathe,PUN-01,0,balanced,0,0.028610198976176712
2024-08-03,AST-1042,CNC Lathe,PUN-01,0,balanced,0,0.07067969165037781
2024-08-03,AST-2017,Hydraulic Press,PUN-01,0,balanced,0,0.20380809914638917
2024-08-03,AST-2031,Hydraulic Press,CHN-02,0,balanced,0,0.030110339525323368
2024-08-03,AST-3008,Belt Conveyor,CHN-02,0,balanced,0,0.03361593355401212
2024-08-03,AST-3019,Belt Conveyor,CHN-02,0,balanced,0,0.004645257793306902
2024-08-03,AST-4055,Screw Compressor,DHR-03,0,balanced,0,0.007635713213770644
2024-08-03,AST-4061,Screw Compressor,DHR-03,0,balanced,0,0.0056374588479915595
2024-08-03,AST-5003,EOT Crane,DHR-03,0,balanced,0,0.05270329290904827
2024-08-03,AST-5007,EOT Crane,PUN-01,0,balanced,0,0.09270307746967325
2024-08-04,AST-1041,CNC Lathe,PUN-01,0,balanced,0,0.0008502767735350716
2024-08-04,AST-1042,CNC Lathe,PUN-01,0,balanced,0,0.026636975293930946
2024-08-04,AST-2017,Hydraulic Press,PUN-01,0,balanced,0,0.09750888444230282
2024-08-04,AST-2031,Hydraulic Press,CHN-02,0,balanced,0,0.18735433778840405
2024-08-04,AST-3008,Belt Conveyor,CHN-02,0,balanced,0,0.009047792625161746
2024-08-04,AST-3019,Belt Conveyor,CHN-02,0,balanced,0,0.03225056993357791
2024-08-04,AST-4055,Screw Compressor,DHR-03,0,balanced,0,0.009163266148370808
2024-08-04,AST-4061,Screw Compressor,DHR-03,0,balanced,0,0.00364525952293726
2024-08-04,AST-5003,EOT Crane,DHR-03,0,balanced,0,0.12099706716544253
2024-08-04,AST-5007,EOT Crane,PUN-01,0,balanced,0,0.08321346000366217
2024-08-05,AST-1041,CNC Lathe,PUN-01,0,balanced,1,0.5088391312519043
2024-08-05,AST-1042,CNC Lathe,PUN-01,0,balanced,0,0.4326828508763859
2024-08-05,AST-2017,Hydraulic Press,PUN-01,0,balanced,1,0.684535186666707
2024-08-05,AST-2031,Hydraulic Press,CHN-02,0,balanced,1,0.6637019293446482
2024-08-05,AST-3008,Belt Conveyor,CHN-02,1,balanced,1,0.5390702873642045
2024-08-05,AST-3019,Belt Conveyor,CHN-02,0,balanced,0,0.48163850887640514
2024-08-05,AST-4055,Screw Compressor,DHR-03,0,balanced,1,0.6007513252081281
2024-08-05,AST-4061,Screw Compressor,DHR-03,1,balanced,1,0.5899752370827158
2024-08-05,AST-5003,EOT Crane,DHR-03,0,balanced,1,0.5658035136931986
2024-08-05,AST-5007,EOT Crane,PUN-01,0,balanced,0,0.43918485371325117
2024-08-06,AST-1041,CNC Lathe,PUN-01,0,balanced,0,0.33738804464165506
2024-08-06,AST-1042,CNC Lathe,PUN-01,0,balanced,1,0.6760810279931772
2024-08-06,AST-2017,Hydraulic Press,PUN-01,0,balanced,0,0.47580377918653843
2024-08-06,AST-2031,Hydraulic Press,CHN-02,0,balanced,1,0.6364691779265506
2024-08-06,AST-3008,Belt Conveyor,CHN-02,0,balanced,1,0.603122886905005
2024-08-06,AST-3019,Belt Conveyor,CHN-02,0,balanced,1,0.537043268632918
2024-08-06,AST-4055,Screw Compressor,DHR-03,0,balanced,1,0.6758320481108014
2024-08-06,AST-4061,Screw Compressor,DHR-03,0,balanced,1,0.588816464532052
2024-08-06,AST-5003,EOT Crane,DHR-03,1,balanced,1,0.6656592924544745
2024-08-06,AST-5007,EOT Crane,PUN-01,0,balanced,0,0.4875986624155162
2024-08-07,AST-1041,CNC Lathe,PUN-01,0,balanced,1,0.5362009169046894
2024-08-07,AST-1042,CNC Lathe,PUN-01,0,balanced,1,0.6075246874930939
2024-08-07,AST-2017,Hydraulic Press,PUN-01,0,balanced,1,0.6046898207835674
2024-08-07,AST-2031,Hydraulic Press,CHN-02,1,balanced,1,0.714813834661419
2024-08-07,AST-3008,Belt Conveyor,CHN-02,0,balanced,0,0.40339592141824043
2024-08-07,AST-3019,Belt Conveyor,CHN-02,0,balanced,1,0.5717116263556885
2024-08-07,AST-4055,Screw Compressor,DHR-03,0,balanced,1,0.6725310641029772
2024-08-07,AST-4061,Screw Compressor,DHR-03,0,balanced,1,0.5336946553656547
2024-08-07,AST-5003,EOT Crane,DHR-03,0,balanced,1,0.5294218626139943
2024-08-07,AST-5007,EOT Crane,PUN-01,1,balanced,0,0.2824637083354464
2024-08-08,AST-1041,CNC Lathe,PUN-01,1,balanced,1,0.5249285781696637
2024-08-08,AST-1042,CNC Lathe,PUN-01,0,balanced,1,0.5485548828383549
2024-08-08,AST-2017,Hydraulic Press,PUN-01,0,balanced,1,0.7300577414046133
2024-08-08,AST-2031,Hydraulic Press,CHN-02,0,balanced,1,0.7104982173024933
2024-08-08,AST-3008,Belt Conveyor,CHN-02,0,balanced,0,0.4651583182823293
2024-08-08,AST-3019,Belt Conveyor,CHN-02,0,balanced,0,0.49442814084561765
2024-08-08,AST-4055,Screw Compressor,DHR-03,1,balanced,1,0.7162590246433618
2024-08-08,AST-4061,Screw Compressor,DHR-03,0,balanced,0,0.48754128002539904
2024-08-08,AST-5003,EOT Crane,DHR-03,0,balanced,1,0.715755701476743
2024-08-08,AST-5007,EOT Crane,PUN-01,0,balanced,0,0.4339716726781375
2024-08-09,AST-1041,CNC Lathe,PUN-01,0,balanced,1,0.5446879330761969
2024-08-09,AST-1042,CNC Lathe,PUN-01,0,balanced,1,0.648480658440423
2024-08-09,AST-2017,Hydraulic Press,PUN-01,0,balanced,1,0.7084517104641251
2024-08-09,AST-2031,Hydraulic Press,CHN-02,1,balanced,1,0.568428005233933
2024-08-09,AST-3008,Belt Conveyor,CHN-02,0,balanced,0,0.4403563680285894
2024-08-09,AST-3019,Belt Conveyor,CHN-02,0,balanced,1,0.5328013567282112
2024-08-09,AST-4055,Screw Compressor,DHR-03,0,balanced,1,0.6552206332849166
2024-08-09,AST-4061,Screw Compressor,DHR-03,0,balanced,1,0.5131111660937618
2024-08-09,AST-5003,EOT Crane,DHR-03,0,balanced,1,0.582055610474069
2024-08-09,AST-5007,EOT Crane,PUN-01,0,balanced,0,0.42416660571812487
2024-08-10,AST-1041,CNC Lathe,PUN-01,0,balanced,0,0.08386478012997342
2024-08-10,AST-1042,CNC Lathe,PUN-01,0,balanced,0,0.008342228927597707
2024-08-10,AST-2017,Hydraulic Press,PUN-01,0,balanced,0,0.0624209084503711
2024-08-10,AST-2031,Hydraulic Press,CHN-02,0,balanced,0,0.19138501776764985
2024-08-10,AST-3008,Belt Conveyor,CHN-02,0,balanced,0,0.12765954846188288
2024-08-10,AST-3019,Belt Conveyor,CHN-02,0,balanced,0,0.014172582501343716
2024-08-10,AST-4055,Screw Compressor,DHR-03,0,balanced,0,0.0032505253051736144
2024-08-10,AST-4061,Screw Compressor,DHR-03,0,balanced,0,0.01097123525656652
2024-08-10,AST-5003,EOT Crane,DHR-03,0,balanced,0,0.09881398968719918
2024-08-10,AST-5007,EOT Crane,PUN-01,0,balanced,0,0.08170757760028904
2024-08-11,AST-1041,CNC Lathe,PUN-01,0,balanced,0,0.0077737709019891086
2024-08-11,AST-1042,CNC Lathe,PUN-01,0,balanced,0,0.003766226231905882
2024-08-11,AST-2017,Hydraulic Press,PUN-01,0,balanced,0,0.2152761065062643
2024-08-11,AST-2031,Hydraulic Press,CHN-02,0,balanced,0,0.17124974390339057
2024-08-11,AST-3008,Belt Conveyor,CHN-02,0,balanced,0,0.012387979353613682
2024-08-11,AST-3019,Belt Conveyor,CHN-02,0,balanced,0,0.02179021939439145
2024-08-11,AST-4055,Screw Compressor,DHR-03,0,balanced,0,0.015106156733939063
2024-08-11,AST-4061,Screw Compressor,DHR-03,0,balanced,0,0.0035297215571682993
2024-08-11,AST-5003,EOT Crane,DHR-03,0,balanced,0,0.04519689926444444
2024-08-11,AST-5007,EOT Crane,PUN-01,0,balanced,0,0.003279781037496935
2024-08-12,AST-1041,CNC Lathe,PUN-01,0,balanced,1,0.7499337327396658
2024-08-12,AST-1042,CNC Lathe,PUN-01,0,balanced,0,0.4523483316986889
2024-08-12,AST-2017,Hydraulic Press,PUN-01,0,balanced,1,0.6470646089686886
2024-08-12,AST-2031,Hydraulic Press,CHN-02,0,balanced,1,0.506252113336016
2024-08-12,AST-3008,Belt Conveyor,CHN-02,0,balanced,1,0.5224700703016155
2024-08-12,AST-3019,Belt Conveyor,CHN-02,0,balanced,0,0.4382381668340356
2024-08-12,AST-4055,Screw Compressor,DHR-03,0,balanced,1,0.6826922332178975
2024-08-12,AST-4061,Screw Compressor,DHR-03,1,balanced,1,0.557145437194739
2024-08-12,AST-5003,EOT Crane,DHR-03,0,balanced,1,0.6128918790941403
2024-08-12,AST-5007,EOT Crane,PUN-01,0,balanced,0,0.32398041110384235
2024-08-13,AST-1041,CNC Lathe,PUN-01,0,balanced,0,0.45254686760334367
2024-08-13,AST-1042,CNC Lathe,PUN-01,0,balanced,0,0.4419040160891197
2024-08-13,AST-2017,Hydraulic Press,PUN-01,0,balanced,1,0.7026261591563894
2024-08-13,AST-2031,Hydraulic Press,CHN-02,0,balanced,1,0.6560062007328409
2024-08-13,AST-3008,Belt Conveyor,CHN-02,0,balanced,1,0.6169846240517666
2024-08-13,AST-3019,Belt Conveyor,CHN-02,0,balanced,1,0.5812083721770757
2024-08-13,AST-4055,Screw Compressor,DHR-03,1,balanced,1,0.7136297495467464
2024-08-13,AST-4061,Screw Compressor,DHR-03,0,balanced,0,0.48910930773082517
2024-08-13,AST-5003,EOT Crane,DHR-03,0,balanced,1,0.7256868685642798
2024-08-13,AST-5007,EOT Crane,PUN-01,0,balanced,1,0.5115734310787485
2024-08-14,AST-1041,CNC Lathe,PUN-01,0,balanced,1,0.6204274108310257
2024-08-14,AST-1042,CNC Lathe,PUN-01,0,balanced,1,0.5244249537643265
2024-08-14,AST-2017,Hydraulic Press,PUN-01,0,balanced,1,0.7191734515370363
2024-08-14,AST-2031,Hydraulic Press,CHN-02,0,balanced,1,0.6780252442219629
2024-08-14,AST-3008,Belt Conveyor,CHN-02,0,balanced,1,0.5368364577947055
2024-08-14,AST-3019,Belt Conveyor,CHN-02,0,balanced,1,0.6002888871418682
2024-08-14,AST-4055,Screw Compressor,DHR-03,1,balanced,1,0.8639999792707208
2024-08-14,AST-4061,Screw Compressor,DHR-03,0,balanced,1,0.5414934843893912
2024-08-14,AST-5003,EOT Crane,DHR-03,0,balanced,1,0.6283313954935176
2024-08-14,AST-5007,EOT Crane,PUN-01,0,balanced,0,0.4758587925503566
2024-08-15,AST-1041,CNC Lathe,PUN-01,1,balanced,1,0.6416286069154958
2024-08-15,AST-1042,CNC Lathe,PUN-01,0,balanced,1,0.5549853127563866
2024-08-15,AST-2017,Hydraulic Press,PUN-01,0,balanced,1,0.7321001411536561
2024-08-15,AST-2031,Hydraulic Press,CHN-02,0,balanced,1,0.6308062350956514
2024-08-15,AST-3008,Belt Conveyor,CHN-02,1,balanced,1,0.6863096461117174
2024-08-15,AST-3019,Belt Conveyor,CHN-02,0,balanced,1,0.5395516472954619
2024-08-15,AST-4055,Screw Compressor,DHR-03,0,balanced,1,0.5648959662374999
2024-08-15,AST-4061,Screw Compressor,DHR-03,1,balanced,1,0.5013403730454159
2024-08-15,AST-5003,EOT Crane,DHR-03,1,balanced,1,0.7495522803681812
2024-08-15,AST-5007,EOT Crane,PUN-01,0,balanced,1,0.5377431821414033
2024-08-16,AST-1041,CNC Lathe,PUN-01,0,balanced,1,0.5419215314295973
2024-08-16,AST-1042,CNC Lathe,PUN-01,0,balanced,1,0.5543861217054123
2024-08-16,AST-2017,Hydraulic Press,PUN-01,0,balanced,1,0.537033273294905
2024-08-16,AST-2031,Hydraulic Press,CHN-02,0,balanced,1,0.6175226070479802
2024-08-16,AST-3008,Belt Conveyor,CHN-02,0,balanced,1,0.5097584366619751
2024-08-16,AST-3019,Belt Conveyor,CHN-02,0,balanced,1,0.5108970085283923
2024-08-16,AST-4055,Screw Compressor,DHR-03,0,balanced,1,0.7967506450254511
2024-08-16,AST-4061,Screw Compressor,DHR-03,0,balanced,1,0.5662468733527749
2024-08-16,AST-5003,EOT Crane,DHR-03,0,balanced,1,0.7514339902116917
2024-08-16,AST-5007,EOT Crane,PUN-01,0,balanced,0,0.2562095505058315
2024-08-17,AST-1041,CNC Lathe,PUN-01,0,balanced,0,0.0066712838771849905
2024-08-17,AST-1042,CNC Lathe,PUN-01,0,balanced,0,0.018861276570306285
2024-08-17,AST-2017,Hydraulic Press,PUN-01,0,balanced,0,0.25967549781660293
2024-08-17,AST-2031,Hydraulic Press,CHN-02,0,balanced,0,0.0740792623118869
2024-08-17,AST-3008,Belt Conveyor,CHN-02,0,balanced,0,0.18811882022463414
2024-08-17,AST-3019,Belt Conveyor,CHN-02,0,balanced,0,0.008898989109812615
2024-08-17,AST-4055,Screw Compressor,DHR-03,0,balanced,0,0.010355271960343217
2024-08-17,AST-4061,Screw Compressor,DHR-03,0,balanced,0,0.012178676729208804
2024-08-17,AST-5003,EOT Crane,DHR-03,0,balanced,0,0.1284204957398184
2024-08-17,AST-5007,EOT Crane,PUN-01,0,balanced,0,0.05793012771326769
2024-08-18,AST-1041,CNC Lathe,PUN-01,0,balanced,0,0.05593248388768552
2024-08-18,AST-1042,CNC Lathe,PUN-01,0,balanced,0,0.00798901508543921
2024-08-18,AST-2017,Hydraulic Press,PUN-01,0,balanced,0,0.1305359405159175
2024-08-18,AST-2031,Hydraulic Press,CHN-02,0,balanced,0,0.08630834512337
2024-08-18,AST-3008,Belt Conveyor,CHN-02,0,balanced,0,0.013540248887315334
2024-08-18,AST-3019,Belt Conveyor,CHN-02,0,balanced,0,0.009465137342368842
2024-08-18,AST-4055,Screw Compressor,DHR-03,0,balanced,0,0.012484960966926426
2024-08-18,AST-4061,Screw Compressor,DHR-03,0,balanced,0,0.0008275181174349637
2024-08-18,AST-5003,EOT Crane,DHR-03,0,balanced,0,0.026992840555755203
2024-08-18,AST-5007,EOT Crane,PUN-01,0,balanced,0,0.2355162071900932
2024-08-19,AST-1041,CNC Lathe,PUN-01,0,balanced,1,0.5653051042363619
2024-08-19,AST-1042,CNC Lathe,PUN-01,0,balanced,1,0.5207032424251594
2024-08-19,AST-2017,Hydraulic Press,PUN-01,0,balanced,1,0.5091688451659929
2024-08-19,AST-2031,Hydraulic Press,CHN-02,0,balanced,0,0.45012228192339326
2024-08-19,AST-3008,Belt Conveyor,CHN-02,0,balanced,1,0.6874722865947842
2024-08-19,AST-3019,Belt Conveyor,CHN-02,0,balanced,1,0.5503705797292217
2024-08-19,AST-4055,Screw Compressor,DHR-03,0,balanced,1,0.7557351800227402
2024-08-19,AST-4061,Screw Compressor,DHR-03,0,balanced,0,0.4300913598866064
2024-08-19,AST-5003,EOT Crane,DHR-03,0,balanced,1,0.5672591043170324
2024-08-19,AST-5007,EOT Crane,PUN-01,0,balanced,0,0.429481811365557
2024-08-20,AST-1041,CNC Lathe,PUN-01,0,balanced,1,0.6097737002196758
2024-08-20,AST-1042,CNC Lathe,PUN-01,0,balanced,0,0.34289976451797427
2024-08-20,AST-2017,Hydraulic Press,PUN-01,0,balanced,1,0.7678874130632757
2024-08-20,AST-2031,Hydraulic Press,CHN-02,1,balanced,1,0.64040683375054
2024-08-20,AST-3008,Belt Conveyor,CHN-02,0,balanced,0,0.4519678270659729
2024-08-20,AST-3019,Belt Conveyor,CHN-02,0,balanced,1,0.556608924887684
2024-08-20,AST-4055,Screw Compressor,DHR-03,0,balanced,1,0.7158985954607525
2024-08-20,AST-4061,Screw Compressor,DHR-03,0,balanced,1,0.6449262485913584
2024-08-20,AST-5003,EOT Crane,DHR-03,0,balanced,1,0.6287625845997671
2024-08-20,AST-5007,EOT Crane,PUN-01,0,balanced,1,0.5620113945296971
2024-08-21,AST-1041,CNC Lathe,PUN-01,0,balanced,1,0.6179625902208865
2024-08-21,AST-1042,CNC Lathe,PUN-01,0,balanced,0,0.41855805234297666
2024-08-21,AST-2017,Hydraulic Press,PUN-01,0,balanced,1,0.5786611898994926
2024-08-21,AST-2031,Hydraulic Press,CHN-02,0,balanced,1,0.7609184451784605
2024-08-21,AST-3008,Belt Conveyor,CHN-02,0,balanced,1,0.5486119861017985
2024-08-21,AST-3019,Belt Conveyor,CHN-02,0,balanced,1,0.5760138216571902
2024-08-21,AST-4055,Screw Compressor,DHR-03,0,balanced,1,0.7586287012958995
2024-08-21,AST-4061,Screw Compressor,DHR-03,0,balanced,1,0.6990223383438456
2024-08-21,AST-5003,EOT Crane,DHR-03,0,balanced,1,0.6151743780930873
2024-08-21,AST-5007,EOT Crane,PUN-01,0,balanced,1,0.5258231729986526
2024-08-22,AST-1041,CNC Lathe,PUN-01,0,balanced,1,0.5377904865215716
2024-08-22,AST-1042,CNC Lathe,PUN-01,1,balanced,0,0.4896554839499331
2024-08-22,AST-2017,Hydraulic Press,PUN-01,0,balanced,1,0.599678433276386
2024-08-22,AST-2031,Hydraulic Press,CHN-02,0,balanced,1,0.6009647943219127
2024-08-22,AST-3008,Belt Conveyor,CHN-02,0,balanced,1,0.7067627953485531
2024-08-22,AST-3019,Belt Conveyor,CHN-02,0,balanced,1,0.5049725366405209
2024-08-22,AST-4055,Screw Compressor,DHR-03,1,balanced,1,0.7986311713910366
2024-08-22,AST-4061,Screw Compressor,DHR-03,0,balanced,0,0.46852701578392225
2024-08-22,AST-5003,EOT Crane,DHR-03,0,balanced,1,0.6844649919260305
2024-08-22,AST-5007,EOT Crane,PUN-01,0,balanced,1,0.5602250861041016
2024-08-23,AST-1041,CNC Lathe,PUN-01,0,balanced,1,0.6494746061905086
2024-08-23,AST-1042,CNC Lathe,PUN-01,0,balanced,0,0.44777620393872564
2024-08-23,AST-2017,Hydraulic Press,PUN-01,0,balanced,1,0.664841761284404
2024-08-23,AST-2031,Hydraulic Press,CHN-02,1,balanced,1,0.6839606642813314
2024-08-23,AST-3008,Belt Conveyor,CHN-02,0,balanced,1,0.5558422601101819
2024-08-23,AST-3019,Belt Conveyor,CHN-02,0,balanced,1,0.5500386488609135
2024-08-23,AST-4055,Screw Compressor,DHR-03,1,balanced,1,0.6711646578661314
2024-08-23,AST-4061,Screw Compressor,DHR-03,0,balanced,1,0.5232634096635753
2024-08-23,AST-5003,EOT Crane,DHR-03,1,balanced,0,0.49684839215719445
2024-08-23,AST-5007,EOT Crane,PUN-01,0,balanced,1,0.5468917261722771
2024-08-24,AST-1041,CNC Lathe,PUN-01,0,balanced,0,0.005703189700030671
2024-08-24,AST-1042,CNC Lathe,PUN-01,0,balanced,0,0.015726034689278082
2024-08-24,AST-2017,Hydraulic Press,PUN-01,0,balanced,0,0.02207770551380285
2024-08-24,AST-2031,Hydraulic Press,CHN-02,0,balanced,0,0.23036346402507535
2024-08-24,AST-3008,Belt Conveyor,CHN-02,0,balanced,0,0.024974831872787057
2024-08-24,AST-3019,Belt Conveyor,CHN-02,0,balanced,0,0.06756226047222594
2024-08-24,AST-4055,Screw Compressor,DHR-03,0,balanced,0,0.0025667629883829486
2024-08-24,AST-4061,Screw Compressor,DHR-03,0,balanced,0,0.017914818109455694
2024-08-24,AST-5003,EOT Crane,DHR-03,0,balanced,0,0.016522745294462942
2024-08-24,AST-5007,EOT Crane,PUN-01,0,balanced,0,0.027520373598662107
2024-08-25,AST-1041,CNC Lathe,PUN-01,0,balanced,0,0.006485046661712276
2024-08-25,AST-1042,CNC Lathe,PUN-01,0,balanced,0,0.004556877367714999
2024-08-25,AST-2017,Hydraulic Press,PUN-01,0,balanced,0,0.06317157686153045
2024-08-25,AST-2031,Hydraulic Press,CHN-02,0,balanced,0,0.09166285979685077
2024-08-25,AST-3008,Belt Conveyor,CHN-02,0,balanced,0,0.0198518685630686
2024-08-25,AST-3019,Belt Conveyor,CHN-02,0,balanced,0,0.0944872011238505
2024-08-25,AST-4055,Screw Compressor,DHR-03,0,balanced,0,0.0033231674633867232
2024-08-25,AST-4061,Screw Compressor,DHR-03,0,balanced,0,0.019893044765521187
2024-08-25,AST-5003,EOT Crane,DHR-03,0,balanced,0,0.05825802040014855
2024-08-25,AST-5007,EOT Crane,PUN-01,0,balanced,0,0.01067172910742114
2024-08-26,AST-1041,CNC Lathe,PUN-01,0,balanced,1,0.6207807435364782
2024-08-26,AST-1042,CNC Lathe,PUN-01,0,balanced,0,0.40293844465973455
2024-08-26,AST-2017,Hydraulic Press,PUN-01,0,balanced,1,0.6046103785843
2024-08-26,AST-2031,Hydraulic Press,CHN-02,0,balanced,0,0.49359653822697025
2024-08-26,AST-3008,Belt Conveyor,CHN-02,0,balanced,0,0.48599206444115167
2024-08-26,AST-3019,Belt Conveyor,CHN-02,1,balanced,1,0.5344713786629443
2024-08-26,AST-4055,Screw Compressor,DHR-03,1,balanced,1,0.6737325620662715
2024-08-26,AST-4061,Screw Compressor,DHR-03,1,balanced,1,0.5708568706151194
2024-08-26,AST-5003,EOT Crane,DHR-03,1,balanced,1,0.887739458192596
2024-08-26,AST-5007,EOT Crane,PUN-01,0,balanced,1,0.5682395697800381
2024-08-27,AST-1041,CNC Lathe,PUN-01,0,balanced,1,0.5260132451764898
2024-08-27,AST-1042,CNC Lathe,PUN-01,0,balanced,0,0.46804268325529264
2024-08-27,AST-2017,Hydraulic Press,PUN-01,0,balanced,1,0.6485632772039095
2024-08-27,AST-2031,Hydraulic Press,CHN-02,0,balanced,1,0.5924260084508685
2024-08-27,AST-3008,Belt Conveyor,CHN-02,0,balanced,0,0.49161616428364524
2024-08-27,AST-3019,Belt Conveyor,CHN-02,0,balanced,0,0.13681251696692062
2024-08-27,AST-4055,Screw Compressor,DHR-03,0,balanced,1,0.6995383136028154
2024-08-27,AST-4061,Screw Compressor,DHR-03,0,balanced,1,0.5808100055429527
2024-08-27,AST-5003,EOT Crane,DHR-03,0,balanced,1,0.5568829731119993
2024-08-27,AST-5007,EOT Crane,PUN-01,0,balanced,0,0.48355302630234237
2024-08-28,AST-1041,CNC Lathe,PUN-01,0,balanced,1,0.5907898490754595
2024-08-28,AST-1042,CNC Lathe,PUN-01,0,balanced,1,0.5781393544207245
2024-08-28,AST-2017,Hydraulic Press,PUN-01,0,balanced,1,0.5897745343750622
2024-08-28,AST-2031,Hydraulic Press,CHN-02,0,balanced,1,0.6686946417587837
2024-08-28,AST-3008,Belt Conveyor,CHN-02,0,balanced,1,0.5045626928552733
2024-08-28,AST-3019,Belt Conveyor,CHN-02,0,balanced,0,0.38458819001274963
2024-08-28,AST-4055,Screw Compressor,DHR-03,0,balanced,1,0.7609086636142401
2024-08-28,AST-4061,Screw Compressor,DHR-03,1,balanced,0,0.4033080188035744
2024-08-28,AST-5003,EOT Crane,DHR-03,0,balanced,1,0.6394183061078035
2024-08-28,AST-5007,EOT Crane,PUN-01,0,balanced,1,0.5235898326633177
2024-08-29,AST-1041,CNC Lathe,PUN-01,0,balanced,1,0.6046395885467558
2024-08-29,AST-1042,CNC Lathe,PUN-01,0,balanced,0,0.46708012815025773
2024-08-29,AST-2017,Hydraulic Press,PUN-01,0,balanced,1,0.6521544548858054
2024-08-29,AST-2031,Hydraulic Press,CHN-02,0,balanced,1,0.5877798612984632
2024-08-29,AST-3008,Belt Conveyor,CHN-02,0,balanced,1,0.6435273938590158
2024-08-29,AST-3019,Belt Conveyor,CHN-02,0,balanced,1,0.5591122656687758
2024-08-29,AST-4055,Screw Compressor,DHR-03,0,balanced,1,0.731704856021809
2024-08-29,AST-4061,Screw Compressor,DHR-03,0,balanced,0,0.3703602563209737
2024-08-29,AST-5003,EOT Crane,DHR-03,0,balanced,1,0.6517317496161342
2024-08-29,AST-5007,EOT Crane,PUN-01,1,balanced,1,0.6330820967067391
2024-08-30,AST-1041,CNC Lathe,PUN-01,0,balanced,1,0.7259168361839138
2024-08-30,AST-1042,CNC Lathe,PUN-01,0,balanced,1,0.5184439989684928
2024-08-30,AST-2017,Hydraulic Press,PUN-01,1,balanced,0,0.42978094554742696
2024-08-30,AST-2031,Hydraulic Press,CHN-02,1,balanced,1,0.574633665601154
2024-08-30,AST-3008,Belt Conveyor,CHN-02,0,balanced,1,0.6276161673739468
2024-08-30,AST-3019,Belt Conveyor,CHN-02,0,balanced,1,0.5405151386872054
2024-08-30,AST-4055,Screw Compressor,DHR-03,0,balanced,1,0.664664809991057
2024-08-30,AST-4061,Screw Compressor,DHR-03,0,balanced,1,0.6072550133655383
2024-08-30,AST-5003,EOT Crane,DHR-03,1,balanced,1,0.6960170926726981
2024-08-30,AST-5007,EOT Crane,PUN-01,1,balanced,0,0.3238244319930532
2024-08-31,AST-1041,CNC Lathe,PUN-01,0,balanced,0,0.02155440757478206
2024-08-31,AST-1042,CNC Lathe,PUN-01,0,balanced,0,0.012082588871232031
2024-08-31,AST-2017,Hydraulic Press,PUN-01,0,balanced,0,0.02742093580816658
2024-08-31,AST-2031,Hydraulic Press,CHN-02,0,balanced,0,0.02453746740545888
2024-08-31,AST-3008,Belt Conveyor,CHN-02,0,balanced,0,0.24997826534430231
2024-08-31,AST-3019,Belt Conveyor,CHN-02,0,balanced,0,0.018800199093278305
2024-08-31,AST-4055,Screw Compressor,DHR-03,0,balanced,0,0.009549556563236191
2024-08-31,AST-4061,Screw Compressor,DHR-03,0,balanced,0,0.0007572649672417829
2024-08-31,AST-5003,EOT Crane,DHR-03,0,balanced,0,0.11803739760072345
2024-08-31,AST-5007,EOT Crane,PUN-01,0,balanced,0,0.034284776112193265
2024-09-01,AST-1041,CNC Lathe,PUN-01,0,balanced,0,0.022274952162339736
2024-09-01,AST-1042,CNC Lathe,PUN-01,0,balanced,0,0.029916468790615654
2024-09-01,AST-2017,Hydraulic Press,PUN-01,0,balanced,0,0.03670839879751745
2024-09-01,AST-2031,Hydraulic Press,CHN-02,0,balanced,0,0.092683379243856
2024-09-01,AST-3008,Belt Conveyor,CHN-02,0,balanced,0,0.007617897430874477
2024-09-01,AST-3019,Belt Conveyor,CHN-02,0,balanced,0,0.06370895800720999
2024-09-01,AST-4055,Screw Compressor,DHR-03,0,balanced,0,0.028851201665092353
2024-09-01,AST-4061,Screw Compressor,DHR-03,0,balanced,0,0.0004530375126831942
2024-09-01,AST-5003,EOT Crane,DHR-03,0,balanced,0,0.063856457157923
2024-09-01,AST-5007,EOT Crane,PUN-01,0,balanced,0,0.13491828238276643
2024-09-02,AST-1041,CNC Lathe,PUN-01,0,balanced,1,0.6647156059544951
2024-09-02,AST-1042,CNC Lathe,PUN-01,0,balanced,0,0.40859441829001714
2024-09-02,AST-2017,Hydraulic Press,PUN-01,0,balanced,1,0.610700058834249
2024-09-02,AST-2031,Hydraulic Press,CHN-02,0,balanced,0,0.3983724465930274
2024-09-02,AST-3008,Belt Conveyor,CHN-02,1,balanced,1,0.5835905904244215
2024-09-02,AST-3019,Belt Conveyor,CHN-02,0,balanced,0,0.26409376060814077
2024-09-02,AST-4055,Screw Compressor,DHR-03,0,balanced,1,0.588542423289656
2024-09-02,AST-4061,Screw Compressor,DHR-03,0,balanced,1,0.5330726332687008
2024-09-02,AST-5003,EOT Crane,DHR-03,1,balanced,1,0.716745296723025
2024-09-02,AST-5007,EOT Crane,PUN-01,0,balanced,1,0.5021083728669828
2024-09-03,AST-1041,CNC Lathe,PUN-01,0,balanced,1,0.5910197564775136
2024-09-03,AST-1042,CNC Lathe,PUN-01,0,balanced,1,0.5670181332760105
2024-09-03,AST-2017,Hydraulic Press,PUN-01,0,balanced,1,0.5002616432788187
2024-09-03,AST-2031,Hydraulic Press,CHN-02,0,balanced,1,0.6511178964696611
2024-09-03,AST-3008,Belt Conveyor,CHN-02,0,balanced,1,0.612654256641069
2024-09-03,AST-3019,Belt Conveyor,CHN-02,0,balanced,1,0.5421754426287674
2024-09-03,AST-4055,Screw Compressor,DHR-03,0,balanced,1,0.7148263922004854
2024-09-03,AST-4061,Screw Compressor,DHR-03,0,balanced,0,0.3996356155003984
2024-09-03,AST-5003,EOT Crane,DHR-03,0,balanced,1,0.702676053057097
2024-09-03,AST-5007,EOT Crane,PUN-01,0,balanced,0,0.28125240988570654
2024-09-04,AST-1041,CNC Lathe,PUN-01,0,balanced,1,0.8527868450240366
2024-09-04,AST-1042,CNC Lathe,PUN-01,0,balanced,0,0.3806898822621758
2024-09-04,AST-2017,Hydraulic Press,PUN-01,0,balanced,1,0.6148974995670199
2024-09-04,AST-2031,Hydraulic Press,CHN-02,0,balanced,1,0.6644354653316461
2024-09-04,AST-3008,Belt Conveyor,CHN-02,1,balanced,1,0.6760131083199553
2024-09-04,AST-3019,Belt Conveyor,CHN-02,0,balanced,1,0.5337705136480803
2024-09-04,AST-4055,Screw Compressor,DHR-03,0,balanced,1,0.6873037353881922
2024-09-04,AST-4061,Screw Compressor,DHR-03,0,balanced,1,0.5048635510330457
2024-09-04,AST-5003,EOT Crane,DHR-03,0,balanced,1,0.5389446057762156
2024-09-04,AST-5007,EOT Crane,PUN-01,0,balanced,0,0.28802391210410494
2024-09-05,AST-1041,CNC Lathe,PUN-01,0,balanced,1,0.5851809196200007
2024-09-05,AST-1042,CNC Lathe,PUN-01,0,balanced,1,0.5074387967854215
2024-09-05,AST-2017,Hydraulic Press,PUN-01,0,balanced,1,0.6306366477185236
2024-09-05,AST-2031,Hydraulic Press,CHN-02,0,balanced,1,0.6413632619792637
2024-09-05,AST-3008,Belt Conveyor,CHN-02,0,balanced,1,0.5834803040201796
2024-09-05,AST-3019,Belt Conveyor,CHN-02,0,balanced,0,0.27770744401107816
2024-09-05,AST-4055,Screw Compressor,DHR-03,0,balanced,1,0.6414484938638293
2024-09-05,AST-4061,Screw Compressor,DHR-03,0,balanced,0,0.4309090014945036
2024-09-05,AST-5003,EOT Crane,DHR-03,0,balanced,1,0.7411729509393168
2024-09-05,AST-5007,EOT Crane,PUN-01,0,balanced,1,0.5256220705355794
2024-09-06,AST-1041,CNC Lathe,PUN-01,0,balanced,1,0.7047681367161772
2024-09-06,AST-1042,CNC Lathe,PUN-01,0,balanced,1,0.5280870318606273
2024-09-06,AST-2017,Hydraulic Press,PUN-01,1,balanced,1,0.7471570441595583
2024-09-06,AST-2031,Hydraulic Press,CHN-02,0,balanced,1,0.6276065126948345
2024-09-06,AST-3008,Belt Conveyor,CHN-02,0,balanced,1,0.5490675415186409
2024-09-06,AST-3019,Belt Conveyor,CHN-02,0,balanced,1,0.5466788251929238
2024-09-06,AST-4055,Screw Compressor,DHR-03,0,balanced,1,0.7491113618409615
2024-09-06,AST-4061,Screw Compressor,DHR-03,0,balanced,1,0.5455008759443634
2024-09-06,AST-5003,EOT Crane,DHR-03,1,balanced,1,0.7423465612248054
2024-09-06,AST-5007,EOT Crane,PUN-01,0,balanced,0,0.41433661518810827
2024-09-07,AST-1041,CNC Lathe,PUN-01,0,balanced,0,0.011300993092072425
2024-09-07,AST-1042,CNC Lathe,PUN-01,0,balanced,0,0.04692758540681814
2024-09-07,AST-2017,Hydraulic Press,PUN-01,0,balanced,0,0.0845138187772338
2024-09-07,AST-2031,Hydraulic Press,CHN-02,0,balanced,0,0.253394354610397
2024-09-07,AST-3008,Belt Conveyor,CHN-02,0,balanced,0,0.02421509876759536
2024-09-07,AST-3019,Belt Conveyor,CHN-02,0,balanced,0,0.008327644213365766
2024-09-07,AST-4055,Screw Compressor,DHR-03,0,balanced,0,0.02740354820909582
2024-09-07,AST-4061,Screw Compressor,DHR-03,0,balanced,0,0.005505482275074475
2024-09-07,AST-5003,EOT Crane,DHR-03,0,balanced,0,0.3765305240639336
2024-09-07,AST-5007,EOT Crane,PUN-01,0,balanced,0,0.04945102905209308
2024-09-08,AST-1041,CNC Lathe,PUN-01,0,balanced,0,0.016427121051269616
2024-09-08,AST-1042,CNC Lathe,PUN-01,0,balanced,0,0.05280146972366859
2024-09-08,AST-2017,Hydraulic Press,PUN-01,0,balanced,0,0.04545633006971411
2024-09-08,AST-2031,Hydraulic Press,CHN-02,0,balanced,0,0.06373680047117601
2024-09-08,AST-3008,Belt Conveyor,CHN-02,0,balanced,0,0.038822545660309696
2024-09-08,AST-3019,Belt Conveyor,CHN-02,0,balanced,0,0.010837326147213739
2024-09-08,AST-4055,Screw Compressor,DHR-03,0,balanced,0,0.0017190747071841898
2024-09-08,AST-4061,Screw Compressor,DHR-03,0,balanced,0,0.0008924872035576446
2024-09-08,AST-5003,EOT Crane,DHR-03,0,balanced,0,0.10578053687394114
2024-09-08,AST-5007,EOT Crane,PUN-01,0,balanced,0,0.10407066868690103
2024-09-09,AST-1041,CNC Lathe,PUN-01,1,balanced,1,0.5011682826853868
2024-09-09,AST-1042,CNC Lathe,PUN-01,1,balanced,0,0.4173585500608441
2024-09-09,AST-2017,Hydraulic Press,PUN-01,0,balanced,1,0.5813765155472637
2024-09-09,AST-2031,Hydraulic Press,CHN-02,0,balanced,1,0.5269713293144459
2024-09-09,AST-3008,Belt Conveyor,CHN-02,0,balanced,0,0.4324345242878512
2024-09-09,AST-3019,Belt Conveyor,CHN-02,0,balanced,0,0.4330943557464756
2024-09-09,AST-4055,Screw Compressor,DHR-03,0,balanced,0,0.46795924211281287
2024-09-09,AST-4061,Screw Compressor,DHR-03,0,balanced,1,0.544749821106239
2024-09-09,AST-5003,EOT Crane,DHR-03,0,balanced,1,0.6320818376229697
2024-09-09,AST-5007,EOT Crane,PUN-01,0,balanced,0,0.15164973339184956
2024-09-10,AST-1041,CNC Lathe,PUN-01,0,balanced,1,0.5108337163412501
2024-09-10,AST-1042,CNC Lathe,PUN-01,0,balanced,0,0.4548671389241129
2024-09-10,AST-2017,Hydraulic Press,PUN-01,1,balanced,1,0.6377870107313113
2024-09-10,AST-2031,Hydraulic Press,CHN-02,0,balanced,1,0.6480152121810479
2024-09-10,AST-3008,Belt Conveyor,CHN-02,0,balanced,1,0.5192808314057242
2024-09-10,AST-3019,Belt Conveyor,CHN-02,0,balanced,1,0.8085364364886798
2024-09-10,AST-4055,Screw Compressor,DHR-03,0,balanced,1,0.6843699962390859
2024-09-10,AST-4061,Screw Compressor,DHR-03,1,balanced,1,0.5737480177226549
2024-09-10,AST-5003,EOT Crane,DHR-03,0,balanced,1,0.777262602437934
2024-09-10,AST-5007,EOT Crane,PUN-01,0,balanced,0,0.3565842161050122
2024-09-11,AST-1041,CNC Lathe,PUN-01,0,balanced,1,0.6016681168753149
2024-09-11,AST-1042,CNC Lathe,PUN-01,0,balanced,0,0.45878322259982146
2024-09-11,AST-2017,Hydraulic Press,PUN-01,0,balanced,1,0.6619686095493483
2024-09-11,AST-2031,Hydraulic Press,CHN-02,0,balanced,1,0.6391546492090409
2024-09-11,AST-3008,Belt Conveyor,CHN-02,0,balanced,1,0.5672465233330529
2024-09-11,AST-3019,Belt Conveyor,CHN-02,0,balanced,0,0.25445713712796325
2024-09-11,AST-4055,Screw Compressor,DHR-03,0,balanced,1,0.7062768900070854
2024-09-11,AST-4061,Screw Compressor,DHR-03,0,balanced,1,0.6660886995732485
2024-09-11,AST-5003,EOT Crane,DHR-03,0,balanced,0,0.4952522298122772
2024-09-11,AST-5007,EOT Crane,PUN-01,0,balanced,0,0.4278795292642957
2024-09-12,AST-1041,CNC Lathe,PUN-01,0,balanced,1,0.5801038679873022
2024-09-12,AST-1042,CNC Lathe,PUN-01,0,balanced,0,0.47328417541925727
2024-09-12,AST-2017,Hydraulic Press,PUN-01,0,balanced,1,0.7302278156791473
2024-09-12,AST-2031,Hydraulic Press,CHN-02,0,balanced,1,0.6449872039645316
2024-09-12,AST-3008,Belt Conveyor,CHN-02,0,balanced,1,0.5838868527741784
2024-09-12,AST-3019,Belt Conveyor,CHN-02,0,balanced,1,0.538175449665609
2024-09-12,AST-4055,Screw Compressor,DHR-03,0,balanced,1,0.7149890265074739
2024-09-12,AST-4061,Screw Compressor,DHR-03,1,balanced,1,0.6184299675769886
2024-09-12,AST-5003,EOT Crane,DHR-03,0,balanced,1,0.659862952314284
2024-09-12,AST-5007,EOT Crane,PUN-01,0,balanced,0,0.3607952844626866
2024-09-13,AST-1041,CNC Lathe,PUN-01,0,balanced,1,0.5578955626739072
2024-09-13,AST-1042,CNC Lathe,PUN-01,0,balanced,1,0.6293434894267939
2024-09-13,AST-2017,Hydraulic Press,PUN-01,0,balanced,1,0.7744410309150345
2024-09-13,AST-2031,Hydraulic Press,CHN-02,0,balanced,1,0.5497978578283388
2024-09-13,AST-3008,Belt Conveyor,CHN-02,0,balanced,1,0.5609113032627396
2024-09-13,AST-3019,Belt Conveyor,CHN-02,0,balanced,1,0.5005492907012946
2024-09-13,AST-4055,Screw Compressor,DHR-03,0,balanced,1,0.6138942765788813
2024-09-13,AST-4061,Screw Compressor,DHR-03,0,balanced,1,0.650664755915965
2024-09-13,AST-5003,EOT Crane,DHR-03,0,balanced,1,0.6842155280659129
2024-09-13,AST-5007,EOT Crane,PUN-01,0,balanced,0,0.4364942066523994
2024-09-14,AST-1041,CNC Lathe,PUN-01,0,balanced,0,0.009662054298209535
2024-09-14,AST-1042,CNC Lathe,PUN-01,0,balanced,0,0.0259982944031708
2024-09-14,AST-2017,Hydraulic Press,PUN-01,0,balanced,0,0.08252774429444165
2024-09-14,AST-2031,Hydraulic Press,CHN-02,0,balanced,0,0.4084410443902851
2024-09-14,AST-3008,Belt Conveyor,CHN-02,0,balanced,0,0.0524846121658122
2024-09-14,AST-3019,Belt Conveyor,CHN-02,0,balanced,0,0.01324881791947645
2024-09-14,AST-4055,Screw Compressor,DHR-03,0,balanced,0,0.030767419516287964
2024-09-14,AST-4061,Screw Compressor,DHR-03,0,balanced,0,0.0072084427665460695
2024-09-14,AST-5003,EOT Crane,DHR-03,0,balanced,0,0.27639641881903076
2024-09-14,AST-5007,EOT Crane,PUN-01,0,balanced,0,0.01079697379413428
2024-09-15,AST-1041,CNC Lathe,PUN-01,0,balanced,0,0.008868600354730827
2024-09-15,AST-1042,CNC Lathe,PUN-01,0,balanced,0,0.017307955084733113
2024-09-15,AST-2017,Hydraulic Press,PUN-01,0,balanced,0,0.04623923770361288
2024-09-15,AST-2031,Hydraulic Press,CHN-02,0,balanced,0,0.02201498642609702
2024-09-15,AST-3008,Belt Conveyor,CHN-02,0,balanced,0,0.07785434823453874
2024-09-15,AST-3019,Belt Conveyor,CHN-02,0,balanced,0,0.1229602957538867
2024-09-15,AST-4055,Screw Compressor,DHR-03,0,balanced,0,0.0010662018653154989
2024-09-15,AST-4061,Screw Compressor,DHR-03,0,balanced,0,0.003862805855489412
2024-09-15,AST-5003,EOT Crane,DHR-03,0,balanced,0,0.16982407248372502
2024-09-15,AST-5007,EOT Crane,PUN-01,0,balanced,0,0.18864849248016824
2024-09-16,AST-1041,CNC Lathe,PUN-01,0,balanced,1,0.584552878964559
2024-09-16,AST-1042,CNC Lathe,PUN-01,0,balanced,1,0.6857707439726616
2024-09-16,AST-2017,Hydraulic Press,PUN-01,0,balanced,1,0.6706580327890298
2024-09-16,AST-2031,Hydraulic Press,CHN-02,1,balanced,1,0.522651610167728
2024-09-16,AST-3008,Belt Conveyor,CHN-02,0,balanced,1,0.5862174179076083
2024-09-16,AST-3019,Belt Conveyor,CHN-02,0,balanced,1,0.537978721096223
2024-09-16,AST-4055,Screw Compressor,DHR-03,0,balanced,1,0.5531242433688225
2024-09-16,AST-4061,Screw Compressor,DHR-03,0,balanced,0,0.4644813838364813
2024-09-16,AST-5003,EOT Crane,DHR-03,0,balanced,1,0.5683435174630771
2024-09-16,AST-5007,EOT Crane,PUN-01,0,balanced,0,0.3267369206993982
2024-09-17,AST-1041,CNC Lathe,PUN-01,0,balanced,1,0.8220759730077981
2024-09-17,AST-1042,CNC Lathe,PUN-01,0,balanced,1,0.6967072924251512
2024-09-17,AST-2017,Hydraulic Press,PUN-01,0,balanced,1,0.6672189055124191
2024-09-17,AST-2031,Hydraulic Press,CHN-02,0,balanced,1,0.62817600716455
2024-09-17,AST-3008,Belt Conveyor,CHN-02,0,balanced,1,0.5600189757746338
2024-09-17,AST-3019,Belt Conveyor,CHN-02,0,balanced,1,0.6625377281585828
2024-09-17,AST-4055,Screw Compressor,DHR-03,1,balanced,1,0.6990079746438792
2024-09-17,AST-4061,Screw Compressor,DHR-03,0,balanced,1,0.8496981855666302
2024-09-17,AST-5003,EOT Crane,DHR-03,0,balanced,1,0.7838852645923483
2024-09-17,AST-5007,EOT Crane,PUN-01,0,balanced,1,0.5782077508800951
2024-09-18,AST-1041,CNC Lathe,PUN-01,1,balanced,0,0.4719684413731246
2024-09-18,AST-1042,CNC Lathe,PUN-01,0,balanced,1,0.5849503369331004
2024-09-18,AST-2017,Hydraulic Press,PUN-01,0,balanced,1,0.6516337778990566
2024-09-18,AST-2031,Hydraulic Press,CHN-02,0,balanced,1,0.6060177136487612
2024-09-18,AST-3008,Belt Conveyor,CHN-02,0,balanced,1,0.600611299147363
2024-09-18,AST-3019,Belt Conveyor,CHN-02,0,balanced,1,0.5784656031956079
2024-09-18,AST-4055,Screw Compressor,DHR-03,0,balanced,1,0.572353975842341
2024-09-18,AST-4061,Screw Compressor,DHR-03,0,balanced,0,0.4135972985784536
2024-09-18,AST-5003,EOT Crane,DHR-03,0,balanced,1,0.6218356850755381
2024-09-18,AST-5007,EOT Crane,PUN-01,0,balanced,0,0.3266890802600136
2024-09-19,AST-1041,CNC Lathe,PUN-01,0,balanced,1,0.798587244603306
2024-09-19,AST-1042,CNC Lathe,PUN-01,0,balanced,0,0.49770902502138575
2024-09-19,AST-2017,Hydraulic Press,PUN-01,0,balanced,1,0.6854688499912747
2024-09-19,AST-2031,Hydraulic Press,CHN-02,0,balanced,1,0.6647808154066004
2024-09-19,AST-3008,Belt Conveyor,CHN-02,0,balanced,1,0.666546575985254
2024-09-19,AST-3019,Belt Conveyor,CHN-02,0,balanced,1,0.7327256620073636
2024-09-19,AST-4055,Screw Compressor,DHR-03,0,balanced,1,0.6270245204942444
2024-09-19,AST-4061,Screw Compressor,DHR-03,0,balanced,1,0.571233240784617
2024-09-19,AST-5003,EOT Crane,DHR-03,1,balanced,1,0.7081563988221313
2024-09-19,AST-5007,EOT Crane,PUN-01,0,balanced,1,0.5682824890354194
2024-09-20,AST-1041,CNC Lathe,PUN-01,1,balanced,0,0.43933467095196116
2024-09-20,AST-1042,CNC Lathe,PUN-01,0,balanced,1,0.567663850151013
2024-09-20,AST-2017,Hydraulic Press,PUN-01,0,balanced,1,0.6810960556469311
2024-09-20,AST-2031,Hydraulic Press,CHN-02,0,balanced,1,0.7721950913624347
2024-09-20,AST-3008,Belt Conveyor,CHN-02,0,balanced,1,0.5444573585715641
2024-09-20,AST-3019,Belt Conveyor,CHN-02,0,balanced,0,0.39492843105860265
2024-09-20,AST-4055,Screw Compressor,DHR-03,0,balanced,1,0.7487672704500724
2024-09-20,AST-4061,Screw Compressor,DHR-03,1,balanced,1,0.6230234575072268
2024-09-20,AST-5003,EOT Crane,DHR-03,1,balanced,1,0.7217542964389779
2024-09-20,AST-5007,EOT Crane,PUN-01,0,balanced,0,0.4694837002541912
2024-09-21,AST-1041,CNC Lathe,PUN-01,0,balanced,0,0.009557351626476574
2024-09-21,AST-1042,CNC Lathe,PUN-01,0,balanced,0,0.023096769630334517
2024-09-21,AST-2017,Hydraulic Press,PUN-01,0,balanced,0,0.15696747618674256
2024-09-21,AST-2031,Hydraulic Press,CHN-02,0,balanced,1,0.6923621260361253
2024-09-21,AST-3008,Belt Conveyor,CHN-02,0,balanced,0,0.010878585601736336
2024-09-21,AST-3019,Belt Conveyor,CHN-02,0,balanced,0,0.005130520452781361
2024-09-21,AST-4055,Screw Compressor,DHR-03,0,balanced,0,0.018819807126511625
2024-09-21,AST-4061,Screw Compressor,DHR-03,0,balanced,0,0.0010477001909548103
2024-09-21,AST-5003,EOT Crane,DHR-03,0,balanced,0,0.1021016434958802
2024-09-21,AST-5007,EOT Crane,PUN-01,0,balanced,0,0.1669408646681293
2024-09-22,AST-1041,CNC Lathe,PUN-01,0,balanced,0,0.002651906636865302
2024-09-22,AST-1042,CNC Lathe,PUN-01,0,balanced,0,0.01302299603495691
2024-09-22,AST-2017,Hydraulic Press,PUN-01,0,balanced,0,0.04713557392323109
2024-09-22,AST-2031,Hydraulic Press,CHN-02,0,balanced,0,0.1964625695599256
2024-09-22,AST-3008,Belt Conveyor,CHN-02,0,balanced,0,0.015105876984398185
2024-09-22,AST-3019,Belt Conveyor,CHN-02,0,balanced,0,0.013814198201685021
2024-09-22,AST-4055,Screw Compressor,DHR-03,0,balanced,0,0.0066912400217153875
2024-09-22,AST-4061,Screw Compressor,DHR-03,0,balanced,0,0.004910096829169528
2024-09-22,AST-5003,EOT Crane,DHR-03,0,balanced,0,0.13951654020293577
2024-09-22,AST-5007,EOT Crane,PUN-01,0,balanced,0,0.0471605811932902
2024-09-23,AST-1041,CNC Lathe,PUN-01,0,balanced,1,0.548874336528287
2024-09-23,AST-1042,CNC Lathe,PUN-01,0,balanced,0,0.49298371047867695
2024-09-23,AST-2017,Hydraulic Press,PUN-01,0,balanced,1,0.6219617110973261
2024-09-23,AST-2031,Hydraulic Press,CHN-02,0,balanced,0,0.10992329278959968
2024-09-23,AST-3008,Belt Conveyor,CHN-02,0,balanced,1,0.5539742288122792
2024-09-23,AST-3019,Belt Conveyor,CHN-02,0,balanced,0,0.20141584023022716
2024-09-23,AST-4055,Screw Compressor,DHR-03,0,balanced,1,0.6077863341867014
2024-09-23,AST-4061,Screw Compressor,DHR-03,0,balanced,0,0.42553336034570277
2024-09-23,AST-5003,EOT Crane,DHR-03,0,balanced,0,0.4398226430095628
2024-09-23,AST-5007,EOT Crane,PUN-01,0,balanced,0,0.46159007023664744
2024-09-24,AST-1041,CNC Lathe,PUN-01,0,balanced,1,0.5799717508925364
2024-09-24,AST-1042,CNC Lathe,PUN-01,0,balanced,1,0.530749954419472
2024-09-24,AST-2017,Hydraulic Press,PUN-01,0,balanced,1,0.5068327066626345
2024-09-24,AST-2031,Hydraulic Press,CHN-02,0,balanced,1,0.7631176220496719
2024-09-24,AST-3008,Belt Conveyor,CHN-02,0,balanced,1,0.6060592265864524
2024-09-24,AST-3019,Belt Conveyor,CHN-02,0,balanced,0,0.3828249654151052
2024-09-24,AST-4055,Screw Compressor,DHR-03,0,balanced,1,0.5562057539476581
2024-09-24,AST-4061,Screw Compressor,DHR-03,0,balanced,0,0.3810427122333539
2024-09-24,AST-5003,EOT Crane,DHR-03,0,balanced,1,0.6431411106063301
2024-09-24,AST-5007,EOT Crane,PUN-01,0,balanced,0,0.3538212043185447
2024-09-25,AST-1041,CNC Lathe,PUN-01,0,balanced,1,0.5495541828260141
2024-09-25,AST-1042,CNC Lathe,PUN-01,1,balanced,0,0.3858884737662281
2024-09-25,AST-2017,Hydraulic Press,PUN-01,0,balanced,1,0.692191276362582
2024-09-25,AST-2031,Hydraulic Press,CHN-02,0,balanced,1,0.7444238602866735
2024-09-25,AST-3008,Belt Conveyor,CHN-02,0,balanced,1,0.5622905110477643
2024-09-25,AST-3019,Belt Conveyor,CHN-02,0,balanced,0,0.48090325396726513
2024-09-25,AST-4055,Screw Compressor,DHR-03,0,balanced,1,0.6912715603437266
2024-09-25,AST-4061,Screw Compressor,DHR-03,1,balanced,1,0.710136211430241
2024-09-25,AST-5003,EOT Crane,DHR-03,1,balanced,1,0.7481482715073047
2024-09-25,AST-5007,EOT Crane,PUN-01,1,balanced,1,0.6046828339044145
2024-09-26,AST-1041,CNC Lathe,PUN-01,0,balanced,1,0.6654727270303387
2024-09-26,AST-1042,CNC Lathe,PUN-01,0,balanced,0,0.4192768803218355
2024-09-26,AST-2017,Hydraulic Press,PUN-01,0,balanced,1,0.6079544929298618
2024-09-26,AST-2031,Hydraulic Press,CHN-02,0,balanced,1,0.8073429897596727
2024-09-26,AST-3008,Belt Conveyor,CHN-02,0,balanced,1,0.555166795116676
2024-09-26,AST-3019,Belt Conveyor,CHN-02,0,balanced,1,0.5196204748614609
2024-09-26,AST-4055,Screw Compressor,DHR-03,0,balanced,1,0.7051646913899281
2024-09-26,AST-4061,Screw Compressor,DHR-03,0,balanced,0,0.4094903655894984
2024-09-26,AST-5003,EOT Crane,DHR-03,0,balanced,1,0.7186602102479522
2024-09-26,AST-5007,EOT Crane,PUN-01,0,balanced,1,0.5857266442054878
2024-09-27,AST-1041,CNC Lathe,PUN-01,0,balanced,1,0.6003164773912459
2024-09-27,AST-1042,CNC Lathe,PUN-01,0,balanced,1,0.540924950450773
2024-09-27,AST-2017,Hydraulic Press,PUN-01,0,balanced,1,0.7208974528340891
2024-09-27,AST-2031,Hydraulic Press,CHN-02,0,balanced,1,0.692966469024765
2024-09-27,AST-3008,Belt Conveyor,CHN-02,0,balanced,1,0.5361548297795199
2024-09-27,AST-3019,Belt Conveyor,CHN-02,0,balanced,1,0.5674342907025093
2024-09-27,AST-4055,Screw Compressor,DHR-03,1,balanced,1,0.771943254494269
2024-09-27,AST-4061,Screw Compressor,DHR-03,0,balanced,0,0.4298546520519595
2024-09-27,AST-5003,EOT Crane,DHR-03,0,balanced,1,0.7395964021409195
2024-09-27,AST-5007,EOT Crane,PUN-01,0,balanced,0,0.3559043802165844
2024-09-28,AST-1041,CNC Lathe,PUN-01,0,balanced,0,0.06506995842350961
2024-09-28,AST-1042,CNC Lathe,PUN-01,0,balanced,0,0.012729683361706368
2024-09-28,AST-2017,Hydraulic Press,PUN-01,0,balanced,0,0.024042237205414287
2024-09-28,AST-2031,Hydraulic Press,CHN-02,0,balanced,0,0.14095328155160872
2024-09-28,AST-3008,Belt Conveyor,CHN-02,0,balanced,0,0.129420386661111
2024-09-28,AST-3019,Belt Conveyor,CHN-02,0,balanced,0,0.03344326021627862
2024-09-28,AST-4055,Screw Compressor,DHR-03,0,balanced,0,0.0037831937573776513
2024-09-28,AST-4061,Screw Compressor,DHR-03,0,balanced,0,0.002752078557708077
2024-09-28,AST-5003,EOT Crane,DHR-03,0,balanced,0,0.009947825021913917
2024-09-28,AST-5007,EOT Crane,PUN-01,0,balanced,0,0.04772909246818406
2024-09-29,AST-1041,CNC Lathe,PUN-01,0,balanced,0,0.006274483714611052
2024-09-29,AST-1042,CNC Lathe,PUN-01,0,balanced,0,0.017635312511744536
2024-09-29,AST-2017,Hydraulic Press,PUN-01,0,balanced,0,0.07408089514488927
2024-09-29,AST-2031,Hydraulic Press,CHN-02,0,balanced,0,0.03336082633232157
2024-09-29,AST-3008,Belt Conveyor,CHN-02,0,balanced,0,0.003987832344717695
2024-09-29,AST-3019,Belt Conveyor,CHN-02,0,balanced,0,0.15587476391439214
2024-09-29,AST-4055,Screw Compressor,DHR-03,0,balanced,0,0.0056264562918370755
2024-09-29,AST-4061,Screw Compressor,DHR-03,0,balanced,0,0.003985792709036097
2024-09-29,AST-5003,EOT Crane,DHR-03,0,balanced,0,0.04564221986079671
2024-09-29,AST-5007,EOT Crane,PUN-01,0,balanced,0,0.06058574504280406
2024-09-30,AST-1041,CNC Lathe,PUN-01,0,balanced,1,0.6598853713620584
2024-09-30,AST-1042,CNC Lathe,PUN-01,0,balanced,0,0.4140074225679214
2024-09-30,AST-2017,Hydraulic Press,PUN-01,0,balanced,1,0.5765371568095943
2024-09-30,AST-2031,Hydraulic Press,CHN-02,1,balanced,1,0.5918939090542533
2024-09-30,AST-3008,Belt Conveyor,CHN-02,0,balanced,1,0.6445881944917304
2024-09-30,AST-3019,Belt Conveyor,CHN-02,1,balanced,0,0.43549865147219496
2024-09-30,AST-4055,Screw Compressor,DHR-03,0,balanced,0,0.38873085964423193
2024-09-30,AST-4061,Screw Compressor,DHR-03,0,balanced,0,0.4588458587943509
2024-09-30,AST-5003,EOT Crane,DHR-03,0,balanced,1,0.7246312127183778
2024-09-30,AST-5007,EOT Crane,PUN-01,0,balanced,1,0.5777325607002407
2024-10-01,AST-1041,CNC Lathe,PUN-01,0,balanced,1,0.6185464580709753
2024-10-01,AST-1042,CNC Lathe,PUN-01,0,balanced,0,0.4515309275955624
2024-10-01,AST-2017,Hydraulic Press,PUN-01,0,balanced,1,0.7205978431206271
2024-10-01,AST-2031,Hydraulic Press,CHN-02,0,balanced,0,0.4895527562712859
2024-10-01,AST-3008,Belt Conveyor,CHN-02,0,balanced,1,0.7579068758139514
2024-10-01,AST-3019,Belt Conveyor,CHN-02,0,balanced,0,0.46743982514451166
2024-10-01,AST-4055,Screw Compressor,DHR-03,0,balanced,1,0.5132252859360368
2024-10-01,AST-4061,Screw Compressor,DHR-03,0,balanced,0,0.48670002759154507
2024-10-01,AST-5003,EOT Crane,DHR-03,0,balanced,1,0.6069471780093052
2024-10-01,AST-5007,EOT Crane,PUN-01,0,balanced,0,0.28238650173154056
2024-10-02,AST-1041,CNC Lathe,PUN-01,0,balanced,1,0.5216699168204448
2024-10-02,AST-1042,CNC Lathe,PUN-01,0,balanced,0,0.450455028112262
2024-10-02,AST-2017,Hydraulic Press,PUN-01,0,balanced,1,0.5714592547360329
2024-10-02,AST-2031,Hydraulic Press,CHN-02,1,balanced,1,0.6823724518676015
2024-10-02,AST-3008,Belt Conveyor,CHN-02,0,balanced,0,0.47783559626435657
2024-10-02,AST-3019,Belt Conveyor,CHN-02,0,balanced,0,0.3341422632643584
2024-10-02,AST-4055,Screw Compressor,DHR-03,0,balanced,1,0.6275414806725245
2024-10-02,AST-4061,Screw Compressor,DHR-03,0,balanced,1,0.5589315479587477
2024-10-02,AST-5003,EOT Crane,DHR-03,0,balanced,1,0.7334978513664726
2024-10-02,AST-5007,EOT Crane,PUN-01,1,balanced,0,0.42544893019590013
2024-10-03,AST-1041,CNC Lathe,PUN-01,1,balanced,1,0.579855637392845
2024-10-03,AST-1042,CNC Lathe,PUN-01,0,balanced,0,0.39538982024299657
2024-10-03,AST-2017,Hydraulic Press,PUN-01,0,balanced,1,0.6975980063908214
2024-10-03,AST-2031,Hydraulic Press,CHN-02,0,balanced,1,0.6885074130132234
2024-10-03,AST-3008,Belt Conveyor,CHN-02,0,balanced,1,0.6384691626852489
2024-10-03,AST-3019,Belt Conveyor,CHN-02,0,balanced,1,0.6486423892838798
2024-10-03,AST-4055,Screw Compressor,DHR-03,0,balanced,0,0.43380720950754614
2024-10-03,AST-4061,Screw Compressor,DHR-03,0,balanced,1,0.5615632018708686
2024-10-03,AST-5003,EOT Crane,DHR-03,0,balanced,1,0.6131512952766499
2024-10-03,AST-5007,EOT Crane,PUN-01,0,balanced,1,0.5237030092416615
2024-10-04,AST-1041,CNC Lathe,PUN-01,0,balanced,1,0.5729620351087312
2024-10-04,AST-1042,CNC Lathe,PUN-01,1,balanced,0,0.37543105204022387
2024-10-04,AST-2017,Hydraulic Press,PUN-01,0,balanced,1,0.7567917421863448
2024-10-04,AST-2031,Hydraulic Press,CHN-02,0,balanced,1,0.5834285444995364
2024-10-04,AST-3008,Belt Conveyor,CHN-02,0,balanced,1,0.6505513015135025
2024-10-04,AST-3019,Belt Conveyor,CHN-02,0,balanced,0,0.4808116297871937
2024-10-04,AST-4055,Screw Compressor,DHR-03,0,balanced,1,0.6966367723636993
2024-10-04,AST-4061,Screw Compressor,DHR-03,0,balanced,1,0.5977560331645645
2024-10-04,AST-5003,EOT Crane,DHR-03,0,balanced,1,0.7609839603826626
2024-10-04,AST-5007,EOT Crane,PUN-01,0,balanced,0,0.45611134473666476
2024-10-05,AST-1041,CNC Lathe,PUN-01,0,balanced,0,0.005720170168876868
2024-10-05,AST-1042,CNC Lathe,PUN-01,0,balanced,0,0.0017097017474130187
2024-10-05,AST-2017,Hydraulic Press,PUN-01,0,balanced,0,0.03876678552585865
2024-10-05,AST-2031,Hydraulic Press,CHN-02,0,balanced,0,0.45394532367184603
2024-10-05,AST-3008,Belt Conveyor,CHN-02,0,balanced,0,0.01657302443865283
2024-10-05,AST-3019,Belt Conveyor,CHN-02,0,balanced,0,0.005487348946799596
2024-10-05,AST-4055,Screw Compressor,DHR-03,0,balanced,0,0.011994618665112205
2024-10-05,AST-4061,Screw Compressor,DHR-03,0,balanced,0,0.0033911872343301503
2024-10-05,AST-5003,EOT Crane,DHR-03,0,balanced,0,0.23774007939520944
2024-10-05,AST-5007,EOT Crane,PUN-01,0,balanced,0,0.01107879334477364
2024-10-06,AST-1041,CNC Lathe,PUN-01,0,balanced,0,0.0066665838434353765
2024-10-06,AST-1042,CNC Lathe,PUN-01,0,balanced,0,0.006918704341940977
2024-10-06,AST-2017,Hydraulic Press,PUN-01,0,balanced,0,0.053959032206159434
2024-10-06,AST-2031,Hydraulic Press,CHN-02,0,balanced,0,0.012206611819575728
2024-10-06,AST-3008,Belt Conveyor,CHN-02,0,balanced,0,0.02226246332702137
2024-10-06,AST-3019,Belt Conveyor,CHN-02,0,balanced,0,0.004745624250968302
2024-10-06,AST-4055,Screw Compressor,DHR-03,0,balanced,0,0.01146576006970765
2024-10-06,AST-4061,Screw Compressor,DHR-03,0,balanced,0,0.00113816011175092
2024-10-06,AST-5003,EOT Crane,DHR-03,0,balanced,0,0.17955537226166376
2024-10-06,AST-5007,EOT Crane,PUN-01,0,balanced,0,0.006888481629716837
2024-10-07,AST-1041,CNC Lathe,PUN-01,0,balanced,1,0.6258304427778403
2024-10-07,AST-1042,CNC Lathe,PUN-01,0,balanced,0,0.40416545713738083
2024-10-07,AST-2017,Hydraulic Press,PUN-01,0,balanced,1,0.7150106284527984
2024-10-07,AST-2031,Hydraulic Press,CHN-02,0,balanced,1,0.6035509364217732
2024-10-07,AST-3008,Belt Conveyor,CHN-02,0,balanced,0,0.46148939906123626
2024-10-07,AST-3019,Belt Conveyor,CHN-02,0,balanced,0,0.39241661674449557
2024-10-07,AST-4055,Screw Compressor,DHR-03,0,balanced,1,0.65916860359456
2024-10-07,AST-4061,Screw Compressor,DHR-03,1,balanced,0,0.15906317242365467
2024-10-07,AST-5003,EOT Crane,DHR-03,0,balanced,1,0.7538726669192667
2024-10-07,AST-5007,EOT Crane,PUN-01,0,balanced,0,0.3564432167930818
2024-10-08,AST-1041,CNC Lathe,PUN-01,0,balanced,1,0.5554917604892263
2024-10-08,AST-1042,CNC Lathe,PUN-01,0,balanced,0,0.45432972891767476
2024-10-08,AST-2017,Hydraulic Press,PUN-01,0,balanced,1,0.7355807730326738
2024-10-08,AST-2031,Hydraulic Press,CHN-02,0,balanced,0,0.47818680300461947
2024-10-08,AST-3008,Belt Conveyor,CHN-02,0,balanced,1,0.6875282412981674
2024-10-08,AST-3019,Belt Conveyor,CHN-02,0,balanced,0,0.47470063858964945
2024-10-08,AST-4055,Screw Compressor,DHR-03,0,balanced,1,0.6815915456100144
2024-10-08,AST-4061,Screw Compressor,DHR-03,0,balanced,1,0.5798156379662381
2024-10-08,AST-5003,EOT Crane,DHR-03,0,balanced,1,0.581309192148252
2024-10-08,AST-5007,EOT Crane,PUN-01,0,balanced,1,0.5204003327231831
2024-10-09,AST-1041,CNC Lathe,PUN-01,0,balanced,1,0.5296631146877983
2024-10-09,AST-1042,CNC Lathe,PUN-01,0,balanced,0,0.4927351821335755
2024-10-09,AST-2017,Hydraulic Press,PUN-01,0,balanced,1,0.7199940139384183
2024-10-09,AST-2031,Hydraulic Press,CHN-02,0,balanced,0,0.40368070052442334
2024-10-09,AST-3008,Belt Conveyor,CHN-02,0,balanced,1,0.6889499890448026
2024-10-09,AST-3019,Belt Conveyor,CHN-02,1,balanced,0,0.41394560979865064
2024-10-09,AST-4055,Screw Compressor,DHR-03,0,balanced,1,0.7083722842388795
2024-10-09,AST-4061,Screw Compressor,DHR-03,0,balanced,1,0.5489675687173117
2024-10-09,AST-5003,EOT Crane,DHR-03,0,balanced,1,0.7638670822455144
2024-10-09,AST-5007,EOT Crane,PUN-01,0,balanced,0,0.46882724678637344
2024-10-10,AST-1041,CNC Lathe,PUN-01,0,balanced,1,0.5807293106836365
2024-10-10,AST-1042,CNC Lathe,PUN-01,0,balanced,0,0.4131300300615143
2024-10-10,AST-2017,Hydraulic Press,PUN-01,0,balanced,1,0.7074194704886951
2024-10-10,AST-2031,Hydraulic Press,CHN-02,0,balanced,0,0.4469935994467475
2024-10-10,AST-3008,Belt Conveyor,CHN-02,0,balanced,0,0.4975020029844016
2024-10-10,AST-3019,Belt Conveyor,CHN-02,0,balanced,0,0.45447936242594417
2024-10-10,AST-4055,Screw Compressor,DHR-03,0,balanced,1,0.7610870196280555
2024-10-10,AST-4061,Screw Compressor,DHR-03,1,balanced,1,0.6427862013037253
2024-10-10,AST-5003,EOT Crane,DHR-03,0,balanced,1,0.5920546439763151
2024-10-10,AST-5007,EOT Crane,PUN-01,0,balanced,0,0.4806608006259056
2024-10-11,AST-1041,CNC Lathe,PUN-01,0,balanced,1,0.6673701443140717
2024-10-11,AST-1042,CNC Lathe,PUN-01,0,balanced,1,0.5113454125834
2024-10-11,AST-2017,Hydraulic Press,PUN-01,0,balanced,1,0.5994592914281338
2024-10-11,AST-2031,Hydraulic Press,CHN-02,0,balanced,1,0.6648441679767609
2024-10-11,AST-3008,Belt Conveyor,CHN-02,0,balanced,1,0.610171799335464
2024-10-11,AST-3019,Belt Conveyor,CHN-02,0,balanced,0,0.47790421117008874
2024-10-11,AST-4055,Screw Compressor,DHR-03,1,balanced,1,0.7219265286973268
2024-10-11,AST-4061,Screw Compressor,DHR-03,0,balanced,1,0.5211871385194018
2024-10-11,AST-5003,EOT Crane,DHR-03,1,balanced,1,0.7890345644182574
2024-10-11,AST-5007,EOT Crane,PUN-01,0,balanced,0,0.23139341126933238
2024-10-12,AST-1041,CNC Lathe,PUN-01,0,balanced,0,0.06627430790555508
2024-10-12,AST-1042,CNC Lathe,PUN-01,0,balanced,0,0.012407019013768459
2024-10-12,AST-2017,Hydraulic Press,PUN-01,0,balanced,0,0.02063700563707216
2024-10-12,AST-2031,Hydraulic Press,CHN-02,0,balanced,0,0.17969100506504268
2024-10-12,AST-3008,Belt Conveyor,CHN-02,0,balanced,0,0.02503732428372087
2024-10-12,AST-3019,Belt Conveyor,CHN-02,0,balanced,0,0.08488997017444283
2024-10-12,AST-4055,Screw Compressor,DHR-03,0,balanced,0,0.04103376130268703
2024-10-12,AST-4061,Screw Compressor,DHR-03,0,balanced,0,0.002242208635997176
2024-10-12,AST-5003,EOT Crane,DHR-03,0,balanced,0,0.0062134292815881976
2024-10-12,AST-5007,EOT Crane,PUN-01,0,balanced,0,0.06464846837148379
2024-10-13,AST-1041,CNC Lathe,PUN-01,0,balanced,0,0.0044311286074273995
2024-10-13,AST-1042,CNC Lathe,PUN-01,0,balanced,0,0.0036171293271237046
2024-10-13,AST-2017,Hydraulic Press,PUN-01,0,balanced,0,0.010450434765157727
2024-10-13,AST-2031,Hydraulic Press,CHN-02,0,balanced,0,0.1063088349715679
2024-10-13,AST-3008,Belt Conveyor,CHN-02,0,balanced,0,0.03545453901257716
2024-10-13,AST-3019,Belt Conveyor,CHN-02,0,balanced,0,0.004748156748472708
2024-10-13,AST-4055,Screw Compressor,DHR-03,0,balanced,0,0.0009561604761057362
2024-10-13,AST-4061,Screw Compressor,DHR-03,0,balanced,0,0.007874158487261154
2024-10-13,AST-5003,EOT Crane,DHR-03,0,balanced,0,0.05096538888304329
2024-10-13,AST-5007,EOT Crane,PUN-01,0,balanced,0,0.10334099831410073
2024-10-14,AST-1041,CNC Lathe,PUN-01,0,balanced,1,0.5334377111739935
2024-10-14,AST-1042,CNC Lathe,PUN-01,0,balanced,0,0.41541161521362474
2024-10-14,AST-2017,Hydraulic Press,PUN-01,0,balanced,0,0.22215720888101015
2024-10-14,AST-2031,Hydraulic Press,CHN-02,0,balanced,1,0.6427614715813776
2024-10-14,AST-3008,Belt Conveyor,CHN-02,0,balanced,0,0.4623509684965012
2024-10-14,AST-3019,Belt Conveyor,CHN-02,0,balanced,1,0.5146298642112713
2024-10-14,AST-4055,Screw Compressor,DHR-03,0,balanced,1,0.6368726664299357
2024-10-14,AST-4061,Screw Compressor,DHR-03,0,balanced,0,0.46600861951729905
2024-10-14,AST-5003,EOT Crane,DHR-03,0,balanced,1,0.5834408949733288
2024-10-14,AST-5007,EOT Crane,PUN-01,0,balanced,0,0.3902572531930613
2024-10-15,AST-1041,CNC Lathe,PUN-01,0,balanced,1,0.6105450035940835
2024-10-15,AST-1042,CNC Lathe,PUN-01,0,balanced,1,0.5460926473638543
2024-10-15,AST-2017,Hydraulic Press,PUN-01,0,balanced,0,0.45702321551046776
2024-10-15,AST-2031,Hydraulic Press,CHN-02,0,balanced,1,0.6629609761997043
2024-10-15,AST-3008,Belt Conveyor,CHN-02,0,balanced,1,0.6304749704016822
2024-10-15,AST-3019,Belt Conveyor,CHN-02,0,balanced,1,0.5845109186951227
2024-10-15,AST-4055,Screw Compressor,DHR-03,0,balanced,1,0.7206690185929342
2024-10-15,AST-4061,Screw Compressor,DHR-03,0,balanced,1,0.7335455670824559
2024-10-15,AST-5003,EOT Crane,DHR-03,0,balanced,1,0.7968243460350259
2024-10-15,AST-5007,EOT Crane,PUN-01,0,balanced,0,0.48956693526161393
2024-10-16,AST-1041,CNC Lathe,PUN-01,0,balanced,1,0.6329043766033445
2024-10-16,AST-1042,CNC Lathe,PUN-01,0,balanced,1,0.5390336616220784
2024-10-16,AST-2017,Hydraulic Press,PUN-01,0,balanced,1,0.7457781326899818
2024-10-16,AST-2031,Hydraulic Press,CHN-02,0,balanced,1,0.7327389970356265
2024-10-16,AST-3008,Belt Conveyor,CHN-02,1,balanced,1,0.6697378255776633
2024-10-16,AST-3019,Belt Conveyor,CHN-02,0,balanced,1,0.6157794584979607
2024-10-16,AST-4055,Screw Compressor,DHR-03,0,balanced,1,0.7055454497744569
2024-10-16,AST-4061,Screw Compressor,DHR-03,0,balanced,1,0.5091417248320037
2024-10-16,AST-5003,EOT Crane,DHR-03,0,balanced,1,0.7532581754532135
2024-10-16,AST-5007,EOT Crane,PUN-01,0,balanced,0,0.46428161704292875
2024-10-17,AST-1041,CNC Lathe,PUN-01,0,balanced,1,0.6113125630954868
2024-10-17,AST-1042,CNC Lathe,PUN-01,0,balanced,1,0.515245728141922
2024-10-17,AST-2017,Hydraulic Press,PUN-01,1,balanced,1,0.6525774733481562
2024-10-17,AST-2031,Hydraulic Press,CHN-02,0,balanced,1,0.6551971159554759
2024-10-17,AST-3008,Belt Conveyor,CHN-02,0,balanced,1,0.7029184269175999
2024-10-17,AST-3019,Belt Conveyor,CHN-02,1,balanced,1,0.594705375944261
2024-10-17,AST-4055,Screw Compressor,DHR-03,0,balanced,1,0.5734130674831346
2024-10-17,AST-4061,Screw Compressor,DHR-03,0,balanced,0,0.44856251366433053
2024-10-17,AST-5003,EOT Crane,DHR-03,0,balanced,1,0.7743897156410706
2024-10-17,AST-5007,EOT Crane,PUN-01,0,balanced,1,0.5125989454503135
2024-10-18,AST-1041,CNC Lathe,PUN-01,0,balanced,1,0.6041870830556118
2024-10-18,AST-1042,CNC Lathe,PUN-01,0,balanced,0,0.4988159466249398
2024-10-18,AST-2017,Hydraulic Press,PUN-01,1,balanced,1,0.7044510145487132
2024-10-18,AST-2031,Hydraulic Press,CHN-02,0,balanced,1,0.6828086037488793
2024-10-18,AST-3008,Belt Conveyor,CHN-02,0,balanced,1,0.7335146225113915
2024-10-18,AST-3019,Belt Conveyor,CHN-02,0,balanced,0,0.3291604257969377
2024-10-18,AST-4055,Screw Compressor,DHR-03,1,balanced,0,0.48915628377041276
2024-10-18,AST-4061,Screw Compressor,DHR-03,1,balanced,1,0.530010633567964
2024-10-18,AST-5003,EOT Crane,DHR-03,0,balanced,1,0.5822105152670214
2024-10-18,AST-5007,EOT Crane,PUN-01,0,balanced,0,0.43463419248988105
2024-10-19,AST-1041,CNC Lathe,PUN-01,0,balanced,0,0.010966864645676842
2024-10-19,AST-1042,CNC Lathe,PUN-01,0,balanced,0,0.00958480942283331
2024-10-19,AST-2017,Hydraulic Press,PUN-01,0,balanced,1,0.6370697619019935
2024-10-19,AST-2031,Hydraulic Press,CHN-02,0,balanced,0,0.01913455198223535
2024-10-19,AST-3008,Belt Conveyor,CHN-02,0,balanced,0,0.03363665845345413
2024-10-19,AST-3019,Belt Conveyor,CHN-02,0,balanced,0,0.07092107236575744
2024-10-19,AST-4055,Screw Compressor,DHR-03,0,balanced,0,0.010662281792999462
2024-10-19,AST-4061,Screw Compressor,DHR-03,0,balanced,0,0.009551393622234122
2024-10-19,AST-5003,EOT Crane,DHR-03,0,balanced,0,0.15424244024377123
2024-10-19,AST-5007,EOT Crane,PUN-01,0,balanced,0,0.014258781968492285
2024-10-20,AST-1041,CNC Lathe,PUN-01,0,balanced,0,0.008054648652285534
2024-10-20,AST-1042,CNC Lathe,PUN-01,0,balanced,0,0.08818598735455045
2024-10-20,AST-2017,Hydraulic Press,PUN-01,0,balanced,0,0.0840120498803771
2024-10-20,AST-2031,Hydraulic Press,CHN-02,0,balanced,0,0.13459984826908625
2024-10-20,AST-3008,Belt Conveyor,CHN-02,0,balanced,0,0.02512572333423829
2024-10-20,AST-3019,Belt Conveyor,CHN-02,0,balanced,0,0.03811106692958433
2024-10-20,AST-4055,Screw Compressor,DHR-03,0,balanced,0,0.031213577204519626
2024-10-20,AST-4061,Screw Compressor,DHR-03,0,balanced,0,0.023665938122982046
2024-10-20,AST-5003,EOT Crane,DHR-03,0,balanced,0,0.03277195819962679
2024-10-20,AST-5007,EOT Crane,PUN-01,0,balanced,0,0.02980010183780699
2024-10-21,AST-1041,CNC Lathe,PUN-01,0,balanced,1,0.6636236065704381
2024-10-21,AST-1042,CNC Lathe,PUN-01,0,balanced,0,0.4181641771183894
2024-10-21,AST-2017,Hydraulic Press,PUN-01,0,balanced,1,0.6804197864378337
2024-10-21,AST-2031,Hydraulic Press,CHN-02,0,balanced,1,0.6662230459337585
2024-10-21,AST-3008,Belt Conveyor,CHN-02,0,balanced,1,0.5731440318776447
2024-10-21,AST-3019,Belt Conveyor,CHN-02,0,balanced,0,0.36614900357178276
2024-10-21,AST-4055,Screw Compressor,DHR-03,0,balanced,1,0.6567407228619333
2024-10-21,AST-4061,Screw Compressor,DHR-03,0,balanced,0,0.3925606232015486
2024-10-21,AST-5003,EOT Crane,DHR-03,0,balanced,1,0.6709151694056562
2024-10-21,AST-5007,EOT Crane,PUN-01,0,balanced,0,0.38901458986636867
2024-10-22,AST-1041,CNC Lathe,PUN-01,0,balanced,1,0.6817881762024113
2024-10-22,AST-1042,CNC Lathe,PUN-01,0,balanced,1,0.5940332603862767
2024-10-22,AST-2017,Hydraulic Press,PUN-01,0,balanced,1,0.6143944358356271
2024-10-22,AST-2031,Hydraulic Press,CHN-02,0,balanced,1,0.675445064881874
2024-10-22,AST-3008,Belt Conveyor,CHN-02,0,balanced,1,0.7263167247811387
2024-10-22,AST-3019,Belt Conveyor,CHN-02,0,balanced,0,0.3218606862536387
2024-10-22,AST-4055,Screw Compressor,DHR-03,0,balanced,1,0.5175404649502547
2024-10-22,AST-4061,Screw Compressor,DHR-03,0,balanced,1,0.6671412991782418
2024-10-22,AST-5003,EOT Crane,DHR-03,0,balanced,1,0.7146546822492219
2024-10-22,AST-5007,EOT Crane,PUN-01,0,balanced,1,0.500056768178438
2024-10-23,AST-1041,CNC Lathe,PUN-01,0,balanced,1,0.6263665102026583
2024-10-23,AST-1042,CNC Lathe,PUN-01,0,balanced,1,0.6816784296341281
2024-10-23,AST-2017,Hydraulic Press,PUN-01,0,balanced,1,0.8041874944603731
2024-10-23,AST-2031,Hydraulic Press,CHN-02,0,balanced,1,0.7121875611244888
2024-10-23,AST-3008,Belt Conveyor,CHN-02,1,balanced,1,0.5034630195583559
2024-10-23,AST-3019,Belt Conveyor,CHN-02,0,balanced,1,0.5142006611879131
2024-10-23,AST-4055,Screw Compressor,DHR-03,0,balanced,1,0.6096494903390706
2024-10-23,AST-4061,Screw Compressor,DHR-03,1,balanced,1,0.5575894629158801
2024-10-23,AST-5003,EOT Crane,DHR-03,0,balanced,1,0.7364656994016688
2024-10-23,AST-5007,EOT Crane,PUN-01,0,balanced,0,0.4838958036226535
2024-10-24,AST-1041,CNC Lathe,PUN-01,1,balanced,1,0.7635492839440895
2024-10-24,AST-1042,CNC Lathe,PUN-01,0,balanced,1,0.6796163105213582
2024-10-24,AST-2017,Hydraulic Press,PUN-01,1,balanced,1,0.6448865854857296
2024-10-24,AST-2031,Hydraulic Press,CHN-02,0,balanced,1,0.7416095756931211
2024-10-24,AST-3008,Belt Conveyor,CHN-02,0,balanced,1,0.5651431397208271
2024-10-24,AST-3019,Belt Conveyor,CHN-02,0,balanced,0,0.47980123669214725
2024-10-24,AST-4055,Screw Compressor,DHR-03,0,balanced,1,0.523820823092672
2024-10-24,AST-4061,Screw Compressor,DHR-03,0,balanced,1,0.7047287678118662
2024-10-24,AST-5003,EOT Crane,DHR-03,0,balanced,1,0.6806730232402252
2024-10-24,AST-5007,EOT Crane,PUN-01,0,balanced,0,0.43672693519920586
2024-10-25,AST-1041,CNC Lathe,PUN-01,0,balanced,1,0.6150473565720623
2024-10-25,AST-1042,CNC Lathe,PUN-01,0,balanced,0,0.4831559386486454
2024-10-25,AST-2017,Hydraulic Press,PUN-01,0,balanced,1,0.7525551951600055
2024-10-25,AST-2031,Hydraulic Press,CHN-02,0,balanced,1,0.6976444174178503
2024-10-25,AST-3008,Belt Conveyor,CHN-02,0,balanced,1,0.6176130366667819
2024-10-25,AST-3019,Belt Conveyor,CHN-02,1,balanced,1,0.5354575681010428
2024-10-25,AST-4055,Screw Compressor,DHR-03,0,balanced,1,0.721691030825906
2024-10-25,AST-4061,Screw Compressor,DHR-03,0,balanced,1,0.5472923449273985
2024-10-25,AST-5003,EOT Crane,DHR-03,1,balanced,1,0.6854992615948277
2024-10-25,AST-5007,EOT Crane,PUN-01,1,balanced,0,0.4788202608948675
2024-10-26,AST-1041,CNC Lathe,PUN-01,0,balanced,0,0.0025051924672375467
2024-10-26,AST-1042,CNC Lathe,PUN-01,0,balanced,0,0.050865522444292294
2024-10-26,AST-2017,Hydraulic Press,PUN-01,0,balanced,0,0.13016425042388052
2024-10-26,AST-2031,Hydraulic Press,CHN-02,0,balanced,0,0.0064044060395202366
2024-10-26,AST-3008,Belt Conveyor,CHN-02,0,balanced,0,0.02157192702656106
2024-10-26,AST-3019,Belt Conveyor,CHN-02,0,balanced,0,0.010331573237812018
2024-10-26,AST-4055,Screw Compressor,DHR-03,0,balanced,0,0.013914276793652213
2024-10-26,AST-4061,Screw Compressor,DHR-03,0,balanced,0,0.0012062204296744775
2024-10-26,AST-5003,EOT Crane,DHR-03,0,balanced,0,0.019808353866069543
2024-10-26,AST-5007,EOT Crane,PUN-01,0,balanced,0,0.0469324674700939
2024-10-27,AST-1041,CNC Lathe,PUN-01,0,balanced,0,0.028202364789100095
2024-10-27,AST-1042,CNC Lathe,PUN-01,0,balanced,0,0.038825388186090784
2024-10-27,AST-2017,Hydraulic Press,PUN-01,0,balanced,0,0.08034377383362944
2024-10-27,AST-2031,Hydraulic Press,CHN-02,0,balanced,0,0.2516002506371323
2024-10-27,AST-3008,Belt Conveyor,CHN-02,0,balanced,0,0.013616068733124655
2024-10-27,AST-3019,Belt Conveyor,CHN-02,0,balanced,0,0.026603608051242754
2024-10-27,AST-4055,Screw Compressor,DHR-03,0,balanced,0,0.005550551438379608
2024-10-27,AST-4061,Screw Compressor,DHR-03,0,balanced,0,0.014288226329400003
2024-10-27,AST-5003,EOT Crane,DHR-03,0,balanced,1,0.5843397702925931
2024-10-27,AST-5007,EOT Crane,PUN-01,0,balanced,0,0.09721438340603107
2024-10-28,AST-1041,CNC Lathe,PUN-01,0,balanced,1,0.5034693599972822
2024-10-28,AST-1042,CNC Lathe,PUN-01,0,balanced,1,0.6343880527490043
2024-10-28,AST-2017,Hydraulic Press,PUN-01,0,balanced,0,0.49958045238181603
2024-10-28,AST-2031,Hydraulic Press,CHN-02,0,balanced,1,0.748314259991081
2024-10-28,AST-3008,Belt Conveyor,CHN-02,0,balanced,1,0.585658782256327
2024-10-28,AST-3019,Belt Conveyor,CHN-02,0,balanced,0,0.44586118558993476
2024-10-28,AST-4055,Screw Compressor,DHR-03,0,balanced,1,0.6233020790590066
2024-10-28,AST-4061,Screw Compressor,DHR-03,0,balanced,0,0.4368663301836589
2024-10-28,AST-5003,EOT Crane,DHR-03,1,balanced,1,0.5400409154593239
2024-10-28,AST-5007,EOT Crane,PUN-01,0,balanced,0,0.41230218384212775
2024-10-29,AST-1041,CNC Lathe,PUN-01,0,balanced,1,0.7032639592457263
2024-10-29,AST-1042,CNC Lathe,PUN-01,0,balanced,1,0.5734194724204837
2024-10-29,AST-2017,Hydraulic Press,PUN-01,0,balanced,1,0.8262225207754309
2024-10-29,AST-2031,Hydraulic Press,CHN-02,0,balanced,1,0.6067502701416776
2024-10-29,AST-3008,Belt Conveyor,CHN-02,0,balanced,1,0.6436238207600644
2024-10-29,AST-3019,Belt Conveyor,CHN-02,0,balanced,1,0.523036752226208
2024-10-29,AST-4055,Screw Compressor,DHR-03,0,balanced,1,0.764858628078774
2024-10-29,AST-4061,Screw Compressor,DHR-03,0,balanced,1,0.5517618730153258
2024-10-29,AST-5003,EOT Crane,DHR-03,0,balanced,1,0.6427461958347344
2024-10-29,AST-5007,EOT Crane,PUN-01,0,balanced,0,0.4425737432515116
2024-10-30,AST-1041,CNC Lathe,PUN-01,0,balanced,1,0.6964263659590068
2024-10-30,AST-1042,CNC Lathe,PUN-01,0,balanced,1,0.5526876462566813
2024-10-30,AST-2017,Hydraulic Press,PUN-01,0,balanced,1,0.5154092414993743
2024-10-30,AST-2031,Hydraulic Press,CHN-02,0,balanced,1,0.6522670727059316
2024-10-30,AST-3008,Belt Conveyor,CHN-02,0,balanced,1,0.7059922923795348
2024-10-30,AST-3019,Belt Conveyor,CHN-02,0,balanced,0,0.4851993543822047
2024-10-30,AST-4055,Screw Compressor,DHR-03,0,balanced,1,0.7181548105427334
2024-10-30,AST-4061,Screw Compressor,DHR-03,0,balanced,1,0.5741937834972184
2024-10-30,AST-5003,EOT Crane,DHR-03,0,balanced,1,0.7390230072540235
2024-10-30,AST-5007,EOT Crane,PUN-01,0,balanced,0,0.4493742986008135
2024-10-31,AST-1041,CNC Lathe,PUN-01,1,balanced,1,0.5168609117196542
2024-10-31,AST-1042,CNC Lathe,PUN-01,0,balanced,0,0.3727218753500096
2024-10-31,AST-2017,Hydraulic Press,PUN-01,0,balanced,1,0.6552017159001318
2024-10-31,AST-2031,Hydraulic Press,CHN-02,0,balanced,1,0.7104357419392788
2024-10-31,AST-3008,Belt Conveyor,CHN-02,0,balanced,1,0.5753678133742909
2024-10-31,AST-3019,Belt Conveyor,CHN-02,0,balanced,1,0.5053704383493909
2024-10-31,AST-4055,Screw Compressor,DHR-03,0,balanced,1,0.6589031625983954
2024-10-31,AST-4061,Screw Compressor,DHR-03,0,balanced,1,0.5923625662908018
2024-10-31,AST-5003,EOT Crane,DHR-03,0,balanced,1,0.5503474032109327
2024-10-31,AST-5007,EOT Crane,PUN-01,0,balanced,0,0.49365328690587773
2024-11-01,AST-1041,CNC Lathe,PUN-01,0,balanced,1,0.5682000609753419
2024-11-01,AST-1042,CNC Lathe,PUN-01,0,balanced,0,0.4842087724666088
2024-11-01,AST-2017,Hydraulic Press,PUN-01,0,balanced,1,0.7332098714822833
2024-11-01,AST-2031,Hydraulic Press,CHN-02,0,balanced,1,0.667268001957893
2024-11-01,AST-3008,Belt Conveyor,CHN-02,0,balanced,1,0.6639832325809059
2024-11-01,AST-3019,Belt Conveyor,CHN-02,0,balanced,0,0.3229470059851489
2024-11-01,AST-4055,Screw Compressor,DHR-03,0,balanced,1,0.6986773420741593
2024-11-01,AST-4061,Screw Compressor,DHR-03,0,balanced,0,0.32311597520883034
2024-11-01,AST-5003,EOT Crane,DHR-03,0,balanced,1,0.7436654603075914
2024-11-01,AST-5007,EOT Crane,PUN-01,1,balanced,0,0.43142754059172916
2024-11-02,AST-1041,CNC Lathe,PUN-01,0,balanced,0,0.018623195935458747
2024-11-02,AST-1042,CNC Lathe,PUN-01,0,balanced,0,0.11216975338551181
2024-11-02,AST-2017,Hydraulic Press,PUN-01,0,balanced,0,0.13388965508729606
2024-11-02,AST-2031,Hydraulic Press,CHN-02,0,balanced,0,0.06428769120355456
2024-11-02,AST-3008,Belt Conveyor,CHN-02,0,balanced,0,0.0016250511688737353
2024-11-02,AST-3019,Belt Conveyor,CHN-02,0,balanced,0,0.02299319762131865
2024-11-02,AST-4055,Screw Compressor,DHR-03,0,balanced,0,0.00815110433480719
2024-11-02,AST-4061,Screw Compressor,DHR-03,0,balanced,0,0.0080871251909285
2024-11-02,AST-5003,EOT Crane,DHR-03,0,balanced,0,0.05855197364933757
2024-11-02,AST-5007,EOT Crane,PUN-01,0,balanced,0,0.015208704158974285
2024-11-03,AST-1041,CNC Lathe,PUN-01,0,balanced,0,0.023866242912559815
2024-11-03,AST-1042,CNC Lathe,PUN-01,0,balanced,0,0.00251543266958299
2024-11-03,AST-2017,Hydraulic Press,PUN-01,0,balanced,0,0.052571021554914804
2024-11-03,AST-2031,Hydraulic Press,CHN-02,0,balanced,0,0.04797608671567598
2024-11-03,AST-3008,Belt Conveyor,CHN-02,0,balanced,0,0.019864382761819527
2024-11-03,AST-3019,Belt Conveyor,CHN-02,0,balanced,0,0.009618274871132928
2024-11-03,AST-4055,Screw Compressor,DHR-03,0,balanced,0,0.0049985825427219365
2024-11-03,AST-4061,Screw Compressor,DHR-03,0,balanced,0,0.0006167703410101123
2024-11-03,AST-5003,EOT Crane,DHR-03,0,balanced,1,0.6322390928430109
2024-11-03,AST-5007,EOT Crane,PUN-01,0,balanced,0,0.014526641910067818
2024-11-04,AST-1041,CNC Lathe,PUN-01,0,balanced,1,0.5793618532196257
2024-11-04,AST-1042,CNC Lathe,PUN-01,0,balanced,0,0.28524317739627714
2024-11-04,AST-2017,Hydraulic Press,PUN-01,0,balanced,1,0.7093278776441342
2024-11-04,AST-2031,Hydraulic Press,CHN-02,0,balanced,0,0.49800393942916665
2024-11-04,AST-3008,Belt Conveyor,CHN-02,0,balanced,1,0.6419211347724101
2024-11-04,AST-3019,Belt Conveyor,CHN-02,0,balanced,0,0.48625780266898294
2024-11-04,AST-4055,Screw Compressor,DHR-03,0,balanced,1,0.7167429301429622
2024-11-04,AST-4061,Screw Compressor,DHR-03,0,balanced,1,0.5456037266359837
2024-11-04,AST-5003,EOT Crane,DHR-03,0,balanced,1,0.6622260974043271
2024-11-04,AST-5007,EOT Crane,PUN-01,0,balanced,1,0.5294317359967948
2024-11-05,AST-1041,CNC Lathe,PUN-01,0,balanced,1,0.5898453735565106
2024-11-05,AST-1042,CNC Lathe,PUN-01,0,balanced,0,0.4630539291820157
2024-11-05,AST-2017,Hydraulic Press,PUN-01,0,balanced,1,0.6703810450849732
2024-11-05,AST-2031,Hydraulic Press,CHN-02,1,balanced,1,0.5157454227017889
2024-11-05,AST-3008,Belt Conveyor,CHN-02,1,balanced,0,0.38505554958339433
2024-11-05,AST-3019,Belt Conveyor,CHN-02,1,balanced,0,0.4687321390496417
2024-11-05,AST-4055,Screw Compressor,DHR-03,0,balanced,1,0.59390058751056
2024-11-05,AST-4061,Screw Compressor,DHR-03,0,balanced,1,0.5894404017092706
2024-11-05,AST-5003,EOT Crane,DHR-03,0,balanced,1,0.7131454812528718
2024-11-05,AST-5007,EOT Crane,PUN-01,0,balanced,1,0.5649529171326751
2024-11-06,AST-1041,CNC Lathe,PUN-01,0,balanced,1,0.5665911075706755
2024-11-06,AST-1042,CNC Lathe,PUN-01,0,balanced,1,0.5239581858273732
2024-11-06,AST-2017,Hydraulic Press,PUN-01,0,balanced,1,0.6091992385604036
2024-11-06,AST-2031,Hydraulic Press,CHN-02,0,balanced,1,0.5919226719365238
2024-11-06,AST-3008,Belt Conveyor,CHN-02,0,balanced,1,0.5886465657450424
2024-11-06,AST-3019,Belt Conveyor,CHN-02,0,balanced,0,0.4557748595522768
2024-11-06,AST-4055,Screw Compressor,DHR-03,0,balanced,1,0.5569876088016139
2024-11-06,AST-4061,Screw Compressor,DHR-03,0,balanced,1,0.6215389667182691
2024-11-06,AST-5003,EOT Crane,DHR-03,0,balanced,1,0.6963168446782781
2024-11-06,AST-5007,EOT Crane,PUN-01,0,balanced,1,0.5717716802612391
2024-11-07,AST-1041,CNC Lathe,PUN-01,0,balanced,1,0.5253066008290419
2024-11-07,AST-1042,CNC Lathe,PUN-01,0,balanced,1,0.6173075763593301
2024-11-07,AST-2017,Hydraulic Press,PUN-01,1,balanced,1,0.6478755497090598
2024-11-07,AST-2031,Hydraulic Press,CHN-02,0,balanced,1,0.6724562100092815
2024-11-07,AST-3008,Belt Conveyor,CHN-02,0,balanced,1,0.6012616518611484
2024-11-07,AST-3019,Belt Conveyor,CHN-02,0,balanced,0,0.47246139086815875
2024-11-07,AST-4055,Screw Compressor,DHR-03,0,balanced,1,0.6043123825977129
2024-11-07,AST-4061,Screw Compressor,DHR-03,0,balanced,1,0.7835313544677069
2024-11-07,AST-5003,EOT Crane,DHR-03,0,balanced,1,0.6927731380147976
2024-11-07,AST-5007,EOT Crane,PUN-01,0,balanced,1,0.6394243829657079
2024-11-08,AST-1041,CNC Lathe,PUN-01,0,balanced,1,0.5862303465938491
2024-11-08,AST-1042,CNC Lathe,PUN-01,0,balanced,1,0.6008954209013586
2024-11-08,AST-2017,Hydraulic Press,PUN-01,0,balanced,1,0.5511328766504376
2024-11-08,AST-2031,Hydraulic Press,CHN-02,0,balanced,1,0.7508324036810099
2024-11-08,AST-3008,Belt Conveyor,CHN-02,0,balanced,0,0.36573934657936
2024-11-08,AST-3019,Belt Conveyor,CHN-02,0,balanced,1,0.5134611325876695
2024-11-08,AST-4055,Screw Compressor,DHR-03,0,balanced,1,0.7644985306536358
2024-11-08,AST-4061,Screw Compressor,DHR-03,0,balanced,0,0.4417412065588641
2024-11-08,AST-5003,EOT Crane,DHR-03,0,balanced,1,0.6975468747129464
2024-11-08,AST-5007,EOT Crane,PUN-01,0,balanced,0,0.3079365264400751
2024-11-09,AST-1041,CNC Lathe,PUN-01,0,balanced,0,0.01806740319950394
2024-11-09,AST-1042,CNC Lathe,PUN-01,0,balanced,0,0.0053958716660859
2024-11-09,AST-2017,Hydraulic Press,PUN-01,0,balanced,0,0.03002567916045612
2024-11-09,AST-2031,Hydraulic Press,CHN-02,0,balanced,0,0.051652111104050394
2024-11-09,AST-3008,Belt Conveyor,CHN-02,0,balanced,0,0.0807135735442518
2024-11-09,AST-3019,Belt Conveyor,CHN-02,0,balanced,0,0.007294990677257677
2024-11-09,AST-4055,Screw Compressor,DHR-03,0,balanced,0,0.009712364303981301
2024-11-09,AST-4061,Screw Compressor,DHR-03,0,balanced,0,0.03570631656033003
2024-11-09,AST-5003,EOT Crane,DHR-03,0,balanced,0,0.00951087812642249
2024-11-09,AST-5007,EOT Crane,PUN-01,0,balanced,0,0.019561273972069887
2024-11-10,AST-1041,CNC Lathe,PUN-01,0,balanced,0,0.010029736590330678
2024-11-10,AST-1042,CNC Lathe,PUN-01,0,balanced,0,0.15078477486858574
2024-11-10,AST-2017,Hydraulic Press,PUN-01,0,balanced,0,0.01495891756056261
2024-11-10,AST-2031,Hydraulic Press,CHN-02,0,balanced,0,0.11237078828711196
2024-11-10,AST-3008,Belt Conveyor,CHN-02,0,balanced,0,0.013014404224909897
2024-11-10,AST-3019,Belt Conveyor,CHN-02,0,balanced,0,0.03383804871614184
2024-11-10,AST-4055,Screw Compressor,DHR-03,0,balanced,0,0.004468516528660246
2024-11-10,AST-4061,Screw Compressor,DHR-03,0,balanced,0,0.013601220026828712
2024-11-10,AST-5003,EOT Crane,DHR-03,0,balanced,0,0.18672829655965864
2024-11-10,AST-5007,EOT Crane,PUN-01,0,balanced,0,0.20230317127372954
2024-11-11,AST-1041,CNC Lathe,PUN-01,1,balanced,0,0.49568507345995844
2024-11-11,AST-1042,CNC Lathe,PUN-01,0,balanced,0,0.4461808076126434
2024-11-11,AST-2017,Hydraulic Press,PUN-01,0,balanced,1,0.693577204353625
2024-11-11,AST-2031,Hydraulic Press,CHN-02,0,balanced,1,0.6075554910469653
2024-11-11,AST-3008,Belt Conveyor,CHN-02,0,balanced,1,0.516087924747916
2024-11-11,AST-3019,Belt Conveyor,CHN-02,0,balanced,1,0.5641287089023429
2024-11-11,AST-4055,Screw Compressor,DHR-03,0,balanced,1,0.5813839620831904
2024-11-11,AST-4061,Screw Compressor,DHR-03,0,balanced,1,0.6354074147462867
2024-11-11,AST-5003,EOT Crane,DHR-03,0,balanced,1,0.6359336162681214
2024-11-11,AST-5007,EOT Crane,PUN-01,0,balanced,0,0.32478014572210917
2024-11-12,AST-1041,CNC Lathe,PUN-01,0,balanced,1,0.7769627212142451
2024-11-12,AST-1042,CNC Lathe,PUN-01,0,balanced,0,0.2787395155333148
2024-11-12,AST-2017,Hydraulic Press,PUN-01,0,balanced,1,0.6457046082995161
2024-11-12,AST-2031,Hydraulic Press,CHN-02,0,balanced,1,0.6761531913202781
2024-11-12,AST-3008,Belt Conveyor,CHN-02,0,balanced,1,0.6880167957427854
2024-11-12,AST-3019,Belt Conveyor,CHN-02,0,balanced,1,0.571842885198709
2024-11-12,AST-4055,Screw Compressor,DHR-03,0,balanced,1,0.6647050547580434
2024-11-12,AST-4061,Screw Compressor,DHR-03,0,balanced,1,0.6385281614916204
2024-11-12,AST-5003,EOT Crane,DHR-03,0,balanced,1,0.6475147678043394
2024-11-12,AST-5007,EOT Crane,PUN-01,0,balanced,1,0.7423549980786949
2024-11-13,AST-1041,CNC Lathe,PUN-01,0,balanced,0,0.48830533675504256
2024-11-13,AST-1042,CNC Lathe,PUN-01,0,balanced,0,0.4247718351834475
2024-11-13,AST-2017,Hydraulic Press,PUN-01,0,balanced,1,0.7483111296297847
2024-11-13,AST-2031,Hydraulic Press,CHN-02,0,balanced,1,0.5245544489982624
2024-11-13,AST-3008,Belt Conveyor,CHN-02,0,balanced,1,0.5558787068347533
2024-11-13,AST-3019,Belt Conveyor,CHN-02,0,balanced,1,0.7373807658942026
2024-11-13,AST-4055,Screw Compressor,DHR-03,0,balanced,1,0.671525559876052
2024-11-13,AST-4061,Screw Compressor,DHR-03,0,balanced,1,0.6262806089455007
2024-11-13,AST-5003,EOT Crane,DHR-03,0,balanced,1,0.7046919011459095
2024-11-13,AST-5007,EOT Crane,PUN-01,0,balanced,0,0.35605089216898883
2024-11-14,AST-1041,CNC Lathe,PUN-01,0,balanced,1,0.6972482725238338
2024-11-14,AST-1042,CNC Lathe,PUN-01,0,balanced,0,0.3501989189781495
2024-11-14,AST-2017,Hydraulic Press,PUN-01,0,balanced,1,0.7166931346443425
2024-11-14,AST-2031,Hydraulic Press,CHN-02,0,balanced,1,0.6385780527795855
2024-11-14,AST-3008,Belt Conveyor,CHN-02,0,balanced,1,0.5584434206053797
2024-11-14,AST-3019,Belt Conveyor,CHN-02,0,balanced,0,0.3687755629552744
2024-11-14,AST-4055,Screw Compressor,DHR-03,0,balanced,1,0.5846761162537147
2024-11-14,AST-4061,Screw Compressor,DHR-03,0,balanced,1,0.5980244099082319
2024-11-14,AST-5003,EOT Crane,DHR-03,0,balanced,1,0.7693930873243309
2024-11-14,AST-5007,EOT Crane,PUN-01,1,balanced,0,0.46754445360928437
2024-11-15,AST-1041,CNC Lathe,PUN-01,0,balanced,1,0.6218536040411264
2024-11-15,AST-1042,CNC Lathe,PUN-01,0,balanced,1,0.503763382116111
2024-11-15,AST-2017,Hydraulic Press,PUN-01,0,balanced,1,0.5864485240130444
2024-11-15,AST-2031,Hydraulic Press,CHN-02,0,balanced,1,0.5988419495762749
2024-11-15,AST-3008,Belt Conveyor,CHN-02,0,balanced,1,0.6217480748329228
2024-11-15,AST-3019,Belt Conveyor,CHN-02,0,balanced,0,0.4105113172496744
2024-11-15,AST-4055,Screw Compressor,DHR-03,0,balanced,1,0.605491408938166
2024-11-15,AST-4061,Screw Compressor,DHR-03,0,balanced,1,0.6282086341300174
2024-11-15,AST-5003,EOT Crane,DHR-03,0,balanced,1,0.5309205855763659
2024-11-15,AST-5007,EOT Crane,PUN-01,0,balanced,0,0.49453263962527594
2024-11-16,AST-1041,CNC Lathe,PUN-01,0,balanced,0,0.022683921809826535
2024-11-16,AST-1042,CNC Lathe,PUN-01,0,balanced,0,0.005535206106042965
2024-11-16,AST-2017,Hydraulic Press,PUN-01,0,balanced,0,0.20862622336200684
2024-11-16,AST-2031,Hydraulic Press,CHN-02,0,balanced,0,0.2512711609445516
2024-11-16,AST-3008,Belt Conveyor,CHN-02,0,balanced,0,0.015924040229806154
2024-11-16,AST-3019,Belt Conveyor,CHN-02,0,balanced,0,0.029192008364936184
2024-11-16,AST-4055,Screw Compressor,DHR-03,0,balanced,0,0.04935106947831119
2024-11-16,AST-4061,Screw Compressor,DHR-03,0,balanced,0,0.0019186373772116143
2024-11-16,AST-5003,EOT Crane,DHR-03,0,balanced,0,0.04192273952223833
2024-11-16,AST-5007,EOT Crane,PUN-01,0,balanced,0,0.040657776001151995
2024-11-17,AST-1041,CNC Lathe,PUN-01,0,balanced,0,0.0036417196849424694
2024-11-17,AST-1042,CNC Lathe,PUN-01,0,balanced,0,0.0019655848502767486
2024-11-17,AST-2017,Hydraulic Press,PUN-01,0,balanced,0,0.026160048361537406
2024-11-17,AST-2031,Hydraulic Press,CHN-02,0,balanced,0,0.017450152240542745
2024-11-17,AST-3008,Belt Conveyor,CHN-02,0,balanced,0,0.018203363866187868
2024-11-17,AST-3019,Belt Conveyor,CHN-02,0,balanced,0,0.029244282554921966
2024-11-17,AST-4055,Screw Compressor,DHR-03,0,balanced,0,0.003518572937384725
2024-11-17,AST-4061,Screw Compressor,DHR-03,0,balanced,0,0.0003718329748054265
2024-11-17,AST-5003,EOT Crane,DHR-03,0,balanced,0,0.05683825091171058
2024-11-17,AST-5007,EOT Crane,PUN-01,0,balanced,0,0.053961808663111885
2024-11-18,AST-1041,CNC Lathe,PUN-01,0,balanced,1,0.616150089386993
2024-11-18,AST-1042,CNC Lathe,PUN-01,0,balanced,0,0.42491502693858363
2024-11-18,AST-2017,Hydraulic Press,PUN-01,0,balanced,1,0.6102994336863563
2024-11-18,AST-2031,Hydraulic Press,CHN-02,0,balanced,1,0.6665180707008951
2024-11-18,AST-3008,Belt Conveyor,CHN-02,0,balanced,0,0.3357920733882985
2024-11-18,AST-3019,Belt Conveyor,CHN-02,0,balanced,0,0.35637147654655577
2024-11-18,AST-4055,Screw Compressor,DHR-03,0,balanced,1,0.6478386415429835
2024-11-18,AST-4061,Screw Compressor,DHR-03,0,balanced,0,0.4659441274594682
2024-11-18,AST-5003,EOT Crane,DHR-03,0,balanced,1,0.6846824977552385
2024-11-18,AST-5007,EOT Crane,PUN-01,0,balanced,0,0.4281396016814325
2024-11-19,AST-1041,CNC Lathe,PUN-01,0,balanced,1,0.6364839815237459
2024-11-19,AST-1042,CNC Lathe,PUN-01,0,balanced,1,0.5215711875918883
2024-11-19,AST-2017,Hydraulic Press,PUN-01,0,balanced,1,0.7386884811333907
2024-11-19,AST-2031,Hydraulic Press,CHN-02,0,balanced,1,0.6113556413284388
2024-11-19,AST-3008,Belt Conveyor,CHN-02,0,balanced,1,0.6516942960383642
2024-11-19,AST-3019,Belt Conveyor,CHN-02,0,balanced,0,0.37588324681098945
2024-11-19,AST-4055,Screw Compressor,DHR-03,0,balanced,1,0.6350310548172053
2024-11-19,AST-4061,Screw Compressor,DHR-03,0,balanced,1,0.6920169801549986
2024-11-19,AST-5003,EOT Crane,DHR-03,1,balanced,1,0.6864601486578918
2024-11-19,AST-5007,EOT Crane,PUN-01,0,balanced,1,0.5182833677780917
2024-11-20,AST-1041,CNC Lathe,PUN-01,1,balanced,1,0.6056217429021523
2024-11-20,AST-1042,CNC Lathe,PUN-01,0,balanced,1,0.5037679389571739
2024-11-20,AST-2017,Hydraulic Press,PUN-01,0,balanced,1,0.5101271319560022
2024-11-20,AST-2031,Hydraulic Press,CHN-02,1,balanced,1,0.683056134964233
2024-11-20,AST-3008,Belt Conveyor,CHN-02,0,balanced,1,0.668371758274472
2024-11-20,AST-3019,Belt Conveyor,CHN-02,0,balanced,0,0.48800892830976056
2024-11-20,AST-4055,Screw Compressor,DHR-03,0,balanced,1,0.6286345177745543
2024-11-20,AST-4061,Screw Compressor,DHR-03,0,balanced,1,0.5685949938279048
2024-11-20,AST-5003,EOT Crane,DHR-03,1,balanced,1,0.5468510445154118
2024-11-20,AST-5007,EOT Crane,PUN-01,0,balanced,0,0.48977954642408794
2024-11-21,AST-1041,CNC Lathe,PUN-01,0,balanced,1,0.6889272478809019
2024-11-21,AST-1042,CNC Lathe,PUN-01,0,balanced,0,0.4456358186114461
2024-11-21,AST-2017,Hydraulic Press,PUN-01,0,balanced,1,0.5454031315461154
2024-11-21,AST-2031,Hydraulic Press,CHN-02,1,balanced,1,0.6294852713193544
2024-11-21,AST-3008,Belt Conveyor,CHN-02,0,balanced,0,0.3537941677517274
2024-11-21,AST-3019,Belt Conveyor,CHN-02,0,balanced,1,0.5059490938578922
2024-11-21,AST-4055,Screw Compressor,DHR-03,1,balanced,1,0.6428822423303349
2024-11-21,AST-4061,Screw Compressor,DHR-03,0,balanced,0,0.39032989406195195
2024-11-21,AST-5003,EOT Crane,DHR-03,0,balanced,1,0.5732046979171554
2024-11-21,AST-5007,EOT Crane,PUN-01,0,balanced,0,0.49350802019238
2024-11-22,AST-1041,CNC Lathe,PUN-01,0,balanced,1,0.569351352496574
2024-11-22,AST-1042,CNC Lathe,PUN-01,0,balanced,1,0.656713138397416
2024-11-22,AST-2017,Hydraulic Press,PUN-01,0,balanced,1,0.7159263676578579
2024-11-22,AST-2031,Hydraulic Press,CHN-02,0,balanced,1,0.7211910029237699
2024-11-22,AST-3008,Belt Conveyor,CHN-02,0,balanced,1,0.5886418331639356
2024-11-22,AST-3019,Belt Conveyor,CHN-02,0,balanced,0,0.47016814230761794
2024-11-22,AST-4055,Screw Compressor,DHR-03,0,balanced,1,0.6977294230569153
2024-11-22,AST-4061,Screw Compressor,DHR-03,0,balanced,1,0.5315147418863033
2024-11-22,AST-5003,EOT Crane,DHR-03,0,balanced,1,0.703562624288661
2024-11-22,AST-5007,EOT Crane,PUN-01,0,balanced,0,0.19646556181495592
2024-11-23,AST-1041,CNC Lathe,PUN-01,0,balanced,0,0.059502259470441334
2024-11-23,AST-1042,CNC Lathe,PUN-01,0,balanced,0,0.05139889470631425
2024-11-23,AST-2017,Hydraulic Press,PUN-01,0,balanced,0,0.07681601035012722
2024-11-23,AST-2031,Hydraulic Press,CHN-02,0,balanced,0,0.018473593229651898
2024-11-23,AST-3008,Belt Conveyor,CHN-02,0,balanced,0,0.052266003437620855
2024-11-23,AST-3019,Belt Conveyor,CHN-02,0,balanced,0,0.008442978046422684
2024-11-23,AST-4055,Screw Compressor,DHR-03,0,balanced,0,0.012294590014239902
2024-11-23,AST-4061,Screw Compressor,DHR-03,0,balanced,0,0.004623087041752586
2024-11-23,AST-5003,EOT Crane,DHR-03,0,balanced,0,0.04440666058820422
2024-11-23,AST-5007,EOT Crane,PUN-01,0,balanced,0,0.035573214084640745
2024-11-24,AST-1041,CNC Lathe,PUN-01,0,balanced,0,0.005965329642384018
2024-11-24,AST-1042,CNC Lathe,PUN-01,0,balanced,0,0.028170900323864694
2024-11-24,AST-2017,Hydraulic Press,PUN-01,0,balanced,0,0.1790536133840106
2024-11-24,AST-2031,Hydraulic Press,CHN-02,0,balanced,0,0.15931838012433772
2024-11-24,AST-3008,Belt Conveyor,CHN-02,0,balanced,0,0.06979410653865614
2024-11-24,AST-3019,Belt Conveyor,CHN-02,0,balanced,0,0.03379841796611358
2024-11-24,AST-4055,Screw Compressor,DHR-03,0,balanced,0,0.0009543029742682917
2024-11-24,AST-4061,Screw Compressor,DHR-03,0,balanced,0,0.002608319573005056
2024-11-24,AST-5003,EOT Crane,DHR-03,0,balanced,0,0.03332456520553812
2024-11-24,AST-5007,EOT Crane,PUN-01,0,balanced,0,0.3187757905610805
2024-11-25,AST-1041,CNC Lathe,PUN-01,0,balanced,1,0.5292333571790551
2024-11-25,AST-1042,CNC Lathe,PUN-01,0,balanced,1,0.5192324037200173
2024-11-25,AST-2017,Hydraulic Press,PUN-01,0,balanced,1,0.5898010592350922
2024-11-25,AST-2031,Hydraulic Press,CHN-02,0,balanced,1,0.6932243323911016
2024-11-25,AST-3008,Belt Conveyor,CHN-02,0,balanced,1,0.653332999415294
2024-11-25,AST-3019,Belt Conveyor,CHN-02,0,balanced,0,0.4760123399237422
2024-11-25,AST-4055,Screw Compressor,DHR-03,0,balanced,1,0.7234719995439717
2024-11-25,AST-4061,Screw Compressor,DHR-03,0,balanced,0,0.2897433261229364
2024-11-25,AST-5003,EOT Crane,DHR-03,0,balanced,1,0.6618018932959122
2024-11-25,AST-5007,EOT Crane,PUN-01,0,balanced,0,0.30800505264297023
2024-11-26,AST-1041,CNC Lathe,PUN-01,0,balanced,1,0.6122402924459128
2024-11-26,AST-1042,CNC Lathe,PUN-01,0,balanced,1,0.5959393416281834
2024-11-26,AST-2017,Hydraulic Press,PUN-01,0,balanced,1,0.6911560054182844
2024-11-26,AST-2031,Hydraulic Press,CHN-02,0,balanced,1,0.7100928571165707
2024-11-26,AST-3008,Belt Conveyor,CHN-02,0,balanced,1,0.5229732412216088
2024-11-26,AST-3019,Belt Conveyor,CHN-02,1,balanced,1,0.5633734993944923
2024-11-26,AST-4055,Screw Compressor,DHR-03,0,balanced,1,0.6094244661095561
2024-11-26,AST-4061,Screw Compressor,DHR-03,0,balanced,1,0.6633801103954421
2024-11-26,AST-5003,EOT Crane,DHR-03,0,balanced,1,0.772403687647302
2024-11-26,AST-5007,EOT Crane,PUN-01,1,balanced,0,0.48810544393978367
2024-11-27,AST-1041,CNC Lathe,PUN-01,0,balanced,1,0.5288058628877107
2024-11-27,AST-1042,CNC Lathe,PUN-01,0,balanced,1,0.5322677658579582
2024-11-27,AST-2017,Hydraulic Press,PUN-01,1,balanced,1,0.7187941752631781
2024-11-27,AST-2031,Hydraulic Press,CHN-02,0,balanced,1,0.5060053260270372
2024-11-27,AST-3008,Belt Conveyor,CHN-02,0,balanced,1,0.6295284537433047
2024-11-27,AST-3019,Belt Conveyor,CHN-02,1,balanced,1,0.5290548877839688
2024-11-27,AST-4055,Screw Compressor,DHR-03,0,balanced,1,0.6566778077575574
2024-11-27,AST-4061,Screw Compressor,DHR-03,0,balanced,0,0.48275743224366346
2024-11-27,AST-5003,EOT Crane,DHR-03,0,balanced,1,0.6630197759940596
2024-11-27,AST-5007,EOT Crane,PUN-01,0,balanced,0,0.37437104832402646
2024-11-28,AST-1041,CNC Lathe,PUN-01,0,balanced,1,0.6178101913111934
2024-11-28,AST-1042,CNC Lathe,PUN-01,0,balanced,0,0.4057600275861098
2024-11-28,AST-2017,Hydraulic Press,PUN-01,1,balanced,1,0.6510088711360199
2024-11-28,AST-2031,Hydraulic Press,CHN-02,0,balanced,1,0.624478002364285
2024-11-28,AST-3008,Belt Conveyor,CHN-02,0,balanced,1,0.6094801017012296
2024-11-28,AST-3019,Belt Conveyor,CHN-02,1,balanced,1,0.5343816685474175
2024-11-28,AST-4055,Screw Compressor,DHR-03,0,balanced,1,0.5453047597023399
2024-11-28,AST-4061,Screw Compressor,DHR-03,0,balanced,1,0.6257056724912646
2024-11-28,AST-5003,EOT Crane,DHR-03,0,balanced,1,0.694376397993639
2024-11-28,AST-5007,EOT Crane,PUN-01,0,balanced,0,0.42046839720781093
2024-11-29,AST-1041,CNC Lathe,PUN-01,0,balanced,0,0.32488674037070264
2024-11-29,AST-1042,CNC Lathe,PUN-01,0,balanced,1,0.5422409525395604
2024-11-29,AST-2017,Hydraulic Press,PUN-01,0,balanced,1,0.5918267908203725
2024-11-29,AST-2031,Hydraulic Press,CHN-02,0,balanced,1,0.6729374630485849
2024-11-29,AST-3008,Belt Conveyor,CHN-02,0,balanced,1,0.6943280538950433
2024-11-29,AST-3019,Belt Conveyor,CHN-02,0,balanced,0,0.4741502856928804
2024-11-29,AST-4055,Screw Compressor,DHR-03,0,balanced,1,0.6439085412840927
2024-11-29,AST-4061,Screw Compressor,DHR-03,0,balanced,1,0.5939282542400783
2024-11-29,AST-5003,EOT Crane,DHR-03,0,balanced,1,0.6772998441412156
2024-11-29,AST-5007,EOT Crane,PUN-01,0,balanced,1,0.5080741327788073
2024-11-30,AST-1041,CNC Lathe,PUN-01,0,balanced,0,0.009600225729713146
2024-11-30,AST-1042,CNC Lathe,PUN-01,0,balanced,0,0.04058544556761692
2024-11-30,AST-2017,Hydraulic Press,PUN-01,0,balanced,0,0.05220824894213994
2024-11-30,AST-2031,Hydraulic Press,CHN-02,0,balanced,0,0.3555996239796696
2024-11-30,AST-3008,Belt Conveyor,CHN-02,0,balanced,0,0.006325162090961914
2024-11-30,AST-3019,Belt Conveyor,CHN-02,0,balanced,0,0.09600158953588248
2024-11-30,AST-4055,Screw Compressor,DHR-03,0,balanced,0,0.008139126108586858
2024-11-30,AST-4061,Screw Compressor,DHR-03,0,balanced,0,0.006041808660654091
2024-11-30,AST-5003,EOT Crane,DHR-03,0,balanced,0,0.1610797624826604
2024-11-30,AST-5007,EOT Crane,PUN-01,0,balanced,0,0.16577508196243373
2024-12-01,AST-1041,CNC Lathe,PUN-01,0,balanced,0,0.006448320633185036
2024-12-01,AST-1042,CNC Lathe,PUN-01,0,balanced,0,0.010575489781043184
2024-12-01,AST-2017,Hydraulic Press,PUN-01,0,balanced,0,0.08525974246744754
2024-12-01,AST-2031,Hydraulic Press,CHN-02,0,balanced,1,0.6861409086025804
2024-12-01,AST-3008,Belt Conveyor,CHN-02,0,balanced,0,0.0020922508983041233
2024-12-01,AST-3019,Belt Conveyor,CHN-02,0,balanced,0,0.00411211320388113
2024-12-01,AST-4055,Screw Compressor,DHR-03,0,balanced,0,0.0098596373192415
2024-12-01,AST-4061,Screw Compressor,DHR-03,0,balanced,0,0.00517395550496795
2024-12-01,AST-5003,EOT Crane,DHR-03,0,balanced,0,0.013922791283177732
2024-12-01,AST-5007,EOT Crane,PUN-01,0,balanced,0,0.38660397489581194
2024-12-02,AST-1041,CNC Lathe,PUN-01,0,balanced,1,0.6395752507401429
2024-12-02,AST-1042,CNC Lathe,PUN-01,0,balanced,0,0.4685822370490462
2024-12-02,AST-2017,Hydraulic Press,PUN-01,0,balanced,1,0.6409698631247973
2024-12-02,AST-2031,Hydraulic Press,CHN-02,0,balanced,1,0.6109272352661534
2024-12-02,AST-3008,Belt Conveyor,CHN-02,0,balanced,1,0.601388858346661
2024-12-02,AST-3019,Belt Conveyor,CHN-02,0,balanced,0,0.49102193838803615
2024-12-02,AST-4055,Screw Compressor,DHR-03,0,balanced,1,0.6739063143695527
2024-12-02,AST-4061,Screw Compressor,DHR-03,0,balanced,0,0.44068241837827216
2024-12-02,AST-5003,EOT Crane,DHR-03,0,balanced,1,0.648242996110121
2024-12-02,AST-5007,EOT Crane,PUN-01,0,balanced,0,0.42979762815223416
2024-12-03,AST-1041,CNC Lathe,PUN-01,0,balanced,1,0.5869214675558078
2024-12-03,AST-1042,CNC Lathe,PUN-01,0,balanced,0,0.45708009004811684
2024-12-03,AST-2017,Hydraulic Press,PUN-01,0,balanced,1,0.5838133335716407
2024-12-03,AST-2031,Hydraulic Press,CHN-02,0,balanced,1,0.5382812230834778
2024-12-03,AST-3008,Belt Conveyor,CHN-02,1,balanced,1,0.5519330767039694
2024-12-03,AST-3019,Belt Conveyor,CHN-02,0,balanced,1,0.5275238285335968
2024-12-03,AST-4055,Screw Compressor,DHR-03,0,balanced,1,0.6919172083942099
2024-12-03,AST-4061,Screw Compressor,DHR-03,0,balanced,1,0.5871507831353192
2024-12-03,AST-5003,EOT Crane,DHR-03,1,balanced,1,0.6580370522047818
2024-12-03,AST-5007,EOT Crane,PUN-01,0,balanced,0,0.3879462631131938
2024-12-04,AST-1041,CNC Lathe,PUN-01,0,balanced,1,0.6560905559426091
2024-12-04,AST-1042,CNC Lathe,PUN-01,0,balanced,0,0.4879066753187492
2024-12-04,AST-2017,Hydraulic Press,PUN-01,0,balanced,1,0.6264811700014694
2024-12-04,AST-2031,Hydraulic Press,CHN-02,0,balanced,1,0.710970778476356
2024-12-04,AST-3008,Belt Conveyor,CHN-02,0,balanced,1,0.6541222882133317
2024-12-04,AST-3019,Belt Conveyor,CHN-02,0,balanced,1,0.5419564881767315
2024-12-04,AST-4055,Screw Compressor,DHR-03,0,balanced,1,0.6903019909108135
2024-12-04,AST-4061,Screw Compressor,DHR-03,0,balanced,0,0.47969872945182085
2024-12-04,AST-5003,EOT Crane,DHR-03,0,balanced,1,0.7029689915545039
2024-12-04,AST-5007,EOT Crane,PUN-01,0,balanced,1,0.5692575715063227
2024-12-05,AST-1041,CNC Lathe,PUN-01,0,balanced,1,0.6257028470474325
2024-12-05,AST-1042,CNC Lathe,PUN-01,0,balanced,0,0.4468518189811274
2024-12-05,AST-2017,Hydraulic Press,PUN-01,0,balanced,1,0.6346479128952566
2024-12-05,AST-2031,Hydraulic Press,CHN-02,0,balanced,1,0.5633534124528317
2024-12-05,AST-3008,Belt Conveyor,CHN-02,0,balanced,1,0.6361279031736047
2024-12-05,AST-3019,Belt Conveyor,CHN-02,0,balanced,1,0.6245820174148301
2024-12-05,AST-4055,Screw Compressor,DHR-03,0,balanced,1,0.7455167406383922
2024-12-05,AST-4061,Screw Compressor,DHR-03,0,balanced,1,0.5388410318320533
2024-12-05,AST-5003,EOT Crane,DHR-03,0,balanced,1,0.7322343376880993
2024-12-05,AST-5007,EOT Crane,PUN-01,0,balanced,1,0.5690066064736837
2024-12-06,AST-1041,CNC Lathe,PUN-01,0,balanced,1,0.569016653447095
2024-12-06,AST-1042,CNC Lathe,PUN-01,0,balanced,0,0.3936752541994898
2024-12-06,AST-2017,Hydraulic Press,PUN-01,0,balanced,1,0.6547090395421571
2024-12-06,AST-2031,Hydraulic Press,CHN-02,0,balanced,1,0.776170332182309
2024-12-06,AST-3008,Belt Conveyor,CHN-02,1,balanced,0,0.44941749554829813
2024-12-06,AST-3019,Belt Conveyor,CHN-02,0,balanced,1,0.5225213095343281
2024-12-06,AST-4055,Screw Compressor,DHR-03,0,balanced,1,0.6782284539503866
2024-12-06,AST-4061,Screw Compressor,DHR-03,0,balanced,0,0.4844492856068437
2024-12-06,AST-5003,EOT Crane,DHR-03,0,balanced,1,0.7021196104648644
2024-12-06,AST-5007,EOT Crane,PUN-01,0,balanced,1,0.6086259370263999
2024-12-07,AST-1041,CNC Lathe,PUN-01,0,balanced,0,0.01914360253949549
2024-12-07,AST-1042,CNC Lathe,PUN-01,0,balanced,0,0.006046506611365007
2024-12-07,AST-2017,Hydraulic Press,PUN-01,0,balanced,0,0.08039570079641167
2024-12-07,AST-2031,Hydraulic Press,CHN-02,0,balanced,0,0.04307041701660198
2024-12-07,AST-3008,Belt Conveyor,CHN-02,0,balanced,0,0.02544396905519266
2024-12-07,AST-3019,Belt Conveyor,CHN-02,0,balanced,0,0.016825101683360717
2024-12-07,AST-4055,Screw Compressor,DHR-03,0,balanced,0,0.023217150798630945
2024-12-07,AST-4061,Screw Compressor,DHR-03,0,balanced,0,0.02575826485787662
2024-12-07,AST-5003,EOT Crane,DHR-03,0,balanced,0,0.12702005379391632
2024-12-07,AST-5007,EOT Crane,PUN-01,0,balanced,0,0.0069383614562666986
2024-12-08,AST-1041,CNC Lathe,PUN-01,0,balanced,0,0.013985000239910405
2024-12-08,AST-1042,CNC Lathe,PUN-01,0,balanced,0,0.022068152665092256
2024-12-08,AST-2017,Hydraulic Press,PUN-01,0,balanced,0,0.07291563240435689
2024-12-08,AST-2031,Hydraulic Press,CHN-02,0,balanced,0,0.013039244540110509
2024-12-08,AST-3008,Belt Conveyor,CHN-02,0,balanced,0,0.08522556002884246
2024-12-08,AST-3019,Belt Conveyor,CHN-02,0,balanced,0,0.007095383602410206
2024-12-08,AST-4055,Screw Compressor,DHR-03,0,balanced,0,0.003382028746946583
2024-12-08,AST-4061,Screw Compressor,DHR-03,0,balanced,0,0.002477052431614362
2024-12-08,AST-5003,EOT Crane,DHR-03,0,balanced,0,0.09545062157971901
2024-12-08,AST-5007,EOT Crane,PUN-01,0,balanced,0,0.027392303481056715
2024-12-09,AST-1041,CNC Lathe,PUN-01,0,balanced,0,0.44547302306420655
2024-12-09,AST-1042,CNC Lathe,PUN-01,1,balanced,1,0.5067096981846992
2024-12-09,AST-2017,Hydraulic Press,PUN-01,0,balanced,0,0.466744774012711
2024-12-09,AST-2031,Hydraulic Press,CHN-02,0,balanced,1,0.6930746539264888
2024-12-09,AST-3008,Belt Conveyor,CHN-02,0,balanced,1,0.6255358123643325
2024-12-09,AST-3019,Belt Conveyor,CHN-02,0,balanced,1,0.5888185418265023
2024-12-09,AST-4055,Screw Compressor,DHR-03,0,balanced,0,0.49691715716188417
2024-12-09,AST-4061,Screw Compressor,DHR-03,1,balanced,1,0.6011097940422302
2024-12-09,AST-5003,EOT Crane,DHR-03,1,balanced,1,0.6072157861173577
2024-12-09,AST-5007,EOT Crane,PUN-01,0,balanced,1,0.5046099786966135
2024-12-10,AST-1041,CNC Lathe,PUN-01,0,balanced,1,0.5871391349988448
2024-12-10,AST-1042,CNC Lathe,PUN-01,1,balanced,0,0.432707514153226
2024-12-10,AST-2017,Hydraulic Press,PUN-01,1,balanced,1,0.6811819676733923
2024-12-10,AST-2031,Hydraulic Press,CHN-02,0,balanced,1,0.7509584689287219
2024-12-10,AST-3008,Belt Conveyor,CHN-02,0,balanced,1,0.6293433471136527
2024-12-10,AST-3019,Belt Conveyor,CHN-02,0,balanced,1,0.6568235483900622
2024-12-10,AST-4055,Screw Compressor,DHR-03,1,balanced,1,0.6606178873694911
2024-12-10,AST-4061,Screw Compressor,DHR-03,0,balanced,1,0.7657376458014981
2024-12-10,AST-5003,EOT Crane,DHR-03,0,balanced,0,0.47083481251525966
2024-12-10,AST-5007,EOT Crane,PUN-01,0,balanced,1,0.5051268005787187
2024-12-11,AST-1041,CNC Lathe,PUN-01,0,balanced,1,0.5908025165066565
2024-12-11,AST-1042,CNC Lathe,PUN-01,0,balanced,0,0.3869925688752831
2024-12-11,AST-2017,Hydraulic Press,PUN-01,0,balanced,0,0.3930304885329354
2024-12-11,AST-2031,Hydraulic Press,CHN-02,1,balanced,1,0.6328785680521102
2024-12-11,AST-3008,Belt Conveyor,CHN-02,0,balanced,1,0.6234068792469228
2024-12-11,AST-3019,Belt Conveyor,CHN-02,0,balanced,0,0.4465301099604453
2024-12-11,AST-4055,Screw Compressor,DHR-03,0,balanced,1,0.6872530583625281
2024-12-11,AST-4061,Screw Compressor,DHR-03,0,balanced,1,0.6238400642058722
2024-12-11,AST-5003,EOT Crane,DHR-03,0,balanced,0,0.33081450946663904
2024-12-11,AST-5007,EOT Crane,PUN-01,0,balanced,1,0.5925226740115623
2024-12-12,AST-1041,CNC Lathe,PUN-01,0,balanced,1,0.5051792918883459
2024-12-12,AST-1042,CNC Lathe,PUN-01,1,balanced,0,0.4230544837800109
2024-12-12,AST-2017,Hydraulic Press,PUN-01,0,balanced,1,0.6504943718942332
2024-12-12,AST-2031,Hydraulic Press,CHN-02,0,balanced,1,0.6671871303426105
2024-12-12,AST-3008,Belt Conveyor,CHN-02,0,balanced,1,0.634749231912484
2024-12-12,AST-3019,Belt Conveyor,CHN-02,0,balanced,1,0.5289097237611509
2024-12-12,AST-4055,Screw Compressor,DHR-03,0,balanced,1,0.6791884195207041
2024-12-12,AST-4061,Screw Compressor,DHR-03,0,balanced,1,0.6431420546529585
2024-12-12,AST-5003,EOT Crane,DHR-03,1,balanced,1,0.6890739340928917
2024-12-12,AST-5007,EOT Crane,PUN-01,1,balanced,1,0.5904170959524101
2024-12-13,AST-1041,CNC Lathe,PUN-01,0,balanced,1,0.6559018350164506
2024-12-13,AST-1042,CNC Lathe,PUN-01,0,balanced,1,0.6236543037972031
2024-12-13,AST-2017,Hydraulic Press,PUN-01,1,balanced,1,0.5463846306052704
2024-12-13,AST-2031,Hydraulic Press,CHN-02,0,balanced,1,0.6439378075167032
2024-12-13,AST-3008,Belt Conveyor,CHN-02,0,balanced,1,0.655976644193549
2024-12-13,AST-3019,Belt Conveyor,CHN-02,1,balanced,1,0.6034086287449607
2024-12-13,AST-4055,Screw Compressor,DHR-03,1,balanced,1,0.758683296378475
2024-12-13,AST-4061,Screw Compressor,DHR-03,0,balanced,1,0.6000922557529877
2024-12-13,AST-5003,EOT Crane,DHR-03,1,balanced,1,0.6469318723609075
2024-12-13,AST-5007,EOT Crane,PUN-01,0,balanced,0,0.4958238331732498
2024-12-14,AST-1041,CNC Lathe,PUN-01,0,balanced,0,0.008147733914078453
2024-12-14,AST-1042,CNC Lathe,PUN-01,0,balanced,0,0.01048226099187862
2024-12-14,AST-2017,Hydraulic Press,PUN-01,0,balanced,0,0.19730328308175768
2024-12-14,AST-2031,Hydraulic Press,CHN-02,0,balanced,0,0.04962196877267282
2024-12-14,AST-3008,Belt Conveyor,CHN-02,0,balanced,0,0.04250695662490509
2024-12-14,AST-3019,Belt Conveyor,CHN-02,0,balanced,0,0.01457117481536749
2024-12-14,AST-4055,Screw Compressor,DHR-03,0,balanced,0,0.0034811819678824
2024-12-14,AST-4061,Screw Compressor,DHR-03,0,balanced,0,0.008470338898648889
2024-12-14,AST-5003,EOT Crane,DHR-03,0,balanced,1,0.7470810413039769
2024-12-14,AST-5007,EOT Crane,PUN-01,0,balanced,0,0.007715495931375812
2024-12-15,AST-1041,CNC Lathe,PUN-01,0,balanced,0,0.043399638290073095
2024-12-15,AST-1042,CNC Lathe,PUN-01,0,balanced,0,0.033975318784023954
2024-12-15,AST-2017,Hydraulic Press,PUN-01,0,balanced,0,0.07997662557238673
2024-12-15,AST-2031,Hydraulic Press,CHN-02,0,balanced,0,0.11670793939707735
2024-12-15,AST-3008,Belt Conveyor,CHN-02,0,balanced,0,0.014179400726321916
2024-12-15,AST-3019,Belt Conveyor,CHN-02,0,balanced,0,0.015262439396412367
2024-12-15,AST-4055,Screw Compressor,DHR-03,0,balanced,0,0.011664063650355452
2024-12-15,AST-4061,Screw Compressor,DHR-03,0,balanced,0,0.00767792992123835
2024-12-15,AST-5003,EOT Crane,DHR-03,0,balanced,0,0.2530525661809218
2024-12-15,AST-5007,EOT Crane,PUN-01,0,balanced,0,0.1660803300496711
2024-12-16,AST-1041,CNC Lathe,PUN-01,0,balanced,0,0.287264071090596
2024-12-16,AST-1042,CNC Lathe,PUN-01,0,balanced,0,0.3150195626157267
2024-12-16,AST-2017,Hydraulic Press,PUN-01,0,balanced,1,0.627807688056823
2024-12-16,AST-2031,Hydraulic Press,CHN-02,0,balanced,1,0.6489485813563873
2024-12-16,AST-3008,Belt Conveyor,CHN-02,0,balanced,1,0.5938747274917232
2024-12-16,AST-3019,Belt Conveyor,CHN-02,0,balanced,1,0.5261180261048043
2024-12-16,AST-4055,Screw Compressor,DHR-03,0,balanced,1,0.6470272344365083
2024-12-16,AST-4061,Screw Compressor,DHR-03,0,balanced,1,0.5417249695751701
2024-12-16,AST-5003,EOT Crane,DHR-03,0,balanced,0,0.470721276056739
2024-12-16,AST-5007,EOT Crane,PUN-01,0,balanced,0,0.48378337152916984
2024-12-17,AST-1041,CNC Lathe,PUN-01,0,balanced,1,0.615601777455491
2024-12-17,AST-1042,CNC Lathe,PUN-01,0,balanced,1,0.5381560693665299
2024-12-17,AST-2017,Hydraulic Press,PUN-01,0,balanced,1,0.7524214328479475
2024-12-17,AST-2031,Hydraulic Press,CHN-02,0,balanced,1,0.5980165407034448
2024-12-17,AST-3008,Belt Conveyor,CHN-02,1,balanced,1,0.5911328077729024
2024-12-17,AST-3019,Belt Conveyor,CHN-02,0,balanced,1,0.5289216126151897
2024-12-17,AST-4055,Screw Compressor,DHR-03,0,balanced,1,0.74446573212243
2024-12-17,AST-4061,Screw Compressor,DHR-03,0,balanced,1,0.6303101478140178
2024-12-17,AST-5003,EOT Crane,DHR-03,0,balanced,1,0.5974143093182891
2024-12-17,AST-5007,EOT Crane,PUN-01,0,balanced,0,0.45707684511332186
2024-12-18,AST-1041,CNC Lathe,PUN-01,0,balanced,1,0.5758376413122767
2024-12-18,AST-1042,CNC Lathe,PUN-01,0,balanced,1,0.5426515014000781
2024-12-18,AST-2017,Hydraulic Press,PUN-01,0,balanced,0,0.4758482825534943
2024-12-18,AST-2031,Hydraulic Press,CHN-02,0,balanced,1,0.732649656641824
2024-12-18,AST-3008,Belt Conveyor,CHN-02,0,balanced,1,0.8277997702432882
2024-12-18,AST-3019,Belt Conveyor,CHN-02,1,balanced,1,0.5312625505153307
2024-12-18,AST-4055,Screw Compressor,DHR-03,0,balanced,1,0.7575134813792592
2024-12-18,AST-4061,Screw Compressor,DHR-03,0,balanced,1,0.5911456190017402
2024-12-18,AST-5003,EOT Crane,DHR-03,0,balanced,0,0.34208172584160507
2024-12-18,AST-5007,EOT Crane,PUN-01,0,balanced,0,0.4718037320242758
2024-12-19,AST-1041,CNC Lathe,PUN-01,0,balanced,1,0.6602720060173729
2024-12-19,AST-1042,CNC Lathe,PUN-01,0,balanced,1,0.5457051921989092
2024-12-19,AST-2017,Hydraulic Press,PUN-01,0,balanced,1,0.6988937869698768
2024-12-19,AST-2031,Hydraulic Press,CHN-02,0,balanced,1,0.7824417645895713
2024-12-19,AST-3008,Belt Conveyor,CHN-02,1,balanced,1,0.6765391727220555
2024-12-19,AST-3019,Belt Conveyor,CHN-02,0,balanced,0,0.3600219334316403
2024-12-19,AST-4055,Screw Compressor,DHR-03,0,balanced,1,0.7257894161883506
2024-12-19,AST-4061,Screw Compressor,DHR-03,0,balanced,1,0.606487955925747
2024-12-19,AST-5003,EOT Crane,DHR-03,0,balanced,1,0.7128610500520123
2024-12-19,AST-5007,EOT Crane,PUN-01,0,balanced,1,0.5043372245600672
2024-12-20,AST-1041,CNC Lathe,PUN-01,0,balanced,1,0.6907585286149784
2024-12-20,AST-1042,CNC Lathe,PUN-01,0,balanced,1,0.6098049094930246
2024-12-20,AST-2017,Hydraulic Press,PUN-01,0,balanced,1,0.6728005731575945
2024-12-20,AST-2031,Hydraulic Press,CHN-02,0,balanced,0,0.11629951963069651
2024-12-20,AST-3008,Belt Conveyor,CHN-02,0,balanced,1,0.8014579874069269
2024-12-20,AST-3019,Belt Conveyor,CHN-02,0,balanced,1,0.5190398832315709
2024-12-20,AST-4055,Screw Compressor,DHR-03,0,balanced,1,0.7391377129163066
2024-12-20,AST-4061,Screw Compressor,DHR-03,0,balanced,1,0.6247476964377234
2024-12-20,AST-5003,EOT Crane,DHR-03,0,balanced,1,0.5679189636281005
2024-12-20,AST-5007,EOT Crane,PUN-01,0,balanced,0,0.45579024577833444
2024-12-21,AST-1041,CNC Lathe,PUN-01,0,balanced,0,0.006615197187440858
2024-12-21,AST-1042,CNC Lathe,PUN-01,0,balanced,0,0.002268711030355195
2024-12-21,AST-2017,Hydraulic Press,PUN-01,0,balanced,0,0.03394239224615624
2024-12-21,AST-2031,Hydraulic Press,CHN-02,0,balanced,0,0.03962197299423909
2024-12-21,AST-3008,Belt Conveyor,CHN-02,0,balanced,0,0.00630594444359787
2024-12-21,AST-3019,Belt Conveyor,CHN-02,0,balanced,0,0.011748174698604254
2024-12-21,AST-4055,Screw Compressor,DHR-03,0,balanced,0,0.01251377997207758
2024-12-21,AST-4061,Screw Compressor,DHR-03,0,balanced,0,0.0010512691889246022
2024-12-21,AST-5003,EOT Crane,DHR-03,0,balanced,0,0.04031184884356642
2024-12-21,AST-5007,EOT Crane,PUN-01,0,balanced,0,0.19153018257328208
2024-12-22,AST-1041,CNC Lathe,PUN-01,0,balanced,0,0.010748334486499093
2024-12-22,AST-1042,CNC Lathe,PUN-01,0,balanced,0,0.04603007983864782
2024-12-22,AST-2017,Hydraulic Press,PUN-01,0,balanced,0,0.0767483277528261
2024-12-22,AST-2031,Hydraulic Press,CHN-02,0,balanced,0,0.4197080491118547
2024-12-22,AST-3008,Belt Conveyor,CHN-02,0,balanced,0,0.018009090824531174
2024-12-22,AST-3019,Belt Conveyor,CHN-02,0,balanced,0,0.04907329776838269
2024-12-22,AST-4055,Screw Compressor,DHR-03,0,balanced,0,0.011425904062601397
2024-12-22,AST-4061,Screw Compressor,DHR-03,0,balanced,0,0.0021817873882548104
2024-12-22,AST-5003,EOT Crane,DHR-03,0,balanced,0,0.1647268117975007
2024-12-22,AST-5007,EOT Crane,PUN-01,0,balanced,0,0.004112765953235454
2024-12-23,AST-1041,CNC Lathe,PUN-01,0,balanced,1,0.5369048030946039
2024-12-23,AST-1042,CNC Lathe,PUN-01,0,balanced,1,0.5043318808380278
2024-12-23,AST-2017,Hydraulic Press,PUN-01,0,balanced,1,0.813774077846318
2024-12-23,AST-2031,Hydraulic Press,CHN-02,0,balanced,1,0.6072540621655831
2024-12-23,AST-3008,Belt Conveyor,CHN-02,0,balanced,1,0.5366864366431656
2024-12-23,AST-3019,Belt Conveyor,CHN-02,0,balanced,0,0.4461059767481659
2024-12-23,AST-4055,Screw Compressor,DHR-03,0,balanced,1,0.7803337608957112
2024-12-23,AST-4061,Screw Compressor,DHR-03,0,balanced,1,0.5224281911306615
2024-12-23,AST-5003,EOT Crane,DHR-03,0,balanced,1,0.6534130308893352
2024-12-23,AST-5007,EOT Crane,PUN-01,0,balanced,0,0.27326392194222426
2024-12-24,AST-1041,CNC Lathe,PUN-01,1,balanced,1,0.5453220274518988
2024-12-24,AST-1042,CNC Lathe,PUN-01,0,balanced,0,0.49582128416036325
2024-12-24,AST-2017,Hydraulic Press,PUN-01,0,balanced,0,0.4064820482897715
2024-12-24,AST-2031,Hydraulic Press,CHN-02,0,balanced,1,0.6685558924615013
2024-12-24,AST-3008,Belt Conveyor,CHN-02,0,balanced,1,0.610863981064042
2024-12-24,AST-3019,Belt Conveyor,CHN-02,0,balanced,1,0.507141123473262
2024-12-24,AST-4055,Screw Compressor,DHR-03,0,balanced,1,0.8084491609107166
2024-12-24,AST-4061,Screw Compressor,DHR-03,0,balanced,0,0.38940620361301925
2024-12-24,AST-5003,EOT Crane,DHR-03,0,balanced,1,0.5997737531946102
2024-12-24,AST-5007,EOT Crane,PUN-01,0,balanced,0,0.4001703434898346
2024-12-25,AST-1041,CNC Lathe,PUN-01,0,balanced,1,0.5869783995869388
2024-12-25,AST-1042,CNC Lathe,PUN-01,0,balanced,1,0.5532523692178133
2024-12-25,AST-2017,Hydraulic Press,PUN-01,0,balanced,1,0.599311569051726
2024-12-25,AST-2031,Hydraulic Press,CHN-02,1,balanced,0,0.41216655524564383
2024-12-25,AST-3008,Belt Conveyor,CHN-02,0,balanced,1,0.5602104133368584
2024-12-25,AST-3019,Belt Conveyor,CHN-02,0,balanced,1,0.5247908798737738
2024-12-25,AST-4055,Screw Compressor,DHR-03,0,balanced,1,0.7611880389858532
2024-12-25,AST-4061,Screw Compressor,DHR-03,0,balanced,0,0.48292231047529166
2024-12-25,AST-5003,EOT Crane,DHR-03,0,balanced,1,0.5641023925114875
2024-12-25,AST-5007,EOT Crane,PUN-01,1,balanced,0,0.46814437079920285
2024-12-26,AST-1041,CNC Lathe,PUN-01,0,balanced,1,0.5061234867183433
2024-12-26,AST-1042,CNC Lathe,PUN-01,0,balanced,1,0.5905006841729267
2024-12-26,AST-2017,Hydraulic Press,PUN-01,0,balanced,1,0.7135059529402062
2024-12-26,AST-2031,Hydraulic Press,CHN-02,1,balanced,1,0.666359683119242
2024-12-26,AST-3008,Belt Conveyor,CHN-02,0,balanced,1,0.5845823444895344
2024-12-26,AST-3019,Belt Conveyor,CHN-02,0,balanced,0,0.49310053710456664
2024-12-26,AST-4055,Screw Compressor,DHR-03,0,balanced,1,0.7815702144062046
2024-12-26,AST-4061,Screw Compressor,DHR-03,0,balanced,1,0.5967588361669911
2024-12-26,AST-5003,EOT Crane,DHR-03,0,balanced,0,0.47802011235819986
2024-12-26,AST-5007,EOT Crane,PUN-01,0,balanced,0,0.47858470470356795
2024-12-27,AST-1041,CNC Lathe,PUN-01,0,balanced,0,0.4337792474545269
2024-12-27,AST-1042,CNC Lathe,PUN-01,0,balanced,0,0.4919030754655217
2024-12-27,AST-2017,Hydraulic Press,PUN-01,1,balanced,1,0.6852409729681037
2024-12-27,AST-2031,Hydraulic Press,CHN-02,0,balanced,1,0.6910786757894053
2024-12-27,AST-3008,Belt Conveyor,CHN-02,0,balanced,1,0.5220023363872607
2024-12-27,AST-3019,Belt Conveyor,CHN-02,0,balanced,0,0.38080681012118883
2024-12-27,AST-4055,Screw Compressor,DHR-03,0,balanced,1,0.79886335372579
2024-12-27,AST-4061,Screw Compressor,DHR-03,1,balanced,1,0.6599180969381961
2024-12-27,AST-5003,EOT Crane,DHR-03,1,balanced,1,0.6977233617585871
2024-12-27,AST-5007,EOT Crane,PUN-01,0,balanced,0,0.4420364937230005
2024-12-28,AST-1041,CNC Lathe,PUN-01,0,balanced,0,0.002017783466749266
2024-12-28,AST-1042,CNC Lathe,PUN-01,0,balanced,0,0.025182136296665176
2024-12-28,AST-2017,Hydraulic Press,PUN-01,0,balanced,0,0.08987391451473171
2024-12-28,AST-2031,Hydraulic Press,CHN-02,0,balanced,0,0.1827486040835902
2024-12-28,AST-3008,Belt Conveyor,CHN-02,0,balanced,0,0.0055946398313998945
2024-12-28,AST-3019,Belt Conveyor,CHN-02,0,balanced,0,0.02850141716240253
2024-12-28,AST-4055,Screw Compressor,DHR-03,0,balanced,0,0.00824417939317364
2024-12-28,AST-4061,Screw Compressor,DHR-03,0,balanced,0,0.012622585912822188
2024-12-28,AST-5003,EOT Crane,DHR-03,0,balanced,0,0.23864552895488675
2024-12-28,AST-5007,EOT Crane,PUN-01,0,balanced,0,0.13286061734827484
2024-12-29,AST-1041,CNC Lathe,PUN-01,0,balanced,0,0.0028562539692453446
2024-12-29,AST-1042,CNC Lathe,PUN-01,0,balanced,0,0.0026196508334121412
2024-12-29,AST-2017,Hydraulic Press,PUN-01,0,balanced,0,0.11308243567543394
2024-12-29,AST-2031,Hydraulic Press,CHN-02,0,balanced,0,0.14431435568041595
2024-12-29,AST-3008,Belt Conveyor,CHN-02,0,balanced,0,0.04531475088973384
2024-12-29,AST-3019,Belt Conveyor,CHN-02,0,balanced,0,0.0057239272408451
2024-12-29,AST-4055,Screw Compressor,DHR-03,0,balanced,0,0.013037131450517967
2024-12-29,AST-4061,Screw Compressor,DHR-03,0,balanced,0,0.0008507858876267033
2024-12-29,AST-5003,EOT Crane,DHR-03,0,balanced,0,0.010020104900611556
2024-12-29,AST-5007,EOT Crane,PUN-01,0,balanced,0,0.006526482684359341
2024-12-30,AST-1041,CNC Lathe,PUN-01,0,balanced,1,0.621190384332226
2024-12-30,AST-1042,CNC Lathe,PUN-01,0,balanced,1,0.5037002715816888
2024-12-30,AST-2017,Hydraulic Press,PUN-01,1,balanced,0,0.47517585068522755
2024-12-30,AST-2031,Hydraulic Press,CHN-02,0,balanced,1,0.6830754284214349
2024-12-30,AST-3008,Belt Conveyor,CHN-02,0,balanced,1,0.5274785572919545
2024-12-30,AST-3019,Belt Conveyor,CHN-02,0,balanced,1,0.5934724777261722
2024-12-30,AST-4055,Screw Compressor,DHR-03,0,balanced,1,0.6949104766364331
2024-12-30,AST-4061,Screw Compressor,DHR-03,0,balanced,1,0.7216604624802171
2024-12-30,AST-5003,EOT Crane,DHR-03,0,balanced,1,0.5882048269933378
2024-12-30,AST-5007,EOT Crane,PUN-01,0,balanced,0,0.36653506585029216
2024-12-31,AST-1041,CNC Lathe,PUN-01,0,balanced,0,0.3423368035253906
2024-12-31,AST-1042,CNC Lathe,PUN-01,0,balanced,1,0.5243026394228831
2024-12-31,AST-2017,Hydraulic Press,PUN-01,1,balanced,1,0.6937050991087151
2024-12-31,AST-2031,Hydraulic Press,CHN-02,0,balanced,0,0.11445341554750026
2024-12-31,AST-3008,Belt Conveyor,CHN-02,0,balanced,1,0.6389691477449063
2024-12-31,AST-3019,Belt Conveyor,CHN-02,0,balanced,1,0.5412196622634784
2024-12-31,AST-4055,Screw Compressor,DHR-03,0,balanced,1,0.7030405742567956
2024-12-31,AST-4061,Screw Compressor,DHR-03,0,balanced,0,0.1550299349920011
2024-12-31,AST-5003,EOT Crane,DHR-03,0,balanced,1,0.5446833991742163
2024-12-31,AST-5007,EOT Crane,PUN-01,0,balanced,0,0.49719417658545123
2025-01-01,AST-1041,CNC Lathe,PUN-01,0,balanced,0,0.4613245583071909
2025-01-01,AST-1042,CNC Lathe,PUN-01,0,balanced,1,0.65065194460815
2025-01-01,AST-2017,Hydraulic Press,PUN-01,0,balanced,1,0.6529805841822257
2025-01-01,AST-2031,Hydraulic Press,CHN-02,1,balanced,1,0.6306336246687135
2025-01-01,AST-3008,Belt Conveyor,CHN-02,0,balanced,1,0.5562677344648614
2025-01-01,AST-3019,Belt Conveyor,CHN-02,1,balanced,0,0.44174427823992074
2025-01-01,AST-4055,Screw Compressor,DHR-03,1,balanced,1,0.7923425835460393
2025-01-01,AST-4061,Screw Compressor,DHR-03,0,balanced,1,0.6488693040299408
2025-01-01,AST-5003,EOT Crane,DHR-03,0,balanced,1,0.7025427959688715
2025-01-01,AST-5007,EOT Crane,PUN-01,0,balanced,0,0.4865032513042098
