asset_tag,transaction_date,severity_score,y_true,probability,y_pred,threshold,model_variant,split
AST-1041,2024-07-21,0,0,0.15096432269559165,0,10,default,Test
AST-1042,2024-07-21,0,0,0.18941692988646736,0,10,default,Test
AST-2017,2024-07-21,0,0,0.1055506370533004,0,10,default,Test
AST-2031,2024-07-21,0,0,0.26590812120611124,0,10,default,Test
AST-3008,2024-07-21,0,0,0.09981516014261807,0,10,default,Test
AST-3019,2024-07-21,0,0,0.08895251626516883,0,10,default,Test
AST-4055,2024-07-21,0,0,0.20798660371168726,0,10,default,Test
AST-4061,2024-07-21,0,0,0.08763617670323247,0,10,default,Test
AST-5003,2024-07-21,0,0,0.19633099093741185,0,10,default,Test
AST-5007,2024-07-21,0,0,0.0975505917286586,0,10,default,Test
AST-1041,2024-07-22,10,1,0.35556405337766367,0,10,default,Test
AST-1042,2024-07-22,6,0,0.2971013048409615,0,10,default,Test
AST-2017,2024-07-22,23,1,0.18702572673232415,0,10,default,Test
AST-2031,2024-07-22,10,1,0.40053487596754384,0,10,default,Test
AST-3008,2024-07-22,7,0,0.19451452572729597,0,10,default,Test
AST-3019,2024-07-22,5,0,0.18347708384444028,0,10,default,Test
AST-4055,2024-07-22,11,1,0.3330647464833042,0,10,default,Test
AST-4061,2024-07-22,0,0,0.158884207983208,0,10,default,Test
AST-5003,2024-07-22,14,1,0.24110131762072748,0,10,default,Test
AST-5007,2024-07-22,7,0,0.1133877748924712,0,10,default,Test
AST-1041,2024-07-23,2,0,0.2724958372537708,0,10,default,Test
AST-1042,2024-07-23,4,0,0.3591261207735988,0,10,default,Test
AST-2017,2024-07-23,12,1,0.31814916885539424,0,10,default,Test
AST-2031,2024-07-23,14,1,0.4309440674079213,0,10,default,Test
AST-3008,2024-07-23,4,0,0.20469032184182587,0,10,default,Test
AST-3019,2024-07-23,7,0,0.16819364214895022,0,10,default,Test
AST-4055,2024-07-23,6,0,0.333719957050623,0,10,default,Test
AST-4061,2024-07-23,8,0,0.10350640039933486,0,10,default,Test
AST-5003,2024-07-23,8,0,0.24680234665281098,0,10,default,Test
AST-5007,2024-07-23,4,0,0.13027498929477366,0,10,default,Test
AST-1041,2024-07-24,8,0,0.23916770422728553,0,10,default,Test
AST-1042,2024-07-24,11,1,0.2546439195290102,0,10,default,Test
AST-2017,2024-07-24,16,1,0.1454303819934564,0,10,default,Test
AST-2031,2024-07-24,0,0,0.37039468707668094,0,10,default,Test
AST-3008,2024-07-24,8,0,0.18500087733672532,0,10,default,Test
AST-3019,2024-07-24,14,1,0.1364526282050953,0,10,default,Test
AST-4055,2024-07-24,6,0,0.3431264069266572,0,10,default,Test
AST-4061,2024-07-24,1,0,0.1754474887741525,0,10,default,Test
AST-5003,2024-07-24,9,0,0.2316708501064253,0,10,default,Test
AST-5007,2024-07-24,12,1,0.2411044339589783,0,10,default,Test
AST-1041,2024-07-25,9,0,0.26290270771262875,0,10,default,Test
AST-1042,2024-07-25,4,0,0.2518241754055039,0,10,default,Test
AST-2017,2024-07-25,8,0,0.15646757517257665,0,10,default,Test
AST-2031,2024-07-25,4,0,0.4329713354106673,0,10,default,Test
AST-3008,2024-07-25,6,0,0.2215156519279088,0,10,default,Test
AST-3019,2024-07-25,4,0,0.17843981275599277,0,10,default,Test
AST-4055,2024-07-25,7,0,0.31284468556238804,0,10,default,Test
AST-4061,2024-07-25,13,1,0.14131784901775507,0,10,default,Test
AST-5003,2024-07-25,8,0,0.24493635387859475,0,10,default,Test
AST-5007,2024-07-25,4,0,0.13576988722489272,0,10,default,Test
AST-1041,2024-07-26,16,1,0.26394288649647674,0,10,default,Test
AST-1042,2024-07-26,4,0,0.3478142539852026,0,10,default,Test
AST-2017,2024-07-26,20,1,0.18074432760387069,0,10,default,Test
AST-2031,2024-07-26,10,1,0.47230456341158605,0,10,default,Test
AST-3008,2024-07-26,2,0,0.24878474979067222,0,10,default,Test
AST-3019,2024-07-26,0,0,0.13551380477776198,0,10,default,Test
AST-4055,2024-07-26,7,0,0.3151255356168092,0,10,default,Test
AST-4061,2024-07-26,10,1,0.16415934324193604,0,10,default,Test
AST-5003,2024-07-26,10,1,0.25550832651544064,0,10,default,Test
AST-5007,2024-07-26,0,0,0.18246844403953102,0,10,default,Test
AST-1041,2024-07-27,0,0,0.15515657375007968,0,10,default,Test
AST-1042,2024-07-27,0,0,0.17493722727248748,0,10,default,Test
AST-2017,2024-07-27,0,0,0.09004747051020046,0,10,default,Test
AST-2031,2024-07-27,0,0,0.3239558187038362,0,10,default,Test
AST-3008,2024-07-27,0,0,0.11003194054790973,0,10,default,Test
AST-3019,2024-07-27,0,0,0.10367912872340973,0,10,default,Test
AST-4055,2024-07-27,0,0,0.24145726913974794,0,10,default,Test
AST-4061,2024-07-27,0,0,0.06883176385458277,0,10,default,Test
AST-5003,2024-07-27,0,0,0.13889233714132723,0,10,default,Test
AST-5007,2024-07-27,0,0,0.08289976776159719,0,10,default,Test
AST-1041,2024-07-28,0,0,0.16466357984164426,0,10,default,Test
AST-1042,2024-07-28,0,0,0.15526732859236492,0,10,default,Test
AST-2017,2024-07-28,0,0,0.11095987392042919,0,10,default,Test
AST-2031,2024-07-28,0,0,0.2726576249496135,0,10,default,Test
AST-3008,2024-07-28,0,0,0.14118605235561113,0,10,default,Test
AST-3019,2024-07-28,0,0,0.09533546496987072,0,10,default,Test
AST-4055,2024-07-28,0,0,0.20006488060999478,0,10,default,Test
AST-4061,2024-07-28,0,0,0.08092335712805258,0,10,default,Test
AST-5003,2024-07-28,0,0,0.13237055055422284,0,10,default,Test
AST-5007,2024-07-28,0,0,0.13676404602253586,0,10,default,Test
AST-1041,2024-07-29,15,1,0.26103872283488844,0,10,default,Test
AST-1042,2024-07-29,8,0,0.25305444314631864,0,10,default,Test
AST-2017,2024-07-29,14,1,0.13157419922030625,0,10,default,Test
AST-2031,2024-07-29,12,1,0.44115991020921413,0,10,default,Test
AST-3008,2024-07-29,6,0,0.2134769342110118,0,10,default,Test
AST-3019,2024-07-29,10,1,0.16338806025697689,0,10,default,Test
AST-4055,2024-07-29,16,1,0.2558531332386164,0,10,default,Test
AST-4061,2024-07-29,3,0,0.14732842775154745,0,10,default,Test
AST-5003,2024-07-29,2,0,0.27488978372117023,0,10,default,Test
AST-5007,2024-07-29,1,0,0.13522589327041287,0,10,default,Test
AST-1041,2024-07-30,4,0,0.32111672529220947,0,10,default,Test
AST-1042,2024-07-30,1,0,0.2389407886943129,0,10,default,Test
AST-2017,2024-07-30,14,1,0.14728512706776345,0,10,default,Test
AST-2031,2024-07-30,10,1,0.32582158804110184,0,10,default,Test
AST-3008,2024-07-30,10,1,0.19152550830608978,0,10,default,Test
AST-3019,2024-07-30,8,0,0.14778335729722164,0,10,default,Test
AST-4055,2024-07-30,12,1,0.3525445708679497,0,10,default,Test
AST-4061,2024-07-30,0,0,0.15333471970308613,0,10,default,Test
AST-5003,2024-07-30,14,1,0.25031951717151885,0,10,default,Test
AST-5007,2024-07-30,4,0,0.16439350154702073,0,10,default,Test
AST-1041,2024-07-31,2,0,0.2862044001320562,0,10,default,Test
AST-1042,2024-07-31,1,0,0.21854896885395653,0,10,default,Test
AST-2017,2024-07-31,10,1,0.18912150514935244,0,10,default,Test
AST-2031,2024-07-31,8,0,0.3636404860461413,0,10,default,Test
AST-3008,2024-07-31,4,0,0.16424210890157698,0,10,default,Test
AST-3019,2024-07-31,14,1,0.16006070542153383,0,10,default,Test
AST-4055,2024-07-31,10,1,0.30563586668596643,0,10,default,Test
AST-4061,2024-07-31,1,0,0.14831995923364846,0,10,default,Test
AST-5003,2024-07-31,22,1,0.3027164247550985,0,10,default,Test
AST-5007,2024-07-31,6,0,0.13034941556859173,0,10,default,Test
AST-1041,2024-08-01,7,0,0.3125510034333744,0,10,default,Test
AST-1042,2024-08-01,4,0,0.28506896637868284,0,10,default,Test
AST-2017,2024-08-01,6,0,0.2076398505500925,0,10,default,Test
AST-2031,2024-08-01,5,0,0.37628518542535244,0,10,default,Test
AST-3008,2024-08-01,8,0,0.20277154419867868,0,10,default,Test
AST-3019,2024-08-01,1,0,0.16065802501105458,0,10,default,Test
AST-4055,2024-08-01,10,1,0.33368380781764845,0,10,default,Test
AST-4061,2024-08-01,14,1,0.17242828004329452,0,10,default,Test
AST-5003,2024-08-01,10,1,0.18738634800593493,0,10,default,Test
AST-5007,2024-08-01,0,0,0.16394587294374607,0,10,default,Test
AST-1041,2024-08-02,7,0,0.30666943346011255,0,10,default,Test
AST-1042,2024-08-02,8,0,0.2718924695451254,0,10,default,Test
AST-2017,2024-08-02,11,1,0.1614963689109568,0,10,default,Test
AST-2031,2024-08-02,0,0,0.4150036577810029,0,10,default,Test
AST-3008,2024-08-02,4,0,0.22839796330160456,0,10,default,Test
AST-3019,2024-08-02,8,0,0.18995583881585976,0,10,default,Test
AST-4055,2024-08-02,6,0,0.36601803480423994,0,10,default,Test
AST-4061,2024-08-02,10,1,0.1838245984052013,0,10,default,Test
AST-5003,2024-08-02,5,0,0.22560001226124535,0,10,default,Test
AST-5007,2024-08-02,0,0,0.12982926168135797,0,10,default,Test
AST-1041,2024-08-03,0,0,0.1977915861450477,0,10,default,Test
AST-1042,2024-08-03,0,0,0.22421385098911914,0,10,default,Test
AST-2017,2024-08-03,0,0,0.10771597314534351,0,10,default,Test
AST-2031,2024-08-03,0,0,0.29246321271703996,0,10,default,Test
AST-3008,2024-08-03,0,0,0.09953853236412143,0,10,default,Test
AST-3019,2024-08-03,0,0,0.08194919695740666,0,10,default,Test
AST-4055,2024-08-03,0,0,0.20254560052536028,0,10,default,Test
AST-4061,2024-08-03,0,0,0.08896712734226286,0,10,default,Test
AST-5003,2024-08-03,0,0,0.15935581409851368,0,10,default,Test
AST-5007,2024-08-03,0,0,0.2339409735781121,0,10,default,Test
AST-1041,2024-08-04,0,0,0.11731404127652284,0,10,default,Test
AST-1042,2024-08-04,0,0,0.20714203911539306,0,10,default,Test
AST-2017,2024-08-04,0,0,0.12250402848935749,0,10,default,Test
AST-2031,2024-08-04,0,0,0.3768189508434987,0,10,default,Test
AST-3008,2024-08-04,0,0,0.0985909866574741,0,10,default,Test
AST-3019,2024-08-04,0,0,0.1111240925029628,0,10,default,Test
AST-4055,2024-08-04,0,0,0.24237878785529043,0,10,default,Test
AST-4061,2024-08-04,0,0,0.08228377596981575,0,10,default,Test
AST-5003,2024-08-04,0,0,0.1223306915694784,0,10,default,Test
AST-5007,2024-08-04,0,0,0.12913222583857525,0,10,default,Test
AST-1041,2024-08-05,0,0,0.28459403643920983,0,10,default,Test
AST-1042,2024-08-05,4,0,0.2699041044506874,0,10,default,Test
AST-2017,2024-08-05,6,0,0.16917684415980927,0,10,default,Test
AST-2031,2024-08-05,9,0,0.3824964126425954,0,10,default,Test
AST-3008,2024-08-05,12,1,0.22534562916189235,0,10,default,Test
AST-3019,2024-08-05,9,0,0.15626579971536733,0,10,default,Test
AST-4055,2024-08-05,6,0,0.3067756741043542,0,10,default,Test
AST-4061,2024-08-05,16,1,0.176387501905325,0,10,default,Test
AST-5003,2024-08-05,3,0,0.20634457260114866,0,10,default,Test
AST-5007,2024-08-05,4,0,0.15653266917786413,0,10,default,Test
AST-1041,2024-08-06,13,1,0.24862315813593303,0,10,default,Test
AST-1042,2024-08-06,0,0,0.2666459279286384,0,10,default,Test
AST-2017,2024-08-06,10,1,0.20714539606663,0,10,default,Test
AST-2031,2024-08-06,1,0,0.31373474193902545,0,10,default,Test
AST-3008,2024-08-06,1,0,0.16023064118426922,0,10,default,Test
AST-3019,2024-08-06,5,0,0.19937005082311293,0,10,default,Test
AST-4055,2024-08-06,2,0,0.34595942198253643,0,10,default,Test
AST-4061,2024-08-06,9,0,0.13232055542490953,0,10,default,Test
AST-5003,2024-08-06,11,1,0.2200043515740263,0,10,default,Test
AST-5007,2024-08-06,14,1,0.14452552070865385,0,10,default,Test
AST-1041,2024-08-07,7,0,0.2819920650672683,0,10,default,Test
AST-1042,2024-08-07,0,0,0.3096780899584121,0,10,default,Test
AST-2017,2024-08-07,8,0,0.15404549501291084,0,10,default,Test
AST-2031,2024-08-07,19,1,0.375133607142174,0,10,default,Test
AST-3008,2024-08-07,1,0,0.19648754183291492,0,10,default,Test
AST-3019,2024-08-07,6,0,0.16228912774597973,0,10,default,Test
AST-4055,2024-08-07,11,1,0.30203478803225364,0,10,default,Test
AST-4061,2024-08-07,10,1,0.14795563018038804,0,10,default,Test
AST-5003,2024-08-07,4,0,0.2653981144163477,0,10,default,Test
AST-5007,2024-08-07,10,1,0.11982765197159384,0,10,default,Test
AST-1041,2024-08-08,8,0,0.28055490575775865,0,10,default,Test
AST-1042,2024-08-08,4,0,0.3183503313407671,0,10,default,Test
AST-2017,2024-08-08,8,0,0.18438283789309043,0,10,default,Test
AST-2031,2024-08-08,2,0,0.3909024758419858,0,10,default,Test
AST-3008,2024-08-08,4,0,0.18795754766325815,0,10,default,Test
AST-3019,2024-08-08,6,0,0.2113511956882209,0,10,default,Test
AST-4055,2024-08-08,8,0,0.35378882313001364,0,10,default,Test
AST-4061,2024-08-08,10,1,0.13819397808429526,0,10,default,Test
AST-5003,2024-08-08,14,1,0.27710660156203665,0,10,default,Test
AST-5007,2024-08-08,9,0,0.12602992088482592,0,10,default,Test
AST-1041,2024-08-09,9,0,0.3317971767647063,0,10,default,Test
AST-1042,2024-08-09,2,0,0.26865504419674735,0,10,default,Test
AST-2017,2024-08-09,5,0,0.1963932909000598,0,10,default,Test
AST-2031,2024-08-09,10,1,0.34734135611462386,0,10,default,Test
AST-3008,2024-08-09,8,0,0.16194575484155638,0,10,default,Test
AST-3019,2024-08-09,3,0,0.17839299200984687,0,10,default,Test
AST-4055,2024-08-09,1,0,0.3726052365345441,0,10,default,Test
AST-4061,2024-08-09,3,0,0.1552155935857095,0,10,default,Test
AST-5003,2024-08-09,5,0,0.2807813863509297,0,10,default,Test
AST-5007,2024-08-09,6,0,0.13900261865466648,0,10,default,Test
AST-1041,2024-08-10,0,0,0.19205586538012862,0,10,default,Test
AST-1042,2024-08-10,0,0,0.20972745612843874,0,10,default,Test
AST-2017,2024-08-10,0,0,0.10904660996962817,0,10,default,Test
AST-2031,2024-08-10,0,0,0.31769529823734405,0,10,default,Test
AST-3008,2024-08-10,0,0,0.14980995408785933,0,10,default,Test
AST-3019,2024-08-10,0,0,0.08208813977839917,0,10,default,Test
AST-4055,2024-08-10,0,0,0.21857300407324154,0,10,default,Test
AST-4061,2024-08-10,0,0,0.08516625737797341,0,10,default,Test
AST-5003,2024-08-10,0,0,0.13781033436110504,0,10,default,Test
AST-5007,2024-08-10,0,0,0.10663684661616642,0,10,default,Test
AST-1041,2024-08-11,0,0,0.18091906901197685,0,10,default,Test
AST-1042,2024-08-11,0,0,0.15659473724918277,0,10,default,Test
AST-2017,2024-08-11,0,0,0.12883072663323628,0,10,default,Test
AST-2031,2024-08-11,0,0,0.4393034182325798,0,10,default,Test
AST-3008,2024-08-11,0,0,0.11787590279389341,0,10,default,Test
AST-3019,2024-08-11,0,0,0.10667491480155751,0,10,default,Test
AST-4055,2024-08-11,0,0,0.26726804836174056,0,10,default,Test
AST-4061,2024-08-11,0,0,0.0936927644101137,0,10,default,Test
AST-5003,2024-08-11,0,0,0.13021418380751482,0,10,default,Test
AST-5007,2024-08-11,0,0,0.09835758550283115,0,10,default,Test
AST-1041,2024-08-12,4,0,0.494657414067657,0,10,default,Test
AST-1042,2024-08-12,4,0,0.3142514928481332,0,10,default,Test
AST-2017,2024-08-12,8,0,0.1605030839551654,0,10,default,Test
AST-2031,2024-08-12,11,1,0.4330405432931313,0,10,default,Test
AST-3008,2024-08-12,3,0,0.17453243723867964,0,10,default,Test
AST-3019,2024-08-12,2,0,0.17198928612189854,0,10,default,Test
AST-4055,2024-08-12,5,0,0.3102027915931573,0,10,default,Test
AST-4061,2024-08-12,10,1,0.14467545486214928,0,10,default,Test
AST-5003,2024-08-12,7,0,0.2343881318221183,0,10,default,Test
AST-5007,2024-08-12,6,0,0.1362293476506846,0,10,default,Test
AST-1041,2024-08-13,5,0,0.28151480391319167,0,10,default,Test
AST-1042,2024-08-13,10,1,0.3328742804643706,0,10,default,Test
AST-2017,2024-08-13,1,0,0.19244013834502843,0,10,default,Test
AST-2031,2024-08-13,13,1,0.42684782697522755,0,10,default,Test
AST-3008,2024-08-13,0,0,0.1792294350528489,0,10,default,Test
AST-3019,2024-08-13,7,0,0.1944058142258862,0,10,default,Test
AST-4055,2024-08-13,4,0,0.33723240519297026,0,10,default,Test
AST-4061,2024-08-13,10,1,0.13702774408285104,0,10,default,Test
AST-5003,2024-08-13,7,0,0.2695414054073084,0,10,default,Test
AST-5007,2024-08-13,5,0,0.1330794284495536,0,10,default,Test
AST-1041,2024-08-14,2,0,0.2849743694108986,0,10,default,Test
AST-1042,2024-08-14,2,0,0.2872922716048192,0,10,default,Test
AST-2017,2024-08-14,4,0,0.17322823852777974,0,10,default,Test
AST-2031,2024-08-14,3,0,0.49279756367728467,0,10,default,Test
AST-3008,2024-08-14,11,1,0.16021165341827248,0,10,default,Test
AST-3019,2024-08-14,4,0,0.19490953190288823,0,10,default,Test
AST-4055,2024-08-14,17,1,0.5120580252969631,1,10,default,Test
AST-4061,2024-08-14,4,0,0.14819992240369828,0,10,default,Test
AST-5003,2024-08-14,0,0,0.2173044491349183,0,10,default,Test
AST-5007,2024-08-14,0,0,0.17548629474646074,0,10,default,Test
AST-1041,2024-08-15,4,0,0.2710024923772208,0,10,default,Test
AST-1042,2024-08-15,14,1,0.25160113907738046,0,10,default,Test
AST-2017,2024-08-15,12,1,0.17223096303892288,0,10,default,Test
AST-2031,2024-08-15,11,1,0.40881227788673064,0,10,default,Test
AST-3008,2024-08-15,6,0,0.18782049492837097,0,10,default,Test
AST-3019,2024-08-15,0,0,0.1358660549907994,0,10,default,Test
AST-4055,2024-08-15,4,0,0.2899294406376945,0,10,default,Test
AST-4061,2024-08-15,8,0,0.13216379654566487,0,10,default,Test
AST-5003,2024-08-15,10,1,0.262254931380233,0,10,default,Test
AST-5007,2024-08-15,6,0,0.15437985569571586,0,10,default,Test
AST-1041,2024-08-16,8,0,0.33251672298102997,0,10,default,Test
AST-1042,2024-08-16,8,0,0.265910849473424,0,10,default,Test
AST-2017,2024-08-16,2,0,0.1479823475982354,0,10,default,Test
AST-2031,2024-08-16,9,0,0.4136175973260394,0,10,default,Test
AST-3008,2024-08-16,9,0,0.21873588162293922,0,10,default,Test
AST-3019,2024-08-16,10,1,0.19113553116232457,0,10,default,Test
AST-4055,2024-08-16,12,1,0.2825632298017247,0,10,default,Test
AST-4061,2024-08-16,2,0,0.1547225299626208,0,10,default,Test
AST-5003,2024-08-16,6,0,0.3128347393654865,0,10,default,Test
AST-5007,2024-08-16,5,0,0.11544091064287317,0,10,default,Test
AST-1041,2024-08-17,0,0,0.1620668334693072,0,10,default,Test
AST-1042,2024-08-17,0,0,0.1786499702996177,0,10,default,Test
AST-2017,2024-08-17,0,0,0.16037771481036175,0,10,default,Test
AST-2031,2024-08-17,0,0,0.297182265869979,0,10,default,Test
AST-3008,2024-08-17,0,0,0.16698392753122762,0,10,default,Test
AST-3019,2024-08-17,0,0,0.11082735807496512,0,10,default,Test
AST-4055,2024-08-17,0,0,0.22694463336705742,0,10,default,Test
AST-4061,2024-08-17,0,0,0.09486137391814155,0,10,default,Test
AST-5003,2024-08-17,0,0,0.16718776561311577,0,10,default,Test
AST-5007,2024-08-17,0,0,0.08710124720463393,0,10,default,Test
AST-1041,2024-08-18,0,0,0.19822129896343715,0,10,default,Test
AST-1042,2024-08-18,0,0,0.19143986136391497,0,10,default,Test
AST-2017,2024-08-18,0,0,0.12030830380938315,0,10,default,Test
AST-2031,2024-08-18,0,0,0.4038907650121828,0,10,default,Test
AST-3008,2024-08-18,0,0,0.12452061891191912,0,10,default,Test
AST-3019,2024-08-18,0,0,0.0965078745750855,0,10,default,Test
AST-4055,2024-08-18,0,0,0.24384543133238348,0,10,default,Test
AST-4061,2024-08-18,0,0,0.07263849415033818,0,10,default,Test
AST-5003,2024-08-18,0,0,0.14916818933763173,0,10,default,Test
AST-5007,2024-08-18,0,0,0.14687374930989497,0,10,default,Test
AST-1041,2024-08-19,4,0,0.3332329796246706,0,10,default,Test
AST-1042,2024-08-19,2,0,0.2667217097224907,0,10,default,Test
AST-2017,2024-08-19,13,1,0.14035520023737758,0,10,default,Test
AST-2031,2024-08-19,2,0,0.35305320581786975,0,10,default,Test
AST-3008,2024-08-19,8,0,0.1869200687650898,0,10,default,Test
AST-3019,2024-08-19,8,0,0.19111452812833982,0,10,default,Test
AST-4055,2024-08-19,7,0,0.3072395983054188,0,10,default,Test
AST-4061,2024-08-19,12,1,0.16754209613456228,0,10,default,Test
AST-5003,2024-08-19,10,1,0.24999418354740593,0,10,default,Test
AST-5007,2024-08-19,0,0,0.15414193015037514,0,10,default,Test
AST-1041,2024-08-20,4,0,0.2613477056713127,0,10,default,Test
AST-1042,2024-08-20,0,0,0.27726611283142183,0,10,default,Test
AST-2017,2024-08-20,5,0,0.16887150301017756,0,10,default,Test
AST-2031,2024-08-20,11,1,0.466947173991557,0,10,default,Test
AST-3008,2024-08-20,8,0,0.21294188463811067,0,10,default,Test
AST-3019,2024-08-20,2,0,0.15241443930482235,0,10,default,Test
AST-4055,2024-08-20,9,0,0.31397689051083416,0,10,default,Test
AST-4061,2024-08-20,6,0,0.19804578012747237,0,10,default,Test
AST-5003,2024-08-20,2,0,0.23439176882835408,0,10,default,Test
AST-5007,2024-08-20,5,0,0.1271271489079537,0,10,default,Test
AST-1041,2024-08-21,6,0,0.32732758406227624,0,10,default,Test
AST-1042,2024-08-21,10,1,0.30347679893401536,0,10,default,Test
AST-2017,2024-08-21,1,0,0.14524198636586955,0,10,default,Test
AST-2031,2024-08-21,9,0,0.5693602505409189,1,10,default,Test
AST-3008,2024-08-21,2,0,0.22477728939029287,0,10,default,Test
AST-3019,2024-08-21,2,0,0.16511296655393978,0,10,default,Test
AST-4055,2024-08-21,8,0,0.3295255512780157,0,10,default,Test
AST-4061,2024-08-21,6,0,0.26412314163626793,0,10,default,Test
AST-5003,2024-08-21,10,1,0.23592247174164627,0,10,default,Test
AST-5007,2024-08-21,5,0,0.17030957894448773,0,10,default,Test
AST-1041,2024-08-22,7,0,0.31566716565033315,0,10,default,Test
AST-1042,2024-08-22,13,1,0.2727587702730291,0,10,default,Test
AST-2017,2024-08-22,0,0,0.15251732559106818,0,10,default,Test
AST-2031,2024-08-22,10,1,0.3587450088450551,0,10,default,Test
AST-3008,2024-08-22,6,0,0.21488661985631835,0,10,default,Test
AST-3019,2024-08-22,0,0,0.16286557158737566,0,10,default,Test
AST-4055,2024-08-22,16,1,0.32592024634585465,0,10,default,Test
AST-4061,2024-08-22,11,1,0.1693165377664501,0,10,default,Test
AST-5003,2024-08-22,6,0,0.23011699753638679,0,10,default,Test
AST-5007,2024-08-22,9,0,0.15064455121123912,0,10,default,Test
AST-1041,2024-08-23,8,0,0.28698424449953897,0,10,default,Test
AST-1042,2024-08-23,8,0,0.2587769666218534,0,10,default,Test
AST-2017,2024-08-23,8,0,0.1779077051838738,0,10,default,Test
AST-2031,2024-08-23,13,1,0.4497359085761472,0,10,default,Test
AST-3008,2024-08-23,7,0,0.19347988012056846,0,10,default,Test
AST-3019,2024-08-23,7,0,0.17217735118450603,0,10,default,Test
AST-4055,2024-08-23,12,1,0.31221340372282586,0,10,default,Test
AST-4061,2024-08-23,8,0,0.1537813810707158,0,10,default,Test
AST-5003,2024-08-23,18,1,0.2110480534421925,0,10,default,Test
AST-5007,2024-08-23,4,0,0.16877531108279192,0,10,default,Test
AST-1041,2024-08-24,0,0,0.16313479811394463,0,10,default,Test
AST-1042,2024-08-24,0,0,0.18412266076040606,0,10,default,Test
AST-2017,2024-08-24,0,0,0.11762904985674848,0,10,default,Test
AST-2031,2024-08-24,0,0,0.30553829543044037,0,10,default,Test
AST-3008,2024-08-24,0,0,0.12923843406266766,0,10,default,Test
AST-3019,2024-08-24,0,0,0.13283443287262034,0,10,default,Test
AST-4055,2024-08-24,0,0,0.20526320934579134,0,10,default,Test
AST-4061,2024-08-24,0,0,0.11671284273237498,0,10,default,Test
AST-5003,2024-08-24,0,0,0.33864443422626817,0,10,default,Test
AST-5007,2024-08-24,0,0,0.09566176711942537,0,10,default,Test
AST-1041,2024-08-25,0,0,0.16823633904803562,0,10,default,Test
AST-1042,2024-08-25,0,0,0.16084011036004417,0,10,default,Test
AST-2017,2024-08-25,0,0,0.1055391148450779,0,10,default,Test
AST-2031,2024-08-25,0,0,0.2866157787819041,0,10,default,Test
AST-3008,2024-08-25,0,0,0.13177698899944718,0,10,default,Test
AST-3019,2024-08-25,0,0,0.13509846830945305,0,10,default,Test
AST-4055,2024-08-25,0,0,0.2194639546717864,0,10,default,Test
AST-4061,2024-08-25,0,0,0.1263108039280694,0,10,default,Test
AST-5003,2024-08-25,0,0,0.1599906897937265,0,10,default,Test
AST-5007,2024-08-25,0,0,0.09353177411541229,0,10,default,Test
AST-1041,2024-08-26,12,1,0.4541972167327916,0,10,default,Test
AST-1042,2024-08-26,4,0,0.27102326396827076,0,10,default,Test
AST-2017,2024-08-26,5,0,0.1677962967910271,0,10,default,Test
AST-2031,2024-08-26,11,1,0.38344832682591506,0,10,default,Test
AST-3008,2024-08-26,7,0,0.1565257062357365,0,10,default,Test
AST-3019,2024-08-26,10,1,0.36576793578804145,0,10,default,Test
AST-4055,2024-08-26,18,1,0.3192177951201438,0,10,default,Test
AST-4061,2024-08-26,4,0,0.1856486462288062,0,10,default,Test
AST-5003,2024-08-26,13,1,0.47811117220762145,0,10,default,Test
AST-5007,2024-08-26,8,0,0.1490950527243692,0,10,default,Test
AST-1041,2024-08-27,3,0,0.3149838464662488,0,10,default,Test
AST-1042,2024-08-27,2,0,0.3450266971829047,0,10,default,Test
AST-2017,2024-08-27,11,1,0.204810426997244,0,10,default,Test
AST-2031,2024-08-27,8,0,0.4022746635024513,0,10,default,Test
AST-3008,2024-08-27,10,1,0.16951214260036715,0,10,default,Test
AST-3019,2024-08-27,6,0,0.12892502072229783,0,10,default,Test
AST-4055,2024-08-27,7,0,0.32885663478797966,0,10,default,Test
AST-4061,2024-08-27,12,1,0.18704979046464257,0,10,default,Test
AST-5003,2024-08-27,7,0,0.18215595513514404,0,10,default,Test
AST-5007,2024-08-27,10,1,0.12330410849501229,0,10,default,Test
AST-1041,2024-08-28,0,0,0.3038470440626389,0,10,default,Test
AST-1042,2024-08-28,6,0,0.3663703073723993,0,10,default,Test
AST-2017,2024-08-28,17,1,0.21025451094708517,0,10,default,Test
AST-2031,2024-08-28,4,0,0.42236693224239363,0,10,default,Test
AST-3008,2024-08-28,3,0,0.1509505050283049,0,10,default,Test
AST-3019,2024-08-28,5,0,0.20862737962840003,0,10,default,Test
AST-4055,2024-08-28,0,0,0.2926028877335514,0,10,default,Test
AST-4061,2024-08-28,8,0,0.14245558240788442,0,10,default,Test
AST-5003,2024-08-28,5,0,0.2131009536718878,0,10,default,Test
AST-5007,2024-08-28,5,0,0.1616509581916109,0,10,default,Test
AST-1041,2024-08-29,10,1,0.31605593933381926,0,10,default,Test
AST-1042,2024-08-29,5,0,0.2945079291787328,0,10,default,Test
AST-2017,2024-08-29,3,0,0.18949981562915955,0,10,default,Test
AST-2031,2024-08-29,3,0,0.456052941609414,0,10,default,Test
AST-3008,2024-08-29,3,0,0.16624047365502098,0,10,default,Test
AST-3019,2024-08-29,4,0,0.17564704361720426,0,10,default,Test
AST-4055,2024-08-29,7,0,0.39147117188821867,0,10,default,Test
AST-4061,2024-08-29,13,1,0.1283009361593769,0,10,default,Test
AST-5003,2024-08-29,4,0,0.24094552308666498,0,10,default,Test
AST-5007,2024-08-29,12,1,0.29951889405604176,0,10,default,Test
AST-1041,2024-08-30,4,0,0.26932747941227764,0,10,default,Test
AST-1042,2024-08-30,10,1,0.31581857231531973,0,10,default,Test
AST-2017,2024-08-30,13,1,0.13924095211939108,0,10,default,Test
AST-2031,2024-08-30,10,1,0.43126076008718345,0,10,default,Test
AST-3008,2024-08-30,14,1,0.17328806360846521,0,10,default,Test
AST-3019,2024-08-30,0,0,0.18644424169467694,0,10,default,Test
AST-4055,2024-08-30,3,0,0.26285286530601293,0,10,default,Test
AST-4061,2024-08-30,7,0,0.20416448396546513,0,10,default,Test
AST-5003,2024-08-30,8,0,0.23190983927063236,0,10,default,Test
AST-5007,2024-08-30,8,0,0.12173896728344749,0,10,default,Test
AST-1041,2024-08-31,0,0,0.1604104860940106,0,10,default,Test
AST-1042,2024-08-31,0,0,0.1478035171714484,0,10,default,Test
AST-2017,2024-08-31,0,0,0.10012038564808526,0,10,default,Test
AST-2031,2024-08-31,0,0,0.28774980889842156,0,10,default,Test
AST-3008,2024-08-31,0,0,0.15527025580812875,0,10,default,Test
AST-3019,2024-08-31,0,0,0.10629027942535899,0,10,default,Test
AST-4055,2024-08-31,0,0,0.1780241843102539,0,10,default,Test
AST-4061,2024-08-31,0,0,0.09057325917921107,0,10,default,Test
AST-5003,2024-08-31,0,0,0.1503267465321086,0,10,default,Test
AST-5007,2024-08-31,0,0,0.08455809823740075,0,10,default,Test
AST-1041,2024-09-01,0,0,0.18313764509911928,0,10,default,Test
AST-1042,2024-09-01,0,0,0.20792289837952949,0,10,default,Test
AST-2017,2024-09-01,0,0,0.11953868743907421,0,10,default,Test
AST-2031,2024-09-01,0,0,0.3389204775446067,0,10,default,Test
AST-3008,2024-09-01,0,0,0.09891303604627848,0,10,default,Test
AST-3019,2024-09-01,0,0,0.3157522921503551,0,10,default,Test
AST-4055,2024-09-01,0,0,0.23882690797360834,0,10,default,Test
AST-4061,2024-09-01,0,0,0.07728234996960098,0,10,default,Test
AST-5003,2024-09-01,0,0,0.13344788069527452,0,10,default,Test
AST-5007,2024-09-01,0,0,0.13027247299412628,0,10,default,Test
AST-1041,2024-09-02,0,0,0.36166302243213516,0,10,default,Test
AST-1042,2024-09-02,5,0,0.2593536752181364,0,10,default,Test
AST-2017,2024-09-02,0,0,0.15589442917358443,0,10,default,Test
AST-2031,2024-09-02,6,0,0.33966896847986044,0,10,default,Test
AST-3008,2024-09-02,8,0,0.20543132187357485,0,10,default,Test
AST-3019,2024-09-02,1,0,0.19128202977840203,0,10,default,Test
AST-4055,2024-09-02,12,1,0.355851144919518,0,10,default,Test
AST-4061,2024-09-02,8,0,0.15202290670721896,0,10,default,Test
AST-5003,2024-09-02,14,1,0.23229979133310114,0,10,default,Test
AST-5007,2024-09-02,2,0,0.182795072370504,0,10,default,Test
AST-1041,2024-09-03,9,0,0.2764257104944013,0,10,default,Test
AST-1042,2024-09-03,0,0,0.3446937381674771,0,10,default,Test
AST-2017,2024-09-03,14,1,0.14818221250232302,0,10,default,Test
AST-2031,2024-09-03,14,1,0.33952941678027415,0,10,default,Test
AST-3008,2024-09-03,9,0,0.19794700324736014,0,10,default,Test
AST-3019,2024-09-03,3,0,0.21017146809426251,0,10,default,Test
AST-4055,2024-09-03,8,0,0.3813271671631898,0,10,default,Test
AST-4061,2024-09-03,6,0,0.1282939340055865,0,10,default,Test
AST-5003,2024-09-03,6,0,0.2541718366914471,0,10,default,Test
AST-5007,2024-09-03,3,0,0.12772721301032613,0,10,default,Test
AST-1041,2024-09-04,4,0,0.5153558343602651,1,10,default,Test
AST-1042,2024-09-04,10,1,0.21756946074466627,0,10,default,Test
AST-2017,2024-09-04,8,0,0.14163771291728106,0,10,default,Test
AST-2031,2024-09-04,2,0,0.38892208571122244,0,10,default,Test
AST-3008,2024-09-04,10,1,0.19903584696772922,0,10,default,Test
AST-3019,2024-09-04,5,0,0.14561479048079812,0,10,default,Test
AST-4055,2024-09-04,17,1,0.3199078455375506,0,10,default,Test
AST-4061,2024-09-04,0,0,0.15677819385766611,0,10,default,Test
AST-5003,2024-09-04,9,0,0.18935062377251716,0,10,default,Test
AST-5007,2024-09-04,3,0,0.1132870003674089,0,10,default,Test
AST-1041,2024-09-05,11,1,0.30714532484530077,0,10,default,Test
AST-1042,2024-09-05,3,0,0.29409020918978845,0,10,default,Test
AST-2017,2024-09-05,6,0,0.21321036427317563,0,10,default,Test
AST-2031,2024-09-05,2,0,0.3914722133768172,0,10,default,Test
AST-3008,2024-09-05,2,0,0.1862663453302374,0,10,default,Test
AST-3019,2024-09-05,7,0,0.1287821727711349,0,10,default,Test
AST-4055,2024-09-05,2,0,0.3522360242543876,0,10,default,Test
AST-4061,2024-09-05,0,0,0.14515476435461896,0,10,default,Test
AST-5003,2024-09-05,5,0,0.22136152621294433,0,10,default,Test
AST-5007,2024-09-05,5,0,0.13747083292802778,0,10,default,Test
AST-1041,2024-09-06,6,0,0.3197944526453226,0,10,default,Test
AST-1042,2024-09-06,4,0,0.25086254144615683,0,10,default,Test
AST-2017,2024-09-06,18,1,0.14881270679041358,0,10,default,Test
AST-2031,2024-09-06,4,0,0.46621318384495697,0,10,default,Test
AST-3008,2024-09-06,6,0,0.16147987258858887,0,10,default,Test
AST-3019,2024-09-06,6,0,0.3906756351350209,0,10,default,Test
AST-4055,2024-09-06,15,1,0.36044937622526085,0,10,default,Test
AST-4061,2024-09-06,7,0,0.171139315697663,0,10,default,Test
AST-5003,2024-09-06,8,0,0.2874292332502282,0,10,default,Test
AST-5007,2024-09-06,10,1,0.1385039098396281,0,10,default,Test
AST-1041,2024-09-07,0,0,0.1735676366833673,0,10,default,Test
AST-1042,2024-09-07,0,0,0.19052204493728309,0,10,default,Test
AST-2017,2024-09-07,0,0,0.12498429985309133,0,10,default,Test
AST-2031,2024-09-07,0,0,0.3031043419138391,0,10,default,Test
AST-3008,2024-09-07,0,0,0.13593156884827348,0,10,default,Test
AST-3019,2024-09-07,0,0,0.10266818633556492,0,10,default,Test
AST-4055,2024-09-07,0,0,0.24203858045885285,0,10,default,Test
AST-4061,2024-09-07,0,0,0.07839518291889953,0,10,default,Test
AST-5003,2024-09-07,0,0,0.17836751215130617,0,10,default,Test
AST-5007,2024-09-07,0,0,0.08586716779841715,0,10,default,Test
AST-1041,2024-09-08,0,0,0.177852614438852,0,10,default,Test
AST-1042,2024-09-08,0,0,0.21120639093267538,0,10,default,Test
AST-2017,2024-09-08,0,0,0.11546980007322971,0,10,default,Test
AST-2031,2024-09-08,0,0,0.28789704036121927,0,10,default,Test
AST-3008,2024-09-08,0,0,0.29470714519319463,0,10,default,Test
AST-3019,2024-09-08,0,0,0.08900323074613828,0,10,default,Test
AST-4055,2024-09-08,0,0,0.18842749848576423,0,10,default,Test
AST-4061,2024-09-08,0,0,0.08540741517299552,0,10,default,Test
AST-5003,2024-09-08,0,0,0.19683399454662137,0,10,default,Test
AST-5007,2024-09-08,0,0,0.08520771069452006,0,10,default,Test
AST-1041,2024-09-09,11,1,0.29943724391463655,0,10,default,Test
AST-1042,2024-09-09,8,0,0.29881743895758545,0,10,default,Test
AST-2017,2024-09-09,16,1,0.1697359746434058,0,10,default,Test
AST-2031,2024-09-09,2,0,0.3533183550610084,0,10,default,Test
AST-3008,2024-09-09,8,0,0.17564408134051862,0,10,default,Test
AST-3019,2024-09-09,3,0,0.16290563329401278,0,10,default,Test
AST-4055,2024-09-09,2,0,0.3352625358272527,0,10,default,Test
AST-4061,2024-09-09,4,0,0.15405183453492483,0,10,default,Test
AST-5003,2024-09-09,9,0,0.19515789728322674,0,10,default,Test
AST-5007,2024-09-09,3,0,0.11819702779647674,0,10,default,Test
AST-1041,2024-09-10,0,0,0.32158139113209505,0,10,default,Test
AST-1042,2024-09-10,4,0,0.2767380990722547,0,10,default,Test
AST-2017,2024-09-10,6,0,0.17186417640911672,0,10,default,Test
AST-2031,2024-09-10,10,1,0.3916555299996618,0,10,default,Test
AST-3008,2024-09-10,8,0,0.18533761524311598,0,10,default,Test
AST-3019,2024-09-10,4,0,0.42701913664827423,0,10,default,Test
AST-4055,2024-09-10,1,0,0.3487988601560683,0,10,default,Test
AST-4061,2024-09-10,8,0,0.15303387489999623,0,10,default,Test
AST-5003,2024-09-10,20,1,0.20494915715588297,0,10,default,Test
AST-5007,2024-09-10,5,0,0.15072092052207528,0,10,default,Test
AST-1041,2024-09-11,5,0,0.2693725115016107,0,10,default,Test
AST-1042,2024-09-11,15,1,0.2985004160738008,0,10,default,Test
AST-2017,2024-09-11,5,0,0.20061011341828164,0,10,default,Test
AST-2031,2024-09-11,6,0,0.378814128010285,0,10,default,Test
AST-3008,2024-09-11,11,1,0.20444571002078116,0,10,default,Test
AST-3019,2024-09-11,4,0,0.2116307752626253,0,10,default,Test
AST-4055,2024-09-11,13,1,0.31826416878569574,0,10,default,Test
AST-4061,2024-09-11,0,0,0.13037525030166486,0,10,default,Test
AST-5003,2024-09-11,4,0,0.239591681929589,0,10,default,Test
AST-5007,2024-09-11,10,1,0.15447627265419284,0,10,default,Test
AST-1041,2024-09-12,12,1,0.3211449039297885,0,10,default,Test
AST-1042,2024-09-12,14,1,0.2651079404043529,0,10,default,Test
AST-2017,2024-09-12,4,0,0.16240053893861794,0,10,default,Test
AST-2031,2024-09-12,13,1,0.3502861530700079,0,10,default,Test
AST-3008,2024-09-12,4,0,0.1670065021995884,0,10,default,Test
AST-3019,2024-09-12,6,0,0.14810304944696037,0,10,default,Test
AST-4055,2024-09-12,10,1,0.33180255044408935,0,10,default,Test
AST-4061,2024-09-12,7,0,0.1702661498049202,0,10,default,Test
AST-5003,2024-09-12,10,1,0.24827118682514618,0,10,default,Test
AST-5007,2024-09-12,12,1,0.13085601665407534,0,10,default,Test
AST-1041,2024-09-13,8,0,0.30573617272238424,0,10,default,Test
AST-1042,2024-09-13,10,1,0.5076415468152365,1,10,default,Test
AST-2017,2024-09-13,10,1,0.15081435173745464,0,10,default,Test
AST-2031,2024-09-13,5,0,0.41215614027596026,0,10,default,Test
AST-3008,2024-09-13,3,0,0.1902323065760488,0,10,default,Test
AST-3019,2024-09-13,6,0,0.1739957402164804,0,10,default,Test
AST-4055,2024-09-13,12,1,0.29944208936849526,0,10,default,Test
AST-4061,2024-09-13,11,1,0.14927816736275193,0,10,default,Test
AST-5003,2024-09-13,8,0,0.232484304621688,0,10,default,Test
AST-5007,2024-09-13,4,0,0.1831587422034603,0,10,default,Test
AST-1041,2024-09-14,0,0,0.1558253803482003,0,10,default,Test
AST-1042,2024-09-14,0,0,0.17038124745083033,0,10,default,Test
AST-2017,2024-09-14,0,0,0.11273885309159425,0,10,default,Test
AST-2031,2024-09-14,0,0,0.34015112310338885,0,10,default,Test
AST-3008,2024-09-14,0,0,0.11946859742492426,0,10,default,Test
AST-3019,2024-09-14,0,0,0.11800970620665771,0,10,default,Test
AST-4055,2024-09-14,0,0,0.24952291893473177,0,10,default,Test
AST-4061,2024-09-14,0,0,0.10624661724361739,0,10,default,Test
AST-5003,2024-09-14,0,0,0.14303968599224096,0,10,default,Test
AST-5007,2024-09-14,0,0,0.06752066534142859,0,10,default,Test
AST-1041,2024-09-15,0,0,0.11950484768134033,0,10,default,Test
AST-1042,2024-09-15,0,0,0.19253152288223563,0,10,default,Test
AST-2017,2024-09-15,0,0,0.08905813319400194,0,10,default,Test
AST-2031,2024-09-15,0,0,0.24473673479920816,0,10,default,Test
AST-3008,2024-09-15,0,0,0.09737764730376634,0,10,default,Test
AST-3019,2024-09-15,0,0,0.12007911984608524,0,10,default,Test
AST-4055,2024-09-15,0,0,0.16605345557008575,0,10,default,Test
AST-4061,2024-09-15,0,0,0.07092116131969059,0,10,default,Test
AST-5003,2024-09-15,0,0,0.12683630962962136,0,10,default,Test
AST-5007,2024-09-15,0,0,0.09448745341499445,0,10,default,Test
AST-1041,2024-09-16,6,0,0.3248829569095365,0,10,default,Test
AST-1042,2024-09-16,6,0,0.231802281547128,0,10,default,Test
AST-2017,2024-09-16,4,0,0.17104338464516317,0,10,default,Test
AST-2031,2024-09-16,21,1,0.2979994137219925,0,10,default,Test
AST-3008,2024-09-16,0,0,0.17432518382205536,0,10,default,Test
AST-3019,2024-09-16,4,0,0.1859258486577504,0,10,default,Test
AST-4055,2024-09-16,1,0,0.3077669390494753,0,10,default,Test
AST-4061,2024-09-16,10,1,0.12912034310971396,0,10,default,Test
AST-5003,2024-09-16,9,0,0.22488575359442461,0,10,default,Test
AST-5007,2024-09-16,0,0,0.1421411469875624,0,10,default,Test
AST-1041,2024-09-17,6,0,0.5864206531854872,1,10,default,Test
AST-1042,2024-09-17,2,0,0.2712237726901683,0,10,default,Test
AST-2017,2024-09-17,0,0,0.16318565014112613,0,10,default,Test
AST-2031,2024-09-17,6,0,0.365081280631932,0,10,default,Test
AST-3008,2024-09-17,15,1,0.16080253649337445,0,10,default,Test
AST-3019,2024-09-17,4,0,0.17265957629627993,0,10,default,Test
AST-4055,2024-09-17,13,1,0.3390854963658345,0,10,default,Test
AST-4061,2024-09-17,8,0,0.30355725950475015,0,10,default,Test
AST-5003,2024-09-17,5,0,0.3148911053073891,0,10,default,Test
AST-5007,2024-09-17,10,1,0.14987534562783966,0,10,default,Test
AST-1041,2024-09-18,6,0,0.29295238448333477,0,10,default,Test
AST-1042,2024-09-18,10,1,0.31042318934169977,0,10,default,Test
AST-2017,2024-09-18,0,0,0.16819950837489211,0,10,default,Test
AST-2031,2024-09-18,6,0,0.36556168403874284,0,10,default,Test
AST-3008,2024-09-18,7,0,0.1871506621241767,0,10,default,Test
AST-3019,2024-09-18,0,0,0.18830959343145498,0,10,default,Test
AST-4055,2024-09-18,11,1,0.31028189514659676,0,10,default,Test
AST-4061,2024-09-18,2,0,0.13289468276575994,0,10,default,Test
AST-5003,2024-09-18,12,1,0.2760856821594117,0,10,default,Test
AST-5007,2024-09-18,7,0,0.13040709792716093,0,10,default,Test
AST-1041,2024-09-19,5,0,0.4155266735498105,0,10,default,Test
AST-1042,2024-09-19,8,0,0.22665668297922645,0,10,default,Test
AST-2017,2024-09-19,2,0,0.15927035913123336,0,10,default,Test
AST-2031,2024-09-19,13,1,0.3555818010113345,0,10,default,Test
AST-3008,2024-09-19,9,0,0.1832221163551238,0,10,default,Test
AST-3019,2024-09-19,10,1,0.388716636563879,0,10,default,Test
AST-4055,2024-09-19,12,1,0.3462078585228502,0,10,default,Test
AST-4061,2024-09-19,7,0,0.14620887027457638,0,10,default,Test
AST-5003,2024-09-19,13,1,0.2601941268009258,0,10,default,Test
AST-5007,2024-09-19,7,0,0.18862202923932891,0,10,default,Test
AST-1041,2024-09-20,17,1,0.2988118898209072,0,10,default,Test
AST-1042,2024-09-20,8,0,0.28203259224314453,0,10,default,Test
AST-2017,2024-09-20,6,0,0.15883543568249667,0,10,default,Test
AST-2031,2024-09-20,0,0,0.36482569277797794,0,10,default,Test
AST-3008,2024-09-20,1,0,0.15080052644794126,0,10,default,Test
AST-3019,2024-09-20,0,0,0.19147907439298262,0,10,default,Test
AST-4055,2024-09-20,6,0,0.30701423153136265,0,10,default,Test
AST-4061,2024-09-20,18,1,0.15700745277142789,0,10,default,Test
AST-5003,2024-09-20,13,1,0.41050625322860995,0,10,default,Test
AST-5007,2024-09-20,4,0,0.14856362650378588,0,10,default,Test
AST-1041,2024-09-21,0,0,0.16496417031902566,0,10,default,Test
AST-1042,2024-09-21,0,0,0.20801332561234512,0,10,default,Test
AST-2017,2024-09-21,0,0,0.10425954077571473,0,10,default,Test
AST-2031,2024-09-21,0,0,0.3336443739370146,0,10,default,Test
AST-3008,2024-09-21,0,0,0.12084367686612374,0,10,default,Test
AST-3019,2024-09-21,0,0,0.09099739664498227,0,10,default,Test
AST-4055,2024-09-21,0,0,0.22351740564700037,0,10,default,Test
AST-4061,2024-09-21,0,0,0.07178853276536011,0,10,default,Test
AST-5003,2024-09-21,0,0,0.16496160613643115,0,10,default,Test
AST-5007,2024-09-21,0,0,0.09962053440627655,0,10,default,Test
AST-1041,2024-09-22,0,0,0.15740510699165366,0,10,default,Test
AST-1042,2024-09-22,0,0,0.15972242792865432,0,10,default,Test
AST-2017,2024-09-22,0,0,0.14840082392021864,0,10,default,Test
AST-2031,2024-09-22,0,0,0.3316291850759296,0,10,default,Test
AST-3008,2024-09-22,0,0,0.10762953513462073,0,10,default,Test
AST-3019,2024-09-22,0,0,0.12458526679495538,0,10,default,Test
AST-4055,2024-09-22,0,0,0.24186333735331583,0,10,default,Test
AST-4061,2024-09-22,0,0,0.07973079128473165,0,10,default,Test
AST-5003,2024-09-22,0,0,0.3032695755766193,0,10,default,Test
AST-5007,2024-09-22,0,0,0.09831995488381526,0,10,default,Test
AST-1041,2024-09-23,5,0,0.2861579353138301,0,10,default,Test
AST-1042,2024-09-23,4,0,0.24418923618805058,0,10,default,Test
AST-2017,2024-09-23,7,0,0.1576442079205276,0,10,default,Test
AST-2031,2024-09-23,3,0,0.478833472736465,0,10,default,Test
AST-3008,2024-09-23,5,0,0.2638930302032651,0,10,default,Test
AST-3019,2024-09-23,2,0,0.13861734341926849,0,10,default,Test
AST-4055,2024-09-23,4,0,0.34320459196077563,0,10,default,Test
AST-4061,2024-09-23,8,0,0.16387366366199482,0,10,default,Test
AST-5003,2024-09-23,4,0,0.24835126937929794,0,10,default,Test
AST-5007,2024-09-23,4,0,0.19215523070055382,0,10,default,Test
AST-1041,2024-09-24,9,0,0.3313433350973834,0,10,default,Test
AST-1042,2024-09-24,6,0,0.30936077719029365,0,10,default,Test
AST-2017,2024-09-24,3,0,0.175659047406451,0,10,default,Test
AST-2031,2024-09-24,2,0,0.3591122774508405,0,10,default,Test
AST-3008,2024-09-24,11,1,0.21446350936697095,0,10,default,Test
AST-3019,2024-09-24,11,1,0.1319342543625206,0,10,default,Test
AST-4055,2024-09-24,6,0,0.32012747128796437,0,10,default,Test
AST-4061,2024-09-24,6,0,0.1313157031833805,0,10,default,Test
AST-5003,2024-09-24,8,0,0.26188297339054956,0,10,default,Test
AST-5007,2024-09-24,10,1,0.16390381786161543,0,10,default,Test
AST-1041,2024-09-25,0,0,0.33435197997873317,0,10,default,Test
AST-1042,2024-09-25,11,1,0.23339126721793968,0,10,default,Test
AST-2017,2024-09-25,6,0,0.20435604775554284,0,10,default,Test
AST-2031,2024-09-25,2,0,0.43236037887067635,0,10,default,Test
AST-3008,2024-09-25,5,0,0.22027834982358377,0,10,default,Test
AST-3019,2024-09-25,11,1,0.11934133093708123,0,10,default,Test
AST-4055,2024-09-25,11,1,0.3969023831643043,0,10,default,Test
AST-4061,2024-09-25,18,1,0.3338321384731003,0,10,default,Test
AST-5003,2024-09-25,13,1,0.27122807900821283,0,10,default,Test
AST-5007,2024-09-25,13,1,0.13537583298320993,0,10,default,Test
AST-1041,2024-09-26,4,0,0.4106665386139422,0,10,default,Test
AST-1042,2024-09-26,8,0,0.25987060742003243,0,10,default,Test
AST-2017,2024-09-26,12,1,0.19696245530828313,0,10,default,Test
AST-2031,2024-09-26,8,0,0.4215823823355359,0,10,default,Test
AST-3008,2024-09-26,8,0,0.18784854945597426,0,10,default,Test
AST-3019,2024-09-26,4,0,0.19170298011734288,0,10,default,Test
AST-4055,2024-09-26,3,0,0.36936247677976614,0,10,default,Test
AST-4061,2024-09-26,18,1,0.15076163244647642,0,10,default,Test
AST-5003,2024-09-26,12,1,0.2572988623748433,0,10,default,Test
AST-5007,2024-09-26,0,0,0.12082834222944867,0,10,default,Test
AST-1041,2024-09-27,0,0,0.2670872190394606,0,10,default,Test
AST-1042,2024-09-27,5,0,0.2694983667527439,0,10,default,Test
AST-2017,2024-09-27,6,0,0.2554891256604109,0,10,default,Test
AST-2031,2024-09-27,4,0,0.3858078170867887,0,10,default,Test
AST-3008,2024-09-27,6,0,0.18260785022742182,0,10,default,Test
AST-3019,2024-09-27,3,0,0.16511711639340454,0,10,default,Test
AST-4055,2024-09-27,18,1,0.32516201187399335,0,10,default,Test
AST-4061,2024-09-27,8,0,0.13641135245393154,0,10,default,Test
AST-5003,2024-09-27,8,0,0.2814119243088163,0,10,default,Test
AST-5007,2024-09-27,2,0,0.1526014814397834,0,10,default,Test
AST-1041,2024-09-28,0,0,0.2095679723530787,0,10,default,Test
AST-1042,2024-09-28,0,0,0.17200062181685372,0,10,default,Test
AST-2017,2024-09-28,0,0,0.10122382769693435,0,10,default,Test
AST-2031,2024-09-28,0,0,0.3375421749138355,0,10,default,Test
AST-3008,2024-09-28,0,0,0.18707727057048487,0,10,default,Test
AST-3019,2024-09-28,0,0,0.08661194886942747,0,10,default,Test
AST-4055,2024-09-28,0,0,0.1931092582993776,0,10,default,Test
AST-4061,2024-09-28,0,0,0.0690841836149236,0,10,default,Test
AST-5003,2024-09-28,0,0,0.10813834872950152,0,10,default,Test
AST-5007,2024-09-28,0,0,0.09876991279142174,0,10,default,Test
AST-1041,2024-09-29,0,0,0.1821866205608931,0,10,default,Test
AST-1042,2024-09-29,0,0,0.22303467748328717,0,10,default,Test
AST-2017,2024-09-29,0,0,0.09459134756147894,0,10,default,Test
AST-2031,2024-09-29,0,0,0.2919945791939278,0,10,default,Test
AST-3008,2024-09-29,0,0,0.09732996255985618,0,10,default,Test
AST-3019,2024-09-29,0,0,0.14755878208375825,0,10,default,Test
AST-4055,2024-09-29,0,0,0.24346781794216185,0,10,default,Test
AST-4061,2024-09-29,0,0,0.09159502650156488,0,10,default,Test
AST-5003,2024-09-29,0,0,0.1597544342561257,0,10,default,Test
AST-5007,2024-09-29,0,0,0.11227404598264279,0,10,default,Test
AST-1041,2024-09-30,4,0,0.2775412099831467,0,10,default,Test
AST-1042,2024-09-30,9,0,0.30541682572220474,0,10,default,Test
AST-2017,2024-09-30,8,0,0.18911633293702496,0,10,default,Test
AST-2031,2024-09-30,23,1,0.42693479895067066,0,10,default,Test
AST-3008,2024-09-30,4,0,0.19201830650800825,0,10,default,Test
AST-3019,2024-09-30,6,0,0.15571852122410612,0,10,default,Test
AST-4055,2024-09-30,6,0,0.2709617405046127,0,10,default,Test
AST-4061,2024-09-30,4,0,0.17136523106733886,0,10,default,Test
AST-5003,2024-09-30,14,1,0.5086099762277193,1,10,default,Test
AST-5007,2024-09-30,3,0,0.1802488885930931,0,10,default,Test
AST-1041,2024-10-01,2,0,0.3153688317193454,0,10,default,Test
AST-1042,2024-10-01,11,1,0.26016366071705405,0,10,default,Test
AST-2017,2024-10-01,13,1,0.21643138899390651,0,10,default,Test
AST-2031,2024-10-01,6,0,0.4073386603648422,0,10,default,Test
AST-3008,2024-10-01,14,1,0.37373576501591466,0,10,default,Test
AST-3019,2024-10-01,0,0,0.16535537517195875,0,10,default,Test
AST-4055,2024-10-01,2,0,0.2716837675405772,0,10,default,Test
AST-4061,2024-10-01,8,0,0.17225670401527116,0,10,default,Test
AST-5003,2024-10-01,5,0,0.28148637606763827,0,10,default,Test
AST-5007,2024-10-01,2,0,0.16597392705802963,0,10,default,Test
AST-1041,2024-10-02,0,0,0.29737335424896044,0,10,default,Test
AST-1042,2024-10-02,10,1,0.3003751262274024,0,10,default,Test
AST-2017,2024-10-02,4,0,0.15806635171330347,0,10,default,Test
AST-2031,2024-10-02,21,1,0.3756602852931105,0,10,default,Test
AST-3008,2024-10-02,8,0,0.17123917946657458,0,10,default,Test
AST-3019,2024-10-02,2,0,0.13758570382858465,0,10,default,Test
AST-4055,2024-10-02,4,0,0.40116905919224555,0,10,default,Test
AST-4061,2024-10-02,12,1,0.14314954892790116,0,10,default,Test
AST-5003,2024-10-02,4,0,0.2986744363520457,0,10,default,Test
AST-5007,2024-10-02,6,0,0.14124665140653828,0,10,default,Test
AST-1041,2024-10-03,8,0,0.2991876731297918,0,10,default,Test
AST-1042,2024-10-03,6,0,0.26726536698813264,0,10,default,Test
AST-2017,2024-10-03,13,1,0.19848778670736145,0,10,default,Test
AST-2031,2024-10-03,10,1,0.43478850648997036,0,10,default,Test
AST-3008,2024-10-03,6,0,0.21466980978639125,0,10,default,Test
AST-3019,2024-10-03,18,1,0.24989074199778336,0,10,default,Test
AST-4055,2024-10-03,10,1,0.2972459115861774,0,10,default,Test
AST-4061,2024-10-03,8,0,0.16168684495462263,0,10,default,Test
AST-5003,2024-10-03,10,1,0.22548598423990435,0,10,default,Test
AST-5007,2024-10-03,1,0,0.16423045015479432,0,10,default,Test
AST-1041,2024-10-04,12,1,0.29380105268252277,0,10,default,Test
AST-1042,2024-10-04,6,0,0.3547687529759596,0,10,default,Test
AST-2017,2024-10-04,16,1,0.23480358778897029,0,10,default,Test
AST-2031,2024-10-04,5,0,0.4195429184486923,0,10,default,Test
AST-3008,2024-10-04,6,0,0.19674370602062732,0,10,default,Test
AST-3019,2024-10-04,12,1,0.16164132069020054,0,10,default,Test
AST-4055,2024-10-04,14,1,0.3171124837429964,0,10,default,Test
AST-4061,2024-10-04,7,0,0.16031833401266643,0,10,default,Test
AST-5003,2024-10-04,5,0,0.30294606965810167,0,10,default,Test
AST-5007,2024-10-04,0,0,0.16850068028506945,0,10,default,Test
AST-1041,2024-10-05,0,0,0.266826026835885,0,10,default,Test
AST-1042,2024-10-05,0,0,0.14951834899049318,0,10,default,Test
AST-2017,2024-10-05,0,0,0.1119104070987103,0,10,default,Test
AST-2031,2024-10-05,0,0,0.36377228553806235,0,10,default,Test
AST-3008,2024-10-05,0,0,0.0928221443131883,0,10,default,Test
AST-3019,2024-10-05,0,0,0.09340088312082688,0,10,default,Test
AST-4055,2024-10-05,0,0,0.23292410540551134,0,10,default,Test
AST-4061,2024-10-05,0,0,0.07436817129977971,0,10,default,Test
AST-5003,2024-10-05,0,0,0.20911198843642503,0,10,default,Test
AST-5007,2024-10-05,0,0,0.08584743543327762,0,10,default,Test
AST-1041,2024-10-06,0,0,0.13980340633550375,0,10,default,Test
AST-1042,2024-10-06,0,0,0.15831818115510587,0,10,default,Test
AST-2017,2024-10-06,0,0,0.12389152827286985,0,10,default,Test
AST-2031,2024-10-06,0,0,0.24985360069148752,0,10,default,Test
AST-3008,2024-10-06,0,0,0.12690699703887284,0,10,default,Test
AST-3019,2024-10-06,0,0,0.09122829795460627,0,10,default,Test
AST-4055,2024-10-06,0,0,0.2277761633233641,0,10,default,Test
AST-4061,2024-10-06,0,0,0.08500893352494616,0,10,default,Test
AST-5003,2024-10-06,0,0,0.16161984775333016,0,10,default,Test
AST-5007,2024-10-06,0,0,0.08398111546724317,0,10,default,Test
AST-1041,2024-10-07,8,0,0.31990025224103463,0,10,default,Test
AST-1042,2024-10-07,8,0,0.3345908103772618,0,10,default,Test
AST-2017,2024-10-07,3,0,0.22598222029080656,0,10,default,Test
AST-2031,2024-10-07,6,0,0.37926915669493394,0,10,default,Test
AST-3008,2024-10-07,4,0,0.17129368461644318,0,10,default,Test
AST-3019,2024-10-07,2,0,0.13913256843304683,0,10,default,Test
AST-4055,2024-10-07,16,1,0.33710779491523474,0,10,default,Test
AST-4061,2024-10-07,10,1,0.13072151962063225,0,10,default,Test
AST-5003,2024-10-07,16,1,0.3471160986875708,0,10,default,Test
AST-5007,2024-10-07,0,0,0.13091828879694872,0,10,default,Test
AST-1041,2024-10-08,8,0,0.28406422258085556,0,10,default,Test
AST-1042,2024-10-08,4,0,0.31215448504916027,0,10,default,Test
AST-2017,2024-10-08,6,0,0.21902013420653552,0,10,default,Test
AST-2031,2024-10-08,8,0,0.42697807341190674,0,10,default,Test
AST-3008,2024-10-08,8,0,0.21143953866017623,0,10,default,Test
AST-3019,2024-10-08,8,0,0.14662968231841614,0,10,default,Test
AST-4055,2024-10-08,11,1,0.30980124432091993,0,10,default,Test
AST-4061,2024-10-08,15,1,0.1742043048892411,0,10,default,Test
AST-5003,2024-10-08,6,0,0.24522255805956383,0,10,default,Test
AST-5007,2024-10-08,1,0,0.11713388843342976,0,10,default,Test
AST-1041,2024-10-09,6,0,0.29469415564314194,0,10,default,Test
AST-1042,2024-10-09,6,0,0.28380792065764276,0,10,default,Test
AST-2017,2024-10-09,12,1,0.1874422993943504,0,10,default,Test
AST-2031,2024-10-09,13,1,0.3444713943419753,0,10,default,Test
AST-3008,2024-10-09,14,1,0.41884694715989995,0,10,default,Test
AST-3019,2024-10-09,6,0,0.12849255038383908,0,10,default,Test
AST-4055,2024-10-09,4,0,0.3364289749448793,0,10,default,Test
AST-4061,2024-10-09,7,0,0.14329094071190734,0,10,default,Test
AST-5003,2024-10-09,6,0,0.30749106213978344,0,10,default,Test
AST-5007,2024-10-09,6,0,0.15459035508546135,0,10,default,Test
AST-1041,2024-10-10,2,0,0.31735696336524866,0,10,default,Test
AST-1042,2024-10-10,6,0,0.2627071793971933,0,10,default,Test
AST-2017,2024-10-10,3,0,0.21034824806986846,0,10,default,Test
AST-2031,2024-10-10,2,0,0.3699084103338229,0,10,default,Test
AST-3008,2024-10-10,1,0,0.22250652437178897,0,10,default,Test
AST-3019,2024-10-10,4,0,0.17808351410397438,0,10,default,Test
AST-4055,2024-10-10,0,0,0.3842953863447765,0,10,default,Test
AST-4061,2024-10-10,8,0,0.2046573710996115,0,10,default,Test
AST-5003,2024-10-10,10,1,0.21651597425112168,0,10,default,Test
AST-5007,2024-10-10,11,1,0.16513932484681865,0,10,default,Test
AST-1041,2024-10-11,6,0,0.28665495051906964,0,10,default,Test
AST-1042,2024-10-11,12,1,0.4071598711121871,0,10,default,Test
AST-2017,2024-10-11,6,0,0.13759207675966728,0,10,default,Test
AST-2031,2024-10-11,2,0,0.3848189402777827,0,10,default,Test
AST-3008,2024-10-11,11,1,0.20721512089600266,0,10,default,Test
AST-3019,2024-10-11,3,0,0.21610469842435362,0,10,default,Test
AST-4055,2024-10-11,13,1,0.3441841780874013,0,10,default,Test
AST-4061,2024-10-11,5,0,0.14781632725605354,0,10,default,Test
AST-5003,2024-10-11,12,1,0.2620961001497881,0,10,default,Test
AST-5007,2024-10-11,6,0,0.11434492158218627,0,10,default,Test
AST-1041,2024-10-12,0,0,0.37876288371733424,0,10,default,Test
AST-1042,2024-10-12,0,0,0.19351648065289304,0,10,default,Test
AST-2017,2024-10-12,0,0,0.1107677200711931,0,10,default,Test
AST-2031,2024-10-12,0,0,0.30655595922916373,0,10,default,Test
AST-3008,2024-10-12,0,0,0.12302701958978957,0,10,default,Test
AST-3019,2024-10-12,0,0,0.10028236078876922,0,10,default,Test
AST-4055,2024-10-12,0,0,0.2577065686542124,0,10,default,Test
AST-4061,2024-10-12,0,0,0.09277602238803467,0,10,default,Test
AST-5003,2024-10-12,0,0,0.1298902200207014,0,10,default,Test
AST-5007,2024-10-12,0,0,0.11315252268818381,0,10,default,Test
AST-1041,2024-10-13,0,0,0.1453426822522716,0,10,default,Test
AST-1042,2024-10-13,0,0,0.16576137558398807,0,10,default,Test
AST-2017,2024-10-13,0,0,0.11573292567112395,0,10,default,Test
AST-2031,2024-10-13,0,0,0.2950920591319647,0,10,default,Test
AST-3008,2024-10-13,0,0,0.11275973780106455,0,10,default,Test
AST-3019,2024-10-13,0,0,0.09248654513794596,0,10,default,Test
AST-4055,2024-10-13,0,0,0.17906275584891493,0,10,default,Test
AST-4061,2024-10-13,0,0,0.10714313715766148,0,10,default,Test
AST-5003,2024-10-13,0,0,0.1642607922835367,0,10,default,Test
AST-5007,2024-10-13,0,0,0.10429004008430864,0,10,default,Test
AST-1041,2024-10-14,3,0,0.3563251862710743,0,10,default,Test
AST-1042,2024-10-14,0,0,0.3142456087989038,0,10,default,Test
AST-2017,2024-10-14,7,0,0.1325700321055104,0,10,default,Test
AST-2031,2024-10-14,10,1,0.38442547106743574,0,10,default,Test
AST-3008,2024-10-14,2,0,0.172740329652134,0,10,default,Test
AST-3019,2024-10-14,2,0,0.1839588681168844,0,10,default,Test
AST-4055,2024-10-14,2,0,0.34093523388915115,0,10,default,Test
AST-4061,2024-10-14,1,0,0.18597622783842474,0,10,default,Test
AST-5003,2024-10-14,18,1,0.23056205563960464,0,10,default,Test
AST-5007,2024-10-14,3,0,0.19017325625130346,0,10,default,Test
AST-1041,2024-10-15,6,0,0.35267876441620605,0,10,default,Test
AST-1042,2024-10-15,0,0,0.3041469160564823,0,10,default,Test
AST-2017,2024-10-15,8,0,0.136419251296984,0,10,default,Test
AST-2031,2024-10-15,7,0,0.45997975851183875,0,10,default,Test
AST-3008,2024-10-15,9,0,0.15692025435508322,0,10,default,Test
AST-3019,2024-10-15,12,1,0.16272579639491425,0,10,default,Test
AST-4055,2024-10-15,9,0,0.31888158596441024,0,10,default,Test
AST-4061,2024-10-15,6,0,0.18434587364068225,0,10,default,Test
AST-5003,2024-10-15,14,1,0.21627771762327783,0,10,default,Test
AST-5007,2024-10-15,7,0,0.13625930103035336,0,10,default,Test
AST-1041,2024-10-16,8,0,0.31109945953691837,0,10,default,Test
AST-1042,2024-10-16,6,0,0.3071095350896559,0,10,default,Test
AST-2017,2024-10-16,5,0,0.19609204338271138,0,10,default,Test
AST-2031,2024-10-16,2,0,0.36537299336469437,0,10,default,Test
AST-3008,2024-10-16,10,1,0.19819995739637333,0,10,default,Test
AST-3019,2024-10-16,14,1,0.13378059915288226,0,10,default,Test
AST-4055,2024-10-16,10,1,0.29025958560895954,0,10,default,Test
AST-4061,2024-10-16,4,0,0.154609896493873,0,10,default,Test
AST-5003,2024-10-16,8,0,0.27669662713131815,0,10,default,Test
AST-5007,2024-10-16,7,0,0.1724723066422316,0,10,default,Test
AST-1041,2024-10-17,10,1,0.32497837350672587,0,10,default,Test
AST-1042,2024-10-17,0,0,0.3227934270603432,0,10,default,Test
AST-2017,2024-10-17,6,0,0.1752812912191996,0,10,default,Test
AST-2031,2024-10-17,9,0,0.4247710397396572,0,10,default,Test
AST-3008,2024-10-17,8,0,0.21868986034659096,0,10,default,Test
AST-3019,2024-10-17,14,1,0.15464601493598268,0,10,default,Test
AST-4055,2024-10-17,9,0,0.4007893632172218,0,10,default,Test
AST-4061,2024-10-17,6,0,0.15411802017008466,0,10,default,Test
AST-5003,2024-10-17,4,0,0.26349758467978107,0,10,default,Test
AST-5007,2024-10-17,3,0,0.15666379818234472,0,10,default,Test
AST-1041,2024-10-18,3,0,0.35255300877813056,0,10,default,Test
AST-1042,2024-10-18,6,0,0.2897929929315059,0,10,default,Test
AST-2017,2024-10-18,18,1,0.15091894476926795,0,10,default,Test
AST-2031,2024-10-18,8,0,0.43952336554446925,0,10,default,Test
AST-3008,2024-10-18,3,0,0.18661579371967255,0,10,default,Test
AST-3019,2024-10-18,12,1,0.1064711297717246,0,10,default,Test
AST-4055,2024-10-18,12,1,0.2643434580603288,0,10,default,Test
AST-4061,2024-10-18,2,0,0.15537356985681192,0,10,default,Test
AST-5003,2024-10-18,1,0,0.23453286957439645,0,10,default,Test
AST-5007,2024-10-18,8,0,0.14056104547373421,0,10,default,Test
AST-1041,2024-10-19,0,0,0.20844848611377445,0,10,default,Test
AST-1042,2024-10-19,0,0,0.17091759218232283,0,10,default,Test
AST-2017,2024-10-19,0,0,0.13503394898812812,0,10,default,Test
AST-2031,2024-10-19,0,0,0.27550672836954676,0,10,default,Test
AST-3008,2024-10-19,0,0,0.13899939113952675,0,10,default,Test
AST-3019,2024-10-19,0,0,0.10068174941122691,0,10,default,Test
AST-4055,2024-10-19,0,0,0.23818029979472416,0,10,default,Test
AST-4061,2024-10-19,0,0,0.10786423697547469,0,10,default,Test
AST-5003,2024-10-19,0,0,0.14149756562250962,0,10,default,Test
AST-5007,2024-10-19,0,0,0.08009950256735192,0,10,default,Test
AST-1041,2024-10-20,0,0,0.18610912268846674,0,10,default,Test
AST-1042,2024-10-20,0,0,0.25013383764653546,0,10,default,Test
AST-2017,2024-10-20,0,0,0.10760845889247371,0,10,default,Test
AST-2031,2024-10-20,0,0,0.36626572095300486,0,10,default,Test
AST-3008,2024-10-20,0,0,0.11552773762828562,0,10,default,Test
AST-3019,2024-10-20,0,0,0.11363972732589875,0,10,default,Test
AST-4055,2024-10-20,0,0,0.2539807889975966,0,10,default,Test
AST-4061,2024-10-20,0,0,0.2793282638535127,0,10,default,Test
AST-5003,2024-10-20,0,0,0.12002941546691273,0,10,default,Test
AST-5007,2024-10-20,0,0,0.09406626193890714,0,10,default,Test
AST-1041,2024-10-21,5,0,0.3256947297986062,0,10,default,Test
AST-1042,2024-10-21,7,0,0.26042244203745574,0,10,default,Test
AST-2017,2024-10-21,2,0,0.20237497073757404,0,10,default,Test
AST-2031,2024-10-21,8,0,0.4043493273996432,0,10,default,Test
AST-3008,2024-10-21,5,0,0.22294581800317662,0,10,default,Test
AST-3019,2024-10-21,0,0,0.2033925370321659,0,10,default,Test
AST-4055,2024-10-21,14,1,0.31504790711613007,0,10,default,Test
AST-4061,2024-10-21,8,0,0.13729839463154386,0,10,default,Test
AST-5003,2024-10-21,8,0,0.2135037677138143,0,10,default,Test
AST-5007,2024-10-21,4,0,0.14185293739172403,0,10,default,Test
AST-1041,2024-10-22,0,0,0.3283188754093699,0,10,default,Test
AST-1042,2024-10-22,4,0,0.29323360790168873,0,10,default,Test
AST-2017,2024-10-22,7,0,0.1745499055042664,0,10,default,Test
AST-2031,2024-10-22,9,0,0.4055841986068223,0,10,default,Test
AST-3008,2024-10-22,10,1,0.17505716234566976,0,10,default,Test
AST-3019,2024-10-22,6,0,0.19243818863819537,0,10,default,Test
AST-4055,2024-10-22,12,1,0.2822203245866642,0,10,default,Test
AST-4061,2024-10-22,12,1,0.16341403365672716,0,10,default,Test
AST-5003,2024-10-22,6,0,0.21481165626808893,0,10,default,Test
AST-5007,2024-10-22,0,0,0.12691345345399102,0,10,default,Test
AST-1041,2024-10-23,6,0,0.2634092013466609,0,10,default,Test
AST-1042,2024-10-23,4,0,0.26813554016672797,0,10,default,Test
AST-2017,2024-10-23,13,1,0.31049802992554026,0,10,default,Test
AST-2031,2024-10-23,8,0,0.4145197122369849,0,10,default,Test
AST-3008,2024-10-23,12,1,0.19001775034303772,0,10,default,Test
AST-3019,2024-10-23,4,0,0.16431546528684193,0,10,default,Test
AST-4055,2024-10-23,11,1,0.36990994414727824,0,10,default,Test
AST-4061,2024-10-23,22,1,0.15645415882090663,0,10,default,Test
AST-5003,2024-10-23,9,0,0.2673930118477388,0,10,default,Test
AST-5007,2024-10-23,1,0,0.13985373014517286,0,10,default,Test
AST-1041,2024-10-24,11,1,0.3202798126719959,0,10,default,Test
AST-1042,2024-10-24,2,0,0.2452020486698209,0,10,default,Test
AST-2017,2024-10-24,21,1,0.2143793171425714,0,10,default,Test
AST-2031,2024-10-24,2,0,0.4093848622049383,0,10,default,Test
AST-3008,2024-10-24,6,0,0.19829664135619607,0,10,default,Test
AST-3019,2024-10-24,9,0,0.20813174578079932,0,10,default,Test
AST-4055,2024-10-24,2,0,0.2766006020199296,0,10,default,Test
AST-4061,2024-10-24,4,0,0.14494563100668764,0,10,default,Test
AST-5003,2024-10-24,4,0,0.24390686453783675,0,10,default,Test
AST-5007,2024-10-24,1,0,0.11224043637655129,0,10,default,Test
AST-1041,2024-10-25,14,1,0.2635922192271523,0,10,default,Test
AST-1042,2024-10-25,15,1,0.26725009409370487,0,10,default,Test
AST-2017,2024-10-25,11,1,0.17383761206309414,0,10,default,Test
AST-2031,2024-10-25,0,0,0.4165436780163844,0,10,default,Test
AST-3008,2024-10-25,8,0,0.23151977934234286,0,10,default,Test
AST-3019,2024-10-25,9,0,0.1453226722089834,0,10,default,Test
AST-4055,2024-10-25,11,1,0.26801221784001383,0,10,default,Test
AST-4061,2024-10-25,4,0,0.14622291997682066,0,10,default,Test
AST-5003,2024-10-25,5,0,0.20722742487952714,0,10,default,Test
AST-5007,2024-10-25,6,0,0.15693912495009713,0,10,default,Test
AST-1041,2024-10-26,0,0,0.16802544288907495,0,10,default,Test
AST-1042,2024-10-26,0,0,0.20079974500695175,0,10,default,Test
AST-2017,2024-10-26,0,0,0.12604134117749627,0,10,default,Test
AST-2031,2024-10-26,0,0,0.262453466479773,0,10,default,Test
AST-3008,2024-10-26,0,0,0.10830811196659608,0,10,default,Test
AST-3019,2024-10-26,0,0,0.08901679804989207,0,10,default,Test
AST-4055,2024-10-26,0,0,0.26639182859821287,0,10,default,Test
AST-4061,2024-10-26,0,0,0.08253444443625037,0,10,default,Test
AST-5003,2024-10-26,0,0,0.14480584577368938,0,10,default,Test
AST-5007,2024-10-26,0,0,0.0939972173659874,0,10,default,Test
AST-1041,2024-10-27,0,0,0.2014804250208115,0,10,default,Test
AST-1042,2024-10-27,0,0,0.19660254142902392,0,10,default,Test
AST-2017,2024-10-27,0,0,0.13120504095431537,0,10,default,Test
AST-2031,2024-10-27,0,0,0.3234396634360642,0,10,default,Test
AST-3008,2024-10-27,0,0,0.1195824951888636,0,10,default,Test
AST-3019,2024-10-27,0,0,0.13627723810985684,0,10,default,Test
AST-4055,2024-10-27,0,0,0.22587369710897992,0,10,default,Test
AST-4061,2024-10-27,0,0,0.09890395889554843,0,10,default,Test
AST-5003,2024-10-27,0,0,0.4206728431835226,0,10,default,Test
AST-5007,2024-10-27,0,0,0.08210641400953093,0,10,default,Test
AST-1041,2024-10-28,0,0,0.3014239467091266,0,10,default,Test
AST-1042,2024-10-28,8,0,0.2591011612629449,0,10,default,Test
AST-2017,2024-10-28,7,0,0.14850358430610452,0,10,default,Test
AST-2031,2024-10-28,4,0,0.38227200680177403,0,10,default,Test
AST-3008,2024-10-28,5,0,0.20459258547385917,0,10,default,Test
AST-3019,2024-10-28,9,0,0.19498249921699087,0,10,default,Test
AST-4055,2024-10-28,9,0,0.3405454657255929,0,10,default,Test
AST-4061,2024-10-28,2,0,0.15072287344308233,0,10,default,Test
AST-5003,2024-10-28,14,1,0.27341156676244266,0,10,default,Test
AST-5007,2024-10-28,11,1,0.1628308756989772,0,10,default,Test
AST-1041,2024-10-29,5,0,0.3507634884572524,0,10,default,Test
AST-1042,2024-10-29,5,0,0.2795849497822181,0,10,default,Test
AST-2017,2024-10-29,14,1,0.3616963394753159,0,10,default,Test
AST-2031,2024-10-29,2,0,0.39684968258165326,0,10,default,Test
AST-3008,2024-10-29,8,0,0.1819797738612003,0,10,default,Test
AST-3019,2024-10-29,6,0,0.17786617680983532,0,10,default,Test
AST-4055,2024-10-29,3,0,0.2789751522661284,0,10,default,Test
AST-4061,2024-10-29,4,0,0.11698302586927714,0,10,default,Test
AST-5003,2024-10-29,3,0,0.2859049009598599,0,10,default,Test
AST-5007,2024-10-29,0,0,0.1477125270559111,0,10,default,Test
AST-1041,2024-10-30,4,0,0.2695219203302508,0,10,default,Test
AST-1042,2024-10-30,9,0,0.2520630903696903,0,10,default,Test
AST-2017,2024-10-30,7,0,0.1471776945128904,0,10,default,Test
AST-2031,2024-10-30,12,1,0.37545568571498067,0,10,default,Test
AST-3008,2024-10-30,1,0,0.1845528700185507,0,10,default,Test
AST-3019,2024-10-30,9,0,0.15982268624105644,0,10,default,Test
AST-4055,2024-10-30,8,0,0.3315448410658525,0,10,default,Test
AST-4061,2024-10-30,7,0,0.1941859314244699,0,10,default,Test
AST-5003,2024-10-30,19,1,0.22665654936298482,0,10,default,Test
AST-5007,2024-10-30,10,1,0.12266321821248256,0,10,default,Test
AST-1041,2024-10-31,6,0,0.25864783319338425,0,10,default,Test
AST-1042,2024-10-31,12,1,0.2600586923293412,0,10,default,Test
AST-2017,2024-10-31,6,0,0.18214396393844154,0,10,default,Test
AST-2031,2024-10-31,0,0,0.36656158975005765,0,10,default,Test
AST-3008,2024-10-31,4,0,0.18601443070800788,0,10,default,Test
AST-3019,2024-10-31,6,0,0.14408862182590815,0,10,default,Test
AST-4055,2024-10-31,6,0,0.3982594786456323,0,10,default,Test
AST-4061,2024-10-31,2,0,0.16526148509295024,0,10,default,Test
AST-5003,2024-10-31,10,1,0.21921944970977336,0,10,default,Test
AST-5007,2024-10-31,4,0,0.1553345114345994,0,10,default,Test
AST-1041,2024-11-01,6,0,0.28615729206678847,0,10,default,Test
AST-1042,2024-11-01,1,0,0.30259744002229133,0,10,default,Test
AST-2017,2024-11-01,7,0,0.15947604255733294,0,10,default,Test
AST-2031,2024-11-01,8,0,0.3962365090478363,0,10,default,Test
AST-3008,2024-11-01,8,0,0.20216341998517773,0,10,default,Test
AST-3019,2024-11-01,5,0,0.1376491598237073,0,10,default,Test
AST-4055,2024-11-01,7,0,0.2877965904206245,0,10,default,Test
AST-4061,2024-11-01,10,1,0.10821749735537287,0,10,default,Test
AST-5003,2024-11-01,3,0,0.2671337220022622,0,10,default,Test
AST-5007,2024-11-01,5,0,0.15173676900092833,0,10,default,Test
AST-1041,2024-11-02,0,0,0.18992993950960094,0,10,default,Test
AST-1042,2024-11-02,0,0,0.2565220275841047,0,10,default,Test
AST-2017,2024-11-02,0,0,0.11466265886373699,0,10,default,Test
AST-2031,2024-11-02,0,0,0.25391959661323577,0,10,default,Test
AST-3008,2024-11-02,0,0,0.07915919327188141,0,10,default,Test
AST-3019,2024-11-02,0,0,0.09975584190398422,0,10,default,Test
AST-4055,2024-11-02,0,0,0.23642605383549797,0,10,default,Test
AST-4061,2024-11-02,0,0,0.1306724318182582,0,10,default,Test
AST-5003,2024-11-02,0,0,0.13416828619775192,0,10,default,Test
AST-5007,2024-11-02,0,0,0.10264032368011544,0,10,default,Test
AST-1041,2024-11-03,0,0,0.1788194898804438,0,10,default,Test
AST-1042,2024-11-03,0,0,0.18097989188564548,0,10,default,Test
AST-2017,2024-11-03,0,0,0.11105035358422372,0,10,default,Test
AST-2031,2024-11-03,0,0,0.32113203470537804,0,10,default,Test
AST-3008,2024-11-03,0,0,0.10628764154982018,0,10,default,Test
AST-3019,2024-11-03,0,0,0.0964628408347126,0,10,default,Test
AST-4055,2024-11-03,0,0,0.1725689578541473,0,10,default,Test
AST-4061,2024-11-03,0,0,0.07573928432700788,0,10,default,Test
AST-5003,2024-11-03,0,0,0.21385832626531548,0,10,default,Test
AST-5007,2024-11-03,0,0,0.18963237331544516,0,10,default,Test
AST-1041,2024-11-04,1,0,0.3181653192465881,0,10,default,Test
AST-1042,2024-11-04,12,1,0.24113656326701824,0,10,default,Test
AST-2017,2024-11-04,9,0,0.1823868952342609,0,10,default,Test
AST-2031,2024-11-04,4,0,0.44888398362708365,0,10,default,Test
AST-3008,2024-11-04,6,0,0.20107210752884913,0,10,default,Test
AST-3019,2024-11-04,0,0,0.14149974582062652,0,10,default,Test
AST-4055,2024-11-04,6,0,0.39544872929727265,0,10,default,Test
AST-4061,2024-11-04,2,0,0.14125335420345378,0,10,default,Test
AST-5003,2024-11-04,2,0,0.2065347349878653,0,10,default,Test
AST-5007,2024-11-04,10,1,0.22133671508643032,0,10,default,Test
AST-1041,2024-11-05,3,0,0.2685082721920599,0,10,default,Test
AST-1042,2024-11-05,9,0,0.32642494971958697,0,10,default,Test
AST-2017,2024-11-05,15,1,0.23129278508969026,0,10,default,Test
AST-2031,2024-11-05,11,1,0.3505357046338026,0,10,default,Test
AST-3008,2024-11-05,11,1,0.19709271424499658,0,10,default,Test
AST-3019,2024-11-05,18,1,0.21207451142035114,0,10,default,Test
AST-4055,2024-11-05,12,1,0.2873446752045123,0,10,default,Test
AST-4061,2024-11-05,16,1,0.17032530091679363,0,10,default,Test
AST-5003,2024-11-05,12,1,0.28272769783055574,0,10,default,Test
AST-5007,2024-11-05,4,0,0.13351201893245987,0,10,default,Test
AST-1041,2024-11-06,8,0,0.31515955157481446,0,10,default,Test
AST-1042,2024-11-06,4,0,0.3198166111850299,0,10,default,Test
AST-2017,2024-11-06,12,1,0.1445627174630237,0,10,default,Test
AST-2031,2024-11-06,8,0,0.4382693685607521,0,10,default,Test
AST-3008,2024-11-06,4,0,0.1700476936561471,0,10,default,Test
AST-3019,2024-11-06,2,0,0.14723698947703776,0,10,default,Test
AST-4055,2024-11-06,14,1,0.34950909757089343,0,10,default,Test
AST-4061,2024-11-06,8,0,0.16036718339617817,0,10,default,Test
AST-5003,2024-11-06,18,1,0.2363463422214834,0,10,default,Test
AST-5007,2024-11-06,6,0,0.1302339327999206,0,10,default,Test
AST-1041,2024-11-07,0,0,0.27920792639340725,0,10,default,Test
AST-1042,2024-11-07,8,0,0.29423192521080777,0,10,default,Test
AST-2017,2024-11-07,16,1,0.17897913193666087,0,10,default,Test
AST-2031,2024-11-07,8,0,0.38863191051010576,0,10,default,Test
AST-3008,2024-11-07,11,1,0.2314239986963008,0,10,default,Test
AST-3019,2024-11-07,9,0,0.16777795031743883,0,10,default,Test
AST-4055,2024-11-07,8,0,0.35236635551291284,0,10,default,Test
AST-4061,2024-11-07,6,0,0.2321761355988638,0,10,default,Test
AST-5003,2024-11-07,10,1,0.22373211562007955,0,10,default,Test
AST-5007,2024-11-07,4,0,0.24517804694173478,0,10,default,Test
AST-1041,2024-11-08,4,0,0.28123518241129375,0,10,default,Test
AST-1042,2024-11-08,5,0,0.26122387100527594,0,10,default,Test
AST-2017,2024-11-08,1,0,0.13172730140731262,0,10,default,Test
AST-2031,2024-11-08,6,0,0.345032195422236,0,10,default,Test
AST-3008,2024-11-08,8,0,0.1654319740816452,0,10,default,Test
AST-3019,2024-11-08,4,0,0.18017550385224404,0,10,default,Test
AST-4055,2024-11-08,11,1,0.3238011354727931,0,10,default,Test
AST-4061,2024-11-08,0,0,0.12291835715505378,0,10,default,Test
AST-5003,2024-11-08,6,0,0.27564759816585904,0,10,default,Test
AST-5007,2024-11-08,4,0,0.14797567172069542,0,10,default,Test
AST-1041,2024-11-09,0,0,0.18753822738715425,0,10,default,Test
AST-1042,2024-11-09,0,0,0.16113422604209948,0,10,default,Test
AST-2017,2024-11-09,0,0,0.1285534949537706,0,10,default,Test
AST-2031,2024-11-09,0,0,0.3014501727411585,0,10,default,Test
AST-3008,2024-11-09,0,0,0.19515464108392955,0,10,default,Test
AST-3019,2024-11-09,0,0,0.09914066727122132,0,10,default,Test
AST-4055,2024-11-09,0,0,0.21821224186413574,0,10,default,Test
AST-4061,2024-11-09,0,0,0.12400502063700754,0,10,default,Test
AST-5003,2024-11-09,0,0,0.1295895084557044,0,10,default,Test
AST-5007,2024-11-09,0,0,0.08410106020402741,0,10,default,Test
AST-1041,2024-11-10,0,0,0.15854269254221778,0,10,default,Test
AST-1042,2024-11-10,0,0,0.22922809041954204,0,10,default,Test
AST-2017,2024-11-10,0,0,0.10931063694529869,0,10,default,Test
AST-2031,2024-11-10,0,0,0.32373743069967365,0,10,default,Test
AST-3008,2024-11-10,0,0,0.20844744352829336,0,10,default,Test
AST-3019,2024-11-10,0,0,0.11308010671528122,0,10,default,Test
AST-4055,2024-11-10,0,0,0.19182049521775854,0,10,default,Test
AST-4061,2024-11-10,0,0,0.11566610150124297,0,10,default,Test
AST-5003,2024-11-10,0,0,0.18035734564958905,0,10,default,Test
AST-5007,2024-11-10,0,0,0.1178999671405339,0,10,default,Test
AST-1041,2024-11-11,10,1,0.3068576715417931,0,10,default,Test
AST-1042,2024-11-11,8,0,0.2729679242017054,0,10,default,Test
AST-2017,2024-11-11,7,0,0.17645191357536338,0,10,default,Test
AST-2031,2024-11-11,4,0,0.40946429539756846,0,10,default,Test
AST-3008,2024-11-11,4,0,0.19804868020964522,0,10,default,Test
AST-3019,2024-11-11,3,0,0.20847962742822956,0,10,default,Test
AST-4055,2024-11-11,8,0,0.33566918682238034,0,10,default,Test
AST-4061,2024-11-11,6,0,0.1364877048602776,0,10,default,Test
AST-5003,2024-11-11,8,0,0.3349919735837984,0,10,default,Test
AST-5007,2024-11-11,7,0,0.10614831357115684,0,10,default,Test
AST-1041,2024-11-12,14,1,0.5887644630425303,1,10,default,Test
AST-1042,2024-11-12,6,0,0.20009956944839233,0,10,default,Test
AST-2017,2024-11-12,7,0,0.15110183892563683,0,10,default,Test
AST-2031,2024-11-12,10,1,0.3732760196217136,0,10,default,Test
AST-3008,2024-11-12,11,1,0.21523249466348968,0,10,default,Test
AST-3019,2024-11-12,7,0,0.16640651430531178,0,10,default,Test
AST-4055,2024-11-12,13,1,0.2728834471482269,0,10,default,Test
AST-4061,2024-11-12,16,1,0.16188152978072734,0,10,default,Test
AST-5003,2024-11-12,9,0,0.26336924580466603,0,10,default,Test
AST-5007,2024-11-12,5,0,0.31850532777231655,0,10,default,Test
AST-1041,2024-11-13,10,1,0.3111550301034361,0,10,default,Test
AST-1042,2024-11-13,7,0,0.278789316062759,0,10,default,Test
AST-2017,2024-11-13,2,0,0.2217084611652216,0,10,default,Test
AST-2031,2024-11-13,4,0,0.435443340012935,0,10,default,Test
AST-3008,2024-11-13,10,1,0.1749823467234055,0,10,default,Test
AST-3019,2024-11-13,7,0,0.40088705046548256,0,10,default,Test
AST-4055,2024-11-13,1,0,0.32331311566728815,0,10,default,Test
AST-4061,2024-11-13,13,1,0.13114066143905737,0,10,default,Test
AST-5003,2024-11-13,9,0,0.2731001882001284,0,10,default,Test
AST-5007,2024-11-13,0,0,0.15082060058073524,0,10,default,Test
AST-1041,2024-11-14,5,0,0.3759103960990003,0,10,default,Test
AST-1042,2024-11-14,3,0,0.3323350015536378,0,10,default,Test
AST-2017,2024-11-14,5,0,0.20270958226567976,0,10,default,Test
AST-2031,2024-11-14,8,0,0.4104610800116286,0,10,default,Test
AST-3008,2024-11-14,3,0,0.16642939451805147,0,10,default,Test
AST-3019,2024-11-14,11,1,0.22590786300328272,0,10,default,Test
AST-4055,2024-11-14,2,0,0.3307463329397859,0,10,default,Test
AST-4061,2024-11-14,2,0,0.1613883659823388,0,10,default,Test
AST-5003,2024-11-14,9,0,0.28508349874751104,0,10,default,Test
AST-5007,2024-11-14,9,0,0.15457952277453274,0,10,default,Test
AST-1041,2024-11-15,2,0,0.3093556709746824,0,10,default,Test
AST-1042,2024-11-15,5,0,0.2893904461449949,0,10,default,Test
AST-2017,2024-11-15,5,0,0.17869988419359625,0,10,default,Test
AST-2031,2024-11-15,6,0,0.43293570762633554,0,10,default,Test
AST-3008,2024-11-15,11,1,0.2232579188756232,0,10,default,Test
AST-3019,2024-11-15,2,0,0.15554415140150443,0,10,default,Test
AST-4055,2024-11-15,14,1,0.36266027971816656,0,10,default,Test
AST-4061,2024-11-15,8,0,0.1583582676963656,0,10,default,Test
AST-5003,2024-11-15,10,1,0.20101429674620894,0,10,default,Test
AST-5007,2024-11-15,7,0,0.18777325966677916,0,10,default,Test
AST-1041,2024-11-16,0,0,0.2093306908326069,0,10,default,Test
AST-1042,2024-11-16,0,0,0.3091673362232952,0,10,default,Test
AST-2017,2024-11-16,0,0,0.14583627220279635,0,10,default,Test
AST-2031,2024-11-16,0,0,0.36726093044278685,0,10,default,Test
AST-3008,2024-11-16,0,0,0.11414496821602406,0,10,default,Test
AST-3019,2024-11-16,0,0,0.10634335186847838,0,10,default,Test
AST-4055,2024-11-16,0,0,0.3018338012050342,0,10,default,Test
AST-4061,2024-11-16,0,0,0.104623941878335,0,10,default,Test
AST-5003,2024-11-16,0,0,0.14246054210192335,0,10,default,Test
AST-5007,2024-11-16,0,0,0.07933111587756173,0,10,default,Test
AST-1041,2024-11-17,0,0,0.13165534873982132,0,10,default,Test
AST-1042,2024-11-17,0,0,0.17899103306005654,0,10,default,Test
AST-2017,2024-11-17,0,0,0.09287550544702582,0,10,default,Test
AST-2031,2024-11-17,0,0,0.2687286344187333,0,10,default,Test
AST-3008,2024-11-17,0,0,0.19287822314090308,0,10,default,Test
AST-3019,2024-11-17,0,0,0.11417537758505503,0,10,default,Test
AST-4055,2024-11-17,0,0,0.21880060247540004,0,10,default,Test
AST-4061,2024-11-17,0,0,0.06369857537560597,0,10,default,Test
AST-5003,2024-11-17,0,0,0.13807155736353696,0,10,default,Test
AST-5007,2024-11-17,0,0,0.09183582000815803,0,10,default,Test
AST-1041,2024-11-18,9,0,0.27039954356380486,0,10,default,Test
AST-1042,2024-11-18,9,0,0.251662379327593,0,10,default,Test
AST-2017,2024-11-18,8,0,0.1612863856667905,0,10,default,Test
AST-2031,2024-11-18,7,0,0.39469153342818236,0,10,default,Test
AST-3008,2024-11-18,4,0,0.23031625350814813,0,10,default,Test
AST-3019,2024-11-18,6,0,0.16001647464652227,0,10,default,Test
AST-4055,2024-11-18,21,1,0.33204482600072505,0,10,default,Test
AST-4061,2024-11-18,5,0,0.17008482862139732,0,10,default,Test
AST-5003,2024-11-18,5,0,0.21558288853967297,0,10,default,Test
AST-5007,2024-11-18,7,0,0.10872384356317318,0,10,default,Test
AST-1041,2024-11-19,10,1,0.2838144362891064,0,10,default,Test
AST-1042,2024-11-19,11,1,0.3090648409551373,0,10,default,Test
AST-2017,2024-11-19,5,0,0.16283881210791545,0,10,default,Test
AST-2031,2024-11-19,10,1,0.3883056426147901,0,10,default,Test
AST-3008,2024-11-19,11,1,0.25949038022038695,0,10,default,Test
AST-3019,2024-11-19,2,0,0.15969977161628568,0,10,default,Test
AST-4055,2024-11-19,11,1,0.37048546118984543,0,10,default,Test
AST-4061,2024-11-19,4,0,0.18615981855293132,0,10,default,Test
AST-5003,2024-11-19,10,1,0.26038839436539274,0,10,default,Test
AST-5007,2024-11-19,1,0,0.11628522384216565,0,10,default,Test
AST-1041,2024-11-20,12,1,0.2712685002350458,0,10,default,Test
AST-1042,2024-11-20,4,0,0.2845525316805758,0,10,default,Test
AST-2017,2024-11-20,6,0,0.14153038410274998,0,10,default,Test
AST-2031,2024-11-20,8,0,0.4322480463705349,0,10,default,Test
AST-3008,2024-11-20,8,0,0.35212511839509847,0,10,default,Test
AST-3019,2024-11-20,0,0,0.18720253555530997,0,10,default,Test
AST-4055,2024-11-20,3,0,0.37207639678029114,0,10,default,Test
AST-4061,2024-11-20,11,1,0.15467277867558107,0,10,default,Test
AST-5003,2024-11-20,20,1,0.2918048900473667,0,10,default,Test
AST-5007,2024-11-20,0,0,0.14279143200555136,0,10,default,Test
AST-1041,2024-11-21,6,0,0.3456076583374268,0,10,default,Test
AST-1042,2024-11-21,6,0,0.2500746911718048,0,10,default,Test
AST-2017,2024-11-21,9,0,0.15027883230084849,0,10,default,Test
AST-2031,2024-11-21,17,1,0.3818767585744678,0,10,default,Test
AST-3008,2024-11-21,4,0,0.14538939784832897,0,10,default,Test
AST-3019,2024-11-21,6,0,0.16094701346811946,0,10,default,Test
AST-4055,2024-11-21,8,0,0.3198916365753012,0,10,default,Test
AST-4061,2024-11-21,4,0,0.12430972820311394,0,10,default,Test
AST-5003,2024-11-21,12,1,0.2102393999220781,0,10,default,Test
AST-5007,2024-11-21,6,0,0.14319759599709614,0,10,default,Test
AST-1041,2024-11-22,12,1,0.2871278677147306,0,10,default,Test
AST-1042,2024-11-22,6,0,0.3111687881830415,0,10,default,Test
AST-2017,2024-11-22,7,0,0.15196866484322527,0,10,default,Test
AST-2031,2024-11-22,0,0,0.41847238642792084,0,10,default,Test
AST-3008,2024-11-22,2,0,0.1922673415469544,0,10,default,Test
AST-3019,2024-11-22,4,0,0.2053107528961444,0,10,default,Test
AST-4055,2024-11-22,9,0,0.31893272490951063,0,10,default,Test
AST-4061,2024-11-22,6,0,0.1881726785754251,0,10,default,Test
AST-5003,2024-11-22,15,1,0.2827740382493726,0,10,default,Test
AST-5007,2024-11-22,2,0,0.11204322131123243,0,10,default,Test
AST-1041,2024-11-23,0,0,0.20461694341097378,0,10,default,Test
AST-1042,2024-11-23,0,0,0.21028973962004643,0,10,default,Test
AST-2017,2024-11-23,0,0,0.09473039091586752,0,10,default,Test
AST-2031,2024-11-23,0,0,0.24998028205418976,0,10,default,Test
AST-3008,2024-11-23,0,0,0.1462826800421312,0,10,default,Test
AST-3019,2024-11-23,0,0,0.11491715868064195,0,10,default,Test
AST-4055,2024-11-23,0,0,0.2647061788385282,0,10,default,Test
AST-4061,2024-11-23,0,0,0.07342888342347034,0,10,default,Test
AST-5003,2024-11-23,0,0,0.15015648867559214,0,10,default,Test
AST-5007,2024-11-23,0,0,0.0789275586478948,0,10,default,Test
AST-1041,2024-11-24,0,0,0.19197201221782767,0,10,default,Test
AST-1042,2024-11-24,0,0,0.18391822679975478,0,10,default,Test
AST-2017,2024-11-24,0,0,0.11303821747381587,0,10,default,Test
AST-2031,2024-11-24,0,0,0.3406368053366494,0,10,default,Test
AST-3008,2024-11-24,0,0,0.15677070414216085,0,10,default,Test
AST-3019,2024-11-24,0,0,0.14233448510171068,0,10,default,Test
AST-4055,2024-11-24,0,0,0.1685218514963159,0,10,default,Test
AST-4061,2024-11-24,0,0,0.0791292207320539,0,10,default,Test
AST-5003,2024-11-24,0,0,0.1419001131498676,0,10,default,Test
AST-5007,2024-11-24,0,0,0.10803574064644136,0,10,default,Test
AST-1041,2024-11-25,4,0,0.28426351636995734,0,10,default,Test
AST-1042,2024-11-25,6,0,0.285500308502148,0,10,default,Test
AST-2017,2024-11-25,5,0,0.19543928102786173,0,10,default,Test
AST-2031,2024-11-25,8,0,0.4227710881662724,0,10,default,Test
AST-3008,2024-11-25,3,0,0.18934071898439683,0,10,default,Test
AST-3019,2024-11-25,8,0,0.2158093071133988,0,10,default,Test
AST-4055,2024-11-25,7,0,0.357337936653692,0,10,default,Test
AST-4061,2024-11-25,4,0,0.1104621738101854,0,10,default,Test
AST-5003,2024-11-25,9,0,0.2602412594932377,0,10,default,Test
AST-5007,2024-11-25,6,0,0.1524050755224943,0,10,default,Test
AST-1041,2024-11-26,2,0,0.3134356755091207,0,10,default,Test
AST-1042,2024-11-26,4,0,0.2698443702867779,0,10,default,Test
AST-2017,2024-11-26,4,0,0.17954082077828654,0,10,default,Test
AST-2031,2024-11-26,8,0,0.3860756152177775,0,10,default,Test
AST-3008,2024-11-26,5,0,0.21679088326268553,0,10,default,Test
AST-3019,2024-11-26,5,0,0.16855034413198877,0,10,default,Test
AST-4055,2024-11-26,15,1,0.28440285646738467,0,10,default,Test
AST-4061,2024-11-26,3,0,0.16003002060914537,0,10,default,Test
AST-5003,2024-11-26,9,0,0.29570321093043817,0,10,default,Test
AST-5007,2024-11-26,10,1,0.13773813669704124,0,10,default,Test
AST-1041,2024-11-27,6,0,0.3064248875591283,0,10,default,Test
AST-1042,2024-11-27,4,0,0.31601070645962187,0,10,default,Test
AST-2017,2024-11-27,11,1,0.2053313522242255,0,10,default,Test
AST-2031,2024-11-27,15,1,0.36367827736622715,0,10,default,Test
AST-3008,2024-11-27,5,0,0.2182522472234198,0,10,default,Test
AST-3019,2024-11-27,6,0,0.18080742380015333,0,10,default,Test
AST-4055,2024-11-27,2,0,0.3177513250299596,0,10,default,Test
AST-4061,2024-11-27,6,0,0.12426052439755939,0,10,default,Test
AST-5003,2024-11-27,15,1,0.20595062818087384,0,10,default,Test
AST-5007,2024-11-27,10,1,0.13343751101851264,0,10,default,Test
AST-1041,2024-11-28,11,1,0.38065013653609403,0,10,default,Test
AST-1042,2024-11-28,8,0,0.3131792977421289,0,10,default,Test
AST-2017,2024-11-28,11,1,0.17930654897554021,0,10,default,Test
AST-2031,2024-11-28,9,0,0.3828736636419139,0,10,default,Test
AST-3008,2024-11-28,4,0,0.18304202809319745,0,10,default,Test
AST-3019,2024-11-28,6,0,0.19670776972744702,0,10,default,Test
AST-4055,2024-11-28,8,0,0.3329508748717239,0,10,default,Test
AST-4061,2024-11-28,6,0,0.1125104710774175,0,10,default,Test
AST-5003,2024-11-28,12,1,0.2633216591727789,0,10,default,Test
AST-5007,2024-11-28,9,0,0.1393168946486448,0,10,default,Test
AST-1041,2024-11-29,8,0,0.24413140209442624,0,10,default,Test
AST-1042,2024-11-29,2,0,0.29585439554139786,0,10,default,Test
AST-2017,2024-11-29,8,0,0.18330026068573393,0,10,default,Test
AST-2031,2024-11-29,10,1,0.41891150067899596,0,10,default,Test
AST-3008,2024-11-29,0,0,0.19266053569275626,0,10,default,Test
AST-3019,2024-11-29,6,0,0.1601504470755912,0,10,default,Test
AST-4055,2024-11-29,13,1,0.32146294913056256,0,10,default,Test
AST-4061,2024-11-29,6,0,0.1649533419045949,0,10,default,Test
AST-5003,2024-11-29,11,1,0.2958641974263754,0,10,default,Test
AST-5007,2024-11-29,0,0,0.18790295684517164,0,10,default,Test
AST-1041,2024-11-30,0,0,0.14276987129061708,0,10,default,Test
AST-1042,2024-11-30,0,0,0.26150992117567884,0,10,default,Test
AST-2017,2024-11-30,0,0,0.11022981101676657,0,10,default,Test
AST-2031,2024-11-30,0,0,0.3440576965858231,0,10,default,Test
AST-3008,2024-11-30,0,0,0.09789319509545148,0,10,default,Test
AST-3019,2024-11-30,0,0,0.14620448564972557,0,10,default,Test
AST-4055,2024-11-30,0,0,0.23426369031623645,0,10,default,Test
AST-4061,2024-11-30,0,0,0.07590767059750556,0,10,default,Test
AST-5003,2024-11-30,0,0,0.16564364714172755,0,10,default,Test
AST-5007,2024-11-30,0,0,0.12178916478721241,0,10,default,Test
AST-1041,2024-12-01,0,0,0.15909154582403368,0,10,default,Test
AST-1042,2024-12-01,0,0,0.19783492692572288,0,10,default,Test
AST-2017,2024-12-01,0,0,0.13038405852391088,0,10,default,Test
AST-2031,2024-12-01,0,0,0.3909370215226038,0,10,default,Test
AST-3008,2024-12-01,0,0,0.0930929979385397,0,10,default,Test
AST-3019,2024-12-01,0,0,0.09687000157954608,0,10,default,Test
AST-4055,2024-12-01,0,0,0.2241954553602486,0,10,default,Test
AST-4061,2024-12-01,0,0,0.10139577143382837,0,10,default,Test
AST-5003,2024-12-01,0,0,0.1301314776099872,0,10,default,Test
AST-5007,2024-12-01,0,0,0.11637922267750486,0,10,default,Test
AST-1041,2024-12-02,7,0,0.2841004592532087,0,10,default,Test
AST-1042,2024-12-02,12,1,0.27506983523533035,0,10,default,Test
AST-2017,2024-12-02,11,1,0.1971698135867362,0,10,default,Test
AST-2031,2024-12-02,2,0,0.4122170802337562,0,10,default,Test
AST-3008,2024-12-02,12,1,0.20936427866235485,0,10,default,Test
AST-3019,2024-12-02,4,0,0.16044904001824328,0,10,default,Test
AST-4055,2024-12-02,7,0,0.3664146487801232,0,10,default,Test
AST-4061,2024-12-02,9,0,0.16422879434752236,0,10,default,Test
AST-5003,2024-12-02,6,0,0.2680040643767733,0,10,default,Test
AST-5007,2024-12-02,5,0,0.17961354319315834,0,10,default,Test
AST-1041,2024-12-03,7,0,0.3241047076517473,0,10,default,Test
AST-1042,2024-12-03,4,0,0.25515503035103315,0,10,default,Test
AST-2017,2024-12-03,10,1,0.193821739341159,0,10,default,Test
AST-2031,2024-12-03,4,0,0.39419899894465654,0,10,default,Test
AST-3008,2024-12-03,2,0,0.20753701951557177,0,10,default,Test
AST-3019,2024-12-03,0,0,0.16941960925640565,0,10,default,Test
AST-4055,2024-12-03,13,1,0.2835057233901841,0,10,default,Test
AST-4061,2024-12-03,12,1,0.15746299067409228,0,10,default,Test
AST-5003,2024-12-03,9,0,0.26190144673105775,0,10,default,Test
AST-5007,2024-12-03,3,0,0.1414728918572213,0,10,default,Test
AST-1041,2024-12-04,4,0,0.3258384352473354,0,10,default,Test
AST-1042,2024-12-04,8,0,0.33096339129447566,0,10,default,Test
AST-2017,2024-12-04,17,1,0.20021949848654902,0,10,default,Test
AST-2031,2024-12-04,10,1,0.4537330259141666,0,10,default,Test
AST-3008,2024-12-04,4,0,0.17421202623399448,0,10,default,Test
AST-3019,2024-12-04,6,0,0.17149356036655097,0,10,default,Test
AST-4055,2024-12-04,10,1,0.28019607753460296,0,10,default,Test
AST-4061,2024-12-04,4,0,0.1588893127330849,0,10,default,Test
AST-5003,2024-12-04,8,0,0.26137461413788166,0,10,default,Test
AST-5007,2024-12-04,12,1,0.13985727174161033,0,10,default,Test
AST-1041,2024-12-05,5,0,0.29064460975400636,0,10,default,Test
AST-1042,2024-12-05,4,0,0.3021187833255183,0,10,default,Test
AST-2017,2024-12-05,5,0,0.18882698973943435,0,10,default,Test
AST-2031,2024-12-05,7,0,0.48909127727421947,0,10,default,Test
AST-3008,2024-12-05,9,0,0.20735040328901494,0,10,default,Test
AST-3019,2024-12-05,18,1,0.18083464952171985,0,10,default,Test
AST-4055,2024-12-05,6,0,0.3182674166928864,0,10,default,Test
AST-4061,2024-12-05,10,1,0.16633423891925467,0,10,default,Test
AST-5003,2024-12-05,8,0,0.26157751525721534,0,10,default,Test
AST-5007,2024-12-05,9,0,0.14222174327017498,0,10,default,Test
AST-1041,2024-12-06,6,0,0.32562330691363456,0,10,default,Test
AST-1042,2024-12-06,10,1,0.23927737350751174,0,10,default,Test
AST-2017,2024-12-06,15,1,0.2370145233795115,0,10,default,Test
AST-2031,2024-12-06,6,0,0.39994538880348884,0,10,default,Test
AST-3008,2024-12-06,4,0,0.18927458459388216,0,10,default,Test
AST-3019,2024-12-06,2,0,0.14325373388053603,0,10,default,Test
AST-4055,2024-12-06,5,0,0.32732729807727007,0,10,default,Test
AST-4061,2024-12-06,4,0,0.12903700997936507,0,10,default,Test
AST-5003,2024-12-06,9,0,0.20553866173458651,0,10,default,Test
AST-5007,2024-12-06,0,0,0.14278882741388704,0,10,default,Test
AST-1041,2024-12-07,0,0,0.20651097101021107,0,10,default,Test
AST-1042,2024-12-07,0,0,0.18739121181971746,0,10,default,Test
AST-2017,2024-12-07,0,0,0.12573701755607364,0,10,default,Test
AST-2031,2024-12-07,0,0,0.2959014261463318,0,10,default,Test
AST-3008,2024-12-07,0,0,0.11201413407075163,0,10,default,Test
AST-3019,2024-12-07,0,0,0.11429783854603282,0,10,default,Test
AST-4055,2024-12-07,0,0,0.2685045010025952,0,10,default,Test
AST-4061,2024-12-07,0,0,0.25291945811426786,0,10,default,Test
AST-5003,2024-12-07,0,0,0.1741953667583474,0,10,default,Test
AST-5007,2024-12-07,0,0,0.11191266016070459,0,10,default,Test
AST-1041,2024-12-08,0,0,0.18784238251686944,0,10,default,Test
AST-1042,2024-12-08,0,0,0.2434772599921403,0,10,default,Test
AST-2017,2024-12-08,0,0,0.10782672018449714,0,10,default,Test
AST-2031,2024-12-08,0,0,0.2994465350020942,0,10,default,Test
AST-3008,2024-12-08,0,0,0.10179163401697916,0,10,default,Test
AST-3019,2024-12-08,0,0,0.09017506739416994,0,10,default,Test
AST-4055,2024-12-08,0,0,0.3257211767194907,0,10,default,Test
AST-4061,2024-12-08,0,0,0.10170163535694098,0,10,default,Test
AST-5003,2024-12-08,0,0,0.15004126767961568,0,10,default,Test
AST-5007,2024-12-08,0,0,0.10699543330327538,0,10,default,Test
AST-1041,2024-12-09,4,0,0.34735738449325865,0,10,default,Test
AST-1042,2024-12-09,7,0,0.3474435235399645,0,10,default,Test
AST-2017,2024-12-09,4,0,0.16762064817703243,0,10,default,Test
AST-2031,2024-12-09,3,0,0.39038375435174044,0,10,default,Test
AST-3008,2024-12-09,4,0,0.22223074463389356,0,10,default,Test
AST-3019,2024-12-09,2,0,0.33487919563686946,0,10,default,Test
AST-4055,2024-12-09,3,0,0.34230105525093674,0,10,default,Test
AST-4061,2024-12-09,24,1,0.1473974262655942,0,10,default,Test
AST-5003,2024-12-09,12,1,0.25040813468755224,0,10,default,Test
AST-5007,2024-12-09,12,1,0.17681374761811505,0,10,default,Test
AST-1041,2024-12-10,4,0,0.3083923039276773,0,10,default,Test
AST-1042,2024-12-10,24,1,0.3602685496695704,0,10,default,Test
AST-2017,2024-12-10,18,1,0.1843918984006769,0,10,default,Test
AST-2031,2024-12-10,7,0,0.386444864706413,0,10,default,Test
AST-3008,2024-12-10,10,1,0.17304420296200965,0,10,default,Test
AST-3019,2024-12-10,3,0,0.33291717773513135,0,10,default,Test
AST-4055,2024-12-10,20,1,0.2812775753405283,0,10,default,Test
AST-4061,2024-12-10,8,0,0.14390393350172706,0,10,default,Test
AST-5003,2024-12-10,6,0,0.2000752529078272,0,10,default,Test
AST-5007,2024-12-10,2,0,0.13190035963032212,0,10,default,Test
AST-1041,2024-12-11,6,0,0.2785991455312767,0,10,default,Test
AST-1042,2024-12-11,0,0,0.27301093058240644,0,10,default,Test
AST-2017,2024-12-11,13,1,0.15185892771942475,0,10,default,Test
AST-2031,2024-12-11,8,0,0.37544709049178787,0,10,default,Test
AST-3008,2024-12-11,9,0,0.1756684596196685,0,10,default,Test
AST-3019,2024-12-11,16,1,0.16101589671218372,0,10,default,Test
AST-4055,2024-12-11,3,0,0.33754037724293745,0,10,default,Test
AST-4061,2024-12-11,3,0,0.2052161470362693,0,10,default,Test
AST-5003,2024-12-11,3,0,0.1720482211123588,0,10,default,Test
AST-5007,2024-12-11,3,0,0.15151558562689627,0,10,default,Test
AST-1041,2024-12-12,12,1,0.3305302199646165,0,10,default,Test
AST-1042,2024-12-12,14,1,0.33925524633778736,0,10,default,Test
AST-2017,2024-12-12,11,1,0.16812282397997505,0,10,default,Test
AST-2031,2024-12-12,4,0,0.41917905808013517,0,10,default,Test
AST-3008,2024-12-12,10,1,0.2374593807383263,0,10,default,Test
AST-3019,2024-12-12,6,0,0.16974093428207526,0,10,default,Test
AST-4055,2024-12-12,10,1,0.29192785093654494,0,10,default,Test
AST-4061,2024-12-12,18,1,0.17738362442123654,0,10,default,Test
AST-5003,2024-12-12,10,1,0.20845306895775687,0,10,default,Test
AST-5007,2024-12-12,2,0,0.15270661507845443,0,10,default,Test
AST-1041,2024-12-13,1,0,0.283883916950269,0,10,default,Test
AST-1042,2024-12-13,10,1,0.34784420298116725,0,10,default,Test
AST-2017,2024-12-13,11,1,0.1537368299556773,0,10,default,Test
AST-2031,2024-12-13,4,0,0.3490564991886414,0,10,default,Test
AST-3008,2024-12-13,7,0,0.19727999085880377,0,10,default,Test
AST-3019,2024-12-13,8,0,0.14749916285529144,0,10,default,Test
AST-4055,2024-12-13,12,1,0.30900669855012236,0,10,default,Test
AST-4061,2024-12-13,4,0,0.1321696381347216,0,10,default,Test
AST-5003,2024-12-13,9,0,0.22668744199458837,0,10,default,Test
AST-5007,2024-12-13,2,0,0.1746266599100476,0,10,default,Test
AST-1041,2024-12-14,0,0,0.15398087632526483,0,10,default,Test
AST-1042,2024-12-14,0,0,0.17798387768979046,0,10,default,Test
AST-2017,2024-12-14,0,0,0.11734166220425386,0,10,default,Test
AST-2031,2024-12-14,0,0,0.2682843143789374,0,10,default,Test
AST-3008,2024-12-14,0,0,0.11836647873884835,0,10,default,Test
AST-3019,2024-12-14,0,0,0.09227490861742556,0,10,default,Test
AST-4055,2024-12-14,0,0,0.19742934631548323,0,10,default,Test
AST-4061,2024-12-14,0,0,0.10131619900726864,0,10,default,Test
AST-5003,2024-12-14,0,0,0.18729717505522614,0,10,default,Test
AST-5007,2024-12-14,0,0,0.059968909353175004,0,10,default,Test
AST-1041,2024-12-15,0,0,0.2106979750905352,0,10,default,Test
AST-1042,2024-12-15,0,0,0.19216528874626662,0,10,default,Test
AST-2017,2024-12-15,0,0,0.10755273344069811,0,10,default,Test
AST-2031,2024-12-15,0,0,0.31962789972384215,0,10,default,Test
AST-3008,2024-12-15,0,0,0.10647092917177428,0,10,default,Test
AST-3019,2024-12-15,0,0,0.09813028152682955,0,10,default,Test
AST-4055,2024-12-15,0,0,0.2023239606047498,0,10,default,Test
AST-4061,2024-12-15,0,0,0.09227408156366404,0,10,default,Test
AST-5003,2024-12-15,0,0,0.13399336147337895,0,10,default,Test
AST-5007,2024-12-15,0,0,0.10189276334033256,0,10,default,Test
AST-1041,2024-12-16,10,1,0.23113397639347863,0,10,default,Test
AST-1042,2024-12-16,6,0,0.24725710541785226,0,10,default,Test
AST-2017,2024-12-16,6,0,0.1453330961450773,0,10,default,Test
AST-2031,2024-12-16,6,0,0.42036266806080164,0,10,default,Test
AST-3008,2024-12-16,12,1,0.2188541191587231,0,10,default,Test
AST-3019,2024-12-16,11,1,0.14846776703708253,0,10,default,Test
AST-4055,2024-12-16,10,1,0.36047623049057975,0,10,default,Test
AST-4061,2024-12-16,0,0,0.1839331185084896,0,10,default,Test
AST-5003,2024-12-16,1,0,0.29724347408234447,0,10,default,Test
AST-5007,2024-12-16,6,0,0.138697042022595,0,10,default,Test
AST-1041,2024-12-17,4,0,0.29114702706977535,0,10,default,Test
AST-1042,2024-12-17,4,0,0.30064743857312787,0,10,default,Test
AST-2017,2024-12-17,15,1,0.1533475725574814,0,10,default,Test
AST-2031,2024-12-17,12,1,0.40953621242560145,0,10,default,Test
AST-3008,2024-12-17,4,0,0.19526673088248855,0,10,default,Test
AST-3019,2024-12-17,7,0,0.19640694829016087,0,10,default,Test
AST-4055,2024-12-17,10,1,0.3903941557985771,0,10,default,Test
AST-4061,2024-12-17,8,0,0.15936833302233983,0,10,default,Test
AST-5003,2024-12-17,0,0,0.27659242801522377,0,10,default,Test
AST-5007,2024-12-17,4,0,0.13828531370628658,0,10,default,Test
AST-1041,2024-12-18,5,0,0.26133369545168,0,10,default,Test
AST-1042,2024-12-18,6,0,0.31542040838937285,0,10,default,Test
AST-2017,2024-12-18,16,1,0.2249137607925414,0,10,default,Test
AST-2031,2024-12-18,10,1,0.4263267262155531,0,10,default,Test
AST-3008,2024-12-18,6,0,0.42240523624975307,0,10,default,Test
AST-3019,2024-12-18,8,0,0.18946228838275364,0,10,default,Test
AST-4055,2024-12-18,9,0,0.3015096589192249,0,10,default,Test
AST-4061,2024-12-18,10,1,0.16052444356425974,0,10,default,Test
AST-5003,2024-12-18,4,0,0.19659280012336972,0,10,default,Test
AST-5007,2024-12-18,2,0,0.14760782449542106,0,10,default,Test
AST-1041,2024-12-19,6,0,0.30376469939843065,0,10,default,Test
AST-1042,2024-12-19,10,1,0.3080735942969048,0,10,default,Test
AST-2017,2024-12-19,3,0,0.21507252410924987,0,10,default,Test
AST-2031,2024-12-19,0,0,0.3882032772159806,0,10,default,Test
AST-3008,2024-12-19,9,0,0.35101781453181685,0,10,default,Test
AST-3019,2024-12-19,8,0,0.14864594268881914,0,10,default,Test
AST-4055,2024-12-19,11,1,0.3540384747741331,0,10,default,Test
AST-4061,2024-12-19,7,0,0.17545470415339648,0,10,default,Test
AST-5003,2024-12-19,10,1,0.2629267179671773,0,10,default,Test
AST-5007,2024-12-19,16,1,0.12272531644313453,0,10,default,Test
AST-1041,2024-12-20,4,0,0.3088371597389777,0,10,default,Test
AST-1042,2024-12-20,4,0,0.28592419916494066,0,10,default,Test
AST-2017,2024-12-20,8,0,0.18776206037207366,0,10,default,Test
AST-2031,2024-12-20,14,1,0.2591554115649937,0,10,default,Test
AST-3008,2024-12-20,6,0,0.40919169392535437,0,10,default,Test
AST-3019,2024-12-20,6,0,0.17549098498961907,0,10,default,Test
AST-4055,2024-12-20,10,1,0.32344010000985735,0,10,default,Test
AST-4061,2024-12-20,6,0,0.1759807036520845,0,10,default,Test
AST-5003,2024-12-20,10,1,0.23259147430144617,0,10,default,Test
AST-5007,2024-12-20,6,0,0.16217348934599937,0,10,default,Test
AST-1041,2024-12-21,0,0,0.1444177186951524,0,10,default,Test
AST-1042,2024-12-21,0,0,0.1794202843834654,0,10,default,Test
AST-2017,2024-12-21,0,0,0.1131832415744009,0,10,default,Test
AST-2031,2024-12-21,0,0,0.26390571599806295,0,10,default,Test
AST-3008,2024-12-21,0,0,0.1192557243288272,0,10,default,Test
AST-3019,2024-12-21,0,0,0.10336492533333654,0,10,default,Test
AST-4055,2024-12-21,0,0,0.22026116646291602,0,10,default,Test
AST-4061,2024-12-21,0,0,0.09028327217726534,0,10,default,Test
AST-5003,2024-12-21,0,0,0.13730244197509794,0,10,default,Test
AST-5007,2024-12-21,0,0,0.11195079288100052,0,10,default,Test
AST-1041,2024-12-22,0,0,0.15349459716847433,0,10,default,Test
AST-1042,2024-12-22,0,0,0.20314001409019572,0,10,default,Test
AST-2017,2024-12-22,0,0,0.1272865108006488,0,10,default,Test
AST-2031,2024-12-22,0,0,0.3393083359676912,0,10,default,Test
AST-3008,2024-12-22,0,0,0.1137821771807221,0,10,default,Test
AST-3019,2024-12-22,0,0,0.11426912855790974,0,10,default,Test
AST-4055,2024-12-22,0,0,0.28464410313267213,0,10,default,Test
AST-4061,2024-12-22,0,0,0.09648315655397963,0,10,default,Test
AST-5003,2024-12-22,0,0,0.15590555433509892,0,10,default,Test
AST-5007,2024-12-22,0,0,0.09654635865030874,0,10,default,Test
AST-1041,2024-12-23,6,0,0.2965823930861205,0,10,default,Test
AST-1042,2024-12-23,2,0,0.26530582117204005,0,10,default,Test
AST-2017,2024-12-23,17,1,0.3420021434335673,0,10,default,Test
AST-2031,2024-12-23,3,0,0.36148659600735733,0,10,default,Test
AST-3008,2024-12-23,4,0,0.1963944130782379,0,10,default,Test
AST-3019,2024-12-23,7,0,0.1919113926065729,0,10,default,Test
AST-4055,2024-12-23,6,0,0.318376121286669,0,10,default,Test
AST-4061,2024-12-23,12,1,0.15032260624522195,0,10,default,Test
AST-5003,2024-12-23,11,1,0.23514594853922904,0,10,default,Test
AST-5007,2024-12-23,2,0,0.15683270339650973,0,10,default,Test
AST-1041,2024-12-24,18,1,0.40106568928593345,0,10,default,Test
AST-1042,2024-12-24,6,0,0.2873386133584953,0,10,default,Test
AST-2017,2024-12-24,10,1,0.16264217747470977,0,10,default,Test
AST-2031,2024-12-24,2,0,0.44309776139656554,0,10,default,Test
AST-3008,2024-12-24,6,0,0.20203147945012268,0,10,default,Test
AST-3019,2024-12-24,4,0,0.15561817978910816,0,10,default,Test
AST-4055,2024-12-24,14,1,0.3219320203094504,0,10,default,Test
AST-4061,2024-12-24,5,0,0.1272413968874425,0,10,default,Test
AST-5003,2024-12-24,2,0,0.18064064499377933,0,10,default,Test
AST-5007,2024-12-24,12,1,0.18740072579423853,0,10,default,Test
AST-1041,2024-12-25,4,0,0.3610357591693895,0,10,default,Test
AST-1042,2024-12-25,4,0,0.25393712544986263,0,10,default,Test
AST-2017,2024-12-25,12,1,0.1652365640047883,0,10,default,Test
AST-2031,2024-12-25,15,1,0.4406932342975284,0,10,default,Test
AST-3008,2024-12-25,8,0,0.20897660101705084,0,10,default,Test
AST-3019,2024-12-25,12,1,0.16742661730422692,0,10,default,Test
AST-4055,2024-12-25,10,1,0.34884810268846006,0,10,default,Test
AST-4061,2024-12-25,1,0,0.1446114558108524,0,10,default,Test
AST-5003,2024-12-25,11,1,0.2082874485774942,0,10,default,Test
AST-5007,2024-12-25,10,1,0.13619487237717953,0,10,default,Test
AST-1041,2024-12-26,2,0,0.2907491674243001,0,10,default,Test
AST-1042,2024-12-26,4,0,0.29513105740647555,0,10,default,Test
AST-2017,2024-12-26,19,1,0.1733764790715687,0,10,default,Test
AST-2031,2024-12-26,8,0,0.3924727192846821,0,10,default,Test
AST-3008,2024-12-26,2,0,0.17684653739669706,0,10,default,Test
AST-3019,2024-12-26,0,0,0.19252279393866983,0,10,default,Test
AST-4055,2024-12-26,14,1,0.3990114895871242,0,10,default,Test
AST-4061,2024-12-26,6,0,0.18728485540802448,0,10,default,Test
AST-5003,2024-12-26,1,0,0.2189574640039951,0,10,default,Test
AST-5007,2024-12-26,7,0,0.1528982237111748,0,10,default,Test
AST-1041,2024-12-27,7,0,0.2907836527173309,0,10,default,Test
AST-1042,2024-12-27,8,0,0.2905065088353125,0,10,default,Test
AST-2017,2024-12-27,11,1,0.1432566540802984,0,10,default,Test
AST-2031,2024-12-27,8,0,0.3807837489720947,0,10,default,Test
AST-3008,2024-12-27,3,0,0.18940278112139514,0,10,default,Test
AST-3019,2024-12-27,8,0,0.12388675202429401,0,10,default,Test
AST-4055,2024-12-27,12,1,0.3159801560583651,0,10,default,Test
AST-4061,2024-12-27,18,1,0.21908475815111073,0,10,default,Test
AST-5003,2024-12-27,16,1,0.23956290468134767,0,10,default,Test
AST-5007,2024-12-27,1,0,0.1282715263159437,0,10,default,Test
AST-1041,2024-12-28,0,0,0.16012111587338138,0,10,default,Test
AST-1042,2024-12-28,0,0,0.20076056155381744,0,10,default,Test
AST-2017,2024-12-28,0,0,0.09864252268278687,0,10,default,Test
AST-2031,2024-12-28,0,0,0.2965908892870988,0,10,default,Test
AST-3008,2024-12-28,0,0,0.10753035523527153,0,10,default,Test
AST-3019,2024-12-28,0,0,0.13117665705455656,0,10,default,Test
AST-4055,2024-12-28,0,0,0.2441615863804464,0,10,default,Test
AST-4061,2024-12-28,0,0,0.1947440263751553,0,10,default,Test
AST-5003,2024-12-28,0,0,0.16705620286807454,0,10,default,Test
AST-5007,2024-12-28,0,0,0.1249488695263647,0,10,default,Test
AST-1041,2024-12-29,0,0,0.139885635342391,0,10,default,Test
AST-1042,2024-12-29,0,0,0.16536904883907344,0,10,default,Test
AST-2017,2024-12-29,0,0,0.11099485740332014,0,10,default,Test
AST-2031,2024-12-29,0,0,0.30575814865057327,0,10,default,Test
AST-3008,2024-12-29,0,0,0.10489955659997137,0,10,default,Test
AST-3019,2024-12-29,0,0,0.0999529270512045,0,10,default,Test
AST-4055,2024-12-29,0,0,0.2508016121650171,0,10,default,Test
AST-4061,2024-12-29,0,0,0.08859480179941158,0,10,default,Test
AST-5003,2024-12-29,0,0,0.14361846985631468,0,10,default,Test
AST-5007,2024-12-29,0,0,0.09605175556027046,0,10,default,Test
AST-1041,2024-12-30,4,0,0.519362445737122,1,10,default,Test
AST-1042,2024-12-30,2,0,0.33433486612530866,0,10,default,Test
AST-2017,2024-12-30,7,0,0.1766808201309404,0,10,default,Test
AST-2031,2024-12-30,2,0,0.3974449450211789,0,10,default,Test
AST-3008,2024-12-30,0,0,0.231715033944362,0,10,default,Test
AST-3019,2024-12-30,0,0,0.22270993587138418,0,10,default,Test
AST-4055,2024-12-30,11,1,0.381352065720368,0,10,default,Test
AST-4061,2024-12-30,8,0,0.334854962186949,0,10,default,Test
AST-5003,2024-12-30,10,1,0.2689897260262197,0,10,default,Test
AST-5007,2024-12-30,6,0,0.13916006795790367,0,10,default,Test
AST-1041,2024-12-31,1,0,0.2687015958902351,0,10,default,Test
AST-1042,2024-12-31,5,0,0.27797018881471164,0,10,default,Test
AST-2017,2024-12-31,12,1,0.18653275261503474,0,10,default,Test
AST-2031,2024-12-31,11,1,0.31873828665404347,0,10,default,Test
AST-3008,2024-12-31,4,0,0.24715171071563885,0,10,default,Test
AST-3019,2024-12-31,12,1,0.187434649708397,0,10,default,Test
AST-4055,2024-12-31,10,1,0.34029875914013435,0,10,default,Test
AST-4061,2024-12-31,7,0,0.10062956642304736,0,10,default,Test
AST-5003,2024-12-31,10,1,0.3140226518593893,0,10,default,Test
AST-5007,2024-12-31,3,0,0.1692032309756316,0,10,default,Test
AST-1041,2025-01-01,6,0,0.32568833589966395,0,10,default,Test
AST-1042,2025-01-01,10,1,0.2538170181597104,0,10,default,Test
AST-2017,2025-01-01,6,0,0.16487824161572331,0,10,default,Test
AST-2031,2025-01-01,17,1,0.389478881177058,0,10,default,Test
AST-3008,2025-01-01,7,0,0.24114004446343765,0,10,default,Test
AST-3019,2025-01-01,8,0,0.15431147162633024,0,10,default,Test
AST-4055,2025-01-01,11,1,0.34178294506833384,0,10,default,Test
AST-4061,2025-01-01,9,0,0.30755152106685507,0,10,default,Test
AST-5003,2025-01-01,6,0,0.2595122791897069,0,10,default,Test
AST-5007,2025-01-01,8,0,0.17053443760515513,0,10,default,Test
