asset_tag,transaction_date,severity_score,y_true,probability,y_pred,threshold,model_variant,split
AST-1041,2024-07-21,0,0,0.04044066939392473,0,14,default,Test
AST-1042,2024-07-21,0,0,0.047857554681975424,0,14,default,Test
AST-2017,2024-07-21,0,0,0.03872178107192461,0,14,default,Test
AST-2031,2024-07-21,0,0,0.11162633819935877,0,14,default,Test
AST-3008,2024-07-21,0,0,0.027205128191144238,0,14,default,Test
AST-3019,2024-07-21,0,0,0.028858133279106555,0,14,default,Test
AST-4055,2024-07-21,0,0,0.06879640682274327,0,14,default,Test
AST-4061,2024-07-21,0,0,0.02700650298793814,0,14,default,Test
AST-5003,2024-07-21,0,0,0.07203169295313513,0,14,default,Test
AST-5007,2024-07-21,0,0,0.02754835420571874,0,14,default,Test
AST-1041,2024-07-22,10,0,0.09686350427808921,0,14,default,Test
AST-1042,2024-07-22,6,0,0.07593120777620996,0,14,default,Test
AST-2017,2024-07-22,23,1,0.06116314900302805,0,14,default,Test
AST-2031,2024-07-22,10,0,0.15676645701207464,0,14,default,Test
AST-3008,2024-07-22,7,0,0.048100401780212375,0,14,default,Test
AST-3019,2024-07-22,5,0,0.055108682615830754,0,14,default,Test
AST-4055,2024-07-22,11,0,0.11497953850541551,0,14,default,Test
AST-4061,2024-07-22,0,0,0.04192647711832867,0,14,default,Test
AST-5003,2024-07-22,14,1,0.07885370219059772,0,14,default,Test
AST-5007,2024-07-22,7,0,0.03161406433103514,0,14,default,Test
AST-1041,2024-07-23,2,0,0.07092447239723051,0,14,default,Test
AST-1042,2024-07-23,4,0,0.0947962990761989,0,14,default,Test
AST-2017,2024-07-23,12,0,0.1673253062047123,0,14,default,Test
AST-2031,2024-07-23,14,1,0.18160810825007465,0,14,default,Test
AST-3008,2024-07-23,4,0,0.04855111303696239,0,14,default,Test
AST-3019,2024-07-23,7,0,0.05020147466131852,0,14,default,Test
AST-4055,2024-07-23,6,0,0.10192564764296223,0,14,default,Test
AST-4061,2024-07-23,8,0,0.03063306874845472,0,14,default,Test
AST-5003,2024-07-23,8,0,0.09088137966820457,0,14,default,Test
AST-5007,2024-07-23,4,0,0.036567044629663606,0,14,default,Test
AST-1041,2024-07-24,8,0,0.05807190312450763,0,14,default,Test
AST-1042,2024-07-24,11,0,0.06074416521036618,0,14,default,Test
AST-2017,2024-07-24,16,1,0.04714838976664673,0,14,default,Test
AST-2031,2024-07-24,0,0,0.16052285868312433,0,14,default,Test
AST-3008,2024-07-24,8,0,0.044205084914705296,0,14,default,Test
AST-3019,2024-07-24,14,1,0.03965338693507772,0,14,default,Test
AST-4055,2024-07-24,6,0,0.11795713461966285,0,14,default,Test
AST-4061,2024-07-24,1,0,0.05174295871183699,0,14,default,Test
AST-5003,2024-07-24,9,0,0.08330602332601393,0,14,default,Test
AST-5007,2024-07-24,12,0,0.09029210200511915,0,14,default,Test
AST-1041,2024-07-25,9,0,0.06635973548349301,0,14,default,Test
AST-1042,2024-07-25,4,0,0.061248894203104004,0,14,default,Test
AST-2017,2024-07-25,8,0,0.05698866885446507,0,14,default,Test
AST-2031,2024-07-25,4,0,0.18342240346505248,0,14,default,Test
AST-3008,2024-07-25,6,0,0.05762868155957573,0,14,default,Test
AST-3019,2024-07-25,4,0,0.05370254536265578,0,14,default,Test
AST-4055,2024-07-25,7,0,0.10772085221936929,0,14,default,Test
AST-4061,2024-07-25,13,0,0.0429479813829293,0,14,default,Test
AST-5003,2024-07-25,8,0,0.09351784416106243,0,14,default,Test
AST-5007,2024-07-25,4,0,0.03896515036693742,0,14,default,Test
AST-1041,2024-07-26,16,1,0.06726930538764588,0,14,default,Test
AST-1042,2024-07-26,4,0,0.09117302118071617,0,14,default,Test
AST-2017,2024-07-26,20,1,0.053777974738835985,0,14,default,Test
AST-2031,2024-07-26,10,0,0.23240652577854165,0,14,default,Test
AST-3008,2024-07-26,2,0,0.0670774085308757,0,14,default,Test
AST-3019,2024-07-26,0,0,0.03820754930197914,0,14,default,Test
AST-4055,2024-07-26,7,0,0.10423639487880453,0,14,default,Test
AST-4061,2024-07-26,10,0,0.044214238679895726,0,14,default,Test
AST-5003,2024-07-26,10,0,0.09832679958669036,0,14,default,Test
AST-5007,2024-07-26,0,0,0.04689513818930089,0,14,default,Test
AST-1041,2024-07-27,0,0,0.0384821276451469,0,14,default,Test
AST-1042,2024-07-27,0,0,0.045405012852228414,0,14,default,Test
AST-2017,2024-07-27,0,0,0.03298197672363266,0,14,default,Test
AST-2031,2024-07-27,0,0,0.13060413551566852,0,14,default,Test
AST-3008,2024-07-27,0,0,0.02894303295661381,0,14,default,Test
AST-3019,2024-07-27,0,0,0.03244054908810065,0,14,default,Test
AST-4055,2024-07-27,0,0,0.08405440538601806,0,14,default,Test
AST-4061,2024-07-27,0,0,0.022971821164035577,0,14,default,Test
AST-5003,2024-07-27,0,0,0.052533021061122134,0,14,default,Test
AST-5007,2024-07-27,0,0,0.023636308513894172,0,14,default,Test
AST-1041,2024-07-28,0,0,0.04268937498719785,0,14,default,Test
AST-1042,2024-07-28,0,0,0.040884418831295795,0,14,default,Test
AST-2017,2024-07-28,0,0,0.0421011714253766,0,14,default,Test
AST-2031,2024-07-28,0,0,0.11002662733853776,0,14,default,Test
AST-3008,2024-07-28,0,0,0.0367760967906128,0,14,default,Test
AST-3019,2024-07-28,0,0,0.03092037818021101,0,14,default,Test
AST-4055,2024-07-28,0,0,0.06790336148866204,0,14,default,Test
AST-4061,2024-07-28,0,0,0.025732182436059278,0,14,default,Test
AST-5003,2024-07-28,0,0,0.05410383473907735,0,14,default,Test
AST-5007,2024-07-28,0,0,0.05032753244630902,0,14,default,Test
AST-1041,2024-07-29,15,1,0.06130870964486616,0,14,default,Test
AST-1042,2024-07-29,8,0,0.06397931939158494,0,14,default,Test
AST-2017,2024-07-29,14,1,0.043624047761772505,0,14,default,Test
AST-2031,2024-07-29,12,0,0.17932665315858165,0,14,default,Test
AST-3008,2024-07-29,6,0,0.05588330935925934,0,14,default,Test
AST-3019,2024-07-29,10,0,0.04724077758907246,0,14,default,Test
AST-4055,2024-07-29,16,1,0.08194094263487225,0,14,default,Test
AST-4061,2024-07-29,3,0,0.04034845633604743,0,14,default,Test
AST-5003,2024-07-29,2,0,0.1015665171821824,0,14,default,Test
AST-5007,2024-07-29,1,0,0.037313962645743506,0,14,default,Test
AST-1041,2024-07-30,4,0,0.08410726720450618,0,14,default,Test
AST-1042,2024-07-30,1,0,0.061609296903819576,0,14,default,Test
AST-2017,2024-07-30,14,1,0.048412961822822884,0,14,default,Test
AST-2031,2024-07-30,10,0,0.11524525452430671,0,14,default,Test
AST-3008,2024-07-30,10,0,0.05145930285446519,0,14,default,Test
AST-3019,2024-07-30,8,0,0.042535815734580755,0,14,default,Test
AST-4055,2024-07-30,12,0,0.12058601717357453,0,14,default,Test
AST-4061,2024-07-30,0,0,0.04339337991620763,0,14,default,Test
AST-5003,2024-07-30,14,1,0.09629216038332851,0,14,default,Test
AST-5007,2024-07-30,4,0,0.04718534934605012,0,14,default,Test
AST-1041,2024-07-31,2,0,0.06888502702633299,0,14,default,Test
AST-1042,2024-07-31,1,0,0.054922744741712944,0,14,default,Test
AST-2017,2024-07-31,10,0,0.06751643710659753,0,14,default,Test
AST-2031,2024-07-31,8,0,0.14879601589454894,0,14,default,Test
AST-3008,2024-07-31,4,0,0.039590575758419407,0,14,default,Test
AST-3019,2024-07-31,14,1,0.049750561972987835,0,14,default,Test
AST-4055,2024-07-31,10,0,0.09714671681916262,0,14,default,Test
AST-4061,2024-07-31,1,0,0.04495601265822864,0,14,default,Test
AST-5003,2024-07-31,22,1,0.1336312302128694,0,14,default,Test
AST-5007,2024-07-31,6,0,0.03551768005902606,0,14,default,Test
AST-1041,2024-08-01,7,0,0.07920753873490821,0,14,default,Test
AST-1042,2024-08-01,4,0,0.07692646601603052,0,14,default,Test
AST-2017,2024-08-01,6,0,0.07242121275403074,0,14,default,Test
AST-2031,2024-08-01,5,0,0.15246922283057593,0,14,default,Test
AST-3008,2024-08-01,8,0,0.05221894834745333,0,14,default,Test
AST-3019,2024-08-01,1,0,0.044542415669047944,0,14,default,Test
AST-4055,2024-08-01,10,0,0.11654996621994441,0,14,default,Test
AST-4061,2024-08-01,14,1,0.0473529733688846,0,14,default,Test
AST-5003,2024-08-01,10,0,0.06783646193809731,0,14,default,Test
AST-5007,2024-08-01,0,0,0.041375770097480474,0,14,default,Test
AST-1041,2024-08-02,7,0,0.08121165137447563,0,14,default,Test
AST-1042,2024-08-02,8,0,0.06768614611881044,0,14,default,Test
AST-2017,2024-08-02,11,0,0.051319125309741885,0,14,default,Test
AST-2031,2024-08-02,0,0,0.1659268999257412,0,14,default,Test
AST-3008,2024-08-02,4,0,0.05729980220773811,0,14,default,Test
AST-3019,2024-08-02,8,0,0.05281224467431404,0,14,default,Test
AST-4055,2024-08-02,6,0,0.12285152127356687,0,14,default,Test
AST-4061,2024-08-02,10,0,0.06201534141841893,0,14,default,Test
AST-5003,2024-08-02,5,0,0.07986821406631579,0,14,default,Test
AST-5007,2024-08-02,0,0,0.03747264177457978,0,14,default,Test
AST-1041,2024-08-03,0,0,0.053645066888809836,0,14,default,Test
AST-1042,2024-08-03,0,0,0.057477490848606164,0,14,default,Test
AST-2017,2024-08-03,0,0,0.03756273506516287,0,14,default,Test
AST-2031,2024-08-03,0,0,0.12010223690249668,0,14,default,Test
AST-3008,2024-08-03,0,0,0.025664290192202507,0,14,default,Test
AST-3019,2024-08-03,0,0,0.024233786180673886,0,14,default,Test
AST-4055,2024-08-03,0,0,0.06777506589949907,0,14,default,Test
AST-4061,2024-08-03,0,0,0.028355931275132047,0,14,default,Test
AST-5003,2024-08-03,0,0,0.06078905073159945,0,14,default,Test
AST-5007,2024-08-03,0,0,0.10643210920545645,0,14,default,Test
AST-1041,2024-08-04,0,0,0.030058649541281502,0,14,default,Test
AST-1042,2024-08-04,0,0,0.05425946526645964,0,14,default,Test
AST-2017,2024-08-04,0,0,0.04363960800637831,0,14,default,Test
AST-2031,2024-08-04,0,0,0.1622848537394642,0,14,default,Test
AST-3008,2024-08-04,0,0,0.027165989185556266,0,14,default,Test
AST-3019,2024-08-04,0,0,0.03292105335689776,0,14,default,Test
AST-4055,2024-08-04,0,0,0.08120784411053927,0,14,default,Test
AST-4061,2024-08-04,0,0,0.025516763995647958,0,14,default,Test
AST-5003,2024-08-04,0,0,0.0454971596895251,0,14,default,Test
AST-5007,2024-08-04,0,0,0.03539746544076838,0,14,default,Test
AST-1041,2024-08-05,0,0,0.07526556025689772,0,14,default,Test
AST-1042,2024-08-05,4,0,0.06353656426015224,0,14,default,Test
AST-2017,2024-08-05,6,0,0.0584315008687369,0,14,default,Test
AST-2031,2024-08-05,9,0,0.1444221922838413,0,14,default,Test
AST-3008,2024-08-05,12,0,0.059268881311290905,0,14,default,Test
AST-3019,2024-08-05,9,0,0.042422467036699274,0,14,default,Test
AST-4055,2024-08-05,6,0,0.09662239184890525,0,14,default,Test
AST-4061,2024-08-05,16,1,0.05089366645260463,0,14,default,Test
AST-5003,2024-08-05,3,0,0.07426276109315141,0,14,default,Test
AST-5007,2024-08-05,4,0,0.040956378825210527,0,14,default,Test
AST-1041,2024-08-06,13,0,0.06638604536803665,0,14,default,Test
AST-1042,2024-08-06,0,0,0.06890262627010557,0,14,default,Test
AST-2017,2024-08-06,10,0,0.06272879601862529,0,14,default,Test
AST-2031,2024-08-06,1,0,0.1205110655684126,0,14,default,Test
AST-3008,2024-08-06,1,0,0.03998418004194115,0,14,default,Test
AST-3019,2024-08-06,5,0,0.061338656919620885,0,14,default,Test
AST-4055,2024-08-06,2,0,0.12147740924873013,0,14,default,Test
AST-4061,2024-08-06,9,0,0.0367094479655006,0,14,default,Test
AST-5003,2024-08-06,11,0,0.07824025227209915,0,14,default,Test
AST-5007,2024-08-06,14,1,0.041562738466033665,0,14,default,Test
AST-1041,2024-08-07,7,0,0.06965128911873206,0,14,default,Test
AST-1042,2024-08-07,0,0,0.07707670925741256,0,14,default,Test
AST-2017,2024-08-07,8,0,0.051351974417784586,0,14,default,Test
AST-2031,2024-08-07,19,1,0.14230122397594044,0,14,default,Test
AST-3008,2024-08-07,1,0,0.05127862660640597,0,14,default,Test
AST-3019,2024-08-07,6,0,0.048519118030791855,0,14,default,Test
AST-4055,2024-08-07,11,0,0.09999882313145159,0,14,default,Test
AST-4061,2024-08-07,10,0,0.042364758574096856,0,14,default,Test
AST-5003,2024-08-07,4,0,0.10536906083154221,0,14,default,Test
AST-5007,2024-08-07,10,0,0.034116445954368774,0,14,default,Test
AST-1041,2024-08-08,8,0,0.06923818196129283,0,14,default,Test
AST-1042,2024-08-08,4,0,0.07870331598128555,0,14,default,Test
AST-2017,2024-08-08,8,0,0.061816218781036866,0,14,default,Test
AST-2031,2024-08-08,2,0,0.15477837672861086,0,14,default,Test
AST-3008,2024-08-08,4,0,0.046859759125167856,0,14,default,Test
AST-3019,2024-08-08,6,0,0.06386947277798383,0,14,default,Test
AST-4055,2024-08-08,8,0,0.124200329954957,0,14,default,Test
AST-4061,2024-08-08,10,0,0.03790980438509585,0,14,default,Test
AST-5003,2024-08-08,14,1,0.10292059031483791,0,14,default,Test
AST-5007,2024-08-08,9,0,0.03420634279057589,0,14,default,Test
AST-1041,2024-08-09,9,0,0.08370919337926028,0,14,default,Test
AST-1042,2024-08-09,2,0,0.06534939439458573,0,14,default,Test
AST-2017,2024-08-09,5,0,0.06471398849162324,0,14,default,Test
AST-2031,2024-08-09,10,0,0.1399255110147808,0,14,default,Test
AST-3008,2024-08-09,8,0,0.04220365243779728,0,14,default,Test
AST-3019,2024-08-09,3,0,0.05301139334459715,0,14,default,Test
AST-4055,2024-08-09,1,0,0.12173715979091106,0,14,default,Test
AST-4061,2024-08-09,3,0,0.04292381569641088,0,14,default,Test
AST-5003,2024-08-09,5,0,0.10076147652068428,0,14,default,Test
AST-5007,2024-08-09,6,0,0.03707875898920108,0,14,default,Test
AST-1041,2024-08-10,0,0,0.048268828715745705,0,14,default,Test
AST-1042,2024-08-10,0,0,0.05450079960928933,0,14,default,Test
AST-2017,2024-08-10,0,0,0.04049353243964605,0,14,default,Test
AST-2031,2024-08-10,0,0,0.1330909315704208,0,14,default,Test
AST-3008,2024-08-10,0,0,0.04044234687127404,0,14,default,Test
AST-3019,2024-08-10,0,0,0.025538656888379436,0,14,default,Test
AST-4055,2024-08-10,0,0,0.07942461360745114,0,14,default,Test
AST-4061,2024-08-10,0,0,0.0261821403036247,0,14,default,Test
AST-5003,2024-08-10,0,0,0.049992837774432135,0,14,default,Test
AST-5007,2024-08-10,0,0,0.02950001263338745,0,14,default,Test
AST-1041,2024-08-11,0,0,0.04790424131760901,0,14,default,Test
AST-1042,2024-08-11,0,0,0.041069261770971144,0,14,default,Test
AST-2017,2024-08-11,0,0,0.04802651484139411,0,14,default,Test
AST-2031,2024-08-11,0,0,0.22866019921348626,0,14,default,Test
AST-3008,2024-08-11,0,0,0.033398694064563236,0,14,default,Test
AST-3019,2024-08-11,0,0,0.03151393180706249,0,14,default,Test
AST-4055,2024-08-11,0,0,0.09685999837906512,0,14,default,Test
AST-4061,2024-08-11,0,0,0.03109977325416909,0,14,default,Test
AST-5003,2024-08-11,0,0,0.052221721261305615,0,14,default,Test
AST-5007,2024-08-11,0,0,0.03168271398776892,0,14,default,Test
AST-1041,2024-08-12,4,0,0.21943229887800952,0,14,default,Test
AST-1042,2024-08-12,4,0,0.07893924103682616,0,14,default,Test
AST-2017,2024-08-12,8,0,0.05419736755862879,0,14,default,Test
AST-2031,2024-08-12,11,0,0.16986098700521401,0,14,default,Test
AST-3008,2024-08-12,3,0,0.04540267394559785,0,14,default,Test
AST-3019,2024-08-12,2,0,0.05152867114792309,0,14,default,Test
AST-4055,2024-08-12,5,0,0.10028722352808864,0,14,default,Test
AST-4061,2024-08-12,10,0,0.03950544385356643,0,14,default,Test
AST-5003,2024-08-12,7,0,0.0885014139471788,0,14,default,Test
AST-5007,2024-08-12,6,0,0.0393136680798043,0,14,default,Test
AST-1041,2024-08-13,5,0,0.06601393061486703,0,14,default,Test
AST-1042,2024-08-13,10,0,0.0818617176613099,0,14,default,Test
AST-2017,2024-08-13,1,0,0.06732510150707016,0,14,default,Test
AST-2031,2024-08-13,13,0,0.17134424621764718,0,14,default,Test
AST-3008,2024-08-13,0,0,0.041756508426594466,0,14,default,Test
AST-3019,2024-08-13,7,0,0.054701064761671435,0,14,default,Test
AST-4055,2024-08-13,4,0,0.11275034704428519,0,14,default,Test
AST-4061,2024-08-13,10,0,0.03897862975993645,0,14,default,Test
AST-5003,2024-08-13,7,0,0.10173998734253853,0,14,default,Test
AST-5007,2024-08-13,5,0,0.03501507403830468,0,14,default,Test
AST-1041,2024-08-14,2,0,0.0712886877138999,0,14,default,Test
AST-1042,2024-08-14,2,0,0.07041784735697358,0,14,default,Test
AST-2017,2024-08-14,4,0,0.05590882174208476,0,14,default,Test
AST-2031,2024-08-14,3,0,0.2065396625448885,0,14,default,Test
AST-3008,2024-08-14,11,0,0.04283279144170299,0,14,default,Test
AST-3019,2024-08-14,4,0,0.05652581538516678,0,14,default,Test
AST-4055,2024-08-14,17,1,0.24898545002971817,0,14,default,Test
AST-4061,2024-08-14,4,0,0.0421597972985274,0,14,default,Test
AST-5003,2024-08-14,0,0,0.07769314357718037,0,14,default,Test
AST-5007,2024-08-14,0,0,0.04689556289265968,0,14,default,Test
AST-1041,2024-08-15,4,0,0.06412838565710907,0,14,default,Test
AST-1042,2024-08-15,14,1,0.0632369858768933,0,14,default,Test
AST-2017,2024-08-15,12,0,0.058192307109849205,0,14,default,Test
AST-2031,2024-08-15,11,0,0.16685445095849932,0,14,default,Test
AST-3008,2024-08-15,6,0,0.04841769994883235,0,14,default,Test
AST-3019,2024-08-15,0,0,0.03983288990498346,0,14,default,Test
AST-4055,2024-08-15,4,0,0.09845048599075769,0,14,default,Test
AST-4061,2024-08-15,8,0,0.037590960109080425,0,14,default,Test
AST-5003,2024-08-15,10,0,0.09407447917541345,0,14,default,Test
AST-5007,2024-08-15,6,0,0.04010498892887959,0,14,default,Test
AST-1041,2024-08-16,8,0,0.08493530922058584,0,14,default,Test
AST-1042,2024-08-16,8,0,0.06779323907811337,0,14,default,Test
AST-2017,2024-08-16,2,0,0.04719977057803364,0,14,default,Test
AST-2031,2024-08-16,9,0,0.16322391163474625,0,14,default,Test
AST-3008,2024-08-16,9,0,0.05489639819008175,0,14,default,Test
AST-3019,2024-08-16,10,0,0.05589995665487338,0,14,default,Test
AST-4055,2024-08-16,12,0,0.09201597104651799,0,14,default,Test
AST-4061,2024-08-16,2,0,0.04287948271333185,0,14,default,Test
AST-5003,2024-08-16,6,0,0.10933470115880554,0,14,default,Test
AST-5007,2024-08-16,5,0,0.032870689477933104,0,14,default,Test
AST-1041,2024-08-17,0,0,0.04302392468601513,0,14,default,Test
AST-1042,2024-08-17,0,0,0.04643070404581048,0,14,default,Test
AST-2017,2024-08-17,0,0,0.05614373012437481,0,14,default,Test
AST-2031,2024-08-17,0,0,0.12457076171651346,0,14,default,Test
AST-3008,2024-08-17,0,0,0.04128589314807625,0,14,default,Test
AST-3019,2024-08-17,0,0,0.03530285847879806,0,14,default,Test
AST-4055,2024-08-17,0,0,0.07988085079984304,0,14,default,Test
AST-4061,2024-08-17,0,0,0.030965667986854607,0,14,default,Test
AST-5003,2024-08-17,0,0,0.06115165156760818,0,14,default,Test
AST-5007,2024-08-17,0,0,0.024613963721888135,0,14,default,Test
AST-1041,2024-08-18,0,0,0.054466010051826386,0,14,default,Test
AST-1042,2024-08-18,0,0,0.05115112210918838,0,14,default,Test
AST-2017,2024-08-18,0,0,0.043064082703179206,0,14,default,Test
AST-2031,2024-08-18,0,0,0.17561219119841232,0,14,default,Test
AST-3008,2024-08-18,0,0,0.03278145182185174,0,14,default,Test
AST-3019,2024-08-18,0,0,0.029532743610337895,0,14,default,Test
AST-4055,2024-08-18,0,0,0.08056019369295618,0,14,default,Test
AST-4061,2024-08-18,0,0,0.025192025496213917,0,14,default,Test
AST-5003,2024-08-18,0,0,0.05634956229697549,0,14,default,Test
AST-5007,2024-08-18,0,0,0.04918767943734781,0,14,default,Test
AST-1041,2024-08-19,4,0,0.08667133957084895,0,14,default,Test
AST-1042,2024-08-19,2,0,0.06300581317146942,0,14,default,Test
AST-2017,2024-08-19,13,0,0.04804710741554715,0,14,default,Test
AST-2031,2024-08-19,2,0,0.14062216860076432,0,14,default,Test
AST-3008,2024-08-19,8,0,0.05114201407842405,0,14,default,Test
AST-3019,2024-08-19,8,0,0.05494348839486297,0,14,default,Test
AST-4055,2024-08-19,7,0,0.10003689647458451,0,14,default,Test
AST-4061,2024-08-19,12,0,0.04913686159638634,0,14,default,Test
AST-5003,2024-08-19,10,0,0.08313807175106225,0,14,default,Test
AST-5007,2024-08-19,0,0,0.04132957586003347,0,14,default,Test
AST-1041,2024-08-20,4,0,0.06659019333756326,0,14,default,Test
AST-1042,2024-08-20,0,0,0.07047757659879561,0,14,default,Test
AST-2017,2024-08-20,5,0,0.05668803403085161,0,14,default,Test
AST-2031,2024-08-20,11,0,0.18880351182608868,0,14,default,Test
AST-3008,2024-08-20,8,0,0.05560974967112873,0,14,default,Test
AST-3019,2024-08-20,2,0,0.04361075369966701,0,14,default,Test
AST-4055,2024-08-20,9,0,0.10122022264628427,0,14,default,Test
AST-4061,2024-08-20,6,0,0.05707952741507695,0,14,default,Test
AST-5003,2024-08-20,2,0,0.08104111819033816,0,14,default,Test
AST-5007,2024-08-20,5,0,0.03853033572274974,0,14,default,Test
AST-1041,2024-08-21,6,0,0.08367968668870088,0,14,default,Test
AST-1042,2024-08-21,10,0,0.07727930257577798,0,14,default,Test
AST-2017,2024-08-21,1,0,0.049430751679028155,0,14,default,Test
AST-2031,2024-08-21,9,0,0.28585917382215925,0,14,default,Test
AST-3008,2024-08-21,2,0,0.05635282163712448,0,14,default,Test
AST-3019,2024-08-21,2,0,0.04706202666334115,0,14,default,Test
AST-4055,2024-08-21,8,0,0.11193735884985155,0,14,default,Test
AST-4061,2024-08-21,6,0,0.09955991440146876,0,14,default,Test
AST-5003,2024-08-21,10,0,0.0873820779114695,0,14,default,Test
AST-5007,2024-08-21,5,0,0.046551858278976,0,14,default,Test
AST-1041,2024-08-22,7,0,0.07691934738550113,0,14,default,Test
AST-1042,2024-08-22,13,0,0.06436563391261925,0,14,default,Test
AST-2017,2024-08-22,0,0,0.045281923841217694,0,14,default,Test
AST-2031,2024-08-22,10,0,0.1447057963918203,0,14,default,Test
AST-3008,2024-08-22,6,0,0.06004900851540672,0,14,default,Test
AST-3019,2024-08-22,0,0,0.047975686797848804,0,14,default,Test
AST-4055,2024-08-22,16,1,0.10689488487017954,0,14,default,Test
AST-4061,2024-08-22,11,0,0.048419867129710754,0,14,default,Test
AST-5003,2024-08-22,6,0,0.07916014129128161,0,14,default,Test
AST-5007,2024-08-22,9,0,0.03995209210312232,0,14,default,Test
AST-1041,2024-08-23,8,0,0.07149003572194677,0,14,default,Test
AST-1042,2024-08-23,8,0,0.06589186585760946,0,14,default,Test
AST-2017,2024-08-23,8,0,0.05958830519026747,0,14,default,Test
AST-2031,2024-08-23,13,0,0.19381017365714345,0,14,default,Test
AST-3008,2024-08-23,7,0,0.04603897272762978,0,14,default,Test
AST-3019,2024-08-23,7,0,0.04916646433380012,0,14,default,Test
AST-4055,2024-08-23,12,0,0.09976947208597564,0,14,default,Test
AST-4061,2024-08-23,8,0,0.04588944660152221,0,14,default,Test
AST-5003,2024-08-23,18,1,0.07838905959739778,0,14,default,Test
AST-5007,2024-08-23,4,0,0.04571336876644673,0,14,default,Test
AST-1041,2024-08-24,0,0,0.04471767479124494,0,14,default,Test
AST-1042,2024-08-24,0,0,0.04803562703839671,0,14,default,Test
AST-2017,2024-08-24,0,0,0.04044838540148666,0,14,default,Test
AST-2031,2024-08-24,0,0,0.11532660233184851,0,14,default,Test
AST-3008,2024-08-24,0,0,0.03480322748421875,0,14,default,Test
AST-3019,2024-08-24,0,0,0.04004870029257301,0,14,default,Test
AST-4055,2024-08-24,0,0,0.07148728284395225,0,14,default,Test
AST-4061,2024-08-24,0,0,0.03418203081875466,0,14,default,Test
AST-5003,2024-08-24,0,0,0.2249500808628393,0,14,default,Test
AST-5007,2024-08-24,0,0,0.02715759329063827,0,14,default,Test
AST-1041,2024-08-25,0,0,0.047313434765290936,0,14,default,Test
AST-1042,2024-08-25,0,0,0.03879895460771067,0,14,default,Test
AST-2017,2024-08-25,0,0,0.03890755804751541,0,14,default,Test
AST-2031,2024-08-25,0,0,0.11191589999479504,0,14,default,Test
AST-3008,2024-08-25,0,0,0.036178860175166985,0,14,default,Test
AST-3019,2024-08-25,0,0,0.041599508512136035,0,14,default,Test
AST-4055,2024-08-25,0,0,0.0762484532226075,0,14,default,Test
AST-4061,2024-08-25,0,0,0.03861720498560274,0,14,default,Test
AST-5003,2024-08-25,0,0,0.0639084395226625,0,14,default,Test
AST-5007,2024-08-25,0,0,0.028180814984538644,0,14,default,Test
AST-1041,2024-08-26,12,0,0.17590048361228341,0,14,default,Test
AST-1042,2024-08-26,4,0,0.07090858938839482,0,14,default,Test
AST-2017,2024-08-26,5,0,0.058142809493757115,0,14,default,Test
AST-2031,2024-08-26,11,0,0.1480767626484577,0,14,default,Test
AST-3008,2024-08-26,7,0,0.03977770041071885,0,14,default,Test
AST-3019,2024-08-26,10,0,0.1645199166027355,0,14,default,Test
AST-4055,2024-08-26,18,1,0.11029116980827262,0,14,default,Test
AST-4061,2024-08-26,4,0,0.04895882421273875,0,14,default,Test
AST-5003,2024-08-26,13,0,0.31344122970930993,0,14,default,Test
AST-5007,2024-08-26,8,0,0.03934824931824343,0,14,default,Test
AST-1041,2024-08-27,3,0,0.0798071719830066,0,14,default,Test
AST-1042,2024-08-27,2,0,0.08809062323434179,0,14,default,Test
AST-2017,2024-08-27,11,0,0.06868721551712725,0,14,default,Test
AST-2031,2024-08-27,8,0,0.16331820904030503,0,14,default,Test
AST-3008,2024-08-27,10,0,0.04504869148087105,0,14,default,Test
AST-3019,2024-08-27,6,0,0.03912283075477921,0,14,default,Test
AST-4055,2024-08-27,7,0,0.1074351944183731,0,14,default,Test
AST-4061,2024-08-27,12,0,0.05177332469553389,0,14,default,Test
AST-5003,2024-08-27,7,0,0.060621939082779956,0,14,default,Test
AST-5007,2024-08-27,10,0,0.03316736046092729,0,14,default,Test
AST-1041,2024-08-28,0,0,0.08467608461671702,0,14,default,Test
AST-1042,2024-08-28,6,0,0.09947982314177775,0,14,default,Test
AST-2017,2024-08-28,17,1,0.0685553050510955,0,14,default,Test
AST-2031,2024-08-28,4,0,0.17210673284681013,0,14,default,Test
AST-3008,2024-08-28,3,0,0.038216549943631085,0,14,default,Test
AST-3019,2024-08-28,5,0,0.06408806016265792,0,14,default,Test
AST-4055,2024-08-28,0,0,0.09827345223395495,0,14,default,Test
AST-4061,2024-08-28,8,0,0.04238477599436065,0,14,default,Test
AST-5003,2024-08-28,5,0,0.08111044919436335,0,14,default,Test
AST-5007,2024-08-28,5,0,0.04280995284533184,0,14,default,Test
AST-1041,2024-08-29,10,0,0.08101607883454195,0,14,default,Test
AST-1042,2024-08-29,5,0,0.06919183067534808,0,14,default,Test
AST-2017,2024-08-29,3,0,0.06002366762335451,0,14,default,Test
AST-2031,2024-08-29,3,0,0.19036578147879052,0,14,default,Test
AST-3008,2024-08-29,3,0,0.041320515122631254,0,14,default,Test
AST-3019,2024-08-29,4,0,0.04843770868944552,0,14,default,Test
AST-4055,2024-08-29,7,0,0.13123694984862155,0,14,default,Test
AST-4061,2024-08-29,13,0,0.03628353731823273,0,14,default,Test
AST-5003,2024-08-29,4,0,0.09148914023729848,0,14,default,Test
AST-5007,2024-08-29,12,0,0.10620523122990094,0,14,default,Test
AST-1041,2024-08-30,4,0,0.07471585322991041,0,14,default,Test
AST-1042,2024-08-30,10,0,0.09042745135184334,0,14,default,Test
AST-2017,2024-08-30,13,0,0.04604082177601851,0,14,default,Test
AST-2031,2024-08-30,10,0,0.17944741829394564,0,14,default,Test
AST-3008,2024-08-30,14,1,0.04530423692228,0,14,default,Test
AST-3019,2024-08-30,0,0,0.05633480953646681,0,14,default,Test
AST-4055,2024-08-30,3,0,0.08723173134147791,0,14,default,Test
AST-4061,2024-08-30,7,0,0.05331340528711587,0,14,default,Test
AST-5003,2024-08-30,8,0,0.08922178393632277,0,14,default,Test
AST-5007,2024-08-30,8,0,0.034378575749072715,0,14,default,Test
AST-1041,2024-08-31,0,0,0.040495612162978666,0,14,default,Test
AST-1042,2024-08-31,0,0,0.03689762463956318,0,14,default,Test
AST-2017,2024-08-31,0,0,0.0355378840611143,0,14,default,Test
AST-2031,2024-08-31,0,0,0.11791060844973572,0,14,default,Test
AST-3008,2024-08-31,0,0,0.041150454343403156,0,14,default,Test
AST-3019,2024-08-31,0,0,0.03179346584048382,0,14,default,Test
AST-4055,2024-08-31,0,0,0.059167985019950575,0,14,default,Test
AST-4061,2024-08-31,0,0,0.02977844789696641,0,14,default,Test
AST-5003,2024-08-31,0,0,0.057520313302883305,0,14,default,Test
AST-5007,2024-08-31,0,0,0.025715625763873214,0,14,default,Test
AST-1041,2024-09-01,0,0,0.04960591226549189,0,14,default,Test
AST-1042,2024-09-01,0,0,0.05653578164085109,0,14,default,Test
AST-2017,2024-09-01,0,0,0.04111639106415362,0,14,default,Test
AST-2031,2024-09-01,0,0,0.1374520667376891,0,14,default,Test
AST-3008,2024-09-01,0,0,0.026949023137878624,0,14,default,Test
AST-3019,2024-09-01,0,0,0.1692102415291211,0,14,default,Test
AST-4055,2024-09-01,0,0,0.08122061121361887,0,14,default,Test
AST-4061,2024-09-01,0,0,0.023905439312704536,0,14,default,Test
AST-5003,2024-09-01,0,0,0.051173092656730666,0,14,default,Test
AST-5007,2024-09-01,0,0,0.03928092124284292,0,14,default,Test
AST-1041,2024-09-02,0,0,0.08877328554925029,0,14,default,Test
AST-1042,2024-09-02,5,0,0.06465092747458485,0,14,default,Test
AST-2017,2024-09-02,0,0,0.05394039690716153,0,14,default,Test
AST-2031,2024-09-02,6,0,0.14106050546140012,0,14,default,Test
AST-3008,2024-09-02,8,0,0.05497518803777527,0,14,default,Test
AST-3019,2024-09-02,1,0,0.05639358961195783,0,14,default,Test
AST-4055,2024-09-02,12,0,0.12150609285042625,0,14,default,Test
AST-4061,2024-09-02,8,0,0.04263447117598319,0,14,default,Test
AST-5003,2024-09-02,14,1,0.08954032400394313,0,14,default,Test
AST-5007,2024-09-02,2,0,0.05311477165135812,0,14,default,Test
AST-1041,2024-09-03,9,0,0.07726283571601507,0,14,default,Test
AST-1042,2024-09-03,0,0,0.09142413262779131,0,14,default,Test
AST-2017,2024-09-03,14,1,0.05002541696811959,0,14,default,Test
AST-2031,2024-09-03,14,1,0.12218665003033706,0,14,default,Test
AST-3008,2024-09-03,9,0,0.051837460359410274,0,14,default,Test
AST-3019,2024-09-03,3,0,0.058833805394553434,0,14,default,Test
AST-4055,2024-09-03,8,0,0.12832279948750763,0,14,default,Test
AST-4061,2024-09-03,6,0,0.03602313973633848,0,14,default,Test
AST-5003,2024-09-03,6,0,0.09892451669160776,0,14,default,Test
AST-5007,2024-09-03,3,0,0.03203083928801873,0,14,default,Test
AST-1041,2024-09-04,4,0,0.20378613684210703,0,14,default,Test
AST-1042,2024-09-04,10,0,0.054164190505924435,0,14,default,Test
AST-2017,2024-09-04,8,0,0.0467297489485459,0,14,default,Test
AST-2031,2024-09-04,2,0,0.16062839520353803,0,14,default,Test
AST-3008,2024-09-04,10,0,0.05070560777447645,0,14,default,Test
AST-3019,2024-09-04,5,0,0.03929989238693702,0,14,default,Test
AST-4055,2024-09-04,17,1,0.10809248346165826,0,14,default,Test
AST-4061,2024-09-04,0,0,0.046043433476096976,0,14,default,Test
AST-5003,2024-09-04,9,0,0.06661862066933778,0,14,default,Test
AST-5007,2024-09-04,3,0,0.030378047818757022,0,14,default,Test
AST-1041,2024-09-05,11,0,0.0811856754075569,0,14,default,Test
AST-1042,2024-09-05,3,0,0.07516920710412818,0,14,default,Test
AST-2017,2024-09-05,6,0,0.06998642433956768,0,14,default,Test
AST-2031,2024-09-05,2,0,0.14853320976809328,0,14,default,Test
AST-3008,2024-09-05,2,0,0.045866157011879356,0,14,default,Test
AST-3019,2024-09-05,7,0,0.03655131930316966,0,14,default,Test
AST-4055,2024-09-05,2,0,0.12974360574040694,0,14,default,Test
AST-4061,2024-09-05,0,0,0.04159352073814042,0,14,default,Test
AST-5003,2024-09-05,5,0,0.0815798590670121,0,14,default,Test
AST-5007,2024-09-05,5,0,0.038454092069196255,0,14,default,Test
AST-1041,2024-09-06,6,0,0.0859424109762143,0,14,default,Test
AST-1042,2024-09-06,4,0,0.06505986575510414,0,14,default,Test
AST-2017,2024-09-06,18,1,0.050499967856259764,0,14,default,Test
AST-2031,2024-09-06,4,0,0.18562852714763833,0,14,default,Test
AST-3008,2024-09-06,6,0,0.042339638088768006,0,14,default,Test
AST-3019,2024-09-06,6,0,0.19268911287388557,0,14,default,Test
AST-4055,2024-09-06,15,1,0.12432588344059385,0,14,default,Test
AST-4061,2024-09-06,7,0,0.048502742124677256,0,14,default,Test
AST-5003,2024-09-06,8,0,0.10472907290930078,0,14,default,Test
AST-5007,2024-09-06,10,0,0.038255206341009436,0,14,default,Test
AST-1041,2024-09-07,0,0,0.04460207144492469,0,14,default,Test
AST-1042,2024-09-07,0,0,0.050802048965899196,0,14,default,Test
AST-2017,2024-09-07,0,0,0.044229060255080506,0,14,default,Test
AST-2031,2024-09-07,0,0,0.11550044174370112,0,14,default,Test
AST-3008,2024-09-07,0,0,0.037046490372103454,0,14,default,Test
AST-3019,2024-09-07,0,0,0.030980258938638112,0,14,default,Test
AST-4055,2024-09-07,0,0,0.07961412012677342,0,14,default,Test
AST-4061,2024-09-07,0,0,0.024710688855064104,0,14,default,Test
AST-5003,2024-09-07,0,0,0.07081701148909988,0,14,default,Test
AST-5007,2024-09-07,0,0,0.025084277516781113,0,14,default,Test
AST-1041,2024-09-08,0,0,0.04526439373049766,0,14,default,Test
AST-1042,2024-09-08,0,0,0.05473765301516942,0,14,default,Test
AST-2017,2024-09-08,0,0,0.0428983200076477,0,14,default,Test
AST-2031,2024-09-08,0,0,0.11408082009623045,0,14,default,Test
AST-3008,2024-09-08,0,0,0.140691715897244,0,14,default,Test
AST-3019,2024-09-08,0,0,0.026876447435590943,0,14,default,Test
AST-4055,2024-09-08,0,0,0.06472030285171397,0,14,default,Test
AST-4061,2024-09-08,0,0,0.029012263033021433,0,14,default,Test
AST-5003,2024-09-08,0,0,0.08960679655345397,0,14,default,Test
AST-5007,2024-09-08,0,0,0.022765325183744238,0,14,default,Test
AST-1041,2024-09-09,11,0,0.07481086244356046,0,14,default,Test
AST-1042,2024-09-09,8,0,0.0702287330813316,0,14,default,Test
AST-2017,2024-09-09,16,1,0.058067005764628164,0,14,default,Test
AST-2031,2024-09-09,2,0,0.13775110084938755,0,14,default,Test
AST-3008,2024-09-09,8,0,0.04365850059672239,0,14,default,Test
AST-3019,2024-09-09,3,0,0.04884702689629894,0,14,default,Test
AST-4055,2024-09-09,2,0,0.10729719858978269,0,14,default,Test
AST-4061,2024-09-09,4,0,0.04549211206062326,0,14,default,Test
AST-5003,2024-09-09,9,0,0.07030974788877034,0,14,default,Test
AST-5007,2024-09-09,3,0,0.03450544465733501,0,14,default,Test
AST-1041,2024-09-10,0,0,0.07874003475313959,0,14,default,Test
AST-1042,2024-09-10,4,0,0.067217784682883,0,14,default,Test
AST-2017,2024-09-10,6,0,0.058848986962127904,0,14,default,Test
AST-2031,2024-09-10,10,0,0.1474726066862176,0,14,default,Test
AST-3008,2024-09-10,8,0,0.04699167812573918,0,14,default,Test
AST-3019,2024-09-10,4,0,0.23297645570891584,0,14,default,Test
AST-4055,2024-09-10,1,0,0.11777873784410621,0,14,default,Test
AST-4061,2024-09-10,8,0,0.04187220309711978,0,14,default,Test
AST-5003,2024-09-10,20,1,0.07591287021799283,0,14,default,Test
AST-5007,2024-09-10,5,0,0.040501309555003986,0,14,default,Test
AST-1041,2024-09-11,5,0,0.06681033518600112,0,14,default,Test
AST-1042,2024-09-11,15,1,0.07762471967663141,0,14,default,Test
AST-2017,2024-09-11,5,0,0.06736721524509197,0,14,default,Test
AST-2031,2024-09-11,6,0,0.14875118341190044,0,14,default,Test
AST-3008,2024-09-11,11,0,0.050325317547818674,0,14,default,Test
AST-3019,2024-09-11,4,0,0.0665259996095315,0,14,default,Test
AST-4055,2024-09-11,13,0,0.11050877495616021,0,14,default,Test
AST-4061,2024-09-11,0,0,0.0374365027902975,0,14,default,Test
AST-5003,2024-09-11,4,0,0.0879602473508442,0,14,default,Test
AST-5007,2024-09-11,10,0,0.042019167081547466,0,14,default,Test
AST-1041,2024-09-12,12,0,0.08035812818784226,0,14,default,Test
AST-1042,2024-09-12,14,1,0.06915355971589121,0,14,default,Test
AST-2017,2024-09-12,4,0,0.05076078095195566,0,14,default,Test
AST-2031,2024-09-12,13,0,0.13470428299695333,0,14,default,Test
AST-3008,2024-09-12,4,0,0.04041185363989038,0,14,default,Test
AST-3019,2024-09-12,6,0,0.04171219346104026,0,14,default,Test
AST-4055,2024-09-12,10,0,0.1077928534449631,0,14,default,Test
AST-4061,2024-09-12,7,0,0.04857676336972132,0,14,default,Test
AST-5003,2024-09-12,10,0,0.08787718677836447,0,14,default,Test
AST-5007,2024-09-12,12,0,0.03591871459882858,0,14,default,Test
AST-1041,2024-09-13,8,0,0.08540672620555707,0,14,default,Test
AST-1042,2024-09-13,10,0,0.21736801109267584,0,14,default,Test
AST-2017,2024-09-13,10,0,0.04837275363585084,0,14,default,Test
AST-2031,2024-09-13,5,0,0.16172186910818398,0,14,default,Test
AST-3008,2024-09-13,3,0,0.04882685479297672,0,14,default,Test
AST-3019,2024-09-13,6,0,0.05319373212266557,0,14,default,Test
AST-4055,2024-09-13,12,0,0.10268640507391355,0,14,default,Test
AST-4061,2024-09-13,11,0,0.04197922920460986,0,14,default,Test
AST-5003,2024-09-13,8,0,0.08681900102560088,0,14,default,Test
AST-5007,2024-09-13,4,0,0.05143007281614425,0,14,default,Test
AST-1041,2024-09-14,0,0,0.04441297221527606,0,14,default,Test
AST-1042,2024-09-14,0,0,0.04103687217883251,0,14,default,Test
AST-2017,2024-09-14,0,0,0.041952992138223955,0,14,default,Test
AST-2031,2024-09-14,0,0,0.14621267281020672,0,14,default,Test
AST-3008,2024-09-14,0,0,0.034141726307361224,0,14,default,Test
AST-3019,2024-09-14,0,0,0.04209094021013926,0,14,default,Test
AST-4055,2024-09-14,0,0,0.08980160293543256,0,14,default,Test
AST-4061,2024-09-14,0,0,0.037541253730020235,0,14,default,Test
AST-5003,2024-09-14,0,0,0.058468524427893256,0,14,default,Test
AST-5007,2024-09-14,0,0,0.01990421069428694,0,14,default,Test
AST-1041,2024-09-15,0,0,0.03216514981713979,0,14,default,Test
AST-1042,2024-09-15,0,0,0.05554864212525539,0,14,default,Test
AST-2017,2024-09-15,0,0,0.032460502854543126,0,14,default,Test
AST-2031,2024-09-15,0,0,0.10465927944140223,0,14,default,Test
AST-3008,2024-09-15,0,0,0.02673028652833832,0,14,default,Test
AST-3019,2024-09-15,0,0,0.03752549011901183,0,14,default,Test
AST-4055,2024-09-15,0,0,0.06440617942601554,0,14,default,Test
AST-4061,2024-09-15,0,0,0.024779864854176086,0,14,default,Test
AST-5003,2024-09-15,0,0,0.05103994854997354,0,14,default,Test
AST-5007,2024-09-15,0,0,0.029275841921745066,0,14,default,Test
AST-1041,2024-09-16,6,0,0.09311855318809234,0,14,default,Test
AST-1042,2024-09-16,6,0,0.06151562122266744,0,14,default,Test
AST-2017,2024-09-16,4,0,0.05699363012461795,0,14,default,Test
AST-2031,2024-09-16,21,1,0.1201782906319377,0,14,default,Test
AST-3008,2024-09-16,0,0,0.04504997743525391,0,14,default,Test
AST-3019,2024-09-16,4,0,0.05401037653225274,0,14,default,Test
AST-4055,2024-09-16,1,0,0.10879228609830845,0,14,default,Test
AST-4061,2024-09-16,10,0,0.039028568870549125,0,14,default,Test
AST-5003,2024-09-16,9,0,0.07868851512787502,0,14,default,Test
AST-5007,2024-09-16,0,0,0.03730913501048047,0,14,default,Test
AST-1041,2024-09-17,6,0,0.2710494687512392,0,14,default,Test
AST-1042,2024-09-17,2,0,0.06808411349509202,0,14,default,Test
AST-2017,2024-09-17,0,0,0.054574038406882824,0,14,default,Test
AST-2031,2024-09-17,6,0,0.13524914359766102,0,14,default,Test
AST-3008,2024-09-17,15,1,0.041188019011035686,0,14,default,Test
AST-3019,2024-09-17,4,0,0.04811383581112018,0,14,default,Test
AST-4055,2024-09-17,13,0,0.11530696296348644,0,14,default,Test
AST-4061,2024-09-17,8,0,0.13205342233493084,0,14,default,Test
AST-5003,2024-09-17,5,0,0.13224140438823917,0,14,default,Test
AST-5007,2024-09-17,10,0,0.03917020504737346,0,14,default,Test
AST-1041,2024-09-18,6,0,0.07262376445425045,0,14,default,Test
AST-1042,2024-09-18,10,0,0.07860763735572793,0,14,default,Test
AST-2017,2024-09-18,0,0,0.054302988822725023,0,14,default,Test
AST-2031,2024-09-18,6,0,0.1510280036777105,0,14,default,Test
AST-3008,2024-09-18,7,0,0.04654105041134388,0,14,default,Test
AST-3019,2024-09-18,0,0,0.056835459680492605,0,14,default,Test
AST-4055,2024-09-18,11,0,0.10076520829833537,0,14,default,Test
AST-4061,2024-09-18,2,0,0.03938333788778039,0,14,default,Test
AST-5003,2024-09-18,12,0,0.10281236579231769,0,14,default,Test
AST-5007,2024-09-18,7,0,0.03697284201536654,0,14,default,Test
AST-1041,2024-09-19,5,0,0.1464595339032854,0,14,default,Test
AST-1042,2024-09-19,8,0,0.05535559036663996,0,14,default,Test
AST-2017,2024-09-19,2,0,0.04823180294571368,0,14,default,Test
AST-2031,2024-09-19,13,0,0.14526262223063313,0,14,default,Test
AST-3008,2024-09-19,9,0,0.0485177038402537,0,14,default,Test
AST-3019,2024-09-19,10,0,0.19777627505434278,0,14,default,Test
AST-4055,2024-09-19,12,0,0.11464185654206571,0,14,default,Test
AST-4061,2024-09-19,7,0,0.042806704524907015,0,14,default,Test
AST-5003,2024-09-19,13,0,0.09765557296328561,0,14,default,Test
AST-5007,2024-09-19,7,0,0.05249452785114436,0,14,default,Test
AST-1041,2024-09-20,17,1,0.08473216919594509,0,14,default,Test
AST-1042,2024-09-20,8,0,0.07763522806348722,0,14,default,Test
AST-2017,2024-09-20,6,0,0.05164636085503784,0,14,default,Test
AST-2031,2024-09-20,0,0,0.15336278161906894,0,14,default,Test
AST-3008,2024-09-20,1,0,0.0362669253023192,0,14,default,Test
AST-3019,2024-09-20,0,0,0.059612027685761175,0,14,default,Test
AST-4055,2024-09-20,6,0,0.10010910589786395,0,14,default,Test
AST-4061,2024-09-20,18,1,0.044267998695946637,0,14,default,Test
AST-5003,2024-09-20,13,0,0.22168441940178113,0,14,default,Test
AST-5007,2024-09-20,4,0,0.040448479053522966,0,14,default,Test
AST-1041,2024-09-21,0,0,0.04423263234336787,0,14,default,Test
AST-1042,2024-09-21,0,0,0.05501020719944089,0,14,default,Test
AST-2017,2024-09-21,0,0,0.03582439513341223,0,14,default,Test
AST-2031,2024-09-21,0,0,0.13528967159886296,0,14,default,Test
AST-3008,2024-09-21,0,0,0.03369323386028949,0,14,default,Test
AST-3019,2024-09-21,0,0,0.028424586909292844,0,14,default,Test
AST-4055,2024-09-21,0,0,0.07609363878130927,0,14,default,Test
AST-4061,2024-09-21,0,0,0.02409887046447618,0,14,default,Test
AST-5003,2024-09-21,0,0,0.061696479007099105,0,14,default,Test
AST-5007,2024-09-21,0,0,0.028304061690150244,0,14,default,Test
AST-1041,2024-09-22,0,0,0.04386088712531086,0,14,default,Test
AST-1042,2024-09-22,0,0,0.03998307910358761,0,14,default,Test
AST-2017,2024-09-22,0,0,0.05388481251392224,0,14,default,Test
AST-2031,2024-09-22,0,0,0.13314180290217761,0,14,default,Test
AST-3008,2024-09-22,0,0,0.029747995552244656,0,14,default,Test
AST-3019,2024-09-22,0,0,0.0403382969384012,0,14,default,Test
AST-4055,2024-09-22,0,0,0.08172221741353955,0,14,default,Test
AST-4061,2024-09-22,0,0,0.024900918373573746,0,14,default,Test
AST-5003,2024-09-22,0,0,0.16745326798503934,0,14,default,Test
AST-5007,2024-09-22,0,0,0.027369071401560124,0,14,default,Test
AST-1041,2024-09-23,5,0,0.07754723870035139,0,14,default,Test
AST-1042,2024-09-23,4,0,0.06405554847775541,0,14,default,Test
AST-2017,2024-09-23,7,0,0.05503727702327493,0,14,default,Test
AST-2031,2024-09-23,3,0,0.19207168539907762,0,14,default,Test
AST-3008,2024-09-23,5,0,0.06368751564387932,0,14,default,Test
AST-3019,2024-09-23,2,0,0.04494579260771441,0,14,default,Test
AST-4055,2024-09-23,4,0,0.11687515912811813,0,14,default,Test
AST-4061,2024-09-23,8,0,0.04772163526196895,0,14,default,Test
AST-5003,2024-09-23,4,0,0.08953598951895542,0,14,default,Test
AST-5007,2024-09-23,4,0,0.057825665700200035,0,14,default,Test
AST-1041,2024-09-24,9,0,0.09267105164153115,0,14,default,Test
AST-1042,2024-09-24,6,0,0.0742391685479489,0,14,default,Test
AST-2017,2024-09-24,3,0,0.05587042267591665,0,14,default,Test
AST-2031,2024-09-24,2,0,0.14285796980223492,0,14,default,Test
AST-3008,2024-09-24,11,0,0.0526056876284419,0,14,default,Test
AST-3019,2024-09-24,11,0,0.03917850130436042,0,14,default,Test
AST-4055,2024-09-24,6,0,0.12986956971268251,0,14,default,Test
AST-4061,2024-09-24,6,0,0.038376706822514206,0,14,default,Test
AST-5003,2024-09-24,8,0,0.09977615858581107,0,14,default,Test
AST-5007,2024-09-24,10,0,0.04594049240932577,0,14,default,Test
AST-1041,2024-09-25,0,0,0.08429538648520764,0,14,default,Test
AST-1042,2024-09-25,11,0,0.05553562795762277,0,14,default,Test
AST-2017,2024-09-25,6,0,0.06835396091459882,0,14,default,Test
AST-2031,2024-09-25,2,0,0.17439297499316692,0,14,default,Test
AST-3008,2024-09-25,5,0,0.0559269849203966,0,14,default,Test
AST-3019,2024-09-25,11,0,0.03389911920199178,0,14,default,Test
AST-4055,2024-09-25,11,0,0.1427571298512637,0,14,default,Test
AST-4061,2024-09-25,18,1,0.17154296066030475,0,14,default,Test
AST-5003,2024-09-25,13,0,0.10074632399528141,0,14,default,Test
AST-5007,2024-09-25,13,0,0.03664750139256583,0,14,default,Test
AST-1041,2024-09-26,4,0,0.11163954915012735,0,14,default,Test
AST-1042,2024-09-26,8,0,0.06238451284755393,0,14,default,Test
AST-2017,2024-09-26,12,0,0.06379646407400838,0,14,default,Test
AST-2031,2024-09-26,8,0,0.17346894906680224,0,14,default,Test
AST-3008,2024-09-26,8,0,0.046318670227358555,0,14,default,Test
AST-3019,2024-09-26,4,0,0.05190530318304537,0,14,default,Test
AST-4055,2024-09-26,3,0,0.12340115806871747,0,14,default,Test
AST-4061,2024-09-26,18,1,0.041519202926625635,0,14,default,Test
AST-5003,2024-09-26,12,0,0.09631364391894462,0,14,default,Test
AST-5007,2024-09-26,0,0,0.03196954277072293,0,14,default,Test
AST-1041,2024-09-27,0,0,0.06677605066766781,0,14,default,Test
AST-1042,2024-09-27,5,0,0.06727284986549212,0,14,default,Test
AST-2017,2024-09-27,6,0,0.08751054613752274,0,14,default,Test
AST-2031,2024-09-27,4,0,0.1545547653494247,0,14,default,Test
AST-3008,2024-09-27,6,0,0.045689643920763315,0,14,default,Test
AST-3019,2024-09-27,3,0,0.046959288156234846,0,14,default,Test
AST-4055,2024-09-27,18,1,0.10121861376211357,0,14,default,Test
AST-4061,2024-09-27,8,0,0.040560266817152024,0,14,default,Test
AST-5003,2024-09-27,8,0,0.10123224341168582,0,14,default,Test
AST-5007,2024-09-27,2,0,0.0418764245612991,0,14,default,Test
AST-1041,2024-09-28,0,0,0.055305035023403205,0,14,default,Test
AST-1042,2024-09-28,0,0,0.04291899021635588,0,14,default,Test
AST-2017,2024-09-28,0,0,0.03626223659039307,0,14,default,Test
AST-2031,2024-09-28,0,0,0.14981310724184996,0,14,default,Test
AST-3008,2024-09-28,0,0,0.049486787847586027,0,14,default,Test
AST-3019,2024-09-28,0,0,0.026275391735077473,0,14,default,Test
AST-4055,2024-09-28,0,0,0.06373663417680099,0,14,default,Test
AST-4061,2024-09-28,0,0,0.022134362800581574,0,14,default,Test
AST-5003,2024-09-28,0,0,0.04132474127222726,0,14,default,Test
AST-5007,2024-09-28,0,0,0.03050713994027426,0,14,default,Test
AST-1041,2024-09-29,0,0,0.049411248386582375,0,14,default,Test
AST-1042,2024-09-29,0,0,0.06731970621298779,0,14,default,Test
AST-2017,2024-09-29,0,0,0.03400569589405047,0,14,default,Test
AST-2031,2024-09-29,0,0,0.11948882537373627,0,14,default,Test
AST-3008,2024-09-29,0,0,0.0257932784390748,0,14,default,Test
AST-3019,2024-09-29,0,0,0.042232146590349,0,14,default,Test
AST-4055,2024-09-29,0,0,0.08301274109369265,0,14,default,Test
AST-4061,2024-09-29,0,0,0.03093417547787944,0,14,default,Test
AST-5003,2024-09-29,0,0,0.059560268180221095,0,14,default,Test
AST-5007,2024-09-29,0,0,0.03302798467204934,0,14,default,Test
AST-1041,2024-09-30,4,0,0.06988120821113877,0,14,default,Test
AST-1042,2024-09-30,9,0,0.077288817452433,0,14,default,Test
AST-2017,2024-09-30,8,0,0.05903676006693078,0,14,default,Test
AST-2031,2024-09-30,23,1,0.18052284176723668,0,14,default,Test
AST-3008,2024-09-30,4,0,0.04873260448572105,0,14,default,Test
AST-3019,2024-09-30,6,0,0.04696468999469573,0,14,default,Test
AST-4055,2024-09-30,6,0,0.08960007128373092,0,14,default,Test
AST-4061,2024-09-30,4,0,0.05015975590221811,0,14,default,Test
AST-5003,2024-09-30,14,1,0.296594715344442,0,14,default,Test
AST-5007,2024-09-30,3,0,0.04860031117322606,0,14,default,Test
AST-1041,2024-10-01,2,0,0.08176231004641071,0,14,default,Test
AST-1042,2024-10-01,11,0,0.06344340327890052,0,14,default,Test
AST-2017,2024-10-01,13,0,0.07358323014193296,0,14,default,Test
AST-2031,2024-10-01,6,0,0.14793441568069893,0,14,default,Test
AST-3008,2024-10-01,14,1,0.13030363053689484,0,14,default,Test
AST-3019,2024-10-01,0,0,0.046046094296049736,0,14,default,Test
AST-4055,2024-10-01,2,0,0.09002351254681425,0,14,default,Test
AST-4061,2024-10-01,8,0,0.050957264755111524,0,14,default,Test
AST-5003,2024-10-01,5,0,0.1023836941732294,0,14,default,Test
AST-5007,2024-10-01,2,0,0.0475683311371999,0,14,default,Test
AST-1041,2024-10-02,0,0,0.07644875338664985,0,14,default,Test
AST-1042,2024-10-02,10,0,0.07316582638009747,0,14,default,Test
AST-2017,2024-10-02,4,0,0.05353148966838244,0,14,default,Test
AST-2031,2024-10-02,21,1,0.15361525843273222,0,14,default,Test
AST-3008,2024-10-02,8,0,0.042253032918982955,0,14,default,Test
AST-3019,2024-10-02,2,0,0.0391194868773916,0,14,default,Test
AST-4055,2024-10-02,4,0,0.13082839755472694,0,14,default,Test
AST-4061,2024-10-02,12,0,0.04071534397996498,0,14,default,Test
AST-5003,2024-10-02,4,0,0.1346530761675581,0,14,default,Test
AST-5007,2024-10-02,6,0,0.039239036100079255,0,14,default,Test
AST-1041,2024-10-03,8,0,0.07847395281415959,0,14,default,Test
AST-1042,2024-10-03,6,0,0.06662754980101948,0,14,default,Test
AST-2017,2024-10-03,13,0,0.06758053508933236,0,14,default,Test
AST-2031,2024-10-03,10,0,0.18056068483617926,0,14,default,Test
AST-3008,2024-10-03,6,0,0.05767751009992349,0,14,default,Test
AST-3019,2024-10-03,18,1,0.08646039156118034,0,14,default,Test
AST-4055,2024-10-03,10,0,0.10415892410722138,0,14,default,Test
AST-4061,2024-10-03,8,0,0.04310592628004781,0,14,default,Test
AST-5003,2024-10-03,10,0,0.08166889693415308,0,14,default,Test
AST-5007,2024-10-03,1,0,0.04503304147347041,0,14,default,Test
AST-1041,2024-10-04,12,0,0.0786857356815713,0,14,default,Test
AST-1042,2024-10-04,6,0,0.09129148337192558,0,14,default,Test
AST-2017,2024-10-04,16,1,0.07511816649389816,0,14,default,Test
AST-2031,2024-10-04,5,0,0.15739126475956386,0,14,default,Test
AST-3008,2024-10-04,6,0,0.04784281477204544,0,14,default,Test
AST-3019,2024-10-04,12,0,0.04866807450369362,0,14,default,Test
AST-4055,2024-10-04,14,1,0.10327775709046177,0,14,default,Test
AST-4061,2024-10-04,7,0,0.04525170736063151,0,14,default,Test
AST-5003,2024-10-04,5,0,0.11761326042926008,0,14,default,Test
AST-5007,2024-10-04,0,0,0.04449741793909712,0,14,default,Test
AST-1041,2024-10-05,0,0,0.10264869618342262,0,14,default,Test
AST-1042,2024-10-05,0,0,0.039517574848892206,0,14,default,Test
AST-2017,2024-10-05,0,0,0.03738901308323615,0,14,default,Test
AST-2031,2024-10-05,0,0,0.1504444858462311,0,14,default,Test
AST-3008,2024-10-05,0,0,0.02417471540202502,0,14,default,Test
AST-3019,2024-10-05,0,0,0.028047391349715095,0,14,default,Test
AST-4055,2024-10-05,0,0,0.08112040786688916,0,14,default,Test
AST-4061,2024-10-05,0,0,0.02380611542188178,0,14,default,Test
AST-5003,2024-10-05,0,0,0.07901935939841581,0,14,default,Test
AST-5007,2024-10-05,0,0,0.02468463014778532,0,14,default,Test
AST-1041,2024-10-06,0,0,0.03851302523022737,0,14,default,Test
AST-1042,2024-10-06,0,0,0.04226607855898569,0,14,default,Test
AST-2017,2024-10-06,0,0,0.04195984897730781,0,14,default,Test
AST-2031,2024-10-06,0,0,0.09491233875297819,0,14,default,Test
AST-3008,2024-10-06,0,0,0.03506320297535209,0,14,default,Test
AST-3019,2024-10-06,0,0,0.02739539044621956,0,14,default,Test
AST-4055,2024-10-06,0,0,0.07695019734078216,0,14,default,Test
AST-4061,2024-10-06,0,0,0.026530671794810154,0,14,default,Test
AST-5003,2024-10-06,0,0,0.06511272267678932,0,14,default,Test
AST-5007,2024-10-06,0,0,0.024474339982342445,0,14,default,Test
AST-1041,2024-10-07,8,0,0.08604367309957268,0,14,default,Test
AST-1042,2024-10-07,8,0,0.08720408125356839,0,14,default,Test
AST-2017,2024-10-07,3,0,0.07713011456084122,0,14,default,Test
AST-2031,2024-10-07,6,0,0.14693517353583985,0,14,default,Test
AST-3008,2024-10-07,4,0,0.04508642462616676,0,14,default,Test
AST-3019,2024-10-07,2,0,0.03998688371053148,0,14,default,Test
AST-4055,2024-10-07,16,1,0.11689625696094148,0,14,default,Test
AST-4061,2024-10-07,10,0,0.03918998428992841,0,14,default,Test
AST-5003,2024-10-07,16,1,0.12096406255347408,0,14,default,Test
AST-5007,2024-10-07,0,0,0.03729098206338722,0,14,default,Test
AST-1041,2024-10-08,8,0,0.06999812403165541,0,14,default,Test
AST-1042,2024-10-08,4,0,0.08172463335291691,0,14,default,Test
AST-2017,2024-10-08,6,0,0.06617707695545662,0,14,default,Test
AST-2031,2024-10-08,8,0,0.1761277305519333,0,14,default,Test
AST-3008,2024-10-08,8,0,0.05137261823083062,0,14,default,Test
AST-3019,2024-10-08,8,0,0.04517847849390458,0,14,default,Test
AST-4055,2024-10-08,11,0,0.10266725954032607,0,14,default,Test
AST-4061,2024-10-08,15,1,0.049152094591136467,0,14,default,Test
AST-5003,2024-10-08,6,0,0.09364978905245018,0,14,default,Test
AST-5007,2024-10-08,1,0,0.030048056107276375,0,14,default,Test
AST-1041,2024-10-09,6,0,0.07769081285149583,0,14,default,Test
AST-1042,2024-10-09,6,0,0.07250372098259512,0,14,default,Test
AST-2017,2024-10-09,12,0,0.0622766123383297,0,14,default,Test
AST-2031,2024-10-09,13,0,0.13543490571642092,0,14,default,Test
AST-3008,2024-10-09,14,1,0.18317689611667629,0,14,default,Test
AST-3019,2024-10-09,6,0,0.037313957805068514,0,14,default,Test
AST-4055,2024-10-09,4,0,0.11946162840231414,0,14,default,Test
AST-4061,2024-10-09,7,0,0.041271950708674954,0,14,default,Test
AST-5003,2024-10-09,6,0,0.12145929651667252,0,14,default,Test
AST-5007,2024-10-09,6,0,0.04333728424268041,0,14,default,Test
AST-1041,2024-10-10,2,0,0.0854237279424703,0,14,default,Test
AST-1042,2024-10-10,6,0,0.06108992926656564,0,14,default,Test
AST-2017,2024-10-10,3,0,0.07227242463040331,0,14,default,Test
AST-2031,2024-10-10,2,0,0.15403571531019483,0,14,default,Test
AST-3008,2024-10-10,1,0,0.057056209219311996,0,14,default,Test
AST-3019,2024-10-10,4,0,0.05210172550981197,0,14,default,Test
AST-4055,2024-10-10,0,0,0.13804749463986965,0,14,default,Test
AST-4061,2024-10-10,8,0,0.0547614733243897,0,14,default,Test
AST-5003,2024-10-10,10,0,0.0811909843357361,0,14,default,Test
AST-5007,2024-10-10,11,0,0.04441652276519373,0,14,default,Test
AST-1041,2024-10-11,6,0,0.0660056520113746,0,14,default,Test
AST-1042,2024-10-11,12,0,0.1324610312152156,0,14,default,Test
AST-2017,2024-10-11,6,0,0.04476376053148065,0,14,default,Test
AST-2031,2024-10-11,2,0,0.1542226254653412,0,14,default,Test
AST-3008,2024-10-11,11,0,0.054031305155493634,0,14,default,Test
AST-3019,2024-10-11,3,0,0.0667557319141382,0,14,default,Test
AST-4055,2024-10-11,13,0,0.11511979858385298,0,14,default,Test
AST-4061,2024-10-11,5,0,0.041691900134484206,0,14,default,Test
AST-5003,2024-10-11,12,0,0.09427863611541848,0,14,default,Test
AST-5007,2024-10-11,6,0,0.02961794993564181,0,14,default,Test
AST-1041,2024-10-12,0,0,0.16686013507363529,0,14,default,Test
AST-1042,2024-10-12,0,0,0.049321858349872176,0,14,default,Test
AST-2017,2024-10-12,0,0,0.038648792952983214,0,14,default,Test
AST-2031,2024-10-12,0,0,0.13042358564737194,0,14,default,Test
AST-3008,2024-10-12,0,0,0.03267210991137465,0,14,default,Test
AST-3019,2024-10-12,0,0,0.0315621610541378,0,14,default,Test
AST-4055,2024-10-12,0,0,0.09413897774696729,0,14,default,Test
AST-4061,2024-10-12,0,0,0.030272196344333247,0,14,default,Test
AST-5003,2024-10-12,0,0,0.050354478676910924,0,14,default,Test
AST-5007,2024-10-12,0,0,0.03245702851038845,0,14,default,Test
AST-1041,2024-10-13,0,0,0.03671630830469657,0,14,default,Test
AST-1042,2024-10-13,0,0,0.043348320920815184,0,14,default,Test
AST-2017,2024-10-13,0,0,0.04207441207918139,0,14,default,Test
AST-2031,2024-10-13,0,0,0.11927711900276437,0,14,default,Test
AST-3008,2024-10-13,0,0,0.028094909232758918,0,14,default,Test
AST-3019,2024-10-13,0,0,0.03263807937549302,0,14,default,Test
AST-4055,2024-10-13,0,0,0.0625884405474266,0,14,default,Test
AST-4061,2024-10-13,0,0,0.03509778327831344,0,14,default,Test
AST-5003,2024-10-13,0,0,0.06367502941216766,0,14,default,Test
AST-5007,2024-10-13,0,0,0.028549490738627052,0,14,default,Test
AST-1041,2024-10-14,3,0,0.09757626338825696,0,14,default,Test
AST-1042,2024-10-14,0,0,0.08257605191043735,0,14,default,Test
AST-2017,2024-10-14,7,0,0.04375815519738147,0,14,default,Test
AST-2031,2024-10-14,10,0,0.15864989741669058,0,14,default,Test
AST-3008,2024-10-14,2,0,0.04658859762522248,0,14,default,Test
AST-3019,2024-10-14,2,0,0.055422371749454045,0,14,default,Test
AST-4055,2024-10-14,2,0,0.11578085158518393,0,14,default,Test
AST-4061,2024-10-14,1,0,0.052750513908793255,0,14,default,Test
AST-5003,2024-10-14,18,1,0.08332659703103776,0,14,default,Test
AST-5007,2024-10-14,3,0,0.05088829238746187,0,14,default,Test
AST-1041,2024-10-15,6,0,0.09374392929381287,0,14,default,Test
AST-1042,2024-10-15,0,0,0.07695136240078802,0,14,default,Test
AST-2017,2024-10-15,8,0,0.04494097646067036,0,14,default,Test
AST-2031,2024-10-15,7,0,0.17818203822504977,0,14,default,Test
AST-3008,2024-10-15,9,0,0.04096928960763437,0,14,default,Test
AST-3019,2024-10-15,12,0,0.04649361029710062,0,14,default,Test
AST-4055,2024-10-15,9,0,0.10525654699665023,0,14,default,Test
AST-4061,2024-10-15,6,0,0.051540604201565615,0,14,default,Test
AST-5003,2024-10-15,14,1,0.07967411997930024,0,14,default,Test
AST-5007,2024-10-15,7,0,0.037970012032351556,0,14,default,Test
AST-1041,2024-10-16,8,0,0.0785430017878593,0,14,default,Test
AST-1042,2024-10-16,6,0,0.0728029301847711,0,14,default,Test
AST-2017,2024-10-16,5,0,0.06822000772250232,0,14,default,Test
AST-2031,2024-10-16,2,0,0.14129887578882996,0,14,default,Test
AST-3008,2024-10-16,10,0,0.05108370854088469,0,14,default,Test
AST-3019,2024-10-16,14,1,0.03828437504732074,0,14,default,Test
AST-4055,2024-10-16,10,0,0.09225300581905568,0,14,default,Test
AST-4061,2024-10-16,4,0,0.04226319153911424,0,14,default,Test
AST-5003,2024-10-16,8,0,0.0971369333609722,0,14,default,Test
AST-5007,2024-10-16,7,0,0.045538998922572266,0,14,default,Test
AST-1041,2024-10-17,10,0,0.08188206635976637,0,14,default,Test
AST-1042,2024-10-17,0,0,0.08095081865017464,0,14,default,Test
AST-2017,2024-10-17,6,0,0.05492634392181018,0,14,default,Test
AST-2031,2024-10-17,9,0,0.17267461282763544,0,14,default,Test
AST-3008,2024-10-17,8,0,0.05780999667000535,0,14,default,Test
AST-3019,2024-10-17,14,1,0.043582874740334884,0,14,default,Test
AST-4055,2024-10-17,9,0,0.13683479843420274,0,14,default,Test
AST-4061,2024-10-17,6,0,0.0466383156759657,0,14,default,Test
AST-5003,2024-10-17,4,0,0.09668595398225945,0,14,default,Test
AST-5007,2024-10-17,3,0,0.04390693762692961,0,14,default,Test
AST-1041,2024-10-18,3,0,0.0958800255445687,0,14,default,Test
AST-1042,2024-10-18,6,0,0.07220986140828338,0,14,default,Test
AST-2017,2024-10-18,18,1,0.05197589046618641,0,14,default,Test
AST-2031,2024-10-18,8,0,0.1902420857549711,0,14,default,Test
AST-3008,2024-10-18,3,0,0.048409021714363565,0,14,default,Test
AST-3019,2024-10-18,12,0,0.03163970551155988,0,14,default,Test
AST-4055,2024-10-18,12,0,0.0891970253584431,0,14,default,Test
AST-4061,2024-10-18,2,0,0.0483349729283557,0,14,default,Test
AST-5003,2024-10-18,1,0,0.08922601569602831,0,14,default,Test
AST-5007,2024-10-18,8,0,0.04041999466612136,0,14,default,Test
AST-1041,2024-10-19,0,0,0.05376896156784413,0,14,default,Test
AST-1042,2024-10-19,0,0,0.049465509392878804,0,14,default,Test
AST-2017,2024-10-19,0,0,0.045051828044690066,0,14,default,Test
AST-2031,2024-10-19,0,0,0.11741623120649443,0,14,default,Test
AST-3008,2024-10-19,0,0,0.03765964589396162,0,14,default,Test
AST-3019,2024-10-19,0,0,0.030261036186104234,0,14,default,Test
AST-4055,2024-10-19,0,0,0.08511485856425247,0,14,default,Test
AST-4061,2024-10-19,0,0,0.0308494439748203,0,14,default,Test
AST-5003,2024-10-19,0,0,0.05537018919256533,0,14,default,Test
AST-5007,2024-10-19,0,0,0.023294025025405937,0,14,default,Test
AST-1041,2024-10-20,0,0,0.048492961571126404,0,14,default,Test
AST-1042,2024-10-20,0,0,0.06760112249938938,0,14,default,Test
AST-2017,2024-10-20,0,0,0.040856817231651084,0,14,default,Test
AST-2031,2024-10-20,0,0,0.15593345787046645,0,14,default,Test
AST-3008,2024-10-20,0,0,0.03227091049781092,0,14,default,Test
AST-3019,2024-10-20,0,0,0.03656349762242724,0,14,default,Test
AST-4055,2024-10-20,0,0,0.08568400851681059,0,14,default,Test
AST-4061,2024-10-20,0,0,0.1429188845136747,0,14,default,Test
AST-5003,2024-10-20,0,0,0.04677902798330695,0,14,default,Test
AST-5007,2024-10-20,0,0,0.027695920268594174,0,14,default,Test
AST-1041,2024-10-21,5,0,0.08576172861431945,0,14,default,Test
AST-1042,2024-10-21,7,0,0.07084702181466189,0,14,default,Test
AST-2017,2024-10-21,2,0,0.06982277882711602,0,14,default,Test
AST-2031,2024-10-21,8,0,0.1571788957763182,0,14,default,Test
AST-3008,2024-10-21,5,0,0.05574817914542324,0,14,default,Test
AST-3019,2024-10-21,0,0,0.06078487974308702,0,14,default,Test
AST-4055,2024-10-21,14,1,0.10258234802335355,0,14,default,Test
AST-4061,2024-10-21,8,0,0.038279984079384245,0,14,default,Test
AST-5003,2024-10-21,8,0,0.07891062893093356,0,14,default,Test
AST-5007,2024-10-21,4,0,0.0423116192896708,0,14,default,Test
AST-1041,2024-10-22,0,0,0.08721019911449454,0,14,default,Test
AST-1042,2024-10-22,4,0,0.07575837308422687,0,14,default,Test
AST-2017,2024-10-22,7,0,0.059506626010700864,0,14,default,Test
AST-2031,2024-10-22,9,0,0.16374877477347616,0,14,default,Test
AST-3008,2024-10-22,10,0,0.044213269057736905,0,14,default,Test
AST-3019,2024-10-22,6,0,0.06057674319446737,0,14,default,Test
AST-4055,2024-10-22,12,0,0.10265696589533993,0,14,default,Test
AST-4061,2024-10-22,12,0,0.04554150195279909,0,14,default,Test
AST-5003,2024-10-22,6,0,0.07796354520977335,0,14,default,Test
AST-5007,2024-10-22,0,0,0.032841304459260555,0,14,default,Test
AST-1041,2024-10-23,6,0,0.06941690315035959,0,14,default,Test
AST-1042,2024-10-23,4,0,0.06953158279215112,0,14,default,Test
AST-2017,2024-10-23,13,0,0.14883117200027737,0,14,default,Test
AST-2031,2024-10-23,8,0,0.16136986968459363,0,14,default,Test
AST-3008,2024-10-23,12,0,0.05122184901477821,0,14,default,Test
AST-3019,2024-10-23,4,0,0.04868060257185881,0,14,default,Test
AST-4055,2024-10-23,11,0,0.12313200583450393,0,14,default,Test
AST-4061,2024-10-23,22,1,0.04205979823039882,0,14,default,Test
AST-5003,2024-10-23,9,0,0.10178965116449011,0,14,default,Test
AST-5007,2024-10-23,1,0,0.038471238590749454,0,14,default,Test
AST-1041,2024-10-24,11,0,0.08529758631377811,0,14,default,Test
AST-1042,2024-10-24,2,0,0.060781798399760945,0,14,default,Test
AST-2017,2024-10-24,21,1,0.07506503391773069,0,14,default,Test
AST-2031,2024-10-24,2,0,0.17191438518674496,0,14,default,Test
AST-3008,2024-10-24,6,0,0.04570885974890925,0,14,default,Test
AST-3019,2024-10-24,9,0,0.059911388473911184,0,14,default,Test
AST-4055,2024-10-24,2,0,0.09258920616278894,0,14,default,Test
AST-4061,2024-10-24,4,0,0.04167418958997975,0,14,default,Test
AST-5003,2024-10-24,4,0,0.08990052709607503,0,14,default,Test
AST-5007,2024-10-24,1,0,0.03075931970578812,0,14,default,Test
AST-1041,2024-10-25,14,1,0.06878431842329528,0,14,default,Test
AST-1042,2024-10-25,15,1,0.061933684060344815,0,14,default,Test
AST-2017,2024-10-25,11,0,0.054970483740167164,0,14,default,Test
AST-2031,2024-10-25,0,0,0.16134510842976232,0,14,default,Test
AST-3008,2024-10-25,8,0,0.062239226242762576,0,14,default,Test
AST-3019,2024-10-25,9,0,0.042304210886142245,0,14,default,Test
AST-4055,2024-10-25,11,0,0.08344105947467122,0,14,default,Test
AST-4061,2024-10-25,4,0,0.04250921333287828,0,14,default,Test
AST-5003,2024-10-25,5,0,0.07513217726188552,0,14,default,Test
AST-5007,2024-10-25,6,0,0.04247131441111688,0,14,default,Test
AST-1041,2024-10-26,0,0,0.04789759941684353,0,14,default,Test
AST-1042,2024-10-26,0,0,0.050270959516576834,0,14,default,Test
AST-2017,2024-10-26,0,0,0.04333221391648672,0,14,default,Test
AST-2031,2024-10-26,0,0,0.10794043753631022,0,14,default,Test
AST-3008,2024-10-26,0,0,0.030010739413575977,0,14,default,Test
AST-3019,2024-10-26,0,0,0.028216047777368608,0,14,default,Test
AST-4055,2024-10-26,0,0,0.09392633598065474,0,14,default,Test
AST-4061,2024-10-26,0,0,0.026762121230376204,0,14,default,Test
AST-5003,2024-10-26,0,0,0.061218893867888285,0,14,default,Test
AST-5007,2024-10-26,0,0,0.02610752551154427,0,14,default,Test
AST-1041,2024-10-27,0,0,0.052489606724349935,0,14,default,Test
AST-1042,2024-10-27,0,0,0.05060393427457899,0,14,default,Test
AST-2017,2024-10-27,0,0,0.047390242774019785,0,14,default,Test
AST-2031,2024-10-27,0,0,0.13078011413849103,0,14,default,Test
AST-3008,2024-10-27,0,0,0.03280823644753593,0,14,default,Test
AST-3019,2024-10-27,0,0,0.04504062730028429,0,14,default,Test
AST-4055,2024-10-27,0,0,0.08166578071702725,0,14,default,Test
AST-4061,2024-10-27,0,0,0.02977558134529761,0,14,default,Test
AST-5003,2024-10-27,0,0,0.26263037249282134,0,14,default,Test
AST-5007,2024-10-27,0,0,0.023271636075844013,0,14,default,Test
AST-1041,2024-10-28,0,0,0.07358325898956658,0,14,default,Test
AST-1042,2024-10-28,8,0,0.06723417363339232,0,14,default,Test
AST-2017,2024-10-28,7,0,0.048724881021384114,0,14,default,Test
AST-2031,2024-10-28,4,0,0.1497459471669818,0,14,default,Test
AST-3008,2024-10-28,5,0,0.051182528821199995,0,14,default,Test
AST-3019,2024-10-28,9,0,0.05695149764849218,0,14,default,Test
AST-4055,2024-10-28,9,0,0.1230661610520616,0,14,default,Test
AST-4061,2024-10-28,2,0,0.044721973637290434,0,14,default,Test
AST-5003,2024-10-28,14,1,0.10694502851209096,0,14,default,Test
AST-5007,2024-10-28,11,0,0.04512178098515102,0,14,default,Test
AST-1041,2024-10-29,5,0,0.0905087842599239,0,14,default,Test
AST-1042,2024-10-29,5,0,0.07236726255503081,0,14,default,Test
AST-2017,2024-10-29,14,1,0.1705854210621378,0,14,default,Test
AST-2031,2024-10-29,2,0,0.1603647614481725,0,14,default,Test
AST-3008,2024-10-29,8,0,0.04963133608075099,0,14,default,Test
AST-3019,2024-10-29,6,0,0.05048943525895693,0,14,default,Test
AST-4055,2024-10-29,3,0,0.09181378613737756,0,14,default,Test
AST-4061,2024-10-29,4,0,0.031851362656525134,0,14,default,Test
AST-5003,2024-10-29,3,0,0.1117337258418293,0,14,default,Test
AST-5007,2024-10-29,0,0,0.03848191654229834,0,14,default,Test
AST-1041,2024-10-30,4,0,0.0676271808885703,0,14,default,Test
AST-1042,2024-10-30,9,0,0.06377015762909154,0,14,default,Test
AST-2017,2024-10-30,7,0,0.048765217912218065,0,14,default,Test
AST-2031,2024-10-30,12,0,0.15642365622872506,0,14,default,Test
AST-3008,2024-10-30,1,0,0.046422394461031295,0,14,default,Test
AST-3019,2024-10-30,9,0,0.04847535552343628,0,14,default,Test
AST-4055,2024-10-30,8,0,0.1130529390585,0,14,default,Test
AST-4061,2024-10-30,7,0,0.05544038026256307,0,14,default,Test
AST-5003,2024-10-30,19,1,0.0817168045267441,0,14,default,Test
AST-5007,2024-10-30,10,0,0.034727180726661346,0,14,default,Test
AST-1041,2024-10-31,6,0,0.06771579686881887,0,14,default,Test
AST-1042,2024-10-31,12,0,0.06304250441777791,0,14,default,Test
AST-2017,2024-10-31,6,0,0.061772470512997446,0,14,default,Test
AST-2031,2024-10-31,0,0,0.1436406356691987,0,14,default,Test
AST-3008,2024-10-31,4,0,0.04660517054750496,0,14,default,Test
AST-3019,2024-10-31,6,0,0.041901105714507204,0,14,default,Test
AST-4055,2024-10-31,6,0,0.14285408982007722,0,14,default,Test
AST-4061,2024-10-31,2,0,0.04868766194202972,0,14,default,Test
AST-5003,2024-10-31,10,0,0.0825400843033661,0,14,default,Test
AST-5007,2024-10-31,4,0,0.04246504079374827,0,14,default,Test
AST-1041,2024-11-01,6,0,0.0744091792031491,0,14,default,Test
AST-1042,2024-11-01,1,0,0.08184226028990695,0,14,default,Test
AST-2017,2024-11-01,7,0,0.05175740747941712,0,14,default,Test
AST-2031,2024-11-01,8,0,0.16451290429421453,0,14,default,Test
AST-3008,2024-11-01,8,0,0.05234586974240924,0,14,default,Test
AST-3019,2024-11-01,5,0,0.04080179182755073,0,14,default,Test
AST-4055,2024-11-01,7,0,0.09936108724901555,0,14,default,Test
AST-4061,2024-11-01,10,0,0.03094874155061374,0,14,default,Test
AST-5003,2024-11-01,3,0,0.10133736823979543,0,14,default,Test
AST-5007,2024-11-01,5,0,0.04022191627470979,0,14,default,Test
AST-1041,2024-11-02,0,0,0.05039117110714742,0,14,default,Test
AST-1042,2024-11-02,0,0,0.0710535193874405,0,14,default,Test
AST-2017,2024-11-02,0,0,0.038082690726026436,0,14,default,Test
AST-2031,2024-11-02,0,0,0.10418311890567088,0,14,default,Test
AST-3008,2024-11-02,0,0,0.021427805888592992,0,14,default,Test
AST-3019,2024-11-02,0,0,0.0332831040611645,0,14,default,Test
AST-4055,2024-11-02,0,0,0.08124878479551738,0,14,default,Test
AST-4061,2024-11-02,0,0,0.04612989889193564,0,14,default,Test
AST-5003,2024-11-02,0,0,0.05118578072390155,0,14,default,Test
AST-5007,2024-11-02,0,0,0.030393566873527258,0,14,default,Test
AST-1041,2024-11-03,0,0,0.046644768163959606,0,14,default,Test
AST-1042,2024-11-03,0,0,0.0471057757770507,0,14,default,Test
AST-2017,2024-11-03,0,0,0.039645854819577137,0,14,default,Test
AST-2031,2024-11-03,0,0,0.12874386258033507,0,14,default,Test
AST-3008,2024-11-03,0,0,0.030200291180022085,0,14,default,Test
AST-3019,2024-11-03,0,0,0.03144048760136688,0,14,default,Test
AST-4055,2024-11-03,0,0,0.0593740881725954,0,14,default,Test
AST-4061,2024-11-03,0,0,0.025757908327547995,0,14,default,Test
AST-5003,2024-11-03,0,0,0.07973525388885529,0,14,default,Test
AST-5007,2024-11-03,0,0,0.08621152854342072,0,14,default,Test
AST-1041,2024-11-04,1,0,0.08024764496599057,0,14,default,Test
AST-1042,2024-11-04,12,0,0.06640841493004052,0,14,default,Test
AST-2017,2024-11-04,9,0,0.059829712059738624,0,14,default,Test
AST-2031,2024-11-04,4,0,0.1805344748605334,0,14,default,Test
AST-3008,2024-11-04,6,0,0.052838526949644554,0,14,default,Test
AST-3019,2024-11-04,0,0,0.03954795761250141,0,14,default,Test
AST-4055,2024-11-04,6,0,0.13204507724010922,0,14,default,Test
AST-4061,2024-11-04,2,0,0.04187345481067516,0,14,default,Test
AST-5003,2024-11-04,2,0,0.07163180515499226,0,14,default,Test
AST-5007,2024-11-04,10,0,0.05899593877643149,0,14,default,Test
AST-1041,2024-11-05,3,0,0.0657202553452914,0,14,default,Test
AST-1042,2024-11-05,9,0,0.08523035763450944,0,14,default,Test
AST-2017,2024-11-05,15,1,0.08111708317160961,0,14,default,Test
AST-2031,2024-11-05,11,0,0.14315032364067,0,14,default,Test
AST-3008,2024-11-05,11,0,0.045410335938531984,0,14,default,Test
AST-3019,2024-11-05,18,1,0.06121574344985464,0,14,default,Test
AST-4055,2024-11-05,12,0,0.09993236836147612,0,14,default,Test
AST-4061,2024-11-05,16,1,0.05190209513005087,0,14,default,Test
AST-5003,2024-11-05,12,0,0.10531018326635147,0,14,default,Test
AST-5007,2024-11-05,4,0,0.037924046731046004,0,14,default,Test
AST-1041,2024-11-06,8,0,0.08306622604885108,0,14,default,Test
AST-1042,2024-11-06,4,0,0.08591109594131403,0,14,default,Test
AST-2017,2024-11-06,12,0,0.04935297481485559,0,14,default,Test
AST-2031,2024-11-06,8,0,0.18406738406393022,0,14,default,Test
AST-3008,2024-11-06,4,0,0.04246131722821418,0,14,default,Test
AST-3019,2024-11-06,2,0,0.04323088027201609,0,14,default,Test
AST-4055,2024-11-06,14,1,0.11889407411163559,0,14,default,Test
AST-4061,2024-11-06,8,0,0.04632402021257553,0,14,default,Test
AST-5003,2024-11-06,18,1,0.08902490808276904,0,14,default,Test
AST-5007,2024-11-06,6,0,0.036996637502183564,0,14,default,Test
AST-1041,2024-11-07,0,0,0.07587673371963252,0,14,default,Test
AST-1042,2024-11-07,8,0,0.07890945394206295,0,14,default,Test
AST-2017,2024-11-07,16,1,0.06213208088936776,0,14,default,Test
AST-2031,2024-11-07,8,0,0.16231772286633242,0,14,default,Test
AST-3008,2024-11-07,11,0,0.06000457980640936,0,14,default,Test
AST-3019,2024-11-07,9,0,0.049219047340618126,0,14,default,Test
AST-4055,2024-11-07,8,0,0.1209009692442642,0,14,default,Test
AST-4061,2024-11-07,6,0,0.0919663280562131,0,14,default,Test
AST-5003,2024-11-07,10,0,0.08077210715486607,0,14,default,Test
AST-5007,2024-11-07,4,0,0.08688271525646599,0,14,default,Test
AST-1041,2024-11-08,4,0,0.06901068277741702,0,14,default,Test
AST-1042,2024-11-08,5,0,0.06373389772917504,0,14,default,Test
AST-2017,2024-11-08,1,0,0.04143838027021766,0,14,default,Test
AST-2031,2024-11-08,6,0,0.13397199914024782,0,14,default,Test
AST-3008,2024-11-08,8,0,0.04509027202113665,0,14,default,Test
AST-3019,2024-11-08,4,0,0.05657552544422109,0,14,default,Test
AST-4055,2024-11-08,11,0,0.11070419548629767,0,14,default,Test
AST-4061,2024-11-08,0,0,0.036183358479471774,0,14,default,Test
AST-5003,2024-11-08,6,0,0.10329463525756306,0,14,default,Test
AST-5007,2024-11-08,4,0,0.04160041226396636,0,14,default,Test
AST-1041,2024-11-09,0,0,0.05193850855091529,0,14,default,Test
AST-1042,2024-11-09,0,0,0.04130546122601758,0,14,default,Test
AST-2017,2024-11-09,0,0,0.04631198724728311,0,14,default,Test
AST-2031,2024-11-09,0,0,0.1179973714892848,0,14,default,Test
AST-3008,2024-11-09,0,0,0.0734980362665249,0,14,default,Test
AST-3019,2024-11-09,0,0,0.030422659824048813,0,14,default,Test
AST-4055,2024-11-09,0,0,0.07625796980890244,0,14,default,Test
AST-4061,2024-11-09,0,0,0.03802972788965361,0,14,default,Test
AST-5003,2024-11-09,0,0,0.050834955275513696,0,14,default,Test
AST-5007,2024-11-09,0,0,0.02403652271169358,0,14,default,Test
AST-1041,2024-11-10,0,0,0.043333312446226596,0,14,default,Test
AST-1042,2024-11-10,0,0,0.059017978506039036,0,14,default,Test
AST-2017,2024-11-10,0,0,0.041309847991442016,0,14,default,Test
AST-2031,2024-11-10,0,0,0.13435064346878076,0,14,default,Test
AST-3008,2024-11-10,0,0,0.07572123157706787,0,14,default,Test
AST-3019,2024-11-10,0,0,0.03735481868784597,0,14,default,Test
AST-4055,2024-11-10,0,0,0.06959503270261283,0,14,default,Test
AST-4061,2024-11-10,0,0,0.036234508872981325,0,14,default,Test
AST-5003,2024-11-10,0,0,0.07206011692058695,0,14,default,Test
AST-5007,2024-11-10,0,0,0.03370654795737362,0,14,default,Test
AST-1041,2024-11-11,10,0,0.08464518916122901,0,14,default,Test
AST-1042,2024-11-11,8,0,0.06849666075434412,0,14,default,Test
AST-2017,2024-11-11,7,0,0.05786668494241763,0,14,default,Test
AST-2031,2024-11-11,4,0,0.17519728750399294,0,14,default,Test
AST-3008,2024-11-11,4,0,0.05234085217282011,0,14,default,Test
AST-3019,2024-11-11,3,0,0.06249850249295921,0,14,default,Test
AST-4055,2024-11-11,8,0,0.10222077764600271,0,14,default,Test
AST-4061,2024-11-11,6,0,0.03691838083813833,0,14,default,Test
AST-5003,2024-11-11,8,0,0.15626492665156577,0,14,default,Test
AST-5007,2024-11-11,7,0,0.027475613247463632,0,14,default,Test
AST-1041,2024-11-12,14,1,0.3143140738698388,0,14,default,Test
AST-1042,2024-11-12,6,0,0.04732918245489323,0,14,default,Test
AST-2017,2024-11-12,7,0,0.05226731286813898,0,14,default,Test
AST-2031,2024-11-12,10,0,0.15412750441149986,0,14,default,Test
AST-3008,2024-11-12,11,0,0.05457224744490656,0,14,default,Test
AST-3019,2024-11-12,7,0,0.04715592858268865,0,14,default,Test
AST-4055,2024-11-12,13,0,0.08620267004883347,0,14,default,Test
AST-4061,2024-11-12,16,1,0.047219048681446565,0,14,default,Test
AST-5003,2024-11-12,9,0,0.09518343524098184,0,14,default,Test
AST-5007,2024-11-12,5,0,0.15430693361170505,0,14,default,Test
AST-1041,2024-11-13,10,0,0.08501691873812264,0,14,default,Test
AST-1042,2024-11-13,7,0,0.07056464312714707,0,14,default,Test
AST-2017,2024-11-13,2,0,0.07484615531415038,0,14,default,Test
AST-2031,2024-11-13,4,0,0.1767694998603362,0,14,default,Test
AST-3008,2024-11-13,10,0,0.04196545227961067,0,14,default,Test
AST-3019,2024-11-13,7,0,0.19164700752367897,0,14,default,Test
AST-4055,2024-11-13,1,0,0.11098959936231902,0,14,default,Test
AST-4061,2024-11-13,13,0,0.03782829799587277,0,14,default,Test
AST-5003,2024-11-13,9,0,0.10237594263678305,0,14,default,Test
AST-5007,2024-11-13,0,0,0.04576737488033419,0,14,default,Test
AST-1041,2024-11-14,5,0,0.1027887533375758,0,14,default,Test
AST-1042,2024-11-14,3,0,0.08797485554167524,0,14,default,Test
AST-2017,2024-11-14,5,0,0.07274770629398326,0,14,default,Test
AST-2031,2024-11-14,8,0,0.16487138671619578,0,14,default,Test
AST-3008,2024-11-14,3,0,0.03854515242810267,0,14,default,Test
AST-3019,2024-11-14,11,0,0.06491879210552476,0,14,default,Test
AST-4055,2024-11-14,2,0,0.11869682272023906,0,14,default,Test
AST-4061,2024-11-14,2,0,0.047911085279449296,0,14,default,Test
AST-5003,2024-11-14,9,0,0.11019324853200071,0,14,default,Test
AST-5007,2024-11-14,9,0,0.04307056201464179,0,14,default,Test
AST-1041,2024-11-15,2,0,0.0840111109539878,0,14,default,Test
AST-1042,2024-11-15,5,0,0.07650597285933938,0,14,default,Test
AST-2017,2024-11-15,5,0,0.059921273873508825,0,14,default,Test
AST-2031,2024-11-15,6,0,0.1867547234414718,0,14,default,Test
AST-3008,2024-11-15,11,0,0.06043169636699879,0,14,default,Test
AST-3019,2024-11-15,2,0,0.04706012036638926,0,14,default,Test
AST-4055,2024-11-15,14,1,0.12534503104205935,0,14,default,Test
AST-4061,2024-11-15,8,0,0.045239662059730595,0,14,default,Test
AST-5003,2024-11-15,10,0,0.07400855335130262,0,14,default,Test
AST-5007,2024-11-15,7,0,0.05289564610046684,0,14,default,Test
AST-1041,2024-11-16,0,0,0.06421482002491241,0,14,default,Test
AST-1042,2024-11-16,0,0,0.12103216223835485,0,14,default,Test
AST-2017,2024-11-16,0,0,0.055545451087171085,0,14,default,Test
AST-2031,2024-11-16,0,0,0.15506193615984726,0,14,default,Test
AST-3008,2024-11-16,0,0,0.03215733718291692,0,14,default,Test
AST-3019,2024-11-16,0,0,0.032851896229696205,0,14,default,Test
AST-4055,2024-11-16,0,0,0.1087585067384537,0,14,default,Test
AST-4061,2024-11-16,0,0,0.03330991233594615,0,14,default,Test
AST-5003,2024-11-16,0,0,0.055953797237567736,0,14,default,Test
AST-5007,2024-11-16,0,0,0.02380879638320478,0,14,default,Test
AST-1041,2024-11-17,0,0,0.03702517836902746,0,14,default,Test
AST-1042,2024-11-17,0,0,0.04897914886004551,0,14,default,Test
AST-2017,2024-11-17,0,0,0.0348389363340513,0,14,default,Test
AST-2031,2024-11-17,0,0,0.11874404040643242,0,14,default,Test
AST-3008,2024-11-17,0,0,0.07548409406147844,0,14,default,Test
AST-3019,2024-11-17,0,0,0.03677842571522512,0,14,default,Test
AST-4055,2024-11-17,0,0,0.0799602642084299,0,14,default,Test
AST-4061,2024-11-17,0,0,0.019980637770310096,0,14,default,Test
AST-5003,2024-11-17,0,0,0.05203343999389869,0,14,default,Test
AST-5007,2024-11-17,0,0,0.02722260275773866,0,14,default,Test
AST-1041,2024-11-18,9,0,0.0682046998589742,0,14,default,Test
AST-1042,2024-11-18,9,0,0.0679593072688642,0,14,default,Test
AST-2017,2024-11-18,8,0,0.05504303813944806,0,14,default,Test
AST-2031,2024-11-18,7,0,0.15465322328005537,0,14,default,Test
AST-3008,2024-11-18,4,0,0.06247613230566699,0,14,default,Test
AST-3019,2024-11-18,6,0,0.047152092397705334,0,14,default,Test
AST-4055,2024-11-18,21,1,0.11580924916037792,0,14,default,Test
AST-4061,2024-11-18,5,0,0.050366581648376124,0,14,default,Test
AST-5003,2024-11-18,5,0,0.07763855639360663,0,14,default,Test
AST-5007,2024-11-18,7,0,0.031072537911376864,0,14,default,Test
AST-1041,2024-11-19,10,0,0.07338514412736558,0,14,default,Test
AST-1042,2024-11-19,11,0,0.07536786833235734,0,14,default,Test
AST-2017,2024-11-19,5,0,0.05120247291397857,0,14,default,Test
AST-2031,2024-11-19,10,0,0.1578887984775664,0,14,default,Test
AST-3008,2024-11-19,11,0,0.08775721890759465,0,14,default,Test
AST-3019,2024-11-19,2,0,0.04843765833782187,0,14,default,Test
AST-4055,2024-11-19,11,0,0.13029255844541324,0,14,default,Test
AST-4061,2024-11-19,4,0,0.05154925183430119,0,14,default,Test
AST-5003,2024-11-19,10,0,0.09782426424449056,0,14,default,Test
AST-5007,2024-11-19,1,0,0.030602531732774014,0,14,default,Test
AST-1041,2024-11-20,12,0,0.06638984616980248,0,14,default,Test
AST-1042,2024-11-20,4,0,0.07572428360295977,0,14,default,Test
AST-2017,2024-11-20,6,0,0.048796084055524054,0,14,default,Test
AST-2031,2024-11-20,8,0,0.1753016704179277,0,14,default,Test
AST-3008,2024-11-20,8,0,0.11829954595072067,0,14,default,Test
AST-3019,2024-11-20,0,0,0.053274075805208945,0,14,default,Test
AST-4055,2024-11-20,3,0,0.12943628947808133,0,14,default,Test
AST-4061,2024-11-20,11,0,0.04708467064985514,0,14,default,Test
AST-5003,2024-11-20,20,1,0.11374657507381823,0,14,default,Test
AST-5007,2024-11-20,0,0,0.04018159440687668,0,14,default,Test
AST-1041,2024-11-21,6,0,0.09241539380128895,0,14,default,Test
AST-1042,2024-11-21,6,0,0.07318278837842097,0,14,default,Test
AST-2017,2024-11-21,9,0,0.05258011813018987,0,14,default,Test
AST-2031,2024-11-21,17,1,0.15987977814038112,0,14,default,Test
AST-3008,2024-11-21,4,0,0.03556909427003665,0,14,default,Test
AST-3019,2024-11-21,6,0,0.046788255478846144,0,14,default,Test
AST-4055,2024-11-21,8,0,0.10729267674378684,0,14,default,Test
AST-4061,2024-11-21,4,0,0.035104969551343984,0,14,default,Test
AST-5003,2024-11-21,12,0,0.0759344323575262,0,14,default,Test
AST-5007,2024-11-21,6,0,0.03855947451343907,0,14,default,Test
AST-1041,2024-11-22,12,0,0.07465103866957992,0,14,default,Test
AST-1042,2024-11-22,6,0,0.08772460498203127,0,14,default,Test
AST-2017,2024-11-22,7,0,0.0524164336778204,0,14,default,Test
AST-2031,2024-11-22,0,0,0.16441413409633074,0,14,default,Test
AST-3008,2024-11-22,2,0,0.05167702989638866,0,14,default,Test
AST-3019,2024-11-22,4,0,0.055822344271542944,0,14,default,Test
AST-4055,2024-11-22,9,0,0.10787183923775583,0,14,default,Test
AST-4061,2024-11-22,6,0,0.05673137562116414,0,14,default,Test
AST-5003,2024-11-22,15,1,0.11019200464247125,0,14,default,Test
AST-5007,2024-11-22,2,0,0.032663629008731314,0,14,default,Test
AST-1041,2024-11-23,0,0,0.05606189731289526,0,14,default,Test
AST-1042,2024-11-23,0,0,0.055945446080394444,0,14,default,Test
AST-2017,2024-11-23,0,0,0.03405739942020353,0,14,default,Test
AST-2031,2024-11-23,0,0,0.09303236277226935,0,14,default,Test
AST-3008,2024-11-23,0,0,0.039895117624283695,0,14,default,Test
AST-3019,2024-11-23,0,0,0.03781242962587325,0,14,default,Test
AST-4055,2024-11-23,0,0,0.09311149005964593,0,14,default,Test
AST-4061,2024-11-23,0,0,0.02485793002710132,0,14,default,Test
AST-5003,2024-11-23,0,0,0.05781623861904934,0,14,default,Test
AST-5007,2024-11-23,0,0,0.023443346920488307,0,14,default,Test
AST-1041,2024-11-24,0,0,0.054859160981307116,0,14,default,Test
AST-1042,2024-11-24,0,0,0.050875195956255496,0,14,default,Test
AST-2017,2024-11-24,0,0,0.040848343780160584,0,14,default,Test
AST-2031,2024-11-24,0,0,0.15199678536154418,0,14,default,Test
AST-3008,2024-11-24,0,0,0.04349175422141796,0,14,default,Test
AST-3019,2024-11-24,0,0,0.04383795067779417,0,14,default,Test
AST-4055,2024-11-24,0,0,0.0579252927182447,0,14,default,Test
AST-4061,2024-11-24,0,0,0.026331368723525293,0,14,default,Test
AST-5003,2024-11-24,0,0,0.05062511976758864,0,14,default,Test
AST-5007,2024-11-24,0,0,0.03200160744903595,0,14,default,Test
AST-1041,2024-11-25,4,0,0.06911688434773731,0,14,default,Test
AST-1042,2024-11-25,6,0,0.0805322678919947,0,14,default,Test
AST-2017,2024-11-25,5,0,0.06739816725765788,0,14,default,Test
AST-2031,2024-11-25,8,0,0.18162977344738643,0,14,default,Test
AST-3008,2024-11-25,3,0,0.04789147084637387,0,14,default,Test
AST-3019,2024-11-25,8,0,0.06438296485121779,0,14,default,Test
AST-4055,2024-11-25,7,0,0.11956379307257342,0,14,default,Test
AST-4061,2024-11-25,4,0,0.03173641893820298,0,14,default,Test
AST-5003,2024-11-25,9,0,0.0939504235356166,0,14,default,Test
AST-5007,2024-11-25,6,0,0.0407263796543637,0,14,default,Test
AST-1041,2024-11-26,2,0,0.08701629284058975,0,14,default,Test
AST-1042,2024-11-26,4,0,0.07431665095937268,0,14,default,Test
AST-2017,2024-11-26,4,0,0.056958143731875716,0,14,default,Test
AST-2031,2024-11-26,8,0,0.15551178774126684,0,14,default,Test
AST-3008,2024-11-26,5,0,0.05440479546159884,0,14,default,Test
AST-3019,2024-11-26,5,0,0.050314140123399194,0,14,default,Test
AST-4055,2024-11-26,15,1,0.09105449123637882,0,14,default,Test
AST-4061,2024-11-26,3,0,0.04506485943532109,0,14,default,Test
AST-5003,2024-11-26,9,0,0.11823614463670702,0,14,default,Test
AST-5007,2024-11-26,10,0,0.040919649592884216,0,14,default,Test
AST-1041,2024-11-27,6,0,0.08333800768174605,0,14,default,Test
AST-1042,2024-11-27,4,0,0.08219523639719592,0,14,default,Test
AST-2017,2024-11-27,11,0,0.06536882144601326,0,14,default,Test
AST-2031,2024-11-27,15,1,0.14767264651459977,0,14,default,Test
AST-3008,2024-11-27,5,0,0.056764892933654595,0,14,default,Test
AST-3019,2024-11-27,6,0,0.054940025956359,0,14,default,Test
AST-4055,2024-11-27,2,0,0.1048982822153475,0,14,default,Test
AST-4061,2024-11-27,6,0,0.03606025444154793,0,14,default,Test
AST-5003,2024-11-27,15,1,0.07537374441158894,0,14,default,Test
AST-5007,2024-11-27,10,0,0.03539199779122944,0,14,default,Test
AST-1041,2024-11-28,11,0,0.11148181073912501,0,14,default,Test
AST-1042,2024-11-28,8,0,0.08787072239598837,0,14,default,Test
AST-2017,2024-11-28,11,0,0.06265196679223199,0,14,default,Test
AST-2031,2024-11-28,9,0,0.1592945114036006,0,14,default,Test
AST-3008,2024-11-28,4,0,0.046972493846240845,0,14,default,Test
AST-3019,2024-11-28,6,0,0.05878298627993961,0,14,default,Test
AST-4055,2024-11-28,8,0,0.11741102160776633,0,14,default,Test
AST-4061,2024-11-28,6,0,0.03330544000030997,0,14,default,Test
AST-5003,2024-11-28,12,0,0.09486388312492204,0,14,default,Test
AST-5007,2024-11-28,9,0,0.04064600286433632,0,14,default,Test
AST-1041,2024-11-29,8,0,0.06643354877938229,0,14,default,Test
AST-1042,2024-11-29,2,0,0.07527858492750418,0,14,default,Test
AST-2017,2024-11-29,8,0,0.06122964708485471,0,14,default,Test
AST-2031,2024-11-29,10,0,0.1710354183060954,0,14,default,Test
AST-3008,2024-11-29,0,0,0.04791965498417124,0,14,default,Test
AST-3019,2024-11-29,6,0,0.04930917483080292,0,14,default,Test
AST-4055,2024-11-29,13,0,0.11374699427711985,0,14,default,Test
AST-4061,2024-11-29,6,0,0.05019317895019477,0,14,default,Test
AST-5003,2024-11-29,11,0,0.1164298857666323,0,14,default,Test
AST-5007,2024-11-29,0,0,0.05530633626633778,0,14,default,Test
AST-1041,2024-11-30,0,0,0.041126964046427586,0,14,default,Test
AST-1042,2024-11-30,0,0,0.08119853472381701,0,14,default,Test
AST-2017,2024-11-30,0,0,0.03952557344346134,0,14,default,Test
AST-2031,2024-11-30,0,0,0.13475954904595563,0,14,default,Test
AST-3008,2024-11-30,0,0,0.025994837817976037,0,14,default,Test
AST-3019,2024-11-30,0,0,0.045817371688007515,0,14,default,Test
AST-4055,2024-11-30,0,0,0.08079645467495078,0,14,default,Test
AST-4061,2024-11-30,0,0,0.024844841104223185,0,14,default,Test
AST-5003,2024-11-30,0,0,0.06924011019527507,0,14,default,Test
AST-5007,2024-11-30,0,0,0.037251255430705676,0,14,default,Test
AST-1041,2024-12-01,0,0,0.04223653002925303,0,14,default,Test
AST-1042,2024-12-01,0,0,0.05326616189664488,0,14,default,Test
AST-2017,2024-12-01,0,0,0.04688685644792734,0,14,default,Test
AST-2031,2024-12-01,0,0,0.16408534828940288,0,14,default,Test
AST-3008,2024-12-01,0,0,0.025267469778486134,0,14,default,Test
AST-3019,2024-12-01,0,0,0.03065558286094529,0,14,default,Test
AST-4055,2024-12-01,0,0,0.07986684105631611,0,14,default,Test
AST-4061,2024-12-01,0,0,0.03189779292597544,0,14,default,Test
AST-5003,2024-12-01,0,0,0.051503319333285606,0,14,default,Test
AST-5007,2024-12-01,0,0,0.03506204545289874,0,14,default,Test
AST-1041,2024-12-02,7,0,0.07134748972243793,0,14,default,Test
AST-1042,2024-12-02,12,0,0.07236158391476127,0,14,default,Test
AST-2017,2024-12-02,11,0,0.06741741632910099,0,14,default,Test
AST-2031,2024-12-02,2,0,0.16856917605789812,0,14,default,Test
AST-3008,2024-12-02,12,0,0.05466029455946575,0,14,default,Test
AST-3019,2024-12-02,4,0,0.04823201376680558,0,14,default,Test
AST-4055,2024-12-02,7,0,0.12260876600632509,0,14,default,Test
AST-4061,2024-12-02,9,0,0.048019761893870506,0,14,default,Test
AST-5003,2024-12-02,6,0,0.10101663056687465,0,14,default,Test
AST-5007,2024-12-02,5,0,0.051587353617416974,0,14,default,Test
AST-1041,2024-12-03,7,0,0.08542636311167363,0,14,default,Test
AST-1042,2024-12-03,4,0,0.06165284213042288,0,14,default,Test
AST-2017,2024-12-03,10,0,0.06345360964141476,0,14,default,Test
AST-2031,2024-12-03,4,0,0.15956639804198375,0,14,default,Test
AST-3008,2024-12-03,2,0,0.053426073662477765,0,14,default,Test
AST-3019,2024-12-03,0,0,0.054881048079273555,0,14,default,Test
AST-4055,2024-12-03,13,0,0.08981598942156377,0,14,default,Test
AST-4061,2024-12-03,12,0,0.04505310815136121,0,14,default,Test
AST-5003,2024-12-03,9,0,0.10008070665219206,0,14,default,Test
AST-5007,2024-12-03,3,0,0.03934196828182881,0,14,default,Test
AST-1041,2024-12-04,4,0,0.0866566070356451,0,14,default,Test
AST-1042,2024-12-04,8,0,0.09291425128895273,0,14,default,Test
AST-2017,2024-12-04,17,1,0.06734470691374861,0,14,default,Test
AST-2031,2024-12-04,10,0,0.20496702723212698,0,14,default,Test
AST-3008,2024-12-04,4,0,0.04760894514269443,0,14,default,Test
AST-3019,2024-12-04,6,0,0.05124818780711544,0,14,default,Test
AST-4055,2024-12-04,10,0,0.09128677669149482,0,14,default,Test
AST-4061,2024-12-04,4,0,0.04960373615811042,0,14,default,Test
AST-5003,2024-12-04,8,0,0.10107221631847921,0,14,default,Test
AST-5007,2024-12-04,12,0,0.03942555306692344,0,14,default,Test
AST-1041,2024-12-05,5,0,0.07777820478888439,0,14,default,Test
AST-1042,2024-12-05,4,0,0.07493640791075218,0,14,default,Test
AST-2017,2024-12-05,5,0,0.062415929842103285,0,14,default,Test
AST-2031,2024-12-05,7,0,0.21389308385956707,0,14,default,Test
AST-3008,2024-12-05,9,0,0.05628633818860195,0,14,default,Test
AST-3019,2024-12-05,18,1,0.05467076656897713,0,14,default,Test
AST-4055,2024-12-05,6,0,0.10547903712986387,0,14,default,Test
AST-4061,2024-12-05,10,0,0.04721269971313535,0,14,default,Test
AST-5003,2024-12-05,8,0,0.09779105342111725,0,14,default,Test
AST-5007,2024-12-05,9,0,0.03836612723854916,0,14,default,Test
AST-1041,2024-12-06,6,0,0.08468018715315899,0,14,default,Test
AST-1042,2024-12-06,10,0,0.05981073430046752,0,14,default,Test
AST-2017,2024-12-06,15,1,0.0867224736057915,0,14,default,Test
AST-2031,2024-12-06,6,0,0.1560842140011956,0,14,default,Test
AST-3008,2024-12-06,4,0,0.054374768386425375,0,14,default,Test
AST-3019,2024-12-06,2,0,0.0408588429178477,0,14,default,Test
AST-4055,2024-12-06,5,0,0.11537020280754562,0,14,default,Test
AST-4061,2024-12-06,4,0,0.0398097947146528,0,14,default,Test
AST-5003,2024-12-06,9,0,0.0750187234420289,0,14,default,Test
AST-5007,2024-12-06,0,0,0.039576461365015636,0,14,default,Test
AST-1041,2024-12-07,0,0,0.05745804127795878,0,14,default,Test
AST-1042,2024-12-07,0,0,0.04959265415901159,0,14,default,Test
AST-2017,2024-12-07,0,0,0.04664530567972929,0,14,default,Test
AST-2031,2024-12-07,0,0,0.12161553643827715,0,14,default,Test
AST-3008,2024-12-07,0,0,0.031273055557932784,0,14,default,Test
AST-3019,2024-12-07,0,0,0.03827436809170711,0,14,default,Test
AST-4055,2024-12-07,0,0,0.09088613813861149,0,14,default,Test
AST-4061,2024-12-07,0,0,0.12294895856391205,0,14,default,Test
AST-5003,2024-12-07,0,0,0.0697627700046863,0,14,default,Test
AST-5007,2024-12-07,0,0,0.03461465984793329,0,14,default,Test
AST-1041,2024-12-08,0,0,0.05394631447905788,0,14,default,Test
AST-1042,2024-12-08,0,0,0.06949550234065438,0,14,default,Test
AST-2017,2024-12-08,0,0,0.039426454644365574,0,14,default,Test
AST-2031,2024-12-08,0,0,0.12135405256441009,0,14,default,Test
AST-3008,2024-12-08,0,0,0.027197781952963702,0,14,default,Test
AST-3019,2024-12-08,0,0,0.02931297172360068,0,14,default,Test
AST-4055,2024-12-08,0,0,0.14509256174545548,0,14,default,Test
AST-4061,2024-12-08,0,0,0.035288009357706956,0,14,default,Test
AST-5003,2024-12-08,0,0,0.058432063639042846,0,14,default,Test
AST-5007,2024-12-08,0,0,0.031568038798521963,0,14,default,Test
AST-1041,2024-12-09,4,0,0.09452192792045999,0,14,default,Test
AST-1042,2024-12-09,7,0,0.0882132697293793,0,14,default,Test
AST-2017,2024-12-09,4,0,0.05549056105014123,0,14,default,Test
AST-2031,2024-12-09,3,0,0.16124484412694978,0,14,default,Test
AST-3008,2024-12-09,4,0,0.05940278799952518,0,14,default,Test
AST-3019,2024-12-09,2,0,0.13984720344732646,0,14,default,Test
AST-4055,2024-12-09,3,0,0.12303617639521557,0,14,default,Test
AST-4061,2024-12-09,24,1,0.04289433796231594,0,14,default,Test
AST-5003,2024-12-09,12,0,0.09294689485939431,0,14,default,Test
AST-5007,2024-12-09,12,0,0.05046132726547817,0,14,default,Test
AST-1041,2024-12-10,4,0,0.0816492951867788,0,14,default,Test
AST-1042,2024-12-10,24,1,0.09450918695061682,0,14,default,Test
AST-2017,2024-12-10,18,1,0.0672946761161436,0,14,default,Test
AST-2031,2024-12-10,7,0,0.14951720806489563,0,14,default,Test
AST-3008,2024-12-10,10,0,0.04370802092808193,0,14,default,Test
AST-3019,2024-12-10,3,0,0.1473311680509346,0,14,default,Test
AST-4055,2024-12-10,20,1,0.09245682080172321,0,14,default,Test
AST-4061,2024-12-10,8,0,0.04085531754262254,0,14,default,Test
AST-5003,2024-12-10,6,0,0.07178113023645588,0,14,default,Test
AST-5007,2024-12-10,2,0,0.038641164118343216,0,14,default,Test
AST-1041,2024-12-11,6,0,0.07192653575787149,0,14,default,Test
AST-1042,2024-12-11,0,0,0.07113666687436689,0,14,default,Test
AST-2017,2024-12-11,13,0,0.05030830926689621,0,14,default,Test
AST-2031,2024-12-11,8,0,0.1619600764957516,0,14,default,Test
AST-3008,2024-12-11,9,0,0.046890328039639405,0,14,default,Test
AST-3019,2024-12-11,16,1,0.05068960663015454,0,14,default,Test
AST-4055,2024-12-11,3,0,0.1157163157048557,0,14,default,Test
AST-4061,2024-12-11,3,0,0.06009222409455952,0,14,default,Test
AST-5003,2024-12-11,3,0,0.06589982998100831,0,14,default,Test
AST-5007,2024-12-11,3,0,0.04322193045488932,0,14,default,Test
AST-1041,2024-12-12,12,0,0.09037845321586147,0,14,default,Test
AST-1042,2024-12-12,14,1,0.09028200111547398,0,14,default,Test
AST-2017,2024-12-12,11,0,0.059866061496405006,0,14,default,Test
AST-2031,2024-12-12,4,0,0.18702003579922907,0,14,default,Test
AST-3008,2024-12-12,10,0,0.060157264994523695,0,14,default,Test
AST-3019,2024-12-12,6,0,0.05182146220450134,0,14,default,Test
AST-4055,2024-12-12,10,0,0.10185049563325053,0,14,default,Test
AST-4061,2024-12-12,18,1,0.055848138771661934,0,14,default,Test
AST-5003,2024-12-12,10,0,0.07827025742025864,0,14,default,Test
AST-5007,2024-12-12,2,0,0.044204840171663026,0,14,default,Test
AST-1041,2024-12-13,1,0,0.07912518264497015,0,14,default,Test
AST-1042,2024-12-13,10,0,0.11672252941473513,0,14,default,Test
AST-2017,2024-12-13,11,0,0.05921578183287979,0,14,default,Test
AST-2031,2024-12-13,4,0,0.13643050247991603,0,14,default,Test
AST-3008,2024-12-13,7,0,0.056592723508651424,0,14,default,Test
AST-3019,2024-12-13,8,0,0.04952891406641126,0,14,default,Test
AST-4055,2024-12-13,12,0,0.11446648921137023,0,14,default,Test
AST-4061,2024-12-13,4,0,0.039949733221505135,0,14,default,Test
AST-5003,2024-12-13,9,0,0.08703310185011634,0,14,default,Test
AST-5007,2024-12-13,2,0,0.05399229864528966,0,14,default,Test
AST-1041,2024-12-14,0,0,0.042662840875638784,0,14,default,Test
AST-1042,2024-12-14,0,0,0.04438615344967374,0,14,default,Test
AST-2017,2024-12-14,0,0,0.04266217856276996,0,14,default,Test
AST-2031,2024-12-14,0,0,0.11379665672740881,0,14,default,Test
AST-3008,2024-12-14,0,0,0.032908999217390066,0,14,default,Test
AST-3019,2024-12-14,0,0,0.03268051219800162,0,14,default,Test
AST-4055,2024-12-14,0,0,0.0777842930192095,0,14,default,Test
AST-4061,2024-12-14,0,0,0.035922177163403256,0,14,default,Test
AST-5003,2024-12-14,0,0,0.07948766908889816,0,14,default,Test
AST-5007,2024-12-14,0,0,0.019369082122935925,0,14,default,Test
AST-1041,2024-12-15,0,0,0.061619233072592886,0,14,default,Test
AST-1042,2024-12-15,0,0,0.053144835865930724,0,14,default,Test
AST-2017,2024-12-15,0,0,0.040248863463180407,0,14,default,Test
AST-2031,2024-12-15,0,0,0.15004536157708062,0,14,default,Test
AST-3008,2024-12-15,0,0,0.030087823066176578,0,14,default,Test
AST-3019,2024-12-15,0,0,0.0334179209767335,0,14,default,Test
AST-4055,2024-12-15,0,0,0.07115893017033455,0,14,default,Test
AST-4061,2024-12-15,0,0,0.028444920718315964,0,14,default,Test
AST-5003,2024-12-15,0,0,0.05345099450851852,0,14,default,Test
AST-5007,2024-12-15,0,0,0.03172884597614477,0,14,default,Test
AST-1041,2024-12-16,10,0,0.060778382694550076,0,14,default,Test
AST-1042,2024-12-16,6,0,0.06657775283906064,0,14,default,Test
AST-2017,2024-12-16,6,0,0.052178476776165314,0,14,default,Test
AST-2031,2024-12-16,6,0,0.1711920143839013,0,14,default,Test
AST-3008,2024-12-16,12,0,0.05620065552201507,0,14,default,Test
AST-3019,2024-12-16,11,0,0.046269231190113384,0,14,default,Test
AST-4055,2024-12-16,10,0,0.13415731293654298,0,14,default,Test
AST-4061,2024-12-16,0,0,0.05242450880028337,0,14,default,Test
AST-5003,2024-12-16,1,0,0.11443541148988191,0,14,default,Test
AST-5007,2024-12-16,6,0,0.04138786844685448,0,14,default,Test
AST-1041,2024-12-17,4,0,0.08523267154229176,0,14,default,Test
AST-1042,2024-12-17,4,0,0.07929337449045877,0,14,default,Test
AST-2017,2024-12-17,15,1,0.051926720841175764,0,14,default,Test
AST-2031,2024-12-17,12,0,0.17378108652489468,0,14,default,Test
AST-3008,2024-12-17,4,0,0.05090438239905091,0,14,default,Test
AST-3019,2024-12-17,7,0,0.06233572006499456,0,14,default,Test
AST-4055,2024-12-17,10,0,0.14563424840617603,0,14,default,Test
AST-4061,2024-12-17,8,0,0.047146660339167375,0,14,default,Test
AST-5003,2024-12-17,0,0,0.10629002760149177,0,14,default,Test
AST-5007,2024-12-17,4,0,0.03771367409913208,0,14,default,Test
AST-1041,2024-12-18,5,0,0.06602037020514506,0,14,default,Test
AST-1042,2024-12-18,6,0,0.08086951378125568,0,14,default,Test
AST-2017,2024-12-18,16,1,0.07133430760449737,0,14,default,Test
AST-2031,2024-12-18,10,0,0.18359610869815393,0,14,default,Test
AST-3008,2024-12-18,6,0,0.19050641411926683,0,14,default,Test
AST-3019,2024-12-18,8,0,0.05586961701718525,0,14,default,Test
AST-4055,2024-12-18,9,0,0.10871644980352423,0,14,default,Test
AST-4061,2024-12-18,10,0,0.04767526983037447,0,14,default,Test
AST-5003,2024-12-18,4,0,0.07628681109878896,0,14,default,Test
AST-5007,2024-12-18,2,0,0.04005520220305907,0,14,default,Test
AST-1041,2024-12-19,6,0,0.07992912343268377,0,14,default,Test
AST-1042,2024-12-19,10,0,0.08835058603196706,0,14,default,Test
AST-2017,2024-12-19,3,0,0.07957424136996138,0,14,default,Test
AST-2031,2024-12-19,0,0,0.15313173752156847,0,14,default,Test
AST-3008,2024-12-19,9,0,0.1328671841096467,0,14,default,Test
AST-3019,2024-12-19,8,0,0.046707332526210836,0,14,default,Test
AST-4055,2024-12-19,11,0,0.1275498438293988,0,14,default,Test
AST-4061,2024-12-19,7,0,0.054526625144620165,0,14,default,Test
AST-5003,2024-12-19,10,0,0.10252903793912273,0,14,default,Test
AST-5007,2024-12-19,16,1,0.032805887198170014,0,14,default,Test
AST-1041,2024-12-20,4,0,0.08478618284506265,0,14,default,Test
AST-1042,2024-12-20,4,0,0.07990054203968416,0,14,default,Test
AST-2017,2024-12-20,8,0,0.06366728298398223,0,14,default,Test
AST-2031,2024-12-20,14,1,0.1072531116221304,0,14,default,Test
AST-3008,2024-12-20,6,0,0.19370731076238226,0,14,default,Test
AST-3019,2024-12-20,6,0,0.04983399291111386,0,14,default,Test
AST-4055,2024-12-20,10,0,0.10659929069441243,0,14,default,Test
AST-4061,2024-12-20,6,0,0.05218488662801959,0,14,default,Test
AST-5003,2024-12-20,10,0,0.08925155424711219,0,14,default,Test
AST-5007,2024-12-20,6,0,0.05114685492166464,0,14,default,Test
AST-1041,2024-12-21,0,0,0.04184253143458548,0,14,default,Test
AST-1042,2024-12-21,0,0,0.05276947881551014,0,14,default,Test
AST-2017,2024-12-21,0,0,0.04246427431227141,0,14,default,Test
AST-2031,2024-12-21,0,0,0.10431557869955585,0,14,default,Test
AST-3008,2024-12-21,0,0,0.030315062104589254,0,14,default,Test
AST-3019,2024-12-21,0,0,0.03526263826803124,0,14,default,Test
AST-4055,2024-12-21,0,0,0.08095188300169946,0,14,default,Test
AST-4061,2024-12-21,0,0,0.029031889603272017,0,14,default,Test
AST-5003,2024-12-21,0,0,0.0560001077434106,0,14,default,Test
AST-5007,2024-12-21,0,0,0.03463433973314325,0,14,default,Test
AST-1041,2024-12-22,0,0,0.04298419718956394,0,14,default,Test
AST-1042,2024-12-22,0,0,0.0527701681959554,0,14,default,Test
AST-2017,2024-12-22,0,0,0.047762068474865214,0,14,default,Test
AST-2031,2024-12-22,0,0,0.13763450994792054,0,14,default,Test
AST-3008,2024-12-22,0,0,0.03276586941101876,0,14,default,Test
AST-3019,2024-12-22,0,0,0.034332270492324984,0,14,default,Test
AST-4055,2024-12-22,0,0,0.10996544231543129,0,14,default,Test
AST-4061,2024-12-22,0,0,0.03035693964809168,0,14,default,Test
AST-5003,2024-12-22,0,0,0.06186622024394109,0,14,default,Test
AST-5007,2024-12-22,0,0,0.02854099845567848,0,14,default,Test
AST-1041,2024-12-23,6,0,0.08580995080121057,0,14,default,Test
AST-1042,2024-12-23,2,0,0.06430200724359324,0,14,default,Test
AST-2017,2024-12-23,17,1,0.17622830817285648,0,14,default,Test
AST-2031,2024-12-23,3,0,0.15265521837809967,0,14,default,Test
AST-3008,2024-12-23,4,0,0.05017233924431135,0,14,default,Test
AST-3019,2024-12-23,7,0,0.06267911562541965,0,14,default,Test
AST-4055,2024-12-23,6,0,0.11059866197163988,0,14,default,Test
AST-4061,2024-12-23,12,0,0.04395857206009044,0,14,default,Test
AST-5003,2024-12-23,11,0,0.08187541495513509,0,14,default,Test
AST-5007,2024-12-23,2,0,0.044778555292536076,0,14,default,Test
AST-1041,2024-12-24,18,1,0.10924076670883734,0,14,default,Test
AST-1042,2024-12-24,6,0,0.08215212702613774,0,14,default,Test
AST-2017,2024-12-24,10,0,0.05486941630218278,0,14,default,Test
AST-2031,2024-12-24,2,0,0.1921103305713996,0,14,default,Test
AST-3008,2024-12-24,6,0,0.05118078036493921,0,14,default,Test
AST-3019,2024-12-24,4,0,0.04671131873451026,0,14,default,Test
AST-4055,2024-12-24,14,1,0.11775011635448522,0,14,default,Test
AST-4061,2024-12-24,5,0,0.03834830409050118,0,14,default,Test
AST-5003,2024-12-24,2,0,0.06411304601473622,0,14,default,Test
AST-5007,2024-12-24,12,0,0.05580995926398057,0,14,default,Test
AST-1041,2024-12-25,4,0,0.09577900973642453,0,14,default,Test
AST-1042,2024-12-25,4,0,0.06403610448147298,0,14,default,Test
AST-2017,2024-12-25,12,0,0.056469081832620664,0,14,default,Test
AST-2031,2024-12-25,15,1,0.186070093918085,0,14,default,Test
AST-3008,2024-12-25,8,0,0.055652160770325906,0,14,default,Test
AST-3019,2024-12-25,12,0,0.04967681612678762,0,14,default,Test
AST-4055,2024-12-25,10,0,0.11889712645250988,0,14,default,Test
AST-4061,2024-12-25,1,0,0.044942140661126645,0,14,default,Test
AST-5003,2024-12-25,11,0,0.07448689896503079,0,14,default,Test
AST-5007,2024-12-25,10,0,0.03702040220397102,0,14,default,Test
AST-1041,2024-12-26,2,0,0.07973088502550102,0,14,default,Test
AST-1042,2024-12-26,4,0,0.0791409544290405,0,14,default,Test
AST-2017,2024-12-26,19,1,0.06079264031706646,0,14,default,Test
AST-2031,2024-12-26,8,0,0.16306318466672376,0,14,default,Test
AST-3008,2024-12-26,2,0,0.04709300148455881,0,14,default,Test
AST-3019,2024-12-26,0,0,0.057039011200182316,0,14,default,Test
AST-4055,2024-12-26,14,1,0.140017834397949,0,14,default,Test
AST-4061,2024-12-26,6,0,0.05676417489324571,0,14,default,Test
AST-5003,2024-12-26,1,0,0.08032910488720088,0,14,default,Test
AST-5007,2024-12-26,7,0,0.03975471006255485,0,14,default,Test
AST-1041,2024-12-27,7,0,0.07626826005767652,0,14,default,Test
AST-1042,2024-12-27,8,0,0.08339505851369361,0,14,default,Test
AST-2017,2024-12-27,11,0,0.05107148660725964,0,14,default,Test
AST-2031,2024-12-27,8,0,0.16426652674678205,0,14,default,Test
AST-3008,2024-12-27,3,0,0.04725226479413238,0,14,default,Test
AST-3019,2024-12-27,8,0,0.0407571957098794,0,14,default,Test
AST-4055,2024-12-27,12,0,0.1149137062901509,0,14,default,Test
AST-4061,2024-12-27,18,1,0.06665402751109718,0,14,default,Test
AST-5003,2024-12-27,16,1,0.08812780592293495,0,14,default,Test
AST-5007,2024-12-27,1,0,0.03739694081735862,0,14,default,Test
AST-1041,2024-12-28,0,0,0.045430869687944124,0,14,default,Test
AST-1042,2024-12-28,0,0,0.05406799577485612,0,14,default,Test
AST-2017,2024-12-28,0,0,0.03779204163650955,0,14,default,Test
AST-2031,2024-12-28,0,0,0.1185078898384676,0,14,default,Test
AST-3008,2024-12-28,0,0,0.03224977737562765,0,14,default,Test
AST-3019,2024-12-28,0,0,0.042443546499953515,0,14,default,Test
AST-4055,2024-12-28,0,0,0.08994969710649238,0,14,default,Test
AST-4061,2024-12-28,0,0,0.09106181231018802,0,14,default,Test
AST-5003,2024-12-28,0,0,0.06472032054110098,0,14,default,Test
AST-5007,2024-12-28,0,0,0.03484465230283939,0,14,default,Test
AST-1041,2024-12-29,0,0,0.039497363597038065,0,14,default,Test
AST-1042,2024-12-29,0,0,0.04637594274338301,0,14,default,Test
AST-2017,2024-12-29,0,0,0.040030080889160484,0,14,default,Test
AST-2031,2024-12-29,0,0,0.13054515138541425,0,14,default,Test
AST-3008,2024-12-29,0,0,0.02687949593609079,0,14,default,Test
AST-3019,2024-12-29,0,0,0.031011777263119305,0,14,default,Test
AST-4055,2024-12-29,0,0,0.09306901610843549,0,14,default,Test
AST-4061,2024-12-29,0,0,0.02836262262410621,0,14,default,Test
AST-5003,2024-12-29,0,0,0.058564935762318915,0,14,default,Test
AST-5007,2024-12-29,0,0,0.03201336255783945,0,14,default,Test
AST-1041,2024-12-30,4,0,0.2395865689202448,0,14,default,Test
AST-1042,2024-12-30,2,0,0.08970773281282886,0,14,default,Test
AST-2017,2024-12-30,7,0,0.06465002715886298,0,14,default,Test
AST-2031,2024-12-30,2,0,0.1572921030090995,0,14,default,Test
AST-3008,2024-12-30,0,0,0.06306535493942148,0,14,default,Test
AST-3019,2024-12-30,0,0,0.07026786567974617,0,14,default,Test
AST-4055,2024-12-30,11,0,0.14121012229899396,0,14,default,Test
AST-4061,2024-12-30,8,0,0.15936928202774903,0,14,default,Test
AST-5003,2024-12-30,10,0,0.10531423356826704,0,14,default,Test
AST-5007,2024-12-30,6,0,0.04093824244987064,0,14,default,Test
AST-1041,2024-12-31,1,0,0.07032170234739119,0,14,default,Test
AST-1042,2024-12-31,5,0,0.07131181318429021,0,14,default,Test
AST-2017,2024-12-31,12,0,0.06645552487879224,0,14,default,Test
AST-2031,2024-12-31,11,0,0.1300917328668298,0,14,default,Test
AST-3008,2024-12-31,4,0,0.06692680904566234,0,14,default,Test
AST-3019,2024-12-31,12,0,0.0570162252067349,0,14,default,Test
AST-4055,2024-12-31,10,0,0.11113140510480772,0,14,default,Test
AST-4061,2024-12-31,7,0,0.029743993566591076,0,14,default,Test
AST-5003,2024-12-31,10,0,0.11563399733014679,0,14,default,Test
AST-5007,2024-12-31,3,0,0.04861921345983159,0,14,default,Test
AST-1041,2025-01-01,6,0,0.09834706332555423,0,14,default,Test
AST-1042,2025-01-01,10,0,0.07279091100122007,0,14,default,Test
AST-2017,2025-01-01,6,0,0.0674199504488631,0,14,default,Test
AST-2031,2025-01-01,17,1,0.17497491452883482,0,14,default,Test
AST-3008,2025-01-01,7,0,0.07013826911563881,0,14,default,Test
AST-3019,2025-01-01,8,0,0.049553840010625724,0,14,default,Test
AST-4055,2025-01-01,11,0,0.13134534100175232,0,14,default,Test
AST-4061,2025-01-01,9,0,0.12609993697600705,0,14,default,Test
AST-5003,2025-01-01,6,0,0.10667682766905938,0,14,default,Test
AST-5007,2025-01-01,8,0,0.051553237889285675,0,14,default,Test
AST-1041,2024-07-21,0,0,0.3357042007177937,0,14,balanced,Test
AST-1042,2024-07-21,0,0,0.3842781351414376,0,14,balanced,Test
AST-2017,2024-07-21,0,0,0.337495186282717,0,14,balanced,Test
AST-2031,2024-07-21,0,0,0.6680504079095976,1,14,balanced,Test
AST-3008,2024-07-21,0,0,0.24330807206224198,0,14,balanced,Test
AST-3019,2024-07-21,0,0,0.24739329124582435,0,14,balanced,Test
AST-4055,2024-07-21,0,0,0.47864585139459725,0,14,balanced,Test
AST-4061,2024-07-21,0,0,0.25265171956529964,0,14,balanced,Test
AST-5003,2024-07-21,0,0,0.496373894784071,0,14,balanced,Test
AST-5007,2024-07-21,0,0,0.25056682762142424,0,14,balanced,Test
AST-1041,2024-07-22,10,0,0.5853771903585254,1,14,balanced,Test
AST-1042,2024-07-22,6,0,0.5188131766753171,1,14,balanced,Test
AST-2017,2024-07-22,23,1,0.4795677346013025,0,14,balanced,Test
AST-2031,2024-07-22,10,0,0.7721447318190536,1,14,balanced,Test
AST-3008,2024-07-22,7,0,0.3868105666117258,0,14,balanced,Test
AST-3019,2024-07-22,5,0,0.41113660791514645,0,14,balanced,Test
AST-4055,2024-07-22,11,0,0.6374077508083844,1,14,balanced,Test
AST-4061,2024-07-22,0,0,0.3745889706735718,0,14,balanced,Test
AST-5003,2024-07-22,14,1,0.5371261989997157,1,14,balanced,Test
AST-5007,2024-07-22,7,0,0.2823762086809204,0,14,balanced,Test
AST-1041,2024-07-23,2,0,0.4976995644494191,0,14,balanced,Test
AST-1042,2024-07-23,4,0,0.5819245018873235,1,14,balanced,Test
AST-2017,2024-07-23,12,0,0.7425300001311436,1,14,balanced,Test
AST-2031,2024-07-23,14,1,0.8023315493400152,1,14,balanced,Test
AST-3008,2024-07-23,4,0,0.38839176008512344,0,14,balanced,Test
AST-3019,2024-07-23,7,0,0.3913681739393617,0,14,balanced,Test
AST-4055,2024-07-23,6,0,0.6138476541317154,1,14,balanced,Test
AST-4061,2024-07-23,8,0,0.2853089818487847,0,14,balanced,Test
AST-5003,2024-07-23,8,0,0.5710089388022935,1,14,balanced,Test
AST-5007,2024-07-23,4,0,0.3154646883551399,0,14,balanced,Test
AST-1041,2024-07-24,8,0,0.44258118723387013,0,14,balanced,Test
AST-1042,2024-07-24,11,0,0.4561295746526771,0,14,balanced,Test
AST-2017,2024-07-24,16,1,0.40891042267736893,0,14,balanced,Test
AST-2031,2024-07-24,0,0,0.7673120753837185,1,14,balanced,Test
AST-3008,2024-07-24,8,0,0.370461232863252,0,14,balanced,Test
AST-3019,2024-07-24,14,1,0.33337904280376646,0,14,balanced,Test
AST-4055,2024-07-24,6,0,0.6456773881300476,1,14,balanced,Test
AST-4061,2024-07-24,1,0,0.42355064349875,0,14,balanced,Test
AST-5003,2024-07-24,9,0,0.5437886119504087,1,14,balanced,Test
AST-5007,2024-07-24,12,0,0.5521115963935811,1,14,balanced,Test
AST-1041,2024-07-25,9,0,0.4843282826467218,0,14,balanced,Test
AST-1042,2024-07-25,4,0,0.46229903331272676,0,14,balanced,Test
AST-2017,2024-07-25,8,0,0.45253620607037753,0,14,balanced,Test
AST-2031,2024-07-25,4,0,0.8031666150522317,1,14,balanced,Test
AST-3008,2024-07-25,6,0,0.4348618409472805,0,14,balanced,Test
AST-3019,2024-07-25,4,0,0.4014545317179024,0,14,balanced,Test
AST-4055,2024-07-25,7,0,0.6144112207221377,1,14,balanced,Test
AST-4061,2024-07-25,13,0,0.36829696797031847,0,14,balanced,Test
AST-5003,2024-07-25,8,0,0.5707960637725701,1,14,balanced,Test
AST-5007,2024-07-25,4,0,0.3329914331036609,0,14,balanced,Test
AST-1041,2024-07-26,16,1,0.4878764978996929,0,14,balanced,Test
AST-1042,2024-07-26,4,0,0.5713873629683865,1,14,balanced,Test
AST-2017,2024-07-26,20,1,0.45616739532555683,0,14,balanced,Test
AST-2031,2024-07-26,10,0,0.8430659646477281,1,14,balanced,Test
AST-3008,2024-07-26,2,0,0.47344997747053075,0,14,balanced,Test
AST-3019,2024-07-26,0,0,0.32269899004568614,0,14,balanced,Test
AST-4055,2024-07-26,7,0,0.604808059820123,1,14,balanced,Test
AST-4061,2024-07-26,10,0,0.3906728132851666,0,14,balanced,Test
AST-5003,2024-07-26,10,0,0.5883037656811909,1,14,balanced,Test
AST-5007,2024-07-26,0,0,0.3848178129692555,0,14,balanced,Test
AST-1041,2024-07-27,0,0,0.33228335067487946,0,14,balanced,Test
AST-1042,2024-07-27,0,0,0.3751321391687026,0,14,balanced,Test
AST-2017,2024-07-27,0,0,0.2992781133761472,0,14,balanced,Test
AST-2031,2024-07-27,0,0,0.7190126247855917,1,14,balanced,Test
AST-3008,2024-07-27,0,0,0.25727122648281964,0,14,balanced,Test
AST-3019,2024-07-27,0,0,0.2746117690141835,0,14,balanced,Test
AST-4055,2024-07-27,0,0,0.5375874088233688,1,14,balanced,Test
AST-4061,2024-07-27,0,0,0.2176295140170705,0,14,balanced,Test
AST-5003,2024-07-27,0,0,0.40882349404255974,0,14,balanced,Test
AST-5007,2024-07-27,0,0,0.22177474770544695,0,14,balanced,Test
AST-1041,2024-07-28,0,0,0.3530485151075805,0,14,balanced,Test
AST-1042,2024-07-28,0,0,0.3425890776908075,0,14,balanced,Test
AST-2017,2024-07-28,0,0,0.3521569491779672,0,14,balanced,Test
AST-2031,2024-07-28,0,0,0.6744109310709065,1,14,balanced,Test
AST-3008,2024-07-28,0,0,0.3124528076940973,0,14,balanced,Test
AST-3019,2024-07-28,0,0,0.2679207187045014,0,14,balanced,Test
AST-4055,2024-07-28,0,0,0.4738366092955722,0,14,balanced,Test
AST-4061,2024-07-28,0,0,0.24189579815511827,0,14,balanced,Test
AST-5003,2024-07-28,0,0,0.40495692663819516,0,14,balanced,Test
AST-5007,2024-07-28,0,0,0.38287060051343813,0,14,balanced,Test
AST-1041,2024-07-29,15,1,0.46199490487739125,0,14,balanced,Test
AST-1042,2024-07-29,8,0,0.4660735346435239,0,14,balanced,Test
AST-2017,2024-07-29,14,1,0.38003754049195315,0,14,balanced,Test
AST-2031,2024-07-29,12,0,0.8012541080860016,1,14,balanced,Test
AST-3008,2024-07-29,6,0,0.420302426712301,0,14,balanced,Test
AST-3019,2024-07-29,10,0,0.3756938136685373,0,14,balanced,Test
AST-4055,2024-07-29,16,1,0.5398112571412665,1,14,balanced,Test
AST-4061,2024-07-29,3,0,0.3672021082119567,0,14,balanced,Test
AST-5003,2024-07-29,2,0,0.6047160718114147,1,14,balanced,Test
AST-5007,2024-07-29,1,0,0.3237243685990543,0,14,balanced,Test
AST-1041,2024-07-30,4,0,0.547935274551506,1,14,balanced,Test
AST-1042,2024-07-30,1,0,0.4599301629832087,0,14,balanced,Test
AST-2017,2024-07-30,14,1,0.41533607621856555,0,14,balanced,Test
AST-2031,2024-07-30,10,0,0.700310521791946,1,14,balanced,Test
AST-3008,2024-07-30,10,0,0.39760760132841855,0,14,balanced,Test
AST-3019,2024-07-30,8,0,0.3471264344866884,0,14,balanced,Test
AST-4055,2024-07-30,12,0,0.6540869032461245,1,14,balanced,Test
AST-4061,2024-07-30,0,0,0.37771305113358644,0,14,balanced,Test
AST-5003,2024-07-30,14,1,0.5791491633974111,1,14,balanced,Test
AST-5007,2024-07-30,4,0,0.38125078209386776,0,14,balanced,Test
AST-1041,2024-07-31,2,0,0.49275804426566105,0,14,balanced,Test
AST-1042,2024-07-31,1,0,0.4260590634914767,0,14,balanced,Test
AST-2017,2024-07-31,10,0,0.4970008079078953,0,14,balanced,Test
AST-2031,2024-07-31,8,0,0.7544920542098752,1,14,balanced,Test
AST-3008,2024-07-31,4,0,0.33833567076897275,0,14,balanced,Test
AST-3019,2024-07-31,14,1,0.38505039183647116,0,14,balanced,Test
AST-4055,2024-07-31,10,0,0.5917593869023245,1,14,balanced,Test
AST-4061,2024-07-31,1,0,0.3817020610751252,0,14,balanced,Test
AST-5003,2024-07-31,22,1,0.6708272432720163,1,14,balanced,Test
AST-5007,2024-07-31,6,0,0.31116662705897136,0,14,balanced,Test
AST-1041,2024-08-01,7,0,0.5333236702206052,1,14,balanced,Test
AST-1042,2024-08-01,4,0,0.5201936561341951,1,14,balanced,Test
AST-2017,2024-08-01,6,0,0.5288939295625723,1,14,balanced,Test
AST-2031,2024-08-01,5,0,0.7589521843615005,1,14,balanced,Test
AST-3008,2024-08-01,8,0,0.4058520659183168,0,14,balanced,Test
AST-3019,2024-08-01,1,0,0.36392247495077973,0,14,balanced,Test
AST-4055,2024-08-01,10,0,0.6375507246210816,1,14,balanced,Test
AST-4061,2024-08-01,14,1,0.4059719489554821,0,14,balanced,Test
AST-5003,2024-08-01,10,0,0.48005673242179164,0,14,balanced,Test
AST-5007,2024-08-01,0,0,0.35606870100955584,0,14,balanced,Test
AST-1041,2024-08-02,7,0,0.5375109186728146,1,14,balanced,Test
AST-1042,2024-08-02,8,0,0.49004532628364456,0,14,balanced,Test
AST-2017,2024-08-02,11,0,0.43346454347791047,0,14,balanced,Test
AST-2031,2024-08-02,0,0,0.7880755840934578,1,14,balanced,Test
AST-3008,2024-08-02,4,0,0.431081417296539,0,14,balanced,Test
AST-3019,2024-08-02,8,0,0.40667797967077773,0,14,balanced,Test
AST-4055,2024-08-02,6,0,0.6596382815609235,1,14,balanced,Test
AST-4061,2024-08-02,10,0,0.46024549530210446,0,14,balanced,Test
AST-5003,2024-08-02,5,0,0.5370953021363133,1,14,balanced,Test
AST-5007,2024-08-02,0,0,0.31711793380290526,0,14,balanced,Test
AST-1041,2024-08-03,0,0,0.41665079419292134,0,14,balanced,Test
AST-1042,2024-08-03,0,0,0.4386080425057771,0,14,balanced,Test
AST-2017,2024-08-03,0,0,0.3286502393367893,0,14,balanced,Test
AST-2031,2024-08-03,0,0,0.6904229346851786,1,14,balanced,Test
AST-3008,2024-08-03,0,0,0.239064302562005,0,14,balanced,Test
AST-3019,2024-08-03,0,0,0.22187945242954976,0,14,balanced,Test
AST-4055,2024-08-03,0,0,0.4742353211305262,0,14,balanced,Test
AST-4061,2024-08-03,0,0,0.2643301842125934,0,14,balanced,Test
AST-5003,2024-08-03,0,0,0.44261717482464075,0,14,balanced,Test
AST-5007,2024-08-03,0,0,0.5815166030245194,1,14,balanced,Test
AST-1041,2024-08-04,0,0,0.2705672000606513,0,14,balanced,Test
AST-1042,2024-08-04,0,0,0.4233305434715199,0,14,balanced,Test
AST-2017,2024-08-04,0,0,0.3760563507030481,0,14,balanced,Test
AST-2031,2024-08-04,0,0,0.7698447754829794,1,14,balanced,Test
AST-3008,2024-08-04,0,0,0.2475760664977489,0,14,balanced,Test
AST-3019,2024-08-04,0,0,0.2873083730815884,0,14,balanced,Test
AST-4055,2024-08-04,0,0,0.5302751384167562,1,14,balanced,Test
AST-4061,2024-08-04,0,0,0.2421050583575698,0,14,balanced,Test
AST-5003,2024-08-04,0,0,0.36339943139497133,0,14,balanced,Test
AST-5007,2024-08-04,0,0,0.3079488011221844,0,14,balanced,Test
AST-1041,2024-08-05,0,0,0.5184934630616603,1,14,balanced,Test
AST-1042,2024-08-05,4,0,0.4778962327901713,0,14,balanced,Test
AST-2017,2024-08-05,6,0,0.4651082964238616,0,14,balanced,Test
AST-2031,2024-08-05,9,0,0.7536091039719353,1,14,balanced,Test
AST-3008,2024-08-05,12,0,0.43767620969996573,0,14,balanced,Test
AST-3019,2024-08-05,9,0,0.3518993966751014,0,14,balanced,Test
AST-4055,2024-08-05,6,0,0.5909096790600341,1,14,balanced,Test
AST-4061,2024-08-05,16,1,0.4211612106950554,0,14,balanced,Test
AST-5003,2024-08-05,3,0,0.5102190910138462,1,14,balanced,Test
AST-5007,2024-08-05,4,0,0.344060787043627,0,14,balanced,Test
AST-1041,2024-08-06,13,0,0.47356247615456193,0,14,balanced,Test
AST-1042,2024-08-06,0,0,0.49212331686357935,0,14,balanced,Test
AST-2017,2024-08-06,10,0,0.5054098280536626,1,14,balanced,Test
AST-2031,2024-08-06,1,0,0.7025986762473929,1,14,balanced,Test
AST-3008,2024-08-06,1,0,0.3414279111007234,0,14,balanced,Test
AST-3019,2024-08-06,5,0,0.4399360357816389,0,14,balanced,Test
AST-4055,2024-08-06,2,0,0.6545416322439161,1,14,balanced,Test
AST-4061,2024-08-06,9,0,0.3359395969692329,0,14,balanced,Test
AST-5003,2024-08-06,11,0,0.5255407064811938,1,14,balanced,Test
AST-5007,2024-08-06,14,1,0.34494301930789956,0,14,balanced,Test
AST-1041,2024-08-07,7,0,0.49797326021237837,0,14,balanced,Test
AST-1042,2024-08-07,0,0,0.5302238504011348,1,14,balanced,Test
AST-2017,2024-08-07,8,0,0.4282211427110827,0,14,balanced,Test
AST-2031,2024-08-07,19,1,0.7520729802501716,1,14,balanced,Test
AST-3008,2024-08-07,1,0,0.40118004574551436,0,14,balanced,Test
AST-3019,2024-08-07,6,0,0.38051752205132194,0,14,balanced,Test
AST-4055,2024-08-07,11,0,0.5954493235006698,1,14,balanced,Test
AST-4061,2024-08-07,10,0,0.37280955762136714,0,14,balanced,Test
AST-5003,2024-08-07,4,0,0.6025074146397958,1,14,balanced,Test
AST-5007,2024-08-07,10,0,0.2976998406356856,0,14,balanced,Test
AST-1041,2024-08-08,8,0,0.49636094935666464,0,14,balanced,Test
AST-1042,2024-08-08,4,0,0.5369663625949139,1,14,balanced,Test
AST-2017,2024-08-08,8,0,0.48749647646842986,0,14,balanced,Test
AST-2031,2024-08-08,2,0,0.7699895000984921,1,14,balanced,Test
AST-3008,2024-08-08,4,0,0.3820625376618345,0,14,balanced,Test
AST-3019,2024-08-08,6,0,0.4564496300012052,0,14,balanced,Test
AST-4055,2024-08-08,8,0,0.6605687648189904,1,14,balanced,Test
AST-4061,2024-08-08,10,0,0.34404793568542036,0,14,balanced,Test
AST-5003,2024-08-08,14,1,0.6054969786353318,1,14,balanced,Test
AST-5007,2024-08-08,9,0,0.3002252259744537,0,14,balanced,Test
AST-1041,2024-08-09,9,0,0.5499609368061054,1,14,balanced,Test
AST-1042,2024-08-09,2,0,0.48510570450994345,0,14,balanced,Test
AST-2017,2024-08-09,5,0,0.4986084539457222,0,14,balanced,Test
AST-2031,2024-08-09,10,0,0.7375088502396145,1,14,balanced,Test
AST-3008,2024-08-09,8,0,0.34740974413546916,0,14,balanced,Test
AST-3019,2024-08-09,3,0,0.3998290628396828,0,14,balanced,Test
AST-4055,2024-08-09,1,0,0.6612275884967223,1,14,balanced,Test
AST-4061,2024-08-09,3,0,0.37359717996173364,0,14,balanced,Test
AST-5003,2024-08-09,5,0,0.5983134839083636,1,14,balanced,Test
AST-5007,2024-08-09,6,0,0.320383108187223,0,14,balanced,Test
AST-1041,2024-08-10,0,0,0.3935890621232405,0,14,balanced,Test
AST-1042,2024-08-10,0,0,0.41788449996323573,0,14,balanced,Test
AST-2017,2024-08-10,0,0,0.3526008722657531,0,14,balanced,Test
AST-2031,2024-08-10,0,0,0.723456847824382,1,14,balanced,Test
AST-3008,2024-08-10,0,0,0.3347839220376438,0,14,balanced,Test
AST-3019,2024-08-10,0,0,0.22929258775696282,0,14,balanced,Test
AST-4055,2024-08-10,0,0,0.51196905811828,1,14,balanced,Test
AST-4061,2024-08-10,0,0,0.24777260458516967,0,14,balanced,Test
AST-5003,2024-08-10,0,0,0.39397307436829715,0,14,balanced,Test
AST-5007,2024-08-10,0,0,0.2657312843802958,0,14,balanced,Test
AST-1041,2024-08-11,0,0,0.37760991812837774,0,14,balanced,Test
AST-1042,2024-08-11,0,0,0.34462081391399507,0,14,balanced,Test
AST-2017,2024-08-11,0,0,0.39543491284610266,0,14,balanced,Test
AST-2031,2024-08-11,0,0,0.8346161444225952,1,14,balanced,Test
AST-3008,2024-08-11,0,0,0.29119722402133896,0,14,balanced,Test
AST-3019,2024-08-11,0,0,0.27866217388231834,0,14,balanced,Test
AST-4055,2024-08-11,0,0,0.5708988162539613,1,14,balanced,Test
AST-4061,2024-08-11,0,0,0.278617020646079,0,14,balanced,Test
AST-5003,2024-08-11,0,0,0.39863673018542733,0,14,balanced,Test
AST-5007,2024-08-11,0,0,0.2679016702918666,0,14,balanced,Test
AST-1041,2024-08-12,4,0,0.7897692022881969,1,14,balanced,Test
AST-1042,2024-08-12,4,0,0.5310205275865654,1,14,balanced,Test
AST-2017,2024-08-12,8,0,0.44691024926199485,0,14,balanced,Test
AST-2031,2024-08-12,11,0,0.7944499288996281,1,14,balanced,Test
AST-3008,2024-08-12,3,0,0.36383486877796917,0,14,balanced,Test
AST-3019,2024-08-12,2,0,0.39338865815326574,0,14,balanced,Test
AST-4055,2024-08-12,5,0,0.6066142824708608,1,14,balanced,Test
AST-4061,2024-08-12,10,0,0.3560703734470503,0,14,balanced,Test
AST-5003,2024-08-12,7,0,0.5574116828927337,1,14,balanced,Test
AST-5007,2024-08-12,6,0,0.32571694597019424,0,14,balanced,Test
AST-1041,2024-08-13,5,0,0.48390482214320035,0,14,balanced,Test
AST-1042,2024-08-13,10,0,0.5425724496048149,1,14,balanced,Test
AST-2017,2024-08-13,1,0,0.5026139393686498,1,14,balanced,Test
AST-2031,2024-08-13,13,0,0.793954983840539,1,14,balanced,Test
AST-3008,2024-08-13,0,0,0.3546708816587324,0,14,balanced,Test
AST-3019,2024-08-13,7,0,0.4147728536436815,0,14,balanced,Test
AST-4055,2024-08-13,4,0,0.6346417254830993,1,14,balanced,Test
AST-4061,2024-08-13,10,0,0.34647748904352355,0,14,balanced,Test
AST-5003,2024-08-13,7,0,0.6010931001814469,1,14,balanced,Test
AST-5007,2024-08-13,5,0,0.30960784617599035,0,14,balanced,Test
AST-1041,2024-08-14,2,0,0.49976763834162813,0,14,balanced,Test
AST-1042,2024-08-14,2,0,0.4989782116647702,0,14,balanced,Test
AST-2017,2024-08-14,4,0,0.45712185029391006,0,14,balanced,Test
AST-2031,2024-08-14,3,0,0.8342237432223939,1,14,balanced,Test
AST-3008,2024-08-14,11,0,0.3487272868254319,0,14,balanced,Test
AST-3019,2024-08-14,4,0,0.4230738983647475,0,14,balanced,Test
AST-4055,2024-08-14,17,1,0.8192746699199571,1,14,balanced,Test
AST-4061,2024-08-14,4,0,0.37255464325754256,0,14,balanced,Test
AST-5003,2024-08-14,0,0,0.5194294063543329,1,14,balanced,Test
AST-5007,2024-08-14,0,0,0.38533353795694475,0,14,balanced,Test
AST-1041,2024-08-15,4,0,0.48087227656001025,0,14,balanced,Test
AST-1042,2024-08-15,14,1,0.46929852182908627,0,14,balanced,Test
AST-2017,2024-08-15,12,0,0.46654124259262564,0,14,balanced,Test
AST-2031,2024-08-15,11,0,0.7819301023146895,1,14,balanced,Test
AST-3008,2024-08-15,6,0,0.39298623380793385,0,14,balanced,Test
AST-3019,2024-08-15,0,0,0.33526301493464195,0,14,balanced,Test
AST-4055,2024-08-15,4,0,0.5850613627038689,1,14,balanced,Test
AST-4061,2024-08-15,8,0,0.3368782749999135,0,14,balanced,Test
AST-5003,2024-08-15,10,0,0.5826738704403177,1,14,balanced,Test
AST-5007,2024-08-15,6,0,0.3509018875788659,0,14,balanced,Test
AST-1041,2024-08-16,8,0,0.5518863530305261,1,14,balanced,Test
AST-1042,2024-08-16,8,0,0.48818612746471773,0,14,balanced,Test
AST-2017,2024-08-16,2,0,0.40453280353993154,0,14,balanced,Test
AST-2031,2024-08-16,9,0,0.7775340102117123,1,14,balanced,Test
AST-3008,2024-08-16,9,0,0.42672778321469423,0,14,balanced,Test
AST-3019,2024-08-16,10,0,0.4198072231440799,0,14,balanced,Test
AST-4055,2024-08-16,12,0,0.577171100056047,1,14,balanced,Test
AST-4061,2024-08-16,2,0,0.3748505616305842,0,14,balanced,Test
AST-5003,2024-08-16,6,0,0.6277520207812528,1,14,balanced,Test
AST-5007,2024-08-16,5,0,0.2905934303131973,0,14,balanced,Test
AST-1041,2024-08-17,0,0,0.35431212219086033,0,14,balanced,Test
AST-1042,2024-08-17,0,0,0.38292381221060035,0,14,balanced,Test
AST-2017,2024-08-17,0,0,0.4437179766755296,0,14,balanced,Test
AST-2031,2024-08-17,0,0,0.69931388911724,1,14,balanced,Test
AST-3008,2024-08-17,0,0,0.3451761302760456,0,14,balanced,Test
AST-3019,2024-08-17,0,0,0.29738160709950856,0,14,balanced,Test
AST-4055,2024-08-17,0,0,0.5203398967773616,1,14,balanced,Test
AST-4061,2024-08-17,0,0,0.27903390903767794,0,14,balanced,Test
AST-5003,2024-08-17,0,0,0.4486278390258633,0,14,balanced,Test
AST-5007,2024-08-17,0,0,0.22657170526838208,0,14,balanced,Test
AST-1041,2024-08-18,0,0,0.4161907936393846,0,14,balanced,Test
AST-1042,2024-08-18,0,0,0.40212715127570964,0,14,balanced,Test
AST-2017,2024-08-18,0,0,0.3690108709193531,0,14,balanced,Test
AST-2031,2024-08-18,0,0,0.785138092227774,1,14,balanced,Test
AST-3008,2024-08-18,0,0,0.28423483881448314,0,14,balanced,Test
AST-3019,2024-08-18,0,0,0.25863426794196,0,14,balanced,Test
AST-4055,2024-08-18,0,0,0.5278327984851646,1,14,balanced,Test
AST-4061,2024-08-18,0,0,0.22855672659402565,0,14,balanced,Test
AST-5003,2024-08-18,0,0,0.4228928495372918,0,14,balanced,Test
AST-5007,2024-08-18,0,0,0.3839428387415026,0,14,balanced,Test
AST-1041,2024-08-19,4,0,0.5565785249369195,1,14,balanced,Test
AST-1042,2024-08-19,2,0,0.47284484097211193,0,14,balanced,Test
AST-2017,2024-08-19,13,0,0.40806130850299405,0,14,balanced,Test
AST-2031,2024-08-19,2,0,0.7457636838917278,1,14,balanced,Test
AST-3008,2024-08-19,8,0,0.39466623467712814,0,14,balanced,Test
AST-3019,2024-08-19,8,0,0.4211021983037983,0,14,balanced,Test
AST-4055,2024-08-19,7,0,0.6014986688204548,1,14,balanced,Test
AST-4061,2024-08-19,12,0,0.4085382344896573,0,14,balanced,Test
AST-5003,2024-08-19,10,0,0.5513411003457848,1,14,balanced,Test
AST-5007,2024-08-19,0,0,0.34508275710174935,0,14,balanced,Test
AST-1041,2024-08-20,4,0,0.4846352310339471,0,14,balanced,Test
AST-1042,2024-08-20,0,0,0.5000837312095324,1,14,balanced,Test
AST-2017,2024-08-20,5,0,0.454116672479376,0,14,balanced,Test
AST-2031,2024-08-20,11,0,0.8159898319791136,1,14,balanced,Test
AST-3008,2024-08-20,8,0,0.4223155437910824,0,14,balanced,Test
AST-3019,2024-08-20,2,0,0.35567775377892036,0,14,balanced,Test
AST-4055,2024-08-20,9,0,0.606741052387881,1,14,balanced,Test
AST-4061,2024-08-20,6,0,0.4549556205857928,0,14,balanced,Test
AST-5003,2024-08-20,2,0,0.5440976910807774,1,14,balanced,Test
AST-5007,2024-08-20,5,0,0.3246101172948719,0,14,balanced,Test
AST-1041,2024-08-21,6,0,0.550910696925487,1,14,balanced,Test
AST-1042,2024-08-21,10,0,0.5297456767504035,1,14,balanced,Test
AST-2017,2024-08-21,1,0,0.4097821009041879,0,14,balanced,Test
AST-2031,2024-08-21,9,0,0.8853147228931247,1,14,balanced,Test
AST-3008,2024-08-21,2,0,0.42733645583310664,0,14,balanced,Test
AST-3019,2024-08-21,2,0,0.37544473791511956,0,14,balanced,Test
AST-4055,2024-08-21,8,0,0.6263117920273057,1,14,balanced,Test
AST-4061,2024-08-21,6,0,0.6011620012078286,1,14,balanced,Test
AST-5003,2024-08-21,10,0,0.5524792364342421,1,14,balanced,Test
AST-5007,2024-08-21,5,0,0.37970234011437526,0,14,balanced,Test
AST-1041,2024-08-22,7,0,0.5272836618370826,1,14,balanced,Test
AST-1042,2024-08-22,13,0,0.47774126627140595,0,14,balanced,Test
AST-2017,2024-08-22,0,0,0.4080942426557892,0,14,balanced,Test
AST-2031,2024-08-22,10,0,0.7509338659098643,1,14,balanced,Test
AST-3008,2024-08-22,6,0,0.44016833762320945,0,14,balanced,Test
AST-3019,2024-08-22,0,0,0.37718525459287,0,14,balanced,Test
AST-4055,2024-08-22,16,1,0.6158513693974166,1,14,balanced,Test
AST-4061,2024-08-22,11,0,0.40158234797676734,0,14,balanced,Test
AST-5003,2024-08-22,6,0,0.5383315041056682,1,14,balanced,Test
AST-5007,2024-08-22,9,0,0.342565726086576,0,14,balanced,Test
AST-1041,2024-08-23,8,0,0.5059586549876022,1,14,balanced,Test
AST-1042,2024-08-23,8,0,0.48141561766652413,0,14,balanced,Test
AST-2017,2024-08-23,8,0,0.46932901489391743,0,14,balanced,Test
AST-2031,2024-08-23,13,0,0.812929698530499,1,14,balanced,Test
AST-3008,2024-08-23,7,0,0.3777062845679147,0,14,balanced,Test
AST-3019,2024-08-23,7,0,0.3908229167227134,0,14,balanced,Test
AST-4055,2024-08-23,12,0,0.6048376209966547,1,14,balanced,Test
AST-4061,2024-08-23,8,0,0.38730913540315576,0,14,balanced,Test
AST-5003,2024-08-23,18,1,0.5235374731239623,1,14,balanced,Test
AST-5007,2024-08-23,4,0,0.3765048829685458,0,14,balanced,Test
AST-1041,2024-08-24,0,0,0.36032806975128157,0,14,balanced,Test
AST-1042,2024-08-24,0,0,0.38060809364912795,0,14,balanced,Test
AST-2017,2024-08-24,0,0,0.35059425277084316,0,14,balanced,Test
AST-2031,2024-08-24,0,0,0.6945952226793564,1,14,balanced,Test
AST-3008,2024-08-24,0,0,0.29817906990531917,0,14,balanced,Test
AST-3019,2024-08-24,0,0,0.33055758089839254,0,14,balanced,Test
AST-4055,2024-08-24,0,0,0.483193645311019,0,14,balanced,Test
AST-4061,2024-08-24,0,0,0.3151448379805393,0,14,balanced,Test
AST-5003,2024-08-24,0,0,0.7788197514277528,1,14,balanced,Test
AST-5007,2024-08-24,0,0,0.24661587303700147,0,14,balanced,Test
AST-1041,2024-08-25,0,0,0.3746993227921183,0,14,balanced,Test
AST-1042,2024-08-25,0,0,0.33714287965791867,0,14,balanced,Test
AST-2017,2024-08-25,0,0,0.3402176398623233,0,14,balanced,Test
AST-2031,2024-08-25,0,0,0.67315427295356,1,14,balanced,Test
AST-3008,2024-08-25,0,0,0.3043021456267112,0,14,balanced,Test
AST-3019,2024-08-25,0,0,0.33595369701519856,0,14,balanced,Test
AST-4055,2024-08-25,0,0,0.505207706194427,1,14,balanced,Test
AST-4061,2024-08-25,0,0,0.3427219098983364,0,14,balanced,Test
AST-5003,2024-08-25,0,0,0.4576950919977967,0,14,balanced,Test
AST-5007,2024-08-25,0,0,0.24868045865959476,0,14,balanced,Test
AST-1041,2024-08-26,12,0,0.7432065068610468,1,14,balanced,Test
AST-1042,2024-08-26,4,0,0.5004827283704336,1,14,balanced,Test
AST-2017,2024-08-26,5,0,0.46443726220694753,0,14,balanced,Test
AST-2031,2024-08-26,11,0,0.7596617924823421,1,14,balanced,Test
AST-3008,2024-08-26,7,0,0.3326217173596708,0,14,balanced,Test
AST-3019,2024-08-26,10,0,0.710372606952816,1,14,balanced,Test
AST-4055,2024-08-26,18,1,0.622304924777296,1,14,balanced,Test
AST-4061,2024-08-26,4,0,0.41899363404177936,0,14,balanced,Test
AST-5003,2024-08-26,13,0,0.8588228110566649,1,14,balanced,Test
AST-5007,2024-08-26,8,0,0.33903513102826854,0,14,balanced,Test
AST-1041,2024-08-27,3,0,0.5347673743119483,1,14,balanced,Test
AST-1042,2024-08-27,2,0,0.5626316996409279,1,14,balanced,Test
AST-2017,2024-08-27,11,0,0.5147561873235621,1,14,balanced,Test
AST-2031,2024-08-27,8,0,0.7801645975113429,1,14,balanced,Test
AST-3008,2024-08-27,10,0,0.3627113508873791,0,14,balanced,Test
AST-3019,2024-08-27,6,0,0.3231946608558754,0,14,balanced,Test
AST-4055,2024-08-27,7,0,0.6210071900605414,1,14,balanced,Test
AST-4061,2024-08-27,12,0,0.43598055973902405,0,14,balanced,Test
AST-5003,2024-08-27,7,0,0.45618669508137405,0,14,balanced,Test
AST-5007,2024-08-27,10,0,0.29573997582376294,0,14,balanced,Test
AST-1041,2024-08-28,0,0,0.5426788157764428,1,14,balanced,Test
AST-1042,2024-08-28,6,0,0.601604391193071,1,14,balanced,Test
AST-2017,2024-08-28,17,1,0.5142638101044233,1,14,balanced,Test
AST-2031,2024-08-28,4,0,0.7888964911238014,1,14,balanced,Test
AST-3008,2024-08-28,3,0,0.3275614508976494,0,14,balanced,Test
AST-3019,2024-08-28,5,0,0.45738429208600523,0,14,balanced,Test
AST-4055,2024-08-28,0,0,0.590237581161279,1,14,balanced,Test
AST-4061,2024-08-28,8,0,0.36482272138927735,0,14,balanced,Test
AST-5003,2024-08-28,5,0,0.5326994347544349,1,14,balanced,Test
AST-5007,2024-08-28,5,0,0.3588787729500484,0,14,balanced,Test
AST-1041,2024-08-29,10,0,0.5356117900531123,1,14,balanced,Test
AST-1042,2024-08-29,5,0,0.5003698099772554,1,14,balanced,Test
AST-2017,2024-08-29,3,0,0.47961057723611905,0,14,balanced,Test
AST-2031,2024-08-29,3,0,0.8129015714776922,1,14,balanced,Test
AST-3008,2024-08-29,3,0,0.34241378877728285,0,14,balanced,Test
AST-3019,2024-08-29,4,0,0.3867852982023077,0,14,balanced,Test
AST-4055,2024-08-29,7,0,0.6788608915232022,1,14,balanced,Test
AST-4061,2024-08-29,13,0,0.32716541029712415,0,14,balanced,Test
AST-5003,2024-08-29,4,0,0.5651297477130783,1,14,balanced,Test
AST-5007,2024-08-29,12,0,0.6087701511605448,1,14,balanced,Test
AST-1041,2024-08-30,4,0,0.508041234011773,1,14,balanced,Test
AST-1042,2024-08-30,10,0,0.5632709383112737,1,14,balanced,Test
AST-2017,2024-08-30,13,0,0.3955279739664356,0,14,balanced,Test
AST-2031,2024-08-30,10,0,0.7991149202932119,1,14,balanced,Test
AST-3008,2024-08-30,14,1,0.3632192974377414,0,14,balanced,Test
AST-3019,2024-08-30,0,0,0.42573182429651074,0,14,balanced,Test
AST-4055,2024-08-30,3,0,0.5520517998399379,1,14,balanced,Test
AST-4061,2024-08-30,7,0,0.4482302737787682,0,14,balanced,Test
AST-5003,2024-08-30,8,0,0.5574191191305091,1,14,balanced,Test
AST-5007,2024-08-30,8,0,0.30443844771636047,0,14,balanced,Test
AST-1041,2024-08-31,0,0,0.3424477879344136,0,14,balanced,Test
AST-1042,2024-08-31,0,0,0.32165886301270813,0,14,balanced,Test
AST-2017,2024-08-31,0,0,0.32761914949963067,0,14,balanced,Test
AST-2031,2024-08-31,0,0,0.6851857446772086,1,14,balanced,Test
AST-3008,2024-08-31,0,0,0.3407125293712419,0,14,balanced,Test
AST-3019,2024-08-31,0,0,0.27628156885547084,0,14,balanced,Test
AST-4055,2024-08-31,0,0,0.4345247192172907,0,14,balanced,Test
AST-4061,2024-08-31,0,0,0.27197241575344333,0,14,balanced,Test
AST-5003,2024-08-31,0,0,0.4283824419214939,0,14,balanced,Test
AST-5007,2024-08-31,0,0,0.2294598297346848,0,14,balanced,Test
AST-1041,2024-09-01,0,0,0.38917489964828156,0,14,balanced,Test
AST-1042,2024-09-01,0,0,0.42678141640864614,0,14,balanced,Test
AST-2017,2024-09-01,0,0,0.36102214243929104,0,14,balanced,Test
AST-2031,2024-09-01,0,0,0.7298403825526097,1,14,balanced,Test
AST-3008,2024-09-01,0,0,0.24324773872781677,0,14,balanced,Test
AST-3019,2024-09-01,0,0,0.7050450519544097,1,14,balanced,Test
AST-4055,2024-09-01,0,0,0.5258379291145617,1,14,balanced,Test
AST-4061,2024-09-01,0,0,0.22793950195001306,0,14,balanced,Test
AST-5003,2024-09-01,0,0,0.39439713637868856,0,14,balanced,Test
AST-5007,2024-09-01,0,0,0.3246113613143658,0,14,balanced,Test
AST-1041,2024-09-02,0,0,0.5715986515369088,1,14,balanced,Test
AST-1042,2024-09-02,5,0,0.4735346791136111,0,14,balanced,Test
AST-2017,2024-09-02,0,0,0.4406285414090116,0,14,balanced,Test
AST-2031,2024-09-02,6,0,0.7388470536273689,1,14,balanced,Test
AST-3008,2024-09-02,8,0,0.42291759851805977,0,14,balanced,Test
AST-3019,2024-09-02,1,0,0.41889332155777514,0,14,balanced,Test
AST-4055,2024-09-02,12,0,0.6512300831993223,1,14,balanced,Test
AST-4061,2024-09-02,8,0,0.3780289676428892,0,14,balanced,Test
AST-5003,2024-09-02,14,1,0.5543184241399155,1,14,balanced,Test
AST-5007,2024-09-02,2,0,0.41286869841484186,0,14,balanced,Test
AST-1041,2024-09-03,9,0,0.5233398764871862,1,14,balanced,Test
AST-1042,2024-09-03,0,0,0.5762402344957624,1,14,balanced,Test
AST-2017,2024-09-03,14,1,0.4169614878031888,0,14,balanced,Test
AST-2031,2024-09-03,14,1,0.7159746606993467,1,14,balanced,Test
AST-3008,2024-09-03,9,0,0.3994582924367943,0,14,balanced,Test
AST-3019,2024-09-03,3,0,0.4399856669411825,0,14,balanced,Test
AST-4055,2024-09-03,8,0,0.6705315739494881,1,14,balanced,Test
AST-4061,2024-09-03,6,0,0.3258234624533649,0,14,balanced,Test
AST-5003,2024-09-03,6,0,0.589626804932024,1,14,balanced,Test
AST-5007,2024-09-03,3,0,0.2904137993110361,0,14,balanced,Test
AST-1041,2024-09-04,4,0,0.7783683852035544,1,14,balanced,Test
AST-1042,2024-09-04,10,0,0.4238499352800085,0,14,balanced,Test
AST-2017,2024-09-04,8,0,0.4008759869221209,0,14,balanced,Test
AST-2031,2024-09-04,2,0,0.7748995498988477,1,14,balanced,Test
AST-3008,2024-09-04,10,0,0.39983928263084006,0,14,balanced,Test
AST-3019,2024-09-04,5,0,0.33554806774080287,0,14,balanced,Test
AST-4055,2024-09-04,17,1,0.616791533719741,1,14,balanced,Test
AST-4061,2024-09-04,0,0,0.3940507039505822,0,14,balanced,Test
AST-5003,2024-09-04,9,0,0.47637552351797074,0,14,balanced,Test
AST-5007,2024-09-04,3,0,0.2753444975580126,0,14,balanced,Test
AST-1041,2024-09-05,11,0,0.5374359741018196,1,14,balanced,Test
AST-1042,2024-09-05,3,0,0.5197564016723915,1,14,balanced,Test
AST-2017,2024-09-05,6,0,0.5248812759488494,1,14,balanced,Test
AST-2031,2024-09-05,2,0,0.7652395028359262,1,14,balanced,Test
AST-3008,2024-09-05,2,0,0.37273406159790984,0,14,balanced,Test
AST-3019,2024-09-05,7,0,0.3101390178875329,0,14,balanced,Test
AST-4055,2024-09-05,2,0,0.6621275150842542,1,14,balanced,Test
AST-4061,2024-09-05,0,0,0.3649448251168167,0,14,balanced,Test
AST-5003,2024-09-05,5,0,0.5350420332884447,1,14,balanced,Test
AST-5007,2024-09-05,5,0,0.3290851092264935,0,14,balanced,Test
AST-1041,2024-09-06,6,0,0.5551058387491256,1,14,balanced,Test
AST-1042,2024-09-06,4,0,0.47326259479166916,0,14,balanced,Test
AST-2017,2024-09-06,18,1,0.4218664704385945,0,14,balanced,Test
AST-2031,2024-09-06,4,0,0.8102504609243008,1,14,balanced,Test
AST-3008,2024-09-06,6,0,0.3543870847650641,0,14,balanced,Test
AST-3019,2024-09-06,6,0,0.7476199252801208,1,14,balanced,Test
AST-4055,2024-09-06,15,1,0.6583540825127262,1,14,balanced,Test
AST-4061,2024-09-06,7,0,0.4084354833669135,0,14,balanced,Test
AST-5003,2024-09-06,8,0,0.611674167818539,1,14,balanced,Test
AST-5007,2024-09-06,10,0,0.32589637350083006,0,14,balanced,Test
AST-1041,2024-09-07,0,0,0.3651768761942826,0,14,balanced,Test
AST-1042,2024-09-07,0,0,0.4003862174930499,0,14,balanced,Test
AST-2017,2024-09-07,0,0,0.3742100619936439,0,14,balanced,Test
AST-2031,2024-09-07,0,0,0.6885178426093691,1,14,balanced,Test
AST-3008,2024-09-07,0,0,0.3103325490604457,0,14,balanced,Test
AST-3019,2024-09-07,0,0,0.27058507172852114,0,14,balanced,Test
AST-4055,2024-09-07,0,0,0.531422700893283,1,14,balanced,Test
AST-4061,2024-09-07,0,0,0.23572017721583602,0,14,balanced,Test
AST-5003,2024-09-07,0,0,0.48303063214947,0,14,balanced,Test
AST-5007,2024-09-07,0,0,0.23045404365098288,0,14,balanced,Test
AST-1041,2024-09-08,0,0,0.3669509756962588,0,14,balanced,Test
AST-1042,2024-09-08,0,0,0.42176164523960946,0,14,balanced,Test
AST-2017,2024-09-08,0,0,0.3663271653110102,0,14,balanced,Test
AST-2031,2024-09-08,0,0,0.686603178025418,1,14,balanced,Test
AST-3008,2024-09-08,0,0,0.6632045013031177,1,14,balanced,Test
AST-3019,2024-09-08,0,0,0.24191685877417754,0,14,balanced,Test
AST-4055,2024-09-08,0,0,0.4559927774911162,0,14,balanced,Test
AST-4061,2024-09-08,0,0,0.2626275205973134,0,14,balanced,Test
AST-5003,2024-09-08,0,0,0.5503881950969434,1,14,balanced,Test
AST-5007,2024-09-08,0,0,0.2159586625179936,0,14,balanced,Test
AST-1041,2024-09-09,11,0,0.519389138994509,1,14,balanced,Test
AST-1042,2024-09-09,8,0,0.504541615914332,1,14,balanced,Test
AST-2017,2024-09-09,16,1,0.46708816535473974,0,14,balanced,Test
AST-2031,2024-09-09,2,0,0.7397239044966427,1,14,balanced,Test
AST-3008,2024-09-09,8,0,0.3607006694764703,0,14,balanced,Test
AST-3019,2024-09-09,3,0,0.38530244340717884,0,14,balanced,Test
AST-4055,2024-09-09,2,0,0.6167687408624223,1,14,balanced,Test
AST-4061,2024-09-09,4,0,0.3807710434171831,0,14,balanced,Test
AST-5003,2024-09-09,9,0,0.49305826802566066,0,14,balanced,Test
AST-5007,2024-09-09,3,0,0.2982684410249895,0,14,balanced,Test
AST-1041,2024-09-10,0,0,0.5298370816460334,1,14,balanced,Test
AST-1042,2024-09-10,4,0,0.4877380780399764,0,14,balanced,Test
AST-2017,2024-09-10,6,0,0.4656876902850383,0,14,balanced,Test
AST-2031,2024-09-10,10,0,0.7633368830949582,1,14,balanced,Test
AST-3008,2024-09-10,8,0,0.37857573557344953,0,14,balanced,Test
AST-3019,2024-09-10,4,0,0.789398727592983,1,14,balanced,Test
AST-4055,2024-09-10,1,0,0.6407093563112305,1,14,balanced,Test
AST-4061,2024-09-10,8,0,0.37060492365100844,0,14,balanced,Test
AST-5003,2024-09-10,20,1,0.515800860315665,1,14,balanced,Test
AST-5007,2024-09-10,5,0,0.3411847885351158,0,14,balanced,Test
AST-1041,2024-09-11,5,0,0.489971901580736,0,14,balanced,Test
AST-1042,2024-09-11,15,1,0.5271891817510435,1,14,balanced,Test
AST-2017,2024-09-11,5,0,0.5125196245886271,1,14,balanced,Test
AST-2031,2024-09-11,6,0,0.7605924208165585,1,14,balanced,Test
AST-3008,2024-09-11,11,0,0.3989943975149929,0,14,balanced,Test
AST-3019,2024-09-11,4,0,0.46695100460383515,0,14,balanced,Test
AST-4055,2024-09-11,13,0,0.6226588578586141,1,14,balanced,Test
AST-4061,2024-09-11,0,0,0.3404814575315776,0,14,balanced,Test
AST-5003,2024-09-11,4,0,0.5590636861906858,1,14,balanced,Test
AST-5007,2024-09-11,10,0,0.3503123672503096,0,14,balanced,Test
AST-1041,2024-09-12,12,0,0.5368203888122375,1,14,balanced,Test
AST-1042,2024-09-12,14,1,0.48953147735165026,0,14,balanced,Test
AST-2017,2024-09-12,4,0,0.4348653366060128,0,14,balanced,Test
AST-2031,2024-09-12,13,0,0.7389913977530098,1,14,balanced,Test
AST-3008,2024-09-12,4,0,0.3455345355626626,0,14,balanced,Test
AST-3019,2024-09-12,6,0,0.34453568221292097,0,14,balanced,Test
AST-4055,2024-09-12,10,0,0.6241013233259706,1,14,balanced,Test
AST-4061,2024-09-12,7,0,0.40715872272225223,0,14,balanced,Test
AST-5003,2024-09-12,10,0,0.5599073059072043,1,14,balanced,Test
AST-5007,2024-09-12,12,0,0.3101923043307005,0,14,balanced,Test
AST-1041,2024-09-13,8,0,0.5453767342657365,1,14,balanced,Test
AST-1042,2024-09-13,10,0,0.7878680566252042,1,14,balanced,Test
AST-2017,2024-09-13,10,0,0.4160624249833417,0,14,balanced,Test
AST-2031,2024-09-13,5,0,0.7846151043029009,1,14,balanced,Test
AST-3008,2024-09-13,3,0,0.3866711017220271,0,14,balanced,Test
AST-3019,2024-09-13,6,0,0.39985919453445123,0,14,balanced,Test
AST-4055,2024-09-13,12,0,0.605971955659851,1,14,balanced,Test
AST-4061,2024-09-13,11,0,0.36954246389956985,0,14,balanced,Test
AST-5003,2024-09-13,8,0,0.555726231898093,1,14,balanced,Test
AST-5007,2024-09-13,4,0,0.4029740335268827,0,14,balanced,Test
AST-1041,2024-09-14,0,0,0.35441101777652595,0,14,balanced,Test
AST-1042,2024-09-14,0,0,0.34726719281308566,0,14,balanced,Test
AST-2017,2024-09-14,0,0,0.3510439297443552,0,14,balanced,Test
AST-2031,2024-09-14,0,0,0.7441609042808629,1,14,balanced,Test
AST-3008,2024-09-14,0,0,0.29167522916399197,0,14,balanced,Test
AST-3019,2024-09-14,0,0,0.3209835716868393,0,14,balanced,Test
AST-4055,2024-09-14,0,0,0.5470867317395373,1,14,balanced,Test
AST-4061,2024-09-14,0,0,0.3172414833118106,0,14,balanced,Test
AST-5003,2024-09-14,0,0,0.425082272315313,0,14,balanced,Test
AST-5007,2024-09-14,0,0,0.18337695083578862,0,14,balanced,Test
AST-1041,2024-09-15,0,0,0.281656633836502,0,14,balanced,Test
AST-1042,2024-09-15,0,0,0.40793404410233897,0,14,balanced,Test
AST-2017,2024-09-15,0,0,0.2910870211207022,0,14,balanced,Test
AST-2031,2024-09-15,0,0,0.644449174957746,1,14,balanced,Test
AST-3008,2024-09-15,0,0,0.23744982163244774,0,14,balanced,Test
AST-3019,2024-09-15,0,0,0.3086566733953356,0,14,balanced,Test
AST-4055,2024-09-15,0,0,0.4398064838079143,0,14,balanced,Test
AST-4061,2024-09-15,0,0,0.2251171869975346,0,14,balanced,Test
AST-5003,2024-09-15,0,0,0.38723064346724145,0,14,balanced,Test
AST-5007,2024-09-15,0,0,0.25365015396321244,0,14,balanced,Test
AST-1041,2024-09-16,6,0,0.5656319764864557,1,14,balanced,Test
AST-1042,2024-09-16,6,0,0.4525287650580482,0,14,balanced,Test
AST-2017,2024-09-16,4,0,0.4601783549034061,0,14,balanced,Test
AST-2031,2024-09-16,21,1,0.6949305467356356,1,14,balanced,Test
AST-3008,2024-09-16,0,0,0.36262773103167345,0,14,balanced,Test
AST-3019,2024-09-16,4,0,0.408733441153413,0,14,balanced,Test
AST-4055,2024-09-16,1,0,0.6139575858644427,1,14,balanced,Test
AST-4061,2024-09-16,10,0,0.34536827014168137,0,14,balanced,Test
AST-5003,2024-09-16,9,0,0.5259373671980379,1,14,balanced,Test
AST-5007,2024-09-16,0,0,0.3168142629552687,0,14,balanced,Test
AST-1041,2024-09-17,6,0,0.8373782715345299,1,14,balanced,Test
AST-1042,2024-09-17,2,0,0.49041465931428335,0,14,balanced,Test
AST-2017,2024-09-17,0,0,0.4457246603524181,0,14,balanced,Test
AST-2031,2024-09-17,6,0,0.7389813073942121,1,14,balanced,Test
AST-3008,2024-09-17,15,1,0.3432559793629242,0,14,balanced,Test
AST-3019,2024-09-17,4,0,0.38364660121607147,0,14,balanced,Test
AST-4055,2024-09-17,13,0,0.6388310037346904,1,14,balanced,Test
AST-4061,2024-09-17,8,0,0.6754819477544808,1,14,balanced,Test
AST-5003,2024-09-17,5,0,0.6720677794418941,1,14,balanced,Test
AST-5007,2024-09-17,10,0,0.33883535068759885,0,14,balanced,Test
AST-1041,2024-09-18,6,0,0.5104292508416252,1,14,balanced,Test
AST-1042,2024-09-18,10,0,0.5304737641082004,1,14,balanced,Test
AST-2017,2024-09-18,0,0,0.4449796831636909,0,14,balanced,Test
AST-2031,2024-09-18,6,0,0.7552150937825864,1,14,balanced,Test
AST-3008,2024-09-18,7,0,0.3767483273698372,0,14,balanced,Test
AST-3019,2024-09-18,0,0,0.42459448828006396,0,14,balanced,Test
AST-4055,2024-09-18,11,0,0.5992089473729323,1,14,balanced,Test
AST-4061,2024-09-18,2,0,0.3489457874275248,0,14,balanced,Test
AST-5003,2024-09-18,12,0,0.5977523916163525,1,14,balanced,Test
AST-5007,2024-09-18,7,0,0.3153178953264346,0,14,balanced,Test
AST-1041,2024-09-19,5,0,0.6978248180946659,1,14,balanced,Test
AST-1042,2024-09-19,8,0,0.4318352806092789,0,14,balanced,Test
AST-2017,2024-09-19,2,0,0.4251103623123369,0,14,balanced,Test
AST-2031,2024-09-19,13,0,0.7447074326057028,1,14,balanced,Test
AST-3008,2024-09-19,9,0,0.38249857469887044,0,14,balanced,Test
AST-3019,2024-09-19,10,0,0.752504767380457,1,14,balanced,Test
AST-4055,2024-09-19,12,0,0.6367013362403566,1,14,balanced,Test
AST-4061,2024-09-19,7,0,0.3711636241731718,0,14,balanced,Test
AST-5003,2024-09-19,13,0,0.5830018841556853,1,14,balanced,Test
AST-5007,2024-09-19,7,0,0.41088191067118496,0,14,balanced,Test
AST-1041,2024-09-20,17,1,0.5407600975865643,1,14,balanced,Test
AST-1042,2024-09-20,8,0,0.517537277127733,1,14,balanced,Test
AST-2017,2024-09-20,6,0,0.4297998747968026,0,14,balanced,Test
AST-2031,2024-09-20,0,0,0.7591333940486438,1,14,balanced,Test
AST-3008,2024-09-20,1,0,0.3155303894146033,0,14,balanced,Test
AST-3019,2024-09-20,0,0,0.42961901371687156,0,14,balanced,Test
AST-4055,2024-09-20,6,0,0.5996201204547753,1,14,balanced,Test
AST-4061,2024-09-20,18,1,0.38279721578425907,0,14,balanced,Test
AST-5003,2024-09-20,13,0,0.7891219869143291,1,14,balanced,Test
AST-5007,2024-09-20,4,0,0.3378647701500119,0,14,balanced,Test
AST-1041,2024-09-21,0,0,0.3626627764604636,0,14,balanced,Test
AST-1042,2024-09-21,0,0,0.4258856876459735,0,14,balanced,Test
AST-2017,2024-09-21,0,0,0.3264299013003317,0,14,balanced,Test
AST-2031,2024-09-21,0,0,0.7326288983996296,1,14,balanced,Test
AST-3008,2024-09-21,0,0,0.28815498345096824,0,14,balanced,Test
AST-3019,2024-09-21,0,0,0.2505263631906316,0,14,balanced,Test
AST-4055,2024-09-21,0,0,0.5118702742835808,1,14,balanced,Test
AST-4061,2024-09-21,0,0,0.22466009693997407,0,14,balanced,Test
AST-5003,2024-09-21,0,0,0.44849231224088,0,14,balanced,Test
AST-5007,2024-09-21,0,0,0.2566619524813856,0,14,balanced,Test
AST-1041,2024-09-22,0,0,0.35423466053721303,0,14,balanced,Test
AST-1042,2024-09-22,0,0,0.34290215203821733,0,14,balanced,Test
AST-2017,2024-09-22,0,0,0.43259985324322503,0,14,balanced,Test
AST-2031,2024-09-22,0,0,0.7224923846487384,1,14,balanced,Test
AST-3008,2024-09-22,0,0,0.2653463406192506,0,14,balanced,Test
AST-3019,2024-09-22,0,0,0.3258100621094674,0,14,balanced,Test
AST-4055,2024-09-22,0,0,0.530695016911471,1,14,balanced,Test
AST-4061,2024-09-22,0,0,0.24034558376290927,0,14,balanced,Test
AST-5003,2024-09-22,0,0,0.7118071358078826,1,14,balanced,Test
AST-5007,2024-09-22,0,0,0.2468052216970773,0,14,balanced,Test
AST-1041,2024-09-23,5,0,0.5237186660683214,1,14,balanced,Test
AST-1042,2024-09-23,4,0,0.473362831160211,0,14,balanced,Test
AST-2017,2024-09-23,7,0,0.44483242942909074,0,14,balanced,Test
AST-2031,2024-09-23,3,0,0.8204540443079493,1,14,balanced,Test
AST-3008,2024-09-23,5,0,0.46731309011342914,0,14,balanced,Test
AST-3019,2024-09-23,2,0,0.351104361301155,0,14,balanced,Test
AST-4055,2024-09-23,4,0,0.6378069815721926,1,14,balanced,Test
AST-4061,2024-09-23,8,0,0.40092612660366633,0,14,balanced,Test
AST-5003,2024-09-23,4,0,0.566718134929097,1,14,balanced,Test
AST-5007,2024-09-23,4,0,0.43169266686124413,0,14,balanced,Test
AST-1041,2024-09-24,9,0,0.5747000055900757,1,14,balanced,Test
AST-1042,2024-09-24,6,0,0.52151022410855,1,14,balanced,Test
AST-2017,2024-09-24,3,0,0.4566697076662807,0,14,balanced,Test
AST-2031,2024-09-24,2,0,0.7443305363278978,1,14,balanced,Test
AST-3008,2024-09-24,11,0,0.4095162928674255,0,14,balanced,Test
AST-3019,2024-09-24,11,0,0.3238252117501362,0,14,balanced,Test
AST-4055,2024-09-24,6,0,0.6603124383618755,1,14,balanced,Test
AST-4061,2024-09-24,6,0,0.34049194466887855,0,14,balanced,Test
AST-5003,2024-09-24,8,0,0.5941900069036193,1,14,balanced,Test
AST-5007,2024-09-24,10,0,0.3723049748728611,0,14,balanced,Test
AST-1041,2024-09-25,0,0,0.5512544213986348,1,14,balanced,Test
AST-1042,2024-09-25,11,0,0.43251394700067775,0,14,balanced,Test
AST-2017,2024-09-25,6,0,0.5146952227114152,1,14,balanced,Test
AST-2031,2024-09-25,2,0,0.796011977543329,1,14,balanced,Test
AST-3008,2024-09-25,5,0,0.4222096240793346,0,14,balanced,Test
AST-3019,2024-09-25,11,0,0.2932659239648408,0,14,balanced,Test
AST-4055,2024-09-25,11,0,0.6970327736312572,1,14,balanced,Test
AST-4061,2024-09-25,18,1,0.7302950457729657,1,14,balanced,Test
AST-5003,2024-09-25,13,0,0.5965484653491034,1,14,balanced,Test
AST-5007,2024-09-25,13,0,0.3186714048246744,0,14,balanced,Test
AST-1041,2024-09-26,4,0,0.6307327842459014,1,14,balanced,Test
AST-1042,2024-09-26,8,0,0.46644005162016666,0,14,balanced,Test
AST-2017,2024-09-26,12,0,0.4997109491595611,0,14,balanced,Test
AST-2031,2024-09-26,8,0,0.7930968669744679,1,14,balanced,Test
AST-3008,2024-09-26,8,0,0.3752549173475235,0,14,balanced,Test
AST-3019,2024-09-26,4,0,0.4046798856905069,0,14,balanced,Test
AST-4055,2024-09-26,3,0,0.6615116171215636,1,14,balanced,Test
AST-4061,2024-09-26,18,1,0.36508818517182223,0,14,balanced,Test
AST-5003,2024-09-26,12,0,0.5821398772368361,1,14,balanced,Test
AST-5007,2024-09-26,0,0,0.2884745091380995,0,14,balanced,Test
AST-1041,2024-09-27,0,0,0.4816405340982062,0,14,balanced,Test
AST-1042,2024-09-27,5,0,0.4853145089277571,0,14,balanced,Test
AST-2017,2024-09-27,6,0,0.5824797747031937,1,14,balanced,Test
AST-2031,2024-09-27,4,0,0.7644407082155242,1,14,balanced,Test
AST-3008,2024-09-27,6,0,0.37250799125015693,0,14,balanced,Test
AST-3019,2024-09-27,3,0,0.37300773395929,0,14,balanced,Test
AST-4055,2024-09-27,18,1,0.6093414089222978,1,14,balanced,Test
AST-4061,2024-09-27,8,0,0.3545703999085279,0,14,balanced,Test
AST-5003,2024-09-27,8,0,0.5995317392167434,1,14,balanced,Test
AST-5007,2024-09-27,2,0,0.3538054716556072,0,14,balanced,Test
AST-1041,2024-09-28,0,0,0.42423798196310675,0,14,balanced,Test
AST-1042,2024-09-28,0,0,0.360233376902723,0,14,balanced,Test
AST-2017,2024-09-28,0,0,0.32896582660949136,0,14,balanced,Test
AST-2031,2024-09-28,0,0,0.7430594080815534,1,14,balanced,Test
AST-3008,2024-09-28,0,0,0.38635605226137065,0,14,balanced,Test
AST-3019,2024-09-28,0,0,0.23739590656525963,0,14,balanced,Test
AST-4055,2024-09-28,0,0,0.4578895881427829,0,14,balanced,Test
AST-4061,2024-09-28,0,0,0.2122893784481143,0,14,balanced,Test
AST-5003,2024-09-28,0,0,0.3394560015956679,0,14,balanced,Test
AST-5007,2024-09-28,0,0,0.26626637085963745,0,14,balanced,Test
AST-1041,2024-09-29,0,0,0.39377836668495514,0,14,balanced,Test
AST-1042,2024-09-29,0,0,0.47791547061685385,0,14,balanced,Test
AST-2017,2024-09-29,0,0,0.31189225548332977,0,14,balanced,Test
AST-2031,2024-09-29,0,0,0.6916584885577909,1,14,balanced,Test
AST-3008,2024-09-29,0,0,0.23541216267621634,0,14,balanced,Test
AST-3019,2024-09-29,0,0,0.34504999980878137,0,14,balanced,Test
AST-4055,2024-09-29,0,0,0.5255959271435481,1,14,balanced,Test
AST-4061,2024-09-29,0,0,0.2751543257603752,0,14,balanced,Test
AST-5003,2024-09-29,0,0,0.442520006281473,0,14,balanced,Test
AST-5007,2024-09-29,0,0,0.28366007899422846,0,14,balanced,Test
AST-1041,2024-09-30,4,0,0.49798189509916996,0,14,balanced,Test
AST-1042,2024-09-30,9,0,0.5281957738272444,1,14,balanced,Test
AST-2017,2024-09-30,8,0,0.4730448882120615,0,14,balanced,Test
AST-2031,2024-09-30,23,1,0.8010964154341121,1,14,balanced,Test
AST-3008,2024-09-30,4,0,0.3852754430850899,0,14,balanced,Test
AST-3019,2024-09-30,6,0,0.37188939294967266,0,14,balanced,Test
AST-4055,2024-09-30,6,0,0.557919317881255,1,14,balanced,Test
AST-4061,2024-09-30,4,0,0.4173345199157734,0,14,balanced,Test
AST-5003,2024-09-30,14,1,0.8511597756422628,1,14,balanced,Test
AST-5007,2024-09-30,3,0,0.39715563160596473,0,14,balanced,Test
AST-1041,2024-10-01,2,0,0.5448554397725547,1,14,balanced,Test
AST-1042,2024-10-01,11,0,0.47298999540452646,0,14,balanced,Test
AST-2017,2024-10-01,13,0,0.5394582434063151,1,14,balanced,Test
AST-2031,2024-10-01,6,0,0.7628170433313987,1,14,balanced,Test
AST-3008,2024-10-01,14,1,0.6585351962296908,1,14,balanced,Test
AST-3019,2024-10-01,0,0,0.36951363954191113,0,14,balanced,Test
AST-4055,2024-10-01,2,0,0.5595032239654498,1,14,balanced,Test
AST-4061,2024-10-01,8,0,0.42059438825390577,0,14,balanced,Test
AST-5003,2024-10-01,5,0,0.599523862070758,1,14,balanced,Test
AST-5007,2024-10-01,2,0,0.3812475878421763,0,14,balanced,Test
AST-1041,2024-10-02,0,0,0.5215967299178044,1,14,balanced,Test
AST-1042,2024-10-02,10,0,0.5127198695984967,1,14,balanced,Test
AST-2017,2024-10-02,4,0,0.44261804488669265,0,14,balanced,Test
AST-2031,2024-10-02,21,1,0.7652324386501124,1,14,balanced,Test
AST-3008,2024-10-02,8,0,0.34782833988312245,0,14,balanced,Test
AST-3019,2024-10-02,2,0,0.32779632449109536,0,14,balanced,Test
AST-4055,2024-10-02,4,0,0.6819363349670273,1,14,balanced,Test
AST-4061,2024-10-02,12,0,0.35993506528871994,0,14,balanced,Test
AST-5003,2024-10-02,4,0,0.6702835736846698,1,14,balanced,Test
AST-5007,2024-10-02,6,0,0.3302952352314738,0,14,balanced,Test
AST-1041,2024-10-03,8,0,0.5354536029252568,1,14,balanced,Test
AST-1042,2024-10-03,6,0,0.4786811120585928,0,14,balanced,Test
AST-2017,2024-10-03,13,0,0.5122768719311728,1,14,balanced,Test
AST-2031,2024-10-03,10,0,0.8022932271049179,1,14,balanced,Test
AST-3008,2024-10-03,6,0,0.4274876206949832,0,14,balanced,Test
AST-3019,2024-10-03,18,1,0.5476115027403606,1,14,balanced,Test
AST-4055,2024-10-03,10,0,0.6058497807876878,1,14,balanced,Test
AST-4061,2024-10-03,8,0,0.38367856995910776,0,14,balanced,Test
AST-5003,2024-10-03,10,0,0.5366359775103761,1,14,balanced,Test
AST-5007,2024-10-03,1,0,0.37215186911142734,0,14,balanced,Test
AST-1041,2024-10-04,12,0,0.5294335539877328,1,14,balanced,Test
AST-1042,2024-10-04,6,0,0.5748378312710367,1,14,balanced,Test
AST-2017,2024-10-04,16,1,0.552392149441965,1,14,balanced,Test
AST-2031,2024-10-04,5,0,0.7777565231302223,1,14,balanced,Test
AST-3008,2024-10-04,6,0,0.3849484671774981,0,14,balanced,Test
AST-3019,2024-10-04,12,0,0.3839650089857742,0,14,balanced,Test
AST-4055,2024-10-04,14,1,0.6044029361764313,1,14,balanced,Test
AST-4061,2024-10-04,7,0,0.3882671593478014,0,14,balanced,Test
AST-5003,2024-10-04,5,0,0.6404720225101329,1,14,balanced,Test
AST-5007,2024-10-04,0,0,0.3682419146298655,0,14,balanced,Test
AST-1041,2024-10-05,0,0,0.5800997560209974,1,14,balanced,Test
AST-1042,2024-10-05,0,0,0.33407650730637906,0,14,balanced,Test
AST-2017,2024-10-05,0,0,0.33228670463192117,0,14,balanced,Test
AST-2031,2024-10-05,0,0,0.7552812667846808,1,14,balanced,Test
AST-3008,2024-10-05,0,0,0.22718642178190437,0,14,balanced,Test
AST-3019,2024-10-05,0,0,0.24670410057748568,0,14,balanced,Test
AST-4055,2024-10-05,0,0,0.5258350337910079,1,14,balanced,Test
AST-4061,2024-10-05,0,0,0.22589494767856702,0,14,balanced,Test
AST-5003,2024-10-05,0,0,0.5185488064239825,1,14,balanced,Test
AST-5007,2024-10-05,0,0,0.2292822022580864,0,14,balanced,Test
AST-1041,2024-10-06,0,0,0.32093985644182693,0,14,balanced,Test
AST-1042,2024-10-06,0,0,0.35043999627629135,0,14,balanced,Test
AST-2017,2024-10-06,0,0,0.3677236986250174,0,14,balanced,Test
AST-2031,2024-10-06,0,0,0.6320380098847331,1,14,balanced,Test
AST-3008,2024-10-06,0,0,0.30241377488820304,0,14,balanced,Test
AST-3019,2024-10-06,0,0,0.24555785720601223,0,14,balanced,Test
AST-4055,2024-10-06,0,0,0.5075057545239818,1,14,balanced,Test
AST-4061,2024-10-06,0,0,0.24790817048164596,0,14,balanced,Test
AST-5003,2024-10-06,0,0,0.4580771633493003,0,14,balanced,Test
AST-5007,2024-10-06,0,0,0.22551072354658896,0,14,balanced,Test
AST-1041,2024-10-07,8,0,0.5532532246702264,1,14,balanced,Test
AST-1042,2024-10-07,8,0,0.5608985879936089,1,14,balanced,Test
AST-2017,2024-10-07,3,0,0.5540195936682859,1,14,balanced,Test
AST-2031,2024-10-07,6,0,0.7573948022862784,1,14,balanced,Test
AST-3008,2024-10-07,4,0,0.3648310490754657,0,14,balanced,Test
AST-3019,2024-10-07,2,0,0.3349216016664667,0,14,balanced,Test
AST-4055,2024-10-07,16,1,0.6412475083612883,1,14,balanced,Test
AST-4061,2024-10-07,10,0,0.341575570350511,0,14,balanced,Test
AST-5003,2024-10-07,16,1,0.6530091959874256,1,14,balanced,Test
AST-5007,2024-10-07,0,0,0.31650401276393286,0,14,balanced,Test
AST-1041,2024-10-08,8,0,0.4969675286325126,0,14,balanced,Test
AST-1042,2024-10-08,4,0,0.5406945556533206,1,14,balanced,Test
AST-2017,2024-10-08,6,0,0.5177815999502314,1,14,balanced,Test
AST-2031,2024-10-08,8,0,0.7964289634364988,1,14,balanced,Test
AST-3008,2024-10-08,8,0,0.41039005789369937,0,14,balanced,Test
AST-3019,2024-10-08,8,0,0.35632859514305043,0,14,balanced,Test
AST-4055,2024-10-08,11,0,0.6030830125471117,1,14,balanced,Test
AST-4061,2024-10-08,15,1,0.4148118941561006,0,14,balanced,Test
AST-5003,2024-10-08,6,0,0.5758454366564494,1,14,balanced,Test
AST-5007,2024-10-08,1,0,0.2765520836714735,0,14,balanced,Test
AST-1041,2024-10-09,6,0,0.5191791643219357,1,14,balanced,Test
AST-1042,2024-10-09,6,0,0.5095291680117643,1,14,balanced,Test
AST-2017,2024-10-09,12,0,0.4854118584627654,0,14,balanced,Test
AST-2031,2024-10-09,13,0,0.7331670559857494,1,14,balanced,Test
AST-3008,2024-10-09,14,1,0.7377841621775695,1,14,balanced,Test
AST-3019,2024-10-09,6,0,0.3153467900555595,0,14,balanced,Test
AST-4055,2024-10-09,4,0,0.6406770375589095,1,14,balanced,Test
AST-4061,2024-10-09,7,0,0.3628069751472755,0,14,balanced,Test
AST-5003,2024-10-09,6,0,0.6497465381726166,1,14,balanced,Test
AST-5007,2024-10-09,6,0,0.3576828948890807,0,14,balanced,Test
AST-1041,2024-10-10,2,0,0.5464523648504984,1,14,balanced,Test
AST-1042,2024-10-10,6,0,0.4650012727964124,0,14,balanced,Test
AST-2017,2024-10-10,3,0,0.5267717756078008,1,14,balanced,Test
AST-2031,2024-10-10,2,0,0.7599825075709986,1,14,balanced,Test
AST-3008,2024-10-10,1,0,0.4307585382479641,0,14,balanced,Test
AST-3019,2024-10-10,4,0,0.4020032807205521,0,14,balanced,Test
AST-4055,2024-10-10,0,0,0.6878595944013479,1,14,balanced,Test
AST-4061,2024-10-10,8,0,0.44898818921244005,0,14,balanced,Test
AST-5003,2024-10-10,10,0,0.5319978410707927,1,14,balanced,Test
AST-5007,2024-10-10,11,0,0.36811387690957564,0,14,balanced,Test
AST-1041,2024-10-11,6,0,0.4904617097518591,0,14,balanced,Test
AST-1042,2024-10-11,12,0,0.6712918653850714,1,14,balanced,Test
AST-2017,2024-10-11,6,0,0.39840631111717856,0,14,balanced,Test
AST-2031,2024-10-11,2,0,0.7663515096089827,1,14,balanced,Test
AST-3008,2024-10-11,11,0,0.4145888279348717,0,14,balanced,Test
AST-3019,2024-10-11,3,0,0.45700508151020225,0,14,balanced,Test
AST-4055,2024-10-11,13,0,0.6412740001977573,1,14,balanced,Test
AST-4061,2024-10-11,5,0,0.3675502137266941,0,14,balanced,Test
AST-5003,2024-10-11,12,0,0.5838664866277121,1,14,balanced,Test
AST-5007,2024-10-11,6,0,0.2659862690997919,0,14,balanced,Test
AST-1041,2024-10-12,0,0,0.7173410192891077,1,14,balanced,Test
AST-1042,2024-10-12,0,0,0.3951260284145605,0,14,balanced,Test
AST-2017,2024-10-12,0,0,0.3485706155193009,0,14,balanced,Test
AST-2031,2024-10-12,0,0,0.7155422065317327,1,14,balanced,Test
AST-3008,2024-10-12,0,0,0.2867241053848998,0,14,balanced,Test
AST-3019,2024-10-12,0,0,0.2717706469354459,0,14,balanced,Test
AST-4055,2024-10-12,0,0,0.5688773652331252,1,14,balanced,Test
AST-4061,2024-10-12,0,0,0.26829906032888484,0,14,balanced,Test
AST-5003,2024-10-12,0,0,0.3853984744285353,0,14,balanced,Test
AST-5007,2024-10-12,0,0,0.28419467931710213,0,14,balanced,Test
AST-1041,2024-10-13,0,0,0.3180230838330175,0,14,balanced,Test
AST-1042,2024-10-13,0,0,0.3572357248008892,0,14,balanced,Test
AST-2017,2024-10-13,0,0,0.36411231114285425,0,14,balanced,Test
AST-2031,2024-10-13,0,0,0.6931924754006601,1,14,balanced,Test
AST-3008,2024-10-13,0,0,0.26027612100515657,0,14,balanced,Test
AST-3019,2024-10-13,0,0,0.2716101367850985,0,14,balanced,Test
AST-4055,2024-10-13,0,0,0.4472093176282941,0,14,balanced,Test
AST-4061,2024-10-13,0,0,0.310675100137819,0,14,balanced,Test
AST-5003,2024-10-13,0,0,0.45518031732701725,0,14,balanced,Test
AST-5007,2024-10-13,0,0,0.2593967051490153,0,14,balanced,Test
AST-1041,2024-10-14,3,0,0.5863702477461107,1,14,balanced,Test
AST-1042,2024-10-14,0,0,0.544137320033791,1,14,balanced,Test
AST-2017,2024-10-14,7,0,0.3854053800017201,0,14,balanced,Test
AST-2031,2024-10-14,10,0,0.7698574117860799,1,14,balanced,Test
AST-3008,2024-10-14,2,0,0.36804984312543176,0,14,balanced,Test
AST-3019,2024-10-14,2,0,0.4136156624518475,0,14,balanced,Test
AST-4055,2024-10-14,2,0,0.6407344785887642,1,14,balanced,Test
AST-4061,2024-10-14,1,0,0.4348156991112896,0,14,balanced,Test
AST-5003,2024-10-14,18,1,0.5379965624031997,1,14,balanced,Test
AST-5007,2024-10-14,3,0,0.40480246993066915,0,14,balanced,Test
AST-1041,2024-10-15,6,0,0.5811513773474999,1,14,balanced,Test
AST-1042,2024-10-15,0,0,0.5287429525422758,1,14,balanced,Test
AST-2017,2024-10-15,8,0,0.38948403093725487,0,14,balanced,Test
AST-2031,2024-10-15,7,0,0.8060194978910891,1,14,balanced,Test
AST-3008,2024-10-15,9,0,0.34444682677177874,0,14,balanced,Test
AST-3019,2024-10-15,12,0,0.37183425937604814,0,14,balanced,Test
AST-4055,2024-10-15,9,0,0.611558928770998,1,14,balanced,Test
AST-4061,2024-10-15,6,0,0.4315801492978442,0,14,balanced,Test
AST-5003,2024-10-15,14,1,0.5300438663129367,1,14,balanced,Test
AST-5007,2024-10-15,7,0,0.3262295294054771,0,14,balanced,Test
AST-1041,2024-10-16,8,0,0.5301843418823252,1,14,balanced,Test
AST-1042,2024-10-16,6,0,0.5137011276563332,1,14,balanced,Test
AST-2017,2024-10-16,5,0,0.5093331495142207,1,14,balanced,Test
AST-2031,2024-10-16,2,0,0.7475063979048009,1,14,balanced,Test
AST-3008,2024-10-16,10,0,0.40183052799645547,0,14,balanced,Test
AST-3019,2024-10-16,14,1,0.3222451603112704,0,14,balanced,Test
AST-4055,2024-10-16,10,0,0.5764056381190104,1,14,balanced,Test
AST-4061,2024-10-16,4,0,0.37587970444567154,0,14,balanced,Test
AST-5003,2024-10-16,8,0,0.5868365264273298,1,14,balanced,Test
AST-5007,2024-10-16,7,0,0.37372689270371734,0,14,balanced,Test
AST-1041,2024-10-17,10,0,0.539930226022729,1,14,balanced,Test
AST-1042,2024-10-17,0,0,0.5407022450263428,1,14,balanced,Test
AST-2017,2024-10-17,6,0,0.4536765362623311,0,14,balanced,Test
AST-2031,2024-10-17,9,0,0.7917028904419672,1,14,balanced,Test
AST-3008,2024-10-17,8,0,0.4355132390726068,0,14,balanced,Test
AST-3019,2024-10-17,14,1,0.35495454396781007,0,14,balanced,Test
AST-4055,2024-10-17,9,0,0.687118848707636,1,14,balanced,Test
AST-4061,2024-10-17,6,0,0.39385898277900505,0,14,balanced,Test
AST-5003,2024-10-17,4,0,0.5857040480244243,1,14,balanced,Test
AST-5007,2024-10-17,3,0,0.3631294688333109,0,14,balanced,Test
AST-1041,2024-10-18,3,0,0.5833277856855085,1,14,balanced,Test
AST-1042,2024-10-18,6,0,0.5074355333881385,1,14,balanced,Test
AST-2017,2024-10-18,18,1,0.4296191876930738,0,14,balanced,Test
AST-2031,2024-10-18,8,0,0.8098595233098211,1,14,balanced,Test
AST-3008,2024-10-18,3,0,0.38556799071686854,0,14,balanced,Test
AST-3019,2024-10-18,12,0,0.2780875573099772,0,14,balanced,Test
AST-4055,2024-10-18,12,0,0.5605846336797723,1,14,balanced,Test
AST-4061,2024-10-18,2,0,0.39622498990558713,0,14,balanced,Test
AST-5003,2024-10-18,1,0,0.55786467516358,1,14,balanced,Test
AST-5007,2024-10-18,8,0,0.33962433970758715,0,14,balanced,Test
AST-1041,2024-10-19,0,0,0.4129525821524715,0,14,balanced,Test
AST-1042,2024-10-19,0,0,0.38912099640593506,0,14,balanced,Test
AST-2017,2024-10-19,0,0,0.39194359523398914,0,14,balanced,Test
AST-2031,2024-10-19,0,0,0.6812485316247968,1,14,balanced,Test
AST-3008,2024-10-19,0,0,0.31739494905187976,0,14,balanced,Test
AST-3019,2024-10-19,0,0,0.2660749509068023,0,14,balanced,Test
AST-4055,2024-10-19,0,0,0.5349296819794257,1,14,balanced,Test
AST-4061,2024-10-19,0,0,0.2881310740297666,0,14,balanced,Test
AST-5003,2024-10-19,0,0,0.4141266206756399,0,14,balanced,Test
AST-5007,2024-10-19,0,0,0.21602027320938746,0,14,balanced,Test
AST-1041,2024-10-20,0,0,0.3850044265034403,0,14,balanced,Test
AST-1042,2024-10-20,0,0,0.4823901302011134,0,14,balanced,Test
AST-2017,2024-10-20,0,0,0.349826933181455,0,14,balanced,Test
AST-2031,2024-10-20,0,0,0.7629183610620167,1,14,balanced,Test
AST-3008,2024-10-20,0,0,0.27850029471471877,0,14,balanced,Test
AST-3019,2024-10-20,0,0,0.30252506085044606,0,14,balanced,Test
AST-4055,2024-10-20,0,0,0.5470647962204366,1,14,balanced,Test
AST-4061,2024-10-20,0,0,0.6762758883450093,1,14,balanced,Test
AST-5003,2024-10-20,0,0,0.370200864658093,0,14,balanced,Test
AST-5007,2024-10-20,0,0,0.24838256895425903,0,14,balanced,Test
AST-1041,2024-10-21,5,0,0.5548271056470501,1,14,balanced,Test
AST-1042,2024-10-21,7,0,0.49654485231425066,0,14,balanced,Test
AST-2017,2024-10-21,2,0,0.516806691102251,1,14,balanced,Test
AST-2031,2024-10-21,8,0,0.7748893201992088,1,14,balanced,Test
AST-3008,2024-10-21,5,0,0.4224301661783381,0,14,balanced,Test
AST-3019,2024-10-21,0,0,0.43832949726722253,0,14,balanced,Test
AST-4055,2024-10-21,14,1,0.6096430214926027,1,14,balanced,Test
AST-4061,2024-10-21,8,0,0.34701492643153514,0,14,balanced,Test
AST-5003,2024-10-21,8,0,0.5239400842905702,1,14,balanced,Test
AST-5007,2024-10-21,4,0,0.34491099726825525,0,14,balanced,Test
AST-1041,2024-10-22,0,0,0.5543338477464036,1,14,balanced,Test
AST-1042,2024-10-22,4,0,0.51963856967416,1,14,balanced,Test
AST-2017,2024-10-22,7,0,0.465407644414463,0,14,balanced,Test
AST-2031,2024-10-22,9,0,0.7788937165588243,1,14,balanced,Test
AST-3008,2024-10-22,10,0,0.3704823641326134,0,14,balanced,Test
AST-3019,2024-10-22,6,0,0.42948397671071675,0,14,balanced,Test
AST-4055,2024-10-22,12,0,0.5935310723376003,1,14,balanced,Test
AST-4061,2024-10-22,12,0,0.39421773678127126,0,14,balanced,Test
AST-5003,2024-10-22,6,0,0.5238698654939326,1,14,balanced,Test
AST-5007,2024-10-22,0,0,0.295237338123067,0,14,balanced,Test
AST-1041,2024-10-23,6,0,0.4928911122766943,0,14,balanced,Test
AST-1042,2024-10-23,4,0,0.49503391364206606,0,14,balanced,Test
AST-2017,2024-10-23,13,0,0.7150809810942037,1,14,balanced,Test
AST-2031,2024-10-23,8,0,0.7824882341239048,1,14,balanced,Test
AST-3008,2024-10-23,12,0,0.39705883559553584,0,14,balanced,Test
AST-3019,2024-10-23,4,0,0.38230519059445833,0,14,balanced,Test
AST-4055,2024-10-23,11,0,0.6590364777905503,1,14,balanced,Test
AST-4061,2024-10-23,22,1,0.371919238901764,0,14,balanced,Test
AST-5003,2024-10-23,9,0,0.6003398852575317,1,14,balanced,Test
AST-5007,2024-10-23,1,0,0.3278734857929183,0,14,balanced,Test
AST-1041,2024-10-24,11,0,0.550634242783253,1,14,balanced,Test
AST-1042,2024-10-24,2,0,0.45811305339123753,0,14,balanced,Test
AST-2017,2024-10-24,21,1,0.5389223164151272,1,14,balanced,Test
AST-2031,2024-10-24,2,0,0.7893252362493225,1,14,balanced,Test
AST-3008,2024-10-24,6,0,0.38332955346876346,0,14,balanced,Test
AST-3019,2024-10-24,9,0,0.4404310143144332,0,14,balanced,Test
AST-4055,2024-10-24,2,0,0.5694912460286877,1,14,balanced,Test
AST-4061,2024-10-24,4,0,0.3622703041304621,0,14,balanced,Test
AST-5003,2024-10-24,4,0,0.5687690981231595,1,14,balanced,Test
AST-5007,2024-10-24,1,0,0.27854997645658386,0,14,balanced,Test
AST-1041,2024-10-25,14,1,0.48769102431396566,0,14,balanced,Test
AST-1042,2024-10-25,15,1,0.46745101402793615,0,14,balanced,Test
AST-2017,2024-10-25,11,0,0.45302552074376584,0,14,balanced,Test
AST-2031,2024-10-25,0,0,0.7820148741299298,1,14,balanced,Test
AST-3008,2024-10-25,8,0,0.4536338900569949,0,14,balanced,Test
AST-3019,2024-10-25,9,0,0.3485989370390399,0,14,balanced,Test
AST-4055,2024-10-25,11,0,0.5462199330719407,1,14,balanced,Test
AST-4061,2024-10-25,4,0,0.36808501500978924,0,14,balanced,Test
AST-5003,2024-10-25,5,0,0.5115222773319804,1,14,balanced,Test
AST-5007,2024-10-25,6,0,0.35711564951166325,0,14,balanced,Test
AST-1041,2024-10-26,0,0,0.38269528088439253,0,14,balanced,Test
AST-1042,2024-10-26,0,0,0.40146752161746097,0,14,balanced,Test
AST-2017,2024-10-26,0,0,0.37874428726695647,0,14,balanced,Test
AST-2031,2024-10-26,0,0,0.6577408467503629,1,14,balanced,Test
AST-3008,2024-10-26,0,0,0.2664799760367742,0,14,balanced,Test
AST-3019,2024-10-26,0,0,0.2471164921669559,0,14,balanced,Test
AST-4055,2024-10-26,0,0,0.5669986246555181,1,14,balanced,Test
AST-4061,2024-10-26,0,0,0.24409466288019896,0,14,balanced,Test
AST-5003,2024-10-26,0,0,0.43862681455036745,0,14,balanced,Test
AST-5007,2024-10-26,0,0,0.23976244118459653,0,14,balanced,Test
AST-1041,2024-10-27,0,0,0.41226061069337794,0,14,balanced,Test
AST-1042,2024-10-27,0,0,0.4037333616337799,0,14,balanced,Test
AST-2017,2024-10-27,0,0,0.3931173757721722,0,14,balanced,Test
AST-2031,2024-10-27,0,0,0.7203524649479539,1,14,balanced,Test
AST-3008,2024-10-27,0,0,0.28463450447616706,0,14,balanced,Test
AST-3019,2024-10-27,0,0,0.35187648672791416,0,14,balanced,Test
AST-4055,2024-10-27,0,0,0.5193960368858259,1,14,balanced,Test
AST-4061,2024-10-27,0,0,0.27864933095615013,0,14,balanced,Test
AST-5003,2024-10-27,0,0,0.8220270775180294,1,14,balanced,Test
AST-5007,2024-10-27,0,0,0.2167744012062688,0,14,balanced,Test
AST-1041,2024-10-28,0,0,0.5139995620975712,1,14,balanced,Test
AST-1042,2024-10-28,8,0,0.4875842214372696,0,14,balanced,Test
AST-2017,2024-10-28,7,0,0.40900073720566815,0,14,balanced,Test
AST-2031,2024-10-28,4,0,0.7639419635741991,1,14,balanced,Test
AST-3008,2024-10-28,5,0,0.4030099375896605,0,14,balanced,Test
AST-3019,2024-10-28,9,0,0.42224815407830324,0,14,balanced,Test
AST-4055,2024-10-28,9,0,0.6475172837672298,1,14,balanced,Test
AST-4061,2024-10-28,2,0,0.3794991545761429,0,14,balanced,Test
AST-5003,2024-10-28,14,1,0.6138908809089844,1,14,balanced,Test
AST-5007,2024-10-28,11,0,0.3654159095077574,0,14,balanced,Test
AST-1041,2024-10-29,5,0,0.5726458548280945,1,14,balanced,Test
AST-1042,2024-10-29,5,0,0.5027214811576299,1,14,balanced,Test
AST-2017,2024-10-29,14,1,0.7494659006897567,1,14,balanced,Test
AST-2031,2024-10-29,2,0,0.7752249224051215,1,14,balanced,Test
AST-3008,2024-10-29,8,0,0.38868155701534307,0,14,balanced,Test
AST-3019,2024-10-29,6,0,0.39552374449552163,0,14,balanced,Test
AST-4055,2024-10-29,3,0,0.5704790588073849,1,14,balanced,Test
AST-4061,2024-10-29,4,0,0.2982656669026786,0,14,balanced,Test
AST-5003,2024-10-29,3,0,0.6243857406857335,1,14,balanced,Test
AST-5007,2024-10-29,0,0,0.33135260257669996,0,14,balanced,Test
AST-1041,2024-10-30,4,0,0.48866859572471016,0,14,balanced,Test
AST-1042,2024-10-30,9,0,0.4651799133956131,0,14,balanced,Test
AST-2017,2024-10-30,7,0,0.41056104429039053,0,14,balanced,Test
AST-2031,2024-10-30,12,0,0.7678243818856392,1,14,balanced,Test
AST-3008,2024-10-30,1,0,0.3816568292409838,0,14,balanced,Test
AST-3019,2024-10-30,9,0,0.37768456067336625,0,14,balanced,Test
AST-4055,2024-10-30,8,0,0.6384910832945082,1,14,balanced,Test
AST-4061,2024-10-30,7,0,0.44673510772382685,0,14,balanced,Test
AST-5003,2024-10-30,19,1,0.5408942243586952,1,14,balanced,Test
AST-5007,2024-10-30,10,0,0.3015714881955684,0,14,balanced,Test
AST-1041,2024-10-31,6,0,0.4848970987189093,0,14,balanced,Test
AST-1042,2024-10-31,12,0,0.4731629607062799,0,14,balanced,Test
AST-2017,2024-10-31,6,0,0.47566449352724727,0,14,balanced,Test
AST-2031,2024-10-31,0,0,0.7522169773133599,1,14,balanced,Test
AST-3008,2024-10-31,4,0,0.379687161850218,0,14,balanced,Test
AST-3019,2024-10-31,6,0,0.3469946444700429,0,14,balanced,Test
AST-4055,2024-10-31,6,0,0.6930071216431509,1,14,balanced,Test
AST-4061,2024-10-31,2,0,0.4056143542811291,0,14,balanced,Test
AST-5003,2024-10-31,10,0,0.5313441143637913,1,14,balanced,Test
AST-5007,2024-10-31,4,0,0.35356854490819895,0,14,balanced,Test
AST-1041,2024-11-01,6,0,0.5112740761758434,1,14,balanced,Test
AST-1042,2024-11-01,1,0,0.5395476560829231,1,14,balanced,Test
AST-2017,2024-11-01,7,0,0.4348138522950551,0,14,balanced,Test
AST-2031,2024-11-01,8,0,0.7773157496106,1,14,balanced,Test
AST-3008,2024-11-01,8,0,0.41202211069276484,0,14,balanced,Test
AST-3019,2024-11-01,5,0,0.3335377946252301,0,14,balanced,Test
AST-4055,2024-11-01,7,0,0.5885529535271115,1,14,balanced,Test
AST-4061,2024-11-01,10,0,0.2924757067948645,0,14,balanced,Test
AST-5003,2024-11-01,3,0,0.5951282403988333,1,14,balanced,Test
AST-5007,2024-11-01,5,0,0.33759102933705293,0,14,balanced,Test
AST-1041,2024-11-02,0,0,0.3948501234801439,0,14,balanced,Test
AST-1042,2024-11-02,0,0,0.4939542126867929,0,14,balanced,Test
AST-2017,2024-11-02,0,0,0.3460171594073843,0,14,balanced,Test
AST-2031,2024-11-02,0,0,0.6534993865493935,1,14,balanced,Test
AST-3008,2024-11-02,0,0,0.19938266696030368,0,14,balanced,Test
AST-3019,2024-11-02,0,0,0.2756767676954649,0,14,balanced,Test
AST-4055,2024-11-02,0,0,0.5244860801497313,1,14,balanced,Test
AST-4061,2024-11-02,0,0,0.37760224940909254,0,14,balanced,Test
AST-5003,2024-11-02,0,0,0.39659872623653947,0,14,balanced,Test
AST-5007,2024-11-02,0,0,0.2631986426674714,0,14,balanced,Test
AST-1041,2024-11-03,0,0,0.376045194996765,0,14,balanced,Test
AST-1042,2024-11-03,0,0,0.3827961731648957,0,14,balanced,Test
AST-2017,2024-11-03,0,0,0.3454909889427677,0,14,balanced,Test
AST-2031,2024-11-03,0,0,0.7165514604614021,1,14,balanced,Test
AST-3008,2024-11-03,0,0,0.263237508390558,0,14,balanced,Test
AST-3019,2024-11-03,0,0,0.26572055268228606,0,14,balanced,Test
AST-4055,2024-11-03,0,0,0.4341679094044818,0,14,balanced,Test
AST-4061,2024-11-03,0,0,0.2336590672764697,0,14,balanced,Test
AST-5003,2024-11-03,0,0,0.5262087454036065,1,14,balanced,Test
AST-5007,2024-11-03,0,0,0.5189223019473794,1,14,balanced,Test
AST-1041,2024-11-04,1,0,0.5407960632949291,1,14,balanced,Test
AST-1042,2024-11-04,12,0,0.47214865501329756,0,14,balanced,Test
AST-2017,2024-11-04,9,0,0.47483525018124734,0,14,balanced,Test
AST-2031,2024-11-04,4,0,0.8037993452446351,1,14,balanced,Test
AST-3008,2024-11-04,6,0,0.41630631171563176,0,14,balanced,Test
AST-3019,2024-11-04,0,0,0.3333639008722037,0,14,balanced,Test
AST-4055,2024-11-04,6,0,0.6849635373070054,1,14,balanced,Test
AST-4061,2024-11-04,2,0,0.36135476352952645,0,14,balanced,Test
AST-5003,2024-11-04,2,0,0.5006485614901718,1,14,balanced,Test
AST-5007,2024-11-04,10,0,0.4526969612463452,0,14,balanced,Test
AST-1041,2024-11-05,3,0,0.48167918060873594,0,14,balanced,Test
AST-1042,2024-11-05,9,0,0.557894956175733,1,14,balanced,Test
AST-2017,2024-11-05,15,1,0.5633554860602328,1,14,balanced,Test
AST-2031,2024-11-05,11,0,0.7363638130497133,1,14,balanced,Test
AST-3008,2024-11-05,11,0,0.3782102677558784,0,14,balanced,Test
AST-3019,2024-11-05,18,1,0.4445277316379246,0,14,balanced,Test
AST-4055,2024-11-05,12,0,0.5919099369326769,1,14,balanced,Test
AST-4061,2024-11-05,16,1,0.4179434799327672,0,14,balanced,Test
AST-5003,2024-11-05,12,0,0.6138967847137011,1,14,balanced,Test
AST-5007,2024-11-05,4,0,0.32657543410930717,0,14,balanced,Test
AST-1041,2024-11-06,8,0,0.5438044244143582,1,14,balanced,Test
AST-1042,2024-11-06,4,0,0.5487076797608555,1,14,balanced,Test
AST-2017,2024-11-06,12,0,0.4174100898132176,0,14,balanced,Test
AST-2031,2024-11-06,8,0,0.8035892750248391,1,14,balanced,Test
AST-3008,2024-11-06,4,0,0.35528532940120566,0,14,balanced,Test
AST-3019,2024-11-06,2,0,0.34779200244869746,0,14,balanced,Test
AST-4055,2024-11-06,14,1,0.645502787607989,1,14,balanced,Test
AST-4061,2024-11-06,8,0,0.4009341050499242,0,14,balanced,Test
AST-5003,2024-11-06,18,1,0.5576961717886231,1,14,balanced,Test
AST-5007,2024-11-06,6,0,0.3169047567487533,0,14,balanced,Test
AST-1041,2024-11-07,0,0,0.5125670331715314,1,14,balanced,Test
AST-1042,2024-11-07,8,0,0.5320703941005613,1,14,balanced,Test
AST-2017,2024-11-07,16,1,0.4815568328006695,0,14,balanced,Test
AST-2031,2024-11-07,8,0,0.7745776479076961,1,14,balanced,Test
AST-3008,2024-11-07,11,0,0.44299155399379087,0,14,balanced,Test
AST-3019,2024-11-07,9,0,0.3836580472147942,0,14,balanced,Test
AST-4055,2024-11-07,8,0,0.6455271955629811,1,14,balanced,Test
AST-4061,2024-11-07,6,0,0.5746162567245393,1,14,balanced,Test
AST-5003,2024-11-07,10,0,0.5341595522085444,1,14,balanced,Test
AST-5007,2024-11-07,4,0,0.5380597653625503,1,14,balanced,Test
AST-1041,2024-11-08,4,0,0.4948311476120034,0,14,balanced,Test
AST-1042,2024-11-08,5,0,0.4711334676724796,0,14,balanced,Test
AST-2017,2024-11-08,1,0,0.3740621658684885,0,14,balanced,Test
AST-2031,2024-11-08,6,0,0.7339811470970604,1,14,balanced,Test
AST-3008,2024-11-08,8,0,0.3618560623439476,0,14,balanced,Test
AST-3019,2024-11-08,4,0,0.41886602467038553,0,14,balanced,Test
AST-4055,2024-11-08,11,0,0.6308812182079025,1,14,balanced,Test
AST-4061,2024-11-08,0,0,0.32735414950857533,0,14,balanced,Test
AST-5003,2024-11-08,6,0,0.60926646488453,1,14,balanced,Test
AST-5007,2024-11-08,4,0,0.3438711900923546,0,14,balanced,Test
AST-1041,2024-11-09,0,0,0.40293418817610305,0,14,balanced,Test
AST-1042,2024-11-09,0,0,0.3478127918193355,0,14,balanced,Test
AST-2017,2024-11-09,0,0,0.39008753185266043,0,14,balanced,Test
AST-2031,2024-11-09,0,0,0.6908075186323801,1,14,balanced,Test
AST-3008,2024-11-09,0,0,0.48289299533640767,0,14,balanced,Test
AST-3019,2024-11-09,0,0,0.2636367811821252,0,14,balanced,Test
AST-4055,2024-11-09,0,0,0.506935267609192,1,14,balanced,Test
AST-4061,2024-11-09,0,0,0.3350690805832123,0,14,balanced,Test
AST-5003,2024-11-09,0,0,0.38830871520242943,0,14,balanced,Test
AST-5007,2024-11-09,0,0,0.2222896854867348,0,14,balanced,Test
AST-1041,2024-11-10,0,0,0.35541184890618205,0,14,balanced,Test
AST-1042,2024-11-10,0,0,0.4516464251560113,0,14,balanced,Test
AST-2017,2024-11-10,0,0,0.35170643128018686,0,14,balanced,Test
AST-2031,2024-11-10,0,0,0.7229865777128013,1,14,balanced,Test
AST-3008,2024-11-10,0,0,0.4881454545934817,0,14,balanced,Test
AST-3019,2024-11-10,0,0,0.31079249881745014,0,14,balanced,Test
AST-4055,2024-11-10,0,0,0.47513340629248185,0,14,balanced,Test
AST-4061,2024-11-10,0,0,0.32087796848431266,0,14,balanced,Test
AST-5003,2024-11-10,0,0,0.49306889697431294,0,14,balanced,Test
AST-5007,2024-11-10,0,0,0.29345822626237317,0,14,balanced,Test
AST-1041,2024-11-11,10,0,0.5469561054746097,1,14,balanced,Test
AST-1042,2024-11-11,8,0,0.4892458179541592,0,14,balanced,Test
AST-2017,2024-11-11,7,0,0.46868512383928784,0,14,balanced,Test
AST-2031,2024-11-11,4,0,0.7946178890550529,1,14,balanced,Test
AST-3008,2024-11-11,4,0,0.4018333421847385,0,14,balanced,Test
AST-3019,2024-11-11,3,0,0.4483887537745848,0,14,balanced,Test
AST-4055,2024-11-11,8,0,0.6153571415307862,1,14,balanced,Test
AST-4061,2024-11-11,6,0,0.33909561959627693,0,14,balanced,Test
AST-5003,2024-11-11,8,0,0.7086778996617351,1,14,balanced,Test
AST-5007,2024-11-11,7,0,0.25656902654704394,0,14,balanced,Test
AST-1041,2024-11-12,14,1,0.8594680168991364,1,14,balanced,Test
AST-1042,2024-11-12,6,0,0.3901170771828312,0,14,balanced,Test
AST-2017,2024-11-12,7,0,0.42431807284201695,0,14,balanced,Test
AST-2031,2024-11-12,10,0,0.7630269563601546,1,14,balanced,Test
AST-3008,2024-11-12,11,0,0.42163676007898376,0,14,balanced,Test
AST-3019,2024-11-12,7,0,0.3748817192285699,0,14,balanced,Test
AST-4055,2024-11-12,13,0,0.5558071848451724,1,14,balanced,Test
AST-4061,2024-11-12,16,1,0.39518628238624215,0,14,balanced,Test
AST-5003,2024-11-12,9,0,0.5832864741902802,1,14,balanced,Test
AST-5007,2024-11-12,5,0,0.6873317555489425,1,14,balanced,Test
AST-1041,2024-11-13,10,0,0.5445871821976715,1,14,balanced,Test
AST-1042,2024-11-13,7,0,0.5023410237441237,1,14,balanced,Test
AST-2017,2024-11-13,2,0,0.5406991292326798,1,14,balanced,Test
AST-2031,2024-11-13,4,0,0.7986406669780937,1,14,balanced,Test
AST-3008,2024-11-13,10,0,0.35324640028570653,0,14,balanced,Test
AST-3019,2024-11-13,7,0,0.7481770866633312,1,14,balanced,Test
AST-4055,2024-11-13,1,0,0.6218647437978573,1,14,balanced,Test
AST-4061,2024-11-13,13,0,0.3412421924355051,0,14,balanced,Test
AST-5003,2024-11-13,9,0,0.5990148878606848,1,14,balanced,Test
AST-5007,2024-11-13,0,0,0.3622033423583314,0,14,balanced,Test
AST-1041,2024-11-14,5,0,0.6033626435142952,1,14,balanced,Test
AST-1042,2024-11-14,3,0,0.556978258760093,1,14,balanced,Test
AST-2017,2024-11-14,5,0,0.5191988228125093,1,14,balanced,Test
AST-2031,2024-11-14,8,0,0.7777539834901982,1,14,balanced,Test
AST-3008,2024-11-14,3,0,0.32839986167748864,0,14,balanced,Test
AST-3019,2024-11-14,11,0,0.4647511726342,0,14,balanced,Test
AST-4055,2024-11-14,2,0,0.6432361667426065,1,14,balanced,Test
AST-4061,2024-11-14,2,0,0.4002787097663697,0,14,balanced,Test
AST-5003,2024-11-14,9,0,0.6220447317891339,1,14,balanced,Test
AST-5007,2024-11-14,9,0,0.35942554530809206,0,14,balanced,Test
AST-1041,2024-11-15,2,0,0.5414450529323195,1,14,balanced,Test
AST-1042,2024-11-15,5,0,0.5222449378672035,1,14,balanced,Test
AST-2017,2024-11-15,5,0,0.4747513232836546,0,14,balanced,Test
AST-2031,2024-11-15,6,0,0.8053645668659333,1,14,balanced,Test
AST-3008,2024-11-15,11,0,0.44456774140716343,0,14,balanced,Test
AST-3019,2024-11-15,2,0,0.3663170786459987,0,14,balanced,Test
AST-4055,2024-11-15,14,1,0.6566606060817098,1,14,balanced,Test
AST-4061,2024-11-15,8,0,0.3876317150936088,0,14,balanced,Test
AST-5003,2024-11-15,10,0,0.5021414583177369,1,14,balanced,Test
AST-5007,2024-11-15,7,0,0.41058685488470803,0,14,balanced,Test
AST-1041,2024-11-16,0,0,0.44941817415371776,0,14,balanced,Test
AST-1042,2024-11-16,0,0,0.6319021148365914,1,14,balanced,Test
AST-2017,2024-11-16,0,0,0.4380276931622116,0,14,balanced,Test
AST-2031,2024-11-16,0,0,0.759953286098175,1,14,balanced,Test
AST-3008,2024-11-16,0,0,0.2781312807603825,0,14,balanced,Test
AST-3019,2024-11-16,0,0,0.28070836635957863,0,14,balanced,Test
AST-4055,2024-11-16,0,0,0.6179511890781954,1,14,balanced,Test
AST-4061,2024-11-16,0,0,0.29950743027413174,0,14,balanced,Test
AST-5003,2024-11-16,0,0,0.4200225680888517,0,14,balanced,Test
AST-5007,2024-11-16,0,0,0.21549074698738094,0,14,balanced,Test
AST-1041,2024-11-17,0,0,0.31167023480136236,0,14,balanced,Test
AST-1042,2024-11-17,0,0,0.38504277213591415,0,14,balanced,Test
AST-2017,2024-11-17,0,0,0.30940383218311407,0,14,balanced,Test
AST-2031,2024-11-17,0,0,0.6781092625393585,1,14,balanced,Test
AST-3008,2024-11-17,0,0,0.4894984365070383,0,14,balanced,Test
AST-3019,2024-11-17,0,0,0.30160037330517714,0,14,balanced,Test
AST-4055,2024-11-17,0,0,0.5138779060064763,1,14,balanced,Test
AST-4061,2024-11-17,0,0,0.19327292593830425,0,14,balanced,Test
AST-5003,2024-11-17,0,0,0.40532843885176495,0,14,balanced,Test
AST-5007,2024-11-17,0,0,0.24679088363518423,0,14,balanced,Test
AST-1041,2024-11-18,9,0,0.4870676550809024,0,14,balanced,Test
AST-1042,2024-11-18,9,0,0.48280950505243525,0,14,balanced,Test
AST-2017,2024-11-18,8,0,0.44566397392128604,0,14,balanced,Test
AST-2031,2024-11-18,7,0,0.7705990440632329,1,14,balanced,Test
AST-3008,2024-11-18,4,0,0.447093097584666,0,14,balanced,Test
AST-3019,2024-11-18,6,0,0.36869026957114653,0,14,balanced,Test
AST-4055,2024-11-18,21,1,0.6334606721270855,1,14,balanced,Test
AST-4061,2024-11-18,5,0,0.4122048718375876,0,14,balanced,Test
AST-5003,2024-11-18,5,0,0.5233951249104578,1,14,balanced,Test
AST-5007,2024-11-18,7,0,0.2772391988752829,0,14,balanced,Test
AST-1041,2024-11-19,10,0,0.5107876162598607,1,14,balanced,Test
AST-1042,2024-11-19,11,0,0.521768569182478,1,14,balanced,Test
AST-2017,2024-11-19,5,0,0.4379210839995586,0,14,balanced,Test
AST-2031,2024-11-19,10,0,0.7707466195006314,1,14,balanced,Test
AST-3008,2024-11-19,11,0,0.538669020080699,1,14,balanced,Test
AST-3019,2024-11-19,2,0,0.3802778771650847,0,14,balanced,Test
AST-4055,2024-11-19,11,0,0.6702937682705168,1,14,balanced,Test
AST-4061,2024-11-19,4,0,0.43051034905758534,0,14,balanced,Test
AST-5003,2024-11-19,10,0,0.5821681911486856,1,14,balanced,Test
AST-5007,2024-11-19,1,0,0.27610646473571604,0,14,balanced,Test
AST-1041,2024-11-20,12,0,0.4819780253936843,0,14,balanced,Test
AST-1042,2024-11-20,4,0,0.5166220107136216,1,14,balanced,Test
AST-2017,2024-11-20,6,0,0.4062953050557067,0,14,balanced,Test
AST-2031,2024-11-20,8,0,0.7964910073022887,1,14,balanced,Test
AST-3008,2024-11-20,8,0,0.6296207782997478,1,14,balanced,Test
AST-3019,2024-11-20,0,0,0.4085191864505705,0,14,balanced,Test
AST-4055,2024-11-20,3,0,0.6695776271166872,1,14,balanced,Test
AST-4061,2024-11-20,11,0,0.39121787641584127,0,14,balanced,Test
AST-5003,2024-11-20,20,1,0.6288156747605459,1,14,balanced,Test
AST-5007,2024-11-20,0,0,0.3353137187922448,0,14,balanced,Test
AST-1041,2024-11-21,6,0,0.5770742034578451,1,14,balanced,Test
AST-1042,2024-11-21,6,0,0.4968136310026509,0,14,balanced,Test
AST-2017,2024-11-21,9,0,0.426361398141338,0,14,balanced,Test
AST-2031,2024-11-21,17,1,0.7663846893048082,1,14,balanced,Test
AST-3008,2024-11-21,4,0,0.3087008197837917,0,14,balanced,Test
AST-3019,2024-11-21,6,0,0.3721885244958382,0,14,balanced,Test
AST-4055,2024-11-21,8,0,0.6154691254531978,1,14,balanced,Test
AST-4061,2024-11-21,4,0,0.32091336166856627,0,14,balanced,Test
AST-5003,2024-11-21,12,0,0.5155634467212928,1,14,balanced,Test
AST-5007,2024-11-21,6,0,0.33187086385872755,0,14,balanced,Test
AST-1041,2024-11-22,12,0,0.5137255351940743,1,14,balanced,Test
AST-1042,2024-11-22,6,0,0.5585919576189758,1,14,balanced,Test
AST-2017,2024-11-22,7,0,0.43601547982294825,0,14,balanced,Test
AST-2031,2024-11-22,0,0,0.7807228442907266,1,14,balanced,Test
AST-3008,2024-11-22,2,0,0.40407611208419647,0,14,balanced,Test
AST-3019,2024-11-22,4,0,0.4255254846763738,0,14,balanced,Test
AST-4055,2024-11-22,9,0,0.6191218920853528,1,14,balanced,Test
AST-4061,2024-11-22,6,0,0.44577939987156956,0,14,balanced,Test
AST-5003,2024-11-22,15,1,0.6222394623257781,1,14,balanced,Test
AST-5007,2024-11-22,2,0,0.28886163109492363,0,14,balanced,Test
AST-1041,2024-11-23,0,0,0.4226183981467447,0,14,balanced,Test
AST-1042,2024-11-23,0,0,0.42299589294832624,0,14,balanced,Test
AST-2017,2024-11-23,0,0,0.31096747705165023,0,14,balanced,Test
AST-2031,2024-11-23,0,0,0.6267927132537628,1,14,balanced,Test
AST-3008,2024-11-23,0,0,0.33170808988453926,0,14,balanced,Test
AST-3019,2024-11-23,0,0,0.30121245386151513,0,14,balanced,Test
AST-4055,2024-11-23,0,0,0.5654685347151188,1,14,balanced,Test
AST-4061,2024-11-23,0,0,0.2319012639812575,0,14,balanced,Test
AST-5003,2024-11-23,0,0,0.42805338827782,0,14,balanced,Test
AST-5007,2024-11-23,0,0,0.21422992861036438,0,14,balanced,Test
AST-1041,2024-11-24,0,0,0.4117055733232209,0,14,balanced,Test
AST-1042,2024-11-24,0,0,0.39700594075931284,0,14,balanced,Test
AST-2017,2024-11-24,0,0,0.35344675589157787,0,14,balanced,Test
AST-2031,2024-11-24,0,0,0.7498729939064829,1,14,balanced,Test
AST-3008,2024-11-24,0,0,0.3529569273843225,0,14,balanced,Test
AST-3019,2024-11-24,0,0,0.3479201427258901,0,14,balanced,Test
AST-4055,2024-11-24,0,0,0.42697455619117575,0,14,balanced,Test
AST-4061,2024-11-24,0,0,0.24050609627541422,0,14,balanced,Test
AST-5003,2024-11-24,0,0,0.39693677627340584,0,14,balanced,Test
AST-5007,2024-11-24,0,0,0.2792737886633672,0,14,balanced,Test
AST-1041,2024-11-25,4,0,0.49318980700397624,0,14,balanced,Test
AST-1042,2024-11-25,6,0,0.5242242807068028,1,14,balanced,Test
AST-2017,2024-11-25,5,0,0.5007882312520123,1,14,balanced,Test
AST-2031,2024-11-25,8,0,0.8002446942608141,1,14,balanced,Test
AST-3008,2024-11-25,3,0,0.38371398559225295,0,14,balanced,Test
AST-3019,2024-11-25,8,0,0.4614381279211769,0,14,balanced,Test
AST-4055,2024-11-25,7,0,0.6519391514237529,1,14,balanced,Test
AST-4061,2024-11-25,4,0,0.2950600396135478,0,14,balanced,Test
AST-5003,2024-11-25,9,0,0.5749855598799353,1,14,balanced,Test
AST-5007,2024-11-25,6,0,0.34663887670272175,0,14,balanced,Test
AST-1041,2024-11-26,2,0,0.550867910620091,1,14,balanced,Test
AST-1042,2024-11-26,4,0,0.5080239463443795,1,14,balanced,Test
AST-2017,2024-11-26,4,0,0.4666327152023846,0,14,balanced,Test
AST-2031,2024-11-26,8,0,0.7648573529972453,1,14,balanced,Test
AST-3008,2024-11-26,5,0,0.416429876873444,0,14,balanced,Test
AST-3019,2024-11-26,5,0,0.3888913311227635,0,14,balanced,Test
AST-4055,2024-11-26,15,1,0.5678025554920206,1,14,balanced,Test
AST-4061,2024-11-26,3,0,0.3893834492746062,0,14,balanced,Test
AST-5003,2024-11-26,9,0,0.6388549259404567,1,14,balanced,Test
AST-5007,2024-11-26,10,0,0.34265222438370235,0,14,balanced,Test
AST-1041,2024-11-27,6,0,0.5411141010100444,1,14,balanced,Test
AST-1042,2024-11-27,4,0,0.5444035098389026,1,14,balanced,Test
AST-2017,2024-11-27,11,0,0.5084983870064946,1,14,balanced,Test
AST-2031,2024-11-27,15,1,0.7527130736240406,1,14,balanced,Test
AST-3008,2024-11-27,5,0,0.42734950739157207,0,14,balanced,Test
AST-3019,2024-11-27,6,0,0.417052670765167,0,14,balanced,Test
AST-4055,2024-11-27,2,0,0.6118401923881567,1,14,balanced,Test
AST-4061,2024-11-27,6,0,0.32769997111922944,0,14,balanced,Test
AST-5003,2024-11-27,15,1,0.5110471058758521,1,14,balanced,Test
AST-5007,2024-11-27,10,0,0.307836393678553,0,14,balanced,Test
AST-1041,2024-11-28,11,0,0.626975630038391,1,14,balanced,Test
AST-1042,2024-11-28,8,0,0.5574686999350359,1,14,balanced,Test
AST-2017,2024-11-28,11,0,0.48117682495728487,0,14,balanced,Test
AST-2031,2024-11-28,9,0,0.7700780916453414,1,14,balanced,Test
AST-3008,2024-11-28,4,0,0.3784358889946359,0,14,balanced,Test
AST-3019,2024-11-28,6,0,0.43234413856797754,0,14,balanced,Test
AST-4055,2024-11-28,8,0,0.6419144501827563,1,14,balanced,Test
AST-4061,2024-11-28,6,0,0.3068906900556611,0,14,balanced,Test
AST-5003,2024-11-28,12,0,0.5797559117465656,1,14,balanced,Test
AST-5007,2024-11-28,9,0,0.3348150034972091,0,14,balanced,Test
AST-1041,2024-11-29,8,0,0.4686692934207173,0,14,balanced,Test
AST-1042,2024-11-29,2,0,0.5191326567835927,1,14,balanced,Test
AST-2017,2024-11-29,8,0,0.4815284675095824,0,14,balanced,Test
AST-2031,2024-11-29,10,0,0.7907091883777067,1,14,balanced,Test
AST-3008,2024-11-29,0,0,0.38615581936931165,0,14,balanced,Test
AST-3019,2024-11-29,6,0,0.38010296067891014,0,14,balanced,Test
AST-4055,2024-11-29,13,0,0.628082474928398,1,14,balanced,Test
AST-4061,2024-11-29,6,0,0.41718473918817855,0,14,balanced,Test
AST-5003,2024-11-29,11,0,0.6346889191901132,1,14,balanced,Test
AST-5007,2024-11-29,0,0,0.42215246959160263,0,14,balanced,Test
AST-1041,2024-11-30,0,0,0.33486171202588294,0,14,balanced,Test
AST-1042,2024-11-30,0,0,0.531803041007323,1,14,balanced,Test
AST-2017,2024-11-30,0,0,0.34581783314168046,0,14,balanced,Test
AST-2031,2024-11-30,0,0,0.7293423124939681,1,14,balanced,Test
AST-3008,2024-11-30,0,0,0.23620568864838637,0,14,balanced,Test
AST-3019,2024-11-30,0,0,0.3611302819963179,0,14,balanced,Test
AST-4055,2024-11-30,0,0,0.5247464298977431,1,14,balanced,Test
AST-4061,2024-11-30,0,0,0.22991706354479508,0,14,balanced,Test
AST-5003,2024-11-30,0,0,0.47657888298655654,0,14,balanced,Test
AST-5007,2024-11-30,0,0,0.30771736579116077,0,14,balanced,Test
AST-1041,2024-12-01,0,0,0.3446990996842822,0,14,balanced,Test
AST-1042,2024-12-01,0,0,0.4150063033248421,0,14,balanced,Test
AST-2017,2024-12-01,0,0,0.3871904964977536,0,14,balanced,Test
AST-2031,2024-12-01,0,0,0.7738501114424144,1,14,balanced,Test
AST-3008,2024-12-01,0,0,0.22926912654958653,0,14,balanced,Test
AST-3019,2024-12-01,0,0,0.26413167727261716,0,14,balanced,Test
AST-4055,2024-12-01,0,0,0.5142254457622537,1,14,balanced,Test
AST-4061,2024-12-01,0,0,0.2870529286975973,0,14,balanced,Test
AST-5003,2024-12-01,0,0,0.395736391560095,0,14,balanced,Test
AST-5007,2024-12-01,0,0,0.3004206318119402,0,14,balanced,Test
AST-1041,2024-12-02,7,0,0.5086814913642678,1,14,balanced,Test
AST-1042,2024-12-02,12,0,0.5055533514079636,1,14,balanced,Test
AST-2017,2024-12-02,11,0,0.5029128324587523,1,14,balanced,Test
AST-2031,2024-12-02,2,0,0.7887684402566791,1,14,balanced,Test
AST-3008,2024-12-02,12,0,0.42060399221459344,0,14,balanced,Test
AST-3019,2024-12-02,4,0,0.37252924497725115,0,14,balanced,Test
AST-4055,2024-12-02,7,0,0.6544230881775911,1,14,balanced,Test
AST-4061,2024-12-02,9,0,0.4030271286045426,0,14,balanced,Test
AST-5003,2024-12-02,6,0,0.5969405559762238,1,14,balanced,Test
AST-5007,2024-12-02,5,0,0.39977670456464737,0,14,balanced,Test
AST-1041,2024-12-03,7,0,0.5480918457845528,1,14,balanced,Test
AST-1042,2024-12-03,4,0,0.46387099630626494,0,14,balanced,Test
AST-2017,2024-12-03,10,0,0.4931319911081091,0,14,balanced,Test
AST-2031,2024-12-03,4,0,0.7728954684583443,1,14,balanced,Test
AST-3008,2024-12-03,2,0,0.413987346615555,0,14,balanced,Test
AST-3019,2024-12-03,0,0,0.4064462534074715,0,14,balanced,Test
AST-4055,2024-12-03,13,0,0.5677319971047974,1,14,balanced,Test
AST-4061,2024-12-03,12,0,0.3890914761830392,0,14,balanced,Test
AST-5003,2024-12-03,9,0,0.5899502984084422,1,14,balanced,Test
AST-5007,2024-12-03,3,0,0.3322157825290374,0,14,balanced,Test
AST-1041,2024-12-04,4,0,0.5572409988323146,1,14,balanced,Test
AST-1042,2024-12-04,8,0,0.5741596428265526,1,14,balanced,Test
AST-2017,2024-12-04,17,1,0.5137442052924833,1,14,balanced,Test
AST-2031,2024-12-04,10,0,0.8185662670092675,1,14,balanced,Test
AST-3008,2024-12-04,4,0,0.37621542422326515,0,14,balanced,Test
AST-3019,2024-12-04,6,0,0.39344625190197413,0,14,balanced,Test
AST-4055,2024-12-04,10,0,0.5685379157698851,1,14,balanced,Test
AST-4061,2024-12-04,4,0,0.4032155340830057,0,14,balanced,Test
AST-5003,2024-12-04,8,0,0.5927492885817942,1,14,balanced,Test
AST-5007,2024-12-04,12,0,0.33470703015382836,0,14,balanced,Test
AST-1041,2024-12-05,5,0,0.524937685360158,1,14,balanced,Test
AST-1042,2024-12-05,4,0,0.5196499340040288,1,14,balanced,Test
AST-2017,2024-12-05,5,0,0.48512199881962326,0,14,balanced,Test
AST-2031,2024-12-05,7,0,0.8367198549235636,1,14,balanced,Test
AST-3008,2024-12-05,9,0,0.4264151415855582,0,14,balanced,Test
AST-3019,2024-12-05,18,1,0.4085591562550708,0,14,balanced,Test
AST-4055,2024-12-05,6,0,0.608158443408475,1,14,balanced,Test
AST-4061,2024-12-05,10,0,0.4038523722773431,0,14,balanced,Test
AST-5003,2024-12-05,8,0,0.5904662195343809,1,14,balanced,Test
AST-5007,2024-12-05,9,0,0.3272378279757551,0,14,balanced,Test
AST-1041,2024-12-06,6,0,0.5539867894429032,1,14,balanced,Test
AST-1042,2024-12-06,10,0,0.4537038234619381,0,14,balanced,Test
AST-2017,2024-12-06,15,1,0.5778800785360109,1,14,balanced,Test
AST-2031,2024-12-06,6,0,0.7695299434182203,1,14,balanced,Test
AST-3008,2024-12-06,4,0,0.40628029576417135,0,14,balanced,Test
AST-3019,2024-12-06,2,0,0.3365034906780974,0,14,balanced,Test
AST-4055,2024-12-06,5,0,0.6302271906166362,1,14,balanced,Test
AST-4061,2024-12-06,4,0,0.34613901184059276,0,14,balanced,Test
AST-5003,2024-12-06,9,0,0.510468449260452,1,14,balanced,Test
AST-5007,2024-12-06,0,0,0.3362747055692877,0,14,balanced,Test
AST-1041,2024-12-07,0,0,0.4282647089683273,0,14,balanced,Test
AST-1042,2024-12-07,0,0,0.39078831352455684,0,14,balanced,Test
AST-2017,2024-12-07,0,0,0.3850791384291929,0,14,balanced,Test
AST-2031,2024-12-07,0,0,0.6990050524668425,1,14,balanced,Test
AST-3008,2024-12-07,0,0,0.27379646455848883,0,14,balanced,Test
AST-3019,2024-12-07,0,0,0.3100759425413547,0,14,balanced,Test
AST-4055,2024-12-07,0,0,0.5622905726216976,1,14,balanced,Test
AST-4061,2024-12-07,0,0,0.6354001954814102,1,14,balanced,Test
AST-5003,2024-12-07,0,0,0.4815445935555535,0,14,balanced,Test
AST-5007,2024-12-07,0,0,0.2962949067173586,0,14,balanced,Test
AST-1041,2024-12-08,0,0,0.40516714373089746,0,14,balanced,Test
AST-1042,2024-12-08,0,0,0.4802122266629601,0,14,balanced,Test
AST-2017,2024-12-08,0,0,0.34196032790833747,0,14,balanced,Test
AST-2031,2024-12-08,0,0,0.6969063969929823,1,14,balanced,Test
AST-3008,2024-12-08,0,0,0.24434935710831268,0,14,balanced,Test
AST-3019,2024-12-08,0,0,0.2535591078664868,0,14,balanced,Test
AST-4055,2024-12-08,0,0,0.6763287249191356,1,14,balanced,Test
AST-4061,2024-12-08,0,0,0.3017630127923441,0,14,balanced,Test
AST-5003,2024-12-08,0,0,0.4310036240645046,0,14,balanced,Test
AST-5007,2024-12-08,0,0,0.28064109567107653,0,14,balanced,Test
AST-1041,2024-12-09,4,0,0.5834536191024778,1,14,balanced,Test
AST-1042,2024-12-09,7,0,0.5644893844316494,1,14,balanced,Test
AST-2017,2024-12-09,4,0,0.44929158050607054,0,14,balanced,Test
AST-2031,2024-12-09,3,0,0.7746350779054318,1,14,balanced,Test
AST-3008,2024-12-09,4,0,0.43817641909537575,0,14,balanced,Test
AST-3019,2024-12-09,2,0,0.6648641812205013,1,14,balanced,Test
AST-4055,2024-12-09,3,0,0.6500620883651835,1,14,balanced,Test
AST-4061,2024-12-09,24,1,0.37185051645692085,0,14,balanced,Test
AST-5003,2024-12-09,12,0,0.5798491966917384,1,14,balanced,Test
AST-5007,2024-12-09,12,0,0.3937966664676842,0,14,balanced,Test
AST-1041,2024-12-10,4,0,0.5397372532710586,1,14,balanced,Test
AST-1042,2024-12-10,24,1,0.5835108566968432,1,14,balanced,Test
AST-2017,2024-12-10,18,1,0.4961720140751313,0,14,balanced,Test
AST-2031,2024-12-10,7,0,0.7607733642838981,1,14,balanced,Test
AST-3008,2024-12-10,10,0,0.36118193590875713,0,14,balanced,Test
AST-3019,2024-12-10,3,0,0.6831056137041899,1,14,balanced,Test
AST-4055,2024-12-10,20,1,0.5684067633785304,1,14,balanced,Test
AST-4061,2024-12-10,8,0,0.3638547999747144,0,14,balanced,Test
AST-5003,2024-12-10,6,0,0.4936214842857698,0,14,balanced,Test
AST-5007,2024-12-10,2,0,0.32896723521098714,0,14,balanced,Test
AST-1041,2024-12-11,6,0,0.5031501922243423,1,14,balanced,Test
AST-1042,2024-12-11,0,0,0.49376001587844354,0,14,balanced,Test
AST-2017,2024-12-11,13,0,0.41498470791560405,0,14,balanced,Test
AST-2031,2024-12-11,8,0,0.7688152796677897,1,14,balanced,Test
AST-3008,2024-12-11,9,0,0.37464308574299016,0,14,balanced,Test
AST-3019,2024-12-11,16,1,0.3870754731519138,0,14,balanced,Test
AST-4055,2024-12-11,3,0,0.6356425560866679,1,14,balanced,Test
AST-4061,2024-12-11,3,0,0.4609573570829777,0,14,balanced,Test
AST-5003,2024-12-11,3,0,0.46921365569942397,0,14,balanced,Test
AST-5007,2024-12-11,3,0,0.3579928753844217,0,14,balanced,Test
AST-1041,2024-12-12,12,0,0.5628447409236781,1,14,balanced,Test
AST-1042,2024-12-12,14,1,0.5695170818828633,1,14,balanced,Test
AST-2017,2024-12-12,11,0,0.4635311904599682,0,14,balanced,Test
AST-2031,2024-12-12,4,0,0.7966720833369844,1,14,balanced,Test
AST-3008,2024-12-12,10,0,0.44882431327673433,0,14,balanced,Test
AST-3019,2024-12-12,6,0,0.39700701938179633,0,14,balanced,Test
AST-4055,2024-12-12,10,0,0.5976987486586438,1,14,balanced,Test
AST-4061,2024-12-12,18,1,0.4380635953408269,0,14,balanced,Test
AST-5003,2024-12-12,10,0,0.5200319581052052,1,14,balanced,Test
AST-5007,2024-12-12,2,0,0.3584711278305824,0,14,balanced,Test
AST-1041,2024-12-13,1,0,0.5204148793847244,1,14,balanced,Test
AST-1042,2024-12-13,10,0,0.627423139147884,1,14,balanced,Test
AST-2017,2024-12-13,11,0,0.4445586604251186,0,14,balanced,Test
AST-2031,2024-12-13,4,0,0.7331375433039551,1,14,balanced,Test
AST-3008,2024-12-13,7,0,0.41368298573439366,0,14,balanced,Test
AST-3019,2024-12-13,8,0,0.3721935303758052,0,14,balanced,Test
AST-4055,2024-12-13,12,0,0.621000927444502,1,14,balanced,Test
AST-4061,2024-12-13,4,0,0.3419022773804274,0,14,balanced,Test
AST-5003,2024-12-13,9,0,0.541820366185304,1,14,balanced,Test
AST-5007,2024-12-13,2,0,0.3983891387034766,0,14,balanced,Test
AST-1041,2024-12-14,0,0,0.3473769905781896,0,14,balanced,Test
AST-1042,2024-12-14,0,0,0.3638569101978319,0,14,balanced,Test
AST-2017,2024-12-14,0,0,0.35861607347995245,0,14,balanced,Test
AST-2031,2024-12-14,0,0,0.6707382007346753,1,14,balanced,Test
AST-3008,2024-12-14,0,0,0.27428759587694707,0,14,balanced,Test
AST-3019,2024-12-14,0,0,0.2663984756340529,0,14,balanced,Test
AST-4055,2024-12-14,0,0,0.4900975698695507,0,14,balanced,Test
AST-4061,2024-12-14,0,0,0.3018560943045398,0,14,balanced,Test
AST-5003,2024-12-14,0,0,0.5106599771577132,1,14,balanced,Test
AST-5007,2024-12-14,0,0,0.17289192359577327,0,14,balanced,Test
AST-1041,2024-12-15,0,0,0.4331121378048979,0,14,balanced,Test
AST-1042,2024-12-15,0,0,0.3984137785696518,0,14,balanced,Test
AST-2017,2024-12-15,0,0,0.34642570184374877,0,14,balanced,Test
AST-2031,2024-12-15,0,0,0.7388590989699364,1,14,balanced,Test
AST-3008,2024-12-15,0,0,0.2604100225413513,0,14,balanced,Test
AST-3019,2024-12-15,0,0,0.2728016991324613,0,14,balanced,Test
AST-4055,2024-12-15,0,0,0.4735453575214081,0,14,balanced,Test
AST-4061,2024-12-15,0,0,0.2578698523270261,0,14,balanced,Test
AST-5003,2024-12-15,0,0,0.39937690568611567,0,14,balanced,Test
AST-5007,2024-12-15,0,0,0.26802143281229646,0,14,balanced,Test
AST-1041,2024-12-16,10,0,0.4472669065128152,0,14,balanced,Test
AST-1042,2024-12-16,6,0,0.4778479800887251,0,14,balanced,Test
AST-2017,2024-12-16,6,0,0.4193935569181003,0,14,balanced,Test
AST-2031,2024-12-16,6,0,0.7911629183672028,1,14,balanced,Test
AST-3008,2024-12-16,12,0,0.42461198255965715,0,14,balanced,Test
AST-3019,2024-12-16,11,0,0.36557168852316874,0,14,balanced,Test
AST-4055,2024-12-16,10,0,0.6737822312612968,1,14,balanced,Test
AST-4061,2024-12-16,0,0,0.4243808664146019,0,14,balanced,Test
AST-5003,2024-12-16,1,0,0.6330474176936777,1,14,balanced,Test
AST-5007,2024-12-16,6,0,0.3461805264233483,0,14,balanced,Test
AST-1041,2024-12-17,4,0,0.5407395589714954,1,14,balanced,Test
AST-1042,2024-12-17,4,0,0.5258797101868102,1,14,balanced,Test
AST-2017,2024-12-17,15,1,0.4307033704201406,0,14,balanced,Test
AST-2031,2024-12-17,12,0,0.7886689479101832,1,14,balanced,Test
AST-3008,2024-12-17,4,0,0.4009380352819408,0,14,balanced,Test
AST-3019,2024-12-17,7,0,0.44531513635117387,0,14,balanced,Test
AST-4055,2024-12-17,10,0,0.698217745100296,1,14,balanced,Test
AST-4061,2024-12-17,8,0,0.3944774982420393,0,14,balanced,Test
AST-5003,2024-12-17,0,0,0.607561953363068,1,14,balanced,Test
AST-5007,2024-12-17,4,0,0.3219225024703135,0,14,balanced,Test
AST-1041,2024-12-18,5,0,0.4777251090350972,0,14,balanced,Test
AST-1042,2024-12-18,6,0,0.5399091418457839,1,14,balanced,Test
AST-2017,2024-12-18,16,1,0.5324989596879343,1,14,balanced,Test
AST-2031,2024-12-18,10,0,0.8001775868634449,1,14,balanced,Test
AST-3008,2024-12-18,6,0,0.7445701008278647,1,14,balanced,Test
AST-3019,2024-12-18,8,0,0.41532616631116226,0,14,balanced,Test
AST-4055,2024-12-18,9,0,0.6159575557067878,1,14,balanced,Test
AST-4061,2024-12-18,10,0,0.397978412708085,0,14,balanced,Test
AST-5003,2024-12-18,4,0,0.5047563271823857,1,14,balanced,Test
AST-5007,2024-12-18,2,0,0.33732416780365904,0,14,balanced,Test
AST-1041,2024-12-19,6,0,0.5317752831697794,1,14,balanced,Test
AST-1042,2024-12-19,10,0,0.5546062355933962,1,14,balanced,Test
AST-2017,2024-12-19,3,0,0.5456152495567036,1,14,balanced,Test
AST-2031,2024-12-19,0,0,0.763251687776907,1,14,balanced,Test
AST-3008,2024-12-19,9,0,0.655717940358513,1,14,balanced,Test
AST-3019,2024-12-19,8,0,0.3607024994638004,0,14,balanced,Test
AST-4055,2024-12-19,11,0,0.6586709077443554,1,14,balanced,Test
AST-4061,2024-12-19,7,0,0.4373537983876869,0,14,balanced,Test
AST-5003,2024-12-19,10,0,0.5959456803524775,1,14,balanced,Test
AST-5007,2024-12-19,16,1,0.29162758959428087,0,14,balanced,Test
AST-1041,2024-12-20,4,0,0.5489902978877086,1,14,balanced,Test
AST-1042,2024-12-20,4,0,0.5276450067059837,1,14,balanced,Test
AST-2017,2024-12-20,8,0,0.49165447418839286,0,14,balanced,Test
AST-2031,2024-12-20,14,1,0.6590990600544718,1,14,balanced,Test
AST-3008,2024-12-20,6,0,0.7484429045110761,1,14,balanced,Test
AST-3019,2024-12-20,6,0,0.390938783938398,0,14,balanced,Test
AST-4055,2024-12-20,10,0,0.6160999134561741,1,14,balanced,Test
AST-4061,2024-12-20,6,0,0.42971892450645033,0,14,balanced,Test
AST-5003,2024-12-20,10,0,0.5588560991759547,1,14,balanced,Test
AST-5007,2024-12-20,6,0,0.3889335277238066,0,14,balanced,Test
AST-1041,2024-12-21,0,0,0.34218334566791764,0,14,balanced,Test
AST-1042,2024-12-21,0,0,0.3974763981300691,0,14,balanced,Test
AST-2017,2024-12-21,0,0,0.362970261238796,0,14,balanced,Test
AST-2031,2024-12-21,0,0,0.6515818719812047,1,14,balanced,Test
AST-3008,2024-12-21,0,0,0.273403503512037,0,14,balanced,Test
AST-3019,2024-12-21,0,0,0.2914315581189799,0,14,balanced,Test
AST-4055,2024-12-21,0,0,0.5158394417178692,1,14,balanced,Test
AST-4061,2024-12-21,0,0,0.2650215479600491,0,14,balanced,Test
AST-5003,2024-12-21,0,0,0.4146332705746613,0,14,balanced,Test
AST-5007,2024-12-21,0,0,0.29291578498871224,0,14,balanced,Test
AST-1041,2024-12-22,0,0,0.3439041209152485,0,14,balanced,Test
AST-1042,2024-12-22,0,0,0.4094500046492522,0,14,balanced,Test
AST-2017,2024-12-22,0,0,0.3920529308731899,0,14,balanced,Test
AST-2031,2024-12-22,0,0,0.7323745423341826,1,14,balanced,Test
AST-3008,2024-12-22,0,0,0.278746570136582,0,14,balanced,Test
AST-3019,2024-12-22,0,0,0.2965994792313433,0,14,balanced,Test
AST-4055,2024-12-22,0,0,0.605901183197413,1,14,balanced,Test
AST-4061,2024-12-22,0,0,0.2735032243771009,0,14,balanced,Test
AST-5003,2024-12-22,0,0,0.4445869803486951,0,14,balanced,Test
AST-5007,2024-12-22,0,0,0.24891505102632006,0,14,balanced,Test
AST-1041,2024-12-23,6,0,0.5444269935903129,1,14,balanced,Test
AST-1042,2024-12-23,2,0,0.4760128646446945,0,14,balanced,Test
AST-2017,2024-12-23,17,1,0.757528525583662,1,14,balanced,Test
AST-2031,2024-12-23,3,0,0.758486173556526,1,14,balanced,Test
AST-3008,2024-12-23,4,0,0.39812058787376114,0,14,balanced,Test
AST-3019,2024-12-23,7,0,0.4413176840863897,0,14,balanced,Test
AST-4055,2024-12-23,6,0,0.6218202708319478,1,14,balanced,Test
AST-4061,2024-12-23,12,0,0.37859172151098414,0,14,balanced,Test
AST-5003,2024-12-23,11,0,0.5359627657530044,1,14,balanced,Test
AST-5007,2024-12-23,2,0,0.3629629239771943,0,14,balanced,Test
AST-1041,2024-12-24,18,1,0.6212667965155557,1,14,balanced,Test
AST-1042,2024-12-24,6,0,0.5275480360925382,1,14,balanced,Test
AST-2017,2024-12-24,10,0,0.44064056505871185,0,14,balanced,Test
AST-2031,2024-12-24,2,0,0.8112551807098864,1,14,balanced,Test
AST-3008,2024-12-24,6,0,0.40240934346736135,0,14,balanced,Test
AST-3019,2024-12-24,4,0,0.36505967214321555,0,14,balanced,Test
AST-4055,2024-12-24,14,1,0.6344107275393565,1,14,balanced,Test
AST-4061,2024-12-24,5,0,0.33985993377995843,0,14,balanced,Test
AST-5003,2024-12-24,2,0,0.46365656318894605,0,14,balanced,Test
AST-5007,2024-12-24,12,0,0.41656323145052104,0,14,balanced,Test
AST-1041,2024-12-25,4,0,0.5849440153059745,1,14,balanced,Test
AST-1042,2024-12-25,4,0,0.46866879304495823,0,14,balanced,Test
AST-2017,2024-12-25,12,0,0.45592188262075845,0,14,balanced,Test
AST-2031,2024-12-25,15,1,0.8057854438557511,1,14,balanced,Test
AST-3008,2024-12-25,8,0,0.42123079123574253,0,14,balanced,Test
AST-3019,2024-12-25,12,0,0.3891328033711621,0,14,balanced,Test
AST-4055,2024-12-25,10,0,0.6443573764241373,1,14,balanced,Test
AST-4061,2024-12-25,1,0,0.37967079856092195,0,14,balanced,Test
AST-5003,2024-12-25,11,0,0.5089001931834397,1,14,balanced,Test
AST-5007,2024-12-25,10,0,0.31818612184739875,0,14,balanced,Test
AST-1041,2024-12-26,2,0,0.5296130705157426,1,14,balanced,Test
AST-1042,2024-12-26,4,0,0.5285855512377916,1,14,balanced,Test
AST-2017,2024-12-26,19,1,0.4738080617613391,0,14,balanced,Test
AST-2031,2024-12-26,8,0,0.7752197783512366,1,14,balanced,Test
AST-3008,2024-12-26,2,0,0.3786698792832362,0,14,balanced,Test
AST-3019,2024-12-26,0,0,0.4209596048262266,0,14,balanced,Test
AST-4055,2024-12-26,14,1,0.6938482074824806,1,14,balanced,Test
AST-4061,2024-12-26,6,0,0.44168160546005536,0,14,balanced,Test
AST-5003,2024-12-26,1,0,0.5280982359837094,1,14,balanced,Test
AST-5007,2024-12-26,7,0,0.3434583510875659,0,14,balanced,Test
AST-1041,2024-12-27,7,0,0.5158236655620924,1,14,balanced,Test
AST-1042,2024-12-27,8,0,0.5370037050460519,1,14,balanced,Test
AST-2017,2024-12-27,11,0,0.4214080504847751,0,14,balanced,Test
AST-2031,2024-12-27,8,0,0.7721538615034379,1,14,balanced,Test
AST-3008,2024-12-27,3,0,0.37669861911030494,0,14,balanced,Test
AST-3019,2024-12-27,8,0,0.33051245023560355,0,14,balanced,Test
AST-4055,2024-12-27,12,0,0.6274905793075417,1,14,balanced,Test
AST-4061,2024-12-27,18,1,0.49646102392579317,0,14,balanced,Test
AST-5003,2024-12-27,16,1,0.5581618868921101,1,14,balanced,Test
AST-5007,2024-12-27,1,0,0.31668157009620007,0,14,balanced,Test
AST-1041,2024-12-28,0,0,0.35796496693963836,0,14,balanced,Test
AST-1042,2024-12-28,0,0,0.4104271897502612,0,14,balanced,Test
AST-2017,2024-12-28,0,0,0.32673690571289243,0,14,balanced,Test
AST-2031,2024-12-28,0,0,0.6875324616004033,1,14,balanced,Test
AST-3008,2024-12-28,0,0,0.2743503689340366,0,14,balanced,Test
AST-3019,2024-12-28,0,0,0.33991882735891343,0,14,balanced,Test
AST-4055,2024-12-28,0,0,0.5483834482406567,1,14,balanced,Test
AST-4061,2024-12-28,0,0,0.5510992777289436,1,14,balanced,Test
AST-5003,2024-12-28,0,0,0.457791589946336,0,14,balanced,Test
AST-5007,2024-12-28,0,0,0.3055733178070601,0,14,balanced,Test
AST-1041,2024-12-29,0,0,0.32447697319064217,0,14,balanced,Test
AST-1042,2024-12-29,0,0,0.3668205627989006,0,14,balanced,Test
AST-2017,2024-12-29,0,0,0.34673293943735856,0,14,balanced,Test
AST-2031,2024-12-29,0,0,0.7109426373556031,1,14,balanced,Test
AST-3008,2024-12-29,0,0,0.24472806271698092,0,14,balanced,Test
AST-3019,2024-12-29,0,0,0.2651338295412091,0,14,balanced,Test
AST-4055,2024-12-29,0,0,0.5535992218058576,1,14,balanced,Test
AST-4061,2024-12-29,0,0,0.25869807269949757,0,14,balanced,Test
AST-5003,2024-12-29,0,0,0.42696970275805135,0,14,balanced,Test
AST-5007,2024-12-29,0,0,0.26764692606498536,0,14,balanced,Test
AST-1041,2024-12-30,4,0,0.8027496079051527,1,14,balanced,Test
AST-1042,2024-12-30,2,0,0.5655680104801893,1,14,balanced,Test
AST-2017,2024-12-30,7,0,0.481100757174387,0,14,balanced,Test
AST-2031,2024-12-30,2,0,0.7742270416334511,1,14,balanced,Test
AST-3008,2024-12-30,0,0,0.4551208075450435,0,14,balanced,Test
AST-3019,2024-12-30,0,0,0.4798437603497663,0,14,balanced,Test
AST-4055,2024-12-30,11,0,0.6844414052457848,1,14,balanced,Test
AST-4061,2024-12-30,8,0,0.7187693065937304,1,14,balanced,Test
AST-5003,2024-12-30,10,0,0.604128701911925,1,14,balanced,Test
AST-5007,2024-12-30,6,0,0.334798970672753,0,14,balanced,Test
AST-1041,2024-12-31,1,0,0.49072736015792723,0,14,balanced,Test
AST-1042,2024-12-31,5,0,0.49912293815705605,0,14,balanced,Test
AST-2017,2024-12-31,12,0,0.49602093024723987,0,14,balanced,Test
AST-2031,2024-12-31,11,0,0.7146252014352709,1,14,balanced,Test
AST-3008,2024-12-31,4,0,0.47248816317128706,0,14,balanced,Test
AST-3019,2024-12-31,12,0,0.4195312582568148,0,14,balanced,Test
AST-4055,2024-12-31,10,0,0.6298317679764784,1,14,balanced,Test
AST-4061,2024-12-31,7,0,0.2799180970909436,0,14,balanced,Test
AST-5003,2024-12-31,10,0,0.6358664987137761,1,14,balanced,Test
AST-5007,2024-12-31,3,0,0.38646727822254706,0,14,balanced,Test
AST-1041,2025-01-01,6,0,0.5808270882002448,1,14,balanced,Test
AST-1042,2025-01-01,10,0,0.49542809596273507,0,14,balanced,Test
AST-2017,2025-01-01,6,0,0.48437324543714794,0,14,balanced,Test
AST-2031,2025-01-01,17,1,0.7864128947457529,1,14,balanced,Test
AST-3008,2025-01-01,7,0,0.4775041886372424,0,14,balanced,Test
AST-3019,2025-01-01,8,0,0.37391134368331186,0,14,balanced,Test
AST-4055,2025-01-01,11,0,0.6619658324129155,1,14,balanced,Test
AST-4061,2025-01-01,9,0,0.6583050883148382,1,14,balanced,Test
AST-5003,2025-01-01,6,0,0.6010827106784695,1,14,balanced,Test
AST-5007,2025-01-01,8,0,0.39739120455580274,0,14,balanced,Test
