asset_tag,transaction_date,severity_score,y_true,probability,y_pred,threshold,model_variant,split
AST-1041,2024-07-21,0,0,0.09440545945088182,0,11,default,Test
AST-1042,2024-07-21,0,0,0.12550696721967444,0,11,default,Test
AST-2017,2024-07-21,0,0,0.07770629587754074,0,11,default,Test
AST-2031,2024-07-21,0,0,0.21437130265845175,0,11,default,Test
AST-3008,2024-07-21,0,0,0.06285125974621839,0,11,default,Test
AST-3019,2024-07-21,0,0,0.06395196848019319,0,11,default,Test
AST-4055,2024-07-21,0,0,0.16895018602212383,0,11,default,Test
AST-4061,2024-07-21,0,0,0.06161412687890021,0,11,default,Test
AST-5003,2024-07-21,0,0,0.14917916186561914,0,11,default,Test
AST-5007,2024-07-21,0,0,0.06090440417201223,0,11,default,Test
AST-1041,2024-07-22,10,0,0.23554725139459573,0,11,default,Test
AST-1042,2024-07-22,6,0,0.20193712570083405,0,11,default,Test
AST-2017,2024-07-22,23,1,0.13204468076440312,0,11,default,Test
AST-2031,2024-07-22,10,0,0.30994016782363576,0,11,default,Test
AST-3008,2024-07-22,7,0,0.12335209368313364,0,11,default,Test
AST-3019,2024-07-22,5,0,0.1288242898820079,0,11,default,Test
AST-4055,2024-07-22,11,1,0.27262862013488304,0,11,default,Test
AST-4061,2024-07-22,0,0,0.1064877867730808,0,11,default,Test
AST-5003,2024-07-22,14,1,0.17598111169878727,0,11,default,Test
AST-5007,2024-07-22,7,0,0.07168664291499487,0,11,default,Test
AST-1041,2024-07-23,2,0,0.17744234501624723,0,11,default,Test
AST-1042,2024-07-23,4,0,0.24726650434931613,0,11,default,Test
AST-2017,2024-07-23,12,1,0.25046424645446697,0,11,default,Test
AST-2031,2024-07-23,14,1,0.3456631706371243,0,11,default,Test
AST-3008,2024-07-23,4,0,0.12488209021356442,0,11,default,Test
AST-3019,2024-07-23,7,0,0.1187698511613726,0,11,default,Test
AST-4055,2024-07-23,6,0,0.2607448086184927,0,11,default,Test
AST-4061,2024-07-23,8,0,0.07239124356287599,0,11,default,Test
AST-5003,2024-07-23,8,0,0.19238423113601205,0,11,default,Test
AST-5007,2024-07-23,4,0,0.08324390890053676,0,11,default,Test
AST-1041,2024-07-24,8,0,0.14733135014912815,0,11,default,Test
AST-1042,2024-07-24,11,1,0.1690947475108056,0,11,default,Test
AST-2017,2024-07-24,16,1,0.10211874446626225,0,11,default,Test
AST-2031,2024-07-24,0,0,0.30432575845570015,0,11,default,Test
AST-3008,2024-07-24,8,0,0.11402407688996734,0,11,default,Test
AST-3019,2024-07-24,14,1,0.09538717727089027,0,11,default,Test
AST-4055,2024-07-24,6,0,0.2795245272474514,0,11,default,Test
AST-4061,2024-07-24,1,0,0.12227112294235812,0,11,default,Test
AST-5003,2024-07-24,9,0,0.17703807776304703,0,11,default,Test
AST-5007,2024-07-24,12,1,0.16776276811274063,0,11,default,Test
AST-1041,2024-07-25,9,0,0.16836960435711049,0,11,default,Test
AST-1042,2024-07-25,4,0,0.16712028809244625,0,11,default,Test
AST-2017,2024-07-25,8,0,0.11540623895536994,0,11,default,Test
AST-2031,2024-07-25,4,0,0.34697583411222993,0,11,default,Test
AST-3008,2024-07-25,6,0,0.1419352749797276,0,11,default,Test
AST-3019,2024-07-25,4,0,0.12454413891881244,0,11,default,Test
AST-4055,2024-07-25,7,0,0.25671911809121056,0,11,default,Test
AST-4061,2024-07-25,13,1,0.10076382144435113,0,11,default,Test
AST-5003,2024-07-25,8,0,0.1924587636929643,0,11,default,Test
AST-5007,2024-07-25,4,0,0.08882605540824368,0,11,default,Test
AST-1041,2024-07-26,16,1,0.16825612044686303,0,11,default,Test
AST-1042,2024-07-26,4,0,0.23957575687526989,0,11,default,Test
AST-2017,2024-07-26,20,1,0.12061215577405639,0,11,default,Test
AST-2031,2024-07-26,10,0,0.3911940850966179,0,11,default,Test
AST-3008,2024-07-26,2,0,0.16416575461919602,0,11,default,Test
AST-3019,2024-07-26,0,0,0.09104291167006577,0,11,default,Test
AST-4055,2024-07-26,7,0,0.25252496819333997,0,11,default,Test
AST-4061,2024-07-26,10,0,0.11194215174256092,0,11,default,Test
AST-5003,2024-07-26,10,0,0.20274361198609084,0,11,default,Test
AST-5007,2024-07-26,0,0,0.11261994920039375,0,11,default,Test
AST-1041,2024-07-27,0,0,0.09599637989842379,0,11,default,Test
AST-1042,2024-07-27,0,0,0.11765944039797659,0,11,default,Test
AST-2017,2024-07-27,0,0,0.0657088491419835,0,11,default,Test
AST-2031,2024-07-27,0,0,0.25470130951361875,0,11,default,Test
AST-3008,2024-07-27,0,0,0.06853182233996956,0,11,default,Test
AST-3019,2024-07-27,0,0,0.07286291943156176,0,11,default,Test
AST-4055,2024-07-27,0,0,0.19818165207910687,0,11,default,Test
AST-4061,2024-07-27,0,0,0.05054224107414177,0,11,default,Test
AST-5003,2024-07-27,0,0,0.10865412547806212,0,11,default,Test
AST-5007,2024-07-27,0,0,0.05224997056202106,0,11,default,Test
AST-1041,2024-07-28,0,0,0.10381408429077595,0,11,default,Test
AST-1042,2024-07-28,0,0,0.1047087015264044,0,11,default,Test
AST-2017,2024-07-28,0,0,0.08192774657733055,0,11,default,Test
AST-2031,2024-07-28,0,0,0.218802699135851,0,11,default,Test
AST-3008,2024-07-28,0,0,0.08972913884619003,0,11,default,Test
AST-3019,2024-07-28,0,0,0.06913836628515337,0,11,default,Test
AST-4055,2024-07-28,0,0,0.16401066533437386,0,11,default,Test
AST-4061,2024-07-28,0,0,0.05776368932031858,0,11,default,Test
AST-5003,2024-07-28,0,0,0.1058251035098247,0,11,default,Test
AST-5007,2024-07-28,0,0,0.0915274663157433,0,11,default,Test
AST-1041,2024-07-29,15,1,0.1602470447502417,0,11,default,Test
AST-1042,2024-07-29,8,0,0.1701190840735152,0,11,default,Test
AST-2017,2024-07-29,14,1,0.0911631891924383,0,11,default,Test
AST-2031,2024-07-29,12,1,0.348862993660281,0,11,default,Test
AST-3008,2024-07-29,6,0,0.13727040830627313,0,11,default,Test
AST-3019,2024-07-29,10,0,0.11516107660644048,0,11,default,Test
AST-4055,2024-07-29,16,1,0.20155177157044796,0,11,default,Test
AST-4061,2024-07-29,3,0,0.10037211191896515,0,11,default,Test
AST-5003,2024-07-29,2,0,0.2150354773020717,0,11,default,Test
AST-5007,2024-07-29,1,0,0.08691786926891643,0,11,default,Test
AST-1041,2024-07-30,4,0,0.20829543605264414,0,11,default,Test
AST-1042,2024-07-30,1,0,0.16287650938906448,0,11,default,Test
AST-2017,2024-07-30,14,1,0.10460847240631314,0,11,default,Test
AST-2031,2024-07-30,10,0,0.24117810698052047,0,11,default,Test
AST-3008,2024-07-30,10,0,0.12147299917501177,0,11,default,Test
AST-3019,2024-07-30,8,0,0.10124955467579626,0,11,default,Test
AST-4055,2024-07-30,12,1,0.29001881171821536,0,11,default,Test
AST-4061,2024-07-30,0,0,0.10476620807790203,0,11,default,Test
AST-5003,2024-07-30,14,1,0.2005037979195671,0,11,default,Test
AST-5007,2024-07-30,4,0,0.10698347160121874,0,11,default,Test
AST-1041,2024-07-31,2,0,0.17776548577949838,0,11,default,Test
AST-1042,2024-07-31,1,0,0.1457829724177268,0,11,default,Test
AST-2017,2024-07-31,10,0,0.13824143029293398,0,11,default,Test
AST-2031,2024-07-31,8,0,0.29349617962003843,0,11,default,Test
AST-3008,2024-07-31,4,0,0.10012203606335399,0,11,default,Test
AST-3019,2024-07-31,14,1,0.1147113577224241,0,11,default,Test
AST-4055,2024-07-31,10,0,0.24050657159004823,0,11,default,Test
AST-4061,2024-07-31,1,0,0.10543736825093387,0,11,default,Test
AST-5003,2024-07-31,22,1,0.24432575816716381,0,11,default,Test
AST-5007,2024-07-31,6,0,0.0840486790989745,0,11,default,Test
AST-1041,2024-08-01,7,0,0.19979768207308854,0,11,default,Test
AST-1042,2024-08-01,4,0,0.19767543005794427,0,11,default,Test
AST-2017,2024-08-01,6,0,0.1514656885397835,0,11,default,Test
AST-2031,2024-08-01,5,0,0.295667900842902,0,11,default,Test
AST-3008,2024-08-01,8,0,0.12869497007746514,0,11,default,Test
AST-3019,2024-08-01,1,0,0.10989746069836587,0,11,default,Test
AST-4055,2024-08-01,10,0,0.27631885365089826,0,11,default,Test
AST-4061,2024-08-01,14,1,0.11667497749840963,0,11,default,Test
AST-5003,2024-08-01,10,0,0.14487511828652194,0,11,default,Test
AST-5007,2024-08-01,0,0,0.09967500282176335,0,11,default,Test
AST-1041,2024-08-02,7,0,0.19838468812771595,0,11,default,Test
AST-1042,2024-08-02,8,0,0.18133828219102086,0,11,default,Test
AST-2017,2024-08-02,11,1,0.11115023520428347,0,11,default,Test
AST-2031,2024-08-02,0,0,0.3305677716082313,0,11,default,Test
AST-3008,2024-08-02,4,0,0.14405339377438378,0,11,default,Test
AST-3019,2024-08-02,8,0,0.12975286536991817,0,11,default,Test
AST-4055,2024-08-02,6,0,0.2942774060567283,0,11,default,Test
AST-4061,2024-08-02,10,0,0.1322355711819165,0,11,default,Test
AST-5003,2024-08-02,5,0,0.17125018306323533,0,11,default,Test
AST-5007,2024-08-02,0,0,0.0828691404583339,0,11,default,Test
AST-1041,2024-08-03,0,0,0.12745668769150303,0,11,default,Test
AST-1042,2024-08-03,0,0,0.1517740057678768,0,11,default,Test
AST-2017,2024-08-03,0,0,0.07718780118790311,0,11,default,Test
AST-2031,2024-08-03,0,0,0.23344958123257467,0,11,default,Test
AST-3008,2024-08-03,0,0,0.06164494738222855,0,11,default,Test
AST-3019,2024-08-03,0,0,0.05679439966811118,0,11,default,Test
AST-4055,2024-08-03,0,0,0.16261486126522695,0,11,default,Test
AST-4061,2024-08-03,0,0,0.06483156067647856,0,11,default,Test
AST-5003,2024-08-03,0,0,0.12561300956525845,0,11,default,Test
AST-5007,2024-08-03,0,0,0.16903847578298198,0,11,default,Test
AST-1041,2024-08-04,0,0,0.07289236583526236,0,11,default,Test
AST-1042,2024-08-04,0,0,0.139418722397444,0,11,default,Test
AST-2017,2024-08-04,0,0,0.08779915057026236,0,11,default,Test
AST-2031,2024-08-04,0,0,0.3058868783472633,0,11,default,Test
AST-3008,2024-08-04,0,0,0.06303620100083145,0,11,default,Test
AST-3019,2024-08-04,0,0,0.07640677154901367,0,11,default,Test
AST-4055,2024-08-04,0,0,0.19304453449116962,0,11,default,Test
AST-4061,2024-08-04,0,0,0.058270371524499334,0,11,default,Test
AST-5003,2024-08-04,0,0,0.09356117712488016,0,11,default,Test
AST-5007,2024-08-04,0,0,0.08047320902393,0,11,default,Test
AST-1041,2024-08-05,0,0,0.18648426193117063,0,11,default,Test
AST-1042,2024-08-05,4,0,0.17601150754513054,0,11,default,Test
AST-2017,2024-08-05,6,0,0.1218183912854199,0,11,default,Test
AST-2031,2024-08-05,9,0,0.29354078845594916,0,11,default,Test
AST-3008,2024-08-05,12,1,0.14569033057442313,0,11,default,Test
AST-3019,2024-08-05,9,0,0.10551700267012633,0,11,default,Test
AST-4055,2024-08-05,6,0,0.23807665050563784,0,11,default,Test
AST-4061,2024-08-05,16,1,0.12310657606124333,0,11,default,Test
AST-5003,2024-08-05,3,0,0.15844141960421812,0,11,default,Test
AST-5007,2024-08-05,4,0,0.09619227823427863,0,11,default,Test
AST-1041,2024-08-06,13,1,0.1623485666017378,0,11,default,Test
AST-1042,2024-08-06,0,0,0.18044926806613448,0,11,default,Test
AST-2017,2024-08-06,10,0,0.14159508754421538,0,11,default,Test
AST-2031,2024-08-06,1,0,0.24403370240886685,0,11,default,Test
AST-3008,2024-08-06,1,0,0.09846166390706466,0,11,default,Test
AST-3019,2024-08-06,5,0,0.14476729880057415,0,11,default,Test
AST-4055,2024-08-06,2,0,0.28398148544113,0,11,default,Test
AST-4061,2024-08-06,9,0,0.0905281771921522,0,11,default,Test
AST-5003,2024-08-06,11,1,0.16976526482591361,0,11,default,Test
AST-5007,2024-08-06,14,1,0.092476752404535,0,11,default,Test
AST-1041,2024-08-07,7,0,0.17783244129463116,0,11,default,Test
AST-1042,2024-08-07,0,0,0.20638278391304196,0,11,default,Test
AST-2017,2024-08-07,8,0,0.10908527295493763,0,11,default,Test
AST-2031,2024-08-07,19,1,0.28957412480424277,0,11,default,Test
AST-3008,2024-08-07,1,0,0.12510961100307522,0,11,default,Test
AST-3019,2024-08-07,6,0,0.11430896193938243,0,11,default,Test
AST-4055,2024-08-07,11,1,0.24028675586879583,0,11,default,Test
AST-4061,2024-08-07,10,0,0.10287027765671694,0,11,default,Test
AST-5003,2024-08-07,4,0,0.21450125122622288,0,11,default,Test
AST-5007,2024-08-07,10,0,0.07583490757343989,0,11,default,Test
AST-1041,2024-08-08,8,0,0.17716514319636692,0,11,default,Test
AST-1042,2024-08-08,4,0,0.21207415295275087,0,11,default,Test
AST-2017,2024-08-08,8,0,0.13183653381003554,0,11,default,Test
AST-2031,2024-08-08,2,0,0.3086035335436208,0,11,default,Test
AST-3008,2024-08-08,4,0,0.11761932134313649,0,11,default,Test
AST-3019,2024-08-08,6,0,0.1502304674274395,0,11,default,Test
AST-4055,2024-08-08,8,0,0.29206168579567476,0,11,default,Test
AST-4061,2024-08-08,10,0,0.09421486404806977,0,11,default,Test
AST-5003,2024-08-08,14,1,0.21408388137848175,0,11,default,Test
AST-5007,2024-08-08,9,0,0.07940846384787893,0,11,default,Test
AST-1041,2024-08-09,9,0,0.20983766896175454,0,11,default,Test
AST-1042,2024-08-09,2,0,0.17665396436612596,0,11,default,Test
AST-2017,2024-08-09,5,0,0.13840101950777375,0,11,default,Test
AST-2031,2024-08-09,10,0,0.2738773673485276,0,11,default,Test
AST-3008,2024-08-09,8,0,0.10295100169103416,0,11,default,Test
AST-3019,2024-08-09,3,0,0.12695913117974963,0,11,default,Test
AST-4055,2024-08-09,1,0,0.2965337036195611,0,11,default,Test
AST-4061,2024-08-09,3,0,0.10546707222222934,0,11,default,Test
AST-5003,2024-08-09,5,0,0.21334018884737627,0,11,default,Test
AST-5007,2024-08-09,6,0,0.08811652431580638,0,11,default,Test
AST-1041,2024-08-10,0,0,0.11897523097221673,0,11,default,Test
AST-1042,2024-08-10,0,0,0.13775060344232087,0,11,default,Test
AST-2017,2024-08-10,0,0,0.08061891596210345,0,11,default,Test
AST-2031,2024-08-10,0,0,0.257350469008718,0,11,default,Test
AST-3008,2024-08-10,0,0,0.09642923486915837,0,11,default,Test
AST-3019,2024-08-10,0,0,0.05776726345994868,0,11,default,Test
AST-4055,2024-08-10,0,0,0.18369458792180823,0,11,default,Test
AST-4061,2024-08-10,0,0,0.05984448832437261,0,11,default,Test
AST-5003,2024-08-10,0,0,0.10591095402155049,0,11,default,Test
AST-5007,2024-08-10,0,0,0.06637175665497339,0,11,default,Test
AST-1041,2024-08-11,0,0,0.11433643855933626,0,11,default,Test
AST-1042,2024-08-11,0,0,0.10481531398984155,0,11,default,Test
AST-2017,2024-08-11,0,0,0.09535491392314716,0,11,default,Test
AST-2031,2024-08-11,0,0,0.3740371396990659,0,11,default,Test
AST-3008,2024-08-11,0,0,0.07709525270724,0,11,default,Test
AST-3019,2024-08-11,0,0,0.07349353840664323,0,11,default,Test
AST-4055,2024-08-11,0,0,0.2230006130576491,0,11,default,Test
AST-4061,2024-08-11,0,0,0.0697636177631127,0,11,default,Test
AST-5003,2024-08-11,0,0,0.10303673246172669,0,11,default,Test
AST-5007,2024-08-11,0,0,0.06569428583545862,0,11,default,Test
AST-1041,2024-08-12,4,0,0.37641626649521936,0,11,default,Test
AST-1042,2024-08-12,4,0,0.2102853744984507,0,11,default,Test
AST-2017,2024-08-12,8,0,0.11443774724069923,0,11,default,Test
AST-2031,2024-08-12,11,1,0.33572325242920725,0,11,default,Test
AST-3008,2024-08-12,3,0,0.11167701704124308,0,11,default,Test
AST-3019,2024-08-12,2,0,0.12099720482173451,0,11,default,Test
AST-4055,2024-08-12,5,0,0.24927404152216084,0,11,default,Test
AST-4061,2024-08-12,10,0,0.0991665800210707,0,11,default,Test
AST-5003,2024-08-12,7,0,0.18362680110990376,0,11,default,Test
AST-5007,2024-08-12,6,0,0.08767641052029414,0,11,default,Test
AST-1041,2024-08-13,5,0,0.17276489870164774,0,11,default,Test
AST-1042,2024-08-13,10,0,0.22036274325922678,0,11,default,Test
AST-2017,2024-08-13,1,0,0.14162545422889047,0,11,default,Test
AST-2031,2024-08-13,13,1,0.33742902426556687,0,11,default,Test
AST-3008,2024-08-13,0,0,0.10842764269785671,0,11,default,Test
AST-3019,2024-08-13,7,0,0.1311488780704015,0,11,default,Test
AST-4055,2024-08-13,4,0,0.2729645174766459,0,11,default,Test
AST-4061,2024-08-13,10,0,0.09509587603826777,0,11,default,Test
AST-5003,2024-08-13,7,0,0.2142664121195774,0,11,default,Test
AST-5007,2024-08-13,5,0,0.08211681839656297,0,11,default,Test
AST-1041,2024-08-14,2,0,0.17950225000545897,0,11,default,Test
AST-1042,2024-08-14,2,0,0.1929139731851619,0,11,default,Test
AST-2017,2024-08-14,4,0,0.11987214699263611,0,11,default,Test
AST-2031,2024-08-14,3,0,0.3954941653396698,0,11,default,Test
AST-3008,2024-08-14,11,1,0.1025891814331963,0,11,default,Test
AST-3019,2024-08-14,4,0,0.13453315917494604,0,11,default,Test
AST-4055,2024-08-14,17,1,0.4484835819360647,0,11,default,Test
AST-4061,2024-08-14,4,0,0.10395672827323071,0,11,default,Test
AST-5003,2024-08-14,0,0,0.16593283661080568,0,11,default,Test
AST-5007,2024-08-14,0,0,0.11069462813165476,0,11,default,Test
AST-1041,2024-08-15,4,0,0.16665463367186306,0,11,default,Test
AST-1042,2024-08-15,14,1,0.1669377997460298,0,11,default,Test
AST-2017,2024-08-15,12,1,0.12269464259054494,0,11,default,Test
AST-2031,2024-08-15,11,1,0.319511781468241,0,11,default,Test
AST-3008,2024-08-15,6,0,0.12118094377745622,0,11,default,Test
AST-3019,2024-08-15,0,0,0.09476956621531721,0,11,default,Test
AST-4055,2024-08-15,4,0,0.23542765544801478,0,11,default,Test
AST-4061,2024-08-15,8,0,0.09171847094060025,0,11,default,Test
AST-5003,2024-08-15,10,0,0.1993754422029528,0,11,default,Test
AST-5007,2024-08-15,6,0,0.09605441381580888,0,11,default,Test
AST-1041,2024-08-16,8,0,0.21323820045826938,0,11,default,Test
AST-1042,2024-08-16,8,0,0.18110228231438585,0,11,default,Test
AST-2017,2024-08-16,2,0,0.10096795310295138,0,11,default,Test
AST-2031,2024-08-16,9,0,0.32314907525999337,0,11,default,Test
AST-3008,2024-08-16,9,0,0.13682835317946454,0,11,default,Test
AST-3019,2024-08-16,10,0,0.13336204487725392,0,11,default,Test
AST-4055,2024-08-16,12,1,0.22653605303482074,0,11,default,Test
AST-4061,2024-08-16,2,0,0.10550429250384273,0,11,default,Test
AST-5003,2024-08-16,6,0,0.2371959271019578,0,11,default,Test
AST-5007,2024-08-16,5,0,0.07419796432001032,0,11,default,Test
AST-1041,2024-08-17,0,0,0.10227421941540527,0,11,default,Test
AST-1042,2024-08-17,0,0,0.12018659472077023,0,11,default,Test
AST-2017,2024-08-17,0,0,0.11613016528144939,0,11,default,Test
AST-2031,2024-08-17,0,0,0.24329639511096043,0,11,default,Test
AST-3008,2024-08-17,0,0,0.1024577002488949,0,11,default,Test
AST-3019,2024-08-17,0,0,0.08017685520491896,0,11,default,Test
AST-4055,2024-08-17,0,0,0.18665150728384003,0,11,default,Test
AST-4061,2024-08-17,0,0,0.06998992513740063,0,11,default,Test
AST-5003,2024-08-17,0,0,0.12715681253416228,0,11,default,Test
AST-5007,2024-08-17,0,0,0.05505375892583339,0,11,default,Test
AST-1041,2024-08-18,0,0,0.1294881140550022,0,11,default,Test
AST-1042,2024-08-18,0,0,0.12972342953043384,0,11,default,Test
AST-2017,2024-08-18,0,0,0.08827192815346592,0,11,default,Test
AST-2031,2024-08-18,0,0,0.3287515568606186,0,11,default,Test
AST-3008,2024-08-18,0,0,0.07806927572704973,0,11,default,Test
AST-3019,2024-08-18,0,0,0.06704511435247827,0,11,default,Test
AST-4055,2024-08-18,0,0,0.19650098069752756,0,11,default,Test
AST-4061,2024-08-18,0,0,0.054432020122458964,0,11,default,Test
AST-5003,2024-08-18,0,0,0.1159677723754061,0,11,default,Test
AST-5007,2024-08-18,0,0,0.09599147723987256,0,11,default,Test
AST-1041,2024-08-19,4,0,0.2159159840431716,0,11,default,Test
AST-1042,2024-08-19,2,0,0.1730586880089609,0,11,default,Test
AST-2017,2024-08-19,13,1,0.1012476149933265,0,11,default,Test
AST-2031,2024-08-19,2,0,0.28380239781653943,0,11,default,Test
AST-3008,2024-08-19,8,0,0.12240682192128276,0,11,default,Test
AST-3019,2024-08-19,8,0,0.13212507136892776,0,11,default,Test
AST-4055,2024-08-19,7,0,0.24702782720467018,0,11,default,Test
AST-4061,2024-08-19,12,1,0.11786199595676973,0,11,default,Test
AST-5003,2024-08-19,10,0,0.18492546126012788,0,11,default,Test
AST-5007,2024-08-19,0,0,0.09581397806065894,0,11,default,Test
AST-1041,2024-08-20,4,0,0.1670158640960839,0,11,default,Test
AST-1042,2024-08-20,0,0,0.1875117954416192,0,11,default,Test
AST-2017,2024-08-20,5,0,0.11760441513293049,0,11,default,Test
AST-2031,2024-08-20,11,1,0.36781456692596165,0,11,default,Test
AST-3008,2024-08-20,8,0,0.13692142617776015,0,11,default,Test
AST-3019,2024-08-20,2,0,0.10544108495515024,0,11,default,Test
AST-4055,2024-08-20,9,0,0.24917007331492094,0,11,default,Test
AST-4061,2024-08-20,6,0,0.14053410405347674,0,11,default,Test
AST-5003,2024-08-20,2,0,0.1778779427774849,0,11,default,Test
AST-5007,2024-08-20,5,0,0.0842181612362724,0,11,default,Test
AST-1041,2024-08-21,6,0,0.20850278146423756,0,11,default,Test
AST-1042,2024-08-21,10,0,0.2079317379825349,0,11,default,Test
AST-2017,2024-08-21,1,0,0.10335912317668483,0,11,default,Test
AST-2031,2024-08-21,9,0,0.47028254657416435,0,11,default,Test
AST-3008,2024-08-21,2,0,0.14301344712061187,0,11,default,Test
AST-3019,2024-08-21,2,0,0.11439656510596644,0,11,default,Test
AST-4055,2024-08-21,8,0,0.26824631074261973,0,11,default,Test
AST-4061,2024-08-21,6,0,0.1952811228672065,0,11,default,Test
AST-5003,2024-08-21,10,0,0.1823204014969138,0,11,default,Test
AST-5007,2024-08-21,5,0,0.10780280143837014,0,11,default,Test
AST-1041,2024-08-22,7,0,0.19704671353049025,0,11,default,Test
AST-1042,2024-08-22,13,1,0.17976267041615115,0,11,default,Test
AST-2017,2024-08-22,0,0,0.10133629511212403,0,11,default,Test
AST-2031,2024-08-22,10,0,0.2837265087636794,0,11,default,Test
AST-3008,2024-08-22,6,0,0.14352997702405323,0,11,default,Test
AST-3019,2024-08-22,0,0,0.11398134139611675,0,11,default,Test
AST-4055,2024-08-22,16,1,0.2612094966963566,0,11,default,Test
AST-4061,2024-08-22,11,1,0.11713758153993865,0,11,default,Test
AST-5003,2024-08-22,6,0,0.17188127900598293,0,11,default,Test
AST-5007,2024-08-22,9,0,0.09325354293384633,0,11,default,Test
AST-1041,2024-08-23,8,0,0.18055707949655325,0,11,default,Test
AST-1042,2024-08-23,8,0,0.176228113207021,0,11,default,Test
AST-2017,2024-08-23,8,0,0.12601259977633064,0,11,default,Test
AST-2031,2024-08-23,13,1,0.3673439342462321,0,11,default,Test
AST-3008,2024-08-23,7,0,0.11883634182884024,0,11,default,Test
AST-3019,2024-08-23,7,0,0.1186542628128151,0,11,default,Test
AST-4055,2024-08-23,12,1,0.25019475227579413,0,11,default,Test
AST-4061,2024-08-23,8,0,0.10837750443301246,0,11,default,Test
AST-5003,2024-08-23,18,1,0.1649760833795734,0,11,default,Test
AST-5007,2024-08-23,4,0,0.10763122739523555,0,11,default,Test
AST-1041,2024-08-24,0,0,0.10430972612713266,0,11,default,Test
AST-1042,2024-08-24,0,0,0.12301300715493661,0,11,default,Test
AST-2017,2024-08-24,0,0,0.08312691298672936,0,11,default,Test
AST-2031,2024-08-24,0,0,0.23109715712302406,0,11,default,Test
AST-3008,2024-08-24,0,0,0.08208721549499295,0,11,default,Test
AST-3019,2024-08-24,0,0,0.09326666814439098,0,11,default,Test
AST-4055,2024-08-24,0,0,0.16760635372431862,0,11,default,Test
AST-4061,2024-08-24,0,0,0.0815253715899381,0,11,default,Test
AST-5003,2024-08-24,0,0,0.30644538845639185,0,11,default,Test
AST-5007,2024-08-24,0,0,0.06006673872163871,0,11,default,Test
AST-1041,2024-08-25,0,0,0.109329819634135,0,11,default,Test
AST-1042,2024-08-25,0,0,0.10294775063776125,0,11,default,Test
AST-2017,2024-08-25,0,0,0.0774979717984716,0,11,default,Test
AST-2031,2024-08-25,0,0,0.22456318310458856,0,11,default,Test
AST-3008,2024-08-25,0,0,0.0847782955003599,0,11,default,Test
AST-3019,2024-08-25,0,0,0.09553064725060549,0,11,default,Test
AST-4055,2024-08-25,0,0,0.18157057313538388,0,11,default,Test
AST-4061,2024-08-25,0,0,0.0899788525217816,0,11,default,Test
AST-5003,2024-08-25,0,0,0.12880607547640804,0,11,default,Test
AST-5007,2024-08-25,0,0,0.06030232957086649,0,11,default,Test
AST-1041,2024-08-26,12,1,0.3251376868830541,0,11,default,Test
AST-1042,2024-08-26,4,0,0.18728912278309454,0,11,default,Test
AST-2017,2024-08-26,5,0,0.12210631677911259,0,11,default,Test
AST-2031,2024-08-26,11,1,0.2949005343926189,0,11,default,Test
AST-3008,2024-08-26,7,0,0.09797458800103254,0,11,default,Test
AST-3019,2024-08-26,10,0,0.283759668564391,0,11,default,Test
AST-4055,2024-08-26,18,1,0.2629179465622974,0,11,default,Test
AST-4061,2024-08-26,4,0,0.12464371679470837,0,11,default,Test
AST-5003,2024-08-26,13,1,0.43263931575730386,0,11,default,Test
AST-5007,2024-08-26,8,0,0.09243489610049058,0,11,default,Test
AST-1041,2024-08-27,3,0,0.20030597690600632,0,11,default,Test
AST-1042,2024-08-27,2,0,0.23436345099548622,0,11,default,Test
AST-2017,2024-08-27,11,1,0.14756848899781946,0,11,default,Test
AST-2031,2024-08-27,8,0,0.31796842422850846,0,11,default,Test
AST-3008,2024-08-27,10,0,0.10975214011598443,0,11,default,Test
AST-3019,2024-08-27,6,0,0.09061538665853851,0,11,default,Test
AST-4055,2024-08-27,7,0,0.2619163717592127,0,11,default,Test
AST-4061,2024-08-27,12,1,0.13112136600152452,0,11,default,Test
AST-5003,2024-08-27,7,0,0.13589465568733886,0,11,default,Test
AST-5007,2024-08-27,10,0,0.07575347157783578,0,11,default,Test
AST-1041,2024-08-28,0,0,0.2020980816618703,0,11,default,Test
AST-1042,2024-08-28,6,0,0.25721719674792026,0,11,default,Test
AST-2017,2024-08-28,17,1,0.1454197468605109,0,11,default,Test
AST-2031,2024-08-28,4,0,0.33318362560477977,0,11,default,Test
AST-3008,2024-08-28,3,0,0.09534281862758866,0,11,default,Test
AST-3019,2024-08-28,5,0,0.15098034224057302,0,11,default,Test
AST-4055,2024-08-28,0,0,0.2386337383245989,0,11,default,Test
AST-4061,2024-08-28,8,0,0.09986974117117835,0,11,default,Test
AST-5003,2024-08-28,5,0,0.16931540162612002,0,11,default,Test
AST-5007,2024-08-28,5,0,0.10096999907113573,0,11,default,Test
AST-1041,2024-08-29,10,0,0.20275168264320295,0,11,default,Test
AST-1042,2024-08-29,5,0,0.1904234328140072,0,11,default,Test
AST-2017,2024-08-29,3,0,0.12943982421294184,0,11,default,Test
AST-2031,2024-08-29,3,0,0.3644833414191501,0,11,default,Test
AST-3008,2024-08-29,3,0,0.10311213718696373,0,11,default,Test
AST-3019,2024-08-29,4,0,0.1193851208243436,0,11,default,Test
AST-4055,2024-08-29,7,0,0.3135608886117385,0,11,default,Test
AST-4061,2024-08-29,13,1,0.08852357068026921,0,11,default,Test
AST-5003,2024-08-29,4,0,0.19125185736775258,0,11,default,Test
AST-5007,2024-08-29,12,1,0.2008003119972985,0,11,default,Test
AST-1041,2024-08-30,4,0,0.17773303743149904,0,11,default,Test
AST-1042,2024-08-30,10,0,0.22693379371491218,0,11,default,Test
AST-2017,2024-08-30,13,1,0.09681834481502978,0,11,default,Test
AST-2031,2024-08-30,10,0,0.34590550594994846,0,11,default,Test
AST-3008,2024-08-30,14,1,0.1090387858608148,0,11,default,Test
AST-3019,2024-08-30,0,0,0.13463245879345528,0,11,default,Test
AST-4055,2024-08-30,3,0,0.2137289922258241,0,11,default,Test
AST-4061,2024-08-30,7,0,0.1370836753867093,0,11,default,Test
AST-5003,2024-08-30,8,0,0.18275411490950044,0,11,default,Test
AST-5007,2024-08-30,8,0,0.07709941560014169,0,11,default,Test
AST-1041,2024-08-31,0,0,0.0991416009264248,0,11,default,Test
AST-1042,2024-08-31,0,0,0.09610844737923054,0,11,default,Test
AST-2017,2024-08-31,0,0,0.07251841906389203,0,11,default,Test
AST-2031,2024-08-31,0,0,0.2305449292004742,0,11,default,Test
AST-3008,2024-08-31,0,0,0.09786385479804416,0,11,default,Test
AST-3019,2024-08-31,0,0,0.0737169180719782,0,11,default,Test
AST-4055,2024-08-31,0,0,0.14298777998201584,0,11,default,Test
AST-4061,2024-08-31,0,0,0.06727285435481456,0,11,default,Test
AST-5003,2024-08-31,0,0,0.1177151272020733,0,11,default,Test
AST-5007,2024-08-31,0,0,0.055782056071238414,0,11,default,Test
AST-1041,2024-09-01,0,0,0.1176304736808445,0,11,default,Test
AST-1042,2024-09-01,0,0,0.1432582136924625,0,11,default,Test
AST-2017,2024-09-01,0,0,0.08415498482208557,0,11,default,Test
AST-2031,2024-09-01,0,0,0.26642151787769275,0,11,default,Test
AST-3008,2024-09-01,0,0,0.06329959361808507,0,11,default,Test
AST-3019,2024-09-01,0,0,0.2596300602274223,0,11,default,Test
AST-4055,2024-09-01,0,0,0.19217815712990036,0,11,default,Test
AST-4061,2024-09-01,0,0,0.054526922741180754,0,11,default,Test
AST-5003,2024-09-01,0,0,0.10370402258520424,0,11,default,Test
AST-5007,2024-09-01,0,0,0.08604849231638989,0,11,default,Test
AST-1041,2024-09-02,0,0,0.2300822226411121,0,11,default,Test
AST-1042,2024-09-02,5,0,0.17255436876206914,0,11,default,Test
AST-2017,2024-09-02,0,0,0.1131127619764319,0,11,default,Test
AST-2031,2024-09-02,6,0,0.2739136123802959,0,11,default,Test
AST-3008,2024-09-02,8,0,0.1335424478562932,0,11,default,Test
AST-3019,2024-09-02,1,0,0.1351787452262761,0,11,default,Test
AST-4055,2024-09-02,12,1,0.2896987524547573,0,11,default,Test
AST-4061,2024-09-02,8,0,0.1037535731777817,0,11,default,Test
AST-5003,2024-09-02,14,1,0.1847162473397574,0,11,default,Test
AST-5007,2024-09-02,2,0,0.1196074864725197,0,11,default,Test
AST-1041,2024-09-03,9,0,0.1839275050610343,0,11,default,Test
AST-1042,2024-09-03,0,0,0.2372637124208531,0,11,default,Test
AST-2017,2024-09-03,14,1,0.10328687475142352,0,11,default,Test
AST-2031,2024-09-03,14,1,0.25631318799766,0,11,default,Test
AST-3008,2024-09-03,9,0,0.1260754245931966,0,11,default,Test
AST-3019,2024-09-03,3,0,0.143748022652989,0,11,default,Test
AST-4055,2024-09-03,8,0,0.3093949572542532,0,11,default,Test
AST-4061,2024-09-03,6,0,0.0869283920180818,0,11,default,Test
AST-5003,2024-09-03,6,0,0.2012615109012683,0,11,default,Test
AST-5007,2024-09-03,3,0,0.07691755509008076,0,11,default,Test
AST-1041,2024-09-04,4,0,0.38233029274500496,0,11,default,Test
AST-1042,2024-09-04,10,0,0.14275776466180462,0,11,default,Test
AST-2017,2024-09-04,8,0,0.10133553320343251,0,11,default,Test
AST-2031,2024-09-04,2,0,0.31183442189395116,0,11,default,Test
AST-3008,2024-09-04,10,0,0.12513433110259373,0,11,default,Test
AST-3019,2024-09-04,5,0,0.09912719754002952,0,11,default,Test
AST-4055,2024-09-04,17,1,0.25649458589239243,0,11,default,Test
AST-4061,2024-09-04,0,0,0.1115279701299252,0,11,default,Test
AST-5003,2024-09-04,9,0,0.14351795897068828,0,11,default,Test
AST-5007,2024-09-04,3,0,0.06962296321735643,0,11,default,Test
AST-1041,2024-09-05,11,1,0.20137878244843244,0,11,default,Test
AST-1042,2024-09-05,3,0,0.19797068893116732,0,11,default,Test
AST-2017,2024-09-05,6,0,0.1505316110218667,0,11,default,Test
AST-2031,2024-09-05,2,0,0.29940036559556915,0,11,default,Test
AST-3008,2024-09-05,2,0,0.11554109517660272,0,11,default,Test
AST-3019,2024-09-05,7,0,0.08867414993079967,0,11,default,Test
AST-4055,2024-09-05,2,0,0.29836247174238134,0,11,default,Test
AST-4061,2024-09-05,0,0,0.09988020825856203,0,11,default,Test
AST-5003,2024-09-05,5,0,0.17053586372673774,0,11,default,Test
AST-5007,2024-09-05,5,0,0.08757899492237381,0,11,default,Test
AST-1041,2024-09-06,6,0,0.2130308246653459,0,11,default,Test
AST-1042,2024-09-06,4,0,0.17247421018167744,0,11,default,Test
AST-2017,2024-09-06,18,1,0.1051722069368056,0,11,default,Test
AST-2031,2024-09-06,4,0,0.363345970965061,0,11,default,Test
AST-3008,2024-09-06,6,0,0.10237921007335392,0,11,default,Test
AST-3019,2024-09-06,6,0,0.31717720779886516,0,11,default,Test
AST-4055,2024-09-06,15,1,0.29218081254285205,0,11,default,Test
AST-4061,2024-09-06,7,0,0.11921332365210507,0,11,default,Test
AST-5003,2024-09-06,8,0,0.22159161596994828,0,11,default,Test
AST-5007,2024-09-06,10,0,0.08732044123608887,0,11,default,Test
AST-1041,2024-09-07,0,0,0.1074568843380641,0,11,default,Test
AST-1042,2024-09-07,0,0,0.1289468525766394,0,11,default,Test
AST-2017,2024-09-07,0,0,0.08915132219331676,0,11,default,Test
AST-2031,2024-09-07,0,0,0.23513414830866505,0,11,default,Test
AST-3008,2024-09-07,0,0,0.08682833971627359,0,11,default,Test
AST-3019,2024-09-07,0,0,0.07108294144365107,0,11,default,Test
AST-4055,2024-09-07,0,0,0.19377719785909137,0,11,default,Test
AST-4061,2024-09-07,0,0,0.0555787788271153,0,11,default,Test
AST-5003,2024-09-07,0,0,0.14043162744731494,0,11,default,Test
AST-5007,2024-09-07,0,0,0.0546507784874016,0,11,default,Test
AST-1041,2024-09-08,0,0,0.1094636551793907,0,11,default,Test
AST-1042,2024-09-08,0,0,0.14165120739099135,0,11,default,Test
AST-2017,2024-09-08,0,0,0.08691676603563087,0,11,default,Test
AST-2031,2024-09-08,0,0,0.22739446820740003,0,11,default,Test
AST-3008,2024-09-08,0,0,0.21992521646866808,0,11,default,Test
AST-3019,2024-09-08,0,0,0.06260240491167324,0,11,default,Test
AST-4055,2024-09-08,0,0,0.15254902257894323,0,11,default,Test
AST-4061,2024-09-08,0,0,0.06295648475215466,0,11,default,Test
AST-5003,2024-09-08,0,0,0.16190911602796124,0,11,default,Test
AST-5007,2024-09-08,0,0,0.05186971949596735,0,11,default,Test
AST-1041,2024-09-09,11,1,0.19056421906452378,0,11,default,Test
AST-1042,2024-09-09,8,0,0.193823764853683,0,11,default,Test
AST-2017,2024-09-09,16,1,0.12397761096940364,0,11,default,Test
AST-2031,2024-09-09,2,0,0.27854067360790036,0,11,default,Test
AST-3008,2024-09-09,8,0,0.10912531191247306,0,11,default,Test
AST-3019,2024-09-09,3,0,0.11530718378592317,0,11,default,Test
AST-4055,2024-09-09,2,0,0.2630445814667723,0,11,default,Test
AST-4061,2024-09-09,4,0,0.10636413677367706,0,11,default,Test
AST-5003,2024-09-09,9,0,0.14961004095149522,0,11,default,Test
AST-5007,2024-09-09,3,0,0.0759400197114095,0,11,default,Test
AST-1041,2024-09-10,0,0,0.2047370641429775,0,11,default,Test
AST-1042,2024-09-10,4,0,0.1826598874942785,0,11,default,Test
AST-2017,2024-09-10,6,0,0.12219162035426336,0,11,default,Test
AST-2031,2024-09-10,10,0,0.302348841165701,0,11,default,Test
AST-3008,2024-09-10,8,0,0.11840713976791915,0,11,default,Test
AST-3019,2024-09-10,4,0,0.356207456089828,0,11,default,Test
AST-4055,2024-09-10,1,0,0.2854417155217478,0,11,default,Test
AST-4061,2024-09-10,8,0,0.10332268071820619,0,11,default,Test
AST-5003,2024-09-10,20,1,0.15902289480923942,0,11,default,Test
AST-5007,2024-09-10,5,0,0.09331647416751328,0,11,default,Test
AST-1041,2024-09-11,5,0,0.17034864299166014,0,11,default,Test
AST-1042,2024-09-11,15,1,0.20440116938692154,0,11,default,Test
AST-2017,2024-09-11,5,0,0.14280778743017258,0,11,default,Test
AST-2031,2024-09-11,6,0,0.294906936486039,0,11,default,Test
AST-3008,2024-09-11,11,1,0.12628828887181529,0,11,default,Test
AST-3019,2024-09-11,4,0,0.15312459710172188,0,11,default,Test
AST-4055,2024-09-11,13,1,0.26228403616492774,0,11,default,Test
AST-4061,2024-09-11,0,0,0.09194403071269532,0,11,default,Test
AST-5003,2024-09-11,4,0,0.18649527767201346,0,11,default,Test
AST-5007,2024-09-11,10,0,0.0972367777477876,0,11,default,Test
AST-1041,2024-09-12,12,1,0.20390749589276605,0,11,default,Test
AST-1042,2024-09-12,14,1,0.1833593505208019,0,11,default,Test
AST-2017,2024-09-12,4,0,0.11073468213607715,0,11,default,Test
AST-2031,2024-09-12,13,1,0.2738577870983514,0,11,default,Test
AST-3008,2024-09-12,4,0,0.10125294694309228,0,11,default,Test
AST-3019,2024-09-12,6,0,0.1010268420369589,0,11,default,Test
AST-4055,2024-09-12,10,0,0.26357647460407524,0,11,default,Test
AST-4061,2024-09-12,7,0,0.1194018148286955,0,11,default,Test
AST-5003,2024-09-12,10,0,0.1914324754170636,0,11,default,Test
AST-5007,2024-09-12,12,1,0.08287709265618641,0,11,default,Test
AST-1041,2024-09-13,8,0,0.2023597977636428,0,11,default,Test
AST-1042,2024-09-13,10,0,0.3994788960419462,0,11,default,Test
AST-2017,2024-09-13,10,0,0.10285454363070462,0,11,default,Test
AST-2031,2024-09-13,5,0,0.323473593279138,0,11,default,Test
AST-3008,2024-09-13,3,0,0.12013884563608376,0,11,default,Test
AST-3019,2024-09-13,6,0,0.12300971747994831,0,11,default,Test
AST-4055,2024-09-13,12,1,0.24400670571552968,0,11,default,Test
AST-4061,2024-09-13,11,1,0.10309390793803255,0,11,default,Test
AST-5003,2024-09-13,8,0,0.18137150839064106,0,11,default,Test
AST-5007,2024-09-13,4,0,0.11912113750064016,0,11,default,Test
AST-1041,2024-09-14,0,0,0.1064218623911222,0,11,default,Test
AST-1042,2024-09-14,0,0,0.1150416995712692,0,11,default,Test
AST-2017,2024-09-14,0,0,0.08625162218758806,0,11,default,Test
AST-2031,2024-09-14,0,0,0.2816178372619762,0,11,default,Test
AST-3008,2024-09-14,0,0,0.07900014820458193,0,11,default,Test
AST-3019,2024-09-14,0,0,0.09225663908413642,0,11,default,Test
AST-4055,2024-09-14,0,0,0.21295420791500094,0,11,default,Test
AST-4061,2024-09-14,0,0,0.08302525676697022,0,11,default,Test
AST-5003,2024-09-14,0,0,0.1183460255796043,0,11,default,Test
AST-5007,2024-09-14,0,0,0.04489910757019618,0,11,default,Test
AST-1041,2024-09-15,0,0,0.07772717424855845,0,11,default,Test
AST-1042,2024-09-15,0,0,0.14077002716083795,0,11,default,Test
AST-2017,2024-09-15,0,0,0.06626720177415309,0,11,default,Test
AST-2031,2024-09-15,0,0,0.20729874893932662,0,11,default,Test
AST-3008,2024-09-15,0,0,0.06516521022511113,0,11,default,Test
AST-3019,2024-09-15,0,0,0.08930193045258311,0,11,default,Test
AST-4055,2024-09-15,0,0,0.14980651364502812,0,11,default,Test
AST-4061,2024-09-15,0,0,0.05534822125074213,0,11,default,Test
AST-5003,2024-09-15,0,0,0.1068013167569579,0,11,default,Test
AST-5007,2024-09-15,0,0,0.06526449779151075,0,11,default,Test
AST-1041,2024-09-16,6,0,0.22345934595729097,0,11,default,Test
AST-1042,2024-09-16,6,0,0.16307121948075412,0,11,default,Test
AST-2017,2024-09-16,4,0,0.12174030476728104,0,11,default,Test
AST-2031,2024-09-16,21,1,0.23678166728930708,0,11,default,Test
AST-3008,2024-09-16,0,0,0.11562903296699545,0,11,default,Test
AST-3019,2024-09-16,4,0,0.13313922571985792,0,11,default,Test
AST-4055,2024-09-16,1,0,0.25982696340363504,0,11,default,Test
AST-4061,2024-09-16,10,0,0.09542783708706985,0,11,default,Test
AST-5003,2024-09-16,9,0,0.17454984253435815,0,11,default,Test
AST-5007,2024-09-16,0,0,0.09161269807471517,0,11,default,Test
AST-1041,2024-09-17,6,0,0.45510030540510465,0,11,default,Test
AST-1042,2024-09-17,2,0,0.18110918277243632,0,11,default,Test
AST-2017,2024-09-17,0,0,0.11573039541859008,0,11,default,Test
AST-2031,2024-09-17,6,0,0.27970380609253104,0,11,default,Test
AST-3008,2024-09-17,15,1,0.10119076658776116,0,11,default,Test
AST-3019,2024-09-17,4,0,0.11574071010646486,0,11,default,Test
AST-4055,2024-09-17,13,1,0.27758636275174087,0,11,default,Test
AST-4061,2024-09-17,8,0,0.2328188461388735,0,11,default,Test
AST-5003,2024-09-17,5,0,0.24982070105132564,0,11,default,Test
AST-5007,2024-09-17,10,0,0.0927412458546947,0,11,default,Test
AST-1041,2024-09-18,6,0,0.18269254677831262,0,11,default,Test
AST-1042,2024-09-18,10,0,0.21012968713891733,0,11,default,Test
AST-2017,2024-09-18,0,0,0.11603249054749298,0,11,default,Test
AST-2031,2024-09-18,6,0,0.2926183469916863,0,11,default,Test
AST-3008,2024-09-18,7,0,0.11671738280998668,0,11,default,Test
AST-3019,2024-09-18,0,0,0.13231302389675073,0,11,default,Test
AST-4055,2024-09-18,11,1,0.25101445886521073,0,11,default,Test
AST-4061,2024-09-18,2,0,0.09497068222826338,0,11,default,Test
AST-5003,2024-09-18,12,1,0.21633408129670068,0,11,default,Test
AST-5007,2024-09-18,7,0,0.08287097381062569,0,11,default,Test
AST-1041,2024-09-19,5,0,0.28783420861673165,0,11,default,Test
AST-1042,2024-09-19,8,0,0.1502300849116811,0,11,default,Test
AST-2017,2024-09-19,2,0,0.10817892523200863,0,11,default,Test
AST-2031,2024-09-19,13,1,0.28348747911241634,0,11,default,Test
AST-3008,2024-09-19,9,0,0.11851484681513814,0,11,default,Test
AST-3019,2024-09-19,10,0,0.31369636577831866,0,11,default,Test
AST-4055,2024-09-19,12,1,0.28044183595629063,0,11,default,Test
AST-4061,2024-09-19,7,0,0.10226720420724776,0,11,default,Test
AST-5003,2024-09-19,13,1,0.20203498272203704,0,11,default,Test
AST-5007,2024-09-19,7,0,0.1210427298497293,0,11,default,Test
AST-1041,2024-09-20,17,1,0.20213141132183066,0,11,default,Test
AST-1042,2024-09-20,8,0,0.19773035851398107,0,11,default,Test
AST-2017,2024-09-20,6,0,0.11029710608511886,0,11,default,Test
AST-2031,2024-09-20,0,0,0.29350241808202054,0,11,default,Test
AST-3008,2024-09-20,1,0,0.09103455836306101,0,11,default,Test
AST-3019,2024-09-20,0,0,0.13678942461755159,0,11,default,Test
AST-4055,2024-09-20,6,0,0.24378331703296507,0,11,default,Test
AST-4061,2024-09-20,18,1,0.10875096291608585,0,11,default,Test
AST-5003,2024-09-20,13,1,0.34911490065763473,0,11,default,Test
AST-5007,2024-09-20,4,0,0.09299051849671108,0,11,default,Test
AST-1041,2024-09-21,0,0,0.1057635776455492,0,11,default,Test
AST-1042,2024-09-21,0,0,0.14177288046310896,0,11,default,Test
AST-2017,2024-09-21,0,0,0.07308510670410749,0,11,default,Test
AST-2031,2024-09-21,0,0,0.26457646877327134,0,11,default,Test
AST-3008,2024-09-21,0,0,0.0773663065562809,0,11,default,Test
AST-3019,2024-09-21,0,0,0.06404035080702351,0,11,default,Test
AST-4055,2024-09-21,0,0,0.18345810195414397,0,11,default,Test
AST-4061,2024-09-21,0,0,0.052074562270925606,0,11,default,Test
AST-5003,2024-09-21,0,0,0.1284108686321742,0,11,default,Test
AST-5007,2024-09-21,0,0,0.06310637283782085,0,11,default,Test
AST-1041,2024-09-22,0,0,0.10146488177623297,0,11,default,Test
AST-1042,2024-09-22,0,0,0.10522017230695396,0,11,default,Test
AST-2017,2024-09-22,0,0,0.10797242937457968,0,11,default,Test
AST-2031,2024-09-22,0,0,0.2586473199888352,0,11,default,Test
AST-3008,2024-09-22,0,0,0.0685058869288216,0,11,default,Test
AST-3019,2024-09-22,0,0,0.09098700789386666,0,11,default,Test
AST-4055,2024-09-22,0,0,0.19455559807851353,0,11,default,Test
AST-4061,2024-09-22,0,0,0.057127038310509845,0,11,default,Test
AST-5003,2024-09-22,0,0,0.2568820562336397,0,11,default,Test
AST-5007,2024-09-22,0,0,0.06113833789517831,0,11,default,Test
AST-1041,2024-09-23,5,0,0.18953194665443926,0,11,default,Test
AST-1042,2024-09-23,4,0,0.16446827261933972,0,11,default,Test
AST-2017,2024-09-23,7,0,0.11445423909861685,0,11,default,Test
AST-2031,2024-09-23,3,0,0.37574663881417886,0,11,default,Test
AST-3008,2024-09-23,5,0,0.16449955425889276,0,11,default,Test
AST-3019,2024-09-23,2,0,0.10148809128940221,0,11,default,Test
AST-4055,2024-09-23,4,0,0.27904505919645467,0,11,default,Test
AST-4061,2024-09-23,8,0,0.11419975859284419,0,11,default,Test
AST-5003,2024-09-23,4,0,0.18788087174014315,0,11,default,Test
AST-5007,2024-09-23,4,0,0.12961454543842993,0,11,default,Test
AST-1041,2024-09-24,9,0,0.22264900461176484,0,11,default,Test
AST-1042,2024-09-24,6,0,0.2019541317281093,0,11,default,Test
AST-2017,2024-09-24,3,0,0.12048222328606058,0,11,default,Test
AST-2031,2024-09-24,2,0,0.2844475518494518,0,11,default,Test
AST-3008,2024-09-24,11,1,0.13365848466781136,0,11,default,Test
AST-3019,2024-09-24,11,1,0.09185484679541404,0,11,default,Test
AST-4055,2024-09-24,6,0,0.27566719916675736,0,11,default,Test
AST-4061,2024-09-24,6,0,0.0922067520731096,0,11,default,Test
AST-5003,2024-09-24,8,0,0.20984134207044966,0,11,default,Test
AST-5007,2024-09-24,10,0,0.10576408958865427,0,11,default,Test
AST-1041,2024-09-25,0,0,0.21243523824086769,0,11,default,Test
AST-1042,2024-09-25,11,1,0.1519351894918366,0,11,default,Test
AST-2017,2024-09-25,6,0,0.1444485254901175,0,11,default,Test
AST-2031,2024-09-25,2,0,0.3425353711452496,0,11,default,Test
AST-3008,2024-09-25,5,0,0.13869699884069076,0,11,default,Test
AST-3019,2024-09-25,11,1,0.0811287892285102,0,11,default,Test
AST-4055,2024-09-25,11,1,0.33121805849035113,0,11,default,Test
AST-4061,2024-09-25,18,1,0.2690886761209875,0,11,default,Test
AST-5003,2024-09-25,13,1,0.2133048101634689,0,11,default,Test
AST-5007,2024-09-25,13,1,0.08450480987060568,0,11,default,Test
AST-1041,2024-09-26,4,0,0.273184445426574,0,11,default,Test
AST-1042,2024-09-26,8,0,0.17044810834877802,0,11,default,Test
AST-2017,2024-09-26,12,1,0.13834325235309686,0,11,default,Test
AST-2031,2024-09-26,8,0,0.3419274808973383,0,11,default,Test
AST-3008,2024-09-26,8,0,0.11578550183787267,0,11,default,Test
AST-3019,2024-09-26,4,0,0.12808510588004762,0,11,default,Test
AST-4055,2024-09-26,3,0,0.29442185212140426,0,11,default,Test
AST-4061,2024-09-26,18,1,0.10080766922502057,0,11,default,Test
AST-5003,2024-09-26,12,1,0.20210932913193497,0,11,default,Test
AST-5007,2024-09-26,0,0,0.07546327526504945,0,11,default,Test
AST-1041,2024-09-27,0,0,0.1689330282499613,0,11,default,Test
AST-1042,2024-09-27,5,0,0.1782912117409402,0,11,default,Test
AST-2017,2024-09-27,6,0,0.1836899168324007,0,11,default,Test
AST-2031,2024-09-27,4,0,0.3025111891491227,0,11,default,Test
AST-3008,2024-09-27,6,0,0.11596287519669354,0,11,default,Test
AST-3019,2024-09-27,3,0,0.11231214328585433,0,11,default,Test
AST-4055,2024-09-27,18,1,0.25291362536801937,0,11,default,Test
AST-4061,2024-09-27,8,0,0.09701504983604192,0,11,default,Test
AST-5003,2024-09-27,8,0,0.21482299901243557,0,11,default,Test
AST-5007,2024-09-27,2,0,0.0965168550704256,0,11,default,Test
AST-1041,2024-09-28,0,0,0.13391631491713032,0,11,default,Test
AST-1042,2024-09-28,0,0,0.11182149683484541,0,11,default,Test
AST-2017,2024-09-28,0,0,0.0741617648691754,0,11,default,Test
AST-2031,2024-09-28,0,0,0.2778602747225373,0,11,default,Test
AST-3008,2024-09-28,0,0,0.11796703694539752,0,11,default,Test
AST-3019,2024-09-28,0,0,0.060032877869464776,0,11,default,Test
AST-4055,2024-09-28,0,0,0.15487324216229387,0,11,default,Test
AST-4061,2024-09-28,0,0,0.049260033609140365,0,11,default,Test
AST-5003,2024-09-28,0,0,0.08244783731572555,0,11,default,Test
AST-5007,2024-09-28,0,0,0.06535186823027515,0,11,default,Test
AST-1041,2024-09-29,0,0,0.11726798813190124,0,11,default,Test
AST-1042,2024-09-29,0,0,0.1537563126289055,0,11,default,Test
AST-2017,2024-09-29,0,0,0.0681994301992009,0,11,default,Test
AST-2031,2024-09-29,0,0,0.2322557481423144,0,11,default,Test
AST-3008,2024-09-29,0,0,0.06214231347588042,0,11,default,Test
AST-3019,2024-09-29,0,0,0.10110326132333076,0,11,default,Test
AST-4055,2024-09-29,0,0,0.1973197020157721,0,11,default,Test
AST-4061,2024-09-29,0,0,0.06851743880249854,0,11,default,Test
AST-5003,2024-09-29,0,0,0.12219616749560394,0,11,default,Test
AST-5007,2024-09-29,0,0,0.07262295721822741,0,11,default,Test
AST-1041,2024-09-30,4,0,0.174906273643071,0,11,default,Test
AST-1042,2024-09-30,9,0,0.20665103701818663,0,11,default,Test
AST-2017,2024-09-30,8,0,0.1295358028794089,0,11,default,Test
AST-2031,2024-09-30,23,1,0.3463580345003822,0,11,default,Test
AST-3008,2024-09-30,4,0,0.12057516271671599,0,11,default,Test
AST-3019,2024-09-30,6,0,0.10996128201663759,0,11,default,Test
AST-4055,2024-09-30,6,0,0.21975181841191793,0,11,default,Test
AST-4061,2024-09-30,4,0,0.12013905908922863,0,11,default,Test
AST-5003,2024-09-30,14,1,0.44199266022089223,0,11,default,Test
AST-5007,2024-09-30,3,0,0.1149976312595288,0,11,default,Test
AST-1041,2024-10-01,2,0,0.2045102518547007,0,11,default,Test
AST-1042,2024-10-01,11,1,0.1716077528968424,0,11,default,Test
AST-2017,2024-10-01,13,1,0.15378250212842623,0,11,default,Test
AST-2031,2024-10-01,6,0,0.30718781011915636,0,11,default,Test
AST-3008,2024-10-01,14,1,0.2600389761312714,0,11,default,Test
AST-3019,2024-10-01,0,0,0.11260760222123126,0,11,default,Test
AST-4055,2024-10-01,2,0,0.2173856259695374,0,11,default,Test
AST-4061,2024-10-01,8,0,0.12207204717279119,0,11,default,Test
AST-5003,2024-10-01,5,0,0.21699328302325016,0,11,default,Test
AST-5007,2024-10-01,2,0,0.10685199905687866,0,11,default,Test
AST-1041,2024-10-02,0,0,0.19165973661102167,0,11,default,Test
AST-1042,2024-10-02,10,0,0.19835577875999952,0,11,default,Test
AST-2017,2024-10-02,4,0,0.11270841175803735,0,11,default,Test
AST-2031,2024-10-02,21,1,0.301156399801809,0,11,default,Test
AST-3008,2024-10-02,8,0,0.10529591135161022,0,11,default,Test
AST-3019,2024-10-02,2,0,0.09472726089647249,0,11,default,Test
AST-4055,2024-10-02,4,0,0.3177140002736116,0,11,default,Test
AST-4061,2024-10-02,12,1,0.10034460971829423,0,11,default,Test
AST-5003,2024-10-02,4,0,0.24330861051343305,0,11,default,Test
AST-5007,2024-10-02,6,0,0.09009702726924325,0,11,default,Test
AST-1041,2024-10-03,8,0,0.19276113800687875,0,11,default,Test
AST-1042,2024-10-03,6,0,0.1782949939167441,0,11,default,Test
AST-2017,2024-10-03,13,1,0.1422807837862381,0,11,default,Test
AST-2031,2024-10-03,10,0,0.34963823299494795,0,11,default,Test
AST-3008,2024-10-03,6,0,0.13896925801313478,0,11,default,Test
AST-3019,2024-10-03,18,1,0.17568625510445826,0,11,default,Test
AST-4055,2024-10-03,10,0,0.24569870548231915,0,11,default,Test
AST-4061,2024-10-03,8,0,0.10844581238334347,0,11,default,Test
AST-5003,2024-10-03,10,0,0.17411162285873205,0,11,default,Test
AST-5007,2024-10-03,1,0,0.10401782828266615,0,11,default,Test
AST-1041,2024-10-04,12,1,0.19102261626688355,0,11,default,Test
AST-1042,2024-10-04,6,0,0.24349342111858985,0,11,default,Test
AST-2017,2024-10-04,16,1,0.16363332253298574,0,11,default,Test
AST-2031,2024-10-04,5,0,0.3187686052326948,0,11,default,Test
AST-3008,2024-10-04,6,0,0.12012587199911468,0,11,default,Test
AST-3019,2024-10-04,12,1,0.11371683647586593,0,11,default,Test
AST-4055,2024-10-04,14,1,0.2532044262781214,0,11,default,Test
AST-4061,2024-10-04,7,0,0.1100952115087089,0,11,default,Test
AST-5003,2024-10-04,5,0,0.2441381336311961,0,11,default,Test
AST-5007,2024-10-04,0,0,0.10525468963734608,0,11,default,Test
AST-1041,2024-10-05,0,0,0.1911125638652105,0,11,default,Test
AST-1042,2024-10-05,0,0,0.101372055807853,0,11,default,Test
AST-2017,2024-10-05,0,0,0.07812538664845527,0,11,default,Test
AST-2031,2024-10-05,0,0,0.2918195774025774,0,11,default,Test
AST-3008,2024-10-05,0,0,0.057025464864162094,0,11,default,Test
AST-3019,2024-10-05,0,0,0.06469539126133246,0,11,default,Test
AST-4055,2024-10-05,0,0,0.19260589946791484,0,11,default,Test
AST-4061,2024-10-05,0,0,0.05288972198099391,0,11,default,Test
AST-5003,2024-10-05,0,0,0.16256754745623297,0,11,default,Test
AST-5007,2024-10-05,0,0,0.05446018311741129,0,11,default,Test
AST-1041,2024-10-06,0,0,0.09086631039225743,0,11,default,Test
AST-1042,2024-10-06,0,0,0.10857423772364005,0,11,default,Test
AST-2017,2024-10-06,0,0,0.087471135614336,0,11,default,Test
AST-2031,2024-10-06,0,0,0.19250104014156033,0,11,default,Test
AST-3008,2024-10-06,0,0,0.08316628650417549,0,11,default,Test
AST-3019,2024-10-06,0,0,0.062348496447596415,0,11,default,Test
AST-4055,2024-10-06,0,0,0.18443234559189275,0,11,default,Test
AST-4061,2024-10-06,0,0,0.0610557768740063,0,11,default,Test
AST-5003,2024-10-06,0,0,0.13035947821557178,0,11,default,Test
AST-5007,2024-10-06,0,0,0.05377946008529116,0,11,default,Test
AST-1041,2024-10-07,8,0,0.21097937933048558,0,11,default,Test
AST-1042,2024-10-07,8,0,0.23094337595462971,0,11,default,Test
AST-2017,2024-10-07,3,0,0.16162678115627682,0,11,default,Test
AST-2031,2024-10-07,6,0,0.2934596586116155,0,11,default,Test
AST-3008,2024-10-07,4,0,0.10874048937487386,0,11,default,Test
AST-3019,2024-10-07,2,0,0.09634697372291441,0,11,default,Test
AST-4055,2024-10-07,16,1,0.2774773256489683,0,11,default,Test
AST-4061,2024-10-07,10,0,0.09122428540751111,0,11,default,Test
AST-5003,2024-10-07,16,1,0.25901541046683174,0,11,default,Test
AST-5007,2024-10-07,0,0,0.08397917023327904,0,11,default,Test
AST-1041,2024-10-08,8,0,0.1777345286643382,0,11,default,Test
AST-1042,2024-10-08,4,0,0.21396765241213553,0,11,default,Test
AST-2017,2024-10-08,6,0,0.14919102894556655,0,11,default,Test
AST-2031,2024-10-08,8,0,0.34248519054691845,0,11,default,Test
AST-3008,2024-10-08,8,0,0.13056777104939127,0,11,default,Test
AST-3019,2024-10-08,8,0,0.10492749861789791,0,11,default,Test
AST-4055,2024-10-08,11,1,0.24797090380213527,0,11,default,Test
AST-4061,2024-10-08,15,1,0.12116499177398769,0,11,default,Test
AST-5003,2024-10-08,6,0,0.19469290706237208,0,11,default,Test
AST-5007,2024-10-08,1,0,0.06942158224019886,0,11,default,Test
AST-1041,2024-10-09,6,0,0.189334931923264,0,11,default,Test
AST-1042,2024-10-09,6,0,0.19221836530979322,0,11,default,Test
AST-2017,2024-10-09,12,1,0.13108245444427236,0,11,default,Test
AST-2031,2024-10-09,13,1,0.27171599292798654,0,11,default,Test
AST-3008,2024-10-09,14,1,0.3137223810977868,0,11,default,Test
AST-3019,2024-10-09,6,0,0.087561417975812,0,11,default,Test
AST-4055,2024-10-09,4,0,0.28001843790769265,0,11,default,Test
AST-4061,2024-10-09,7,0,0.10157855660679109,0,11,default,Test
AST-5003,2024-10-09,6,0,0.24687363712109597,0,11,default,Test
AST-5007,2024-10-09,6,0,0.0987608514103503,0,11,default,Test
AST-1041,2024-10-10,2,0,0.20624385579583523,0,11,default,Test
AST-1042,2024-10-10,6,0,0.1701809726864068,0,11,default,Test
AST-2017,2024-10-10,3,0,0.15288101354310454,0,11,default,Test
AST-2031,2024-10-10,2,0,0.29684872016984015,0,11,default,Test
AST-3008,2024-10-10,1,0,0.14044415851594144,0,11,default,Test
AST-3019,2024-10-10,4,0,0.12481046325511526,0,11,default,Test
AST-4055,2024-10-10,0,0,0.31919227584353044,0,11,default,Test
AST-4061,2024-10-10,8,0,0.13797098718377523,0,11,default,Test
AST-5003,2024-10-10,10,0,0.16964149712814033,0,11,default,Test
AST-5007,2024-10-10,11,1,0.10315680685738532,0,11,default,Test
AST-1041,2024-10-11,6,0,0.1734639869051536,0,11,default,Test
AST-1042,2024-10-11,12,1,0.291952111064185,0,11,default,Test
AST-2017,2024-10-11,6,0,0.09723313690379998,0,11,default,Test
AST-2031,2024-10-11,2,0,0.30399936312268777,0,11,default,Test
AST-3008,2024-10-11,11,1,0.1309957235685054,0,11,default,Test
AST-3019,2024-10-11,3,0,0.15505212957924888,0,11,default,Test
AST-4055,2024-10-11,13,1,0.2787560414033131,0,11,default,Test
AST-4061,2024-10-11,5,0,0.10093067978717823,0,11,default,Test
AST-5003,2024-10-11,12,1,0.1992116518007077,0,11,default,Test
AST-5007,2024-10-11,6,0,0.068846228374458,0,11,default,Test
AST-1041,2024-10-12,0,0,0.2801369580676787,0,11,default,Test
AST-1042,2024-10-12,0,0,0.1284140678520356,0,11,default,Test
AST-2017,2024-10-12,0,0,0.08004707302361795,0,11,default,Test
AST-2031,2024-10-12,0,0,0.25096408773564144,0,11,default,Test
AST-3008,2024-10-12,0,0,0.07727253761600972,0,11,default,Test
AST-3019,2024-10-12,0,0,0.07222507725492894,0,11,default,Test
AST-4055,2024-10-12,0,0,0.2169863029029973,0,11,default,Test
AST-4061,2024-10-12,0,0,0.06761759358310199,0,11,default,Test
AST-5003,2024-10-12,0,0,0.10112334575653059,0,11,default,Test
AST-5007,2024-10-12,0,0,0.07209451740030604,0,11,default,Test
AST-1041,2024-10-13,0,0,0.08911970935953929,0,11,default,Test
AST-1042,2024-10-13,0,0,0.11233158303189428,0,11,default,Test
AST-2017,2024-10-13,0,0,0.0832722325252949,0,11,default,Test
AST-2031,2024-10-13,0,0,0.232292329044598,0,11,default,Test
AST-3008,2024-10-13,0,0,0.06843222799589015,0,11,default,Test
AST-3019,2024-10-13,0,0,0.06934268868559124,0,11,default,Test
AST-4055,2024-10-13,0,0,0.14725321864208138,0,11,default,Test
AST-4061,2024-10-13,0,0,0.07906330831852917,0,11,default,Test
AST-5003,2024-10-13,0,0,0.1278941799280966,0,11,default,Test
AST-5007,2024-10-13,0,0,0.06442971391978557,0,11,default,Test
AST-1041,2024-10-14,3,0,0.23497384432768875,0,11,default,Test
AST-1042,2024-10-14,0,0,0.21738433882373728,0,11,default,Test
AST-2017,2024-10-14,7,0,0.09112501218423899,0,11,default,Test
AST-2031,2024-10-14,10,0,0.30888155866950573,0,11,default,Test
AST-3008,2024-10-14,2,0,0.11140523886205246,0,11,default,Test
AST-3019,2024-10-14,2,0,0.12999724809162802,0,11,default,Test
AST-4055,2024-10-14,2,0,0.2767141155573472,0,11,default,Test
AST-4061,2024-10-14,1,0,0.12950261338875768,0,11,default,Test
AST-5003,2024-10-14,18,1,0.17502812959299413,0,11,default,Test
AST-5007,2024-10-14,3,0,0.11957954964895795,0,11,default,Test
AST-1041,2024-10-15,6,0,0.23227129131033478,0,11,default,Test
AST-1042,2024-10-15,0,0,0.20591482409291745,0,11,default,Test
AST-2017,2024-10-15,8,0,0.09665738723451674,0,11,default,Test
AST-2031,2024-10-15,7,0,0.35752994335911764,0,11,default,Test
AST-3008,2024-10-15,9,0,0.10136792869271506,0,11,default,Test
AST-3019,2024-10-15,12,1,0.112441664278039,0,11,default,Test
AST-4055,2024-10-15,9,0,0.2577635146296644,0,11,default,Test
AST-4061,2024-10-15,6,0,0.12842755616285853,0,11,default,Test
AST-5003,2024-10-15,14,1,0.165553792028744,0,11,default,Test
AST-5007,2024-10-15,7,0,0.0869132205506298,0,11,default,Test
AST-1041,2024-10-16,8,0,0.19928497969254644,0,11,default,Test
AST-1042,2024-10-16,6,0,0.20227717343617851,0,11,default,Test
AST-2017,2024-10-16,5,0,0.1425086466455551,0,11,default,Test
AST-2031,2024-10-16,2,0,0.2832982382883988,0,11,default,Test
AST-3008,2024-10-16,10,0,0.12696808247780278,0,11,default,Test
AST-3019,2024-10-16,14,1,0.09071805019090878,0,11,default,Test
AST-4055,2024-10-16,10,0,0.22753357166418192,0,11,default,Test
AST-4061,2024-10-16,4,0,0.10439179483049035,0,11,default,Test
AST-5003,2024-10-16,8,0,0.20911917699411323,0,11,default,Test
AST-5007,2024-10-16,7,0,0.10735948489250245,0,11,default,Test
AST-1041,2024-10-17,10,0,0.20615544817057738,0,11,default,Test
AST-1042,2024-10-17,0,0,0.2192852175252995,0,11,default,Test
AST-2017,2024-10-17,6,0,0.1204646647857386,0,11,default,Test
AST-2031,2024-10-17,9,0,0.3329360470025741,0,11,default,Test
AST-3008,2024-10-17,8,0,0.14166397377081175,0,11,default,Test
AST-3019,2024-10-17,14,1,0.1049067622553892,0,11,default,Test
AST-4055,2024-10-17,9,0,0.3231995718763066,0,11,default,Test
AST-4061,2024-10-17,6,0,0.1118051339902365,0,11,default,Test
AST-5003,2024-10-17,4,0,0.20655605408119443,0,11,default,Test
AST-5007,2024-10-17,3,0,0.09971776029374536,0,11,default,Test
AST-1041,2024-10-18,3,0,0.23466659657553043,0,11,default,Test
AST-1042,2024-10-18,6,0,0.19386126288138422,0,11,default,Test
AST-2017,2024-10-18,18,1,0.1089600503565596,0,11,default,Test
AST-2031,2024-10-18,8,0,0.3577149721883442,0,11,default,Test
AST-3008,2024-10-18,3,0,0.11872787138459406,0,11,default,Test
AST-3019,2024-10-18,12,1,0.0736473863034559,0,11,default,Test
AST-4055,2024-10-18,12,1,0.21802460334313772,0,11,default,Test
AST-4061,2024-10-18,2,0,0.11102799076661579,0,11,default,Test
AST-5003,2024-10-18,1,0,0.18421955918035332,0,11,default,Test
AST-5007,2024-10-18,8,0,0.09087578206794109,0,11,default,Test
AST-1041,2024-10-19,0,0,0.13156211311511276,0,11,default,Test
AST-1042,2024-10-19,0,0,0.12248955703448008,0,11,default,Test
AST-2017,2024-10-19,0,0,0.09461024705384138,0,11,default,Test
AST-2031,2024-10-19,0,0,0.22386213817659645,0,11,default,Test
AST-3008,2024-10-19,0,0,0.08818965736847524,0,11,default,Test
AST-3019,2024-10-19,0,0,0.06950980915979924,0,11,default,Test
AST-4055,2024-10-19,0,0,0.19962196970037566,0,11,default,Test
AST-4061,2024-10-19,0,0,0.07326128326816392,0,11,default,Test
AST-5003,2024-10-19,0,0,0.11096325611931421,0,11,default,Test
AST-5007,2024-10-19,0,0,0.051613745327350774,0,11,default,Test
AST-1041,2024-10-20,0,0,0.11804334154013243,0,11,default,Test
AST-1042,2024-10-20,0,0,0.1736673988522743,0,11,default,Test
AST-2017,2024-10-20,0,0,0.08010074094799785,0,11,default,Test
AST-2031,2024-10-20,0,0,0.2972048347510781,0,11,default,Test
AST-3008,2024-10-20,0,0,0.07481017939828362,0,11,default,Test
AST-3019,2024-10-20,0,0,0.08120918317759211,0,11,default,Test
AST-4055,2024-10-20,0,0,0.20579289144271384,0,11,default,Test
AST-4061,2024-10-20,0,0,0.22557743230639105,0,11,default,Test
AST-5003,2024-10-20,0,0,0.09356965751109542,0,11,default,Test
AST-5007,2024-10-20,0,0,0.05995000509483885,0,11,default,Test
AST-1041,2024-10-21,5,0,0.2122293265842715,0,11,default,Test
AST-1042,2024-10-21,7,0,0.1827076674431722,0,11,default,Test
AST-2017,2024-10-21,2,0,0.14635648802247528,0,11,default,Test
AST-2031,2024-10-21,8,0,0.3140069398502806,0,11,default,Test
AST-3008,2024-10-21,5,0,0.1398719081514925,0,11,default,Test
AST-3019,2024-10-21,0,0,0.1460486216814678,0,11,default,Test
AST-4055,2024-10-21,14,1,0.25358444461926577,0,11,default,Test
AST-4061,2024-10-21,8,0,0.09428025085172456,0,11,default,Test
AST-5003,2024-10-21,8,0,0.16749150060185214,0,11,default,Test
AST-5007,2024-10-21,4,0,0.09394065537952237,0,11,default,Test
AST-1041,2024-10-22,0,0,0.2133035702447606,0,11,default,Test
AST-1042,2024-10-22,4,0,0.20074365165673796,0,11,default,Test
AST-2017,2024-10-22,7,0,0.12555737339965017,0,11,default,Test
AST-2031,2024-10-22,9,0,0.3215442167013635,0,11,default,Test
AST-3008,2024-10-22,10,0,0.10955464068493785,0,11,default,Test
AST-3019,2024-10-22,6,0,0.13915529535717253,0,11,default,Test
AST-4055,2024-10-22,12,1,0.23966820451241397,0,11,default,Test
AST-4061,2024-10-22,12,1,0.1134623868893842,0,11,default,Test
AST-5003,2024-10-22,6,0,0.16828692172146445,0,11,default,Test
AST-5007,2024-10-22,0,0,0.07722645831504947,0,11,default,Test
AST-1041,2024-10-23,6,0,0.17148831382444452,0,11,default,Test
AST-1042,2024-10-23,4,0,0.18109958854556216,0,11,default,Test
AST-2017,2024-10-23,13,1,0.24922023537317747,0,11,default,Test
AST-2031,2024-10-23,8,0,0.32252478176579813,0,11,default,Test
AST-3008,2024-10-23,12,1,0.12435630133340407,0,11,default,Test
AST-3019,2024-10-23,4,0,0.1137944724215522,0,11,default,Test
AST-4055,2024-10-23,11,1,0.2979366454663907,0,11,default,Test
AST-4061,2024-10-23,22,1,0.1058085007270855,0,11,default,Test
AST-5003,2024-10-23,9,0,0.20837143897697274,0,11,default,Test
AST-5007,2024-10-23,1,0,0.08779931270136052,0,11,default,Test
AST-1041,2024-10-24,11,1,0.20810498533455765,0,11,default,Test
AST-1042,2024-10-24,2,0,0.16331628381186192,0,11,default,Test
AST-2017,2024-10-24,21,1,0.1561270116851498,0,11,default,Test
AST-2031,2024-10-24,2,0,0.331836873987499,0,11,default,Test
AST-3008,2024-10-24,6,0,0.12056044617116819,0,11,default,Test
AST-3019,2024-10-24,9,0,0.1441455727968091,0,11,default,Test
AST-4055,2024-10-24,2,0,0.2253048095031237,0,11,default,Test
AST-4061,2024-10-24,4,0,0.09949071009494989,0,11,default,Test
AST-5003,2024-10-24,4,0,0.18914071075202477,0,11,default,Test
AST-5007,2024-10-24,1,0,0.06981304471172023,0,11,default,Test
AST-1041,2024-10-25,14,1,0.16991205890303798,0,11,default,Test
AST-1042,2024-10-25,15,1,0.17220394858008636,0,11,default,Test
AST-2017,2024-10-25,11,1,0.11971535478471694,0,11,default,Test
AST-2031,2024-10-25,0,0,0.3276276984033697,0,11,default,Test
AST-3008,2024-10-25,8,0,0.15216951020795522,0,11,default,Test
AST-3019,2024-10-25,9,0,0.10006036340284111,0,11,default,Test
AST-4055,2024-10-25,11,1,0.2100329931667138,0,11,default,Test
AST-4061,2024-10-25,4,0,0.10248832082301691,0,11,default,Test
AST-5003,2024-10-25,5,0,0.16085710510667828,0,11,default,Test
AST-5007,2024-10-25,6,0,0.09900762906176425,0,11,default,Test
AST-1041,2024-10-26,0,0,0.11061059121890021,0,11,default,Test
AST-1042,2024-10-26,0,0,0.13146083239251385,0,11,default,Test
AST-2017,2024-10-26,0,0,0.0884830185853241,0,11,default,Test
AST-2031,2024-10-26,0,0,0.2081547557147643,0,11,default,Test
AST-3008,2024-10-26,0,0,0.07001100090292697,0,11,default,Test
AST-3019,2024-10-26,0,0,0.06320996499365053,0,11,default,Test
AST-4055,2024-10-26,0,0,0.2191886892840418,0,11,default,Test
AST-4061,2024-10-26,0,0,0.05906041092421932,0,11,default,Test
AST-5003,2024-10-26,0,0,0.11904375066941414,0,11,default,Test
AST-5007,2024-10-26,0,0,0.058202344389098215,0,11,default,Test
AST-1041,2024-10-27,0,0,0.1272842461458677,0,11,default,Test
AST-1042,2024-10-27,0,0,0.13017518308444218,0,11,default,Test
AST-2017,2024-10-27,0,0,0.09713413836264165,0,11,default,Test
AST-2031,2024-10-27,0,0,0.26237525438795267,0,11,default,Test
AST-3008,2024-10-27,0,0,0.07473379668406367,0,11,default,Test
AST-3019,2024-10-27,0,0,0.1010165302920062,0,11,default,Test
AST-4055,2024-10-27,0,0,0.1877249956943929,0,11,default,Test
AST-4061,2024-10-27,0,0,0.0694377061867859,0,11,default,Test
AST-5003,2024-10-27,0,0,0.36796059885594584,0,11,default,Test
AST-5007,2024-10-27,0,0,0.05205956825280494,0,11,default,Test
AST-1041,2024-10-28,0,0,0.1916050242558804,0,11,default,Test
AST-1042,2024-10-28,8,0,0.17696825021283172,0,11,default,Test
AST-2017,2024-10-28,7,0,0.10254278575757307,0,11,default,Test
AST-2031,2024-10-28,4,0,0.2970118632455382,0,11,default,Test
AST-3008,2024-10-28,5,0,0.12863933423734222,0,11,default,Test
AST-3019,2024-10-28,9,0,0.13640941176626226,0,11,default,Test
AST-4055,2024-10-28,9,0,0.28613241029624387,0,11,default,Test
AST-4061,2024-10-28,2,0,0.10587853826553259,0,11,default,Test
AST-5003,2024-10-28,14,1,0.21975824664002425,0,11,default,Test
AST-5007,2024-10-28,11,1,0.10254380814868595,0,11,default,Test
AST-1041,2024-10-29,5,0,0.22763683862678089,0,11,default,Test
AST-1042,2024-10-29,5,0,0.18822517012985232,0,11,default,Test
AST-2017,2024-10-29,14,1,0.27968193802999697,0,11,default,Test
AST-2031,2024-10-29,2,0,0.31369849252444254,0,11,default,Test
AST-3008,2024-10-29,8,0,0.11945546411978544,0,11,default,Test
AST-3019,2024-10-29,6,0,0.12433923324511462,0,11,default,Test
AST-4055,2024-10-29,3,0,0.22527077611566962,0,11,default,Test
AST-4061,2024-10-29,4,0,0.0782566300680502,0,11,default,Test
AST-5003,2024-10-29,3,0,0.22946229892337688,0,11,default,Test
AST-5007,2024-10-29,0,0,0.09053877061105128,0,11,default,Test
AST-1041,2024-10-30,4,0,0.171226572620663,0,11,default,Test
AST-1042,2024-10-30,9,0,0.17011911145096134,0,11,default,Test
AST-2017,2024-10-30,7,0,0.10285656997964664,0,11,default,Test
AST-2031,2024-10-30,12,1,0.29963702284537913,0,11,default,Test
AST-3008,2024-10-30,1,0,0.11821828637003289,0,11,default,Test
AST-3019,2024-10-30,9,0,0.11488047056071309,0,11,default,Test
AST-4055,2024-10-30,8,0,0.2691418403923756,0,11,default,Test
AST-4061,2024-10-30,7,0,0.13534508035002474,0,11,default,Test
AST-5003,2024-10-30,19,1,0.17482040168957513,0,11,default,Test
AST-5007,2024-10-30,10,0,0.07837912982080911,0,11,default,Test
AST-1041,2024-10-31,6,0,0.16685738477103537,0,11,default,Test
AST-1042,2024-10-31,12,1,0.17091019447913142,0,11,default,Test
AST-2017,2024-10-31,6,0,0.128251232961426,0,11,default,Test
AST-2031,2024-10-31,0,0,0.28691359013319506,0,11,default,Test
AST-3008,2024-10-31,4,0,0.11774635782434033,0,11,default,Test
AST-3019,2024-10-31,6,0,0.09903595696674002,0,11,default,Test
AST-4055,2024-10-31,6,0,0.3270090150051398,0,11,default,Test
AST-4061,2024-10-31,2,0,0.11729712403886493,0,11,default,Test
AST-5003,2024-10-31,10,0,0.17100461976003734,0,11,default,Test
AST-5007,2024-10-31,4,0,0.09720836569380298,0,11,default,Test
AST-1041,2024-11-01,6,0,0.1844583683741321,0,11,default,Test
AST-1042,2024-11-01,1,0,0.21062079568811304,0,11,default,Test
AST-2017,2024-11-01,7,0,0.11021791198152266,0,11,default,Test
AST-2031,2024-11-01,8,0,0.31914658069216356,0,11,default,Test
AST-3008,2024-11-01,8,0,0.1277904429873576,0,11,default,Test
AST-3019,2024-11-01,5,0,0.09643037657703928,0,11,default,Test
AST-4055,2024-11-01,7,0,0.23610728825295899,0,11,default,Test
AST-4061,2024-11-01,10,0,0.07469041421740359,0,11,default,Test
AST-5003,2024-11-01,3,0,0.20828914646499308,0,11,default,Test
AST-5007,2024-11-01,5,0,0.09431492676950742,0,11,default,Test
AST-1041,2024-11-02,0,0,0.11963986412551132,0,11,default,Test
AST-1042,2024-11-02,0,0,0.181187253638985,0,11,default,Test
AST-2017,2024-11-02,0,0,0.07997044371878168,0,11,default,Test
AST-2031,2024-11-02,0,0,0.2017373692272145,0,11,default,Test
AST-3008,2024-11-02,0,0,0.050060959223856095,0,11,default,Test
AST-3019,2024-11-02,0,0,0.07275989561708228,0,11,default,Test
AST-4055,2024-11-02,0,0,0.19256972312800538,0,11,default,Test
AST-4061,2024-11-02,0,0,0.09586415124210226,0,11,default,Test
AST-5003,2024-11-02,0,0,0.10397588236980518,0,11,default,Test
AST-5007,2024-11-02,0,0,0.06553117225187556,0,11,default,Test
AST-1041,2024-11-03,0,0,0.11205618287038031,0,11,default,Test
AST-1042,2024-11-03,0,0,0.12162970279196238,0,11,default,Test
AST-2017,2024-11-03,0,0,0.08080758265399318,0,11,default,Test
AST-2031,2024-11-03,0,0,0.2517521993445638,0,11,default,Test
AST-3008,2024-11-03,0,0,0.06905690082367523,0,11,default,Test
AST-3019,2024-11-03,0,0,0.06954259525832829,0,11,default,Test
AST-4055,2024-11-03,0,0,0.14277073301463827,0,11,default,Test
AST-4061,2024-11-03,0,0,0.055493059296783755,0,11,default,Test
AST-5003,2024-11-03,0,0,0.16434490530652765,0,11,default,Test
AST-5007,2024-11-03,0,0,0.13796914091055318,0,11,default,Test
AST-1041,2024-11-04,1,0,0.20046857144494518,0,11,default,Test
AST-1042,2024-11-04,12,1,0.16981633400366036,0,11,default,Test
AST-2017,2024-11-04,9,0,0.12614752955680258,0,11,default,Test
AST-2031,2024-11-04,4,0,0.3523820549244545,0,11,default,Test
AST-3008,2024-11-04,6,0,0.12900430209253377,0,11,default,Test
AST-3019,2024-11-04,0,0,0.09486350613566477,0,11,default,Test
AST-4055,2024-11-04,6,0,0.31895217578846297,0,11,default,Test
AST-4061,2024-11-04,2,0,0.10157501304901255,0,11,default,Test
AST-5003,2024-11-04,2,0,0.15570249449301063,0,11,default,Test
AST-5007,2024-11-04,10,0,0.14129933260783423,0,11,default,Test
AST-1041,2024-11-05,3,0,0.16550991629807205,0,11,default,Test
AST-1042,2024-11-05,9,0,0.22314484304558418,0,11,default,Test
AST-2017,2024-11-05,15,1,0.16636851999520588,0,11,default,Test
AST-2031,2024-11-05,11,1,0.27782457267408417,0,11,default,Test
AST-3008,2024-11-05,11,1,0.11922286728836985,0,11,default,Test
AST-3019,2024-11-05,18,1,0.14736918838446927,0,11,default,Test
AST-4055,2024-11-05,12,1,0.24003936105893303,0,11,default,Test
AST-4061,2024-11-05,16,1,0.12245210425193807,0,11,default,Test
AST-5003,2024-11-05,12,1,0.22057569859432316,0,11,default,Test
AST-5007,2024-11-05,4,0,0.08526426325816805,0,11,default,Test
AST-1041,2024-11-06,8,0,0.2054073032800033,0,11,default,Test
AST-1042,2024-11-06,4,0,0.22094309938769105,0,11,default,Test
AST-2017,2024-11-06,12,1,0.10258141371264448,0,11,default,Test
AST-2031,2024-11-06,8,0,0.3519982495147119,0,11,default,Test
AST-3008,2024-11-06,4,0,0.10685403641020985,0,11,default,Test
AST-3019,2024-11-06,2,0,0.10201966470596524,0,11,default,Test
AST-4055,2024-11-06,14,1,0.2849978936886782,0,11,default,Test
AST-4061,2024-11-06,8,0,0.11313862398253505,0,11,default,Test
AST-5003,2024-11-06,18,1,0.18737865530809092,0,11,default,Test
AST-5007,2024-11-06,6,0,0.08259324656871571,0,11,default,Test
AST-1041,2024-11-07,0,0,0.18276234906856942,0,11,default,Test
AST-1042,2024-11-07,8,0,0.20239317487193625,0,11,default,Test
AST-2017,2024-11-07,16,1,0.12938348734843147,0,11,default,Test
AST-2031,2024-11-07,8,0,0.3121530667913424,0,11,default,Test
AST-3008,2024-11-07,11,1,0.14816655885229163,0,11,default,Test
AST-3019,2024-11-07,9,0,0.11823521000668877,0,11,default,Test
AST-4055,2024-11-07,8,0,0.2854700963634889,0,11,default,Test
AST-4061,2024-11-07,6,0,0.17660644438189352,0,11,default,Test
AST-5003,2024-11-07,10,0,0.17389792201237317,0,11,default,Test
AST-5007,2024-11-07,4,0,0.16558069536293774,0,11,default,Test
AST-1041,2024-11-08,4,0,0.17908208920947022,0,11,default,Test
AST-1042,2024-11-08,5,0,0.17178168918880185,0,11,default,Test
AST-2017,2024-11-08,1,0,0.09029192477807722,0,11,default,Test
AST-2031,2024-11-08,6,0,0.26875160967621603,0,11,default,Test
AST-3008,2024-11-08,8,0,0.1102784909494885,0,11,default,Test
AST-3019,2024-11-08,4,0,0.13096559016398526,0,11,default,Test
AST-4055,2024-11-08,11,1,0.26293151677413074,0,11,default,Test
AST-4061,2024-11-08,0,0,0.08624906705107398,0,11,default,Test
AST-5003,2024-11-08,6,0,0.21921370023640127,0,11,default,Test
AST-5007,2024-11-08,4,0,0.09339156994609495,0,11,default,Test
AST-1041,2024-11-09,0,0,0.12328813002223239,0,11,default,Test
AST-1042,2024-11-09,0,0,0.10743576823186732,0,11,default,Test
AST-2017,2024-11-09,0,0,0.09353748612298456,0,11,default,Test
AST-2031,2024-11-09,0,0,0.23556165751441985,0,11,default,Test
AST-3008,2024-11-09,0,0,0.13911794804807234,0,11,default,Test
AST-3019,2024-11-09,0,0,0.06976447725221714,0,11,default,Test
AST-4055,2024-11-09,0,0,0.17787155680990782,0,11,default,Test
AST-4061,2024-11-09,0,0,0.08752488075212353,0,11,default,Test
AST-5003,2024-11-09,0,0,0.10255628506587794,0,11,default,Test
AST-5007,2024-11-09,0,0,0.05250538676739603,0,11,default,Test
AST-1041,2024-11-10,0,0,0.10357258543012467,0,11,default,Test
AST-1042,2024-11-10,0,0,0.15571568195324903,0,11,default,Test
AST-2017,2024-11-10,0,0,0.08146395526404347,0,11,default,Test
AST-2031,2024-11-10,0,0,0.25839802605147777,0,11,default,Test
AST-3008,2024-11-10,0,0,0.146484259573258,0,11,default,Test
AST-3019,2024-11-10,0,0,0.08273695888203754,0,11,default,Test
AST-4055,2024-11-10,0,0,0.1607769983268655,0,11,default,Test
AST-4061,2024-11-10,0,0,0.08213255754744217,0,11,default,Test
AST-5003,2024-11-10,0,0,0.14348225905967865,0,11,default,Test
AST-5007,2024-11-10,0,0,0.07524615468495105,0,11,default,Test
AST-1041,2024-11-11,10,0,0.20587743182875504,0,11,default,Test
AST-1042,2024-11-11,8,0,0.18286934659348936,0,11,default,Test
AST-2017,2024-11-11,7,0,0.12258256525933155,0,11,default,Test
AST-2031,2024-11-11,4,0,0.33645488024901476,0,11,default,Test
AST-3008,2024-11-11,4,0,0.12576876878998472,0,11,default,Test
AST-3019,2024-11-11,3,0,0.14691709005426665,0,11,default,Test
AST-4055,2024-11-11,8,0,0.26195068411876915,0,11,default,Test
AST-4061,2024-11-11,6,0,0.09147076190461777,0,11,default,Test
AST-5003,2024-11-11,8,0,0.2746680423355477,0,11,default,Test
AST-5007,2024-11-11,7,0,0.06444684177080633,0,11,default,Test
AST-1041,2024-11-12,14,1,0.47775376583527274,0,11,default,Test
AST-1042,2024-11-12,6,0,0.12965530873554074,0,11,default,Test
AST-2017,2024-11-12,7,0,0.10839319161930736,0,11,default,Test
AST-2031,2024-11-12,10,0,0.3013137527525414,0,11,default,Test
AST-3008,2024-11-12,11,1,0.13493149922871842,0,11,default,Test
AST-3019,2024-11-12,7,0,0.11380848450528443,0,11,default,Test
AST-4055,2024-11-12,13,1,0.21812589496805523,0,11,default,Test
AST-4061,2024-11-12,16,1,0.11154340967596446,0,11,default,Test
AST-5003,2024-11-12,9,0,0.20069439683166157,0,11,default,Test
AST-5007,2024-11-12,5,0,0.24275951543979515,0,11,default,Test
AST-1041,2024-11-13,10,0,0.20567298231288228,0,11,default,Test
AST-1042,2024-11-13,7,0,0.18808991830152993,0,11,default,Test
AST-2017,2024-11-13,2,0,0.15811361833056023,0,11,default,Test
AST-2031,2024-11-13,4,0,0.34616418460341086,0,11,default,Test
AST-3008,2024-11-13,10,0,0.10644176370962209,0,11,default,Test
AST-3019,2024-11-13,7,0,0.3192569884650045,0,11,default,Test
AST-4055,2024-11-13,1,0,0.265429376475912,0,11,default,Test
AST-4061,2024-11-13,13,1,0.09044312927137921,0,11,default,Test
AST-5003,2024-11-13,9,0,0.2155146402101952,0,11,default,Test
AST-5007,2024-11-13,0,0,0.10118336127819981,0,11,default,Test
AST-1041,2024-11-14,5,0,0.24790142605639412,0,11,default,Test
AST-1042,2024-11-14,3,0,0.2292856897109463,0,11,default,Test
AST-2017,2024-11-14,5,0,0.1497173555172879,0,11,default,Test
AST-2031,2024-11-14,8,0,0.3208537925633606,0,11,default,Test
AST-3008,2024-11-14,3,0,0.09927050859523068,0,11,default,Test
AST-3019,2024-11-14,11,1,0.15693932375701622,0,11,default,Test
AST-4055,2024-11-14,2,0,0.2758542827808735,0,11,default,Test
AST-4061,2024-11-14,2,0,0.1137842215814769,0,11,default,Test
AST-5003,2024-11-14,9,0,0.22450073274942078,0,11,default,Test
AST-5007,2024-11-14,9,0,0.09872961569050447,0,11,default,Test
AST-1041,2024-11-15,2,0,0.20355663305950822,0,11,default,Test
AST-1042,2024-11-15,5,0,0.19991805460823234,0,11,default,Test
AST-2017,2024-11-15,5,0,0.1280467951860437,0,11,default,Test
AST-2031,2024-11-15,6,0,0.35591987598120395,0,11,default,Test
AST-3008,2024-11-15,11,1,0.14703706064281624,0,11,default,Test
AST-3019,2024-11-15,2,0,0.11015962909065426,0,11,default,Test
AST-4055,2024-11-15,14,1,0.2954217785407981,0,11,default,Test
AST-4061,2024-11-15,8,0,0.11040707827604233,0,11,default,Test
AST-5003,2024-11-15,10,0,0.156116554107195,0,11,default,Test
AST-5007,2024-11-15,7,0,0.1203818878033876,0,11,default,Test
AST-1041,2024-11-16,0,0,0.14181544883769157,0,11,default,Test
AST-1042,2024-11-16,0,0,0.23620194835674563,0,11,default,Test
AST-2017,2024-11-16,0,0,0.11064420490518193,0,11,default,Test
AST-2031,2024-11-16,0,0,0.29787414149565417,0,11,default,Test
AST-3008,2024-11-16,0,0,0.07404582487509288,0,11,default,Test
AST-3019,2024-11-16,0,0,0.07490591454489426,0,11,default,Test
AST-4055,2024-11-16,0,0,0.25241005981773706,0,11,default,Test
AST-4061,2024-11-16,0,0,0.0759153558805842,0,11,default,Test
AST-5003,2024-11-16,0,0,0.11261314815616053,0,11,default,Test
AST-5007,2024-11-16,0,0,0.05228574863628103,0,11,default,Test
AST-1041,2024-11-17,0,0,0.08501616562618694,0,11,default,Test
AST-1042,2024-11-17,0,0,0.12298487589936477,0,11,default,Test
AST-2017,2024-11-17,0,0,0.0695136115993183,0,11,default,Test
AST-2031,2024-11-17,0,0,0.22292567071804822,0,11,default,Test
AST-3008,2024-11-17,0,0,0.13722965279866808,0,11,default,Test
AST-3019,2024-11-17,0,0,0.08239320133160491,0,11,default,Test
AST-4055,2024-11-17,0,0,0.18528313468432797,0,11,default,Test
AST-4061,2024-11-17,0,0,0.045491266633788045,0,11,default,Test
AST-5003,2024-11-17,0,0,0.10670071075299031,0,11,default,Test
AST-5007,2024-11-17,0,0,0.05987232269607356,0,11,default,Test
AST-1041,2024-11-18,9,0,0.17247133335856446,0,11,default,Test
AST-1042,2024-11-18,9,0,0.17765250594566448,0,11,default,Test
AST-2017,2024-11-18,8,0,0.11523689225996812,0,11,default,Test
AST-2031,2024-11-18,7,0,0.30832161069380143,0,11,default,Test
AST-3008,2024-11-18,4,0,0.15040829612907639,0,11,default,Test
AST-3019,2024-11-18,6,0,0.1113859705322638,0,11,default,Test
AST-4055,2024-11-18,21,1,0.27477743414295946,0,11,default,Test
AST-4061,2024-11-18,5,0,0.12058928123168502,0,11,default,Test
AST-5003,2024-11-18,5,0,0.1633047523544765,0,11,default,Test
AST-5007,2024-11-18,7,0,0.06998667240551909,0,11,default,Test
AST-1041,2024-11-19,10,0,0.18371126796312745,0,11,default,Test
AST-1042,2024-11-19,11,1,0.20489943720024023,0,11,default,Test
AST-2017,2024-11-19,5,0,0.11303038614700546,0,11,default,Test
AST-2031,2024-11-19,10,0,0.31104779991801546,0,11,default,Test
AST-3008,2024-11-19,11,1,0.1800725887195214,0,11,default,Test
AST-3019,2024-11-19,2,0,0.11438464272292852,0,11,default,Test
AST-4055,2024-11-19,11,1,0.30630742211462997,0,11,default,Test
AST-4061,2024-11-19,4,0,0.12773980556092285,0,11,default,Test
AST-5003,2024-11-19,10,0,0.20297454412776356,0,11,default,Test
AST-5007,2024-11-19,1,0,0.07177540748108234,0,11,default,Test
AST-1041,2024-11-20,12,1,0.16790680378148162,0,11,default,Test
AST-1042,2024-11-20,4,0,0.19811901637079476,0,11,default,Test
AST-2017,2024-11-20,6,0,0.10183965841447706,0,11,default,Test
AST-2031,2024-11-20,8,0,0.34272802622998266,0,11,default,Test
AST-3008,2024-11-20,8,0,0.24385841442068548,0,11,default,Test
AST-3019,2024-11-20,0,0,0.1303531903415154,0,11,default,Test
AST-4055,2024-11-20,3,0,0.30747368229025557,0,11,default,Test
AST-4061,2024-11-20,11,1,0.11135371992078584,0,11,default,Test
AST-5003,2024-11-20,20,1,0.23402879196326995,0,11,default,Test
AST-5007,2024-11-20,0,0,0.09071067235706642,0,11,default,Test
AST-1041,2024-11-21,6,0,0.2265788331638257,0,11,default,Test
AST-1042,2024-11-21,6,0,0.18392582122587456,0,11,default,Test
AST-2017,2024-11-21,9,0,0.1091681517531489,0,11,default,Test
AST-2031,2024-11-21,17,1,0.3091842383480396,0,11,default,Test
AST-3008,2024-11-21,4,0,0.0884243311853198,0,11,default,Test
AST-3019,2024-11-21,6,0,0.11173567056238741,0,11,default,Test
AST-4055,2024-11-21,8,0,0.2590689284603356,0,11,default,Test
AST-4061,2024-11-21,4,0,0.08595055976503967,0,11,default,Test
AST-5003,2024-11-21,12,1,0.16267510649644867,0,11,default,Test
AST-5007,2024-11-21,6,0,0.08965438097934919,0,11,default,Test
AST-1041,2024-11-22,12,1,0.18492127336987005,0,11,default,Test
AST-1042,2024-11-22,6,0,0.22099193632974834,0,11,default,Test
AST-2017,2024-11-22,7,0,0.10955056445987173,0,11,default,Test
AST-2031,2024-11-22,0,0,0.3243987035079408,0,11,default,Test
AST-3008,2024-11-22,2,0,0.12555799009714058,0,11,default,Test
AST-3019,2024-11-22,4,0,0.13920157341360798,0,11,default,Test
AST-4055,2024-11-22,9,0,0.26172417114809937,0,11,default,Test
AST-4061,2024-11-22,6,0,0.13486152804393808,0,11,default,Test
AST-5003,2024-11-22,15,1,0.22641591612112386,0,11,default,Test
AST-5007,2024-11-22,2,0,0.07232388051631039,0,11,default,Test
AST-1041,2024-11-23,0,0,0.1344047538590654,0,11,default,Test
AST-1042,2024-11-23,0,0,0.14310799557172524,0,11,default,Test
AST-2017,2024-11-23,0,0,0.06793035677492779,0,11,default,Test
AST-2031,2024-11-23,0,0,0.19000126320640273,0,11,default,Test
AST-3008,2024-11-23,0,0,0.09466640340798547,0,11,default,Test
AST-3019,2024-11-23,0,0,0.08278213477653022,0,11,default,Test
AST-4055,2024-11-23,0,0,0.21732762531658886,0,11,default,Test
AST-4061,2024-11-23,0,0,0.054724553657734674,0,11,default,Test
AST-5003,2024-11-23,0,0,0.11654749750676925,0,11,default,Test
AST-5007,2024-11-23,0,0,0.05081543054554249,0,11,default,Test
AST-1041,2024-11-24,0,0,0.127561637286106,0,11,default,Test
AST-1042,2024-11-24,0,0,0.12787672763765423,0,11,default,Test
AST-2017,2024-11-24,0,0,0.08114978590997413,0,11,default,Test
AST-2031,2024-11-24,0,0,0.2807873005814368,0,11,default,Test
AST-3008,2024-11-24,0,0,0.10269480277306818,0,11,default,Test
AST-3019,2024-11-24,0,0,0.10164545607603764,0,11,default,Test
AST-4055,2024-11-24,0,0,0.1376729562959557,0,11,default,Test
AST-4061,2024-11-24,0,0,0.05824866949911855,0,11,default,Test
AST-5003,2024-11-24,0,0,0.10655691735680711,0,11,default,Test
AST-5007,2024-11-24,0,0,0.07005709562294651,0,11,default,Test
AST-1041,2024-11-25,4,0,0.1762177166610283,0,11,default,Test
AST-1042,2024-11-25,6,0,0.20520649541137376,0,11,default,Test
AST-2017,2024-11-25,5,0,0.14144676369665682,0,11,default,Test
AST-2031,2024-11-25,8,0,0.3433636641899984,0,11,default,Test
AST-3008,2024-11-25,3,0,0.12001479599260713,0,11,default,Test
AST-3019,2024-11-25,8,0,0.15376213647622786,0,11,default,Test
AST-4055,2024-11-25,7,0,0.2897083231498521,0,11,default,Test
AST-4061,2024-11-25,4,0,0.07742190706895538,0,11,default,Test
AST-5003,2024-11-25,9,0,0.1994374272249962,0,11,default,Test
AST-5007,2024-11-25,6,0,0.09608591650180662,0,11,default,Test
AST-1041,2024-11-26,2,0,0.2090187472172832,0,11,default,Test
AST-1042,2024-11-26,4,0,0.18906221863082667,0,11,default,Test
AST-2017,2024-11-26,4,0,0.12315841952282085,0,11,default,Test
AST-2031,2024-11-26,8,0,0.30346838913439805,0,11,default,Test
AST-3008,2024-11-26,5,0,0.1364348130062108,0,11,default,Test
AST-3019,2024-11-26,5,0,0.1176998268206027,0,11,default,Test
AST-4055,2024-11-26,15,1,0.22841126300149622,0,11,default,Test
AST-4061,2024-11-26,3,0,0.11146458335243403,0,11,default,Test
AST-5003,2024-11-26,9,0,0.2384399773753554,0,11,default,Test
AST-5007,2024-11-26,10,0,0.09079363175985677,0,11,default,Test
AST-1041,2024-11-27,6,0,0.20249021449210552,0,11,default,Test
AST-1042,2024-11-27,4,0,0.21906051652258704,0,11,default,Test
AST-2017,2024-11-27,11,1,0.14248960374023154,0,11,default,Test
AST-2031,2024-11-27,15,1,0.2875504545171728,0,11,default,Test
AST-3008,2024-11-27,5,0,0.1404243876880024,0,11,default,Test
AST-3019,2024-11-27,6,0,0.12781671203518782,0,11,default,Test
AST-4055,2024-11-27,2,0,0.25512947209259695,0,11,default,Test
AST-4061,2024-11-27,6,0,0.08660206072826866,0,11,default,Test
AST-5003,2024-11-27,15,1,0.15704843439293117,0,11,default,Test
AST-5007,2024-11-27,10,0,0.08173179088260292,0,11,default,Test
AST-1041,2024-11-28,11,1,0.2607316188310031,0,11,default,Test
AST-1042,2024-11-28,8,0,0.22325269745359105,0,11,default,Test
AST-2017,2024-11-28,11,1,0.13196732493536598,0,11,default,Test
AST-2031,2024-11-28,9,0,0.3070432197455032,0,11,default,Test
AST-3008,2024-11-28,4,0,0.11551950433394319,0,11,default,Test
AST-3019,2024-11-28,6,0,0.1398534386255781,0,11,default,Test
AST-4055,2024-11-28,8,0,0.2771513895787243,0,11,default,Test
AST-4061,2024-11-28,6,0,0.07915344955316986,0,11,default,Test
AST-5003,2024-11-28,12,1,0.20055511821932653,0,11,default,Test
AST-5007,2024-11-28,9,0,0.09160540504374598,0,11,default,Test
AST-1041,2024-11-29,8,0,0.158690531391449,0,11,default,Test
AST-1042,2024-11-29,2,0,0.20037721213843926,0,11,default,Test
AST-2017,2024-11-29,8,0,0.13006518109999848,0,11,default,Test
AST-2031,2024-11-29,10,0,0.3325715714513396,0,11,default,Test
AST-3008,2024-11-29,0,0,0.12088345099151156,0,11,default,Test
AST-3019,2024-11-29,6,0,0.11465903144820742,0,11,default,Test
AST-4055,2024-11-29,13,1,0.2671329136085034,0,11,default,Test
AST-4061,2024-11-29,6,0,0.11880900887294688,0,11,default,Test
AST-5003,2024-11-29,11,1,0.23554382502131954,0,11,default,Test
AST-5007,2024-11-29,0,0,0.12315593430181938,0,11,default,Test
AST-1041,2024-11-30,0,0,0.0940845421825872,0,11,default,Test
AST-1042,2024-11-30,0,0,0.18619666704715224,0,11,default,Test
AST-2017,2024-11-30,0,0,0.08030707520269414,0,11,default,Test
AST-2031,2024-11-30,0,0,0.26742939821552236,0,11,default,Test
AST-3008,2024-11-30,0,0,0.060461691645671674,0,11,default,Test
AST-3019,2024-11-30,0,0,0.10558170508946339,0,11,default,Test
AST-4055,2024-11-30,0,0,0.1928149100302925,0,11,default,Test
AST-4061,2024-11-30,0,0,0.05514193122969577,0,11,default,Test
AST-5003,2024-11-30,0,0,0.13654150345109256,0,11,default,Test
AST-5007,2024-11-30,0,0,0.07987011907946343,0,11,default,Test
AST-1041,2024-12-01,0,0,0.10080731529680619,0,11,default,Test
AST-1042,2024-12-01,0,0,0.13562600147848577,0,11,default,Test
AST-2017,2024-12-01,0,0,0.09420080864490955,0,11,default,Test
AST-2031,2024-12-01,0,0,0.31478957548959496,0,11,default,Test
AST-3008,2024-12-01,0,0,0.05933897718509881,0,11,default,Test
AST-3019,2024-12-01,0,0,0.06833387797988025,0,11,default,Test
AST-4055,2024-12-01,0,0,0.18548919311564985,0,11,default,Test
AST-4061,2024-12-01,0,0,0.07265734598391879,0,11,default,Test
AST-5003,2024-12-01,0,0,0.10169744747555888,0,11,default,Test
AST-5007,2024-12-01,0,0,0.07687456003802375,0,11,default,Test
AST-1041,2024-12-02,7,0,0.18369489133377587,0,11,default,Test
AST-1042,2024-12-02,12,1,0.18663307857689077,0,11,default,Test
AST-2017,2024-12-02,11,1,0.14139352349695028,0,11,default,Test
AST-2031,2024-12-02,2,0,0.32835688961962883,0,11,default,Test
AST-3008,2024-12-02,12,1,0.13533688868784494,0,11,default,Test
AST-3019,2024-12-02,4,0,0.11328534284005155,0,11,default,Test
AST-4055,2024-12-02,7,0,0.2918104838366815,0,11,default,Test
AST-4061,2024-12-02,9,0,0.11809719978969804,0,11,default,Test
AST-5003,2024-12-02,6,0,0.21333427075573597,0,11,default,Test
AST-5007,2024-12-02,5,0,0.118431146323941,0,11,default,Test
AST-1041,2024-12-03,7,0,0.21223892397833882,0,11,default,Test
AST-1042,2024-12-03,4,0,0.1668647928409807,0,11,default,Test
AST-2017,2024-12-03,10,0,0.13548013628343739,0,11,default,Test
AST-2031,2024-12-03,4,0,0.3148804631062799,0,11,default,Test
AST-3008,2024-12-03,2,0,0.13237143643831267,0,11,default,Test
AST-3019,2024-12-03,0,0,0.123615837881097,0,11,default,Test
AST-4055,2024-12-03,13,1,0.2227345901239982,0,11,default,Test
AST-4061,2024-12-03,12,1,0.11038481413121319,0,11,default,Test
AST-5003,2024-12-03,9,0,0.20699396764497732,0,11,default,Test
AST-5007,2024-12-03,3,0,0.09064437787959781,0,11,default,Test
AST-1041,2024-12-04,4,0,0.21569892715566485,0,11,default,Test
AST-1042,2024-12-04,8,0,0.23531190790238313,0,11,default,Test
AST-2017,2024-12-04,17,1,0.14218270187562043,0,11,default,Test
AST-2031,2024-12-04,10,0,0.3784683609814306,0,11,default,Test
AST-3008,2024-12-04,4,0,0.1123921472055558,0,11,default,Test
AST-3019,2024-12-04,6,0,0.12037455875301067,0,11,default,Test
AST-4055,2024-12-04,10,0,0.2237745261218377,0,11,default,Test
AST-4061,2024-12-04,4,0,0.11487860497581066,0,11,default,Test
AST-5003,2024-12-04,8,0,0.20432462208104624,0,11,default,Test
AST-5007,2024-12-04,12,1,0.08960640922663393,0,11,default,Test
AST-1041,2024-12-05,5,0,0.18929406249804817,0,11,default,Test
AST-1042,2024-12-05,4,0,0.2049264618049907,0,11,default,Test
AST-2017,2024-12-05,5,0,0.1325756314033765,0,11,default,Test
AST-2031,2024-12-05,7,0,0.40310424776412634,0,11,default,Test
AST-3008,2024-12-05,9,0,0.13542414264511654,0,11,default,Test
AST-3019,2024-12-05,18,1,0.12596364383389613,0,11,default,Test
AST-4055,2024-12-05,6,0,0.25635096738162455,0,11,default,Test
AST-4061,2024-12-05,10,0,0.1155484575420098,0,11,default,Test
AST-5003,2024-12-05,8,0,0.20378468627437238,0,11,default,Test
AST-5007,2024-12-05,9,0,0.08895569140424597,0,11,default,Test
AST-1041,2024-12-06,6,0,0.21269129252070765,0,11,default,Test
AST-1042,2024-12-06,10,0,0.16145822038627422,0,11,default,Test
AST-2017,2024-12-06,15,1,0.17825774758031335,0,11,default,Test
AST-2031,2024-12-06,6,0,0.3156195169284821,0,11,default,Test
AST-3008,2024-12-06,4,0,0.12683638519165505,0,11,default,Test
AST-3019,2024-12-06,2,0,0.09852496649977151,0,11,default,Test
AST-4055,2024-12-06,5,0,0.27388774526750825,0,11,default,Test
AST-4061,2024-12-06,4,0,0.09395901893034242,0,11,default,Test
AST-5003,2024-12-06,9,0,0.1613978033052805,0,11,default,Test
AST-5007,2024-12-06,0,0,0.09118081708249454,0,11,default,Test
AST-1041,2024-12-07,0,0,0.13634992832659876,0,11,default,Test
AST-1042,2024-12-07,0,0,0.127238328517657,0,11,default,Test
AST-2017,2024-12-07,0,0,0.09240291656812323,0,11,default,Test
AST-2031,2024-12-07,0,0,0.23680461134302075,0,11,default,Test
AST-3008,2024-12-07,0,0,0.07267843124894872,0,11,default,Test
AST-3019,2024-12-07,0,0,0.08575727339826007,0,11,default,Test
AST-4055,2024-12-07,0,0,0.2172838998880924,0,11,default,Test
AST-4061,2024-12-07,0,0,0.20560058536103099,0,11,default,Test
AST-5003,2024-12-07,0,0,0.14055078666284024,0,11,default,Test
AST-5007,2024-12-07,0,0,0.07468071829543807,0,11,default,Test
AST-1041,2024-12-08,0,0,0.12492132511928399,0,11,default,Test
AST-1042,2024-12-08,0,0,0.17286071210149112,0,11,default,Test
AST-2017,2024-12-08,0,0,0.07831963126095974,0,11,default,Test
AST-2031,2024-12-08,0,0,0.23624499498170226,0,11,default,Test
AST-3008,2024-12-08,0,0,0.06417717485027224,0,11,default,Test
AST-3019,2024-12-08,0,0,0.06490607845482614,0,11,default,Test
AST-4055,2024-12-08,0,0,0.28484766611016143,0,11,default,Test
AST-4061,2024-12-08,0,0,0.0769052668873976,0,11,default,Test
AST-5003,2024-12-08,0,0,0.11941474352294906,0,11,default,Test
AST-5007,2024-12-08,0,0,0.06936302535554754,0,11,default,Test
AST-1041,2024-12-09,4,0,0.23204054753334843,0,11,default,Test
AST-1042,2024-12-09,7,0,0.23644759359931117,0,11,default,Test
AST-2017,2024-12-09,4,0,0.11671469000824612,0,11,default,Test
AST-2031,2024-12-09,3,0,0.3132440113576299,0,11,default,Test
AST-3008,2024-12-09,4,0,0.1451744416144839,0,11,default,Test
AST-3019,2024-12-09,2,0,0.2564512371040568,0,11,default,Test
AST-4055,2024-12-09,3,0,0.28595305068022914,0,11,default,Test
AST-4061,2024-12-09,24,1,0.10330670846732763,0,11,default,Test
AST-5003,2024-12-09,12,1,0.1962914723690534,0,11,default,Test
AST-5007,2024-12-09,12,1,0.11331700915044185,0,11,default,Test
AST-1041,2024-12-10,4,0,0.20201278803165457,0,11,default,Test
AST-1042,2024-12-10,24,1,0.25040205716201497,0,11,default,Test
AST-2017,2024-12-10,18,1,0.1394998561317157,0,11,default,Test
AST-2031,2024-12-10,7,0,0.295780051407747,0,11,default,Test
AST-3008,2024-12-10,10,0,0.10779868914218851,0,11,default,Test
AST-3019,2024-12-10,3,0,0.26129280799757565,0,11,default,Test
AST-4055,2024-12-10,20,1,0.22295648353496333,0,11,default,Test
AST-4061,2024-12-10,8,0,0.10021128382119954,0,11,default,Test
AST-5003,2024-12-10,6,0,0.1479663587765347,0,11,default,Test
AST-5007,2024-12-10,2,0,0.08710295687227813,0,11,default,Test
AST-1041,2024-12-11,6,0,0.1793288139572173,0,11,default,Test
AST-1042,2024-12-11,0,0,0.18701296814330487,0,11,default,Test
AST-2017,2024-12-11,13,1,0.10624769757253168,0,11,default,Test
AST-2031,2024-12-11,8,0,0.3079140795691657,0,11,default,Test
AST-3008,2024-12-11,9,0,0.11411566300768758,0,11,default,Test
AST-3019,2024-12-11,16,1,0.11660035693576161,0,11,default,Test
AST-4055,2024-12-11,3,0,0.2738122357864655,0,11,default,Test
AST-4061,2024-12-11,3,0,0.14305628960154515,0,11,default,Test
AST-5003,2024-12-11,3,0,0.13499234541939292,0,11,default,Test
AST-5007,2024-12-11,3,0,0.09859478270662542,0,11,default,Test
AST-1041,2024-12-12,12,1,0.2198365571248926,0,11,default,Test
AST-1042,2024-12-12,14,1,0.23736852018430948,0,11,default,Test
AST-2017,2024-12-12,11,1,0.12524213450622107,0,11,default,Test
AST-2031,2024-12-12,4,0,0.3450651151163941,0,11,default,Test
AST-3008,2024-12-12,10,0,0.15033370310580194,0,11,default,Test
AST-3019,2024-12-12,6,0,0.12049997268152698,0,11,default,Test
AST-4055,2024-12-12,10,0,0.2407428910460159,0,11,default,Test
AST-4061,2024-12-12,18,1,0.13149339126992898,0,11,default,Test
AST-5003,2024-12-12,10,0,0.16236738208415627,0,11,default,Test
AST-5007,2024-12-12,2,0,0.09888245121916597,0,11,default,Test
AST-1041,2024-12-13,1,0,0.19351665174094396,0,11,default,Test
AST-1042,2024-12-13,10,0,0.2611551233500378,0,11,default,Test
AST-2017,2024-12-13,11,1,0.12189805424009571,0,11,default,Test
AST-2031,2024-12-13,4,0,0.280988860010464,0,11,default,Test
AST-3008,2024-12-13,7,0,0.13622454773717935,0,11,default,Test
AST-3019,2024-12-13,8,0,0.11394280051759915,0,11,default,Test
AST-4055,2024-12-13,12,1,0.26710597988050133,0,11,default,Test
AST-4061,2024-12-13,4,0,0.09752293815414358,0,11,default,Test
AST-5003,2024-12-13,9,0,0.1862955247027331,0,11,default,Test
AST-5007,2024-12-13,2,0,0.12266819684586314,0,11,default,Test
AST-1041,2024-12-14,0,0,0.10258273302286121,0,11,default,Test
AST-1042,2024-12-14,0,0,0.12216876798352815,0,11,default,Test
AST-2017,2024-12-14,0,0,0.08672607002951511,0,11,default,Test
AST-2031,2024-12-14,0,0,0.22274924906663332,0,11,default,Test
AST-3008,2024-12-14,0,0,0.07852852406082757,0,11,default,Test
AST-3019,2024-12-14,0,0,0.07215629692815415,0,11,default,Test
AST-4055,2024-12-14,0,0,0.17894831303519607,0,11,default,Test
AST-4061,2024-12-14,0,0,0.08035274400653618,0,11,default,Test
AST-5003,2024-12-14,0,0,0.15881682577290793,0,11,default,Test
AST-5007,2024-12-14,0,0,0.04175200356852137,0,11,default,Test
AST-1041,2024-12-15,0,0,0.14871273735169174,0,11,default,Test
AST-1042,2024-12-15,0,0,0.13840596306530414,0,11,default,Test
AST-2017,2024-12-15,0,0,0.08376619714903001,0,11,default,Test
AST-2031,2024-12-15,0,0,0.2797354353946599,0,11,default,Test
AST-3008,2024-12-15,0,0,0.0733077494566328,0,11,default,Test
AST-3019,2024-12-15,0,0,0.07458977093482558,0,11,default,Test
AST-4055,2024-12-15,0,0,0.1738798181819019,0,11,default,Test
AST-4061,2024-12-15,0,0,0.06848313062406192,0,11,default,Test
AST-5003,2024-12-15,0,0,0.11016460016463771,0,11,default,Test
AST-5007,2024-12-15,0,0,0.07084252780737924,0,11,default,Test
AST-1041,2024-12-16,10,0,0.1475203277600355,0,11,default,Test
AST-1042,2024-12-16,6,0,0.17360095800837666,0,11,default,Test
AST-2017,2024-12-16,6,0,0.10793618119578606,0,11,default,Test
AST-2031,2024-12-16,6,0,0.3373686107443957,0,11,default,Test
AST-3008,2024-12-16,12,1,0.13902305278566018,0,11,default,Test
AST-3019,2024-12-16,11,1,0.10681039025426026,0,11,default,Test
AST-4055,2024-12-16,10,0,0.3064109689227675,0,11,default,Test
AST-4061,2024-12-16,0,0,0.12710275636039528,0,11,default,Test
AST-5003,2024-12-16,1,0,0.23552948073774757,0,11,default,Test
AST-5007,2024-12-16,6,0,0.09213604481922423,0,11,default,Test
AST-1041,2024-12-17,4,0,0.19821509147670588,0,11,default,Test
AST-1042,2024-12-17,4,0,0.20905087265022188,0,11,default,Test
AST-2017,2024-12-17,15,1,0.109511846796317,0,11,default,Test
AST-2031,2024-12-17,12,1,0.33209309651536,0,11,default,Test
AST-3008,2024-12-17,4,0,0.12622560440879735,0,11,default,Test
AST-3019,2024-12-17,7,0,0.14439954597766078,0,11,default,Test
AST-4055,2024-12-17,10,0,0.3322385235227841,0,11,default,Test
AST-4061,2024-12-17,8,0,0.1129302472670754,0,11,default,Test
AST-5003,2024-12-17,0,0,0.2189197185214986,0,11,default,Test
AST-5007,2024-12-17,4,0,0.08727929417581275,0,11,default,Test
AST-1041,2024-12-18,5,0,0.1659378961892259,0,11,default,Test
AST-1042,2024-12-18,6,0,0.21433322613371655,0,11,default,Test
AST-2017,2024-12-18,16,1,0.15348631834681073,0,11,default,Test
AST-2031,2024-12-18,10,0,0.3470092489970087,0,11,default,Test
AST-3008,2024-12-18,6,0,0.3188161539634141,0,11,default,Test
AST-3019,2024-12-18,8,0,0.13382113344928817,0,11,default,Test
AST-4055,2024-12-18,9,0,0.2534786913885416,0,11,default,Test
AST-4061,2024-12-18,10,0,0.11483804529252808,0,11,default,Test
AST-5003,2024-12-18,4,0,0.15468534765039516,0,11,default,Test
AST-5007,2024-12-18,2,0,0.09202819474148606,0,11,default,Test
AST-1041,2024-12-19,6,0,0.19570665708952545,0,11,default,Test
AST-1042,2024-12-19,10,0,0.21976581624117134,0,11,default,Test
AST-2017,2024-12-19,3,0,0.16169810189924322,0,11,default,Test
AST-2031,2024-12-19,0,0,0.3026223342388962,0,11,default,Test
AST-3008,2024-12-19,9,0,0.2520489504720065,0,11,default,Test
AST-3019,2024-12-19,8,0,0.10629199838322409,0,11,default,Test
AST-4055,2024-12-19,11,1,0.2930030716795478,0,11,default,Test
AST-4061,2024-12-19,7,0,0.12819691215849277,0,11,default,Test
AST-5003,2024-12-19,10,0,0.20773816893584823,0,11,default,Test
AST-5007,2024-12-19,16,1,0.07641826279948177,0,11,default,Test
AST-1041,2024-12-20,4,0,0.20405828355250094,0,11,default,Test
AST-1042,2024-12-20,4,0,0.20214496656352313,0,11,default,Test
AST-2017,2024-12-20,8,0,0.13396003344036084,0,11,default,Test
AST-2031,2024-12-20,14,1,0.2085373777251981,0,11,default,Test
AST-3008,2024-12-20,6,0,0.31479412190050315,0,11,default,Test
AST-3019,2024-12-20,6,0,0.12026563763574678,0,11,default,Test
AST-4055,2024-12-20,10,0,0.26084970253570217,0,11,default,Test
AST-4061,2024-12-20,6,0,0.12609568089207338,0,11,default,Test
AST-5003,2024-12-20,10,0,0.18331092137993485,0,11,default,Test
AST-5007,2024-12-20,6,0,0.11089514990726644,0,11,default,Test
AST-1041,2024-12-21,0,0,0.09589558356541317,0,11,default,Test
AST-1042,2024-12-21,0,0,0.12823844893680011,0,11,default,Test
AST-2017,2024-12-21,0,0,0.08254543483004026,0,11,default,Test
AST-2031,2024-12-21,0,0,0.2076545737384925,0,11,default,Test
AST-3008,2024-12-21,0,0,0.07260412597435839,0,11,default,Test
AST-3019,2024-12-21,0,0,0.07658201650436615,0,11,default,Test
AST-4055,2024-12-21,0,0,0.18708606303174002,0,11,default,Test
AST-4061,2024-12-21,0,0,0.06477878208416608,0,11,default,Test
AST-5003,2024-12-21,0,0,0.11134722023280556,0,11,default,Test
AST-5007,2024-12-21,0,0,0.07464020116078038,0,11,default,Test
AST-1041,2024-12-22,0,0,0.10217008538888332,0,11,default,Test
AST-1042,2024-12-22,0,0,0.1368207663871683,0,11,default,Test
AST-2017,2024-12-22,0,0,0.09511114773443467,0,11,default,Test
AST-2031,2024-12-22,0,0,0.2671363344281947,0,11,default,Test
AST-3008,2024-12-22,0,0,0.07435445011964321,0,11,default,Test
AST-3019,2024-12-22,0,0,0.07990945509311301,0,11,default,Test
AST-4055,2024-12-22,0,0,0.24878817629742853,0,11,default,Test
AST-4061,2024-12-22,0,0,0.06968135975140298,0,11,default,Test
AST-5003,2024-12-22,0,0,0.12483812310378761,0,11,default,Test
AST-5007,2024-12-22,0,0,0.06192885755272035,0,11,default,Test
AST-1041,2024-12-23,6,0,0.20094687455975188,0,11,default,Test
AST-1042,2024-12-23,2,0,0.17482299935026246,0,11,default,Test
AST-2017,2024-12-23,17,1,0.2720744394473283,0,11,default,Test
AST-2031,2024-12-23,3,0,0.296332228328546,0,11,default,Test
AST-3008,2024-12-23,4,0,0.12619327218657153,0,11,default,Test
AST-3019,2024-12-23,7,0,0.14295849537851457,0,11,default,Test
AST-4055,2024-12-23,6,0,0.2642411875881909,0,11,default,Test
AST-4061,2024-12-23,12,1,0.10633625121132785,0,11,default,Test
AST-5003,2024-12-23,11,1,0.1788134324292042,0,11,default,Test
AST-5007,2024-12-23,2,0,0.10221104602022939,0,11,default,Test
AST-1041,2024-12-24,18,1,0.26571667337974675,0,11,default,Test
AST-1042,2024-12-24,6,0,0.20306814391984612,0,11,default,Test
AST-2017,2024-12-24,10,0,0.11610240021927569,0,11,default,Test
AST-2031,2024-12-24,2,0,0.3658563346058711,0,11,default,Test
AST-3008,2024-12-24,6,0,0.12864086759711257,0,11,default,Test
AST-3019,2024-12-24,4,0,0.10942754371554826,0,11,default,Test
AST-4055,2024-12-24,14,1,0.2726659304679458,0,11,default,Test
AST-4061,2024-12-24,5,0,0.09030359871680274,0,11,default,Test
AST-5003,2024-12-24,2,0,0.1352507589081138,0,11,default,Test
AST-5007,2024-12-24,12,1,0.12495983161740905,0,11,default,Test
AST-1041,2024-12-25,4,0,0.23832861593736926,0,11,default,Test
AST-1042,2024-12-25,4,0,0.17244013257161547,0,11,default,Test
AST-2017,2024-12-25,12,1,0.11867685541589088,0,11,default,Test
AST-2031,2024-12-25,15,1,0.35814578097959054,0,11,default,Test
AST-3008,2024-12-25,8,0,0.13808180219833865,0,11,default,Test
AST-3019,2024-12-25,12,1,0.1185779336235683,0,11,default,Test
AST-4055,2024-12-25,10,0,0.28405927306294654,0,11,default,Test
AST-4061,2024-12-25,1,0,0.1061609297564864,0,11,default,Test
AST-5003,2024-12-25,11,1,0.15997401284581325,0,11,default,Test
AST-5007,2024-12-25,10,0,0.085807131105768,0,11,default,Test
AST-1041,2024-12-26,2,0,0.1916413878137568,0,11,default,Test
AST-1042,2024-12-26,4,0,0.20674216589584454,0,11,default,Test
AST-2017,2024-12-26,19,1,0.1258796915737101,0,11,default,Test
AST-2031,2024-12-26,8,0,0.31492608496226837,0,11,default,Test
AST-3008,2024-12-26,2,0,0.11399386022554203,0,11,default,Test
AST-3019,2024-12-26,0,0,0.1359194142582664,0,11,default,Test
AST-4055,2024-12-26,14,1,0.32578467891049706,0,11,default,Test
AST-4061,2024-12-26,6,0,0.1368057541609417,0,11,default,Test
AST-5003,2024-12-26,1,0,0.16972402216839566,0,11,default,Test
AST-5007,2024-12-26,7,0,0.09428690387190992,0,11,default,Test
AST-1041,2024-12-27,7,0,0.1869216154493962,0,11,default,Test
AST-1042,2024-12-27,8,0,0.20889606968489946,0,11,default,Test
AST-2017,2024-12-27,11,1,0.10571094323374194,0,11,default,Test
AST-2031,2024-12-27,8,0,0.3134710630520708,0,11,default,Test
AST-3008,2024-12-27,3,0,0.11857372184844454,0,11,default,Test
AST-3019,2024-12-27,8,0,0.09200989733778188,0,11,default,Test
AST-4055,2024-12-27,12,1,0.2660409359816529,0,11,default,Test
AST-4061,2024-12-27,18,1,0.159024646846059,0,11,default,Test
AST-5003,2024-12-27,16,1,0.18401784074706,0,11,default,Test
AST-5007,2024-12-27,1,0,0.08420432031156798,0,11,default,Test
AST-1041,2024-12-28,0,0,0.10266312293841143,0,11,default,Test
AST-1042,2024-12-28,0,0,0.13874386357239477,0,11,default,Test
AST-2017,2024-12-28,0,0,0.07455625713933782,0,11,default,Test
AST-2031,2024-12-28,0,0,0.23739536843710696,0,11,default,Test
AST-3008,2024-12-28,0,0,0.072701930063926,0,11,default,Test
AST-3019,2024-12-28,0,0,0.09575104977495008,0,11,default,Test
AST-4055,2024-12-28,0,0,0.2054673080825047,0,11,default,Test
AST-4061,2024-12-28,0,0,0.16155914529282178,0,11,default,Test
AST-5003,2024-12-28,0,0,0.13003948500777335,0,11,default,Test
AST-5007,2024-12-28,0,0,0.07874305814820184,0,11,default,Test
AST-1041,2024-12-29,0,0,0.09148950419358419,0,11,default,Test
AST-1042,2024-12-29,0,0,0.11487584197102532,0,11,default,Test
AST-2017,2024-12-29,0,0,0.08158739343860397,0,11,default,Test
AST-2031,2024-12-29,0,0,0.2489546497893172,0,11,default,Test
AST-3008,2024-12-29,0,0,0.06396894400800679,0,11,default,Test
AST-3019,2024-12-29,0,0,0.07025294216326998,0,11,default,Test
AST-4055,2024-12-29,0,0,0.2136692973640351,0,11,default,Test
AST-4061,2024-12-29,0,0,0.06314628409845886,0,11,default,Test
AST-5003,2024-12-29,0,0,0.11781370003327345,0,11,default,Test
AST-5007,2024-12-29,0,0,0.06612652548178388,0,11,default,Test
AST-1041,2024-12-30,4,0,0.4056370418511816,0,11,default,Test
AST-1042,2024-12-30,2,0,0.23242332973245594,0,11,default,Test
AST-2017,2024-12-30,7,0,0.1320848650080203,0,11,default,Test
AST-2031,2024-12-30,2,0,0.3135690485853532,0,11,default,Test
AST-3008,2024-12-30,0,0,0.15168437565740234,0,11,default,Test
AST-3019,2024-12-30,0,0,0.16183072965382253,0,11,default,Test
AST-4055,2024-12-30,11,1,0.3195766654242328,0,11,default,Test
AST-4061,2024-12-30,8,0,0.26365912286889986,0,11,default,Test
AST-5003,2024-12-30,10,0,0.21461471142837357,0,11,default,Test
AST-5007,2024-12-30,6,0,0.09197412400989476,0,11,default,Test
AST-1041,2024-12-31,1,0,0.17500805077838952,0,11,default,Test
AST-1042,2024-12-31,5,0,0.1892053596330894,0,11,default,Test
AST-2017,2024-12-31,12,1,0.13525370570580691,0,11,default,Test
AST-2031,2024-12-31,11,1,0.25164834183219587,0,11,default,Test
AST-3008,2024-12-31,4,0,0.1638560283480002,0,11,default,Test
AST-3019,2024-12-31,12,1,0.13351861605329413,0,11,default,Test
AST-4055,2024-12-31,10,0,0.2714009430296671,0,11,default,Test
AST-4061,2024-12-31,7,0,0.07039691791048226,0,11,default,Test
AST-5003,2024-12-31,10,0,0.24327515083118434,0,11,default,Test
AST-5007,2024-12-31,3,0,0.11031444108336172,0,11,default,Test
AST-1041,2025-01-01,6,0,0.22813779104570453,0,11,default,Test
AST-1042,2025-01-01,10,0,0.18227427143866012,0,11,default,Test
AST-2017,2025-01-01,6,0,0.12951302770386128,0,11,default,Test
AST-2031,2025-01-01,17,1,0.3274519811921385,0,11,default,Test
AST-3008,2025-01-01,7,0,0.16515087261033673,0,11,default,Test
AST-3019,2025-01-01,8,0,0.11278619571329904,0,11,default,Test
AST-4055,2025-01-01,11,1,0.29743071018047557,0,11,default,Test
AST-4061,2025-01-01,9,0,0.24305837039127734,0,11,default,Test
AST-5003,2025-01-01,6,0,0.21446935655371688,0,11,default,Test
AST-5007,2025-01-01,8,0,0.11519632035807785,0,11,default,Test
AST-1041,2024-07-21,0,0,0.34498749163788983,0,11,balanced,Test
AST-1042,2024-07-21,0,0,0.4275593891525536,0,11,balanced,Test
AST-2017,2024-07-21,0,0,0.3036784780323994,0,11,balanced,Test
AST-2031,2024-07-21,0,0,0.6249657037292813,1,11,balanced,Test
AST-3008,2024-07-21,0,0,0.2448303653573589,0,11,balanced,Test
AST-3019,2024-07-21,0,0,0.24558882984471972,0,11,balanced,Test
AST-4055,2024-07-21,0,0,0.509997837905401,1,11,balanced,Test
AST-4061,2024-07-21,0,0,0.24987882670667222,0,11,balanced,Test
AST-5003,2024-07-21,0,0,0.47562165633258296,0,11,balanced,Test
AST-5007,2024-07-21,0,0,0.24263016381826194,0,11,balanced,Test
AST-1041,2024-07-22,10,0,0.629019677803896,1,11,balanced,Test
AST-1042,2024-07-22,6,0,0.5820710523385086,1,11,balanced,Test
AST-2017,2024-07-22,23,1,0.46478616790567007,0,11,balanced,Test
AST-2031,2024-07-22,10,0,0.752754056431998,1,11,balanced,Test
AST-3008,2024-07-22,7,0,0.42459060832317236,0,11,balanced,Test
AST-3019,2024-07-22,5,0,0.4307760335604039,0,11,balanced,Test
AST-4055,2024-07-22,11,1,0.6730612959289428,1,11,balanced,Test
AST-4061,2024-07-22,0,0,0.3986729829377624,0,11,balanced,Test
AST-5003,2024-07-22,14,1,0.538711975039839,1,11,balanced,Test
AST-5007,2024-07-22,7,0,0.2802627228160252,0,11,balanced,Test
AST-1041,2024-07-23,2,0,0.5403169840025407,1,11,balanced,Test
AST-1042,2024-07-23,4,0,0.6455543166974328,1,11,balanced,Test
AST-2017,2024-07-23,12,1,0.6681096511089978,1,11,balanced,Test
AST-2031,2024-07-23,14,1,0.7818890733642816,1,11,balanced,Test
AST-3008,2024-07-23,4,0,0.4264258665514195,0,11,balanced,Test
AST-3019,2024-07-23,7,0,0.412412159929641,0,11,balanced,Test
AST-4055,2024-07-23,6,0,0.6654671600623243,1,11,balanced,Test
AST-4061,2024-07-23,8,0,0.2887960793095903,0,11,balanced,Test
AST-5003,2024-07-23,8,0,0.5617981664956097,1,11,balanced,Test
AST-5007,2024-07-23,4,0,0.3158820669678096,0,11,balanced,Test
AST-1041,2024-07-24,8,0,0.48309837262834376,0,11,balanced,Test
AST-1042,2024-07-24,11,1,0.5246471851557176,1,11,balanced,Test
AST-2017,2024-07-24,16,1,0.3901917942488574,0,11,balanced,Test
AST-2031,2024-07-24,0,0,0.7405824585689821,1,11,balanced,Test
AST-3008,2024-07-24,8,0,0.40470011719312493,0,11,balanced,Test
AST-3019,2024-07-24,14,1,0.3518916583340745,0,11,balanced,Test
AST-4055,2024-07-24,6,0,0.6825849924744978,1,11,balanced,Test
AST-4061,2024-07-24,1,0,0.4342994238878784,0,11,balanced,Test
AST-5003,2024-07-24,9,0,0.5321654365022002,1,11,balanced,Test
AST-5007,2024-07-24,12,1,0.5174155672706096,1,11,balanced,Test
AST-1041,2024-07-25,9,0,0.5293481646739597,1,11,balanced,Test
AST-1042,2024-07-25,4,0,0.5258676111116448,1,11,balanced,Test
AST-2017,2024-07-25,8,0,0.41761928749960037,0,11,balanced,Test
AST-2031,2024-07-25,4,0,0.7825217940039626,1,11,balanced,Test
AST-3008,2024-07-25,6,0,0.4645578118913488,0,11,balanced,Test
AST-3019,2024-07-25,4,0,0.41774597025049476,0,11,balanced,Test
AST-4055,2024-07-25,7,0,0.6487834467713505,1,11,balanced,Test
AST-4061,2024-07-25,13,1,0.37397915973299034,0,11,balanced,Test
AST-5003,2024-07-25,8,0,0.5564525038667746,1,11,balanced,Test
AST-5007,2024-07-25,4,0,0.3359399046794085,0,11,balanced,Test
AST-1041,2024-07-26,16,1,0.5288113919584524,1,11,balanced,Test
AST-1042,2024-07-26,4,0,0.6369781680476974,1,11,balanced,Test
AST-2017,2024-07-26,20,1,0.44583652523652845,0,11,balanced,Test
AST-2031,2024-07-26,10,0,0.811785103592839,1,11,balanced,Test
AST-3008,2024-07-26,2,0,0.507774138178928,1,11,balanced,Test
AST-3019,2024-07-26,0,0,0.3380486083056398,0,11,balanced,Test
AST-4055,2024-07-26,7,0,0.6451002192335745,1,11,balanced,Test
AST-4061,2024-07-26,10,0,0.41488570833331906,0,11,balanced,Test
AST-5003,2024-07-26,10,0,0.5762356062879478,1,11,balanced,Test
AST-5007,2024-07-26,0,0,0.4037871208356155,0,11,balanced,Test
AST-1041,2024-07-27,0,0,0.35701128350687533,0,11,balanced,Test
AST-1042,2024-07-27,0,0,0.41381572191829064,0,11,balanced,Test
AST-2017,2024-07-27,0,0,0.2657521616286859,0,11,balanced,Test
AST-2031,2024-07-27,0,0,0.6868803277941176,1,11,balanced,Test
AST-3008,2024-07-27,0,0,0.26406193559549856,0,11,balanced,Test
AST-3019,2024-07-27,0,0,0.27664704266812695,0,11,balanced,Test
AST-4055,2024-07-27,0,0,0.56360886562775,1,11,balanced,Test
AST-4061,2024-07-27,0,0,0.20818785512222487,0,11,balanced,Test
AST-5003,2024-07-27,0,0,0.3821924477060861,0,11,balanced,Test
AST-5007,2024-07-27,0,0,0.21534055793239854,0,11,balanced,Test
AST-1041,2024-07-28,0,0,0.374677628906439,0,11,balanced,Test
AST-1042,2024-07-28,0,0,0.37569287841387716,0,11,balanced,Test
AST-2017,2024-07-28,0,0,0.31235155075638477,0,11,balanced,Test
AST-2031,2024-07-28,0,0,0.64068517654681,1,11,balanced,Test
AST-3008,2024-07-28,0,0,0.3299427749782629,0,11,balanced,Test
AST-3019,2024-07-28,0,0,0.26764489047562806,0,11,balanced,Test
AST-4055,2024-07-28,0,0,0.4993398893110344,0,11,balanced,Test
AST-4061,2024-07-28,0,0,0.23470115568625147,0,11,balanced,Test
AST-5003,2024-07-28,0,0,0.3665918439798589,0,11,balanced,Test
AST-5007,2024-07-28,0,0,0.3372987930141926,0,11,balanced,Test
AST-1041,2024-07-29,15,1,0.5121471750591466,1,11,balanced,Test
AST-1042,2024-07-29,8,0,0.5227097766022257,1,11,balanced,Test
AST-2017,2024-07-29,14,1,0.3540570958006939,0,11,balanced,Test
AST-2031,2024-07-29,12,1,0.7859197238014689,1,11,balanced,Test
AST-3008,2024-07-29,6,0,0.44910405727078817,0,11,balanced,Test
AST-3019,2024-07-29,10,0,0.4027025564629977,0,11,balanced,Test
AST-4055,2024-07-29,16,1,0.5745331249925161,1,11,balanced,Test
AST-4061,2024-07-29,3,0,0.38470535302401687,0,11,balanced,Test
AST-5003,2024-07-29,2,0,0.6007876933174565,1,11,balanced,Test
AST-5007,2024-07-29,1,0,0.3303237525198588,0,11,balanced,Test
AST-1041,2024-07-30,4,0,0.5931674217049214,1,11,balanced,Test
AST-1042,2024-07-30,1,0,0.51415695498548,1,11,balanced,Test
AST-2017,2024-07-30,14,1,0.3972550433096593,0,11,balanced,Test
AST-2031,2024-07-30,10,0,0.6770301431349001,1,11,balanced,Test
AST-3008,2024-07-30,10,0,0.4138422718802727,0,11,balanced,Test
AST-3019,2024-07-30,8,0,0.36526113054700876,0,11,balanced,Test
AST-4055,2024-07-30,12,1,0.6938010689834198,1,11,balanced,Test
AST-4061,2024-07-30,0,0,0.3901213349693946,0,11,balanced,Test
AST-5003,2024-07-30,14,1,0.5686055270538296,1,11,balanced,Test
AST-5007,2024-07-30,4,0,0.38442752987195333,0,11,balanced,Test
AST-1041,2024-07-31,2,0,0.5425282317817263,1,11,balanced,Test
AST-1042,2024-07-31,1,0,0.4769505292455289,0,11,balanced,Test
AST-2017,2024-07-31,10,0,0.46946346803892774,0,11,balanced,Test
AST-2031,2024-07-31,8,0,0.7314527485974514,1,11,balanced,Test
AST-3008,2024-07-31,4,0,0.36635154097053835,0,11,balanced,Test
AST-3019,2024-07-31,14,1,0.3997031493528921,0,11,balanced,Test
AST-4055,2024-07-31,10,0,0.6332388418612367,1,11,balanced,Test
AST-4061,2024-07-31,1,0,0.3874021767551231,0,11,balanced,Test
AST-5003,2024-07-31,22,1,0.6372880113157229,1,11,balanced,Test
AST-5007,2024-07-31,6,0,0.3206887139589114,0,11,balanced,Test
AST-1041,2024-08-01,7,0,0.5827273412241322,1,11,balanced,Test
AST-1042,2024-08-01,4,0,0.5728465243287184,1,11,balanced,Test
AST-2017,2024-08-01,6,0,0.5057864277265727,1,11,balanced,Test
AST-2031,2024-08-01,5,0,0.7322342004778926,1,11,balanced,Test
AST-3008,2024-08-01,8,0,0.4351333508237814,0,11,balanced,Test
AST-3019,2024-08-01,1,0,0.3925359827850736,0,11,balanced,Test
AST-4055,2024-08-01,10,0,0.6754713917179319,1,11,balanced,Test
AST-4061,2024-08-01,14,1,0.4234136369902201,0,11,balanced,Test
AST-5003,2024-08-01,10,0,0.46717840956072193,0,11,balanced,Test
AST-5007,2024-08-01,0,0,0.3714325051509032,0,11,balanced,Test
AST-1041,2024-08-02,7,0,0.5770332324176003,1,11,balanced,Test
AST-1042,2024-08-02,8,0,0.5509104791582172,1,11,balanced,Test
AST-2017,2024-08-02,11,1,0.415024062325717,0,11,balanced,Test
AST-2031,2024-08-02,0,0,0.7740970662389266,1,11,balanced,Test
AST-3008,2024-08-02,4,0,0.4691667634275542,0,11,balanced,Test
AST-3019,2024-08-02,8,0,0.4394714004663863,0,11,balanced,Test
AST-4055,2024-08-02,6,0,0.699544191228733,1,11,balanced,Test
AST-4061,2024-08-02,10,0,0.4512437207403056,0,11,balanced,Test
AST-5003,2024-08-02,5,0,0.5283437883899855,1,11,balanced,Test
AST-5007,2024-08-02,0,0,0.31205756006847574,0,11,balanced,Test
AST-1041,2024-08-03,0,0,0.43781743765228853,0,11,balanced,Test
AST-1042,2024-08-03,0,0,0.4908034761649377,0,11,balanced,Test
AST-2017,2024-08-03,0,0,0.3015270240017253,0,11,balanced,Test
AST-2031,2024-08-03,0,0,0.6546304549102845,1,11,balanced,Test
AST-3008,2024-08-03,0,0,0.24791628611436178,0,11,balanced,Test
AST-3019,2024-08-03,0,0,0.22896441005129683,0,11,balanced,Test
AST-4055,2024-08-03,0,0,0.497331847173089,0,11,balanced,Test
AST-4061,2024-08-03,0,0,0.26063411433118266,0,11,balanced,Test
AST-5003,2024-08-03,0,0,0.418303866859516,0,11,balanced,Test
AST-5007,2024-08-03,0,0,0.5110180580901346,1,11,balanced,Test
AST-1041,2024-08-04,0,0,0.2846022010197203,0,11,balanced,Test
AST-1042,2024-08-04,0,0,0.46467420623505673,0,11,balanced,Test
AST-2017,2024-08-04,0,0,0.34086986107339123,0,11,balanced,Test
AST-2031,2024-08-04,0,0,0.7414039527487305,1,11,balanced,Test
AST-3008,2024-08-04,0,0,0.24954243983744318,0,11,balanced,Test
AST-3019,2024-08-04,0,0,0.2947459539055188,0,11,balanced,Test
AST-4055,2024-08-04,0,0,0.5567203064602733,1,11,balanced,Test
AST-4061,2024-08-04,0,0,0.23850422808704672,0,11,balanced,Test
AST-5003,2024-08-04,0,0,0.33582362365679586,0,11,balanced,Test
AST-5007,2024-08-04,0,0,0.3078755258965996,0,11,balanced,Test
AST-1041,2024-08-05,0,0,0.5602076080970383,1,11,balanced,Test
AST-1042,2024-08-05,4,0,0.5457175785122976,1,11,balanced,Test
AST-2017,2024-08-05,6,0,0.438728962796249,0,11,balanced,Test
AST-2031,2024-08-05,9,0,0.7371770358702533,1,11,balanced,Test
AST-3008,2024-08-05,12,1,0.46891279744499814,0,11,balanced,Test
AST-3019,2024-08-05,9,0,0.38106064850800647,0,11,balanced,Test
AST-4055,2024-08-05,6,0,0.6301676601938222,1,11,balanced,Test
AST-4061,2024-08-05,16,1,0.43766988314930527,0,11,balanced,Test
AST-5003,2024-08-05,3,0,0.49874036056220206,0,11,balanced,Test
AST-5007,2024-08-05,4,0,0.3542014219949577,0,11,balanced,Test
AST-1041,2024-08-06,13,1,0.5084298154669166,1,11,balanced,Test
AST-1042,2024-08-06,0,0,0.5477076010448119,1,11,balanced,Test
AST-2017,2024-08-06,10,0,0.49817651044529754,0,11,balanced,Test
AST-2031,2024-08-06,1,0,0.6752431203978182,1,11,balanced,Test
AST-3008,2024-08-06,1,0,0.36197564430782847,0,11,balanced,Test
AST-3019,2024-08-06,5,0,0.4644675529396276,0,11,balanced,Test
AST-4055,2024-08-06,2,0,0.6873351382456317,1,11,balanced,Test
AST-4061,2024-08-06,9,0,0.3504439903801387,0,11,balanced,Test
AST-5003,2024-08-06,11,1,0.52093154797568,1,11,balanced,Test
AST-5007,2024-08-06,14,1,0.3428010186937282,0,11,balanced,Test
AST-1041,2024-08-07,7,0,0.5449071268137852,1,11,balanced,Test
AST-1042,2024-08-07,0,0,0.5953627442230334,1,11,balanced,Test
AST-2017,2024-08-07,8,0,0.40456454553008475,0,11,balanced,Test
AST-2031,2024-08-07,19,1,0.7347654533428236,1,11,balanced,Test
AST-3008,2024-08-07,1,0,0.4259190796327504,0,11,balanced,Test
AST-3019,2024-08-07,6,0,0.39891392483903315,0,11,balanced,Test
AST-4055,2024-08-07,11,1,0.6295114497535224,1,11,balanced,Test
AST-4061,2024-08-07,10,0,0.386061640113772,0,11,balanced,Test
AST-5003,2024-08-07,4,0,0.5890604033980824,1,11,balanced,Test
AST-5007,2024-08-07,10,0,0.293274152947383,0,11,balanced,Test
AST-1041,2024-08-08,8,0,0.5452798826520154,1,11,balanced,Test
AST-1042,2024-08-08,4,0,0.6042874779872257,1,11,balanced,Test
AST-2017,2024-08-08,8,0,0.46821758415334624,0,11,balanced,Test
AST-2031,2024-08-08,2,0,0.7523036660485823,1,11,balanced,Test
AST-3008,2024-08-08,4,0,0.4126591722252963,0,11,balanced,Test
AST-3019,2024-08-08,6,0,0.48156788266845785,0,11,balanced,Test
AST-4055,2024-08-08,8,0,0.6954294783503143,1,11,balanced,Test
AST-4061,2024-08-08,10,0,0.3616436141647882,0,11,balanced,Test
AST-5003,2024-08-08,14,1,0.5957311690093575,1,11,balanced,Test
AST-5007,2024-08-08,9,0,0.3057853587558242,0,11,balanced,Test
AST-1041,2024-08-09,9,0,0.5988245558928907,1,11,balanced,Test
AST-1042,2024-08-09,2,0,0.5449977456357386,1,11,balanced,Test
AST-2017,2024-08-09,5,0,0.4788586806609176,0,11,balanced,Test
AST-2031,2024-08-09,10,0,0.7100430933760857,1,11,balanced,Test
AST-3008,2024-08-09,8,0,0.36771494293003115,0,11,balanced,Test
AST-3019,2024-08-09,3,0,0.42448901619595986,0,11,balanced,Test
AST-4055,2024-08-09,1,0,0.7053227710107857,1,11,balanced,Test
AST-4061,2024-08-09,3,0,0.3909851351998311,0,11,balanced,Test
AST-5003,2024-08-09,5,0,0.5942475661931017,1,11,balanced,Test
AST-5007,2024-08-09,6,0,0.3312579615937233,0,11,balanced,Test
AST-1041,2024-08-10,0,0,0.4215377722221937,0,11,balanced,Test
AST-1042,2024-08-10,0,0,0.45572928160175763,0,11,balanced,Test
AST-2017,2024-08-10,0,0,0.31645836632629004,0,11,balanced,Test
AST-2031,2024-08-10,0,0,0.6910872412418906,1,11,balanced,Test
AST-3008,2024-08-10,0,0,0.3484048681723755,0,11,balanced,Test
AST-3019,2024-08-10,0,0,0.23023872191647188,0,11,balanced,Test
AST-4055,2024-08-10,0,0,0.5305380656803841,1,11,balanced,Test
AST-4061,2024-08-10,0,0,0.2434779688263522,0,11,balanced,Test
AST-5003,2024-08-10,0,0,0.3750111849794768,0,11,balanced,Test
AST-5007,2024-08-10,0,0,0.2618722657480949,0,11,balanced,Test
AST-1041,2024-08-11,0,0,0.3964972962266509,0,11,balanced,Test
AST-1042,2024-08-11,0,0,0.3763789844235,0,11,balanced,Test
AST-2017,2024-08-11,0,0,0.3589634142121735,0,11,balanced,Test
AST-2031,2024-08-11,0,0,0.7950457962644214,1,11,balanced,Test
AST-3008,2024-08-11,0,0,0.29460496612939546,0,11,balanced,Test
AST-3019,2024-08-11,0,0,0.2867996377564349,0,11,balanced,Test
AST-4055,2024-08-11,0,0,0.5943050093819183,1,11,balanced,Test
AST-4061,2024-08-11,0,0,0.27185696950329025,0,11,balanced,Test
AST-5003,2024-08-11,0,0,0.36153092402856774,0,11,balanced,Test
AST-5007,2024-08-11,0,0,0.25103520120878337,0,11,balanced,Test
AST-1041,2024-08-12,4,0,0.777428983850303,1,11,balanced,Test
AST-1042,2024-08-12,4,0,0.5953737098781577,1,11,balanced,Test
AST-2017,2024-08-12,8,0,0.42246889126030934,0,11,balanced,Test
AST-2031,2024-08-12,11,1,0.7794079638491981,1,11,balanced,Test
AST-3008,2024-08-12,3,0,0.3883810711241053,0,11,balanced,Test
AST-3019,2024-08-12,2,0,0.41225598699862526,0,11,balanced,Test
AST-4055,2024-08-12,5,0,0.649607825641936,1,11,balanced,Test
AST-4061,2024-08-12,10,0,0.3772839476369677,0,11,balanced,Test
AST-5003,2024-08-12,7,0,0.5423732120519085,1,11,balanced,Test
AST-5007,2024-08-12,6,0,0.32342385499234394,0,11,balanced,Test
AST-1041,2024-08-13,5,0,0.536027316823538,1,11,balanced,Test
AST-1042,2024-08-13,10,0,0.6106192322654991,1,11,balanced,Test
AST-2017,2024-08-13,1,0,0.4812554598494489,0,11,balanced,Test
AST-2031,2024-08-13,13,1,0.777524848041744,1,11,balanced,Test
AST-3008,2024-08-13,0,0,0.391014007741247,0,11,balanced,Test
AST-3019,2024-08-13,7,0,0.441587815536132,0,11,balanced,Test
AST-4055,2024-08-13,4,0,0.675717464029899,1,11,balanced,Test
AST-4061,2024-08-13,10,0,0.36023173032310335,0,11,balanced,Test
AST-5003,2024-08-13,7,0,0.5947269350019257,1,11,balanced,Test
AST-5007,2024-08-13,5,0,0.3153936387998733,0,11,balanced,Test
AST-1041,2024-08-14,2,0,0.5447721426009718,1,11,balanced,Test
AST-1042,2024-08-14,2,0,0.5690490383387783,1,11,balanced,Test
AST-2017,2024-08-14,4,0,0.4370774455005733,0,11,balanced,Test
AST-2031,2024-08-14,3,0,0.8223323064867518,1,11,balanced,Test
AST-3008,2024-08-14,11,1,0.36534357461906936,0,11,balanced,Test
AST-3019,2024-08-14,4,0,0.4483049442760261,0,11,balanced,Test
AST-4055,2024-08-14,17,1,0.8220779059795774,1,11,balanced,Test
AST-4061,2024-08-14,4,0,0.38843850669160573,0,11,balanced,Test
AST-5003,2024-08-14,0,0,0.5111796197003197,1,11,balanced,Test
AST-5007,2024-08-14,0,0,0.39827028852172564,0,11,balanced,Test
AST-1041,2024-08-15,4,0,0.5304817931168023,1,11,balanced,Test
AST-1042,2024-08-15,14,1,0.5230900260167946,1,11,balanced,Test
AST-2017,2024-08-15,12,1,0.44327712691574483,0,11,balanced,Test
AST-2031,2024-08-15,11,1,0.7570444805148233,1,11,balanced,Test
AST-3008,2024-08-15,6,0,0.4217305356324124,0,11,balanced,Test
AST-3019,2024-08-15,0,0,0.3520296421817833,0,11,balanced,Test
AST-4055,2024-08-15,4,0,0.6192106992391618,1,11,balanced,Test
AST-4061,2024-08-15,8,0,0.3510698105282216,0,11,balanced,Test
AST-5003,2024-08-15,10,0,0.5766889748724584,1,11,balanced,Test
AST-5007,2024-08-15,6,0,0.36417764061257457,0,11,balanced,Test
AST-1041,2024-08-16,8,0,0.6020102993837573,1,11,balanced,Test
AST-1042,2024-08-16,8,0,0.5474077583287839,1,11,balanced,Test
AST-2017,2024-08-16,2,0,0.38396568622924543,0,11,balanced,Test
AST-2031,2024-08-16,9,0,0.76063591497432,1,11,balanced,Test
AST-3008,2024-08-16,9,0,0.4593565377225671,0,11,balanced,Test
AST-3019,2024-08-16,10,0,0.4460147361080777,0,11,balanced,Test
AST-4055,2024-08-16,12,1,0.6158760054026957,1,11,balanced,Test
AST-4061,2024-08-16,2,0,0.39097253069171506,0,11,balanced,Test
AST-5003,2024-08-16,6,0,0.6343826307295871,1,11,balanced,Test
AST-5007,2024-08-16,5,0,0.28860006844693786,0,11,balanced,Test
AST-1041,2024-08-17,0,0,0.3694138923933946,0,11,balanced,Test
AST-1042,2024-08-17,0,0,0.4222317066820238,0,11,balanced,Test
AST-2017,2024-08-17,0,0,0.4171856343564092,0,11,balanced,Test
AST-2031,2024-08-17,0,0,0.6668182379300296,1,11,balanced,Test
AST-3008,2024-08-17,0,0,0.3694654250299574,0,11,balanced,Test
AST-3019,2024-08-17,0,0,0.3018658751601593,0,11,balanced,Test
AST-4055,2024-08-17,0,0,0.542323793336059,1,11,balanced,Test
AST-4061,2024-08-17,0,0,0.27467035781860794,0,11,balanced,Test
AST-5003,2024-08-17,0,0,0.42594257992246926,0,11,balanced,Test
AST-5007,2024-08-17,0,0,0.22155294557991573,0,11,balanced,Test
AST-1041,2024-08-18,0,0,0.43666842371930725,0,11,balanced,Test
AST-1042,2024-08-18,0,0,0.43922568651721516,0,11,balanced,Test
AST-2017,2024-08-18,0,0,0.3385543683307702,0,11,balanced,Test
AST-2031,2024-08-18,0,0,0.759080379688915,1,11,balanced,Test
AST-3008,2024-08-18,0,0,0.29487439963038037,0,11,balanced,Test
AST-3019,2024-08-18,0,0,0.2604706733975231,0,11,balanced,Test
AST-4055,2024-08-18,0,0,0.5600193384150175,1,11,balanced,Test
AST-4061,2024-08-18,0,0,0.21757110993979,0,11,balanced,Test
AST-5003,2024-08-18,0,0,0.39698385011658444,0,11,balanced,Test
AST-5007,2024-08-18,0,0,0.3535959163811405,0,11,balanced,Test
AST-1041,2024-08-19,4,0,0.605446152346583,1,11,balanced,Test
AST-1042,2024-08-19,2,0,0.5380280461873541,1,11,balanced,Test
AST-2017,2024-08-19,13,1,0.38334681121129943,0,11,balanced,Test
AST-2031,2024-08-19,2,0,0.726872988594486,1,11,balanced,Test
AST-3008,2024-08-19,8,0,0.41466377608312993,0,11,balanced,Test
AST-3019,2024-08-19,8,0,0.44728655559139907,0,11,balanced,Test
AST-4055,2024-08-19,7,0,0.6436959094922692,1,11,balanced,Test
AST-4061,2024-08-19,12,1,0.422018615472445,0,11,balanced,Test
AST-5003,2024-08-19,10,0,0.5536327947033988,1,11,balanced,Test
AST-5007,2024-08-19,0,0,0.35265708861079287,0,11,balanced,Test
AST-1041,2024-08-20,4,0,0.5258601678325173,1,11,balanced,Test
AST-1042,2024-08-20,0,0,0.5584270000740764,1,11,balanced,Test
AST-2017,2024-08-20,5,0,0.42528960833818,0,11,balanced,Test
AST-2031,2024-08-20,11,1,0.8037415854731095,1,11,balanced,Test
AST-3008,2024-08-20,8,0,0.4533120194075699,0,11,balanced,Test
AST-3019,2024-08-20,2,0,0.3789467130643895,0,11,balanced,Test
AST-4055,2024-08-20,9,0,0.6463651718971871,1,11,balanced,Test
AST-4061,2024-08-20,6,0,0.47911182682507086,0,11,balanced,Test
AST-5003,2024-08-20,2,0,0.5428842816934567,1,11,balanced,Test
AST-5007,2024-08-20,5,0,0.31615501205131585,0,11,balanced,Test
AST-1041,2024-08-21,6,0,0.5967719923946548,1,11,balanced,Test
AST-1042,2024-08-21,10,0,0.5959875849784944,1,11,balanced,Test
AST-2017,2024-08-21,1,0,0.3839725461280885,0,11,balanced,Test
AST-2031,2024-08-21,9,0,0.8653148153285724,1,11,balanced,Test
AST-3008,2024-08-21,2,0,0.46638831395408376,0,11,balanced,Test
AST-3019,2024-08-21,2,0,0.4023221142190984,0,11,balanced,Test
AST-4055,2024-08-21,8,0,0.6646701391790618,1,11,balanced,Test
AST-4061,2024-08-21,6,0,0.5814923454779843,1,11,balanced,Test
AST-5003,2024-08-21,10,0,0.5393177793531186,1,11,balanced,Test
AST-5007,2024-08-21,5,0,0.3875654992687055,0,11,balanced,Test
AST-1041,2024-08-22,7,0,0.5801974281304532,1,11,balanced,Test
AST-1042,2024-08-22,13,1,0.5486920278322176,1,11,balanced,Test
AST-2017,2024-08-22,0,0,0.3926380060847003,0,11,balanced,Test
AST-2031,2024-08-22,10,0,0.7247380625983698,1,11,balanced,Test
AST-3008,2024-08-22,6,0,0.46293511857801584,0,11,balanced,Test
AST-3019,2024-08-22,0,0,0.3981509263634098,0,11,balanced,Test
AST-4055,2024-08-22,16,1,0.6583185707244532,1,11,balanced,Test
AST-4061,2024-08-22,11,1,0.4180994802330517,0,11,balanced,Test
AST-5003,2024-08-22,6,0,0.5324539750068105,1,11,balanced,Test
AST-5007,2024-08-22,9,0,0.34958016162738664,0,11,balanced,Test
AST-1041,2024-08-23,8,0,0.5505131065883668,1,11,balanced,Test
AST-1042,2024-08-23,8,0,0.5421302480348617,1,11,balanced,Test
AST-2017,2024-08-23,8,0,0.4470664329310362,0,11,balanced,Test
AST-2031,2024-08-23,13,1,0.7957553335225881,1,11,balanced,Test
AST-3008,2024-08-23,7,0,0.41535452139794754,0,11,balanced,Test
AST-3019,2024-08-23,7,0,0.4163541424014844,0,11,balanced,Test
AST-4055,2024-08-23,12,1,0.6513860687170105,1,11,balanced,Test
AST-4061,2024-08-23,8,0,0.39577730515728954,0,11,balanced,Test
AST-5003,2024-08-23,18,1,0.5092267902044836,1,11,balanced,Test
AST-5007,2024-08-23,4,0,0.3874157809815684,0,11,balanced,Test
AST-1041,2024-08-24,0,0,0.3718727607189259,0,11,balanced,Test
AST-1042,2024-08-24,0,0,0.41900074623562017,0,11,balanced,Test
AST-2017,2024-08-24,0,0,0.32290287486631325,0,11,balanced,Test
AST-2031,2024-08-24,0,0,0.6635189656131776,1,11,balanced,Test
AST-3008,2024-08-24,0,0,0.30669379340724723,0,11,balanced,Test
AST-3019,2024-08-24,0,0,0.3426523584404278,0,11,balanced,Test
AST-4055,2024-08-24,0,0,0.5010760793019152,1,11,balanced,Test
AST-4061,2024-08-24,0,0,0.3210048373392137,0,11,balanced,Test
AST-5003,2024-08-24,0,0,0.6960209362972211,1,11,balanced,Test
AST-5007,2024-08-24,0,0,0.23939149040927585,0,11,balanced,Test
AST-1041,2024-08-25,0,0,0.3851913026695836,0,11,balanced,Test
AST-1042,2024-08-25,0,0,0.3775587913323472,0,11,balanced,Test
AST-2017,2024-08-25,0,0,0.30545076878116273,0,11,balanced,Test
AST-2031,2024-08-25,0,0,0.6420867987023762,1,11,balanced,Test
AST-3008,2024-08-25,0,0,0.3125197151188548,0,11,balanced,Test
AST-3019,2024-08-25,0,0,0.345346466568572,0,11,balanced,Test
AST-4055,2024-08-25,0,0,0.5299078278682895,1,11,balanced,Test
AST-4061,2024-08-25,0,0,0.34573450883961454,0,11,balanced,Test
AST-5003,2024-08-25,0,0,0.42922608526759826,0,11,balanced,Test
AST-5007,2024-08-25,0,0,0.23581093734881875,0,11,balanced,Test
AST-1041,2024-08-26,12,1,0.7376590889755341,1,11,balanced,Test
AST-1042,2024-08-26,4,0,0.5580207608594706,1,11,balanced,Test
AST-2017,2024-08-26,5,0,0.4413824919189871,0,11,balanced,Test
AST-2031,2024-08-26,11,1,0.7395520874680721,1,11,balanced,Test
AST-3008,2024-08-26,7,0,0.35385538002736194,0,11,balanced,Test
AST-3019,2024-08-26,10,0,0.6845617179397641,1,11,balanced,Test
AST-4055,2024-08-26,18,1,0.6591812339927426,1,11,balanced,Test
AST-4061,2024-08-26,4,0,0.4481347509736848,0,11,balanced,Test
AST-5003,2024-08-26,13,1,0.8114226331342956,1,11,balanced,Test
AST-5007,2024-08-26,8,0,0.34806757876576255,0,11,balanced,Test
AST-1041,2024-08-27,3,0,0.5820797859201111,1,11,balanced,Test
AST-1042,2024-08-27,2,0,0.6303564326814461,1,11,balanced,Test
AST-2017,2024-08-27,11,1,0.5008835110832303,1,11,balanced,Test
AST-2031,2024-08-27,8,0,0.7592378436386362,1,11,balanced,Test
AST-3008,2024-08-27,10,0,0.38468525873047854,0,11,balanced,Test
AST-3019,2024-08-27,6,0,0.3324550978747899,0,11,balanced,Test
AST-4055,2024-08-27,7,0,0.6630994662880527,1,11,balanced,Test
AST-4061,2024-08-27,12,1,0.4647774843239558,0,11,balanced,Test
AST-5003,2024-08-27,7,0,0.45293184157809874,0,11,balanced,Test
AST-5007,2024-08-27,10,0,0.2951413259279794,0,11,balanced,Test
AST-1041,2024-08-28,0,0,0.5793862997219826,1,11,balanced,Test
AST-1042,2024-08-28,6,0,0.6646676220798479,1,11,balanced,Test
AST-2017,2024-08-28,17,1,0.4949139413154518,0,11,balanced,Test
AST-2031,2024-08-28,4,0,0.7697844943687213,1,11,balanced,Test
AST-3008,2024-08-28,3,0,0.3507711988502529,0,11,balanced,Test
AST-3019,2024-08-28,5,0,0.48318494614093593,0,11,balanced,Test
AST-4055,2024-08-28,0,0,0.6267235933150168,1,11,balanced,Test
AST-4061,2024-08-28,8,0,0.3707605764063342,0,11,balanced,Test
AST-5003,2024-08-28,5,0,0.5176193079353882,1,11,balanced,Test
AST-5007,2024-08-28,5,0,0.3700491157703147,0,11,balanced,Test
AST-1041,2024-08-29,10,0,0.5823338213754865,1,11,balanced,Test
AST-1042,2024-08-29,5,0,0.5699950076402388,1,11,balanced,Test
AST-2017,2024-08-29,3,0,0.46086010035668723,0,11,balanced,Test
AST-2031,2024-08-29,3,0,0.7966810134433021,1,11,balanced,Test
AST-3008,2024-08-29,3,0,0.3689624917818736,0,11,balanced,Test
AST-3019,2024-08-29,4,0,0.4179515940045512,0,11,balanced,Test
AST-4055,2024-08-29,7,0,0.7208581724083684,1,11,balanced,Test
AST-4061,2024-08-29,13,1,0.33989985540808443,0,11,balanced,Test
AST-5003,2024-08-29,4,0,0.5543072552197285,1,11,balanced,Test
AST-5007,2024-08-29,12,1,0.584857883711582,1,11,balanced,Test
AST-1041,2024-08-30,4,0,0.5375324403361879,1,11,balanced,Test
AST-1042,2024-08-30,10,0,0.6159329070449888,1,11,balanced,Test
AST-2017,2024-08-30,13,1,0.3706146704894931,0,11,balanced,Test
AST-2031,2024-08-30,10,0,0.7818336785218131,1,11,balanced,Test
AST-3008,2024-08-30,14,1,0.3817728357328945,0,11,balanced,Test
AST-3019,2024-08-30,0,0,0.4518782046259964,0,11,balanced,Test
AST-4055,2024-08-30,3,0,0.5882823921548592,1,11,balanced,Test
AST-4061,2024-08-30,7,0,0.48072416431666376,0,11,balanced,Test
AST-5003,2024-08-30,8,0,0.5398137741757645,1,11,balanced,Test
AST-5007,2024-08-30,8,0,0.30053263722052054,0,11,balanced,Test
AST-1041,2024-08-31,0,0,0.3637658126775279,0,11,balanced,Test
AST-1042,2024-08-31,0,0,0.35508954103150064,0,11,balanced,Test
AST-2017,2024-08-31,0,0,0.29562096885636424,0,11,balanced,Test
AST-2031,2024-08-31,0,0,0.64939763139538,1,11,balanced,Test
AST-3008,2024-08-31,0,0,0.35349894362468337,0,11,balanced,Test
AST-3019,2024-08-31,0,0,0.28460426969649266,0,11,balanced,Test
AST-4055,2024-08-31,0,0,0.45748200994484817,0,11,balanced,Test
AST-4061,2024-08-31,0,0,0.2674706273845521,0,11,balanced,Test
AST-5003,2024-08-31,0,0,0.4016875974123996,0,11,balanced,Test
AST-5007,2024-08-31,0,0,0.21890331817600825,0,11,balanced,Test
AST-1041,2024-09-01,0,0,0.40702467988518193,0,11,balanced,Test
AST-1042,2024-09-01,0,0,0.46596482992827054,0,11,balanced,Test
AST-2017,2024-09-01,0,0,0.33013614491117194,0,11,balanced,Test
AST-2031,2024-09-01,0,0,0.6981104864246057,1,11,balanced,Test
AST-3008,2024-09-01,0,0,0.24768181160284472,0,11,balanced,Test
AST-3019,2024-09-01,0,0,0.6492005313986228,1,11,balanced,Test
AST-4055,2024-09-01,0,0,0.5499846847369778,1,11,balanced,Test
AST-4061,2024-09-01,0,0,0.2241880523770057,0,11,balanced,Test
AST-5003,2024-09-01,0,0,0.36371341900337667,0,11,balanced,Test
AST-5007,2024-09-01,0,0,0.31721664784250947,0,11,balanced,Test
AST-1041,2024-09-02,0,0,0.6313006734667421,1,11,balanced,Test
AST-1042,2024-09-02,5,0,0.5321301889256536,1,11,balanced,Test
AST-2017,2024-09-02,0,0,0.41427146507371787,0,11,balanced,Test
AST-2031,2024-09-02,6,0,0.7099747583351289,1,11,balanced,Test
AST-3008,2024-09-02,8,0,0.44864297871393444,0,11,balanced,Test
AST-3019,2024-09-02,1,0,0.4472080073899397,0,11,balanced,Test
AST-4055,2024-09-02,12,1,0.6906967776885242,1,11,balanced,Test
AST-4061,2024-09-02,8,0,0.3902908305466248,0,11,balanced,Test
AST-5003,2024-09-02,14,1,0.5386024291938327,1,11,balanced,Test
AST-5007,2024-09-02,2,0,0.4167523653262428,0,11,balanced,Test
AST-1041,2024-09-03,9,0,0.5546234053841236,1,11,balanced,Test
AST-1042,2024-09-03,0,0,0.6375695821812135,1,11,balanced,Test
AST-2017,2024-09-03,14,1,0.38859603924879665,0,11,balanced,Test
AST-2031,2024-09-03,14,1,0.6990866605675717,1,11,balanced,Test
AST-3008,2024-09-03,9,0,0.42381858423763713,0,11,balanced,Test
AST-3019,2024-09-03,3,0,0.47395733353547753,0,11,balanced,Test
AST-4055,2024-09-03,8,0,0.7139381978284604,1,11,balanced,Test
AST-4061,2024-09-03,6,0,0.33465584865138465,0,11,balanced,Test
AST-5003,2024-09-03,6,0,0.572932657566284,1,11,balanced,Test
AST-5007,2024-09-03,3,0,0.30060858883359337,0,11,balanced,Test
AST-1041,2024-09-04,4,0,0.7843217272370502,1,11,balanced,Test
AST-1042,2024-09-04,10,0,0.4716815991885616,0,11,balanced,Test
AST-2017,2024-09-04,8,0,0.3837764170181246,0,11,balanced,Test
AST-2031,2024-09-04,2,0,0.75258865471571,1,11,balanced,Test
AST-3008,2024-09-04,10,0,0.427494142337862,0,11,balanced,Test
AST-3019,2024-09-04,5,0,0.366494893610497,0,11,balanced,Test
AST-4055,2024-09-04,17,1,0.6498126965448252,1,11,balanced,Test
AST-4061,2024-09-04,0,0,0.40752017798185336,0,11,balanced,Test
AST-5003,2024-09-04,9,0,0.4649558545412899,0,11,balanced,Test
AST-5007,2024-09-04,3,0,0.27500142888496254,0,11,balanced,Test
AST-1041,2024-09-05,11,1,0.5819139702766781,1,11,balanced,Test
AST-1042,2024-09-05,3,0,0.5797303483221943,1,11,balanced,Test
AST-2017,2024-09-05,6,0,0.5093197683777493,1,11,balanced,Test
AST-2031,2024-09-05,2,0,0.7463310769993889,1,11,balanced,Test
AST-3008,2024-09-05,2,0,0.40323555877396366,0,11,balanced,Test
AST-3019,2024-09-05,7,0,0.33054540817923306,0,11,balanced,Test
AST-4055,2024-09-05,2,0,0.694955532644324,1,11,balanced,Test
AST-4061,2024-09-05,0,0,0.3763704763935431,0,11,balanced,Test
AST-5003,2024-09-05,5,0,0.5196865105506648,1,11,balanced,Test
AST-5007,2024-09-05,5,0,0.33057511143006624,0,11,balanced,Test
AST-1041,2024-09-06,6,0,0.6017755256173425,1,11,balanced,Test
AST-1042,2024-09-06,4,0,0.5304820498459519,1,11,balanced,Test
AST-2017,2024-09-06,18,1,0.39327141255799325,0,11,balanced,Test
AST-2031,2024-09-06,4,0,0.7980186928994539,1,11,balanced,Test
AST-3008,2024-09-06,6,0,0.3719306289417678,0,11,balanced,Test
AST-3019,2024-09-06,6,0,0.7192830216002363,1,11,balanced,Test
AST-4055,2024-09-06,15,1,0.6953325976085728,1,11,balanced,Test
AST-4061,2024-09-06,7,0,0.42796776618003707,0,11,balanced,Test
AST-5003,2024-09-06,8,0,0.6094840340100084,1,11,balanced,Test
AST-5007,2024-09-06,10,0,0.32771676506071157,0,11,balanced,Test
AST-1041,2024-09-07,0,0,0.38448041754353973,0,11,balanced,Test
AST-1042,2024-09-07,0,0,0.43676637201005664,0,11,balanced,Test
AST-2017,2024-09-07,0,0,0.34068475605713155,0,11,balanced,Test
AST-2031,2024-09-07,0,0,0.6631142996507807,1,11,balanced,Test
AST-3008,2024-09-07,0,0,0.31936625505666505,0,11,balanced,Test
AST-3019,2024-09-07,0,0,0.2755433060646479,0,11,balanced,Test
AST-4055,2024-09-07,0,0,0.5622577512881808,1,11,balanced,Test
AST-4061,2024-09-07,0,0,0.22933041328203646,0,11,balanced,Test
AST-5003,2024-09-07,0,0,0.4502857875353165,0,11,balanced,Test
AST-5007,2024-09-07,0,0,0.2203087278431144,0,11,balanced,Test
AST-1041,2024-09-08,0,0,0.38764187369722813,0,11,balanced,Test
AST-1042,2024-09-08,0,0,0.4658445857984355,0,11,balanced,Test
AST-2017,2024-09-08,0,0,0.333846539225651,0,11,balanced,Test
AST-2031,2024-09-08,0,0,0.6539251762414472,1,11,balanced,Test
AST-3008,2024-09-08,0,0,0.5979686338305624,1,11,balanced,Test
AST-3019,2024-09-08,0,0,0.24940359492281866,0,11,balanced,Test
AST-4055,2024-09-08,0,0,0.4747481495160713,0,11,balanced,Test
AST-4061,2024-09-08,0,0,0.24991485623148593,0,11,balanced,Test
AST-5003,2024-09-08,0,0,0.49820344599945193,0,11,balanced,Test
AST-5007,2024-09-08,0,0,0.21337771495683963,0,11,balanced,Test
AST-1041,2024-09-09,11,1,0.5707853765716049,1,11,balanced,Test
AST-1042,2024-09-09,8,0,0.5761656672678607,1,11,balanced,Test
AST-2017,2024-09-09,16,1,0.44585215175329523,0,11,balanced,Test
AST-2031,2024-09-09,2,0,0.7196534976987052,1,11,balanced,Test
AST-3008,2024-09-09,8,0,0.38822736981987543,0,11,balanced,Test
AST-3019,2024-09-09,3,0,0.4040957178374315,0,11,balanced,Test
AST-4055,2024-09-09,2,0,0.6601450656899841,1,11,balanced,Test
AST-4061,2024-09-09,4,0,0.387456786215317,0,11,balanced,Test
AST-5003,2024-09-09,9,0,0.4795292622042985,0,11,balanced,Test
AST-5007,2024-09-09,3,0,0.29118741051069275,0,11,balanced,Test
AST-1041,2024-09-10,0,0,0.5862143510467256,1,11,balanced,Test
AST-1042,2024-09-10,4,0,0.5524612182527501,1,11,balanced,Test
AST-2017,2024-09-10,6,0,0.43769743361537244,0,11,balanced,Test
AST-2031,2024-09-10,10,0,0.7489799951572467,1,11,balanced,Test
AST-3008,2024-09-10,8,0,0.4101678485200744,0,11,balanced,Test
AST-3019,2024-09-10,4,0,0.7529947822111714,1,11,balanced,Test
AST-4055,2024-09-10,1,0,0.6841136756750995,1,11,balanced,Test
AST-4061,2024-09-10,8,0,0.38771734198015956,0,11,balanced,Test
AST-5003,2024-09-10,20,1,0.49857341610748634,0,11,balanced,Test
AST-5007,2024-09-10,5,0,0.3468137716226339,0,11,balanced,Test
AST-1041,2024-09-11,5,0,0.5363596267946976,1,11,balanced,Test
AST-1042,2024-09-11,15,1,0.5870760877427005,1,11,balanced,Test
AST-2017,2024-09-11,5,0,0.49278588807913554,0,11,balanced,Test
AST-2031,2024-09-11,6,0,0.7393075845854112,1,11,balanced,Test
AST-3008,2024-09-11,11,1,0.4295342654269308,0,11,balanced,Test
AST-3019,2024-09-11,4,0,0.4872058328092335,0,11,balanced,Test
AST-4055,2024-09-11,13,1,0.6583579856912612,1,11,balanced,Test
AST-4061,2024-09-11,0,0,0.3544073319872802,0,11,balanced,Test
AST-5003,2024-09-11,4,0,0.5517008275567159,1,11,balanced,Test
AST-5007,2024-09-11,10,0,0.3573115611019779,0,11,balanced,Test
AST-1041,2024-09-12,12,1,0.587577872491169,1,11,balanced,Test
AST-1042,2024-09-12,14,1,0.549012605484545,1,11,balanced,Test
AST-2017,2024-09-12,4,0,0.4180795660033016,0,11,balanced,Test
AST-2031,2024-09-12,13,1,0.7188417551776389,1,11,balanced,Test
AST-3008,2024-09-12,4,0,0.3718018525565422,0,11,balanced,Test
AST-3019,2024-09-12,6,0,0.3676067081097338,0,11,balanced,Test
AST-4055,2024-09-12,10,0,0.6657118486008219,1,11,balanced,Test
AST-4061,2024-09-12,7,0,0.425111918589604,0,11,balanced,Test
AST-5003,2024-09-12,10,0,0.5601831802748696,1,11,balanced,Test
AST-5007,2024-09-12,12,1,0.3139920396619991,0,11,balanced,Test
AST-1041,2024-09-13,8,0,0.5783094577152075,1,11,balanced,Test
AST-1042,2024-09-13,10,0,0.7932840527843572,1,11,balanced,Test
AST-2017,2024-09-13,10,0,0.3920796221376738,0,11,balanced,Test
AST-2031,2024-09-13,5,0,0.7688924409910187,1,11,balanced,Test
AST-3008,2024-09-13,3,0,0.4108723820135447,0,11,balanced,Test
AST-3019,2024-09-13,6,0,0.416945994960261,0,11,balanced,Test
AST-4055,2024-09-13,12,1,0.6379085967943994,1,11,balanced,Test
AST-4061,2024-09-13,11,1,0.38564894914732817,0,11,balanced,Test
AST-5003,2024-09-13,8,0,0.543358786795108,1,11,balanced,Test
AST-5007,2024-09-13,4,0,0.41431470286066596,0,11,balanced,Test
AST-1041,2024-09-14,0,0,0.3705062181387662,0,11,balanced,Test
AST-1042,2024-09-14,0,0,0.40130632632623797,0,11,balanced,Test
AST-2017,2024-09-14,0,0,0.3213239999041724,0,11,balanced,Test
AST-2031,2024-09-14,0,0,0.7134292096645989,1,11,balanced,Test
AST-3008,2024-09-14,0,0,0.2942051407931074,0,11,balanced,Test
AST-3019,2024-09-14,0,0,0.3181298137668599,0,11,balanced,Test
AST-4055,2024-09-14,0,0,0.5754978222872887,1,11,balanced,Test
AST-4061,2024-09-14,0,0,0.30825589803074827,0,11,balanced,Test
AST-5003,2024-09-14,0,0,0.39307937795695397,0,11,balanced,Test
AST-5007,2024-09-14,0,0,0.17830824453064897,0,11,balanced,Test
AST-1041,2024-09-15,0,0,0.2925481260055984,0,11,balanced,Test
AST-1042,2024-09-15,0,0,0.44442176958503027,0,11,balanced,Test
AST-2017,2024-09-15,0,0,0.26305222249658355,0,11,balanced,Test
AST-2031,2024-09-15,0,0,0.6035500389169804,1,11,balanced,Test
AST-3008,2024-09-15,0,0,0.24669520541623627,0,11,balanced,Test
AST-3019,2024-09-15,0,0,0.3225223564206075,0,11,balanced,Test
AST-4055,2024-09-15,0,0,0.4522445635767666,0,11,balanced,Test
AST-4061,2024-09-15,0,0,0.2166549075789476,0,11,balanced,Test
AST-5003,2024-09-15,0,0,0.3628199960918536,0,11,balanced,Test
AST-5007,2024-09-15,0,0,0.24769433810573058,0,11,balanced,Test
AST-1041,2024-09-16,6,0,0.6048870596061549,1,11,balanced,Test
AST-1042,2024-09-16,6,0,0.5039652961376695,1,11,balanced,Test
AST-2017,2024-09-16,4,0,0.4379801444112013,0,11,balanced,Test
AST-2031,2024-09-16,21,1,0.656725445057145,1,11,balanced,Test
AST-3008,2024-09-16,0,0,0.39562601031184197,0,11,balanced,Test
AST-3019,2024-09-16,4,0,0.44214718700833405,0,11,balanced,Test
AST-4055,2024-09-16,1,0,0.6492553666065063,1,11,balanced,Test
AST-4061,2024-09-16,10,0,0.3561363123109036,0,11,balanced,Test
AST-5003,2024-09-16,9,0,0.5244696651788949,1,11,balanced,Test
AST-5007,2024-09-16,0,0,0.3327120857410865,0,11,balanced,Test
AST-1041,2024-09-17,6,0,0.8346188458860695,1,11,balanced,Test
AST-1042,2024-09-17,2,0,0.5492119673045727,1,11,balanced,Test
AST-2017,2024-09-17,0,0,0.423514138496674,0,11,balanced,Test
AST-2031,2024-09-17,6,0,0.7243597659638684,1,11,balanced,Test
AST-3008,2024-09-17,15,1,0.36506503648539806,0,11,balanced,Test
AST-3019,2024-09-17,4,0,0.4077119575790555,0,11,balanced,Test
AST-4055,2024-09-17,13,1,0.6781525339545694,1,11,balanced,Test
AST-4061,2024-09-17,8,0,0.6355105071374673,1,11,balanced,Test
AST-5003,2024-09-17,5,0,0.6479782407006769,1,11,balanced,Test
AST-5007,2024-09-17,10,0,0.34982934485608885,0,11,balanced,Test
AST-1041,2024-09-18,6,0,0.5554738327402592,1,11,balanced,Test
AST-1042,2024-09-18,10,0,0.5947569495278502,1,11,balanced,Test
AST-2017,2024-09-18,0,0,0.4261578865176581,0,11,balanced,Test
AST-2031,2024-09-18,6,0,0.7287501032926037,1,11,balanced,Test
AST-3008,2024-09-18,7,0,0.40637369158822134,0,11,balanced,Test
AST-3019,2024-09-18,0,0,0.4433331351432531,0,11,balanced,Test
AST-4055,2024-09-18,11,1,0.6471482367325604,1,11,balanced,Test
AST-4061,2024-09-18,2,0,0.3590618017861432,0,11,balanced,Test
AST-5003,2024-09-18,12,1,0.5929286778423202,1,11,balanced,Test
AST-5007,2024-09-18,7,0,0.3138409306651426,0,11,balanced,Test
AST-1041,2024-09-19,5,0,0.6996993421674921,1,11,balanced,Test
AST-1042,2024-09-19,8,0,0.48900598186429006,0,11,balanced,Test
AST-2017,2024-09-19,2,0,0.4133708233287754,0,11,balanced,Test
AST-2031,2024-09-19,13,1,0.7178085524391987,1,11,balanced,Test
AST-3008,2024-09-19,9,0,0.40747828693493304,0,11,balanced,Test
AST-3019,2024-09-19,10,0,0.7162239302893189,1,11,balanced,Test
AST-4055,2024-09-19,12,1,0.6803472157009239,1,11,balanced,Test
AST-4061,2024-09-19,7,0,0.3815700624675727,0,11,balanced,Test
AST-5003,2024-09-19,13,1,0.5713754394140211,1,11,balanced,Test
AST-5007,2024-09-19,7,0,0.41923099944764747,0,11,balanced,Test
AST-1041,2024-09-20,17,1,0.575606870536529,1,11,balanced,Test
AST-1042,2024-09-20,8,0,0.5693281205070304,1,11,balanced,Test
AST-2017,2024-09-20,6,0,0.40783555330288673,0,11,balanced,Test
AST-2031,2024-09-20,0,0,0.7297624326021865,1,11,balanced,Test
AST-3008,2024-09-20,1,0,0.3396349321885099,0,11,balanced,Test
AST-3019,2024-09-20,0,0,0.44572086147934903,0,11,balanced,Test
AST-4055,2024-09-20,6,0,0.6362360560408035,1,11,balanced,Test
AST-4061,2024-09-20,18,1,0.4000444026183853,0,11,balanced,Test
AST-5003,2024-09-20,13,1,0.7474838111454108,1,11,balanced,Test
AST-5007,2024-09-20,4,0,0.3425383802233649,0,11,balanced,Test
AST-1041,2024-09-21,0,0,0.3799552609678488,0,11,balanced,Test
AST-1042,2024-09-21,0,0,0.46993366080858995,0,11,balanced,Test
AST-2017,2024-09-21,0,0,0.29547900811106964,0,11,balanced,Test
AST-2031,2024-09-21,0,0,0.7015661601442746,1,11,balanced,Test
AST-3008,2024-09-21,0,0,0.2920387697171849,0,11,balanced,Test
AST-3019,2024-09-21,0,0,0.25104739182137353,0,11,balanced,Test
AST-4055,2024-09-21,0,0,0.5402933685722289,1,11,balanced,Test
AST-4061,2024-09-21,0,0,0.2119731375157583,0,11,balanced,Test
AST-5003,2024-09-21,0,0,0.42700335010012347,0,11,balanced,Test
AST-5007,2024-09-21,0,0,0.24983886261577187,0,11,balanced,Test
AST-1041,2024-09-22,0,0,0.36530349248722427,0,11,balanced,Test
AST-1042,2024-09-22,0,0,0.38108241514230673,0,11,balanced,Test
AST-2017,2024-09-22,0,0,0.3972316622718728,0,11,balanced,Test
AST-2031,2024-09-22,0,0,0.6899023947887664,1,11,balanced,Test
AST-3008,2024-09-22,0,0,0.26648771298348917,0,11,balanced,Test
AST-3019,2024-09-22,0,0,0.33039912184468184,0,11,balanced,Test
AST-4055,2024-09-22,0,0,0.5573432799195409,1,11,balanced,Test
AST-4061,2024-09-22,0,0,0.23686674879640274,0,11,balanced,Test
AST-5003,2024-09-22,0,0,0.6418620874297167,1,11,balanced,Test
AST-5007,2024-09-22,0,0,0.2426512704391141,0,11,balanced,Test
AST-1041,2024-09-23,5,0,0.5629546456932362,1,11,balanced,Test
AST-1042,2024-09-23,4,0,0.5193456060666871,1,11,balanced,Test
AST-2017,2024-09-23,7,0,0.41764719563010705,0,11,balanced,Test
AST-2031,2024-09-23,3,0,0.809065086447289,1,11,balanced,Test
AST-3008,2024-09-23,5,0,0.5138919206258009,1,11,balanced,Test
AST-3019,2024-09-23,2,0,0.3578565988129264,0,11,balanced,Test
AST-4055,2024-09-23,4,0,0.6774427970918626,1,11,balanced,Test
AST-4061,2024-09-23,8,0,0.41402455396545135,0,11,balanced,Test
AST-5003,2024-09-23,4,0,0.5549694223816123,1,11,balanced,Test
AST-5007,2024-09-23,4,0,0.4357582366024399,0,11,balanced,Test
AST-1041,2024-09-24,9,0,0.6151050673084931,1,11,balanced,Test
AST-1042,2024-09-24,6,0,0.588862210582999,1,11,balanced,Test
AST-2017,2024-09-24,3,0,0.43673044563085456,0,11,balanced,Test
AST-2031,2024-09-24,2,0,0.7212561420753252,1,11,balanced,Test
AST-3008,2024-09-24,11,1,0.4466150570491396,0,11,balanced,Test
AST-3019,2024-09-24,11,1,0.3360994917888396,0,11,balanced,Test
AST-4055,2024-09-24,6,0,0.6697875951595308,1,11,balanced,Test
AST-4061,2024-09-24,6,0,0.35084502700588677,0,11,balanced,Test
AST-5003,2024-09-24,8,0,0.5882371859977517,1,11,balanced,Test
AST-5007,2024-09-24,10,0,0.37849040890691105,0,11,balanced,Test
AST-1041,2024-09-25,0,0,0.6002392270447267,1,11,balanced,Test
AST-1042,2024-09-25,11,1,0.49193166046950937,0,11,balanced,Test
AST-2017,2024-09-25,6,0,0.4949995897105011,0,11,balanced,Test
AST-2031,2024-09-25,2,0,0.7804837767725653,1,11,balanced,Test
AST-3008,2024-09-25,5,0,0.4549164795346126,0,11,balanced,Test
AST-3019,2024-09-25,11,1,0.309438452875645,0,11,balanced,Test
AST-4055,2024-09-25,11,1,0.734164869424619,1,11,balanced,Test
AST-4061,2024-09-25,18,1,0.6755301700933183,1,11,balanced,Test
AST-5003,2024-09-25,13,1,0.5922869177108597,1,11,balanced,Test
AST-5007,2024-09-25,13,1,0.3219698367801847,0,11,balanced,Test
AST-1041,2024-09-26,4,0,0.682156674176209,1,11,balanced,Test
AST-1042,2024-09-26,8,0,0.5296299089614499,1,11,balanced,Test
AST-2017,2024-09-26,12,1,0.4843607631149546,0,11,balanced,Test
AST-2031,2024-09-26,8,0,0.779656069887995,1,11,balanced,Test
AST-3008,2024-09-26,8,0,0.4051748384030819,0,11,balanced,Test
AST-3019,2024-09-26,4,0,0.4362466835713433,0,11,balanced,Test
AST-4055,2024-09-26,3,0,0.7012265312995732,1,11,balanced,Test
AST-4061,2024-09-26,18,1,0.3775998500528558,0,11,balanced,Test
AST-5003,2024-09-26,12,1,0.573510125577064,1,11,balanced,Test
AST-5007,2024-09-26,0,0,0.29513383107305474,0,11,balanced,Test
AST-1041,2024-09-27,0,0,0.526324426967615,1,11,balanced,Test
AST-1042,2024-09-27,5,0,0.5435209285944245,1,11,balanced,Test
AST-2017,2024-09-27,6,0,0.566386093735968,1,11,balanced,Test
AST-2031,2024-09-27,4,0,0.7423948455262961,1,11,balanced,Test
AST-3008,2024-09-27,6,0,0.40579583790971135,0,11,balanced,Test
AST-3019,2024-09-27,3,0,0.3961453617258512,0,11,balanced,Test
AST-4055,2024-09-27,18,1,0.6540631716129774,1,11,balanced,Test
AST-4061,2024-09-27,8,0,0.36476950124462815,0,11,balanced,Test
AST-5003,2024-09-27,8,0,0.5969460427677705,1,11,balanced,Test
AST-5007,2024-09-27,2,0,0.35874538476259266,0,11,balanced,Test
AST-1041,2024-09-28,0,0,0.4508374681630362,0,11,balanced,Test
AST-1042,2024-09-28,0,0,0.39802866091332395,0,11,balanced,Test
AST-2017,2024-09-28,0,0,0.2992204932190588,0,11,balanced,Test
AST-2031,2024-09-28,0,0,0.7048106316971723,1,11,balanced,Test
AST-3008,2024-09-28,0,0,0.40702225713558265,0,11,balanced,Test
AST-3019,2024-09-28,0,0,0.24044104105147437,0,11,balanced,Test
AST-4055,2024-09-28,0,0,0.4821845809313448,0,11,balanced,Test
AST-4061,2024-09-28,0,0,0.20472924775570014,0,11,balanced,Test
AST-5003,2024-09-28,0,0,0.3050033964875049,0,11,balanced,Test
AST-5007,2024-09-28,0,0,0.25511081510677724,0,11,balanced,Test
AST-1041,2024-09-29,0,0,0.4112306351997143,0,11,balanced,Test
AST-1042,2024-09-29,0,0,0.49599384566673416,0,11,balanced,Test
AST-2017,2024-09-29,0,0,0.2772818857216772,0,11,balanced,Test
AST-2031,2024-09-29,0,0,0.6552466464725429,1,11,balanced,Test
AST-3008,2024-09-29,0,0,0.24439574081166102,0,11,balanced,Test
AST-3019,2024-09-29,0,0,0.36531057029004765,0,11,balanced,Test
AST-4055,2024-09-29,0,0,0.5525962834026014,1,11,balanced,Test
AST-4061,2024-09-29,0,0,0.26839588294775624,0,11,balanced,Test
AST-5003,2024-09-29,0,0,0.41538596613369805,0,11,balanced,Test
AST-5007,2024-09-29,0,0,0.27613570072655697,0,11,balanced,Test
AST-1041,2024-09-30,4,0,0.539395261618062,1,11,balanced,Test
AST-1042,2024-09-30,9,0,0.5920230878482964,1,11,balanced,Test
AST-2017,2024-09-30,8,0,0.4604186076786574,0,11,balanced,Test
AST-2031,2024-09-30,23,1,0.7828027200823867,1,11,balanced,Test
AST-3008,2024-09-30,4,0,0.4114490601450892,0,11,balanced,Test
AST-3019,2024-09-30,6,0,0.38919849653681243,0,11,balanced,Test
AST-4055,2024-09-30,6,0,0.5975042235083783,1,11,balanced,Test
AST-4061,2024-09-30,4,0,0.4316716452599687,0,11,balanced,Test
AST-5003,2024-09-30,14,1,0.8179856632896432,1,11,balanced,Test
AST-5007,2024-09-30,3,0,0.41298670523424696,0,11,balanced,Test
AST-1041,2024-10-01,2,0,0.5924890051438121,1,11,balanced,Test
AST-1042,2024-10-01,11,1,0.5336287117658303,1,11,balanced,Test
AST-2017,2024-10-01,13,1,0.5175346125641164,1,11,balanced,Test
AST-2031,2024-10-01,6,0,0.7528669672809476,1,11,balanced,Test
AST-3008,2024-10-01,14,1,0.6592859347188212,1,11,balanced,Test
AST-3019,2024-10-01,0,0,0.39563146670323135,0,11,balanced,Test
AST-4055,2024-10-01,2,0,0.5922236635507803,1,11,balanced,Test
AST-4061,2024-10-01,8,0,0.4353424696100599,0,11,balanced,Test
AST-5003,2024-10-01,5,0,0.5965416506837534,1,11,balanced,Test
AST-5007,2024-10-01,2,0,0.3823936855276165,0,11,balanced,Test
AST-1041,2024-10-02,0,0,0.5670691651266478,1,11,balanced,Test
AST-1042,2024-10-02,10,0,0.5796661774393306,1,11,balanced,Test
AST-2017,2024-10-02,4,0,0.41872747079609357,0,11,balanced,Test
AST-2031,2024-10-02,21,1,0.7427245027771064,1,11,balanced,Test
AST-3008,2024-10-02,8,0,0.37370250479681705,0,11,balanced,Test
AST-3019,2024-10-02,2,0,0.34924844451393283,0,11,balanced,Test
AST-4055,2024-10-02,4,0,0.7272592214596385,1,11,balanced,Test
AST-4061,2024-10-02,12,1,0.3763168970319414,0,11,balanced,Test
AST-5003,2024-10-02,4,0,0.6345730751824423,1,11,balanced,Test
AST-5007,2024-10-02,6,0,0.3346599822547388,0,11,balanced,Test
AST-1041,2024-10-03,8,0,0.5743474946750591,1,11,balanced,Test
AST-1042,2024-10-03,6,0,0.5404050586896558,1,11,balanced,Test
AST-2017,2024-10-03,13,1,0.49145184652770807,0,11,balanced,Test
AST-2031,2024-10-03,10,0,0.7862374891662094,1,11,balanced,Test
AST-3008,2024-10-03,6,0,0.45285487279714703,0,11,balanced,Test
AST-3019,2024-10-03,18,1,0.5398885795599822,1,11,balanced,Test
AST-4055,2024-10-03,10,0,0.6375890840737682,1,11,balanced,Test
AST-4061,2024-10-03,8,0,0.4055822104726101,0,11,balanced,Test
AST-5003,2024-10-03,10,0,0.5281434483714084,1,11,balanced,Test
AST-5007,2024-10-03,1,0,0.3791044489197995,0,11,balanced,Test
AST-1041,2024-10-04,12,1,0.5668153634609582,1,11,balanced,Test
AST-1042,2024-10-04,6,0,0.6449958835796353,1,11,balanced,Test
AST-2017,2024-10-04,16,1,0.5393585239239389,1,11,balanced,Test
AST-2031,2024-10-04,5,0,0.7637880750680256,1,11,balanced,Test
AST-3008,2024-10-04,6,0,0.41685374102205863,0,11,balanced,Test
AST-3019,2024-10-04,12,1,0.3984831740742555,0,11,balanced,Test
AST-4055,2024-10-04,14,1,0.64721562268962,1,11,balanced,Test
AST-4061,2024-10-04,7,0,0.40216713278167165,0,11,balanced,Test
AST-5003,2024-10-04,5,0,0.6359870335842785,1,11,balanced,Test
AST-5007,2024-10-04,0,0,0.3809829498259685,0,11,balanced,Test
AST-1041,2024-10-05,0,0,0.5527559032050676,1,11,balanced,Test
AST-1042,2024-10-05,0,0,0.36739247555896737,0,11,balanced,Test
AST-2017,2024-10-05,0,0,0.3071163825499998,0,11,balanced,Test
AST-2031,2024-10-05,0,0,0.7290210804025126,1,11,balanced,Test
AST-3008,2024-10-05,0,0,0.23100687714014698,0,11,balanced,Test
AST-3019,2024-10-05,0,0,0.25166853068173345,0,11,balanced,Test
AST-4055,2024-10-05,0,0,0.55219785842314,1,11,balanced,Test
AST-4061,2024-10-05,0,0,0.2176594278124785,0,11,balanced,Test
AST-5003,2024-10-05,0,0,0.49886283054046543,0,11,balanced,Test
AST-5007,2024-10-05,0,0,0.22231600456870582,0,11,balanced,Test
AST-1041,2024-10-06,0,0,0.33256838323937804,0,11,balanced,Test
AST-1042,2024-10-06,0,0,0.3867043414085859,0,11,balanced,Test
AST-2017,2024-10-06,0,0,0.34078258897383656,0,11,balanced,Test
AST-2031,2024-10-06,0,0,0.5963472082183471,1,11,balanced,Test
AST-3008,2024-10-06,0,0,0.31248543799066586,0,11,balanced,Test
AST-3019,2024-10-06,0,0,0.24801296746174742,0,11,balanced,Test
AST-4055,2024-10-06,0,0,0.5336311613144394,1,11,balanced,Test
AST-4061,2024-10-06,0,0,0.2470548809492455,0,11,balanced,Test
AST-5003,2024-10-06,0,0,0.42595690799960084,0,11,balanced,Test
AST-5007,2024-10-06,0,0,0.21778566148804712,0,11,balanced,Test
AST-1041,2024-10-07,8,0,0.5956314332073063,1,11,balanced,Test
AST-1042,2024-10-07,8,0,0.6268025488152484,1,11,balanced,Test
AST-2017,2024-10-07,3,0,0.533413630287478,1,11,balanced,Test
AST-2031,2024-10-07,6,0,0.7368812240126902,1,11,balanced,Test
AST-3008,2024-10-07,4,0,0.3833368918250366,0,11,balanced,Test
AST-3019,2024-10-07,2,0,0.35431502755600447,0,11,balanced,Test
AST-4055,2024-10-07,16,1,0.6783467869169788,1,11,balanced,Test
AST-4061,2024-10-07,10,0,0.3460688251187642,0,11,balanced,Test
AST-5003,2024-10-07,16,1,0.6578597807035081,1,11,balanced,Test
AST-5007,2024-10-07,0,0,0.31611053703559205,0,11,balanced,Test
AST-1041,2024-10-08,8,0,0.5438549824871372,1,11,balanced,Test
AST-1042,2024-10-08,4,0,0.6012648149635053,1,11,balanced,Test
AST-2017,2024-10-08,6,0,0.5133721123918198,1,11,balanced,Test
AST-2031,2024-10-08,8,0,0.7796143737349845,1,11,balanced,Test
AST-3008,2024-10-08,8,0,0.44659130890720805,0,11,balanced,Test
AST-3019,2024-10-08,8,0,0.3692901875646212,0,11,balanced,Test
AST-4055,2024-10-08,11,1,0.6398329693507858,1,11,balanced,Test
AST-4061,2024-10-08,15,1,0.43314895403616255,0,11,balanced,Test
AST-5003,2024-10-08,6,0,0.5634080719783859,1,11,balanced,Test
AST-5007,2024-10-08,1,0,0.27765136462146783,0,11,balanced,Test
AST-1041,2024-10-09,6,0,0.5573285688675995,1,11,balanced,Test
AST-1042,2024-10-09,6,0,0.5696689842514864,1,11,balanced,Test
AST-2017,2024-10-09,12,1,0.4624852005850908,0,11,balanced,Test
AST-2031,2024-10-09,13,1,0.7101874023212816,1,11,balanced,Test
AST-3008,2024-10-09,14,1,0.713327922632238,1,11,balanced,Test
AST-3019,2024-10-09,6,0,0.32818384928,0,11,balanced,Test
AST-4055,2024-10-09,4,0,0.6749470302119723,1,11,balanced,Test
AST-4061,2024-10-09,7,0,0.3803300674933471,0,11,balanced,Test
AST-5003,2024-10-09,6,0,0.641909902269649,1,11,balanced,Test
AST-5007,2024-10-09,6,0,0.3611161473022856,0,11,balanced,Test
AST-1041,2024-10-10,2,0,0.5847877738344345,1,11,balanced,Test
AST-1042,2024-10-10,6,0,0.5326507824371033,1,11,balanced,Test
AST-2017,2024-10-10,3,0,0.5066484260859994,1,11,balanced,Test
AST-2031,2024-10-10,2,0,0.7341044598924139,1,11,balanced,Test
AST-3008,2024-10-10,1,0,0.46155130555251,0,11,balanced,Test
AST-3019,2024-10-10,4,0,0.42679815947257504,0,11,balanced,Test
AST-4055,2024-10-10,0,0,0.7237552514879787,1,11,balanced,Test
AST-4061,2024-10-10,8,0,0.4780442737895668,0,11,balanced,Test
AST-5003,2024-10-10,10,0,0.5162935860253794,1,11,balanced,Test
AST-5007,2024-10-10,11,1,0.376137446472206,0,11,balanced,Test
AST-1041,2024-10-11,6,0,0.5438383487198802,1,11,balanced,Test
AST-1042,2024-10-11,12,1,0.7015822415183112,1,11,balanced,Test
AST-2017,2024-10-11,6,0,0.3795094233710919,0,11,balanced,Test
AST-2031,2024-10-11,2,0,0.7446123256679625,1,11,balanced,Test
AST-3008,2024-10-11,11,1,0.440493942682585,0,11,balanced,Test
AST-3019,2024-10-11,3,0,0.4807475435883028,0,11,balanced,Test
AST-4055,2024-10-11,13,1,0.6830161742907542,1,11,balanced,Test
AST-4061,2024-10-11,5,0,0.3805543577740381,0,11,balanced,Test
AST-5003,2024-10-11,12,1,0.576540568962421,1,11,balanced,Test
AST-5007,2024-10-11,6,0,0.2697232081157226,0,11,balanced,Test
AST-1041,2024-10-12,0,0,0.6836434636491951,1,11,balanced,Test
AST-1042,2024-10-12,0,0,0.4386432917882955,0,11,balanced,Test
AST-2017,2024-10-12,0,0,0.3209296622337366,0,11,balanced,Test
AST-2031,2024-10-12,0,0,0.6807061468458743,1,11,balanced,Test
AST-3008,2024-10-12,0,0,0.29482899535460927,0,11,balanced,Test
AST-3019,2024-10-12,0,0,0.27712786578347115,0,11,balanced,Test
AST-4055,2024-10-12,0,0,0.5916856621258736,1,11,balanced,Test
AST-4061,2024-10-12,0,0,0.2614369151257229,0,11,balanced,Test
AST-5003,2024-10-12,0,0,0.35319677023446716,0,11,balanced,Test
AST-5007,2024-10-12,0,0,0.2798018961329589,0,11,balanced,Test
AST-1041,2024-10-13,0,0,0.3354936118358964,0,11,balanced,Test
AST-1042,2024-10-13,0,0,0.39549120079897027,0,11,balanced,Test
AST-2017,2024-10-13,0,0,0.3262825833427123,0,11,balanced,Test
AST-2031,2024-10-13,0,0,0.6560447486061644,1,11,balanced,Test
AST-3008,2024-10-13,0,0,0.2716934523524842,0,11,balanced,Test
AST-3019,2024-10-13,0,0,0.26186756552864476,0,11,balanced,Test
AST-4055,2024-10-13,0,0,0.4649080022309057,0,11,balanced,Test
AST-4061,2024-10-13,0,0,0.3067365502227506,0,11,balanced,Test
AST-5003,2024-10-13,0,0,0.42327141817742814,0,11,balanced,Test
AST-5007,2024-10-13,0,0,0.25636666804084535,0,11,balanced,Test
AST-1041,2024-10-14,3,0,0.6287967895060977,1,11,balanced,Test
AST-1042,2024-10-14,0,0,0.6062920448074844,1,11,balanced,Test
AST-2017,2024-10-14,7,0,0.3572737868792179,0,11,balanced,Test
AST-2031,2024-10-14,10,0,0.748023284559045,1,11,balanced,Test
AST-3008,2024-10-14,2,0,0.38523027778037877,0,11,balanced,Test
AST-3019,2024-10-14,2,0,0.434846364853088,0,11,balanced,Test
AST-4055,2024-10-14,2,0,0.6777547392794738,1,11,balanced,Test
AST-4061,2024-10-14,1,0,0.4535606760972245,0,11,balanced,Test
AST-5003,2024-10-14,18,1,0.5250690538497297,1,11,balanced,Test
AST-5007,2024-10-14,3,0,0.4191594711341813,0,11,balanced,Test
AST-1041,2024-10-15,6,0,0.6295329808915197,1,11,balanced,Test
AST-1042,2024-10-15,0,0,0.5930389444085687,1,11,balanced,Test
AST-2017,2024-10-15,8,0,0.3698868901173654,0,11,balanced,Test
AST-2031,2024-10-15,7,0,0.7966225476780489,1,11,balanced,Test
AST-3008,2024-10-15,9,0,0.3670817864334724,0,11,balanced,Test
AST-3019,2024-10-15,12,1,0.39605807323086195,0,11,balanced,Test
AST-4055,2024-10-15,9,0,0.6537239575331015,1,11,balanced,Test
AST-4061,2024-10-15,6,0,0.45453530700312056,0,11,balanced,Test
AST-5003,2024-10-15,14,1,0.511591571203022,1,11,balanced,Test
AST-5007,2024-10-15,7,0,0.3284615136009922,0,11,balanced,Test
AST-1041,2024-10-16,8,0,0.5802273644839177,1,11,balanced,Test
AST-1042,2024-10-16,6,0,0.5882626589094829,1,11,balanced,Test
AST-2017,2024-10-16,5,0,0.485854680524005,0,11,balanced,Test
AST-2031,2024-10-16,2,0,0.7261299674473463,1,11,balanced,Test
AST-3008,2024-10-16,10,0,0.4308539144452207,0,11,balanced,Test
AST-3019,2024-10-16,14,1,0.3363054331453234,0,11,balanced,Test
AST-4055,2024-10-16,10,0,0.6156337834054243,1,11,balanced,Test
AST-4061,2024-10-16,4,0,0.3942311918659706,0,11,balanced,Test
AST-5003,2024-10-16,8,0,0.5852715554436,1,11,balanced,Test
AST-5007,2024-10-16,7,0,0.385764432142051,0,11,balanced,Test
AST-1041,2024-10-17,10,0,0.5882294035754979,1,11,balanced,Test
AST-1042,2024-10-17,0,0,0.6101709610631022,1,11,balanced,Test
AST-2017,2024-10-17,6,0,0.4393098681692315,0,11,balanced,Test
AST-2031,2024-10-17,9,0,0.7719209362516243,1,11,balanced,Test
AST-3008,2024-10-17,8,0,0.4648836067354618,0,11,balanced,Test
AST-3019,2024-10-17,14,1,0.37644573041038776,0,11,balanced,Test
AST-4055,2024-10-17,9,0,0.7282569961387718,1,11,balanced,Test
AST-4061,2024-10-17,6,0,0.4058843265388528,0,11,balanced,Test
AST-5003,2024-10-17,4,0,0.5834046798929929,1,11,balanced,Test
AST-5007,2024-10-17,3,0,0.3657958888217055,0,11,balanced,Test
AST-1041,2024-10-18,3,0,0.6296478081563425,1,11,balanced,Test
AST-1042,2024-10-18,6,0,0.5707403160758864,1,11,balanced,Test
AST-2017,2024-10-18,18,1,0.4037278847429079,0,11,balanced,Test
AST-2031,2024-10-18,8,0,0.790004568792905,1,11,balanced,Test
AST-3008,2024-10-18,3,0,0.4094793518462633,0,11,balanced,Test
AST-3019,2024-10-18,12,1,0.2851526422786403,0,11,balanced,Test
AST-4055,2024-10-18,12,1,0.5966544112356745,1,11,balanced,Test
AST-4061,2024-10-18,2,0,0.39839624253965683,0,11,balanced,Test
AST-5003,2024-10-18,1,0,0.5417147145967197,1,11,balanced,Test
AST-5007,2024-10-18,8,0,0.3384424116882162,0,11,balanced,Test
AST-1041,2024-10-19,0,0,0.4424481108458771,0,11,balanced,Test
AST-1042,2024-10-19,0,0,0.4188201081576125,0,11,balanced,Test
AST-2017,2024-10-19,0,0,0.36641960858389344,0,11,balanced,Test
AST-2031,2024-10-19,0,0,0.639870706848594,1,11,balanced,Test
AST-3008,2024-10-19,0,0,0.32636094847921293,0,11,balanced,Test
AST-3019,2024-10-19,0,0,0.2707141876845473,0,11,balanced,Test
AST-4055,2024-10-19,0,0,0.5602831846977606,1,11,balanced,Test
AST-4061,2024-10-19,0,0,0.29173591470452087,0,11,balanced,Test
AST-5003,2024-10-19,0,0,0.38180673791555847,0,11,balanced,Test
AST-5007,2024-10-19,0,0,0.2091777468014543,0,11,balanced,Test
AST-1041,2024-10-20,0,0,0.4094835950242867,0,11,balanced,Test
AST-1042,2024-10-20,0,0,0.5311024820228506,1,11,balanced,Test
AST-2017,2024-10-20,0,0,0.3116162277106018,0,11,balanced,Test
AST-2031,2024-10-20,0,0,0.7337450040071831,1,11,balanced,Test
AST-3008,2024-10-20,0,0,0.2832383169578558,0,11,balanced,Test
AST-3019,2024-10-20,0,0,0.30287967600446575,0,11,balanced,Test
AST-4055,2024-10-20,0,0,0.5768530720125656,1,11,balanced,Test
AST-4061,2024-10-20,0,0,0.6125795003649583,1,11,balanced,Test
AST-5003,2024-10-20,0,0,0.335801529027467,0,11,balanced,Test
AST-5007,2024-10-20,0,0,0.2375699723397492,0,11,balanced,Test
AST-1041,2024-10-21,5,0,0.6009487636111353,1,11,balanced,Test
AST-1042,2024-10-21,7,0,0.5483917097670561,1,11,balanced,Test
AST-2017,2024-10-21,2,0,0.49668583453097215,0,11,balanced,Test
AST-2031,2024-10-21,8,0,0.7574752840988052,1,11,balanced,Test
AST-3008,2024-10-21,5,0,0.457485741333842,0,11,balanced,Test
AST-3019,2024-10-21,0,0,0.4696152862448503,0,11,balanced,Test
AST-4055,2024-10-21,14,1,0.653238839455241,1,11,balanced,Test
AST-4061,2024-10-21,8,0,0.3625611675991673,0,11,balanced,Test
AST-5003,2024-10-21,8,0,0.5116213792729299,1,11,balanced,Test
AST-5007,2024-10-21,4,0,0.3425990796050539,0,11,balanced,Test
AST-1041,2024-10-22,0,0,0.5975619315090698,1,11,balanced,Test
AST-1042,2024-10-22,4,0,0.5808618201885496,1,11,balanced,Test
AST-2017,2024-10-22,7,0,0.4447846407993617,0,11,balanced,Test
AST-2031,2024-10-22,9,0,0.7608823467886341,1,11,balanced,Test
AST-3008,2024-10-22,10,0,0.3944508396076762,0,11,balanced,Test
AST-3019,2024-10-22,6,0,0.44796708632931526,0,11,balanced,Test
AST-4055,2024-10-22,12,1,0.6227288815568901,1,11,balanced,Test
AST-4061,2024-10-22,12,1,0.41482575299729585,0,11,balanced,Test
AST-5003,2024-10-22,6,0,0.5180395384272183,1,11,balanced,Test
AST-5007,2024-10-22,0,0,0.30169083399858704,0,11,balanced,Test
AST-1041,2024-10-23,6,0,0.5305872893609527,1,11,balanced,Test
AST-1042,2024-10-23,4,0,0.5471407787123658,1,11,balanced,Test
AST-2017,2024-10-23,13,1,0.6629065551754683,1,11,balanced,Test
AST-2031,2024-10-23,8,0,0.7664545301790179,1,11,balanced,Test
AST-3008,2024-10-23,12,1,0.4216592536957129,0,11,balanced,Test
AST-3019,2024-10-23,4,0,0.3975662498161121,0,11,balanced,Test
AST-4055,2024-10-23,11,1,0.7032641322350583,1,11,balanced,Test
AST-4061,2024-10-23,22,1,0.39360891065570497,0,11,balanced,Test
AST-5003,2024-10-23,9,0,0.5862049127536875,1,11,balanced,Test
AST-5007,2024-10-23,1,0,0.3307070435298815,0,11,balanced,Test
AST-1041,2024-10-24,11,1,0.5903068501907218,1,11,balanced,Test
AST-1042,2024-10-24,2,0,0.5149408975086018,1,11,balanced,Test
AST-2017,2024-10-24,21,1,0.5168482479765437,1,11,balanced,Test
AST-2031,2024-10-24,2,0,0.7701058255049268,1,11,balanced,Test
AST-3008,2024-10-24,6,0,0.42524314666619734,0,11,balanced,Test
AST-3019,2024-10-24,9,0,0.46988201261478757,0,11,balanced,Test
AST-4055,2024-10-24,2,0,0.6079503032214093,1,11,balanced,Test
AST-4061,2024-10-24,4,0,0.3713138822150941,0,11,balanced,Test
AST-5003,2024-10-24,4,0,0.5572619561903128,1,11,balanced,Test
AST-5007,2024-10-24,1,0,0.27740397449532533,0,11,balanced,Test
AST-1041,2024-10-25,14,1,0.5270203020093016,1,11,balanced,Test
AST-1042,2024-10-25,15,1,0.5342304245061638,1,11,balanced,Test
AST-2017,2024-10-25,11,1,0.43464152196759304,0,11,balanced,Test
AST-2031,2024-10-25,0,0,0.7716063968954084,1,11,balanced,Test
AST-3008,2024-10-25,8,0,0.4861591247933161,0,11,balanced,Test
AST-3019,2024-10-25,9,0,0.36549114721828657,0,11,balanced,Test
AST-4055,2024-10-25,11,1,0.5887677503817844,1,11,balanced,Test
AST-4061,2024-10-25,4,0,0.3797030654718295,0,11,balanced,Test
AST-5003,2024-10-25,5,0,0.5009447611475153,1,11,balanced,Test
AST-5007,2024-10-25,6,0,0.3659004847858853,0,11,balanced,Test
AST-1041,2024-10-26,0,0,0.3925439996537784,0,11,balanced,Test
AST-1042,2024-10-26,0,0,0.44629656386212707,0,11,balanced,Test
AST-2017,2024-10-26,0,0,0.3472519542079051,0,11,balanced,Test
AST-2031,2024-10-26,0,0,0.6158340755363997,1,11,balanced,Test
AST-3008,2024-10-26,0,0,0.2713506270537199,0,11,balanced,Test
AST-3019,2024-10-26,0,0,0.24686105474182718,0,11,balanced,Test
AST-4055,2024-10-26,0,0,0.593098961977238,1,11,balanced,Test
AST-4061,2024-10-26,0,0,0.23450187953274282,0,11,balanced,Test
AST-5003,2024-10-26,0,0,0.3991283671152042,0,11,balanced,Test
AST-5007,2024-10-26,0,0,0.23345599553662302,0,11,balanced,Test
AST-1041,2024-10-27,0,0,0.43783935740427,0,11,balanced,Test
AST-1042,2024-10-27,0,0,0.4426971680301799,0,11,balanced,Test
AST-2017,2024-10-27,0,0,0.3640321425607861,0,11,balanced,Test
AST-2031,2024-10-27,0,0,0.6965386843013006,1,11,balanced,Test
AST-3008,2024-10-27,0,0,0.28618189141861294,0,11,balanced,Test
AST-3019,2024-10-27,0,0,0.35748667935511474,0,11,balanced,Test
AST-4055,2024-10-27,0,0,0.5382059989420794,1,11,balanced,Test
AST-4061,2024-10-27,0,0,0.27877593650985655,0,11,balanced,Test
AST-5003,2024-10-27,0,0,0.761748950528497,1,11,balanced,Test
AST-5007,2024-10-27,0,0,0.21179196564134908,0,11,balanced,Test
AST-1041,2024-10-28,0,0,0.5690020437408677,1,11,balanced,Test
AST-1042,2024-10-28,8,0,0.5416462533026671,1,11,balanced,Test
AST-2017,2024-10-28,7,0,0.3845327873185968,0,11,balanced,Test
AST-2031,2024-10-28,4,0,0.7416001754952856,1,11,balanced,Test
AST-3008,2024-10-28,5,0,0.43624678939316835,0,11,balanced,Test
AST-3019,2024-10-28,9,0,0.4506820967997225,0,11,balanced,Test
AST-4055,2024-10-28,9,0,0.6815794907214169,1,11,balanced,Test
AST-4061,2024-10-28,2,0,0.3886164475598259,0,11,balanced,Test
AST-5003,2024-10-28,14,1,0.602300713561917,1,11,balanced,Test
AST-5007,2024-10-28,11,1,0.36964221304289313,0,11,balanced,Test
AST-1041,2024-10-29,5,0,0.6247748223048194,1,11,balanced,Test
AST-1042,2024-10-29,5,0,0.5575113407490505,1,11,balanced,Test
AST-2017,2024-10-29,14,1,0.6986878850945035,1,11,balanced,Test
AST-2031,2024-10-29,2,0,0.7542882996046336,1,11,balanced,Test
AST-3008,2024-10-29,8,0,0.40989255092799576,0,11,balanced,Test
AST-3019,2024-10-29,6,0,0.4277267425817874,0,11,balanced,Test
AST-4055,2024-10-29,3,0,0.608357886810755,1,11,balanced,Test
AST-4061,2024-10-29,4,0,0.3096273863111567,0,11,balanced,Test
AST-5003,2024-10-29,3,0,0.6152460539111395,1,11,balanced,Test
AST-5007,2024-10-29,0,0,0.3406567027540075,0,11,balanced,Test
AST-1041,2024-10-30,4,0,0.5340011324451232,1,11,balanced,Test
AST-1042,2024-10-30,9,0,0.5235405405662618,1,11,balanced,Test
AST-2017,2024-10-30,7,0,0.3848024328433178,0,11,balanced,Test
AST-2031,2024-10-30,12,1,0.7408825137103978,1,11,balanced,Test
AST-3008,2024-10-30,1,0,0.4154627945559103,0,11,balanced,Test
AST-3019,2024-10-30,9,0,0.39788910171355113,0,11,balanced,Test
AST-4055,2024-10-30,8,0,0.6734074015886714,1,11,balanced,Test
AST-4061,2024-10-30,7,0,0.46733363477358686,0,11,balanced,Test
AST-5003,2024-10-30,19,1,0.531679191966601,1,11,balanced,Test
AST-5007,2024-10-30,10,0,0.299607670355365,0,11,balanced,Test
AST-1041,2024-10-31,6,0,0.521266343996796,1,11,balanced,Test
AST-1042,2024-10-31,12,1,0.5351988754423354,1,11,balanced,Test
AST-2017,2024-10-31,6,0,0.44869701617337476,0,11,balanced,Test
AST-2031,2024-10-31,0,0,0.7302366599132104,1,11,balanced,Test
AST-3008,2024-10-31,4,0,0.4121247862463385,0,11,balanced,Test
AST-3019,2024-10-31,6,0,0.36315792887530773,0,11,balanced,Test
AST-4055,2024-10-31,6,0,0.7274906219456743,1,11,balanced,Test
AST-4061,2024-10-31,2,0,0.41983842439948216,0,11,balanced,Test
AST-5003,2024-10-31,10,0,0.5148746455800673,1,11,balanced,Test
AST-5007,2024-10-31,4,0,0.3568964399832576,0,11,balanced,Test
AST-1041,2024-11-01,6,0,0.5528387714159716,1,11,balanced,Test
AST-1042,2024-11-01,1,0,0.5965069215985844,1,11,balanced,Test
AST-2017,2024-11-01,7,0,0.4116446366333456,0,11,balanced,Test
AST-2031,2024-11-01,8,0,0.7561714455827974,1,11,balanced,Test
AST-3008,2024-11-01,8,0,0.4377422578203361,0,11,balanced,Test
AST-3019,2024-11-01,5,0,0.3500222318189656,0,11,balanced,Test
AST-4055,2024-11-01,7,0,0.6217571841909127,1,11,balanced,Test
AST-4061,2024-11-01,10,0,0.3003090885141656,0,11,balanced,Test
AST-5003,2024-11-01,3,0,0.5820836328451797,1,11,balanced,Test
AST-5007,2024-11-01,5,0,0.3475053334927495,0,11,balanced,Test
AST-1041,2024-11-02,0,0,0.4145543529071517,0,11,balanced,Test
AST-1042,2024-11-02,0,0,0.5425240001757402,1,11,balanced,Test
AST-2017,2024-11-02,0,0,0.3212358865770332,0,11,balanced,Test
AST-2031,2024-11-02,0,0,0.6079084256420126,1,11,balanced,Test
AST-3008,2024-11-02,0,0,0.20086156891991092,0,11,balanced,Test
AST-3019,2024-11-02,0,0,0.27099117344705886,0,11,balanced,Test
AST-4055,2024-11-02,0,0,0.5494953552799018,1,11,balanced,Test
AST-4061,2024-11-02,0,0,0.35715889360866254,0,11,balanced,Test
AST-5003,2024-11-02,0,0,0.3662700125701015,0,11,balanced,Test
AST-5007,2024-11-02,0,0,0.25279432988806705,0,11,balanced,Test
AST-1041,2024-11-03,0,0,0.39647015472116764,0,11,balanced,Test
AST-1042,2024-11-03,0,0,0.4218737587596474,0,11,balanced,Test
AST-2017,2024-11-03,0,0,0.31635094327426944,0,11,balanced,Test
AST-2031,2024-11-03,0,0,0.6845240108275212,1,11,balanced,Test
AST-3008,2024-11-03,0,0,0.2635548542628745,0,11,balanced,Test
AST-3019,2024-11-03,0,0,0.26441937725261216,0,11,balanced,Test
AST-4055,2024-11-03,0,0,0.45537065768773693,0,11,balanced,Test
AST-4061,2024-11-03,0,0,0.22065645578554624,0,11,balanced,Test
AST-5003,2024-11-03,0,0,0.5063857382436849,1,11,balanced,Test
AST-5007,2024-11-03,0,0,0.44638883998583817,0,11,balanced,Test
AST-1041,2024-11-04,1,0,0.5858539022722272,1,11,balanced,Test
AST-1042,2024-11-04,12,1,0.5200817258488835,1,11,balanced,Test
AST-2017,2024-11-04,9,0,0.45258801685018746,0,11,balanced,Test
AST-2031,2024-11-04,4,0,0.7887192739419697,1,11,balanced,Test
AST-3008,2024-11-04,6,0,0.4419497232238414,0,11,balanced,Test
AST-3019,2024-11-04,0,0,0.3509395426277414,0,11,balanced,Test
AST-4055,2024-11-04,6,0,0.7299364256397631,1,11,balanced,Test
AST-4061,2024-11-04,2,0,0.3754197506619177,0,11,balanced,Test
AST-5003,2024-11-04,2,0,0.49304752114989925,0,11,balanced,Test
AST-5007,2024-11-04,10,0,0.47585860569143446,0,11,balanced,Test
AST-1041,2024-11-05,3,0,0.5234205351304754,1,11,balanced,Test
AST-1042,2024-11-05,9,0,0.6190427772200652,1,11,balanced,Test
AST-2017,2024-11-05,15,1,0.5372180411768502,1,11,balanced,Test
AST-2031,2024-11-05,11,1,0.7069665682577946,1,11,balanced,Test
AST-3008,2024-11-05,11,1,0.4198954614540423,0,11,balanced,Test
AST-3019,2024-11-05,18,1,0.4766064503928878,0,11,balanced,Test
AST-4055,2024-11-05,12,1,0.6258811680081907,1,11,balanced,Test
AST-4061,2024-11-05,16,1,0.42762733927811414,0,11,balanced,Test
AST-5003,2024-11-05,12,1,0.6074602431102449,1,11,balanced,Test
AST-5007,2024-11-05,4,0,0.32378481580022916,0,11,balanced,Test
AST-1041,2024-11-06,8,0,0.5880232113478654,1,11,balanced,Test
AST-1042,2024-11-06,4,0,0.6063232546952343,1,11,balanced,Test
AST-2017,2024-11-06,12,1,0.38950489964380114,0,11,balanced,Test
AST-2031,2024-11-06,8,0,0.7861832109455728,1,11,balanced,Test
AST-3008,2024-11-06,4,0,0.3833651170786597,0,11,balanced,Test
AST-3019,2024-11-06,2,0,0.36409976426172497,0,11,balanced,Test
AST-4055,2024-11-06,14,1,0.6848366131830067,1,11,balanced,Test
AST-4061,2024-11-06,8,0,0.41737652631195044,0,11,balanced,Test
AST-5003,2024-11-06,18,1,0.5478670872636539,1,11,balanced,Test
AST-5007,2024-11-06,6,0,0.31143712004746255,0,11,balanced,Test
AST-1041,2024-11-07,0,0,0.5456606864890737,1,11,balanced,Test
AST-1042,2024-11-07,8,0,0.5855767593492959,1,11,balanced,Test
AST-2017,2024-11-07,16,1,0.4552948367719725,0,11,balanced,Test
AST-2031,2024-11-07,8,0,0.7496278399434179,1,11,balanced,Test
AST-3008,2024-11-07,11,1,0.4776425955417368,0,11,balanced,Test
AST-3019,2024-11-07,9,0,0.4079999184553478,0,11,balanced,Test
AST-4055,2024-11-07,8,0,0.6827423390325101,1,11,balanced,Test
AST-4061,2024-11-07,6,0,0.5440791221056095,1,11,balanced,Test
AST-5003,2024-11-07,10,0,0.5262347295203196,1,11,balanced,Test
AST-5007,2024-11-07,4,0,0.5096898166533038,1,11,balanced,Test
AST-1041,2024-11-08,4,0,0.5460463117610488,1,11,balanced,Test
AST-1042,2024-11-08,5,0,0.5327279050478332,1,11,balanced,Test
AST-2017,2024-11-08,1,0,0.3553680388539145,0,11,balanced,Test
AST-2031,2024-11-08,6,0,0.7086697909669941,1,11,balanced,Test
AST-3008,2024-11-08,8,0,0.38551468609425504,0,11,balanced,Test
AST-3019,2024-11-08,4,0,0.43641853292019034,0,11,balanced,Test
AST-4055,2024-11-08,11,1,0.6644702963616784,1,11,balanced,Test
AST-4061,2024-11-08,0,0,0.33501539415649445,0,11,balanced,Test
AST-5003,2024-11-08,6,0,0.6052334891493021,1,11,balanced,Test
AST-5007,2024-11-08,4,0,0.34314599509417304,0,11,balanced,Test
AST-1041,2024-11-09,0,0,0.4233915553057635,0,11,balanced,Test
AST-1042,2024-11-09,0,0,0.3849825046473846,0,11,balanced,Test
AST-2017,2024-11-09,0,0,0.3556030711928014,0,11,balanced,Test
AST-2031,2024-11-09,0,0,0.659940028173244,1,11,balanced,Test
AST-3008,2024-11-09,0,0,0.4509773840780748,0,11,balanced,Test
AST-3019,2024-11-09,0,0,0.26857154647857967,0,11,balanced,Test
AST-4055,2024-11-09,0,0,0.5255476814011849,1,11,balanced,Test
AST-4061,2024-11-09,0,0,0.33567641780433893,0,11,balanced,Test
AST-5003,2024-11-09,0,0,0.3568339898032297,0,11,balanced,Test
AST-5007,2024-11-09,0,0,0.21302988357206568,0,11,balanced,Test
AST-1041,2024-11-10,0,0,0.3725000694692161,0,11,balanced,Test
AST-1042,2024-11-10,0,0,0.5022879315076162,1,11,balanced,Test
AST-2017,2024-11-10,0,0,0.3145247118058471,0,11,balanced,Test
AST-2031,2024-11-10,0,0,0.690716724323447,1,11,balanced,Test
AST-3008,2024-11-10,0,0,0.46236310572375183,0,11,balanced,Test
AST-3019,2024-11-10,0,0,0.31016296027062634,0,11,balanced,Test
AST-4055,2024-11-10,0,0,0.4889335176304687,0,11,balanced,Test
AST-4061,2024-11-10,0,0,0.31638751841052093,0,11,balanced,Test
AST-5003,2024-11-10,0,0,0.4607994366434384,0,11,balanced,Test
AST-5007,2024-11-10,0,0,0.2897599390617172,0,11,balanced,Test
AST-1041,2024-11-11,10,0,0.5879768914541657,1,11,balanced,Test
AST-1042,2024-11-11,8,0,0.5497910002383939,1,11,balanced,Test
AST-2017,2024-11-11,7,0,0.4457097260542752,0,11,balanced,Test
AST-2031,2024-11-11,4,0,0.775122715753185,1,11,balanced,Test
AST-3008,2024-11-11,4,0,0.42289740564571404,0,11,balanced,Test
AST-3019,2024-11-11,3,0,0.47299152849333476,0,11,balanced,Test
AST-4055,2024-11-11,8,0,0.6670615117193348,1,11,balanced,Test
AST-4061,2024-11-11,6,0,0.35509672527670694,0,11,balanced,Test
AST-5003,2024-11-11,8,0,0.6732517585118355,1,11,balanced,Test
AST-5007,2024-11-11,7,0,0.26048433716820496,0,11,balanced,Test
AST-1041,2024-11-12,14,1,0.8421982980558242,1,11,balanced,Test
AST-1042,2024-11-12,6,0,0.4445041475066833,0,11,balanced,Test
AST-2017,2024-11-12,7,0,0.3953618633364592,0,11,balanced,Test
AST-2031,2024-11-12,10,0,0.7418254041213863,1,11,balanced,Test
AST-3008,2024-11-12,11,1,0.4519108101620973,0,11,balanced,Test
AST-3019,2024-11-12,7,0,0.3993765564396714,0,11,balanced,Test
AST-4055,2024-11-12,13,1,0.6008629664151157,1,11,balanced,Test
AST-4061,2024-11-12,16,1,0.4034831910803274,0,11,balanced,Test
AST-5003,2024-11-12,9,0,0.5752811762228317,1,11,balanced,Test
AST-5007,2024-11-12,5,0,0.626851902374654,1,11,balanced,Test
AST-1041,2024-11-13,10,0,0.5848924818397847,1,11,balanced,Test
AST-1042,2024-11-13,7,0,0.5616630223088828,1,11,balanced,Test
AST-2017,2024-11-13,2,0,0.5219570521109346,1,11,balanced,Test
AST-2031,2024-11-13,4,0,0.7836862298975603,1,11,balanced,Test
AST-3008,2024-11-13,10,0,0.38367076988178594,0,11,balanced,Test
AST-3019,2024-11-13,7,0,0.7231065381196308,1,11,balanced,Test
AST-4055,2024-11-13,1,0,0.6592677537381278,1,11,balanced,Test
AST-4061,2024-11-13,13,1,0.34828686818076576,0,11,balanced,Test
AST-5003,2024-11-13,9,0,0.5941392485122993,1,11,balanced,Test
AST-5007,2024-11-13,0,0,0.3598823543731077,0,11,balanced,Test
AST-1041,2024-11-14,5,0,0.6477298839679411,1,11,balanced,Test
AST-1042,2024-11-14,3,0,0.618934804715406,1,11,balanced,Test
AST-2017,2024-11-14,5,0,0.4964125914433015,0,11,balanced,Test
AST-2031,2024-11-14,8,0,0.7581163346056355,1,11,balanced,Test
AST-3008,2024-11-14,3,0,0.35889389114547826,0,11,balanced,Test
AST-3019,2024-11-14,11,1,0.4974991825995825,0,11,balanced,Test
AST-4055,2024-11-14,2,0,0.6752285657686738,1,11,balanced,Test
AST-4061,2024-11-14,2,0,0.41122545575851266,0,11,balanced,Test
AST-5003,2024-11-14,9,0,0.6097541091660464,1,11,balanced,Test
AST-5007,2024-11-14,9,0,0.3639689450886307,0,11,balanced,Test
AST-1041,2024-11-15,2,0,0.5803895174767097,1,11,balanced,Test
AST-1042,2024-11-15,5,0,0.5793558622581889,1,11,balanced,Test
AST-2017,2024-11-15,5,0,0.4546539533333749,0,11,balanced,Test
AST-2031,2024-11-15,6,0,0.7870453067991989,1,11,balanced,Test
AST-3008,2024-11-15,11,1,0.47399748907664785,0,11,balanced,Test
AST-3019,2024-11-15,2,0,0.38313331362734004,0,11,balanced,Test
AST-4055,2024-11-15,14,1,0.6931223019332711,1,11,balanced,Test
AST-4061,2024-11-15,8,0,0.40450748483934723,0,11,balanced,Test
AST-5003,2024-11-15,10,0,0.48765848953885993,0,11,balanced,Test
AST-5007,2024-11-15,7,0,0.41708246916644187,0,11,balanced,Test
AST-1041,2024-11-16,0,0,0.4548963111866357,0,11,balanced,Test
AST-1042,2024-11-16,0,0,0.6246620766748986,1,11,balanced,Test
AST-2017,2024-11-16,0,0,0.4018259100317331,0,11,balanced,Test
AST-2031,2024-11-16,0,0,0.7339285960540666,1,11,balanced,Test
AST-3008,2024-11-16,0,0,0.28170581690625773,0,11,balanced,Test
AST-3019,2024-11-16,0,0,0.2851596520035493,0,11,balanced,Test
AST-4055,2024-11-16,0,0,0.6458088555759459,1,11,balanced,Test
AST-4061,2024-11-16,0,0,0.29699635757696097,0,11,balanced,Test
AST-5003,2024-11-16,0,0,0.3884830177904579,0,11,balanced,Test
AST-5007,2024-11-16,0,0,0.2084491207891398,0,11,balanced,Test
AST-1041,2024-11-17,0,0,0.31640648862112764,0,11,balanced,Test
AST-1042,2024-11-17,0,0,0.41813302968614796,0,11,balanced,Test
AST-2017,2024-11-17,0,0,0.2760186510001163,0,11,balanced,Test
AST-2031,2024-11-17,0,0,0.6317539804249076,1,11,balanced,Test
AST-3008,2024-11-17,0,0,0.44625108338385394,0,11,balanced,Test
AST-3019,2024-11-17,0,0,0.3043345211892177,0,11,balanced,Test
AST-4055,2024-11-17,0,0,0.5337073609488702,1,11,balanced,Test
AST-4061,2024-11-17,0,0,0.1892949162701381,0,11,balanced,Test
AST-5003,2024-11-17,0,0,0.37563021028060284,0,11,balanced,Test
AST-5007,2024-11-17,0,0,0.23850654809869745,0,11,balanced,Test
AST-1041,2024-11-18,9,0,0.532400441065948,1,11,balanced,Test
AST-1042,2024-11-18,9,0,0.5355848058329641,1,11,balanced,Test
AST-2017,2024-11-18,8,0,0.4198456492684079,0,11,balanced,Test
AST-2031,2024-11-18,7,0,0.7511602978001163,1,11,balanced,Test
AST-3008,2024-11-18,4,0,0.4750275841740216,0,11,balanced,Test
AST-3019,2024-11-18,6,0,0.3887585936156497,0,11,balanced,Test
AST-4055,2024-11-18,21,1,0.66973165491042,1,11,balanced,Test
AST-4061,2024-11-18,5,0,0.4259200840220853,0,11,balanced,Test
AST-5003,2024-11-18,5,0,0.5087186244994905,1,11,balanced,Test
AST-5007,2024-11-18,7,0,0.2739962791906747,0,11,balanced,Test
AST-1041,2024-11-19,10,0,0.5548863986863891,1,11,balanced,Test
AST-1042,2024-11-19,11,1,0.5891036155173175,1,11,balanced,Test
AST-2017,2024-11-19,5,0,0.4243291702411049,0,11,balanced,Test
AST-2031,2024-11-19,10,0,0.7518625068145524,1,11,balanced,Test
AST-3008,2024-11-19,11,1,0.5322058239174067,1,11,balanced,Test
AST-3019,2024-11-19,2,0,0.3997823196283186,0,11,balanced,Test
AST-4055,2024-11-19,11,1,0.7078328724021824,1,11,balanced,Test
AST-4061,2024-11-19,4,0,0.45394646470742717,0,11,balanced,Test
AST-5003,2024-11-19,10,0,0.5702620443476194,1,11,balanced,Test
AST-5007,2024-11-19,1,0,0.2807504839012199,0,11,balanced,Test
AST-1041,2024-11-20,12,1,0.5261136988563657,1,11,balanced,Test
AST-1042,2024-11-20,4,0,0.5748798256618558,1,11,balanced,Test
AST-2017,2024-11-20,6,0,0.3804734012573819,0,11,balanced,Test
AST-2031,2024-11-20,8,0,0.7803248521011446,1,11,balanced,Test
AST-3008,2024-11-20,8,0,0.6361483640269161,1,11,balanced,Test
AST-3019,2024-11-20,0,0,0.43952544694153195,0,11,balanced,Test
AST-4055,2024-11-20,3,0,0.7092117051374507,1,11,balanced,Test
AST-4061,2024-11-20,11,1,0.4008341384810263,0,11,balanced,Test
AST-5003,2024-11-20,20,1,0.6217966061313392,1,11,balanced,Test
AST-5007,2024-11-20,0,0,0.3349243744297262,0,11,balanced,Test
AST-1041,2024-11-21,6,0,0.6213972651513873,1,11,balanced,Test
AST-1042,2024-11-21,6,0,0.5430701789679626,1,11,balanced,Test
AST-2017,2024-11-21,9,0,0.40035393959582405,0,11,balanced,Test
AST-2031,2024-11-21,17,1,0.7432940285172929,1,11,balanced,Test
AST-3008,2024-11-21,4,0,0.3305696238385394,0,11,balanced,Test
AST-3019,2024-11-21,6,0,0.39345669336566563,0,11,balanced,Test
AST-4055,2024-11-21,8,0,0.655168840009887,1,11,balanced,Test
AST-4061,2024-11-21,4,0,0.33318815807825736,0,11,balanced,Test
AST-5003,2024-11-21,12,1,0.5051043237766627,1,11,balanced,Test
AST-5007,2024-11-21,6,0,0.33730664412134775,0,11,balanced,Test
AST-1041,2024-11-22,12,1,0.5535950612464522,1,11,balanced,Test
AST-1042,2024-11-22,6,0,0.6094666750173541,1,11,balanced,Test
AST-2017,2024-11-22,7,0,0.4087878634556762,0,11,balanced,Test
AST-2031,2024-11-22,0,0,0.7627106321532371,1,11,balanced,Test
AST-3008,2024-11-22,2,0,0.42771191249198665,0,11,balanced,Test
AST-3019,2024-11-22,4,0,0.4626481203738431,0,11,balanced,Test
AST-4055,2024-11-22,9,0,0.6601234096618982,1,11,balanced,Test
AST-4061,2024-11-22,6,0,0.4587533112684559,0,11,balanced,Test
AST-5003,2024-11-22,15,1,0.6119909814538971,1,11,balanced,Test
AST-5007,2024-11-22,2,0,0.28321379908493094,0,11,balanced,Test
AST-1041,2024-11-23,0,0,0.44701318869659257,0,11,balanced,Test
AST-1042,2024-11-23,0,0,0.4667775597498573,0,11,balanced,Test
AST-2017,2024-11-23,0,0,0.2763880053687179,0,11,balanced,Test
AST-2031,2024-11-23,0,0,0.5930780621329945,1,11,balanced,Test
AST-3008,2024-11-23,0,0,0.3430968450279494,0,11,balanced,Test
AST-3019,2024-11-23,0,0,0.29835969912028854,0,11,balanced,Test
AST-4055,2024-11-23,0,0,0.5904612827668065,1,11,balanced,Test
AST-4061,2024-11-23,0,0,0.22107570097053197,0,11,balanced,Test
AST-5003,2024-11-23,0,0,0.39682760253483823,0,11,balanced,Test
AST-5007,2024-11-23,0,0,0.20437730516821473,0,11,balanced,Test
AST-1041,2024-11-24,0,0,0.42726961770938165,0,11,balanced,Test
AST-1042,2024-11-24,0,0,0.4311760664159312,0,11,balanced,Test
AST-2017,2024-11-24,0,0,0.31676001962178757,0,11,balanced,Test
AST-2031,2024-11-24,0,0,0.7103873222037199,1,11,balanced,Test
AST-3008,2024-11-24,0,0,0.3661725990384318,0,11,balanced,Test
AST-3019,2024-11-24,0,0,0.36141262569255117,0,11,balanced,Test
AST-4055,2024-11-24,0,0,0.4440608196897029,0,11,balanced,Test
AST-4061,2024-11-24,0,0,0.23245039151464,0,11,balanced,Test
AST-5003,2024-11-24,0,0,0.37466513991764483,0,11,balanced,Test
AST-5007,2024-11-24,0,0,0.2718178536982135,0,11,balanced,Test
AST-1041,2024-11-25,4,0,0.5409342799120056,1,11,balanced,Test
AST-1042,2024-11-25,6,0,0.5785902878012709,1,11,balanced,Test
AST-2017,2024-11-25,5,0,0.47824835396158727,0,11,balanced,Test
AST-2031,2024-11-25,8,0,0.778534067906302,1,11,balanced,Test
AST-3008,2024-11-25,3,0,0.4146304619486933,0,11,balanced,Test
AST-3019,2024-11-25,8,0,0.4919886348124187,0,11,balanced,Test
AST-4055,2024-11-25,7,0,0.6952311959891229,1,11,balanced,Test
AST-4061,2024-11-25,4,0,0.30590979209323754,0,11,balanced,Test
AST-5003,2024-11-25,9,0,0.5676166340880238,1,11,balanced,Test
AST-5007,2024-11-25,6,0,0.3574821715077889,0,11,balanced,Test
AST-1041,2024-11-26,2,0,0.5891352418314117,1,11,balanced,Test
AST-1042,2024-11-26,4,0,0.5570760909949555,1,11,balanced,Test
AST-2017,2024-11-26,4,0,0.4478876381198397,0,11,balanced,Test
AST-2031,2024-11-26,8,0,0.740367727624847,1,11,balanced,Test
AST-3008,2024-11-26,5,0,0.45066506095320563,0,11,balanced,Test
AST-3019,2024-11-26,5,0,0.4066632694298215,0,11,balanced,Test
AST-4055,2024-11-26,15,1,0.6129671276927587,1,11,balanced,Test
AST-4061,2024-11-26,3,0,0.4091408492479151,0,11,balanced,Test
AST-5003,2024-11-26,9,0,0.6261345342386246,1,11,balanced,Test
AST-5007,2024-11-26,10,0,0.33843706759770553,0,11,balanced,Test
AST-1041,2024-11-27,6,0,0.5808465691065161,1,11,balanced,Test
AST-1042,2024-11-27,4,0,0.6103341674323189,1,11,balanced,Test
AST-2017,2024-11-27,11,1,0.4932803647001265,0,11,balanced,Test
AST-2031,2024-11-27,15,1,0.7270036360214546,1,11,balanced,Test
AST-3008,2024-11-27,5,0,0.4597130397091183,0,11,balanced,Test
AST-3019,2024-11-27,6,0,0.4341447497730838,0,11,balanced,Test
AST-4055,2024-11-27,2,0,0.651579797161691,1,11,balanced,Test
AST-4061,2024-11-27,6,0,0.3364161396840699,0,11,balanced,Test
AST-5003,2024-11-27,15,1,0.49190524199856506,0,11,balanced,Test
AST-5007,2024-11-27,10,0,0.3116409218639234,0,11,balanced,Test
AST-1041,2024-11-28,11,1,0.6634144629186253,1,11,balanced,Test
AST-1042,2024-11-28,8,0,0.6125600983017182,1,11,balanced,Test
AST-2017,2024-11-28,11,1,0.45993557085192666,0,11,balanced,Test
AST-2031,2024-11-28,9,0,0.744861195616298,1,11,balanced,Test
AST-3008,2024-11-28,4,0,0.40230773259951036,0,11,balanced,Test
AST-3019,2024-11-28,6,0,0.45960714146012627,0,11,balanced,Test
AST-4055,2024-11-28,8,0,0.6776191053587441,1,11,balanced,Test
AST-4061,2024-11-28,6,0,0.3116779805015163,0,11,balanced,Test
AST-5003,2024-11-28,12,1,0.5727858962485334,1,11,balanced,Test
AST-5007,2024-11-28,9,0,0.3352611417590063,0,11,balanced,Test
AST-1041,2024-11-29,8,0,0.49617455521314663,0,11,balanced,Test
AST-1042,2024-11-29,2,0,0.5811992349302487,1,11,balanced,Test
AST-2017,2024-11-29,8,0,0.4612221092029244,0,11,balanced,Test
AST-2031,2024-11-29,10,0,0.7711959899199153,1,11,balanced,Test
AST-3008,2024-11-29,0,0,0.4175257386739532,0,11,balanced,Test
AST-3019,2024-11-29,6,0,0.3953645935231597,0,11,balanced,Test
AST-4055,2024-11-29,13,1,0.6627475447887083,1,11,balanced,Test
AST-4061,2024-11-29,6,0,0.42754671107733705,0,11,balanced,Test
AST-5003,2024-11-29,11,1,0.6234002190919894,1,11,balanced,Test
AST-5007,2024-11-29,0,0,0.4226908160056897,0,11,balanced,Test
AST-1041,2024-11-30,0,0,0.3417644078875486,0,11,balanced,Test
AST-1042,2024-11-30,0,0,0.5558659342448591,1,11,balanced,Test
AST-2017,2024-11-30,0,0,0.31361655106298064,0,11,balanced,Test
AST-2031,2024-11-30,0,0,0.7019440039395187,1,11,balanced,Test
AST-3008,2024-11-30,0,0,0.23843414719915207,0,11,balanced,Test
AST-3019,2024-11-30,0,0,0.37460336646705183,0,11,balanced,Test
AST-4055,2024-11-30,0,0,0.5519734899885523,1,11,balanced,Test
AST-4061,2024-11-30,0,0,0.22142388433446622,0,11,balanced,Test
AST-5003,2024-11-30,0,0,0.4418903512824417,0,11,balanced,Test
AST-5007,2024-11-30,0,0,0.29674633257379196,0,11,balanced,Test
AST-1041,2024-12-01,0,0,0.3607423820349368,0,11,balanced,Test
AST-1042,2024-12-01,0,0,0.4531482275521111,0,11,balanced,Test
AST-2017,2024-12-01,0,0,0.35330034102499036,0,11,balanced,Test
AST-2031,2024-12-01,0,0,0.7493589252165259,1,11,balanced,Test
AST-3008,2024-12-01,0,0,0.23385818600004238,0,11,balanced,Test
AST-3019,2024-12-01,0,0,0.2628447409121438,0,11,balanced,Test
AST-4055,2024-12-01,0,0,0.53395012679141,1,11,balanced,Test
AST-4061,2024-12-01,0,0,0.28422107126041424,0,11,balanced,Test
AST-5003,2024-12-01,0,0,0.3588755783676142,0,11,balanced,Test
AST-5007,2024-12-01,0,0,0.2912237607725826,0,11,balanced,Test
AST-1041,2024-12-02,7,0,0.560304680133591,1,11,balanced,Test
AST-1042,2024-12-02,12,1,0.5568984741834345,1,11,balanced,Test
AST-2017,2024-12-02,11,1,0.48113584015499505,0,11,balanced,Test
AST-2031,2024-12-02,2,0,0.7697234146515894,1,11,balanced,Test
AST-3008,2024-12-02,12,1,0.45154068019166116,0,11,balanced,Test
AST-3019,2024-12-02,4,0,0.39181209659725563,0,11,balanced,Test
AST-4055,2024-12-02,7,0,0.6931958280134051,1,11,balanced,Test
AST-4061,2024-12-02,9,0,0.4225154867468275,0,11,balanced,Test
AST-5003,2024-12-02,6,0,0.5925764668575295,1,11,balanced,Test
AST-5007,2024-12-02,5,0,0.407199612940888,0,11,balanced,Test
AST-1041,2024-12-03,7,0,0.5949929659937725,1,11,balanced,Test
AST-1042,2024-12-03,4,0,0.5234194270714976,1,11,balanced,Test
AST-2017,2024-12-03,10,0,0.47323271371056763,0,11,balanced,Test
AST-2031,2024-12-03,4,0,0.7536739046603601,1,11,balanced,Test
AST-3008,2024-12-03,2,0,0.44433554587781676,0,11,balanced,Test
AST-3019,2024-12-03,0,0,0.41635293296582454,0,11,balanced,Test
AST-4055,2024-12-03,13,1,0.6070752845395273,1,11,balanced,Test
AST-4061,2024-12-03,12,1,0.4062355275268939,0,11,balanced,Test
AST-5003,2024-12-03,9,0,0.5778934544465274,1,11,balanced,Test
AST-5007,2024-12-03,3,0,0.3364329040372224,0,11,balanced,Test
AST-1041,2024-12-04,4,0,0.6058337125139236,1,11,balanced,Test
AST-1042,2024-12-04,8,0,0.6290143414715169,1,11,balanced,Test
AST-2017,2024-12-04,17,1,0.49210905636250724,0,11,balanced,Test
AST-2031,2024-12-04,10,0,0.7988282812410682,1,11,balanced,Test
AST-3008,2024-12-04,4,0,0.39054837758818706,0,11,balanced,Test
AST-3019,2024-12-04,6,0,0.41236768481609565,0,11,balanced,Test
AST-4055,2024-12-04,10,0,0.6062520245796122,1,11,balanced,Test
AST-4061,2024-12-04,4,0,0.4083669608156442,0,11,balanced,Test
AST-5003,2024-12-04,8,0,0.5762378705629603,1,11,balanced,Test
AST-5007,2024-12-04,12,1,0.3352409575646098,0,11,balanced,Test
AST-1041,2024-12-05,5,0,0.562504392027725,1,11,balanced,Test
AST-1042,2024-12-05,4,0,0.5894454627477856,1,11,balanced,Test
AST-2017,2024-12-05,5,0,0.4640890031805684,0,11,balanced,Test
AST-2031,2024-12-05,7,0,0.8243693550894203,1,11,balanced,Test
AST-3008,2024-12-05,9,0,0.45129586828024515,0,11,balanced,Test
AST-3019,2024-12-05,18,1,0.42316429214373974,0,11,balanced,Test
AST-4055,2024-12-05,6,0,0.6472430817343944,1,11,balanced,Test
AST-4061,2024-12-05,10,0,0.42023987121662143,0,11,balanced,Test
AST-5003,2024-12-05,8,0,0.5792388083547552,1,11,balanced,Test
AST-5007,2024-12-05,9,0,0.3326569234738052,0,11,balanced,Test
AST-1041,2024-12-06,6,0,0.6032399022791439,1,11,balanced,Test
AST-1042,2024-12-06,10,0,0.5131550529836808,1,11,balanced,Test
AST-2017,2024-12-06,15,1,0.5559696030834432,1,11,balanced,Test
AST-2031,2024-12-06,6,0,0.7546567219761479,1,11,balanced,Test
AST-3008,2024-12-06,4,0,0.4215197482418775,0,11,balanced,Test
AST-3019,2024-12-06,2,0,0.35757799522362754,0,11,balanced,Test
AST-4055,2024-12-06,5,0,0.6674747877717145,1,11,balanced,Test
AST-4061,2024-12-06,4,0,0.35318282002073764,0,11,balanced,Test
AST-5003,2024-12-06,9,0,0.4999353975694136,0,11,balanced,Test
AST-5007,2024-12-06,0,0,0.34033956384020464,0,11,balanced,Test
AST-1041,2024-12-07,0,0,0.4503193144303765,0,11,balanced,Test
AST-1042,2024-12-07,0,0,0.43002341641992053,0,11,balanced,Test
AST-2017,2024-12-07,0,0,0.34807761057380027,0,11,balanced,Test
AST-2031,2024-12-07,0,0,0.6621284955170071,1,11,balanced,Test
AST-3008,2024-12-07,0,0,0.27749001634901027,0,11,balanced,Test
AST-3019,2024-12-07,0,0,0.31265980189043996,0,11,balanced,Test
AST-4055,2024-12-07,0,0,0.5937230128538352,1,11,balanced,Test
AST-4061,2024-12-07,0,0,0.5791955975616704,1,11,balanced,Test
AST-5003,2024-12-07,0,0,0.4531501340086643,0,11,balanced,Test
AST-5007,2024-12-07,0,0,0.2844717564164377,0,11,balanced,Test
AST-1041,2024-12-08,0,0,0.41831835607961865,0,11,balanced,Test
AST-1042,2024-12-08,0,0,0.5211562157720511,1,11,balanced,Test
AST-2017,2024-12-08,0,0,0.30642468085373387,0,11,balanced,Test
AST-2031,2024-12-08,0,0,0.6612164247706928,1,11,balanced,Test
AST-3008,2024-12-08,0,0,0.2501667167337687,0,11,balanced,Test
AST-3019,2024-12-08,0,0,0.2498617100783168,0,11,balanced,Test
AST-4055,2024-12-08,0,0,0.67293725583341,1,11,balanced,Test
AST-4061,2024-12-08,0,0,0.2907634201846909,0,11,balanced,Test
AST-5003,2024-12-08,0,0,0.4045943411363719,0,11,balanced,Test
AST-5007,2024-12-08,0,0,0.27332701629659795,0,11,balanced,Test
AST-1041,2024-12-09,4,0,0.6306357502885565,1,11,balanced,Test
AST-1042,2024-12-09,7,0,0.6349247181831074,1,11,balanced,Test
AST-2017,2024-12-09,4,0,0.4240595654818267,0,11,balanced,Test
AST-2031,2024-12-09,3,0,0.7525785848312061,1,11,balanced,Test
AST-3008,2024-12-09,4,0,0.4683940733420354,0,11,balanced,Test
AST-3019,2024-12-09,2,0,0.6484746405356321,1,11,balanced,Test
AST-4055,2024-12-09,3,0,0.6828970060135945,1,11,balanced,Test
AST-4061,2024-12-09,24,1,0.3822072300459229,0,11,balanced,Test
AST-5003,2024-12-09,12,1,0.5697620885933398,1,11,balanced,Test
AST-5007,2024-12-09,12,1,0.3958942612763329,0,11,balanced,Test
AST-1041,2024-12-10,4,0,0.5829907631096601,1,11,balanced,Test
AST-1042,2024-12-10,24,1,0.6538594882788578,1,11,balanced,Test
AST-2017,2024-12-10,18,1,0.47155348397094593,0,11,balanced,Test
AST-2031,2024-12-10,7,0,0.7376700148778571,1,11,balanced,Test
AST-3008,2024-12-10,10,0,0.3842848008612545,0,11,balanced,Test
AST-3019,2024-12-10,3,0,0.6596736833839402,1,11,balanced,Test
AST-4055,2024-12-10,20,1,0.6025795349712286,1,11,balanced,Test
AST-4061,2024-12-10,8,0,0.37818192951134627,0,11,balanced,Test
AST-5003,2024-12-10,6,0,0.47009490707144047,0,11,balanced,Test
AST-5007,2024-12-10,2,0,0.3275010621281836,0,11,balanced,Test
AST-1041,2024-12-11,6,0,0.5455915109629652,1,11,balanced,Test
AST-1042,2024-12-11,0,0,0.5522610855782021,1,11,balanced,Test
AST-2017,2024-12-11,13,1,0.39176415562487876,0,11,balanced,Test
AST-2031,2024-12-11,8,0,0.7410158360972063,1,11,balanced,Test
AST-3008,2024-12-11,9,0,0.3979188250140191,0,11,balanced,Test
AST-3019,2024-12-11,16,1,0.39963024112717255,0,11,balanced,Test
AST-4055,2024-12-11,3,0,0.6707698087392238,1,11,balanced,Test
AST-4061,2024-12-11,3,0,0.4770040308553148,0,11,balanced,Test
AST-5003,2024-12-11,3,0,0.4428751830314989,0,11,balanced,Test
AST-5007,2024-12-11,3,0,0.35996690290839706,0,11,balanced,Test
AST-1041,2024-12-12,12,1,0.6040882163847953,1,11,balanced,Test
AST-1042,2024-12-12,14,1,0.6354479624241193,1,11,balanced,Test
AST-2017,2024-12-12,11,1,0.4394346403202719,0,11,balanced,Test
AST-2031,2024-12-12,4,0,0.772088034578624,1,11,balanced,Test
AST-3008,2024-12-12,10,0,0.4859055889834828,0,11,balanced,Test
AST-3019,2024-12-12,6,0,0.41479284524808513,0,11,balanced,Test
AST-4055,2024-12-12,10,0,0.6285088558139524,1,11,balanced,Test
AST-4061,2024-12-12,18,1,0.44975123584587073,0,11,balanced,Test
AST-5003,2024-12-12,10,0,0.5017835836089977,1,11,balanced,Test
AST-5007,2024-12-12,2,0,0.3584183768110913,0,11,balanced,Test
AST-1041,2024-12-13,1,0,0.5574376505655961,1,11,balanced,Test
AST-1042,2024-12-13,10,0,0.655227082528879,1,11,balanced,Test
AST-2017,2024-12-13,11,1,0.4152175147582725,0,11,balanced,Test
AST-2031,2024-12-13,4,0,0.7157235088827387,1,11,balanced,Test
AST-3008,2024-12-13,7,0,0.43575040213818117,0,11,balanced,Test
AST-3019,2024-12-13,8,0,0.38357503870458953,0,11,balanced,Test
AST-4055,2024-12-13,12,1,0.6507975254461862,1,11,balanced,Test
AST-4061,2024-12-13,4,0,0.3546220769479193,0,11,balanced,Test
AST-5003,2024-12-13,9,0,0.5347482239280105,1,11,balanced,Test
AST-5007,2024-12-13,2,0,0.40370234851238973,0,11,balanced,Test
AST-1041,2024-12-14,0,0,0.36354890079053,0,11,balanced,Test
AST-1042,2024-12-14,0,0,0.41533296780685935,0,11,balanced,Test
AST-2017,2024-12-14,0,0,0.32600060046313084,0,11,balanced,Test
AST-2031,2024-12-14,0,0,0.6301996095895018,1,11,balanced,Test
AST-3008,2024-12-14,0,0,0.28400493808896654,0,11,balanced,Test
AST-3019,2024-12-14,0,0,0.26292504045125126,0,11,balanced,Test
AST-4055,2024-12-14,0,0,0.5057035592257594,1,11,balanced,Test
AST-4061,2024-12-14,0,0,0.2952662076676215,0,11,balanced,Test
AST-5003,2024-12-14,0,0,0.47957221514012127,0,11,balanced,Test
AST-5007,2024-12-14,0,0,0.1614291403375816,0,11,balanced,Test
AST-1041,2024-12-15,0,0,0.4614511371107282,0,11,balanced,Test
AST-1042,2024-12-15,0,0,0.4403538427800458,0,11,balanced,Test
AST-2017,2024-12-15,0,0,0.31847160521489903,0,11,balanced,Test
AST-2031,2024-12-15,0,0,0.6987860307223674,1,11,balanced,Test
AST-3008,2024-12-15,0,0,0.2718182992095164,0,11,balanced,Test
AST-3019,2024-12-15,0,0,0.27370716435798326,0,11,balanced,Test
AST-4055,2024-12-15,0,0,0.5011147850836694,1,11,balanced,Test
AST-4061,2024-12-15,0,0,0.2633432102029145,0,11,balanced,Test
AST-5003,2024-12-15,0,0,0.3706084373032068,0,11,balanced,Test
AST-5007,2024-12-15,0,0,0.2635769053212677,0,11,balanced,Test
AST-1041,2024-12-16,10,0,0.4764693633450364,0,11,balanced,Test
AST-1042,2024-12-16,6,0,0.530411445319188,1,11,balanced,Test
AST-2017,2024-12-16,6,0,0.391943702884798,0,11,balanced,Test
AST-2031,2024-12-16,6,0,0.7771213363448302,1,11,balanced,Test
AST-3008,2024-12-16,12,1,0.4562826254415303,0,11,balanced,Test
AST-3019,2024-12-16,11,1,0.37799735338969936,0,11,balanced,Test
AST-4055,2024-12-16,10,0,0.7065248001439666,1,11,balanced,Test
AST-4061,2024-12-16,0,0,0.4419800888369363,0,11,balanced,Test
AST-5003,2024-12-16,1,0,0.6243529048182458,1,11,balanced,Test
AST-5007,2024-12-16,6,0,0.34362551264963886,0,11,balanced,Test
AST-1041,2024-12-17,4,0,0.5685775733172376,1,11,balanced,Test
AST-1042,2024-12-17,4,0,0.5882053696777116,1,11,balanced,Test
AST-2017,2024-12-17,15,1,0.4055187575715226,0,11,balanced,Test
AST-2031,2024-12-17,12,1,0.7661289819934577,1,11,balanced,Test
AST-3008,2024-12-17,4,0,0.42835943508381474,0,11,balanced,Test
AST-3019,2024-12-17,7,0,0.46536137888067713,0,11,balanced,Test
AST-4055,2024-12-17,10,0,0.7330411539116478,1,11,balanced,Test
AST-4061,2024-12-17,8,0,0.4067454362712372,0,11,balanced,Test
AST-5003,2024-12-17,0,0,0.5965740751137444,1,11,balanced,Test
AST-5007,2024-12-17,4,0,0.3264075648418342,0,11,balanced,Test
AST-1041,2024-12-18,5,0,0.5203301205034041,1,11,balanced,Test
AST-1042,2024-12-18,6,0,0.6040065225937354,1,11,balanced,Test
AST-2017,2024-12-18,16,1,0.5175846446708698,1,11,balanced,Test
AST-2031,2024-12-18,10,0,0.7781839929219597,1,11,balanced,Test
AST-3008,2024-12-18,6,0,0.7155394768607654,1,11,balanced,Test
AST-3019,2024-12-18,8,0,0.4431176778888252,0,11,balanced,Test
AST-4055,2024-12-18,9,0,0.6456581496749966,1,11,balanced,Test
AST-4061,2024-12-18,10,0,0.4116769586665538,0,11,balanced,Test
AST-5003,2024-12-18,4,0,0.4797690944146664,0,11,balanced,Test
AST-5007,2024-12-18,2,0,0.3408407435089583,0,11,balanced,Test
AST-1041,2024-12-19,6,0,0.5728674843905791,1,11,balanced,Test
AST-1042,2024-12-19,10,0,0.6030890178562317,1,11,balanced,Test
AST-2017,2024-12-19,3,0,0.5186012653612367,1,11,balanced,Test
AST-2031,2024-12-19,0,0,0.7416758190997083,1,11,balanced,Test
AST-3008,2024-12-19,9,0,0.6437729728231868,1,11,balanced,Test
AST-3019,2024-12-19,8,0,0.3708386706676713,0,11,balanced,Test
AST-4055,2024-12-19,11,1,0.6896393770529563,1,11,balanced,Test
AST-4061,2024-12-19,7,0,0.44757244031942794,0,11,balanced,Test
AST-5003,2024-12-19,10,0,0.5797903888942058,1,11,balanced,Test
AST-5007,2024-12-19,16,1,0.29658915769466787,0,11,balanced,Test
AST-1041,2024-12-20,4,0,0.5864156023797159,1,11,balanced,Test
AST-1042,2024-12-20,4,0,0.5770042408589015,1,11,balanced,Test
AST-2017,2024-12-20,8,0,0.46866396902588714,0,11,balanced,Test
AST-2031,2024-12-20,14,1,0.6164709460397725,1,11,balanced,Test
AST-3008,2024-12-20,6,0,0.7127681599158459,1,11,balanced,Test
AST-3019,2024-12-20,6,0,0.4169862848172269,0,11,balanced,Test
AST-4055,2024-12-20,10,0,0.6591662351830296,1,11,balanced,Test
AST-4061,2024-12-20,6,0,0.4469244466057372,0,11,balanced,Test
AST-5003,2024-12-20,10,0,0.5413196240416426,1,11,balanced,Test
AST-5007,2024-12-20,6,0,0.38301646851962007,0,11,balanced,Test
AST-1041,2024-12-21,0,0,0.34787463627700377,0,11,balanced,Test
AST-1042,2024-12-21,0,0,0.4237942048864938,0,11,balanced,Test
AST-2017,2024-12-21,0,0,0.32222182619049167,0,11,balanced,Test
AST-2031,2024-12-21,0,0,0.6141510631503193,1,11,balanced,Test
AST-3008,2024-12-21,0,0,0.2823218373501956,0,11,balanced,Test
AST-3019,2024-12-21,0,0,0.2867098632154165,0,11,balanced,Test
AST-4055,2024-12-21,0,0,0.5328834555622904,1,11,balanced,Test
AST-4061,2024-12-21,0,0,0.257610226759609,0,11,balanced,Test
AST-5003,2024-12-21,0,0,0.38052721497640274,0,11,balanced,Test
AST-5007,2024-12-21,0,0,0.2826918055433648,0,11,balanced,Test
AST-1041,2024-12-22,0,0,0.36122612964868367,0,11,balanced,Test
AST-1042,2024-12-22,0,0,0.4524208404095783,0,11,balanced,Test
AST-2017,2024-12-22,0,0,0.35593780109337386,0,11,balanced,Test
AST-2031,2024-12-22,0,0,0.701855326185703,1,11,balanced,Test
AST-3008,2024-12-22,0,0,0.27790035384308126,0,11,balanced,Test
AST-3019,2024-12-22,0,0,0.30576773267324703,0,11,balanced,Test
AST-4055,2024-12-22,0,0,0.6283631234948854,1,11,balanced,Test
AST-4061,2024-12-22,0,0,0.2720326602180141,0,11,balanced,Test
AST-5003,2024-12-22,0,0,0.4144413612530357,0,11,balanced,Test
AST-5007,2024-12-22,0,0,0.23984279781032863,0,11,balanced,Test
AST-1041,2024-12-23,6,0,0.5751745947718508,1,11,balanced,Test
AST-1042,2024-12-23,2,0,0.5390214612580888,1,11,balanced,Test
AST-2017,2024-12-23,17,1,0.6930273328178739,1,11,balanced,Test
AST-2031,2024-12-23,3,0,0.7326802791041911,1,11,balanced,Test
AST-3008,2024-12-23,4,0,0.4310986550167209,0,11,balanced,Test
AST-3019,2024-12-23,7,0,0.4587023256174687,0,11,balanced,Test
AST-4055,2024-12-23,6,0,0.6570281128800972,1,11,balanced,Test
AST-4061,2024-12-23,12,1,0.391411354028246,0,11,balanced,Test
AST-5003,2024-12-23,11,1,0.5346286394327725,1,11,balanced,Test
AST-5007,2024-12-23,2,0,0.36792862161974865,0,11,balanced,Test
AST-1041,2024-12-24,18,1,0.6700707918709538,1,11,balanced,Test
AST-1042,2024-12-24,6,0,0.5716362113781623,1,11,balanced,Test
AST-2017,2024-12-24,10,0,0.41881916916933576,0,11,balanced,Test
AST-2031,2024-12-24,2,0,0.7952660157338779,1,11,balanced,Test
AST-3008,2024-12-24,6,0,0.43565942544956904,0,11,balanced,Test
AST-3019,2024-12-24,4,0,0.38121584053021307,0,11,balanced,Test
AST-4055,2024-12-24,14,1,0.6668483527078466,1,11,balanced,Test
AST-4061,2024-12-24,5,0,0.3451341651700384,0,11,balanced,Test
AST-5003,2024-12-24,2,0,0.44410975394410945,0,11,balanced,Test
AST-5007,2024-12-24,12,1,0.4207385992597758,0,11,balanced,Test
AST-1041,2024-12-25,4,0,0.6362823035586268,1,11,balanced,Test
AST-1042,2024-12-25,4,0,0.5285872889029265,1,11,balanced,Test
AST-2017,2024-12-25,12,1,0.43180396894265044,0,11,balanced,Test
AST-2031,2024-12-25,15,1,0.7895596792010356,1,11,balanced,Test
AST-3008,2024-12-25,8,0,0.45417593140739965,0,11,balanced,Test
AST-3019,2024-12-25,12,1,0.41068908501570495,0,11,balanced,Test
AST-4055,2024-12-25,10,0,0.6846540656218153,1,11,balanced,Test
AST-4061,2024-12-25,1,0,0.3877513064635889,0,11,balanced,Test
AST-5003,2024-12-25,11,1,0.4996539907696449,0,11,balanced,Test
AST-5007,2024-12-25,10,0,0.3237353219689193,0,11,balanced,Test
AST-1041,2024-12-26,2,0,0.5634915026958477,1,11,balanced,Test
AST-1042,2024-12-26,4,0,0.5880878592786519,1,11,balanced,Test
AST-2017,2024-12-26,19,1,0.4460871518267698,0,11,balanced,Test
AST-2031,2024-12-26,8,0,0.7523445947300602,1,11,balanced,Test
AST-3008,2024-12-26,2,0,0.3998160761402335,0,11,balanced,Test
AST-3019,2024-12-26,0,0,0.44657325235081213,0,11,balanced,Test
AST-4055,2024-12-26,14,1,0.7318691102444194,1,11,balanced,Test
AST-4061,2024-12-26,6,0,0.45991139287313143,0,11,balanced,Test
AST-5003,2024-12-26,1,0,0.515410131100559,1,11,balanced,Test
AST-5007,2024-12-26,7,0,0.3543948421156366,0,11,balanced,Test
AST-1041,2024-12-27,7,0,0.5554341453269054,1,11,balanced,Test
AST-1042,2024-12-27,8,0,0.5854815935725717,1,11,balanced,Test
AST-2017,2024-12-27,11,1,0.3928239647586231,0,11,balanced,Test
AST-2031,2024-12-27,8,0,0.7461198284193514,1,11,balanced,Test
AST-3008,2024-12-27,3,0,0.4063192581025651,0,11,balanced,Test
AST-3019,2024-12-27,8,0,0.3346694266977489,0,11,balanced,Test
AST-4055,2024-12-27,12,1,0.6563815445014373,1,11,balanced,Test
AST-4061,2024-12-27,18,1,0.5154753734144428,1,11,balanced,Test
AST-5003,2024-12-27,16,1,0.5445716189280744,1,11,balanced,Test
AST-5007,2024-12-27,1,0,0.31565278355719706,0,11,balanced,Test
AST-1041,2024-12-28,0,0,0.3616550959695613,0,11,balanced,Test
AST-1042,2024-12-28,0,0,0.4528041124879843,0,11,balanced,Test
AST-2017,2024-12-28,0,0,0.29035295814258516,0,11,balanced,Test
AST-2031,2024-12-28,0,0,0.6585145365049953,1,11,balanced,Test
AST-3008,2024-12-28,0,0,0.2727810566970562,0,11,balanced,Test
AST-3019,2024-12-28,0,0,0.34456012111177786,0,11,balanced,Test
AST-4055,2024-12-28,0,0,0.5663235623070523,1,11,balanced,Test
AST-4061,2024-12-28,0,0,0.5026454255759722,1,11,balanced,Test
AST-5003,2024-12-28,0,0,0.4271404475451551,0,11,balanced,Test
AST-5007,2024-12-28,0,0,0.30375672856540287,0,11,balanced,Test
AST-1041,2024-12-29,0,0,0.33290327660032654,0,11,balanced,Test
AST-1042,2024-12-29,0,0,0.3949067664441989,0,11,balanced,Test
AST-2017,2024-12-29,0,0,0.3163216077145982,0,11,balanced,Test
AST-2031,2024-12-29,0,0,0.6721391596952141,1,11,balanced,Test
AST-3008,2024-12-29,0,0,0.25099994971825895,0,11,balanced,Test
AST-3019,2024-12-29,0,0,0.26785399301401547,0,11,balanced,Test
AST-4055,2024-12-29,0,0,0.5763268398963685,1,11,balanced,Test
AST-4061,2024-12-29,0,0,0.2509959159144115,0,11,balanced,Test
AST-5003,2024-12-29,0,0,0.39737833698848535,0,11,balanced,Test
AST-5007,2024-12-29,0,0,0.2497153225751408,0,11,balanced,Test
AST-1041,2024-12-30,4,0,0.7919970089228017,1,11,balanced,Test
AST-1042,2024-12-30,2,0,0.6256356505563997,1,11,balanced,Test
AST-2017,2024-12-30,7,0,0.4532373830211154,0,11,balanced,Test
AST-2031,2024-12-30,2,0,0.7563320797637457,1,11,balanced,Test
AST-3008,2024-12-30,0,0,0.4820983995950695,0,11,balanced,Test
AST-3019,2024-12-30,0,0,0.5020702403638148,1,11,balanced,Test
AST-4055,2024-12-30,11,1,0.7153873658753833,1,11,balanced,Test
AST-4061,2024-12-30,8,0,0.6730574241436189,1,11,balanced,Test
AST-5003,2024-12-30,10,0,0.5898807975732887,1,11,balanced,Test
AST-5007,2024-12-30,6,0,0.334872760034111,0,11,balanced,Test
AST-1041,2024-12-31,1,0,0.5325721497232456,1,11,balanced,Test
AST-1042,2024-12-31,5,0,0.5581045803590681,1,11,balanced,Test
AST-2017,2024-12-31,12,1,0.4653744842504937,0,11,balanced,Test
AST-2031,2024-12-31,11,1,0.6794032547053871,1,11,balanced,Test
AST-3008,2024-12-31,4,0,0.5060884172868476,1,11,balanced,Test
AST-3019,2024-12-31,12,1,0.43852339792805345,0,11,balanced,Test
AST-4055,2024-12-31,10,0,0.6722435002277755,1,11,balanced,Test
AST-4061,2024-12-31,7,0,0.2829600855871927,0,11,balanced,Test
AST-5003,2024-12-31,10,0,0.6358721437054485,1,11,balanced,Test
AST-5007,2024-12-31,3,0,0.3897764830897786,0,11,balanced,Test
AST-1041,2025-01-01,6,0,0.6122766575063856,1,11,balanced,Test
AST-1042,2025-01-01,10,0,0.5376464839363139,1,11,balanced,Test
AST-2017,2025-01-01,6,0,0.4391396540714453,0,11,balanced,Test
AST-2031,2025-01-01,17,1,0.759999582210489,1,11,balanced,Test
AST-3008,2025-01-01,7,0,0.5028830730860951,1,11,balanced,Test
AST-3019,2025-01-01,8,0,0.38419746096082963,0,11,balanced,Test
AST-4055,2025-01-01,11,1,0.6897889703232242,1,11,balanced,Test
AST-4061,2025-01-01,9,0,0.6405138108649407,1,11,balanced,Test
AST-5003,2025-01-01,6,0,0.5836119660040197,1,11,balanced,Test
AST-5007,2025-01-01,8,0,0.3977124773284437,0,11,balanced,Test
