asset_tag,transaction_date,severity_score,y_true,probability,y_pred,threshold,model_variant,split
AST-1041,2024-07-21,0,0,0.07653403807547093,0,12,default,Test
AST-1042,2024-07-21,0,0,0.09814299923317349,0,12,default,Test
AST-2017,2024-07-21,0,0,0.06525195920427226,0,12,default,Test
AST-2031,2024-07-21,0,0,0.18286857924368494,0,12,default,Test
AST-3008,2024-07-21,0,0,0.0510984165229492,0,12,default,Test
AST-3019,2024-07-21,0,0,0.05218767123153635,0,12,default,Test
AST-4055,2024-07-21,0,0,0.13642742902741936,0,12,default,Test
AST-4061,2024-07-21,0,0,0.05137547220754753,0,12,default,Test
AST-5003,2024-07-21,0,0,0.12261620648460052,0,12,default,Test
AST-5007,2024-07-21,0,0,0.04958457763767155,0,12,default,Test
AST-1041,2024-07-22,10,0,0.1919720146958845,0,12,default,Test
AST-1042,2024-07-22,6,0,0.16044782737234412,0,12,default,Test
AST-2017,2024-07-22,23,1,0.11087771985980924,0,12,default,Test
AST-2031,2024-07-22,10,0,0.26394617982884544,0,12,default,Test
AST-3008,2024-07-22,7,0,0.10038571906370564,0,12,default,Test
AST-3019,2024-07-22,5,0,0.10427922874759027,0,12,default,Test
AST-4055,2024-07-22,11,0,0.22442669551802974,0,12,default,Test
AST-4061,2024-07-22,0,0,0.08621482395424451,0,12,default,Test
AST-5003,2024-07-22,14,1,0.14387605855511706,0,12,default,Test
AST-5007,2024-07-22,7,0,0.05868750188325484,0,12,default,Test
AST-1041,2024-07-23,2,0,0.1462019962839441,0,12,default,Test
AST-1042,2024-07-23,4,0,0.19548225632559602,0,12,default,Test
AST-2017,2024-07-23,12,1,0.24519305993090343,0,12,default,Test
AST-2031,2024-07-23,14,1,0.2977232633526526,0,12,default,Test
AST-3008,2024-07-23,4,0,0.09953006211455583,0,12,default,Test
AST-3019,2024-07-23,7,0,0.09766707883525655,0,12,default,Test
AST-4055,2024-07-23,6,0,0.2108629056872976,0,12,default,Test
AST-4061,2024-07-23,8,0,0.05983122439609361,0,12,default,Test
AST-5003,2024-07-23,8,0,0.15861369502177908,0,12,default,Test
AST-5007,2024-07-23,4,0,0.06860032379743013,0,12,default,Test
AST-1041,2024-07-24,8,0,0.12017387578561889,0,12,default,Test
AST-1042,2024-07-24,11,0,0.1330959026913011,0,12,default,Test
AST-2017,2024-07-24,16,1,0.08607916208593555,0,12,default,Test
AST-2031,2024-07-24,0,0,0.2655703448146009,0,12,default,Test
AST-3008,2024-07-24,8,0,0.0917242983737278,0,12,default,Test
AST-3019,2024-07-24,14,1,0.07764175829470073,0,12,default,Test
AST-4055,2024-07-24,6,0,0.23104926339227796,0,12,default,Test
AST-4061,2024-07-24,1,0,0.10212872335344968,0,12,default,Test
AST-5003,2024-07-24,9,0,0.1442065889436265,0,12,default,Test
AST-5007,2024-07-24,12,1,0.14973085543662265,0,12,default,Test
AST-1041,2024-07-25,9,0,0.13926078321669597,0,12,default,Test
AST-1042,2024-07-25,4,0,0.13288828496275318,0,12,default,Test
AST-2017,2024-07-25,8,0,0.09689928454267786,0,12,default,Test
AST-2031,2024-07-25,4,0,0.2997513849023949,0,12,default,Test
AST-3008,2024-07-25,6,0,0.11430691757603274,0,12,default,Test
AST-3019,2024-07-25,4,0,0.10001998210704809,0,12,default,Test
AST-4055,2024-07-25,7,0,0.20789986195752128,0,12,default,Test
AST-4061,2024-07-25,13,1,0.08338443916043517,0,12,default,Test
AST-5003,2024-07-25,8,0,0.15894693748232183,0,12,default,Test
AST-5007,2024-07-25,4,0,0.074883633777903,0,12,default,Test
AST-1041,2024-07-26,16,1,0.13979170865206594,0,12,default,Test
AST-1042,2024-07-26,4,0,0.1905786423066814,0,12,default,Test
AST-2017,2024-07-26,20,1,0.10092323715730206,0,12,default,Test
AST-2031,2024-07-26,10,0,0.3497618843632399,0,12,default,Test
AST-3008,2024-07-26,2,0,0.13268707608744526,0,12,default,Test
AST-3019,2024-07-26,0,0,0.07379209783773263,0,12,default,Test
AST-4055,2024-07-26,7,0,0.20545389327648295,0,12,default,Test
AST-4061,2024-07-26,10,0,0.09196036095223548,0,12,default,Test
AST-5003,2024-07-26,10,0,0.1701902984037976,0,12,default,Test
AST-5007,2024-07-26,0,0,0.09243054118908886,0,12,default,Test
AST-1041,2024-07-27,0,0,0.0789249828421828,0,12,default,Test
AST-1042,2024-07-27,0,0,0.09431811848670775,0,12,default,Test
AST-2017,2024-07-27,0,0,0.05580281894347498,0,12,default,Test
AST-2031,2024-07-27,0,0,0.21659347315164826,0,12,default,Test
AST-3008,2024-07-27,0,0,0.05525976228366116,0,12,default,Test
AST-3019,2024-07-27,0,0,0.05972394687772529,0,12,default,Test
AST-4055,2024-07-27,0,0,0.16253800357390535,0,12,default,Test
AST-4061,2024-07-27,0,0,0.0422899301077357,0,12,default,Test
AST-5003,2024-07-27,0,0,0.09004784532805529,0,12,default,Test
AST-5007,2024-07-27,0,0,0.04392454564124828,0,12,default,Test
AST-1041,2024-07-28,0,0,0.08530310305176511,0,12,default,Test
AST-1042,2024-07-28,0,0,0.08303035378180917,0,12,default,Test
AST-2017,2024-07-28,0,0,0.0688413620910623,0,12,default,Test
AST-2031,2024-07-28,0,0,0.18924539725136286,0,12,default,Test
AST-3008,2024-07-28,0,0,0.07270857292640344,0,12,default,Test
AST-3019,2024-07-28,0,0,0.057623051698569926,0,12,default,Test
AST-4055,2024-07-28,0,0,0.13327199279340235,0,12,default,Test
AST-4061,2024-07-28,0,0,0.04774849011796484,0,12,default,Test
AST-5003,2024-07-28,0,0,0.08784907792146568,0,12,default,Test
AST-5007,2024-07-28,0,0,0.08269804377403853,0,12,default,Test
AST-1041,2024-07-29,15,1,0.13003235014500525,0,12,default,Test
AST-1042,2024-07-29,8,0,0.13272206236293066,0,12,default,Test
AST-2017,2024-07-29,14,1,0.07656193832987278,0,12,default,Test
AST-2031,2024-07-29,12,1,0.3005732996878505,0,12,default,Test
AST-3008,2024-07-29,6,0,0.11030266826485738,0,12,default,Test
AST-3019,2024-07-29,10,0,0.09381707461678963,0,12,default,Test
AST-4055,2024-07-29,16,1,0.16312378586150506,0,12,default,Test
AST-4061,2024-07-29,3,0,0.08289647058018108,0,12,default,Test
AST-5003,2024-07-29,2,0,0.18111968618655921,0,12,default,Test
AST-5007,2024-07-29,1,0,0.07191666004693738,0,12,default,Test
AST-1041,2024-07-30,4,0,0.17136344551952581,0,12,default,Test
AST-1042,2024-07-30,1,0,0.13136459243816562,0,12,default,Test
AST-2017,2024-07-30,14,1,0.08917046209869446,0,12,default,Test
AST-2031,2024-07-30,10,0,0.1999592634291664,0,12,default,Test
AST-3008,2024-07-30,10,0,0.09840581976317503,0,12,default,Test
AST-3019,2024-07-30,8,0,0.08229638398797585,0,12,default,Test
AST-4055,2024-07-30,12,1,0.23664823680845282,0,12,default,Test
AST-4061,2024-07-30,0,0,0.08607779190929253,0,12,default,Test
AST-5003,2024-07-30,14,1,0.16501316902074728,0,12,default,Test
AST-5007,2024-07-30,4,0,0.0881909563114707,0,12,default,Test
AST-1041,2024-07-31,2,0,0.14361498841811107,0,12,default,Test
AST-1042,2024-07-31,1,0,0.11487628355468466,0,12,default,Test
AST-2017,2024-07-31,10,0,0.11588616559302135,0,12,default,Test
AST-2031,2024-07-31,8,0,0.2506341808251215,0,12,default,Test
AST-3008,2024-07-31,4,0,0.08071537595976143,0,12,default,Test
AST-3019,2024-07-31,14,1,0.09466274591926196,0,12,default,Test
AST-4055,2024-07-31,10,0,0.19335744220473633,0,12,default,Test
AST-4061,2024-07-31,1,0,0.08679141803687121,0,12,default,Test
AST-5003,2024-07-31,22,1,0.21376312321936988,0,12,default,Test
AST-5007,2024-07-31,6,0,0.06961290292040377,0,12,default,Test
AST-1041,2024-08-01,7,0,0.1647046526150043,0,12,default,Test
AST-1042,2024-08-01,4,0,0.15670122945271867,0,12,default,Test
AST-2017,2024-08-01,6,0,0.1276725619152155,0,12,default,Test
AST-2031,2024-08-01,5,0,0.24793884547690032,0,12,default,Test
AST-3008,2024-08-01,8,0,0.10464827997147569,0,12,default,Test
AST-3019,2024-08-01,1,0,0.08947938081500346,0,12,default,Test
AST-4055,2024-08-01,10,0,0.2276418022658747,0,12,default,Test
AST-4061,2024-08-01,14,1,0.09401619413010427,0,12,default,Test
AST-5003,2024-08-01,10,0,0.11934927667278278,0,12,default,Test
AST-5007,2024-08-01,0,0,0.08134716148132819,0,12,default,Test
AST-1041,2024-08-02,7,0,0.16400854676181406,0,12,default,Test
AST-1042,2024-08-02,8,0,0.14407539054333154,0,12,default,Test
AST-2017,2024-08-02,11,0,0.09268321393979599,0,12,default,Test
AST-2031,2024-08-02,0,0,0.2873562842206932,0,12,default,Test
AST-3008,2024-08-02,4,0,0.11572245736322484,0,12,default,Test
AST-3019,2024-08-02,8,0,0.10485343422982082,0,12,default,Test
AST-4055,2024-08-02,6,0,0.24029599835921583,0,12,default,Test
AST-4061,2024-08-02,10,0,0.11430515993461131,0,12,default,Test
AST-5003,2024-08-02,5,0,0.14127030908163665,0,12,default,Test
AST-5007,2024-08-02,0,0,0.068092833204595,0,12,default,Test
AST-1041,2024-08-03,0,0,0.10682689319132253,0,12,default,Test
AST-1042,2024-08-03,0,0,0.1213254694225099,0,12,default,Test
AST-2017,2024-08-03,0,0,0.06491625408429172,0,12,default,Test
AST-2031,2024-08-03,0,0,0.19908866958052188,0,12,default,Test
AST-3008,2024-08-03,0,0,0.051484069926393636,0,12,default,Test
AST-3019,2024-08-03,0,0,0.046872603996399954,0,12,default,Test
AST-4055,2024-08-03,0,0,0.13184030280848805,0,12,default,Test
AST-4061,2024-08-03,0,0,0.05395978527262126,0,12,default,Test
AST-5003,2024-08-03,0,0,0.1027454167389434,0,12,default,Test
AST-5007,2024-08-03,0,0,0.1589203742669256,0,12,default,Test
AST-1041,2024-08-04,0,0,0.06033899808607566,0,12,default,Test
AST-1042,2024-08-04,0,0,0.11155995045151906,0,12,default,Test
AST-2017,2024-08-04,0,0,0.07403647583071479,0,12,default,Test
AST-2031,2024-08-04,0,0,0.26320198434311404,0,12,default,Test
AST-3008,2024-08-04,0,0,0.051994120743482815,0,12,default,Test
AST-3019,2024-08-04,0,0,0.062241679503838,0,12,default,Test
AST-4055,2024-08-04,0,0,0.15719523145968267,0,12,default,Test
AST-4061,2024-08-04,0,0,0.0484088955876162,0,12,default,Test
AST-5003,2024-08-04,0,0,0.07686721207041383,0,12,default,Test
AST-5007,2024-08-04,0,0,0.0664783886867315,0,12,default,Test
AST-1041,2024-08-05,0,0,0.15527928955621154,0,12,default,Test
AST-1042,2024-08-05,4,0,0.13958309659921067,0,12,default,Test
AST-2017,2024-08-05,6,0,0.10293825428415387,0,12,default,Test
AST-2031,2024-08-05,9,0,0.2493546435895043,0,12,default,Test
AST-3008,2024-08-05,12,1,0.1169801181032297,0,12,default,Test
AST-3019,2024-08-05,9,0,0.08557580880003077,0,12,default,Test
AST-4055,2024-08-05,6,0,0.1904671771245485,0,12,default,Test
AST-4061,2024-08-05,16,1,0.10220728272764482,0,12,default,Test
AST-5003,2024-08-05,3,0,0.13137871432095644,0,12,default,Test
AST-5007,2024-08-05,4,0,0.07826043476925294,0,12,default,Test
AST-1041,2024-08-06,13,1,0.13263968047432861,0,12,default,Test
AST-1042,2024-08-06,0,0,0.14423580995156357,0,12,default,Test
AST-2017,2024-08-06,10,0,0.11889432460612931,0,12,default,Test
AST-2031,2024-08-06,1,0,0.2057790723482835,0,12,default,Test
AST-3008,2024-08-06,1,0,0.07963107570552636,0,12,default,Test
AST-3019,2024-08-06,5,0,0.11697836788310945,0,12,default,Test
AST-4055,2024-08-06,2,0,0.23431585366310886,0,12,default,Test
AST-4061,2024-08-06,9,0,0.07407305172187621,0,12,default,Test
AST-5003,2024-08-06,11,0,0.14075652022166824,0,12,default,Test
AST-5007,2024-08-06,14,1,0.07720805375606199,0,12,default,Test
AST-1041,2024-08-07,7,0,0.14537956564958712,0,12,default,Test
AST-1042,2024-08-07,0,0,0.16530914800846924,0,12,default,Test
AST-2017,2024-08-07,8,0,0.09102433228792248,0,12,default,Test
AST-2031,2024-08-07,19,1,0.2481622560834544,0,12,default,Test
AST-3008,2024-08-07,1,0,0.10171401400413427,0,12,default,Test
AST-3019,2024-08-07,6,0,0.09321309680955259,0,12,default,Test
AST-4055,2024-08-07,11,0,0.19222020084362512,0,12,default,Test
AST-4061,2024-08-07,10,0,0.08561002846026416,0,12,default,Test
AST-5003,2024-08-07,4,0,0.17791974190012624,0,12,default,Test
AST-5007,2024-08-07,10,0,0.06310111412012513,0,12,default,Test
AST-1041,2024-08-08,8,0,0.14708875402097915,0,12,default,Test
AST-1042,2024-08-08,4,0,0.16988359977808828,0,12,default,Test
AST-2017,2024-08-08,8,0,0.11232711765168756,0,12,default,Test
AST-2031,2024-08-08,2,0,0.26464401923284764,0,12,default,Test
AST-3008,2024-08-08,4,0,0.09567721805112384,0,12,default,Test
AST-3019,2024-08-08,6,0,0.12248119685782338,0,12,default,Test
AST-4055,2024-08-08,8,0,0.2400287883020006,0,12,default,Test
AST-4061,2024-08-08,10,0,0.07687994204577239,0,12,default,Test
AST-5003,2024-08-08,14,1,0.17701938834073405,0,12,default,Test
AST-5007,2024-08-08,9,0,0.06573773742702584,0,12,default,Test
AST-1041,2024-08-09,9,0,0.17334536606536993,0,12,default,Test
AST-1042,2024-08-09,2,0,0.1391378728845469,0,12,default,Test
AST-2017,2024-08-09,5,0,0.11411267066653316,0,12,default,Test
AST-2031,2024-08-09,10,0,0.2334378771641211,0,12,default,Test
AST-3008,2024-08-09,8,0,0.08321700907909439,0,12,default,Test
AST-3019,2024-08-09,3,0,0.10144964619515894,0,12,default,Test
AST-4055,2024-08-09,1,0,0.24451818414776477,0,12,default,Test
AST-4061,2024-08-09,3,0,0.0855225334542754,0,12,default,Test
AST-5003,2024-08-09,5,0,0.1753996973386623,0,12,default,Test
AST-5007,2024-08-09,6,0,0.07172474326916714,0,12,default,Test
AST-1041,2024-08-10,0,0,0.09894811831910444,0,12,default,Test
AST-1042,2024-08-10,0,0,0.10928335654150478,0,12,default,Test
AST-2017,2024-08-10,0,0,0.06880624749288765,0,12,default,Test
AST-2031,2024-08-10,0,0,0.2244962384436242,0,12,default,Test
AST-3008,2024-08-10,0,0,0.0788064238989637,0,12,default,Test
AST-3019,2024-08-10,0,0,0.04769959527018882,0,12,default,Test
AST-4055,2024-08-10,0,0,0.14757208907266164,0,12,default,Test
AST-4061,2024-08-10,0,0,0.04888873095736704,0,12,default,Test
AST-5003,2024-08-10,0,0,0.0878880776868543,0,12,default,Test
AST-5007,2024-08-10,0,0,0.054207509518106156,0,12,default,Test
AST-1041,2024-08-11,0,0,0.09271155375232545,0,12,default,Test
AST-1042,2024-08-11,0,0,0.08307868462480268,0,12,default,Test
AST-2017,2024-08-11,0,0,0.08148169493610251,0,12,default,Test
AST-2031,2024-08-11,0,0,0.3367364900093025,0,12,default,Test
AST-3008,2024-08-11,0,0,0.06422157057371226,0,12,default,Test
AST-3019,2024-08-11,0,0,0.06053874071682831,0,12,default,Test
AST-4055,2024-08-11,0,0,0.17984479229684594,0,12,default,Test
AST-4061,2024-08-11,0,0,0.05742379178155005,0,12,default,Test
AST-5003,2024-08-11,0,0,0.0855567081446283,0,12,default,Test
AST-5007,2024-08-11,0,0,0.055141978328592994,0,12,default,Test
AST-1041,2024-08-12,4,0,0.35126290353449324,0,12,default,Test
AST-1042,2024-08-12,4,0,0.16578408756451343,0,12,default,Test
AST-2017,2024-08-12,8,0,0.09687599836029313,0,12,default,Test
AST-2031,2024-08-12,11,0,0.2893323637531746,0,12,default,Test
AST-3008,2024-08-12,3,0,0.08899006272653,0,12,default,Test
AST-3019,2024-08-12,2,0,0.09770650670654468,0,12,default,Test
AST-4055,2024-08-12,5,0,0.20271936456308962,0,12,default,Test
AST-4061,2024-08-12,10,0,0.08134159540566784,0,12,default,Test
AST-5003,2024-08-12,7,0,0.1510442311327358,0,12,default,Test
AST-5007,2024-08-12,6,0,0.07140859149517081,0,12,default,Test
AST-1041,2024-08-13,5,0,0.1390536062743157,0,12,default,Test
AST-1042,2024-08-13,10,0,0.17321124193100979,0,12,default,Test
AST-2017,2024-08-13,1,0,0.11857907430443133,0,12,default,Test
AST-2031,2024-08-13,13,1,0.28809841401574565,0,12,default,Test
AST-3008,2024-08-13,0,0,0.08725600110320192,0,12,default,Test
AST-3019,2024-08-13,7,0,0.10567372983339825,0,12,default,Test
AST-4055,2024-08-13,4,0,0.22410459543033034,0,12,default,Test
AST-4061,2024-08-13,10,0,0.07740118638338263,0,12,default,Test
AST-5003,2024-08-13,7,0,0.17713102210759746,0,12,default,Test
AST-5007,2024-08-13,5,0,0.06655621486062717,0,12,default,Test
AST-1041,2024-08-14,2,0,0.1458028533214215,0,12,default,Test
AST-1042,2024-08-14,2,0,0.15315122805134118,0,12,default,Test
AST-2017,2024-08-14,4,0,0.10031199732747487,0,12,default,Test
AST-2031,2024-08-14,3,0,0.3407891838999766,0,12,default,Test
AST-3008,2024-08-14,11,0,0.08379088984613,0,12,default,Test
AST-3019,2024-08-14,4,0,0.10873020862788124,0,12,default,Test
AST-4055,2024-08-14,17,1,0.4012783345842432,0,12,default,Test
AST-4061,2024-08-14,4,0,0.08475220681813968,0,12,default,Test
AST-5003,2024-08-14,0,0,0.13697399566857787,0,12,default,Test
AST-5007,2024-08-14,0,0,0.09156871031912345,0,12,default,Test
AST-1041,2024-08-15,4,0,0.13675538955396999,0,12,default,Test
AST-1042,2024-08-15,14,1,0.13263805098311202,0,12,default,Test
AST-2017,2024-08-15,12,1,0.10415230663440103,0,12,default,Test
AST-2031,2024-08-15,11,0,0.26823230423358796,0,12,default,Test
AST-3008,2024-08-15,6,0,0.09893030851909301,0,12,default,Test
AST-3019,2024-08-15,0,0,0.07891129508259348,0,12,default,Test
AST-4055,2024-08-15,4,0,0.19098416447522265,0,12,default,Test
AST-4061,2024-08-15,8,0,0.07538972388054976,0,12,default,Test
AST-5003,2024-08-15,10,0,0.16579551520298824,0,12,default,Test
AST-5007,2024-08-15,6,0,0.0798902786660841,0,12,default,Test
AST-1041,2024-08-16,8,0,0.17541847665433719,0,12,default,Test
AST-1042,2024-08-16,8,0,0.14385393041066522,0,12,default,Test
AST-2017,2024-08-16,2,0,0.08456656546436542,0,12,default,Test
AST-2031,2024-08-16,9,0,0.27373374687656654,0,12,default,Test
AST-3008,2024-08-16,9,0,0.11161015882545698,0,12,default,Test
AST-3019,2024-08-16,10,0,0.10824870361463987,0,12,default,Test
AST-4055,2024-08-16,12,1,0.18449297507913862,0,12,default,Test
AST-4061,2024-08-16,2,0,0.08531831858441798,0,12,default,Test
AST-5003,2024-08-16,6,0,0.19672507937206893,0,12,default,Test
AST-5007,2024-08-16,5,0,0.06078986826139978,0,12,default,Test
AST-1041,2024-08-17,0,0,0.08392670996259029,0,12,default,Test
AST-1042,2024-08-17,0,0,0.09699145996734711,0,12,default,Test
AST-2017,2024-08-17,0,0,0.09816792985525909,0,12,default,Test
AST-2031,2024-08-17,0,0,0.20904352723873257,0,12,default,Test
AST-3008,2024-08-17,0,0,0.08201198045231915,0,12,default,Test
AST-3019,2024-08-17,0,0,0.06626071644483378,0,12,default,Test
AST-4055,2024-08-17,0,0,0.15376317351837723,0,12,default,Test
AST-4061,2024-08-17,0,0,0.058286042404109624,0,12,default,Test
AST-5003,2024-08-17,0,0,0.10348948768427636,0,12,default,Test
AST-5007,2024-08-17,0,0,0.044990989598290794,0,12,default,Test
AST-1041,2024-08-18,0,0,0.1066636604581994,0,12,default,Test
AST-1042,2024-08-18,0,0,0.10349801612335628,0,12,default,Test
AST-2017,2024-08-18,0,0,0.07432646466558977,0,12,default,Test
AST-2031,2024-08-18,0,0,0.27998353672599485,0,12,default,Test
AST-3008,2024-08-18,0,0,0.06296612580693524,0,12,default,Test
AST-3019,2024-08-18,0,0,0.05447258369106041,0,12,default,Test
AST-4055,2024-08-18,0,0,0.15771554964526752,0,12,default,Test
AST-4061,2024-08-18,0,0,0.04593262848854494,0,12,default,Test
AST-5003,2024-08-18,0,0,0.09596796386534726,0,12,default,Test
AST-5007,2024-08-18,0,0,0.08431978085362411,0,12,default,Test
AST-1041,2024-08-19,4,0,0.17747366895990538,0,12,default,Test
AST-1042,2024-08-19,2,0,0.13791754936342202,0,12,default,Test
AST-2017,2024-08-19,13,1,0.08554248456560935,0,12,default,Test
AST-2031,2024-08-19,2,0,0.24576254158181812,0,12,default,Test
AST-3008,2024-08-19,8,0,0.09959336128117464,0,12,default,Test
AST-3019,2024-08-19,8,0,0.10785699484079059,0,12,default,Test
AST-4055,2024-08-19,7,0,0.20008119711427755,0,12,default,Test
AST-4061,2024-08-19,12,1,0.09684167649811082,0,12,default,Test
AST-5003,2024-08-19,10,0,0.1515394474492611,0,12,default,Test
AST-5007,2024-08-19,0,0,0.0778126010959725,0,12,default,Test
AST-1041,2024-08-20,4,0,0.1384959545957827,0,12,default,Test
AST-1042,2024-08-20,0,0,0.14791669268712546,0,12,default,Test
AST-2017,2024-08-20,5,0,0.09747220559491,0,12,default,Test
AST-2031,2024-08-20,11,0,0.3191132686846844,0,12,default,Test
AST-3008,2024-08-20,8,0,0.11182238086585411,0,12,default,Test
AST-3019,2024-08-20,2,0,0.08577216831641521,0,12,default,Test
AST-4055,2024-08-20,9,0,0.20055696860192523,0,12,default,Test
AST-4061,2024-08-20,6,0,0.11681056772748312,0,12,default,Test
AST-5003,2024-08-20,2,0,0.1480997489077223,0,12,default,Test
AST-5007,2024-08-20,5,0,0.06977340538894188,0,12,default,Test
AST-1041,2024-08-21,6,0,0.17112574301661712,0,12,default,Test
AST-1042,2024-08-21,10,0,0.16715062083912569,0,12,default,Test
AST-2017,2024-08-21,1,0,0.08598683564630805,0,12,default,Test
AST-2031,2024-08-21,9,0,0.4298050473213052,0,12,default,Test
AST-3008,2024-08-21,2,0,0.1148102321274472,0,12,default,Test
AST-3019,2024-08-21,2,0,0.09307827824631876,0,12,default,Test
AST-4055,2024-08-21,8,0,0.21792578679781535,0,12,default,Test
AST-4061,2024-08-21,6,0,0.1757164362940596,0,12,default,Test
AST-5003,2024-08-21,10,0,0.14994832525451907,0,12,default,Test
AST-5007,2024-08-21,5,0,0.08794733876562459,0,12,default,Test
AST-1041,2024-08-22,7,0,0.1623617241238466,0,12,default,Test
AST-1042,2024-08-22,13,1,0.14057581510461817,0,12,default,Test
AST-2017,2024-08-22,0,0,0.08306312358856029,0,12,default,Test
AST-2031,2024-08-22,10,0,0.2434062455131506,0,12,default,Test
AST-3008,2024-08-22,6,0,0.11617612189979212,0,12,default,Test
AST-3019,2024-08-22,0,0,0.09345139213205737,0,12,default,Test
AST-4055,2024-08-22,16,1,0.21072394062291439,0,12,default,Test
AST-4061,2024-08-22,11,0,0.09551541427883724,0,12,default,Test
AST-5003,2024-08-22,6,0,0.14196011175412862,0,12,default,Test
AST-5007,2024-08-22,9,0,0.07636692623969712,0,12,default,Test
AST-1041,2024-08-23,8,0,0.14743855006742743,0,12,default,Test
AST-1042,2024-08-23,8,0,0.14178396518654293,0,12,default,Test
AST-2017,2024-08-23,8,0,0.10490071569913378,0,12,default,Test
AST-2031,2024-08-23,13,1,0.31717450216334975,0,12,default,Test
AST-3008,2024-08-23,7,0,0.09643080058120397,0,12,default,Test
AST-3019,2024-08-23,7,0,0.09780412567727627,0,12,default,Test
AST-4055,2024-08-23,12,1,0.2052517703204822,0,12,default,Test
AST-4061,2024-08-23,8,0,0.08853622936492557,0,12,default,Test
AST-5003,2024-08-23,18,1,0.1366339751190001,0,12,default,Test
AST-5007,2024-08-23,4,0,0.0877186216771324,0,12,default,Test
AST-1041,2024-08-24,0,0,0.08571080689606231,0,12,default,Test
AST-1042,2024-08-24,0,0,0.09754603888450111,0,12,default,Test
AST-2017,2024-08-24,0,0,0.07018020217094131,0,12,default,Test
AST-2031,2024-08-24,0,0,0.19735317809760508,0,12,default,Test
AST-3008,2024-08-24,0,0,0.06671483303033054,0,12,default,Test
AST-3019,2024-08-24,0,0,0.07649586530512431,0,12,default,Test
AST-4055,2024-08-24,0,0,0.13369765958730684,0,12,default,Test
AST-4061,2024-08-24,0,0,0.06751735596121494,0,12,default,Test
AST-5003,2024-08-24,0,0,0.29025735096012933,0,12,default,Test
AST-5007,2024-08-24,0,0,0.04915577008472295,0,12,default,Test
AST-1041,2024-08-25,0,0,0.0903284940145445,0,12,default,Test
AST-1042,2024-08-25,0,0,0.0816433956247848,0,12,default,Test
AST-2017,2024-08-25,0,0,0.0662115041186524,0,12,default,Test
AST-2031,2024-08-25,0,0,0.18766470909282418,0,12,default,Test
AST-3008,2024-08-25,0,0,0.06863754740257466,0,12,default,Test
AST-3019,2024-08-25,0,0,0.07815582758802984,0,12,default,Test
AST-4055,2024-08-25,0,0,0.14592188589093208,0,12,default,Test
AST-4061,2024-08-25,0,0,0.07531175586641743,0,12,default,Test
AST-5003,2024-08-25,0,0,0.10811832957491165,0,12,default,Test
AST-5007,2024-08-25,0,0,0.049235268747046375,0,12,default,Test
AST-1041,2024-08-26,12,1,0.29664657573978864,0,12,default,Test
AST-1042,2024-08-26,4,0,0.1491848048530856,0,12,default,Test
AST-2017,2024-08-26,5,0,0.105609911337912,0,12,default,Test
AST-2031,2024-08-26,11,0,0.2538124636728636,0,12,default,Test
AST-3008,2024-08-26,7,0,0.07912999939489841,0,12,default,Test
AST-3019,2024-08-26,10,0,0.2583135591601909,0,12,default,Test
AST-4055,2024-08-26,18,1,0.2155795256816858,0,12,default,Test
AST-4061,2024-08-26,4,0,0.10229681483421818,0,12,default,Test
AST-5003,2024-08-26,13,1,0.41663673322868144,0,12,default,Test
AST-5007,2024-08-26,8,0,0.07585976016258944,0,12,default,Test
AST-1041,2024-08-27,3,0,0.163804048628112,0,12,default,Test
AST-1042,2024-08-27,2,0,0.1854526584765659,0,12,default,Test
AST-2017,2024-08-27,11,0,0.12542367708785185,0,12,default,Test
AST-2031,2024-08-27,8,0,0.27390483921242115,0,12,default,Test
AST-3008,2024-08-27,10,0,0.0887901367578604,0,12,default,Test
AST-3019,2024-08-27,6,0,0.07360935554942587,0,12,default,Test
AST-4055,2024-08-27,7,0,0.213918415390101,0,12,default,Test
AST-4061,2024-08-27,12,1,0.1099690748217892,0,12,default,Test
AST-5003,2024-08-27,7,0,0.11093418112831245,0,12,default,Test
AST-5007,2024-08-27,10,0,0.062097694809825583,0,12,default,Test
AST-1041,2024-08-28,0,0,0.16720898241488438,0,12,default,Test
AST-1042,2024-08-28,6,0,0.2081401943130271,0,12,default,Test
AST-2017,2024-08-28,17,1,0.12055083360148877,0,12,default,Test
AST-2031,2024-08-28,4,0,0.28352492867922596,0,12,default,Test
AST-3008,2024-08-28,3,0,0.07701930472749023,0,12,default,Test
AST-3019,2024-08-28,5,0,0.1237264816305026,0,12,default,Test
AST-4055,2024-08-28,0,0,0.19200366382584444,0,12,default,Test
AST-4061,2024-08-28,8,0,0.0812435081512261,0,12,default,Test
AST-5003,2024-08-28,5,0,0.14127758006301874,0,12,default,Test
AST-5007,2024-08-28,5,0,0.08229434295387741,0,12,default,Test
AST-1041,2024-08-29,10,0,0.16428239015566468,0,12,default,Test
AST-1042,2024-08-29,5,0,0.15073189618959093,0,12,default,Test
AST-2017,2024-08-29,3,0,0.10758117898324124,0,12,default,Test
AST-2031,2024-08-29,3,0,0.31311674386097005,0,12,default,Test
AST-3008,2024-08-29,3,0,0.08291176166781301,0,12,default,Test
AST-3019,2024-08-29,4,0,0.09702323256083119,0,12,default,Test
AST-4055,2024-08-29,7,0,0.25767728577526994,0,12,default,Test
AST-4061,2024-08-29,13,1,0.07196585736233818,0,12,default,Test
AST-5003,2024-08-29,4,0,0.1587038406822841,0,12,default,Test
AST-5007,2024-08-29,12,1,0.18116833137752578,0,12,default,Test
AST-1041,2024-08-30,4,0,0.14754283015264857,0,12,default,Test
AST-1042,2024-08-30,10,0,0.18373775612692206,0,12,default,Test
AST-2017,2024-08-30,13,1,0.08145742812429237,0,12,default,Test
AST-2031,2024-08-30,10,0,0.298965106461057,0,12,default,Test
AST-3008,2024-08-30,14,1,0.0873916306452185,0,12,default,Test
AST-3019,2024-08-30,0,0,0.11259623025419077,0,12,default,Test
AST-4055,2024-08-30,3,0,0.17191189227647619,0,12,default,Test
AST-4061,2024-08-30,7,0,0.11271035923673321,0,12,default,Test
AST-5003,2024-08-30,8,0,0.1519254623343084,0,12,default,Test
AST-5007,2024-08-30,8,0,0.06436971239192377,0,12,default,Test
AST-1041,2024-08-31,0,0,0.0810332392018414,0,12,default,Test
AST-1042,2024-08-31,0,0,0.07568090626805252,0,12,default,Test
AST-2017,2024-08-31,0,0,0.06206815626520247,0,12,default,Test
AST-2031,2024-08-31,0,0,0.1953030708432859,0,12,default,Test
AST-3008,2024-08-31,0,0,0.07873183009737322,0,12,default,Test
AST-3019,2024-08-31,0,0,0.06056996295354712,0,12,default,Test
AST-4055,2024-08-31,0,0,0.11542602572655347,0,12,default,Test
AST-4061,2024-08-31,0,0,0.05654646758949744,0,12,default,Test
AST-5003,2024-08-31,0,0,0.09744331589328308,0,12,default,Test
AST-5007,2024-08-31,0,0,0.045550218346601855,0,12,default,Test
AST-1041,2024-09-01,0,0,0.0962448935729443,0,12,default,Test
AST-1042,2024-09-01,0,0,0.11334541039077886,0,12,default,Test
AST-2017,2024-09-01,0,0,0.07089314673683139,0,12,default,Test
AST-2031,2024-09-01,0,0,0.22481649117546595,0,12,default,Test
AST-3008,2024-09-01,0,0,0.051647683611135094,0,12,default,Test
AST-3019,2024-09-01,0,0,0.24789503495239004,0,12,default,Test
AST-4055,2024-09-01,0,0,0.1540979277395097,0,12,default,Test
AST-4061,2024-09-01,0,0,0.045200861933409095,0,12,default,Test
AST-5003,2024-09-01,0,0,0.08490706929853684,0,12,default,Test
AST-5007,2024-09-01,0,0,0.07030926308096751,0,12,default,Test
AST-1041,2024-09-02,0,0,0.18890636116577578,0,12,default,Test
AST-1042,2024-09-02,5,0,0.13596306949428172,0,12,default,Test
AST-2017,2024-09-02,0,0,0.09514085592446304,0,12,default,Test
AST-2031,2024-09-02,6,0,0.23726357155855926,0,12,default,Test
AST-3008,2024-09-02,8,0,0.1090443925894137,0,12,default,Test
AST-3019,2024-09-02,1,0,0.11068665655078755,0,12,default,Test
AST-4055,2024-09-02,12,1,0.2365632110723265,0,12,default,Test
AST-4061,2024-09-02,8,0,0.08494436845844751,0,12,default,Test
AST-5003,2024-09-02,14,1,0.1520180045883699,0,12,default,Test
AST-5007,2024-09-02,2,0,0.0993879549503649,0,12,default,Test
AST-1041,2024-09-03,9,0,0.15484202916285097,0,12,default,Test
AST-1042,2024-09-03,0,0,0.1919826593801143,0,12,default,Test
AST-2017,2024-09-03,14,1,0.08730061727201598,0,12,default,Test
AST-2031,2024-09-03,14,1,0.2175170315155025,0,12,default,Test
AST-3008,2024-09-03,9,0,0.10112443570692732,0,12,default,Test
AST-3019,2024-09-03,3,0,0.11767981694186412,0,12,default,Test
AST-4055,2024-09-03,8,0,0.2505529349431101,0,12,default,Test
AST-4061,2024-09-03,6,0,0.0699961586740881,0,12,default,Test
AST-5003,2024-09-03,6,0,0.16746953481873192,0,12,default,Test
AST-5007,2024-09-03,3,0,0.06274690149702371,0,12,default,Test
AST-1041,2024-09-04,4,0,0.3450135518323795,0,12,default,Test
AST-1042,2024-09-04,10,0,0.1119526488684288,0,12,default,Test
AST-2017,2024-09-04,8,0,0.08514083190796408,0,12,default,Test
AST-2031,2024-09-04,2,0,0.26904539460479854,0,12,default,Test
AST-3008,2024-09-04,10,0,0.10087912664495383,0,12,default,Test
AST-3019,2024-09-04,5,0,0.08118949025295356,0,12,default,Test
AST-4055,2024-09-04,17,1,0.20615550132930488,0,12,default,Test
AST-4061,2024-09-04,0,0,0.09179062122611274,0,12,default,Test
AST-5003,2024-09-04,9,0,0.1167891859502042,0,12,default,Test
AST-5007,2024-09-04,3,0,0.056676829424856905,0,12,default,Test
AST-1041,2024-09-05,11,0,0.16579985342390263,0,12,default,Test
AST-1042,2024-09-05,3,0,0.1599025780579165,0,12,default,Test
AST-2017,2024-09-05,6,0,0.12718579660754054,0,12,default,Test
AST-2031,2024-09-05,2,0,0.25499346008801405,0,12,default,Test
AST-3008,2024-09-05,2,0,0.09236546208426025,0,12,default,Test
AST-3019,2024-09-05,7,0,0.0725809497716861,0,12,default,Test
AST-4055,2024-09-05,2,0,0.24391774680174594,0,12,default,Test
AST-4061,2024-09-05,0,0,0.08241038625283749,0,12,default,Test
AST-5003,2024-09-05,5,0,0.14015127346355616,0,12,default,Test
AST-5007,2024-09-05,5,0,0.07291774371272647,0,12,default,Test
AST-1041,2024-09-06,6,0,0.17706717072506836,0,12,default,Test
AST-1042,2024-09-06,4,0,0.13755766851702572,0,12,default,Test
AST-2017,2024-09-06,18,1,0.08801419928024806,0,12,default,Test
AST-2031,2024-09-06,4,0,0.3117257729319567,0,12,default,Test
AST-3008,2024-09-06,6,0,0.08473392732352246,0,12,default,Test
AST-3019,2024-09-06,6,0,0.2983704335102116,0,12,default,Test
AST-4055,2024-09-06,15,1,0.24065884143013666,0,12,default,Test
AST-4061,2024-09-06,7,0,0.09816607949854074,0,12,default,Test
AST-5003,2024-09-06,8,0,0.18385775012855063,0,12,default,Test
AST-5007,2024-09-06,10,0,0.07168206430576378,0,12,default,Test
AST-1041,2024-09-07,0,0,0.08816853611868482,0,12,default,Test
AST-1042,2024-09-07,0,0,0.10323302913164771,0,12,default,Test
AST-2017,2024-09-07,0,0,0.0744508298253232,0,12,default,Test
AST-2031,2024-09-07,0,0,0.20002353752854432,0,12,default,Test
AST-3008,2024-09-07,0,0,0.07036200555097367,0,12,default,Test
AST-3019,2024-09-07,0,0,0.058697130150350905,0,12,default,Test
AST-4055,2024-09-07,0,0,0.15920752416363174,0,12,default,Test
AST-4061,2024-09-07,0,0,0.046445946887759305,0,12,default,Test
AST-5003,2024-09-07,0,0,0.11558654744887602,0,12,default,Test
AST-5007,2024-09-07,0,0,0.045202298952005414,0,12,default,Test
AST-1041,2024-09-08,0,0,0.0888627391213849,0,12,default,Test
AST-1042,2024-09-08,0,0,0.11173121139607334,0,12,default,Test
AST-2017,2024-09-08,0,0,0.07370171150807711,0,12,default,Test
AST-2031,2024-09-08,0,0,0.19437712561845485,0,12,default,Test
AST-3008,2024-09-08,0,0,0.2106831929950712,0,12,default,Test
AST-3019,2024-09-08,0,0,0.052582187990655886,0,12,default,Test
AST-4055,2024-09-08,0,0,0.12455011188547216,0,12,default,Test
AST-4061,2024-09-08,0,0,0.051892468521801786,0,12,default,Test
AST-5003,2024-09-08,0,0,0.14100774667327035,0,12,default,Test
AST-5007,2024-09-08,0,0,0.042564129219066965,0,12,default,Test
AST-1041,2024-09-09,11,0,0.15863077651799115,0,12,default,Test
AST-1042,2024-09-09,8,0,0.15535752573341283,0,12,default,Test
AST-2017,2024-09-09,16,1,0.10447458152535329,0,12,default,Test
AST-2031,2024-09-09,2,0,0.2385556698805117,0,12,default,Test
AST-3008,2024-09-09,8,0,0.08780670288975634,0,12,default,Test
AST-3019,2024-09-09,3,0,0.0942055272212322,0,12,default,Test
AST-4055,2024-09-09,2,0,0.2103907289627582,0,12,default,Test
AST-4061,2024-09-09,4,0,0.08642419695599814,0,12,default,Test
AST-5003,2024-09-09,9,0,0.12337287466775582,0,12,default,Test
AST-5007,2024-09-09,3,0,0.062418212575453914,0,12,default,Test
AST-1041,2024-09-10,0,0,0.16428333147847107,0,12,default,Test
AST-1042,2024-09-10,4,0,0.14335754041838186,0,12,default,Test
AST-2017,2024-09-10,6,0,0.10231422339260184,0,12,default,Test
AST-2031,2024-09-10,10,0,0.2581523188365395,0,12,default,Test
AST-3008,2024-09-10,8,0,0.09557642889370971,0,12,default,Test
AST-3019,2024-09-10,4,0,0.33964896550692236,0,12,default,Test
AST-4055,2024-09-10,1,0,0.23157121364051952,0,12,default,Test
AST-4061,2024-09-10,8,0,0.08406472739984847,0,12,default,Test
AST-5003,2024-09-10,20,1,0.13202992159111354,0,12,default,Test
AST-5007,2024-09-10,5,0,0.07687189997920633,0,12,default,Test
AST-1041,2024-09-11,5,0,0.14245688649985844,0,12,default,Test
AST-1042,2024-09-11,15,1,0.16298517483941885,0,12,default,Test
AST-2017,2024-09-11,5,0,0.12202331554457845,0,12,default,Test
AST-2031,2024-09-11,6,0,0.2538957674886082,0,12,default,Test
AST-3008,2024-09-11,11,0,0.10012450550649875,0,12,default,Test
AST-3019,2024-09-11,4,0,0.125783531042672,0,12,default,Test
AST-4055,2024-09-11,13,1,0.21706065071290598,0,12,default,Test
AST-4061,2024-09-11,0,0,0.07588256067501951,0,12,default,Test
AST-5003,2024-09-11,4,0,0.15476592254398588,0,12,default,Test
AST-5007,2024-09-11,10,0,0.08007970477628873,0,12,default,Test
AST-1041,2024-09-12,12,1,0.16777590433880332,0,12,default,Test
AST-1042,2024-09-12,14,1,0.14585334813846676,0,12,default,Test
AST-2017,2024-09-12,4,0,0.09378869558393335,0,12,default,Test
AST-2031,2024-09-12,13,1,0.2362053246015979,0,12,default,Test
AST-3008,2024-09-12,4,0,0.08266172071182512,0,12,default,Test
AST-3019,2024-09-12,6,0,0.08232174160786655,0,12,default,Test
AST-4055,2024-09-12,10,0,0.21512243836837855,0,12,default,Test
AST-4061,2024-09-12,7,0,0.09660506661237618,0,12,default,Test
AST-5003,2024-09-12,10,0,0.15819031496587718,0,12,default,Test
AST-5007,2024-09-12,12,1,0.06829775822724161,0,12,default,Test
AST-1041,2024-09-13,8,0,0.16578522376574228,0,12,default,Test
AST-1042,2024-09-13,10,0,0.35790962433571366,0,12,default,Test
AST-2017,2024-09-13,10,0,0.08642003096561578,0,12,default,Test
AST-2031,2024-09-13,5,0,0.27746722781560873,0,12,default,Test
AST-3008,2024-09-13,3,0,0.0951023286604034,0,12,default,Test
AST-3019,2024-09-13,6,0,0.10049234047045842,0,12,default,Test
AST-4055,2024-09-13,12,1,0.2015342166182383,0,12,default,Test
AST-4061,2024-09-13,11,0,0.08438293460073347,0,12,default,Test
AST-5003,2024-09-13,8,0,0.15174920843469877,0,12,default,Test
AST-5007,2024-09-13,4,0,0.09813452376497736,0,12,default,Test
AST-1041,2024-09-14,0,0,0.08625970170669975,0,12,default,Test
AST-1042,2024-09-14,0,0,0.08867329689745704,0,12,default,Test
AST-2017,2024-09-14,0,0,0.07011454865071526,0,12,default,Test
AST-2031,2024-09-14,0,0,0.2419693511607845,0,12,default,Test
AST-3008,2024-09-14,0,0,0.06416433766660011,0,12,default,Test
AST-3019,2024-09-14,0,0,0.0738669495353211,0,12,default,Test
AST-4055,2024-09-14,0,0,0.17225895172946878,0,12,default,Test
AST-4061,2024-09-14,0,0,0.0685137438085109,0,12,default,Test
AST-5003,2024-09-14,0,0,0.09671259887365395,0,12,default,Test
AST-5007,2024-09-14,0,0,0.036323563129103835,0,12,default,Test
AST-1041,2024-09-15,0,0,0.0625476741185124,0,12,default,Test
AST-1042,2024-09-15,0,0,0.10802515483983104,0,12,default,Test
AST-2017,2024-09-15,0,0,0.05595076236602836,0,12,default,Test
AST-2031,2024-09-15,0,0,0.17256137630986992,0,12,default,Test
AST-3008,2024-09-15,0,0,0.05148348366822268,0,12,default,Test
AST-3019,2024-09-15,0,0,0.07220433960580515,0,12,default,Test
AST-4055,2024-09-15,0,0,0.11982693898340256,0,12,default,Test
AST-4061,2024-09-15,0,0,0.04531972894575334,0,12,default,Test
AST-5003,2024-09-15,0,0,0.08583396556808033,0,12,default,Test
AST-5007,2024-09-15,0,0,0.0530994925142851,0,12,default,Test
AST-1041,2024-09-16,6,0,0.18284831848252536,0,12,default,Test
AST-1042,2024-09-16,6,0,0.12773980806126672,0,12,default,Test
AST-2017,2024-09-16,4,0,0.10206454134765915,0,12,default,Test
AST-2031,2024-09-16,21,1,0.19676594907413344,0,12,default,Test
AST-3008,2024-09-16,0,0,0.09171972374026788,0,12,default,Test
AST-3019,2024-09-16,4,0,0.10808303102356662,0,12,default,Test
AST-4055,2024-09-16,1,0,0.21140959361883543,0,12,default,Test
AST-4061,2024-09-16,10,0,0.07719868683443024,0,12,default,Test
AST-5003,2024-09-16,9,0,0.1408944886249418,0,12,default,Test
AST-5007,2024-09-16,0,0,0.07217471090220706,0,12,default,Test
AST-1041,2024-09-17,6,0,0.43098493437950397,0,12,default,Test
AST-1042,2024-09-17,2,0,0.1439981915286036,0,12,default,Test
AST-2017,2024-09-17,0,0,0.09721366708186753,0,12,default,Test
AST-2031,2024-09-17,6,0,0.23971959765861692,0,12,default,Test
AST-3008,2024-09-17,15,1,0.08229684957799993,0,12,default,Test
AST-3019,2024-09-17,4,0,0.0942828917630803,0,12,default,Test
AST-4055,2024-09-17,13,1,0.22589735158469612,0,12,default,Test
AST-4061,2024-09-17,8,0,0.2152773133363848,0,12,default,Test
AST-5003,2024-09-17,5,0,0.2174696483843488,0,12,default,Test
AST-5007,2024-09-17,10,0,0.07635361504235949,0,12,default,Test
AST-1041,2024-09-18,6,0,0.15035135682796763,0,12,default,Test
AST-1042,2024-09-18,10,0,0.16462627245184663,0,12,default,Test
AST-2017,2024-09-18,0,0,0.09845955061133316,0,12,default,Test
AST-2031,2024-09-18,6,0,0.24885670238526983,0,12,default,Test
AST-3008,2024-09-18,7,0,0.09417643412025026,0,12,default,Test
AST-3019,2024-09-18,0,0,0.10819063098104775,0,12,default,Test
AST-4055,2024-09-18,11,0,0.2063450029626969,0,12,default,Test
AST-4061,2024-09-18,2,0,0.07805723544771136,0,12,default,Test
AST-5003,2024-09-18,12,1,0.17646583366109955,0,12,default,Test
AST-5007,2024-09-18,7,0,0.06825371520406547,0,12,default,Test
AST-1041,2024-09-19,5,0,0.2581584984257115,0,12,default,Test
AST-1042,2024-09-19,8,0,0.11775214497559107,0,12,default,Test
AST-2017,2024-09-19,2,0,0.09108708995882461,0,12,default,Test
AST-2031,2024-09-19,13,1,0.23909514030956425,0,12,default,Test
AST-3008,2024-09-19,9,0,0.09587682949492626,0,12,default,Test
AST-3019,2024-09-19,10,0,0.30021200708721474,0,12,default,Test
AST-4055,2024-09-19,12,1,0.22620581259358788,0,12,default,Test
AST-4061,2024-09-19,7,0,0.08468344850933202,0,12,default,Test
AST-5003,2024-09-19,13,1,0.16562544768719675,0,12,default,Test
AST-5007,2024-09-19,7,0,0.09876100076611777,0,12,default,Test
AST-1041,2024-09-20,17,1,0.16450401567510176,0,12,default,Test
AST-1042,2024-09-20,8,0,0.15716898456842016,0,12,default,Test
AST-2017,2024-09-20,6,0,0.09177476480275909,0,12,default,Test
AST-2031,2024-09-20,0,0,0.25042474151965805,0,12,default,Test
AST-3008,2024-09-20,1,0,0.07298647645539492,0,12,default,Test
AST-3019,2024-09-20,0,0,0.11069709702921966,0,12,default,Test
AST-4055,2024-09-20,6,0,0.19536371252805482,0,12,default,Test
AST-4061,2024-09-20,18,1,0.08898808322456933,0,12,default,Test
AST-5003,2024-09-20,13,1,0.31924742903403247,0,12,default,Test
AST-5007,2024-09-20,4,0,0.07550057013722052,0,12,default,Test
AST-1041,2024-09-21,0,0,0.08804938319884018,0,12,default,Test
AST-1042,2024-09-21,0,0,0.11527456563275908,0,12,default,Test
AST-2017,2024-09-21,0,0,0.061853963368157766,0,12,default,Test
AST-2031,2024-09-21,0,0,0.22520347163349552,0,12,default,Test
AST-3008,2024-09-21,0,0,0.06387730607283731,0,12,default,Test
AST-3019,2024-09-21,0,0,0.05309358115200387,0,12,default,Test
AST-4055,2024-09-21,0,0,0.1507115514952123,0,12,default,Test
AST-4061,2024-09-21,0,0,0.04369774135305363,0,12,default,Test
AST-5003,2024-09-21,0,0,0.1051702328492929,0,12,default,Test
AST-5007,2024-09-21,0,0,0.05166381301130285,0,12,default,Test
AST-1041,2024-09-22,0,0,0.08490512767675011,0,12,default,Test
AST-1042,2024-09-22,0,0,0.08325149129482123,0,12,default,Test
AST-2017,2024-09-22,0,0,0.09187933582857245,0,12,default,Test
AST-2031,2024-09-22,0,0,0.21935567920527374,0,12,default,Test
AST-3008,2024-09-22,0,0,0.055803670939055805,0,12,default,Test
AST-3019,2024-09-22,0,0,0.07481980260350642,0,12,default,Test
AST-4055,2024-09-22,0,0,0.15668176127982586,0,12,default,Test
AST-4061,2024-09-22,0,0,0.04796230158786356,0,12,default,Test
AST-5003,2024-09-22,0,0,0.2346347824299522,0,12,default,Test
AST-5007,2024-09-22,0,0,0.05048773046864972,0,12,default,Test
AST-1041,2024-09-23,5,0,0.15764883001096158,0,12,default,Test
AST-1042,2024-09-23,4,0,0.13157078147165316,0,12,default,Test
AST-2017,2024-09-23,7,0,0.09660508203181113,0,12,default,Test
AST-2031,2024-09-23,3,0,0.3228586206135081,0,12,default,Test
AST-3008,2024-09-23,5,0,0.13056591264900008,0,12,default,Test
AST-3019,2024-09-23,2,0,0.08284042981620442,0,12,default,Test
AST-4055,2024-09-23,4,0,0.22744624586952028,0,12,default,Test
AST-4061,2024-09-23,8,0,0.09423363950944329,0,12,default,Test
AST-5003,2024-09-23,4,0,0.15535294438625766,0,12,default,Test
AST-5007,2024-09-23,4,0,0.10649461582025378,0,12,default,Test
AST-1041,2024-09-24,9,0,0.1867977350921171,0,12,default,Test
AST-1042,2024-09-24,6,0,0.15895218799481495,0,12,default,Test
AST-2017,2024-09-24,3,0,0.09939268309270716,0,12,default,Test
AST-2031,2024-09-24,2,0,0.23943835393391472,0,12,default,Test
AST-3008,2024-09-24,11,0,0.10636706032548034,0,12,default,Test
AST-3019,2024-09-24,11,0,0.07371199690125753,0,12,default,Test
AST-4055,2024-09-24,6,0,0.23201335430446104,0,12,default,Test
AST-4061,2024-09-24,6,0,0.0761742251563005,0,12,default,Test
AST-5003,2024-09-24,8,0,0.17504927807401918,0,12,default,Test
AST-5007,2024-09-24,10,0,0.08625391675223698,0,12,default,Test
AST-1041,2024-09-25,0,0,0.17270108302096834,0,12,default,Test
AST-1042,2024-09-25,11,0,0.11851831697823566,0,12,default,Test
AST-2017,2024-09-25,6,0,0.12288344460684264,0,12,default,Test
AST-2031,2024-09-25,2,0,0.29370787421428335,0,12,default,Test
AST-3008,2024-09-25,5,0,0.11182916478087035,0,12,default,Test
AST-3019,2024-09-25,11,0,0.0665917176305144,0,12,default,Test
AST-4055,2024-09-25,11,0,0.27337485318582155,0,12,default,Test
AST-4061,2024-09-25,18,1,0.25901091783773034,0,12,default,Test
AST-5003,2024-09-25,13,1,0.1771889070656097,0,12,default,Test
AST-5007,2024-09-25,13,1,0.06888529666821805,0,12,default,Test
AST-1041,2024-09-26,4,0,0.2273262134656441,0,12,default,Test
AST-1042,2024-09-26,8,0,0.13345488018691487,0,12,default,Test
AST-2017,2024-09-26,12,1,0.1170543340020373,0,12,default,Test
AST-2031,2024-09-26,8,0,0.2949874683691916,0,12,default,Test
AST-3008,2024-09-26,8,0,0.09324031666751671,0,12,default,Test
AST-3019,2024-09-26,4,0,0.10293189983621462,0,12,default,Test
AST-4055,2024-09-26,3,0,0.24180044067366963,0,12,default,Test
AST-4061,2024-09-26,18,1,0.08134128489722467,0,12,default,Test
AST-5003,2024-09-26,12,1,0.1665907486674052,0,12,default,Test
AST-5007,2024-09-26,0,0,0.06215559534903875,0,12,default,Test
AST-1041,2024-09-27,0,0,0.1387529501708629,0,12,default,Test
AST-1042,2024-09-27,5,0,0.14101333895349044,0,12,default,Test
AST-2017,2024-09-27,6,0,0.15344097911823795,0,12,default,Test
AST-2031,2024-09-27,4,0,0.25761178604434354,0,12,default,Test
AST-3008,2024-09-27,6,0,0.09378173228127966,0,12,default,Test
AST-3019,2024-09-27,3,0,0.09195524447346447,0,12,default,Test
AST-4055,2024-09-27,18,1,0.20324954007801935,0,12,default,Test
AST-4061,2024-09-27,8,0,0.08048236702798194,0,12,default,Test
AST-5003,2024-09-27,8,0,0.17690486849408532,0,12,default,Test
AST-5007,2024-09-27,2,0,0.08022611841903331,0,12,default,Test
AST-1041,2024-09-28,0,0,0.11087560322890691,0,12,default,Test
AST-1042,2024-09-28,0,0,0.08833618270014744,0,12,default,Test
AST-2017,2024-09-28,0,0,0.06391063782597967,0,12,default,Test
AST-2031,2024-09-28,0,0,0.2351735750538024,0,12,default,Test
AST-3008,2024-09-28,0,0,0.09682008067695384,0,12,default,Test
AST-3019,2024-09-28,0,0,0.04998783195456925,0,12,default,Test
AST-4055,2024-09-28,0,0,0.12404727674764922,0,12,default,Test
AST-4061,2024-09-28,0,0,0.04117332170239099,0,12,default,Test
AST-5003,2024-09-28,0,0,0.0675932843207244,0,12,default,Test
AST-5007,2024-09-28,0,0,0.05508061234039198,0,12,default,Test
AST-1041,2024-09-29,0,0,0.09737020690097024,0,12,default,Test
AST-1042,2024-09-29,0,0,0.1316976768979031,0,12,default,Test
AST-2017,2024-09-29,0,0,0.05788643387621348,0,12,default,Test
AST-2031,2024-09-29,0,0,0.1990627462110949,0,12,default,Test
AST-3008,2024-09-29,0,0,0.05048421271640971,0,12,default,Test
AST-3019,2024-09-29,0,0,0.08270314509268593,0,12,default,Test
AST-4055,2024-09-29,0,0,0.15615516156748052,0,12,default,Test
AST-4061,2024-09-29,0,0,0.05751892620490533,0,12,default,Test
AST-5003,2024-09-29,0,0,0.09971987115447371,0,12,default,Test
AST-5007,2024-09-29,0,0,0.0592247384503101,0,12,default,Test
AST-1041,2024-09-30,4,0,0.1442600597793637,0,12,default,Test
AST-1042,2024-09-30,9,0,0.16216605980447318,0,12,default,Test
AST-2017,2024-09-30,8,0,0.108408486781924,0,12,default,Test
AST-2031,2024-09-30,23,1,0.2988599840789973,0,12,default,Test
AST-3008,2024-09-30,4,0,0.09632400473088075,0,12,default,Test
AST-3019,2024-09-30,6,0,0.09113306955642914,0,12,default,Test
AST-4055,2024-09-30,6,0,0.17869593092648742,0,12,default,Test
AST-4061,2024-09-30,4,0,0.10007463646140463,0,12,default,Test
AST-5003,2024-09-30,14,1,0.4100055379375089,0,12,default,Test
AST-5007,2024-09-30,3,0,0.09645869198173604,0,12,default,Test
AST-1041,2024-10-01,2,0,0.1702191645828333,0,12,default,Test
AST-1042,2024-10-01,11,0,0.13671039227194365,0,12,default,Test
AST-2017,2024-10-01,13,1,0.13098736238163436,0,12,default,Test
AST-2031,2024-10-01,6,0,0.2603749986642655,0,12,default,Test
AST-3008,2024-10-01,14,1,0.22891365076931067,0,12,default,Test
AST-3019,2024-10-01,0,0,0.09036268147611506,0,12,default,Test
AST-4055,2024-10-01,2,0,0.17387300648088078,0,12,default,Test
AST-4061,2024-10-01,8,0,0.10211118830505721,0,12,default,Test
AST-5003,2024-10-01,5,0,0.17756088293379801,0,12,default,Test
AST-5007,2024-10-01,2,0,0.08770272029378164,0,12,default,Test
AST-1041,2024-10-02,0,0,0.15747326389991786,0,12,default,Test
AST-1042,2024-10-02,10,0,0.15706760059367583,0,12,default,Test
AST-2017,2024-10-02,4,0,0.09654880856114241,0,12,default,Test
AST-2031,2024-10-02,21,1,0.26066243600526956,0,12,default,Test
AST-3008,2024-10-02,8,0,0.08398734289282943,0,12,default,Test
AST-3019,2024-10-02,2,0,0.07768189330799448,0,12,default,Test
AST-4055,2024-10-02,4,0,0.2609203720402208,0,12,default,Test
AST-4061,2024-10-02,12,1,0.08164072350385358,0,12,default,Test
AST-5003,2024-10-02,4,0,0.21334260822154844,0,12,default,Test
AST-5007,2024-10-02,6,0,0.0742172815319684,0,12,default,Test
AST-1041,2024-10-03,8,0,0.15968700745849523,0,12,default,Test
AST-1042,2024-10-03,6,0,0.1414164371586618,0,12,default,Test
AST-2017,2024-10-03,13,1,0.12185438886818195,0,12,default,Test
AST-2031,2024-10-03,10,0,0.30330512287587424,0,12,default,Test
AST-3008,2024-10-03,6,0,0.11209630700685842,0,12,default,Test
AST-3019,2024-10-03,18,1,0.1529940756614753,0,12,default,Test
AST-4055,2024-10-03,10,0,0.20172622477020893,0,12,default,Test
AST-4061,2024-10-03,8,0,0.08926462049332502,0,12,default,Test
AST-5003,2024-10-03,10,0,0.14347355375009385,0,12,default,Test
AST-5007,2024-10-03,1,0,0.08564819097680906,0,12,default,Test
AST-1041,2024-10-04,12,1,0.15942823487692862,0,12,default,Test
AST-1042,2024-10-04,6,0,0.19446203894569428,0,12,default,Test
AST-2017,2024-10-04,16,1,0.13582935040381663,0,12,default,Test
AST-2031,2024-10-04,5,0,0.2717254470281968,0,12,default,Test
AST-3008,2024-10-04,6,0,0.09691650510957145,0,12,default,Test
AST-3019,2024-10-04,12,1,0.09295435682162163,0,12,default,Test
AST-4055,2024-10-04,14,1,0.20392560391642825,0,12,default,Test
AST-4061,2024-10-04,7,0,0.08886501694690792,0,12,default,Test
AST-5003,2024-10-04,5,0,0.20286736859282464,0,12,default,Test
AST-5007,2024-10-04,0,0,0.08590778508869179,0,12,default,Test
AST-1041,2024-10-05,0,0,0.17238040729862866,0,12,default,Test
AST-1042,2024-10-05,0,0,0.08132872397375285,0,12,default,Test
AST-2017,2024-10-05,0,0,0.06471569089946684,0,12,default,Test
AST-2031,2024-10-05,0,0,0.2503227120409004,0,12,default,Test
AST-3008,2024-10-05,0,0,0.046774457652764584,0,12,default,Test
AST-3019,2024-10-05,0,0,0.05254863821968621,0,12,default,Test
AST-4055,2024-10-05,0,0,0.15663724876712865,0,12,default,Test
AST-4061,2024-10-05,0,0,0.044087411483114305,0,12,default,Test
AST-5003,2024-10-05,0,0,0.13454724326978545,0,12,default,Test
AST-5007,2024-10-05,0,0,0.04610979809163963,0,12,default,Test
AST-1041,2024-10-06,0,0,0.07441247093763802,0,12,default,Test
AST-1042,2024-10-06,0,0,0.08788762528196131,0,12,default,Test
AST-2017,2024-10-06,0,0,0.07393531897980749,0,12,default,Test
AST-2031,2024-10-06,0,0,0.16199729991732742,0,12,default,Test
AST-3008,2024-10-06,0,0,0.06894480572146544,0,12,default,Test
AST-3019,2024-10-06,0,0,0.05132776449798373,0,12,default,Test
AST-4055,2024-10-06,0,0,0.14654856622256052,0,12,default,Test
AST-4061,2024-10-06,0,0,0.05119641187904805,0,12,default,Test
AST-5003,2024-10-06,0,0,0.10693714912966028,0,12,default,Test
AST-5007,2024-10-06,0,0,0.04482224863014476,0,12,default,Test
AST-1041,2024-10-07,8,0,0.17485349757986038,0,12,default,Test
AST-1042,2024-10-07,8,0,0.18596620087412355,0,12,default,Test
AST-2017,2024-10-07,3,0,0.1384850934594202,0,12,default,Test
AST-2031,2024-10-07,6,0,0.2506405135967304,0,12,default,Test
AST-3008,2024-10-07,4,0,0.08793026764561779,0,12,default,Test
AST-3019,2024-10-07,2,0,0.07858766667952348,0,12,default,Test
AST-4055,2024-10-07,16,1,0.22878547706020635,0,12,default,Test
AST-4061,2024-10-07,10,0,0.0758551436503188,0,12,default,Test
AST-5003,2024-10-07,16,1,0.20890469684447366,0,12,default,Test
AST-5007,2024-10-07,0,0,0.06913726262890138,0,12,default,Test
AST-1041,2024-10-08,8,0,0.1458105264260811,0,12,default,Test
AST-1042,2024-10-08,4,0,0.17012326607225592,0,12,default,Test
AST-2017,2024-10-08,6,0,0.12625738552982993,0,12,default,Test
AST-2031,2024-10-08,8,0,0.2948974661513307,0,12,default,Test
AST-3008,2024-10-08,8,0,0.1055011933535749,0,12,default,Test
AST-3019,2024-10-08,8,0,0.08527237226638085,0,12,default,Test
AST-4055,2024-10-08,11,0,0.1996545058614376,0,12,default,Test
AST-4061,2024-10-08,15,1,0.09889452152732943,0,12,default,Test
AST-5003,2024-10-08,6,0,0.16138327665293034,0,12,default,Test
AST-5007,2024-10-08,1,0,0.056826537962358606,0,12,default,Test
AST-1041,2024-10-09,6,0,0.15351435591898055,0,12,default,Test
AST-1042,2024-10-09,6,0,0.1551844287391214,0,12,default,Test
AST-2017,2024-10-09,12,1,0.10995884064010449,0,12,default,Test
AST-2031,2024-10-09,13,1,0.23205953654125558,0,12,default,Test
AST-3008,2024-10-09,14,1,0.2880847596410895,0,12,default,Test
AST-3019,2024-10-09,6,0,0.07156678578469619,0,12,default,Test
AST-4055,2024-10-09,4,0,0.22832039376095548,0,12,default,Test
AST-4061,2024-10-09,7,0,0.0838028667407346,0,12,default,Test
AST-5003,2024-10-09,6,0,0.2078109010783041,0,12,default,Test
AST-5007,2024-10-09,6,0,0.08088638445682876,0,12,default,Test
AST-1041,2024-10-10,2,0,0.16797654708413184,0,12,default,Test
AST-1042,2024-10-10,6,0,0.13463107175281533,0,12,default,Test
AST-2017,2024-10-10,3,0,0.1271566530231918,0,12,default,Test
AST-2031,2024-10-10,2,0,0.254603790024112,0,12,default,Test
AST-3008,2024-10-10,1,0,0.11345639907006091,0,12,default,Test
AST-3019,2024-10-10,4,0,0.10202479139022003,0,12,default,Test
AST-4055,2024-10-10,0,0,0.2645992018545023,0,12,default,Test
AST-4061,2024-10-10,8,0,0.11320177414717142,0,12,default,Test
AST-5003,2024-10-10,10,0,0.13867967698958653,0,12,default,Test
AST-5007,2024-10-10,11,0,0.0849697557675566,0,12,default,Test
AST-1041,2024-10-11,6,0,0.1424122892841938,0,12,default,Test
AST-1042,2024-10-11,12,1,0.24915611061121623,0,12,default,Test
AST-2017,2024-10-11,6,0,0.08317008435567107,0,12,default,Test
AST-2031,2024-10-11,2,0,0.2592015596538934,0,12,default,Test
AST-3008,2024-10-11,11,0,0.1065331898528118,0,12,default,Test
AST-3019,2024-10-11,3,0,0.1243357319582556,0,12,default,Test
AST-4055,2024-10-11,13,1,0.22936737953773553,0,12,default,Test
AST-4061,2024-10-11,5,0,0.0831490666301016,0,12,default,Test
AST-5003,2024-10-11,12,1,0.16574631252294858,0,12,default,Test
AST-5007,2024-10-11,6,0,0.05574634506906323,0,12,default,Test
AST-1041,2024-10-12,0,0,0.26550435359945146,0,12,default,Test
AST-1042,2024-10-12,0,0,0.10320967787005769,0,12,default,Test
AST-2017,2024-10-12,0,0,0.0690735013663182,0,12,default,Test
AST-2031,2024-10-12,0,0,0.2163500973742375,0,12,default,Test
AST-3008,2024-10-12,0,0,0.0628228594122571,0,12,default,Test
AST-3019,2024-10-12,0,0,0.05970613268064177,0,12,default,Test
AST-4055,2024-10-12,0,0,0.1794923989424686,0,12,default,Test
AST-4061,2024-10-12,0,0,0.055010936348809894,0,12,default,Test
AST-5003,2024-10-12,0,0,0.08259700624647523,0,12,default,Test
AST-5007,2024-10-12,0,0,0.05990968352404092,0,12,default,Test
AST-1041,2024-10-13,0,0,0.07395931239775758,0,12,default,Test
AST-1042,2024-10-13,0,0,0.08935608290559714,0,12,default,Test
AST-2017,2024-10-13,0,0,0.07123802246768883,0,12,default,Test
AST-2031,2024-10-13,0,0,0.19765228583434052,0,12,default,Test
AST-3008,2024-10-13,0,0,0.05623257811287318,0,12,default,Test
AST-3019,2024-10-13,0,0,0.05741615626370454,0,12,default,Test
AST-4055,2024-10-13,0,0,0.12057337657998854,0,12,default,Test
AST-4061,2024-10-13,0,0,0.06668968474830185,0,12,default,Test
AST-5003,2024-10-13,0,0,0.10461873036442305,0,12,default,Test
AST-5007,2024-10-13,0,0,0.05305290110911876,0,12,default,Test
AST-1041,2024-10-14,3,0,0.19387709201712622,0,12,default,Test
AST-1042,2024-10-14,0,0,0.17331576404906784,0,12,default,Test
AST-2017,2024-10-14,7,0,0.07698895014279558,0,12,default,Test
AST-2031,2024-10-14,10,0,0.26641319817570697,0,12,default,Test
AST-3008,2024-10-14,2,0,0.08949573196677796,0,12,default,Test
AST-3019,2024-10-14,2,0,0.1058834617577552,0,12,default,Test
AST-4055,2024-10-14,2,0,0.22404915733219202,0,12,default,Test
AST-4061,2024-10-14,1,0,0.10564150152927207,0,12,default,Test
AST-5003,2024-10-14,18,1,0.1419609715765354,0,12,default,Test
AST-5007,2024-10-14,3,0,0.09781956583352108,0,12,default,Test
AST-1041,2024-10-15,6,0,0.19223992407495666,0,12,default,Test
AST-1042,2024-10-15,0,0,0.1634162392837665,0,12,default,Test
AST-2017,2024-10-15,8,0,0.08098291654792754,0,12,default,Test
AST-2031,2024-10-15,7,0,0.3047631032086003,0,12,default,Test
AST-3008,2024-10-15,9,0,0.08239371276877182,0,12,default,Test
AST-3019,2024-10-15,12,1,0.09141112698955253,0,12,default,Test
AST-4055,2024-10-15,9,0,0.20884446654562439,0,12,default,Test
AST-4061,2024-10-15,6,0,0.10600273833295942,0,12,default,Test
AST-5003,2024-10-15,14,1,0.13640504908159587,0,12,default,Test
AST-5007,2024-10-15,7,0,0.07189287668340133,0,12,default,Test
AST-1041,2024-10-16,8,0,0.16276601954699432,0,12,default,Test
AST-1042,2024-10-16,6,0,0.1612036389782012,0,12,default,Test
AST-2017,2024-10-16,5,0,0.12045827460065359,0,12,default,Test
AST-2031,2024-10-16,2,0,0.241546858312561,0,12,default,Test
AST-3008,2024-10-16,10,0,0.10285340417265695,0,12,default,Test
AST-3019,2024-10-16,14,1,0.07372494333043264,0,12,default,Test
AST-4055,2024-10-16,10,0,0.1831351822297756,0,12,default,Test
AST-4061,2024-10-16,4,0,0.08609277716651614,0,12,default,Test
AST-5003,2024-10-16,8,0,0.16932800482905705,0,12,default,Test
AST-5007,2024-10-16,7,0,0.08759910802549647,0,12,default,Test
AST-1041,2024-10-17,10,0,0.16620046849404604,0,12,default,Test
AST-1042,2024-10-17,0,0,0.1733783757964102,0,12,default,Test
AST-2017,2024-10-17,6,0,0.10074173463766475,0,12,default,Test
AST-2031,2024-10-17,9,0,0.2874370349669057,0,12,default,Test
AST-3008,2024-10-17,8,0,0.11535292536250645,0,12,default,Test
AST-3019,2024-10-17,14,1,0.08488426936718746,0,12,default,Test
AST-4055,2024-10-17,9,0,0.2666587265105924,0,12,default,Test
AST-4061,2024-10-17,6,0,0.09263042970450842,0,12,default,Test
AST-5003,2024-10-17,4,0,0.1717001005348094,0,12,default,Test
AST-5007,2024-10-17,3,0,0.08282465427757951,0,12,default,Test
AST-1041,2024-10-18,3,0,0.19412075768442055,0,12,default,Test
AST-1042,2024-10-18,6,0,0.1533878465226345,0,12,default,Test
AST-2017,2024-10-18,18,1,0.0915084434717462,0,12,default,Test
AST-2031,2024-10-18,8,0,0.3103513541068171,0,12,default,Test
AST-3008,2024-10-18,3,0,0.09595206267605111,0,12,default,Test
AST-3019,2024-10-18,12,1,0.06011087860469007,0,12,default,Test
AST-4055,2024-10-18,12,1,0.17728571448555167,0,12,default,Test
AST-4061,2024-10-18,2,0,0.09134219055206952,0,12,default,Test
AST-5003,2024-10-18,1,0,0.15054364973450454,0,12,default,Test
AST-5007,2024-10-18,8,0,0.07527022218961002,0,12,default,Test
AST-1041,2024-10-19,0,0,0.10737252358934692,0,12,default,Test
AST-1042,2024-10-19,0,0,0.09911977920458724,0,12,default,Test
AST-2017,2024-10-19,0,0,0.08046169291581258,0,12,default,Test
AST-2031,2024-10-19,0,0,0.1921850833464671,0,12,default,Test
AST-3008,2024-10-19,0,0,0.07254006792827439,0,12,default,Test
AST-3019,2024-10-19,0,0,0.05720300734305177,0,12,default,Test
AST-4055,2024-10-19,0,0,0.16188767658839714,0,12,default,Test
AST-4061,2024-10-19,0,0,0.05948051975587135,0,12,default,Test
AST-5003,2024-10-19,0,0,0.09130490277364914,0,12,default,Test
AST-5007,2024-10-19,0,0,0.04225653971956296,0,12,default,Test
AST-1041,2024-10-20,0,0,0.09623495404859134,0,12,default,Test
AST-1042,2024-10-20,0,0,0.13845542288713286,0,12,default,Test
AST-2017,2024-10-20,0,0,0.06851757825789097,0,12,default,Test
AST-2031,2024-10-20,0,0,0.2549123994972856,0,12,default,Test
AST-3008,2024-10-20,0,0,0.0615432919978033,0,12,default,Test
AST-3019,2024-10-20,0,0,0.06724186401575176,0,12,default,Test
AST-4055,2024-10-20,0,0,0.16586019531709484,0,12,default,Test
AST-4061,2024-10-20,0,0,0.21482221889756237,0,12,default,Test
AST-5003,2024-10-20,0,0,0.07726207314904046,0,12,default,Test
AST-5007,2024-10-20,0,0,0.04966478938983834,0,12,default,Test
AST-1041,2024-10-21,5,0,0.1761715599795275,0,12,default,Test
AST-1042,2024-10-21,7,0,0.14687320687330072,0,12,default,Test
AST-2017,2024-10-21,2,0,0.12486793652801868,0,12,default,Test
AST-2031,2024-10-21,8,0,0.2664619605889317,0,12,default,Test
AST-3008,2024-10-21,5,0,0.11201694176544978,0,12,default,Test
AST-3019,2024-10-21,0,0,0.11931247961483099,0,12,default,Test
AST-4055,2024-10-21,14,1,0.20839713554388523,0,12,default,Test
AST-4061,2024-10-21,8,0,0.07764757268796374,0,12,default,Test
AST-5003,2024-10-21,8,0,0.13707059350348455,0,12,default,Test
AST-5007,2024-10-21,4,0,0.07784517213680095,0,12,default,Test
AST-1041,2024-10-22,0,0,0.17502804596685814,0,12,default,Test
AST-1042,2024-10-22,4,0,0.15952634536513874,0,12,default,Test
AST-2017,2024-10-22,7,0,0.10657103875357543,0,12,default,Test
AST-2031,2024-10-22,9,0,0.2757031636328075,0,12,default,Test
AST-3008,2024-10-22,10,0,0.08963093427400372,0,12,default,Test
AST-3019,2024-10-22,6,0,0.11296437375986819,0,12,default,Test
AST-4055,2024-10-22,12,1,0.19691024198692977,0,12,default,Test
AST-4061,2024-10-22,12,1,0.09319163709163085,0,12,default,Test
AST-5003,2024-10-22,6,0,0.14098146271874915,0,12,default,Test
AST-5007,2024-10-22,0,0,0.06324190224460284,0,12,default,Test
AST-1041,2024-10-23,6,0,0.14181914656044378,0,12,default,Test
AST-1042,2024-10-23,4,0,0.14368048047204474,0,12,default,Test
AST-2017,2024-10-23,13,1,0.2322729083108496,0,12,default,Test
AST-2031,2024-10-23,8,0,0.2755389059015035,0,12,default,Test
AST-3008,2024-10-23,12,1,0.10126395257199775,0,12,default,Test
AST-3019,2024-10-23,4,0,0.09240028012918657,0,12,default,Test
AST-4055,2024-10-23,11,0,0.24537284144977256,0,12,default,Test
AST-4061,2024-10-23,22,1,0.08607451536287901,0,12,default,Test
AST-5003,2024-10-23,9,0,0.1727114540067945,0,12,default,Test
AST-5007,2024-10-23,1,0,0.0722777477208148,0,12,default,Test
AST-1041,2024-10-24,11,0,0.16991681737994135,0,12,default,Test
AST-1042,2024-10-24,2,0,0.12913892006131114,0,12,default,Test
AST-2017,2024-10-24,21,1,0.13264069593193967,0,12,default,Test
AST-2031,2024-10-24,2,0,0.2864545094383681,0,12,default,Test
AST-3008,2024-10-24,6,0,0.0978033223586351,0,12,default,Test
AST-3019,2024-10-24,9,0,0.11741855941268405,0,12,default,Test
AST-4055,2024-10-24,2,0,0.18490522818575503,0,12,default,Test
AST-4061,2024-10-24,4,0,0.08075910798683625,0,12,default,Test
AST-5003,2024-10-24,4,0,0.15665515022501694,0,12,default,Test
AST-5007,2024-10-24,1,0,0.05758939493925646,0,12,default,Test
AST-1041,2024-10-25,14,1,0.14061705074224418,0,12,default,Test
AST-1042,2024-10-25,15,1,0.1338295669588941,0,12,default,Test
AST-2017,2024-10-25,11,0,0.09895646285238145,0,12,default,Test
AST-2031,2024-10-25,0,0,0.2828727668277065,0,12,default,Test
AST-3008,2024-10-25,8,0,0.12501866748427096,0,12,default,Test
AST-3019,2024-10-25,9,0,0.08238975037896337,0,12,default,Test
AST-4055,2024-10-25,11,0,0.16862378221653468,0,12,default,Test
AST-4061,2024-10-25,4,0,0.08330596218832759,0,12,default,Test
AST-5003,2024-10-25,5,0,0.1316603000346885,0,12,default,Test
AST-5007,2024-10-25,6,0,0.08206406524673954,0,12,default,Test
AST-1041,2024-10-26,0,0,0.09230664220069172,0,12,default,Test
AST-1042,2024-10-26,0,0,0.1039564904093938,0,12,default,Test
AST-2017,2024-10-26,0,0,0.07556017073737867,0,12,default,Test
AST-2031,2024-10-26,0,0,0.17822236688348184,0,12,default,Test
AST-3008,2024-10-26,0,0,0.05801503268382542,0,12,default,Test
AST-3019,2024-10-26,0,0,0.052154634781018026,0,12,default,Test
AST-4055,2024-10-26,0,0,0.17893086418530457,0,12,default,Test
AST-4061,2024-10-26,0,0,0.048227084699955694,0,12,default,Test
AST-5003,2024-10-26,0,0,0.09896103357346196,0,12,default,Test
AST-5007,2024-10-26,0,0,0.04761075131468727,0,12,default,Test
AST-1041,2024-10-27,0,0,0.10600513503811528,0,12,default,Test
AST-1042,2024-10-27,0,0,0.10293670795139917,0,12,default,Test
AST-2017,2024-10-27,0,0,0.08220947840674273,0,12,default,Test
AST-2031,2024-10-27,0,0,0.223847690669328,0,12,default,Test
AST-3008,2024-10-27,0,0,0.06148623127317925,0,12,default,Test
AST-3019,2024-10-27,0,0,0.08355927915318292,0,12,default,Test
AST-4055,2024-10-27,0,0,0.15220987840171035,0,12,default,Test
AST-4061,2024-10-27,0,0,0.05747053382209125,0,12,default,Test
AST-5003,2024-10-27,0,0,0.34999584297955044,0,12,default,Test
AST-5007,2024-10-27,0,0,0.04313791411496424,0,12,default,Test
AST-1041,2024-10-28,0,0,0.15655078468092176,0,12,default,Test
AST-1042,2024-10-28,8,0,0.14014952151495597,0,12,default,Test
AST-2017,2024-10-28,7,0,0.08551279081093839,0,12,default,Test
AST-2031,2024-10-28,4,0,0.25536191700190275,0,12,default,Test
AST-3008,2024-10-28,5,0,0.10350945850361645,0,12,default,Test
AST-3019,2024-10-28,9,0,0.11136064169887033,0,12,default,Test
AST-4055,2024-10-28,9,0,0.23354186344600716,0,12,default,Test
AST-4061,2024-10-28,2,0,0.0877530495839425,0,12,default,Test
AST-5003,2024-10-28,14,1,0.183356758228187,0,12,default,Test
AST-5007,2024-10-28,11,0,0.0841618634634478,0,12,default,Test
AST-1041,2024-10-29,5,0,0.18809918671165407,0,12,default,Test
AST-1042,2024-10-29,5,0,0.1492811472211697,0,12,default,Test
AST-2017,2024-10-29,14,1,0.25792857375426576,0,12,default,Test
AST-2031,2024-10-29,2,0,0.27118374333385653,0,12,default,Test
AST-3008,2024-10-29,8,0,0.09789942765870695,0,12,default,Test
AST-3019,2024-10-29,6,0,0.10182941431011458,0,12,default,Test
AST-4055,2024-10-29,3,0,0.18239178470129042,0,12,default,Test
AST-4061,2024-10-29,4,0,0.06349349313665854,0,12,default,Test
AST-5003,2024-10-29,3,0,0.1920079353828618,0,12,default,Test
AST-5007,2024-10-29,0,0,0.07382241610265616,0,12,default,Test
AST-1041,2024-10-30,4,0,0.14323161456807137,0,12,default,Test
AST-1042,2024-10-30,9,0,0.1341694691036508,0,12,default,Test
AST-2017,2024-10-30,7,0,0.08490677606376985,0,12,default,Test
AST-2031,2024-10-30,12,1,0.2603616696652297,0,12,default,Test
AST-3008,2024-10-30,1,0,0.09752750131404361,0,12,default,Test
AST-3019,2024-10-30,9,0,0.09373831265554604,0,12,default,Test
AST-4055,2024-10-30,8,0,0.2211328542578081,0,12,default,Test
AST-4061,2024-10-30,7,0,0.11156088369663254,0,12,default,Test
AST-5003,2024-10-30,19,1,0.14434521319815222,0,12,default,Test
AST-5007,2024-10-30,10,0,0.06426391718347084,0,12,default,Test
AST-1041,2024-10-31,6,0,0.13727854915155305,0,12,default,Test
AST-1042,2024-10-31,12,1,0.1375446251197035,0,12,default,Test
AST-2017,2024-10-31,6,0,0.10632842990721873,0,12,default,Test
AST-2031,2024-10-31,0,0,0.24576698781153575,0,12,default,Test
AST-3008,2024-10-31,4,0,0.09602317868135225,0,12,default,Test
AST-3019,2024-10-31,6,0,0.08180759344510459,0,12,default,Test
AST-4055,2024-10-31,6,0,0.268201341424487,0,12,default,Test
AST-4061,2024-10-31,2,0,0.09655272429067636,0,12,default,Test
AST-5003,2024-10-31,10,0,0.14128122893391376,0,12,default,Test
AST-5007,2024-10-31,4,0,0.0793996854703254,0,12,default,Test
AST-1041,2024-11-01,6,0,0.15229089507149232,0,12,default,Test
AST-1042,2024-11-01,1,0,0.17078148839586882,0,12,default,Test
AST-2017,2024-11-01,7,0,0.09264535556273024,0,12,default,Test
AST-2031,2024-11-01,8,0,0.27296278994504086,0,12,default,Test
AST-3008,2024-11-01,8,0,0.10534728896012456,0,12,default,Test
AST-3019,2024-11-01,5,0,0.07901071919254894,0,12,default,Test
AST-4055,2024-11-01,7,0,0.19201593112676932,0,12,default,Test
AST-4061,2024-11-01,10,0,0.06191598203106022,0,12,default,Test
AST-5003,2024-11-01,3,0,0.1714608058330714,0,12,default,Test
AST-5007,2024-11-01,5,0,0.07711036268506062,0,12,default,Test
AST-1041,2024-11-02,0,0,0.09856884316879305,0,12,default,Test
AST-1042,2024-11-02,0,0,0.14516964516081673,0,12,default,Test
AST-2017,2024-11-02,0,0,0.06814299363056729,0,12,default,Test
AST-2031,2024-11-02,0,0,0.17113916186593023,0,12,default,Test
AST-3008,2024-11-02,0,0,0.040708444553648936,0,12,default,Test
AST-3019,2024-11-02,0,0,0.05889197790678983,0,12,default,Test
AST-4055,2024-11-02,0,0,0.15474697130369572,0,12,default,Test
AST-4061,2024-11-02,0,0,0.08366099282367638,0,12,default,Test
AST-5003,2024-11-02,0,0,0.08566998330623184,0,12,default,Test
AST-5007,2024-11-02,0,0,0.053507532940150204,0,12,default,Test
AST-1041,2024-11-03,0,0,0.0921551088023251,0,12,default,Test
AST-1042,2024-11-03,0,0,0.09670665966646155,0,12,default,Test
AST-2017,2024-11-03,0,0,0.06874949970681615,0,12,default,Test
AST-2031,2024-11-03,0,0,0.2152547329287103,0,12,default,Test
AST-3008,2024-11-03,0,0,0.0561020120374579,0,12,default,Test
AST-3019,2024-11-03,0,0,0.05766958415057752,0,12,default,Test
AST-4055,2024-11-03,0,0,0.11631845020971483,0,12,default,Test
AST-4061,2024-11-03,0,0,0.04562148663614211,0,12,default,Test
AST-5003,2024-11-03,0,0,0.13590362969230993,0,12,default,Test
AST-5007,2024-11-03,0,0,0.13011243564845196,0,12,default,Test
AST-1041,2024-11-04,1,0,0.16639759818911284,0,12,default,Test
AST-1042,2024-11-04,12,1,0.13523196292601444,0,12,default,Test
AST-2017,2024-11-04,9,0,0.106444250733032,0,12,default,Test
AST-2031,2024-11-04,4,0,0.3008957402309382,0,12,default,Test
AST-3008,2024-11-04,6,0,0.10642710983456308,0,12,default,Test
AST-3019,2024-11-04,0,0,0.07698029523822665,0,12,default,Test
AST-4055,2024-11-04,6,0,0.26524526934976767,0,12,default,Test
AST-4061,2024-11-04,2,0,0.0835070611992774,0,12,default,Test
AST-5003,2024-11-04,2,0,0.12719024217372016,0,12,default,Test
AST-5007,2024-11-04,10,0,0.11803205300650531,0,12,default,Test
AST-1041,2024-11-05,3,0,0.13661109983764885,0,12,default,Test
AST-1042,2024-11-05,9,0,0.1803568143694904,0,12,default,Test
AST-2017,2024-11-05,15,1,0.14000990354827947,0,12,default,Test
AST-2031,2024-11-05,11,0,0.23175896084294637,0,12,default,Test
AST-3008,2024-11-05,11,0,0.09630834553160318,0,12,default,Test
AST-3019,2024-11-05,18,1,0.12067809647088745,0,12,default,Test
AST-4055,2024-11-05,12,1,0.19482820972781384,0,12,default,Test
AST-4061,2024-11-05,16,1,0.1000491343652033,0,12,default,Test
AST-5003,2024-11-05,12,1,0.1834217838521594,0,12,default,Test
AST-5007,2024-11-05,4,0,0.07076281261483618,0,12,default,Test
AST-1041,2024-11-06,8,0,0.1695538159968786,0,12,default,Test
AST-1042,2024-11-06,4,0,0.17463631934326837,0,12,default,Test
AST-2017,2024-11-06,12,1,0.08763764449715329,0,12,default,Test
AST-2031,2024-11-06,8,0,0.3036475818159205,0,12,default,Test
AST-3008,2024-11-06,4,0,0.08712487739858987,0,12,default,Test
AST-3019,2024-11-06,2,0,0.08261204519637809,0,12,default,Test
AST-4055,2024-11-06,14,1,0.23070665799641096,0,12,default,Test
AST-4061,2024-11-06,8,0,0.09432452092291496,0,12,default,Test
AST-5003,2024-11-06,18,1,0.1548220246415895,0,12,default,Test
AST-5007,2024-11-06,6,0,0.06727026725489992,0,12,default,Test
AST-1041,2024-11-07,0,0,0.1490053453784638,0,12,default,Test
AST-1042,2024-11-07,8,0,0.1632672460544928,0,12,default,Test
AST-2017,2024-11-07,16,1,0.10892679078760131,0,12,default,Test
AST-2031,2024-11-07,8,0,0.2665841624239936,0,12,default,Test
AST-3008,2024-11-07,11,0,0.12060889171104289,0,12,default,Test
AST-3019,2024-11-07,9,0,0.09626914329161759,0,12,default,Test
AST-4055,2024-11-07,8,0,0.23159381236373267,0,12,default,Test
AST-4061,2024-11-07,6,0,0.15832161367481465,0,12,default,Test
AST-5003,2024-11-07,10,0,0.1421658342339926,0,12,default,Test
AST-5007,2024-11-07,4,0,0.1442023809602865,0,12,default,Test
AST-1041,2024-11-08,4,0,0.1458775815561325,0,12,default,Test
AST-1042,2024-11-08,5,0,0.13639429829325003,0,12,default,Test
AST-2017,2024-11-08,1,0,0.07572516996944693,0,12,default,Test
AST-2031,2024-11-08,6,0,0.2275308470695013,0,12,default,Test
AST-3008,2024-11-08,8,0,0.09066157492538937,0,12,default,Test
AST-3019,2024-11-08,4,0,0.10783862687913592,0,12,default,Test
AST-4055,2024-11-08,11,0,0.21683497079854044,0,12,default,Test
AST-4061,2024-11-08,0,0,0.07179050610979541,0,12,default,Test
AST-5003,2024-11-08,6,0,0.18218979175476932,0,12,default,Test
AST-5007,2024-11-08,4,0,0.07587436171353523,0,12,default,Test
AST-1041,2024-11-09,0,0,0.10251184771931951,0,12,default,Test
AST-1042,2024-11-09,0,0,0.08558365965826288,0,12,default,Test
AST-2017,2024-11-09,0,0,0.0794649210521293,0,12,default,Test
AST-2031,2024-11-09,0,0,0.19852458698551131,0,12,default,Test
AST-3008,2024-11-09,0,0,0.1255559978009188,0,12,default,Test
AST-3019,2024-11-09,0,0,0.05735313989103059,0,12,default,Test
AST-4055,2024-11-09,0,0,0.14456523790645723,0,12,default,Test
AST-4061,2024-11-09,0,0,0.07314804296471514,0,12,default,Test
AST-5003,2024-11-09,0,0,0.083338936310171,0,12,default,Test
AST-5007,2024-11-09,0,0,0.04296453388125432,0,12,default,Test
AST-1041,2024-11-10,0,0,0.08591883187173407,0,12,default,Test
AST-1042,2024-11-10,0,0,0.12439748172390455,0,12,default,Test
AST-2017,2024-11-10,0,0,0.06949464205921103,0,12,default,Test
AST-2031,2024-11-10,0,0,0.22554532669902422,0,12,default,Test
AST-3008,2024-11-10,0,0,0.12830338058891042,0,12,default,Test
AST-3019,2024-11-10,0,0,0.06890476588547687,0,12,default,Test
AST-4055,2024-11-10,0,0,0.13034180394950962,0,12,default,Test
AST-4061,2024-11-10,0,0,0.06788474753514806,0,12,default,Test
AST-5003,2024-11-10,0,0,0.11911404659070712,0,12,default,Test
AST-5007,2024-11-10,0,0,0.06230362287053756,0,12,default,Test
AST-1041,2024-11-11,10,0,0.1722516143326049,0,12,default,Test
AST-1042,2024-11-11,8,0,0.14535351132298788,0,12,default,Test
AST-2017,2024-11-11,7,0,0.10315983000176043,0,12,default,Test
AST-2031,2024-11-11,4,0,0.2957537373527623,0,12,default,Test
AST-3008,2024-11-11,4,0,0.10114824217937408,0,12,default,Test
AST-3019,2024-11-11,3,0,0.11886671521238425,0,12,default,Test
AST-4055,2024-11-11,8,0,0.21246487241866388,0,12,default,Test
AST-4061,2024-11-11,6,0,0.07512171840950464,0,12,default,Test
AST-5003,2024-11-11,8,0,0.242182593560341,0,12,default,Test
AST-5007,2024-11-11,7,0,0.052723466152566706,0,12,default,Test
AST-1041,2024-11-12,14,1,0.4564180439187471,0,12,default,Test
AST-1042,2024-11-12,6,0,0.10143244720465831,0,12,default,Test
AST-2017,2024-11-12,7,0,0.08949090389788882,0,12,default,Test
AST-2031,2024-11-12,10,0,0.262948998714727,0,12,default,Test
AST-3008,2024-11-12,11,0,0.10962450294913038,0,12,default,Test
AST-3019,2024-11-12,7,0,0.09217770963842578,0,12,default,Test
AST-4055,2024-11-12,13,1,0.17592434163648127,0,12,default,Test
AST-4061,2024-11-12,16,1,0.09097955624288194,0,12,default,Test
AST-5003,2024-11-12,9,0,0.16547504014270029,0,12,default,Test
AST-5007,2024-11-12,5,0,0.2251455803293635,0,12,default,Test
AST-1041,2024-11-13,10,0,0.17020278616424614,0,12,default,Test
AST-1042,2024-11-13,7,0,0.14929584733177373,0,12,default,Test
AST-2017,2024-11-13,2,0,0.13320179967549187,0,12,default,Test
AST-2031,2024-11-13,4,0,0.2990066537253433,0,12,default,Test
AST-3008,2024-11-13,10,0,0.08589856863799765,0,12,default,Test
AST-3019,2024-11-13,7,0,0.29909128015367725,0,12,default,Test
AST-4055,2024-11-13,1,0,0.2166688137779085,0,12,default,Test
AST-4061,2024-11-13,13,1,0.07424771376427503,0,12,default,Test
AST-5003,2024-11-13,9,0,0.17834275635405014,0,12,default,Test
AST-5007,2024-11-13,0,0,0.08339587093182108,0,12,default,Test
AST-1041,2024-11-14,5,0,0.20443954430674155,0,12,default,Test
AST-1042,2024-11-14,3,0,0.18102310755082304,0,12,default,Test
AST-2017,2024-11-14,5,0,0.12777869717149865,0,12,default,Test
AST-2031,2024-11-14,8,0,0.2737441109245824,0,12,default,Test
AST-3008,2024-11-14,3,0,0.07750576345157066,0,12,default,Test
AST-3019,2024-11-14,11,0,0.1268475129199219,0,12,default,Test
AST-4055,2024-11-14,2,0,0.22960443916193732,0,12,default,Test
AST-4061,2024-11-14,2,0,0.09414127912362666,0,12,default,Test
AST-5003,2024-11-14,9,0,0.1870531455377736,0,12,default,Test
AST-5007,2024-11-14,9,0,0.08158768517710696,0,12,default,Test
AST-1041,2024-11-15,2,0,0.16679069724708684,0,12,default,Test
AST-1042,2024-11-15,5,0,0.15975173227284326,0,12,default,Test
AST-2017,2024-11-15,5,0,0.10786529914556912,0,12,default,Test
AST-2031,2024-11-15,6,0,0.3061417602987163,0,12,default,Test
AST-3008,2024-11-15,11,0,0.1200774731131702,0,12,default,Test
AST-3019,2024-11-15,2,0,0.08893391835102739,0,12,default,Test
AST-4055,2024-11-15,14,1,0.23733398912043974,0,12,default,Test
AST-4061,2024-11-15,8,0,0.09107927068818962,0,12,default,Test
AST-5003,2024-11-15,10,0,0.128819475366992,0,12,default,Test
AST-5007,2024-11-15,7,0,0.09883038550932277,0,12,default,Test
AST-1041,2024-11-16,0,0,0.11695245686730028,0,12,default,Test
AST-1042,2024-11-16,0,0,0.2081193162481236,0,12,default,Test
AST-2017,2024-11-16,0,0,0.09435201343780587,0,12,default,Test
AST-2031,2024-11-16,0,0,0.2568688080249542,0,12,default,Test
AST-3008,2024-11-16,0,0,0.06105152526776502,0,12,default,Test
AST-3019,2024-11-16,0,0,0.06186880012241885,0,12,default,Test
AST-4055,2024-11-16,0,0,0.2089199946440663,0,12,default,Test
AST-4061,2024-11-16,0,0,0.06362620616406664,0,12,default,Test
AST-5003,2024-11-16,0,0,0.09369451851891457,0,12,default,Test
AST-5007,2024-11-16,0,0,0.04361152927042938,0,12,default,Test
AST-1041,2024-11-17,0,0,0.07057097395359554,0,12,default,Test
AST-1042,2024-11-17,0,0,0.09754336085815199,0,12,default,Test
AST-2017,2024-11-17,0,0,0.0592457006755457,0,12,default,Test
AST-2031,2024-11-17,0,0,0.19024937673879744,0,12,default,Test
AST-3008,2024-11-17,0,0,0.1241325203063887,0,12,default,Test
AST-3019,2024-11-17,0,0,0.0680899536145622,0,12,default,Test
AST-4055,2024-11-17,0,0,0.15159319543620547,0,12,default,Test
AST-4061,2024-11-17,0,0,0.03785426052679354,0,12,default,Test
AST-5003,2024-11-17,0,0,0.08766845628252913,0,12,default,Test
AST-5007,2024-11-17,0,0,0.04985803535321985,0,12,default,Test
AST-1041,2024-11-18,9,0,0.14134374877678513,0,12,default,Test
AST-1042,2024-11-18,9,0,0.14065763851392252,0,12,default,Test
AST-2017,2024-11-18,8,0,0.09691718064584619,0,12,default,Test
AST-2031,2024-11-18,7,0,0.2621617038040214,0,12,default,Test
AST-3008,2024-11-18,4,0,0.12103560058796957,0,12,default,Test
AST-3019,2024-11-18,6,0,0.09102087399325182,0,12,default,Test
AST-4055,2024-11-18,21,1,0.22363523028468943,0,12,default,Test
AST-4061,2024-11-18,5,0,0.09900613012182127,0,12,default,Test
AST-5003,2024-11-18,5,0,0.13486035094429114,0,12,default,Test
AST-5007,2024-11-18,7,0,0.05836830546691506,0,12,default,Test
AST-1041,2024-11-19,10,0,0.15229326512810676,0,12,default,Test
AST-1042,2024-11-19,11,0,0.16145038186125918,0,12,default,Test
AST-2017,2024-11-19,5,0,0.09625920593876215,0,12,default,Test
AST-2031,2024-11-19,10,0,0.2690665779440747,0,12,default,Test
AST-3008,2024-11-19,11,0,0.15500125586693073,0,12,default,Test
AST-3019,2024-11-19,2,0,0.09378344326554525,0,12,default,Test
AST-4055,2024-11-19,11,0,0.2510732887292477,0,12,default,Test
AST-4061,2024-11-19,4,0,0.1057405406215973,0,12,default,Test
AST-5003,2024-11-19,10,0,0.16577117432350233,0,12,default,Test
AST-5007,2024-11-19,1,0,0.05837561185903629,0,12,default,Test
AST-1041,2024-11-20,12,1,0.13686382400278096,0,12,default,Test
AST-1042,2024-11-20,4,0,0.1597706445229568,0,12,default,Test
AST-2017,2024-11-20,6,0,0.08594345999823415,0,12,default,Test
AST-2031,2024-11-20,8,0,0.29359964012991757,0,12,default,Test
AST-3008,2024-11-20,8,0,0.21156615373524476,0,12,default,Test
AST-3019,2024-11-20,0,0,0.10580753293935229,0,12,default,Test
AST-4055,2024-11-20,3,0,0.2501689940056935,0,12,default,Test
AST-4061,2024-11-20,11,0,0.09224050769676115,0,12,default,Test
AST-5003,2024-11-20,20,1,0.19612409806236458,0,12,default,Test
AST-5007,2024-11-20,0,0,0.0742538994240923,0,12,default,Test
AST-1041,2024-11-21,6,0,0.1872468140314256,0,12,default,Test
AST-1042,2024-11-21,6,0,0.1487331016237849,0,12,default,Test
AST-2017,2024-11-21,9,0,0.09222042136103539,0,12,default,Test
AST-2031,2024-11-21,17,1,0.2635326126930053,0,12,default,Test
AST-3008,2024-11-21,4,0,0.07112833065765586,0,12,default,Test
AST-3019,2024-11-21,6,0,0.09130677492310008,0,12,default,Test
AST-4055,2024-11-21,8,0,0.2130958502428336,0,12,default,Test
AST-4061,2024-11-21,4,0,0.07035617195267868,0,12,default,Test
AST-5003,2024-11-21,12,1,0.13390934195766885,0,12,default,Test
AST-5007,2024-11-21,6,0,0.07314585909094956,0,12,default,Test
AST-1041,2024-11-22,12,1,0.1508299254197774,0,12,default,Test
AST-1042,2024-11-22,6,0,0.17812148762176808,0,12,default,Test
AST-2017,2024-11-22,7,0,0.09330439106929102,0,12,default,Test
AST-2031,2024-11-22,0,0,0.27374186391177635,0,12,default,Test
AST-3008,2024-11-22,2,0,0.102246522980273,0,12,default,Test
AST-3019,2024-11-22,4,0,0.11245989537840455,0,12,default,Test
AST-4055,2024-11-22,9,0,0.2151133182058548,0,12,default,Test
AST-4061,2024-11-22,6,0,0.10951171051103845,0,12,default,Test
AST-5003,2024-11-22,15,1,0.18878035395661594,0,12,default,Test
AST-5007,2024-11-22,2,0,0.06091947785073138,0,12,default,Test
AST-1041,2024-11-23,0,0,0.11172901527745205,0,12,default,Test
AST-1042,2024-11-23,0,0,0.11481874224197729,0,12,default,Test
AST-2017,2024-11-23,0,0,0.05805841168866841,0,12,default,Test
AST-2031,2024-11-23,0,0,0.16003011992588626,0,12,default,Test
AST-3008,2024-11-23,0,0,0.07713032679885393,0,12,default,Test
AST-3019,2024-11-23,0,0,0.06639683532046452,0,12,default,Test
AST-4055,2024-11-23,0,0,0.1774649590174614,0,12,default,Test
AST-4061,2024-11-23,0,0,0.045410962772332156,0,12,default,Test
AST-5003,2024-11-23,0,0,0.09557499785618019,0,12,default,Test
AST-5007,2024-11-23,0,0,0.04205414179631981,0,12,default,Test
AST-1041,2024-11-24,0,0,0.105342592020503,0,12,default,Test
AST-1042,2024-11-24,0,0,0.10296048184255499,0,12,default,Test
AST-2017,2024-11-24,0,0,0.06853526532482838,0,12,default,Test
AST-2031,2024-11-24,0,0,0.2394798336155213,0,12,default,Test
AST-3008,2024-11-24,0,0,0.08448075293753157,0,12,default,Test
AST-3019,2024-11-24,0,0,0.08385466089259401,0,12,default,Test
AST-4055,2024-11-24,0,0,0.11211211665509466,0,12,default,Test
AST-4061,2024-11-24,0,0,0.04850487919041274,0,12,default,Test
AST-5003,2024-11-24,0,0,0.0869131245639438,0,12,default,Test
AST-5007,2024-11-24,0,0,0.05864287113076142,0,12,default,Test
AST-1041,2024-11-25,4,0,0.14394968861553512,0,12,default,Test
AST-1042,2024-11-25,6,0,0.16437335808188336,0,12,default,Test
AST-2017,2024-11-25,5,0,0.11773885488961292,0,12,default,Test
AST-2031,2024-11-25,8,0,0.29849884381185826,0,12,default,Test
AST-3008,2024-11-25,3,0,0.0970068625766706,0,12,default,Test
AST-3019,2024-11-25,8,0,0.12739264840758766,0,12,default,Test
AST-4055,2024-11-25,7,0,0.23809644566616586,0,12,default,Test
AST-4061,2024-11-25,4,0,0.063630159019032,0,12,default,Test
AST-5003,2024-11-25,9,0,0.1605772188217543,0,12,default,Test
AST-5007,2024-11-25,6,0,0.07933896165879543,0,12,default,Test
AST-1041,2024-11-26,2,0,0.17313868093380747,0,12,default,Test
AST-1042,2024-11-26,4,0,0.15157444670708095,0,12,default,Test
AST-2017,2024-11-26,4,0,0.10387427654955451,0,12,default,Test
AST-2031,2024-11-26,8,0,0.2552220553391136,0,12,default,Test
AST-3008,2024-11-26,5,0,0.10972650047539291,0,12,default,Test
AST-3019,2024-11-26,5,0,0.09558527985449548,0,12,default,Test
AST-4055,2024-11-26,15,1,0.18475201355812282,0,12,default,Test
AST-4061,2024-11-26,3,0,0.09189641838015505,0,12,default,Test
AST-5003,2024-11-26,9,0,0.19930317545650889,0,12,default,Test
AST-5007,2024-11-26,10,0,0.07610943145026831,0,12,default,Test
AST-1041,2024-11-27,6,0,0.16836344007975756,0,12,default,Test
AST-1042,2024-11-27,4,0,0.1752593558340551,0,12,default,Test
AST-2017,2024-11-27,11,0,0.11848055860996401,0,12,default,Test
AST-2031,2024-11-27,15,1,0.24823032300066566,0,12,default,Test
AST-3008,2024-11-27,5,0,0.11389460501927573,0,12,default,Test
AST-3019,2024-11-27,6,0,0.10472178752497495,0,12,default,Test
AST-4055,2024-11-27,2,0,0.20896615672272273,0,12,default,Test
AST-4061,2024-11-27,6,0,0.07195970206669343,0,12,default,Test
AST-5003,2024-11-27,15,1,0.1291148426728953,0,12,default,Test
AST-5007,2024-11-27,10,0,0.06661694545250758,0,12,default,Test
AST-1041,2024-11-28,11,0,0.21596857107894835,0,12,default,Test
AST-1042,2024-11-28,8,0,0.18056728708522726,0,12,default,Test
AST-2017,2024-11-28,11,0,0.11248333657320057,0,12,default,Test
AST-2031,2024-11-28,9,0,0.2623989542460453,0,12,default,Test
AST-3008,2024-11-28,4,0,0.09265566821586099,0,12,default,Test
AST-3019,2024-11-28,6,0,0.11453473615759326,0,12,default,Test
AST-4055,2024-11-28,8,0,0.22971297259895795,0,12,default,Test
AST-4061,2024-11-28,6,0,0.06512695364706794,0,12,default,Test
AST-5003,2024-11-28,12,1,0.1655465761532581,0,12,default,Test
AST-5007,2024-11-28,9,0,0.07522712468733579,0,12,default,Test
AST-1041,2024-11-29,8,0,0.12872329029023385,0,12,default,Test
AST-1042,2024-11-29,2,0,0.1591795751275389,0,12,default,Test
AST-2017,2024-11-29,8,0,0.10983565766748707,0,12,default,Test
AST-2031,2024-11-29,10,0,0.28515794759669577,0,12,default,Test
AST-3008,2024-11-29,0,0,0.09678822657228892,0,12,default,Test
AST-3019,2024-11-29,6,0,0.09291823225374196,0,12,default,Test
AST-4055,2024-11-29,13,1,0.22129870771305052,0,12,default,Test
AST-4061,2024-11-29,6,0,0.10001096821520243,0,12,default,Test
AST-5003,2024-11-29,11,0,0.1967038605413683,0,12,default,Test
AST-5007,2024-11-29,0,0,0.1015524810697974,0,12,default,Test
AST-1041,2024-11-30,0,0,0.07917697439838968,0,12,default,Test
AST-1042,2024-11-30,0,0,0.15702830780972651,0,12,default,Test
AST-2017,2024-11-30,0,0,0.06757712022383225,0,12,default,Test
AST-2031,2024-11-30,0,0,0.22477677676505955,0,12,default,Test
AST-3008,2024-11-30,0,0,0.04937943514352747,0,12,default,Test
AST-3019,2024-11-30,0,0,0.08758144455332668,0,12,default,Test
AST-4055,2024-11-30,0,0,0.15664075751436782,0,12,default,Test
AST-4061,2024-11-30,0,0,0.04558340405276197,0,12,default,Test
AST-5003,2024-11-30,0,0,0.11435621237746366,0,12,default,Test
AST-5007,2024-11-30,0,0,0.06544439105247611,0,12,default,Test
AST-1041,2024-12-01,0,0,0.08225701563427172,0,12,default,Test
AST-1042,2024-12-01,0,0,0.10877691777263149,0,12,default,Test
AST-2017,2024-12-01,0,0,0.07901716660163825,0,12,default,Test
AST-2031,2024-12-01,0,0,0.2679338353935852,0,12,default,Test
AST-3008,2024-12-01,0,0,0.04863887953927582,0,12,default,Test
AST-3019,2024-12-01,0,0,0.0561283712881866,0,12,default,Test
AST-4055,2024-12-01,0,0,0.14977192374855283,0,12,default,Test
AST-4061,2024-12-01,0,0,0.06009667591495834,0,12,default,Test
AST-5003,2024-12-01,0,0,0.08462949060418498,0,12,default,Test
AST-5007,2024-12-01,0,0,0.06342860239458768,0,12,default,Test
AST-1041,2024-12-02,7,0,0.15338132744277952,0,12,default,Test
AST-1042,2024-12-02,12,1,0.14903315607500173,0,12,default,Test
AST-2017,2024-12-02,11,0,0.11806036666904823,0,12,default,Test
AST-2031,2024-12-02,2,0,0.28465238301538387,0,12,default,Test
AST-3008,2024-12-02,12,1,0.11073398862893609,0,12,default,Test
AST-3019,2024-12-02,4,0,0.09278142797406944,0,12,default,Test
AST-4055,2024-12-02,7,0,0.23601645205453564,0,12,default,Test
AST-4061,2024-12-02,9,0,0.09743214800288842,0,12,default,Test
AST-5003,2024-12-02,6,0,0.17742064625389148,0,12,default,Test
AST-5007,2024-12-02,5,0,0.09591660745304273,0,12,default,Test
AST-1041,2024-12-03,7,0,0.17332089590297456,0,12,default,Test
AST-1042,2024-12-03,4,0,0.1319352909096112,0,12,default,Test
AST-2017,2024-12-03,10,0,0.11375230119987123,0,12,default,Test
AST-2031,2024-12-03,4,0,0.2696105363609618,0,12,default,Test
AST-3008,2024-12-03,2,0,0.10827840326855578,0,12,default,Test
AST-3019,2024-12-03,0,0,0.10208117312256944,0,12,default,Test
AST-4055,2024-12-03,13,1,0.1783432552283112,0,12,default,Test
AST-4061,2024-12-03,12,1,0.09066872203576533,0,12,default,Test
AST-5003,2024-12-03,9,0,0.17079412874434938,0,12,default,Test
AST-5007,2024-12-03,3,0,0.0745460278362258,0,12,default,Test
AST-1041,2024-12-04,4,0,0.18057964467703905,0,12,default,Test
AST-1042,2024-12-04,8,0,0.19053384931567335,0,12,default,Test
AST-2017,2024-12-04,17,1,0.12119537850482667,0,12,default,Test
AST-2031,2024-12-04,10,0,0.32395888280849316,0,12,default,Test
AST-3008,2024-12-04,4,0,0.0909646073118422,0,12,default,Test
AST-3019,2024-12-04,6,0,0.09840836506375132,0,12,default,Test
AST-4055,2024-12-04,10,0,0.18071630953643894,0,12,default,Test
AST-4061,2024-12-04,4,0,0.094531768104308,0,12,default,Test
AST-5003,2024-12-04,8,0,0.17059191360367956,0,12,default,Test
AST-5007,2024-12-04,12,1,0.0739410558541824,0,12,default,Test
AST-1041,2024-12-05,5,0,0.1573646288522124,0,12,default,Test
AST-1042,2024-12-05,4,0,0.16279661893914224,0,12,default,Test
AST-2017,2024-12-05,5,0,0.11015772611485176,0,12,default,Test
AST-2031,2024-12-05,7,0,0.34989506735114567,0,12,default,Test
AST-3008,2024-12-05,9,0,0.1125703279322264,0,12,default,Test
AST-3019,2024-12-05,18,1,0.1014206642756386,0,12,default,Test
AST-4055,2024-12-05,6,0,0.2061755513306767,0,12,default,Test
AST-4061,2024-12-05,10,0,0.0947636597762875,0,12,default,Test
AST-5003,2024-12-05,8,0,0.16895813685146543,0,12,default,Test
AST-5007,2024-12-05,9,0,0.07274531749958683,0,12,default,Test
AST-1041,2024-12-06,6,0,0.17653323290458628,0,12,default,Test
AST-1042,2024-12-06,10,0,0.12860868281719295,0,12,default,Test
AST-2017,2024-12-06,15,1,0.151718937952083,0,12,default,Test
AST-2031,2024-12-06,6,0,0.2658588603037267,0,12,default,Test
AST-3008,2024-12-06,4,0,0.10373162504722995,0,12,default,Test
AST-3019,2024-12-06,2,0,0.08019481749232862,0,12,default,Test
AST-4055,2024-12-06,5,0,0.22350075884249204,0,12,default,Test
AST-4061,2024-12-06,4,0,0.07833095429953167,0,12,default,Test
AST-5003,2024-12-06,9,0,0.13180758473897408,0,12,default,Test
AST-5007,2024-12-06,0,0,0.07473623800835075,0,12,default,Test
AST-1041,2024-12-07,0,0,0.11267406177495604,0,12,default,Test
AST-1042,2024-12-07,0,0,0.10133534046201012,0,12,default,Test
AST-2017,2024-12-07,0,0,0.07859003831033833,0,12,default,Test
AST-2031,2024-12-07,0,0,0.20358445352682022,0,12,default,Test
AST-3008,2024-12-07,0,0,0.059121854179656416,0,12,default,Test
AST-3019,2024-12-07,0,0,0.07075297128265978,0,12,default,Test
AST-4055,2024-12-07,0,0,0.1762555928217877,0,12,default,Test
AST-4061,2024-12-07,0,0,0.19041753574818313,0,12,default,Test
AST-5003,2024-12-07,0,0,0.11727470412172035,0,12,default,Test
AST-5007,2024-12-07,0,0,0.061791845345722005,0,12,default,Test
AST-1041,2024-12-08,0,0,0.10258758848772041,0,12,default,Test
AST-1042,2024-12-08,0,0,0.13634096605304535,0,12,default,Test
AST-2017,2024-12-08,0,0,0.06689148168137428,0,12,default,Test
AST-2031,2024-12-08,0,0,0.20244382718122927,0,12,default,Test
AST-3008,2024-12-08,0,0,0.05250713318234728,0,12,default,Test
AST-3019,2024-12-08,0,0,0.05299671412884521,0,12,default,Test
AST-4055,2024-12-08,0,0,0.2457740730773039,0,12,default,Test
AST-4061,2024-12-08,0,0,0.06383518041527814,0,12,default,Test
AST-5003,2024-12-08,0,0,0.09921863554497685,0,12,default,Test
AST-5007,2024-12-08,0,0,0.058437727947210666,0,12,default,Test
AST-1041,2024-12-09,4,0,0.19512784532578142,0,12,default,Test
AST-1042,2024-12-09,7,0,0.1878175737196951,0,12,default,Test
AST-2017,2024-12-09,4,0,0.09664213663341378,0,12,default,Test
AST-2031,2024-12-09,3,0,0.2704829529705694,0,12,default,Test
AST-3008,2024-12-09,4,0,0.1178756316775033,0,12,default,Test
AST-3019,2024-12-09,2,0,0.22906493585826693,0,12,default,Test
AST-4055,2024-12-09,3,0,0.23395030238149087,0,12,default,Test
AST-4061,2024-12-09,24,1,0.08373407833651333,0,12,default,Test
AST-5003,2024-12-09,12,1,0.16225410932670248,0,12,default,Test
AST-5007,2024-12-09,12,1,0.09319058685708698,0,12,default,Test
AST-1041,2024-12-10,4,0,0.16666165071900527,0,12,default,Test
AST-1042,2024-12-10,24,1,0.20311948748278244,0,12,default,Test
AST-2017,2024-12-10,18,1,0.11793774063462246,0,12,default,Test
AST-2031,2024-12-10,7,0,0.25170829740299183,0,12,default,Test
AST-3008,2024-12-10,10,0,0.0869958467720243,0,12,default,Test
AST-3019,2024-12-10,3,0,0.24060548776608012,0,12,default,Test
AST-4055,2024-12-10,20,1,0.18008227545729644,0,12,default,Test
AST-4061,2024-12-10,8,0,0.08262376353149094,0,12,default,Test
AST-5003,2024-12-10,6,0,0.11991096897984208,0,12,default,Test
AST-5007,2024-12-10,2,0,0.07203190002654254,0,12,default,Test
AST-1041,2024-12-11,6,0,0.14784069206062853,0,12,default,Test
AST-1042,2024-12-11,0,0,0.14808341910784012,0,12,default,Test
AST-2017,2024-12-11,13,1,0.08855006859438226,0,12,default,Test
AST-2031,2024-12-11,8,0,0.26298276161071055,0,12,default,Test
AST-3008,2024-12-11,9,0,0.09359573830341537,0,12,default,Test
AST-3019,2024-12-11,16,1,0.09508845695014471,0,12,default,Test
AST-4055,2024-12-11,3,0,0.22330251877969567,0,12,default,Test
AST-4061,2024-12-11,3,0,0.1153758418601248,0,12,default,Test
AST-5003,2024-12-11,3,0,0.11099809030033159,0,12,default,Test
AST-5007,2024-12-11,3,0,0.08094976564707357,0,12,default,Test
AST-1041,2024-12-12,12,1,0.17872331689804052,0,12,default,Test
AST-1042,2024-12-12,14,1,0.19121419127794714,0,12,default,Test
AST-2017,2024-12-12,11,0,0.10507410135074778,0,12,default,Test
AST-2031,2024-12-12,4,0,0.29811584493551196,0,12,default,Test
AST-3008,2024-12-12,10,0,0.12286609306631883,0,12,default,Test
AST-3019,2024-12-12,6,0,0.10013111845119566,0,12,default,Test
AST-4055,2024-12-12,10,0,0.19786767103090677,0,12,default,Test
AST-4061,2024-12-12,18,1,0.10821515456800014,0,12,default,Test
AST-5003,2024-12-12,10,0,0.13437877797705716,0,12,default,Test
AST-5007,2024-12-12,2,0,0.08194338396860691,0,12,default,Test
AST-1041,2024-12-13,1,0,0.1569016924188176,0,12,default,Test
AST-1042,2024-12-13,10,0,0.21856278495314627,0,12,default,Test
AST-2017,2024-12-13,11,0,0.10054504226087387,0,12,default,Test
AST-2031,2024-12-13,4,0,0.2369060143375113,0,12,default,Test
AST-3008,2024-12-13,7,0,0.10935991806763126,0,12,default,Test
AST-3019,2024-12-13,8,0,0.09325100168682077,0,12,default,Test
AST-4055,2024-12-13,12,1,0.2152729733633888,0,12,default,Test
AST-4061,2024-12-13,4,0,0.07871462281324919,0,12,default,Test
AST-5003,2024-12-13,9,0,0.15141308948834256,0,12,default,Test
AST-5007,2024-12-13,2,0,0.0983167164967816,0,12,default,Test
AST-1041,2024-12-14,0,0,0.08413701335896945,0,12,default,Test
AST-1042,2024-12-14,0,0,0.0943493154876529,0,12,default,Test
AST-2017,2024-12-14,0,0,0.07164491292911704,0,12,default,Test
AST-2031,2024-12-14,0,0,0.18605937059760905,0,12,default,Test
AST-3008,2024-12-14,0,0,0.0629388549186042,0,12,default,Test
AST-3019,2024-12-14,0,0,0.058588051059584444,0,12,default,Test
AST-4055,2024-12-14,0,0,0.1445611126522617,0,12,default,Test
AST-4061,2024-12-14,0,0,0.06573995440524204,0,12,default,Test
AST-5003,2024-12-14,0,0,0.13040339034760803,0,12,default,Test
AST-5007,2024-12-14,0,0,0.033566675061621795,0,12,default,Test
AST-1041,2024-12-15,0,0,0.12077331564645745,0,12,default,Test
AST-1042,2024-12-15,0,0,0.10555520875119048,0,12,default,Test
AST-2017,2024-12-15,0,0,0.0705284297035616,0,12,default,Test
AST-2031,2024-12-15,0,0,0.23748911773973433,0,12,default,Test
AST-3008,2024-12-15,0,0,0.05860579858487809,0,12,default,Test
AST-3019,2024-12-15,0,0,0.061205163961696736,0,12,default,Test
AST-4055,2024-12-15,0,0,0.13608209114374023,0,12,default,Test
AST-4061,2024-12-15,0,0,0.05451708152500887,0,12,default,Test
AST-5003,2024-12-15,0,0,0.08849404598480767,0,12,default,Test
AST-5007,2024-12-15,0,0,0.057731689140949276,0,12,default,Test
AST-1041,2024-12-16,10,0,0.11970449342951993,0,12,default,Test
AST-1042,2024-12-16,6,0,0.13923953281654466,0,12,default,Test
AST-2017,2024-12-16,6,0,0.09074317765364483,0,12,default,Test
AST-2031,2024-12-16,6,0,0.29488827797605344,0,12,default,Test
AST-3008,2024-12-16,12,1,0.11265674647857511,0,12,default,Test
AST-3019,2024-12-16,11,0,0.08863537557363434,0,12,default,Test
AST-4055,2024-12-16,10,0,0.25445947288611115,0,12,default,Test
AST-4061,2024-12-16,0,0,0.1032470630070028,0,12,default,Test
AST-5003,2024-12-16,1,0,0.19494857503960558,0,12,default,Test
AST-5007,2024-12-16,6,0,0.07792444549271416,0,12,default,Test
AST-1041,2024-12-17,4,0,0.16439902857671787,0,12,default,Test
AST-1042,2024-12-17,4,0,0.16570664322310713,0,12,default,Test
AST-2017,2024-12-17,15,1,0.09269962764654423,0,12,default,Test
AST-2031,2024-12-17,12,1,0.2848718238993104,0,12,default,Test
AST-3008,2024-12-17,4,0,0.10136102569719847,0,12,default,Test
AST-3019,2024-12-17,7,0,0.11921109465255343,0,12,default,Test
AST-4055,2024-12-17,10,0,0.27817491767236424,0,12,default,Test
AST-4061,2024-12-17,8,0,0.09386493751890954,0,12,default,Test
AST-5003,2024-12-17,0,0,0.17997562667229378,0,12,default,Test
AST-5007,2024-12-17,4,0,0.0709551681750904,0,12,default,Test
AST-1041,2024-12-18,5,0,0.13710792888826864,0,12,default,Test
AST-1042,2024-12-18,6,0,0.1723951355709335,0,12,default,Test
AST-2017,2024-12-18,16,1,0.12928752795103876,0,12,default,Test
AST-2031,2024-12-18,10,0,0.2969979010168027,0,12,default,Test
AST-3008,2024-12-18,6,0,0.29432601504592587,0,12,default,Test
AST-3019,2024-12-18,8,0,0.10946378289719655,0,12,default,Test
AST-4055,2024-12-18,9,0,0.21023856695166618,0,12,default,Test
AST-4061,2024-12-18,10,0,0.09456579146012978,0,12,default,Test
AST-5003,2024-12-18,4,0,0.1270105720341139,0,12,default,Test
AST-5007,2024-12-18,2,0,0.07482776389943496,0,12,default,Test
AST-1041,2024-12-19,6,0,0.1626744852912702,0,12,default,Test
AST-1042,2024-12-19,10,0,0.17667991998095303,0,12,default,Test
AST-2017,2024-12-19,3,0,0.13645984227523308,0,12,default,Test
AST-2031,2024-12-19,0,0,0.2556287743396794,0,12,default,Test
AST-3008,2024-12-19,9,0,0.22564055934964483,0,12,default,Test
AST-3019,2024-12-19,8,0,0.0869756359621634,0,12,default,Test
AST-4055,2024-12-19,11,0,0.23787698343507982,0,12,default,Test
AST-4061,2024-12-19,7,0,0.107000665310301,0,12,default,Test
AST-5003,2024-12-19,10,0,0.17354941034894003,0,12,default,Test
AST-5007,2024-12-19,16,1,0.06307942896194736,0,12,default,Test
AST-1041,2024-12-20,4,0,0.16991452046437447,0,12,default,Test
AST-1042,2024-12-20,4,0,0.16199734593154125,0,12,default,Test
AST-2017,2024-12-20,8,0,0.11357259575527857,0,12,default,Test
AST-2031,2024-12-20,14,1,0.1772779479567137,0,12,default,Test
AST-3008,2024-12-20,6,0,0.29624272014015596,0,12,default,Test
AST-3019,2024-12-20,6,0,0.09889493299064529,0,12,default,Test
AST-4055,2024-12-20,10,0,0.21383775167311106,0,12,default,Test
AST-4061,2024-12-20,6,0,0.10551990797727535,0,12,default,Test
AST-5003,2024-12-20,10,0,0.1529807147923845,0,12,default,Test
AST-5007,2024-12-20,6,0,0.09204494445246779,0,12,default,Test
AST-1041,2024-12-21,0,0,0.0798702107508553,0,12,default,Test
AST-1042,2024-12-21,0,0,0.10190967971042261,0,12,default,Test
AST-2017,2024-12-21,0,0,0.07147579865599943,0,12,default,Test
AST-2031,2024-12-21,0,0,0.1739573326160328,0,12,default,Test
AST-3008,2024-12-21,0,0,0.058574369474830724,0,12,default,Test
AST-3019,2024-12-21,0,0,0.06344619098495821,0,12,default,Test
AST-4055,2024-12-21,0,0,0.15048124796222728,0,12,default,Test
AST-4061,2024-12-21,0,0,0.05398538280930777,0,12,default,Test
AST-5003,2024-12-21,0,0,0.09237349028068435,0,12,default,Test
AST-5007,2024-12-21,0,0,0.061922928589561624,0,12,default,Test
AST-1041,2024-12-22,0,0,0.08512509686666174,0,12,default,Test
AST-1042,2024-12-22,0,0,0.10784249410505556,0,12,default,Test
AST-2017,2024-12-22,0,0,0.08066189424870064,0,12,default,Test
AST-2031,2024-12-22,0,0,0.22836105062768575,0,12,default,Test
AST-3008,2024-12-22,0,0,0.060322712546263674,0,12,default,Test
AST-3019,2024-12-22,0,0,0.06641758940184932,0,12,default,Test
AST-4055,2024-12-22,0,0,0.20264891250801018,0,12,default,Test
AST-4061,2024-12-22,0,0,0.05705405077752997,0,12,default,Test
AST-5003,2024-12-22,0,0,0.10227407066091294,0,12,default,Test
AST-5007,2024-12-22,0,0,0.05090693792677782,0,12,default,Test
AST-1041,2024-12-23,6,0,0.16871819143004937,0,12,default,Test
AST-1042,2024-12-23,2,0,0.13904306107077938,0,12,default,Test
AST-2017,2024-12-23,17,1,0.26042647475631037,0,12,default,Test
AST-2031,2024-12-23,3,0,0.2545010939614748,0,12,default,Test
AST-3008,2024-12-23,4,0,0.10284698845767798,0,12,default,Test
AST-3019,2024-12-23,7,0,0.11786998910849801,0,12,default,Test
AST-4055,2024-12-23,6,0,0.21290805238160157,0,12,default,Test
AST-4061,2024-12-23,12,1,0.08785886085356848,0,12,default,Test
AST-5003,2024-12-23,11,0,0.14663124952068804,0,12,default,Test
AST-5007,2024-12-23,2,0,0.08454793155564659,0,12,default,Test
AST-1041,2024-12-24,18,1,0.21863828249929532,0,12,default,Test
AST-1042,2024-12-24,6,0,0.1600668697856547,0,12,default,Test
AST-2017,2024-12-24,10,0,0.0971836129551688,0,12,default,Test
AST-2031,2024-12-24,2,0,0.31788862076719754,0,12,default,Test
AST-3008,2024-12-24,6,0,0.10416650653979594,0,12,default,Test
AST-3019,2024-12-24,4,0,0.08868669126753448,0,12,default,Test
AST-4055,2024-12-24,14,1,0.2263533178099477,0,12,default,Test
AST-4061,2024-12-24,5,0,0.07511848127165513,0,12,default,Test
AST-5003,2024-12-24,2,0,0.10859951240165593,0,12,default,Test
AST-5007,2024-12-24,12,1,0.10271837538296011,0,12,default,Test
AST-1041,2024-12-25,4,0,0.19712652841661396,0,12,default,Test
AST-1042,2024-12-25,4,0,0.13499570969124397,0,12,default,Test
AST-2017,2024-12-25,12,1,0.10080221326775889,0,12,default,Test
AST-2031,2024-12-25,15,1,0.3084878984538335,0,12,default,Test
AST-3008,2024-12-25,8,0,0.11364800009222835,0,12,default,Test
AST-3019,2024-12-25,12,1,0.09661574486327938,0,12,default,Test
AST-4055,2024-12-25,10,0,0.2336688223072814,0,12,default,Test
AST-4061,2024-12-25,1,0,0.08787586214246935,0,12,default,Test
AST-5003,2024-12-25,11,0,0.13149791550181256,0,12,default,Test
AST-5007,2024-12-25,10,0,0.07057295820288675,0,12,default,Test
AST-1041,2024-12-26,2,0,0.15884023217713011,0,12,default,Test
AST-1042,2024-12-26,4,0,0.16572686705418876,0,12,default,Test
AST-2017,2024-12-26,19,1,0.10565622154103549,0,12,default,Test
AST-2031,2024-12-26,8,0,0.2714547364093332,0,12,default,Test
AST-3008,2024-12-26,2,0,0.09363715274077303,0,12,default,Test
AST-3019,2024-12-26,0,0,0.11002463719542675,0,12,default,Test
AST-4055,2024-12-26,14,1,0.27237324373124255,0,12,default,Test
AST-4061,2024-12-26,6,0,0.1110994374508851,0,12,default,Test
AST-5003,2024-12-26,1,0,0.13848203313118354,0,12,default,Test
AST-5007,2024-12-26,7,0,0.0778452663349384,0,12,default,Test
AST-1041,2024-12-27,7,0,0.1542114231242639,0,12,default,Test
AST-1042,2024-12-27,8,0,0.16787133156826586,0,12,default,Test
AST-2017,2024-12-27,11,0,0.09012435681809,0,12,default,Test
AST-2031,2024-12-27,8,0,0.2688850000911348,0,12,default,Test
AST-3008,2024-12-27,3,0,0.09388535790370002,0,12,default,Test
AST-3019,2024-12-27,8,0,0.07672136767723474,0,12,default,Test
AST-4055,2024-12-27,12,1,0.21635311164908813,0,12,default,Test
AST-4061,2024-12-27,18,1,0.1323646132834306,0,12,default,Test
AST-5003,2024-12-27,16,1,0.15181745728956011,0,12,default,Test
AST-5007,2024-12-27,1,0,0.06981948945375317,0,12,default,Test
AST-1041,2024-12-28,0,0,0.08403176906788766,0,12,default,Test
AST-1042,2024-12-28,0,0,0.10960068094263332,0,12,default,Test
AST-2017,2024-12-28,0,0,0.06365649715990887,0,12,default,Test
AST-2031,2024-12-28,0,0,0.2010267863703699,0,12,default,Test
AST-3008,2024-12-28,0,0,0.060268975539474356,0,12,default,Test
AST-3019,2024-12-28,0,0,0.07943891811623298,0,12,default,Test
AST-4055,2024-12-28,0,0,0.16611928788037592,0,12,default,Test
AST-4061,2024-12-28,0,0,0.15052826325454993,0,12,default,Test
AST-5003,2024-12-28,0,0,0.10721881766865493,0,12,default,Test
AST-5007,2024-12-28,0,0,0.06501009605422169,0,12,default,Test
AST-1041,2024-12-29,0,0,0.07565148918140623,0,12,default,Test
AST-1042,2024-12-29,0,0,0.09152689104911245,0,12,default,Test
AST-2017,2024-12-29,0,0,0.06932065264701422,0,12,default,Test
AST-2031,2024-12-29,0,0,0.21269027685900732,0,12,default,Test
AST-3008,2024-12-29,0,0,0.051750081220572966,0,12,default,Test
AST-3019,2024-12-29,0,0,0.05732830166323072,0,12,default,Test
AST-4055,2024-12-29,0,0,0.17491125086940418,0,12,default,Test
AST-4061,2024-12-29,0,0,0.052778128873408894,0,12,default,Test
AST-5003,2024-12-29,0,0,0.09914891959309913,0,12,default,Test
AST-5007,2024-12-29,0,0,0.05527692021815753,0,12,default,Test
AST-1041,2024-12-30,4,0,0.3733159603658187,0,12,default,Test
AST-1042,2024-12-30,2,0,0.1857662551037963,0,12,default,Test
AST-2017,2024-12-30,7,0,0.11221950328893056,0,12,default,Test
AST-2031,2024-12-30,2,0,0.26970287914856755,0,12,default,Test
AST-3008,2024-12-30,0,0,0.12348622563558195,0,12,default,Test
AST-3019,2024-12-30,0,0,0.13273705311366787,0,12,default,Test
AST-4055,2024-12-30,11,0,0.2606919995100609,0,12,default,Test
AST-4061,2024-12-30,8,0,0.2513482092487241,0,12,default,Test
AST-5003,2024-12-30,10,0,0.17684769694068078,0,12,default,Test
AST-5007,2024-12-30,6,0,0.07560358421295384,0,12,default,Test
AST-1041,2024-12-31,1,0,0.14406700628166116,0,12,default,Test
AST-1042,2024-12-31,5,0,0.14868752247484837,0,12,default,Test
AST-2017,2024-12-31,12,1,0.11371576503087687,0,12,default,Test
AST-2031,2024-12-31,11,0,0.21277225168722372,0,12,default,Test
AST-3008,2024-12-31,4,0,0.13373374099167393,0,12,default,Test
AST-3019,2024-12-31,12,1,0.10694255375482187,0,12,default,Test
AST-4055,2024-12-31,10,0,0.22041160255588524,0,12,default,Test
AST-4061,2024-12-31,7,0,0.05853658685915426,0,12,default,Test
AST-5003,2024-12-31,10,0,0.20272292152558438,0,12,default,Test
AST-5007,2024-12-31,3,0,0.0913014216136551,0,12,default,Test
AST-1041,2025-01-01,6,0,0.1904299265475772,0,12,default,Test
AST-1042,2025-01-01,10,0,0.14463276236636127,0,12,default,Test
AST-2017,2025-01-01,6,0,0.1100260131013722,0,12,default,Test
AST-2031,2025-01-01,17,1,0.2867148213566844,0,12,default,Test
AST-3008,2025-01-01,7,0,0.13599370516144038,0,12,default,Test
AST-3019,2025-01-01,8,0,0.09190602846954797,0,12,default,Test
AST-4055,2025-01-01,11,0,0.24512966567139338,0,12,default,Test
AST-4061,2025-01-01,9,0,0.21647129439025703,0,12,default,Test
AST-5003,2025-01-01,6,0,0.1795242167754663,0,12,default,Test
AST-5007,2025-01-01,8,0,0.09539975750114249,0,12,default,Test
AST-1041,2024-07-21,0,0,0.34276420781330474,0,12,balanced,Test
AST-1042,2024-07-21,0,0,0.41481437310784397,0,12,balanced,Test
AST-2017,2024-07-21,0,0,0.31128118964450724,0,12,balanced,Test
AST-2031,2024-07-21,0,0,0.6344310422706285,1,12,balanced,Test
AST-3008,2024-07-21,0,0,0.2443464583835256,0,12,balanced,Test
AST-3019,2024-07-21,0,0,0.24489655932624343,0,12,balanced,Test
AST-4055,2024-07-21,0,0,0.5009896217855728,1,12,balanced,Test
AST-4061,2024-07-21,0,0,0.2538744572351646,0,12,balanced,Test
AST-5003,2024-07-21,0,0,0.47468968154882946,0,12,balanced,Test
AST-5007,2024-07-21,0,0,0.24378008047726962,0,12,balanced,Test
AST-1041,2024-07-22,10,0,0.620049016616733,1,12,balanced,Test
AST-1042,2024-07-22,6,0,0.5679515839077006,1,12,balanced,Test
AST-2017,2024-07-22,23,1,0.4721732966906057,0,12,balanced,Test
AST-2031,2024-07-22,10,0,0.7575742989414728,1,12,balanced,Test
AST-3008,2024-07-22,7,0,0.4203741928351352,0,12,balanced,Test
AST-3019,2024-07-22,5,0,0.4251372392018005,0,12,balanced,Test
AST-4055,2024-07-22,11,0,0.6644577643548656,1,12,balanced,Test
AST-4061,2024-07-22,0,0,0.3966396762374039,0,12,balanced,Test
AST-5003,2024-07-22,14,1,0.5353671076889216,1,12,balanced,Test
AST-5007,2024-07-22,7,0,0.2817980672942543,0,12,balanced,Test
AST-1041,2024-07-23,2,0,0.5363025860286402,1,12,balanced,Test
AST-1042,2024-07-23,4,0,0.6283965923713452,1,12,balanced,Test
AST-2017,2024-07-23,12,1,0.7041385642538404,1,12,balanced,Test
AST-2031,2024-07-23,14,1,0.7868781468355279,1,12,balanced,Test
AST-3008,2024-07-23,4,0,0.41805089273530655,0,12,balanced,Test
AST-3019,2024-07-23,7,0,0.4105929978383033,0,12,balanced,Test
AST-4055,2024-07-23,6,0,0.6537770724443995,1,12,balanced,Test
AST-4061,2024-07-23,8,0,0.291430701616825,0,12,balanced,Test
AST-5003,2024-07-23,8,0,0.5592828269680568,1,12,balanced,Test
AST-5007,2024-07-23,4,0,0.318119101110831,0,12,balanced,Test
AST-1041,2024-07-24,8,0,0.47888813733101876,0,12,balanced,Test
AST-1042,2024-07-24,11,0,0.5097537875441522,1,12,balanced,Test
AST-2017,2024-07-24,16,1,0.39931627814762544,0,12,balanced,Test
AST-2031,2024-07-24,0,0,0.7496571649500292,1,12,balanced,Test
AST-3008,2024-07-24,8,0,0.3992977177082606,0,12,balanced,Test
AST-3019,2024-07-24,14,1,0.34942526600936985,0,12,balanced,Test
AST-4055,2024-07-24,6,0,0.6746784504815578,1,12,balanced,Test
AST-4061,2024-07-24,1,0,0.4379720467150594,0,12,balanced,Test
AST-5003,2024-07-24,9,0,0.5278636196294806,1,12,balanced,Test
AST-5007,2024-07-24,12,1,0.5347516881348627,1,12,balanced,Test
AST-1041,2024-07-25,9,0,0.5269617149640125,1,12,balanced,Test
AST-1042,2024-07-25,4,0,0.5137991001761764,1,12,balanced,Test
AST-2017,2024-07-25,8,0,0.42576014391758843,0,12,balanced,Test
AST-2031,2024-07-25,4,0,0.7879466013858355,1,12,balanced,Test
AST-3008,2024-07-25,6,0,0.4576749713560725,0,12,balanced,Test
AST-3019,2024-07-25,4,0,0.4107836922476527,0,12,balanced,Test
AST-4055,2024-07-25,7,0,0.6369763673803179,1,12,balanced,Test
AST-4061,2024-07-25,13,1,0.3761962615765625,0,12,balanced,Test
AST-5003,2024-07-25,8,0,0.554021699922142,1,12,balanced,Test
AST-5007,2024-07-25,4,0,0.3419651928134527,0,12,balanced,Test
AST-1041,2024-07-26,16,1,0.5276257392086878,1,12,balanced,Test
AST-1042,2024-07-26,4,0,0.6213351928704437,1,12,balanced,Test
AST-2017,2024-07-26,20,1,0.45381946491915554,0,12,balanced,Test
AST-2031,2024-07-26,10,0,0.8211331225421202,1,12,balanced,Test
AST-3008,2024-07-26,2,0,0.4999533951073038,0,12,balanced,Test
AST-3019,2024-07-26,0,0,0.33537492325307877,0,12,balanced,Test
AST-4055,2024-07-26,7,0,0.6343100728940572,1,12,balanced,Test
AST-4061,2024-07-26,10,0,0.41555745882397,0,12,balanced,Test
AST-5003,2024-07-26,10,0,0.5768612508723753,1,12,balanced,Test
AST-5007,2024-07-26,0,0,0.4040393873042917,0,12,balanced,Test
AST-1041,2024-07-27,0,0,0.3569932422722432,0,12,balanced,Test
AST-1042,2024-07-27,0,0,0.4068255802561805,0,12,balanced,Test
AST-2017,2024-07-27,0,0,0.2749726656174905,0,12,balanced,Test
AST-2031,2024-07-27,0,0,0.6939599283956774,1,12,balanced,Test
AST-3008,2024-07-27,0,0,0.26198252647659503,0,12,balanced,Test
AST-3019,2024-07-27,0,0,0.276493704496188,0,12,balanced,Test
AST-4055,2024-07-27,0,0,0.5570651306474436,1,12,balanced,Test
AST-4061,2024-07-27,0,0,0.21234096522721763,0,12,balanced,Test
AST-5003,2024-07-27,0,0,0.3847403742563681,0,12,balanced,Test
AST-5007,2024-07-27,0,0,0.220834514391603,0,12,balanced,Test
AST-1041,2024-07-28,0,0,0.37406935561593035,0,12,balanced,Test
AST-1042,2024-07-28,0,0,0.3673317893856835,0,12,balanced,Test
AST-2017,2024-07-28,0,0,0.31998822542643873,0,12,balanced,Test
AST-2031,2024-07-28,0,0,0.6529467680094438,1,12,balanced,Test
AST-3008,2024-07-28,0,0,0.3270664219849552,0,12,balanced,Test
AST-3019,2024-07-28,0,0,0.27034165619255973,0,12,balanced,Test
AST-4055,2024-07-28,0,0,0.49213926097961536,0,12,balanced,Test
AST-4061,2024-07-28,0,0,0.23748472968690623,0,12,balanced,Test
AST-5003,2024-07-28,0,0,0.36931837254024946,0,12,balanced,Test
AST-5007,2024-07-28,0,0,0.35769055499378616,0,12,balanced,Test
AST-1041,2024-07-29,15,1,0.5059839924109092,1,12,balanced,Test
AST-1042,2024-07-29,8,0,0.5061706556193037,1,12,balanced,Test
AST-2017,2024-07-29,14,1,0.36244551072171527,0,12,balanced,Test
AST-2031,2024-07-29,12,1,0.7907187019870509,1,12,balanced,Test
AST-3008,2024-07-29,6,0,0.44163339465092644,0,12,balanced,Test
AST-3019,2024-07-29,10,0,0.3989374984260183,0,12,balanced,Test
AST-4055,2024-07-29,16,1,0.5653769944412168,1,12,balanced,Test
AST-4061,2024-07-29,3,0,0.38714375023102865,0,12,balanced,Test
AST-5003,2024-07-29,2,0,0.6017168253022834,1,12,balanced,Test
AST-5007,2024-07-29,1,0,0.33303298602840087,0,12,balanced,Test
AST-1041,2024-07-30,4,0,0.587564971962826,1,12,balanced,Test
AST-1042,2024-07-30,1,0,0.5054280583952383,1,12,balanced,Test
AST-2017,2024-07-30,14,1,0.40839299899565296,0,12,balanced,Test
AST-2031,2024-07-30,10,0,0.6804534095057858,1,12,balanced,Test
AST-3008,2024-07-30,10,0,0.4096648259901698,0,12,balanced,Test
AST-3019,2024-07-30,8,0,0.3622210595042155,0,12,balanced,Test
AST-4055,2024-07-30,12,1,0.6827117383315017,1,12,balanced,Test
AST-4061,2024-07-30,0,0,0.3912129227738683,0,12,balanced,Test
AST-5003,2024-07-30,14,1,0.5647307885282434,1,12,balanced,Test
AST-5007,2024-07-30,4,0,0.3858751392526308,0,12,balanced,Test
AST-1041,2024-07-31,2,0,0.5344669958376032,1,12,balanced,Test
AST-1042,2024-07-31,1,0,0.4643298906297771,0,12,balanced,Test
AST-2017,2024-07-31,10,0,0.47611473956168826,0,12,balanced,Test
AST-2031,2024-07-31,8,0,0.7371038006955284,1,12,balanced,Test
AST-3008,2024-07-31,4,0,0.3621692050286598,0,12,balanced,Test
AST-3019,2024-07-31,14,1,0.39877401682269387,0,12,balanced,Test
AST-4055,2024-07-31,10,0,0.6209041559211262,1,12,balanced,Test
AST-4061,2024-07-31,1,0,0.3885964132742146,0,12,balanced,Test
AST-5003,2024-07-31,22,1,0.646066643659418,1,12,balanced,Test
AST-5007,2024-07-31,6,0,0.32334048187123016,0,12,balanced,Test
AST-1041,2024-08-01,7,0,0.577991100856188,1,12,balanced,Test
AST-1042,2024-08-01,4,0,0.5586388217368575,1,12,balanced,Test
AST-2017,2024-08-01,6,0,0.5136792448170434,1,12,balanced,Test
AST-2031,2024-08-01,5,0,0.7346678918082282,1,12,balanced,Test
AST-3008,2024-08-01,8,0,0.4307800967687917,0,12,balanced,Test
AST-3019,2024-08-01,1,0,0.3891619295348522,0,12,balanced,Test
AST-4055,2024-08-01,10,0,0.6664462072929445,1,12,balanced,Test
AST-4061,2024-08-01,14,1,0.42034049604213286,0,12,balanced,Test
AST-5003,2024-08-01,10,0,0.4663607153366744,0,12,balanced,Test
AST-5007,2024-08-01,0,0,0.3715255935171422,0,12,balanced,Test
AST-1041,2024-08-02,7,0,0.5731422121637426,1,12,balanced,Test
AST-1042,2024-08-02,8,0,0.5381149228672268,1,12,balanced,Test
AST-2017,2024-08-02,11,0,0.42210762378802724,0,12,balanced,Test
AST-2031,2024-08-02,0,0,0.7813235139393137,1,12,balanced,Test
AST-3008,2024-08-02,4,0,0.46118463442377367,0,12,balanced,Test
AST-3019,2024-08-02,8,0,0.433348882583145,0,12,balanced,Test
AST-4055,2024-08-02,6,0,0.6886609289983852,1,12,balanced,Test
AST-4061,2024-08-02,10,0,0.4617675234594968,0,12,balanced,Test
AST-5003,2024-08-02,5,0,0.527256290200416,1,12,balanced,Test
AST-5007,2024-08-02,0,0,0.3138278676595401,0,12,balanced,Test
AST-1041,2024-08-03,0,0,0.4404927122533075,0,12,balanced,Test
AST-1042,2024-08-03,0,0,0.48080414466599686,0,12,balanced,Test
AST-2017,2024-08-03,0,0,0.30903866065826535,0,12,balanced,Test
AST-2031,2024-08-03,0,0,0.6629818274713947,1,12,balanced,Test
AST-3008,2024-08-03,0,0,0.2514812175738191,0,12,balanced,Test
AST-3019,2024-08-03,0,0,0.23028881678571544,0,12,balanced,Test
AST-4055,2024-08-03,0,0,0.49010749764422085,0,12,balanced,Test
AST-4061,2024-08-03,0,0,0.2643495645500776,0,12,balanced,Test
AST-5003,2024-08-03,0,0,0.41696228222429876,0,12,balanced,Test
AST-5007,2024-08-03,0,0,0.5403243482815857,1,12,balanced,Test
AST-1041,2024-08-04,0,0,0.28652251210954577,0,12,balanced,Test
AST-1042,2024-08-04,0,0,0.45616501229341394,0,12,balanced,Test
AST-2017,2024-08-04,0,0,0.3500436511815547,0,12,balanced,Test
AST-2031,2024-08-04,0,0,0.7479491691285433,1,12,balanced,Test
AST-3008,2024-08-04,0,0,0.2513726888393144,0,12,balanced,Test
AST-3019,2024-08-04,0,0,0.2938084473710607,0,12,balanced,Test
AST-4055,2024-08-04,0,0,0.5492139706858313,1,12,balanced,Test
AST-4061,2024-08-04,0,0,0.24203131347526266,0,12,balanced,Test
AST-5003,2024-08-04,0,0,0.33692414505206586,0,12,balanced,Test
AST-5007,2024-08-04,0,0,0.31066204550048215,0,12,balanced,Test
AST-1041,2024-08-05,0,0,0.5583567871273669,1,12,balanced,Test
AST-1042,2024-08-05,4,0,0.5328862176121099,1,12,balanced,Test
AST-2017,2024-08-05,6,0,0.4480697034620052,0,12,balanced,Test
AST-2031,2024-08-05,9,0,0.7421283269335928,1,12,balanced,Test
AST-3008,2024-08-05,12,1,0.46080003374361206,0,12,balanced,Test
AST-3019,2024-08-05,9,0,0.3771536969466334,0,12,balanced,Test
AST-4055,2024-08-05,6,0,0.6171220293542219,1,12,balanced,Test
AST-4061,2024-08-05,16,1,0.43992650064983646,0,12,balanced,Test
AST-5003,2024-08-05,3,0,0.4989664933971643,0,12,balanced,Test
AST-5007,2024-08-05,4,0,0.35349568291348726,0,12,balanced,Test
AST-1041,2024-08-06,13,1,0.5034097499671568,1,12,balanced,Test
AST-1042,2024-08-06,0,0,0.5363103723478868,1,12,balanced,Test
AST-2017,2024-08-06,10,0,0.5063072357306101,1,12,balanced,Test
AST-2031,2024-08-06,1,0,0.6811679844796259,1,12,balanced,Test
AST-3008,2024-08-06,1,0,0.35894544807609013,0,12,balanced,Test
AST-3019,2024-08-06,5,0,0.45713088560994947,0,12,balanced,Test
AST-4055,2024-08-06,2,0,0.6791324293539439,1,12,balanced,Test
AST-4061,2024-08-06,9,0,0.3510473702450432,0,12,balanced,Test
AST-5003,2024-08-06,11,0,0.5201926827749397,1,12,balanced,Test
AST-5007,2024-08-06,14,1,0.34721104535733016,0,12,balanced,Test
AST-1041,2024-08-07,7,0,0.5395929313443504,1,12,balanced,Test
AST-1042,2024-08-07,0,0,0.5833029765379367,1,12,balanced,Test
AST-2017,2024-08-07,8,0,0.411557471602289,0,12,balanced,Test
AST-2031,2024-08-07,19,1,0.7417386736075011,1,12,balanced,Test
AST-3008,2024-08-07,1,0,0.4218860697156037,0,12,balanced,Test
AST-3019,2024-08-07,6,0,0.3957229292779871,0,12,balanced,Test
AST-4055,2024-08-07,11,0,0.616056990620546,1,12,balanced,Test
AST-4061,2024-08-07,10,0,0.38956286393073325,0,12,balanced,Test
AST-5003,2024-08-07,4,0,0.5861753426637295,1,12,balanced,Test
AST-5007,2024-08-07,10,0,0.29741665549380536,0,12,balanced,Test
AST-1041,2024-08-08,8,0,0.5431499246769019,1,12,balanced,Test
AST-1042,2024-08-08,4,0,0.5919347230757315,1,12,balanced,Test
AST-2017,2024-08-08,8,0,0.47907806216346166,0,12,balanced,Test
AST-2031,2024-08-08,2,0,0.758255269108054,1,12,balanced,Test
AST-3008,2024-08-08,4,0,0.4091962343441434,0,12,balanced,Test
AST-3019,2024-08-08,6,0,0.4762922421392935,0,12,balanced,Test
AST-4055,2024-08-08,8,0,0.6858927145419896,1,12,balanced,Test
AST-4061,2024-08-08,10,0,0.3614534816729353,0,12,balanced,Test
AST-5003,2024-08-08,14,1,0.5929954370349957,1,12,balanced,Test
AST-5007,2024-08-08,9,0,0.3086244050373815,0,12,balanced,Test
AST-1041,2024-08-09,9,0,0.5942906742453319,1,12,balanced,Test
AST-1042,2024-08-09,2,0,0.53103489135795,1,12,balanced,Test
AST-2017,2024-08-09,5,0,0.4827534724949602,0,12,balanced,Test
AST-2031,2024-08-09,10,0,0.7165037821655879,1,12,balanced,Test
AST-3008,2024-08-09,8,0,0.36371026025775255,0,12,balanced,Test
AST-3019,2024-08-09,3,0,0.415933642081921,0,12,balanced,Test
AST-4055,2024-08-09,1,0,0.6965726979765577,1,12,balanced,Test
AST-4061,2024-08-09,3,0,0.3891695111835145,0,12,balanced,Test
AST-5003,2024-08-09,5,0,0.5899643596445736,1,12,balanced,Test
AST-5007,2024-08-09,6,0,0.33073587186470826,0,12,balanced,Test
AST-1041,2024-08-10,0,0,0.4230785684264495,0,12,balanced,Test
AST-1042,2024-08-10,0,0,0.44546696210155795,0,12,balanced,Test
AST-2017,2024-08-10,0,0,0.3272826703355647,0,12,balanced,Test
AST-2031,2024-08-10,0,0,0.7029641953723124,1,12,balanced,Test
AST-3008,2024-08-10,0,0,0.3469666303848104,0,12,balanced,Test
AST-3019,2024-08-10,0,0,0.23173821067403502,0,12,balanced,Test
AST-4055,2024-08-10,0,0,0.5197520596411164,1,12,balanced,Test
AST-4061,2024-08-10,0,0,0.24458606276890976,0,12,balanced,Test
AST-5003,2024-08-10,0,0,0.37745476097242886,0,12,balanced,Test
AST-5007,2024-08-10,0,0,0.26322505602535845,0,12,balanced,Test
AST-1041,2024-08-11,0,0,0.39273443747552594,0,12,balanced,Test
AST-1042,2024-08-11,0,0,0.36805768921567866,0,12,balanced,Test
AST-2017,2024-08-11,0,0,0.3700772705073578,0,12,balanced,Test
AST-2031,2024-08-11,0,0,0.8064894083149153,1,12,balanced,Test
AST-3008,2024-08-11,0,0,0.2975654348977724,0,12,balanced,Test
AST-3019,2024-08-11,0,0,0.28776009746228454,0,12,balanced,Test
AST-4055,2024-08-11,0,0,0.5824984209004331,1,12,balanced,Test
AST-4061,2024-08-11,0,0,0.2734790192566266,0,12,balanced,Test
AST-5003,2024-08-11,0,0,0.36460046278690816,0,12,balanced,Test
AST-5007,2024-08-11,0,0,0.25607026032157654,0,12,balanced,Test
AST-1041,2024-08-12,4,0,0.7914994387933978,1,12,balanced,Test
AST-1042,2024-08-12,4,0,0.579285963807528,1,12,balanced,Test
AST-2017,2024-08-12,8,0,0.4324856688089579,0,12,balanced,Test
AST-2031,2024-08-12,11,0,0.7852219494402517,1,12,balanced,Test
AST-3008,2024-08-12,3,0,0.38085097033938575,0,12,balanced,Test
AST-3019,2024-08-12,2,0,0.4066331238802367,0,12,balanced,Test
AST-4055,2024-08-12,5,0,0.6395840188370326,1,12,balanced,Test
AST-4061,2024-08-12,10,0,0.37781443708728596,0,12,balanced,Test
AST-5003,2024-08-12,7,0,0.5396723837119947,1,12,balanced,Test
AST-5007,2024-08-12,6,0,0.323124539991905,0,12,balanced,Test
AST-1041,2024-08-13,5,0,0.527512042989584,1,12,balanced,Test
AST-1042,2024-08-13,10,0,0.5934958787673916,1,12,balanced,Test
AST-2017,2024-08-13,1,0,0.4875228699766568,0,12,balanced,Test
AST-2031,2024-08-13,13,1,0.7814528681449484,1,12,balanced,Test
AST-3008,2024-08-13,0,0,0.38591334486305257,0,12,balanced,Test
AST-3019,2024-08-13,7,0,0.4351420945109829,0,12,balanced,Test
AST-4055,2024-08-13,4,0,0.6665546741777754,1,12,balanced,Test
AST-4061,2024-08-13,10,0,0.35937334608045723,0,12,balanced,Test
AST-5003,2024-08-13,7,0,0.5914031111013917,1,12,balanced,Test
AST-5007,2024-08-13,5,0,0.314953561930208,0,12,balanced,Test
AST-1041,2024-08-14,2,0,0.5378415594579795,1,12,balanced,Test
AST-1042,2024-08-14,2,0,0.5549098579293309,1,12,balanced,Test
AST-2017,2024-08-14,4,0,0.44470547097114865,0,12,balanced,Test
AST-2031,2024-08-14,3,0,0.8252343762520197,1,12,balanced,Test
AST-3008,2024-08-14,11,0,0.3633289883606984,0,12,balanced,Test
AST-3019,2024-08-14,4,0,0.4421396067565043,0,12,balanced,Test
AST-4055,2024-08-14,17,1,0.8240997350142422,1,12,balanced,Test
AST-4061,2024-08-14,4,0,0.38780153672778367,0,12,balanced,Test
AST-5003,2024-08-14,0,0,0.5097820167285297,1,12,balanced,Test
AST-5007,2024-08-14,0,0,0.40031690243950524,0,12,balanced,Test
AST-1041,2024-08-15,4,0,0.5268348434577137,1,12,balanced,Test
AST-1042,2024-08-15,14,1,0.511253088369449,1,12,balanced,Test
AST-2017,2024-08-15,12,1,0.4535946151356597,0,12,balanced,Test
AST-2031,2024-08-15,11,0,0.758817053602311,1,12,balanced,Test
AST-3008,2024-08-15,6,0,0.4188949190995757,0,12,balanced,Test
AST-3019,2024-08-15,0,0,0.3539261007167993,0,12,balanced,Test
AST-4055,2024-08-15,4,0,0.6084270113115459,1,12,balanced,Test
AST-4061,2024-08-15,8,0,0.3520938708219174,0,12,balanced,Test
AST-5003,2024-08-15,10,0,0.5758369986403278,1,12,balanced,Test
AST-5007,2024-08-15,6,0,0.36809560338872505,0,12,balanced,Test
AST-1041,2024-08-16,8,0,0.5961061041240457,1,12,balanced,Test
AST-1042,2024-08-16,8,0,0.5343898372178055,1,12,balanced,Test
AST-2017,2024-08-16,2,0,0.3918693836819774,0,12,balanced,Test
AST-2031,2024-08-16,9,0,0.7634882081014707,1,12,balanced,Test
AST-3008,2024-08-16,9,0,0.4557483389426377,0,12,balanced,Test
AST-3019,2024-08-16,10,0,0.4406511004864816,0,12,balanced,Test
AST-4055,2024-08-16,12,1,0.6068949782509352,1,12,balanced,Test
AST-4061,2024-08-16,2,0,0.3887500227929071,0,12,balanced,Test
AST-5003,2024-08-16,6,0,0.6308816576060071,1,12,balanced,Test
AST-5007,2024-08-16,5,0,0.29010024885944186,0,12,balanced,Test
AST-1041,2024-08-17,0,0,0.36895841280722647,0,12,balanced,Test
AST-1042,2024-08-17,0,0,0.4165894216146745,0,12,balanced,Test
AST-2017,2024-08-17,0,0,0.4260808915980644,0,12,balanced,Test
AST-2031,2024-08-17,0,0,0.6758475019408415,1,12,balanced,Test
AST-3008,2024-08-17,0,0,0.3639350631178514,0,12,balanced,Test
AST-3019,2024-08-17,0,0,0.3027428178718222,0,12,balanced,Test
AST-4055,2024-08-17,0,0,0.5372542518164071,1,12,balanced,Test
AST-4061,2024-08-17,0,0,0.27814856094065055,0,12,balanced,Test
AST-5003,2024-08-17,0,0,0.4239832413194636,0,12,balanced,Test
AST-5007,2024-08-17,0,0,0.2229695453836032,0,12,balanced,Test
AST-1041,2024-08-18,0,0,0.4353905729690438,0,12,balanced,Test
AST-1042,2024-08-18,0,0,0.4304612172068344,0,12,balanced,Test
AST-2017,2024-08-18,0,0,0.3467704050180047,0,12,balanced,Test
AST-2031,2024-08-18,0,0,0.7623720245405115,1,12,balanced,Test
AST-3008,2024-08-18,0,0,0.2922026121739549,0,12,balanced,Test
AST-3019,2024-08-18,0,0,0.2594054233935735,0,12,balanced,Test
AST-4055,2024-08-18,0,0,0.5487582524732795,1,12,balanced,Test
AST-4061,2024-08-18,0,0,0.22251407822775793,0,12,balanced,Test
AST-5003,2024-08-18,0,0,0.3986031266791351,0,12,balanced,Test
AST-5007,2024-08-18,0,0,0.3686404594899434,0,12,balanced,Test
AST-1041,2024-08-19,4,0,0.5991997530497472,1,12,balanced,Test
AST-1042,2024-08-19,2,0,0.5263388686272608,1,12,balanced,Test
AST-2017,2024-08-19,13,1,0.3927058270416002,0,12,balanced,Test
AST-2031,2024-08-19,2,0,0.7356970773588402,1,12,balanced,Test
AST-3008,2024-08-19,8,0,0.41069733400128217,0,12,balanced,Test
AST-3019,2024-08-19,8,0,0.443597395389726,0,12,balanced,Test
AST-4055,2024-08-19,7,0,0.6326219628315998,1,12,balanced,Test
AST-4061,2024-08-19,12,1,0.42228619932791445,0,12,balanced,Test
AST-5003,2024-08-19,10,0,0.5502097256447532,1,12,balanced,Test
AST-5007,2024-08-19,0,0,0.35167340277654013,0,12,balanced,Test
AST-1041,2024-08-20,4,0,0.5242328951858483,1,12,balanced,Test
AST-1042,2024-08-20,0,0,0.5437921169819026,1,12,balanced,Test
AST-2017,2024-08-20,5,0,0.43103037544074607,0,12,balanced,Test
AST-2031,2024-08-20,11,0,0.8089934976940293,1,12,balanced,Test
AST-3008,2024-08-20,8,0,0.4493516011876593,0,12,balanced,Test
AST-3019,2024-08-20,2,0,0.37566464151192297,0,12,balanced,Test
AST-4055,2024-08-20,9,0,0.6341861098302268,1,12,balanced,Test
AST-4061,2024-08-20,6,0,0.4805888348960342,0,12,balanced,Test
AST-5003,2024-08-20,2,0,0.5432127922571428,1,12,balanced,Test
AST-5007,2024-08-20,5,0,0.31925793920449397,0,12,balanced,Test
AST-1041,2024-08-21,6,0,0.5910581635119292,1,12,balanced,Test
AST-1042,2024-08-21,10,0,0.5842585820507251,1,12,balanced,Test
AST-2017,2024-08-21,1,0,0.3900490387694978,0,12,balanced,Test
AST-2031,2024-08-21,9,0,0.8740191448746132,1,12,balanced,Test
AST-3008,2024-08-21,2,0,0.4581749348148568,0,12,balanced,Test
AST-3019,2024-08-21,2,0,0.3984736098259582,0,12,balanced,Test
AST-4055,2024-08-21,8,0,0.6530453436383935,1,12,balanced,Test
AST-4061,2024-08-21,6,0,0.5992921323458369,1,12,balanced,Test
AST-5003,2024-08-21,10,0,0.5365086992898715,1,12,balanced,Test
AST-5007,2024-08-21,5,0,0.38710079319241514,0,12,balanced,Test
AST-1041,2024-08-22,7,0,0.5756171062160014,1,12,balanced,Test
AST-1042,2024-08-22,13,1,0.532241248529974,1,12,balanced,Test
AST-2017,2024-08-22,0,0,0.39719038770651927,0,12,balanced,Test
AST-2031,2024-08-22,10,0,0.7322225582945828,1,12,balanced,Test
AST-3008,2024-08-22,6,0,0.45671750102259817,0,12,balanced,Test
AST-3019,2024-08-22,0,0,0.3958710800343011,0,12,balanced,Test
AST-4055,2024-08-22,16,1,0.6455164545491475,1,12,balanced,Test
AST-4061,2024-08-22,11,0,0.41659420294300215,0,12,balanced,Test
AST-5003,2024-08-22,6,0,0.5317547339657339,1,12,balanced,Test
AST-5007,2024-08-22,9,0,0.3505514108647493,0,12,balanced,Test
AST-1041,2024-08-23,8,0,0.5449869142980159,1,12,balanced,Test
AST-1042,2024-08-23,8,0,0.5321039545711047,1,12,balanced,Test
AST-2017,2024-08-23,8,0,0.45303876777684315,0,12,balanced,Test
AST-2031,2024-08-23,13,1,0.7997821704029685,1,12,balanced,Test
AST-3008,2024-08-23,7,0,0.4110472526838923,0,12,balanced,Test
AST-3019,2024-08-23,7,0,0.41524374383842494,0,12,balanced,Test
AST-4055,2024-08-23,12,1,0.6430122611272001,1,12,balanced,Test
AST-4061,2024-08-23,8,0,0.39533442858727086,0,12,balanced,Test
AST-5003,2024-08-23,18,1,0.5088557563994974,1,12,balanced,Test
AST-5007,2024-08-23,4,0,0.38661214528055105,0,12,balanced,Test
AST-1041,2024-08-24,0,0,0.3714536508014773,0,12,balanced,Test
AST-1042,2024-08-24,0,0,0.4091008644962316,0,12,balanced,Test
AST-2017,2024-08-24,0,0,0.3315317611784984,0,12,balanced,Test
AST-2031,2024-08-24,0,0,0.6732586286111685,1,12,balanced,Test
AST-3008,2024-08-24,0,0,0.30513512976823515,0,12,balanced,Test
AST-3019,2024-08-24,0,0,0.34172425272102136,0,12,balanced,Test
AST-4055,2024-08-24,0,0,0.48990614581632475,0,12,balanced,Test
AST-4061,2024-08-24,0,0,0.3240996099401997,0,12,balanced,Test
AST-5003,2024-08-24,0,0,0.7197322806605371,1,12,balanced,Test
AST-5007,2024-08-24,0,0,0.24117751763695633,0,12,balanced,Test
AST-1041,2024-08-25,0,0,0.38561425862157045,0,12,balanced,Test
AST-1042,2024-08-25,0,0,0.36961542901870836,0,12,balanced,Test
AST-2017,2024-08-25,0,0,0.31614950460070057,0,12,balanced,Test
AST-2031,2024-08-25,0,0,0.6465857339629235,1,12,balanced,Test
AST-3008,2024-08-25,0,0,0.3099864191597851,0,12,balanced,Test
AST-3019,2024-08-25,0,0,0.3436431928893841,0,12,balanced,Test
AST-4055,2024-08-25,0,0,0.5193856964538965,1,12,balanced,Test
AST-4061,2024-08-25,0,0,0.35054052463682284,0,12,balanced,Test
AST-5003,2024-08-25,0,0,0.43323477661664506,0,12,balanced,Test
AST-5007,2024-08-25,0,0,0.2371011461249724,0,12,balanced,Test
AST-1041,2024-08-26,12,1,0.7502857904480597,1,12,balanced,Test
AST-1042,2024-08-26,4,0,0.5452699826049687,1,12,balanced,Test
AST-2017,2024-08-26,5,0,0.4552276961936231,0,12,balanced,Test
AST-2031,2024-08-26,11,0,0.7471447850777507,1,12,balanced,Test
AST-3008,2024-08-26,7,0,0.34999030563617584,0,12,balanced,Test
AST-3019,2024-08-26,10,0,0.6988242948183938,1,12,balanced,Test
AST-4055,2024-08-26,18,1,0.649756474244859,1,12,balanced,Test
AST-4061,2024-08-26,4,0,0.4480722266398569,0,12,balanced,Test
AST-5003,2024-08-26,13,1,0.829509574643272,1,12,balanced,Test
AST-5007,2024-08-26,8,0,0.3493650748454826,0,12,balanced,Test
AST-1041,2024-08-27,3,0,0.5756743757700195,1,12,balanced,Test
AST-1042,2024-08-27,2,0,0.613908502721151,1,12,balanced,Test
AST-2017,2024-08-27,11,0,0.5102537955199619,1,12,balanced,Test
AST-2031,2024-08-27,8,0,0.7656442538949698,1,12,balanced,Test
AST-3008,2024-08-27,10,0,0.3802977493403019,0,12,balanced,Test
AST-3019,2024-08-27,6,0,0.3299367893386152,0,12,balanced,Test
AST-4055,2024-08-27,7,0,0.6533134736578423,1,12,balanced,Test
AST-4061,2024-08-27,12,1,0.4687269956612453,0,12,balanced,Test
AST-5003,2024-08-27,7,0,0.4507012472516124,0,12,balanced,Test
AST-5007,2024-08-27,10,0,0.29707850353822907,0,12,balanced,Test
AST-1041,2024-08-28,0,0,0.5751169348221903,1,12,balanced,Test
AST-1042,2024-08-28,6,0,0.6525412772746918,1,12,balanced,Test
AST-2017,2024-08-28,17,1,0.4997020302627521,0,12,balanced,Test
AST-2031,2024-08-28,4,0,0.7730728444692918,1,12,balanced,Test
AST-3008,2024-08-28,3,0,0.3471995350926121,0,12,balanced,Test
AST-3019,2024-08-28,5,0,0.47878342473681684,0,12,balanced,Test
AST-4055,2024-08-28,0,0,0.6142453419098775,1,12,balanced,Test
AST-4061,2024-08-28,8,0,0.36985125633582844,0,12,balanced,Test
AST-5003,2024-08-28,5,0,0.5184921864303801,1,12,balanced,Test
AST-5007,2024-08-28,5,0,0.36959057727497097,0,12,balanced,Test
AST-1041,2024-08-29,10,0,0.5736065176871974,1,12,balanced,Test
AST-1042,2024-08-29,5,0,0.556072492537807,1,12,balanced,Test
AST-2017,2024-08-29,3,0,0.46704669552846717,0,12,balanced,Test
AST-2031,2024-08-29,3,0,0.8002346361686046,1,12,balanced,Test
AST-3008,2024-08-29,3,0,0.36379987299785876,0,12,balanced,Test
AST-3019,2024-08-29,4,0,0.41378383762756127,0,12,balanced,Test
AST-4055,2024-08-29,7,0,0.7107076547008228,1,12,balanced,Test
AST-4061,2024-08-29,13,1,0.33908805845767037,0,12,balanced,Test
AST-5003,2024-08-29,4,0,0.5527225792960068,1,12,balanced,Test
AST-5007,2024-08-29,12,1,0.6035628987762339,1,12,balanced,Test
AST-1041,2024-08-30,4,0,0.5354843699755752,1,12,balanced,Test
AST-1042,2024-08-30,10,0,0.6046165673402012,1,12,balanced,Test
AST-2017,2024-08-30,13,1,0.3793350099183992,0,12,balanced,Test
AST-2031,2024-08-30,10,0,0.787213508547379,1,12,balanced,Test
AST-3008,2024-08-30,14,1,0.37586995332973155,0,12,balanced,Test
AST-3019,2024-08-30,0,0,0.45266582406160655,0,12,balanced,Test
AST-4055,2024-08-30,3,0,0.5765323439312441,1,12,balanced,Test
AST-4061,2024-08-30,7,0,0.4807570295819001,0,12,balanced,Test
AST-5003,2024-08-30,8,0,0.5393447409374709,1,12,balanced,Test
AST-5007,2024-08-30,8,0,0.30553541303562454,0,12,balanced,Test
AST-1041,2024-08-31,0,0,0.3626424067067732,0,12,balanced,Test
AST-1042,2024-08-31,0,0,0.34641890503519607,0,12,balanced,Test
AST-2017,2024-08-31,0,0,0.3070900017218755,0,12,balanced,Test
AST-2031,2024-08-31,0,0,0.6564870238481004,1,12,balanced,Test
AST-3008,2024-08-31,0,0,0.34943040580016715,0,12,balanced,Test
AST-3019,2024-08-31,0,0,0.284853002710551,0,12,balanced,Test
AST-4055,2024-08-31,0,0,0.4501686038802267,0,12,balanced,Test
AST-4061,2024-08-31,0,0,0.27245087619227504,0,12,balanced,Test
AST-5003,2024-08-31,0,0,0.4033309412154923,0,12,balanced,Test
AST-5007,2024-08-31,0,0,0.22002354467901958,0,12,balanced,Test
AST-1041,2024-09-01,0,0,0.40501466012639775,0,12,balanced,Test
AST-1042,2024-09-01,0,0,0.4543962845224816,0,12,balanced,Test
AST-2017,2024-09-01,0,0,0.3390620939201497,0,12,balanced,Test
AST-2031,2024-09-01,0,0,0.7030416870455588,1,12,balanced,Test
AST-3008,2024-09-01,0,0,0.247550276795354,0,12,balanced,Test
AST-3019,2024-09-01,0,0,0.6756936449232837,1,12,balanced,Test
AST-4055,2024-09-01,0,0,0.5389001400935756,1,12,balanced,Test
AST-4061,2024-09-01,0,0,0.2272654172992139,0,12,balanced,Test
AST-5003,2024-09-01,0,0,0.36389994112045937,0,12,balanced,Test
AST-5007,2024-09-01,0,0,0.31765051194258476,0,12,balanced,Test
AST-1041,2024-09-02,0,0,0.6242935535879306,1,12,balanced,Test
AST-1042,2024-09-02,5,0,0.5179294230539818,1,12,balanced,Test
AST-2017,2024-09-02,0,0,0.42268861820813514,0,12,balanced,Test
AST-2031,2024-09-02,6,0,0.7195104091018373,1,12,balanced,Test
AST-3008,2024-09-02,8,0,0.4451849878674722,0,12,balanced,Test
AST-3019,2024-09-02,1,0,0.4431695334342802,0,12,balanced,Test
AST-4055,2024-09-02,12,1,0.6795096201805958,1,12,balanced,Test
AST-4061,2024-09-02,8,0,0.3910025231835007,0,12,balanced,Test
AST-5003,2024-09-02,14,1,0.5354737060462443,1,12,balanced,Test
AST-5007,2024-09-02,2,0,0.4194082986232361,0,12,balanced,Test
AST-1041,2024-09-03,9,0,0.5556191966274094,1,12,balanced,Test
AST-1042,2024-09-03,0,0,0.6262808891218338,1,12,balanced,Test
AST-2017,2024-09-03,14,1,0.39828735943066707,0,12,balanced,Test
AST-2031,2024-09-03,14,1,0.7059315821046744,1,12,balanced,Test
AST-3008,2024-09-03,9,0,0.4168981403916444,0,12,balanced,Test
AST-3019,2024-09-03,3,0,0.4700056320130217,0,12,balanced,Test
AST-4055,2024-09-03,8,0,0.7005329147403613,1,12,balanced,Test
AST-4061,2024-09-03,6,0,0.33255582663101424,0,12,balanced,Test
AST-5003,2024-09-03,6,0,0.5720279186419981,1,12,balanced,Test
AST-5007,2024-09-03,3,0,0.3013845848971168,0,12,balanced,Test
AST-1041,2024-09-04,4,0,0.7912439377115305,1,12,balanced,Test
AST-1042,2024-09-04,10,0,0.458549776447203,0,12,balanced,Test
AST-2017,2024-09-04,8,0,0.39170160234922513,0,12,balanced,Test
AST-2031,2024-09-04,2,0,0.759478671907777,1,12,balanced,Test
AST-3008,2024-09-04,10,0,0.42184723447480255,0,12,balanced,Test
AST-3019,2024-09-04,5,0,0.36473946868638135,0,12,balanced,Test
AST-4055,2024-09-04,17,1,0.6367520840522519,1,12,balanced,Test
AST-4061,2024-09-04,0,0,0.40842458179475705,0,12,balanced,Test
AST-5003,2024-09-04,9,0,0.4618124377353289,0,12,balanced,Test
AST-5007,2024-09-04,3,0,0.27589860740571104,0,12,balanced,Test
AST-1041,2024-09-05,11,0,0.5767140427340999,1,12,balanced,Test
AST-1042,2024-09-05,3,0,0.5697667789279006,1,12,balanced,Test
AST-2017,2024-09-05,6,0,0.5179031628767272,1,12,balanced,Test
AST-2031,2024-09-05,2,0,0.7520216616768602,1,12,balanced,Test
AST-3008,2024-09-05,2,0,0.3962749980465724,0,12,balanced,Test
AST-3019,2024-09-05,7,0,0.3290930395718675,0,12,balanced,Test
AST-4055,2024-09-05,2,0,0.6832425882250555,1,12,balanced,Test
AST-4061,2024-09-05,0,0,0.37830945918742315,0,12,balanced,Test
AST-5003,2024-09-05,5,0,0.5175847215858591,1,12,balanced,Test
AST-5007,2024-09-05,5,0,0.334527071332964,0,12,balanced,Test
AST-1041,2024-09-06,6,0,0.5979984280506303,1,12,balanced,Test
AST-1042,2024-09-06,4,0,0.5184915931248035,1,12,balanced,Test
AST-2017,2024-09-06,18,1,0.40110877519995103,0,12,balanced,Test
AST-2031,2024-09-06,4,0,0.8015253535941748,1,12,balanced,Test
AST-3008,2024-09-06,6,0,0.3730047853013088,0,12,balanced,Test
AST-3019,2024-09-06,6,0,0.7382653885412016,1,12,balanced,Test
AST-4055,2024-09-06,15,1,0.6861418965412208,1,12,balanced,Test
AST-4061,2024-09-06,7,0,0.42850941883918736,0,12,balanced,Test
AST-5003,2024-09-06,8,0,0.6068116587095078,1,12,balanced,Test
AST-5007,2024-09-06,10,0,0.3291012577030936,0,12,balanced,Test
AST-1041,2024-09-07,0,0,0.38381771857587943,0,12,balanced,Test
AST-1042,2024-09-07,0,0,0.4287682221510003,0,12,balanced,Test
AST-2017,2024-09-07,0,0,0.3477095052107391,0,12,balanced,Test
AST-2031,2024-09-07,0,0,0.671013905611613,1,12,balanced,Test
AST-3008,2024-09-07,0,0,0.31691916310567225,0,12,balanced,Test
AST-3019,2024-09-07,0,0,0.2768182603733999,0,12,balanced,Test
AST-4055,2024-09-07,0,0,0.5567664275117284,1,12,balanced,Test
AST-4061,2024-09-07,0,0,0.23376145674674734,0,12,balanced,Test
AST-5003,2024-09-07,0,0,0.449959931982517,0,12,balanced,Test
AST-5007,2024-09-07,0,0,0.22367999027991156,0,12,balanced,Test
AST-1041,2024-09-08,0,0,0.3846123530632939,0,12,balanced,Test
AST-1042,2024-09-08,0,0,0.45385523205643824,0,12,balanced,Test
AST-2017,2024-09-08,0,0,0.3432391556078478,0,12,balanced,Test
AST-2031,2024-09-08,0,0,0.6635667297629376,1,12,balanced,Test
AST-3008,2024-09-08,0,0,0.6286070755372958,1,12,balanced,Test
AST-3019,2024-09-08,0,0,0.25316900386753316,0,12,balanced,Test
AST-4055,2024-09-08,0,0,0.4692377599737098,0,12,balanced,Test
AST-4061,2024-09-08,0,0,0.2521851458945242,0,12,balanced,Test
AST-5003,2024-09-08,0,0,0.5098358503542855,1,12,balanced,Test
AST-5007,2024-09-08,0,0,0.21567208215040146,0,12,balanced,Test
AST-1041,2024-09-09,11,0,0.5686287686150205,1,12,balanced,Test
AST-1042,2024-09-09,8,0,0.5646560274367769,1,12,balanced,Test
AST-2017,2024-09-09,16,1,0.45450653815128345,0,12,balanced,Test
AST-2031,2024-09-09,2,0,0.7267715139382898,1,12,balanced,Test
AST-3008,2024-09-09,8,0,0.38311525298243054,0,12,balanced,Test
AST-3019,2024-09-09,3,0,0.4013347012314638,0,12,balanced,Test
AST-4055,2024-09-09,2,0,0.6455911202851308,1,12,balanced,Test
AST-4061,2024-09-09,4,0,0.38598441286782903,0,12,balanced,Test
AST-5003,2024-09-09,9,0,0.47900292590887467,0,12,balanced,Test
AST-5007,2024-09-09,3,0,0.29324477503981067,0,12,balanced,Test
AST-1041,2024-09-10,0,0,0.5748966874216428,1,12,balanced,Test
AST-1042,2024-09-10,4,0,0.5368957652938702,1,12,balanced,Test
AST-2017,2024-09-10,6,0,0.44526991970294943,0,12,balanced,Test
AST-2031,2024-09-10,10,0,0.7546399499938786,1,12,balanced,Test
AST-3008,2024-09-10,8,0,0.4047631324929163,0,12,balanced,Test
AST-3019,2024-09-10,4,0,0.7726611621179061,1,12,balanced,Test
AST-4055,2024-09-10,1,0,0.6713248124919445,1,12,balanced,Test
AST-4061,2024-09-10,8,0,0.38684593551238095,0,12,balanced,Test
AST-5003,2024-09-10,20,1,0.49926215687642395,0,12,balanced,Test
AST-5007,2024-09-10,5,0,0.348664395006298,0,12,balanced,Test
AST-1041,2024-09-11,5,0,0.5364674354612736,1,12,balanced,Test
AST-1042,2024-09-11,15,1,0.5737631236245417,1,12,balanced,Test
AST-2017,2024-09-11,5,0,0.5041097737634485,1,12,balanced,Test
AST-2031,2024-09-11,6,0,0.746915015907495,1,12,balanced,Test
AST-3008,2024-09-11,11,0,0.4205353891681242,0,12,balanced,Test
AST-3019,2024-09-11,4,0,0.483532820462577,0,12,balanced,Test
AST-4055,2024-09-11,13,1,0.6509906333348336,1,12,balanced,Test
AST-4061,2024-09-11,0,0,0.3563448657183946,0,12,balanced,Test
AST-5003,2024-09-11,4,0,0.5505802042275363,1,12,balanced,Test
AST-5007,2024-09-11,10,0,0.3588548335374924,0,12,balanced,Test
AST-1041,2024-09-12,12,1,0.5821542497511119,1,12,balanced,Test
AST-1042,2024-09-12,14,1,0.5357763367501863,1,12,balanced,Test
AST-2017,2024-09-12,4,0,0.4285658352066514,0,12,balanced,Test
AST-2031,2024-09-12,13,1,0.727840009807429,1,12,balanced,Test
AST-3008,2024-09-12,4,0,0.3702223322462257,0,12,balanced,Test
AST-3019,2024-09-12,6,0,0.3648804870870213,0,12,balanced,Test
AST-4055,2024-09-12,10,0,0.655895600875883,1,12,balanced,Test
AST-4061,2024-09-12,7,0,0.42212099032637274,0,12,balanced,Test
AST-5003,2024-09-12,10,0,0.5576731490358723,1,12,balanced,Test
AST-5007,2024-09-12,12,1,0.31596283490075416,0,12,balanced,Test
AST-1041,2024-09-13,8,0,0.5721555517687255,1,12,balanced,Test
AST-1042,2024-09-13,10,0,0.7975670222814625,1,12,balanced,Test
AST-2017,2024-09-13,10,0,0.40107995475625974,0,12,balanced,Test
AST-2031,2024-09-13,5,0,0.7744337716648739,1,12,balanced,Test
AST-3008,2024-09-13,3,0,0.40186380899854474,0,12,balanced,Test
AST-3019,2024-09-13,6,0,0.4134846445501319,0,12,balanced,Test
AST-4055,2024-09-13,12,1,0.6313899128180538,1,12,balanced,Test
AST-4061,2024-09-13,11,0,0.38577843728962363,0,12,balanced,Test
AST-5003,2024-09-13,8,0,0.5445439404304475,1,12,balanced,Test
AST-5007,2024-09-13,4,0,0.4147539940719314,0,12,balanced,Test
AST-1041,2024-09-14,0,0,0.36641342412912187,0,12,balanced,Test
AST-1042,2024-09-14,0,0,0.38576896289856616,0,12,balanced,Test
AST-2017,2024-09-14,0,0,0.3223329924918142,0,12,balanced,Test
AST-2031,2024-09-14,0,0,0.720755638068157,1,12,balanced,Test
AST-3008,2024-09-14,0,0,0.2926636778229944,0,12,balanced,Test
AST-3019,2024-09-14,0,0,0.31205540402523957,0,12,balanced,Test
AST-4055,2024-09-14,0,0,0.5641418083092453,1,12,balanced,Test
AST-4061,2024-09-14,0,0,0.30956236511140833,0,12,balanced,Test
AST-5003,2024-09-14,0,0,0.391542388058519,0,12,balanced,Test
AST-5007,2024-09-14,0,0,0.1781225549799861,0,12,balanced,Test
AST-1041,2024-09-15,0,0,0.28936938079640545,0,12,balanced,Test
AST-1042,2024-09-15,0,0,0.42557532950930105,0,12,balanced,Test
AST-2017,2024-09-15,0,0,0.27062398503046015,0,12,balanced,Test
AST-2031,2024-09-15,0,0,0.6073221091800585,1,12,balanced,Test
AST-3008,2024-09-15,0,0,0.24110084359939257,0,12,balanced,Test
AST-3019,2024-09-15,0,0,0.3183680961142463,0,12,balanced,Test
AST-4055,2024-09-15,0,0,0.44125948679308435,0,12,balanced,Test
AST-4061,2024-09-15,0,0,0.21719947601389622,0,12,balanced,Test
AST-5003,2024-09-15,0,0,0.35816783938676006,0,12,balanced,Test
AST-5007,2024-09-15,0,0,0.24744886652641543,0,12,balanced,Test
AST-1041,2024-09-16,6,0,0.596597729036784,1,12,balanced,Test
AST-1042,2024-09-16,6,0,0.48839939161501145,0,12,balanced,Test
AST-2017,2024-09-16,4,0,0.4456848449107571,0,12,balanced,Test
AST-2031,2024-09-16,21,1,0.6600488355208421,1,12,balanced,Test
AST-3008,2024-09-16,0,0,0.3862706083500521,0,12,balanced,Test
AST-3019,2024-09-16,4,0,0.4361662265707402,0,12,balanced,Test
AST-4055,2024-09-16,1,0,0.6378529443897892,1,12,balanced,Test
AST-4061,2024-09-16,10,0,0.35382996828108115,0,12,balanced,Test
AST-5003,2024-09-16,9,0,0.5174560140513909,1,12,balanced,Test
AST-5007,2024-09-16,0,0,0.3255585561671699,0,12,balanced,Test
AST-1041,2024-09-17,6,0,0.8467104370824907,1,12,balanced,Test
AST-1042,2024-09-17,2,0,0.5366674826806481,1,12,balanced,Test
AST-2017,2024-09-17,0,0,0.4316813558756781,0,12,balanced,Test
AST-2031,2024-09-17,6,0,0.7316142036453779,1,12,balanced,Test
AST-3008,2024-09-17,15,1,0.3624078256759865,0,12,balanced,Test
AST-3019,2024-09-17,4,0,0.4045208104325845,0,12,balanced,Test
AST-4055,2024-09-17,13,1,0.6667855285251305,1,12,balanced,Test
AST-4061,2024-09-17,8,0,0.6579900054509679,1,12,balanced,Test
AST-5003,2024-09-17,5,0,0.6552501444300654,1,12,balanced,Test
AST-5007,2024-09-17,10,0,0.3516535615134519,0,12,balanced,Test
AST-1041,2024-09-18,6,0,0.5516248570165426,1,12,balanced,Test
AST-1042,2024-09-18,10,0,0.5772916818754399,1,12,balanced,Test
AST-2017,2024-09-18,0,0,0.436433848548727,0,12,balanced,Test
AST-2031,2024-09-18,6,0,0.7337695317766113,1,12,balanced,Test
AST-3008,2024-09-18,7,0,0.4012156665751482,0,12,balanced,Test
AST-3019,2024-09-18,0,0,0.4400192799873532,0,12,balanced,Test
AST-4055,2024-09-18,11,0,0.6384093303058234,1,12,balanced,Test
AST-4061,2024-09-18,2,0,0.36005861803250344,0,12,balanced,Test
AST-5003,2024-09-18,12,1,0.5862043533069687,1,12,balanced,Test
AST-5007,2024-09-18,7,0,0.31591373104750353,0,12,balanced,Test
AST-1041,2024-09-19,5,0,0.710578586163821,1,12,balanced,Test
AST-1042,2024-09-19,8,0,0.4749039805915869,0,12,balanced,Test
AST-2017,2024-09-19,2,0,0.4227643083616326,0,12,balanced,Test
AST-2031,2024-09-19,13,1,0.7215755354151558,1,12,balanced,Test
AST-3008,2024-09-19,9,0,0.40249207684016475,0,12,balanced,Test
AST-3019,2024-09-19,10,0,0.7393404666902182,1,12,balanced,Test
AST-4055,2024-09-19,12,1,0.6668316926341468,1,12,balanced,Test
AST-4061,2024-09-19,7,0,0.3839297215189715,0,12,balanced,Test
AST-5003,2024-09-19,13,1,0.5668489403126004,1,12,balanced,Test
AST-5007,2024-09-19,7,0,0.41809450298953843,0,12,balanced,Test
AST-1041,2024-09-20,17,1,0.5676571056141805,1,12,balanced,Test
AST-1042,2024-09-20,8,0,0.5553550153047164,1,12,balanced,Test
AST-2017,2024-09-20,6,0,0.41428405481803504,0,12,balanced,Test
AST-2031,2024-09-20,0,0,0.7354973501192544,1,12,balanced,Test
AST-3008,2024-09-20,1,0,0.3352005468538149,0,12,balanced,Test
AST-3019,2024-09-20,0,0,0.4394884440288864,0,12,balanced,Test
AST-4055,2024-09-20,6,0,0.623172514596403,1,12,balanced,Test
AST-4061,2024-09-20,18,1,0.39977494940464187,0,12,balanced,Test
AST-5003,2024-09-20,13,1,0.7601848033849642,1,12,balanced,Test
AST-5007,2024-09-20,4,0,0.34158622207391987,0,12,balanced,Test
AST-1041,2024-09-21,0,0,0.381987213352439,0,12,balanced,Test
AST-1042,2024-09-21,0,0,0.46429468911034083,0,12,balanced,Test
AST-2017,2024-09-21,0,0,0.3050096602775747,0,12,balanced,Test
AST-2031,2024-09-21,0,0,0.7085997813833704,1,12,balanced,Test
AST-3008,2024-09-21,0,0,0.2933311833159795,0,12,balanced,Test
AST-3019,2024-09-21,0,0,0.2530539885583414,0,12,balanced,Test
AST-4055,2024-09-21,0,0,0.5347462612743393,1,12,balanced,Test
AST-4061,2024-09-21,0,0,0.21664254899668536,0,12,balanced,Test
AST-5003,2024-09-21,0,0,0.42585370127846084,0,12,balanced,Test
AST-5007,2024-09-21,0,0,0.2516726801397253,0,12,balanced,Test
AST-1041,2024-09-22,0,0,0.36835002076484075,0,12,balanced,Test
AST-1042,2024-09-22,0,0,0.3723926818742562,0,12,balanced,Test
AST-2017,2024-09-22,0,0,0.40801008490888724,0,12,balanced,Test
AST-2031,2024-09-22,0,0,0.6963182115382949,1,12,balanced,Test
AST-3008,2024-09-22,0,0,0.266284018596927,0,12,balanced,Test
AST-3019,2024-09-22,0,0,0.32982271087721377,0,12,balanced,Test
AST-4055,2024-09-22,0,0,0.5471358230262479,1,12,balanced,Test
AST-4061,2024-09-22,0,0,0.24202985421083384,0,12,balanced,Test
AST-5003,2024-09-22,0,0,0.6601901589207387,1,12,balanced,Test
AST-5007,2024-09-22,0,0,0.2455297374300968,0,12,balanced,Test
AST-1041,2024-09-23,5,0,0.5606808049550879,1,12,balanced,Test
AST-1042,2024-09-23,4,0,0.5095204923945714,1,12,balanced,Test
AST-2017,2024-09-23,7,0,0.4266659692572151,0,12,balanced,Test
AST-2031,2024-09-23,3,0,0.8124226385230024,1,12,balanced,Test
AST-3008,2024-09-23,5,0,0.5023872549033876,1,12,balanced,Test
AST-3019,2024-09-23,2,0,0.35526107264021767,0,12,balanced,Test
AST-4055,2024-09-23,4,0,0.6661297967300578,1,12,balanced,Test
AST-4061,2024-09-23,8,0,0.4153640092582302,0,12,balanced,Test
AST-5003,2024-09-23,4,0,0.5536910181412897,1,12,balanced,Test
AST-5007,2024-09-23,4,0,0.43521983461909935,0,12,balanced,Test
AST-1041,2024-09-24,9,0,0.613137248336767,1,12,balanced,Test
AST-1042,2024-09-24,6,0,0.5733230183043263,1,12,balanced,Test
AST-2017,2024-09-24,3,0,0.44148555516893917,0,12,balanced,Test
AST-2031,2024-09-24,2,0,0.7246353697906007,1,12,balanced,Test
AST-3008,2024-09-24,11,0,0.437417864966963,0,12,balanced,Test
AST-3019,2024-09-24,11,0,0.3312934267243335,0,12,balanced,Test
AST-4055,2024-09-24,6,0,0.6661373397719295,1,12,balanced,Test
AST-4061,2024-09-24,6,0,0.3528466437590655,0,12,balanced,Test
AST-5003,2024-09-24,8,0,0.5869065023964766,1,12,balanced,Test
AST-5007,2024-09-24,10,0,0.37767889839873575,0,12,balanced,Test
AST-1041,2024-09-25,0,0,0.5920792036697389,1,12,balanced,Test
AST-1042,2024-09-25,11,0,0.4768512444465467,0,12,balanced,Test
AST-2017,2024-09-25,6,0,0.5051908069863106,1,12,balanced,Test
AST-2031,2024-09-25,2,0,0.7847379388250075,1,12,balanced,Test
AST-3008,2024-09-25,5,0,0.4481320469505907,0,12,balanced,Test
AST-3019,2024-09-25,11,0,0.30906116162353064,0,12,balanced,Test
AST-4055,2024-09-25,11,0,0.7239276188472865,1,12,balanced,Test
AST-4061,2024-09-25,18,1,0.7042572714129224,1,12,balanced,Test
AST-5003,2024-09-25,13,1,0.5898874860639554,1,12,balanced,Test
AST-5007,2024-09-25,13,1,0.32235836057230144,0,12,balanced,Test
AST-1041,2024-09-26,4,0,0.6761513635791032,1,12,balanced,Test
AST-1042,2024-09-26,8,0,0.5141941248161309,1,12,balanced,Test
AST-2017,2024-09-26,12,1,0.4937514412569778,0,12,balanced,Test
AST-2031,2024-09-26,8,0,0.7846442304426577,1,12,balanced,Test
AST-3008,2024-09-26,8,0,0.39975683757081104,0,12,balanced,Test
AST-3019,2024-09-26,4,0,0.42941055672557743,0,12,balanced,Test
AST-4055,2024-09-26,3,0,0.6916301123557337,1,12,balanced,Test
AST-4061,2024-09-26,18,1,0.37540853823939624,0,12,balanced,Test
AST-5003,2024-09-26,12,1,0.5700802804805727,1,12,balanced,Test
AST-5007,2024-09-26,0,0,0.29735146358423337,0,12,balanced,Test
AST-1041,2024-09-27,0,0,0.5221257091544429,1,12,balanced,Test
AST-1042,2024-09-27,5,0,0.5299581054968006,1,12,balanced,Test
AST-2017,2024-09-27,6,0,0.5707620417171355,1,12,balanced,Test
AST-2031,2024-09-27,4,0,0.747328211650459,1,12,balanced,Test
AST-3008,2024-09-27,6,0,0.4008201339215345,0,12,balanced,Test
AST-3019,2024-09-27,3,0,0.3938261147930594,0,12,balanced,Test
AST-4055,2024-09-27,18,1,0.6414745561750743,1,12,balanced,Test
AST-4061,2024-09-27,8,0,0.3673429586958408,0,12,balanced,Test
AST-5003,2024-09-27,8,0,0.5928628255955014,1,12,balanced,Test
AST-5007,2024-09-27,2,0,0.3623622654166338,0,12,balanced,Test
AST-1041,2024-09-28,0,0,0.4504662911659046,0,12,balanced,Test
AST-1042,2024-09-28,0,0,0.3887791423094803,0,12,balanced,Test
AST-2017,2024-09-28,0,0,0.3115216815500746,0,12,balanced,Test
AST-2031,2024-09-28,0,0,0.709370335976734,1,12,balanced,Test
AST-3008,2024-09-28,0,0,0.4053005518889656,0,12,balanced,Test
AST-3019,2024-09-28,0,0,0.2432348979439892,0,12,balanced,Test
AST-4055,2024-09-28,0,0,0.4726693486646197,0,12,balanced,Test
AST-4061,2024-09-28,0,0,0.20885362229804727,0,12,balanced,Test
AST-5003,2024-09-28,0,0,0.3066247043312696,0,12,balanced,Test
AST-5007,2024-09-28,0,0,0.2608918314331336,0,12,balanced,Test
AST-1041,2024-09-29,0,0,0.41253586647797197,0,12,balanced,Test
AST-1042,2024-09-29,0,0,0.5020781608376225,1,12,balanced,Test
AST-2017,2024-09-29,0,0,0.2870163215722366,0,12,balanced,Test
AST-2031,2024-09-29,0,0,0.6648874720922265,1,12,balanced,Test
AST-3008,2024-09-29,0,0,0.24350171542223065,0,12,balanced,Test
AST-3019,2024-09-29,0,0,0.3633294864080691,0,12,balanced,Test
AST-4055,2024-09-29,0,0,0.5377647649446731,1,12,balanced,Test
AST-4061,2024-09-29,0,0,0.2729354688510654,0,12,balanced,Test
AST-5003,2024-09-29,0,0,0.4144876022511733,0,12,balanced,Test
AST-5007,2024-09-29,0,0,0.2767106244950855,0,12,balanced,Test
AST-1041,2024-09-30,4,0,0.5363182035363881,1,12,balanced,Test
AST-1042,2024-09-30,9,0,0.5752836118086965,1,12,balanced,Test
AST-2017,2024-09-30,8,0,0.46754584410479916,0,12,balanced,Test
AST-2031,2024-09-30,23,1,0.7879132128577331,1,12,balanced,Test
AST-3008,2024-09-30,4,0,0.4040950617339952,0,12,balanced,Test
AST-3019,2024-09-30,6,0,0.3893692388686688,0,12,balanced,Test
AST-4055,2024-09-30,6,0,0.5875921113505709,1,12,balanced,Test
AST-4061,2024-09-30,4,0,0.43478957964971876,0,12,balanced,Test
AST-5003,2024-09-30,14,1,0.8284489191606612,1,12,balanced,Test
AST-5007,2024-09-30,3,0,0.4176295439567891,0,12,balanced,Test
AST-1041,2024-10-01,2,0,0.589758421326326,1,12,balanced,Test
AST-1042,2024-10-01,11,0,0.5219967875022117,1,12,balanced,Test
AST-2017,2024-10-01,13,1,0.5280873092908402,1,12,balanced,Test
AST-2031,2024-10-01,6,0,0.7568260581473824,1,12,balanced,Test
AST-3008,2024-10-01,14,1,0.6671682379302206,1,12,balanced,Test
AST-3019,2024-10-01,0,0,0.389324850726786,0,12,balanced,Test
AST-4055,2024-10-01,2,0,0.5793000283833133,1,12,balanced,Test
AST-4061,2024-10-01,8,0,0.439072365604415,0,12,balanced,Test
AST-5003,2024-10-01,5,0,0.5907391665059,1,12,balanced,Test
AST-5007,2024-10-01,2,0,0.3830887293326218,0,12,balanced,Test
AST-1041,2024-10-02,0,0,0.5619906932494667,1,12,balanced,Test
AST-1042,2024-10-02,10,0,0.5651944145895668,1,12,balanced,Test
AST-2017,2024-10-02,4,0,0.4310607529611927,0,12,balanced,Test
AST-2031,2024-10-02,21,1,0.7507617180794466,1,12,balanced,Test
AST-3008,2024-10-02,8,0,0.3669647013413636,0,12,balanced,Test
AST-3019,2024-10-02,2,0,0.3479228852622172,0,12,balanced,Test
AST-4055,2024-10-02,4,0,0.71705493215009,1,12,balanced,Test
AST-4061,2024-10-02,12,1,0.37514763450370436,0,12,balanced,Test
AST-5003,2024-10-02,4,0,0.6438275748585379,1,12,balanced,Test
AST-5007,2024-10-02,6,0,0.33627661117636976,0,12,balanced,Test
AST-1041,2024-10-03,8,0,0.5717601719503586,1,12,balanced,Test
AST-1042,2024-10-03,6,0,0.5269185844583769,1,12,balanced,Test
AST-2017,2024-10-03,13,1,0.5031988423282056,1,12,balanced,Test
AST-2031,2024-10-03,10,0,0.7921110129163775,1,12,balanced,Test
AST-3008,2024-10-03,6,0,0.4461708190913917,0,12,balanced,Test
AST-3019,2024-10-03,18,1,0.5500310089655758,1,12,balanced,Test
AST-4055,2024-10-03,10,0,0.6293554371482082,1,12,balanced,Test
AST-4061,2024-10-03,8,0,0.40696417461013823,0,12,balanced,Test
AST-5003,2024-10-03,10,0,0.5261229024055029,1,12,balanced,Test
AST-5007,2024-10-03,1,0,0.3805949641469152,0,12,balanced,Test
AST-1041,2024-10-04,12,1,0.5654992987632255,1,12,balanced,Test
AST-1042,2024-10-04,6,0,0.6300989020304022,1,12,balanced,Test
AST-2017,2024-10-04,16,1,0.5440896003451883,1,12,balanced,Test
AST-2031,2024-10-04,5,0,0.7685134190809122,1,12,balanced,Test
AST-3008,2024-10-04,6,0,0.41164838744544935,0,12,balanced,Test
AST-3019,2024-10-04,12,1,0.3962099697853325,0,12,balanced,Test
AST-4055,2024-10-04,14,1,0.6342518657663736,1,12,balanced,Test
AST-4061,2024-10-04,7,0,0.3993762457982902,0,12,balanced,Test
AST-5003,2024-10-04,5,0,0.6322772466890969,1,12,balanced,Test
AST-5007,2024-10-04,0,0,0.38050254459867333,0,12,balanced,Test
AST-1041,2024-10-05,0,0,0.5699493619900412,1,12,balanced,Test
AST-1042,2024-10-05,0,0,0.3613493436364177,0,12,balanced,Test
AST-2017,2024-10-05,0,0,0.31245824316750553,0,12,balanced,Test
AST-2031,2024-10-05,0,0,0.735755458473865,1,12,balanced,Test
AST-3008,2024-10-05,0,0,0.23232914898040496,0,12,balanced,Test
AST-3019,2024-10-05,0,0,0.25040665477082685,0,12,balanced,Test
AST-4055,2024-10-05,0,0,0.5438485136515362,1,12,balanced,Test
AST-4061,2024-10-05,0,0,0.22155848582289497,0,12,balanced,Test
AST-5003,2024-10-05,0,0,0.49833885283994084,0,12,balanced,Test
AST-5007,2024-10-05,0,0,0.22880788132882993,0,12,balanced,Test
AST-1041,2024-10-06,0,0,0.33172179371197097,0,12,balanced,Test
AST-1042,2024-10-06,0,0,0.3817090643144452,0,12,balanced,Test
AST-2017,2024-10-06,0,0,0.3501667808443669,0,12,balanced,Test
AST-2031,2024-10-06,0,0,0.6044318193018335,1,12,balanced,Test
AST-3008,2024-10-06,0,0,0.31416814680978133,0,12,balanced,Test
AST-3019,2024-10-06,0,0,0.24927576685474193,0,12,balanced,Test
AST-4055,2024-10-06,0,0,0.5205628248931351,1,12,balanced,Test
AST-4061,2024-10-06,0,0,0.251611449229227,0,12,balanced,Test
AST-5003,2024-10-06,0,0,0.4250463553084233,0,12,balanced,Test
AST-5007,2024-10-06,0,0,0.22200676871288463,0,12,balanced,Test
AST-1041,2024-10-07,8,0,0.5914819810572639,1,12,balanced,Test
AST-1042,2024-10-07,8,0,0.6142733588894019,1,12,balanced,Test
AST-2017,2024-10-07,3,0,0.5448594907455193,1,12,balanced,Test
AST-2031,2024-10-07,6,0,0.7430546083210795,1,12,balanced,Test
AST-3008,2024-10-07,4,0,0.3793068436403833,0,12,balanced,Test
AST-3019,2024-10-07,2,0,0.3521902048713333,0,12,balanced,Test
AST-4055,2024-10-07,16,1,0.6698036782838623,1,12,balanced,Test
AST-4061,2024-10-07,10,0,0.3494146754075485,0,12,balanced,Test
AST-5003,2024-10-07,16,1,0.6475314401086019,1,12,balanced,Test
AST-5007,2024-10-07,0,0,0.3178665982574119,0,12,balanced,Test
AST-1041,2024-10-08,8,0,0.5392286879264422,1,12,balanced,Test
AST-1042,2024-10-08,4,0,0.5869425888436166,1,12,balanced,Test
AST-2017,2024-10-08,6,0,0.5225434601150816,1,12,balanced,Test
AST-2031,2024-10-08,8,0,0.7845273455643634,1,12,balanced,Test
AST-3008,2024-10-08,8,0,0.44129562206200246,0,12,balanced,Test
AST-3019,2024-10-08,8,0,0.3657281544753347,0,12,balanced,Test
AST-4055,2024-10-08,11,0,0.6273389098838875,1,12,balanced,Test
AST-4061,2024-10-08,15,1,0.4321393847045462,0,12,balanced,Test
AST-5003,2024-10-08,6,0,0.561805270559539,1,12,balanced,Test
AST-5007,2024-10-08,1,0,0.27973526170594354,0,12,balanced,Test
AST-1041,2024-10-09,6,0,0.5494666382753746,1,12,balanced,Test
AST-1042,2024-10-09,6,0,0.559780238969719,1,12,balanced,Test
AST-2017,2024-10-09,12,1,0.4702539199550568,0,12,balanced,Test
AST-2031,2024-10-09,13,1,0.7171150736243934,1,12,balanced,Test
AST-3008,2024-10-09,14,1,0.7278785980087619,1,12,balanced,Test
AST-3019,2024-10-09,6,0,0.32704528632284435,0,12,balanced,Test
AST-4055,2024-10-09,4,0,0.6635173769502799,1,12,balanced,Test
AST-4061,2024-10-09,7,0,0.3816108822145971,0,12,balanced,Test
AST-5003,2024-10-09,6,0,0.6411350588560906,1,12,balanced,Test
AST-5007,2024-10-09,6,0,0.3616059533384854,0,12,balanced,Test
AST-1041,2024-10-10,2,0,0.5771015220957643,1,12,balanced,Test
AST-1042,2024-10-10,6,0,0.5195624557078847,1,12,balanced,Test
AST-2017,2024-10-10,3,0,0.511386308461482,1,12,balanced,Test
AST-2031,2024-10-10,2,0,0.7405084451771056,1,12,balanced,Test
AST-3008,2024-10-10,1,0,0.45532663021427133,0,12,balanced,Test
AST-3019,2024-10-10,4,0,0.42338667301959415,0,12,balanced,Test
AST-4055,2024-10-10,0,0,0.7148870163849043,1,12,balanced,Test
AST-4061,2024-10-10,8,0,0.4773671344241316,0,12,balanced,Test
AST-5003,2024-10-10,10,0,0.5128144340708393,1,12,balanced,Test
AST-5007,2024-10-10,11,0,0.37775865673457226,0,12,balanced,Test
AST-1041,2024-10-11,6,0,0.540021849687561,1,12,balanced,Test
AST-1042,2024-10-11,12,1,0.7003610578881692,1,12,balanced,Test
AST-2017,2024-10-11,6,0,0.3916644514339483,0,12,balanced,Test
AST-2031,2024-10-11,2,0,0.7497996617603467,1,12,balanced,Test
AST-3008,2024-10-11,11,0,0.43632552901420285,0,12,balanced,Test
AST-3019,2024-10-11,3,0,0.4710843067491604,0,12,balanced,Test
AST-4055,2024-10-11,13,1,0.6741215432686863,1,12,balanced,Test
AST-4061,2024-10-11,5,0,0.38225489695161535,0,12,balanced,Test
AST-5003,2024-10-11,12,1,0.5760059030616056,1,12,balanced,Test
AST-5007,2024-10-11,6,0,0.2693887245392336,0,12,balanced,Test
AST-1041,2024-10-12,0,0,0.7073562681609563,1,12,balanced,Test
AST-1042,2024-10-12,0,0,0.4313413877725101,0,12,balanced,Test
AST-2017,2024-10-12,0,0,0.33395659556792684,0,12,balanced,Test
AST-2031,2024-10-12,0,0,0.6904134676747102,1,12,balanced,Test
AST-3008,2024-10-12,0,0,0.29379852240186677,0,12,balanced,Test
AST-3019,2024-10-12,0,0,0.2781444330858309,0,12,balanced,Test
AST-4055,2024-10-12,0,0,0.586053274105202,1,12,balanced,Test
AST-4061,2024-10-12,0,0,0.26114522264854617,0,12,balanced,Test
AST-5003,2024-10-12,0,0,0.3528943795623886,0,12,balanced,Test
AST-5007,2024-10-12,0,0,0.2836039243619497,0,12,balanced,Test
AST-1041,2024-10-13,0,0,0.33762628547300433,0,12,balanced,Test
AST-1042,2024-10-13,0,0,0.38689983182207976,0,12,balanced,Test
AST-2017,2024-10-13,0,0,0.3380069680289971,0,12,balanced,Test
AST-2031,2024-10-13,0,0,0.6644192449228851,1,12,balanced,Test
AST-3008,2024-10-13,0,0,0.2729166185707449,0,12,balanced,Test
AST-3019,2024-10-13,0,0,0.26337266147131283,0,12,balanced,Test
AST-4055,2024-10-13,0,0,0.4602722635417282,0,12,balanced,Test
AST-4061,2024-10-13,0,0,0.31251565754101474,0,12,balanced,Test
AST-5003,2024-10-13,0,0,0.422356784832742,0,12,balanced,Test
AST-5007,2024-10-13,0,0,0.2590392288960908,0,12,balanced,Test
AST-1041,2024-10-14,3,0,0.6225234572641384,1,12,balanced,Test
AST-1042,2024-10-14,0,0,0.592277506575448,1,12,balanced,Test
AST-2017,2024-10-14,7,0,0.3672987097866153,0,12,balanced,Test
AST-2031,2024-10-14,10,0,0.7548251476097596,1,12,balanced,Test
AST-3008,2024-10-14,2,0,0.3795193455029394,0,12,balanced,Test
AST-3019,2024-10-14,2,0,0.4303542347530641,0,12,balanced,Test
AST-4055,2024-10-14,2,0,0.665584188690858,1,12,balanced,Test
AST-4061,2024-10-14,1,0,0.45210255722542186,0,12,balanced,Test
AST-5003,2024-10-14,18,1,0.5196916192358587,1,12,balanced,Test
AST-5007,2024-10-14,3,0,0.41853289877448546,0,12,balanced,Test
AST-1041,2024-10-15,6,0,0.6241501075425379,1,12,balanced,Test
AST-1042,2024-10-15,0,0,0.57887110205739,1,12,balanced,Test
AST-2017,2024-10-15,8,0,0.3774742603441414,0,12,balanced,Test
AST-2031,2024-10-15,7,0,0.7993421913280733,1,12,balanced,Test
AST-3008,2024-10-15,9,0,0.36420344078488115,0,12,balanced,Test
AST-3019,2024-10-15,12,1,0.3922883116906606,0,12,balanced,Test
AST-4055,2024-10-15,9,0,0.6419114450646274,1,12,balanced,Test
AST-4061,2024-10-15,6,0,0.45545706901019467,0,12,balanced,Test
AST-5003,2024-10-15,14,1,0.5105879877800362,1,12,balanced,Test
AST-5007,2024-10-15,7,0,0.3312669729246343,0,12,balanced,Test
AST-1041,2024-10-16,8,0,0.5733982781989341,1,12,balanced,Test
AST-1042,2024-10-16,6,0,0.574782487851132,1,12,balanced,Test
AST-2017,2024-10-16,5,0,0.4945136423431763,0,12,balanced,Test
AST-2031,2024-10-16,2,0,0.7324430639295885,1,12,balanced,Test
AST-3008,2024-10-16,10,0,0.4258792584379852,0,12,balanced,Test
AST-3019,2024-10-16,14,1,0.3340494486419611,0,12,balanced,Test
AST-4055,2024-10-16,10,0,0.6041149821566609,1,12,balanced,Test
AST-4061,2024-10-16,4,0,0.3961477194504003,0,12,balanced,Test
AST-5003,2024-10-16,8,0,0.5776881057396701,1,12,balanced,Test
AST-5007,2024-10-16,7,0,0.38513000127273767,0,12,balanced,Test
AST-1041,2024-10-17,10,0,0.5783195075274097,1,12,balanced,Test
AST-1042,2024-10-17,0,0,0.5940929515392849,1,12,balanced,Test
AST-2017,2024-10-17,6,0,0.4466512575763258,0,12,balanced,Test
AST-2031,2024-10-17,9,0,0.778022013578221,1,12,balanced,Test
AST-3008,2024-10-17,8,0,0.4602109125158659,0,12,balanced,Test
AST-3019,2024-10-17,14,1,0.37231344923584897,0,12,balanced,Test
AST-4055,2024-10-17,9,0,0.7183968978967719,1,12,balanced,Test
AST-4061,2024-10-17,6,0,0.40779163154496817,0,12,balanced,Test
AST-5003,2024-10-17,4,0,0.5814819147554229,1,12,balanced,Test
AST-5007,2024-10-17,3,0,0.3691593943844357,0,12,balanced,Test
AST-1041,2024-10-18,3,0,0.6238281597962446,1,12,balanced,Test
AST-1042,2024-10-18,6,0,0.5563619976576182,1,12,balanced,Test
AST-2017,2024-10-18,18,1,0.41182714725784747,0,12,balanced,Test
AST-2031,2024-10-18,8,0,0.7954913434154217,1,12,balanced,Test
AST-3008,2024-10-18,3,0,0.4045919361070103,0,12,balanced,Test
AST-3019,2024-10-18,12,1,0.2845847112432167,0,12,balanced,Test
AST-4055,2024-10-18,12,1,0.5871171797958954,1,12,balanced,Test
AST-4061,2024-10-18,2,0,0.39911168248670575,0,12,balanced,Test
AST-5003,2024-10-18,1,0,0.5375200276274533,1,12,balanced,Test
AST-5007,2024-10-18,8,0,0.3413567518721947,0,12,balanced,Test
AST-1041,2024-10-19,0,0,0.43895237615978694,0,12,balanced,Test
AST-1042,2024-10-19,0,0,0.41301776100625787,0,12,balanced,Test
AST-2017,2024-10-19,0,0,0.3773397290615917,0,12,balanced,Test
AST-2031,2024-10-19,0,0,0.6500397665640535,1,12,balanced,Test
AST-3008,2024-10-19,0,0,0.3266988775190408,0,12,balanced,Test
AST-3019,2024-10-19,0,0,0.27149180373449006,0,12,balanced,Test
AST-4055,2024-10-19,0,0,0.5506367989082934,1,12,balanced,Test
AST-4061,2024-10-19,0,0,0.2917147259925801,0,12,balanced,Test
AST-5003,2024-10-19,0,0,0.3825962111438939,0,12,balanced,Test
AST-5007,2024-10-19,0,0,0.21088808112561483,0,12,balanced,Test
AST-1041,2024-10-20,0,0,0.40652920216046345,0,12,balanced,Test
AST-1042,2024-10-20,0,0,0.5193886154687263,1,12,balanced,Test
AST-2017,2024-10-20,0,0,0.3225330380944251,0,12,balanced,Test
AST-2031,2024-10-20,0,0,0.7402365486887067,1,12,balanced,Test
AST-3008,2024-10-20,0,0,0.28385851247953053,0,12,balanced,Test
AST-3019,2024-10-20,0,0,0.30411575690655773,0,12,balanced,Test
AST-4055,2024-10-20,0,0,0.5662916552323939,1,12,balanced,Test
AST-4061,2024-10-20,0,0,0.6417623288836558,1,12,balanced,Test
AST-5003,2024-10-20,0,0,0.33813756652841115,0,12,balanced,Test
AST-5007,2024-10-20,0,0,0.24107962837069954,0,12,balanced,Test
AST-1041,2024-10-21,5,0,0.5971467774441831,1,12,balanced,Test
AST-1042,2024-10-21,7,0,0.5377720447843196,1,12,balanced,Test
AST-2017,2024-10-21,2,0,0.5070945668310605,1,12,balanced,Test
AST-2031,2024-10-21,8,0,0.7614540111552714,1,12,balanced,Test
AST-3008,2024-10-21,5,0,0.449179580846603,0,12,balanced,Test
AST-3019,2024-10-21,0,0,0.4642557452038671,0,12,balanced,Test
AST-4055,2024-10-21,14,1,0.6450068575234573,1,12,balanced,Test
AST-4061,2024-10-21,8,0,0.3642624184682584,0,12,balanced,Test
AST-5003,2024-10-21,8,0,0.5082839461816523,1,12,balanced,Test
AST-5007,2024-10-21,4,0,0.3451323158699444,0,12,balanced,Test
AST-1041,2024-10-22,0,0,0.5910584647559515,1,12,balanced,Test
AST-1042,2024-10-22,4,0,0.5669321419046699,1,12,balanced,Test
AST-2017,2024-10-22,7,0,0.4543150121581941,0,12,balanced,Test
AST-2031,2024-10-22,9,0,0.7660002061442633,1,12,balanced,Test
AST-3008,2024-10-22,10,0,0.39302175563803093,0,12,balanced,Test
AST-3019,2024-10-22,6,0,0.4418367090047899,0,12,balanced,Test
AST-4055,2024-10-22,12,1,0.6142777948076987,1,12,balanced,Test
AST-4061,2024-10-22,12,1,0.41521729194600016,0,12,balanced,Test
AST-5003,2024-10-22,6,0,0.5195798007959108,1,12,balanced,Test
AST-5007,2024-10-22,0,0,0.30314703694827283,0,12,balanced,Test
AST-1041,2024-10-23,6,0,0.5280583308690993,1,12,balanced,Test
AST-1042,2024-10-23,4,0,0.5342809459009212,1,12,balanced,Test
AST-2017,2024-10-23,13,1,0.687697926586007,1,12,balanced,Test
AST-2031,2024-10-23,8,0,0.7712895185147544,1,12,balanced,Test
AST-3008,2024-10-23,12,1,0.41770140383773063,0,12,balanced,Test
AST-3019,2024-10-23,4,0,0.393888432064102,0,12,balanced,Test
AST-4055,2024-10-23,11,0,0.6937109159038369,1,12,balanced,Test
AST-4061,2024-10-23,22,1,0.39242348804019433,0,12,balanced,Test
AST-5003,2024-10-23,9,0,0.5842599745740404,1,12,balanced,Test
AST-5007,2024-10-23,1,0,0.33262582726846573,0,12,balanced,Test
AST-1041,2024-10-24,11,0,0.5832882468384021,1,12,balanced,Test
AST-1042,2024-10-24,2,0,0.5020604601066051,1,12,balanced,Test
AST-2017,2024-10-24,21,1,0.526128024742817,1,12,balanced,Test
AST-2031,2024-10-24,2,0,0.7758751806352298,1,12,balanced,Test
AST-3008,2024-10-24,6,0,0.42115403487830716,0,12,balanced,Test
AST-3019,2024-10-24,9,0,0.46473370718905616,0,12,balanced,Test
AST-4055,2024-10-24,2,0,0.6000063050184042,1,12,balanced,Test
AST-4061,2024-10-24,4,0,0.37010363267586,0,12,balanced,Test
AST-5003,2024-10-24,4,0,0.5561372848694288,1,12,balanced,Test
AST-5007,2024-10-24,1,0,0.2803651334192513,0,12,balanced,Test
AST-1041,2024-10-25,14,1,0.5244817821739942,1,12,balanced,Test
AST-1042,2024-10-25,15,1,0.5171699283659185,1,12,balanced,Test
AST-2017,2024-10-25,11,0,0.43978256565694407,0,12,balanced,Test
AST-2031,2024-10-25,0,0,0.7776758614196303,1,12,balanced,Test
AST-3008,2024-10-25,8,0,0.48250103811620504,0,12,balanced,Test
AST-3019,2024-10-25,9,0,0.3651176127733167,0,12,balanced,Test
AST-4055,2024-10-25,11,0,0.5771526099025451,1,12,balanced,Test
AST-4061,2024-10-25,4,0,0.3784159936262469,0,12,balanced,Test
AST-5003,2024-10-25,5,0,0.4980425385848807,0,12,balanced,Test
AST-5007,2024-10-25,6,0,0.36876392530381835,0,12,balanced,Test
AST-1041,2024-10-26,0,0,0.39516591668539,0,12,balanced,Test
AST-1042,2024-10-26,0,0,0.43572164310716266,0,12,balanced,Test
AST-2017,2024-10-26,0,0,0.358989004958733,0,12,balanced,Test
AST-2031,2024-10-26,0,0,0.6263564852451823,1,12,balanced,Test
AST-3008,2024-10-26,0,0,0.27343434553194945,0,12,balanced,Test
AST-3019,2024-10-26,0,0,0.24807247553378925,0,12,balanced,Test
AST-4055,2024-10-26,0,0,0.5844548493031174,1,12,balanced,Test
AST-4061,2024-10-26,0,0,0.23538548455860628,0,12,balanced,Test
AST-5003,2024-10-26,0,0,0.401559889409524,0,12,balanced,Test
AST-5007,2024-10-26,0,0,0.23528992661037137,0,12,balanced,Test
AST-1041,2024-10-27,0,0,0.4391725641846083,0,12,balanced,Test
AST-1042,2024-10-27,0,0,0.43239231305975034,0,12,balanced,Test
AST-2017,2024-10-27,0,0,0.3730374758063691,0,12,balanced,Test
AST-2031,2024-10-27,0,0,0.703242715069206,1,12,balanced,Test
AST-3008,2024-10-27,0,0,0.28733236321447647,0,12,balanced,Test
AST-3019,2024-10-27,0,0,0.35736495650363476,0,12,balanced,Test
AST-4055,2024-10-27,0,0,0.5292846110567592,1,12,balanced,Test
AST-4061,2024-10-27,0,0,0.28181762939313454,0,12,balanced,Test
AST-5003,2024-10-27,0,0,0.7820439196990058,1,12,balanced,Test
AST-5007,2024-10-27,0,0,0.21508126279658296,0,12,balanced,Test
AST-1041,2024-10-28,0,0,0.5624814121535484,1,12,balanced,Test
AST-1042,2024-10-28,8,0,0.5286249376669548,1,12,balanced,Test
AST-2017,2024-10-28,7,0,0.3914122318751143,0,12,balanced,Test
AST-2031,2024-10-28,4,0,0.7490968782347572,1,12,balanced,Test
AST-3008,2024-10-28,5,0,0.4297528717072564,0,12,balanced,Test
AST-3019,2024-10-28,9,0,0.44607592250067074,0,12,balanced,Test
AST-4055,2024-10-28,9,0,0.6699530966503089,1,12,balanced,Test
AST-4061,2024-10-28,2,0,0.390936936723655,0,12,balanced,Test
AST-5003,2024-10-28,14,1,0.6008905311442937,1,12,balanced,Test
AST-5007,2024-10-28,11,0,0.37026237916442845,0,12,balanced,Test
AST-1041,2024-10-29,5,0,0.619260657420041,1,12,balanced,Test
AST-1042,2024-10-29,5,0,0.5438580323970567,1,12,balanced,Test
AST-2017,2024-10-29,14,1,0.7198353852688335,1,12,balanced,Test
AST-2031,2024-10-29,2,0,0.7615439730346059,1,12,balanced,Test
AST-3008,2024-10-29,8,0,0.4075776624482727,0,12,balanced,Test
AST-3019,2024-10-29,6,0,0.42438760042526763,0,12,balanced,Test
AST-4055,2024-10-29,3,0,0.5977561981721361,1,12,balanced,Test
AST-4061,2024-10-29,4,0,0.3091462481569525,0,12,balanced,Test
AST-5003,2024-10-29,3,0,0.6138680848685333,1,12,balanced,Test
AST-5007,2024-10-29,0,0,0.3407156048518151,0,12,balanced,Test
AST-1041,2024-10-30,4,0,0.5337648470723564,1,12,balanced,Test
AST-1042,2024-10-30,9,0,0.5091806416308099,1,12,balanced,Test
AST-2017,2024-10-30,7,0,0.38981554959692427,0,12,balanced,Test
AST-2031,2024-10-30,12,1,0.7499187006735035,1,12,balanced,Test
AST-3008,2024-10-30,1,0,0.4145590474097735,0,12,balanced,Test
AST-3019,2024-10-30,9,0,0.39435926215597433,0,12,balanced,Test
AST-4055,2024-10-30,8,0,0.6651073969670146,1,12,balanced,Test
AST-4061,2024-10-30,7,0,0.4675958467491583,0,12,balanced,Test
AST-5003,2024-10-30,19,1,0.5303252981942582,1,12,balanced,Test
AST-5007,2024-10-30,10,0,0.3010949997443475,0,12,balanced,Test
AST-1041,2024-10-31,6,0,0.517841960801547,1,12,balanced,Test
AST-1042,2024-10-31,12,1,0.5259116132343314,1,12,balanced,Test
AST-2017,2024-10-31,6,0,0.45385683992389453,0,12,balanced,Test
AST-2031,2024-10-31,0,0,0.7372685758205113,1,12,balanced,Test
AST-3008,2024-10-31,4,0,0.4089674980633165,0,12,balanced,Test
AST-3019,2024-10-31,6,0,0.363521417237107,0,12,balanced,Test
AST-4055,2024-10-31,6,0,0.7160926282272406,1,12,balanced,Test
AST-4061,2024-10-31,2,0,0.420329507632664,0,12,balanced,Test
AST-5003,2024-10-31,10,0,0.5134322653002228,1,12,balanced,Test
AST-5007,2024-10-31,4,0,0.3572089825445227,0,12,balanced,Test
AST-1041,2024-11-01,6,0,0.549122675489412,1,12,balanced,Test
AST-1042,2024-11-01,1,0,0.5865404208818975,1,12,balanced,Test
AST-2017,2024-11-01,7,0,0.4205244425560401,0,12,balanced,Test
AST-2031,2024-11-01,8,0,0.7608666570833198,1,12,balanced,Test
AST-3008,2024-11-01,8,0,0.4368386336473746,0,12,balanced,Test
AST-3019,2024-11-01,5,0,0.34840141954163056,0,12,balanced,Test
AST-4055,2024-11-01,7,0,0.611507361419655,1,12,balanced,Test
AST-4061,2024-11-01,10,0,0.3036262269898314,0,12,balanced,Test
AST-5003,2024-11-01,3,0,0.578337477827168,1,12,balanced,Test
AST-5007,2024-11-01,5,0,0.3475714691235685,0,12,balanced,Test
AST-1041,2024-11-02,0,0,0.41398226840245067,0,12,balanced,Test
AST-1042,2024-11-02,0,0,0.5312450671579863,1,12,balanced,Test
AST-2017,2024-11-02,0,0,0.33217157381928436,0,12,balanced,Test
AST-2031,2024-11-02,0,0,0.6172492562800536,1,12,balanced,Test
AST-3008,2024-11-02,0,0,0.2008046158847691,0,12,balanced,Test
AST-3019,2024-11-02,0,0,0.2686665438353967,0,12,balanced,Test
AST-4055,2024-11-02,0,0,0.5386668168318008,1,12,balanced,Test
AST-4061,2024-11-02,0,0,0.37017981254205734,0,12,balanced,Test
AST-5003,2024-11-02,0,0,0.3677908260070981,0,12,balanced,Test
AST-5007,2024-11-02,0,0,0.25385342477978007,0,12,balanced,Test
AST-1041,2024-11-03,0,0,0.395880130068157,0,12,balanced,Test
AST-1042,2024-11-03,0,0,0.4129105247983468,0,12,balanced,Test
AST-2017,2024-11-03,0,0,0.326188590614855,0,12,balanced,Test
AST-2031,2024-11-03,0,0,0.6929746808205934,1,12,balanced,Test
AST-3008,2024-11-03,0,0,0.26256872202965437,0,12,balanced,Test
AST-3019,2024-11-03,0,0,0.2660599239180887,0,12,balanced,Test
AST-4055,2024-11-03,0,0,0.4497907754906852,0,12,balanced,Test
AST-4061,2024-11-03,0,0,0.222384323005216,0,12,balanced,Test
AST-5003,2024-11-03,0,0,0.5060080469749418,1,12,balanced,Test
AST-5007,2024-11-03,0,0,0.4766775305898447,0,12,balanced,Test
AST-1041,2024-11-04,1,0,0.5831048397957183,1,12,balanced,Test
AST-1042,2024-11-04,12,1,0.5078830830969273,1,12,balanced,Test
AST-2017,2024-11-04,9,0,0.46183882195480275,0,12,balanced,Test
AST-2031,2024-11-04,4,0,0.7919014661525794,1,12,balanced,Test
AST-3008,2024-11-04,6,0,0.4411338143917373,0,12,balanced,Test
AST-3019,2024-11-04,0,0,0.3482911459054427,0,12,balanced,Test
AST-4055,2024-11-04,6,0,0.7221422047114209,1,12,balanced,Test
AST-4061,2024-11-04,2,0,0.3758268744507825,0,12,balanced,Test
AST-5003,2024-11-04,2,0,0.4901864346881567,0,12,balanced,Test
AST-5007,2024-11-04,10,0,0.4786113908016246,0,12,balanced,Test
AST-1041,2024-11-05,3,0,0.521089990217338,1,12,balanced,Test
AST-1042,2024-11-05,9,0,0.60819584639449,1,12,balanced,Test
AST-2017,2024-11-05,15,1,0.5445528820712023,1,12,balanced,Test
AST-2031,2024-11-05,11,0,0.7086613337872767,1,12,balanced,Test
AST-3008,2024-11-05,11,0,0.41482746805209897,0,12,balanced,Test
AST-3019,2024-11-05,18,1,0.47214305607182067,0,12,balanced,Test
AST-4055,2024-11-05,12,1,0.6150107069332091,1,12,balanced,Test
AST-4061,2024-11-05,16,1,0.42623421871751954,0,12,balanced,Test
AST-5003,2024-11-05,12,1,0.6054756240434571,1,12,balanced,Test
AST-5007,2024-11-05,4,0,0.32750881152415945,0,12,balanced,Test
AST-1041,2024-11-06,8,0,0.5833020931674403,1,12,balanced,Test
AST-1042,2024-11-06,4,0,0.5900835034145674,1,12,balanced,Test
AST-2017,2024-11-06,12,1,0.40138509813694195,0,12,balanced,Test
AST-2031,2024-11-06,8,0,0.7909010967550729,1,12,balanced,Test
AST-3008,2024-11-06,4,0,0.38076147916069103,0,12,balanced,Test
AST-3019,2024-11-06,2,0,0.360088496465407,0,12,balanced,Test
AST-4055,2024-11-06,14,1,0.6720525978394656,1,12,balanced,Test
AST-4061,2024-11-06,8,0,0.42101866942147886,0,12,balanced,Test
AST-5003,2024-11-06,18,1,0.5454620912386589,1,12,balanced,Test
AST-5007,2024-11-06,6,0,0.31190792619541474,0,12,balanced,Test
AST-1041,2024-11-07,0,0,0.5394157103028824,1,12,balanced,Test
AST-1042,2024-11-07,8,0,0.575277901791121,1,12,balanced,Test
AST-2017,2024-11-07,16,1,0.4635903353758611,0,12,balanced,Test
AST-2031,2024-11-07,8,0,0.754640450802457,1,12,balanced,Test
AST-3008,2024-11-07,11,0,0.4722887101147252,0,12,balanced,Test
AST-3019,2024-11-07,9,0,0.40394912637013486,0,12,balanced,Test
AST-4055,2024-11-07,8,0,0.6702050353153947,1,12,balanced,Test
AST-4061,2024-11-07,6,0,0.5620102391982872,1,12,balanced,Test
AST-5003,2024-11-07,10,0,0.5224204851878662,1,12,balanced,Test
AST-5007,2024-11-07,4,0,0.5214709676109731,1,12,balanced,Test
AST-1041,2024-11-08,4,0,0.5394974066715621,1,12,balanced,Test
AST-1042,2024-11-08,5,0,0.5201542475954627,1,12,balanced,Test
AST-2017,2024-11-08,1,0,0.3637263787682085,0,12,balanced,Test
AST-2031,2024-11-08,6,0,0.7144215089224616,1,12,balanced,Test
AST-3008,2024-11-08,8,0,0.3838118308265159,0,12,balanced,Test
AST-3019,2024-11-08,4,0,0.4340002913541551,0,12,balanced,Test
AST-4055,2024-11-08,11,0,0.6570762300741031,1,12,balanced,Test
AST-4061,2024-11-08,0,0,0.33861558169618944,0,12,balanced,Test
AST-5003,2024-11-08,6,0,0.6029890218259788,1,12,balanced,Test
AST-5007,2024-11-08,4,0,0.3424763799030953,0,12,balanced,Test
AST-1041,2024-11-09,0,0,0.42419074710634014,0,12,balanced,Test
AST-1042,2024-11-09,0,0,0.3773023540079709,0,12,balanced,Test
AST-2017,2024-11-09,0,0,0.365965732274148,0,12,balanced,Test
AST-2031,2024-11-09,0,0,0.6659841257532546,1,12,balanced,Test
AST-3008,2024-11-09,0,0,0.4696472053118974,0,12,balanced,Test
AST-3019,2024-11-09,0,0,0.26886639955669656,0,12,balanced,Test
AST-4055,2024-11-09,0,0,0.5182143711436127,1,12,balanced,Test
AST-4061,2024-11-09,0,0,0.340191145228322,0,12,balanced,Test
AST-5003,2024-11-09,0,0,0.35537781238374005,0,12,balanced,Test
AST-5007,2024-11-09,0,0,0.21499219475173997,0,12,balanced,Test
AST-1041,2024-11-10,0,0,0.3736891737843569,0,12,balanced,Test
AST-1042,2024-11-10,0,0,0.4923315245693218,0,12,balanced,Test
AST-2017,2024-11-10,0,0,0.3248354768644999,0,12,balanced,Test
AST-2031,2024-11-10,0,0,0.7025391339097153,1,12,balanced,Test
AST-3008,2024-11-10,0,0,0.474098780732261,0,12,balanced,Test
AST-3019,2024-11-10,0,0,0.3125417541600288,0,12,balanced,Test
AST-4055,2024-11-10,0,0,0.4814799961512265,0,12,balanced,Test
AST-4061,2024-11-10,0,0,0.3190930060757757,0,12,balanced,Test
AST-5003,2024-11-10,0,0,0.4622751690421056,0,12,balanced,Test
AST-5007,2024-11-10,0,0,0.292979573270988,0,12,balanced,Test
AST-1041,2024-11-11,10,0,0.5859683268645012,1,12,balanced,Test
AST-1042,2024-11-11,8,0,0.5367065972149456,1,12,balanced,Test
AST-2017,2024-11-11,7,0,0.4547017007116112,0,12,balanced,Test
AST-2031,2024-11-11,4,0,0.7839172942935436,1,12,balanced,Test
AST-3008,2024-11-11,4,0,0.4166418712695831,0,12,balanced,Test
AST-3019,2024-11-11,3,0,0.4662380859541668,0,12,balanced,Test
AST-4055,2024-11-11,8,0,0.6559903349790177,1,12,balanced,Test
AST-4061,2024-11-11,6,0,0.3564994712395307,0,12,balanced,Test
AST-5003,2024-11-11,8,0,0.682152501714968,1,12,balanced,Test
AST-5007,2024-11-11,7,0,0.26219457931123125,0,12,balanced,Test
AST-1041,2024-11-12,14,1,0.855164424892388,1,12,balanced,Test
AST-1042,2024-11-12,6,0,0.43149748905808843,0,12,balanced,Test
AST-2017,2024-11-12,7,0,0.3999616192934364,0,12,balanced,Test
AST-2031,2024-11-12,10,0,0.7511385492582889,1,12,balanced,Test
AST-3008,2024-11-12,11,0,0.4474092479512253,0,12,balanced,Test
AST-3019,2024-11-12,7,0,0.3948114651469624,0,12,balanced,Test
AST-4055,2024-11-12,13,1,0.5896393673538176,1,12,balanced,Test
AST-4061,2024-11-12,16,1,0.4027759255550331,0,12,balanced,Test
AST-5003,2024-11-12,9,0,0.5724934205173451,1,12,balanced,Test
AST-5007,2024-11-12,5,0,0.6495151858652726,1,12,balanced,Test
AST-1041,2024-11-13,10,0,0.5803938660873744,1,12,balanced,Test
AST-1042,2024-11-13,7,0,0.5484166756491035,1,12,balanced,Test
AST-2017,2024-11-13,2,0,0.5295798174531718,1,12,balanced,Test
AST-2031,2024-11-13,4,0,0.7890451377597885,1,12,balanced,Test
AST-3008,2024-11-13,10,0,0.37930230792331515,0,12,balanced,Test
AST-3019,2024-11-13,7,0,0.7411058860071981,1,12,balanced,Test
AST-4055,2024-11-13,1,0,0.6486478036521754,1,12,balanced,Test
AST-4061,2024-11-13,13,1,0.3496999429818534,0,12,balanced,Test
AST-5003,2024-11-13,9,0,0.5906904085720462,1,12,balanced,Test
AST-5007,2024-11-13,0,0,0.3609426981321791,0,12,balanced,Test
AST-1041,2024-11-14,5,0,0.6408965746805328,1,12,balanced,Test
AST-1042,2024-11-14,3,0,0.6019713106505743,1,12,balanced,Test
AST-2017,2024-11-14,5,0,0.5060922222456142,1,12,balanced,Test
AST-2031,2024-11-14,8,0,0.7623798965716716,1,12,balanced,Test
AST-3008,2024-11-14,3,0,0.3486860119534487,0,12,balanced,Test
AST-3019,2024-11-14,11,0,0.4900950934430354,0,12,balanced,Test
AST-4055,2024-11-14,2,0,0.6687560109372109,1,12,balanced,Test
AST-4061,2024-11-14,2,0,0.41307062631215985,0,12,balanced,Test
AST-5003,2024-11-14,9,0,0.6080698335509792,1,12,balanced,Test
AST-5007,2024-11-14,9,0,0.3662945877974022,0,12,balanced,Test
AST-1041,2024-11-15,2,0,0.5739684637423125,1,12,balanced,Test
AST-1042,2024-11-15,5,0,0.5667955138810057,1,12,balanced,Test
AST-2017,2024-11-15,5,0,0.46313590640482355,0,12,balanced,Test
AST-2031,2024-11-15,6,0,0.790922210607396,1,12,balanced,Test
AST-3008,2024-11-15,11,0,0.46939695407017074,0,12,balanced,Test
AST-3019,2024-11-15,2,0,0.3778789683884328,0,12,balanced,Test
AST-4055,2024-11-15,14,1,0.6781905960506639,1,12,balanced,Test
AST-4061,2024-11-15,8,0,0.40575766117795686,0,12,balanced,Test
AST-5003,2024-11-15,10,0,0.4865616291051293,0,12,balanced,Test
AST-5007,2024-11-15,7,0,0.41714745747663634,0,12,balanced,Test
AST-1041,2024-11-16,0,0,0.4532243002811887,0,12,balanced,Test
AST-1042,2024-11-16,0,0,0.633456735093885,1,12,balanced,Test
AST-2017,2024-11-16,0,0,0.4125560075763097,0,12,balanced,Test
AST-2031,2024-11-16,0,0,0.7411430232939754,1,12,balanced,Test
AST-3008,2024-11-16,0,0,0.2827611896961826,0,12,balanced,Test
AST-3019,2024-11-16,0,0,0.286172485456094,0,12,balanced,Test
AST-4055,2024-11-16,0,0,0.6392290061010016,1,12,balanced,Test
AST-4061,2024-11-16,0,0,0.30178752233163897,0,12,balanced,Test
AST-5003,2024-11-16,0,0,0.3914767451220393,0,12,balanced,Test
AST-5007,2024-11-16,0,0,0.21219298798060166,0,12,balanced,Test
AST-1041,2024-11-17,0,0,0.3185260901925492,0,12,balanced,Test
AST-1042,2024-11-17,0,0,0.4083757596635425,0,12,balanced,Test
AST-2017,2024-11-17,0,0,0.285546013252564,0,12,balanced,Test
AST-2031,2024-11-17,0,0,0.6405371320169423,1,12,balanced,Test
AST-3008,2024-11-17,0,0,0.4659862826492549,0,12,balanced,Test
AST-3019,2024-11-17,0,0,0.3048975756708655,0,12,balanced,Test
AST-4055,2024-11-17,0,0,0.5266656039679503,1,12,balanced,Test
AST-4061,2024-11-17,0,0,0.19247158634820674,0,12,balanced,Test
AST-5003,2024-11-17,0,0,0.37673220401022434,0,12,balanced,Test
AST-5007,2024-11-17,0,0,0.24265332034981585,0,12,balanced,Test
AST-1041,2024-11-18,9,0,0.5275405473094825,1,12,balanced,Test
AST-1042,2024-11-18,9,0,0.5217302606362053,1,12,balanced,Test
AST-2017,2024-11-18,8,0,0.4282041865258352,0,12,balanced,Test
AST-2031,2024-11-18,7,0,0.7557961383820077,1,12,balanced,Test
AST-3008,2024-11-18,4,0,0.4669507877988292,0,12,balanced,Test
AST-3019,2024-11-18,6,0,0.38578609172262246,0,12,balanced,Test
AST-4055,2024-11-18,21,1,0.6580844477097824,1,12,balanced,Test
AST-4061,2024-11-18,5,0,0.4256303907207785,0,12,balanced,Test
AST-5003,2024-11-18,5,0,0.508217906464038,1,12,balanced,Test
AST-5007,2024-11-18,7,0,0.27839350209400293,0,12,balanced,Test
AST-1041,2024-11-19,10,0,0.5521287033859786,1,12,balanced,Test
AST-1042,2024-11-19,11,0,0.5732980476765993,1,12,balanced,Test
AST-2017,2024-11-19,5,0,0.4356493727634742,0,12,balanced,Test
AST-2031,2024-11-19,10,0,0.75904237763177,1,12,balanced,Test
AST-3008,2024-11-19,11,0,0.538558122544819,1,12,balanced,Test
AST-3019,2024-11-19,2,0,0.39747434847570123,0,12,balanced,Test
AST-4055,2024-11-19,11,0,0.6968964816446722,1,12,balanced,Test
AST-4061,2024-11-19,4,0,0.45547716131227767,0,12,balanced,Test
AST-5003,2024-11-19,10,0,0.5647672057598723,1,12,balanced,Test
AST-5007,2024-11-19,1,0,0.28106163934109424,0,12,balanced,Test
AST-1041,2024-11-20,12,1,0.5207018302059292,1,12,balanced,Test
AST-1042,2024-11-20,4,0,0.5640888464937869,1,12,balanced,Test
AST-2017,2024-11-20,6,0,0.3892718748661636,0,12,balanced,Test
AST-2031,2024-11-20,8,0,0.784425113274416,1,12,balanced,Test
AST-3008,2024-11-20,8,0,0.6412489729256734,1,12,balanced,Test
AST-3019,2024-11-20,0,0,0.4341524514024032,0,12,balanced,Test
AST-4055,2024-11-20,3,0,0.6966425326439908,1,12,balanced,Test
AST-4061,2024-11-20,11,0,0.4025718275634708,0,12,balanced,Test
AST-5003,2024-11-20,20,1,0.6203706538061473,1,12,balanced,Test
AST-5007,2024-11-20,0,0,0.33562129253835915,0,12,balanced,Test
AST-1041,2024-11-21,6,0,0.6161568557193625,1,12,balanced,Test
AST-1042,2024-11-21,6,0,0.5330220698137792,1,12,balanced,Test
AST-2017,2024-11-21,9,0,0.40918488008228926,0,12,balanced,Test
AST-2031,2024-11-21,17,1,0.7475750396025319,1,12,balanced,Test
AST-3008,2024-11-21,4,0,0.32668814158033904,0,12,balanced,Test
AST-3019,2024-11-21,6,0,0.3907300759935085,0,12,balanced,Test
AST-4055,2024-11-21,8,0,0.6466210068597219,1,12,balanced,Test
AST-4061,2024-11-21,4,0,0.3337893486731614,0,12,balanced,Test
AST-5003,2024-11-21,12,1,0.5033657162810568,1,12,balanced,Test
AST-5007,2024-11-21,6,0,0.33762740079384057,0,12,balanced,Test
AST-1041,2024-11-22,12,1,0.5474709118031145,1,12,balanced,Test
AST-1042,2024-11-22,6,0,0.5978624571979503,1,12,balanced,Test
AST-2017,2024-11-22,7,0,0.4200329197409578,0,12,balanced,Test
AST-2031,2024-11-22,0,0,0.764987760662164,1,12,balanced,Test
AST-3008,2024-11-22,2,0,0.42403727935924557,0,12,balanced,Test
AST-3019,2024-11-22,4,0,0.45596791152109484,0,12,balanced,Test
AST-4055,2024-11-22,9,0,0.6512574823376588,1,12,balanced,Test
AST-4061,2024-11-22,6,0,0.4556734587646575,0,12,balanced,Test
AST-5003,2024-11-22,15,1,0.6101524717257828,1,12,balanced,Test
AST-5007,2024-11-22,2,0,0.2894558866331383,0,12,balanced,Test
AST-1041,2024-11-23,0,0,0.44700851270712993,0,12,balanced,Test
AST-1042,2024-11-23,0,0,0.45787119702140033,0,12,balanced,Test
AST-2017,2024-11-23,0,0,0.2871678772943913,0,12,balanced,Test
AST-2031,2024-11-23,0,0,0.6014072330543239,1,12,balanced,Test
AST-3008,2024-11-23,0,0,0.3413281388317794,0,12,balanced,Test
AST-3019,2024-11-23,0,0,0.2938524135040777,0,12,balanced,Test
AST-4055,2024-11-23,0,0,0.582050545107593,1,12,balanced,Test
AST-4061,2024-11-23,0,0,0.22415639636130433,0,12,balanced,Test
AST-5003,2024-11-23,0,0,0.3968472336900659,0,12,balanced,Test
AST-5007,2024-11-23,0,0,0.20748050542617072,0,12,balanced,Test
AST-1041,2024-11-24,0,0,0.42635959672891915,0,12,balanced,Test
AST-1042,2024-11-24,0,0,0.4240956236162083,0,12,balanced,Test
AST-2017,2024-11-24,0,0,0.32583388688346276,0,12,balanced,Test
AST-2031,2024-11-24,0,0,0.7166026072159192,1,12,balanced,Test
AST-3008,2024-11-24,0,0,0.3655892847972941,0,12,balanced,Test
AST-3019,2024-11-24,0,0,0.3607840442301401,0,12,balanced,Test
AST-4055,2024-11-24,0,0,0.43889401554166463,0,12,balanced,Test
AST-4061,2024-11-24,0,0,0.2357959637275465,0,12,balanced,Test
AST-5003,2024-11-24,0,0,0.3741540291686328,0,12,balanced,Test
AST-5007,2024-11-24,0,0,0.2766880140140855,0,12,balanced,Test
AST-1041,2024-11-25,4,0,0.5353710399867235,1,12,balanced,Test
AST-1042,2024-11-25,6,0,0.5653965090090788,1,12,balanced,Test
AST-2017,2024-11-25,5,0,0.4833567898932863,0,12,balanced,Test
AST-2031,2024-11-25,8,0,0.7851527866828852,1,12,balanced,Test
AST-3008,2024-11-25,3,0,0.4094531648245397,0,12,balanced,Test
AST-3019,2024-11-25,8,0,0.48984716461755107,0,12,balanced,Test
AST-4055,2024-11-25,7,0,0.6856308361229515,1,12,balanced,Test
AST-4061,2024-11-25,4,0,0.307221848924898,0,12,balanced,Test
AST-5003,2024-11-25,9,0,0.5593331185538852,1,12,balanced,Test
AST-5007,2024-11-25,6,0,0.35953089703492985,0,12,balanced,Test
AST-1041,2024-11-26,2,0,0.5847137443784352,1,12,balanced,Test
AST-1042,2024-11-26,4,0,0.5456988373108753,1,12,balanced,Test
AST-2017,2024-11-26,4,0,0.4573381648999472,0,12,balanced,Test
AST-2031,2024-11-26,8,0,0.7430007189195726,1,12,balanced,Test
AST-3008,2024-11-26,5,0,0.44344613398248334,0,12,balanced,Test
AST-3019,2024-11-26,5,0,0.40247092255205186,0,12,balanced,Test
AST-4055,2024-11-26,15,1,0.601670280766552,1,12,balanced,Test
AST-4061,2024-11-26,3,0,0.4102185328255959,0,12,balanced,Test
AST-5003,2024-11-26,9,0,0.6241997169006593,1,12,balanced,Test
AST-5007,2024-11-26,10,0,0.34360871219828804,0,12,balanced,Test
AST-1041,2024-11-27,6,0,0.5776813155065079,1,12,balanced,Test
AST-1042,2024-11-27,4,0,0.5968573881554535,1,12,balanced,Test
AST-2017,2024-11-27,11,0,0.49905320698360917,0,12,balanced,Test
AST-2031,2024-11-27,15,1,0.7353040516662717,1,12,balanced,Test
AST-3008,2024-11-27,5,0,0.45396675340887965,0,12,balanced,Test
AST-3019,2024-11-27,6,0,0.43156960219625284,0,12,balanced,Test
AST-4055,2024-11-27,2,0,0.6424982568223359,1,12,balanced,Test
AST-4061,2024-11-27,6,0,0.33984297671645963,0,12,balanced,Test
AST-5003,2024-11-27,15,1,0.4906317871967302,0,12,balanced,Test
AST-5007,2024-11-27,10,0,0.31205415509341294,0,12,balanced,Test
AST-1041,2024-11-28,11,0,0.6572447686788949,1,12,balanced,Test
AST-1042,2024-11-28,8,0,0.6012455842629106,1,12,balanced,Test
AST-2017,2024-11-28,11,0,0.4701240288519521,0,12,balanced,Test
AST-2031,2024-11-28,9,0,0.7501837199661783,1,12,balanced,Test
AST-3008,2024-11-28,4,0,0.39633192200861317,0,12,balanced,Test
AST-3019,2024-11-28,6,0,0.4555701737233207,0,12,balanced,Test
AST-4055,2024-11-28,8,0,0.6700970880172741,1,12,balanced,Test
AST-4061,2024-11-28,6,0,0.3134645598539656,0,12,balanced,Test
AST-5003,2024-11-28,12,1,0.5699626158986065,1,12,balanced,Test
AST-5007,2024-11-28,9,0,0.3360511881461355,0,12,balanced,Test
AST-1041,2024-11-29,8,0,0.4898612904708796,0,12,balanced,Test
AST-1042,2024-11-29,2,0,0.5673551383334369,1,12,balanced,Test
AST-2017,2024-11-29,8,0,0.4702138720910412,0,12,balanced,Test
AST-2031,2024-11-29,10,0,0.7760431677535347,1,12,balanced,Test
AST-3008,2024-11-29,0,0,0.41058554487055193,0,12,balanced,Test
AST-3019,2024-11-29,6,0,0.3907290308779009,0,12,balanced,Test
AST-4055,2024-11-29,13,1,0.65522414694351,1,12,balanced,Test
AST-4061,2024-11-29,6,0,0.4328495277314836,0,12,balanced,Test
AST-5003,2024-11-29,11,0,0.6214208306327543,1,12,balanced,Test
AST-5007,2024-11-29,0,0,0.4236883160167114,0,12,balanced,Test
AST-1041,2024-11-30,0,0,0.3458085804444241,0,12,balanced,Test
AST-1042,2024-11-30,0,0,0.5568041417792907,1,12,balanced,Test
AST-2017,2024-11-30,0,0,0.32174987940931,0,12,balanced,Test
AST-2031,2024-11-30,0,0,0.7061492908408403,1,12,balanced,Test
AST-3008,2024-11-30,0,0,0.23883689925883075,0,12,balanced,Test
AST-3019,2024-11-30,0,0,0.37484418511677015,0,12,balanced,Test
AST-4055,2024-11-30,0,0,0.5434046415259798,1,12,balanced,Test
AST-4061,2024-11-30,0,0,0.22386782730562946,0,12,balanced,Test
AST-5003,2024-11-30,0,0,0.445125985560994,0,12,balanced,Test
AST-5007,2024-11-30,0,0,0.29778597606948737,0,12,balanced,Test
AST-1041,2024-12-01,0,0,0.35886393145520057,0,12,balanced,Test
AST-1042,2024-12-01,0,0,0.4451235153250857,0,12,balanced,Test
AST-2017,2024-12-01,0,0,0.36084998323406575,0,12,balanced,Test
AST-2031,2024-12-01,0,0,0.7534000646403954,1,12,balanced,Test
AST-3008,2024-12-01,0,0,0.2344791623352487,0,12,balanced,Test
AST-3019,2024-12-01,0,0,0.26332788299124027,0,12,balanced,Test
AST-4055,2024-12-01,0,0,0.5242321960758005,1,12,balanced,Test
AST-4061,2024-12-01,0,0,0.28674422746773526,0,12,balanced,Test
AST-5003,2024-12-01,0,0,0.3624528643683667,0,12,balanced,Test
AST-5007,2024-12-01,0,0,0.29375691868153264,0,12,balanced,Test
AST-1041,2024-12-02,7,0,0.559063691253031,1,12,balanced,Test
AST-1042,2024-12-02,12,1,0.5451960938288751,1,12,balanced,Test
AST-2017,2024-12-02,11,0,0.48702179214251295,0,12,balanced,Test
AST-2031,2024-12-02,2,0,0.7767499130195253,1,12,balanced,Test
AST-3008,2024-12-02,12,1,0.4481478816132513,0,12,balanced,Test
AST-3019,2024-12-02,4,0,0.38899042901556297,0,12,balanced,Test
AST-4055,2024-12-02,7,0,0.6802013454443196,1,12,balanced,Test
AST-4061,2024-12-02,9,0,0.42314099866441796,0,12,balanced,Test
AST-5003,2024-12-02,6,0,0.5904183387137021,1,12,balanced,Test
AST-5007,2024-12-02,5,0,0.40415216871418136,0,12,balanced,Test
AST-1041,2024-12-03,7,0,0.587188279750193,1,12,balanced,Test
AST-1042,2024-12-03,4,0,0.5105166972625654,1,12,balanced,Test
AST-2017,2024-12-03,10,0,0.4810748803194331,0,12,balanced,Test
AST-2031,2024-12-03,4,0,0.7588512570165981,1,12,balanced,Test
AST-3008,2024-12-03,2,0,0.4411153896016337,0,12,balanced,Test
AST-3019,2024-12-03,0,0,0.41504718668362806,0,12,balanced,Test
AST-4055,2024-12-03,13,1,0.5945699514892627,1,12,balanced,Test
AST-4061,2024-12-03,12,1,0.4067524921752283,0,12,balanced,Test
AST-5003,2024-12-03,9,0,0.5744623122913542,1,12,balanced,Test
AST-5007,2024-12-03,3,0,0.33782263117473876,0,12,balanced,Test
AST-1041,2024-12-04,4,0,0.6035059174391765,1,12,balanced,Test
AST-1042,2024-12-04,8,0,0.6175238756602344,1,12,balanced,Test
AST-2017,2024-12-04,17,1,0.5031331165787762,1,12,balanced,Test
AST-2031,2024-12-04,10,0,0.8005598550716735,1,12,balanced,Test
AST-3008,2024-12-04,4,0,0.3864308816581721,0,12,balanced,Test
AST-3019,2024-12-04,6,0,0.40927422568239136,0,12,balanced,Test
AST-4055,2024-12-04,10,0,0.5952353969952667,1,12,balanced,Test
AST-4061,2024-12-04,4,0,0.40885445985867847,0,12,balanced,Test
AST-5003,2024-12-04,8,0,0.5758013648636834,1,12,balanced,Test
AST-5007,2024-12-04,12,1,0.3375876071392685,0,12,balanced,Test
AST-1041,2024-12-05,5,0,0.5602869716248712,1,12,balanced,Test
AST-1042,2024-12-05,4,0,0.5749886547279275,1,12,balanced,Test
AST-2017,2024-12-05,5,0,0.469638574541363,0,12,balanced,Test
AST-2031,2024-12-05,7,0,0.8277356902471018,1,12,balanced,Test
AST-3008,2024-12-05,9,0,0.45132275041951686,0,12,balanced,Test
AST-3019,2024-12-05,18,1,0.41692637203473937,0,12,balanced,Test
AST-4055,2024-12-05,6,0,0.6338487911461622,1,12,balanced,Test
AST-4061,2024-12-05,10,0,0.42052239489994075,0,12,balanced,Test
AST-5003,2024-12-05,8,0,0.5774649533783063,1,12,balanced,Test
AST-5007,2024-12-05,9,0,0.33318959247828667,0,12,balanced,Test
AST-1041,2024-12-06,6,0,0.599366873922291,1,12,balanced,Test
AST-1042,2024-12-06,10,0,0.5017540635425852,1,12,balanced,Test
AST-2017,2024-12-06,15,1,0.5643984937865781,1,12,balanced,Test
AST-2031,2024-12-06,6,0,0.7567622179961799,1,12,balanced,Test
AST-3008,2024-12-06,4,0,0.4182589456163056,0,12,balanced,Test
AST-3019,2024-12-06,2,0,0.3546521604225096,0,12,balanced,Test
AST-4055,2024-12-06,5,0,0.6561186782887435,1,12,balanced,Test
AST-4061,2024-12-06,4,0,0.3564869274747521,0,12,balanced,Test
AST-5003,2024-12-06,9,0,0.49642445127504714,0,12,balanced,Test
AST-5007,2024-12-06,0,0,0.3412960447171509,0,12,balanced,Test
AST-1041,2024-12-07,0,0,0.4490790165631288,0,12,balanced,Test
AST-1042,2024-12-07,0,0,0.42071144102481506,0,12,balanced,Test
AST-2017,2024-12-07,0,0,0.35821105963393723,0,12,balanced,Test
AST-2031,2024-12-07,0,0,0.6723455464717207,1,12,balanced,Test
AST-3008,2024-12-07,0,0,0.2766123641932346,0,12,balanced,Test
AST-3019,2024-12-07,0,0,0.31259083312689334,0,12,balanced,Test
AST-4055,2024-12-07,0,0,0.5838727619058489,1,12,balanced,Test
AST-4061,2024-12-07,0,0,0.6028618518792579,1,12,balanced,Test
AST-5003,2024-12-07,0,0,0.45544885205565855,0,12,balanced,Test
AST-5007,2024-12-07,0,0,0.28756921929195706,0,12,balanced,Test
AST-1041,2024-12-08,0,0,0.4163602893003474,0,12,balanced,Test
AST-1042,2024-12-08,0,0,0.5068185531235211,1,12,balanced,Test
AST-2017,2024-12-08,0,0,0.3170740661780448,0,12,balanced,Test
AST-2031,2024-12-08,0,0,0.6707470580708866,1,12,balanced,Test
AST-3008,2024-12-08,0,0,0.250343687830679,0,12,balanced,Test
AST-3019,2024-12-08,0,0,0.24952611834227095,0,12,balanced,Test
AST-4055,2024-12-08,0,0,0.6739772459961615,1,12,balanced,Test
AST-4061,2024-12-08,0,0,0.2934523565969617,0,12,balanced,Test
AST-5003,2024-12-08,0,0,0.4066393447146569,0,12,balanced,Test
AST-5007,2024-12-08,0,0,0.27956859958568936,0,12,balanced,Test
AST-1041,2024-12-09,4,0,0.6286843633813657,1,12,balanced,Test
AST-1042,2024-12-09,7,0,0.6191552137400708,1,12,balanced,Test
AST-2017,2024-12-09,4,0,0.4295304730100403,0,12,balanced,Test
AST-2031,2024-12-09,3,0,0.759485097406678,1,12,balanced,Test
AST-3008,2024-12-09,4,0,0.4625606284165816,0,12,balanced,Test
AST-3019,2024-12-09,2,0,0.6594542315142086,1,12,balanced,Test
AST-4055,2024-12-09,3,0,0.672102490163179,1,12,balanced,Test
AST-4061,2024-12-09,24,1,0.38048385924730155,0,12,balanced,Test
AST-5003,2024-12-09,12,1,0.5677785047101455,1,12,balanced,Test
AST-5007,2024-12-09,12,1,0.39648201116044945,0,12,balanced,Test
AST-1041,2024-12-10,4,0,0.5783516479397064,1,12,balanced,Test
AST-1042,2024-12-10,24,1,0.641987475268605,1,12,balanced,Test
AST-2017,2024-12-10,18,1,0.47948736460345914,0,12,balanced,Test
AST-2031,2024-12-10,7,0,0.7432497951118505,1,12,balanced,Test
AST-3008,2024-12-10,10,0,0.3800006708394323,0,12,balanced,Test
AST-3019,2024-12-10,3,0,0.6773490579411208,1,12,balanced,Test
AST-4055,2024-12-10,20,1,0.5915893431697056,1,12,balanced,Test
AST-4061,2024-12-10,8,0,0.37983662632283116,0,12,balanced,Test
AST-5003,2024-12-10,6,0,0.46644777045635977,0,12,balanced,Test
AST-5007,2024-12-10,2,0,0.3301572300968181,0,12,balanced,Test
AST-1041,2024-12-11,6,0,0.5418350015700286,1,12,balanced,Test
AST-1042,2024-12-11,0,0,0.5378095310273997,1,12,balanced,Test
AST-2017,2024-12-11,13,1,0.3981435752749224,0,12,balanced,Test
AST-2031,2024-12-11,8,0,0.745869649431452,1,12,balanced,Test
AST-3008,2024-12-11,9,0,0.3959985155945283,0,12,balanced,Test
AST-3019,2024-12-11,16,1,0.3961444058321437,0,12,balanced,Test
AST-4055,2024-12-11,3,0,0.6600273294520138,1,12,balanced,Test
AST-4061,2024-12-11,3,0,0.4721369979615076,0,12,balanced,Test
AST-5003,2024-12-11,3,0,0.4426218917943054,0,12,balanced,Test
AST-5007,2024-12-11,3,0,0.360992005388852,0,12,balanced,Test
AST-1041,2024-12-12,12,1,0.5951451760940857,1,12,balanced,Test
AST-1042,2024-12-12,14,1,0.622627577661993,1,12,balanced,Test
AST-2017,2024-12-12,11,0,0.44630019484352196,0,12,balanced,Test
AST-2031,2024-12-12,4,0,0.7770052749374344,1,12,balanced,Test
AST-3008,2024-12-12,10,0,0.481458613535573,0,12,balanced,Test
AST-3019,2024-12-12,6,0,0.41497800765049014,0,12,balanced,Test
AST-4055,2024-12-12,10,0,0.6206729702431748,1,12,balanced,Test
AST-4061,2024-12-12,18,1,0.44917358689136444,0,12,balanced,Test
AST-5003,2024-12-12,10,0,0.5014040968603445,1,12,balanced,Test
AST-5007,2024-12-12,2,0,0.36102854924115413,0,12,balanced,Test
AST-1041,2024-12-13,1,0,0.5486416236198576,1,12,balanced,Test
AST-1042,2024-12-13,10,0,0.6501841673862615,1,12,balanced,Test
AST-2017,2024-12-13,11,0,0.4176277556550797,0,12,balanced,Test
AST-2031,2024-12-13,4,0,0.719134002433879,1,12,balanced,Test
AST-3008,2024-12-13,7,0,0.4273648672254716,0,12,balanced,Test
AST-3019,2024-12-13,8,0,0.380046707857016,0,12,balanced,Test
AST-4055,2024-12-13,12,1,0.6365852906501763,1,12,balanced,Test
AST-4061,2024-12-13,4,0,0.3511727909827849,0,12,balanced,Test
AST-5003,2024-12-13,9,0,0.5277724954208918,1,12,balanced,Test
AST-5007,2024-12-13,2,0,0.39730049750298696,0,12,balanced,Test
AST-1041,2024-12-14,0,0,0.3622077347777161,0,12,balanced,Test
AST-1042,2024-12-14,0,0,0.39955263367047206,0,12,balanced,Test
AST-2017,2024-12-14,0,0,0.3303873534516287,0,12,balanced,Test
AST-2031,2024-12-14,0,0,0.6343931120384495,1,12,balanced,Test
AST-3008,2024-12-14,0,0,0.2793068760252248,0,12,balanced,Test
AST-3019,2024-12-14,0,0,0.26043407291227605,0,12,balanced,Test
AST-4055,2024-12-14,0,0,0.49489033822538886,0,12,balanced,Test
AST-4061,2024-12-14,0,0,0.2946806080416247,0,12,balanced,Test
AST-5003,2024-12-14,0,0,0.4769155833103026,0,12,balanced,Test
AST-5007,2024-12-14,0,0,0.1605529145144144,0,12,balanced,Test
AST-1041,2024-12-15,0,0,0.4543307408135312,0,12,balanced,Test
AST-1042,2024-12-15,0,0,0.42038487535549807,0,12,balanced,Test
AST-2017,2024-12-15,0,0,0.3258743948510747,0,12,balanced,Test
AST-2031,2024-12-15,0,0,0.7032628528864397,1,12,balanced,Test
AST-3008,2024-12-15,0,0,0.2670897874954387,0,12,balanced,Test
AST-3019,2024-12-15,0,0,0.2727419550750647,0,12,balanced,Test
AST-4055,2024-12-15,0,0,0.48398504210406035,0,12,balanced,Test
AST-4061,2024-12-15,0,0,0.25916135305100707,0,12,balanced,Test
AST-5003,2024-12-15,0,0,0.366027389884361,0,12,balanced,Test
AST-5007,2024-12-15,0,0,0.2631324680458086,0,12,balanced,Test
AST-1041,2024-12-16,10,0,0.47100054316007384,0,12,balanced,Test
AST-1042,2024-12-16,6,0,0.519640013073434,1,12,balanced,Test
AST-2017,2024-12-16,6,0,0.3994638310948233,0,12,balanced,Test
AST-2031,2024-12-16,6,0,0.784775757712706,1,12,balanced,Test
AST-3008,2024-12-16,12,1,0.45054812829319063,0,12,balanced,Test
AST-3019,2024-12-16,11,0,0.37850140892041856,0,12,balanced,Test
AST-4055,2024-12-16,10,0,0.6980759526451916,1,12,balanced,Test
AST-4061,2024-12-16,0,0,0.4393475753005238,0,12,balanced,Test
AST-5003,2024-12-16,1,0,0.6205475330048078,1,12,balanced,Test
AST-5007,2024-12-16,6,0,0.3503997417998768,0,12,balanced,Test
AST-1041,2024-12-17,4,0,0.5651183931210806,1,12,balanced,Test
AST-1042,2024-12-17,4,0,0.572679634588061,1,12,balanced,Test
AST-2017,2024-12-17,15,1,0.4153522317801866,0,12,balanced,Test
AST-2031,2024-12-17,12,1,0.7707980711838263,1,12,balanced,Test
AST-3008,2024-12-17,4,0,0.4217148266502773,0,12,balanced,Test
AST-3019,2024-12-17,7,0,0.46276581513002996,0,12,balanced,Test
AST-4055,2024-12-17,10,0,0.7254020075839864,1,12,balanced,Test
AST-4061,2024-12-17,8,0,0.4092637369127152,0,12,balanced,Test
AST-5003,2024-12-17,0,0,0.5917928340022593,1,12,balanced,Test
AST-5007,2024-12-17,4,0,0.32588361554126094,0,12,balanced,Test
AST-1041,2024-12-18,5,0,0.5176965596780784,1,12,balanced,Test
AST-1042,2024-12-18,6,0,0.5921528322799892,1,12,balanced,Test
AST-2017,2024-12-18,16,1,0.5257824174844994,1,12,balanced,Test
AST-2031,2024-12-18,10,0,0.7817377328701473,1,12,balanced,Test
AST-3008,2024-12-18,6,0,0.731001471187067,1,12,balanced,Test
AST-3019,2024-12-18,8,0,0.4388552380846948,0,12,balanced,Test
AST-4055,2024-12-18,9,0,0.6391460536204988,1,12,balanced,Test
AST-4061,2024-12-18,10,0,0.41217682603184236,0,12,balanced,Test
AST-5003,2024-12-18,4,0,0.4778312420958929,0,12,balanced,Test
AST-5007,2024-12-18,2,0,0.34037435166514013,0,12,balanced,Test
AST-1041,2024-12-19,6,0,0.570280706458301,1,12,balanced,Test
AST-1042,2024-12-19,10,0,0.5906613662319014,1,12,balanced,Test
AST-2017,2024-12-19,3,0,0.5256654572248941,1,12,balanced,Test
AST-2031,2024-12-19,0,0,0.7451467654161643,1,12,balanced,Test
AST-3008,2024-12-19,9,0,0.6557123609879373,1,12,balanced,Test
AST-3019,2024-12-19,8,0,0.36837832019883093,0,12,balanced,Test
AST-4055,2024-12-19,11,0,0.6770458189333712,1,12,balanced,Test
AST-4061,2024-12-19,7,0,0.45059638299151616,0,12,balanced,Test
AST-5003,2024-12-19,10,0,0.5792046380510124,1,12,balanced,Test
AST-5007,2024-12-19,16,1,0.29913619639399214,0,12,balanced,Test
AST-1041,2024-12-20,4,0,0.5838345245916273,1,12,balanced,Test
AST-1042,2024-12-20,4,0,0.5647350182969622,1,12,balanced,Test
AST-2017,2024-12-20,8,0,0.4784198466765796,0,12,balanced,Test
AST-2031,2024-12-20,14,1,0.6255965812223493,1,12,balanced,Test
AST-3008,2024-12-20,6,0,0.7325865034643715,1,12,balanced,Test
AST-3019,2024-12-20,6,0,0.41512035719152385,0,12,balanced,Test
AST-4055,2024-12-20,10,0,0.6498301980514789,1,12,balanced,Test
AST-4061,2024-12-20,6,0,0.45051676889967,0,12,balanced,Test
AST-5003,2024-12-20,10,0,0.5418290034204021,1,12,balanced,Test
AST-5007,2024-12-20,6,0,0.38509642729612825,0,12,balanced,Test
AST-1041,2024-12-21,0,0,0.3501971017952643,0,12,balanced,Test
AST-1042,2024-12-21,0,0,0.41386478657551906,0,12,balanced,Test
AST-2017,2024-12-21,0,0,0.33584222643837947,0,12,balanced,Test
AST-2031,2024-12-21,0,0,0.6201235270192624,1,12,balanced,Test
AST-3008,2024-12-21,0,0,0.2804723462386474,0,12,balanced,Test
AST-3019,2024-12-21,0,0,0.2880938648868116,0,12,balanced,Test
AST-4055,2024-12-21,0,0,0.5220609412328598,1,12,balanced,Test
AST-4061,2024-12-21,0,0,0.26148153422852694,0,12,balanced,Test
AST-5003,2024-12-21,0,0,0.3826136087514881,0,12,balanced,Test
AST-5007,2024-12-21,0,0,0.28588496150832626,0,12,balanced,Test
AST-1041,2024-12-22,0,0,0.36242016994075843,0,12,balanced,Test
AST-1042,2024-12-22,0,0,0.44042443826381655,0,12,balanced,Test
AST-2017,2024-12-22,0,0,0.3653879692449741,0,12,balanced,Test
AST-2031,2024-12-22,0,0,0.7093606579425471,1,12,balanced,Test
AST-3008,2024-12-22,0,0,0.2763487589604358,0,12,balanced,Test
AST-3019,2024-12-22,0,0,0.3078447224893542,0,12,balanced,Test
AST-4055,2024-12-22,0,0,0.6173440294733428,1,12,balanced,Test
AST-4061,2024-12-22,0,0,0.2727503178431309,0,12,balanced,Test
AST-5003,2024-12-22,0,0,0.4135543777638552,0,12,balanced,Test
AST-5007,2024-12-22,0,0,0.24173125470652473,0,12,balanced,Test
AST-1041,2024-12-23,6,0,0.5741569662553158,1,12,balanced,Test
AST-1042,2024-12-23,2,0,0.5267266530187202,1,12,balanced,Test
AST-2017,2024-12-23,17,1,0.7226034459222646,1,12,balanced,Test
AST-2031,2024-12-23,3,0,0.7392206586564364,1,12,balanced,Test
AST-3008,2024-12-23,4,0,0.4272880105181274,0,12,balanced,Test
AST-3019,2024-12-23,7,0,0.45564473107455294,0,12,balanced,Test
AST-4055,2024-12-23,6,0,0.6437424691866701,1,12,balanced,Test
AST-4061,2024-12-23,12,1,0.393060145045102,0,12,balanced,Test
AST-5003,2024-12-23,11,0,0.5308638450252925,1,12,balanced,Test
AST-5007,2024-12-23,2,0,0.369771964514609,0,12,balanced,Test
AST-1041,2024-12-24,18,1,0.6619128394572363,1,12,balanced,Test
AST-1042,2024-12-24,6,0,0.555527664023067,1,12,balanced,Test
AST-2017,2024-12-24,10,0,0.42576832087220795,0,12,balanced,Test
AST-2031,2024-12-24,2,0,0.8002909720752184,1,12,balanced,Test
AST-3008,2024-12-24,6,0,0.43038645519916635,0,12,balanced,Test
AST-3019,2024-12-24,4,0,0.37684239207521003,0,12,balanced,Test
AST-4055,2024-12-24,14,1,0.659364762816931,1,12,balanced,Test
AST-4061,2024-12-24,5,0,0.34856036247358335,0,12,balanced,Test
AST-5003,2024-12-24,2,0,0.4389629757720291,0,12,balanced,Test
AST-5007,2024-12-24,12,1,0.420192375613789,0,12,balanced,Test
AST-1041,2024-12-25,4,0,0.6301605068223637,1,12,balanced,Test
AST-1042,2024-12-25,4,0,0.5125127942065667,1,12,balanced,Test
AST-2017,2024-12-25,12,1,0.4421665077157596,0,12,balanced,Test
AST-2031,2024-12-25,15,1,0.7936479071255689,1,12,balanced,Test
AST-3008,2024-12-25,8,0,0.4513327304553585,0,12,balanced,Test
AST-3019,2024-12-25,12,1,0.4070356513353557,0,12,balanced,Test
AST-4055,2024-12-25,10,0,0.6751576555044918,1,12,balanced,Test
AST-4061,2024-12-25,1,0,0.38946180753232457,0,12,balanced,Test
AST-5003,2024-12-25,11,0,0.49766548001679123,0,12,balanced,Test
AST-5007,2024-12-25,10,0,0.3252581046684849,0,12,balanced,Test
AST-1041,2024-12-26,2,0,0.560511048140855,1,12,balanced,Test
AST-1042,2024-12-26,4,0,0.5754540435016252,1,12,balanced,Test
AST-2017,2024-12-26,19,1,0.4538133958854356,0,12,balanced,Test
AST-2031,2024-12-26,8,0,0.7587990489531963,1,12,balanced,Test
AST-3008,2024-12-26,2,0,0.3985370467266287,0,12,balanced,Test
AST-3019,2024-12-26,0,0,0.44017848041282054,0,12,balanced,Test
AST-4055,2024-12-26,14,1,0.7246984220822109,1,12,balanced,Test
AST-4061,2024-12-26,6,0,0.4560403056680243,0,12,balanced,Test
AST-5003,2024-12-26,1,0,0.5113670266781518,1,12,balanced,Test
AST-5007,2024-12-26,7,0,0.3568029062084426,0,12,balanced,Test
AST-1041,2024-12-27,7,0,0.5514247039060138,1,12,balanced,Test
AST-1042,2024-12-27,8,0,0.5733249314870874,1,12,balanced,Test
AST-2017,2024-12-27,11,0,0.4037108386461907,0,12,balanced,Test
AST-2031,2024-12-27,8,0,0.7514604960679495,1,12,balanced,Test
AST-3008,2024-12-27,3,0,0.39709420825826947,0,12,balanced,Test
AST-3019,2024-12-27,8,0,0.33648005118368784,0,12,balanced,Test
AST-4055,2024-12-27,12,1,0.6448914508699468,1,12,balanced,Test
AST-4061,2024-12-27,18,1,0.5165381612833633,1,12,balanced,Test
AST-5003,2024-12-27,16,1,0.5426905308737193,1,12,balanced,Test
AST-5007,2024-12-27,1,0,0.3185268548852851,0,12,balanced,Test
AST-1041,2024-12-28,0,0,0.3605821364303183,0,12,balanced,Test
AST-1042,2024-12-28,0,0,0.44069237684196816,0,12,balanced,Test
AST-2017,2024-12-28,0,0,0.30035331856917974,0,12,balanced,Test
AST-2031,2024-12-28,0,0,0.6648677268152562,1,12,balanced,Test
AST-3008,2024-12-28,0,0,0.2745558776790308,0,12,balanced,Test
AST-3019,2024-12-28,0,0,0.3455177834202202,0,12,balanced,Test
AST-4055,2024-12-28,0,0,0.5560392298166051,1,12,balanced,Test
AST-4061,2024-12-28,0,0,0.5286056901969922,1,12,balanced,Test
AST-5003,2024-12-28,0,0,0.4275312735526781,0,12,balanced,Test
AST-5007,2024-12-28,0,0,0.3066455069025955,0,12,balanced,Test
AST-1041,2024-12-29,0,0,0.33375855766047174,0,12,balanced,Test
AST-1042,2024-12-29,0,0,0.38653402063389036,0,12,balanced,Test
AST-2017,2024-12-29,0,0,0.3258913201591658,0,12,balanced,Test
AST-2031,2024-12-29,0,0,0.68010350109644,1,12,balanced,Test
AST-3008,2024-12-29,0,0,0.24982448017702463,0,12,balanced,Test
AST-3019,2024-12-29,0,0,0.26701978302223855,0,12,balanced,Test
AST-4055,2024-12-29,0,0,0.5676830963360713,1,12,balanced,Test
AST-4061,2024-12-29,0,0,0.25522182359456785,0,12,balanced,Test
AST-5003,2024-12-29,0,0,0.40177807158598033,0,12,balanced,Test
AST-5007,2024-12-29,0,0,0.2538894212761404,0,12,balanced,Test
AST-1041,2024-12-30,4,0,0.8016673753526548,1,12,balanced,Test
AST-1042,2024-12-30,2,0,0.6114933253273473,1,12,balanced,Test
AST-2017,2024-12-30,7,0,0.46246841369135744,0,12,balanced,Test
AST-2031,2024-12-30,2,0,0.7626797443865733,1,12,balanced,Test
AST-3008,2024-12-30,0,0,0.47677488608859747,0,12,balanced,Test
AST-3019,2024-12-30,0,0,0.4973820097507405,0,12,balanced,Test
AST-4055,2024-12-30,11,0,0.7026186971257027,1,12,balanced,Test
AST-4061,2024-12-30,8,0,0.7000260148938519,1,12,balanced,Test
AST-5003,2024-12-30,10,0,0.5858150944006936,1,12,balanced,Test
AST-5007,2024-12-30,6,0,0.3356894367305152,0,12,balanced,Test
AST-1041,2024-12-31,1,0,0.5282574570817257,1,12,balanced,Test
AST-1042,2024-12-31,5,0,0.5422027994622267,1,12,balanced,Test
AST-2017,2024-12-31,12,1,0.47316884704578815,0,12,balanced,Test
AST-2031,2024-12-31,11,0,0.6854802043185249,1,12,balanced,Test
AST-3008,2024-12-31,4,0,0.5002723499018704,1,12,balanced,Test
AST-3019,2024-12-31,12,1,0.43044801827807544,0,12,balanced,Test
AST-4055,2024-12-31,10,0,0.6607912172719342,1,12,balanced,Test
AST-4061,2024-12-31,7,0,0.28666757680991106,0,12,balanced,Test
AST-5003,2024-12-31,10,0,0.6328788581426765,1,12,balanced,Test
AST-5007,2024-12-31,3,0,0.3917070863620894,0,12,balanced,Test
AST-1041,2025-01-01,6,0,0.6084615707013462,1,12,balanced,Test
AST-1042,2025-01-01,10,0,0.5239940836200886,1,12,balanced,Test
AST-2017,2025-01-01,6,0,0.4484121253952537,0,12,balanced,Test
AST-2031,2025-01-01,17,1,0.7684285507150472,1,12,balanced,Test
AST-3008,2025-01-01,7,0,0.49869164099108254,0,12,balanced,Test
AST-3019,2025-01-01,8,0,0.38043908603075416,0,12,balanced,Test
AST-4055,2025-01-01,11,0,0.6795930322117706,1,12,balanced,Test
AST-4061,2025-01-01,9,0,0.6528488337690036,1,12,balanced,Test
AST-5003,2025-01-01,6,0,0.5825215431705166,1,12,balanced,Test
AST-5007,2025-01-01,8,0,0.3993261563751825,0,12,balanced,Test
