asset_tag,transaction_date,severity_score,y_true,probability,y_pred,threshold,model_variant,split
AST-1041,2024-07-21,0,0,0.05087686444577513,0,13,default,Test
AST-1042,2024-07-21,0,0,0.06129576422282159,0,13,default,Test
AST-2017,2024-07-21,0,0,0.045585108092685206,0,13,default,Test
AST-2031,2024-07-21,0,0,0.13569109410990038,0,13,default,Test
AST-3008,2024-07-21,0,0,0.03506107742793819,0,13,default,Test
AST-3019,2024-07-21,0,0,0.03411666181904714,0,13,default,Test
AST-4055,2024-07-21,0,0,0.09361501083672483,0,13,default,Test
AST-4061,2024-07-21,0,0,0.03451837071113339,0,13,default,Test
AST-5003,2024-07-21,0,0,0.08945083961077764,0,13,default,Test
AST-5007,2024-07-21,0,0,0.033358046460509896,0,13,default,Test
AST-1041,2024-07-22,10,0,0.12454846145661329,0,13,default,Test
AST-1042,2024-07-22,6,0,0.09718377594090508,0,13,default,Test
AST-2017,2024-07-22,23,1,0.07269113039205728,0,13,default,Test
AST-2031,2024-07-22,10,0,0.19026389104063313,0,13,default,Test
AST-3008,2024-07-22,7,0,0.06338190214726452,0,13,default,Test
AST-3019,2024-07-22,5,0,0.06585183455737334,0,13,default,Test
AST-4055,2024-07-22,11,0,0.15552859332596147,0,13,default,Test
AST-4061,2024-07-22,0,0,0.055191612298003206,0,13,default,Test
AST-5003,2024-07-22,14,1,0.10013701205744663,0,13,default,Test
AST-5007,2024-07-22,7,0,0.03867705381363138,0,13,default,Test
AST-1041,2024-07-23,2,0,0.09224103974637084,0,13,default,Test
AST-1042,2024-07-23,4,0,0.12177227147557007,0,13,default,Test
AST-2017,2024-07-23,12,0,0.17398501588608595,0,13,default,Test
AST-2031,2024-07-23,14,1,0.22025004650210875,0,13,default,Test
AST-3008,2024-07-23,4,0,0.06384608806302997,0,13,default,Test
AST-3019,2024-07-23,7,0,0.05994022168488576,0,13,default,Test
AST-4055,2024-07-23,6,0,0.14050615568366423,0,13,default,Test
AST-4061,2024-07-23,8,0,0.04010174978506929,0,13,default,Test
AST-5003,2024-07-23,8,0,0.11376282531304364,0,13,default,Test
AST-5007,2024-07-23,4,0,0.04496599962661553,0,13,default,Test
AST-1041,2024-07-24,8,0,0.07504301249289765,0,13,default,Test
AST-1042,2024-07-24,11,0,0.08017230408136868,0,13,default,Test
AST-2017,2024-07-24,16,1,0.05684726725633198,0,13,default,Test
AST-2031,2024-07-24,0,0,0.1939640557844121,0,13,default,Test
AST-3008,2024-07-24,8,0,0.05880760576853578,0,13,default,Test
AST-3019,2024-07-24,14,1,0.047979787635343746,0,13,default,Test
AST-4055,2024-07-24,6,0,0.1585032102685186,0,13,default,Test
AST-4061,2024-07-24,1,0,0.06754097036800305,0,13,default,Test
AST-5003,2024-07-24,9,0,0.10523030900559768,0,13,default,Test
AST-5007,2024-07-24,12,0,0.1015060483125725,0,13,default,Test
AST-1041,2024-07-25,9,0,0.08512074342816388,0,13,default,Test
AST-1042,2024-07-25,4,0,0.07861954317727278,0,13,default,Test
AST-2017,2024-07-25,8,0,0.06760100512973251,0,13,default,Test
AST-2031,2024-07-25,4,0,0.22059506889294492,0,13,default,Test
AST-3008,2024-07-25,6,0,0.07508303585949709,0,13,default,Test
AST-3019,2024-07-25,4,0,0.06445236213410004,0,13,default,Test
AST-4055,2024-07-25,7,0,0.14685993879724707,0,13,default,Test
AST-4061,2024-07-25,13,1,0.05595799841092859,0,13,default,Test
AST-5003,2024-07-25,8,0,0.11497185324263683,0,13,default,Test
AST-5007,2024-07-25,4,0,0.04758234332505047,0,13,default,Test
AST-1041,2024-07-26,16,1,0.08643544376087854,0,13,default,Test
AST-1042,2024-07-26,4,0,0.11653872960781513,0,13,default,Test
AST-2017,2024-07-26,20,1,0.06572163851512713,0,13,default,Test
AST-2031,2024-07-26,10,0,0.26773215969321984,0,13,default,Test
AST-3008,2024-07-26,2,0,0.08625331798067498,0,13,default,Test
AST-3019,2024-07-26,0,0,0.04625189073238774,0,13,default,Test
AST-4055,2024-07-26,7,0,0.14080907530265233,0,13,default,Test
AST-4061,2024-07-26,10,0,0.05868287722324064,0,13,default,Test
AST-5003,2024-07-26,10,0,0.12223822190573523,0,13,default,Test
AST-5007,2024-07-26,0,0,0.05732896892510782,0,13,default,Test
AST-1041,2024-07-27,0,0,0.04984822997114832,0,13,default,Test
AST-1042,2024-07-27,0,0,0.05802903059124312,0,13,default,Test
AST-2017,2024-07-27,0,0,0.038721634385202416,0,13,default,Test
AST-2031,2024-07-27,0,0,0.1581750817794314,0,13,default,Test
AST-3008,2024-07-27,0,0,0.03752352883430321,0,13,default,Test
AST-3019,2024-07-27,0,0,0.0382143994955749,0,13,default,Test
AST-4055,2024-07-27,0,0,0.11172387911324123,0,13,default,Test
AST-4061,2024-07-27,0,0,0.029126820761833098,0,13,default,Test
AST-5003,2024-07-27,0,0,0.06597493205067977,0,13,default,Test
AST-5007,2024-07-27,0,0,0.02848584575647451,0,13,default,Test
AST-1041,2024-07-28,0,0,0.05447539330330131,0,13,default,Test
AST-1042,2024-07-28,0,0,0.05187441626189262,0,13,default,Test
AST-2017,2024-07-28,0,0,0.04897275535160955,0,13,default,Test
AST-2031,2024-07-28,0,0,0.13460547842250375,0,13,default,Test
AST-3008,2024-07-28,0,0,0.04832262607579728,0,13,default,Test
AST-3019,2024-07-28,0,0,0.03685222725061459,0,13,default,Test
AST-4055,2024-07-28,0,0,0.09296501559248901,0,13,default,Test
AST-4061,2024-07-28,0,0,0.03308624926492152,0,13,default,Test
AST-5003,2024-07-28,0,0,0.0665065265957223,0,13,default,Test
AST-5007,2024-07-28,0,0,0.05636807024088779,0,13,default,Test
AST-1041,2024-07-29,15,1,0.0801498186474458,0,13,default,Test
AST-1042,2024-07-29,8,0,0.08226100297380082,0,13,default,Test
AST-2017,2024-07-29,14,1,0.051288636591845425,0,13,default,Test
AST-2031,2024-07-29,12,0,0.2187695123815931,0,13,default,Test
AST-3008,2024-07-29,6,0,0.07349730339919544,0,13,default,Test
AST-3019,2024-07-29,10,0,0.05736813899702863,0,13,default,Test
AST-4055,2024-07-29,16,1,0.1116843551521043,0,13,default,Test
AST-4061,2024-07-29,3,0,0.05316262426388931,0,13,default,Test
AST-5003,2024-07-29,2,0,0.1277351835754962,0,13,default,Test
AST-5007,2024-07-29,1,0,0.04570568002596998,0,13,default,Test
AST-1041,2024-07-30,4,0,0.10802939359167182,0,13,default,Test
AST-1042,2024-07-30,1,0,0.07987235072832959,0,13,default,Test
AST-2017,2024-07-30,14,1,0.05839074712023182,0,13,default,Test
AST-2031,2024-07-30,10,0,0.14579821049891697,0,13,default,Test
AST-3008,2024-07-30,10,0,0.06584387704162237,0,13,default,Test
AST-3019,2024-07-30,8,0,0.05130255813845172,0,13,default,Test
AST-4055,2024-07-30,12,0,0.16488153420205645,0,13,default,Test
AST-4061,2024-07-30,0,0,0.05650516063936172,0,13,default,Test
AST-5003,2024-07-30,14,1,0.11989279811909462,0,13,default,Test
AST-5007,2024-07-30,4,0,0.05716433958957259,0,13,default,Test
AST-1041,2024-07-31,2,0,0.09000783661653777,0,13,default,Test
AST-1042,2024-07-31,1,0,0.07075845828966926,0,13,default,Test
AST-2017,2024-07-31,10,0,0.07995456860940635,0,13,default,Test
AST-2031,2024-07-31,8,0,0.18405025864949506,0,13,default,Test
AST-3008,2024-07-31,4,0,0.05154610944282335,0,13,default,Test
AST-3019,2024-07-31,14,1,0.05875617867855255,0,13,default,Test
AST-4055,2024-07-31,10,0,0.1323547198732382,0,13,default,Test
AST-4061,2024-07-31,1,0,0.058381225821912006,0,13,default,Test
AST-5003,2024-07-31,22,1,0.1586381592671554,0,13,default,Test
AST-5007,2024-07-31,6,0,0.04433388908921775,0,13,default,Test
AST-1041,2024-08-01,7,0,0.10131328990305605,0,13,default,Test
AST-1042,2024-08-01,4,0,0.09743400402614796,0,13,default,Test
AST-2017,2024-08-01,6,0,0.08734031049814718,0,13,default,Test
AST-2031,2024-08-01,5,0,0.18462201164972544,0,13,default,Test
AST-3008,2024-08-01,8,0,0.067464205258285,0,13,default,Test
AST-3019,2024-08-01,1,0,0.05403352059865024,0,13,default,Test
AST-4055,2024-08-01,10,0,0.15632948590512016,0,13,default,Test
AST-4061,2024-08-01,14,1,0.06183578917523696,0,13,default,Test
AST-5003,2024-08-01,10,0,0.08560349343179056,0,13,default,Test
AST-5007,2024-08-01,0,0,0.05094536009030943,0,13,default,Test
AST-1041,2024-08-02,7,0,0.10472711418672975,0,13,default,Test
AST-1042,2024-08-02,8,0,0.08664163026058565,0,13,default,Test
AST-2017,2024-08-02,11,0,0.061414033531499296,0,13,default,Test
AST-2031,2024-08-02,0,0,0.2046942548665824,0,13,default,Test
AST-3008,2024-08-02,4,0,0.07353310261341038,0,13,default,Test
AST-3019,2024-08-02,8,0,0.06318169604781655,0,13,default,Test
AST-4055,2024-08-02,6,0,0.16615227660934367,0,13,default,Test
AST-4061,2024-08-02,10,0,0.07689289633713682,0,13,default,Test
AST-5003,2024-08-02,5,0,0.09885671812652869,0,13,default,Test
AST-5007,2024-08-02,0,0,0.04517595300507613,0,13,default,Test
AST-1041,2024-08-03,0,0,0.0675421999153065,0,13,default,Test
AST-1042,2024-08-03,0,0,0.07339130166584949,0,13,default,Test
AST-2017,2024-08-03,0,0,0.044679568296766815,0,13,default,Test
AST-2031,2024-08-03,0,0,0.14547664477389372,0,13,default,Test
AST-3008,2024-08-03,0,0,0.03361649225706966,0,13,default,Test
AST-3019,2024-08-03,0,0,0.029010873158136264,0,13,default,Test
AST-4055,2024-08-03,0,0,0.09233150460218559,0,13,default,Test
AST-4061,2024-08-03,0,0,0.036872436880401156,0,13,default,Test
AST-5003,2024-08-03,0,0,0.07626692668643349,0,13,default,Test
AST-5007,2024-08-03,0,0,0.11201981495649317,0,13,default,Test
AST-1041,2024-08-04,0,0,0.03876120665388564,0,13,default,Test
AST-1042,2024-08-04,0,0,0.06893155210444056,0,13,default,Test
AST-2017,2024-08-04,0,0,0.050893958248919874,0,13,default,Test
AST-2031,2024-08-04,0,0,0.19429955084941294,0,13,default,Test
AST-3008,2024-08-04,0,0,0.03500125915920084,0,13,default,Test
AST-3019,2024-08-04,0,0,0.03891353537801217,0,13,default,Test
AST-4055,2024-08-04,0,0,0.10807141916447738,0,13,default,Test
AST-4061,2024-08-04,0,0,0.032759373578727366,0,13,default,Test
AST-5003,2024-08-04,0,0,0.05753532828367229,0,13,default,Test
AST-5007,2024-08-04,0,0,0.04364597324011441,0,13,default,Test
AST-1041,2024-08-05,0,0,0.096828485869518,0,13,default,Test
AST-1042,2024-08-05,4,0,0.08233570065822832,0,13,default,Test
AST-2017,2024-08-05,6,0,0.06958061550339925,0,13,default,Test
AST-2031,2024-08-05,9,0,0.17747058562222107,0,13,default,Test
AST-3008,2024-08-05,12,0,0.07692673073080825,0,13,default,Test
AST-3019,2024-08-05,9,0,0.051789087665120734,0,13,default,Test
AST-4055,2024-08-05,6,0,0.13124798936025517,0,13,default,Test
AST-4061,2024-08-05,16,1,0.06672574664918479,0,13,default,Test
AST-5003,2024-08-05,3,0,0.09342005405129557,0,13,default,Test
AST-5007,2024-08-05,4,0,0.050302180988282305,0,13,default,Test
AST-1041,2024-08-06,13,1,0.08431174055761795,0,13,default,Test
AST-1042,2024-08-06,0,0,0.08714868559212616,0,13,default,Test
AST-2017,2024-08-06,10,0,0.07726191392126973,0,13,default,Test
AST-2031,2024-08-06,1,0,0.15016891435436197,0,13,default,Test
AST-3008,2024-08-06,1,0,0.051746782119854645,0,13,default,Test
AST-3019,2024-08-06,5,0,0.07434992390622511,0,13,default,Test
AST-4055,2024-08-06,2,0,0.16334216477765579,0,13,default,Test
AST-4061,2024-08-06,9,0,0.04832920142775605,0,13,default,Test
AST-5003,2024-08-06,11,0,0.09902944836401714,0,13,default,Test
AST-5007,2024-08-06,14,1,0.050354308786722556,0,13,default,Test
AST-1041,2024-08-07,7,0,0.09066026468370052,0,13,default,Test
AST-1042,2024-08-07,0,0,0.09830734711969191,0,13,default,Test
AST-2017,2024-08-07,8,0,0.06199496421453067,0,13,default,Test
AST-2031,2024-08-07,19,1,0.1762738920673406,0,13,default,Test
AST-3008,2024-08-07,1,0,0.06686662436722428,0,13,default,Test
AST-3019,2024-08-07,6,0,0.05819002381900897,0,13,default,Test
AST-4055,2024-08-07,11,0,0.13407659728334076,0,13,default,Test
AST-4061,2024-08-07,10,0,0.0560564602506346,0,13,default,Test
AST-5003,2024-08-07,4,0,0.1306069126815826,0,13,default,Test
AST-5007,2024-08-07,10,0,0.041302097961722045,0,13,default,Test
AST-1041,2024-08-08,8,0,0.09020223081181064,0,13,default,Test
AST-1042,2024-08-08,4,0,0.10117130887824645,0,13,default,Test
AST-2017,2024-08-08,8,0,0.07384900078241632,0,13,default,Test
AST-2031,2024-08-08,2,0,0.18907364072750707,0,13,default,Test
AST-3008,2024-08-08,4,0,0.06080420860947314,0,13,default,Test
AST-3019,2024-08-08,6,0,0.07612710770455881,0,13,default,Test
AST-4055,2024-08-08,8,0,0.16839949166130708,0,13,default,Test
AST-4061,2024-08-08,10,0,0.049594412333137765,0,13,default,Test
AST-5003,2024-08-08,14,1,0.1280684183946887,0,13,default,Test
AST-5007,2024-08-08,9,0,0.041909341925003646,0,13,default,Test
AST-1041,2024-08-09,9,0,0.10751364048878122,0,13,default,Test
AST-1042,2024-08-09,2,0,0.08444024785320846,0,13,default,Test
AST-2017,2024-08-09,5,0,0.077293966262822,0,13,default,Test
AST-2031,2024-08-09,10,0,0.1702281884051321,0,13,default,Test
AST-3008,2024-08-09,8,0,0.0549961140034586,0,13,default,Test
AST-3019,2024-08-09,3,0,0.06422936491487252,0,13,default,Test
AST-4055,2024-08-09,1,0,0.16637932719005874,0,13,default,Test
AST-4061,2024-08-09,3,0,0.05556223603769746,0,13,default,Test
AST-5003,2024-08-09,5,0,0.1250651035412286,0,13,default,Test
AST-5007,2024-08-09,6,0,0.04597795155099687,0,13,default,Test
AST-1041,2024-08-10,0,0,0.061338909987116844,0,13,default,Test
AST-1042,2024-08-10,0,0,0.06875581549233768,0,13,default,Test
AST-2017,2024-08-10,0,0,0.04748919141946564,0,13,default,Test
AST-2031,2024-08-10,0,0,0.16231649697791575,0,13,default,Test
AST-3008,2024-08-10,0,0,0.05289019311441032,0,13,default,Test
AST-3019,2024-08-10,0,0,0.030240672374198165,0,13,default,Test
AST-4055,2024-08-10,0,0,0.10476264063386438,0,13,default,Test
AST-4061,2024-08-10,0,0,0.03359576539712869,0,13,default,Test
AST-5003,2024-08-10,0,0,0.06282597484013351,0,13,default,Test
AST-5007,2024-08-10,0,0,0.03590821537304345,0,13,default,Test
AST-1041,2024-08-11,0,0,0.06105609583930592,0,13,default,Test
AST-1042,2024-08-11,0,0,0.05231442868535067,0,13,default,Test
AST-2017,2024-08-11,0,0,0.056275244586556805,0,13,default,Test
AST-2031,2024-08-11,0,0,0.2625329428393377,0,13,default,Test
AST-3008,2024-08-11,0,0,0.043022683873293145,0,13,default,Test
AST-3019,2024-08-11,0,0,0.03755953905357985,0,13,default,Test
AST-4055,2024-08-11,0,0,0.12852236642681664,0,13,default,Test
AST-4061,2024-08-11,0,0,0.04026232879398715,0,13,default,Test
AST-5003,2024-08-11,0,0,0.06447266954654517,0,13,default,Test
AST-5007,2024-08-11,0,0,0.03789156914829362,0,13,default,Test
AST-1041,2024-08-12,4,0,0.2474445058794771,0,13,default,Test
AST-1042,2024-08-12,4,0,0.10110571037276864,0,13,default,Test
AST-2017,2024-08-12,8,0,0.0649820230335308,0,13,default,Test
AST-2031,2024-08-12,11,0,0.2067981217190336,0,13,default,Test
AST-3008,2024-08-12,3,0,0.058637796504618096,0,13,default,Test
AST-3019,2024-08-12,2,0,0.06172747600339262,0,13,default,Test
AST-4055,2024-08-12,5,0,0.13650484189954118,0,13,default,Test
AST-4061,2024-08-12,10,0,0.051800738245398464,0,13,default,Test
AST-5003,2024-08-12,7,0,0.10981291241709396,0,13,default,Test
AST-5007,2024-08-12,6,0,0.047579509310005194,0,13,default,Test
AST-1041,2024-08-13,5,0,0.08622004499736227,0,13,default,Test
AST-1042,2024-08-13,10,0,0.10588275916191998,0,13,default,Test
AST-2017,2024-08-13,1,0,0.08061777634531753,0,13,default,Test
AST-2031,2024-08-13,13,1,0.21082943921097463,0,13,default,Test
AST-3008,2024-08-13,0,0,0.05459056753125559,0,13,default,Test
AST-3019,2024-08-13,7,0,0.06463067860546733,0,13,default,Test
AST-4055,2024-08-13,4,0,0.15245281379229544,0,13,default,Test
AST-4061,2024-08-13,10,0,0.05083684574623768,0,13,default,Test
AST-5003,2024-08-13,7,0,0.1278400626275969,0,13,default,Test
AST-5007,2024-08-13,5,0,0.043095396081134066,0,13,default,Test
AST-1041,2024-08-14,2,0,0.09113469125700652,0,13,default,Test
AST-1042,2024-08-14,2,0,0.09093917462701297,0,13,default,Test
AST-2017,2024-08-14,4,0,0.06680275605377463,0,13,default,Test
AST-2031,2024-08-14,3,0,0.25144957993544836,0,13,default,Test
AST-3008,2024-08-14,11,0,0.05578605530990771,0,13,default,Test
AST-3019,2024-08-14,4,0,0.06720559258920933,0,13,default,Test
AST-4055,2024-08-14,17,1,0.30096947829434034,0,13,default,Test
AST-4061,2024-08-14,4,0,0.05574441297408034,0,13,default,Test
AST-5003,2024-08-14,0,0,0.09658360860614627,0,13,default,Test
AST-5007,2024-08-14,0,0,0.058153252955015215,0,13,default,Test
AST-1041,2024-08-15,4,0,0.08286244929717215,0,13,default,Test
AST-1042,2024-08-15,14,1,0.08108219136690364,0,13,default,Test
AST-2017,2024-08-15,12,0,0.06952489421608776,0,13,default,Test
AST-2031,2024-08-15,11,0,0.20014419261460364,0,13,default,Test
AST-3008,2024-08-15,6,0,0.06398757607396174,0,13,default,Test
AST-3019,2024-08-15,0,0,0.048359063045553846,0,13,default,Test
AST-4055,2024-08-15,4,0,0.13323514609696324,0,13,default,Test
AST-4061,2024-08-15,8,0,0.04890330822590018,0,13,default,Test
AST-5003,2024-08-15,10,0,0.11606818170649023,0,13,default,Test
AST-5007,2024-08-15,6,0,0.049583524518069265,0,13,default,Test
AST-1041,2024-08-16,8,0,0.10908512767028106,0,13,default,Test
AST-1042,2024-08-16,8,0,0.08818051635524599,0,13,default,Test
AST-2017,2024-08-16,2,0,0.056192578359724125,0,13,default,Test
AST-2031,2024-08-16,9,0,0.20106048884995903,0,13,default,Test
AST-3008,2024-08-16,9,0,0.07089964598364164,0,13,default,Test
AST-3019,2024-08-16,10,0,0.06629487243537206,0,13,default,Test
AST-4055,2024-08-16,12,0,0.12470906790353777,0,13,default,Test
AST-4061,2024-08-16,2,0,0.056361462044128154,0,13,default,Test
AST-5003,2024-08-16,6,0,0.13591335932858933,0,13,default,Test
AST-5007,2024-08-16,5,0,0.039547782405651065,0,13,default,Test
AST-1041,2024-08-17,0,0,0.05472600426185873,0,13,default,Test
AST-1042,2024-08-17,0,0,0.05907314407157437,0,13,default,Test
AST-2017,2024-08-17,0,0,0.06697229757070439,0,13,default,Test
AST-2031,2024-08-17,0,0,0.15283692915382238,0,13,default,Test
AST-3008,2024-08-17,0,0,0.053075493943800095,0,13,default,Test
AST-3019,2024-08-17,0,0,0.04206497761939318,0,13,default,Test
AST-4055,2024-08-17,0,0,0.10667589512789011,0,13,default,Test
AST-4061,2024-08-17,0,0,0.040002975537559105,0,13,default,Test
AST-5003,2024-08-17,0,0,0.07557044882562299,0,13,default,Test
AST-5007,2024-08-17,0,0,0.029934360736274732,0,13,default,Test
AST-1041,2024-08-18,0,0,0.069565506376554,0,13,default,Test
AST-1042,2024-08-18,0,0,0.06433471281983098,0,13,default,Test
AST-2017,2024-08-18,0,0,0.05157088611275876,0,13,default,Test
AST-2031,2024-08-18,0,0,0.21175272506243017,0,13,default,Test
AST-3008,2024-08-18,0,0,0.04185049545755798,0,13,default,Test
AST-3019,2024-08-18,0,0,0.03499477433403863,0,13,default,Test
AST-4055,2024-08-18,0,0,0.10985041972089396,0,13,default,Test
AST-4061,2024-08-18,0,0,0.03200887837420283,0,13,default,Test
AST-5003,2024-08-18,0,0,0.07075089615541783,0,13,default,Test
AST-5007,2024-08-18,0,0,0.05602916549929485,0,13,default,Test
AST-1041,2024-08-19,4,0,0.1103025769641906,0,13,default,Test
AST-1042,2024-08-19,2,0,0.08252658507145655,0,13,default,Test
AST-2017,2024-08-19,13,1,0.05755864695327532,0,13,default,Test
AST-2031,2024-08-19,2,0,0.17356361715549884,0,13,default,Test
AST-3008,2024-08-19,8,0,0.06661381797545453,0,13,default,Test
AST-3019,2024-08-19,8,0,0.06610797358275475,0,13,default,Test
AST-4055,2024-08-19,7,0,0.13527280900801097,0,13,default,Test
AST-4061,2024-08-19,12,0,0.06384429236742394,0,13,default,Test
AST-5003,2024-08-19,10,0,0.105793187419746,0,13,default,Test
AST-5007,2024-08-19,0,0,0.049928963920658716,0,13,default,Test
AST-1041,2024-08-20,4,0,0.08590879780659055,0,13,default,Test
AST-1042,2024-08-20,0,0,0.09155529622988223,0,13,default,Test
AST-2017,2024-08-20,5,0,0.06725709927979764,0,13,default,Test
AST-2031,2024-08-20,11,0,0.23050633277010887,0,13,default,Test
AST-3008,2024-08-20,8,0,0.0719204683017845,0,13,default,Test
AST-3019,2024-08-20,2,0,0.05222892081676524,0,13,default,Test
AST-4055,2024-08-20,9,0,0.13849381259522142,0,13,default,Test
AST-4061,2024-08-20,6,0,0.07536417845869642,0,13,default,Test
AST-5003,2024-08-20,2,0,0.1019938344150686,0,13,default,Test
AST-5007,2024-08-20,5,0,0.04693247090644241,0,13,default,Test
AST-1041,2024-08-21,6,0,0.10720118261244602,0,13,default,Test
AST-1042,2024-08-21,10,0,0.10020721062485936,0,13,default,Test
AST-2017,2024-08-21,1,0,0.058917930767491494,0,13,default,Test
AST-2031,2024-08-21,9,0,0.3260568487967674,0,13,default,Test
AST-3008,2024-08-21,2,0,0.07380924741620078,0,13,default,Test
AST-3019,2024-08-21,2,0,0.05629994132429426,0,13,default,Test
AST-4055,2024-08-21,8,0,0.15154854412162747,0,13,default,Test
AST-4061,2024-08-21,6,0,0.11778621281011728,0,13,default,Test
AST-5003,2024-08-21,10,0,0.10879063430229899,0,13,default,Test
AST-5007,2024-08-21,5,0,0.05666523540899854,0,13,default,Test
AST-1041,2024-08-22,7,0,0.09889748756974638,0,13,default,Test
AST-1042,2024-08-22,13,1,0.08329342257639262,0,13,default,Test
AST-2017,2024-08-22,0,0,0.05575932018459391,0,13,default,Test
AST-2031,2024-08-22,10,0,0.17705877491554564,0,13,default,Test
AST-3008,2024-08-22,6,0,0.07814332889862623,0,13,default,Test
AST-3019,2024-08-22,0,0,0.05796551081159203,0,13,default,Test
AST-4055,2024-08-22,16,1,0.14397115623687007,0,13,default,Test
AST-4061,2024-08-22,11,0,0.06275483657229401,0,13,default,Test
AST-5003,2024-08-22,6,0,0.09855898795453565,0,13,default,Test
AST-5007,2024-08-22,9,0,0.04906761687120551,0,13,default,Test
AST-1041,2024-08-23,8,0,0.09209370610091244,0,13,default,Test
AST-1042,2024-08-23,8,0,0.0840820001296109,0,13,default,Test
AST-2017,2024-08-23,8,0,0.07104874573416238,0,13,default,Test
AST-2031,2024-08-23,13,1,0.23766163529579618,0,13,default,Test
AST-3008,2024-08-23,7,0,0.06096460221564197,0,13,default,Test
AST-3019,2024-08-23,7,0,0.058994106195264566,0,13,default,Test
AST-4055,2024-08-23,12,0,0.1363893845958859,0,13,default,Test
AST-4061,2024-08-23,8,0,0.058806351416490474,0,13,default,Test
AST-5003,2024-08-23,18,1,0.09849578536272154,0,13,default,Test
AST-5007,2024-08-23,4,0,0.05667780335755691,0,13,default,Test
AST-1041,2024-08-24,0,0,0.05662330447483556,0,13,default,Test
AST-1042,2024-08-24,0,0,0.061302645535970465,0,13,default,Test
AST-2017,2024-08-24,0,0,0.047774849166284356,0,13,default,Test
AST-2031,2024-08-24,0,0,0.14016069740133907,0,13,default,Test
AST-3008,2024-08-24,0,0,0.04509020456198802,0,13,default,Test
AST-3019,2024-08-24,0,0,0.047745121787148376,0,13,default,Test
AST-4055,2024-08-24,0,0,0.09604037351892132,0,13,default,Test
AST-4061,2024-08-24,0,0,0.04474012917406114,0,13,default,Test
AST-5003,2024-08-24,0,0,0.2374228218318994,0,13,default,Test
AST-5007,2024-08-24,0,0,0.03286847846181421,0,13,default,Test
AST-1041,2024-08-25,0,0,0.05956591587348702,0,13,default,Test
AST-1042,2024-08-25,0,0,0.0495861939413718,0,13,default,Test
AST-2017,2024-08-25,0,0,0.045578322000917736,0,13,default,Test
AST-2031,2024-08-25,0,0,0.13692506404945715,0,13,default,Test
AST-3008,2024-08-25,0,0,0.046492406815164,0,13,default,Test
AST-3019,2024-08-25,0,0,0.04984185280718526,0,13,default,Test
AST-4055,2024-08-25,0,0,0.10270905798649166,0,13,default,Test
AST-4061,2024-08-25,0,0,0.04983599025597278,0,13,default,Test
AST-5003,2024-08-25,0,0,0.07835505040772048,0,13,default,Test
AST-5007,2024-08-25,0,0,0.033870259450714015,0,13,default,Test
AST-1041,2024-08-26,12,0,0.20011019272150601,0,13,default,Test
AST-1042,2024-08-26,4,0,0.0915940986606713,0,13,default,Test
AST-2017,2024-08-26,5,0,0.07005276590263951,0,13,default,Test
AST-2031,2024-08-26,11,0,0.1807829778014678,0,13,default,Test
AST-3008,2024-08-26,7,0,0.05244016969911987,0,13,default,Test
AST-3019,2024-08-26,10,0,0.17445995080609714,0,13,default,Test
AST-4055,2024-08-26,18,1,0.1487071410125443,0,13,default,Test
AST-4061,2024-08-26,4,0,0.06425755016745047,0,13,default,Test
AST-5003,2024-08-26,13,1,0.3356708740873659,0,13,default,Test
AST-5007,2024-08-26,8,0,0.04807557527284619,0,13,default,Test
AST-1041,2024-08-27,3,0,0.10227325595453471,0,13,default,Test
AST-1042,2024-08-27,2,0,0.11295667899681601,0,13,default,Test
AST-2017,2024-08-27,11,0,0.0819931630928793,0,13,default,Test
AST-2031,2024-08-27,8,0,0.1996105130052038,0,13,default,Test
AST-3008,2024-08-27,10,0,0.05841866965317431,0,13,default,Test
AST-3019,2024-08-27,6,0,0.047171193198965414,0,13,default,Test
AST-4055,2024-08-27,7,0,0.1437626413973287,0,13,default,Test
AST-4061,2024-08-27,12,0,0.06913564644195426,0,13,default,Test
AST-5003,2024-08-27,7,0,0.07806650259337031,0,13,default,Test
AST-5007,2024-08-27,10,0,0.04071604982724558,0,13,default,Test
AST-1041,2024-08-28,0,0,0.1059234293329277,0,13,default,Test
AST-1042,2024-08-28,6,0,0.12570405845464563,0,13,default,Test
AST-2017,2024-08-28,17,1,0.08079819872298619,0,13,default,Test
AST-2031,2024-08-28,4,0,0.208551468290856,0,13,default,Test
AST-3008,2024-08-28,3,0,0.04996166083774413,0,13,default,Test
AST-3019,2024-08-28,5,0,0.07671992144294958,0,13,default,Test
AST-4055,2024-08-28,0,0,0.13377693441611174,0,13,default,Test
AST-4061,2024-08-28,8,0,0.054887152814756125,0,13,default,Test
AST-5003,2024-08-28,5,0,0.10148561278053991,0,13,default,Test
AST-5007,2024-08-28,5,0,0.05254354355019762,0,13,default,Test
AST-1041,2024-08-29,10,0,0.10411079254617621,0,13,default,Test
AST-1042,2024-08-29,5,0,0.08865923807519031,0,13,default,Test
AST-2017,2024-08-29,3,0,0.07223930593422052,0,13,default,Test
AST-2031,2024-08-29,3,0,0.23211760328737524,0,13,default,Test
AST-3008,2024-08-29,3,0,0.05371147722233505,0,13,default,Test
AST-3019,2024-08-29,4,0,0.05782883951732408,0,13,default,Test
AST-4055,2024-08-29,7,0,0.1769026952154551,0,13,default,Test
AST-4061,2024-08-29,13,1,0.04744893780711233,0,13,default,Test
AST-5003,2024-08-29,4,0,0.11476226317895946,0,13,default,Test
AST-5007,2024-08-29,12,0,0.11835960170408642,0,13,default,Test
AST-1041,2024-08-30,4,0,0.09589097071730578,0,13,default,Test
AST-1042,2024-08-30,10,0,0.11460337411879719,0,13,default,Test
AST-2017,2024-08-30,13,1,0.054784376881656646,0,13,default,Test
AST-2031,2024-08-30,10,0,0.21862807688715266,0,13,default,Test
AST-3008,2024-08-30,14,1,0.0583771448977497,0,13,default,Test
AST-3019,2024-08-30,0,0,0.06882755962911977,0,13,default,Test
AST-4055,2024-08-30,3,0,0.11936142489145993,0,13,default,Test
AST-4061,2024-08-30,7,0,0.07067901276128022,0,13,default,Test
AST-5003,2024-08-30,8,0,0.11060940599504274,0,13,default,Test
AST-5007,2024-08-30,8,0,0.04203614770217957,0,13,default,Test
AST-1041,2024-08-31,0,0,0.05174659095407243,0,13,default,Test
AST-1042,2024-08-31,0,0,0.047262576737547905,0,13,default,Test
AST-2017,2024-08-31,0,0,0.04238019604671395,0,13,default,Test
AST-2031,2024-08-31,0,0,0.14392335789558855,0,13,default,Test
AST-3008,2024-08-31,0,0,0.05278557349753824,0,13,default,Test
AST-3019,2024-08-31,0,0,0.03753828461695972,0,13,default,Test
AST-4055,2024-08-31,0,0,0.07927971854634332,0,13,default,Test
AST-4061,2024-08-31,0,0,0.03841032443257238,0,13,default,Test
AST-5003,2024-08-31,0,0,0.07138170982043908,0,13,default,Test
AST-5007,2024-08-31,0,0,0.03159214003716654,0,13,default,Test
AST-1041,2024-09-01,0,0,0.06295219564009318,0,13,default,Test
AST-1042,2024-09-01,0,0,0.07166139780988719,0,13,default,Test
AST-2017,2024-09-01,0,0,0.04835392694739016,0,13,default,Test
AST-2031,2024-09-01,0,0,0.16698834430372725,0,13,default,Test
AST-3008,2024-09-01,0,0,0.03504932735470831,0,13,default,Test
AST-3019,2024-09-01,0,0,0.1720200717926686,0,13,default,Test
AST-4055,2024-09-01,0,0,0.10891673300590375,0,13,default,Test
AST-4061,2024-09-01,0,0,0.030707758822435025,0,13,default,Test
AST-5003,2024-09-01,0,0,0.06338521111058233,0,13,default,Test
AST-5007,2024-09-01,0,0,0.04783756246567348,0,13,default,Test
AST-1041,2024-09-02,0,0,0.11541344373051746,0,13,default,Test
AST-1042,2024-09-02,5,0,0.08225730002056016,0,13,default,Test
AST-2017,2024-09-02,0,0,0.06512198657098889,0,13,default,Test
AST-2031,2024-09-02,6,0,0.17312759276563724,0,13,default,Test
AST-3008,2024-09-02,8,0,0.07042051680114161,0,13,default,Test
AST-3019,2024-09-02,1,0,0.06819006177441903,0,13,default,Test
AST-4055,2024-09-02,12,0,0.16472415286739017,0,13,default,Test
AST-4061,2024-09-02,8,0,0.0560461456465423,0,13,default,Test
AST-5003,2024-09-02,14,1,0.11240527089588974,0,13,default,Test
AST-5007,2024-09-02,2,0,0.06421258140539504,0,13,default,Test
AST-1041,2024-09-03,9,0,0.09769779984010238,0,13,default,Test
AST-1042,2024-09-03,0,0,0.11688633187140755,0,13,default,Test
AST-2017,2024-09-03,14,1,0.058705320186799095,0,13,default,Test
AST-2031,2024-09-03,14,1,0.15217419843949448,0,13,default,Test
AST-3008,2024-09-03,9,0,0.06728825931726393,0,13,default,Test
AST-3019,2024-09-03,3,0,0.07067319834155457,0,13,default,Test
AST-4055,2024-09-03,8,0,0.17350213362630582,0,13,default,Test
AST-4061,2024-09-03,6,0,0.047023199169259795,0,13,default,Test
AST-5003,2024-09-03,6,0,0.12175436149395907,0,13,default,Test
AST-5007,2024-09-03,3,0,0.04008521391934798,0,13,default,Test
AST-1041,2024-09-04,4,0,0.2357657404247141,0,13,default,Test
AST-1042,2024-09-04,10,0,0.06926795679227275,0,13,default,Test
AST-2017,2024-09-04,8,0,0.0563808903756222,0,13,default,Test
AST-2031,2024-09-04,2,0,0.19570021383958783,0,13,default,Test
AST-3008,2024-09-04,10,0,0.0655287169460689,0,13,default,Test
AST-3019,2024-09-04,5,0,0.04833891464898515,0,13,default,Test
AST-4055,2024-09-04,17,1,0.14524457209973748,0,13,default,Test
AST-4061,2024-09-04,0,0,0.06069427272834391,0,13,default,Test
AST-5003,2024-09-04,9,0,0.0836628290245642,0,13,default,Test
AST-5007,2024-09-04,3,0,0.037039140054543104,0,13,default,Test
AST-1041,2024-09-05,11,0,0.10445758509925325,0,13,default,Test
AST-1042,2024-09-05,3,0,0.09616839125673782,0,13,default,Test
AST-2017,2024-09-05,6,0,0.08437261408592067,0,13,default,Test
AST-2031,2024-09-05,2,0,0.18335717375727784,0,13,default,Test
AST-3008,2024-09-05,2,0,0.05981084624658012,0,13,default,Test
AST-3019,2024-09-05,7,0,0.04456031843499748,0,13,default,Test
AST-4055,2024-09-05,2,0,0.17333253505814997,0,13,default,Test
AST-4061,2024-09-05,0,0,0.0536094660434445,0,13,default,Test
AST-5003,2024-09-05,5,0,0.10143925700411881,0,13,default,Test
AST-5007,2024-09-05,5,0,0.04736859543441482,0,13,default,Test
AST-1041,2024-09-06,6,0,0.11037727752996512,0,13,default,Test
AST-1042,2024-09-06,4,0,0.08372726183756286,0,13,default,Test
AST-2017,2024-09-06,18,1,0.060412606638441745,0,13,default,Test
AST-2031,2024-09-06,4,0,0.22721275397430368,0,13,default,Test
AST-3008,2024-09-06,6,0,0.0554077151162669,0,13,default,Test
AST-3019,2024-09-06,6,0,0.20310949645789644,0,13,default,Test
AST-4055,2024-09-06,15,1,0.16592185916234609,0,13,default,Test
AST-4061,2024-09-06,7,0,0.06386685386522661,0,13,default,Test
AST-5003,2024-09-06,8,0,0.12886467522987594,0,13,default,Test
AST-5007,2024-09-06,10,0,0.04693944241304925,0,13,default,Test
AST-1041,2024-09-07,0,0,0.057033434058398336,0,13,default,Test
AST-1042,2024-09-07,0,0,0.06495838181984956,0,13,default,Test
AST-2017,2024-09-07,0,0,0.05148855292678276,0,13,default,Test
AST-2031,2024-09-07,0,0,0.1423174238115709,0,13,default,Test
AST-3008,2024-09-07,0,0,0.047268949370493085,0,13,default,Test
AST-3019,2024-09-07,0,0,0.03709149523648392,0,13,default,Test
AST-4055,2024-09-07,0,0,0.10900654831422937,0,13,default,Test
AST-4061,2024-09-07,0,0,0.03154160167492261,0,13,default,Test
AST-5003,2024-09-07,0,0,0.08708244231035284,0,13,default,Test
AST-5007,2024-09-07,0,0,0.03052957033081486,0,13,default,Test
AST-1041,2024-09-08,0,0,0.057843886217588944,0,13,default,Test
AST-1042,2024-09-08,0,0,0.06946102662074191,0,13,default,Test
AST-2017,2024-09-08,0,0,0.050977017391442614,0,13,default,Test
AST-2031,2024-09-08,0,0,0.13929117688932302,0,13,default,Test
AST-3008,2024-09-08,0,0,0.15351451695563229,0,13,default,Test
AST-3019,2024-09-08,0,0,0.03238821520506621,0,13,default,Test
AST-4055,2024-09-08,0,0,0.08710061359765293,0,13,default,Test
AST-4061,2024-09-08,0,0,0.03630607109186284,0,13,default,Test
AST-5003,2024-09-08,0,0,0.10642362209143151,0,13,default,Test
AST-5007,2024-09-08,0,0,0.027944059657181004,0,13,default,Test
AST-1041,2024-09-09,11,0,0.0951907742267923,0,13,default,Test
AST-1042,2024-09-09,8,0,0.09091436810433816,0,13,default,Test
AST-2017,2024-09-09,16,1,0.0701015528128957,0,13,default,Test
AST-2031,2024-09-09,2,0,0.17043076237260663,0,13,default,Test
AST-3008,2024-09-09,8,0,0.056486279097495345,0,13,default,Test
AST-3019,2024-09-09,3,0,0.0582942877123729,0,13,default,Test
AST-4055,2024-09-09,2,0,0.1439400581593728,0,13,default,Test
AST-4061,2024-09-09,4,0,0.05788183400173483,0,13,default,Test
AST-5003,2024-09-09,9,0,0.08812060770586638,0,13,default,Test
AST-5007,2024-09-09,3,0,0.04158030782007081,0,13,default,Test
AST-1041,2024-09-10,0,0,0.10322881026394334,0,13,default,Test
AST-1042,2024-09-10,4,0,0.08584566396558338,0,13,default,Test
AST-2017,2024-09-10,6,0,0.07014626894994193,0,13,default,Test
AST-2031,2024-09-10,10,0,0.183660306329492,0,13,default,Test
AST-3008,2024-09-10,8,0,0.06151588450882955,0,13,default,Test
AST-3019,2024-09-10,4,0,0.24033321051138062,0,13,default,Test
AST-4055,2024-09-10,1,0,0.1609149912368589,0,13,default,Test
AST-4061,2024-09-10,8,0,0.05457695500507462,0,13,default,Test
AST-5003,2024-09-10,20,1,0.09582097837420739,0,13,default,Test
AST-5007,2024-09-10,5,0,0.04946187611711952,0,13,default,Test
AST-1041,2024-09-11,5,0,0.08645330039846577,0,13,default,Test
AST-1042,2024-09-11,15,1,0.09986895177134816,0,13,default,Test
AST-2017,2024-09-11,5,0,0.08076365503311109,0,13,default,Test
AST-2031,2024-09-11,6,0,0.18158276957712116,0,13,default,Test
AST-3008,2024-09-11,11,0,0.06566399194645287,0,13,default,Test
AST-3019,2024-09-11,4,0,0.07856313946897545,0,13,default,Test
AST-4055,2024-09-11,13,1,0.15035333600204262,0,13,default,Test
AST-4061,2024-09-11,0,0,0.049554700826674396,0,13,default,Test
AST-5003,2024-09-11,4,0,0.1086137791003744,0,13,default,Test
AST-5007,2024-09-11,10,0,0.05159836596665544,0,13,default,Test
AST-1041,2024-09-12,12,0,0.10486451454085347,0,13,default,Test
AST-1042,2024-09-12,14,1,0.0888181193730832,0,13,default,Test
AST-2017,2024-09-12,4,0,0.06121239537036632,0,13,default,Test
AST-2031,2024-09-12,13,1,0.166691928556049,0,13,default,Test
AST-3008,2024-09-12,4,0,0.052518847928656985,0,13,default,Test
AST-3019,2024-09-12,6,0,0.04993476354673779,0,13,default,Test
AST-4055,2024-09-12,10,0,0.14618345142475497,0,13,default,Test
AST-4061,2024-09-12,7,0,0.0644039980526284,0,13,default,Test
AST-5003,2024-09-12,10,0,0.11043175689120624,0,13,default,Test
AST-5007,2024-09-12,12,0,0.04459861489192404,0,13,default,Test
AST-1041,2024-09-13,8,0,0.10761490010027425,0,13,default,Test
AST-1042,2024-09-13,10,0,0.24440825478321163,0,13,default,Test
AST-2017,2024-09-13,10,0,0.0580461360724098,0,13,default,Test
AST-2031,2024-09-13,5,0,0.19894740549340797,0,13,default,Test
AST-3008,2024-09-13,3,0,0.06377434683636943,0,13,default,Test
AST-3019,2024-09-13,6,0,0.06294292719859004,0,13,default,Test
AST-4055,2024-09-13,12,0,0.13949950314667126,0,13,default,Test
AST-4061,2024-09-13,11,0,0.05505454163203523,0,13,default,Test
AST-5003,2024-09-13,8,0,0.10711198649378975,0,13,default,Test
AST-5007,2024-09-13,4,0,0.06278256532108102,0,13,default,Test
AST-1041,2024-09-14,0,0,0.059111069565068286,0,13,default,Test
AST-1042,2024-09-14,0,0,0.055486366925798086,0,13,default,Test
AST-2017,2024-09-14,0,0,0.050944096880727534,0,13,default,Test
AST-2031,2024-09-14,0,0,0.18293652683505618,0,13,default,Test
AST-3008,2024-09-14,0,0,0.04494284683537802,0,13,default,Test
AST-3019,2024-09-14,0,0,0.052001849269998825,0,13,default,Test
AST-4055,2024-09-14,0,0,0.12526097346190268,0,13,default,Test
AST-4061,2024-09-14,0,0,0.049297313047796915,0,13,default,Test
AST-5003,2024-09-14,0,0,0.07596747446322587,0,13,default,Test
AST-5007,2024-09-14,0,0,0.02571736853826648,0,13,default,Test
AST-1041,2024-09-15,0,0,0.043125140154010595,0,13,default,Test
AST-1042,2024-09-15,0,0,0.07365065150574164,0,13,default,Test
AST-2017,2024-09-15,0,0,0.03939264802312484,0,13,default,Test
AST-2031,2024-09-15,0,0,0.1355924935823871,0,13,default,Test
AST-3008,2024-09-15,0,0,0.03671655841467511,0,13,default,Test
AST-3019,2024-09-15,0,0,0.04750935076483716,0,13,default,Test
AST-4055,2024-09-15,0,0,0.09090975807985587,0,13,default,Test
AST-4061,2024-09-15,0,0,0.03340157128627331,0,13,default,Test
AST-5003,2024-09-15,0,0,0.0667188233397611,0,13,default,Test
AST-5007,2024-09-15,0,0,0.037309194412094564,0,13,default,Test
AST-1041,2024-09-16,6,0,0.12138926984166476,0,13,default,Test
AST-1042,2024-09-16,6,0,0.08316076823957351,0,13,default,Test
AST-2017,2024-09-16,4,0,0.06999319966765208,0,13,default,Test
AST-2031,2024-09-16,21,1,0.15353319097080714,0,13,default,Test
AST-3008,2024-09-16,0,0,0.06171075372854065,0,13,default,Test
AST-3019,2024-09-16,4,0,0.06687981638273746,0,13,default,Test
AST-4055,2024-09-16,1,0,0.15147731994659813,0,13,default,Test
AST-4061,2024-09-16,10,0,0.05351458408764174,0,13,default,Test
AST-5003,2024-09-16,9,0,0.10318895541202262,0,13,default,Test
AST-5007,2024-09-16,0,0,0.04883897136886434,0,13,default,Test
AST-1041,2024-09-17,6,0,0.30158161495579294,0,13,default,Test
AST-1042,2024-09-17,2,0,0.0873322388875595,0,13,default,Test
AST-2017,2024-09-17,0,0,0.0650116196644458,0,13,default,Test
AST-2031,2024-09-17,6,0,0.1676595121278722,0,13,default,Test
AST-3008,2024-09-17,15,1,0.05377446616723537,0,13,default,Test
AST-3019,2024-09-17,4,0,0.05735097526735044,0,13,default,Test
AST-4055,2024-09-17,13,1,0.1570914680574224,0,13,default,Test
AST-4061,2024-09-17,8,0,0.15271878571200834,0,13,default,Test
AST-5003,2024-09-17,5,0,0.1573748142429952,0,13,default,Test
AST-5007,2024-09-17,10,0,0.04804846126557831,0,13,default,Test
AST-1041,2024-09-18,6,0,0.09275510451396313,0,13,default,Test
AST-1042,2024-09-18,10,0,0.10098518684728727,0,13,default,Test
AST-2017,2024-09-18,0,0,0.06456434137101866,0,13,default,Test
AST-2031,2024-09-18,6,0,0.18374863043346273,0,13,default,Test
AST-3008,2024-09-18,7,0,0.06117301667608441,0,13,default,Test
AST-3019,2024-09-18,0,0,0.06753781003901123,0,13,default,Test
AST-4055,2024-09-18,11,0,0.1371257508211572,0,13,default,Test
AST-4061,2024-09-18,2,0,0.05212674954698732,0,13,default,Test
AST-5003,2024-09-18,12,0,0.1279851626187335,0,13,default,Test
AST-5007,2024-09-18,7,0,0.044417618515604655,0,13,default,Test
AST-1041,2024-09-19,5,0,0.17143574487658703,0,13,default,Test
AST-1042,2024-09-19,8,0,0.07143007912060839,0,13,default,Test
AST-2017,2024-09-19,2,0,0.05927401325983364,0,13,default,Test
AST-2031,2024-09-19,13,1,0.17711366395807285,0,13,default,Test
AST-3008,2024-09-19,9,0,0.06253884584671515,0,13,default,Test
AST-3019,2024-09-19,10,0,0.20490381497548968,0,13,default,Test
AST-4055,2024-09-19,12,0,0.15729064818368887,0,13,default,Test
AST-4061,2024-09-19,7,0,0.055688307934712945,0,13,default,Test
AST-5003,2024-09-19,13,1,0.12037848825471892,0,13,default,Test
AST-5007,2024-09-19,7,0,0.06458931489796595,0,13,default,Test
AST-1041,2024-09-20,17,1,0.10683292587472226,0,13,default,Test
AST-1042,2024-09-20,8,0,0.09806447757948941,0,13,default,Test
AST-2017,2024-09-20,6,0,0.062338030064152214,0,13,default,Test
AST-2031,2024-09-20,0,0,0.18681481647997503,0,13,default,Test
AST-3008,2024-09-20,1,0,0.046835649542387794,0,13,default,Test
AST-3019,2024-09-20,0,0,0.07140947556347561,0,13,default,Test
AST-4055,2024-09-20,6,0,0.13646013461486203,0,13,default,Test
AST-4061,2024-09-20,18,1,0.05826203212252725,0,13,default,Test
AST-5003,2024-09-20,13,1,0.24481581760964194,0,13,default,Test
AST-5007,2024-09-20,4,0,0.04936555672424399,0,13,default,Test
AST-1041,2024-09-21,0,0,0.05701937792255052,0,13,default,Test
AST-1042,2024-09-21,0,0,0.07037401211702284,0,13,default,Test
AST-2017,2024-09-21,0,0,0.04221704715293284,0,13,default,Test
AST-2031,2024-09-21,0,0,0.16523704747049334,0,13,default,Test
AST-3008,2024-09-21,0,0,0.04278468570607195,0,13,default,Test
AST-3019,2024-09-21,0,0,0.03400638191247334,0,13,default,Test
AST-4055,2024-09-21,0,0,0.10327740085781806,0,13,default,Test
AST-4061,2024-09-21,0,0,0.03073327596038092,0,13,default,Test
AST-5003,2024-09-21,0,0,0.07675841440857539,0,13,default,Test
AST-5007,2024-09-21,0,0,0.03498465191989898,0,13,default,Test
AST-1041,2024-09-22,0,0,0.05492981479202207,0,13,default,Test
AST-1042,2024-09-22,0,0,0.0516553311172792,0,13,default,Test
AST-2017,2024-09-22,0,0,0.06312200492973502,0,13,default,Test
AST-2031,2024-09-22,0,0,0.16212654584965572,0,13,default,Test
AST-3008,2024-09-22,0,0,0.03782486285263319,0,13,default,Test
AST-3019,2024-09-22,0,0,0.04826432037288824,0,13,default,Test
AST-4055,2024-09-22,0,0,0.10858407461244714,0,13,default,Test
AST-4061,2024-09-22,0,0,0.032264032872985494,0,13,default,Test
AST-5003,2024-09-22,0,0,0.18511780559445434,0,13,default,Test
AST-5007,2024-09-22,0,0,0.0333079168032082,0,13,default,Test
AST-1041,2024-09-23,5,0,0.09891932662788738,0,13,default,Test
AST-1042,2024-09-23,4,0,0.08072682477150148,0,13,default,Test
AST-2017,2024-09-23,7,0,0.0656393952919841,0,13,default,Test
AST-2031,2024-09-23,3,0,0.23669995206094355,0,13,default,Test
AST-3008,2024-09-23,5,0,0.08326509427488207,0,13,default,Test
AST-3019,2024-09-23,2,0,0.053590125275113455,0,13,default,Test
AST-4055,2024-09-23,4,0,0.15715448367592932,0,13,default,Test
AST-4061,2024-09-23,8,0,0.06143435416462619,0,13,default,Test
AST-5003,2024-09-23,4,0,0.11115856130924054,0,13,default,Test
AST-5007,2024-09-23,4,0,0.07018907988725888,0,13,default,Test
AST-1041,2024-09-24,9,0,0.11772452215232714,0,13,default,Test
AST-1042,2024-09-24,6,0,0.09476163646806107,0,13,default,Test
AST-2017,2024-09-24,3,0,0.06736375919682346,0,13,default,Test
AST-2031,2024-09-24,2,0,0.17607469668063708,0,13,default,Test
AST-3008,2024-09-24,11,0,0.06821757153852849,0,13,default,Test
AST-3019,2024-09-24,11,0,0.046850515216375926,0,13,default,Test
AST-4055,2024-09-24,6,0,0.16957239373404012,0,13,default,Test
AST-4061,2024-09-24,6,0,0.050265398123151665,0,13,default,Test
AST-5003,2024-09-24,8,0,0.124553322190687,0,13,default,Test
AST-5007,2024-09-24,10,0,0.05651140533400227,0,13,default,Test
AST-1041,2024-09-25,0,0,0.10927226227804923,0,13,default,Test
AST-1042,2024-09-25,11,0,0.07193765386817852,0,13,default,Test
AST-2017,2024-09-25,6,0,0.08152883396544294,0,13,default,Test
AST-2031,2024-09-25,2,0,0.21552409707925171,0,13,default,Test
AST-3008,2024-09-25,5,0,0.07282735865198746,0,13,default,Test
AST-3019,2024-09-25,11,0,0.04072882888800394,0,13,default,Test
AST-4055,2024-09-25,11,0,0.19255694653476824,0,13,default,Test
AST-4061,2024-09-25,18,1,0.18661770370735944,0,13,default,Test
AST-5003,2024-09-25,13,1,0.127483177194873,0,13,default,Test
AST-5007,2024-09-25,13,1,0.04457912343596037,0,13,default,Test
AST-1041,2024-09-26,4,0,0.14294859848065455,0,13,default,Test
AST-1042,2024-09-26,8,0,0.0805248209070342,0,13,default,Test
AST-2017,2024-09-26,12,0,0.0770515119559866,0,13,default,Test
AST-2031,2024-09-26,8,0,0.21208453887530895,0,13,default,Test
AST-3008,2024-09-26,8,0,0.059513559732881,0,13,default,Test
AST-3019,2024-09-26,4,0,0.06318714339095724,0,13,default,Test
AST-4055,2024-09-26,3,0,0.1654339721920505,0,13,default,Test
AST-4061,2024-09-26,18,1,0.05395311034488144,0,13,default,Test
AST-5003,2024-09-26,12,0,0.12051168103773456,0,13,default,Test
AST-5007,2024-09-26,0,0,0.03999354879077562,0,13,default,Test
AST-1041,2024-09-27,0,0,0.0862831198555254,0,13,default,Test
AST-1042,2024-09-27,5,0,0.08509831570089071,0,13,default,Test
AST-2017,2024-09-27,6,0,0.10445999789083488,0,13,default,Test
AST-2031,2024-09-27,4,0,0.18673908366590358,0,13,default,Test
AST-3008,2024-09-27,6,0,0.05962792248470798,0,13,default,Test
AST-3019,2024-09-27,3,0,0.05596250991842733,0,13,default,Test
AST-4055,2024-09-27,18,1,0.13723239083503158,0,13,default,Test
AST-4061,2024-09-27,8,0,0.05310967306710545,0,13,default,Test
AST-5003,2024-09-27,8,0,0.12505941114955138,0,13,default,Test
AST-5007,2024-09-27,2,0,0.05160407286525903,0,13,default,Test
AST-1041,2024-09-28,0,0,0.07054407665076647,0,13,default,Test
AST-1042,2024-09-28,0,0,0.05492199269259374,0,13,default,Test
AST-2017,2024-09-28,0,0,0.043108118623745036,0,13,default,Test
AST-2031,2024-09-28,0,0,0.179117675370663,0,13,default,Test
AST-3008,2024-09-28,0,0,0.06253551434976284,0,13,default,Test
AST-3019,2024-09-28,0,0,0.031232166125478772,0,13,default,Test
AST-4055,2024-09-28,0,0,0.08686561009377759,0,13,default,Test
AST-4061,2024-09-28,0,0,0.028111198748118797,0,13,default,Test
AST-5003,2024-09-28,0,0,0.05066550451908557,0,13,default,Test
AST-5007,2024-09-28,0,0,0.03672062116673871,0,13,default,Test
AST-1041,2024-09-29,0,0,0.06280600763379329,0,13,default,Test
AST-1042,2024-09-29,0,0,0.0819927034511288,0,13,default,Test
AST-2017,2024-09-29,0,0,0.040348222947566514,0,13,default,Test
AST-2031,2024-09-29,0,0,0.14511382538545514,0,13,default,Test
AST-3008,2024-09-29,0,0,0.03376238845047391,0,13,default,Test
AST-3019,2024-09-29,0,0,0.05091819093478246,0,13,default,Test
AST-4055,2024-09-29,0,0,0.11167612790368464,0,13,default,Test
AST-4061,2024-09-29,0,0,0.03919584019916972,0,13,default,Test
AST-5003,2024-09-29,0,0,0.073017899490888,0,13,default,Test
AST-5007,2024-09-29,0,0,0.04042549530474495,0,13,default,Test
AST-1041,2024-09-30,4,0,0.0907620969510263,0,13,default,Test
AST-1042,2024-09-30,9,0,0.09822752014290158,0,13,default,Test
AST-2017,2024-09-30,8,0,0.07157036387932707,0,13,default,Test
AST-2031,2024-09-30,23,1,0.2182847469703319,0,13,default,Test
AST-3008,2024-09-30,4,0,0.06446876812001735,0,13,default,Test
AST-3019,2024-09-30,6,0,0.056111233949111675,0,13,default,Test
AST-4055,2024-09-30,6,0,0.12194397253375705,0,13,default,Test
AST-4061,2024-09-30,4,0,0.06460587875262765,0,13,default,Test
AST-5003,2024-09-30,14,1,0.32447489654053896,0,13,default,Test
AST-5007,2024-09-30,3,0,0.05938776980333718,0,13,default,Test
AST-1041,2024-10-01,2,0,0.10435936580582333,0,13,default,Test
AST-1042,2024-10-01,11,0,0.08270078574109124,0,13,default,Test
AST-2017,2024-10-01,13,1,0.08663867434058567,0,13,default,Test
AST-2031,2024-10-01,6,0,0.18316940070532997,0,13,default,Test
AST-3008,2024-10-01,14,1,0.15509758022934922,0,13,default,Test
AST-3019,2024-10-01,0,0,0.056050128774169115,0,13,default,Test
AST-4055,2024-10-01,2,0,0.12241900128322034,0,13,default,Test
AST-4061,2024-10-01,8,0,0.06621500712735105,0,13,default,Test
AST-5003,2024-10-01,5,0,0.12758740233355653,0,13,default,Test
AST-5007,2024-10-01,2,0,0.05727056383452164,0,13,default,Test
AST-1041,2024-10-02,0,0,0.09865787524182383,0,13,default,Test
AST-1042,2024-10-02,10,0,0.09425237998299658,0,13,default,Test
AST-2017,2024-10-02,4,0,0.06388635576778144,0,13,default,Test
AST-2031,2024-10-02,21,1,0.18918173160955282,0,13,default,Test
AST-3008,2024-10-02,8,0,0.055191515645766465,0,13,default,Test
AST-3019,2024-10-02,2,0,0.04740057905169173,0,13,default,Test
AST-4055,2024-10-02,4,0,0.178074421426689,0,13,default,Test
AST-4061,2024-10-02,12,0,0.053504840989543716,0,13,default,Test
AST-5003,2024-10-02,4,0,0.15793272444179235,0,13,default,Test
AST-5007,2024-10-02,6,0,0.04831560827775951,0,13,default,Test
AST-1041,2024-10-03,8,0,0.09983146195688082,0,13,default,Test
AST-1042,2024-10-03,6,0,0.08537473811355975,0,13,default,Test
AST-2017,2024-10-03,13,1,0.08034007448580525,0,13,default,Test
AST-2031,2024-10-03,10,0,0.22125047346610027,0,13,default,Test
AST-3008,2024-10-03,6,0,0.0743123850220207,0,13,default,Test
AST-3019,2024-10-03,18,1,0.09670902067104165,0,13,default,Test
AST-4055,2024-10-03,10,0,0.13907619863172643,0,13,default,Test
AST-4061,2024-10-03,8,0,0.057296499383538264,0,13,default,Test
AST-5003,2024-10-03,10,0,0.10142838640199983,0,13,default,Test
AST-5007,2024-10-03,1,0,0.054825345567798695,0,13,default,Test
AST-1041,2024-10-04,12,0,0.10039984725887403,0,13,default,Test
AST-1042,2024-10-04,6,0,0.11669511601042228,0,13,default,Test
AST-2017,2024-10-04,16,1,0.09061293232704401,0,13,default,Test
AST-2031,2024-10-04,5,0,0.19490223404948678,0,13,default,Test
AST-3008,2024-10-04,6,0,0.06166286188734807,0,13,default,Test
AST-3019,2024-10-04,12,0,0.05901259612551167,0,13,default,Test
AST-4055,2024-10-04,14,1,0.13900388978601197,0,13,default,Test
AST-4061,2024-10-04,7,0,0.059363579483327135,0,13,default,Test
AST-5003,2024-10-04,5,0,0.14733481678493382,0,13,default,Test
AST-5007,2024-10-04,0,0,0.05491120899751007,0,13,default,Test
AST-1041,2024-10-05,0,0,0.11935252029353373,0,13,default,Test
AST-1042,2024-10-05,0,0,0.050368428308105874,0,13,default,Test
AST-2017,2024-10-05,0,0,0.04441959283226071,0,13,default,Test
AST-2031,2024-10-05,0,0,0.18413498436786138,0,13,default,Test
AST-3008,2024-10-05,0,0,0.03120159037792646,0,13,default,Test
AST-3019,2024-10-05,0,0,0.03362141160279855,0,13,default,Test
AST-4055,2024-10-05,0,0,0.10868520509817994,0,13,default,Test
AST-4061,2024-10-05,0,0,0.030319491508878398,0,13,default,Test
AST-5003,2024-10-05,0,0,0.09904188947273157,0,13,default,Test
AST-5007,2024-10-05,0,0,0.030233758119286313,0,13,default,Test
AST-1041,2024-10-06,0,0,0.049457070193849095,0,13,default,Test
AST-1042,2024-10-06,0,0,0.05400821592805093,0,13,default,Test
AST-2017,2024-10-06,0,0,0.05024170737951113,0,13,default,Test
AST-2031,2024-10-06,0,0,0.11739510651055324,0,13,default,Test
AST-3008,2024-10-06,0,0,0.04587138963524637,0,13,default,Test
AST-3019,2024-10-06,0,0,0.03215712611785686,0,13,default,Test
AST-4055,2024-10-06,0,0,0.10427138864352657,0,13,default,Test
AST-4061,2024-10-06,0,0,0.03427528614887906,0,13,default,Test
AST-5003,2024-10-06,0,0,0.08137631242573257,0,13,default,Test
AST-5007,2024-10-06,0,0,0.029696452107443077,0,13,default,Test
AST-1041,2024-10-07,8,0,0.11210288274183906,0,13,default,Test
AST-1042,2024-10-07,8,0,0.11332786439323961,0,13,default,Test
AST-2017,2024-10-07,3,0,0.09222933021628936,0,13,default,Test
AST-2031,2024-10-07,6,0,0.18029754460797792,0,13,default,Test
AST-3008,2024-10-07,4,0,0.05841969904102612,0,13,default,Test
AST-3019,2024-10-07,2,0,0.04848923129853832,0,13,default,Test
AST-4055,2024-10-07,16,1,0.15786404723721714,0,13,default,Test
AST-4061,2024-10-07,10,0,0.05023195641721638,0,13,default,Test
AST-5003,2024-10-07,16,1,0.15040543995056305,0,13,default,Test
AST-5007,2024-10-07,0,0,0.04521424016300215,0,13,default,Test
AST-1041,2024-10-08,8,0,0.09038176145567295,0,13,default,Test
AST-1042,2024-10-08,4,0,0.10377670260840074,0,13,default,Test
AST-2017,2024-10-08,6,0,0.08127546823705727,0,13,default,Test
AST-2031,2024-10-08,8,0,0.2159351108415402,0,13,default,Test
AST-3008,2024-10-08,8,0,0.06615186103478556,0,13,default,Test
AST-3019,2024-10-08,8,0,0.05478947077663935,0,13,default,Test
AST-4055,2024-10-08,11,0,0.13881975371298452,0,13,default,Test
AST-4061,2024-10-08,15,1,0.06550970818429784,0,13,default,Test
AST-5003,2024-10-08,6,0,0.116059561530295,0,13,default,Test
AST-5007,2024-10-08,1,0,0.03666216437822866,0,13,default,Test
AST-1041,2024-10-09,6,0,0.09859919856431662,0,13,default,Test
AST-1042,2024-10-09,6,0,0.09380730359855483,0,13,default,Test
AST-2017,2024-10-09,12,0,0.0737898176837058,0,13,default,Test
AST-2031,2024-10-09,13,1,0.16709595565687424,0,13,default,Test
AST-3008,2024-10-09,14,1,0.20735821165958193,0,13,default,Test
AST-3019,2024-10-09,6,0,0.04426317349556537,0,13,default,Test
AST-4055,2024-10-09,4,0,0.16232384449652812,0,13,default,Test
AST-4061,2024-10-09,7,0,0.05417398170513041,0,13,default,Test
AST-5003,2024-10-09,6,0,0.1489124927525378,0,13,default,Test
AST-5007,2024-10-09,6,0,0.052497932972111645,0,13,default,Test
AST-1041,2024-10-10,2,0,0.10860010807538781,0,13,default,Test
AST-1042,2024-10-10,6,0,0.08034420280015939,0,13,default,Test
AST-2017,2024-10-10,3,0,0.08735511687303613,0,13,default,Test
AST-2031,2024-10-10,2,0,0.18611212233650098,0,13,default,Test
AST-3008,2024-10-10,1,0,0.07353459461766897,0,13,default,Test
AST-3019,2024-10-10,4,0,0.06277664862190482,0,13,default,Test
AST-4055,2024-10-10,0,0,0.18379784563021867,0,13,default,Test
AST-4061,2024-10-10,8,0,0.07163767774711681,0,13,default,Test
AST-5003,2024-10-10,10,0,0.10091974291450806,0,13,default,Test
AST-5007,2024-10-10,11,0,0.054588043817768266,0,13,default,Test
AST-1041,2024-10-11,6,0,0.08637295797289866,0,13,default,Test
AST-1042,2024-10-11,12,0,0.15817108671037988,0,13,default,Test
AST-2017,2024-10-11,6,0,0.05458339062700043,0,13,default,Test
AST-2031,2024-10-11,2,0,0.1900015976506295,0,13,default,Test
AST-3008,2024-10-11,11,0,0.06876919039791182,0,13,default,Test
AST-3019,2024-10-11,3,0,0.07987976927497428,0,13,default,Test
AST-4055,2024-10-11,13,1,0.15597472025682846,0,13,default,Test
AST-4061,2024-10-11,5,0,0.054001578124652706,0,13,default,Test
AST-5003,2024-10-11,12,0,0.11654684386862921,0,13,default,Test
AST-5007,2024-10-11,6,0,0.03624984926241511,0,13,default,Test
AST-1041,2024-10-12,0,0,0.18482645782161772,0,13,default,Test
AST-1042,2024-10-12,0,0,0.06314804469940262,0,13,default,Test
AST-2017,2024-10-12,0,0,0.04597870577551844,0,13,default,Test
AST-2031,2024-10-12,0,0,0.1575052087114637,0,13,default,Test
AST-3008,2024-10-12,0,0,0.041930966868872876,0,13,default,Test
AST-3019,2024-10-12,0,0,0.03766675977622641,0,13,default,Test
AST-4055,2024-10-12,0,0,0.12556044073623893,0,13,default,Test
AST-4061,2024-10-12,0,0,0.038966834764357375,0,13,default,Test
AST-5003,2024-10-12,0,0,0.062367838033900884,0,13,default,Test
AST-5007,2024-10-12,0,0,0.039211106295848244,0,13,default,Test
AST-1041,2024-10-13,0,0,0.04745394966970527,0,13,default,Test
AST-1042,2024-10-13,0,0,0.05541322063501657,0,13,default,Test
AST-2017,2024-10-13,0,0,0.048989465423922574,0,13,default,Test
AST-2031,2024-10-13,0,0,0.14533294863918894,0,13,default,Test
AST-3008,2024-10-13,0,0,0.03696354660246731,0,13,default,Test
AST-3019,2024-10-13,0,0,0.038223697823321204,0,13,default,Test
AST-4055,2024-10-13,0,0,0.08350686527101923,0,13,default,Test
AST-4061,2024-10-13,0,0,0.044929654784922016,0,13,default,Test
AST-5003,2024-10-13,0,0,0.0789297232212789,0,13,default,Test
AST-5007,2024-10-13,0,0,0.0348167455378295,0,13,default,Test
AST-1041,2024-10-14,3,0,0.12470622138380551,0,13,default,Test
AST-1042,2024-10-14,0,0,0.1059761956927017,0,13,default,Test
AST-2017,2024-10-14,7,0,0.05154047094328702,0,13,default,Test
AST-2031,2024-10-14,10,0,0.1940315541959374,0,13,default,Test
AST-3008,2024-10-14,2,0,0.06055481085206409,0,13,default,Test
AST-3019,2024-10-14,2,0,0.06609629068002709,0,13,default,Test
AST-4055,2024-10-14,2,0,0.15611129613957195,0,13,default,Test
AST-4061,2024-10-14,1,0,0.06997730485731637,0,13,default,Test
AST-5003,2024-10-14,18,1,0.10322509016494222,0,13,default,Test
AST-5007,2024-10-14,3,0,0.0618362895505286,0,13,default,Test
AST-1041,2024-10-15,6,0,0.1213270817897943,0,13,default,Test
AST-1042,2024-10-15,0,0,0.0979069905620055,0,13,default,Test
AST-2017,2024-10-15,8,0,0.05404185800551166,0,13,default,Test
AST-2031,2024-10-15,7,0,0.2190178824924752,0,13,default,Test
AST-3008,2024-10-15,9,0,0.05373617964617075,0,13,default,Test
AST-3019,2024-10-15,12,0,0.056284740416498946,0,13,default,Test
AST-4055,2024-10-15,9,0,0.14339033723548228,0,13,default,Test
AST-4061,2024-10-15,6,0,0.06871105327899067,0,13,default,Test
AST-5003,2024-10-15,14,1,0.0991575514526918,0,13,default,Test
AST-5007,2024-10-15,7,0,0.04668384750911709,0,13,default,Test
AST-1041,2024-10-16,8,0,0.10120287752023444,0,13,default,Test
AST-1042,2024-10-16,6,0,0.09480493944797383,0,13,default,Test
AST-2017,2024-10-16,5,0,0.0818141798874955,0,13,default,Test
AST-2031,2024-10-16,2,0,0.17297851889280283,0,13,default,Test
AST-3008,2024-10-16,10,0,0.06738449366297802,0,13,default,Test
AST-3019,2024-10-16,14,1,0.046485267170516084,0,13,default,Test
AST-4055,2024-10-16,10,0,0.12467928818018388,0,13,default,Test
AST-4061,2024-10-16,4,0,0.054625720094131,0,13,default,Test
AST-5003,2024-10-16,8,0,0.12224357852795524,0,13,default,Test
AST-5007,2024-10-16,7,0,0.05652113910815378,0,13,default,Test
AST-1041,2024-10-17,10,0,0.10555805494578763,0,13,default,Test
AST-1042,2024-10-17,0,0,0.10521639361351302,0,13,default,Test
AST-2017,2024-10-17,6,0,0.06650350070170358,0,13,default,Test
AST-2031,2024-10-17,9,0,0.2103677475092471,0,13,default,Test
AST-3008,2024-10-17,8,0,0.07502318255641492,0,13,default,Test
AST-3019,2024-10-17,14,1,0.05245427810176614,0,13,default,Test
AST-4055,2024-10-17,9,0,0.18441640667137146,0,13,default,Test
AST-4061,2024-10-17,6,0,0.06139941123807797,0,13,default,Test
AST-5003,2024-10-17,4,0,0.12137373400294982,0,13,default,Test
AST-5007,2024-10-17,3,0,0.05350184713974825,0,13,default,Test
AST-1041,2024-10-18,3,0,0.12370614354914641,0,13,default,Test
AST-1042,2024-10-18,6,0,0.09287326929236536,0,13,default,Test
AST-2017,2024-10-18,18,1,0.062071694437272874,0,13,default,Test
AST-2031,2024-10-18,8,0,0.2302135860320514,0,13,default,Test
AST-3008,2024-10-18,3,0,0.06371533735311621,0,13,default,Test
AST-3019,2024-10-18,12,0,0.03802970723417163,0,13,default,Test
AST-4055,2024-10-18,12,0,0.12260550192465561,0,13,default,Test
AST-4061,2024-10-18,2,0,0.06243669302245414,0,13,default,Test
AST-5003,2024-10-18,1,0,0.1099290034596984,0,13,default,Test
AST-5007,2024-10-18,8,0,0.04944008672586241,0,13,default,Test
AST-1041,2024-10-19,0,0,0.068199743479052,0,13,default,Test
AST-1042,2024-10-19,0,0,0.06277866838877573,0,13,default,Test
AST-2017,2024-10-19,0,0,0.053743288634126155,0,13,default,Test
AST-2031,2024-10-19,0,0,0.1404543342851728,0,13,default,Test
AST-3008,2024-10-19,0,0,0.04830932336081905,0,13,default,Test
AST-3019,2024-10-19,0,0,0.03625940890446064,0,13,default,Test
AST-4055,2024-10-19,0,0,0.11312467194193332,0,13,default,Test
AST-4061,2024-10-19,0,0,0.040105787722510874,0,13,default,Test
AST-5003,2024-10-19,0,0,0.06811023909284296,0,13,default,Test
AST-5007,2024-10-19,0,0,0.028237565639785064,0,13,default,Test
AST-1041,2024-10-20,0,0,0.06200758045082446,0,13,default,Test
AST-1042,2024-10-20,0,0,0.0857271303154482,0,13,default,Test
AST-2017,2024-10-20,0,0,0.04765357921791824,0,13,default,Test
AST-2031,2024-10-20,0,0,0.189557215633867,0,13,default,Test
AST-3008,2024-10-20,0,0,0.04163309405615124,0,13,default,Test
AST-3019,2024-10-20,0,0,0.04335063857998182,0,13,default,Test
AST-4055,2024-10-20,0,0,0.11512471035322218,0,13,default,Test
AST-4061,2024-10-20,0,0,0.15627598651173058,0,13,default,Test
AST-5003,2024-10-20,0,0,0.058311731786426076,0,13,default,Test
AST-5007,2024-10-20,0,0,0.03359646545664732,0,13,default,Test
AST-1041,2024-10-21,5,0,0.10993985440721138,0,13,default,Test
AST-1042,2024-10-21,7,0,0.09036612716170209,0,13,default,Test
AST-2017,2024-10-21,2,0,0.08252697667034593,0,13,default,Test
AST-2031,2024-10-21,8,0,0.19248761246422685,0,13,default,Test
AST-3008,2024-10-21,5,0,0.07324045930168989,0,13,default,Test
AST-3019,2024-10-21,0,0,0.07353176719426653,0,13,default,Test
AST-4055,2024-10-21,14,1,0.1405211866139729,0,13,default,Test
AST-4061,2024-10-21,8,0,0.0500868052496627,0,13,default,Test
AST-5003,2024-10-21,8,0,0.0999656501767659,0,13,default,Test
AST-5007,2024-10-21,4,0,0.0515118650927302,0,13,default,Test
AST-1041,2024-10-22,0,0,0.11180237883501261,0,13,default,Test
AST-1042,2024-10-22,4,0,0.09723475522362537,0,13,default,Test
AST-2017,2024-10-22,7,0,0.07125980008467576,0,13,default,Test
AST-2031,2024-10-22,9,0,0.20002000207178444,0,13,default,Test
AST-3008,2024-10-22,10,0,0.057825410869034026,0,13,default,Test
AST-3019,2024-10-22,6,0,0.07241503187553293,0,13,default,Test
AST-4055,2024-10-22,12,0,0.13865667519723154,0,13,default,Test
AST-4061,2024-10-22,12,0,0.060691407463709116,0,13,default,Test
AST-5003,2024-10-22,6,0,0.09898190285551245,0,13,default,Test
AST-5007,2024-10-22,0,0,0.040413099732271036,0,13,default,Test
AST-1041,2024-10-23,6,0,0.08981493175700572,0,13,default,Test
AST-1042,2024-10-23,4,0,0.08936606392359596,0,13,default,Test
AST-2017,2024-10-23,13,1,0.16349027642020006,0,13,default,Test
AST-2031,2024-10-23,8,0,0.1990944991776905,0,13,default,Test
AST-3008,2024-10-23,12,0,0.06616928430901778,0,13,default,Test
AST-3019,2024-10-23,4,0,0.05861173908293677,0,13,default,Test
AST-4055,2024-10-23,11,0,0.1676177755059072,0,13,default,Test
AST-4061,2024-10-23,22,1,0.05599487399276723,0,13,default,Test
AST-5003,2024-10-23,9,0,0.12498305730931779,0,13,default,Test
AST-5007,2024-10-23,1,0,0.046452258564193966,0,13,default,Test
AST-1041,2024-10-24,11,0,0.11020046406202234,0,13,default,Test
AST-1042,2024-10-24,2,0,0.07936042195642165,0,13,default,Test
AST-2017,2024-10-24,21,1,0.08906649648731153,0,13,default,Test
AST-2031,2024-10-24,2,0,0.20797042046751268,0,13,default,Test
AST-3008,2024-10-24,6,0,0.06089738661318705,0,13,default,Test
AST-3019,2024-10-24,9,0,0.07260134356716734,0,13,default,Test
AST-4055,2024-10-24,2,0,0.1253615561182486,0,13,default,Test
AST-4061,2024-10-24,4,0,0.05398128415106396,0,13,default,Test
AST-5003,2024-10-24,4,0,0.11240992669752074,0,13,default,Test
AST-5007,2024-10-24,1,0,0.03693593571791635,0,13,default,Test
AST-1041,2024-10-25,14,1,0.08782590748114787,0,13,default,Test
AST-1042,2024-10-25,15,1,0.08100084517034577,0,13,default,Test
AST-2017,2024-10-25,11,0,0.06751770405423971,0,13,default,Test
AST-2031,2024-10-25,0,0,0.1991389190021023,0,13,default,Test
AST-3008,2024-10-25,8,0,0.08036239781025056,0,13,default,Test
AST-3019,2024-10-25,9,0,0.050565520197201924,0,13,default,Test
AST-4055,2024-10-25,11,0,0.11366893435654253,0,13,default,Test
AST-4061,2024-10-25,4,0,0.05547337832773065,0,13,default,Test
AST-5003,2024-10-25,5,0,0.09446329175771877,0,13,default,Test
AST-5007,2024-10-25,6,0,0.05204741342554178,0,13,default,Test
AST-1041,2024-10-26,0,0,0.06024751529160732,0,13,default,Test
AST-1042,2024-10-26,0,0,0.06344406508699543,0,13,default,Test
AST-2017,2024-10-26,0,0,0.05074234513939011,0,13,default,Test
AST-2031,2024-10-26,0,0,0.13020773857361376,0,13,default,Test
AST-3008,2024-10-26,0,0,0.03877046003048533,0,13,default,Test
AST-3019,2024-10-26,0,0,0.03350474589807755,0,13,default,Test
AST-4055,2024-10-26,0,0,0.12575863108479335,0,13,default,Test
AST-4061,2024-10-26,0,0,0.034118591808866575,0,13,default,Test
AST-5003,2024-10-26,0,0,0.07520883801880193,0,13,default,Test
AST-5007,2024-10-26,0,0,0.03191760511804724,0,13,default,Test
AST-1041,2024-10-27,0,0,0.06697320493205872,0,13,default,Test
AST-1042,2024-10-27,0,0,0.06430526171975301,0,13,default,Test
AST-2017,2024-10-27,0,0,0.056279700406925516,0,13,default,Test
AST-2031,2024-10-27,0,0,0.16082400535720326,0,13,default,Test
AST-3008,2024-10-27,0,0,0.041069936930112655,0,13,default,Test
AST-3019,2024-10-27,0,0,0.053715653586438546,0,13,default,Test
AST-4055,2024-10-27,0,0,0.10722940892154503,0,13,default,Test
AST-4061,2024-10-27,0,0,0.03880247030578542,0,13,default,Test
AST-5003,2024-10-27,0,0,0.2808311784513588,0,13,default,Test
AST-5007,2024-10-27,0,0,0.02858714818446967,0,13,default,Test
AST-1041,2024-10-28,0,0,0.09654207706014747,0,13,default,Test
AST-1042,2024-10-28,8,0,0.08589731812329467,0,13,default,Test
AST-2017,2024-10-28,7,0,0.058065729521049624,0,13,default,Test
AST-2031,2024-10-28,4,0,0.18579949105730315,0,13,default,Test
AST-3008,2024-10-28,5,0,0.06648757983783367,0,13,default,Test
AST-3019,2024-10-28,9,0,0.06837829876277561,0,13,default,Test
AST-4055,2024-10-28,9,0,0.16513143842997466,0,13,default,Test
AST-4061,2024-10-28,2,0,0.058368714772140354,0,13,default,Test
AST-5003,2024-10-28,14,1,0.13359677615639173,0,13,default,Test
AST-5007,2024-10-28,11,0,0.054748657462669804,0,13,default,Test
AST-1041,2024-10-29,5,0,0.11674759548091854,0,13,default,Test
AST-1042,2024-10-29,5,0,0.09223214026715455,0,13,default,Test
AST-2017,2024-10-29,14,1,0.18584250434262584,0,13,default,Test
AST-2031,2024-10-29,2,0,0.19855321885808533,0,13,default,Test
AST-3008,2024-10-29,8,0,0.06447463771353666,0,13,default,Test
AST-3019,2024-10-29,6,0,0.0612380034060501,0,13,default,Test
AST-4055,2024-10-29,3,0,0.12598341662133256,0,13,default,Test
AST-4061,2024-10-29,4,0,0.04220178451970582,0,13,default,Test
AST-5003,2024-10-29,3,0,0.13945501041829497,0,13,default,Test
AST-5007,2024-10-29,0,0,0.04707295202611055,0,13,default,Test
AST-1041,2024-10-30,4,0,0.08825537455590143,0,13,default,Test
AST-1042,2024-10-30,9,0,0.08234057200187588,0,13,default,Test
AST-2017,2024-10-30,7,0,0.05863292449557099,0,13,default,Test
AST-2031,2024-10-30,12,0,0.1895366031514107,0,13,default,Test
AST-3008,2024-10-30,1,0,0.06174525572848464,0,13,default,Test
AST-3019,2024-10-30,9,0,0.05879011359161134,0,13,default,Test
AST-4055,2024-10-30,8,0,0.15144025159575475,0,13,default,Test
AST-4061,2024-10-30,7,0,0.07247088950756225,0,13,default,Test
AST-5003,2024-10-30,19,1,0.10284915583080667,0,13,default,Test
AST-5007,2024-10-30,10,0,0.04249557422049321,0,13,default,Test
AST-1041,2024-10-31,6,0,0.08706271293139052,0,13,default,Test
AST-1042,2024-10-31,12,0,0.08156991834044948,0,13,default,Test
AST-2017,2024-10-31,6,0,0.07370288524785812,0,13,default,Test
AST-2031,2024-10-31,0,0,0.17717019761538172,0,13,default,Test
AST-3008,2024-10-31,4,0,0.06088625270627178,0,13,default,Test
AST-3019,2024-10-31,6,0,0.050345144179512274,0,13,default,Test
AST-4055,2024-10-31,6,0,0.19017853322398398,0,13,default,Test
AST-4061,2024-10-31,2,0,0.06395874519859031,0,13,default,Test
AST-5003,2024-10-31,10,0,0.10378493371703267,0,13,default,Test
AST-5007,2024-10-31,4,0,0.05199075865349178,0,13,default,Test
AST-1041,2024-11-01,6,0,0.09641361399915221,0,13,default,Test
AST-1042,2024-11-01,1,0,0.10353985822908011,0,13,default,Test
AST-2017,2024-11-01,7,0,0.0622880555062414,0,13,default,Test
AST-2031,2024-11-01,8,0,0.20095044764483777,0,13,default,Test
AST-3008,2024-11-01,8,0,0.06769278804844053,0,13,default,Test
AST-3019,2024-11-01,5,0,0.04925898483599605,0,13,default,Test
AST-4055,2024-11-01,7,0,0.13246665538783767,0,13,default,Test
AST-4061,2024-11-01,10,0,0.04055866225446467,0,13,default,Test
AST-5003,2024-11-01,3,0,0.1256064676874092,0,13,default,Test
AST-5007,2024-11-01,5,0,0.04966753295459776,0,13,default,Test
AST-1041,2024-11-02,0,0,0.06319897240251827,0,13,default,Test
AST-1042,2024-11-02,0,0,0.0905380978010233,0,13,default,Test
AST-2017,2024-11-02,0,0,0.045234402028754755,0,13,default,Test
AST-2031,2024-11-02,0,0,0.1279848862460355,0,13,default,Test
AST-3008,2024-11-02,0,0,0.028019314670780365,0,13,default,Test
AST-3019,2024-11-02,0,0,0.039621216023962784,0,13,default,Test
AST-4055,2024-11-02,0,0,0.10928411990129346,0,13,default,Test
AST-4061,2024-11-02,0,0,0.05755538447675495,0,13,default,Test
AST-5003,2024-11-02,0,0,0.0635646162192649,0,13,default,Test
AST-5007,2024-11-02,0,0,0.036295760813485414,0,13,default,Test
AST-1041,2024-11-03,0,0,0.05908960014213187,0,13,default,Test
AST-1042,2024-11-03,0,0,0.059687474549553705,0,13,default,Test
AST-2017,2024-11-03,0,0,0.04653961230980626,0,13,default,Test
AST-2031,2024-11-03,0,0,0.15624782231125803,0,13,default,Test
AST-3008,2024-11-03,0,0,0.03877645693645027,0,13,default,Test
AST-3019,2024-11-03,0,0,0.037421565677417196,0,13,default,Test
AST-4055,2024-11-03,0,0,0.08086545518738768,0,13,default,Test
AST-4061,2024-11-03,0,0,0.03248190632187326,0,13,default,Test
AST-5003,2024-11-03,0,0,0.09932941248267525,0,13,default,Test
AST-5007,2024-11-03,0,0,0.09148363460308288,0,13,default,Test
AST-1041,2024-11-04,1,0,0.10407652464372597,0,13,default,Test
AST-1042,2024-11-04,12,0,0.08423504691039888,0,13,default,Test
AST-2017,2024-11-04,9,0,0.07037533219997848,0,13,default,Test
AST-2031,2024-11-04,4,0,0.22112816806191307,0,13,default,Test
AST-3008,2024-11-04,6,0,0.06814891385158302,0,13,default,Test
AST-3019,2024-11-04,0,0,0.04779145063256512,0,13,default,Test
AST-4055,2024-11-04,6,0,0.17884088675418536,0,13,default,Test
AST-4061,2024-11-04,2,0,0.05531259958134291,0,13,default,Test
AST-5003,2024-11-04,2,0,0.09035080137492325,0,13,default,Test
AST-5007,2024-11-04,10,0,0.07256033426313523,0,13,default,Test
AST-1041,2024-11-05,3,0,0.08507781540872593,0,13,default,Test
AST-1042,2024-11-05,9,0,0.1094132237773184,0,13,default,Test
AST-2017,2024-11-05,15,1,0.09619868643150642,0,13,default,Test
AST-2031,2024-11-05,11,0,0.17501337113107462,0,13,default,Test
AST-3008,2024-11-05,11,0,0.059774158865707507,0,13,default,Test
AST-3019,2024-11-05,18,1,0.07335225490900135,0,13,default,Test
AST-4055,2024-11-05,12,0,0.1376349860123219,0,13,default,Test
AST-4061,2024-11-05,16,1,0.06812052893286345,0,13,default,Test
AST-5003,2024-11-05,12,0,0.131106500943339,0,13,default,Test
AST-5007,2024-11-05,4,0,0.046645950776339894,0,13,default,Test
AST-1041,2024-11-06,8,0,0.10726999251207281,0,13,default,Test
AST-1042,2024-11-06,4,0,0.10886408089634195,0,13,default,Test
AST-2017,2024-11-06,12,0,0.05875989293673992,0,13,default,Test
AST-2031,2024-11-06,8,0,0.22222275809086484,0,13,default,Test
AST-3008,2024-11-06,4,0,0.056254310531945226,0,13,default,Test
AST-3019,2024-11-06,2,0,0.05235207941622557,0,13,default,Test
AST-4055,2024-11-06,14,1,0.16147733806977124,0,13,default,Test
AST-4061,2024-11-06,8,0,0.0605325725221034,0,13,default,Test
AST-5003,2024-11-06,18,1,0.11174638688487094,0,13,default,Test
AST-5007,2024-11-06,6,0,0.04572165240214747,0,13,default,Test
AST-1041,2024-11-07,0,0,0.09683310920798607,0,13,default,Test
AST-1042,2024-11-07,8,0,0.09940557997637169,0,13,default,Test
AST-2017,2024-11-07,16,1,0.07442297838921626,0,13,default,Test
AST-2031,2024-11-07,8,0,0.1982643538678608,0,13,default,Test
AST-3008,2024-11-07,11,0,0.0770754428856404,0,13,default,Test
AST-3019,2024-11-07,9,0,0.05961972040368769,0,13,default,Test
AST-4055,2024-11-07,8,0,0.16282295735104044,0,13,default,Test
AST-4061,2024-11-07,6,0,0.11060621484551707,0,13,default,Test
AST-5003,2024-11-07,10,0,0.10260897860627856,0,13,default,Test
AST-5007,2024-11-07,4,0,0.09812280236093633,0,13,default,Test
AST-1041,2024-11-08,4,0,0.09105199932546426,0,13,default,Test
AST-1042,2024-11-08,5,0,0.08153361465027537,0,13,default,Test
AST-2017,2024-11-08,1,0,0.050516405655048044,0,13,default,Test
AST-2031,2024-11-08,6,0,0.1658131072576229,0,13,default,Test
AST-3008,2024-11-08,8,0,0.059359957055313675,0,13,default,Test
AST-3019,2024-11-08,4,0,0.0682864912578633,0,13,default,Test
AST-4055,2024-11-08,11,0,0.1498462995889842,0,13,default,Test
AST-4061,2024-11-08,0,0,0.047238415357566586,0,13,default,Test
AST-5003,2024-11-08,6,0,0.1303212711838404,0,13,default,Test
AST-5007,2024-11-08,4,0,0.050055438623168254,0,13,default,Test
AST-1041,2024-11-09,0,0,0.06551986293110283,0,13,default,Test
AST-1042,2024-11-09,0,0,0.05302923942566812,0,13,default,Test
AST-2017,2024-11-09,0,0,0.05524757540548598,0,13,default,Test
AST-2031,2024-11-09,0,0,0.14504436643808902,0,13,default,Test
AST-3008,2024-11-09,0,0,0.08747030807281582,0,13,default,Test
AST-3019,2024-11-09,0,0,0.03656901016716668,0,13,default,Test
AST-4055,2024-11-09,0,0,0.10193543423485765,0,13,default,Test
AST-4061,2024-11-09,0,0,0.04887536232609999,0,13,default,Test
AST-5003,2024-11-09,0,0,0.0630165738921453,0,13,default,Test
AST-5007,2024-11-09,0,0,0.02875349601445555,0,13,default,Test
AST-1041,2024-11-10,0,0,0.055684911876068124,0,13,default,Test
AST-1042,2024-11-10,0,0,0.07588981156845205,0,13,default,Test
AST-2017,2024-11-10,0,0,0.048678195588220854,0,13,default,Test
AST-2031,2024-11-10,0,0,0.16292163908347376,0,13,default,Test
AST-3008,2024-11-10,0,0,0.09040838230414962,0,13,default,Test
AST-3019,2024-11-10,0,0,0.04404917733209307,0,13,default,Test
AST-4055,2024-11-10,0,0,0.09310291804441945,0,13,default,Test
AST-4061,2024-11-10,0,0,0.04671225601677985,0,13,default,Test
AST-5003,2024-11-10,0,0,0.08913488020535247,0,13,default,Test
AST-5007,2024-11-10,0,0,0.04098486149801943,0,13,default,Test
AST-1041,2024-11-11,10,0,0.10880115260544283,0,13,default,Test
AST-1042,2024-11-11,8,0,0.08868632400225293,0,13,default,Test
AST-2017,2024-11-11,7,0,0.06851336070482078,0,13,default,Test
AST-2031,2024-11-11,4,0,0.2153969620151211,0,13,default,Test
AST-3008,2024-11-11,4,0,0.06797230037365488,0,13,default,Test
AST-3019,2024-11-11,3,0,0.07416852530447234,0,13,default,Test
AST-4055,2024-11-11,8,0,0.1423386345725413,0,13,default,Test
AST-4061,2024-11-11,6,0,0.048559668569833035,0,13,default,Test
AST-5003,2024-11-11,8,0,0.18067648589251586,0,13,default,Test
AST-5007,2024-11-11,7,0,0.033637195806035636,0,13,default,Test
AST-1041,2024-11-12,14,1,0.34086678422492767,0,13,default,Test
AST-1042,2024-11-12,6,0,0.0614305588253953,0,13,default,Test
AST-2017,2024-11-12,7,0,0.06280327955822505,0,13,default,Test
AST-2031,2024-11-12,10,0,0.18789776599878308,0,13,default,Test
AST-3008,2024-11-12,11,0,0.07072190316973619,0,13,default,Test
AST-3019,2024-11-12,7,0,0.05657171863734654,0,13,default,Test
AST-4055,2024-11-12,13,1,0.11854156554359283,0,13,default,Test
AST-4061,2024-11-12,16,1,0.061209909050105156,0,13,default,Test
AST-5003,2024-11-12,9,0,0.11834726272280781,0,13,default,Test
AST-5007,2024-11-12,5,0,0.16434621491038293,0,13,default,Test
AST-1041,2024-11-13,10,0,0.10822792802616127,0,13,default,Test
AST-1042,2024-11-13,7,0,0.09132475880523036,0,13,default,Test
AST-2017,2024-11-13,2,0,0.08945344088489371,0,13,default,Test
AST-2031,2024-11-13,4,0,0.218162916492426,0,13,default,Test
AST-3008,2024-11-13,10,0,0.05462386420972485,0,13,default,Test
AST-3019,2024-11-13,7,0,0.20162857873136342,0,13,default,Test
AST-4055,2024-11-13,1,0,0.15226418258776975,0,13,default,Test
AST-4061,2024-11-13,13,1,0.049590930248083934,0,13,default,Test
AST-5003,2024-11-13,9,0,0.12854069970093146,0,13,default,Test
AST-5007,2024-11-13,0,0,0.05580976630181686,0,13,default,Test
AST-1041,2024-11-14,5,0,0.1309036886320102,0,13,default,Test
AST-1042,2024-11-14,3,0,0.11257085553673826,0,13,default,Test
AST-2017,2024-11-14,5,0,0.08619098693855942,0,13,default,Test
AST-2031,2024-11-14,8,0,0.2002950293195531,0,13,default,Test
AST-3008,2024-11-14,3,0,0.050845906902898634,0,13,default,Test
AST-3019,2024-11-14,11,0,0.07798597539413064,0,13,default,Test
AST-4055,2024-11-14,2,0,0.15993333372863486,0,13,default,Test
AST-4061,2024-11-14,2,0,0.06207301066636871,0,13,default,Test
AST-5003,2024-11-14,9,0,0.13571474933945418,0,13,default,Test
AST-5007,2024-11-14,9,0,0.052360825669779565,0,13,default,Test
AST-1041,2024-11-15,2,0,0.10768042357998266,0,13,default,Test
AST-1042,2024-11-15,5,0,0.09822735781996862,0,13,default,Test
AST-2017,2024-11-15,5,0,0.07252328453591547,0,13,default,Test
AST-2031,2024-11-15,6,0,0.22854735308512245,0,13,default,Test
AST-3008,2024-11-15,11,0,0.07826204750991611,0,13,default,Test
AST-3019,2024-11-15,2,0,0.056281134767321855,0,13,default,Test
AST-4055,2024-11-15,14,1,0.16966175647504056,0,13,default,Test
AST-4061,2024-11-15,8,0,0.059179234400941104,0,13,default,Test
AST-5003,2024-11-15,10,0,0.09397021500049213,0,13,default,Test
AST-5007,2024-11-15,7,0,0.06417878427003855,0,13,default,Test
AST-1041,2024-11-16,0,0,0.07956807764087888,0,13,default,Test
AST-1042,2024-11-16,0,0,0.13912778246572216,0,13,default,Test
AST-2017,2024-11-16,0,0,0.0651319000482013,0,13,default,Test
AST-2031,2024-11-16,0,0,0.1881960498554754,0,13,default,Test
AST-3008,2024-11-16,0,0,0.041068389246937516,0,13,default,Test
AST-3019,2024-11-16,0,0,0.03951660451912566,0,13,default,Test
AST-4055,2024-11-16,0,0,0.14588605631012969,0,13,default,Test
AST-4061,2024-11-16,0,0,0.04304954558233643,0,13,default,Test
AST-5003,2024-11-16,0,0,0.06931373262725192,0,13,default,Test
AST-5007,2024-11-16,0,0,0.029351277873263044,0,13,default,Test
AST-1041,2024-11-17,0,0,0.0472835241487694,0,13,default,Test
AST-1042,2024-11-17,0,0,0.06195428331481682,0,13,default,Test
AST-2017,2024-11-17,0,0,0.04153686720970752,0,13,default,Test
AST-2031,2024-11-17,0,0,0.14418118553538606,0,13,default,Test
AST-3008,2024-11-17,0,0,0.08824554066128477,0,13,default,Test
AST-3019,2024-11-17,0,0,0.04398031597857086,0,13,default,Test
AST-4055,2024-11-17,0,0,0.10743934528661615,0,13,default,Test
AST-4061,2024-11-17,0,0,0.025957628279738795,0,13,default,Test
AST-5003,2024-11-17,0,0,0.06539004515924574,0,13,default,Test
AST-5007,2024-11-17,0,0,0.03344896475399998,0,13,default,Test
AST-1041,2024-11-18,9,0,0.08776128453446143,0,13,default,Test
AST-1042,2024-11-18,9,0,0.0884927766894597,0,13,default,Test
AST-2017,2024-11-18,8,0,0.06598582179584304,0,13,default,Test
AST-2031,2024-11-18,7,0,0.19158474068970757,0,13,default,Test
AST-3008,2024-11-18,4,0,0.08039531067066487,0,13,default,Test
AST-3019,2024-11-18,6,0,0.05660281986617984,0,13,default,Test
AST-4055,2024-11-18,21,1,0.1584854721984286,0,13,default,Test
AST-4061,2024-11-18,5,0,0.06598118523081009,0,13,default,Test
AST-5003,2024-11-18,5,0,0.09639193056055238,0,13,default,Test
AST-5007,2024-11-18,7,0,0.03859534529961318,0,13,default,Test
AST-1041,2024-11-19,10,0,0.0946998609819418,0,13,default,Test
AST-1042,2024-11-19,11,0,0.09836350716459426,0,13,default,Test
AST-2017,2024-11-19,5,0,0.06251679015772939,0,13,default,Test
AST-2031,2024-11-19,10,0,0.19381075455007,0,13,default,Test
AST-3008,2024-11-19,11,0,0.10686259988652522,0,13,default,Test
AST-3019,2024-11-19,2,0,0.05796363487702039,0,13,default,Test
AST-4055,2024-11-19,11,0,0.17685752900559054,0,13,default,Test
AST-4061,2024-11-19,4,0,0.0671606398301822,0,13,default,Test
AST-5003,2024-11-19,10,0,0.12297912988485439,0,13,default,Test
AST-5007,2024-11-19,1,0,0.03809097486546875,0,13,default,Test
AST-1041,2024-11-20,12,0,0.08469505551884256,0,13,default,Test
AST-1042,2024-11-20,4,0,0.0979496350051944,0,13,default,Test
AST-2017,2024-11-20,6,0,0.05855183945219062,0,13,default,Test
AST-2031,2024-11-20,8,0,0.21522430227727773,0,13,default,Test
AST-3008,2024-11-20,8,0,0.14216281438583298,0,13,default,Test
AST-3019,2024-11-20,0,0,0.06481815779188826,0,13,default,Test
AST-4055,2024-11-20,3,0,0.17617453841180217,0,13,default,Test
AST-4061,2024-11-20,11,0,0.061919087610897545,0,13,default,Test
AST-5003,2024-11-20,20,1,0.14132316351247948,0,13,default,Test
AST-5007,2024-11-20,0,0,0.049456908920764014,0,13,default,Test
AST-1041,2024-11-21,6,0,0.11915109950385977,0,13,default,Test
AST-1042,2024-11-21,6,0,0.09404966253861285,0,13,default,Test
AST-2017,2024-11-21,9,0,0.06242113360413776,0,13,default,Test
AST-2031,2024-11-21,17,1,0.19530354895666352,0,13,default,Test
AST-3008,2024-11-21,4,0,0.04591607720209392,0,13,default,Test
AST-3019,2024-11-21,6,0,0.056586051056701954,0,13,default,Test
AST-4055,2024-11-21,8,0,0.1461981955439331,0,13,default,Test
AST-4061,2024-11-21,4,0,0.04659075910231119,0,13,default,Test
AST-5003,2024-11-21,12,0,0.09638474664103006,0,13,default,Test
AST-5007,2024-11-21,6,0,0.04740176313574548,0,13,default,Test
AST-1041,2024-11-22,12,0,0.09657296021294018,0,13,default,Test
AST-1042,2024-11-22,6,0,0.11184560045675546,0,13,default,Test
AST-2017,2024-11-22,7,0,0.06293966269583605,0,13,default,Test
AST-2031,2024-11-22,0,0,0.2022307133615236,0,13,default,Test
AST-3008,2024-11-22,2,0,0.06693791164395735,0,13,default,Test
AST-3019,2024-11-22,4,0,0.06813912539870993,0,13,default,Test
AST-4055,2024-11-22,9,0,0.1463845941799655,0,13,default,Test
AST-4061,2024-11-22,6,0,0.07411648201007896,0,13,default,Test
AST-5003,2024-11-22,15,1,0.1373422689051823,0,13,default,Test
AST-5007,2024-11-22,2,0,0.039708470936431574,0,13,default,Test
AST-1041,2024-11-23,0,0,0.07253219021994667,0,13,default,Test
AST-1042,2024-11-23,0,0,0.07081341181749443,0,13,default,Test
AST-2017,2024-11-23,0,0,0.0400658669279469,0,13,default,Test
AST-2031,2024-11-23,0,0,0.11475631453276429,0,13,default,Test
AST-3008,2024-11-23,0,0,0.05227892358382225,0,13,default,Test
AST-3019,2024-11-23,0,0,0.04488460864938897,0,13,default,Test
AST-4055,2024-11-23,0,0,0.12579621639685876,0,13,default,Test
AST-4061,2024-11-23,0,0,0.032256774551261684,0,13,default,Test
AST-5003,2024-11-23,0,0,0.07135462718592155,0,13,default,Test
AST-5007,2024-11-23,0,0,0.028457674158722374,0,13,default,Test
AST-1041,2024-11-24,0,0,0.06976399437808758,0,13,default,Test
AST-1042,2024-11-24,0,0,0.06540944642098293,0,13,default,Test
AST-2017,2024-11-24,0,0,0.04775886718549566,0,13,default,Test
AST-2031,2024-11-24,0,0,0.1836343951818379,0,13,default,Test
AST-3008,2024-11-24,0,0,0.056267842348090596,0,13,default,Test
AST-3019,2024-11-24,0,0,0.05290916820545515,0,13,default,Test
AST-4055,2024-11-24,0,0,0.07856145088051654,0,13,default,Test
AST-4061,2024-11-24,0,0,0.033716049348506916,0,13,default,Test
AST-5003,2024-11-24,0,0,0.06384539805558206,0,13,default,Test
AST-5007,2024-11-24,0,0,0.03891571481520735,0,13,default,Test
AST-1041,2024-11-25,4,0,0.0892604270274802,0,13,default,Test
AST-1042,2024-11-25,6,0,0.102612623100325,0,13,default,Test
AST-2017,2024-11-25,5,0,0.08148235964173292,0,13,default,Test
AST-2031,2024-11-25,8,0,0.22168387662285927,0,13,default,Test
AST-3008,2024-11-25,3,0,0.06242404927444789,0,13,default,Test
AST-3019,2024-11-25,8,0,0.07743066600472844,0,13,default,Test
AST-4055,2024-11-25,7,0,0.16193416250972983,0,13,default,Test
AST-4061,2024-11-25,4,0,0.04194870553075786,0,13,default,Test
AST-5003,2024-11-25,9,0,0.1174382700415043,0,13,default,Test
AST-5007,2024-11-25,6,0,0.050303789653419036,0,13,default,Test
AST-1041,2024-11-26,2,0,0.1115342297749792,0,13,default,Test
AST-1042,2024-11-26,4,0,0.09478568304740975,0,13,default,Test
AST-2017,2024-11-26,4,0,0.06921285177814199,0,13,default,Test
AST-2031,2024-11-26,8,0,0.1910798781006156,0,13,default,Test
AST-3008,2024-11-26,5,0,0.07156573381833285,0,13,default,Test
AST-3019,2024-11-26,5,0,0.0597756820742903,0,13,default,Test
AST-4055,2024-11-26,15,1,0.12554610724915488,0,13,default,Test
AST-4061,2024-11-26,3,0,0.05937380383582682,0,13,default,Test
AST-5003,2024-11-26,9,0,0.14733193494963706,0,13,default,Test
AST-5007,2024-11-26,10,0,0.05015827846401909,0,13,default,Test
AST-1041,2024-11-27,6,0,0.10777652663719688,0,13,default,Test
AST-1042,2024-11-27,4,0,0.10588075654848188,0,13,default,Test
AST-2017,2024-11-27,11,0,0.07914362035196786,0,13,default,Test
AST-2031,2024-11-27,15,1,0.18010611598920273,0,13,default,Test
AST-3008,2024-11-27,5,0,0.07395410952401531,0,13,default,Test
AST-3019,2024-11-27,6,0,0.06548247043795032,0,13,default,Test
AST-4055,2024-11-27,2,0,0.14387105221733432,0,13,default,Test
AST-4061,2024-11-27,6,0,0.04747261317506788,0,13,default,Test
AST-5003,2024-11-27,15,1,0.09505554063669208,0,13,default,Test
AST-5007,2024-11-27,10,0,0.043279477943765465,0,13,default,Test
AST-1041,2024-11-28,11,0,0.14179929324556945,0,13,default,Test
AST-1042,2024-11-28,8,0,0.11147817232084424,0,13,default,Test
AST-2017,2024-11-28,11,0,0.07590256163923217,0,13,default,Test
AST-2031,2024-11-28,9,0,0.1944801810488006,0,13,default,Test
AST-3008,2024-11-28,4,0,0.061037415428218465,0,13,default,Test
AST-3019,2024-11-28,6,0,0.07010557886215964,0,13,default,Test
AST-4055,2024-11-28,8,0,0.15909044387179488,0,13,default,Test
AST-4061,2024-11-28,6,0,0.04370058060533298,0,13,default,Test
AST-5003,2024-11-28,12,0,0.11919007116960291,0,13,default,Test
AST-5007,2024-11-28,9,0,0.04991803516904292,0,13,default,Test
AST-1041,2024-11-29,8,0,0.08459432508571292,0,13,default,Test
AST-1042,2024-11-29,2,0,0.09686476081495052,0,13,default,Test
AST-2017,2024-11-29,8,0,0.0728488475902228,0,13,default,Test
AST-2031,2024-11-29,10,0,0.21111493048245838,0,13,default,Test
AST-3008,2024-11-29,0,0,0.06277573749120109,0,13,default,Test
AST-3019,2024-11-29,6,0,0.059220792595270716,0,13,default,Test
AST-4055,2024-11-29,13,1,0.1533703289767363,0,13,default,Test
AST-4061,2024-11-29,6,0,0.06555823722974778,0,13,default,Test
AST-5003,2024-11-29,11,0,0.14301977678547653,0,13,default,Test
AST-5007,2024-11-29,0,0,0.06729987997633406,0,13,default,Test
AST-1041,2024-11-30,0,0,0.05241490437296429,0,13,default,Test
AST-1042,2024-11-30,0,0,0.09808304797034041,0,13,default,Test
AST-2017,2024-11-30,0,0,0.047183792333691,0,13,default,Test
AST-2031,2024-11-30,0,0,0.16615750419454758,0,13,default,Test
AST-3008,2024-11-30,0,0,0.03369822592545042,0,13,default,Test
AST-3019,2024-11-30,0,0,0.05437091026239248,0,13,default,Test
AST-4055,2024-11-30,0,0,0.10930046621147713,0,13,default,Test
AST-4061,2024-11-30,0,0,0.03218469063414052,0,13,default,Test
AST-5003,2024-11-30,0,0,0.08619828414454955,0,13,default,Test
AST-5007,2024-11-30,0,0,0.04463973138104829,0,13,default,Test
AST-1041,2024-12-01,0,0,0.05446138986892025,0,13,default,Test
AST-1042,2024-12-01,0,0,0.0682827254212852,0,13,default,Test
AST-2017,2024-12-01,0,0,0.05507818761220055,0,13,default,Test
AST-2031,2024-12-01,0,0,0.2002485574632818,0,13,default,Test
AST-3008,2024-12-01,0,0,0.03272877438423843,0,13,default,Test
AST-3019,2024-12-01,0,0,0.036559794710332556,0,13,default,Test
AST-4055,2024-12-01,0,0,0.10679903582714925,0,13,default,Test
AST-4061,2024-12-01,0,0,0.041112672600838285,0,13,default,Test
AST-5003,2024-12-01,0,0,0.06356495322085581,0,13,default,Test
AST-5007,2024-12-01,0,0,0.04363003325311942,0,13,default,Test
AST-1041,2024-12-02,7,0,0.09245381044766546,0,13,default,Test
AST-1042,2024-12-02,12,0,0.09223189611979236,0,13,default,Test
AST-2017,2024-12-02,11,0,0.08009108944641956,0,13,default,Test
AST-2031,2024-12-02,2,0,0.20679537080665217,0,13,default,Test
AST-3008,2024-12-02,12,0,0.07145445531813406,0,13,default,Test
AST-3019,2024-12-02,4,0,0.058118293315315275,0,13,default,Test
AST-4055,2024-12-02,7,0,0.16506314328685964,0,13,default,Test
AST-4061,2024-12-02,9,0,0.06383871109844973,0,13,default,Test
AST-5003,2024-12-02,6,0,0.12657516640832864,0,13,default,Test
AST-5007,2024-12-02,5,0,0.06370617734978057,0,13,default,Test
AST-1041,2024-12-03,7,0,0.11066963299257669,0,13,default,Test
AST-1042,2024-12-03,4,0,0.08029575015820443,0,13,default,Test
AST-2017,2024-12-03,10,0,0.07671957467128643,0,13,default,Test
AST-2031,2024-12-03,4,0,0.19828820260797358,0,13,default,Test
AST-3008,2024-12-03,2,0,0.07018436709286592,0,13,default,Test
AST-3019,2024-12-03,0,0,0.0655545170885716,0,13,default,Test
AST-4055,2024-12-03,13,1,0.12242869648916116,0,13,default,Test
AST-4061,2024-12-03,12,0,0.05867767964969634,0,13,default,Test
AST-5003,2024-12-03,9,0,0.12634445121416413,0,13,default,Test
AST-5007,2024-12-03,3,0,0.04890116455578976,0,13,default,Test
AST-1041,2024-12-04,4,0,0.1122302868552949,0,13,default,Test
AST-1042,2024-12-04,8,0,0.11964196678758424,0,13,default,Test
AST-2017,2024-12-04,17,1,0.08065589036928918,0,13,default,Test
AST-2031,2024-12-04,10,0,0.2483848171853105,0,13,default,Test
AST-3008,2024-12-04,4,0,0.06126734102962747,0,13,default,Test
AST-3019,2024-12-04,6,0,0.06196411144749901,0,13,default,Test
AST-4055,2024-12-04,10,0,0.12451409043621711,0,13,default,Test
AST-4061,2024-12-04,4,0,0.0639613450872433,0,13,default,Test
AST-5003,2024-12-04,8,0,0.12396688872104711,0,13,default,Test
AST-5007,2024-12-04,12,0,0.04860776196604116,0,13,default,Test
AST-1041,2024-12-05,5,0,0.0997331453879124,0,13,default,Test
AST-1042,2024-12-05,4,0,0.0981031178732198,0,13,default,Test
AST-2017,2024-12-05,5,0,0.07458346014023941,0,13,default,Test
AST-2031,2024-12-05,7,0,0.25976968594293837,0,13,default,Test
AST-3008,2024-12-05,9,0,0.07275236886827807,0,13,default,Test
AST-3019,2024-12-05,18,1,0.06516180922143801,0,13,default,Test
AST-4055,2024-12-05,6,0,0.1459816912722935,0,13,default,Test
AST-4061,2024-12-05,10,0,0.06211068277388035,0,13,default,Test
AST-5003,2024-12-05,8,0,0.12260301359883233,0,13,default,Test
AST-5007,2024-12-05,9,0,0.047467253804107726,0,13,default,Test
AST-1041,2024-12-06,6,0,0.10970056403705526,0,13,default,Test
AST-1042,2024-12-06,10,0,0.07686598251671523,0,13,default,Test
AST-2017,2024-12-06,15,1,0.10376899161778216,0,13,default,Test
AST-2031,2024-12-06,6,0,0.19460158986728293,0,13,default,Test
AST-3008,2024-12-06,4,0,0.07027841211899774,0,13,default,Test
AST-3019,2024-12-06,2,0,0.04956363207602106,0,13,default,Test
AST-4055,2024-12-06,5,0,0.15776540682267964,0,13,default,Test
AST-4061,2024-12-06,4,0,0.052339319699385774,0,13,default,Test
AST-5003,2024-12-06,9,0,0.09628210834734738,0,13,default,Test
AST-5007,2024-12-06,0,0,0.04858734821291331,0,13,default,Test
AST-1041,2024-12-07,0,0,0.07358492319084056,0,13,default,Test
AST-1042,2024-12-07,0,0,0.06369897357900449,0,13,default,Test
AST-2017,2024-12-07,0,0,0.054956545589377535,0,13,default,Test
AST-2031,2024-12-07,0,0,0.15089780284409673,0,13,default,Test
AST-3008,2024-12-07,0,0,0.04023103307148326,0,13,default,Test
AST-3019,2024-12-07,0,0,0.046168953521824284,0,13,default,Test
AST-4055,2024-12-07,0,0,0.1220670193521264,0,13,default,Test
AST-4061,2024-12-07,0,0,0.13986485432154386,0,13,default,Test
AST-5003,2024-12-07,0,0,0.08677694166725365,0,13,default,Test
AST-5007,2024-12-07,0,0,0.04214474359193428,0,13,default,Test
AST-1041,2024-12-08,0,0,0.06944524068990854,0,13,default,Test
AST-1042,2024-12-08,0,0,0.08711442348400018,0,13,default,Test
AST-2017,2024-12-08,0,0,0.046621501492908134,0,13,default,Test
AST-2031,2024-12-08,0,0,0.1480095075220663,0,13,default,Test
AST-3008,2024-12-08,0,0,0.03557949156743657,0,13,default,Test
AST-3019,2024-12-08,0,0,0.0352319442618835,0,13,default,Test
AST-4055,2024-12-08,0,0,0.1813792551349781,0,13,default,Test
AST-4061,2024-12-08,0,0,0.04529042546912349,0,13,default,Test
AST-5003,2024-12-08,0,0,0.07279468537013571,0,13,default,Test
AST-5007,2024-12-08,0,0,0.038161204415530614,0,13,default,Test
AST-1041,2024-12-09,4,0,0.12142330959404947,0,13,default,Test
AST-1042,2024-12-09,7,0,0.11287688639117623,0,13,default,Test
AST-2017,2024-12-09,4,0,0.06596651016482633,0,13,default,Test
AST-2031,2024-12-09,3,0,0.19832146713544746,0,13,default,Test
AST-3008,2024-12-09,4,0,0.07724218078385069,0,13,default,Test
AST-3019,2024-12-09,2,0,0.15353604037406252,0,13,default,Test
AST-4055,2024-12-09,3,0,0.1660968202057454,0,13,default,Test
AST-4061,2024-12-09,24,1,0.05641279321670047,0,13,default,Test
AST-5003,2024-12-09,12,0,0.11687348952943209,0,13,default,Test
AST-5007,2024-12-09,12,0,0.06187222708914739,0,13,default,Test
AST-1041,2024-12-10,4,0,0.1057504993908657,0,13,default,Test
AST-1042,2024-12-10,24,1,0.12122349652674182,0,13,default,Test
AST-2017,2024-12-10,18,1,0.08160222137640387,0,13,default,Test
AST-2031,2024-12-10,7,0,0.1852105393881472,0,13,default,Test
AST-3008,2024-12-10,10,0,0.05699766629623152,0,13,default,Test
AST-3019,2024-12-10,3,0,0.16013790474888157,0,13,default,Test
AST-4055,2024-12-10,20,1,0.12518107082374214,0,13,default,Test
AST-4061,2024-12-10,8,0,0.05451845881116167,0,13,default,Test
AST-5003,2024-12-10,6,0,0.0899241723352927,0,13,default,Test
AST-5007,2024-12-10,2,0,0.04733267556318987,0,13,default,Test
AST-1041,2024-12-11,6,0,0.09241645523821497,0,13,default,Test
AST-1042,2024-12-11,0,0,0.09109888032937946,0,13,default,Test
AST-2017,2024-12-11,13,1,0.06066811463498175,0,13,default,Test
AST-2031,2024-12-11,8,0,0.19875476910684994,0,13,default,Test
AST-3008,2024-12-11,9,0,0.06082342087943978,0,13,default,Test
AST-3019,2024-12-11,16,1,0.06131769712357434,0,13,default,Test
AST-4055,2024-12-11,3,0,0.15753253563225442,0,13,default,Test
AST-4061,2024-12-11,3,0,0.07711247454427111,0,13,default,Test
AST-5003,2024-12-11,3,0,0.08230553439431731,0,13,default,Test
AST-5007,2024-12-11,3,0,0.05354737920846506,0,13,default,Test
AST-1041,2024-12-12,12,0,0.11698232312103729,0,13,default,Test
AST-1042,2024-12-12,14,1,0.11545628221906065,0,13,default,Test
AST-2017,2024-12-12,11,0,0.07229329779852565,0,13,default,Test
AST-2031,2024-12-12,4,0,0.2255274187113621,0,13,default,Test
AST-3008,2024-12-12,10,0,0.07819295808161233,0,13,default,Test
AST-3019,2024-12-12,6,0,0.06197304645450738,0,13,default,Test
AST-4055,2024-12-12,10,0,0.13885965856846413,0,13,default,Test
AST-4061,2024-12-12,18,1,0.07263625604491523,0,13,default,Test
AST-5003,2024-12-12,10,0,0.09808151532833548,0,13,default,Test
AST-5007,2024-12-12,2,0,0.05373488762107987,0,13,default,Test
AST-1041,2024-12-13,1,0,0.10595827830718271,0,13,default,Test
AST-1042,2024-12-13,10,0,0.14633514531896025,0,13,default,Test
AST-2017,2024-12-13,11,0,0.0744420979111114,0,13,default,Test
AST-2031,2024-12-13,4,0,0.17556053358931203,0,13,default,Test
AST-3008,2024-12-13,7,0,0.07735753361973252,0,13,default,Test
AST-3019,2024-12-13,8,0,0.06278127633120667,0,13,default,Test
AST-4055,2024-12-13,12,0,0.16081919560403257,0,13,default,Test
AST-4061,2024-12-13,4,0,0.05524255769425894,0,13,default,Test
AST-5003,2024-12-13,9,0,0.11453773687730799,0,13,default,Test
AST-5007,2024-12-13,2,0,0.06908641124483281,0,13,default,Test
AST-1041,2024-12-14,0,0,0.05708357265682163,0,13,default,Test
AST-1042,2024-12-14,0,0,0.06025280597648621,0,13,default,Test
AST-2017,2024-12-14,0,0,0.051859351949714666,0,13,default,Test
AST-2031,2024-12-14,0,0,0.14521618235675196,0,13,default,Test
AST-3008,2024-12-14,0,0,0.045117036683031214,0,13,default,Test
AST-3019,2024-12-14,0,0,0.04082805183595785,0,13,default,Test
AST-4055,2024-12-14,0,0,0.1102167003906178,0,13,default,Test
AST-4061,2024-12-14,0,0,0.04823296365143132,0,13,default,Test
AST-5003,2024-12-14,0,0,0.1037025382504017,0,13,default,Test
AST-5007,2024-12-14,0,0,0.025132649706143453,0,13,default,Test
AST-1041,2024-12-15,0,0,0.08306635127637012,0,13,default,Test
AST-1042,2024-12-15,0,0,0.07163203370626824,0,13,default,Test
AST-2017,2024-12-15,0,0,0.05070313759198969,0,13,default,Test
AST-2031,2024-12-15,0,0,0.19186551369888438,0,13,default,Test
AST-3008,2024-12-15,0,0,0.04149354993391039,0,13,default,Test
AST-3019,2024-12-15,0,0,0.040856469719995035,0,13,default,Test
AST-4055,2024-12-15,0,0,0.10262752273421528,0,13,default,Test
AST-4061,2024-12-15,0,0,0.038832903197971225,0,13,default,Test
AST-5003,2024-12-15,0,0,0.07017408115952686,0,13,default,Test
AST-5007,2024-12-15,0,0,0.0404838414988372,0,13,default,Test
AST-1041,2024-12-16,10,0,0.0776410887093777,0,13,default,Test
AST-1042,2024-12-16,6,0,0.08621640818642162,0,13,default,Test
AST-2017,2024-12-16,6,0,0.06307349568126243,0,13,default,Test
AST-2031,2024-12-16,6,0,0.21147043857380413,0,13,default,Test
AST-3008,2024-12-16,12,0,0.07363633645476707,0,13,default,Test
AST-3019,2024-12-16,11,0,0.05606113867429712,0,13,default,Test
AST-4055,2024-12-16,10,0,0.1780951582145962,0,13,default,Test
AST-4061,2024-12-16,0,0,0.06868880702546619,0,13,default,Test
AST-5003,2024-12-16,1,0,0.1427247498575348,0,13,default,Test
AST-5007,2024-12-16,6,0,0.05053256730231896,0,13,default,Test
AST-1041,2024-12-17,4,0,0.1081282908578961,0,13,default,Test
AST-1042,2024-12-17,4,0,0.10263988582828047,0,13,default,Test
AST-2017,2024-12-17,15,1,0.06332603907663105,0,13,default,Test
AST-2031,2024-12-17,12,0,0.21444636611764295,0,13,default,Test
AST-3008,2024-12-17,4,0,0.06699946967511328,0,13,default,Test
AST-3019,2024-12-17,7,0,0.07569192068469238,0,13,default,Test
AST-4055,2024-12-17,10,0,0.19642815987893328,0,13,default,Test
AST-4061,2024-12-17,8,0,0.06288389609170185,0,13,default,Test
AST-5003,2024-12-17,0,0,0.1328661557194368,0,13,default,Test
AST-5007,2024-12-17,4,0,0.04663815644537642,0,13,default,Test
AST-1041,2024-12-18,5,0,0.08530955795736445,0,13,default,Test
AST-1042,2024-12-18,6,0,0.10404639204963727,0,13,default,Test
AST-2017,2024-12-18,16,1,0.0851189433199137,0,13,default,Test
AST-2031,2024-12-18,10,0,0.2251900065838844,0,13,default,Test
AST-3008,2024-12-18,6,0,0.21687768525150936,0,13,default,Test
AST-3019,2024-12-18,8,0,0.06785275660487793,0,13,default,Test
AST-4055,2024-12-18,9,0,0.1473972651136899,0,13,default,Test
AST-4061,2024-12-18,10,0,0.06316334485383196,0,13,default,Test
AST-5003,2024-12-18,4,0,0.09529602333881766,0,13,default,Test
AST-5007,2024-12-18,2,0,0.0492283111891374,0,13,default,Test
AST-1041,2024-12-19,6,0,0.10228657074161,0,13,default,Test
AST-1042,2024-12-19,10,0,0.11233254375436195,0,13,default,Test
AST-2017,2024-12-19,3,0,0.09518694606349427,0,13,default,Test
AST-2031,2024-12-19,0,0,0.1886084037481947,0,13,default,Test
AST-3008,2024-12-19,9,0,0.1563982718195698,0,13,default,Test
AST-3019,2024-12-19,8,0,0.05583602377250748,0,13,default,Test
AST-4055,2024-12-19,11,0,0.16999412961319074,0,13,default,Test
AST-4061,2024-12-19,7,0,0.07086903893223132,0,13,default,Test
AST-5003,2024-12-19,10,0,0.12785319841683732,0,13,default,Test
AST-5007,2024-12-19,16,1,0.040605583249550846,0,13,default,Test
AST-1041,2024-12-20,4,0,0.10773893951907189,0,13,default,Test
AST-1042,2024-12-20,4,0,0.10274364581778907,0,13,default,Test
AST-2017,2024-12-20,8,0,0.07668740719115198,0,13,default,Test
AST-2031,2024-12-20,14,1,0.1326287453369156,0,13,default,Test
AST-3008,2024-12-20,6,0,0.21782181138026072,0,13,default,Test
AST-3019,2024-12-20,6,0,0.06041120027064322,0,13,default,Test
AST-4055,2024-12-20,10,0,0.14526294206584484,0,13,default,Test
AST-4061,2024-12-20,6,0,0.06800981059629116,0,13,default,Test
AST-5003,2024-12-20,10,0,0.11181619465427468,0,13,default,Test
AST-5007,2024-12-20,6,0,0.06264575386651865,0,13,default,Test
AST-1041,2024-12-21,0,0,0.053540707419026404,0,13,default,Test
AST-1042,2024-12-21,0,0,0.06687431246363511,0,13,default,Test
AST-2017,2024-12-21,0,0,0.04941729914366565,0,13,default,Test
AST-2031,2024-12-21,0,0,0.12982960624419415,0,13,default,Test
AST-3008,2024-12-21,0,0,0.03907748173947807,0,13,default,Test
AST-3019,2024-12-21,0,0,0.04140743934452566,0,13,default,Test
AST-4055,2024-12-21,0,0,0.11044454020556217,0,13,default,Test
AST-4061,2024-12-21,0,0,0.03738372846037366,0,13,default,Test
AST-5003,2024-12-21,0,0,0.06960201249934478,0,13,default,Test
AST-5007,2024-12-21,0,0,0.04179124397987357,0,13,default,Test
AST-1041,2024-12-22,0,0,0.056092572160808776,0,13,default,Test
AST-1042,2024-12-22,0,0,0.06810451319143915,0,13,default,Test
AST-2017,2024-12-22,0,0,0.05638968810895397,0,13,default,Test
AST-2031,2024-12-22,0,0,0.1669741975975507,0,13,default,Test
AST-3008,2024-12-22,0,0,0.04246414889413595,0,13,default,Test
AST-3019,2024-12-22,0,0,0.04135414485315304,0,13,default,Test
AST-4055,2024-12-22,0,0,0.14694892535666026,0,13,default,Test
AST-4061,2024-12-22,0,0,0.0393222344130016,0,13,default,Test
AST-5003,2024-12-22,0,0,0.07678720326058275,0,13,default,Test
AST-5007,2024-12-22,0,0,0.03470213905826155,0,13,default,Test
AST-1041,2024-12-23,6,0,0.10975760845704148,0,13,default,Test
AST-1042,2024-12-23,2,0,0.08383493945197493,0,13,default,Test
AST-2017,2024-12-23,17,1,0.18814474242154916,0,13,default,Test
AST-2031,2024-12-23,3,0,0.18905610625397684,0,13,default,Test
AST-3008,2024-12-23,4,0,0.06572456592521883,0,13,default,Test
AST-3019,2024-12-23,7,0,0.07495789591998214,0,13,default,Test
AST-4055,2024-12-23,6,0,0.15188620590542318,0,13,default,Test
AST-4061,2024-12-23,12,0,0.058554611256118716,0,13,default,Test
AST-5003,2024-12-23,11,0,0.10408608518515242,0,13,default,Test
AST-5007,2024-12-23,2,0,0.05512449638769967,0,13,default,Test
AST-1041,2024-12-24,18,1,0.13971500645046986,0,13,default,Test
AST-1042,2024-12-24,6,0,0.10407024380334884,0,13,default,Test
AST-2017,2024-12-24,10,0,0.06600376693521755,0,13,default,Test
AST-2031,2024-12-24,2,0,0.23565737771287334,0,13,default,Test
AST-3008,2024-12-24,6,0,0.06700918640531744,0,13,default,Test
AST-3019,2024-12-24,4,0,0.05669245797205561,0,13,default,Test
AST-4055,2024-12-24,14,1,0.15818610181321244,0,13,default,Test
AST-4061,2024-12-24,5,0,0.050118031114579305,0,13,default,Test
AST-5003,2024-12-24,2,0,0.08030161763752305,0,13,default,Test
AST-5007,2024-12-24,12,0,0.06828800307100377,0,13,default,Test
AST-1041,2024-12-25,4,0,0.12414415086154679,0,13,default,Test
AST-1042,2024-12-25,4,0,0.08324356392701117,0,13,default,Test
AST-2017,2024-12-25,12,0,0.06746664584369104,0,13,default,Test
AST-2031,2024-12-25,15,1,0.22963644083371418,0,13,default,Test
AST-3008,2024-12-25,8,0,0.07363442642105117,0,13,default,Test
AST-3019,2024-12-25,12,0,0.06030920715025484,0,13,default,Test
AST-4055,2024-12-25,10,0,0.16108740471599137,0,13,default,Test
AST-4061,2024-12-25,1,0,0.0590031933595983,0,13,default,Test
AST-5003,2024-12-25,11,0,0.09373702303718694,0,13,default,Test
AST-5007,2024-12-25,10,0,0.04566400759400752,0,13,default,Test
AST-1041,2024-12-26,2,0,0.1028624873707844,0,13,default,Test
AST-1042,2024-12-26,4,0,0.1015205647689067,0,13,default,Test
AST-2017,2024-12-26,19,1,0.07220624293737973,0,13,default,Test
AST-2031,2024-12-26,8,0,0.20069307494102956,0,13,default,Test
AST-3008,2024-12-26,2,0,0.06098953033255494,0,13,default,Test
AST-3019,2024-12-26,0,0,0.06940961009447759,0,13,default,Test
AST-4055,2024-12-26,14,1,0.18845546434005067,0,13,default,Test
AST-4061,2024-12-26,6,0,0.07475255469026514,0,13,default,Test
AST-5003,2024-12-26,1,0,0.10086196610459303,0,13,default,Test
AST-5007,2024-12-26,7,0,0.04939743427538122,0,13,default,Test
AST-1041,2024-12-27,7,0,0.0981506183188734,0,13,default,Test
AST-1042,2024-12-27,8,0,0.10690731401035333,0,13,default,Test
AST-2017,2024-12-27,11,0,0.061647073121554534,0,13,default,Test
AST-2031,2024-12-27,8,0,0.2036238812973775,0,13,default,Test
AST-3008,2024-12-27,3,0,0.06221758937013146,0,13,default,Test
AST-3019,2024-12-27,8,0,0.04985882924977289,0,13,default,Test
AST-4055,2024-12-27,12,0,0.15588079309060476,0,13,default,Test
AST-4061,2024-12-27,18,1,0.08709090336841964,0,13,default,Test
AST-5003,2024-12-27,16,1,0.11010437420780739,0,13,default,Test
AST-5007,2024-12-27,1,0,0.04621137691878158,0,13,default,Test
AST-1041,2024-12-28,0,0,0.05761191333093313,0,13,default,Test
AST-1042,2024-12-28,0,0,0.06923264314525682,0,13,default,Test
AST-2017,2024-12-28,0,0,0.04520110136613419,0,13,default,Test
AST-2031,2024-12-28,0,0,0.14792760561713397,0,13,default,Test
AST-3008,2024-12-28,0,0,0.04207362719700622,0,13,default,Test
AST-3019,2024-12-28,0,0,0.05158114565895264,0,13,default,Test
AST-4055,2024-12-28,0,0,0.11996298352052125,0,13,default,Test
AST-4061,2024-12-28,0,0,0.10745432888099671,0,13,default,Test
AST-5003,2024-12-28,0,0,0.08076116079713028,0,13,default,Test
AST-5007,2024-12-28,0,0,0.042507519331582054,0,13,default,Test
AST-1041,2024-12-29,0,0,0.05054549148565504,0,13,default,Test
AST-1042,2024-12-29,0,0,0.05916038783871199,0,13,default,Test
AST-2017,2024-12-29,0,0,0.0481304960718663,0,13,default,Test
AST-2031,2024-12-29,0,0,0.1611594937856029,0,13,default,Test
AST-3008,2024-12-29,0,0,0.0352369263154129,0,13,default,Test
AST-3019,2024-12-29,0,0,0.037014416648165065,0,13,default,Test
AST-4055,2024-12-29,0,0,0.12565276187158175,0,13,default,Test
AST-4061,2024-12-29,0,0,0.036811032718227304,0,13,default,Test
AST-5003,2024-12-29,0,0,0.0733934303603391,0,13,default,Test
AST-5007,2024-12-29,0,0,0.038679738503873684,0,13,default,Test
AST-1041,2024-12-30,4,0,0.2740732044949069,0,13,default,Test
AST-1042,2024-12-30,2,0,0.1156560381690723,0,13,default,Test
AST-2017,2024-12-30,7,0,0.07753711604559084,0,13,default,Test
AST-2031,2024-12-30,2,0,0.19605434308051714,0,13,default,Test
AST-3008,2024-12-30,0,0,0.08152911485586618,0,13,default,Test
AST-3019,2024-12-30,0,0,0.0836074057573096,0,13,default,Test
AST-4055,2024-12-30,11,0,0.18934335403538805,0,13,default,Test
AST-4061,2024-12-30,8,0,0.17972675356838785,0,13,default,Test
AST-5003,2024-12-30,10,0,0.13078280843190374,0,13,default,Test
AST-5007,2024-12-30,6,0,0.05039386745013866,0,13,default,Test
AST-1041,2024-12-31,1,0,0.09136077910167688,0,13,default,Test
AST-1042,2024-12-31,5,0,0.09231567421404958,0,13,default,Test
AST-2017,2024-12-31,12,0,0.07874642607632706,0,13,default,Test
AST-2031,2024-12-31,11,0,0.15857025034032923,0,13,default,Test
AST-3008,2024-12-31,4,0,0.08829160382634046,0,13,default,Test
AST-3019,2024-12-31,12,0,0.06940287513684709,0,13,default,Test
AST-4055,2024-12-31,10,0,0.15161517888149204,0,13,default,Test
AST-4061,2024-12-31,7,0,0.039372706897826716,0,13,default,Test
AST-5003,2024-12-31,10,0,0.14512824625595613,0,13,default,Test
AST-5007,2024-12-31,3,0,0.060487105601286895,0,13,default,Test
AST-1041,2025-01-01,6,0,0.12723039672163172,0,13,default,Test
AST-1042,2025-01-01,10,0,0.09483596073454889,0,13,default,Test
AST-2017,2025-01-01,6,0,0.0807942383362121,0,13,default,Test
AST-2031,2025-01-01,17,1,0.21633353974504632,0,13,default,Test
AST-3008,2025-01-01,7,0,0.09122581533603139,0,13,default,Test
AST-3019,2025-01-01,8,0,0.06029018410344146,0,13,default,Test
AST-4055,2025-01-01,11,0,0.18042119295607914,0,13,default,Test
AST-4061,2025-01-01,9,0,0.15555495337903602,0,13,default,Test
AST-5003,2025-01-01,6,0,0.13616605491500236,0,13,default,Test
AST-5007,2025-01-01,8,0,0.06445676910176432,0,13,default,Test
AST-1041,2024-07-21,0,0,0.33538796971413387,0,13,balanced,Test
AST-1042,2024-07-21,0,0,0.3849805038508737,0,13,balanced,Test
AST-2017,2024-07-21,0,0,0.3221452622802564,0,13,balanced,Test
AST-2031,2024-07-21,0,0,0.656841519977877,1,13,balanced,Test
AST-3008,2024-07-21,0,0,0.24672123074783045,0,13,balanced,Test
AST-3019,2024-07-21,0,0,0.23547637956994202,0,13,balanced,Test
AST-4055,2024-07-21,0,0,0.49680189980004663,0,13,balanced,Test
AST-4061,2024-07-21,0,0,0.2529681805066402,0,13,balanced,Test
AST-5003,2024-07-21,0,0,0.49010216755042096,0,13,balanced,Test
AST-5007,2024-07-21,0,0,0.24405960590282563,0,13,balanced,Test
AST-1041,2024-07-22,10,0,0.5927400442065717,1,13,balanced,Test
AST-1042,2024-07-22,6,0,0.520963051588353,1,13,balanced,Test
AST-2017,2024-07-22,23,1,0.4640721129361129,0,13,balanced,Test
AST-2031,2024-07-22,10,0,0.763303165422784,1,13,balanced,Test
AST-3008,2024-07-22,7,0,0.39632765482271315,0,13,balanced,Test
AST-3019,2024-07-22,5,0,0.39788247384147524,0,13,balanced,Test
AST-4055,2024-07-22,11,0,0.6556522899930668,1,13,balanced,Test
AST-4061,2024-07-22,0,0,0.37912075304428383,0,13,balanced,Test
AST-5003,2024-07-22,14,1,0.5350205188415389,1,13,balanced,Test
AST-5007,2024-07-22,7,0,0.2772269680725375,0,13,balanced,Test
AST-1041,2024-07-23,2,0,0.5064669552369518,1,13,balanced,Test
AST-1042,2024-07-23,4,0,0.585540744351603,1,13,balanced,Test
AST-2017,2024-07-23,12,0,0.7115984533181725,1,13,balanced,Test
AST-2031,2024-07-23,14,1,0.7953941503836226,1,13,balanced,Test
AST-3008,2024-07-23,4,0,0.39696530702632205,0,13,balanced,Test
AST-3019,2024-07-23,7,0,0.3776172968390412,0,13,balanced,Test
AST-4055,2024-07-23,6,0,0.6350377965523678,1,13,balanced,Test
AST-4061,2024-07-23,8,0,0.289294061776869,0,13,balanced,Test
AST-5003,2024-07-23,8,0,0.5660854375327695,1,13,balanced,Test
AST-5007,2024-07-23,4,0,0.31194210318306254,0,13,balanced,Test
AST-1041,2024-07-24,8,0,0.44944429068426395,0,13,balanced,Test
AST-1042,2024-07-24,11,0,0.4644566838449433,0,13,balanced,Test
AST-2017,2024-07-24,16,1,0.39623961553024745,0,13,balanced,Test
AST-2031,2024-07-24,0,0,0.7592138668979999,1,13,balanced,Test
AST-3008,2024-07-24,8,0,0.38024682585275515,0,13,balanced,Test
AST-3019,2024-07-24,14,1,0.3221815915015632,0,13,balanced,Test
AST-4055,2024-07-24,6,0,0.662638562135572,1,13,balanced,Test
AST-4061,2024-07-24,1,0,0.42924234844402137,0,13,balanced,Test
AST-5003,2024-07-24,9,0,0.5410532697351746,1,13,balanced,Test
AST-5007,2024-07-24,12,0,0.5321963068067437,1,13,balanced,Test
AST-1041,2024-07-25,9,0,0.4890608950049596,0,13,balanced,Test
AST-1042,2024-07-25,4,0,0.4633097739599399,0,13,balanced,Test
AST-2017,2024-07-25,8,0,0.4360865034668574,0,13,balanced,Test
AST-2031,2024-07-25,4,0,0.7951979536278208,1,13,balanced,Test
AST-3008,2024-07-25,6,0,0.4417029887636695,0,13,balanced,Test
AST-3019,2024-07-25,4,0,0.38938067696752665,0,13,balanced,Test
AST-4055,2024-07-25,7,0,0.6343788165047702,1,13,balanced,Test
AST-4061,2024-07-25,13,1,0.3724766172054653,0,13,balanced,Test
AST-5003,2024-07-25,8,0,0.5629234186677275,1,13,balanced,Test
AST-5007,2024-07-25,4,0,0.32802149203228476,0,13,balanced,Test
AST-1041,2024-07-26,16,1,0.4935069198465158,0,13,balanced,Test
AST-1042,2024-07-26,4,0,0.5735189070694652,1,13,balanced,Test
AST-2017,2024-07-26,20,1,0.4462470396206018,0,13,balanced,Test
AST-2031,2024-07-26,10,0,0.8325378025408258,1,13,balanced,Test
AST-3008,2024-07-26,2,0,0.47841647487440164,0,13,balanced,Test
AST-3019,2024-07-26,0,0,0.3129319805654903,0,13,balanced,Test
AST-4055,2024-07-26,7,0,0.6233595045421709,1,13,balanced,Test
AST-4061,2024-07-26,10,0,0.39758256692068084,0,13,balanced,Test
AST-5003,2024-07-26,10,0,0.5836513045190849,1,13,balanced,Test
AST-5007,2024-07-26,0,0,0.37969548105225553,0,13,balanced,Test
AST-1041,2024-07-27,0,0,0.337637430638533,0,13,balanced,Test
AST-1042,2024-07-27,0,0,0.37486500362661496,0,13,balanced,Test
AST-2017,2024-07-27,0,0,0.2845189621698792,0,13,balanced,Test
AST-2031,2024-07-27,0,0,0.707682526304577,1,13,balanced,Test
AST-3008,2024-07-27,0,0,0.2617677070639356,0,13,balanced,Test
AST-3019,2024-07-27,0,0,0.2620104157366437,0,13,balanced,Test
AST-4055,2024-07-27,0,0,0.5515581347792272,1,13,balanced,Test
AST-4061,2024-07-27,0,0,0.21589918410418102,0,13,balanced,Test
AST-5003,2024-07-27,0,0,0.4039471042589235,0,13,balanced,Test
AST-5007,2024-07-27,0,0,0.2156168978161505,0,13,balanced,Test
AST-1041,2024-07-28,0,0,0.3561076313812578,0,13,balanced,Test
AST-1042,2024-07-28,0,0,0.341080692423892,0,13,balanced,Test
AST-2017,2024-07-28,0,0,0.3352307553495482,0,13,balanced,Test
AST-2031,2024-07-28,0,0,0.664141465688442,1,13,balanced,Test
AST-3008,2024-07-28,0,0,0.32029159648747685,0,13,balanced,Test
AST-3019,2024-07-28,0,0,0.2568510720276261,0,13,balanced,Test
AST-4055,2024-07-28,0,0,0.49397790243779727,0,13,balanced,Test
AST-4061,2024-07-28,0,0,0.24246652847788067,0,13,balanced,Test
AST-5003,2024-07-28,0,0,0.3966827696377226,0,13,balanced,Test
AST-5007,2024-07-28,0,0,0.36396016414700744,0,13,balanced,Test
AST-1041,2024-07-29,15,1,0.471025349108071,0,13,balanced,Test
AST-1042,2024-07-29,8,0,0.46780968798510925,0,13,balanced,Test
AST-2017,2024-07-29,14,1,0.36284347009889956,0,13,balanced,Test
AST-2031,2024-07-29,12,0,0.7956092687838613,1,13,balanced,Test
AST-3008,2024-07-29,6,0,0.4303529577410081,0,13,balanced,Test
AST-3019,2024-07-29,10,0,0.3658410564109334,0,13,balanced,Test
AST-4055,2024-07-29,16,1,0.5587162327740912,1,13,balanced,Test
AST-4061,2024-07-29,3,0,0.37179755920397534,0,13,balanced,Test
AST-5003,2024-07-29,2,0,0.6026014282649355,1,13,balanced,Test
AST-5007,2024-07-29,1,0,0.318785452804185,0,13,balanced,Test
AST-1041,2024-07-30,4,0,0.5545266446993344,1,13,balanced,Test
AST-1042,2024-07-30,1,0,0.4646019438901799,0,13,balanced,Test
AST-2017,2024-07-30,14,1,0.4033084581768754,0,13,balanced,Test
AST-2031,2024-07-30,10,0,0.6962191948123524,1,13,balanced,Test
AST-3008,2024-07-30,10,0,0.40146630539052186,0,13,balanced,Test
AST-3019,2024-07-30,8,0,0.33639206251547643,0,13,balanced,Test
AST-4055,2024-07-30,12,0,0.6739973591896502,1,13,balanced,Test
AST-4061,2024-07-30,0,0,0.3813600722495832,0,13,balanced,Test
AST-5003,2024-07-30,14,1,0.5742884072002421,1,13,balanced,Test
AST-5007,2024-07-30,4,0,0.3734192901140024,0,13,balanced,Test
AST-1041,2024-07-31,2,0,0.5022896845362008,1,13,balanced,Test
AST-1042,2024-07-31,1,0,0.42783948694812624,0,13,balanced,Test
AST-2017,2024-07-31,10,0,0.4819550273549186,0,13,balanced,Test
AST-2031,2024-07-31,8,0,0.748928832381107,1,13,balanced,Test
AST-3008,2024-07-31,4,0,0.34351558556979006,0,13,balanced,Test
AST-3019,2024-07-31,14,1,0.3693833016359159,0,13,balanced,Test
AST-4055,2024-07-31,10,0,0.6105935005683767,1,13,balanced,Test
AST-4061,2024-07-31,1,0,0.3848373969343171,0,13,balanced,Test
AST-5003,2024-07-31,22,1,0.6596519170165375,1,13,balanced,Test
AST-5007,2024-07-31,6,0,0.3102722964081342,0,13,balanced,Test
AST-1041,2024-08-01,7,0,0.5386551607789023,1,13,balanced,Test
AST-1042,2024-08-01,4,0,0.5189957232988467,1,13,balanced,Test
AST-2017,2024-08-01,6,0,0.517163337309643,1,13,balanced,Test
AST-2031,2024-08-01,5,0,0.7490069716944873,1,13,balanced,Test
AST-3008,2024-08-01,8,0,0.41115114939692743,0,13,balanced,Test
AST-3019,2024-08-01,1,0,0.3535815206374268,0,13,balanced,Test
AST-4055,2024-08-01,10,0,0.6542540126049794,1,13,balanced,Test
AST-4061,2024-08-01,14,1,0.40893966750148597,0,13,balanced,Test
AST-5003,2024-08-01,10,0,0.4771978736125126,0,13,balanced,Test
AST-5007,2024-08-01,0,0,0.35140139894038375,0,13,balanced,Test
AST-1041,2024-08-02,7,0,0.5449571000434956,1,13,balanced,Test
AST-1042,2024-08-02,8,0,0.49075842902835703,0,13,balanced,Test
AST-2017,2024-08-02,11,0,0.4187974315458002,0,13,balanced,Test
AST-2031,2024-08-02,0,0,0.7831843040817509,1,13,balanced,Test
AST-3008,2024-08-02,4,0,0.43503517658596225,0,13,balanced,Test
AST-3019,2024-08-02,8,0,0.39315358694762187,0,13,balanced,Test
AST-4055,2024-08-02,6,0,0.6774464944986452,1,13,balanced,Test
AST-4061,2024-08-02,10,0,0.45755844817749236,0,13,balanced,Test
AST-5003,2024-08-02,5,0,0.5285926475594678,1,13,balanced,Test
AST-5007,2024-08-02,0,0,0.30991011637823673,0,13,balanced,Test
AST-1041,2024-08-03,0,0,0.41730804146445355,0,13,balanced,Test
AST-1042,2024-08-03,0,0,0.439298808110454,0,13,balanced,Test
AST-2017,2024-08-03,0,0,0.3165412105428904,0,13,balanced,Test
AST-2031,2024-08-03,0,0,0.6791153633736547,1,13,balanced,Test
AST-3008,2024-08-03,0,0,0.24511674897904268,0,13,balanced,Test
AST-3019,2024-08-03,0,0,0.21244826174142795,0,13,balanced,Test
AST-4055,2024-08-03,0,0,0.49348974533876183,0,13,balanced,Test
AST-4061,2024-08-03,0,0,0.26703456471724246,0,13,balanced,Test
AST-5003,2024-08-03,0,0,0.43800316787252674,0,13,balanced,Test
AST-5007,2024-08-03,0,0,0.5504272128009082,1,13,balanced,Test
AST-1041,2024-08-04,0,0,0.2748478966850979,0,13,balanced,Test
AST-1042,2024-08-04,0,0,0.4223022786064313,0,13,balanced,Test
AST-2017,2024-08-04,0,0,0.3571803234597442,0,13,balanced,Test
AST-2031,2024-08-04,0,0,0.7594634576942105,1,13,balanced,Test
AST-3008,2024-08-04,0,0,0.2504436408255946,0,13,balanced,Test
AST-3019,2024-08-04,0,0,0.27299048962491856,0,13,balanced,Test
AST-4055,2024-08-04,0,0,0.5442476737517303,1,13,balanced,Test
AST-4061,2024-08-04,0,0,0.2427210440366092,0,13,balanced,Test
AST-5003,2024-08-04,0,0,0.36105734201531076,0,13,balanced,Test
AST-5007,2024-08-04,0,0,0.3051181300065445,0,13,balanced,Test
AST-1041,2024-08-05,0,0,0.5245437151324664,1,13,balanced,Test
AST-1042,2024-08-05,4,0,0.4807850483893355,0,13,balanced,Test
AST-2017,2024-08-05,6,0,0.449726703158714,0,13,balanced,Test
AST-2031,2024-08-05,9,0,0.7462078181512156,1,13,balanced,Test
AST-3008,2024-08-05,12,0,0.44450845556485175,0,13,balanced,Test
AST-3019,2024-08-05,9,0,0.3428516440289695,0,13,balanced,Test
AST-4055,2024-08-05,6,0,0.6087534668367373,1,13,balanced,Test
AST-4061,2024-08-05,16,1,0.42732907714373813,0,13,balanced,Test
AST-5003,2024-08-05,3,0,0.5066938654762211,1,13,balanced,Test
AST-5007,2024-08-05,4,0,0.34047529603758003,0,13,balanced,Test
AST-1041,2024-08-06,13,1,0.4764740715444129,0,13,balanced,Test
AST-1042,2024-08-06,0,0,0.4906192816997697,0,13,balanced,Test
AST-2017,2024-08-06,10,0,0.49683465385347314,0,13,balanced,Test
AST-2031,2024-08-06,1,0,0.6962594889140983,1,13,balanced,Test
AST-3008,2024-08-06,1,0,0.3452927086313394,0,13,balanced,Test
AST-3019,2024-08-06,5,0,0.429569575987955,0,13,balanced,Test
AST-4055,2024-08-06,2,0,0.671407720113473,1,13,balanced,Test
AST-4061,2024-08-06,9,0,0.34072065698301945,0,13,balanced,Test
AST-5003,2024-08-06,11,0,0.5235028432993891,1,13,balanced,Test
AST-5007,2024-08-06,14,1,0.339181379631483,0,13,balanced,Test
AST-1041,2024-08-07,7,0,0.5065197520137518,1,13,balanced,Test
AST-1042,2024-08-07,0,0,0.5310258064142567,1,13,balanced,Test
AST-2017,2024-08-07,8,0,0.41601455030290097,0,13,balanced,Test
AST-2031,2024-08-07,19,1,0.7464630545482182,1,13,balanced,Test
AST-3008,2024-08-07,1,0,0.40819943189655616,0,13,balanced,Test
AST-3019,2024-08-07,6,0,0.36801882792696844,0,13,balanced,Test
AST-4055,2024-08-07,11,0,0.610184522823521,1,13,balanced,Test
AST-4061,2024-08-07,10,0,0.3800134270172886,0,13,balanced,Test
AST-5003,2024-08-07,4,0,0.5974684466212327,1,13,balanced,Test
AST-5007,2024-08-07,10,0,0.2915424357408635,0,13,balanced,Test
AST-1041,2024-08-08,8,0,0.5057922972700999,1,13,balanced,Test
AST-1042,2024-08-08,4,0,0.5397825493451983,1,13,balanced,Test
AST-2017,2024-08-08,8,0,0.4725859372254862,0,13,balanced,Test
AST-2031,2024-08-08,2,0,0.7620363936806309,1,13,balanced,Test
AST-3008,2024-08-08,4,0,0.38721216114269624,0,13,balanced,Test
AST-3019,2024-08-08,6,0,0.4419116153834876,0,13,balanced,Test
AST-4055,2024-08-08,8,0,0.6790553100246375,1,13,balanced,Test
AST-4061,2024-08-08,10,0,0.347331493861059,0,13,balanced,Test
AST-5003,2024-08-08,14,1,0.600709558852674,1,13,balanced,Test
AST-5007,2024-08-08,9,0,0.29614149772909976,0,13,balanced,Test
AST-1041,2024-08-09,9,0,0.5570352366293867,1,13,balanced,Test
AST-1042,2024-08-09,2,0,0.48690702285234233,0,13,balanced,Test
AST-2017,2024-08-09,5,0,0.483029906977107,0,13,balanced,Test
AST-2031,2024-08-09,10,0,0.728182778294372,1,13,balanced,Test
AST-3008,2024-08-09,8,0,0.35377882439997044,0,13,balanced,Test
AST-3019,2024-08-09,3,0,0.3891809855343023,0,13,balanced,Test
AST-4055,2024-08-09,1,0,0.6818329577732636,1,13,balanced,Test
AST-4061,2024-08-09,3,0,0.37544048840283023,0,13,balanced,Test
AST-5003,2024-08-09,5,0,0.5928193995328501,1,13,balanced,Test
AST-5007,2024-08-09,6,0,0.31797540353153236,0,13,balanced,Test
AST-1041,2024-08-10,0,0,0.39537818216621967,0,13,balanced,Test
AST-1042,2024-08-10,0,0,0.41645048274086066,0,13,balanced,Test
AST-2017,2024-08-10,0,0,0.3360408577405967,0,13,balanced,Test
AST-2031,2024-08-10,0,0,0.7149925384550398,1,13,balanced,Test
AST-3008,2024-08-10,0,0,0.3427187182406207,0,13,balanced,Test
AST-3019,2024-08-10,0,0,0.21803695547299734,0,13,balanced,Test
AST-4055,2024-08-10,0,0,0.5232223764471828,1,13,balanced,Test
AST-4061,2024-08-10,0,0,0.24712749464539788,0,13,balanced,Test
AST-5003,2024-08-10,0,0,0.3899290990522918,0,13,balanced,Test
AST-5007,2024-08-10,0,0,0.2601835901195868,0,13,balanced,Test
AST-1041,2024-08-11,0,0,0.3810696313346026,0,13,balanced,Test
AST-1042,2024-08-11,0,0,0.3437082781755103,0,13,balanced,Test
AST-2017,2024-08-11,0,0,0.3787084051967562,0,13,balanced,Test
AST-2031,2024-08-11,0,0,0.8234802512874733,1,13,balanced,Test
AST-3008,2024-08-11,0,0,0.29482186733329163,0,13,balanced,Test
AST-3019,2024-08-11,0,0,0.2663616630780103,0,13,balanced,Test
AST-4055,2024-08-11,0,0,0.5850963323644975,1,13,balanced,Test
AST-4061,2024-08-11,0,0,0.2808502999026698,0,13,balanced,Test
AST-5003,2024-08-11,0,0,0.3910358249902619,0,13,balanced,Test
AST-5007,2024-08-11,0,0,0.2616425269227597,0,13,balanced,Test
AST-1041,2024-08-12,4,0,0.7799207039651689,1,13,balanced,Test
AST-1042,2024-08-12,4,0,0.5330008826304496,1,13,balanced,Test
AST-2017,2024-08-12,8,0,0.4329489195931223,0,13,balanced,Test
AST-2031,2024-08-12,11,0,0.7873529409629032,1,13,balanced,Test
AST-3008,2024-08-12,3,0,0.36827144333658,0,13,balanced,Test
AST-3019,2024-08-12,2,0,0.3807830902251704,0,13,balanced,Test
AST-4055,2024-08-12,5,0,0.6242537939441524,1,13,balanced,Test
AST-4061,2024-08-12,10,0,0.3601313983403004,0,13,balanced,Test
AST-5003,2024-08-12,7,0,0.5509625088223824,1,13,balanced,Test
AST-5007,2024-08-12,6,0,0.3193568902387622,0,13,balanced,Test
AST-1041,2024-08-13,5,0,0.4923572677534696,0,13,balanced,Test
AST-1042,2024-08-13,10,0,0.5476140779234399,1,13,balanced,Test
AST-2017,2024-08-13,1,0,0.48885666736856936,0,13,balanced,Test
AST-2031,2024-08-13,13,1,0.7885917441091205,1,13,balanced,Test
AST-3008,2024-08-13,0,0,0.36094101212145646,0,13,balanced,Test
AST-3019,2024-08-13,7,0,0.3985229051643805,0,13,balanced,Test
AST-4055,2024-08-13,4,0,0.6525478856377073,1,13,balanced,Test
AST-4061,2024-08-13,10,0,0.3495433114298863,0,13,balanced,Test
AST-5003,2024-08-13,7,0,0.5980080231820428,1,13,balanced,Test
AST-5007,2024-08-13,5,0,0.3051884202369021,0,13,balanced,Test
AST-1041,2024-08-14,2,0,0.504449831882693,1,13,balanced,Test
AST-1042,2024-08-14,2,0,0.50287508040306,1,13,balanced,Test
AST-2017,2024-08-14,4,0,0.4422744498269229,0,13,balanced,Test
AST-2031,2024-08-14,3,0,0.8292851212082528,1,13,balanced,Test
AST-3008,2024-08-14,11,0,0.3559484764206062,0,13,balanced,Test
AST-3019,2024-08-14,4,0,0.40774222774777136,0,13,balanced,Test
AST-4055,2024-08-14,17,1,0.8220018781819398,1,13,balanced,Test
AST-4061,2024-08-14,4,0,0.3780142008477385,0,13,balanced,Test
AST-5003,2024-08-14,0,0,0.5138726057028534,1,13,balanced,Test
AST-5007,2024-08-14,0,0,0.38311264890379226,0,13,balanced,Test
AST-1041,2024-08-15,4,0,0.4864006879851973,0,13,balanced,Test
AST-1042,2024-08-15,14,1,0.47023310742385505,0,13,balanced,Test
AST-2017,2024-08-15,12,0,0.45204900389679664,0,13,balanced,Test
AST-2031,2024-08-15,11,0,0.7711276018300017,1,13,balanced,Test
AST-3008,2024-08-15,6,0,0.40180458490028137,0,13,balanced,Test
AST-3019,2024-08-15,0,0,0.32590819641797153,0,13,balanced,Test
AST-4055,2024-08-15,4,0,0.603816809067043,1,13,balanced,Test
AST-4061,2024-08-15,8,0,0.3400214382599882,0,13,balanced,Test
AST-5003,2024-08-15,10,0,0.5749874418468628,1,13,balanced,Test
AST-5007,2024-08-15,6,0,0.34709237151323935,0,13,balanced,Test
AST-1041,2024-08-16,8,0,0.5588176271639823,1,13,balanced,Test
AST-1042,2024-08-16,8,0,0.49316051343386896,0,13,balanced,Test
AST-2017,2024-08-16,2,0,0.39023337936779445,0,13,balanced,Test
AST-2031,2024-08-16,9,0,0.7726988317653812,1,13,balanced,Test
AST-3008,2024-08-16,9,0,0.4317727272531816,0,13,balanced,Test
AST-3019,2024-08-16,10,0,0.40393130268786853,0,13,balanced,Test
AST-4055,2024-08-16,12,0,0.5940013025993991,1,13,balanced,Test
AST-4061,2024-08-16,2,0,0.3796626422895332,0,13,balanced,Test
AST-5003,2024-08-16,6,0,0.6230051090307565,1,13,balanced,Test
AST-5007,2024-08-16,5,0,0.2819304769205963,0,13,balanced,Test
AST-1041,2024-08-17,0,0,0.3567181088106879,0,13,balanced,Test
AST-1042,2024-08-17,0,0,0.38190851275870885,0,13,balanced,Test
AST-2017,2024-08-17,0,0,0.430992709994876,0,13,balanced,Test
AST-2031,2024-08-17,0,0,0.6915976154638984,1,13,balanced,Test
AST-3008,2024-08-17,0,0,0.34843176203123116,0,13,balanced,Test
AST-3019,2024-08-17,0,0,0.2853812907969134,0,13,balanced,Test
AST-4055,2024-08-17,0,0,0.5357589842408809,1,13,balanced,Test
AST-4061,2024-08-17,0,0,0.2814081179002519,0,13,balanced,Test
AST-5003,2024-08-17,0,0,0.4401393702784585,0,13,balanced,Test
AST-5007,2024-08-17,0,0,0.22127920941021012,0,13,balanced,Test
AST-1041,2024-08-18,0,0,0.4201292262111793,0,13,balanced,Test
AST-1042,2024-08-18,0,0,0.3989716965031063,0,13,balanced,Test
AST-2017,2024-08-18,0,0,0.35641041549548985,0,13,balanced,Test
AST-2031,2024-08-18,0,0,0.7772376289438837,1,13,balanced,Test
AST-3008,2024-08-18,0,0,0.2863019748163299,0,13,balanced,Test
AST-3019,2024-08-18,0,0,0.24613949375779512,0,13,balanced,Test
AST-4055,2024-08-18,0,0,0.5469508962577649,1,13,balanced,Test
AST-4061,2024-08-18,0,0,0.22876382499381798,0,13,balanced,Test
AST-5003,2024-08-18,0,0,0.41894838342916924,0,13,balanced,Test
AST-5007,2024-08-18,0,0,0.3665113360164486,0,13,balanced,Test
AST-1041,2024-08-19,4,0,0.5611957499048247,1,13,balanced,Test
AST-1042,2024-08-19,2,0,0.4792006880372301,0,13,balanced,Test
AST-2017,2024-08-19,13,1,0.3945426614625552,0,13,balanced,Test
AST-2031,2024-08-19,2,0,0.7391910821482737,1,13,balanced,Test
AST-3008,2024-08-19,8,0,0.40216968958893673,0,13,balanced,Test
AST-3019,2024-08-19,8,0,0.4081272413853299,0,13,balanced,Test
AST-4055,2024-08-19,7,0,0.6180655734465498,1,13,balanced,Test
AST-4061,2024-08-19,12,0,0.4120416173464958,0,13,balanced,Test
AST-5003,2024-08-19,10,0,0.5501439283398935,1,13,balanced,Test
AST-5007,2024-08-19,0,0,0.33780973776091255,0,13,balanced,Test
AST-1041,2024-08-20,4,0,0.49103525548660587,0,13,balanced,Test
AST-1042,2024-08-20,0,0,0.5045530520728151,1,13,balanced,Test
AST-2017,2024-08-20,5,0,0.43801216885841854,0,13,balanced,Test
AST-2031,2024-08-20,11,0,0.811086719563119,1,13,balanced,Test
AST-3008,2024-08-20,8,0,0.4287541878299339,0,13,balanced,Test
AST-3019,2024-08-20,2,0,0.34272690100334446,0,13,balanced,Test
AST-4055,2024-08-20,9,0,0.6257961241560387,1,13,balanced,Test
AST-4061,2024-08-20,6,0,0.46301539999969654,0,13,balanced,Test
AST-5003,2024-08-20,2,0,0.540025418709134,1,13,balanced,Test
AST-5007,2024-08-20,5,0,0.31857909684780933,0,13,balanced,Test
AST-1041,2024-08-21,6,0,0.5563668151313675,1,13,balanced,Test
AST-1042,2024-08-21,10,0,0.5345106972003073,1,13,balanced,Test
AST-2017,2024-08-21,1,0,0.39568992697603966,0,13,balanced,Test
AST-2031,2024-08-21,9,0,0.8771413400294888,1,13,balanced,Test
AST-3008,2024-08-21,2,0,0.43558181649532113,0,13,balanced,Test
AST-3019,2024-08-21,2,0,0.36205725480180084,0,13,balanced,Test
AST-4055,2024-08-21,8,0,0.6448469965839818,1,13,balanced,Test
AST-4061,2024-08-21,6,0,0.5897935719203098,1,13,balanced,Test
AST-5003,2024-08-21,10,0,0.5472906018246758,1,13,balanced,Test
AST-5007,2024-08-21,5,0,0.37312639556478494,0,13,balanced,Test
AST-1041,2024-08-22,7,0,0.534072302861324,1,13,balanced,Test
AST-1042,2024-08-22,13,1,0.4802968764612009,0,13,balanced,Test
AST-2017,2024-08-22,0,0,0.39827705126263213,0,13,balanced,Test
AST-2031,2024-08-22,10,0,0.7427467433139696,1,13,balanced,Test
AST-3008,2024-08-22,6,0,0.44713929184473394,0,13,balanced,Test
AST-3019,2024-08-22,0,0,0.3668813523287444,0,13,balanced,Test
AST-4055,2024-08-22,16,1,0.6323098581276873,1,13,balanced,Test
AST-4061,2024-08-22,11,0,0.40492162768539575,0,13,balanced,Test
AST-5003,2024-08-22,6,0,0.5309541185168212,1,13,balanced,Test
AST-5007,2024-08-22,9,0,0.33781378170045256,0,13,balanced,Test
AST-1041,2024-08-23,8,0,0.5115799697329578,1,13,balanced,Test
AST-1042,2024-08-23,8,0,0.4818447645455552,0,13,balanced,Test
AST-2017,2024-08-23,8,0,0.4542923446613859,0,13,balanced,Test
AST-2031,2024-08-23,13,1,0.8094246651785861,1,13,balanced,Test
AST-3008,2024-08-23,7,0,0.38788542657703035,0,13,balanced,Test
AST-3019,2024-08-23,7,0,0.37803076409862957,0,13,balanced,Test
AST-4055,2024-08-23,12,0,0.624370761581582,1,13,balanced,Test
AST-4061,2024-08-23,8,0,0.38722578802338803,0,13,balanced,Test
AST-5003,2024-08-23,18,1,0.5200484514256349,1,13,balanced,Test
AST-5007,2024-08-23,4,0,0.37363685587479256,0,13,balanced,Test
AST-1041,2024-08-24,0,0,0.3622135185855659,0,13,balanced,Test
AST-1042,2024-08-24,0,0,0.38181283188140847,0,13,balanced,Test
AST-2017,2024-08-24,0,0,0.3366770166389741,0,13,balanced,Test
AST-2031,2024-08-24,0,0,0.6826447304191859,1,13,balanced,Test
AST-3008,2024-08-24,0,0,0.30324065893724744,0,13,balanced,Test
AST-3019,2024-08-24,0,0,0.31774826997179495,0,13,balanced,Test
AST-4055,2024-08-24,0,0,0.49876285455329744,0,13,balanced,Test
AST-4061,2024-08-24,0,0,0.31902978001449833,0,13,balanced,Test
AST-5003,2024-08-24,0,0,0.7534457871467357,1,13,balanced,Test
AST-5007,2024-08-24,0,0,0.24047645111234775,0,13,balanced,Test
AST-1041,2024-08-25,0,0,0.37548728284057864,0,13,balanced,Test
AST-1042,2024-08-25,0,0,0.3366477030427902,0,13,balanced,Test
AST-2017,2024-08-25,0,0,0.324125201819891,0,13,balanced,Test
AST-2031,2024-08-25,0,0,0.6626676272137001,1,13,balanced,Test
AST-3008,2024-08-25,0,0,0.3079909329150367,0,13,balanced,Test
AST-3019,2024-08-25,0,0,0.3242172140787747,0,13,balanced,Test
AST-4055,2024-08-25,0,0,0.5212911682719755,1,13,balanced,Test
AST-4061,2024-08-25,0,0,0.3445152466853809,0,13,balanced,Test
AST-5003,2024-08-25,0,0,0.448459714439492,0,13,balanced,Test
AST-5007,2024-08-25,0,0,0.24169434002623855,0,13,balanced,Test
AST-1041,2024-08-26,12,0,0.731176739731569,1,13,balanced,Test
AST-1042,2024-08-26,4,0,0.5036398786734456,1,13,balanced,Test
AST-2017,2024-08-26,5,0,0.45284157140930537,0,13,balanced,Test
AST-2031,2024-08-26,11,0,0.7518706078340963,1,13,balanced,Test
AST-3008,2024-08-26,7,0,0.34177709830328096,0,13,balanced,Test
AST-3019,2024-08-26,10,0,0.6804823528677276,1,13,balanced,Test
AST-4055,2024-08-26,18,1,0.6399227670025143,1,13,balanced,Test
AST-4061,2024-08-26,4,0,0.42403979012435783,0,13,balanced,Test
AST-5003,2024-08-26,13,1,0.8436203575801225,1,13,balanced,Test
AST-5007,2024-08-26,8,0,0.3332454199255885,0,13,balanced,Test
AST-1041,2024-08-27,3,0,0.5402947809625447,1,13,balanced,Test
AST-1042,2024-08-27,2,0,0.5656588062198608,1,13,balanced,Test
AST-2017,2024-08-27,11,0,0.5006603388332312,1,13,balanced,Test
AST-2031,2024-08-27,8,0,0.7734511399136521,1,13,balanced,Test
AST-3008,2024-08-27,10,0,0.36849763240983446,0,13,balanced,Test
AST-3019,2024-08-27,6,0,0.3125859748622293,0,13,balanced,Test
AST-4055,2024-08-27,7,0,0.6362228812138379,1,13,balanced,Test
AST-4061,2024-08-27,12,0,0.44529180566813165,0,13,balanced,Test
AST-5003,2024-08-27,7,0,0.45646696925124836,0,13,balanced,Test
AST-5007,2024-08-27,10,0,0.2915702773278474,0,13,balanced,Test
AST-1041,2024-08-28,0,0,0.5433510638075001,1,13,balanced,Test
AST-1042,2024-08-28,6,0,0.6012281752942805,1,13,balanced,Test
AST-2017,2024-08-28,17,1,0.49628272329308465,0,13,balanced,Test
AST-2031,2024-08-28,4,0,0.7812540666244656,1,13,balanced,Test
AST-3008,2024-08-28,3,0,0.33354761298950314,0,13,balanced,Test
AST-3019,2024-08-28,5,0,0.44378191294997277,0,13,balanced,Test
AST-4055,2024-08-28,0,0,0.608638887812491,1,13,balanced,Test
AST-4061,2024-08-28,8,0,0.36690065303951536,0,13,balanced,Test
AST-5003,2024-08-28,5,0,0.52812152992775,1,13,balanced,Test
AST-5007,2024-08-28,5,0,0.35422734928003563,0,13,balanced,Test
AST-1041,2024-08-29,10,0,0.5420263369292386,1,13,balanced,Test
AST-1042,2024-08-29,5,0,0.5016856827628552,1,13,balanced,Test
AST-2017,2024-08-29,3,0,0.4665881258979461,0,13,balanced,Test
AST-2031,2024-08-29,3,0,0.8075908381371872,1,13,balanced,Test
AST-3008,2024-08-29,3,0,0.34854083472017594,0,13,balanced,Test
AST-3019,2024-08-29,4,0,0.37259799661346144,0,13,balanced,Test
AST-4055,2024-08-29,7,0,0.696559631213244,1,13,balanced,Test
AST-4061,2024-08-29,13,1,0.33112563034614717,0,13,balanced,Test
AST-5003,2024-08-29,4,0,0.5623909414235176,1,13,balanced,Test
AST-5007,2024-08-29,12,0,0.5880943605356599,1,13,balanced,Test
AST-1041,2024-08-30,4,0,0.5144900903204225,1,13,balanced,Test
AST-1042,2024-08-30,10,0,0.5642001488164372,1,13,balanced,Test
AST-2017,2024-08-30,13,1,0.3810442037112223,0,13,balanced,Test
AST-2031,2024-08-30,10,0,0.7934035582404827,1,13,balanced,Test
AST-3008,2024-08-30,14,1,0.3674028860100712,0,13,balanced,Test
AST-3019,2024-08-30,0,0,0.41756356784287113,0,13,balanced,Test
AST-4055,2024-08-30,3,0,0.5722313186535655,1,13,balanced,Test
AST-4061,2024-08-30,7,0,0.4553515653097579,0,13,balanced,Test
AST-5003,2024-08-30,8,0,0.5514666526162534,1,13,balanced,Test
AST-5007,2024-08-30,8,0,0.29941790490709635,0,13,balanced,Test
AST-1041,2024-08-31,0,0,0.34526638408133664,0,13,balanced,Test
AST-1042,2024-08-31,0,0,0.3215784716963748,0,13,balanced,Test
AST-2017,2024-08-31,0,0,0.31400448102848566,0,13,balanced,Test
AST-2031,2024-08-31,0,0,0.6752833336415092,1,13,balanced,Test
AST-3008,2024-08-31,0,0,0.3437231504639405,0,13,balanced,Test
AST-3019,2024-08-31,0,0,0.2630077938166665,0,13,balanced,Test
AST-4055,2024-08-31,0,0,0.44831282955992635,0,13,balanced,Test
AST-4061,2024-08-31,0,0,0.2737563701077765,0,13,balanced,Test
AST-5003,2024-08-31,0,0,0.4216210441846862,0,13,balanced,Test
AST-5007,2024-08-31,0,0,0.2264767243822095,0,13,balanced,Test
AST-1041,2024-09-01,0,0,0.39148259394390517,0,13,balanced,Test
AST-1042,2024-09-01,0,0,0.42565210773564405,0,13,balanced,Test
AST-2017,2024-09-01,0,0,0.34485109705169453,0,13,balanced,Test
AST-2031,2024-09-01,0,0,0.72015451648552,1,13,balanced,Test
AST-3008,2024-09-01,0,0,0.24771855244160748,0,13,balanced,Test
AST-3019,2024-09-01,0,0,0.6683873474006007,1,13,balanced,Test
AST-4055,2024-09-01,0,0,0.5413830369584441,1,13,balanced,Test
AST-4061,2024-09-01,0,0,0.2285654197412697,0,13,balanced,Test
AST-5003,2024-09-01,0,0,0.3867940923309394,0,13,balanced,Test
AST-5007,2024-09-01,0,0,0.3194923131256104,0,13,balanced,Test
AST-1041,2024-09-02,0,0,0.5808828585633486,1,13,balanced,Test
AST-1042,2024-09-02,5,0,0.47295904994473564,0,13,balanced,Test
AST-2017,2024-09-02,0,0,0.4286148586869984,0,13,balanced,Test
AST-2031,2024-09-02,6,0,0.7321747518873372,1,13,balanced,Test
AST-3008,2024-09-02,8,0,0.4253581424780237,0,13,balanced,Test
AST-3019,2024-09-02,1,0,0.40893219814420995,0,13,balanced,Test
AST-4055,2024-09-02,12,0,0.6704151889655701,1,13,balanced,Test
AST-4061,2024-09-02,8,0,0.38238244672638416,0,13,balanced,Test
AST-5003,2024-09-02,14,1,0.5519836374824257,1,13,balanced,Test
AST-5007,2024-09-02,2,0,0.4055881242821262,0,13,balanced,Test
AST-1041,2024-09-03,9,0,0.5259172693080874,1,13,balanced,Test
AST-1042,2024-09-03,0,0,0.5790968419458405,1,13,balanced,Test
AST-2017,2024-09-03,14,1,0.3995416955830057,0,13,balanced,Test
AST-2031,2024-09-03,14,1,0.7094573309169645,1,13,balanced,Test
AST-3008,2024-09-03,9,0,0.4062083291333932,0,13,balanced,Test
AST-3019,2024-09-03,3,0,0.4273363504443342,0,13,balanced,Test
AST-4055,2024-09-03,8,0,0.6881363734711281,1,13,balanced,Test
AST-4061,2024-09-03,6,0,0.32907886776550793,0,13,balanced,Test
AST-5003,2024-09-03,6,0,0.5821845338282795,1,13,balanced,Test
AST-5007,2024-09-03,3,0,0.2900286127732577,0,13,balanced,Test
AST-1041,2024-09-04,4,0,0.7711835791450515,1,13,balanced,Test
AST-1042,2024-09-04,10,0,0.42313318864350274,0,13,balanced,Test
AST-2017,2024-09-04,8,0,0.3890398399898904,0,13,balanced,Test
AST-2031,2024-09-04,2,0,0.7672945393656003,1,13,balanced,Test
AST-3008,2024-09-04,10,0,0.4044055286137371,0,13,balanced,Test
AST-3019,2024-09-04,5,0,0.3281063313766583,0,13,balanced,Test
AST-4055,2024-09-04,17,1,0.632917587968572,1,13,balanced,Test
AST-4061,2024-09-04,0,0,0.39983241725865293,0,13,balanced,Test
AST-5003,2024-09-04,9,0,0.47181252715881933,0,13,balanced,Test
AST-5007,2024-09-04,3,0,0.26974674983385916,0,13,balanced,Test
AST-1041,2024-09-05,11,0,0.5441200105627856,1,13,balanced,Test
AST-1042,2024-09-05,3,0,0.5218378980320659,1,13,balanced,Test
AST-2017,2024-09-05,6,0,0.51281857483029,1,13,balanced,Test
AST-2031,2024-09-05,2,0,0.7586760836554121,1,13,balanced,Test
AST-3008,2024-09-05,2,0,0.3789165499934234,0,13,balanced,Test
AST-3019,2024-09-05,7,0,0.302224091686465,0,13,balanced,Test
AST-4055,2024-09-05,2,0,0.6782482478534193,1,13,balanced,Test
AST-4061,2024-09-05,0,0,0.36638097406528863,0,13,balanced,Test
AST-5003,2024-09-05,5,0,0.5289051558648518,1,13,balanced,Test
AST-5007,2024-09-05,5,0,0.3259310371093201,0,13,balanced,Test
AST-1041,2024-09-06,6,0,0.561607362637174,1,13,balanced,Test
AST-1042,2024-09-06,4,0,0.4754933185589507,0,13,balanced,Test
AST-2017,2024-09-06,18,1,0.4079882163942874,0,13,balanced,Test
AST-2031,2024-09-06,4,0,0.8058183843780481,1,13,balanced,Test
AST-3008,2024-09-06,6,0,0.3620352946921538,0,13,balanced,Test
AST-3019,2024-09-06,6,0,0.7206711690832631,1,13,balanced,Test
AST-4055,2024-09-06,15,1,0.674209545581353,1,13,balanced,Test
AST-4061,2024-09-06,7,0,0.4147216926005004,0,13,balanced,Test
AST-5003,2024-09-06,8,0,0.604011899169714,1,13,balanced,Test
AST-5007,2024-09-06,10,0,0.3218781409266681,0,13,balanced,Test
AST-1041,2024-09-07,0,0,0.3692183725873423,0,13,balanced,Test
AST-1042,2024-09-07,0,0,0.40134408926004567,0,13,balanced,Test
AST-2017,2024-09-07,0,0,0.35591634193427674,0,13,balanced,Test
AST-2031,2024-09-07,0,0,0.6805059888634827,1,13,balanced,Test
AST-3008,2024-09-07,0,0,0.3126813665338611,0,13,balanced,Test
AST-3019,2024-09-07,0,0,0.26024381503309085,0,13,balanced,Test
AST-4055,2024-09-07,0,0,0.5516600406286214,1,13,balanced,Test
AST-4061,2024-09-07,0,0,0.23520076836100082,0,13,balanced,Test
AST-5003,2024-09-07,0,0,0.47500747816452216,0,13,balanced,Test
AST-5007,2024-09-07,0,0,0.22579174619531525,0,13,balanced,Test
AST-1041,2024-09-08,0,0,0.37056624670098776,0,13,balanced,Test
AST-1042,2024-09-08,0,0,0.4205065287324371,0,13,balanced,Test
AST-2017,2024-09-08,0,0,0.352345121546672,0,13,balanced,Test
AST-2031,2024-09-08,0,0,0.6756116537085552,1,13,balanced,Test
AST-3008,2024-09-08,0,0,0.6418629925707809,1,13,balanced,Test
AST-3019,2024-09-08,0,0,0.23365896830215657,0,13,balanced,Test
AST-4055,2024-09-08,0,0,0.4723855741914013,0,13,balanced,Test
AST-4061,2024-09-08,0,0,0.2584481802905195,0,13,balanced,Test
AST-5003,2024-09-08,0,0,0.5364186266774693,1,13,balanced,Test
AST-5007,2024-09-08,0,0,0.212386269638001,0,13,balanced,Test
AST-1041,2024-09-09,11,0,0.523336149250432,1,13,balanced,Test
AST-1042,2024-09-09,8,0,0.5093795556187686,1,13,balanced,Test
AST-2017,2024-09-09,16,1,0.45436153732136086,0,13,balanced,Test
AST-2031,2024-09-09,2,0,0.7335147107753638,1,13,balanced,Test
AST-3008,2024-09-09,8,0,0.36519311491987655,0,13,balanced,Test
AST-3019,2024-09-09,3,0,0.3707969276689751,0,13,balanced,Test
AST-4055,2024-09-09,2,0,0.6326252140311578,1,13,balanced,Test
AST-4061,2024-09-09,4,0,0.37982969824875173,0,13,balanced,Test
AST-5003,2024-09-09,9,0,0.48832924495636854,0,13,balanced,Test
AST-5007,2024-09-09,3,0,0.2906659002071143,0,13,balanced,Test
AST-1041,2024-09-10,0,0,0.5402741149270621,1,13,balanced,Test
AST-1042,2024-09-10,4,0,0.48789395485047193,0,13,balanced,Test
AST-2017,2024-09-10,6,0,0.45074728240843903,0,13,balanced,Test
AST-2031,2024-09-10,10,0,0.7585770824338128,1,13,balanced,Test
AST-3008,2024-09-10,8,0,0.38619390321348407,0,13,balanced,Test
AST-3019,2024-09-10,4,0,0.7618765314001158,1,13,balanced,Test
AST-4055,2024-09-10,1,0,0.6618458915803511,1,13,balanced,Test
AST-4061,2024-09-10,8,0,0.37333570504631824,0,13,balanced,Test
AST-5003,2024-09-10,20,1,0.5131971494735297,1,13,balanced,Test
AST-5007,2024-09-10,5,0,0.3366425092841808,0,13,balanced,Test
AST-1041,2024-09-11,5,0,0.49717047289938043,0,13,balanced,Test
AST-1042,2024-09-11,15,1,0.5297382717990257,1,13,balanced,Test
AST-2017,2024-09-11,5,0,0.49954785927265294,0,13,balanced,Test
AST-2031,2024-09-11,6,0,0.752411208573419,1,13,balanced,Test
AST-3008,2024-09-11,11,0,0.4053079078718488,0,13,balanced,Test
AST-3019,2024-09-11,4,0,0.45048920863535463,0,13,balanced,Test
AST-4055,2024-09-11,13,1,0.6432207110629699,1,13,balanced,Test
AST-4061,2024-09-11,0,0,0.3462320750784443,0,13,balanced,Test
AST-5003,2024-09-11,4,0,0.5512136602809259,1,13,balanced,Test
AST-5007,2024-09-11,10,0,0.3468689705762574,0,13,balanced,Test
AST-1041,2024-09-12,12,0,0.5475943977932451,1,13,balanced,Test
AST-1042,2024-09-12,14,1,0.49175605096134933,0,13,balanced,Test
AST-2017,2024-09-12,4,0,0.4224017717602549,0,13,balanced,Test
AST-2031,2024-09-12,13,1,0.732199736720231,1,13,balanced,Test
AST-3008,2024-09-12,4,0,0.3508546726217144,0,13,balanced,Test
AST-3019,2024-09-12,6,0,0.3317240388984238,0,13,balanced,Test
AST-4055,2024-09-12,10,0,0.642339141457298,1,13,balanced,Test
AST-4061,2024-09-12,7,0,0.4146126116393537,0,13,balanced,Test
AST-5003,2024-09-12,10,0,0.5567912526516602,1,13,balanced,Test
AST-5007,2024-09-12,12,0,0.3089026896717007,0,13,balanced,Test
AST-1041,2024-09-13,8,0,0.5474726818097189,1,13,balanced,Test
AST-1042,2024-09-13,10,0,0.7746383088039874,1,13,balanced,Test
AST-2017,2024-09-13,10,0,0.4027240854790587,0,13,balanced,Test
AST-2031,2024-09-13,5,0,0.778212270410265,1,13,balanced,Test
AST-3008,2024-09-13,3,0,0.3931144289054708,0,13,balanced,Test
AST-3019,2024-09-13,6,0,0.38524482191993836,0,13,balanced,Test
AST-4055,2024-09-13,12,0,0.6250338736928751,1,13,balanced,Test
AST-4061,2024-09-13,11,0,0.3740755199573209,0,13,balanced,Test
AST-5003,2024-09-13,8,0,0.5479766342149324,1,13,balanced,Test
AST-5007,2024-09-13,4,0,0.3978053321079619,0,13,balanced,Test
AST-1041,2024-09-14,0,0,0.36622927837387836,0,13,balanced,Test
AST-1042,2024-09-14,0,0,0.3579827256584688,0,13,balanced,Test
AST-2017,2024-09-14,0,0,0.34143968458493884,0,13,balanced,Test
AST-2031,2024-09-14,0,0,0.7416834954964193,1,13,balanced,Test
AST-3008,2024-09-14,0,0,0.2994767423950429,0,13,balanced,Test
AST-3019,2024-09-14,0,0,0.31719399656818137,0,13,balanced,Test
AST-4055,2024-09-14,0,0,0.574103175444884,1,13,balanced,Test
AST-4061,2024-09-14,0,0,0.32339492734270037,0,13,balanced,Test
AST-5003,2024-09-14,0,0,0.42893937882262,0,13,balanced,Test
AST-5007,2024-09-14,0,0,0.1875995151568382,0,13,balanced,Test
AST-1041,2024-09-15,0,0,0.2923179900879583,0,13,balanced,Test
AST-1042,2024-09-15,0,0,0.4170552891002687,0,13,balanced,Test
AST-2017,2024-09-15,0,0,0.28349062679419945,0,13,balanced,Test
AST-2031,2024-09-15,0,0,0.6473619991202686,1,13,balanced,Test
AST-3008,2024-09-15,0,0,0.25064225524954115,0,13,balanced,Test
AST-3019,2024-09-15,0,0,0.3080862677875498,0,13,balanced,Test
AST-4055,2024-09-15,0,0,0.4672212219244578,0,13,balanced,Test
AST-4061,2024-09-15,0,0,0.23373022585430048,0,13,balanced,Test
AST-5003,2024-09-15,0,0,0.39111177243712825,0,13,balanced,Test
AST-5007,2024-09-15,0,0,0.25685526772277184,0,13,balanced,Test
AST-1041,2024-09-16,6,0,0.5769953122972301,1,13,balanced,Test
AST-1042,2024-09-16,6,0,0.4662935459513952,0,13,balanced,Test
AST-2017,2024-09-16,4,0,0.4520957403322638,0,13,balanced,Test
AST-2031,2024-09-16,21,1,0.6943327188140163,1,13,balanced,Test
AST-3008,2024-09-16,0,0,0.37964092433373453,0,13,balanced,Test
AST-3019,2024-09-16,4,0,0.4035398055729662,0,13,balanced,Test
AST-4055,2024-09-16,1,0,0.6397409007998404,1,13,balanced,Test
AST-4061,2024-09-16,10,0,0.35842366990999835,0,13,balanced,Test
AST-5003,2024-09-16,9,0,0.5318725621649766,1,13,balanced,Test
AST-5007,2024-09-16,0,0,0.3252332804995998,0,13,balanced,Test
AST-1041,2024-09-17,6,0,0.8287828917195033,1,13,balanced,Test
AST-1042,2024-09-17,2,0,0.49227197672346773,0,13,balanced,Test
AST-2017,2024-09-17,0,0,0.43068681578397744,0,13,balanced,Test
AST-2031,2024-09-17,6,0,0.7331348541315345,1,13,balanced,Test
AST-3008,2024-09-17,15,1,0.35028418190869604,0,13,balanced,Test
AST-3019,2024-09-17,4,0,0.36945200135102424,0,13,balanced,Test
AST-4055,2024-09-17,13,1,0.6582602359947772,1,13,balanced,Test
AST-4061,2024-09-17,8,0,0.6622254185160125,1,13,balanced,Test
AST-5003,2024-09-17,5,0,0.6609757257311772,1,13,balanced,Test
AST-5007,2024-09-17,10,0,0.3339508850816485,0,13,balanced,Test
AST-1041,2024-09-18,6,0,0.5148721516630005,1,13,balanced,Test
AST-1042,2024-09-18,10,0,0.5324393376641716,1,13,balanced,Test
AST-2017,2024-09-18,0,0,0.4308362068276897,0,13,balanced,Test
AST-2031,2024-09-18,6,0,0.7467377846248545,1,13,balanced,Test
AST-3008,2024-09-18,7,0,0.38533830087019955,0,13,balanced,Test
AST-3019,2024-09-18,0,0,0.4097874680441274,0,13,balanced,Test
AST-4055,2024-09-18,11,0,0.6189934075876868,1,13,balanced,Test
AST-4061,2024-09-18,2,0,0.355396029113146,0,13,balanced,Test
AST-5003,2024-09-18,12,0,0.5931428389106703,1,13,balanced,Test
AST-5007,2024-09-18,7,0,0.30727032024574397,0,13,balanced,Test
AST-1041,2024-09-19,5,0,0.6893495383101306,1,13,balanced,Test
AST-1042,2024-09-19,8,0,0.4330197606391168,0,13,balanced,Test
AST-2017,2024-09-19,2,0,0.4163092533114216,0,13,balanced,Test
AST-2031,2024-09-19,13,1,0.7359691448397128,1,13,balanced,Test
AST-3008,2024-09-19,9,0,0.3869757339952005,0,13,balanced,Test
AST-3019,2024-09-19,10,0,0.7234625054651249,1,13,balanced,Test
AST-4055,2024-09-19,12,0,0.6580492261714637,1,13,balanced,Test
AST-4061,2024-09-19,7,0,0.3745972708380801,0,13,balanced,Test
AST-5003,2024-09-19,13,1,0.5761361453016022,1,13,balanced,Test
AST-5007,2024-09-19,7,0,0.406997113983036,0,13,balanced,Test
AST-1041,2024-09-20,17,1,0.5427316322268873,1,13,balanced,Test
AST-1042,2024-09-20,8,0,0.5168011964349817,1,13,balanced,Test
AST-2017,2024-09-20,6,0,0.41796733705807343,0,13,balanced,Test
AST-2031,2024-09-20,0,0,0.7508969608492561,1,13,balanced,Test
AST-3008,2024-09-20,1,0,0.31928085367117753,0,13,balanced,Test
AST-3019,2024-09-20,0,0,0.41693018622601197,0,13,balanced,Test
AST-4055,2024-09-20,6,0,0.6180864733726831,1,13,balanced,Test
AST-4061,2024-09-20,18,1,0.38838026700410133,0,13,balanced,Test
AST-5003,2024-09-20,13,1,0.77139878283915,1,13,balanced,Test
AST-5007,2024-09-20,4,0,0.33288144032766437,0,13,balanced,Test
AST-1041,2024-09-21,0,0,0.36851459316936064,0,13,balanced,Test
AST-1042,2024-09-21,0,0,0.4275042899756833,0,13,balanced,Test
AST-2017,2024-09-21,0,0,0.31125378715707086,0,13,balanced,Test
AST-2031,2024-09-21,0,0,0.7229593043489331,1,13,balanced,Test
AST-3008,2024-09-21,0,0,0.2901112877048784,0,13,balanced,Test
AST-3019,2024-09-21,0,0,0.24054820144826403,0,13,balanced,Test
AST-4055,2024-09-21,0,0,0.530056565728865,1,13,balanced,Test
AST-4061,2024-09-21,0,0,0.22469612965471802,0,13,balanced,Test
AST-5003,2024-09-21,0,0,0.4419821373580585,0,13,balanced,Test
AST-5007,2024-09-21,0,0,0.25391550728973344,0,13,balanced,Test
AST-1041,2024-09-22,0,0,0.3547253812733003,0,13,balanced,Test
AST-1042,2024-09-22,0,0,0.3443311911903038,0,13,balanced,Test
AST-2017,2024-09-22,0,0,0.41505675078421683,0,13,balanced,Test
AST-2031,2024-09-22,0,0,0.7132464184880746,1,13,balanced,Test
AST-3008,2024-09-22,0,0,0.26548901418751825,0,13,balanced,Test
AST-3019,2024-09-22,0,0,0.31447195853227455,0,13,balanced,Test
AST-4055,2024-09-22,0,0,0.5433488224544017,1,13,balanced,Test
AST-4061,2024-09-22,0,0,0.24211161827260375,0,13,balanced,Test
AST-5003,2024-09-22,0,0,0.6904710117460081,1,13,balanced,Test
AST-5007,2024-09-22,0,0,0.24265517831257655,0,13,balanced,Test
AST-1041,2024-09-23,5,0,0.5283942940875832,1,13,balanced,Test
AST-1042,2024-09-23,4,0,0.47004665887068586,0,13,balanced,Test
AST-2017,2024-09-23,7,0,0.43012242986400795,0,13,balanced,Test
AST-2031,2024-09-23,3,0,0.8170901524827596,1,13,balanced,Test
AST-3008,2024-09-23,5,0,0.47488607077866335,0,13,balanced,Test
AST-3019,2024-09-23,2,0,0.3385390211062797,0,13,balanced,Test
AST-4055,2024-09-23,4,0,0.6556098018660778,1,13,balanced,Test
AST-4061,2024-09-23,8,0,0.40239420874417253,0,13,balanced,Test
AST-5003,2024-09-23,4,0,0.560725098706698,1,13,balanced,Test
AST-5007,2024-09-23,4,0,0.4248525745941762,0,13,balanced,Test
AST-1041,2024-09-24,9,0,0.5796325401073038,1,13,balanced,Test
AST-1042,2024-09-24,6,0,0.5211539358981429,1,13,balanced,Test
AST-2017,2024-09-24,3,0,0.44361921757326017,0,13,balanced,Test
AST-2031,2024-09-24,2,0,0.7372148234437701,1,13,balanced,Test
AST-3008,2024-09-24,11,0,0.41476037311839115,0,13,balanced,Test
AST-3019,2024-09-24,11,0,0.31114507910513584,0,13,balanced,Test
AST-4055,2024-09-24,6,0,0.6720228523685463,1,13,balanced,Test
AST-4061,2024-09-24,6,0,0.34560371262732603,0,13,balanced,Test
AST-5003,2024-09-24,8,0,0.5898919515828587,1,13,balanced,Test
AST-5007,2024-09-24,10,0,0.36813506590585887,0,13,balanced,Test
AST-1041,2024-09-25,0,0,0.559995979229395,1,13,balanced,Test
AST-1042,2024-09-25,11,0,0.4356051304492451,0,13,balanced,Test
AST-2017,2024-09-25,6,0,0.5004206770221088,1,13,balanced,Test
AST-2031,2024-09-25,2,0,0.7920801746362345,1,13,balanced,Test
AST-3008,2024-09-25,5,0,0.43036480848102787,0,13,balanced,Test
AST-3019,2024-09-25,11,0,0.28266230240796403,0,13,balanced,Test
AST-4055,2024-09-25,11,0,0.7150133347805899,1,13,balanced,Test
AST-4061,2024-09-25,18,1,0.7090344634805026,1,13,balanced,Test
AST-5003,2024-09-25,13,1,0.5962009778173122,1,13,balanced,Test
AST-5007,2024-09-25,13,1,0.3118676340964506,0,13,balanced,Test
AST-1041,2024-09-26,4,0,0.6385599709336417,1,13,balanced,Test
AST-1042,2024-09-26,8,0,0.46881309496365586,0,13,balanced,Test
AST-2017,2024-09-26,12,0,0.48755601165617307,0,13,balanced,Test
AST-2031,2024-09-26,8,0,0.787068249434671,1,13,balanced,Test
AST-3008,2024-09-26,8,0,0.37876285336906595,0,13,balanced,Test
AST-3019,2024-09-26,4,0,0.3947800523542892,0,13,balanced,Test
AST-4055,2024-09-26,3,0,0.677356115515874,1,13,balanced,Test
AST-4061,2024-09-26,18,1,0.367664573676869,0,13,balanced,Test
AST-5003,2024-09-26,12,0,0.5784294623576023,1,13,balanced,Test
AST-5007,2024-09-26,0,0,0.2875642746041925,0,13,balanced,Test
AST-1041,2024-09-27,0,0,0.4885869776891414,0,13,balanced,Test
AST-1042,2024-09-27,5,0,0.4836865854500185,0,13,balanced,Test
AST-2017,2024-09-27,6,0,0.5695932508947095,1,13,balanced,Test
AST-2031,2024-09-27,4,0,0.7547501507614252,1,13,balanced,Test
AST-3008,2024-09-27,6,0,0.37887273549542616,0,13,balanced,Test
AST-3019,2024-09-27,3,0,0.35988956881469036,0,13,balanced,Test
AST-4055,2024-09-27,18,1,0.6259857583821713,1,13,balanced,Test
AST-4061,2024-09-27,8,0,0.35960184177607263,0,13,balanced,Test
AST-5003,2024-09-27,8,0,0.5930152522331714,1,13,balanced,Test
AST-5007,2024-09-27,2,0,0.35039876548479043,0,13,balanced,Test
AST-1041,2024-09-28,0,0,0.4280099592838596,0,13,balanced,Test
AST-1042,2024-09-28,0,0,0.36028776886666863,0,13,balanced,Test
AST-2017,2024-09-28,0,0,0.31579740699273645,0,13,balanced,Test
AST-2031,2024-09-28,0,0,0.7309578475329297,1,13,balanced,Test
AST-3008,2024-09-28,0,0,0.38808792557008304,0,13,balanced,Test
AST-3019,2024-09-28,0,0,0.22661662315603054,0,13,balanced,Test
AST-4055,2024-09-28,0,0,0.4753808283462812,0,13,balanced,Test
AST-4061,2024-09-28,0,0,0.21105906846218708,0,13,balanced,Test
AST-5003,2024-09-28,0,0,0.3301506796356683,0,13,balanced,Test
AST-5007,2024-09-28,0,0,0.26005682978393474,0,13,balanced,Test
AST-1041,2024-09-29,0,0,0.3961511999530569,0,13,balanced,Test
AST-1042,2024-09-29,0,0,0.4715550075390943,0,13,balanced,Test
AST-2017,2024-09-29,0,0,0.2981959616099271,0,13,balanced,Test
AST-2031,2024-09-29,0,0,0.6807721167446591,1,13,balanced,Test
AST-3008,2024-09-29,0,0,0.2407592932810943,0,13,balanced,Test
AST-3019,2024-09-29,0,0,0.33469797465231294,0,13,balanced,Test
AST-4055,2024-09-29,0,0,0.5425275631106982,1,13,balanced,Test
AST-4061,2024-09-29,0,0,0.2743515816205671,0,13,balanced,Test
AST-5003,2024-09-29,0,0,0.43165168692692485,0,13,balanced,Test
AST-5007,2024-09-29,0,0,0.27982957314605467,0,13,balanced,Test
AST-1041,2024-09-30,4,0,0.506412534889486,1,13,balanced,Test
AST-1042,2024-09-30,9,0,0.5268605746101518,1,13,balanced,Test
AST-2017,2024-09-30,8,0,0.46269526738243766,0,13,balanced,Test
AST-2031,2024-09-30,23,1,0.7935171423212796,1,13,balanced,Test
AST-3008,2024-09-30,4,0,0.3957631836545167,0,13,balanced,Test
AST-3019,2024-09-30,6,0,0.35938696354263727,0,13,balanced,Test
AST-4055,2024-09-30,6,0,0.5779737532393274,1,13,balanced,Test
AST-4061,2024-09-30,4,0,0.41892430755426385,0,13,balanced,Test
AST-5003,2024-09-30,14,1,0.837794931610847,1,13,balanced,Test
AST-5007,2024-09-30,3,0,0.39174441271608,0,13,balanced,Test
AST-1041,2024-10-01,2,0,0.5493917773777716,1,13,balanced,Test
AST-1042,2024-10-01,11,0,0.4782095188239349,0,13,balanced,Test
AST-2017,2024-10-01,13,1,0.5218333199586587,1,13,balanced,Test
AST-2031,2024-10-01,6,0,0.757584558484272,1,13,balanced,Test
AST-3008,2024-10-01,14,1,0.6527075750016033,1,13,balanced,Test
AST-3019,2024-10-01,0,0,0.3599540139139456,0,13,balanced,Test
AST-4055,2024-10-01,2,0,0.5786230101055237,1,13,balanced,Test
AST-4061,2024-10-01,8,0,0.4246042260037214,0,13,balanced,Test
AST-5003,2024-10-01,5,0,0.5954774446615279,1,13,balanced,Test
AST-5007,2024-10-01,2,0,0.3725024989825608,0,13,balanced,Test
AST-1041,2024-10-02,0,0,0.5287738751364398,1,13,balanced,Test
AST-1042,2024-10-02,10,0,0.5156863881238647,1,13,balanced,Test
AST-2017,2024-10-02,4,0,0.42829787239996925,0,13,balanced,Test
AST-2031,2024-10-02,21,1,0.759433696259994,1,13,balanced,Test
AST-3008,2024-10-02,8,0,0.3548207584217983,0,13,balanced,Test
AST-3019,2024-10-02,2,0,0.31811726916737376,0,13,balanced,Test
AST-4055,2024-10-02,4,0,0.7016343208499783,1,13,balanced,Test
AST-4061,2024-10-02,12,0,0.3643228460667628,0,13,balanced,Test
AST-5003,2024-10-02,4,0,0.6567173584608297,1,13,balanced,Test
AST-5007,2024-10-02,6,0,0.3275220645716861,0,13,balanced,Test
AST-1041,2024-10-03,8,0,0.5380275949382266,1,13,balanced,Test
AST-1042,2024-10-03,6,0,0.4811139508545398,0,13,balanced,Test
AST-2017,2024-10-03,13,1,0.49718026502993445,0,13,balanced,Test
AST-2031,2024-10-03,10,0,0.7976247402848462,1,13,balanced,Test
AST-3008,2024-10-03,6,0,0.4329282945483038,0,13,balanced,Test
AST-3019,2024-10-03,18,1,0.5208579593341214,1,13,balanced,Test
AST-4055,2024-10-03,10,0,0.6206097501560025,1,13,balanced,Test
AST-4061,2024-10-03,8,0,0.3912774897984889,0,13,balanced,Test
AST-5003,2024-10-03,10,0,0.5300511447581212,1,13,balanced,Test
AST-5007,2024-10-03,1,0,0.3654959452095516,0,13,balanced,Test
AST-1041,2024-10-04,12,0,0.5344162065676603,1,13,balanced,Test
AST-1042,2024-10-04,6,0,0.5769396262778937,1,13,balanced,Test
AST-2017,2024-10-04,16,1,0.5388181987772585,1,13,balanced,Test
AST-2031,2024-10-04,5,0,0.7732160603559145,1,13,balanced,Test
AST-3008,2024-10-04,6,0,0.38961876349739255,0,13,balanced,Test
AST-3019,2024-10-04,12,0,0.3737243864859874,0,13,balanced,Test
AST-4055,2024-10-04,14,1,0.6209691080371248,1,13,balanced,Test
AST-4061,2024-10-04,7,0,0.39246948906673595,0,13,balanced,Test
AST-5003,2024-10-04,5,0,0.6381422327163921,1,13,balanced,Test
AST-5007,2024-10-04,0,0,0.36510506663052456,0,13,balanced,Test
AST-1041,2024-10-05,0,0,0.5696785359588905,1,13,balanced,Test
AST-1042,2024-10-05,0,0,0.33406133658418263,0,13,balanced,Test
AST-2017,2024-10-05,0,0,0.31895039807902675,0,13,balanced,Test
AST-2031,2024-10-05,0,0,0.7482940488008777,1,13,balanced,Test
AST-3008,2024-10-05,0,0,0.22986467887203704,0,13,balanced,Test
AST-3019,2024-10-05,0,0,0.23696002707138772,0,13,balanced,Test
AST-4055,2024-10-05,0,0,0.5411153959996677,1,13,balanced,Test
AST-4061,2024-10-05,0,0,0.22510458445759782,0,13,balanced,Test
AST-5003,2024-10-05,0,0,0.5160267166519906,1,13,balanced,Test
AST-5007,2024-10-05,0,0,0.22614372481295175,0,13,balanced,Test
AST-1041,2024-10-06,0,0,0.32521132469854247,0,13,balanced,Test
AST-1042,2024-10-06,0,0,0.35146341202692744,0,13,balanced,Test
AST-2017,2024-10-06,0,0,0.35538578018225286,0,13,balanced,Test
AST-2031,2024-10-06,0,0,0.6229920168474092,1,13,balanced,Test
AST-3008,2024-10-06,0,0,0.30947132305501174,0,13,balanced,Test
AST-3019,2024-10-06,0,0,0.2323547953183017,0,13,balanced,Test
AST-4055,2024-10-06,0,0,0.5251911084716301,1,13,balanced,Test
AST-4061,2024-10-06,0,0,0.2504555385095636,0,13,balanced,Test
AST-5003,2024-10-06,0,0,0.4530107764839683,0,13,balanced,Test
AST-5007,2024-10-06,0,0,0.2206857996884278,0,13,balanced,Test
AST-1041,2024-10-07,8,0,0.5640695842617641,1,13,balanced,Test
AST-1042,2024-10-07,8,0,0.5676514894230419,1,13,balanced,Test
AST-2017,2024-10-07,3,0,0.5406784257543141,1,13,balanced,Test
AST-2031,2024-10-07,6,0,0.7500573306892659,1,13,balanced,Test
AST-3008,2024-10-07,4,0,0.37021994560326604,0,13,balanced,Test
AST-3019,2024-10-07,2,0,0.3247531912993436,0,13,balanced,Test
AST-4055,2024-10-07,16,1,0.6596266756001082,1,13,balanced,Test
AST-4061,2024-10-07,10,0,0.34321347139793906,0,13,balanced,Test
AST-5003,2024-10-07,16,1,0.648406412230369,1,13,balanced,Test
AST-5007,2024-10-07,0,0,0.31017857724392306,0,13,balanced,Test
AST-1041,2024-10-08,8,0,0.5044673398702801,1,13,balanced,Test
AST-1042,2024-10-08,4,0,0.540772031488439,1,13,balanced,Test
AST-2017,2024-10-08,6,0,0.5098710190913026,1,13,balanced,Test
AST-2031,2024-10-08,8,0,0.7913100496552862,1,13,balanced,Test
AST-3008,2024-10-08,8,0,0.41374904496236875,0,13,balanced,Test
AST-3019,2024-10-08,8,0,0.34708593959189876,0,13,balanced,Test
AST-4055,2024-10-08,11,0,0.6205987820529135,1,13,balanced,Test
AST-4061,2024-10-08,15,1,0.4233720388015272,0,13,balanced,Test
AST-5003,2024-10-08,6,0,0.5691868872607864,1,13,balanced,Test
AST-5007,2024-10-08,1,0,0.2711474557512579,0,13,balanced,Test
AST-1041,2024-10-09,6,0,0.5226297423839003,1,13,balanced,Test
AST-1042,2024-10-09,6,0,0.51408306785815,1,13,balanced,Test
AST-2017,2024-10-09,12,0,0.46900944687565516,0,13,balanced,Test
AST-2031,2024-10-09,13,1,0.726315340091827,1,13,balanced,Test
AST-3008,2024-10-09,14,1,0.7261492625469208,1,13,balanced,Test
AST-3019,2024-10-09,6,0,0.30157172040390834,0,13,balanced,Test
AST-4055,2024-10-09,4,0,0.6611427154960715,1,13,balanced,Test
AST-4061,2024-10-09,7,0,0.3677385682136336,0,13,balanced,Test
AST-5003,2024-10-09,6,0,0.6429634807384786,1,13,balanced,Test
AST-5007,2024-10-09,6,0,0.35021689651645094,0,13,balanced,Test
AST-1041,2024-10-10,2,0,0.5509850667345177,1,13,balanced,Test
AST-1042,2024-10-10,6,0,0.47226119271616973,0,13,balanced,Test
AST-2017,2024-10-10,3,0,0.5151061733757877,1,13,balanced,Test
AST-2031,2024-10-10,2,0,0.7506384436822243,1,13,balanced,Test
AST-3008,2024-10-10,1,0,0.43559745686833595,0,13,balanced,Test
AST-3019,2024-10-10,4,0,0.3900472169646961,0,13,balanced,Test
AST-4055,2024-10-10,0,0,0.7028586441920782,1,13,balanced,Test
AST-4061,2024-10-10,8,0,0.4540313119615562,0,13,balanced,Test
AST-5003,2024-10-10,10,0,0.52492850837092,1,13,balanced,Test
AST-5007,2024-10-10,11,0,0.3643402832951999,0,13,balanced,Test
AST-1041,2024-10-11,6,0,0.49981668489305114,0,13,balanced,Test
AST-1042,2024-10-11,12,0,0.6634413222689819,1,13,balanced,Test
AST-2017,2024-10-11,6,0,0.38819568843236324,0,13,balanced,Test
AST-2031,2024-10-11,2,0,0.7603320558453748,1,13,balanced,Test
AST-3008,2024-10-11,11,0,0.4168186597453231,0,13,balanced,Test
AST-3019,2024-10-11,3,0,0.44510548268023875,0,13,balanced,Test
AST-4055,2024-10-11,13,1,0.6597077880090559,1,13,balanced,Test
AST-4061,2024-10-11,5,0,0.3698527871704084,0,13,balanced,Test
AST-5003,2024-10-11,12,0,0.5770227921568627,1,13,balanced,Test
AST-5007,2024-10-11,6,0,0.26198667372122886,0,13,balanced,Test
AST-1041,2024-10-12,0,0,0.7012783941137075,1,13,balanced,Test
AST-1042,2024-10-12,0,0,0.3965494251950129,0,13,balanced,Test
AST-2017,2024-10-12,0,0,0.3350934127400854,0,13,balanced,Test
AST-2031,2024-10-12,0,0,0.7038076187842732,1,13,balanced,Test
AST-3008,2024-10-12,0,0,0.2893338826535812,0,13,balanced,Test
AST-3019,2024-10-12,0,0,0.2606983719308561,0,13,balanced,Test
AST-4055,2024-10-12,0,0,0.5841924795889669,1,13,balanced,Test
AST-4061,2024-10-12,0,0,0.270034227803451,0,13,balanced,Test
AST-5003,2024-10-12,0,0,0.37882650962608094,0,13,balanced,Test
AST-5007,2024-10-12,0,0,0.27817161267947427,0,13,balanced,Test
AST-1041,2024-10-13,0,0,0.3238138592229466,0,13,balanced,Test
AST-1042,2024-10-13,0,0,0.35753734467830284,0,13,balanced,Test
AST-2017,2024-10-13,0,0,0.3463709906790524,0,13,balanced,Test
AST-2031,2024-10-13,0,0,0.682491006246461,1,13,balanced,Test
AST-3008,2024-10-13,0,0,0.2667724159754367,0,13,balanced,Test
AST-3019,2024-10-13,0,0,0.2575935721384475,0,13,balanced,Test
AST-4055,2024-10-13,0,0,0.4608944642632622,0,13,balanced,Test
AST-4061,2024-10-13,0,0,0.31155905049013416,0,13,balanced,Test
AST-5003,2024-10-13,0,0,0.4480951283611244,0,13,balanced,Test
AST-5007,2024-10-13,0,0,0.254773697283234,0,13,balanced,Test
AST-1041,2024-10-14,3,0,0.5932159800030492,1,13,balanced,Test
AST-1042,2024-10-14,0,0,0.5468206451531129,1,13,balanced,Test
AST-2017,2024-10-14,7,0,0.3683118628681477,0,13,balanced,Test
AST-2031,2024-10-14,10,0,0.7632506264083347,1,13,balanced,Test
AST-3008,2024-10-14,2,0,0.3748898194251807,0,13,balanced,Test
AST-3019,2024-10-14,2,0,0.4000092090012299,0,13,balanced,Test
AST-4055,2024-10-14,2,0,0.6572302098034204,1,13,balanced,Test
AST-4061,2024-10-14,1,0,0.44236875587717633,0,13,balanced,Test
AST-5003,2024-10-14,18,1,0.5312107899734771,1,13,balanced,Test
AST-5007,2024-10-14,3,0,0.39802006831989384,0,13,balanced,Test
AST-1041,2024-10-15,6,0,0.5902755534488163,1,13,balanced,Test
AST-1042,2024-10-15,0,0,0.5280886391816709,1,13,balanced,Test
AST-2017,2024-10-15,8,0,0.3771165523060279,0,13,balanced,Test
AST-2031,2024-10-15,7,0,0.800769917568284,1,13,balanced,Test
AST-3008,2024-10-15,9,0,0.3510951075004216,0,13,balanced,Test
AST-3019,2024-10-15,12,0,0.36138146459039994,0,13,balanced,Test
AST-4055,2024-10-15,9,0,0.630844233835455,1,13,balanced,Test
AST-4061,2024-10-15,6,0,0.44021858946976955,0,13,balanced,Test
AST-5003,2024-10-15,14,1,0.5239093389280739,1,13,balanced,Test
AST-5007,2024-10-15,7,0,0.32241684537727255,0,13,balanced,Test
AST-1041,2024-10-16,8,0,0.5368716792096777,1,13,balanced,Test
AST-1042,2024-10-16,6,0,0.5196426741004181,1,13,balanced,Test
AST-2017,2024-10-16,5,0,0.4964484421629051,0,13,balanced,Test
AST-2031,2024-10-16,2,0,0.7390530230684953,1,13,balanced,Test
AST-3008,2024-10-16,10,0,0.41130764979308454,0,13,balanced,Test
AST-3019,2024-10-16,14,1,0.3130976004334768,0,13,balanced,Test
AST-4055,2024-10-16,10,0,0.5928409688976547,1,13,balanced,Test
AST-4061,2024-10-16,4,0,0.37728647286418615,0,13,balanced,Test
AST-5003,2024-10-16,8,0,0.5842507333929405,1,13,balanced,Test
AST-5007,2024-10-16,7,0,0.3719423880985342,0,13,balanced,Test
AST-1041,2024-10-17,10,0,0.5468790238943345,1,13,balanced,Test
AST-1042,2024-10-17,0,0,0.5459054185366459,1,13,balanced,Test
AST-2017,2024-10-17,6,0,0.44228136808013774,0,13,balanced,Test
AST-2031,2024-10-17,9,0,0.7857072566389467,1,13,balanced,Test
AST-3008,2024-10-17,8,0,0.44168816133437444,0,13,balanced,Test
AST-3019,2024-10-17,14,1,0.34312973719962603,0,13,balanced,Test
AST-4055,2024-10-17,9,0,0.7056760917144934,1,13,balanced,Test
AST-4061,2024-10-17,6,0,0.39992266467158727,0,13,balanced,Test
AST-5003,2024-10-17,4,0,0.5832758184256418,1,13,balanced,Test
AST-5007,2024-10-17,3,0,0.3577645865620612,0,13,balanced,Test
AST-1041,2024-10-18,3,0,0.5923523647634076,1,13,balanced,Test
AST-1042,2024-10-18,6,0,0.5101074700637807,1,13,balanced,Test
AST-2017,2024-10-18,18,1,0.41474788496903164,0,13,balanced,Test
AST-2031,2024-10-18,8,0,0.8035851454655999,1,13,balanced,Test
AST-3008,2024-10-18,3,0,0.3942748838395209,0,13,balanced,Test
AST-3019,2024-10-18,12,0,0.2672957881778263,0,13,balanced,Test
AST-4055,2024-10-18,12,0,0.5817796206507291,1,13,balanced,Test
AST-4061,2024-10-18,2,0,0.39889467156504704,0,13,balanced,Test
AST-5003,2024-10-18,1,0,0.5495906267166383,1,13,balanced,Test
AST-5007,2024-10-18,8,0,0.3346656991035375,0,13,balanced,Test
AST-1041,2024-10-19,0,0,0.41562728245684294,0,13,balanced,Test
AST-1042,2024-10-19,0,0,0.38798072447696297,0,13,balanced,Test
AST-2017,2024-10-19,0,0,0.37804770774260293,0,13,balanced,Test
AST-2031,2024-10-19,0,0,0.6668750313350874,1,13,balanced,Test
AST-3008,2024-10-19,0,0,0.3212080299649466,0,13,balanced,Test
AST-3019,2024-10-19,0,0,0.2554546700400187,0,13,balanced,Test
AST-4055,2024-10-19,0,0,0.5486860259586219,1,13,balanced,Test
AST-4061,2024-10-19,0,0,0.2903652253673625,0,13,balanced,Test
AST-5003,2024-10-19,0,0,0.4053535285269664,0,13,balanced,Test
AST-5007,2024-10-19,0,0,0.21014949308766073,0,13,balanced,Test
AST-1041,2024-10-20,0,0,0.3887380404689674,0,13,balanced,Test
AST-1042,2024-10-20,0,0,0.4814680592005361,0,13,balanced,Test
AST-2017,2024-10-20,0,0,0.33301987528727456,0,13,balanced,Test
AST-2031,2024-10-20,0,0,0.7545509938066474,1,13,balanced,Test
AST-3008,2024-10-20,0,0,0.28303757180670264,0,13,balanced,Test
AST-3019,2024-10-20,0,0,0.29009984339661166,0,13,balanced,Test
AST-4055,2024-10-20,0,0,0.5624110053230827,1,13,balanced,Test
AST-4061,2024-10-20,0,0,0.6534209393194751,1,13,balanced,Test
AST-5003,2024-10-20,0,0,0.36480070297646844,0,13,balanced,Test
AST-5007,2024-10-20,0,0,0.2432658375869082,0,13,balanced,Test
AST-1041,2024-10-21,5,0,0.561333278097988,1,13,balanced,Test
AST-1042,2024-10-21,7,0,0.4971224102671834,0,13,balanced,Test
AST-2017,2024-10-21,2,0,0.5008939767489762,1,13,balanced,Test
AST-2031,2024-10-21,8,0,0.767381187522113,1,13,balanced,Test
AST-3008,2024-10-21,5,0,0.4321701275155103,0,13,balanced,Test
AST-3019,2024-10-21,0,0,0.4283330318307965,0,13,balanced,Test
AST-4055,2024-10-21,14,1,0.6303358090032257,1,13,balanced,Test
AST-4061,2024-10-21,8,0,0.3508907774592543,0,13,balanced,Test
AST-5003,2024-10-21,8,0,0.5218550670790897,1,13,balanced,Test
AST-5007,2024-10-21,4,0,0.34010546347741044,0,13,balanced,Test
AST-1041,2024-10-22,0,0,0.5613812771988952,1,13,balanced,Test
AST-1042,2024-10-22,4,0,0.5217222053658354,1,13,balanced,Test
AST-2017,2024-10-22,7,0,0.4529348632237282,0,13,balanced,Test
AST-2031,2024-10-22,9,0,0.7722870363493554,1,13,balanced,Test
AST-3008,2024-10-22,10,0,0.37657534632285583,0,13,balanced,Test
AST-3019,2024-10-22,6,0,0.4175527919688377,0,13,balanced,Test
AST-4055,2024-10-22,12,0,0.6123336037397757,1,13,balanced,Test
AST-4061,2024-10-22,12,0,0.40265915838490307,0,13,balanced,Test
AST-5003,2024-10-22,6,0,0.523340548590717,1,13,balanced,Test
AST-5007,2024-10-22,0,0,0.2911992692660915,0,13,balanced,Test
AST-1041,2024-10-23,6,0,0.5004359957891643,1,13,balanced,Test
AST-1042,2024-10-23,4,0,0.49699943696281385,0,13,balanced,Test
AST-2017,2024-10-23,13,1,0.6920414592880609,1,13,balanced,Test
AST-2031,2024-10-23,8,0,0.7769178409388756,1,13,balanced,Test
AST-3008,2024-10-23,12,0,0.4025858067525307,0,13,balanced,Test
AST-3019,2024-10-23,4,0,0.3705157865371096,0,13,balanced,Test
AST-4055,2024-10-23,11,0,0.6792923620454366,1,13,balanced,Test
AST-4061,2024-10-23,22,1,0.3800921907893034,0,13,balanced,Test
AST-5003,2024-10-23,9,0,0.5920517020305102,1,13,balanced,Test
AST-5007,2024-10-23,1,0,0.32064043940888654,0,13,balanced,Test
AST-1041,2024-10-24,11,0,0.5585737372804246,1,13,balanced,Test
AST-1042,2024-10-24,2,0,0.4632713888156537,0,13,balanced,Test
AST-2017,2024-10-24,21,1,0.5234660316176132,1,13,balanced,Test
AST-2031,2024-10-24,2,0,0.7811300665679366,1,13,balanced,Test
AST-3008,2024-10-24,6,0,0.3939636878549545,0,13,balanced,Test
AST-3019,2024-10-24,9,0,0.43022305349475004,0,13,balanced,Test
AST-4055,2024-10-24,2,0,0.5883997781951531,1,13,balanced,Test
AST-4061,2024-10-24,4,0,0.364547845133107,0,13,balanced,Test
AST-5003,2024-10-24,4,0,0.5638659346677025,1,13,balanced,Test
AST-5007,2024-10-24,1,0,0.2699664560504043,0,13,balanced,Test
AST-1041,2024-10-25,14,1,0.49234091945291697,0,13,balanced,Test
AST-1042,2024-10-25,15,1,0.472291786912504,0,13,balanced,Test
AST-2017,2024-10-25,11,0,0.4445980316386081,0,13,balanced,Test
AST-2031,2024-10-25,0,0,0.7770633267654431,1,13,balanced,Test
AST-3008,2024-10-25,8,0,0.45980739090389205,0,13,balanced,Test
AST-3019,2024-10-25,9,0,0.33567003772285336,0,13,balanced,Test
AST-4055,2024-10-25,11,0,0.5644437857771902,1,13,balanced,Test
AST-4061,2024-10-25,4,0,0.371753696181973,0,13,balanced,Test
AST-5003,2024-10-25,5,0,0.5072508555150851,1,13,balanced,Test
AST-5007,2024-10-25,6,0,0.3527183028460881,0,13,balanced,Test
AST-1041,2024-10-26,0,0,0.3826939767333902,0,13,balanced,Test
AST-1042,2024-10-26,0,0,0.3989886738025617,0,13,balanced,Test
AST-2017,2024-10-26,0,0,0.36106474188785437,0,13,balanced,Test
AST-2031,2024-10-26,0,0,0.645286801583698,1,13,balanced,Test
AST-3008,2024-10-26,0,0,0.27049444298978875,0,13,balanced,Test
AST-3019,2024-10-26,0,0,0.2359979048726509,0,13,balanced,Test
AST-4055,2024-10-26,0,0,0.5838156946663997,1,13,balanced,Test
AST-4061,2024-10-26,0,0,0.24415863393903706,0,13,balanced,Test
AST-5003,2024-10-26,0,0,0.4299692023980221,0,13,balanced,Test
AST-5007,2024-10-26,0,0,0.23552064031257483,0,13,balanced,Test
AST-1041,2024-10-27,0,0,0.41591055166952184,0,13,balanced,Test
AST-1042,2024-10-27,0,0,0.4020483988050921,0,13,balanced,Test
AST-2017,2024-10-27,0,0,0.37912720842619346,0,13,balanced,Test
AST-2031,2024-10-27,0,0,0.7119302080996831,1,13,balanced,Test
AST-3008,2024-10-27,0,0,0.2831435534064158,0,13,balanced,Test
AST-3019,2024-10-27,0,0,0.3396506020388903,0,13,balanced,Test
AST-4055,2024-10-27,0,0,0.5307069476108783,1,13,balanced,Test
AST-4061,2024-10-27,0,0,0.28163672494874475,0,13,balanced,Test
AST-5003,2024-10-27,0,0,0.8029248753391123,1,13,balanced,Test
AST-5007,2024-10-27,0,0,0.21358180420690612,0,13,balanced,Test
AST-1041,2024-10-28,0,0,0.5247219208677022,1,13,balanced,Test
AST-1042,2024-10-28,8,0,0.4874087823617867,0,13,balanced,Test
AST-2017,2024-10-28,7,0,0.39509855140486,0,13,balanced,Test
AST-2031,2024-10-28,4,0,0.7592683868106559,1,13,balanced,Test
AST-3008,2024-10-28,5,0,0.40866919442114724,0,13,balanced,Test
AST-3019,2024-10-28,9,0,0.4104623852774731,0,13,balanced,Test
AST-4055,2024-10-28,9,0,0.6647607227297393,1,13,balanced,Test
AST-4061,2024-10-28,2,0,0.3846852325390779,0,13,balanced,Test
AST-5003,2024-10-28,14,1,0.6101465655769633,1,13,balanced,Test
AST-5007,2024-10-28,11,0,0.35930016263856707,0,13,balanced,Test
AST-1041,2024-10-29,5,0,0.5808473744718595,1,13,balanced,Test
AST-1042,2024-10-29,5,0,0.5034182371557056,1,13,balanced,Test
AST-2017,2024-10-29,14,1,0.7275642164076371,1,13,balanced,Test
AST-2031,2024-10-29,2,0,0.7715479790361707,1,13,balanced,Test
AST-3008,2024-10-29,8,0,0.39555302877292947,0,13,balanced,Test
AST-3019,2024-10-29,6,0,0.3848640910349472,0,13,balanced,Test
AST-4055,2024-10-29,3,0,0.5914188531070708,1,13,balanced,Test
AST-4061,2024-10-29,4,0,0.304401955922377,0,13,balanced,Test
AST-5003,2024-10-29,3,0,0.6216868089405438,1,13,balanced,Test
AST-5007,2024-10-29,0,0,0.32608241911479335,0,13,balanced,Test
AST-1041,2024-10-30,4,0,0.4985528074360521,0,13,balanced,Test
AST-1042,2024-10-30,9,0,0.46852808505402554,0,13,balanced,Test
AST-2017,2024-10-30,7,0,0.3977660143008872,0,13,balanced,Test
AST-2031,2024-10-30,12,0,0.7592272150339345,1,13,balanced,Test
AST-3008,2024-10-30,1,0,0.39262432792820595,0,13,balanced,Test
AST-3019,2024-10-30,9,0,0.3677809999183101,0,13,balanced,Test
AST-4055,2024-10-30,8,0,0.6533679252987497,1,13,balanced,Test
AST-4061,2024-10-30,7,0,0.4520115642425906,0,13,balanced,Test
AST-5003,2024-10-30,19,1,0.5369586786674294,1,13,balanced,Test
AST-5007,2024-10-30,10,0,0.297015127108446,0,13,balanced,Test
AST-1041,2024-10-31,6,0,0.4904115421123108,0,13,balanced,Test
AST-1042,2024-10-31,12,0,0.47706525855848664,0,13,balanced,Test
AST-2017,2024-10-31,6,0,0.461731318168799,0,13,balanced,Test
AST-2031,2024-10-31,0,0,0.7454253470838036,1,13,balanced,Test
AST-3008,2024-10-31,4,0,0.3868001292828726,0,13,balanced,Test
AST-3019,2024-10-31,6,0,0.3352876662620961,0,13,balanced,Test
AST-4055,2024-10-31,6,0,0.7090336654025012,1,13,balanced,Test
AST-4061,2024-10-31,2,0,0.4116452288185203,0,13,balanced,Test
AST-5003,2024-10-31,10,0,0.5297872103361769,1,13,balanced,Test
AST-5007,2024-10-31,4,0,0.34900818026280966,0,13,balanced,Test
AST-1041,2024-11-01,6,0,0.5199326483306422,1,13,balanced,Test
AST-1042,2024-11-01,1,0,0.5396566725860557,1,13,balanced,Test
AST-2017,2024-11-01,7,0,0.4220967273435656,0,13,balanced,Test
AST-2031,2024-11-01,8,0,0.7706578339516259,1,13,balanced,Test
AST-3008,2024-11-01,8,0,0.41750588378639225,0,13,balanced,Test
AST-3019,2024-11-01,5,0,0.323632301544457,0,13,balanced,Test
AST-4055,2024-11-01,7,0,0.6029084094859115,1,13,balanced,Test
AST-4061,2024-11-01,10,0,0.29649119559829046,0,13,balanced,Test
AST-5003,2024-11-01,3,0,0.5897762698275845,1,13,balanced,Test
AST-5007,2024-11-01,5,0,0.3355793247663983,0,13,balanced,Test
AST-1041,2024-11-02,0,0,0.39505759155832965,0,13,balanced,Test
AST-1042,2024-11-02,0,0,0.49491833212500785,0,13,balanced,Test
AST-2017,2024-11-02,0,0,0.33222219541634634,0,13,balanced,Test
AST-2031,2024-11-02,0,0,0.6432176602470021,1,13,balanced,Test
AST-3008,2024-11-02,0,0,0.20419359451466926,0,13,balanced,Test
AST-3019,2024-11-02,0,0,0.2640331954094286,0,13,balanced,Test
AST-4055,2024-11-02,0,0,0.5411291510082622,1,13,balanced,Test
AST-4061,2024-11-02,0,0,0.3755681732739757,0,13,balanced,Test
AST-5003,2024-11-02,0,0,0.38975276653541147,0,13,balanced,Test
AST-5007,2024-11-02,0,0,0.2555459374659189,0,13,balanced,Test
AST-1041,2024-11-03,0,0,0.3779422914807983,0,13,balanced,Test
AST-1042,2024-11-03,0,0,0.3805178227234379,0,13,balanced,Test
AST-2017,2024-11-03,0,0,0.3298170698351635,0,13,balanced,Test
AST-2031,2024-11-03,0,0,0.7059909714395681,1,13,balanced,Test
AST-3008,2024-11-03,0,0,0.2660358941147828,0,13,balanced,Test
AST-3019,2024-11-03,0,0,0.2556304923004495,0,13,balanced,Test
AST-4055,2024-11-03,0,0,0.4522029706475051,0,13,balanced,Test
AST-4061,2024-11-03,0,0,0.23183694811565075,0,13,balanced,Test
AST-5003,2024-11-03,0,0,0.5212772820068435,1,13,balanced,Test
AST-5007,2024-11-03,0,0,0.48946510796056414,0,13,balanced,Test
AST-1041,2024-11-04,1,0,0.5496371928137329,1,13,balanced,Test
AST-1042,2024-11-04,12,0,0.47167292229919605,0,13,balanced,Test
AST-2017,2024-11-04,9,0,0.45710101592430585,0,13,balanced,Test
AST-2031,2024-11-04,4,0,0.7985403871485314,1,13,balanced,Test
AST-3008,2024-11-04,6,0,0.4203118222097112,0,13,balanced,Test
AST-3019,2024-11-04,0,0,0.32254435554748945,0,13,balanced,Test
AST-4055,2024-11-04,6,0,0.7034220962008821,1,13,balanced,Test
AST-4061,2024-11-04,2,0,0.3684227721145148,0,13,balanced,Test
AST-5003,2024-11-04,2,0,0.4971905112971526,0,13,balanced,Test
AST-5007,2024-11-04,10,0,0.4489314195593158,0,13,balanced,Test
AST-1041,2024-11-05,3,0,0.4891974906365879,0,13,balanced,Test
AST-1042,2024-11-05,9,0,0.5609674657971694,1,13,balanced,Test
AST-2017,2024-11-05,15,1,0.5475290923875111,1,13,balanced,Test
AST-2031,2024-11-05,11,0,0.7283458384120245,1,13,balanced,Test
AST-3008,2024-11-05,11,0,0.3863419413069945,0,13,balanced,Test
AST-3019,2024-11-05,18,1,0.4322717186003508,0,13,balanced,Test
AST-4055,2024-11-05,12,0,0.6141255491941161,1,13,balanced,Test
AST-4061,2024-11-05,16,1,0.4240387846893338,0,13,balanced,Test
AST-5003,2024-11-05,12,0,0.6088316524243795,1,13,balanced,Test
AST-5007,2024-11-05,4,0,0.3227125066357039,0,13,balanced,Test
AST-1041,2024-11-06,8,0,0.5521949284304458,1,13,balanced,Test
AST-1042,2024-11-06,4,0,0.5490727239038391,1,13,balanced,Test
AST-2017,2024-11-06,12,0,0.40261988318198744,0,13,balanced,Test
AST-2031,2024-11-06,8,0,0.7964249084912767,1,13,balanced,Test
AST-3008,2024-11-06,4,0,0.36472443900738943,0,13,balanced,Test
AST-3019,2024-11-06,2,0,0.33790590990704916,0,13,balanced,Test
AST-4055,2024-11-06,14,1,0.6648230395472058,1,13,balanced,Test
AST-4061,2024-11-06,8,0,0.4045133769417614,0,13,balanced,Test
AST-5003,2024-11-06,18,1,0.554499901114231,1,13,balanced,Test
AST-5007,2024-11-06,6,0,0.31395103804588265,0,13,balanced,Test
AST-1041,2024-11-07,0,0,0.5169818238765354,1,13,balanced,Test
AST-1042,2024-11-07,8,0,0.5300087668232226,1,13,balanced,Test
AST-2017,2024-11-07,16,1,0.4677795122797495,0,13,balanced,Test
AST-2031,2024-11-07,8,0,0.7676708603800845,1,13,balanced,Test
AST-3008,2024-11-07,11,0,0.44807753039593307,0,13,balanced,Test
AST-3019,2024-11-07,9,0,0.37363740872747864,0,13,balanced,Test
AST-4055,2024-11-07,8,0,0.6639177352752266,1,13,balanced,Test
AST-4061,2024-11-07,6,0,0.5662965810350485,1,13,balanced,Test
AST-5003,2024-11-07,10,0,0.53243253957576,1,13,balanced,Test
AST-5007,2024-11-07,4,0,0.5191481347155038,1,13,balanced,Test
AST-1041,2024-11-08,4,0,0.5062605030793116,1,13,balanced,Test
AST-1042,2024-11-08,5,0,0.47207600258671595,0,13,balanced,Test
AST-2017,2024-11-08,1,0,0.3644564383979805,0,13,balanced,Test
AST-2031,2024-11-08,6,0,0.7266434745753128,1,13,balanced,Test
AST-3008,2024-11-08,8,0,0.3715395583273146,0,13,balanced,Test
AST-3019,2024-11-08,4,0,0.4077419342305266,0,13,balanced,Test
AST-4055,2024-11-08,11,0,0.6485960126821048,1,13,balanced,Test
AST-4061,2024-11-08,0,0,0.3309459182179463,0,13,balanced,Test
AST-5003,2024-11-08,6,0,0.6069826597237096,1,13,balanced,Test
AST-5007,2024-11-08,4,0,0.33558988388082966,0,13,balanced,Test
AST-1041,2024-11-09,0,0,0.404111474127359,0,13,balanced,Test
AST-1042,2024-11-09,0,0,0.34895306882562915,0,13,balanced,Test
AST-2017,2024-11-09,0,0,0.3771736057567376,0,13,balanced,Test
AST-2031,2024-11-09,0,0,0.6822039143803631,1,13,balanced,Test
AST-3008,2024-11-09,0,0,0.4757078744027108,0,13,balanced,Test
AST-3019,2024-11-09,0,0,0.25415546263476885,0,13,balanced,Test
AST-4055,2024-11-09,0,0,0.521778430530699,1,13,balanced,Test
AST-4061,2024-11-09,0,0,0.3368682757132098,0,13,balanced,Test
AST-5003,2024-11-09,0,0,0.3810654819545821,0,13,balanced,Test
AST-5007,2024-11-09,0,0,0.2146197782174284,0,13,balanced,Test
AST-1041,2024-11-10,0,0,0.36026360209409347,0,13,balanced,Test
AST-1042,2024-11-10,0,0,0.4526261961469767,0,13,balanced,Test
AST-2017,2024-11-10,0,0,0.3371105072786762,0,13,balanced,Test
AST-2031,2024-11-10,0,0,0.7139712879886251,1,13,balanced,Test
AST-3008,2024-11-10,0,0,0.4812255240458615,0,13,balanced,Test
AST-3019,2024-11-10,0,0,0.2964374981419101,0,13,balanced,Test
AST-4055,2024-11-10,0,0,0.48927468028751997,0,13,balanced,Test
AST-4061,2024-11-10,0,0,0.3227872182148,0,13,balanced,Test
AST-5003,2024-11-10,0,0,0.485502356365254,0,13,balanced,Test
AST-5007,2024-11-10,0,0,0.28849162603162704,0,13,balanced,Test
AST-1041,2024-11-11,10,0,0.5546061856163662,1,13,balanced,Test
AST-1042,2024-11-11,8,0,0.49370277281007074,0,13,balanced,Test
AST-2017,2024-11-11,7,0,0.4514569027826673,0,13,balanced,Test
AST-2031,2024-11-11,4,0,0.7904105075630492,1,13,balanced,Test
AST-3008,2024-11-11,4,0,0.4085798191292072,0,13,balanced,Test
AST-3019,2024-11-11,3,0,0.4329251667140483,0,13,balanced,Test
AST-4055,2024-11-11,8,0,0.6391712369109469,1,13,balanced,Test
AST-4061,2024-11-11,6,0,0.3439992855164232,0,13,balanced,Test
AST-5003,2024-11-11,8,0,0.6938829800304657,1,13,balanced,Test
AST-5007,2024-11-11,7,0,0.25162529152029206,0,13,balanced,Test
AST-1041,2024-11-12,14,1,0.8490153589528132,1,13,balanced,Test
AST-1042,2024-11-12,6,0,0.3923058178765067,0,13,balanced,Test
AST-2017,2024-11-12,7,0,0.4119533760599888,0,13,balanced,Test
AST-2031,2024-11-12,10,0,0.7561264793594322,1,13,balanced,Test
AST-3008,2024-11-12,11,0,0.4276362403333627,0,13,balanced,Test
AST-3019,2024-11-12,7,0,0.36238661328978156,0,13,balanced,Test
AST-4055,2024-11-12,13,1,0.5764653626336461,1,13,balanced,Test
AST-4061,2024-11-12,16,1,0.39838209816030606,0,13,balanced,Test
AST-5003,2024-11-12,9,0,0.5779141497239187,1,13,balanced,Test
AST-5007,2024-11-12,5,0,0.661636079549394,1,13,balanced,Test
AST-1041,2024-11-13,10,0,0.5499558978584799,1,13,balanced,Test
AST-1042,2024-11-13,7,0,0.5058234941519442,1,13,balanced,Test
AST-2017,2024-11-13,2,0,0.5271579135518448,1,13,balanced,Test
AST-2031,2024-11-13,4,0,0.7951677854294582,1,13,balanced,Test
AST-3008,2024-11-13,10,0,0.35880359437419307,0,13,balanced,Test
AST-3019,2024-11-13,7,0,0.7205519705952498,1,13,balanced,Test
AST-4055,2024-11-13,1,0,0.6444988160500549,1,13,balanced,Test
AST-4061,2024-11-13,13,1,0.3453156678193327,0,13,balanced,Test
AST-5003,2024-11-13,9,0,0.5968150397495532,1,13,balanced,Test
AST-5007,2024-11-13,0,0,0.35768774407883186,0,13,balanced,Test
AST-1041,2024-11-14,5,0,0.6092790112322848,1,13,balanced,Test
AST-1042,2024-11-14,3,0,0.5596995864376821,1,13,balanced,Test
AST-2017,2024-11-14,5,0,0.5049409181858049,1,13,balanced,Test
AST-2031,2024-11-14,8,0,0.7706126349214224,1,13,balanced,Test
AST-3008,2024-11-14,3,0,0.3360431890719171,0,13,balanced,Test
AST-3019,2024-11-14,11,0,0.45189841265018343,0,13,balanced,Test
AST-4055,2024-11-14,2,0,0.6616062935792222,1,13,balanced,Test
AST-4061,2024-11-14,2,0,0.40365840978192347,0,13,balanced,Test
AST-5003,2024-11-14,9,0,0.6155976511652609,1,13,balanced,Test
AST-5007,2024-11-14,9,0,0.3526249976092407,0,13,balanced,Test
AST-1041,2024-11-15,2,0,0.5480597694059192,1,13,balanced,Test
AST-1042,2024-11-15,5,0,0.5245087948302384,1,13,balanced,Test
AST-2017,2024-11-15,5,0,0.46365003408070915,0,13,balanced,Test
AST-2031,2024-11-15,6,0,0.8005982544164014,1,13,balanced,Test
AST-3008,2024-11-15,11,0,0.45100206352769184,0,13,balanced,Test
AST-3019,2024-11-15,2,0,0.3538733841273396,0,13,balanced,Test
AST-4055,2024-11-15,14,1,0.675211258463631,1,13,balanced,Test
AST-4061,2024-11-15,8,0,0.39263862887957734,0,13,balanced,Test
AST-5003,2024-11-15,10,0,0.5017670867591218,1,13,balanced,Test
AST-5007,2024-11-15,7,0,0.4039979994043145,0,13,balanced,Test
AST-1041,2024-11-16,0,0,0.4480248371067507,0,13,balanced,Test
AST-1042,2024-11-16,0,0,0.6157789020992853,1,13,balanced,Test
AST-2017,2024-11-16,0,0,0.4203976196105388,0,13,balanced,Test
AST-2031,2024-11-16,0,0,0.7519053717158514,1,13,balanced,Test
AST-3008,2024-11-16,0,0,0.2804303002822268,0,13,balanced,Test
AST-3019,2024-11-16,0,0,0.27143806959729516,0,13,balanced,Test
AST-4055,2024-11-16,0,0,0.6345526131538753,1,13,balanced,Test
AST-4061,2024-11-16,0,0,0.3022008148411026,0,13,balanced,Test
AST-5003,2024-11-16,0,0,0.41296896182728926,0,13,balanced,Test
AST-5007,2024-11-16,0,0,0.21379506387047628,0,13,balanced,Test
AST-1041,2024-11-17,0,0,0.3152081711008254,0,13,balanced,Test
AST-1042,2024-11-17,0,0,0.3836295611955774,0,13,balanced,Test
AST-2017,2024-11-17,0,0,0.297615816486171,0,13,balanced,Test
AST-2031,2024-11-17,0,0,0.6678437232125457,1,13,balanced,Test
AST-3008,2024-11-17,0,0,0.4778643401790561,0,13,balanced,Test
AST-3019,2024-11-17,0,0,0.2912930153454982,0,13,balanced,Test
AST-4055,2024-11-17,0,0,0.5309997759289043,1,13,balanced,Test
AST-4061,2024-11-17,0,0,0.19555477986631914,0,13,balanced,Test
AST-5003,2024-11-17,0,0,0.40028193625283204,0,13,balanced,Test
AST-5007,2024-11-17,0,0,0.24354695401091903,0,13,balanced,Test
AST-1041,2024-11-18,9,0,0.4933062370927625,0,13,balanced,Test
AST-1042,2024-11-18,9,0,0.48804446966360143,0,13,balanced,Test
AST-2017,2024-11-18,8,0,0.4322923370692292,0,13,balanced,Test
AST-2031,2024-11-18,7,0,0.7653126302503344,1,13,balanced,Test
AST-3008,2024-11-18,4,0,0.4529869643000593,0,13,balanced,Test
AST-3019,2024-11-18,6,0,0.35771812742334214,0,13,balanced,Test
AST-4055,2024-11-18,21,1,0.6551603853331776,1,13,balanced,Test
AST-4061,2024-11-18,5,0,0.4180625233608956,0,13,balanced,Test
AST-5003,2024-11-18,5,0,0.5168284657499643,1,13,balanced,Test
AST-5007,2024-11-18,7,0,0.27599782804411005,0,13,balanced,Test
AST-1041,2024-11-19,10,0,0.5177339044280761,1,13,balanced,Test
AST-1042,2024-11-19,11,0,0.5279573087849463,1,13,balanced,Test
AST-2017,2024-11-19,5,0,0.42849715663715804,0,13,balanced,Test
AST-2031,2024-11-19,10,0,0.7647346632177032,1,13,balanced,Test
AST-3008,2024-11-19,11,0,0.535394917906207,1,13,balanced,Test
AST-3019,2024-11-19,2,0,0.36704092469825356,0,13,balanced,Test
AST-4055,2024-11-19,11,0,0.6900511202424532,1,13,balanced,Test
AST-4061,2024-11-19,4,0,0.43403484091015915,0,13,balanced,Test
AST-5003,2024-11-19,10,0,0.5804718146782907,1,13,balanced,Test
AST-5007,2024-11-19,1,0,0.27461314577752566,0,13,balanced,Test
AST-1041,2024-11-20,12,0,0.4855300665428324,0,13,balanced,Test
AST-1042,2024-11-20,4,0,0.5217852172879864,1,13,balanced,Test
AST-2017,2024-11-20,6,0,0.3944050345992319,0,13,balanced,Test
AST-2031,2024-11-20,8,0,0.7914519828335476,1,13,balanced,Test
AST-3008,2024-11-20,8,0,0.6251511972984635,1,13,balanced,Test
AST-3019,2024-11-20,0,0,0.39867328216788045,0,13,balanced,Test
AST-4055,2024-11-20,3,0,0.6892921820626998,1,13,balanced,Test
AST-4061,2024-11-20,11,0,0.398261043400513,0,13,balanced,Test
AST-5003,2024-11-20,20,1,0.6251777044946834,1,13,balanced,Test
AST-5007,2024-11-20,0,0,0.3322423286314319,0,13,balanced,Test
AST-1041,2024-11-21,6,0,0.584958122014131,1,13,balanced,Test
AST-1042,2024-11-21,6,0,0.5002015502435702,1,13,balanced,Test
AST-2017,2024-11-21,9,0,0.4117708114448462,0,13,balanced,Test
AST-2031,2024-11-21,17,1,0.7597405194950722,1,13,balanced,Test
AST-3008,2024-11-21,4,0,0.3122014325964348,0,13,balanced,Test
AST-3019,2024-11-21,6,0,0.3616798409914845,0,13,balanced,Test
AST-4055,2024-11-21,8,0,0.636311756945765,1,13,balanced,Test
AST-4061,2024-11-21,4,0,0.327872315295432,0,13,balanced,Test
AST-5003,2024-11-21,12,0,0.5138631940338451,1,13,balanced,Test
AST-5007,2024-11-21,6,0,0.32731838018198434,0,13,balanced,Test
AST-1041,2024-11-22,12,0,0.5210822070005094,1,13,balanced,Test
AST-1042,2024-11-22,6,0,0.5601267956259415,1,13,balanced,Test
AST-2017,2024-11-22,7,0,0.4225432851452653,0,13,balanced,Test
AST-2031,2024-11-22,0,0,0.7751582684677447,1,13,balanced,Test
AST-3008,2024-11-22,2,0,0.4092479363229862,0,13,balanced,Test
AST-3019,2024-11-22,4,0,0.41599831012823535,0,13,balanced,Test
AST-4055,2024-11-22,9,0,0.6378903947353131,1,13,balanced,Test
AST-4061,2024-11-22,6,0,0.45057018526695786,0,13,balanced,Test
AST-5003,2024-11-22,15,1,0.6185111298766326,1,13,balanced,Test
AST-5007,2024-11-22,2,0,0.28386710483896455,0,13,balanced,Test
AST-1041,2024-11-23,0,0,0.4304714606473446,0,13,balanced,Test
AST-1042,2024-11-23,0,0,0.4228798940832943,0,13,balanced,Test
AST-2017,2024-11-23,0,0,0.29617557783616033,0,13,balanced,Test
AST-2031,2024-11-23,0,0,0.6170462970426792,1,13,balanced,Test
AST-3008,2024-11-23,0,0,0.33983315647902235,0,13,balanced,Test
AST-3019,2024-11-23,0,0,0.28932899720620603,0,13,balanced,Test
AST-4055,2024-11-23,0,0,0.5842482557991023,1,13,balanced,Test
AST-4061,2024-11-23,0,0,0.23392599311863124,0,13,balanced,Test
AST-5003,2024-11-23,0,0,0.41976015397449123,0,13,balanced,Test
AST-5007,2024-11-23,0,0,0.20979748522249791,0,13,balanced,Test
AST-1041,2024-11-24,0,0,0.4156634197045661,0,13,balanced,Test
AST-1042,2024-11-24,0,0,0.39972400484651666,0,13,balanced,Test
AST-2017,2024-11-24,0,0,0.3364906492328582,0,13,balanced,Test
AST-2031,2024-11-24,0,0,0.7400192656723262,1,13,balanced,Test
AST-3008,2024-11-24,0,0,0.3584811048586702,0,13,balanced,Test
AST-3019,2024-11-24,0,0,0.3389117316867132,0,13,balanced,Test
AST-4055,2024-11-24,0,0,0.4438984694197335,0,13,balanced,Test
AST-4061,2024-11-24,0,0,0.2414509493143994,0,13,balanced,Test
AST-5003,2024-11-24,0,0,0.39363452311210545,0,13,balanced,Test
AST-5007,2024-11-24,0,0,0.2746845385936504,0,13,balanced,Test
AST-1041,2024-11-25,4,0,0.5002477529930474,1,13,balanced,Test
AST-1042,2024-11-25,6,0,0.5266872824690412,1,13,balanced,Test
AST-2017,2024-11-25,5,0,0.49012740981914116,0,13,balanced,Test
AST-2031,2024-11-25,8,0,0.7951451900265639,1,13,balanced,Test
AST-3008,2024-11-25,3,0,0.39029664973971595,0,13,balanced,Test
AST-3019,2024-11-25,8,0,0.4498566488044434,0,13,balanced,Test
AST-4055,2024-11-25,7,0,0.6703953869112901,1,13,balanced,Test
AST-4061,2024-11-25,4,0,0.3006982704782046,0,13,balanced,Test
AST-5003,2024-11-25,9,0,0.5702227483160129,1,13,balanced,Test
AST-5007,2024-11-25,6,0,0.3434973347115584,0,13,balanced,Test
AST-1041,2024-11-26,2,0,0.5580033597579575,1,13,balanced,Test
AST-1042,2024-11-26,4,0,0.5095272485477208,1,13,balanced,Test
AST-2017,2024-11-26,4,0,0.45615875957260343,0,13,balanced,Test
AST-2031,2024-11-26,8,0,0.7584363540306793,1,13,balanced,Test
AST-3008,2024-11-26,5,0,0.42626668120727945,0,13,balanced,Test
AST-3019,2024-11-26,5,0,0.3740514997883514,0,13,balanced,Test
AST-4055,2024-11-26,15,1,0.5903762241625602,1,13,balanced,Test
AST-4061,2024-11-26,3,0,0.3953854712923858,0,13,balanced,Test
AST-5003,2024-11-26,9,0,0.6360909275265181,1,13,balanced,Test
AST-5007,2024-11-26,10,0,0.3385096699832029,0,13,balanced,Test
AST-1041,2024-11-27,6,0,0.550381998860616,1,13,balanced,Test
AST-1042,2024-11-27,4,0,0.5477575230184955,1,13,balanced,Test
AST-2017,2024-11-27,11,0,0.4959072323471865,0,13,balanced,Test
AST-2031,2024-11-27,15,1,0.7450323214199556,1,13,balanced,Test
AST-3008,2024-11-27,5,0,0.43508447552031027,0,13,balanced,Test
AST-3019,2024-11-27,6,0,0.40244164243698394,0,13,balanced,Test
AST-4055,2024-11-27,2,0,0.633579810368104,1,13,balanced,Test
AST-4061,2024-11-27,6,0,0.3334078260991133,0,13,balanced,Test
AST-5003,2024-11-27,15,1,0.5084911322697825,1,13,balanced,Test
AST-5007,2024-11-27,10,0,0.30337550706716093,0,13,balanced,Test
AST-1041,2024-11-28,11,0,0.6322013788475019,1,13,balanced,Test
AST-1042,2024-11-28,8,0,0.558149279345718,1,13,balanced,Test
AST-2017,2024-11-28,11,0,0.4712528244022935,0,13,balanced,Test
AST-2031,2024-11-28,9,0,0.7626574395083691,1,13,balanced,Test
AST-3008,2024-11-28,4,0,0.3841107527233575,0,13,balanced,Test
AST-3019,2024-11-28,6,0,0.41847163128328113,0,13,balanced,Test
AST-4055,2024-11-28,8,0,0.6610001028232078,1,13,balanced,Test
AST-4061,2024-11-28,6,0,0.31064593346668534,0,13,balanced,Test
AST-5003,2024-11-28,12,0,0.577463199495221,1,13,balanced,Test
AST-5007,2024-11-28,9,0,0.33142765602788987,0,13,balanced,Test
AST-1041,2024-11-29,8,0,0.4726222310569812,0,13,balanced,Test
AST-1042,2024-11-29,2,0,0.5220051770371352,1,13,balanced,Test
AST-2017,2024-11-29,8,0,0.4660064978409368,0,13,balanced,Test
AST-2031,2024-11-29,10,0,0.7863580471114499,1,13,balanced,Test
AST-3008,2024-11-29,0,0,0.3930842446692557,0,13,balanced,Test
AST-3019,2024-11-29,6,0,0.36813471857954494,0,13,balanced,Test
AST-4055,2024-11-29,13,1,0.6468185057240031,1,13,balanced,Test
AST-4061,2024-11-29,6,0,0.4222205331558126,0,13,balanced,Test
AST-5003,2024-11-29,11,0,0.6283864829177083,1,13,balanced,Test
AST-5007,2024-11-29,0,0,0.41612337898229695,0,13,balanced,Test
AST-1041,2024-11-30,0,0,0.33924122846901106,0,13,balanced,Test
AST-1042,2024-11-30,0,0,0.5223149020654465,1,13,balanced,Test
AST-2017,2024-11-30,0,0,0.3330163515637422,0,13,balanced,Test
AST-2031,2024-11-30,0,0,0.7222118173174086,1,13,balanced,Test
AST-3008,2024-11-30,0,0,0.24068447605221355,0,13,balanced,Test
AST-3019,2024-11-30,0,0,0.34732616838331026,0,13,balanced,Test
AST-4055,2024-11-30,0,0,0.5428129499201855,1,13,balanced,Test
AST-4061,2024-11-30,0,0,0.23244237448303634,0,13,balanced,Test
AST-5003,2024-11-30,0,0,0.4715964523967873,0,13,balanced,Test
AST-5007,2024-11-30,0,0,0.30011613383341224,0,13,balanced,Test
AST-1041,2024-12-01,0,0,0.3506935307685832,0,13,balanced,Test
AST-1042,2024-12-01,0,0,0.41629929540288496,0,13,balanced,Test
AST-2017,2024-12-01,0,0,0.3712220621408055,0,13,balanced,Test
AST-2031,2024-12-01,0,0,0.7673203764863181,1,13,balanced,Test
AST-3008,2024-12-01,0,0,0.23367176163505413,0,13,balanced,Test
AST-3019,2024-12-01,0,0,0.2532814380838297,0,13,balanced,Test
AST-4055,2024-12-01,0,0,0.5296357486176814,1,13,balanced,Test
AST-4061,2024-12-01,0,0,0.289034759851504,0,13,balanced,Test
AST-5003,2024-12-01,0,0,0.38800743243725705,0,13,balanced,Test
AST-5007,2024-12-01,0,0,0.29945310565664374,0,13,balanced,Test
AST-1041,2024-12-02,7,0,0.5159480218180392,1,13,balanced,Test
AST-1042,2024-12-02,12,0,0.5062494038015475,1,13,balanced,Test
AST-2017,2024-12-02,11,0,0.4875636646325926,0,13,balanced,Test
AST-2031,2024-12-02,2,0,0.7832838289804067,1,13,balanced,Test
AST-3008,2024-12-02,12,0,0.428820743358842,0,13,balanced,Test
AST-3019,2024-12-02,4,0,0.36250623544339433,0,13,balanced,Test
AST-4055,2024-12-02,7,0,0.6719233835331152,1,13,balanced,Test
AST-4061,2024-12-02,9,0,0.411730138020266,0,13,balanced,Test
AST-5003,2024-12-02,6,0,0.5942781456410929,1,13,balanced,Test
AST-5007,2024-12-02,5,0,0.39683747629798105,0,13,balanced,Test
AST-1041,2024-12-03,7,0,0.5572934717248043,1,13,balanced,Test
AST-1042,2024-12-03,4,0,0.4689749458751123,0,13,balanced,Test
AST-2017,2024-12-03,10,0,0.48185697467363564,0,13,balanced,Test
AST-2031,2024-12-03,4,0,0.7693413527135577,1,13,balanced,Test
AST-3008,2024-12-03,2,0,0.42371386985928,0,13,balanced,Test
AST-3019,2024-12-03,0,0,0.39395685532182784,0,13,balanced,Test
AST-4055,2024-12-03,13,1,0.586353973500944,1,13,balanced,Test
AST-4061,2024-12-03,12,0,0.3921032436832859,0,13,balanced,Test
AST-5003,2024-12-03,9,0,0.5895792887819116,1,13,balanced,Test
AST-5007,2024-12-03,3,0,0.33117151667694417,0,13,balanced,Test
AST-1041,2024-12-04,4,0,0.5671500622547155,1,13,balanced,Test
AST-1042,2024-12-04,8,0,0.5790655317082453,1,13,balanced,Test
AST-2017,2024-12-04,17,1,0.5000257317359418,1,13,balanced,Test
AST-2031,2024-12-04,10,0,0.8136325681963079,1,13,balanced,Test
AST-3008,2024-12-04,4,0,0.3801117012801035,0,13,balanced,Test
AST-3019,2024-12-04,6,0,0.3832970856503201,0,13,balanced,Test
AST-4055,2024-12-04,10,0,0.5881146099228775,1,13,balanced,Test
AST-4061,2024-12-04,4,0,0.40585438918154637,0,13,balanced,Test
AST-5003,2024-12-04,8,0,0.5856130923958865,1,13,balanced,Test
AST-5007,2024-12-04,12,0,0.3314869306238426,0,13,balanced,Test
AST-1041,2024-12-05,5,0,0.5309835809017854,1,13,balanced,Test
AST-1042,2024-12-05,4,0,0.5262203300993398,1,13,balanced,Test
AST-2017,2024-12-05,5,0,0.47045581174958345,0,13,balanced,Test
AST-2031,2024-12-05,7,0,0.832129298300353,1,13,balanced,Test
AST-3008,2024-12-05,9,0,0.4331102238087551,0,13,balanced,Test
AST-3019,2024-12-05,18,1,0.3946554760563218,0,13,balanced,Test
AST-4055,2024-12-05,6,0,0.6324148538380369,1,13,balanced,Test
AST-4061,2024-12-05,10,0,0.4092365967462466,0,13,balanced,Test
AST-5003,2024-12-05,8,0,0.5870680158506157,1,13,balanced,Test
AST-5007,2024-12-05,9,0,0.32490988432536155,0,13,balanced,Test
AST-1041,2024-12-06,6,0,0.5625472269077938,1,13,balanced,Test
AST-1042,2024-12-06,10,0,0.45513257822123865,0,13,balanced,Test
AST-2017,2024-12-06,15,1,0.5654085866858622,1,13,balanced,Test
AST-2031,2024-12-06,6,0,0.7659562746956117,1,13,balanced,Test
AST-3008,2024-12-06,4,0,0.41310776714515995,0,13,balanced,Test
AST-3019,2024-12-06,2,0,0.32712691970079727,0,13,balanced,Test
AST-4055,2024-12-06,5,0,0.6519622804857814,1,13,balanced,Test
AST-4061,2024-12-06,4,0,0.35227014384979666,0,13,balanced,Test
AST-5003,2024-12-06,9,0,0.5114122173196003,1,13,balanced,Test
AST-5007,2024-12-06,0,0,0.33174098451727996,0,13,balanced,Test
AST-1041,2024-12-07,0,0,0.4335460697847767,0,13,balanced,Test
AST-1042,2024-12-07,0,0,0.3932080387042005,0,13,balanced,Test
AST-2017,2024-12-07,0,0,0.3702380240238842,0,13,balanced,Test
AST-2031,2024-12-07,0,0,0.6930532620834545,1,13,balanced,Test
AST-3008,2024-12-07,0,0,0.27678793387000716,0,13,balanced,Test
AST-3019,2024-12-07,0,0,0.300838393490644,0,13,balanced,Test
AST-4055,2024-12-07,0,0,0.5786530419019972,1,13,balanced,Test
AST-4061,2024-12-07,0,0,0.6191721070659659,1,13,balanced,Test
AST-5003,2024-12-07,0,0,0.4763067182246206,0,13,balanced,Test
AST-5007,2024-12-07,0,0,0.29114603370310066,0,13,balanced,Test
AST-1041,2024-12-08,0,0,0.41194825015764,0,13,balanced,Test
AST-1042,2024-12-08,0,0,0.4771140508682639,0,13,balanced,Test
AST-2017,2024-12-08,0,0,0.3284857887680929,0,13,balanced,Test
AST-2031,2024-12-08,0,0,0.6873897430104322,1,13,balanced,Test
AST-3008,2024-12-08,0,0,0.25045321477007787,0,13,balanced,Test
AST-3019,2024-12-08,0,0,0.24396628706251225,0,13,balanced,Test
AST-4055,2024-12-08,0,0,0.681830995057879,1,13,balanced,Test
AST-4061,2024-12-08,0,0,0.30398791766679595,0,13,balanced,Test
AST-5003,2024-12-08,0,0,0.42522174735973506,0,13,balanced,Test
AST-5007,2024-12-08,0,0,0.2744664654080835,0,13,balanced,Test
AST-1041,2024-12-09,4,0,0.5915028976531022,1,13,balanced,Test
AST-1042,2024-12-09,7,0,0.5668025764374343,1,13,balanced,Test
AST-2017,2024-12-09,4,0,0.43354735482072465,0,13,balanced,Test
AST-2031,2024-12-09,3,0,0.769381668320368,1,13,balanced,Test
AST-3008,2024-12-09,4,0,0.44565503100903586,0,13,balanced,Test
AST-3019,2024-12-09,2,0,0.6407557244483024,1,13,balanced,Test
AST-4055,2024-12-09,3,0,0.6686900404811004,1,13,balanced,Test
AST-4061,2024-12-09,24,1,0.3768092923241358,0,13,balanced,Test
AST-5003,2024-12-09,12,0,0.5756508709874465,1,13,balanced,Test
AST-5007,2024-12-09,12,0,0.3902652394841175,0,13,balanced,Test
AST-1041,2024-12-10,4,0,0.5483609833280136,1,13,balanced,Test
AST-1042,2024-12-10,24,1,0.5882810096350773,1,13,balanced,Test
AST-2017,2024-12-10,18,1,0.48667060643493254,0,13,balanced,Test
AST-2031,2024-12-10,7,0,0.7558742226750182,1,13,balanced,Test
AST-3008,2024-12-10,10,0,0.36727178298672347,0,13,balanced,Test
AST-3019,2024-12-10,3,0,0.6576513237731447,1,13,balanced,Test
AST-4055,2024-12-10,20,1,0.586894142670366,1,13,balanced,Test
AST-4061,2024-12-10,8,0,0.3718410614008489,0,13,balanced,Test
AST-5003,2024-12-10,6,0,0.4896375151199361,0,13,balanced,Test
AST-5007,2024-12-10,2,0,0.3237874087703701,0,13,balanced,Test
AST-1041,2024-12-11,6,0,0.508983869782616,1,13,balanced,Test
AST-1042,2024-12-11,0,0,0.4964308102034591,0,13,balanced,Test
AST-2017,2024-12-11,13,1,0.4043703870440857,0,13,balanced,Test
AST-2031,2024-12-11,8,0,0.7629547561738464,1,13,balanced,Test
AST-3008,2024-12-11,9,0,0.381097571804917,0,13,balanced,Test
AST-3019,2024-12-11,16,1,0.37667684372067234,0,13,balanced,Test
AST-4055,2024-12-11,3,0,0.6563546040003359,1,13,balanced,Test
AST-4061,2024-12-11,3,0,0.46219072938003947,0,13,balanced,Test
AST-5003,2024-12-11,3,0,0.4635629071095338,0,13,balanced,Test
AST-5007,2024-12-11,3,0,0.3553958928666166,0,13,balanced,Test
AST-1041,2024-12-12,12,0,0.5718813688639013,1,13,balanced,Test
AST-1042,2024-12-12,14,1,0.572376575668892,1,13,balanced,Test
AST-2017,2024-12-12,11,0,0.4522541427907577,0,13,balanced,Test
AST-2031,2024-12-12,4,0,0.7905056497553856,1,13,balanced,Test
AST-3008,2024-12-12,10,0,0.4559754177523101,0,13,balanced,Test
AST-3019,2024-12-12,6,0,0.38473249866343084,0,13,balanced,Test
AST-4055,2024-12-12,10,0,0.6184962368097062,1,13,balanced,Test
AST-4061,2024-12-12,18,1,0.44209155683958923,0,13,balanced,Test
AST-5003,2024-12-12,10,0,0.5163360638009972,1,13,balanced,Test
AST-5007,2024-12-12,2,0,0.3534773898064482,0,13,balanced,Test
AST-1041,2024-12-13,1,0,0.5369577796949058,1,13,balanced,Test
AST-1042,2024-12-13,10,0,0.6294728723089263,1,13,balanced,Test
AST-2017,2024-12-13,11,0,0.4442742456270532,0,13,balanced,Test
AST-2031,2024-12-13,4,0,0.7351606070669824,1,13,balanced,Test
AST-3008,2024-12-13,7,0,0.43333661815016805,0,13,balanced,Test
AST-3019,2024-12-13,8,0,0.37360218410105844,0,13,balanced,Test
AST-4055,2024-12-13,12,0,0.6494651874178372,1,13,balanced,Test
AST-4061,2024-12-13,4,0,0.3590878601773741,0,13,balanced,Test
AST-5003,2024-12-13,9,0,0.5510542819051094,1,13,balanced,Test
AST-5007,2024-12-13,2,0,0.40511798167738733,0,13,balanced,Test
AST-1041,2024-12-14,0,0,0.3609093555435294,0,13,balanced,Test
AST-1042,2024-12-14,0,0,0.37658868780209015,0,13,balanced,Test
AST-2017,2024-12-14,0,0,0.35015945574521334,0,13,balanced,Test
AST-2031,2024-12-14,0,0,0.6705321933901478,1,13,balanced,Test
AST-3008,2024-12-14,0,0,0.29106450268845496,0,13,balanced,Test
AST-3019,2024-12-14,0,0,0.2643097067962865,0,13,balanced,Test
AST-4055,2024-12-14,0,0,0.5216505546021744,1,13,balanced,Test
AST-4061,2024-12-14,0,0,0.3128016236367484,0,13,balanced,Test
AST-5003,2024-12-14,0,0,0.5176876111599218,1,13,balanced,Test
AST-5007,2024-12-14,0,0,0.17793482394307272,0,13,balanced,Test
AST-1041,2024-12-15,0,0,0.4523074431651778,0,13,balanced,Test
AST-1042,2024-12-15,0,0,0.41110002776293736,0,13,balanced,Test
AST-2017,2024-12-15,0,0,0.3456375381672892,0,13,balanced,Test
AST-2031,2024-12-15,0,0,0.7416044190420613,1,13,balanced,Test
AST-3008,2024-12-15,0,0,0.27577945892757333,0,13,balanced,Test
AST-3019,2024-12-15,0,0,0.26738173481097993,0,13,balanced,Test
AST-4055,2024-12-15,0,0,0.5067057987677851,1,13,balanced,Test
AST-4061,2024-12-15,0,0,0.2693592077924987,0,13,balanced,Test
AST-5003,2024-12-15,0,0,0.4050008152040354,0,13,balanced,Test
AST-5007,2024-12-15,0,0,0.27240132046128923,0,13,balanced,Test
AST-1041,2024-12-16,10,0,0.4513732506372452,0,13,balanced,Test
AST-1042,2024-12-16,6,0,0.482323447923628,0,13,balanced,Test
AST-2017,2024-12-16,6,0,0.4094874362088481,0,13,balanced,Test
AST-2031,2024-12-16,6,0,0.7877707313288312,1,13,balanced,Test
AST-3008,2024-12-16,12,0,0.434023182425727,0,13,balanced,Test
AST-3019,2024-12-16,11,0,0.3563682276117789,0,13,balanced,Test
AST-4055,2024-12-16,10,0,0.6890419354954591,1,13,balanced,Test
AST-4061,2024-12-16,0,0,0.43057579647572825,0,13,balanced,Test
AST-5003,2024-12-16,1,0,0.6295825392542584,1,13,balanced,Test
AST-5007,2024-12-16,6,0,0.3417360236195851,0,13,balanced,Test
AST-1041,2024-12-17,4,0,0.5455420619913429,1,13,balanced,Test
AST-1042,2024-12-17,4,0,0.5310480423744827,1,13,balanced,Test
AST-2017,2024-12-17,15,1,0.4218609485818539,0,13,balanced,Test
AST-2031,2024-12-17,12,0,0.7849683343670313,1,13,balanced,Test
AST-3008,2024-12-17,4,0,0.40915867050258703,0,13,balanced,Test
AST-3019,2024-12-17,7,0,0.43628550019921025,0,13,balanced,Test
AST-4055,2024-12-17,10,0,0.7175347730902492,1,13,balanced,Test
AST-4061,2024-12-17,8,0,0.4051603465092178,0,13,balanced,Test
AST-5003,2024-12-17,0,0,0.6046013094966946,1,13,balanced,Test
AST-5007,2024-12-17,4,0,0.3191970355038031,0,13,balanced,Test
AST-1041,2024-12-18,5,0,0.48556503533764417,0,13,balanced,Test
AST-1042,2024-12-18,6,0,0.5437964705624911,1,13,balanced,Test
AST-2017,2024-12-18,16,1,0.5183056851235636,1,13,balanced,Test
AST-2031,2024-12-18,10,0,0.7958317632094332,1,13,balanced,Test
AST-3008,2024-12-18,6,0,0.7353382661716414,1,13,balanced,Test
AST-3019,2024-12-18,8,0,0.4063916409713808,0,13,balanced,Test
AST-4055,2024-12-18,9,0,0.635440600599199,1,13,balanced,Test
AST-4061,2024-12-18,10,0,0.40619063077001744,0,13,balanced,Test
AST-5003,2024-12-18,4,0,0.500765323763485,1,13,balanced,Test
AST-5007,2024-12-18,2,0,0.3335581717235192,0,13,balanced,Test
AST-1041,2024-12-19,6,0,0.5385508808933848,1,13,balanced,Test
AST-1042,2024-12-19,10,0,0.556341611295473,1,13,balanced,Test
AST-2017,2024-12-19,3,0,0.5332682732826525,1,13,balanced,Test
AST-2031,2024-12-19,0,0,0.7571385515614188,1,13,balanced,Test
AST-3008,2024-12-19,9,0,0.6490009685061718,1,13,balanced,Test
AST-3019,2024-12-19,8,0,0.34918122434859705,0,13,balanced,Test
AST-4055,2024-12-19,11,0,0.6743013192099812,1,13,balanced,Test
AST-4061,2024-12-19,7,0,0.4411712537045473,0,13,balanced,Test
AST-5003,2024-12-19,10,0,0.593335429943665,1,13,balanced,Test
AST-5007,2024-12-19,16,1,0.28949410742985904,0,13,balanced,Test
AST-1041,2024-12-20,4,0,0.5532352836734025,1,13,balanced,Test
AST-1042,2024-12-20,4,0,0.5313333976840608,1,13,balanced,Test
AST-2017,2024-12-20,8,0,0.47973131478179176,0,13,balanced,Test
AST-2031,2024-12-20,14,1,0.6513598450725021,1,13,balanced,Test
AST-3008,2024-12-20,6,0,0.7370459140207262,1,13,balanced,Test
AST-3019,2024-12-20,6,0,0.3813803535454904,0,13,balanced,Test
AST-4055,2024-12-20,10,0,0.6362815891687876,1,13,balanced,Test
AST-4061,2024-12-20,6,0,0.43358500255685645,0,13,balanced,Test
AST-5003,2024-12-20,10,0,0.5560766278484671,1,13,balanced,Test
AST-5007,2024-12-20,6,0,0.3863419216940757,0,13,balanced,Test
AST-1041,2024-12-21,0,0,0.34607404633430544,0,13,balanced,Test
AST-1042,2024-12-21,0,0,0.3975958252205779,0,13,balanced,Test
AST-2017,2024-12-21,0,0,0.3457513180887587,0,13,balanced,Test
AST-2031,2024-12-21,0,0,0.645224552850961,1,13,balanced,Test
AST-3008,2024-12-21,0,0,0.2759170662631266,0,13,balanced,Test
AST-3019,2024-12-21,0,0,0.27721419943396985,0,13,balanced,Test
AST-4055,2024-12-21,0,0,0.5361747098406869,1,13,balanced,Test
AST-4061,2024-12-21,0,0,0.26691062798568915,0,13,balanced,Test
AST-5003,2024-12-21,0,0,0.40865319315466087,0,13,balanced,Test
AST-5007,2024-12-21,0,0,0.28672982042966133,0,13,balanced,Test
AST-1041,2024-12-22,0,0,0.353554834859739,0,13,balanced,Test
AST-1042,2024-12-22,0,0,0.41250558230110224,0,13,balanced,Test
AST-2017,2024-12-22,0,0,0.3767689045791158,0,13,balanced,Test
AST-2031,2024-12-22,0,0,0.7226373029262164,1,13,balanced,Test
AST-3008,2024-12-22,0,0,0.2837198518340436,0,13,balanced,Test
AST-3019,2024-12-22,0,0,0.2864145497486941,0,13,balanced,Test
AST-4055,2024-12-22,0,0,0.6224875966070084,1,13,balanced,Test
AST-4061,2024-12-22,0,0,0.2764207356868301,0,13,balanced,Test
AST-5003,2024-12-22,0,0,0.43778440474351904,0,13,balanced,Test
AST-5007,2024-12-22,0,0,0.24498927343306606,0,13,balanced,Test
AST-1041,2024-12-23,6,0,0.5516071644839515,1,13,balanced,Test
AST-1042,2024-12-23,2,0,0.48153727203373536,0,13,balanced,Test
AST-2017,2024-12-23,17,1,0.7322822802674743,1,13,balanced,Test
AST-2031,2024-12-23,3,0,0.7536906727207345,1,13,balanced,Test
AST-3008,2024-12-23,4,0,0.40629175226934783,0,13,balanced,Test
AST-3019,2024-12-23,7,0,0.42928143137854524,0,13,balanced,Test
AST-4055,2024-12-23,6,0,0.6433769357022887,1,13,balanced,Test
AST-4061,2024-12-23,12,0,0.387444918187682,0,13,balanced,Test
AST-5003,2024-12-23,11,0,0.5356348395979069,1,13,balanced,Test
AST-5007,2024-12-23,2,0,0.36008562651074993,0,13,balanced,Test
AST-1041,2024-12-24,18,1,0.6286876095647588,1,13,balanced,Test
AST-1042,2024-12-24,6,0,0.5282106258333366,1,13,balanced,Test
AST-2017,2024-12-24,10,0,0.42908853016836673,0,13,balanced,Test
AST-2031,2024-12-24,2,0,0.8076537337816372,1,13,balanced,Test
AST-3008,2024-12-24,6,0,0.41051150977759937,0,13,balanced,Test
AST-3019,2024-12-24,4,0,0.3561790415098822,0,13,balanced,Test
AST-4055,2024-12-24,14,1,0.6529157012973652,1,13,balanced,Test
AST-4061,2024-12-24,5,0,0.3442380616484345,0,13,balanced,Test
AST-5003,2024-12-24,2,0,0.4576503710914282,0,13,balanced,Test
AST-5007,2024-12-24,12,0,0.4130048137745127,0,13,balanced,Test
AST-1041,2024-12-25,4,0,0.5948709531236381,1,13,balanced,Test
AST-1042,2024-12-25,4,0,0.4725478773002309,0,13,balanced,Test
AST-2017,2024-12-25,12,0,0.4415620848744865,0,13,balanced,Test
AST-2031,2024-12-25,15,1,0.8029933494234619,1,13,balanced,Test
AST-3008,2024-12-25,8,0,0.43325940328700147,0,13,balanced,Test
AST-3019,2024-12-25,12,0,0.37865720633481786,0,13,balanced,Test
AST-4055,2024-12-25,10,0,0.6641357438282377,1,13,balanced,Test
AST-4061,2024-12-25,1,0,0.3850659158444901,0,13,balanced,Test
AST-5003,2024-12-25,11,0,0.5053012599513711,1,13,balanced,Test
AST-5007,2024-12-25,10,0,0.31525153890193247,0,13,balanced,Test
AST-1041,2024-12-26,2,0,0.5374542631623753,1,13,balanced,Test
AST-1042,2024-12-26,4,0,0.5312815989825882,1,13,balanced,Test
AST-2017,2024-12-26,19,1,0.45780703141487045,0,13,balanced,Test
AST-2031,2024-12-26,8,0,0.7705617575502832,1,13,balanced,Test
AST-3008,2024-12-26,2,0,0.3843268465404582,0,13,balanced,Test
AST-3019,2024-12-26,0,0,0.4118043332334382,0,13,balanced,Test
AST-4055,2024-12-26,14,1,0.7121856218120723,1,13,balanced,Test
AST-4061,2024-12-26,6,0,0.44887548484837725,0,13,balanced,Test
AST-5003,2024-12-26,1,0,0.5240395408659227,1,13,balanced,Test
AST-5007,2024-12-26,7,0,0.3416217524796359,0,13,balanced,Test
AST-1041,2024-12-27,7,0,0.5233392285895525,1,13,balanced,Test
AST-1042,2024-12-27,8,0,0.5407660258599675,1,13,balanced,Test
AST-2017,2024-12-27,11,0,0.4101869773024734,0,13,balanced,Test
AST-2031,2024-12-27,8,0,0.7689786003078181,1,13,balanced,Test
AST-3008,2024-12-27,3,0,0.38542459441845006,0,13,balanced,Test
AST-3019,2024-12-27,8,0,0.32327416126823844,0,13,balanced,Test
AST-4055,2024-12-27,12,0,0.6471260823448132,1,13,balanced,Test
AST-4061,2024-12-27,18,1,0.5027129957814667,1,13,balanced,Test
AST-5003,2024-12-27,16,1,0.5538939713339505,1,13,balanced,Test
AST-5007,2024-12-27,1,0,0.31452063572716943,0,13,balanced,Test
AST-1041,2024-12-28,0,0,0.36110769528543835,0,13,balanced,Test
AST-1042,2024-12-28,0,0,0.41237503995059416,0,13,balanced,Test
AST-2017,2024-12-28,0,0,0.3161766773163401,0,13,balanced,Test
AST-2031,2024-12-28,0,0,0.6830731286206735,1,13,balanced,Test
AST-3008,2024-12-28,0,0,0.28145848916597904,0,13,balanced,Test
AST-3019,2024-12-28,0,0,0.33203382473326015,0,13,balanced,Test
AST-4055,2024-12-28,0,0,0.5638831315492153,1,13,balanced,Test
AST-4061,2024-12-28,0,0,0.5417793242271091,1,13,balanced,Test
AST-5003,2024-12-28,0,0,0.4533370054694771,0,13,balanced,Test
AST-5007,2024-12-28,0,0,0.3001458259849039,0,13,balanced,Test
AST-1041,2024-12-29,0,0,0.3290038134401398,0,13,balanced,Test
AST-1042,2024-12-29,0,0,0.36819942145780454,0,13,balanced,Test
AST-2017,2024-12-29,0,0,0.33658926789330545,0,13,balanced,Test
AST-2031,2024-12-29,0,0,0.7048336893241987,1,13,balanced,Test
AST-3008,2024-12-29,0,0,0.25068801840890914,0,13,balanced,Test
AST-3019,2024-12-29,0,0,0.25477476472799954,0,13,balanced,Test
AST-4055,2024-12-29,0,0,0.573766194773911,1,13,balanced,Test
AST-4061,2024-12-29,0,0,0.2624554930100572,0,13,balanced,Test
AST-5003,2024-12-29,0,0,0.42402329097124114,0,13,balanced,Test
AST-5007,2024-12-29,0,0,0.2631905726782101,0,13,balanced,Test
AST-1041,2024-12-30,4,0,0.7974656624806009,1,13,balanced,Test
AST-1042,2024-12-30,2,0,0.5704843630871607,1,13,balanced,Test
AST-2017,2024-12-30,7,0,0.4699814269186533,0,13,balanced,Test
AST-2031,2024-12-30,2,0,0.770923923265959,1,13,balanced,Test
AST-3008,2024-12-30,0,0,0.4617837813789922,0,13,balanced,Test
AST-3019,2024-12-30,0,0,0.4657990879840476,0,13,balanced,Test
AST-4055,2024-12-30,11,0,0.7020741463238234,1,13,balanced,Test
AST-4061,2024-12-30,8,0,0.7040075442316162,1,13,balanced,Test
AST-5003,2024-12-30,10,0,0.5991662340647924,1,13,balanced,Test
AST-5007,2024-12-30,6,0,0.3321837889605342,0,13,balanced,Test
AST-1041,2024-12-31,1,0,0.5002139845601947,1,13,balanced,Test
AST-1042,2024-12-31,5,0,0.5032124448749559,1,13,balanced,Test
AST-2017,2024-12-31,12,0,0.4805466704297855,0,13,balanced,Test
AST-2031,2024-12-31,11,0,0.7051868919585462,1,13,balanced,Test
AST-3008,2024-12-31,4,0,0.4843365452415927,0,13,balanced,Test
AST-3019,2024-12-31,12,0,0.4103511830212668,0,13,balanced,Test
AST-4055,2024-12-31,10,0,0.649884924365474,1,13,balanced,Test
AST-4061,2024-12-31,7,0,0.28598220800278634,0,13,balanced,Test
AST-5003,2024-12-31,10,0,0.6353340187253033,1,13,balanced,Test
AST-5007,2024-12-31,3,0,0.38588243250335075,0,13,balanced,Test
AST-1041,2025-01-01,6,0,0.5915405575096903,1,13,balanced,Test
AST-1042,2025-01-01,10,0,0.5018430314388687,1,13,balanced,Test
AST-2017,2025-01-01,6,0,0.4729600121237171,0,13,balanced,Test
AST-2031,2025-01-01,17,1,0.7840301269698454,1,13,balanced,Test
AST-3008,2025-01-01,7,0,0.4875282448402033,0,13,balanced,Test
AST-3019,2025-01-01,8,0,0.36649524538327327,0,13,balanced,Test
AST-4055,2025-01-01,11,0,0.6855471132222702,1,13,balanced,Test
AST-4061,2025-01-01,9,0,0.659185247701517,1,13,balanced,Test
AST-5003,2025-01-01,6,0,0.6051477465511854,1,13,balanced,Test
AST-5007,2025-01-01,8,0,0.3987228751295801,0,13,balanced,Test
