transaction_date,asset_tag,machine_type,plant_code,failed_A,failed_B,failed_C,failed_parts,severity_score,severity_7,severity_10,severity_11,severity_12,severity_13,severity_14
2022-01-03,AST-3008,Belt Conveyor,CHN-02,1,0,1,2,5,0,0,0,0,0,0
2022-01-04,AST-3008,Belt Conveyor,CHN-02,2,1,0,3,10,1,1,0,0,0,0
2022-01-05,AST-3008,Belt Conveyor,CHN-02,2,0,1,3,9,1,0,0,0,0,0
2022-01-06,AST-3008,Belt Conveyor,CHN-02,0,1,0,1,2,0,0,0,0,0,0
2022-01-07,AST-3008,Belt Conveyor,CHN-02,0,1,1,2,3,0,0,0,0,0,0
2022-01-08,AST-3008,Belt Conveyor,CHN-02,0,0,0,0,0,0,0,0,0,0,0
2022-01-09,AST-3008,Belt Conveyor,CHN-02,0,0,0,0,0,0,0,0,0,0,0
2022-01-10,AST-3008,Belt Conveyor,CHN-02,3,0,0,3,12,1,1,1,1,0,0
2022-01-11,AST-3008,Belt Conveyor,CHN-02,1,2,1,4,9,1,0,0,0,0,0
2022-01-12,AST-3008,Belt Conveyor,CHN-02,3,2,0,5,16,1,1,1,1,1,1
2022-01-13,AST-3008,Belt Conveyor,CHN-02,0,0,0,0,0,0,0,0,0,0,0
2022-01-14,AST-3008,Belt Conveyor,CHN-02,1,4,0,5,12,1,1,1,1,0,0
2022-01-15,AST-3008,Belt Conveyor,CHN-02,0,0,0,0,0,0,0,0,0,0,0
2022-01-16,AST-3008,Belt Conveyor,CHN-02,0,0,0,0,0,0,0,0,0,0,0
2022-01-17,AST-3008,Belt Conveyor,CHN-02,1,1,2,4,8,1,0,0,0,0,0
2022-01-18,AST-3008,Belt Conveyor,CHN-02,2,1,2,5,12,1,1,1,1,0,0
2022-01-19,AST-3008,Belt Conveyor,CHN-02,0,0,0,0,0,0,0,0,0,0,0
2022-01-20,AST-3008,Belt Conveyor,CHN-02,0,0,1,1,1,0,0,0,0,0,0
2022-01-21,AST-3008,Belt Conveyor,CHN-02,0,1,0,1,2,0,0,0,0,0,0
2022-01-22,AST-3008,Belt Conveyor,CHN-02,0,0,0,0,0,0,0,0,0,0,0
2022-01-23,AST-3008,Belt Conveyor,CHN-02,0,0,0,0,0,0,0,0,0,0,0
2022-01-24,AST-3008,Belt Conveyor,CHN-02,1,1,1,3,7,1,0,0,0,0,0
2022-01-25,AST-3008,Belt Conveyor,CHN-02,1,2,1,4,9,1,0,0,0,0,0
2022-01-26,AST-3008,Belt Conveyor,CHN-02,1,0,0,1,4,0,0,0,0,0,0
2022-01-27,AST-3008,Belt Conveyor,CHN-02,1,2,0,3,8,1,0,0,0,0,0
2022-01-28,AST-3008,Belt Conveyor,CHN-02,2,0,1,3,9,1,0,0,0,0,0
2022-01-29,AST-3008,Belt Conveyor,CHN-02,0,0,0,0,0,0,0,0,0,0,0
2022-01-30,AST-3008,Belt Conveyor,CHN-02,0,0,0,0,0,0,0,0,0,0,0
2022-01-31,AST-3008,Belt Conveyor,CHN-02,1,1,1,3,7,1,0,0,0,0,0
2022-02-01,AST-3008,Belt Conveyor,CHN-02,1,0,1,2,5,0,0,0,0,0,0
2022-02-02,AST-3008,Belt Conveyor,CHN-02,2,0,0,2,8,1,0,0,0,0,0
2022-02-03,AST-3008,Belt Conveyor,CHN-02,0,1,1,2,3,0,0,0,0,0,0
2022-02-04,AST-3008,Belt Conveyor,CHN-02,2,3,0,5,14,1,1,1,1,1,1
2022-02-05,AST-3008,Belt Conveyor,CHN-02,0,0,0,0,0,0,0,0,0,0,0
2022-02-06,AST-3008,Belt Conveyor,CHN-02,0,0,0,0,0,0,0,0,0,0,0
2022-02-07,AST-3008,Belt Conveyor,CHN-02,1,0,2,3,6,0,0,0,0,0,0
2022-02-08,AST-3008,Belt Conveyor,CHN-02,0,2,0,2,4,0,0,0,0,0,0
2022-02-09,AST-3008,Belt Conveyor,CHN-02,1,2,1,4,9,1,0,0,0,0,0
2022-02-10,AST-3008,Belt Conveyor,CHN-02,1,1,0,2,6,0,0,0,0,0,0
2022-02-11,AST-3008,Belt Conveyor,CHN-02,2,1,0,3,10,1,1,0,0,0,0
2022-02-12,AST-3008,Belt Conveyor,CHN-02,0,0,0,0,0,0,0,0,0,0,0
2022-02-13,AST-3008,Belt Conveyor,CHN-02,0,0,0,0,0,0,0,0,0,0,0
2022-02-14,AST-3008,Belt Conveyor,CHN-02,0,1,1,2,3,0,0,0,0,0,0
2022-02-15,AST-3008,Belt Conveyor,CHN-02,0,1,1,2,3,0,0,0,0,0,0
2022-02-16,AST-3008,Belt Conveyor,CHN-02,0,0,2,2,2,0,0,0,0,0,0
2022-02-17,AST-3008,Belt Conveyor,CHN-02,2,2,1,5,13,1,1,1,1,1,0
2022-02-18,AST-3008,Belt Conveyor,CHN-02,2,1,0,3,10,1,1,0,0,0,0
2022-02-19,AST-3008,Belt Conveyor,CHN-02,0,0,0,0,0,0,0,0,0,0,0
2022-02-20,AST-3008,Belt Conveyor,CHN-02,0,0,0,0,0,0,0,0,0,0,0
2022-02-21,AST-3008,Belt Conveyor,CHN-02,0,0,1,1,1,0,0,0,0,0,0
2022-02-22,AST-3008,Belt Conveyor,CHN-02,0,3,0,3,6,0,0,0,0,0,0
2022-02-23,AST-3008,Belt Conveyor,CHN-02,1,1,0,2,6,0,0,0,0,0,0
2022-02-24,AST-3008,Belt Conveyor,CHN-02,2,1,1,4,11,1,1,1,0,0,0
2022-02-25,AST-3008,Belt Conveyor,CHN-02,2,2,2,6,14,1,1,1,1,1,1
2022-02-26,AST-3008,Belt Conveyor,CHN-02,0,0,0,0,0,0,0,0,0,0,0
2022-02-27,AST-3008,Belt Conveyor,CHN-02,0,0,0,0,0,0,0,0,0,0,0
2022-02-28,AST-3008,Belt Conveyor,CHN-02,1,1,0,2,6,0,0,0,0,0,0
2022-03-01,AST-3008,Belt Conveyor,CHN-02,0,0,0,0,0,0,0,0,0,0,0
2022-03-02,AST-3008,Belt Conveyor,CHN-02,0,1,2,3,4,0,0,0,0,0,0
2022-03-03,AST-3008,Belt Conveyor,CHN-02,2,1,0,3,10,1,1,0,0,0,0
2022-03-04,AST-3008,Belt Conveyor,CHN-02,2,1,1,4,11,1,1,1,0,0,0
2022-03-05,AST-3008,Belt Conveyor,CHN-02,0,0,0,0,0,0,0,0,0,0,0
2022-03-06,AST-3008,Belt Conveyor,CHN-02,0,0,0,0,0,0,0,0,0,0,0
2022-03-07,AST-3008,Belt Conveyor,CHN-02,2,0,0,2,8,1,0,0,0,0,0
2022-03-08,AST-3008,Belt Conveyor,CHN-02,2,0,0,2,8,1,0,0,0,0,0
2022-03-09,AST-3008,Belt Conveyor,CHN-02,1,2,1,4,9,1,0,0,0,0,0
2022-03-10,AST-3008,Belt Conveyor,CHN-02,1,3,0,4,10,1,1,0,0,0,0
2022-03-11,AST-3008,Belt Conveyor,CHN-02,0,1,0,1,2,0,0,0,0,0,0
2022-03-12,AST-3008,Belt Conveyor,CHN-02,0,0,0,0,0,0,0,0,0,0,0
2022-03-13,AST-3008,Belt Conveyor,CHN-02,0,0,0,0,0,0,0,0,0,0,0
2022-03-14,AST-3008,Belt Conveyor,CHN-02,2,0,1,3,9,1,0,0,0,0,0
2022-03-15,AST-3008,Belt Conveyor,CHN-02,0,2,1,3,5,0,0,0,0,0,0
2022-03-16,AST-3008,Belt Conveyor,CHN-02,1,1,1,3,7,1,0,0,0,0,0
2022-03-17,AST-3008,Belt Conveyor,CHN-02,1,1,0,2,6,0,0,0,0,0,0
2022-03-18,AST-3008,Belt Conveyor,CHN-02,0,1,0,1,2,0,0,0,0,0,0
2022-03-19,AST-3008,Belt Conveyor,CHN-02,0,0,0,0,0,0,0,0,0,0,0
2022-03-20,AST-3008,Belt Conveyor,CHN-02,0,0,0,0,0,0,0,0,0,0,0
2022-03-21,AST-3008,Belt Conveyor,CHN-02,0,1,1,2,3,0,0,0,0,0,0
2022-03-22,AST-3008,Belt Conveyor,CHN-02,0,2,0,2,4,0,0,0,0,0,0
2022-03-23,AST-3008,Belt Conveyor,CHN-02,0,0,0,0,0,0,0,0,0,0,0
2022-03-24,AST-3008,Belt Conveyor,CHN-02,0,3,1,4,7,1,0,0,0,0,0
2022-03-25,AST-3008,Belt Conveyor,CHN-02,3,2,1,6,17,1,1,1,1,1,1
2022-03-26,AST-3008,Belt Conveyor,CHN-02,0,0,0,0,0,0,0,0,0,0,0
2022-03-27,AST-3008,Belt Conveyor,CHN-02,0,0,0,0,0,0,0,0,0,0,0
2022-03-28,AST-3008,Belt Conveyor,CHN-02,0,2,1,3,5,0,0,0,0,0,0
2022-03-29,AST-3008,Belt Conveyor,CHN-02,1,1,0,2,6,0,0,0,0,0,0
2022-03-30,AST-3008,Belt Conveyor,CHN-02,1,1,0,2,6,0,0,0,0,0,0
2022-03-31,AST-3008,Belt Conveyor,CHN-02,3,1,0,4,14,1,1,1,1,1,1
2022-04-01,AST-3008,Belt Conveyor,CHN-02,0,2,0,2,4,0,0,0,0,0,0
2022-04-02,AST-3008,Belt Conveyor,CHN-02,0,0,0,0,0,0,0,0,0,0,0
2022-04-03,AST-3008,Belt Conveyor,CHN-02,0,0,0,0,0,0,0,0,0,0,0
2022-04-04,AST-3008,Belt Conveyor,CHN-02,2,1,0,3,10,1,1,0,0,0,0
2022-04-05,AST-3008,Belt Conveyor,CHN-02,1,0,1,2,5,0,0,0,0,0,0
2022-04-06,AST-3008,Belt Conveyor,CHN-02,0,2,0,2,4,0,0,0,0,0,0
2022-04-07,AST-3008,Belt Conveyor,CHN-02,0,0,1,1,1,0,0,0,0,0,0
2022-04-08,AST-3008,Belt Conveyor,CHN-02,0,1,0,1,2,0,0,0,0,0,0
2022-04-09,AST-3008,Belt Conveyor,CHN-02,0,0,0,0,0,0,0,0,0,0,0
2022-04-10,AST-3008,Belt Conveyor,CHN-02,0,0,0,0,0,0,0,0,0,0,0
2022-04-11,AST-3008,Belt Conveyor,CHN-02,0,1,0,1,2,0,0,0,0,0,0
2022-04-12,AST-3008,Belt Conveyor,CHN-02,1,2,1,4,9,1,0,0,0,0,0
2022-04-13,AST-3008,Belt Conveyor,CHN-02,1,0,0,1,4,0,0,0,0,0,0
2022-04-14,AST-3008,Belt Conveyor,CHN-02,0,0,0,0,0,0,0,0,0,0,0
2022-04-15,AST-3008,Belt Conveyor,CHN-02,2,2,0,4,12,1,1,1,1,0,0
2022-04-16,AST-3008,Belt Conveyor,CHN-02,0,0,0,0,0,0,0,0,0,0,0
2022-04-17,AST-3008,Belt Conveyor,CHN-02,0,0,0,0,0,0,0,0,0,0,0
2022-04-18,AST-3008,Belt Conveyor,CHN-02,1,1,0,2,6,0,0,0,0,0,0
2022-04-19,AST-3008,Belt Conveyor,CHN-02,1,1,1,3,7,1,0,0,0,0,0
2022-04-20,AST-3008,Belt Conveyor,CHN-02,1,0,1,2,5,0,0,0,0,0,0
2022-04-21,AST-3008,Belt Conveyor,CHN-02,1,1,1,3,7,1,0,0,0,0,0
2022-04-22,AST-3008,Belt Conveyor,CHN-02,4,2,0,6,20,1,1,1,1,1,1
2022-04-23,AST-3008,Belt Conveyor,CHN-02,0,0,0,0,0,0,0,0,0,0,0
2022-04-24,AST-3008,Belt Conveyor,CHN-02,0,0,0,0,0,0,0,0,0,0,0
2022-04-25,AST-3008,Belt Conveyor,CHN-02,0,1,0,1,2,0,0,0,0,0,0
2022-04-26,AST-3008,Belt Conveyor,CHN-02,1,1,1,3,7,1,0,0,0,0,0
2022-04-27,AST-3008,Belt Conveyor,CHN-02,1,0,0,1,4,0,0,0,0,0,0
2022-04-28,AST-3008,Belt Conveyor,CHN-02,0,1,0,1,2,0,0,0,0,0,0
2022-04-29,AST-3008,Belt Conveyor,CHN-02,1,0,0,1,4,0,0,0,0,0,0
2022-04-30,AST-3008,Belt Conveyor,CHN-02,0,0,0,0,0,0,0,0,0,0,0
2022-05-01,AST-3008,Belt Conveyor,CHN-02,0,0,0,0,0,0,0,0,0,0,0
2022-05-02,AST-3008,Belt Conveyor,CHN-02,1,1,0,2,6,0,0,0,0,0,0
2022-05-03,AST-3008,Belt Conveyor,CHN-02,1,0,0,1,4,0,0,0,0,0,0
2022-05-04,AST-3008,Belt Conveyor,CHN-02,2,2,1,5,13,1,1,1,1,1,0
2022-05-05,AST-3008,Belt Conveyor,CHN-02,3,1,1,5,15,1,1,1,1,1,1
2022-05-06,AST-3008,Belt Conveyor,CHN-02,0,1,0,1,2,0,0,0,0,0,0
2022-05-07,AST-3008,Belt Conveyor,CHN-02,0,0,0,0,0,0,0,0,0,0,0
2022-05-08,AST-3008,Belt Conveyor,CHN-02,0,0,0,0,0,0,0,0,0,0,0
2022-05-09,AST-3008,Belt Conveyor,CHN-02,1,1,0,2,6,0,0,0,0,0,0
2022-05-10,AST-3008,Belt Conveyor,CHN-02,2,0,1,3,9,1,0,0,0,0,0
2022-05-11,AST-3008,Belt Conveyor,CHN-02,0,3,1,4,7,1,0,0,0,0,0
2022-05-12,AST-3008,Belt Conveyor,CHN-02,1,0,0,1,4,0,0,0,0,0,0
2022-05-13,AST-3008,Belt Conveyor,CHN-02,1,1,0,2,6,0,0,0,0,0,0
2022-05-14,AST-3008,Belt Conveyor,CHN-02,0,0,0,0,0,0,0,0,0,0,0
2022-05-15,AST-3008,Belt Conveyor,CHN-02,0,0,0,0,0,0,0,0,0,0,0
2022-05-16,AST-3008,Belt Conveyor,CHN-02,1,0,0,1,4,0,0,0,0,0,0
2022-05-17,AST-3008,Belt Conveyor,CHN-02,1,1,0,2,6,0,0,0,0,0,0
2022-05-18,AST-3008,Belt Conveyor,CHN-02,1,3,0,4,10,1,1,0,0,0,0
2022-05-19,AST-3008,Belt Conveyor,CHN-02,0,0,0,0,0,0,0,0,0,0,0
2022-05-20,AST-3008,Belt Conveyor,CHN-02,0,2,0,2,4,0,0,0,0,0,0
2022-05-21,AST-3008,Belt Conveyor,CHN-02,0,0,0,0,0,0,0,0,0,0,0
2022-05-22,AST-3008,Belt Conveyor,CHN-02,0,0,0,0,0,0,0,0,0,0,0
2022-05-23,AST-3008,Belt Conveyor,CHN-02,1,0,0,1,4,0,0,0,0,0,0
2022-05-24,AST-3008,Belt Conveyor,CHN-02,1,0,1,2,5,0,0,0,0,0,0
2022-05-25,AST-3008,Belt Conveyor,CHN-02,0,0,0,0,0,0,0,0,0,0,0
2022-05-26,AST-3008,Belt Conveyor,CHN-02,0,0,3,3,3,0,0,0,0,0,0
2022-05-27,AST-3008,Belt Conveyor,CHN-02,1,2,0,3,8,1,0,0,0,0,0
2022-05-28,AST-3008,Belt Conveyor,CHN-02,0,0,0,0,0,0,0,0,0,0,0
2022-05-29,AST-3008,Belt Conveyor,CHN-02,0,0,0,0,0,0,0,0,0,0,0
2022-05-30,AST-3008,Belt Conveyor,CHN-02,1,2,0,3,8,1,0,0,0,0,0
2022-05-31,AST-3008,Belt Conveyor,CHN-02,3,1,1,5,15,1,1,1,1,1,1
2022-06-01,AST-3008,Belt Conveyor,CHN-02,1,1,1,3,7,1,0,0,0,0,0
2022-06-02,AST-3008,Belt Conveyor,CHN-02,0,0,0,0,0,0,0,0,0,0,0
2022-06-03,AST-3008,Belt Conveyor,CHN-02,0,2,0,2,4,0,0,0,0,0,0
2022-06-04,AST-3008,Belt Conveyor,CHN-02,0,0,0,0,0,0,0,0,0,0,0
2022-06-05,AST-3008,Belt Conveyor,CHN-02,0,0,0,0,0,0,0,0,0,0,0
2022-06-06,AST-3008,Belt Conveyor,CHN-02,1,2,0,3,8,1,0,0,0,0,0
2022-06-07,AST-3008,Belt Conveyor,CHN-02,0,1,2,3,4,0,0,0,0,0,0
2022-06-08,AST-3008,Belt Conveyor,CHN-02,2,3,1,6,15,1,1,1,1,1,1
2022-06-09,AST-3008,Belt Conveyor,CHN-02,1,0,1,2,5,0,0,0,0,0,0
2022-06-10,AST-3008,Belt Conveyor,CHN-02,1,1,0,2,6,0,0,0,0,0,0
2022-06-11,AST-3008,Belt Conveyor,CHN-02,0,0,0,0,0,0,0,0,0,0,0
2022-06-12,AST-3008,Belt Conveyor,CHN-02,0,0,0,0,0,0,0,0,0,0,0
2022-06-13,AST-3008,Belt Conveyor,CHN-02,0,1,1,2,3,0,0,0,0,0,0
2022-06-14,AST-3008,Belt Conveyor,CHN-02,0,2,1,3,5,0,0,0,0,0,0
2022-06-15,AST-3008,Belt Conveyor,CHN-02,3,0,1,4,13,1,1,1,1,1,0
2022-06-16,AST-3008,Belt Conveyor,CHN-02,2,1,1,4,11,1,1,1,0,0,0
2022-06-17,AST-3008,Belt Conveyor,CHN-02,0,1,1,2,3,0,0,0,0,0,0
2022-06-18,AST-3008,Belt Conveyor,CHN-02,0,0,0,0,0,0,0,0,0,0,0
2022-06-19,AST-3008,Belt Conveyor,CHN-02,0,0,0,0,0,0,0,0,0,0,0
2022-06-20,AST-3008,Belt Conveyor,CHN-02,1,3,0,4,10,1,1,0,0,0,0
2022-06-21,AST-3008,Belt Conveyor,CHN-02,1,1,0,2,6,0,0,0,0,0,0
2022-06-22,AST-3008,Belt Conveyor,CHN-02,2,0,0,2,8,1,0,0,0,0,0
2022-06-23,AST-3008,Belt Conveyor,CHN-02,1,1,0,2,6,0,0,0,0,0,0
2022-06-24,AST-3008,Belt Conveyor,CHN-02,1,1,1,3,7,1,0,0,0,0,0
2022-06-25,AST-3008,Belt Conveyor,CHN-02,0,0,0,0,0,0,0,0,0,0,0
2022-06-26,AST-3008,Belt Conveyor,CHN-02,0,0,0,0,0,0,0,0,0,0,0
2022-06-27,AST-3008,Belt Conveyor,CHN-02,1,2,0,3,8,1,0,0,0,0,0
2022-06-28,AST-3008,Belt Conveyor,CHN-02,1,0,1,2,5,0,0,0,0,0,0
2022-06-29,AST-3008,Belt Conveyor,CHN-02,0,1,0,1,2,0,0,0,0,0,0
2022-06-30,AST-3008,Belt Conveyor,CHN-02,2,1,1,4,11,1,1,1,0,0,0
2022-07-01,AST-3008,Belt Conveyor,CHN-02,2,0,1,3,9,1,0,0,0,0,0
2022-07-02,AST-3008,Belt Conveyor,CHN-02,0,0,0,0,0,0,0,0,0,0,0
2022-07-03,AST-3008,Belt Conveyor,CHN-02,0,0,0,0,0,0,0,0,0,0,0
2022-07-04,AST-3008,Belt Conveyor,CHN-02,1,1,2,4,8,1,0,0,0,0,0
2022-07-05,AST-3008,Belt Conveyor,CHN-02,1,1,0,2,6,0,0,0,0,0,0
2022-07-06,AST-3008,Belt Conveyor,CHN-02,0,2,2,4,6,0,0,0,0,0,0
2022-07-07,AST-3008,Belt Conveyor,CHN-02,2,2,0,4,12,1,1,1,1,0,0
2022-07-08,AST-3008,Belt Conveyor,CHN-02,1,0,0,1,4,0,0,0,0,0,0
2022-07-09,AST-3008,Belt Conveyor,CHN-02,0,0,0,0,0,0,0,0,0,0,0
2022-07-10,AST-3008,Belt Conveyor,CHN-02,0,0,0,0,0,0,0,0,0,0,0
2022-07-11,AST-3008,Belt Conveyor,CHN-02,1,3,0,4,10,1,1,0,0,0,0
2022-07-12,AST-3008,Belt Conveyor,CHN-02,0,0,1,1,1,0,0,0,0,0,0
2022-07-13,AST-3008,Belt Conveyor,CHN-02,0,2,0,2,4,0,0,0,0,0,0
2022-07-14,AST-3008,Belt Conveyor,CHN-02,0,3,0,3,6,0,0,0,0,0,0
2022-07-15,AST-3008,Belt Conveyor,CHN-02,0,3,0,3,6,0,0,0,0,0,0
2022-07-16,AST-3008,Belt Conveyor,CHN-02,0,0,0,0,0,0,0,0,0,0,0
2022-07-17,AST-3008,Belt Conveyor,CHN-02,0,0,0,0,0,0,0,0,0,0,0
2022-07-18,AST-3008,Belt Conveyor,CHN-02,1,0,0,1,4,0,0,0,0,0,0
2022-07-19,AST-3008,Belt Conveyor,CHN-02,1,0,0,1,4,0,0,0,0,0,0
2022-07-20,AST-3008,Belt Conveyor,CHN-02,0,0,0,0,0,0,0,0,0,0,0
2022-07-21,AST-3008,Belt Conveyor,CHN-02,1,0,1,2,5,0,0,0,0,0,0
2022-07-22,AST-3008,Belt Conveyor,CHN-02,2,0,1,3,9,1,0,0,0,0,0
2022-07-23,AST-3008,Belt Conveyor,CHN-02,0,0,0,0,0,0,0,0,0,0,0
2022-07-24,AST-3008,Belt Conveyor,CHN-02,0,0,0,0,0,0,0,0,0,0,0
2022-07-25,AST-3008,Belt Conveyor,CHN-02,0,2,1,3,5,0,0,0,0,0,0
2022-07-26,AST-3008,Belt Conveyor,CHN-02,0,0,0,0,0,0,0,0,0,0,0
2022-07-27,AST-3008,Belt Conveyor,CHN-02,1,1,0,2,6,0,0,0,0,0,0
2022-07-28,AST-3008,Belt Conveyor,CHN-02,2,1,0,3,10,1,1,0,0,0,0
2022-07-29,AST-3008,Belt Conveyor,CHN-02,1,2,0,3,8,1,0,0,0,0,0
2022-07-30,AST-3008,Belt Conveyor,CHN-02,0,0,0,0,0,0,0,0,0,0,0
2022-07-31,AST-3008,Belt Conveyor,CHN-02,0,0,0,0,0,0,0,0,0,0,0
2022-08-01,AST-3008,Belt Conveyor,CHN-02,1,2,1,4,9,1,0,0,0,0,0
2022-08-02,AST-3008,Belt Conveyor,CHN-02,1,0,0,1,4,0,0,0,0,0,0
2022-08-03,AST-3008,Belt Conveyor,CHN-02,0,1,0,1,2,0,0,0,0,0,0
2022-08-04,AST-3008,Belt Conveyor,CHN-02,1,2,0,3,8,1,0,0,0,0,0
2022-08-05,AST-3008,Belt Conveyor,CHN-02,1,3,0,4,10,1,1,0,0,0,0
2022-08-06,AST-3008,Belt Conveyor,CHN-02,0,0,0,0,0,0,0,0,0,0,0
2022-08-07,AST-3008,Belt Conveyor,CHN-02,0,0,0,0,0,0,0,0,0,0,0
2022-08-08,AST-3008,Belt Conveyor,CHN-02,1,3,1,5,11,1,1,1,0,0,0
2022-08-09,AST-3008,Belt Conveyor,CHN-02,1,2,0,3,8,1,0,0,0,0,0
2022-08-10,AST-3008,Belt Conveyor,CHN-02,2,1,2,5,12,1,1,1,1,0,0
2022-08-11,AST-3008,Belt Conveyor,CHN-02,0,1,0,1,2,0,0,0,0,0,0
2022-08-12,AST-3008,Belt Conveyor,CHN-02,0,1,0,1,2,0,0,0,0,0,0
2022-08-13,AST-3008,Belt Conveyor,CHN-02,0,0,0,0,0,0,0,0,0,0,0
2022-08-14,AST-3008,Belt Conveyor,CHN-02,0,0,0,0,0,0,0,0,0,0,0
2022-08-15,AST-3008,Belt Conveyor,CHN-02,1,1,0,2,6,0,0,0,0,0,0
2022-08-16,AST-3008,Belt Conveyor,CHN-02,1,0,0,1,4,0,0,0,0,0,0
2022-08-17,AST-3008,Belt Conveyor,CHN-02,1,1,0,2,6,0,0,0,0,0,0
2022-08-18,AST-3008,Belt Conveyor,CHN-02,1,2,0,3,8,1,0,0,0,0,0
2022-08-19,AST-3008,Belt Conveyor,CHN-02,0,0,0,0,0,0,0,0,0,0,0
2022-08-20,AST-3008,Belt Conveyor,CHN-02,0,0,0,0,0,0,0,0,0,0,0
2022-08-21,AST-3008,Belt Conveyor,CHN-02,0,0,0,0,0,0,0,0,0,0,0
2022-08-22,AST-3008,Belt Conveyor,CHN-02,1,0,0,1,4,0,0,0,0,0,0
2022-08-23,AST-3008,Belt Conveyor,CHN-02,1,1,0,2,6,0,0,0,0,0,0
2022-08-24,AST-3008,Belt Conveyor,CHN-02,0,1,0,1,2,0,0,0,0,0,0
2022-08-25,AST-3008,Belt Conveyor,CHN-02,0,0,0,0,0,0,0,0,0,0,0
2022-08-26,AST-3008,Belt Conveyor,CHN-02,1,1,1,3,7,1,0,0,0,0,0
2022-08-27,AST-3008,Belt Conveyor,CHN-02,0,0,0,0,0,0,0,0,0,0,0
2022-08-28,AST-3008,Belt Conveyor,CHN-02,0,0,0,0,0,0,0,0,0,0,0
2022-08-29,AST-3008,Belt Conveyor,CHN-02,0,1,0,1,2,0,0,0,0,0,0
2022-08-30,AST-3008,Belt Conveyor,CHN-02,2,1,0,3,10,1,1,0,0,0,0
2022-08-31,AST-3008,Belt Conveyor,CHN-02,0,2,0,2,4,0,0,0,0,0,0
2022-09-01,AST-3008,Belt Conveyor,CHN-02,1,1,0,2,6,0,0,0,0,0,0
2022-09-02,AST-3008,Belt Conveyor,CHN-02,2,1,0,3,10,1,1,0,0,0,0
2022-09-03,AST-3008,Belt Conveyor,CHN-02,0,0,0,0,0,0,0,0,0,0,0
2022-09-04,AST-3008,Belt Conveyor,CHN-02,0,0,0,0,0,0,0,0,0,0,0
2022-09-05,AST-3008,Belt Conveyor,CHN-02,1,0,0,1,4,0,0,0,0,0,0
2022-09-06,AST-3008,Belt Conveyor,CHN-02,1,0,0,1,4,0,0,0,0,0,0
2022-09-07,AST-3008,Belt Conveyor,CHN-02,2,0,0,2,8,1,0,0,0,0,0
2022-09-08,AST-3008,Belt Conveyor,CHN-02,0,0,0,0,0,0,0,0,0,0,0
2022-09-09,AST-3008,Belt Conveyor,CHN-02,3,2,1,6,17,1,1,1,1,1,1
2022-09-10,AST-3008,Belt Conveyor,CHN-02,0,0,0,0,0,0,0,0,0,0,0
2022-09-11,AST-3008,Belt Conveyor,CHN-02,0,0,0,0,0,0,0,0,0,0,0
2022-09-12,AST-3008,Belt Conveyor,CHN-02,1,0,0,1,4,0,0,0,0,0,0
2022-09-13,AST-3008,Belt Conveyor,CHN-02,0,2,1,3,5,0,0,0,0,0,0
2022-09-14,AST-3008,Belt Conveyor,CHN-02,1,2,0,3,8,1,0,0,0,0,0
2022-09-15,AST-3008,Belt Conveyor,CHN-02,2,2,0,4,12,1,1,1,1,0,0
2022-09-16,AST-3008,Belt Conveyor,CHN-02,3,2,0,5,16,1,1,1,1,1,1
2022-09-17,AST-3008,Belt Conveyor,CHN-02,0,0,0,0,0,0,0,0,0,0,0
2022-09-18,AST-3008,Belt Conveyor,CHN-02,0,0,0,0,0,0,0,0,0,0,0
2022-09-19,AST-3008,Belt Conveyor,CHN-02,1,0,0,1,4,0,0,0,0,0,0
2022-09-20,AST-3008,Belt Conveyor,CHN-02,1,1,2,4,8,1,0,0,0,0,0
2022-09-21,AST-3008,Belt Conveyor,CHN-02,0,1,1,2,3,0,0,0,0,0,0
2022-09-22,AST-3008,Belt Conveyor,CHN-02,0,1,0,1,2,0,0,0,0,0,0
2022-09-23,AST-3008,Belt Conveyor,CHN-02,0,1,0,1,2,0,0,0,0,0,0
2022-09-24,AST-3008,Belt Conveyor,CHN-02,0,0,0,0,0,0,0,0,0,0,0
2022-09-25,AST-3008,Belt Conveyor,CHN-02,0,0,0,0,0,0,0,0,0,0,0
2022-09-26,AST-3008,Belt Conveyor,CHN-02,1,0,1,2,5,0,0,0,0,0,0
2022-09-27,AST-3008,Belt Conveyor,CHN-02,1,0,1,2,5,0,0,0,0,0,0
2022-09-28,AST-3008,Belt Conveyor,CHN-02,2,0,2,4,10,1,1,0,0,0,0
2022-09-29,AST-3008,Belt Conveyor,CHN-02,3,0,1,4,13,1,1,1,1,1,0
2022-09-30,AST-3008,Belt Conveyor,CHN-02,0,1,0,1,2,0,0,0,0,0,0
2022-10-01,AST-3008,Belt Conveyor,CHN-02,0,0,0,0,0,0,0,0,0,0,0
2022-10-02,AST-3008,Belt Conveyor,CHN-02,0,0,0,0,0,0,0,0,0,0,0
2022-10-03,AST-3008,Belt Conveyor,CHN-02,1,2,2,5,10,1,1,0,0,0,0
2022-10-04,AST-3008,Belt Conveyor,CHN-02,4,1,0,5,18,1,1,1,1,1,1
2022-10-05,AST-3008,Belt Conveyor,CHN-02,0,0,0,0,0,0,0,0,0,0,0
2022-10-06,AST-3008,Belt Conveyor,CHN-02,1,2,0,3,8,1,0,0,0,0,0
2022-10-07,AST-3008,Belt Conveyor,CHN-02,1,3,0,4,10,1,1,0,0,0,0
2022-10-08,AST-3008,Belt Conveyor,CHN-02,0,0,0,0,0,0,0,0,0,0,0
2022-10-09,AST-3008,Belt Conveyor,CHN-02,0,0,0,0,0,0,0,0,0,0,0
2022-10-10,AST-3008,Belt Conveyor,CHN-02,1,0,2,3,6,0,0,0,0,0,0
2022-10-11,AST-3008,Belt Conveyor,CHN-02,1,2,1,4,9,1,0,0,0,0,0
2022-10-12,AST-3008,Belt Conveyor,CHN-02,0,1,0,1,2,0,0,0,0,0,0
2022-10-13,AST-3008,Belt Conveyor,CHN-02,0,1,0,1,2,0,0,0,0,0,0
2022-10-14,AST-3008,Belt Conveyor,CHN-02,3,1,1,5,15,1,1,1,1,1,1
2022-10-15,AST-3008,Belt Conveyor,CHN-02,0,0,0,0,0,0,0,0,0,0,0
2022-10-16,AST-3008,Belt Conveyor,CHN-02,0,0,0,0,0,0,0,0,0,0,0
2022-10-17,AST-3008,Belt Conveyor,CHN-02,1,1,1,3,7,1,0,0,0,0,0
2022-10-18,AST-3008,Belt Conveyor,CHN-02,0,1,0,1,2,0,0,0,0,0,0
2022-10-19,AST-3008,Belt Conveyor,CHN-02,1,2,1,4,9,1,0,0,0,0,0
2022-10-20,AST-3008,Belt Conveyor,CHN-02,2,1,2,5,12,1,1,1,1,0,0
2022-10-21,AST-3008,Belt Conveyor,CHN-02,1,0,0,1,4,0,0,0,0,0,0
2022-10-22,AST-3008,Belt Conveyor,CHN-02,0,0,0,0,0,0,0,0,0,0,0
2022-10-23,AST-3008,Belt Conveyor,CHN-02,0,0,0,0,0,0,0,0,0,0,0
2022-10-24,AST-3008,Belt Conveyor,CHN-02,1,0,0,1,4,0,0,0,0,0,0
2022-10-25,AST-3008,Belt Conveyor,CHN-02,3,1,1,5,15,1,1,1,1,1,1
2022-10-26,AST-3008,Belt Conveyor,CHN-02,0,3,1,4,7,1,0,0,0,0,0
2022-10-27,AST-3008,Belt Conveyor,CHN-02,1,1,1,3,7,1,0,0,0,0,0
2022-10-28,AST-3008,Belt Conveyor,CHN-02,0,1,0,1,2,0,0,0,0,0,0
2022-10-29,AST-3008,Belt Conveyor,CHN-02,0,0,0,0,0,0,0,0,0,0,0
2022-10-30,AST-3008,Belt Conveyor,CHN-02,0,0,0,0,0,0,0,0,0,0,0
2022-10-31,AST-3008,Belt Conveyor,CHN-02,1,2,1,4,9,1,0,0,0,0,0
2022-11-01,AST-3008,Belt Conveyor,CHN-02,1,0,1,2,5,0,0,0,0,0,0
2022-11-02,AST-3008,Belt Conveyor,CHN-02,0,1,0,1,2,0,0,0,0,0,0
2022-11-03,AST-3008,Belt Conveyor,CHN-02,0,1,0,1,2,0,0,0,0,0,0
2022-11-04,AST-3008,Belt Conveyor,CHN-02,1,2,0,3,8,1,0,0,0,0,0
2022-11-05,AST-3008,Belt Conveyor,CHN-02,0,0,0,0,0,0,0,0,0,0,0
2022-11-06,AST-3008,Belt Conveyor,CHN-02,0,0,0,0,0,0,0,0,0,0,0
2022-11-07,AST-3008,Belt Conveyor,CHN-02,1,1,0,2,6,0,0,0,0,0,0
2022-11-08,AST-3008,Belt Conveyor,CHN-02,0,0,0,0,0,0,0,0,0,0,0
2022-11-09,AST-3008,Belt Conveyor,CHN-02,1,1,0,2,6,0,0,0,0,0,0
2022-11-10,AST-3008,Belt Conveyor,CHN-02,1,2,1,4,9,1,0,0,0,0,0
2022-11-11,AST-3008,Belt Conveyor,CHN-02,1,0,0,1,4,0,0,0,0,0,0
2022-11-12,AST-3008,Belt Conveyor,CHN-02,0,0,0,0,0,0,0,0,0,0,0
2022-11-13,AST-3008,Belt Conveyor,CHN-02,0,0,0,0,0,0,0,0,0,0,0
2022-11-14,AST-3008,Belt Conveyor,CHN-02,0,4,1,5,9,1,0,0,0,0,0
2022-11-15,AST-3008,Belt Conveyor,CHN-02,1,1,2,4,8,1,0,0,0,0,0
2022-11-16,AST-3008,Belt Conveyor,CHN-02,3,2,0,5,16,1,1,1,1,1,1
2022-11-17,AST-3008,Belt Conveyor,CHN-02,2,2,0,4,12,1,1,1,1,0,0
2022-11-18,AST-3008,Belt Conveyor,CHN-02,2,1,0,3,10,1,1,0,0,0,0
2022-11-19,AST-3008,Belt Conveyor,CHN-02,0,0,0,0,0,0,0,0,0,0,0
2022-11-20,AST-3008,Belt Conveyor,CHN-02,0,0,0,0,0,0,0,0,0,0,0
2022-11-21,AST-3008,Belt Conveyor,CHN-02,1,0,0,1,4,0,0,0,0,0,0
2022-11-22,AST-3008,Belt Conveyor,CHN-02,3,0,0,3,12,1,1,1,1,0,0
2022-11-23,AST-3008,Belt Conveyor,CHN-02,2,1,0,3,10,1,1,0,0,0,0
2022-11-24,AST-3008,Belt Conveyor,CHN-02,0,3,0,3,6,0,0,0,0,0,0
2022-11-25,AST-3008,Belt Conveyor,CHN-02,1,1,0,2,6,0,0,0,0,0,0
2022-11-26,AST-3008,Belt Conveyor,CHN-02,0,0,0,0,0,0,0,0,0,0,0
2022-11-27,AST-3008,Belt Conveyor,CHN-02,0,0,0,0,0,0,0,0,0,0,0
2022-11-28,AST-3008,Belt Conveyor,CHN-02,1,2,3,6,11,1,1,1,0,0,0
2022-11-29,AST-3008,Belt Conveyor,CHN-02,0,1,0,1,2,0,0,0,0,0,0
2022-11-30,AST-3008,Belt Conveyor,CHN-02,0,0,1,1,1,0,0,0,0,0,0
2022-12-01,AST-3008,Belt Conveyor,CHN-02,0,0,2,2,2,0,0,0,0,0,0
2022-12-02,AST-3008,Belt Conveyor,CHN-02,1,0,0,1,4,0,0,0,0,0,0
2022-12-03,AST-3008,Belt Conveyor,CHN-02,0,0,0,0,0,0,0,0,0,0,0
2022-12-04,AST-3008,Belt Conveyor,CHN-02,0,0,0,0,0,0,0,0,0,0,0
2022-12-05,AST-3008,Belt Conveyor,CHN-02,4,2,0,6,20,1,1,1,1,1,1
2022-12-06,AST-3008,Belt Conveyor,CHN-02,2,2,1,5,13,1,1,1,1,1,0
2022-12-07,AST-3008,Belt Conveyor,CHN-02,0,2,1,3,5,0,0,0,0,0,0
2022-12-08,AST-3008,Belt Conveyor,CHN-02,2,3,0,5,14,1,1,1,1,1,1
2022-12-09,AST-3008,Belt Conveyor,CHN-02,2,1,2,5,12,1,1,1,1,0,0
2022-12-10,AST-3008,Belt Conveyor,CHN-02,0,0,0,0,0,0,0,0,0,0,0
2022-12-11,AST-3008,Belt Conveyor,CHN-02,0,0,0,0,0,0,0,0,0,0,0
2022-12-12,AST-3008,Belt Conveyor,CHN-02,2,1,0,3,10,1,1,0,0,0,0
2022-12-13,AST-3008,Belt Conveyor,CHN-02,2,0,0,2,8,1,0,0,0,0,0
2022-12-14,AST-3008,Belt Conveyor,CHN-02,2,2,0,4,12,1,1,1,1,0,0
2022-12-15,AST-3008,Belt Conveyor,CHN-02,3,0,0,3,12,1,1,1,1,0,0
2022-12-16,AST-3008,Belt Conveyor,CHN-02,2,1,0,3,10,1,1,0,0,0,0
2022-12-17,AST-3008,Belt Conveyor,CHN-02,0,0,0,0,0,0,0,0,0,0,0
2022-12-18,AST-3008,Belt Conveyor,CHN-02,0,0,0,0,0,0,0,0,0,0,0
2022-12-19,AST-3008,Belt Conveyor,CHN-02,0,1,0,1,2,0,0,0,0,0,0
2022-12-20,AST-3008,Belt Conveyor,CHN-02,1,2,1,4,9,1,0,0,0,0,0
2022-12-21,AST-3008,Belt Conveyor,CHN-02,1,1,1,3,7,1,0,0,0,0,0
2022-12-22,AST-3008,Belt Conveyor,CHN-02,1,1,0,2,6,0,0,0,0,0,0
2022-12-23,AST-3008,Belt Conveyor,CHN-02,1,2,1,4,9,1,0,0,0,0,0
2022-12-24,AST-3008,Belt Conveyor,CHN-02,0,0,0,0,0,0,0,0,0,0,0
2022-12-25,AST-3008,Belt Conveyor,CHN-02,0,0,0,0,0,0,0,0,0,0,0
2022-12-26,AST-3008,Belt Conveyor,CHN-02,1,1,0,2,6,0,0,0,0,0,0
2022-12-27,AST-3008,Belt Conveyor,CHN-02,2,1,0,3,10,1,1,0,0,0,0
2022-12-28,AST-3008,Belt Conveyor,CHN-02,0,0,1,1,1,0,0,0,0,0,0
2022-12-29,AST-3008,Belt Conveyor,CHN-02,3,1,2,6,16,1,1,1,1,1,1
2022-12-30,AST-3008,Belt Conveyor,CHN-02,1,0,0,1,4,0,0,0,0,0,0
2022-12-31,AST-3008,Belt Conveyor,CHN-02,0,0,0,0,0,0,0,0,0,0,0
2023-01-01,AST-3008,Belt Conveyor,CHN-02,0,0,0,0,0,0,0,0,0,0,0
2023-01-02,AST-3008,Belt Conveyor,CHN-02,2,1,1,4,11,1,1,1,0,0,0
2023-01-03,AST-3008,Belt Conveyor,CHN-02,0,2,1,3,5,0,0,0,0,0,0
2023-01-04,AST-3008,Belt Conveyor,CHN-02,0,1,1,2,3,0,0,0,0,0,0
2023-01-05,AST-3008,Belt Conveyor,CHN-02,0,2,0,2,4,0,0,0,0,0,0
2023-01-06,AST-3008,Belt Conveyor,CHN-02,0,2,1,3,5,0,0,0,0,0,0
2023-01-07,AST-3008,Belt Conveyor,CHN-02,0,0,0,0,0,0,0,0,0,0,0
2023-01-08,AST-3008,Belt Conveyor,CHN-02,0,0,0,0,0,0,0,0,0,0,0
2023-01-09,AST-3008,Belt Conveyor,CHN-02,1,1,2,4,8,1,0,0,0,0,0
2023-01-10,AST-3008,Belt Conveyor,CHN-02,2,1,0,3,10,1,1,0,0,0,0
2023-01-11,AST-3008,Belt Conveyor,CHN-02,0,4,0,4,8,1,0,0,0,0,0
2023-01-12,AST-3008,Belt Conveyor,CHN-02,0,3,1,4,7,1,0,0,0,0,0
2023-01-13,AST-3008,Belt Conveyor,CHN-02,2,1,1,4,11,1,1,1,0,0,0
2023-01-14,AST-3008,Belt Conveyor,CHN-02,0,0,0,0,0,0,0,0,0,0,0
2023-01-15,AST-3008,Belt Conveyor,CHN-02,0,0,0,0,0,0,0,0,0,0,0
2023-01-16,AST-3008,Belt Conveyor,CHN-02,1,1,0,2,6,0,0,0,0,0,0
2023-01-17,AST-3008,Belt Conveyor,CHN-02,2,1,0,3,10,1,1,0,0,0,0
2023-01-18,AST-3008,Belt Conveyor,CHN-02,1,0,0,1,4,0,0,0,0,0,0
2023-01-19,AST-3008,Belt Conveyor,CHN-02,2,1,1,4,11,1,1,1,0,0,0
2023-01-20,AST-3008,Belt Conveyor,CHN-02,1,3,1,5,11,1,1,1,0,0,0
2023-01-21,AST-3008,Belt Conveyor,CHN-02,0,0,0,0,0,0,0,0,0,0,0
2023-01-22,AST-3008,Belt Conveyor,CHN-02,0,0,0,0,0,0,0,0,0,0,0
2023-01-23,AST-3008,Belt Conveyor,CHN-02,0,0,1,1,1,0,0,0,0,0,0
2023-01-24,AST-3008,Belt Conveyor,CHN-02,0,2,0,2,4,0,0,0,0,0,0
2023-01-25,AST-3008,Belt Conveyor,CHN-02,1,2,1,4,9,1,0,0,0,0,0
2023-01-26,AST-3008,Belt Conveyor,CHN-02,1,3,0,4,10,1,1,0,0,0,0
2023-01-27,AST-3008,Belt Conveyor,CHN-02,0,3,0,3,6,0,0,0,0,0,0
2023-01-28,AST-3008,Belt Conveyor,CHN-02,0,0,0,0,0,0,0,0,0,0,0
2023-01-29,AST-3008,Belt Conveyor,CHN-02,0,0,0,0,0,0,0,0,0,0,0
2023-01-30,AST-3008,Belt Conveyor,CHN-02,0,0,1,1,1,0,0,0,0,0,0
2023-01-31,AST-3008,Belt Conveyor,CHN-02,2,1,2,5,12,1,1,1,1,0,0
2023-02-01,AST-3008,Belt Conveyor,CHN-02,1,2,0,3,8,1,0,0,0,0,0
2023-02-02,AST-3008,Belt Conveyor,CHN-02,0,1,0,1,2,0,0,0,0,0,0
2023-02-03,AST-3008,Belt Conveyor,CHN-02,0,0,0,0,0,0,0,0,0,0,0
2023-02-04,AST-3008,Belt Conveyor,CHN-02,0,0,0,0,0,0,0,0,0,0,0
2023-02-05,AST-3008,Belt Conveyor,CHN-02,0,0,0,0,0,0,0,0,0,0,0
2023-02-06,AST-3008,Belt Conveyor,CHN-02,1,1,0,2,6,0,0,0,0,0,0
2023-02-07,AST-3008,Belt Conveyor,CHN-02,3,1,0,4,14,1,1,1,1,1,1
2023-02-08,AST-3008,Belt Conveyor,CHN-02,1,2,0,3,8,1,0,0,0,0,0
2023-02-09,AST-3008,Belt Conveyor,CHN-02,0,2,0,2,4,0,0,0,0,0,0
2023-02-10,AST-3008,Belt Conveyor,CHN-02,0,2,0,2,4,0,0,0,0,0,0
2023-02-11,AST-3008,Belt Conveyor,CHN-02,0,0,0,0,0,0,0,0,0,0,0
2023-02-12,AST-3008,Belt Conveyor,CHN-02,0,0,0,0,0,0,0,0,0,0,0
2023-02-13,AST-3008,Belt Conveyor,CHN-02,1,2,0,3,8,1,0,0,0,0,0
2023-02-14,AST-3008,Belt Conveyor,CHN-02,0,0,0,0,0,0,0,0,0,0,0
2023-02-15,AST-3008,Belt Conveyor,CHN-02,0,1,1,2,3,0,0,0,0,0,0
2023-02-16,AST-3008,Belt Conveyor,CHN-02,0,1,0,1,2,0,0,0,0,0,0
2023-02-17,AST-3008,Belt Conveyor,CHN-02,2,1,1,4,11,1,1,1,0,0,0
2023-02-18,AST-3008,Belt Conveyor,CHN-02,0,0,0,0,0,0,0,0,0,0,0
2023-02-19,AST-3008,Belt Conveyor,CHN-02,0,0,0,0,0,0,0,0,0,0,0
2023-02-20,AST-3008,Belt Conveyor,CHN-02,0,2,0,2,4,0,0,0,0,0,0
2023-02-21,AST-3008,Belt Conveyor,CHN-02,1,1,1,3,7,1,0,0,0,0,0
2023-02-22,AST-3008,Belt Conveyor,CHN-02,0,1,0,1,2,0,0,0,0,0,0
2023-02-23,AST-3008,Belt Conveyor,CHN-02,0,2,0,2,4,0,0,0,0,0,0
2023-02-24,AST-3008,Belt Conveyor,CHN-02,1,1,0,2,6,0,0,0,0,0,0
2023-02-25,AST-3008,Belt Conveyor,CHN-02,0,0,0,0,0,0,0,0,0,0,0
2023-02-26,AST-3008,Belt Conveyor,CHN-02,0,0,0,0,0,0,0,0,0,0,0
2023-02-27,AST-3008,Belt Conveyor,CHN-02,1,0,1,2,5,0,0,0,0,0,0
2023-02-28,AST-3008,Belt Conveyor,CHN-02,0,0,0,0,0,0,0,0,0,0,0
2023-03-01,AST-3008,Belt Conveyor,CHN-02,2,0,0,2,8,1,0,0,0,0,0
2023-03-02,AST-3008,Belt Conveyor,CHN-02,1,0,0,1,4,0,0,0,0,0,0
2023-03-03,AST-3008,Belt Conveyor,CHN-02,1,1,1,3,7,1,0,0,0,0,0
2023-03-04,AST-3008,Belt Conveyor,CHN-02,0,0,0,0,0,0,0,0,0,0,0
2023-03-05,AST-3008,Belt Conveyor,CHN-02,0,0,0,0,0,0,0,0,0,0,0
2023-03-06,AST-3008,Belt Conveyor,CHN-02,4,1,0,5,18,1,1,1,1,1,1
2023-03-07,AST-3008,Belt Conveyor,CHN-02,1,2,0,3,8,1,0,0,0,0,0
2023-03-08,AST-3008,Belt Conveyor,CHN-02,2,0,2,4,10,1,1,0,0,0,0
2023-03-09,AST-3008,Belt Conveyor,CHN-02,3,1,0,4,14,1,1,1,1,1,1
2023-03-10,AST-3008,Belt Conveyor,CHN-02,2,2,0,4,12,1,1,1,1,0,0
2023-03-11,AST-3008,Belt Conveyor,CHN-02,0,0,0,0,0,0,0,0,0,0,0
2023-03-12,AST-3008,Belt Conveyor,CHN-02,0,0,0,0,0,0,0,0,0,0,0
2023-03-13,AST-3008,Belt Conveyor,CHN-02,0,1,0,1,2,0,0,0,0,0,0
2023-03-14,AST-3008,Belt Conveyor,CHN-02,0,0,0,0,0,0,0,0,0,0,0
2023-03-15,AST-3008,Belt Conveyor,CHN-02,2,0,1,3,9,1,0,0,0,0,0
2023-03-16,AST-3008,Belt Conveyor,CHN-02,0,0,0,0,0,0,0,0,0,0,0
2023-03-17,AST-3008,Belt Conveyor,CHN-02,1,0,0,1,4,0,0,0,0,0,0
2023-03-18,AST-3008,Belt Conveyor,CHN-02,0,0,0,0,0,0,0,0,0,0,0
2023-03-19,AST-3008,Belt Conveyor,CHN-02,0,0,0,0,0,0,0,0,0,0,0
2023-03-20,AST-3008,Belt Conveyor,CHN-02,2,1,1,4,11,1,1,1,0,0,0
2023-03-21,AST-3008,Belt Conveyor,CHN-02,0,1,0,1,2,0,0,0,0,0,0
2023-03-22,AST-3008,Belt Conveyor,CHN-02,1,1,2,4,8,1,0,0,0,0,0
2023-03-23,AST-3008,Belt Conveyor,CHN-02,1,3,0,4,10,1,1,0,0,0,0
2023-03-24,AST-3008,Belt Conveyor,CHN-02,3,2,0,5,16,1,1,1,1,1,1
2023-03-25,AST-3008,Belt Conveyor,CHN-02,0,0,0,0,0,0,0,0,0,0,0
2023-03-26,AST-3008,Belt Conveyor,CHN-02,0,0,0,0,0,0,0,0,0,0,0
2023-03-27,AST-3008,Belt Conveyor,CHN-02,0,1,0,1,2,0,0,0,0,0,0
2023-03-28,AST-3008,Belt Conveyor,CHN-02,2,2,0,4,12,1,1,1,1,0,0
2023-03-29,AST-3008,Belt Conveyor,CHN-02,0,0,1,1,1,0,0,0,0,0,0
2023-03-30,AST-3008,Belt Conveyor,CHN-02,0,1,0,1,2,0,0,0,0,0,0
2023-03-31,AST-3008,Belt Conveyor,CHN-02,0,0,0,0,0,0,0,0,0,0,0
2023-04-01,AST-3008,Belt Conveyor,CHN-02,0,0,0,0,0,0,0,0,0,0,0
2023-04-02,AST-3008,Belt Conveyor,CHN-02,0,0,0,0,0,0,0,0,0,0,0
2023-04-03,AST-3008,Belt Conveyor,CHN-02,0,0,2,2,2,0,0,0,0,0,0
2023-04-04,AST-3008,Belt Conveyor,CHN-02,1,0,0,1,4,0,0,0,0,0,0
2023-04-05,AST-3008,Belt Conveyor,CHN-02,1,1,1,3,7,1,0,0,0,0,0
2023-04-06,AST-3008,Belt Conveyor,CHN-02,0,0,0,0,0,0,0,0,0,0,0
2023-04-07,AST-3008,Belt Conveyor,CHN-02,1,2,0,3,8,1,0,0,0,0,0
2023-04-08,AST-3008,Belt Conveyor,CHN-02,0,0,0,0,0,0,0,0,0,0,0
2023-04-09,AST-3008,Belt Conveyor,CHN-02,0,0,0,0,0,0,0,0,0,0,0
2023-04-10,AST-3008,Belt Conveyor,CHN-02,1,2,1,4,9,1,0,0,0,0,0
2023-04-11,AST-3008,Belt Conveyor,CHN-02,1,0,1,2,5,0,0,0,0,0,0
2023-04-12,AST-3008,Belt Conveyor,CHN-02,2,1,0,3,10,1,1,0,0,0,0
2023-04-13,AST-3008,Belt Conveyor,CHN-02,0,2,0,2,4,0,0,0,0,0,0
2023-04-14,AST-3008,Belt Conveyor,CHN-02,0,2,0,2,4,0,0,0,0,0,0
2023-04-15,AST-3008,Belt Conveyor,CHN-02,0,0,0,0,0,0,0,0,0,0,0
2023-04-16,AST-3008,Belt Conveyor,CHN-02,0,0,0,0,0,0,0,0,0,0,0
2023-04-17,AST-3008,Belt Conveyor,CHN-02,1,3,0,4,10,1,1,0,0,0,0
2023-04-18,AST-3008,Belt Conveyor,CHN-02,0,1,0,1,2,0,0,0,0,0,0
2023-04-19,AST-3008,Belt Conveyor,CHN-02,2,1,0,3,10,1,1,0,0,0,0
2023-04-20,AST-3008,Belt Conveyor,CHN-02,2,0,0,2,8,1,0,0,0,0,0
2023-04-21,AST-3008,Belt Conveyor,CHN-02,1,1,0,2,6,0,0,0,0,0,0
2023-04-22,AST-3008,Belt Conveyor,CHN-02,0,0,0,0,0,0,0,0,0,0,0
2023-04-23,AST-3008,Belt Conveyor,CHN-02,0,0,0,0,0,0,0,0,0,0,0
2023-04-24,AST-3008,Belt Conveyor,CHN-02,1,1,1,3,7,1,0,0,0,0,0
2023-04-25,AST-3008,Belt Conveyor,CHN-02,1,1,1,3,7,1,0,0,0,0,0
2023-04-26,AST-3008,Belt Conveyor,CHN-02,1,1,0,2,6,0,0,0,0,0,0
2023-04-27,AST-3008,Belt Conveyor,CHN-02,0,0,1,1,1,0,0,0,0,0,0
2023-04-28,AST-3008,Belt Conveyor,CHN-02,1,0,0,1,4,0,0,0,0,0,0
2023-04-29,AST-3008,Belt Conveyor,CHN-02,0,0,0,0,0,0,0,0,0,0,0
2023-04-30,AST-3008,Belt Conveyor,CHN-02,0,0,0,0,0,0,0,0,0,0,0
2023-05-01,AST-3008,Belt Conveyor,CHN-02,0,2,0,2,4,0,0,0,0,0,0
2023-05-02,AST-3008,Belt Conveyor,CHN-02,1,0,0,1,4,0,0,0,0,0,0
2023-05-03,AST-3008,Belt Conveyor,CHN-02,1,1,0,2,6,0,0,0,0,0,0
2023-05-04,AST-3008,Belt Conveyor,CHN-02,0,1,1,2,3,0,0,0,0,0,0
2023-05-05,AST-3008,Belt Conveyor,CHN-02,1,2,1,4,9,1,0,0,0,0,0
2023-05-06,AST-3008,Belt Conveyor,CHN-02,0,0,0,0,0,0,0,0,0,0,0
2023-05-07,AST-3008,Belt Conveyor,CHN-02,0,0,0,0,0,0,0,0,0,0,0
2023-05-08,AST-3008,Belt Conveyor,CHN-02,1,2,0,3,8,1,0,0,0,0,0
2023-05-09,AST-3008,Belt Conveyor,CHN-02,0,0,0,0,0,0,0,0,0,0,0
2023-05-10,AST-3008,Belt Conveyor,CHN-02,2,1,1,4,11,1,1,1,0,0,0
2023-05-11,AST-3008,Belt Conveyor,CHN-02,0,1,1,2,3,0,0,0,0,0,0
2023-05-12,AST-3008,Belt Conveyor,CHN-02,1,0,1,2,5,0,0,0,0,0,0
2023-05-13,AST-3008,Belt Conveyor,CHN-02,0,0,0,0,0,0,0,0,0,0,0
2023-05-14,AST-3008,Belt Conveyor,CHN-02,0,0,0,0,0,0,0,0,0,0,0
2023-05-15,AST-3008,Belt Conveyor,CHN-02,0,1,1,2,3,0,0,0,0,0,0
2023-05-16,AST-3008,Belt Conveyor,CHN-02,1,0,0,1,4,0,0,0,0,0,0
2023-05-17,AST-3008,Belt Conveyor,CHN-02,2,3,0,5,14,1,1,1,1,1,1
2023-05-18,AST-3008,Belt Conveyor,CHN-02,3,1,0,4,14,1,1,1,1,1,1
2023-05-19,AST-3008,Belt Conveyor,CHN-02,2,1,1,4,11,1,1,1,0,0,0
2023-05-20,AST-3008,Belt Conveyor,CHN-02,0,0,0,0,0,0,0,0,0,0,0
2023-05-21,AST-3008,Belt Conveyor,CHN-02,0,0,0,0,0,0,0,0,0,0,0
2023-05-22,AST-3008,Belt Conveyor,CHN-02,4,3,0,7,22,1,1,1,1,1,1
2023-05-23,AST-3008,Belt Conveyor,CHN-02,0,0,1,1,1,0,0,0,0,0,0
2023-05-24,AST-3008,Belt Conveyor,CHN-02,1,2,0,3,8,1,0,0,0,0,0
2023-05-25,AST-3008,Belt Conveyor,CHN-02,1,0,1,2,5,0,0,0,0,0,0
2023-05-26,AST-3008,Belt Conveyor,CHN-02,0,2,0,2,4,0,0,0,0,0,0
2023-05-27,AST-3008,Belt Conveyor,CHN-02,0,0,0,0,0,0,0,0,0,0,0
2023-05-28,AST-3008,Belt Conveyor,CHN-02,0,0,0,0,0,0,0,0,0,0,0
2023-05-29,AST-3008,Belt Conveyor,CHN-02,1,2,0,3,8,1,0,0,0,0,0
2023-05-30,AST-3008,Belt Conveyor,CHN-02,3,1,0,4,14,1,1,1,1,1,1
2023-05-31,AST-3008,Belt Conveyor,CHN-02,1,2,0,3,8,1,0,0,0,0,0
2023-06-01,AST-3008,Belt Conveyor,CHN-02,3,0,1,4,13,1,1,1,1,1,0
2023-06-02,AST-3008,Belt Conveyor,CHN-02,1,1,1,3,7,1,0,0,0,0,0
2023-06-03,AST-3008,Belt Conveyor,CHN-02,0,0,0,0,0,0,0,0,0,0,0
2023-06-04,AST-3008,Belt Conveyor,CHN-02,0,0,0,0,0,0,0,0,0,0,0
2023-06-05,AST-3008,Belt Conveyor,CHN-02,1,0,0,1,4,0,0,0,0,0,0
2023-06-06,AST-3008,Belt Conveyor,CHN-02,2,0,0,2,8,1,0,0,0,0,0
2023-06-07,AST-3008,Belt Conveyor,CHN-02,0,1,0,1,2,0,0,0,0,0,0
2023-06-08,AST-3008,Belt Conveyor,CHN-02,0,2,2,4,6,0,0,0,0,0,0
2023-06-09,AST-3008,Belt Conveyor,CHN-02,0,1,0,1,2,0,0,0,0,0,0
2023-06-10,AST-3008,Belt Conveyor,CHN-02,0,0,0,0,0,0,0,0,0,0,0
2023-06-11,AST-3008,Belt Conveyor,CHN-02,0,0,0,0,0,0,0,0,0,0,0
2023-06-12,AST-3008,Belt Conveyor,CHN-02,1,0,0,1,4,0,0,0,0,0,0
2023-06-13,AST-3008,Belt Conveyor,CHN-02,1,0,1,2,5,0,0,0,0,0,0
2023-06-14,AST-3008,Belt Conveyor,CHN-02,0,4,1,5,9,1,0,0,0,0,0
2023-06-15,AST-3008,Belt Conveyor,CHN-02,1,1,0,2,6,0,0,0,0,0,0
2023-06-16,AST-3008,Belt Conveyor,CHN-02,1,2,1,4,9,1,0,0,0,0,0
2023-06-17,AST-3008,Belt Conveyor,CHN-02,0,0,0,0,0,0,0,0,0,0,0
2023-06-18,AST-3008,Belt Conveyor,CHN-02,0,0,0,0,0,0,0,0,0,0,0
2023-06-19,AST-3008,Belt Conveyor,CHN-02,0,0,0,0,0,0,0,0,0,0,0
2023-06-20,AST-3008,Belt Conveyor,CHN-02,1,2,2,5,10,1,1,0,0,0,0
2023-06-21,AST-3008,Belt Conveyor,CHN-02,0,0,0,0,0,0,0,0,0,0,0
2023-06-22,AST-3008,Belt Conveyor,CHN-02,0,1,0,1,2,0,0,0,0,0,0
2023-06-23,AST-3008,Belt Conveyor,CHN-02,0,2,1,3,5,0,0,0,0,0,0
2023-06-24,AST-3008,Belt Conveyor,CHN-02,0,0,0,0,0,0,0,0,0,0,0
2023-06-25,AST-3008,Belt Conveyor,CHN-02,0,0,0,0,0,0,0,0,0,0,0
2023-06-26,AST-3008,Belt Conveyor,CHN-02,2,1,1,4,11,1,1,1,0,0,0
2023-06-27,AST-3008,Belt Conveyor,CHN-02,0,2,0,2,4,0,0,0,0,0,0
2023-06-28,AST-3008,Belt Conveyor,CHN-02,0,0,2,2,2,0,0,0,0,0,0
2023-06-29,AST-3008,Belt Conveyor,CHN-02,0,1,0,1,2,0,0,0,0,0,0
2023-06-30,AST-3008,Belt Conveyor,CHN-02,0,2,0,2,4,0,0,0,0,0,0
2023-07-01,AST-3008,Belt Conveyor,CHN-02,0,0,0,0,0,0,0,0,0,0,0
2023-07-02,AST-3008,Belt Conveyor,CHN-02,0,0,0,0,0,0,0,0,0,0,0
2023-07-03,AST-3008,Belt Conveyor,CHN-02,1,0,0,1,4,0,0,0,0,0,0
2023-07-04,AST-3008,Belt Conveyor,CHN-02,3,1,1,5,15,1,1,1,1,1,1
2023-07-05,AST-3008,Belt Conveyor,CHN-02,1,1,2,4,8,1,0,0,0,0,0
2023-07-06,AST-3008,Belt Conveyor,CHN-02,2,0,0,2,8,1,0,0,0,0,0
2023-07-07,AST-3008,Belt Conveyor,CHN-02,0,1,0,1,2,0,0,0,0,0,0
2023-07-08,AST-3008,Belt Conveyor,CHN-02,0,0,0,0,0,0,0,0,0,0,0
2023-07-09,AST-3008,Belt Conveyor,CHN-02,0,0,0,0,0,0,0,0,0,0,0
2023-07-10,AST-3008,Belt Conveyor,CHN-02,1,0,2,3,6,0,0,0,0,0,0
2023-07-11,AST-3008,Belt Conveyor,CHN-02,1,0,0,1,4,0,0,0,0,0,0
2023-07-12,AST-3008,Belt Conveyor,CHN-02,0,0,0,0,0,0,0,0,0,0,0
2023-07-13,AST-3008,Belt Conveyor,CHN-02,1,0,1,2,5,0,0,0,0,0,0
2023-07-14,AST-3008,Belt Conveyor,CHN-02,0,0,1,1,1,0,0,0,0,0,0
2023-07-15,AST-3008,Belt Conveyor,CHN-02,0,0,0,0,0,0,0,0,0,0,0
2023-07-16,AST-3008,Belt Conveyor,CHN-02,0,0,0,0,0,0,0,0,0,0,0
2023-07-17,AST-3008,Belt Conveyor,CHN-02,1,2,0,3,8,1,0,0,0,0,0
2023-07-18,AST-3008,Belt Conveyor,CHN-02,0,0,0,0,0,0,0,0,0,0,0
2023-07-19,AST-3008,Belt Conveyor,CHN-02,1,2,0,3,8,1,0,0,0,0,0
2023-07-20,AST-3008,Belt Conveyor,CHN-02,0,1,1,2,3,0,0,0,0,0,0
2023-07-21,AST-3008,Belt Conveyor,CHN-02,0,2,1,3,5,0,0,0,0,0,0
2023-07-22,AST-3008,Belt Conveyor,CHN-02,0,0,0,0,0,0,0,0,0,0,0
2023-07-23,AST-3008,Belt Conveyor,CHN-02,0,0,0,0,0,0,0,0,0,0,0
2023-07-24,AST-3008,Belt Conveyor,CHN-02,1,3,1,5,11,1,1,1,0,0,0
2023-07-25,AST-3008,Belt Conveyor,CHN-02,0,1,1,2,3,0,0,0,0,0,0
2023-07-26,AST-3008,Belt Conveyor,CHN-02,1,2,1,4,9,1,0,0,0,0,0
2023-07-27,AST-3008,Belt Conveyor,CHN-02,1,2,1,4,9,1,0,0,0,0,0
2023-07-28,AST-3008,Belt Conveyor,CHN-02,0,1,0,1,2,0,0,0,0,0,0
2023-07-29,AST-3008,Belt Conveyor,CHN-02,0,0,0,0,0,0,0,0,0,0,0
2023-07-30,AST-3008,Belt Conveyor,CHN-02,0,0,0,0,0,0,0,0,0,0,0
2023-07-31,AST-3008,Belt Conveyor,CHN-02,0,1,1,2,3,0,0,0,0,0,0
2023-08-01,AST-3008,Belt Conveyor,CHN-02,1,2,1,4,9,1,0,0,0,0,0
2023-08-02,AST-3008,Belt Conveyor,CHN-02,0,0,1,1,1,0,0,0,0,0,0
2023-08-03,AST-3008,Belt Conveyor,CHN-02,2,1,1,4,11,1,1,1,0,0,0
2023-08-04,AST-3008,Belt Conveyor,CHN-02,0,0,1,1,1,0,0,0,0,0,0
2023-08-05,AST-3008,Belt Conveyor,CHN-02,0,0,0,0,0,0,0,0,0,0,0
2023-08-06,AST-3008,Belt Conveyor,CHN-02,0,0,0,0,0,0,0,0,0,0,0
2023-08-07,AST-3008,Belt Conveyor,CHN-02,3,1,1,5,15,1,1,1,1,1,1
2023-08-08,AST-3008,Belt Conveyor,CHN-02,3,1,1,5,15,1,1,1,1,1,1
2023-08-09,AST-3008,Belt Conveyor,CHN-02,2,1,0,3,10,1,1,0,0,0,0
2023-08-10,AST-3008,Belt Conveyor,CHN-02,1,0,0,1,4,0,0,0,0,0,0
2023-08-11,AST-3008,Belt Conveyor,CHN-02,3,0,0,3,12,1,1,1,1,0,0
2023-08-12,AST-3008,Belt Conveyor,CHN-02,0,0,0,0,0,0,0,0,0,0,0
2023-08-13,AST-3008,Belt Conveyor,CHN-02,0,0,0,0,0,0,0,0,0,0,0
2023-08-14,AST-3008,Belt Conveyor,CHN-02,1,2,1,4,9,1,0,0,0,0,0
2023-08-15,AST-3008,Belt Conveyor,CHN-02,1,1,0,2,6,0,0,0,0,0,0
2023-08-16,AST-3008,Belt Conveyor,CHN-02,2,2,0,4,12,1,1,1,1,0,0
2023-08-17,AST-3008,Belt Conveyor,CHN-02,0,1,0,1,2,0,0,0,0,0,0
2023-08-18,AST-3008,Belt Conveyor,CHN-02,0,0,0,0,0,0,0,0,0,0,0
2023-08-19,AST-3008,Belt Conveyor,CHN-02,0,0,0,0,0,0,0,0,0,0,0
2023-08-20,AST-3008,Belt Conveyor,CHN-02,0,0,0,0,0,0,0,0,0,0,0
2023-08-21,AST-3008,Belt Conveyor,CHN-02,3,0,0,3,12,1,1,1,1,0,0
2023-08-22,AST-3008,Belt Conveyor,CHN-02,0,2,0,2,4,0,0,0,0,0,0
2023-08-23,AST-3008,Belt Conveyor,CHN-02,0,2,0,2,4,0,0,0,0,0,0
2023-08-24,AST-3008,Belt Conveyor,CHN-02,0,0,0,0,0,0,0,0,0,0,0
2023-08-25,AST-3008,Belt Conveyor,CHN-02,0,1,1,2,3,0,0,0,0,0,0
2023-08-26,AST-3008,Belt Conveyor,CHN-02,0,0,0,0,0,0,0,0,0,0,0
2023-08-27,AST-3008,Belt Conveyor,CHN-02,0,0,0,0,0,0,0,0,0,0,0
2023-08-28,AST-3008,Belt Conveyor,CHN-02,0,2,0,2,4,0,0,0,0,0,0
2023-08-29,AST-3008,Belt Conveyor,CHN-02,2,1,0,3,10,1,1,0,0,0,0
2023-08-30,AST-3008,Belt Conveyor,CHN-02,1,3,0,4,10,1,1,0,0,0,0
2023-08-31,AST-3008,Belt Conveyor,CHN-02,1,1,1,3,7,1,0,0,0,0,0
2023-09-01,AST-3008,Belt Conveyor,CHN-02,2,0,2,4,10,1,1,0,0,0,0
2023-09-02,AST-3008,Belt Conveyor,CHN-02,0,0,0,0,0,0,0,0,0,0,0
2023-09-03,AST-3008,Belt Conveyor,CHN-02,0,0,0,0,0,0,0,0,0,0,0
2023-09-04,AST-3008,Belt Conveyor,CHN-02,0,2,1,3,5,0,0,0,0,0,0
2023-09-05,AST-3008,Belt Conveyor,CHN-02,2,1,0,3,10,1,1,0,0,0,0
2023-09-06,AST-3008,Belt Conveyor,CHN-02,1,0,1,2,5,0,0,0,0,0,0
2023-09-07,AST-3008,Belt Conveyor,CHN-02,1,1,1,3,7,1,0,0,0,0,0
2023-09-08,AST-3008,Belt Conveyor,CHN-02,1,1,1,3,7,1,0,0,0,0,0
2023-09-09,AST-3008,Belt Conveyor,CHN-02,0,0,0,0,0,0,0,0,0,0,0
2023-09-10,AST-3008,Belt Conveyor,CHN-02,0,0,0,0,0,0,0,0,0,0,0
2023-09-11,AST-3008,Belt Conveyor,CHN-02,1,0,2,3,6,0,0,0,0,0,0
2023-09-12,AST-3008,Belt Conveyor,CHN-02,0,0,0,0,0,0,0,0,0,0,0
2023-09-13,AST-3008,Belt Conveyor,CHN-02,2,1,0,3,10,1,1,0,0,0,0
2023-09-14,AST-3008,Belt Conveyor,CHN-02,2,1,0,3,10,1,1,0,0,0,0
2023-09-15,AST-3008,Belt Conveyor,CHN-02,0,3,0,3,6,0,0,0,0,0,0
2023-09-16,AST-3008,Belt Conveyor,CHN-02,0,0,0,0,0,0,0,0,0,0,0
2023-09-17,AST-3008,Belt Conveyor,CHN-02,0,0,0,0,0,0,0,0,0,0,0
2023-09-18,AST-3008,Belt Conveyor,CHN-02,0,0,0,0,0,0,0,0,0,0,0
2023-09-19,AST-3008,Belt Conveyor,CHN-02,1,1,0,2,6,0,0,0,0,0,0
2023-09-20,AST-3008,Belt Conveyor,CHN-02,1,0,0,1,4,0,0,0,0,0,0
2023-09-21,AST-3008,Belt Conveyor,CHN-02,2,2,0,4,12,1,1,1,1,0,0
2023-09-22,AST-3008,Belt Conveyor,CHN-02,0,1,0,1,2,0,0,0,0,0,0
2023-09-23,AST-3008,Belt Conveyor,CHN-02,0,0,0,0,0,0,0,0,0,0,0
2023-09-24,AST-3008,Belt Conveyor,CHN-02,0,0,0,0,0,0,0,0,0,0,0
2023-09-25,AST-3008,Belt Conveyor,CHN-02,0,0,1,1,1,0,0,0,0,0,0
2023-09-26,AST-3008,Belt Conveyor,CHN-02,2,1,0,3,10,1,1,0,0,0,0
2023-09-27,AST-3008,Belt Conveyor,CHN-02,0,2,0,2,4,0,0,0,0,0,0
2023-09-28,AST-3008,Belt Conveyor,CHN-02,0,1,0,1,2,0,0,0,0,0,0
2023-09-29,AST-3008,Belt Conveyor,CHN-02,1,3,1,5,11,1,1,1,0,0,0
2023-09-30,AST-3008,Belt Conveyor,CHN-02,0,0,0,0,0,0,0,0,0,0,0
2023-10-01,AST-3008,Belt Conveyor,CHN-02,0,0,0,0,0,0,0,0,0,0,0
2023-10-02,AST-3008,Belt Conveyor,CHN-02,1,1,1,3,7,1,0,0,0,0,0
2023-10-03,AST-3008,Belt Conveyor,CHN-02,1,2,2,5,10,1,1,0,0,0,0
2023-10-04,AST-3008,Belt Conveyor,CHN-02,1,1,0,2,6,0,0,0,0,0,0
2023-10-05,AST-3008,Belt Conveyor,CHN-02,1,1,1,3,7,1,0,0,0,0,0
2023-10-06,AST-3008,Belt Conveyor,CHN-02,0,0,0,0,0,0,0,0,0,0,0
2023-10-07,AST-3008,Belt Conveyor,CHN-02,0,0,0,0,0,0,0,0,0,0,0
2023-10-08,AST-3008,Belt Conveyor,CHN-02,0,0,0,0,0,0,0,0,0,0,0
2023-10-09,AST-3008,Belt Conveyor,CHN-02,3,0,0,3,12,1,1,1,1,0,0
2023-10-10,AST-3008,Belt Conveyor,CHN-02,1,0,0,1,4,0,0,0,0,0,0
2023-10-11,AST-3008,Belt Conveyor,CHN-02,2,0,1,3,9,1,0,0,0,0,0
2023-10-12,AST-3008,Belt Conveyor,CHN-02,2,1,1,4,11,1,1,1,0,0,0
2023-10-13,AST-3008,Belt Conveyor,CHN-02,1,1,0,2,6,0,0,0,0,0,0
2023-10-14,AST-3008,Belt Conveyor,CHN-02,0,0,0,0,0,0,0,0,0,0,0
2023-10-15,AST-3008,Belt Conveyor,CHN-02,0,0,0,0,0,0,0,0,0,0,0
2023-10-16,AST-3008,Belt Conveyor,CHN-02,0,2,0,2,4,0,0,0,0,0,0
2023-10-17,AST-3008,Belt Conveyor,CHN-02,1,2,1,4,9,1,0,0,0,0,0
2023-10-18,AST-3008,Belt Conveyor,CHN-02,0,5,0,5,10,1,1,0,0,0,0
2023-10-19,AST-3008,Belt Conveyor,CHN-02,1,0,1,2,5,0,0,0,0,0,0
2023-10-20,AST-3008,Belt Conveyor,CHN-02,2,1,0,3,10,1,1,0,0,0,0
2023-10-21,AST-3008,Belt Conveyor,CHN-02,0,0,0,0,0,0,0,0,0,0,0
2023-10-22,AST-3008,Belt Conveyor,CHN-02,0,0,0,0,0,0,0,0,0,0,0
2023-10-23,AST-3008,Belt Conveyor,CHN-02,2,0,1,3,9,1,0,0,0,0,0
2023-10-24,AST-3008,Belt Conveyor,CHN-02,2,3,1,6,15,1,1,1,1,1,1
2023-10-25,AST-3008,Belt Conveyor,CHN-02,1,1,0,2,6,0,0,0,0,0,0
2023-10-26,AST-3008,Belt Conveyor,CHN-02,0,4,0,4,8,1,0,0,0,0,0
2023-10-27,AST-3008,Belt Conveyor,CHN-02,2,1,0,3,10,1,1,0,0,0,0
2023-10-28,AST-3008,Belt Conveyor,CHN-02,0,0,0,0,0,0,0,0,0,0,0
2023-10-29,AST-3008,Belt Conveyor,CHN-02,0,0,0,0,0,0,0,0,0,0,0
2023-10-30,AST-3008,Belt Conveyor,CHN-02,2,1,0,3,10,1,1,0,0,0,0
2023-10-31,AST-3008,Belt Conveyor,CHN-02,2,4,0,6,16,1,1,1,1,1,1
2023-11-01,AST-3008,Belt Conveyor,CHN-02,1,2,1,4,9,1,0,0,0,0,0
2023-11-02,AST-3008,Belt Conveyor,CHN-02,1,0,1,2,5,0,0,0,0,0,0
2023-11-03,AST-3008,Belt Conveyor,CHN-02,4,2,1,7,21,1,1,1,1,1,1
2023-11-04,AST-3008,Belt Conveyor,CHN-02,0,0,0,0,0,0,0,0,0,0,0
2023-11-05,AST-3008,Belt Conveyor,CHN-02,0,0,0,0,0,0,0,0,0,0,0
2023-11-06,AST-3008,Belt Conveyor,CHN-02,1,1,1,3,7,1,0,0,0,0,0
2023-11-07,AST-3008,Belt Conveyor,CHN-02,0,1,0,1,2,0,0,0,0,0,0
2023-11-08,AST-3008,Belt Conveyor,CHN-02,0,0,1,1,1,0,0,0,0,0,0
2023-11-09,AST-3008,Belt Conveyor,CHN-02,0,1,1,2,3,0,0,0,0,0,0
2023-11-10,AST-3008,Belt Conveyor,CHN-02,2,1,0,3,10,1,1,0,0,0,0
2023-11-11,AST-3008,Belt Conveyor,CHN-02,0,0,0,0,0,0,0,0,0,0,0
2023-11-12,AST-3008,Belt Conveyor,CHN-02,0,0,0,0,0,0,0,0,0,0,0
2023-11-13,AST-3008,Belt Conveyor,CHN-02,1,2,0,3,8,1,0,0,0,0,0
2023-11-14,AST-3008,Belt Conveyor,CHN-02,1,0,2,3,6,0,0,0,0,0,0
2023-11-15,AST-3008,Belt Conveyor,CHN-02,2,2,1,5,13,1,1,1,1,1,0
2023-11-16,AST-3008,Belt Conveyor,CHN-02,1,3,0,4,10,1,1,0,0,0,0
2023-11-17,AST-3008,Belt Conveyor,CHN-02,0,1,1,2,3,0,0,0,0,0,0
2023-11-18,AST-3008,Belt Conveyor,CHN-02,0,0,0,0,0,0,0,0,0,0,0
2023-11-19,AST-3008,Belt Conveyor,CHN-02,0,0,0,0,0,0,0,0,0,0,0
2023-11-20,AST-3008,Belt Conveyor,CHN-02,1,0,1,2,5,0,0,0,0,0,0
2023-11-21,AST-3008,Belt Conveyor,CHN-02,1,0,1,2,5,0,0,0,0,0,0
2023-11-22,AST-3008,Belt Conveyor,CHN-02,1,1,0,2,6,0,0,0,0,0,0
2023-11-23,AST-3008,Belt Conveyor,CHN-02,1,2,1,4,9,1,0,0,0,0,0
2023-11-24,AST-3008,Belt Conveyor,CHN-02,2,0,0,2,8,1,0,0,0,0,0
2023-11-25,AST-3008,Belt Conveyor,CHN-02,0,0,0,0,0,0,0,0,0,0,0
2023-11-26,AST-3008,Belt Conveyor,CHN-02,0,0,0,0,0,0,0,0,0,0,0
2023-11-27,AST-3008,Belt Conveyor,CHN-02,2,1,0,3,10,1,1,0,0,0,0
2023-11-28,AST-3008,Belt Conveyor,CHN-02,1,2,0,3,8,1,0,0,0,0,0
2023-11-29,AST-3008,Belt Conveyor,CHN-02,0,1,0,1,2,0,0,0,0,0,0
2023-11-30,AST-3008,Belt Conveyor,CHN-02,1,2,0,3,8,1,0,0,0,0,0
2023-12-01,AST-3008,Belt Conveyor,CHN-02,0,2,0,2,4,0,0,0,0,0,0
2023-12-02,AST-3008,Belt Conveyor,CHN-02,0,0,0,0,0,0,0,0,0,0,0
2023-12-03,AST-3008,Belt Conveyor,CHN-02,0,0,0,0,0,0,0,0,0,0,0
2023-12-04,AST-3008,Belt Conveyor,CHN-02,1,2,0,3,8,1,0,0,0,0,0
2023-12-05,AST-3008,Belt Conveyor,CHN-02,0,0,0,0,0,0,0,0,0,0,0
2023-12-06,AST-3008,Belt Conveyor,CHN-02,1,3,0,4,10,1,1,0,0,0,0
2023-12-07,AST-3008,Belt Conveyor,CHN-02,1,1,2,4,8,1,0,0,0,0,0
2023-12-08,AST-3008,Belt Conveyor,CHN-02,0,1,0,1,2,0,0,0,0,0,0
2023-12-09,AST-3008,Belt Conveyor,CHN-02,0,0,0,0,0,0,0,0,0,0,0
2023-12-10,AST-3008,Belt Conveyor,CHN-02,0,0,0,0,0,0,0,0,0,0,0
2023-12-11,AST-3008,Belt Conveyor,CHN-02,0,0,0,0,0,0,0,0,0,0,0
2023-12-12,AST-3008,Belt Conveyor,CHN-02,2,1,1,4,11,1,1,1,0,0,0
2023-12-13,AST-3008,Belt Conveyor,CHN-02,1,2,1,4,9,1,0,0,0,0,0
2023-12-14,AST-3008,Belt Conveyor,CHN-02,1,0,0,1,4,0,0,0,0,0,0
2023-12-15,AST-3008,Belt Conveyor,CHN-02,1,2,2,5,10,1,1,0,0,0,0
2023-12-16,AST-3008,Belt Conveyor,CHN-02,0,0,0,0,0,0,0,0,0,0,0
2023-12-17,AST-3008,Belt Conveyor,CHN-02,0,0,0,0,0,0,0,0,0,0,0
2023-12-18,AST-3008,Belt Conveyor,CHN-02,3,2,0,5,16,1,1,1,1,1,1
2023-12-19,AST-3008,Belt Conveyor,CHN-02,1,1,2,4,8,1,0,0,0,0,0
2023-12-20,AST-3008,Belt Conveyor,CHN-02,0,0,1,1,1,0,0,0,0,0,0
2023-12-21,AST-3008,Belt Conveyor,CHN-02,0,0,0,0,0,0,0,0,0,0,0
2023-12-22,AST-3008,Belt Conveyor,CHN-02,0,2,0,2,4,0,0,0,0,0,0
2023-12-23,AST-3008,Belt Conveyor,CHN-02,0,0,0,0,0,0,0,0,0,0,0
2023-12-24,AST-3008,Belt Conveyor,CHN-02,0,0,0,0,0,0,0,0,0,0,0
2023-12-25,AST-3008,Belt Conveyor,CHN-02,1,0,0,1,4,0,0,0,0,0,0
2023-12-26,AST-3008,Belt Conveyor,CHN-02,1,2,0,3,8,1,0,0,0,0,0
2023-12-27,AST-3008,Belt Conveyor,CHN-02,1,0,2,3,6,0,0,0,0,0,0
2023-12-28,AST-3008,Belt Conveyor,CHN-02,1,1,0,2,6,0,0,0,0,0,0
2023-12-29,AST-3008,Belt Conveyor,CHN-02,1,1,0,2,6,0,0,0,0,0,0
2023-12-30,AST-3008,Belt Conveyor,CHN-02,0,0,0,0,0,0,0,0,0,0,0
2023-12-31,AST-3008,Belt Conveyor,CHN-02,0,0,0,0,0,0,0,0,0,0,0
2024-01-01,AST-3008,Belt Conveyor,CHN-02,1,3,1,5,11,1,1,1,0,0,0
2024-01-02,AST-3008,Belt Conveyor,CHN-02,0,0,1,1,1,0,0,0,0,0,0
2024-01-03,AST-3008,Belt Conveyor,CHN-02,1,2,0,3,8,1,0,0,0,0,0
2024-01-04,AST-3008,Belt Conveyor,CHN-02,0,1,0,1,2,0,0,0,0,0,0
2024-01-05,AST-3008,Belt Conveyor,CHN-02,2,2,0,4,12,1,1,1,1,0,0
2024-01-06,AST-3008,Belt Conveyor,CHN-02,0,0,0,0,0,0,0,0,0,0,0
2024-01-07,AST-3008,Belt Conveyor,CHN-02,0,0,0,0,0,0,0,0,0,0,0
2024-01-08,AST-3008,Belt Conveyor,CHN-02,2,0,0,2,8,1,0,0,0,0,0
2024-01-09,AST-3008,Belt Conveyor,CHN-02,2,1,0,3,10,1,1,0,0,0,0
2024-01-10,AST-3008,Belt Conveyor,CHN-02,1,1,0,2,6,0,0,0,0,0,0
2024-01-11,AST-3008,Belt Conveyor,CHN-02,0,2,0,2,4,0,0,0,0,0,0
2024-01-12,AST-3008,Belt Conveyor,CHN-02,2,2,1,5,13,1,1,1,1,1,0
2024-01-13,AST-3008,Belt Conveyor,CHN-02,0,0,0,0,0,0,0,0,0,0,0
2024-01-14,AST-3008,Belt Conveyor,CHN-02,0,0,0,0,0,0,0,0,0,0,0
2024-01-15,AST-3008,Belt Conveyor,CHN-02,1,0,1,2,5,0,0,0,0,0,0
2024-01-16,AST-3008,Belt Conveyor,CHN-02,2,2,1,5,13,1,1,1,1,1,0
2024-01-17,AST-3008,Belt Conveyor,CHN-02,1,0,3,4,7,1,0,0,0,0,0
2024-01-18,AST-3008,Belt Conveyor,CHN-02,1,2,1,4,9,1,0,0,0,0,0
2024-01-19,AST-3008,Belt Conveyor,CHN-02,2,2,1,5,13,1,1,1,1,1,0
2024-01-20,AST-3008,Belt Conveyor,CHN-02,0,0,0,0,0,0,0,0,0,0,0
2024-01-21,AST-3008,Belt Conveyor,CHN-02,0,0,0,0,0,0,0,0,0,0,0
2024-01-22,AST-3008,Belt Conveyor,CHN-02,0,0,1,1,1,0,0,0,0,0,0
2024-01-23,AST-3008,Belt Conveyor,CHN-02,1,3,1,5,11,1,1,1,0,0,0
2024-01-24,AST-3008,Belt Conveyor,CHN-02,0,3,1,4,7,1,0,0,0,0,0
2024-01-25,AST-3008,Belt Conveyor,CHN-02,1,0,1,2,5,0,0,0,0,0,0
2024-01-26,AST-3008,Belt Conveyor,CHN-02,1,0,0,1,4,0,0,0,0,0,0
2024-01-27,AST-3008,Belt Conveyor,CHN-02,0,0,0,0,0,0,0,0,0,0,0
2024-01-28,AST-3008,Belt Conveyor,CHN-02,0,0,0,0,0,0,0,0,0,0,0
2024-01-29,AST-3008,Belt Conveyor,CHN-02,0,3,0,3,6,0,0,0,0,0,0
2024-01-30,AST-3008,Belt Conveyor,CHN-02,1,1,1,3,7,1,0,0,0,0,0
2024-01-31,AST-3008,Belt Conveyor,CHN-02,1,1,0,2,6,0,0,0,0,0,0
2024-02-01,AST-3008,Belt Conveyor,CHN-02,2,1,0,3,10,1,1,0,0,0,0
2024-02-02,AST-3008,Belt Conveyor,CHN-02,1,1,2,4,8,1,0,0,0,0,0
2024-02-03,AST-3008,Belt Conveyor,CHN-02,0,0,0,0,0,0,0,0,0,0,0
2024-02-04,AST-3008,Belt Conveyor,CHN-02,0,0,0,0,0,0,0,0,0,0,0
2024-02-05,AST-3008,Belt Conveyor,CHN-02,2,3,0,5,14,1,1,1,1,1,1
2024-02-06,AST-3008,Belt Conveyor,CHN-02,0,1,0,1,2,0,0,0,0,0,0
2024-02-07,AST-3008,Belt Conveyor,CHN-02,0,1,0,1,2,0,0,0,0,0,0
2024-02-08,AST-3008,Belt Conveyor,CHN-02,0,0,0,0,0,0,0,0,0,0,0
2024-02-09,AST-3008,Belt Conveyor,CHN-02,2,1,0,3,10,1,1,0,0,0,0
2024-02-10,AST-3008,Belt Conveyor,CHN-02,0,0,0,0,0,0,0,0,0,0,0
2024-02-11,AST-3008,Belt Conveyor,CHN-02,0,0,0,0,0,0,0,0,0,0,0
2024-02-12,AST-3008,Belt Conveyor,CHN-02,1,2,1,4,9,1,0,0,0,0,0
2024-02-13,AST-3008,Belt Conveyor,CHN-02,1,1,1,3,7,1,0,0,0,0,0
2024-02-14,AST-3008,Belt Conveyor,CHN-02,2,0,0,2,8,1,0,0,0,0,0
2024-02-15,AST-3008,Belt Conveyor,CHN-02,1,3,0,4,10,1,1,0,0,0,0
2024-02-16,AST-3008,Belt Conveyor,CHN-02,1,1,1,3,7,1,0,0,0,0,0
2024-02-17,AST-3008,Belt Conveyor,CHN-02,0,0,0,0,0,0,0,0,0,0,0
2024-02-18,AST-3008,Belt Conveyor,CHN-02,0,0,0,0,0,0,0,0,0,0,0
2024-02-19,AST-3008,Belt Conveyor,CHN-02,3,2,0,5,16,1,1,1,1,1,1
2024-02-20,AST-3008,Belt Conveyor,CHN-02,2,1,1,4,11,1,1,1,0,0,0
2024-02-21,AST-3008,Belt Conveyor,CHN-02,1,1,1,3,7,1,0,0,0,0,0
2024-02-22,AST-3008,Belt Conveyor,CHN-02,0,4,1,5,9,1,0,0,0,0,0
2024-02-23,AST-3008,Belt Conveyor,CHN-02,1,2,0,3,8,1,0,0,0,0,0
2024-02-24,AST-3008,Belt Conveyor,CHN-02,0,0,0,0,0,0,0,0,0,0,0
2024-02-25,AST-3008,Belt Conveyor,CHN-02,0,0,0,0,0,0,0,0,0,0,0
2024-02-26,AST-3008,Belt Conveyor,CHN-02,1,1,0,2,6,0,0,0,0,0,0
2024-02-27,AST-3008,Belt Conveyor,CHN-02,2,2,0,4,12,1,1,1,1,0,0
2024-02-28,AST-3008,Belt Conveyor,CHN-02,2,1,0,3,10,1,1,0,0,0,0
2024-02-29,AST-3008,Belt Conveyor,CHN-02,1,0,1,2,5,0,0,0,0,0,0
2024-03-01,AST-3008,Belt Conveyor,CHN-02,1,0,1,2,5,0,0,0,0,0,0
2024-03-02,AST-3008,Belt Conveyor,CHN-02,0,0,0,0,0,0,0,0,0,0,0
2024-03-03,AST-3008,Belt Conveyor,CHN-02,0,0,0,0,0,0,0,0,0,0,0
2024-03-04,AST-3008,Belt Conveyor,CHN-02,0,0,0,0,0,0,0,0,0,0,0
2024-03-05,AST-3008,Belt Conveyor,CHN-02,3,1,0,4,14,1,1,1,1,1,1
2024-03-06,AST-3008,Belt Conveyor,CHN-02,1,0,0,1,4,0,0,0,0,0,0
2024-03-07,AST-3008,Belt Conveyor,CHN-02,2,3,1,6,15,1,1,1,1,1,1
2024-03-08,AST-3008,Belt Conveyor,CHN-02,2,3,0,5,14,1,1,1,1,1,1
2024-03-09,AST-3008,Belt Conveyor,CHN-02,0,0,0,0,0,0,0,0,0,0,0
2024-03-10,AST-3008,Belt Conveyor,CHN-02,0,0,0,0,0,0,0,0,0,0,0
2024-03-11,AST-3008,Belt Conveyor,CHN-02,3,0,1,4,13,1,1,1,1,1,0
2024-03-12,AST-3008,Belt Conveyor,CHN-02,2,0,0,2,8,1,0,0,0,0,0
2024-03-13,AST-3008,Belt Conveyor,CHN-02,0,0,1,1,1,0,0,0,0,0,0
2024-03-14,AST-3008,Belt Conveyor,CHN-02,1,4,1,6,13,1,1,1,1,1,0
2024-03-15,AST-3008,Belt Conveyor,CHN-02,2,1,2,5,12,1,1,1,1,0,0
2024-03-16,AST-3008,Belt Conveyor,CHN-02,0,0,0,0,0,0,0,0,0,0,0
2024-03-17,AST-3008,Belt Conveyor,CHN-02,0,0,0,0,0,0,0,0,0,0,0
2024-03-18,AST-3008,Belt Conveyor,CHN-02,0,1,1,2,3,0,0,0,0,0,0
2024-03-19,AST-3008,Belt Conveyor,CHN-02,3,2,0,5,16,1,1,1,1,1,1
2024-03-20,AST-3008,Belt Conveyor,CHN-02,2,3,1,6,15,1,1,1,1,1,1
2024-03-21,AST-3008,Belt Conveyor,CHN-02,0,1,1,2,3,0,0,0,0,0,0
2024-03-22,AST-3008,Belt Conveyor,CHN-02,0,1,0,1,2,0,0,0,0,0,0
2024-03-23,AST-3008,Belt Conveyor,CHN-02,0,0,0,0,0,0,0,0,0,0,0
2024-03-24,AST-3008,Belt Conveyor,CHN-02,0,0,0,0,0,0,0,0,0,0,0
2024-03-25,AST-3008,Belt Conveyor,CHN-02,1,2,1,4,9,1,0,0,0,0,0
2024-03-26,AST-3008,Belt Conveyor,CHN-02,0,1,0,1,2,0,0,0,0,0,0
2024-03-27,AST-3008,Belt Conveyor,CHN-02,0,2,1,3,5,0,0,0,0,0,0
2024-03-28,AST-3008,Belt Conveyor,CHN-02,0,2,0,2,4,0,0,0,0,0,0
2024-03-29,AST-3008,Belt Conveyor,CHN-02,1,0,0,1,4,0,0,0,0,0,0
2024-03-30,AST-3008,Belt Conveyor,CHN-02,0,0,0,0,0,0,0,0,0,0,0
2024-03-31,AST-3008,Belt Conveyor,CHN-02,0,0,0,0,0,0,0,0,0,0,0
2024-04-01,AST-3008,Belt Conveyor,CHN-02,5,0,0,5,20,1,1,1,1,1,1
2024-04-02,AST-3008,Belt Conveyor,CHN-02,1,2,0,3,8,1,0,0,0,0,0
2024-04-03,AST-3008,Belt Conveyor,CHN-02,2,1,0,3,10,1,1,0,0,0,0
2024-04-04,AST-3008,Belt Conveyor,CHN-02,2,0,1,3,9,1,0,0,0,0,0
2024-04-05,AST-3008,Belt Conveyor,CHN-02,2,0,1,3,9,1,0,0,0,0,0
2024-04-06,AST-3008,Belt Conveyor,CHN-02,0,0,0,0,0,0,0,0,0,0,0
2024-04-07,AST-3008,Belt Conveyor,CHN-02,0,0,0,0,0,0,0,0,0,0,0
2024-04-08,AST-3008,Belt Conveyor,CHN-02,0,1,0,1,2,0,0,0,0,0,0
2024-04-09,AST-3008,Belt Conveyor,CHN-02,2,1,0,3,10,1,1,0,0,0,0
2024-04-10,AST-3008,Belt Conveyor,CHN-02,2,2,0,4,12,1,1,1,1,0,0
2024-04-11,AST-3008,Belt Conveyor,CHN-02,0,0,1,1,1,0,0,0,0,0,0
2024-04-12,AST-3008,Belt Conveyor,CHN-02,1,1,0,2,6,0,0,0,0,0,0
2024-04-13,AST-3008,Belt Conveyor,CHN-02,0,0,0,0,0,0,0,0,0,0,0
2024-04-14,AST-3008,Belt Conveyor,CHN-02,0,0,0,0,0,0,0,0,0,0,0
2024-04-15,AST-3008,Belt Conveyor,CHN-02,1,1,0,2,6,0,0,0,0,0,0
2024-04-16,AST-3008,Belt Conveyor,CHN-02,0,1,0,1,2,0,0,0,0,0,0
2024-04-17,AST-3008,Belt Conveyor,CHN-02,2,0,1,3,9,1,0,0,0,0,0
2024-04-18,AST-3008,Belt Conveyor,CHN-02,0,1,0,1,2,0,0,0,0,0,0
2024-04-19,AST-3008,Belt Conveyor,CHN-02,0,0,0,0,0,0,0,0,0,0,0
2024-04-20,AST-3008,Belt Conveyor,CHN-02,0,0,0,0,0,0,0,0,0,0,0
2024-04-21,AST-3008,Belt Conveyor,CHN-02,0,0,0,0,0,0,0,0,0,0,0
2024-04-22,AST-3008,Belt Conveyor,CHN-02,1,1,1,3,7,1,0,0,0,0,0
2024-04-23,AST-3008,Belt Conveyor,CHN-02,1,0,3,4,7,1,0,0,0,0,0
2024-04-24,AST-3008,Belt Conveyor,CHN-02,2,0,0,2,8,1,0,0,0,0,0
2024-04-25,AST-3008,Belt Conveyor,CHN-02,2,1,0,3,10,1,1,0,0,0,0
2024-04-26,AST-3008,Belt Conveyor,CHN-02,1,1,0,2,6,0,0,0,0,0,0
2024-04-27,AST-3008,Belt Conveyor,CHN-02,0,0,0,0,0,0,0,0,0,0,0
2024-04-28,AST-3008,Belt Conveyor,CHN-02,0,0,0,0,0,0,0,0,0,0,0
2024-04-29,AST-3008,Belt Conveyor,CHN-02,2,2,0,4,12,1,1,1,1,0,0
2024-04-30,AST-3008,Belt Conveyor,CHN-02,2,0,0,2,8,1,0,0,0,0,0
2024-05-01,AST-3008,Belt Conveyor,CHN-02,0,0,0,0,0,0,0,0,0,0,0
2024-05-02,AST-3008,Belt Conveyor,CHN-02,0,2,0,2,4,0,0,0,0,0,0
2024-05-03,AST-3008,Belt Conveyor,CHN-02,0,1,1,2,3,0,0,0,0,0,0
2024-05-04,AST-3008,Belt Conveyor,CHN-02,0,0,0,0,0,0,0,0,0,0,0
2024-05-05,AST-3008,Belt Conveyor,CHN-02,0,0,0,0,0,0,0,0,0,0,0
2024-05-06,AST-3008,Belt Conveyor,CHN-02,1,1,0,2,6,0,0,0,0,0,0
2024-05-07,AST-3008,Belt Conveyor,CHN-02,1,1,0,2,6,0,0,0,0,0,0
2024-05-08,AST-3008,Belt Conveyor,CHN-02,1,1,1,3,7,1,0,0,0,0,0
2024-05-09,AST-3008,Belt Conveyor,CHN-02,1,0,0,1,4,0,0,0,0,0,0
2024-05-10,AST-3008,Belt Conveyor,CHN-02,0,1,0,1,2,0,0,0,0,0,0
2024-05-11,AST-3008,Belt Conveyor,CHN-02,0,0,0,0,0,0,0,0,0,0,0
2024-05-12,AST-3008,Belt Conveyor,CHN-02,0,0,0,0,0,0,0,0,0,0,0
2024-05-13,AST-3008,Belt Conveyor,CHN-02,1,2,0,3,8,1,0,0,0,0,0
2024-05-14,AST-3008,Belt Conveyor,CHN-02,0,0,0,0,0,0,0,0,0,0,0
2024-05-15,AST-3008,Belt Conveyor,CHN-02,2,0,1,3,9,1,0,0,0,0,0
2024-05-16,AST-3008,Belt Conveyor,CHN-02,0,1,2,3,4,0,0,0,0,0,0
2024-05-17,AST-3008,Belt Conveyor,CHN-02,2,1,1,4,11,1,1,1,0,0,0
2024-05-18,AST-3008,Belt Conveyor,CHN-02,0,0,0,0,0,0,0,0,0,0,0
2024-05-19,AST-3008,Belt Conveyor,CHN-02,0,0,0,0,0,0,0,0,0,0,0
2024-05-20,AST-3008,Belt Conveyor,CHN-02,0,1,1,2,3,0,0,0,0,0,0
2024-05-21,AST-3008,Belt Conveyor,CHN-02,0,1,0,1,2,0,0,0,0,0,0
2024-05-22,AST-3008,Belt Conveyor,CHN-02,0,1,1,2,3,0,0,0,0,0,0
2024-05-23,AST-3008,Belt Conveyor,CHN-02,0,0,0,0,0,0,0,0,0,0,0
2024-05-24,AST-3008,Belt Conveyor,CHN-02,0,2,0,2,4,0,0,0,0,0,0
2024-05-25,AST-3008,Belt Conveyor,CHN-02,0,0,0,0,0,0,0,0,0,0,0
2024-05-26,AST-3008,Belt Conveyor,CHN-02,0,0,0,0,0,0,0,0,0,0,0
2024-05-27,AST-3008,Belt Conveyor,CHN-02,0,2,0,2,4,0,0,0,0,0,0
2024-05-28,AST-3008,Belt Conveyor,CHN-02,0,2,0,2,4,0,0,0,0,0,0
2024-05-29,AST-3008,Belt Conveyor,CHN-02,1,0,0,1,4,0,0,0,0,0,0
2024-05-30,AST-3008,Belt Conveyor,CHN-02,1,2,1,4,9,1,0,0,0,0,0
2024-05-31,AST-3008,Belt Conveyor,CHN-02,0,2,1,3,5,0,0,0,0,0,0
2024-06-01,AST-3008,Belt Conveyor,CHN-02,0,0,0,0,0,0,0,0,0,0,0
2024-06-02,AST-3008,Belt Conveyor,CHN-02,0,0,0,0,0,0,0,0,0,0,0
2024-06-03,AST-3008,Belt Conveyor,CHN-02,0,1,0,1,2,0,0,0,0,0,0
2024-06-04,AST-3008,Belt Conveyor,CHN-02,1,3,0,4,10,1,1,0,0,0,0
2024-06-05,AST-3008,Belt Conveyor,CHN-02,1,0,1,2,5,0,0,0,0,0,0
2024-06-06,AST-3008,Belt Conveyor,CHN-02,0,1,0,1,2,0,0,0,0,0,0
2024-06-07,AST-3008,Belt Conveyor,CHN-02,2,1,0,3,10,1,1,0,0,0,0
2024-06-08,AST-3008,Belt Conveyor,CHN-02,0,0,0,0,0,0,0,0,0,0,0
2024-06-09,AST-3008,Belt Conveyor,CHN-02,0,0,0,0,0,0,0,0,0,0,0
2024-06-10,AST-3008,Belt Conveyor,CHN-02,0,2,0,2,4,0,0,0,0,0,0
2024-06-11,AST-3008,Belt Conveyor,CHN-02,1,1,0,2,6,0,0,0,0,0,0
2024-06-12,AST-3008,Belt Conveyor,CHN-02,0,2,0,2,4,0,0,0,0,0,0
2024-06-13,AST-3008,Belt Conveyor,CHN-02,0,2,0,2,4,0,0,0,0,0,0
2024-06-14,AST-3008,Belt Conveyor,CHN-02,1,2,0,3,8,1,0,0,0,0,0
2024-06-15,AST-3008,Belt Conveyor,CHN-02,0,0,0,0,0,0,0,0,0,0,0
2024-06-16,AST-3008,Belt Conveyor,CHN-02,0,0,0,0,0,0,0,0,0,0,0
2024-06-17,AST-3008,Belt Conveyor,CHN-02,2,3,0,5,14,1,1,1,1,1,1
2024-06-18,AST-3008,Belt Conveyor,CHN-02,0,0,0,0,0,0,0,0,0,0,0
2024-06-19,AST-3008,Belt Conveyor,CHN-02,1,1,1,3,7,1,0,0,0,0,0
2024-06-20,AST-3008,Belt Conveyor,CHN-02,1,0,0,1,4,0,0,0,0,0,0
2024-06-21,AST-3008,Belt Conveyor,CHN-02,1,1,0,2,6,0,0,0,0,0,0
2024-06-22,AST-3008,Belt Conveyor,CHN-02,0,0,0,0,0,0,0,0,0,0,0
2024-06-23,AST-3008,Belt Conveyor,CHN-02,0,0,0,0,0,0,0,0,0,0,0
2024-06-24,AST-3008,Belt Conveyor,CHN-02,0,2,1,3,5,0,0,0,0,0,0
2024-06-25,AST-3008,Belt Conveyor,CHN-02,0,2,0,2,4,0,0,0,0,0,0
2024-06-26,AST-3008,Belt Conveyor,CHN-02,1,0,1,2,5,0,0,0,0,0,0
2024-06-27,AST-3008,Belt Conveyor,CHN-02,1,1,1,3,7,1,0,0,0,0,0
2024-06-28,AST-3008,Belt Conveyor,CHN-02,2,1,1,4,11,1,1,1,0,0,0
2024-06-29,AST-3008,Belt Conveyor,CHN-02,0,0,0,0,0,0,0,0,0,0,0
2024-06-30,AST-3008,Belt Conveyor,CHN-02,0,0,0,0,0,0,0,0,0,0,0
2024-07-01,AST-3008,Belt Conveyor,CHN-02,1,1,0,2,6,0,0,0,0,0,0
2024-07-02,AST-3008,Belt Conveyor,CHN-02,1,0,0,1,4,0,0,0,0,0,0
2024-07-03,AST-3008,Belt Conveyor,CHN-02,0,1,0,1,2,0,0,0,0,0,0
2024-07-04,AST-3008,Belt Conveyor,CHN-02,1,2,1,4,9,1,0,0,0,0,0
2024-07-05,AST-3008,Belt Conveyor,CHN-02,1,3,0,4,10,1,1,0,0,0,0
2024-07-06,AST-3008,Belt Conveyor,CHN-02,0,0,0,0,0,0,0,0,0,0,0
2024-07-07,AST-3008,Belt Conveyor,CHN-02,0,0,0,0,0,0,0,0,0,0,0
2024-07-08,AST-3008,Belt Conveyor,CHN-02,0,1,0,1,2,0,0,0,0,0,0
2024-07-09,AST-3008,Belt Conveyor,CHN-02,0,4,0,4,8,1,0,0,0,0,0
2024-07-10,AST-3008,Belt Conveyor,CHN-02,3,1,0,4,14,1,1,1,1,1,1
2024-07-11,AST-3008,Belt Conveyor,CHN-02,1,1,0,2,6,0,0,0,0,0,0
2024-07-12,AST-3008,Belt Conveyor,CHN-02,1,0,0,1,4,0,0,0,0,0,0
2024-07-13,AST-3008,Belt Conveyor,CHN-02,0,0,0,0,0,0,0,0,0,0,0
2024-07-14,AST-3008,Belt Conveyor,CHN-02,0,0,0,0,0,0,0,0,0,0,0
2024-07-15,AST-3008,Belt Conveyor,CHN-02,2,1,0,3,10,1,1,0,0,0,0
2024-07-16,AST-3008,Belt Conveyor,CHN-02,1,0,0,1,4,0,0,0,0,0,0
2024-07-17,AST-3008,Belt Conveyor,CHN-02,0,2,0,2,4,0,0,0,0,0,0
2024-07-18,AST-3008,Belt Conveyor,CHN-02,1,2,2,5,10,1,1,0,0,0,0
2024-07-19,AST-3008,Belt Conveyor,CHN-02,2,2,0,4,12,1,1,1,1,0,0
2024-07-20,AST-3008,Belt Conveyor,CHN-02,0,0,0,0,0,0,0,0,0,0,0
2024-07-21,AST-3008,Belt Conveyor,CHN-02,0,0,0,0,0,0,0,0,0,0,0
2024-07-22,AST-3008,Belt Conveyor,CHN-02,1,1,1,3,7,1,0,0,0,0,0
2024-07-23,AST-3008,Belt Conveyor,CHN-02,1,0,0,1,4,0,0,0,0,0,0
2024-07-24,AST-3008,Belt Conveyor,CHN-02,2,0,0,2,8,1,0,0,0,0,0
2024-07-25,AST-3008,Belt Conveyor,CHN-02,1,1,0,2,6,0,0,0,0,0,0
2024-07-26,AST-3008,Belt Conveyor,CHN-02,0,1,0,1,2,0,0,0,0,0,0
2024-07-27,AST-3008,Belt Conveyor,CHN-02,0,0,0,0,0,0,0,0,0,0,0
2024-07-28,AST-3008,Belt Conveyor,CHN-02,0,0,0,0,0,0,0,0,0,0,0
2024-07-29,AST-3008,Belt Conveyor,CHN-02,0,3,0,3,6,0,0,0,0,0,0
2024-07-30,AST-3008,Belt Conveyor,CHN-02,1,3,0,4,10,1,1,0,0,0,0
2024-07-31,AST-3008,Belt Conveyor,CHN-02,1,0,0,1,4,0,0,0,0,0,0
2024-08-01,AST-3008,Belt Conveyor,CHN-02,1,2,0,3,8,1,0,0,0,0,0
2024-08-02,AST-3008,Belt Conveyor,CHN-02,0,2,0,2,4,0,0,0,0,0,0
2024-08-03,AST-3008,Belt Conveyor,CHN-02,0,0,0,0,0,0,0,0,0,0,0
2024-08-04,AST-3008,Belt Conveyor,CHN-02,0,0,0,0,0,0,0,0,0,0,0
2024-08-05,AST-3008,Belt Conveyor,CHN-02,2,2,0,4,12,1,1,1,1,0,0
2024-08-06,AST-3008,Belt Conveyor,CHN-02,0,0,1,1,1,0,0,0,0,0,0
2024-08-07,AST-3008,Belt Conveyor,CHN-02,0,0,1,1,1,0,0,0,0,0,0
2024-08-08,AST-3008,Belt Conveyor,CHN-02,0,2,0,2,4,0,0,0,0,0,0
2024-08-09,AST-3008,Belt Conveyor,CHN-02,2,0,0,2,8,1,0,0,0,0,0
2024-08-10,AST-3008,Belt Conveyor,CHN-02,0,0,0,0,0,0,0,0,0,0,0
2024-08-11,AST-3008,Belt Conveyor,CHN-02,0,0,0,0,0,0,0,0,0,0,0
2024-08-12,AST-3008,Belt Conveyor,CHN-02,0,1,1,2,3,0,0,0,0,0,0
2024-08-13,AST-3008,Belt Conveyor,CHN-02,0,0,0,0,0,0,0,0,0,0,0
2024-08-14,AST-3008,Belt Conveyor,CHN-02,2,1,1,4,11,1,1,1,0,0,0
2024-08-15,AST-3008,Belt Conveyor,CHN-02,0,3,0,3,6,0,0,0,0,0,0
2024-08-16,AST-3008,Belt Conveyor,CHN-02,1,2,1,4,9,1,0,0,0,0,0
2024-08-17,AST-3008,Belt Conveyor,CHN-02,0,0,0,0,0,0,0,0,0,0,0
2024-08-18,AST-3008,Belt Conveyor,CHN-02,0,0,0,0,0,0,0,0,0,0,0
2024-08-19,AST-3008,Belt Conveyor,CHN-02,1,2,0,3,8,1,0,0,0,0,0
2024-08-20,AST-3008,Belt Conveyor,CHN-02,1,2,0,3,8,1,0,0,0,0,0
2024-08-21,AST-3008,Belt Conveyor,CHN-02,0,1,0,1,2,0,0,0,0,0,0
2024-08-22,AST-3008,Belt Conveyor,CHN-02,1,1,0,2,6,0,0,0,0,0,0
2024-08-23,AST-3008,Belt Conveyor,CHN-02,1,1,1,3,7,1,0,0,0,0,0
2024-08-24,AST-3008,Belt Conveyor,CHN-02,0,0,0,0,0,0,0,0,0,0,0
2024-08-25,AST-3008,Belt Conveyor,CHN-02,0,0,0,0,0,0,0,0,0,0,0
2024-08-26,AST-3008,Belt Conveyor,CHN-02,1,1,1,3,7,1,0,0,0,0,0
2024-08-27,AST-3008,Belt Conveyor,CHN-02,2,1,0,3,10,1,1,0,0,0,0
2024-08-28,AST-3008,Belt Conveyor,CHN-02,0,1,1,2,3,0,0,0,0,0,0
2024-08-29,AST-3008,Belt Conveyor,CHN-02,0,1,1,2,3,0,0,0,0,0,0
2024-08-30,AST-3008,Belt Conveyor,CHN-02,3,1,0,4,14,1,1,1,1,1,1
2024-08-31,AST-3008,Belt Conveyor,CHN-02,0,0,0,0,0,0,0,0,0,0,0
2024-09-01,AST-3008,Belt Conveyor,CHN-02,0,0,0,0,0,0,0,0,0,0,0
2024-09-02,AST-3008,Belt Conveyor,CHN-02,1,2,0,3,8,1,0,0,0,0,0
2024-09-03,AST-3008,Belt Conveyor,CHN-02,2,0,1,3,9,1,0,0,0,0,0
2024-09-04,AST-3008,Belt Conveyor,CHN-02,1,3,0,4,10,1,1,0,0,0,0
2024-09-05,AST-3008,Belt Conveyor,CHN-02,0,1,0,1,2,0,0,0,0,0,0
2024-09-06,AST-3008,Belt Conveyor,CHN-02,1,1,0,2,6,0,0,0,0,0,0
2024-09-07,AST-3008,Belt Conveyor,CHN-02,0,0,0,0,0,0,0,0,0,0,0
2024-09-08,AST-3008,Belt Conveyor,CHN-02,0,0,0,0,0,0,0,0,0,0,0
2024-09-09,AST-3008,Belt Conveyor,CHN-02,2,0,0,2,8,1,0,0,0,0,0
2024-09-10,AST-3008,Belt Conveyor,CHN-02,1,2,0,3,8,1,0,0,0,0,0
2024-09-11,AST-3008,Belt Conveyor,CHN-02,2,1,1,4,11,1,1,1,0,0,0
2024-09-12,AST-3008,Belt Conveyor,CHN-02,1,0,0,1,4,0,0,0,0,0,0
2024-09-13,AST-3008,Belt Conveyor,CHN-02,0,1,1,2,3,0,0,0,0,0,0
2024-09-14,AST-3008,Belt Conveyor,CHN-02,0,0,0,0,0,0,0,0,0,0,0
2024-09-15,AST-3008,Belt Conveyor,CHN-02,0,0,0,0,0,0,0,0,0,0,0
2024-09-16,AST-3008,Belt Conveyor,CHN-02,0,0,0,0,0,0,0,0,0,0,0
2024-09-17,AST-3008,Belt Conveyor,CHN-02,3,1,1,5,15,1,1,1,1,1,1
2024-09-18,AST-3008,Belt Conveyor,CHN-02,1,1,1,3,7,1,0,0,0,0,0
2024-09-19,AST-3008,Belt Conveyor,CHN-02,1,2,1,4,9,1,0,0,0,0,0
2024-09-20,AST-3008,Belt Conveyor,CHN-02,0,0,1,1,1,0,0,0,0,0,0
2024-09-21,AST-3008,Belt Conveyor,CHN-02,0,0,0,0,0,0,0,0,0,0,0
2024-09-22,AST-3008,Belt Conveyor,CHN-02,0,0,0,0,0,0,0,0,0,0,0
2024-09-23,AST-3008,Belt Conveyor,CHN-02,0,2,1,3,5,0,0,0,0,0,0
2024-09-24,AST-3008,Belt Conveyor,CHN-02,2,1,1,4,11,1,1,1,0,0,0
2024-09-25,AST-3008,Belt Conveyor,CHN-02,1,0,1,2,5,0,0,0,0,0,0
2024-09-26,AST-3008,Belt Conveyor,CHN-02,2,0,0,2,8,1,0,0,0,0,0
2024-09-27,AST-3008,Belt Conveyor,CHN-02,1,1,0,2,6,0,0,0,0,0,0
2024-09-28,AST-3008,Belt Conveyor,CHN-02,0,0,0,0,0,0,0,0,0,0,0
2024-09-29,AST-3008,Belt Conveyor,CHN-02,0,0,0,0,0,0,0,0,0,0,0
2024-09-30,AST-3008,Belt Conveyor,CHN-02,1,0,0,1,4,0,0,0,0,0,0
2024-10-01,AST-3008,Belt Conveyor,CHN-02,2,3,0,5,14,1,1,1,1,1,1
2024-10-02,AST-3008,Belt Conveyor,CHN-02,2,0,0,2,8,1,0,0,0,0,0
2024-10-03,AST-3008,Belt Conveyor,CHN-02,0,2,2,4,6,0,0,0,0,0,0
2024-10-04,AST-3008,Belt Conveyor,CHN-02,1,1,0,2,6,0,0,0,0,0,0
2024-10-05,AST-3008,Belt Conveyor,CHN-02,0,0,0,0,0,0,0,0,0,0,0
2024-10-06,AST-3008,Belt Conveyor,CHN-02,0,0,0,0,0,0,0,0,0,0,0
2024-10-07,AST-3008,Belt Conveyor,CHN-02,1,0,0,1,4,0,0,0,0,0,0
2024-10-08,AST-3008,Belt Conveyor,CHN-02,2,0,0,2,8,1,0,0,0,0,0
2024-10-09,AST-3008,Belt Conveyor,CHN-02,3,1,0,4,14,1,1,1,1,1,1
2024-10-10,AST-3008,Belt Conveyor,CHN-02,0,0,1,1,1,0,0,0,0,0,0
2024-10-11,AST-3008,Belt Conveyor,CHN-02,2,1,1,4,11,1,1,1,0,0,0
2024-10-12,AST-3008,Belt Conveyor,CHN-02,0,0,0,0,0,0,0,0,0,0,0
2024-10-13,AST-3008,Belt Conveyor,CHN-02,0,0,0,0,0,0,0,0,0,0,0
2024-10-14,AST-3008,Belt Conveyor,CHN-02,0,1,0,1,2,0,0,0,0,0,0
2024-10-15,AST-3008,Belt Conveyor,CHN-02,1,2,1,4,9,1,0,0,0,0,0
2024-10-16,AST-3008,Belt Conveyor,CHN-02,1,3,0,4,10,1,1,0,0,0,0
2024-10-17,AST-3008,Belt Conveyor,CHN-02,1,2,0,3,8,1,0,0,0,0,0
2024-10-18,AST-3008,Belt Conveyor,CHN-02,0,1,1,2,3,0,0,0,0,0,0
2024-10-19,AST-3008,Belt Conveyor,CHN-02,0,0,0,0,0,0,0,0,0,0,0
2024-10-20,AST-3008,Belt Conveyor,CHN-02,0,0,0,0,0,0,0,0,0,0,0
2024-10-21,AST-3008,Belt Conveyor,CHN-02,1,0,1,2,5,0,0,0,0,0,0
2024-10-22,AST-3008,Belt Conveyor,CHN-02,2,1,0,3,10,1,1,0,0,0,0
2024-10-23,AST-3008,Belt Conveyor,CHN-02,2,2,0,4,12,1,1,1,1,0,0
2024-10-24,AST-3008,Belt Conveyor,CHN-02,1,1,0,2,6,0,0,0,0,0,0
2024-10-25,AST-3008,Belt Conveyor,CHN-02,2,0,0,2,8,1,0,0,0,0,0
2024-10-26,AST-3008,Belt Conveyor,CHN-02,0,0,0,0,0,0,0,0,0,0,0
2024-10-27,AST-3008,Belt Conveyor,CHN-02,0,0,0,0,0,0,0,0,0,0,0
2024-10-28,AST-3008,Belt Conveyor,CHN-02,0,2,1,3,5,0,0,0,0,0,0
2024-10-29,AST-3008,Belt Conveyor,CHN-02,1,2,0,3,8,1,0,0,0,0,0
2024-10-30,AST-3008,Belt Conveyor,CHN-02,0,0,1,1,1,0,0,0,0,0,0
2024-10-31,AST-3008,Belt Conveyor,CHN-02,0,2,0,2,4,0,0,0,0,0,0
2024-11-01,AST-3008,Belt Conveyor,CHN-02,2,0,0,2,8,1,0,0,0,0,0
2024-11-02,AST-3008,Belt Conveyor,CHN-02,0,0,0,0,0,0,0,0,0,0,0
2024-11-03,AST-3008,Belt Conveyor,CHN-02,0,0,0,0,0,0,0,0,0,0,0
2024-11-04,AST-3008,Belt Conveyor,CHN-02,1,1,0,2,6,0,0,0,0,0,0
2024-11-05,AST-3008,Belt Conveyor,CHN-02,1,3,1,5,11,1,1,1,0,0,0
2024-11-06,AST-3008,Belt Conveyor,CHN-02,1,0,0,1,4,0,0,0,0,0,0
2024-11-07,AST-3008,Belt Conveyor,CHN-02,2,1,1,4,11,1,1,1,0,0,0
2024-11-08,AST-3008,Belt Conveyor,CHN-02,2,0,0,2,8,1,0,0,0,0,0
2024-11-09,AST-3008,Belt Conveyor,CHN-02,0,0,0,0,0,0,0,0,0,0,0
2024-11-10,AST-3008,Belt Conveyor,CHN-02,0,0,0,0,0,0,0,0,0,0,0
2024-11-11,AST-3008,Belt Conveyor,CHN-02,1,0,0,1,4,0,0,0,0,0,0
2024-11-12,AST-3008,Belt Conveyor,CHN-02,1,3,1,5,11,1,1,1,0,0,0
2024-11-13,AST-3008,Belt Conveyor,CHN-02,1,3,0,4,10,1,1,0,0,0,0
2024-11-14,AST-3008,Belt Conveyor,CHN-02,0,1,1,2,3,0,0,0,0,0,0
2024-11-15,AST-3008,Belt Conveyor,CHN-02,2,1,1,4,11,1,1,1,0,0,0
2024-11-16,AST-3008,Belt Conveyor,CHN-02,0,0,0,0,0,0,0,0,0,0,0
2024-11-17,AST-3008,Belt Conveyor,CHN-02,0,0,0,0,0,0,0,0,0,0,0
2024-11-18,AST-3008,Belt Conveyor,CHN-02,0,2,0,2,4,0,0,0,0,0,0
2024-11-19,AST-3008,Belt Conveyor,CHN-02,2,1,1,4,11,1,1,1,0,0,0
2024-11-20,AST-3008,Belt Conveyor,CHN-02,1,2,0,3,8,1,0,0,0,0,0
2024-11-21,AST-3008,Belt Conveyor,CHN-02,1,0,0,1,4,0,0,0,0,0,0
2024-11-22,AST-3008,Belt Conveyor,CHN-02,0,1,0,1,2,0,0,0,0,0,0
2024-11-23,AST-3008,Belt Conveyor,CHN-02,0,0,0,0,0,0,0,0,0,0,0
2024-11-24,AST-3008,Belt Conveyor,CHN-02,0,0,0,0,0,0,0,0,0,0,0
2024-11-25,AST-3008,Belt Conveyor,CHN-02,0,1,1,2,3,0,0,0,0,0,0
2024-11-26,AST-3008,Belt Conveyor,CHN-02,1,0,1,2,5,0,0,0,0,0,0
2024-11-27,AST-3008,Belt Conveyor,CHN-02,1,0,1,2,5,0,0,0,0,0,0
2024-11-28,AST-3008,Belt Conveyor,CHN-02,1,0,0,1,4,0,0,0,0,0,0
2024-11-29,AST-3008,Belt Conveyor,CHN-02,0,0,0,0,0,0,0,0,0,0,0
2024-11-30,AST-3008,Belt Conveyor,CHN-02,0,0,0,0,0,0,0,0,0,0,0
2024-12-01,AST-3008,Belt Conveyor,CHN-02,0,0,0,0,0,0,0,0,0,0,0
2024-12-02,AST-3008,Belt Conveyor,CHN-02,3,0,0,3,12,1,1,1,1,0,0
2024-12-03,AST-3008,Belt Conveyor,CHN-02,0,0,2,2,2,0,0,0,0,0,0
2024-12-04,AST-3008,Belt Conveyor,CHN-02,1,0,0,1,4,0,0,0,0,0,0
2024-12-05,AST-3008,Belt Conveyor,CHN-02,2,0,1,3,9,1,0,0,0,0,0
2024-12-06,AST-3008,Belt Conveyor,CHN-02,0,2,0,2,4,0,0,0,0,0,0
2024-12-07,AST-3008,Belt Conveyor,CHN-02,0,0,0,0,0,0,0,0,0,0,0
2024-12-08,AST-3008,Belt Conveyor,CHN-02,0,0,0,0,0,0,0,0,0,0,0
2024-12-09,AST-3008,Belt Conveyor,CHN-02,0,2,0,2,4,0,0,0,0,0,0
2024-12-10,AST-3008,Belt Conveyor,CHN-02,2,1,0,3,10,1,1,0,0,0,0
2024-12-11,AST-3008,Belt Conveyor,CHN-02,1,1,3,5,9,1,0,0,0,0,0
2024-12-12,AST-3008,Belt Conveyor,CHN-02,1,3,0,4,10,1,1,0,0,0,0
2024-12-13,AST-3008,Belt Conveyor,CHN-02,1,1,1,3,7,1,0,0,0,0,0
2024-12-14,AST-3008,Belt Conveyor,CHN-02,0,0,0,0,0,0,0,0,0,0,0
2024-12-15,AST-3008,Belt Conveyor,CHN-02,0,0,0,0,0,0,0,0,0,0,0
2024-12-16,AST-3008,Belt Conveyor,CHN-02,2,2,0,4,12,1,1,1,1,0,0
2024-12-17,AST-3008,Belt Conveyor,CHN-02,0,2,0,2,4,0,0,0,0,0,0
2024-12-18,AST-3008,Belt Conveyor,CHN-02,0,3,0,3,6,0,0,0,0,0,0
2024-12-19,AST-3008,Belt Conveyor,CHN-02,1,2,1,4,9,1,0,0,0,0,0
2024-12-20,AST-3008,Belt Conveyor,CHN-02,1,1,0,2,6,0,0,0,0,0,0
2024-12-21,AST-3008,Belt Conveyor,CHN-02,0,0,0,0,0,0,0,0,0,0,0
2024-12-22,AST-3008,Belt Conveyor,CHN-02,0,0,0,0,0,0,0,0,0,0,0
2024-12-23,AST-3008,Belt Conveyor,CHN-02,0,1,2,3,4,0,0,0,0,0,0
2024-12-24,AST-3008,Belt Conveyor,CHN-02,1,1,0,2,6,0,0,0,0,0,0
2024-12-25,AST-3008,Belt Conveyor,CHN-02,1,2,0,3,8,1,0,0,0,0,0
2024-12-26,AST-3008,Belt Conveyor,CHN-02,0,1,0,1,2,0,0,0,0,0,0
2024-12-27,AST-3008,Belt Conveyor,CHN-02,0,1,1,2,3,0,0,0,0,0,0
2024-12-28,AST-3008,Belt Conveyor,CHN-02,0,0,0,0,0,0,0,0,0,0,0
2024-12-29,AST-3008,Belt Conveyor,CHN-02,0,0,0,0,0,0,0,0,0,0,0
2024-12-30,AST-3008,Belt Conveyor,CHN-02,0,0,0,0,0,0,0,0,0,0,0
2024-12-31,AST-3008,Belt Conveyor,CHN-02,1,0,0,1,4,0,0,0,0,0,0
2025-01-01,AST-3008,Belt Conveyor,CHN-02,1,1,1,3,7,1,0,0,0,0,0
2022-01-03,AST-3019,Belt Conveyor,CHN-02,1,0,0,1,4,0,0,0,0,0,0
2022-01-04,AST-3019,Belt Conveyor,CHN-02,1,0,0,1,4,0,0,0,0,0,0
2022-01-05,AST-3019,Belt Conveyor,CHN-02,0,2,0,2,4,0,0,0,0,0,0
2022-01-06,AST-3019,Belt Conveyor,CHN-02,3,0,1,4,13,1,1,1,1,1,0
2022-01-07,AST-3019,Belt Conveyor,CHN-02,1,1,0,2,6,0,0,0,0,0,0
2022-01-08,AST-3019,Belt Conveyor,CHN-02,0,0,0,0,0,0,0,0,0,0,0
2022-01-09,AST-3019,Belt Conveyor,CHN-02,0,0,0,0,0,0,0,0,0,0,0
2022-01-10,AST-3019,Belt Conveyor,CHN-02,1,0,0,1,4,0,0,0,0,0,0
2022-01-11,AST-3019,Belt Conveyor,CHN-02,1,2,1,4,9,1,0,0,0,0,0
2022-01-12,AST-3019,Belt Conveyor,CHN-02,1,0,0,1,4,0,0,0,0,0,0
2022-01-13,AST-3019,Belt Conveyor,CHN-02,1,2,0,3,8,1,0,0,0,0,0
2022-01-14,AST-3019,Belt Conveyor,CHN-02,0,0,0,0,0,0,0,0,0,0,0
2022-01-15,AST-3019,Belt Conveyor,CHN-02,0,0,0,0,0,0,0,0,0,0,0
2022-01-16,AST-3019,Belt Conveyor,CHN-02,0,0,0,0,0,0,0,0,0,0,0
2022-01-17,AST-3019,Belt Conveyor,CHN-02,1,2,0,3,8,1,0,0,0,0,0
2022-01-18,AST-3019,Belt Conveyor,CHN-02,1,0,2,3,6,0,0,0,0,0,0
2022-01-19,AST-3019,Belt Conveyor,CHN-02,1,0,0,1,4,0,0,0,0,0,0
2022-01-20,AST-3019,Belt Conveyor,CHN-02,1,3,0,4,10,1,1,0,0,0,0
2022-01-21,AST-3019,Belt Conveyor,CHN-02,1,1,0,2,6,0,0,0,0,0,0
2022-01-22,AST-3019,Belt Conveyor,CHN-02,0,0,0,0,0,0,0,0,0,0,0
2022-01-23,AST-3019,Belt Conveyor,CHN-02,0,0,0,0,0,0,0,0,0,0,0
2022-01-24,AST-3019,Belt Conveyor,CHN-02,2,1,0,3,10,1,1,0,0,0,0
2022-01-25,AST-3019,Belt Conveyor,CHN-02,2,0,0,2,8,1,0,0,0,0,0
2022-01-26,AST-3019,Belt Conveyor,CHN-02,1,1,1,3,7,1,0,0,0,0,0
2022-01-27,AST-3019,Belt Conveyor,CHN-02,1,1,0,2,6,0,0,0,0,0,0
2022-01-28,AST-3019,Belt Conveyor,CHN-02,1,2,0,3,8,1,0,0,0,0,0
2022-01-29,AST-3019,Belt Conveyor,CHN-02,0,0,0,0,0,0,0,0,0,0,0
2022-01-30,AST-3019,Belt Conveyor,CHN-02,0,0,0,0,0,0,0,0,0,0,0
2022-01-31,AST-3019,Belt Conveyor,CHN-02,1,1,0,2,6,0,0,0,0,0,0
2022-02-01,AST-3019,Belt Conveyor,CHN-02,0,0,0,0,0,0,0,0,0,0,0
2022-02-02,AST-3019,Belt Conveyor,CHN-02,0,0,0,0,0,0,0,0,0,0,0
2022-02-03,AST-3019,Belt Conveyor,CHN-02,1,2,0,3,8,1,0,0,0,0,0
2022-02-04,AST-3019,Belt Conveyor,CHN-02,2,0,1,3,9,1,0,0,0,0,0
2022-02-05,AST-3019,Belt Conveyor,CHN-02,0,0,0,0,0,0,0,0,0,0,0
2022-02-06,AST-3019,Belt Conveyor,CHN-02,0,0,0,0,0,0,0,0,0,0,0
2022-02-07,AST-3019,Belt Conveyor,CHN-02,2,2,0,4,12,1,1,1,1,0,0
2022-02-08,AST-3019,Belt Conveyor,CHN-02,0,0,2,2,2,0,0,0,0,0,0
2022-02-09,AST-3019,Belt Conveyor,CHN-02,0,0,1,1,1,0,0,0,0,0,0
2022-02-10,AST-3019,Belt Conveyor,CHN-02,1,3,0,4,10,1,1,0,0,0,0
2022-02-11,AST-3019,Belt Conveyor,CHN-02,1,0,0,1,4,0,0,0,0,0,0
2022-02-12,AST-3019,Belt Conveyor,CHN-02,0,0,0,0,0,0,0,0,0,0,0
2022-02-13,AST-3019,Belt Conveyor,CHN-02,0,0,0,0,0,0,0,0,0,0,0
2022-02-14,AST-3019,Belt Conveyor,CHN-02,1,1,1,3,7,1,0,0,0,0,0
2022-02-15,AST-3019,Belt Conveyor,CHN-02,0,1,1,2,3,0,0,0,0,0,0
2022-02-16,AST-3019,Belt Conveyor,CHN-02,2,1,1,4,11,1,1,1,0,0,0
2022-02-17,AST-3019,Belt Conveyor,CHN-02,0,2,1,3,5,0,0,0,0,0,0
2022-02-18,AST-3019,Belt Conveyor,CHN-02,0,0,2,2,2,0,0,0,0,0,0
2022-02-19,AST-3019,Belt Conveyor,CHN-02,0,0,0,0,0,0,0,0,0,0,0
2022-02-20,AST-3019,Belt Conveyor,CHN-02,0,0,0,0,0,0,0,0,0,0,0
2022-02-21,AST-3019,Belt Conveyor,CHN-02,2,2,2,6,14,1,1,1,1,1,1
2022-02-22,AST-3019,Belt Conveyor,CHN-02,1,0,0,1,4,0,0,0,0,0,0
2022-02-23,AST-3019,Belt Conveyor,CHN-02,3,0,0,3,12,1,1,1,1,0,0
2022-02-24,AST-3019,Belt Conveyor,CHN-02,2,2,1,5,13,1,1,1,1,1,0
2022-02-25,AST-3019,Belt Conveyor,CHN-02,0,0,1,1,1,0,0,0,0,0,0
2022-02-26,AST-3019,Belt Conveyor,CHN-02,0,0,0,0,0,0,0,0,0,0,0
2022-02-27,AST-3019,Belt Conveyor,CHN-02,0,0,0,0,0,0,0,0,0,0,0
2022-02-28,AST-3019,Belt Conveyor,CHN-02,1,1,0,2,6,0,0,0,0,0,0
2022-03-01,AST-3019,Belt Conveyor,CHN-02,0,0,0,0,0,0,0,0,0,0,0
2022-03-02,AST-3019,Belt Conveyor,CHN-02,2,2,0,4,12,1,1,1,1,0,0
2022-03-03,AST-3019,Belt Conveyor,CHN-02,1,0,0,1,4,0,0,0,0,0,0
2022-03-04,AST-3019,Belt Conveyor,CHN-02,1,0,0,1,4,0,0,0,0,0,0
2022-03-05,AST-3019,Belt Conveyor,CHN-02,0,0,0,0,0,0,0,0,0,0,0
2022-03-06,AST-3019,Belt Conveyor,CHN-02,0,0,0,0,0,0,0,0,0,0,0
2022-03-07,AST-3019,Belt Conveyor,CHN-02,1,1,0,2,6,0,0,0,0,0,0
2022-03-08,AST-3019,Belt Conveyor,CHN-02,0,1,0,1,2,0,0,0,0,0,0
2022-03-09,AST-3019,Belt Conveyor,CHN-02,1,1,0,2,6,0,0,0,0,0,0
2022-03-10,AST-3019,Belt Conveyor,CHN-02,0,0,0,0,0,0,0,0,0,0,0
2022-03-11,AST-3019,Belt Conveyor,CHN-02,2,1,1,4,11,1,1,1,0,0,0
2022-03-12,AST-3019,Belt Conveyor,CHN-02,0,0,0,0,0,0,0,0,0,0,0
2022-03-13,AST-3019,Belt Conveyor,CHN-02,0,0,0,0,0,0,0,0,0,0,0
2022-03-14,AST-3019,Belt Conveyor,CHN-02,1,3,1,5,11,1,1,1,0,0,0
2022-03-15,AST-3019,Belt Conveyor,CHN-02,1,0,0,1,4,0,0,0,0,0,0
2022-03-16,AST-3019,Belt Conveyor,CHN-02,2,2,0,4,12,1,1,1,1,0,0
2022-03-17,AST-3019,Belt Conveyor,CHN-02,1,0,0,1,4,0,0,0,0,0,0
2022-03-18,AST-3019,Belt Conveyor,CHN-02,0,2,0,2,4,0,0,0,0,0,0
2022-03-19,AST-3019,Belt Conveyor,CHN-02,0,0,0,0,0,0,0,0,0,0,0
2022-03-20,AST-3019,Belt Conveyor,CHN-02,0,0,0,0,0,0,0,0,0,0,0
2022-03-21,AST-3019,Belt Conveyor,CHN-02,2,1,0,3,10,1,1,0,0,0,0
2022-03-22,AST-3019,Belt Conveyor,CHN-02,1,0,0,1,4,0,0,0,0,0,0
2022-03-23,AST-3019,Belt Conveyor,CHN-02,0,1,1,2,3,0,0,0,0,0,0
2022-03-24,AST-3019,Belt Conveyor,CHN-02,1,2,0,3,8,1,0,0,0,0,0
2022-03-25,AST-3019,Belt Conveyor,CHN-02,0,1,0,1,2,0,0,0,0,0,0
2022-03-26,AST-3019,Belt Conveyor,CHN-02,0,0,0,0,0,0,0,0,0,0,0
2022-03-27,AST-3019,Belt Conveyor,CHN-02,0,0,0,0,0,0,0,0,0,0,0
2022-03-28,AST-3019,Belt Conveyor,CHN-02,1,1,1,3,7,1,0,0,0,0,0
2022-03-29,AST-3019,Belt Conveyor,CHN-02,1,0,1,2,5,0,0,0,0,0,0
2022-03-30,AST-3019,Belt Conveyor,CHN-02,0,0,0,0,0,0,0,0,0,0,0
2022-03-31,AST-3019,Belt Conveyor,CHN-02,0,1,0,1,2,0,0,0,0,0,0
2022-04-01,AST-3019,Belt Conveyor,CHN-02,0,0,0,0,0,0,0,0,0,0,0
2022-04-02,AST-3019,Belt Conveyor,CHN-02,0,0,0,0,0,0,0,0,0,0,0
2022-04-03,AST-3019,Belt Conveyor,CHN-02,0,0,0,0,0,0,0,0,0,0,0
2022-04-04,AST-3019,Belt Conveyor,CHN-02,0,0,0,0,0,0,0,0,0,0,0
2022-04-05,AST-3019,Belt Conveyor,CHN-02,1,0,1,2,5,0,0,0,0,0,0
2022-04-06,AST-3019,Belt Conveyor,CHN-02,1,2,1,4,9,1,0,0,0,0,0
2022-04-07,AST-3019,Belt Conveyor,CHN-02,0,0,0,0,0,0,0,0,0,0,0
2022-04-08,AST-3019,Belt Conveyor,CHN-02,0,1,0,1,2,0,0,0,0,0,0
2022-04-09,AST-3019,Belt Conveyor,CHN-02,0,0,0,0,0,0,0,0,0,0,0
2022-04-10,AST-3019,Belt Conveyor,CHN-02,0,0,0,0,0,0,0,0,0,0,0
2022-04-11,AST-3019,Belt Conveyor,CHN-02,0,0,1,1,1,0,0,0,0,0,0
2022-04-12,AST-3019,Belt Conveyor,CHN-02,0,1,0,1,2,0,0,0,0,0,0
2022-04-13,AST-3019,Belt Conveyor,CHN-02,1,0,0,1,4,0,0,0,0,0,0
2022-04-14,AST-3019,Belt Conveyor,CHN-02,0,1,0,1,2,0,0,0,0,0,0
2022-04-15,AST-3019,Belt Conveyor,CHN-02,0,2,0,2,4,0,0,0,0,0,0
2022-04-16,AST-3019,Belt Conveyor,CHN-02,0,0,0,0,0,0,0,0,0,0,0
2022-04-17,AST-3019,Belt Conveyor,CHN-02,0,0,0,0,0,0,0,0,0,0,0
2022-04-18,AST-3019,Belt Conveyor,CHN-02,3,1,1,5,15,1,1,1,1,1,1
2022-04-19,AST-3019,Belt Conveyor,CHN-02,2,0,1,3,9,1,0,0,0,0,0
2022-04-20,AST-3019,Belt Conveyor,CHN-02,2,1,1,4,11,1,1,1,0,0,0
2022-04-21,AST-3019,Belt Conveyor,CHN-02,0,0,1,1,1,0,0,0,0,0,0
2022-04-22,AST-3019,Belt Conveyor,CHN-02,2,1,0,3,10,1,1,0,0,0,0
2022-04-23,AST-3019,Belt Conveyor,CHN-02,0,0,0,0,0,0,0,0,0,0,0
2022-04-24,AST-3019,Belt Conveyor,CHN-02,0,0,0,0,0,0,0,0,0,0,0
2022-04-25,AST-3019,Belt Conveyor,CHN-02,0,0,1,1,1,0,0,0,0,0,0
2022-04-26,AST-3019,Belt Conveyor,CHN-02,0,2,0,2,4,0,0,0,0,0,0
2022-04-27,AST-3019,Belt Conveyor,CHN-02,1,2,0,3,8,1,0,0,0,0,0
2022-04-28,AST-3019,Belt Conveyor,CHN-02,0,0,0,0,0,0,0,0,0,0,0
2022-04-29,AST-3019,Belt Conveyor,CHN-02,2,1,0,3,10,1,1,0,0,0,0
2022-04-30,AST-3019,Belt Conveyor,CHN-02,0,0,0,0,0,0,0,0,0,0,0
2022-05-01,AST-3019,Belt Conveyor,CHN-02,0,0,0,0,0,0,0,0,0,0,0
2022-05-02,AST-3019,Belt Conveyor,CHN-02,0,0,1,1,1,0,0,0,0,0,0
2022-05-03,AST-3019,Belt Conveyor,CHN-02,0,0,0,0,0,0,0,0,0,0,0
2022-05-04,AST-3019,Belt Conveyor,CHN-02,0,2,1,3,5,0,0,0,0,0,0
2022-05-05,AST-3019,Belt Conveyor,CHN-02,1,0,0,1,4,0,0,0,0,0,0
2022-05-06,AST-3019,Belt Conveyor,CHN-02,1,1,0,2,6,0,0,0,0,0,0
2022-05-07,AST-3019,Belt Conveyor,CHN-02,0,0,0,0,0,0,0,0,0,0,0
2022-05-08,AST-3019,Belt Conveyor,CHN-02,0,0,0,0,0,0,0,0,0,0,0
2022-05-09,AST-3019,Belt Conveyor,CHN-02,2,0,0,2,8,1,0,0,0,0,0
2022-05-10,AST-3019,Belt Conveyor,CHN-02,1,2,0,3,8,1,0,0,0,0,0
2022-05-11,AST-3019,Belt Conveyor,CHN-02,4,0,0,4,16,1,1,1,1,1,1
2022-05-12,AST-3019,Belt Conveyor,CHN-02,0,1,0,1,2,0,0,0,0,0,0
2022-05-13,AST-3019,Belt Conveyor,CHN-02,0,0,0,0,0,0,0,0,0,0,0
2022-05-14,AST-3019,Belt Conveyor,CHN-02,0,0,0,0,0,0,0,0,0,0,0
2022-05-15,AST-3019,Belt Conveyor,CHN-02,0,0,0,0,0,0,0,0,0,0,0
2022-05-16,AST-3019,Belt Conveyor,CHN-02,0,0,0,0,0,0,0,0,0,0,0
2022-05-17,AST-3019,Belt Conveyor,CHN-02,1,2,0,3,8,1,0,0,0,0,0
2022-05-18,AST-3019,Belt Conveyor,CHN-02,0,1,0,1,2,0,0,0,0,0,0
2022-05-19,AST-3019,Belt Conveyor,CHN-02,1,0,0,1,4,0,0,0,0,0,0
2022-05-20,AST-3019,Belt Conveyor,CHN-02,0,0,0,0,0,0,0,0,0,0,0
2022-05-21,AST-3019,Belt Conveyor,CHN-02,0,0,0,0,0,0,0,0,0,0,0
2022-05-22,AST-3019,Belt Conveyor,CHN-02,0,0,0,0,0,0,0,0,0,0,0
2022-05-23,AST-3019,Belt Conveyor,CHN-02,2,1,1,4,11,1,1,1,0,0,0
2022-05-24,AST-3019,Belt Conveyor,CHN-02,1,0,0,1,4,0,0,0,0,0,0
2022-05-25,AST-3019,Belt Conveyor,CHN-02,1,2,2,5,10,1,1,0,0,0,0
2022-05-26,AST-3019,Belt Conveyor,CHN-02,2,0,0,2,8,1,0,0,0,0,0
2022-05-27,AST-3019,Belt Conveyor,CHN-02,1,2,1,4,9,1,0,0,0,0,0
2022-05-28,AST-3019,Belt Conveyor,CHN-02,0,0,0,0,0,0,0,0,0,0,0
2022-05-29,AST-3019,Belt Conveyor,CHN-02,0,0,0,0,0,0,0,0,0,0,0
2022-05-30,AST-3019,Belt Conveyor,CHN-02,2,0,0,2,8,1,0,0,0,0,0
2022-05-31,AST-3019,Belt Conveyor,CHN-02,0,0,1,1,1,0,0,0,0,0,0
2022-06-01,AST-3019,Belt Conveyor,CHN-02,1,0,1,2,5,0,0,0,0,0,0
2022-06-02,AST-3019,Belt Conveyor,CHN-02,0,0,2,2,2,0,0,0,0,0,0
2022-06-03,AST-3019,Belt Conveyor,CHN-02,0,1,2,3,4,0,0,0,0,0,0
2022-06-04,AST-3019,Belt Conveyor,CHN-02,0,0,0,0,0,0,0,0,0,0,0
2022-06-05,AST-3019,Belt Conveyor,CHN-02,0,0,0,0,0,0,0,0,0,0,0
2022-06-06,AST-3019,Belt Conveyor,CHN-02,0,1,2,3,4,0,0,0,0,0,0
2022-06-07,AST-3019,Belt Conveyor,CHN-02,1,0,0,1,4,0,0,0,0,0,0
2022-06-08,AST-3019,Belt Conveyor,CHN-02,0,0,1,1,1,0,0,0,0,0,0
2022-06-09,AST-3019,Belt Conveyor,CHN-02,0,0,0,0,0,0,0,0,0,0,0
2022-06-10,AST-3019,Belt Conveyor,CHN-02,0,0,0,0,0,0,0,0,0,0,0
2022-06-11,AST-3019,Belt Conveyor,CHN-02,0,0,0,0,0,0,0,0,0,0,0
2022-06-12,AST-3019,Belt Conveyor,CHN-02,0,0,0,0,0,0,0,0,0,0,0
2022-06-13,AST-3019,Belt Conveyor,CHN-02,0,1,1,2,3,0,0,0,0,0,0
2022-06-14,AST-3019,Belt Conveyor,CHN-02,1,0,1,2,5,0,0,0,0,0,0
2022-06-15,AST-3019,Belt Conveyor,CHN-02,1,0,0,1,4,0,0,0,0,0,0
2022-06-16,AST-3019,Belt Conveyor,CHN-02,0,0,0,0,0,0,0,0,0,0,0
2022-06-17,AST-3019,Belt Conveyor,CHN-02,0,1,0,1,2,0,0,0,0,0,0
2022-06-18,AST-3019,Belt Conveyor,CHN-02,0,0,0,0,0,0,0,0,0,0,0
2022-06-19,AST-3019,Belt Conveyor,CHN-02,0,0,0,0,0,0,0,0,0,0,0
2022-06-20,AST-3019,Belt Conveyor,CHN-02,0,0,0,0,0,0,0,0,0,0,0
2022-06-21,AST-3019,Belt Conveyor,CHN-02,2,2,1,5,13,1,1,1,1,1,0
2022-06-22,AST-3019,Belt Conveyor,CHN-02,0,3,0,3,6,0,0,0,0,0,0
2022-06-23,AST-3019,Belt Conveyor,CHN-02,2,0,0,2,8,1,0,0,0,0,0
2022-06-24,AST-3019,Belt Conveyor,CHN-02,0,1,0,1,2,0,0,0,0,0,0
2022-06-25,AST-3019,Belt Conveyor,CHN-02,0,0,0,0,0,0,0,0,0,0,0
2022-06-26,AST-3019,Belt Conveyor,CHN-02,0,0,0,0,0,0,0,0,0,0,0
2022-06-27,AST-3019,Belt Conveyor,CHN-02,1,0,0,1,4,0,0,0,0,0,0
2022-06-28,AST-3019,Belt Conveyor,CHN-02,1,1,0,2,6,0,0,0,0,0,0
2022-06-29,AST-3019,Belt Conveyor,CHN-02,0,0,0,0,0,0,0,0,0,0,0
2022-06-30,AST-3019,Belt Conveyor,CHN-02,0,0,1,1,1,0,0,0,0,0,0
2022-07-01,AST-3019,Belt Conveyor,CHN-02,1,1,0,2,6,0,0,0,0,0,0
2022-07-02,AST-3019,Belt Conveyor,CHN-02,0,0,0,0,0,0,0,0,0,0,0
2022-07-03,AST-3019,Belt Conveyor,CHN-02,0,0,0,0,0,0,0,0,0,0,0
2022-07-04,AST-3019,Belt Conveyor,CHN-02,1,1,0,2,6,0,0,0,0,0,0
2022-07-05,AST-3019,Belt Conveyor,CHN-02,0,1,0,1,2,0,0,0,0,0,0
2022-07-06,AST-3019,Belt Conveyor,CHN-02,0,0,0,0,0,0,0,0,0,0,0
2022-07-07,AST-3019,Belt Conveyor,CHN-02,1,0,0,1,4,0,0,0,0,0,0
2022-07-08,AST-3019,Belt Conveyor,CHN-02,3,2,2,7,18,1,1,1,1,1,1
2022-07-09,AST-3019,Belt Conveyor,CHN-02,0,0,0,0,0,0,0,0,0,0,0
2022-07-10,AST-3019,Belt Conveyor,CHN-02,0,0,0,0,0,0,0,0,0,0,0
2022-07-11,AST-3019,Belt Conveyor,CHN-02,2,2,2,6,14,1,1,1,1,1,1
2022-07-12,AST-3019,Belt Conveyor,CHN-02,2,1,1,4,11,1,1,1,0,0,0
2022-07-13,AST-3019,Belt Conveyor,CHN-02,1,1,0,2,6,0,0,0,0,0,0
2022-07-14,AST-3019,Belt Conveyor,CHN-02,1,2,0,3,8,1,0,0,0,0,0
2022-07-15,AST-3019,Belt Conveyor,CHN-02,0,0,0,0,0,0,0,0,0,0,0
2022-07-16,AST-3019,Belt Conveyor,CHN-02,0,0,0,0,0,0,0,0,0,0,0
2022-07-17,AST-3019,Belt Conveyor,CHN-02,0,0,0,0,0,0,0,0,0,0,0
2022-07-18,AST-3019,Belt Conveyor,CHN-02,1,2,0,3,8,1,0,0,0,0,0
2022-07-19,AST-3019,Belt Conveyor,CHN-02,0,3,0,3,6,0,0,0,0,0,0
2022-07-20,AST-3019,Belt Conveyor,CHN-02,1,0,0,1,4,0,0,0,0,0,0
2022-07-21,AST-3019,Belt Conveyor,CHN-02,1,0,0,1,4,0,0,0,0,0,0
2022-07-22,AST-3019,Belt Conveyor,CHN-02,0,2,0,2,4,0,0,0,0,0,0
2022-07-23,AST-3019,Belt Conveyor,CHN-02,0,0,0,0,0,0,0,0,0,0,0
2022-07-24,AST-3019,Belt Conveyor,CHN-02,0,0,0,0,0,0,0,0,0,0,0
2022-07-25,AST-3019,Belt Conveyor,CHN-02,2,1,0,3,10,1,1,0,0,0,0
2022-07-26,AST-3019,Belt Conveyor,CHN-02,1,1,0,2,6,0,0,0,0,0,0
2022-07-27,AST-3019,Belt Conveyor,CHN-02,0,0,0,0,0,0,0,0,0,0,0
2022-07-28,AST-3019,Belt Conveyor,CHN-02,1,2,1,4,9,1,0,0,0,0,0
2022-07-29,AST-3019,Belt Conveyor,CHN-02,0,0,1,1,1,0,0,0,0,0,0
2022-07-30,AST-3019,Belt Conveyor,CHN-02,0,0,0,0,0,0,0,0,0,0,0
2022-07-31,AST-3019,Belt Conveyor,CHN-02,0,0,0,0,0,0,0,0,0,0,0
2022-08-01,AST-3019,Belt Conveyor,CHN-02,2,1,1,4,11,1,1,1,0,0,0
2022-08-02,AST-3019,Belt Conveyor,CHN-02,0,2,0,2,4,0,0,0,0,0,0
2022-08-03,AST-3019,Belt Conveyor,CHN-02,2,0,1,3,9,1,0,0,0,0,0
2022-08-04,AST-3019,Belt Conveyor,CHN-02,3,0,0,3,12,1,1,1,1,0,0
2022-08-05,AST-3019,Belt Conveyor,CHN-02,1,1,1,3,7,1,0,0,0,0,0
2022-08-06,AST-3019,Belt Conveyor,CHN-02,0,0,0,0,0,0,0,0,0,0,0
2022-08-07,AST-3019,Belt Conveyor,CHN-02,0,0,0,0,0,0,0,0,0,0,0
2022-08-08,AST-3019,Belt Conveyor,CHN-02,0,0,1,1,1,0,0,0,0,0,0
2022-08-09,AST-3019,Belt Conveyor,CHN-02,1,2,0,3,8,1,0,0,0,0,0
2022-08-10,AST-3019,Belt Conveyor,CHN-02,1,1,0,2,6,0,0,0,0,0,0
2022-08-11,AST-3019,Belt Conveyor,CHN-02,2,2,0,4,12,1,1,1,1,0,0
2022-08-12,AST-3019,Belt Conveyor,CHN-02,1,0,0,1,4,0,0,0,0,0,0
2022-08-13,AST-3019,Belt Conveyor,CHN-02,0,0,0,0,0,0,0,0,0,0,0
2022-08-14,AST-3019,Belt Conveyor,CHN-02,0,0,0,0,0,0,0,0,0,0,0
2022-08-15,AST-3019,Belt Conveyor,CHN-02,1,1,0,2,6,0,0,0,0,0,0
2022-08-16,AST-3019,Belt Conveyor,CHN-02,1,0,0,1,4,0,0,0,0,0,0
2022-08-17,AST-3019,Belt Conveyor,CHN-02,1,1,0,2,6,0,0,0,0,0,0
2022-08-18,AST-3019,Belt Conveyor,CHN-02,1,1,0,2,6,0,0,0,0,0,0
2022-08-19,AST-3019,Belt Conveyor,CHN-02,1,1,0,2,6,0,0,0,0,0,0
2022-08-20,AST-3019,Belt Conveyor,CHN-02,0,0,0,0,0,0,0,0,0,0,0
2022-08-21,AST-3019,Belt Conveyor,CHN-02,0,0,0,0,0,0,0,0,0,0,0
2022-08-22,AST-3019,Belt Conveyor,CHN-02,1,1,0,2,6,0,0,0,0,0,0
2022-08-23,AST-3019,Belt Conveyor,CHN-02,0,0,1,1,1,0,0,0,0,0,0
2022-08-24,AST-3019,Belt Conveyor,CHN-02,1,3,0,4,10,1,1,0,0,0,0
2022-08-25,AST-3019,Belt Conveyor,CHN-02,1,1,1,3,7,1,0,0,0,0,0
2022-08-26,AST-3019,Belt Conveyor,CHN-02,1,2,0,3,8,1,0,0,0,0,0
2022-08-27,AST-3019,Belt Conveyor,CHN-02,0,0,0,0,0,0,0,0,0,0,0
2022-08-28,AST-3019,Belt Conveyor,CHN-02,0,0,0,0,0,0,0,0,0,0,0
2022-08-29,AST-3019,Belt Conveyor,CHN-02,2,0,0,2,8,1,0,0,0,0,0
2022-08-30,AST-3019,Belt Conveyor,CHN-02,3,0,0,3,12,1,1,1,1,0,0
2022-08-31,AST-3019,Belt Conveyor,CHN-02,1,3,1,5,11,1,1,1,0,0,0
2022-09-01,AST-3019,Belt Conveyor,CHN-02,1,1,0,2,6,0,0,0,0,0,0
2022-09-02,AST-3019,Belt Conveyor,CHN-02,2,0,0,2,8,1,0,0,0,0,0
2022-09-03,AST-3019,Belt Conveyor,CHN-02,0,0,0,0,0,0,0,0,0,0,0
2022-09-04,AST-3019,Belt Conveyor,CHN-02,0,0,0,0,0,0,0,0,0,0,0
2022-09-05,AST-3019,Belt Conveyor,CHN-02,0,2,0,2,4,0,0,0,0,0,0
2022-09-06,AST-3019,Belt Conveyor,CHN-02,1,0,1,2,5,0,0,0,0,0,0
2022-09-07,AST-3019,Belt Conveyor,CHN-02,0,0,0,0,0,0,0,0,0,0,0
2022-09-08,AST-3019,Belt Conveyor,CHN-02,2,2,0,4,12,1,1,1,1,0,0
2022-09-09,AST-3019,Belt Conveyor,CHN-02,2,3,0,5,14,1,1,1,1,1,1
2022-09-10,AST-3019,Belt Conveyor,CHN-02,0,0,0,0,0,0,0,0,0,0,0
2022-09-11,AST-3019,Belt Conveyor,CHN-02,0,0,0,0,0,0,0,0,0,0,0
2022-09-12,AST-3019,Belt Conveyor,CHN-02,0,0,0,0,0,0,0,0,0,0,0
2022-09-13,AST-3019,Belt Conveyor,CHN-02,0,1,0,1,2,0,0,0,0,0,0
2022-09-14,AST-3019,Belt Conveyor,CHN-02,2,0,0,2,8,1,0,0,0,0,0
2022-09-15,AST-3019,Belt Conveyor,CHN-02,1,0,0,1,4,0,0,0,0,0,0
2022-09-16,AST-3019,Belt Conveyor,CHN-02,0,1,1,2,3,0,0,0,0,0,0
2022-09-17,AST-3019,Belt Conveyor,CHN-02,0,0,0,0,0,0,0,0,0,0,0
2022-09-18,AST-3019,Belt Conveyor,CHN-02,0,0,0,0,0,0,0,0,0,0,0
2022-09-19,AST-3019,Belt Conveyor,CHN-02,1,3,0,4,10,1,1,0,0,0,0
2022-09-20,AST-3019,Belt Conveyor,CHN-02,1,3,0,4,10,1,1,0,0,0,0
2022-09-21,AST-3019,Belt Conveyor,CHN-02,1,1,1,3,7,1,0,0,0,0,0
2022-09-22,AST-3019,Belt Conveyor,CHN-02,0,1,0,1,2,0,0,0,0,0,0
2022-09-23,AST-3019,Belt Conveyor,CHN-02,1,1,0,2,6,0,0,0,0,0,0
2022-09-24,AST-3019,Belt Conveyor,CHN-02,0,0,0,0,0,0,0,0,0,0,0
2022-09-25,AST-3019,Belt Conveyor,CHN-02,0,0,0,0,0,0,0,0,0,0,0
2022-09-26,AST-3019,Belt Conveyor,CHN-02,0,0,1,1,1,0,0,0,0,0,0
2022-09-27,AST-3019,Belt Conveyor,CHN-02,1,0,0,1,4,0,0,0,0,0,0
2022-09-28,AST-3019,Belt Conveyor,CHN-02,0,1,0,1,2,0,0,0,0,0,0
2022-09-29,AST-3019,Belt Conveyor,CHN-02,0,2,0,2,4,0,0,0,0,0,0
2022-09-30,AST-3019,Belt Conveyor,CHN-02,0,0,0,0,0,0,0,0,0,0,0
2022-10-01,AST-3019,Belt Conveyor,CHN-02,0,0,0,0,0,0,0,0,0,0,0
2022-10-02,AST-3019,Belt Conveyor,CHN-02,0,0,0,0,0,0,0,0,0,0,0
2022-10-03,AST-3019,Belt Conveyor,CHN-02,0,3,1,4,7,1,0,0,0,0,0
2022-10-04,AST-3019,Belt Conveyor,CHN-02,2,2,0,4,12,1,1,1,1,0,0
2022-10-05,AST-3019,Belt Conveyor,CHN-02,2,3,1,6,15,1,1,1,1,1,1
2022-10-06,AST-3019,Belt Conveyor,CHN-02,0,1,1,2,3,0,0,0,0,0,0
2022-10-07,AST-3019,Belt Conveyor,CHN-02,0,2,0,2,4,0,0,0,0,0,0
2022-10-08,AST-3019,Belt Conveyor,CHN-02,0,0,0,0,0,0,0,0,0,0,0
2022-10-09,AST-3019,Belt Conveyor,CHN-02,0,0,0,0,0,0,0,0,0,0,0
2022-10-10,AST-3019,Belt Conveyor,CHN-02,0,1,1,2,3,0,0,0,0,0,0
2022-10-11,AST-3019,Belt Conveyor,CHN-02,2,1,0,3,10,1,1,0,0,0,0
2022-10-12,AST-3019,Belt Conveyor,CHN-02,0,1,1,2,3,0,0,0,0,0,0
2022-10-13,AST-3019,Belt Conveyor,CHN-02,2,2,0,4,12,1,1,1,1,0,0
2022-10-14,AST-3019,Belt Conveyor,CHN-02,1,1,0,2,6,0,0,0,0,0,0
2022-10-15,AST-3019,Belt Conveyor,CHN-02,0,0,0,0,0,0,0,0,0,0,0
2022-10-16,AST-3019,Belt Conveyor,CHN-02,0,0,0,0,0,0,0,0,0,0,0
2022-10-17,AST-3019,Belt Conveyor,CHN-02,0,1,0,1,2,0,0,0,0,0,0
2022-10-18,AST-3019,Belt Conveyor,CHN-02,3,0,1,4,13,1,1,1,1,1,0
2022-10-19,AST-3019,Belt Conveyor,CHN-02,2,0,0,2,8,1,0,0,0,0,0
2022-10-20,AST-3019,Belt Conveyor,CHN-02,2,0,0,2,8,1,0,0,0,0,0
2022-10-21,AST-3019,Belt Conveyor,CHN-02,1,0,1,2,5,0,0,0,0,0,0
2022-10-22,AST-3019,Belt Conveyor,CHN-02,0,0,0,0,0,0,0,0,0,0,0
2022-10-23,AST-3019,Belt Conveyor,CHN-02,0,0,0,0,0,0,0,0,0,0,0
2022-10-24,AST-3019,Belt Conveyor,CHN-02,1,1,0,2,6,0,0,0,0,0,0
2022-10-25,AST-3019,Belt Conveyor,CHN-02,2,4,0,6,16,1,1,1,1,1,1
2022-10-26,AST-3019,Belt Conveyor,CHN-02,2,0,0,2,8,1,0,0,0,0,0
2022-10-27,AST-3019,Belt Conveyor,CHN-02,0,2,1,3,5,0,0,0,0,0,0
2022-10-28,AST-3019,Belt Conveyor,CHN-02,1,1,1,3,7,1,0,0,0,0,0
2022-10-29,AST-3019,Belt Conveyor,CHN-02,0,0,0,0,0,0,0,0,0,0,0
2022-10-30,AST-3019,Belt Conveyor,CHN-02,0,0,0,0,0,0,0,0,0,0,0
2022-10-31,AST-3019,Belt Conveyor,CHN-02,0,1,0,1,2,0,0,0,0,0,0
2022-11-01,AST-3019,Belt Conveyor,CHN-02,0,0,1,1,1,0,0,0,0,0,0
2022-11-02,AST-3019,Belt Conveyor,CHN-02,1,1,0,2,6,0,0,0,0,0,0
2022-11-03,AST-3019,Belt Conveyor,CHN-02,1,0,0,1,4,0,0,0,0,0,0
2022-11-04,AST-3019,Belt Conveyor,CHN-02,1,3,1,5,11,1,1,1,0,0,0
2022-11-05,AST-3019,Belt Conveyor,CHN-02,0,0,0,0,0,0,0,0,0,0,0
2022-11-06,AST-3019,Belt Conveyor,CHN-02,0,0,0,0,0,0,0,0,0,0,0
2022-11-07,AST-3019,Belt Conveyor,CHN-02,2,3,1,6,15,1,1,1,1,1,1
2022-11-08,AST-3019,Belt Conveyor,CHN-02,0,2,0,2,4,0,0,0,0,0,0
2022-11-09,AST-3019,Belt Conveyor,CHN-02,0,2,0,2,4,0,0,0,0,0,0
2022-11-10,AST-3019,Belt Conveyor,CHN-02,1,0,1,2,5,0,0,0,0,0,0
2022-11-11,AST-3019,Belt Conveyor,CHN-02,0,2,0,2,4,0,0,0,0,0,0
2022-11-12,AST-3019,Belt Conveyor,CHN-02,0,0,0,0,0,0,0,0,0,0,0
2022-11-13,AST-3019,Belt Conveyor,CHN-02,0,0,0,0,0,0,0,0,0,0,0
2022-11-14,AST-3019,Belt Conveyor,CHN-02,2,0,0,2,8,1,0,0,0,0,0
2022-11-15,AST-3019,Belt Conveyor,CHN-02,2,0,0,2,8,1,0,0,0,0,0
2022-11-16,AST-3019,Belt Conveyor,CHN-02,1,0,1,2,5,0,0,0,0,0,0
2022-11-17,AST-3019,Belt Conveyor,CHN-02,1,0,1,2,5,0,0,0,0,0,0
2022-11-18,AST-3019,Belt Conveyor,CHN-02,2,0,0,2,8,1,0,0,0,0,0
2022-11-19,AST-3019,Belt Conveyor,CHN-02,0,0,0,0,0,0,0,0,0,0,0
2022-11-20,AST-3019,Belt Conveyor,CHN-02,0,0,0,0,0,0,0,0,0,0,0
2022-11-21,AST-3019,Belt Conveyor,CHN-02,3,0,0,3,12,1,1,1,1,0,0
2022-11-22,AST-3019,Belt Conveyor,CHN-02,1,0,1,2,5,0,0,0,0,0,0
2022-11-23,AST-3019,Belt Conveyor,CHN-02,2,2,0,4,12,1,1,1,1,0,0
2022-11-24,AST-3019,Belt Conveyor,CHN-02,0,2,1,3,5,0,0,0,0,0,0
2022-11-25,AST-3019,Belt Conveyor,CHN-02,0,1,0,1,2,0,0,0,0,0,0
2022-11-26,AST-3019,Belt Conveyor,CHN-02,0,0,0,0,0,0,0,0,0,0,0
2022-11-27,AST-3019,Belt Conveyor,CHN-02,0,0,0,0,0,0,0,0,0,0,0
2022-11-28,AST-3019,Belt Conveyor,CHN-02,1,0,1,2,5,0,0,0,0,0,0
2022-11-29,AST-3019,Belt Conveyor,CHN-02,0,0,0,0,0,0,0,0,0,0,0
2022-11-30,AST-3019,Belt Conveyor,CHN-02,1,1,0,2,6,0,0,0,0,0,0
2022-12-01,AST-3019,Belt Conveyor,CHN-02,0,0,0,0,0,0,0,0,0,0,0
2022-12-02,AST-3019,Belt Conveyor,CHN-02,0,2,0,2,4,0,0,0,0,0,0
2022-12-03,AST-3019,Belt Conveyor,CHN-02,0,0,0,0,0,0,0,0,0,0,0
2022-12-04,AST-3019,Belt Conveyor,CHN-02,0,0,0,0,0,0,0,0,0,0,0
2022-12-05,AST-3019,Belt Conveyor,CHN-02,1,2,0,3,8,1,0,0,0,0,0
2022-12-06,AST-3019,Belt Conveyor,CHN-02,0,1,1,2,3,0,0,0,0,0,0
2022-12-07,AST-3019,Belt Conveyor,CHN-02,0,0,1,1,1,0,0,0,0,0,0
2022-12-08,AST-3019,Belt Conveyor,CHN-02,3,1,2,6,16,1,1,1,1,1,1
2022-12-09,AST-3019,Belt Conveyor,CHN-02,3,0,1,4,13,1,1,1,1,1,0
2022-12-10,AST-3019,Belt Conveyor,CHN-02,0,0,0,0,0,0,0,0,0,0,0
2022-12-11,AST-3019,Belt Conveyor,CHN-02,0,0,0,0,0,0,0,0,0,0,0
2022-12-12,AST-3019,Belt Conveyor,CHN-02,2,0,0,2,8,1,0,0,0,0,0
2022-12-13,AST-3019,Belt Conveyor,CHN-02,0,0,0,0,0,0,0,0,0,0,0
2022-12-14,AST-3019,Belt Conveyor,CHN-02,0,2,1,3,5,0,0,0,0,0,0
2022-12-15,AST-3019,Belt Conveyor,CHN-02,3,3,0,6,18,1,1,1,1,1,1
2022-12-16,AST-3019,Belt Conveyor,CHN-02,1,0,0,1,4,0,0,0,0,0,0
2022-12-17,AST-3019,Belt Conveyor,CHN-02,0,0,0,0,0,0,0,0,0,0,0
2022-12-18,AST-3019,Belt Conveyor,CHN-02,0,0,0,0,0,0,0,0,0,0,0
2022-12-19,AST-3019,Belt Conveyor,CHN-02,3,2,2,7,18,1,1,1,1,1,1
2022-12-20,AST-3019,Belt Conveyor,CHN-02,0,1,0,1,2,0,0,0,0,0,0
2022-12-21,AST-3019,Belt Conveyor,CHN-02,0,0,0,0,0,0,0,0,0,0,0
2022-12-22,AST-3019,Belt Conveyor,CHN-02,1,0,0,1,4,0,0,0,0,0,0
2022-12-23,AST-3019,Belt Conveyor,CHN-02,1,4,0,5,12,1,1,1,1,0,0
2022-12-24,AST-3019,Belt Conveyor,CHN-02,0,0,0,0,0,0,0,0,0,0,0
2022-12-25,AST-3019,Belt Conveyor,CHN-02,0,0,0,0,0,0,0,0,0,0,0
2022-12-26,AST-3019,Belt Conveyor,CHN-02,0,0,0,0,0,0,0,0,0,0,0
2022-12-27,AST-3019,Belt Conveyor,CHN-02,1,0,1,2,5,0,0,0,0,0,0
2022-12-28,AST-3019,Belt Conveyor,CHN-02,1,0,0,1,4,0,0,0,0,0,0
2022-12-29,AST-3019,Belt Conveyor,CHN-02,1,1,2,4,8,1,0,0,0,0,0
2022-12-30,AST-3019,Belt Conveyor,CHN-02,3,2,0,5,16,1,1,1,1,1,1
2022-12-31,AST-3019,Belt Conveyor,CHN-02,0,0,0,0,0,0,0,0,0,0,0
2023-01-01,AST-3019,Belt Conveyor,CHN-02,0,0,0,0,0,0,0,0,0,0,0
2023-01-02,AST-3019,Belt Conveyor,CHN-02,2,1,1,4,11,1,1,1,0,0,0
2023-01-03,AST-3019,Belt Conveyor,CHN-02,1,1,2,4,8,1,0,0,0,0,0
2023-01-04,AST-3019,Belt Conveyor,CHN-02,1,2,0,3,8,1,0,0,0,0,0
2023-01-05,AST-3019,Belt Conveyor,CHN-02,1,0,1,2,5,0,0,0,0,0,0
2023-01-06,AST-3019,Belt Conveyor,CHN-02,1,1,0,2,6,0,0,0,0,0,0
2023-01-07,AST-3019,Belt Conveyor,CHN-02,0,0,0,0,0,0,0,0,0,0,0
2023-01-08,AST-3019,Belt Conveyor,CHN-02,0,0,0,0,0,0,0,0,0,0,0
2023-01-09,AST-3019,Belt Conveyor,CHN-02,0,0,0,0,0,0,0,0,0,0,0
2023-01-10,AST-3019,Belt Conveyor,CHN-02,2,0,0,2,8,1,0,0,0,0,0
2023-01-11,AST-3019,Belt Conveyor,CHN-02,1,0,1,2,5,0,0,0,0,0,0
2023-01-12,AST-3019,Belt Conveyor,CHN-02,2,0,1,3,9,1,0,0,0,0,0
2023-01-13,AST-3019,Belt Conveyor,CHN-02,1,0,0,1,4,0,0,0,0,0,0
2023-01-14,AST-3019,Belt Conveyor,CHN-02,0,0,0,0,0,0,0,0,0,0,0
2023-01-15,AST-3019,Belt Conveyor,CHN-02,0,0,0,0,0,0,0,0,0,0,0
2023-01-16,AST-3019,Belt Conveyor,CHN-02,2,3,1,6,15,1,1,1,1,1,1
2023-01-17,AST-3019,Belt Conveyor,CHN-02,1,1,1,3,7,1,0,0,0,0,0
2023-01-18,AST-3019,Belt Conveyor,CHN-02,1,1,1,3,7,1,0,0,0,0,0
2023-01-19,AST-3019,Belt Conveyor,CHN-02,0,0,0,0,0,0,0,0,0,0,0
2023-01-20,AST-3019,Belt Conveyor,CHN-02,2,4,1,7,17,1,1,1,1,1,1
2023-01-21,AST-3019,Belt Conveyor,CHN-02,0,0,0,0,0,0,0,0,0,0,0
2023-01-22,AST-3019,Belt Conveyor,CHN-02,0,0,0,0,0,0,0,0,0,0,0
2023-01-23,AST-3019,Belt Conveyor,CHN-02,5,0,0,5,20,1,1,1,1,1,1
2023-01-24,AST-3019,Belt Conveyor,CHN-02,1,0,0,1,4,0,0,0,0,0,0
2023-01-25,AST-3019,Belt Conveyor,CHN-02,1,0,0,1,4,0,0,0,0,0,0
2023-01-26,AST-3019,Belt Conveyor,CHN-02,2,0,0,2,8,1,0,0,0,0,0
2023-01-27,AST-3019,Belt Conveyor,CHN-02,1,1,1,3,7,1,0,0,0,0,0
2023-01-28,AST-3019,Belt Conveyor,CHN-02,0,0,0,0,0,0,0,0,0,0,0
2023-01-29,AST-3019,Belt Conveyor,CHN-02,0,0,0,0,0,0,0,0,0,0,0
2023-01-30,AST-3019,Belt Conveyor,CHN-02,2,2,0,4,12,1,1,1,1,0,0
2023-01-31,AST-3019,Belt Conveyor,CHN-02,1,2,0,3,8,1,0,0,0,0,0
2023-02-01,AST-3019,Belt Conveyor,CHN-02,0,0,1,1,1,0,0,0,0,0,0
2023-02-02,AST-3019,Belt Conveyor,CHN-02,2,1,0,3,10,1,1,0,0,0,0
2023-02-03,AST-3019,Belt Conveyor,CHN-02,1,0,0,1,4,0,0,0,0,0,0
2023-02-04,AST-3019,Belt Conveyor,CHN-02,0,0,0,0,0,0,0,0,0,0,0
2023-02-05,AST-3019,Belt Conveyor,CHN-02,0,0,0,0,0,0,0,0,0,0,0
2023-02-06,AST-3019,Belt Conveyor,CHN-02,1,2,1,4,9,1,0,0,0,0,0
2023-02-07,AST-3019,Belt Conveyor,CHN-02,1,1,1,3,7,1,0,0,0,0,0
2023-02-08,AST-3019,Belt Conveyor,CHN-02,0,0,0,0,0,0,0,0,0,0,0
2023-02-09,AST-3019,Belt Conveyor,CHN-02,0,0,0,0,0,0,0,0,0,0,0
2023-02-10,AST-3019,Belt Conveyor,CHN-02,0,1,0,1,2,0,0,0,0,0,0
2023-02-11,AST-3019,Belt Conveyor,CHN-02,0,0,0,0,0,0,0,0,0,0,0
2023-02-12,AST-3019,Belt Conveyor,CHN-02,0,0,0,0,0,0,0,0,0,0,0
2023-02-13,AST-3019,Belt Conveyor,CHN-02,1,0,1,2,5,0,0,0,0,0,0
2023-02-14,AST-3019,Belt Conveyor,CHN-02,1,0,1,2,5,0,0,0,0,0,0
2023-02-15,AST-3019,Belt Conveyor,CHN-02,1,0,0,1,4,0,0,0,0,0,0
2023-02-16,AST-3019,Belt Conveyor,CHN-02,1,2,1,4,9,1,0,0,0,0,0
2023-02-17,AST-3019,Belt Conveyor,CHN-02,1,2,0,3,8,1,0,0,0,0,0
2023-02-18,AST-3019,Belt Conveyor,CHN-02,0,0,0,0,0,0,0,0,0,0,0
2023-02-19,AST-3019,Belt Conveyor,CHN-02,0,0,0,0,0,0,0,0,0,0,0
2023-02-20,AST-3019,Belt Conveyor,CHN-02,0,1,1,2,3,0,0,0,0,0,0
2023-02-21,AST-3019,Belt Conveyor,CHN-02,2,0,0,2,8,1,0,0,0,0,0
2023-02-22,AST-3019,Belt Conveyor,CHN-02,1,2,0,3,8,1,0,0,0,0,0
2023-02-23,AST-3019,Belt Conveyor,CHN-02,0,1,0,1,2,0,0,0,0,0,0
2023-02-24,AST-3019,Belt Conveyor,CHN-02,1,0,0,1,4,0,0,0,0,0,0
2023-02-25,AST-3019,Belt Conveyor,CHN-02,0,0,0,0,0,0,0,0,0,0,0
2023-02-26,AST-3019,Belt Conveyor,CHN-02,0,0,0,0,0,0,0,0,0,0,0
2023-02-27,AST-3019,Belt Conveyor,CHN-02,0,0,1,1,1,0,0,0,0,0,0
2023-02-28,AST-3019,Belt Conveyor,CHN-02,1,1,1,3,7,1,0,0,0,0,0
2023-03-01,AST-3019,Belt Conveyor,CHN-02,0,1,0,1,2,0,0,0,0,0,0
2023-03-02,AST-3019,Belt Conveyor,CHN-02,1,0,0,1,4,0,0,0,0,0,0
2023-03-03,AST-3019,Belt Conveyor,CHN-02,1,1,0,2,6,0,0,0,0,0,0
2023-03-04,AST-3019,Belt Conveyor,CHN-02,0,0,0,0,0,0,0,0,0,0,0
2023-03-05,AST-3019,Belt Conveyor,CHN-02,0,0,0,0,0,0,0,0,0,0,0
2023-03-06,AST-3019,Belt Conveyor,CHN-02,0,1,1,2,3,0,0,0,0,0,0
2023-03-07,AST-3019,Belt Conveyor,CHN-02,0,1,0,1,2,0,0,0,0,0,0
2023-03-08,AST-3019,Belt Conveyor,CHN-02,2,1,0,3,10,1,1,0,0,0,0
2023-03-09,AST-3019,Belt Conveyor,CHN-02,1,0,0,1,4,0,0,0,0,0,0
2023-03-10,AST-3019,Belt Conveyor,CHN-02,1,1,0,2,6,0,0,0,0,0,0
2023-03-11,AST-3019,Belt Conveyor,CHN-02,0,0,0,0,0,0,0,0,0,0,0
2023-03-12,AST-3019,Belt Conveyor,CHN-02,0,0,0,0,0,0,0,0,0,0,0
2023-03-13,AST-3019,Belt Conveyor,CHN-02,1,2,0,3,8,1,0,0,0,0,0
2023-03-14,AST-3019,Belt Conveyor,CHN-02,0,4,0,4,8,1,0,0,0,0,0
2023-03-15,AST-3019,Belt Conveyor,CHN-02,0,1,0,1,2,0,0,0,0,0,0
2023-03-16,AST-3019,Belt Conveyor,CHN-02,0,2,0,2,4,0,0,0,0,0,0
2023-03-17,AST-3019,Belt Conveyor,CHN-02,0,1,0,1,2,0,0,0,0,0,0
2023-03-18,AST-3019,Belt Conveyor,CHN-02,0,0,0,0,0,0,0,0,0,0,0
2023-03-19,AST-3019,Belt Conveyor,CHN-02,0,0,0,0,0,0,0,0,0,0,0
2023-03-20,AST-3019,Belt Conveyor,CHN-02,0,2,1,3,5,0,0,0,0,0,0
2023-03-21,AST-3019,Belt Conveyor,CHN-02,0,1,1,2,3,0,0,0,0,0,0
2023-03-22,AST-3019,Belt Conveyor,CHN-02,2,2,0,4,12,1,1,1,1,0,0
2023-03-23,AST-3019,Belt Conveyor,CHN-02,1,1,0,2,6,0,0,0,0,0,0
2023-03-24,AST-3019,Belt Conveyor,CHN-02,0,1,0,1,2,0,0,0,0,0,0
2023-03-25,AST-3019,Belt Conveyor,CHN-02,0,0,0,0,0,0,0,0,0,0,0
2023-03-26,AST-3019,Belt Conveyor,CHN-02,0,0,0,0,0,0,0,0,0,0,0
2023-03-27,AST-3019,Belt Conveyor,CHN-02,1,1,0,2,6,0,0,0,0,0,0
2023-03-28,AST-3019,Belt Conveyor,CHN-02,0,1,2,3,4,0,0,0,0,0,0
2023-03-29,AST-3019,Belt Conveyor,CHN-02,1,2,2,5,10,1,1,0,0,0,0
2023-03-30,AST-3019,Belt Conveyor,CHN-02,2,2,0,4,12,1,1,1,1,0,0
2023-03-31,AST-3019,Belt Conveyor,CHN-02,2,2,0,4,12,1,1,1,1,0,0
2023-04-01,AST-3019,Belt Conveyor,CHN-02,0,0,0,0,0,0,0,0,0,0,0
2023-04-02,AST-3019,Belt Conveyor,CHN-02,0,0,0,0,0,0,0,0,0,0,0
2023-04-03,AST-3019,Belt Conveyor,CHN-02,0,1,1,2,3,0,0,0,0,0,0
2023-04-04,AST-3019,Belt Conveyor,CHN-02,0,0,1,1,1,0,0,0,0,0,0
2023-04-05,AST-3019,Belt Conveyor,CHN-02,0,0,1,1,1,0,0,0,0,0,0
2023-04-06,AST-3019,Belt Conveyor,CHN-02,0,0,0,0,0,0,0,0,0,0,0
2023-04-07,AST-3019,Belt Conveyor,CHN-02,3,0,0,3,12,1,1,1,1,0,0
2023-04-08,AST-3019,Belt Conveyor,CHN-02,0,0,0,0,0,0,0,0,0,0,0
2023-04-09,AST-3019,Belt Conveyor,CHN-02,0,0,0,0,0,0,0,0,0,0,0
2023-04-10,AST-3019,Belt Conveyor,CHN-02,0,2,1,3,5,0,0,0,0,0,0
2023-04-11,AST-3019,Belt Conveyor,CHN-02,1,1,0,2,6,0,0,0,0,0,0
2023-04-12,AST-3019,Belt Conveyor,CHN-02,0,0,0,0,0,0,0,0,0,0,0
2023-04-13,AST-3019,Belt Conveyor,CHN-02,2,1,0,3,10,1,1,0,0,0,0
2023-04-14,AST-3019,Belt Conveyor,CHN-02,0,3,1,4,7,1,0,0,0,0,0
2023-04-15,AST-3019,Belt Conveyor,CHN-02,0,0,0,0,0,0,0,0,0,0,0
2023-04-16,AST-3019,Belt Conveyor,CHN-02,0,0,0,0,0,0,0,0,0,0,0
2023-04-17,AST-3019,Belt Conveyor,CHN-02,1,1,0,2,6,0,0,0,0,0,0
2023-04-18,AST-3019,Belt Conveyor,CHN-02,0,2,0,2,4,0,0,0,0,0,0
2023-04-19,AST-3019,Belt Conveyor,CHN-02,1,0,0,1,4,0,0,0,0,0,0
2023-04-20,AST-3019,Belt Conveyor,CHN-02,1,0,1,2,5,0,0,0,0,0,0
2023-04-21,AST-3019,Belt Conveyor,CHN-02,0,2,0,2,4,0,0,0,0,0,0
2023-04-22,AST-3019,Belt Conveyor,CHN-02,0,0,0,0,0,0,0,0,0,0,0
2023-04-23,AST-3019,Belt Conveyor,CHN-02,0,0,0,0,0,0,0,0,0,0,0
2023-04-24,AST-3019,Belt Conveyor,CHN-02,0,0,0,0,0,0,0,0,0,0,0
2023-04-25,AST-3019,Belt Conveyor,CHN-02,0,2,1,3,5,0,0,0,0,0,0
2023-04-26,AST-3019,Belt Conveyor,CHN-02,1,2,0,3,8,1,0,0,0,0,0
2023-04-27,AST-3019,Belt Conveyor,CHN-02,0,2,0,2,4,0,0,0,0,0,0
2023-04-28,AST-3019,Belt Conveyor,CHN-02,1,1,0,2,6,0,0,0,0,0,0
2023-04-29,AST-3019,Belt Conveyor,CHN-02,0,0,0,0,0,0,0,0,0,0,0
2023-04-30,AST-3019,Belt Conveyor,CHN-02,0,0,0,0,0,0,0,0,0,0,0
2023-05-01,AST-3019,Belt Conveyor,CHN-02,0,0,2,2,2,0,0,0,0,0,0
2023-05-02,AST-3019,Belt Conveyor,CHN-02,1,2,0,3,8,1,0,0,0,0,0
2023-05-03,AST-3019,Belt Conveyor,CHN-02,1,0,0,1,4,0,0,0,0,0,0
2023-05-04,AST-3019,Belt Conveyor,CHN-02,0,1,0,1,2,0,0,0,0,0,0
2023-05-05,AST-3019,Belt Conveyor,CHN-02,2,0,1,3,9,1,0,0,0,0,0
2023-05-06,AST-3019,Belt Conveyor,CHN-02,0,0,0,0,0,0,0,0,0,0,0
2023-05-07,AST-3019,Belt Conveyor,CHN-02,0,0,0,0,0,0,0,0,0,0,0
2023-05-08,AST-3019,Belt Conveyor,CHN-02,2,2,0,4,12,1,1,1,1,0,0
2023-05-09,AST-3019,Belt Conveyor,CHN-02,0,2,0,2,4,0,0,0,0,0,0
2023-05-10,AST-3019,Belt Conveyor,CHN-02,1,1,1,3,7,1,0,0,0,0,0
2023-05-11,AST-3019,Belt Conveyor,CHN-02,1,0,0,1,4,0,0,0,0,0,0
2023-05-12,AST-3019,Belt Conveyor,CHN-02,0,3,0,3,6,0,0,0,0,0,0
2023-05-13,AST-3019,Belt Conveyor,CHN-02,0,0,0,0,0,0,0,0,0,0,0
2023-05-14,AST-3019,Belt Conveyor,CHN-02,0,0,0,0,0,0,0,0,0,0,0
2023-05-15,AST-3019,Belt Conveyor,CHN-02,1,1,1,3,7,1,0,0,0,0,0
2023-05-16,AST-3019,Belt Conveyor,CHN-02,0,0,1,1,1,0,0,0,0,0,0
2023-05-17,AST-3019,Belt Conveyor,CHN-02,1,1,0,2,6,0,0,0,0,0,0
2023-05-18,AST-3019,Belt Conveyor,CHN-02,1,1,0,2,6,0,0,0,0,0,0
2023-05-19,AST-3019,Belt Conveyor,CHN-02,1,0,0,1,4,0,0,0,0,0,0
2023-05-20,AST-3019,Belt Conveyor,CHN-02,0,0,0,0,0,0,0,0,0,0,0
2023-05-21,AST-3019,Belt Conveyor,CHN-02,0,0,0,0,0,0,0,0,0,0,0
2023-05-22,AST-3019,Belt Conveyor,CHN-02,1,1,1,3,7,1,0,0,0,0,0
2023-05-23,AST-3019,Belt Conveyor,CHN-02,0,1,0,1,2,0,0,0,0,0,0
2023-05-24,AST-3019,Belt Conveyor,CHN-02,0,1,0,1,2,0,0,0,0,0,0
2023-05-25,AST-3019,Belt Conveyor,CHN-02,0,0,0,0,0,0,0,0,0,0,0
2023-05-26,AST-3019,Belt Conveyor,CHN-02,0,1,0,1,2,0,0,0,0,0,0
2023-05-27,AST-3019,Belt Conveyor,CHN-02,0,0,0,0,0,0,0,0,0,0,0
2023-05-28,AST-3019,Belt Conveyor,CHN-02,0,0,0,0,0,0,0,0,0,0,0
2023-05-29,AST-3019,Belt Conveyor,CHN-02,1,1,2,4,8,1,0,0,0,0,0
2023-05-30,AST-3019,Belt Conveyor,CHN-02,0,0,1,1,1,0,0,0,0,0,0
2023-05-31,AST-3019,Belt Conveyor,CHN-02,1,1,1,3,7,1,0,0,0,0,0
2023-06-01,AST-3019,Belt Conveyor,CHN-02,1,2,0,3,8,1,0,0,0,0,0
2023-06-02,AST-3019,Belt Conveyor,CHN-02,0,1,1,2,3,0,0,0,0,0,0
2023-06-03,AST-3019,Belt Conveyor,CHN-02,0,0,0,0,0,0,0,0,0,0,0
2023-06-04,AST-3019,Belt Conveyor,CHN-02,0,0,0,0,0,0,0,0,0,0,0
2023-06-05,AST-3019,Belt Conveyor,CHN-02,0,4,0,4,8,1,0,0,0,0,0
2023-06-06,AST-3019,Belt Conveyor,CHN-02,4,4,0,8,24,1,1,1,1,1,1
2023-06-07,AST-3019,Belt Conveyor,CHN-02,1,1,0,2,6,0,0,0,0,0,0
2023-06-08,AST-3019,Belt Conveyor,CHN-02,2,0,1,3,9,1,0,0,0,0,0
2023-06-09,AST-3019,Belt Conveyor,CHN-02,2,1,0,3,10,1,1,0,0,0,0
2023-06-10,AST-3019,Belt Conveyor,CHN-02,0,0,0,0,0,0,0,0,0,0,0
2023-06-11,AST-3019,Belt Conveyor,CHN-02,0,0,0,0,0,0,0,0,0,0,0
2023-06-12,AST-3019,Belt Conveyor,CHN-02,0,2,1,3,5,0,0,0,0,0,0
2023-06-13,AST-3019,Belt Conveyor,CHN-02,0,0,1,1,1,0,0,0,0,0,0
2023-06-14,AST-3019,Belt Conveyor,CHN-02,1,0,3,4,7,1,0,0,0,0,0
2023-06-15,AST-3019,Belt Conveyor,CHN-02,1,1,1,3,7,1,0,0,0,0,0
2023-06-16,AST-3019,Belt Conveyor,CHN-02,2,1,0,3,10,1,1,0,0,0,0
2023-06-17,AST-3019,Belt Conveyor,CHN-02,0,0,0,0,0,0,0,0,0,0,0
2023-06-18,AST-3019,Belt Conveyor,CHN-02,0,0,0,0,0,0,0,0,0,0,0
2023-06-19,AST-3019,Belt Conveyor,CHN-02,1,0,0,1,4,0,0,0,0,0,0
2023-06-20,AST-3019,Belt Conveyor,CHN-02,1,1,0,2,6,0,0,0,0,0,0
2023-06-21,AST-3019,Belt Conveyor,CHN-02,2,1,0,3,10,1,1,0,0,0,0
2023-06-22,AST-3019,Belt Conveyor,CHN-02,1,2,0,3,8,1,0,0,0,0,0
2023-06-23,AST-3019,Belt Conveyor,CHN-02,1,0,0,1,4,0,0,0,0,0,0
2023-06-24,AST-3019,Belt Conveyor,CHN-02,0,0,0,0,0,0,0,0,0,0,0
2023-06-25,AST-3019,Belt Conveyor,CHN-02,0,0,0,0,0,0,0,0,0,0,0
2023-06-26,AST-3019,Belt Conveyor,CHN-02,1,0,1,2,5,0,0,0,0,0,0
2023-06-27,AST-3019,Belt Conveyor,CHN-02,0,0,1,1,1,0,0,0,0,0,0
2023-06-28,AST-3019,Belt Conveyor,CHN-02,1,0,0,1,4,0,0,0,0,0,0
2023-06-29,AST-3019,Belt Conveyor,CHN-02,0,2,0,2,4,0,0,0,0,0,0
2023-06-30,AST-3019,Belt Conveyor,CHN-02,0,1,0,1,2,0,0,0,0,0,0
2023-07-01,AST-3019,Belt Conveyor,CHN-02,0,0,0,0,0,0,0,0,0,0,0
2023-07-02,AST-3019,Belt Conveyor,CHN-02,0,0,0,0,0,0,0,0,0,0,0
2023-07-03,AST-3019,Belt Conveyor,CHN-02,0,0,0,0,0,0,0,0,0,0,0
2023-07-04,AST-3019,Belt Conveyor,CHN-02,0,0,1,1,1,0,0,0,0,0,0
2023-07-05,AST-3019,Belt Conveyor,CHN-02,0,1,0,1,2,0,0,0,0,0,0
2023-07-06,AST-3019,Belt Conveyor,CHN-02,1,2,2,5,10,1,1,0,0,0,0
2023-07-07,AST-3019,Belt Conveyor,CHN-02,1,0,0,1,4,0,0,0,0,0,0
2023-07-08,AST-3019,Belt Conveyor,CHN-02,0,0,0,0,0,0,0,0,0,0,0
2023-07-09,AST-3019,Belt Conveyor,CHN-02,0,0,0,0,0,0,0,0,0,0,0
2023-07-10,AST-3019,Belt Conveyor,CHN-02,1,2,1,4,9,1,0,0,0,0,0
2023-07-11,AST-3019,Belt Conveyor,CHN-02,0,3,1,4,7,1,0,0,0,0,0
2023-07-12,AST-3019,Belt Conveyor,CHN-02,1,1,1,3,7,1,0,0,0,0,0
2023-07-13,AST-3019,Belt Conveyor,CHN-02,1,0,0,1,4,0,0,0,0,0,0
2023-07-14,AST-3019,Belt Conveyor,CHN-02,1,0,1,2,5,0,0,0,0,0,0
2023-07-15,AST-3019,Belt Conveyor,CHN-02,0,0,0,0,0,0,0,0,0,0,0
2023-07-16,AST-3019,Belt Conveyor,CHN-02,0,0,0,0,0,0,0,0,0,0,0
2023-07-17,AST-3019,Belt Conveyor,CHN-02,1,1,0,2,6,0,0,0,0,0,0
2023-07-18,AST-3019,Belt Conveyor,CHN-02,0,0,1,1,1,0,0,0,0,0,0
2023-07-19,AST-3019,Belt Conveyor,CHN-02,0,0,0,0,0,0,0,0,0,0,0
2023-07-20,AST-3019,Belt Conveyor,CHN-02,2,1,0,3,10,1,1,0,0,0,0
2023-07-21,AST-3019,Belt Conveyor,CHN-02,0,2,0,2,4,0,0,0,0,0,0
2023-07-22,AST-3019,Belt Conveyor,CHN-02,0,0,0,0,0,0,0,0,0,0,0
2023-07-23,AST-3019,Belt Conveyor,CHN-02,0,0,0,0,0,0,0,0,0,0,0
2023-07-24,AST-3019,Belt Conveyor,CHN-02,0,0,1,1,1,0,0,0,0,0,0
2023-07-25,AST-3019,Belt Conveyor,CHN-02,0,0,1,1,1,0,0,0,0,0,0
2023-07-26,AST-3019,Belt Conveyor,CHN-02,1,0,0,1,4,0,0,0,0,0,0
2023-07-27,AST-3019,Belt Conveyor,CHN-02,3,1,0,4,14,1,1,1,1,1,1
2023-07-28,AST-3019,Belt Conveyor,CHN-02,2,1,0,3,10,1,1,0,0,0,0
2023-07-29,AST-3019,Belt Conveyor,CHN-02,0,0,0,0,0,0,0,0,0,0,0
2023-07-30,AST-3019,Belt Conveyor,CHN-02,0,0,0,0,0,0,0,0,0,0,0
2023-07-31,AST-3019,Belt Conveyor,CHN-02,1,0,0,1,4,0,0,0,0,0,0
2023-08-01,AST-3019,Belt Conveyor,CHN-02,0,0,1,1,1,0,0,0,0,0,0
2023-08-02,AST-3019,Belt Conveyor,CHN-02,1,0,1,2,5,0,0,0,0,0,0
2023-08-03,AST-3019,Belt Conveyor,CHN-02,1,4,3,8,15,1,1,1,1,1,1
2023-08-04,AST-3019,Belt Conveyor,CHN-02,1,2,0,3,8,1,0,0,0,0,0
2023-08-05,AST-3019,Belt Conveyor,CHN-02,0,0,0,0,0,0,0,0,0,0,0
2023-08-06,AST-3019,Belt Conveyor,CHN-02,0,0,0,0,0,0,0,0,0,0,0
2023-08-07,AST-3019,Belt Conveyor,CHN-02,2,1,0,3,10,1,1,0,0,0,0
2023-08-08,AST-3019,Belt Conveyor,CHN-02,0,0,0,0,0,0,0,0,0,0,0
2023-08-09,AST-3019,Belt Conveyor,CHN-02,0,0,1,1,1,0,0,0,0,0,0
2023-08-10,AST-3019,Belt Conveyor,CHN-02,3,2,0,5,16,1,1,1,1,1,1
2023-08-11,AST-3019,Belt Conveyor,CHN-02,0,1,0,1,2,0,0,0,0,0,0
2023-08-12,AST-3019,Belt Conveyor,CHN-02,0,0,0,0,0,0,0,0,0,0,0
2023-08-13,AST-3019,Belt Conveyor,CHN-02,0,0,0,0,0,0,0,0,0,0,0
2023-08-14,AST-3019,Belt Conveyor,CHN-02,0,2,0,2,4,0,0,0,0,0,0
2023-08-15,AST-3019,Belt Conveyor,CHN-02,2,1,0,3,10,1,1,0,0,0,0
2023-08-16,AST-3019,Belt Conveyor,CHN-02,1,0,0,1,4,0,0,0,0,0,0
2023-08-17,AST-3019,Belt Conveyor,CHN-02,2,0,0,2,8,1,0,0,0,0,0
2023-08-18,AST-3019,Belt Conveyor,CHN-02,1,1,1,3,7,1,0,0,0,0,0
2023-08-19,AST-3019,Belt Conveyor,CHN-02,0,0,0,0,0,0,0,0,0,0,0
2023-08-20,AST-3019,Belt Conveyor,CHN-02,0,0,0,0,0,0,0,0,0,0,0
2023-08-21,AST-3019,Belt Conveyor,CHN-02,1,1,0,2,6,0,0,0,0,0,0
2023-08-22,AST-3019,Belt Conveyor,CHN-02,1,1,0,2,6,0,0,0,0,0,0
2023-08-23,AST-3019,Belt Conveyor,CHN-02,0,2,2,4,6,0,0,0,0,0,0
2023-08-24,AST-3019,Belt Conveyor,CHN-02,0,2,0,2,4,0,0,0,0,0,0
2023-08-25,AST-3019,Belt Conveyor,CHN-02,0,1,0,1,2,0,0,0,0,0,0
2023-08-26,AST-3019,Belt Conveyor,CHN-02,0,0,0,0,0,0,0,0,0,0,0
2023-08-27,AST-3019,Belt Conveyor,CHN-02,0,0,0,0,0,0,0,0,0,0,0
2023-08-28,AST-3019,Belt Conveyor,CHN-02,2,0,2,4,10,1,1,0,0,0,0
2023-08-29,AST-3019,Belt Conveyor,CHN-02,1,3,0,4,10,1,1,0,0,0,0
2023-08-30,AST-3019,Belt Conveyor,CHN-02,1,0,0,1,4,0,0,0,0,0,0
2023-08-31,AST-3019,Belt Conveyor,CHN-02,1,1,1,3,7,1,0,0,0,0,0
2023-09-01,AST-3019,Belt Conveyor,CHN-02,2,1,1,4,11,1,1,1,0,0,0
2023-09-02,AST-3019,Belt Conveyor,CHN-02,0,0,0,0,0,0,0,0,0,0,0
2023-09-03,AST-3019,Belt Conveyor,CHN-02,0,0,0,0,0,0,0,0,0,0,0
2023-09-04,AST-3019,Belt Conveyor,CHN-02,1,0,0,1,4,0,0,0,0,0,0
2023-09-05,AST-3019,Belt Conveyor,CHN-02,0,0,0,0,0,0,0,0,0,0,0
2023-09-06,AST-3019,Belt Conveyor,CHN-02,2,1,0,3,10,1,1,0,0,0,0
2023-09-07,AST-3019,Belt Conveyor,CHN-02,3,0,0,3,12,1,1,1,1,0,0
2023-09-08,AST-3019,Belt Conveyor,CHN-02,1,0,0,1,4,0,0,0,0,0,0
2023-09-09,AST-3019,Belt Conveyor,CHN-02,0,0,0,0,0,0,0,0,0,0,0
2023-09-10,AST-3019,Belt Conveyor,CHN-02,0,0,0,0,0,0,0,0,0,0,0
2023-09-11,AST-3019,Belt Conveyor,CHN-02,0,0,0,0,0,0,0,0,0,0,0
2023-09-12,AST-3019,Belt Conveyor,CHN-02,0,0,0,0,0,0,0,0,0,0,0
2023-09-13,AST-3019,Belt Conveyor,CHN-02,1,0,0,1,4,0,0,0,0,0,0
2023-09-14,AST-3019,Belt Conveyor,CHN-02,0,1,0,1,2,0,0,0,0,0,0
2023-09-15,AST-3019,Belt Conveyor,CHN-02,0,0,2,2,2,0,0,0,0,0,0
2023-09-16,AST-3019,Belt Conveyor,CHN-02,0,0,0,0,0,0,0,0,0,0,0
2023-09-17,AST-3019,Belt Conveyor,CHN-02,0,0,0,0,0,0,0,0,0,0,0
2023-09-18,AST-3019,Belt Conveyor,CHN-02,2,1,0,3,10,1,1,0,0,0,0
2023-09-19,AST-3019,Belt Conveyor,CHN-02,3,2,1,6,17,1,1,1,1,1,1
2023-09-20,AST-3019,Belt Conveyor,CHN-02,0,2,0,2,4,0,0,0,0,0,0
2023-09-21,AST-3019,Belt Conveyor,CHN-02,2,0,0,2,8,1,0,0,0,0,0
2023-09-22,AST-3019,Belt Conveyor,CHN-02,1,1,0,2,6,0,0,0,0,0,0
2023-09-23,AST-3019,Belt Conveyor,CHN-02,0,0,0,0,0,0,0,0,0,0,0
2023-09-24,AST-3019,Belt Conveyor,CHN-02,0,0,0,0,0,0,0,0,0,0,0
2023-09-25,AST-3019,Belt Conveyor,CHN-02,0,1,0,1,2,0,0,0,0,0,0
2023-09-26,AST-3019,Belt Conveyor,CHN-02,0,1,0,1,2,0,0,0,0,0,0
2023-09-27,AST-3019,Belt Conveyor,CHN-02,1,2,1,4,9,1,0,0,0,0,0
2023-09-28,AST-3019,Belt Conveyor,CHN-02,2,1,1,4,11,1,1,1,0,0,0
2023-09-29,AST-3019,Belt Conveyor,CHN-02,0,4,0,4,8,1,0,0,0,0,0
2023-09-30,AST-3019,Belt Conveyor,CHN-02,0,0,0,0,0,0,0,0,0,0,0
2023-10-01,AST-3019,Belt Conveyor,CHN-02,0,0,0,0,0,0,0,0,0,0,0
2023-10-02,AST-3019,Belt Conveyor,CHN-02,0,0,0,0,0,0,0,0,0,0,0
2023-10-03,AST-3019,Belt Conveyor,CHN-02,2,3,0,5,14,1,1,1,1,1,1
2023-10-04,AST-3019,Belt Conveyor,CHN-02,1,1,1,3,7,1,0,0,0,0,0
2023-10-05,AST-3019,Belt Conveyor,CHN-02,1,1,0,2,6,0,0,0,0,0,0
2023-10-06,AST-3019,Belt Conveyor,CHN-02,1,1,0,2,6,0,0,0,0,0,0
2023-10-07,AST-3019,Belt Conveyor,CHN-02,0,0,0,0,0,0,0,0,0,0,0
2023-10-08,AST-3019,Belt Conveyor,CHN-02,0,0,0,0,0,0,0,0,0,0,0
2023-10-09,AST-3019,Belt Conveyor,CHN-02,0,0,2,2,2,0,0,0,0,0,0
2023-10-10,AST-3019,Belt Conveyor,CHN-02,1,2,0,3,8,1,0,0,0,0,0
2023-10-11,AST-3019,Belt Conveyor,CHN-02,0,2,0,2,4,0,0,0,0,0,0
2023-10-12,AST-3019,Belt Conveyor,CHN-02,1,2,0,3,8,1,0,0,0,0,0
2023-10-13,AST-3019,Belt Conveyor,CHN-02,1,1,0,2,6,0,0,0,0,0,0
2023-10-14,AST-3019,Belt Conveyor,CHN-02,0,0,0,0,0,0,0,0,0,0,0
2023-10-15,AST-3019,Belt Conveyor,CHN-02,0,0,0,0,0,0,0,0,0,0,0
2023-10-16,AST-3019,Belt Conveyor,CHN-02,1,0,1,2,5,0,0,0,0,0,0
2023-10-17,AST-3019,Belt Conveyor,CHN-02,0,2,0,2,4,0,0,0,0,0,0
2023-10-18,AST-3019,Belt Conveyor,CHN-02,0,0,0,0,0,0,0,0,0,0,0
2023-10-19,AST-3019,Belt Conveyor,CHN-02,0,0,2,2,2,0,0,0,0,0,0
2023-10-20,AST-3019,Belt Conveyor,CHN-02,0,1,0,1,2,0,0,0,0,0,0
2023-10-21,AST-3019,Belt Conveyor,CHN-02,0,0,0,0,0,0,0,0,0,0,0
2023-10-22,AST-3019,Belt Conveyor,CHN-02,0,0,0,0,0,0,0,0,0,0,0
2023-10-23,AST-3019,Belt Conveyor,CHN-02,0,1,0,1,2,0,0,0,0,0,0
2023-10-24,AST-3019,Belt Conveyor,CHN-02,1,4,0,5,12,1,1,1,1,0,0
2023-10-25,AST-3019,Belt Conveyor,CHN-02,0,0,0,0,0,0,0,0,0,0,0
2023-10-26,AST-3019,Belt Conveyor,CHN-02,1,2,0,3,8,1,0,0,0,0,0
2023-10-27,AST-3019,Belt Conveyor,CHN-02,0,0,0,0,0,0,0,0,0,0,0
2023-10-28,AST-3019,Belt Conveyor,CHN-02,0,0,0,0,0,0,0,0,0,0,0
2023-10-29,AST-3019,Belt Conveyor,CHN-02,0,0,0,0,0,0,0,0,0,0,0
2023-10-30,AST-3019,Belt Conveyor,CHN-02,0,1,0,1,2,0,0,0,0,0,0
2023-10-31,AST-3019,Belt Conveyor,CHN-02,0,3,2,5,8,1,0,0,0,0,0
2023-11-01,AST-3019,Belt Conveyor,CHN-02,0,0,3,3,3,0,0,0,0,0,0
2023-11-02,AST-3019,Belt Conveyor,CHN-02,2,1,1,4,11,1,1,1,0,0,0
2023-11-03,AST-3019,Belt Conveyor,CHN-02,1,0,2,3,6,0,0,0,0,0,0
2023-11-04,AST-3019,Belt Conveyor,CHN-02,0,0,0,0,0,0,0,0,0,0,0
2023-11-05,AST-3019,Belt Conveyor,CHN-02,0,0,0,0,0,0,0,0,0,0,0
2023-11-06,AST-3019,Belt Conveyor,CHN-02,0,1,2,3,4,0,0,0,0,0,0
2023-11-07,AST-3019,Belt Conveyor,CHN-02,0,1,1,2,3,0,0,0,0,0,0
2023-11-08,AST-3019,Belt Conveyor,CHN-02,1,3,1,5,11,1,1,1,0,0,0
2023-11-09,AST-3019,Belt Conveyor,CHN-02,1,1,0,2,6,0,0,0,0,0,0
2023-11-10,AST-3019,Belt Conveyor,CHN-02,1,1,0,2,6,0,0,0,0,0,0
2023-11-11,AST-3019,Belt Conveyor,CHN-02,0,0,0,0,0,0,0,0,0,0,0
2023-11-12,AST-3019,Belt Conveyor,CHN-02,0,0,0,0,0,0,0,0,0,0,0
2023-11-13,AST-3019,Belt Conveyor,CHN-02,0,3,0,3,6,0,0,0,0,0,0
2023-11-14,AST-3019,Belt Conveyor,CHN-02,0,0,0,0,0,0,0,0,0,0,0
2023-11-15,AST-3019,Belt Conveyor,CHN-02,2,0,0,2,8,1,0,0,0,0,0
2023-11-16,AST-3019,Belt Conveyor,CHN-02,4,1,0,5,18,1,1,1,1,1,1
2023-11-17,AST-3019,Belt Conveyor,CHN-02,2,1,0,3,10,1,1,0,0,0,0
2023-11-18,AST-3019,Belt Conveyor,CHN-02,0,0,0,0,0,0,0,0,0,0,0
2023-11-19,AST-3019,Belt Conveyor,CHN-02,0,0,0,0,0,0,0,0,0,0,0
2023-11-20,AST-3019,Belt Conveyor,CHN-02,2,0,0,2,8,1,0,0,0,0,0
2023-11-21,AST-3019,Belt Conveyor,CHN-02,1,1,0,2,6,0,0,0,0,0,0
2023-11-22,AST-3019,Belt Conveyor,CHN-02,1,1,0,2,6,0,0,0,0,0,0
2023-11-23,AST-3019,Belt Conveyor,CHN-02,0,0,0,0,0,0,0,0,0,0,0
2023-11-24,AST-3019,Belt Conveyor,CHN-02,2,1,0,3,10,1,1,0,0,0,0
2023-11-25,AST-3019,Belt Conveyor,CHN-02,0,0,0,0,0,0,0,0,0,0,0
2023-11-26,AST-3019,Belt Conveyor,CHN-02,0,0,0,0,0,0,0,0,0,0,0
2023-11-27,AST-3019,Belt Conveyor,CHN-02,2,0,1,3,9,1,0,0,0,0,0
2023-11-28,AST-3019,Belt Conveyor,CHN-02,0,0,0,0,0,0,0,0,0,0,0
2023-11-29,AST-3019,Belt Conveyor,CHN-02,0,0,0,0,0,0,0,0,0,0,0
2023-11-30,AST-3019,Belt Conveyor,CHN-02,1,2,0,3,8,1,0,0,0,0,0
2023-12-01,AST-3019,Belt Conveyor,CHN-02,1,1,1,3,7,1,0,0,0,0,0
2023-12-02,AST-3019,Belt Conveyor,CHN-02,0,0,0,0,0,0,0,0,0,0,0
2023-12-03,AST-3019,Belt Conveyor,CHN-02,0,0,0,0,0,0,0,0,0,0,0
2023-12-04,AST-3019,Belt Conveyor,CHN-02,0,2,1,3,5,0,0,0,0,0,0
2023-12-05,AST-3019,Belt Conveyor,CHN-02,2,2,0,4,12,1,1,1,1,0,0
2023-12-06,AST-3019,Belt Conveyor,CHN-02,1,3,1,5,11,1,1,1,0,0,0
2023-12-07,AST-3019,Belt Conveyor,CHN-02,1,4,0,5,12,1,1,1,1,0,0
2023-12-08,AST-3019,Belt Conveyor,CHN-02,1,4,2,7,14,1,1,1,1,1,1
2023-12-09,AST-3019,Belt Conveyor,CHN-02,0,0,0,0,0,0,0,0,0,0,0
2023-12-10,AST-3019,Belt Conveyor,CHN-02,0,0,0,0,0,0,0,0,0,0,0
2023-12-11,AST-3019,Belt Conveyor,CHN-02,1,0,0,1,4,0,0,0,0,0,0
2023-12-12,AST-3019,Belt Conveyor,CHN-02,1,1,2,4,8,1,0,0,0,0,0
2023-12-13,AST-3019,Belt Conveyor,CHN-02,2,1,0,3,10,1,1,0,0,0,0
2023-12-14,AST-3019,Belt Conveyor,CHN-02,1,1,2,4,8,1,0,0,0,0,0
2023-12-15,AST-3019,Belt Conveyor,CHN-02,1,4,0,5,12,1,1,1,1,0,0
2023-12-16,AST-3019,Belt Conveyor,CHN-02,0,0,0,0,0,0,0,0,0,0,0
2023-12-17,AST-3019,Belt Conveyor,CHN-02,0,0,0,0,0,0,0,0,0,0,0
2023-12-18,AST-3019,Belt Conveyor,CHN-02,0,2,0,2,4,0,0,0,0,0,0
2023-12-19,AST-3019,Belt Conveyor,CHN-02,1,2,0,3,8,1,0,0,0,0,0
2023-12-20,AST-3019,Belt Conveyor,CHN-02,0,0,1,1,1,0,0,0,0,0,0
2023-12-21,AST-3019,Belt Conveyor,CHN-02,2,2,0,4,12,1,1,1,1,0,0
2023-12-22,AST-3019,Belt Conveyor,CHN-02,1,2,0,3,8,1,0,0,0,0,0
2023-12-23,AST-3019,Belt Conveyor,CHN-02,0,0,0,0,0,0,0,0,0,0,0
2023-12-24,AST-3019,Belt Conveyor,CHN-02,0,0,0,0,0,0,0,0,0,0,0
2023-12-25,AST-3019,Belt Conveyor,CHN-02,1,0,0,1,4,0,0,0,0,0,0
2023-12-26,AST-3019,Belt Conveyor,CHN-02,0,3,0,3,6,0,0,0,0,0,0
2023-12-27,AST-3019,Belt Conveyor,CHN-02,2,0,0,2,8,1,0,0,0,0,0
2023-12-28,AST-3019,Belt Conveyor,CHN-02,1,0,0,1,4,0,0,0,0,0,0
2023-12-29,AST-3019,Belt Conveyor,CHN-02,2,2,1,5,13,1,1,1,1,1,0
2023-12-30,AST-3019,Belt Conveyor,CHN-02,0,0,0,0,0,0,0,0,0,0,0
2023-12-31,AST-3019,Belt Conveyor,CHN-02,0,0,0,0,0,0,0,0,0,0,0
2024-01-01,AST-3019,Belt Conveyor,CHN-02,0,1,0,1,2,0,0,0,0,0,0
2024-01-02,AST-3019,Belt Conveyor,CHN-02,1,2,1,4,9,1,0,0,0,0,0
2024-01-03,AST-3019,Belt Conveyor,CHN-02,0,0,0,0,0,0,0,0,0,0,0
2024-01-04,AST-3019,Belt Conveyor,CHN-02,0,1,1,2,3,0,0,0,0,0,0
2024-01-05,AST-3019,Belt Conveyor,CHN-02,0,2,0,2,4,0,0,0,0,0,0
2024-01-06,AST-3019,Belt Conveyor,CHN-02,0,0,0,0,0,0,0,0,0,0,0
2024-01-07,AST-3019,Belt Conveyor,CHN-02,0,0,0,0,0,0,0,0,0,0,0
2024-01-08,AST-3019,Belt Conveyor,CHN-02,1,1,0,2,6,0,0,0,0,0,0
2024-01-09,AST-3019,Belt Conveyor,CHN-02,0,2,0,2,4,0,0,0,0,0,0
2024-01-10,AST-3019,Belt Conveyor,CHN-02,1,2,0,3,8,1,0,0,0,0,0
2024-01-11,AST-3019,Belt Conveyor,CHN-02,0,2,0,2,4,0,0,0,0,0,0
2024-01-12,AST-3019,Belt Conveyor,CHN-02,1,1,0,2,6,0,0,0,0,0,0
2024-01-13,AST-3019,Belt Conveyor,CHN-02,0,0,0,0,0,0,0,0,0,0,0
2024-01-14,AST-3019,Belt Conveyor,CHN-02,0,0,0,0,0,0,0,0,0,0,0
2024-01-15,AST-3019,Belt Conveyor,CHN-02,0,2,0,2,4,0,0,0,0,0,0
2024-01-16,AST-3019,Belt Conveyor,CHN-02,0,1,2,3,4,0,0,0,0,0,0
2024-01-17,AST-3019,Belt Conveyor,CHN-02,0,0,0,0,0,0,0,0,0,0,0
2024-01-18,AST-3019,Belt Conveyor,CHN-02,0,1,0,1,2,0,0,0,0,0,0
2024-01-19,AST-3019,Belt Conveyor,CHN-02,0,0,0,0,0,0,0,0,0,0,0
2024-01-20,AST-3019,Belt Conveyor,CHN-02,0,0,0,0,0,0,0,0,0,0,0
2024-01-21,AST-3019,Belt Conveyor,CHN-02,0,0,0,0,0,0,0,0,0,0,0
2024-01-22,AST-3019,Belt Conveyor,CHN-02,1,0,1,2,5,0,0,0,0,0,0
2024-01-23,AST-3019,Belt Conveyor,CHN-02,0,0,1,1,1,0,0,0,0,0,0
2024-01-24,AST-3019,Belt Conveyor,CHN-02,2,2,0,4,12,1,1,1,1,0,0
2024-01-25,AST-3019,Belt Conveyor,CHN-02,1,1,0,2,6,0,0,0,0,0,0
2024-01-26,AST-3019,Belt Conveyor,CHN-02,0,0,0,0,0,0,0,0,0,0,0
2024-01-27,AST-3019,Belt Conveyor,CHN-02,0,0,0,0,0,0,0,0,0,0,0
2024-01-28,AST-3019,Belt Conveyor,CHN-02,0,0,0,0,0,0,0,0,0,0,0
2024-01-29,AST-3019,Belt Conveyor,CHN-02,1,1,1,3,7,1,0,0,0,0,0
2024-01-30,AST-3019,Belt Conveyor,CHN-02,0,1,0,1,2,0,0,0,0,0,0
2024-01-31,AST-3019,Belt Conveyor,CHN-02,2,1,1,4,11,1,1,1,0,0,0
2024-02-01,AST-3019,Belt Conveyor,CHN-02,1,2,1,4,9,1,0,0,0,0,0
2024-02-02,AST-3019,Belt Conveyor,CHN-02,1,2,0,3,8,1,0,0,0,0,0
2024-02-03,AST-3019,Belt Conveyor,CHN-02,0,0,0,0,0,0,0,0,0,0,0
2024-02-04,AST-3019,Belt Conveyor,CHN-02,0,0,0,0,0,0,0,0,0,0,0
2024-02-05,AST-3019,Belt Conveyor,CHN-02,1,0,0,1,4,0,0,0,0,0,0
2024-02-06,AST-3019,Belt Conveyor,CHN-02,0,1,0,1,2,0,0,0,0,0,0
2024-02-07,AST-3019,Belt Conveyor,CHN-02,0,2,0,2,4,0,0,0,0,0,0
2024-02-08,AST-3019,Belt Conveyor,CHN-02,1,0,0,1,4,0,0,0,0,0,0
2024-02-09,AST-3019,Belt Conveyor,CHN-02,1,1,2,4,8,1,0,0,0,0,0
2024-02-10,AST-3019,Belt Conveyor,CHN-02,0,0,0,0,0,0,0,0,0,0,0
2024-02-11,AST-3019,Belt Conveyor,CHN-02,0,0,0,0,0,0,0,0,0,0,0
2024-02-12,AST-3019,Belt Conveyor,CHN-02,2,1,0,3,10,1,1,0,0,0,0
2024-02-13,AST-3019,Belt Conveyor,CHN-02,1,0,1,2,5,0,0,0,0,0,0
2024-02-14,AST-3019,Belt Conveyor,CHN-02,0,2,0,2,4,0,0,0,0,0,0
2024-02-15,AST-3019,Belt Conveyor,CHN-02,0,0,0,0,0,0,0,0,0,0,0
2024-02-16,AST-3019,Belt Conveyor,CHN-02,0,1,0,1,2,0,0,0,0,0,0
2024-02-17,AST-3019,Belt Conveyor,CHN-02,0,0,0,0,0,0,0,0,0,0,0
2024-02-18,AST-3019,Belt Conveyor,CHN-02,0,0,0,0,0,0,0,0,0,0,0
2024-02-19,AST-3019,Belt Conveyor,CHN-02,1,0,1,2,5,0,0,0,0,0,0
2024-02-20,AST-3019,Belt Conveyor,CHN-02,1,1,2,4,8,1,0,0,0,0,0
2024-02-21,AST-3019,Belt Conveyor,CHN-02,0,0,0,0,0,0,0,0,0,0,0
2024-02-22,AST-3019,Belt Conveyor,CHN-02,0,1,0,1,2,0,0,0,0,0,0
2024-02-23,AST-3019,Belt Conveyor,CHN-02,2,2,0,4,12,1,1,1,1,0,0
2024-02-24,AST-3019,Belt Conveyor,CHN-02,0,0,0,0,0,0,0,0,0,0,0
2024-02-25,AST-3019,Belt Conveyor,CHN-02,0,0,0,0,0,0,0,0,0,0,0
2024-02-26,AST-3019,Belt Conveyor,CHN-02,1,0,0,1,4,0,0,0,0,0,0
2024-02-27,AST-3019,Belt Conveyor,CHN-02,2,0,0,2,8,1,0,0,0,0,0
2024-02-28,AST-3019,Belt Conveyor,CHN-02,1,0,1,2,5,0,0,0,0,0,0
2024-02-29,AST-3019,Belt Conveyor,CHN-02,2,0,1,3,9,1,0,0,0,0,0
2024-03-01,AST-3019,Belt Conveyor,CHN-02,1,0,0,1,4,0,0,0,0,0,0
2024-03-02,AST-3019,Belt Conveyor,CHN-02,0,0,0,0,0,0,0,0,0,0,0
2024-03-03,AST-3019,Belt Conveyor,CHN-02,0,0,0,0,0,0,0,0,0,0,0
2024-03-04,AST-3019,Belt Conveyor,CHN-02,0,1,0,1,2,0,0,0,0,0,0
2024-03-05,AST-3019,Belt Conveyor,CHN-02,0,0,0,0,0,0,0,0,0,0,0
2024-03-06,AST-3019,Belt Conveyor,CHN-02,0,0,1,1,1,0,0,0,0,0,0
2024-03-07,AST-3019,Belt Conveyor,CHN-02,0,1,0,1,2,0,0,0,0,0,0
2024-03-08,AST-3019,Belt Conveyor,CHN-02,1,0,1,2,5,0,0,0,0,0,0
2024-03-09,AST-3019,Belt Conveyor,CHN-02,0,0,0,0,0,0,0,0,0,0,0
2024-03-10,AST-3019,Belt Conveyor,CHN-02,0,0,0,0,0,0,0,0,0,0,0
2024-03-11,AST-3019,Belt Conveyor,CHN-02,0,3,0,3,6,0,0,0,0,0,0
2024-03-12,AST-3019,Belt Conveyor,CHN-02,0,1,0,1,2,0,0,0,0,0,0
2024-03-13,AST-3019,Belt Conveyor,CHN-02,1,1,0,2,6,0,0,0,0,0,0
2024-03-14,AST-3019,Belt Conveyor,CHN-02,1,1,0,2,6,0,0,0,0,0,0
2024-03-15,AST-3019,Belt Conveyor,CHN-02,0,2,0,2,4,0,0,0,0,0,0
2024-03-16,AST-3019,Belt Conveyor,CHN-02,0,0,0,0,0,0,0,0,0,0,0
2024-03-17,AST-3019,Belt Conveyor,CHN-02,0,0,0,0,0,0,0,0,0,0,0
2024-03-18,AST-3019,Belt Conveyor,CHN-02,0,0,1,1,1,0,0,0,0,0,0
2024-03-19,AST-3019,Belt Conveyor,CHN-02,0,0,1,1,1,0,0,0,0,0,0
2024-03-20,AST-3019,Belt Conveyor,CHN-02,0,0,2,2,2,0,0,0,0,0,0
2024-03-21,AST-3019,Belt Conveyor,CHN-02,3,1,0,4,14,1,1,1,1,1,1
2024-03-22,AST-3019,Belt Conveyor,CHN-02,1,2,0,3,8,1,0,0,0,0,0
2024-03-23,AST-3019,Belt Conveyor,CHN-02,0,0,0,0,0,0,0,0,0,0,0
2024-03-24,AST-3019,Belt Conveyor,CHN-02,0,0,0,0,0,0,0,0,0,0,0
2024-03-25,AST-3019,Belt Conveyor,CHN-02,0,0,0,0,0,0,0,0,0,0,0
2024-03-26,AST-3019,Belt Conveyor,CHN-02,1,1,0,2,6,0,0,0,0,0,0
2024-03-27,AST-3019,Belt Conveyor,CHN-02,0,0,1,1,1,0,0,0,0,0,0
2024-03-28,AST-3019,Belt Conveyor,CHN-02,1,1,0,2,6,0,0,0,0,0,0
2024-03-29,AST-3019,Belt Conveyor,CHN-02,2,0,1,3,9,1,0,0,0,0,0
2024-03-30,AST-3019,Belt Conveyor,CHN-02,0,0,0,0,0,0,0,0,0,0,0
2024-03-31,AST-3019,Belt Conveyor,CHN-02,0,0,0,0,0,0,0,0,0,0,0
2024-04-01,AST-3019,Belt Conveyor,CHN-02,1,2,1,4,9,1,0,0,0,0,0
2024-04-02,AST-3019,Belt Conveyor,CHN-02,2,1,0,3,10,1,1,0,0,0,0
2024-04-03,AST-3019,Belt Conveyor,CHN-02,0,2,2,4,6,0,0,0,0,0,0
2024-04-04,AST-3019,Belt Conveyor,CHN-02,0,0,1,1,1,0,0,0,0,0,0
2024-04-05,AST-3019,Belt Conveyor,CHN-02,1,1,1,3,7,1,0,0,0,0,0
2024-04-06,AST-3019,Belt Conveyor,CHN-02,0,0,0,0,0,0,0,0,0,0,0
2024-04-07,AST-3019,Belt Conveyor,CHN-02,0,0,0,0,0,0,0,0,0,0,0
2024-04-08,AST-3019,Belt Conveyor,CHN-02,1,0,0,1,4,0,0,0,0,0,0
2024-04-09,AST-3019,Belt Conveyor,CHN-02,0,0,1,1,1,0,0,0,0,0,0
2024-04-10,AST-3019,Belt Conveyor,CHN-02,1,0,0,1,4,0,0,0,0,0,0
2024-04-11,AST-3019,Belt Conveyor,CHN-02,0,1,0,1,2,0,0,0,0,0,0
2024-04-12,AST-3019,Belt Conveyor,CHN-02,2,0,0,2,8,1,0,0,0,0,0
2024-04-13,AST-3019,Belt Conveyor,CHN-02,0,0,0,0,0,0,0,0,0,0,0
2024-04-14,AST-3019,Belt Conveyor,CHN-02,0,0,0,0,0,0,0,0,0,0,0
2024-04-15,AST-3019,Belt Conveyor,CHN-02,0,0,1,1,1,0,0,0,0,0,0
2024-04-16,AST-3019,Belt Conveyor,CHN-02,0,0,0,0,0,0,0,0,0,0,0
2024-04-17,AST-3019,Belt Conveyor,CHN-02,0,0,1,1,1,0,0,0,0,0,0
2024-04-18,AST-3019,Belt Conveyor,CHN-02,1,0,0,1,4,0,0,0,0,0,0
2024-04-19,AST-3019,Belt Conveyor,CHN-02,2,1,0,3,10,1,1,0,0,0,0
2024-04-20,AST-3019,Belt Conveyor,CHN-02,0,0,0,0,0,0,0,0,0,0,0
2024-04-21,AST-3019,Belt Conveyor,CHN-02,0,0,0,0,0,0,0,0,0,0,0
2024-04-22,AST-3019,Belt Conveyor,CHN-02,2,3,1,6,15,1,1,1,1,1,1
2024-04-23,AST-3019,Belt Conveyor,CHN-02,2,1,0,3,10,1,1,0,0,0,0
2024-04-24,AST-3019,Belt Conveyor,CHN-02,1,1,1,3,7,1,0,0,0,0,0
2024-04-25,AST-3019,Belt Conveyor,CHN-02,0,3,0,3,6,0,0,0,0,0,0
2024-04-26,AST-3019,Belt Conveyor,CHN-02,0,2,0,2,4,0,0,0,0,0,0
2024-04-27,AST-3019,Belt Conveyor,CHN-02,0,0,0,0,0,0,0,0,0,0,0
2024-04-28,AST-3019,Belt Conveyor,CHN-02,0,0,0,0,0,0,0,0,0,0,0
2024-04-29,AST-3019,Belt Conveyor,CHN-02,0,2,0,2,4,0,0,0,0,0,0
2024-04-30,AST-3019,Belt Conveyor,CHN-02,0,1,0,1,2,0,0,0,0,0,0
2024-05-01,AST-3019,Belt Conveyor,CHN-02,0,1,0,1,2,0,0,0,0,0,0
2024-05-02,AST-3019,Belt Conveyor,CHN-02,0,1,0,1,2,0,0,0,0,0,0
2024-05-03,AST-3019,Belt Conveyor,CHN-02,1,1,1,3,7,1,0,0,0,0,0
2024-05-04,AST-3019,Belt Conveyor,CHN-02,0,0,0,0,0,0,0,0,0,0,0
2024-05-05,AST-3019,Belt Conveyor,CHN-02,0,0,0,0,0,0,0,0,0,0,0
2024-05-06,AST-3019,Belt Conveyor,CHN-02,1,0,1,2,5,0,0,0,0,0,0
2024-05-07,AST-3019,Belt Conveyor,CHN-02,1,0,1,2,5,0,0,0,0,0,0
2024-05-08,AST-3019,Belt Conveyor,CHN-02,0,1,0,1,2,0,0,0,0,0,0
2024-05-09,AST-3019,Belt Conveyor,CHN-02,0,0,0,0,0,0,0,0,0,0,0
2024-05-10,AST-3019,Belt Conveyor,CHN-02,0,1,1,2,3,0,0,0,0,0,0
2024-05-11,AST-3019,Belt Conveyor,CHN-02,0,0,0,0,0,0,0,0,0,0,0
2024-05-12,AST-3019,Belt Conveyor,CHN-02,0,0,0,0,0,0,0,0,0,0,0
2024-05-13,AST-3019,Belt Conveyor,CHN-02,0,0,0,0,0,0,0,0,0,0,0
2024-05-14,AST-3019,Belt Conveyor,CHN-02,2,1,0,3,10,1,1,0,0,0,0
2024-05-15,AST-3019,Belt Conveyor,CHN-02,1,1,2,4,8,1,0,0,0,0,0
2024-05-16,AST-3019,Belt Conveyor,CHN-02,2,1,0,3,10,1,1,0,0,0,0
2024-05-17,AST-3019,Belt Conveyor,CHN-02,2,0,0,2,8,1,0,0,0,0,0
2024-05-18,AST-3019,Belt Conveyor,CHN-02,0,0,0,0,0,0,0,0,0,0,0
2024-05-19,AST-3019,Belt Conveyor,CHN-02,0,0,0,0,0,0,0,0,0,0,0
2024-05-20,AST-3019,Belt Conveyor,CHN-02,0,3,0,3,6,0,0,0,0,0,0
2024-05-21,AST-3019,Belt Conveyor,CHN-02,0,1,0,1,2,0,0,0,0,0,0
2024-05-22,AST-3019,Belt Conveyor,CHN-02,1,1,0,2,6,0,0,0,0,0,0
2024-05-23,AST-3019,Belt Conveyor,CHN-02,1,1,0,2,6,0,0,0,0,0,0
2024-05-24,AST-3019,Belt Conveyor,CHN-02,0,1,0,1,2,0,0,0,0,0,0
2024-05-25,AST-3019,Belt Conveyor,CHN-02,0,0,0,0,0,0,0,0,0,0,0
2024-05-26,AST-3019,Belt Conveyor,CHN-02,0,0,0,0,0,0,0,0,0,0,0
2024-05-27,AST-3019,Belt Conveyor,CHN-02,2,1,0,3,10,1,1,0,0,0,0
2024-05-28,AST-3019,Belt Conveyor,CHN-02,1,0,1,2,5,0,0,0,0,0,0
2024-05-29,AST-3019,Belt Conveyor,CHN-02,0,0,0,0,0,0,0,0,0,0,0
2024-05-30,AST-3019,Belt Conveyor,CHN-02,0,0,1,1,1,0,0,0,0,0,0
2024-05-31,AST-3019,Belt Conveyor,CHN-02,2,0,1,3,9,1,0,0,0,0,0
2024-06-01,AST-3019,Belt Conveyor,CHN-02,0,0,0,0,0,0,0,0,0,0,0
2024-06-02,AST-3019,Belt Conveyor,CHN-02,0,0,0,0,0,0,0,0,0,0,0
2024-06-03,AST-3019,Belt Conveyor,CHN-02,1,2,1,4,9,1,0,0,0,0,0
2024-06-04,AST-3019,Belt Conveyor,CHN-02,2,0,0,2,8,1,0,0,0,0,0
2024-06-05,AST-3019,Belt Conveyor,CHN-02,0,0,0,0,0,0,0,0,0,0,0
2024-06-06,AST-3019,Belt Conveyor,CHN-02,0,1,0,1,2,0,0,0,0,0,0
2024-06-07,AST-3019,Belt Conveyor,CHN-02,0,1,1,2,3,0,0,0,0,0,0
2024-06-08,AST-3019,Belt Conveyor,CHN-02,0,0,0,0,0,0,0,0,0,0,0
2024-06-09,AST-3019,Belt Conveyor,CHN-02,0,0,0,0,0,0,0,0,0,0,0
2024-06-10,AST-3019,Belt Conveyor,CHN-02,3,2,1,6,17,1,1,1,1,1,1
2024-06-11,AST-3019,Belt Conveyor,CHN-02,1,0,1,2,5,0,0,0,0,0,0
2024-06-12,AST-3019,Belt Conveyor,CHN-02,2,0,0,2,8,1,0,0,0,0,0
2024-06-13,AST-3019,Belt Conveyor,CHN-02,0,2,1,3,5,0,0,0,0,0,0
2024-06-14,AST-3019,Belt Conveyor,CHN-02,0,1,0,1,2,0,0,0,0,0,0
2024-06-15,AST-3019,Belt Conveyor,CHN-02,0,0,0,0,0,0,0,0,0,0,0
2024-06-16,AST-3019,Belt Conveyor,CHN-02,0,0,0,0,0,0,0,0,0,0,0
2024-06-17,AST-3019,Belt Conveyor,CHN-02,0,1,2,3,4,0,0,0,0,0,0
2024-06-18,AST-3019,Belt Conveyor,CHN-02,2,0,1,3,9,1,0,0,0,0,0
2024-06-19,AST-3019,Belt Conveyor,CHN-02,3,2,0,5,16,1,1,1,1,1,1
2024-06-20,AST-3019,Belt Conveyor,CHN-02,0,1,0,1,2,0,0,0,0,0,0
2024-06-21,AST-3019,Belt Conveyor,CHN-02,1,0,0,1,4,0,0,0,0,0,0
2024-06-22,AST-3019,Belt Conveyor,CHN-02,0,0,0,0,0,0,0,0,0,0,0
2024-06-23,AST-3019,Belt Conveyor,CHN-02,0,0,0,0,0,0,0,0,0,0,0
2024-06-24,AST-3019,Belt Conveyor,CHN-02,0,1,0,1,2,0,0,0,0,0,0
2024-06-25,AST-3019,Belt Conveyor,CHN-02,0,2,1,3,5,0,0,0,0,0,0
2024-06-26,AST-3019,Belt Conveyor,CHN-02,1,1,0,2,6,0,0,0,0,0,0
2024-06-27,AST-3019,Belt Conveyor,CHN-02,0,2,1,3,5,0,0,0,0,0,0
2024-06-28,AST-3019,Belt Conveyor,CHN-02,1,2,1,4,9,1,0,0,0,0,0
2024-06-29,AST-3019,Belt Conveyor,CHN-02,0,0,0,0,0,0,0,0,0,0,0
2024-06-30,AST-3019,Belt Conveyor,CHN-02,0,0,0,0,0,0,0,0,0,0,0
2024-07-01,AST-3019,Belt Conveyor,CHN-02,2,1,1,4,11,1,1,1,0,0,0
2024-07-02,AST-3019,Belt Conveyor,CHN-02,2,1,0,3,10,1,1,0,0,0,0
2024-07-03,AST-3019,Belt Conveyor,CHN-02,1,0,0,1,4,0,0,0,0,0,0
2024-07-04,AST-3019,Belt Conveyor,CHN-02,1,3,0,4,10,1,1,0,0,0,0
2024-07-05,AST-3019,Belt Conveyor,CHN-02,1,0,0,1,4,0,0,0,0,0,0
2024-07-06,AST-3019,Belt Conveyor,CHN-02,0,0,0,0,0,0,0,0,0,0,0
2024-07-07,AST-3019,Belt Conveyor,CHN-02,0,0,0,0,0,0,0,0,0,0,0
2024-07-08,AST-3019,Belt Conveyor,CHN-02,0,3,1,4,7,1,0,0,0,0,0
2024-07-09,AST-3019,Belt Conveyor,CHN-02,4,0,0,4,16,1,1,1,1,1,1
2024-07-10,AST-3019,Belt Conveyor,CHN-02,1,1,0,2,6,0,0,0,0,0,0
2024-07-11,AST-3019,Belt Conveyor,CHN-02,1,4,0,5,12,1,1,1,1,0,0
2024-07-12,AST-3019,Belt Conveyor,CHN-02,1,0,1,2,5,0,0,0,0,0,0
2024-07-13,AST-3019,Belt Conveyor,CHN-02,0,0,0,0,0,0,0,0,0,0,0
2024-07-14,AST-3019,Belt Conveyor,CHN-02,0,0,0,0,0,0,0,0,0,0,0
2024-07-15,AST-3019,Belt Conveyor,CHN-02,1,2,0,3,8,1,0,0,0,0,0
2024-07-16,AST-3019,Belt Conveyor,CHN-02,1,0,0,1,4,0,0,0,0,0,0
2024-07-17,AST-3019,Belt Conveyor,CHN-02,0,1,0,1,2,0,0,0,0,0,0
2024-07-18,AST-3019,Belt Conveyor,CHN-02,0,3,0,3,6,0,0,0,0,0,0
2024-07-19,AST-3019,Belt Conveyor,CHN-02,2,0,0,2,8,1,0,0,0,0,0
2024-07-20,AST-3019,Belt Conveyor,CHN-02,0,0,0,0,0,0,0,0,0,0,0
2024-07-21,AST-3019,Belt Conveyor,CHN-02,0,0,0,0,0,0,0,0,0,0,0
2024-07-22,AST-3019,Belt Conveyor,CHN-02,0,2,1,3,5,0,0,0,0,0,0
2024-07-23,AST-3019,Belt Conveyor,CHN-02,1,1,1,3,7,1,0,0,0,0,0
2024-07-24,AST-3019,Belt Conveyor,CHN-02,2,3,0,5,14,1,1,1,1,1,1
2024-07-25,AST-3019,Belt Conveyor,CHN-02,0,2,0,2,4,0,0,0,0,0,0
2024-07-26,AST-3019,Belt Conveyor,CHN-02,0,0,0,0,0,0,0,0,0,0,0
2024-07-27,AST-3019,Belt Conveyor,CHN-02,0,0,0,0,0,0,0,0,0,0,0
2024-07-28,AST-3019,Belt Conveyor,CHN-02,0,0,0,0,0,0,0,0,0,0,0
2024-07-29,AST-3019,Belt Conveyor,CHN-02,1,3,0,4,10,1,1,0,0,0,0
2024-07-30,AST-3019,Belt Conveyor,CHN-02,2,0,0,2,8,1,0,0,0,0,0
2024-07-31,AST-3019,Belt Conveyor,CHN-02,3,1,0,4,14,1,1,1,1,1,1
2024-08-01,AST-3019,Belt Conveyor,CHN-02,0,0,1,1,1,0,0,0,0,0,0
2024-08-02,AST-3019,Belt Conveyor,CHN-02,2,0,0,2,8,1,0,0,0,0,0
2024-08-03,AST-3019,Belt Conveyor,CHN-02,0,0,0,0,0,0,0,0,0,0,0
2024-08-04,AST-3019,Belt Conveyor,CHN-02,0,0,0,0,0,0,0,0,0,0,0
2024-08-05,AST-3019,Belt Conveyor,CHN-02,2,0,1,3,9,1,0,0,0,0,0
2024-08-06,AST-3019,Belt Conveyor,CHN-02,1,0,1,2,5,0,0,0,0,0,0
2024-08-07,AST-3019,Belt Conveyor,CHN-02,1,1,0,2,6,0,0,0,0,0,0
2024-08-08,AST-3019,Belt Conveyor,CHN-02,1,1,0,2,6,0,0,0,0,0,0
2024-08-09,AST-3019,Belt Conveyor,CHN-02,0,1,1,2,3,0,0,0,0,0,0
2024-08-10,AST-3019,Belt Conveyor,CHN-02,0,0,0,0,0,0,0,0,0,0,0
2024-08-11,AST-3019,Belt Conveyor,CHN-02,0,0,0,0,0,0,0,0,0,0,0
2024-08-12,AST-3019,Belt Conveyor,CHN-02,0,1,0,1,2,0,0,0,0,0,0
2024-08-13,AST-3019,Belt Conveyor,CHN-02,1,1,1,3,7,1,0,0,0,0,0
2024-08-14,AST-3019,Belt Conveyor,CHN-02,1,0,0,1,4,0,0,0,0,0,0
2024-08-15,AST-3019,Belt Conveyor,CHN-02,0,0,0,0,0,0,0,0,0,0,0
2024-08-16,AST-3019,Belt Conveyor,CHN-02,2,1,0,3,10,1,1,0,0,0,0
2024-08-17,AST-3019,Belt Conveyor,CHN-02,0,0,0,0,0,0,0,0,0,0,0
2024-08-18,AST-3019,Belt Conveyor,CHN-02,0,0,0,0,0,0,0,0,0,0,0
2024-08-19,AST-3019,Belt Conveyor,CHN-02,2,0,0,2,8,1,0,0,0,0,0
2024-08-20,AST-3019,Belt Conveyor,CHN-02,0,1,0,1,2,0,0,0,0,0,0
2024-08-21,AST-3019,Belt Conveyor,CHN-02,0,1,0,1,2,0,0,0,0,0,0
2024-08-22,AST-3019,Belt Conveyor,CHN-02,0,0,0,0,0,0,0,0,0,0,0
2024-08-23,AST-3019,Belt Conveyor,CHN-02,1,1,1,3,7,1,0,0,0,0,0
2024-08-24,AST-3019,Belt Conveyor,CHN-02,0,0,0,0,0,0,0,0,0,0,0
2024-08-25,AST-3019,Belt Conveyor,CHN-02,0,0,0,0,0,0,0,0,0,0,0
2024-08-26,AST-3019,Belt Conveyor,CHN-02,1,2,2,5,10,1,1,0,0,0,0
2024-08-27,AST-3019,Belt Conveyor,CHN-02,1,1,0,2,6,0,0,0,0,0,0
2024-08-28,AST-3019,Belt Conveyor,CHN-02,1,0,1,2,5,0,0,0,0,0,0
2024-08-29,AST-3019,Belt Conveyor,CHN-02,0,2,0,2,4,0,0,0,0,0,0
2024-08-30,AST-3019,Belt Conveyor,CHN-02,0,0,0,0,0,0,0,0,0,0,0
2024-08-31,AST-3019,Belt Conveyor,CHN-02,0,0,0,0,0,0,0,0,0,0,0
2024-09-01,AST-3019,Belt Conveyor,CHN-02,0,0,0,0,0,0,0,0,0,0,0
2024-09-02,AST-3019,Belt Conveyor,CHN-02,0,0,1,1,1,0,0,0,0,0,0
2024-09-03,AST-3019,Belt Conveyor,CHN-02,0,1,1,2,3,0,0,0,0,0,0
2024-09-04,AST-3019,Belt Conveyor,CHN-02,1,0,1,2,5,0,0,0,0,0,0
2024-09-05,AST-3019,Belt Conveyor,CHN-02,1,1,1,3,7,1,0,0,0,0,0
2024-09-06,AST-3019,Belt Conveyor,CHN-02,1,0,2,3,6,0,0,0,0,0,0
2024-09-07,AST-3019,Belt Conveyor,CHN-02,0,0,0,0,0,0,0,0,0,0,0
2024-09-08,AST-3019,Belt Conveyor,CHN-02,0,0,0,0,0,0,0,0,0,0,0
2024-09-09,AST-3019,Belt Conveyor,CHN-02,0,1,1,2,3,0,0,0,0,0,0
2024-09-10,AST-3019,Belt Conveyor,CHN-02,1,0,0,1,4,0,0,0,0,0,0
2024-09-11,AST-3019,Belt Conveyor,CHN-02,0,1,2,3,4,0,0,0,0,0,0
2024-09-12,AST-3019,Belt Conveyor,CHN-02,1,1,0,2,6,0,0,0,0,0,0
2024-09-13,AST-3019,Belt Conveyor,CHN-02,1,1,0,2,6,0,0,0,0,0,0
2024-09-14,AST-3019,Belt Conveyor,CHN-02,0,0,0,0,0,0,0,0,0,0,0
2024-09-15,AST-3019,Belt Conveyor,CHN-02,0,0,0,0,0,0,0,0,0,0,0
2024-09-16,AST-3019,Belt Conveyor,CHN-02,0,2,0,2,4,0,0,0,0,0,0
2024-09-17,AST-3019,Belt Conveyor,CHN-02,1,0,0,1,4,0,0,0,0,0,0
2024-09-18,AST-3019,Belt Conveyor,CHN-02,0,0,0,0,0,0,0,0,0,0,0
2024-09-19,AST-3019,Belt Conveyor,CHN-02,1,2,2,5,10,1,1,0,0,0,0
2024-09-20,AST-3019,Belt Conveyor,CHN-02,0,0,0,0,0,0,0,0,0,0,0
2024-09-21,AST-3019,Belt Conveyor,CHN-02,0,0,0,0,0,0,0,0,0,0,0
2024-09-22,AST-3019,Belt Conveyor,CHN-02,0,0,0,0,0,0,0,0,0,0,0
2024-09-23,AST-3019,Belt Conveyor,CHN-02,0,1,0,1,2,0,0,0,0,0,0
2024-09-24,AST-3019,Belt Conveyor,CHN-02,2,1,1,4,11,1,1,1,0,0,0
2024-09-25,AST-3019,Belt Conveyor,CHN-02,2,1,1,4,11,1,1,1,0,0,0
2024-09-26,AST-3019,Belt Conveyor,CHN-02,0,2,0,2,4,0,0,0,0,0,0
2024-09-27,AST-3019,Belt Conveyor,CHN-02,0,1,1,2,3,0,0,0,0,0,0
2024-09-28,AST-3019,Belt Conveyor,CHN-02,0,0,0,0,0,0,0,0,0,0,0
2024-09-29,AST-3019,Belt Conveyor,CHN-02,0,0,0,0,0,0,0,0,0,0,0
2024-09-30,AST-3019,Belt Conveyor,CHN-02,0,3,0,3,6,0,0,0,0,0,0
2024-10-01,AST-3019,Belt Conveyor,CHN-02,0,0,0,0,0,0,0,0,0,0,0
2024-10-02,AST-3019,Belt Conveyor,CHN-02,0,1,0,1,2,0,0,0,0,0,0
2024-10-03,AST-3019,Belt Conveyor,CHN-02,3,3,0,6,18,1,1,1,1,1,1
2024-10-04,AST-3019,Belt Conveyor,CHN-02,3,0,0,3,12,1,1,1,1,0,0
2024-10-05,AST-3019,Belt Conveyor,CHN-02,0,0,0,0,0,0,0,0,0,0,0
2024-10-06,AST-3019,Belt Conveyor,CHN-02,0,0,0,0,0,0,0,0,0,0,0
2024-10-07,AST-3019,Belt Conveyor,CHN-02,0,1,0,1,2,0,0,0,0,0,0
2024-10-08,AST-3019,Belt Conveyor,CHN-02,1,2,0,3,8,1,0,0,0,0,0
2024-10-09,AST-3019,Belt Conveyor,CHN-02,1,0,2,3,6,0,0,0,0,0,0
2024-10-10,AST-3019,Belt Conveyor,CHN-02,1,0,0,1,4,0,0,0,0,0,0
2024-10-11,AST-3019,Belt Conveyor,CHN-02,0,1,1,2,3,0,0,0,0,0,0
2024-10-12,AST-3019,Belt Conveyor,CHN-02,0,0,0,0,0,0,0,0,0,0,0
2024-10-13,AST-3019,Belt Conveyor,CHN-02,0,0,0,0,0,0,0,0,0,0,0
2024-10-14,AST-3019,Belt Conveyor,CHN-02,0,1,0,1,2,0,0,0,0,0,0
2024-10-15,AST-3019,Belt Conveyor,CHN-02,3,0,0,3,12,1,1,1,1,0,0
2024-10-16,AST-3019,Belt Conveyor,CHN-02,3,1,0,4,14,1,1,1,1,1,1
2024-10-17,AST-3019,Belt Conveyor,CHN-02,2,3,0,5,14,1,1,1,1,1,1
2024-10-18,AST-3019,Belt Conveyor,CHN-02,2,2,0,4,12,1,1,1,1,0,0
2024-10-19,AST-3019,Belt Conveyor,CHN-02,0,0,0,0,0,0,0,0,0,0,0
2024-10-20,AST-3019,Belt Conveyor,CHN-02,0,0,0,0,0,0,0,0,0,0,0
2024-10-21,AST-3019,Belt Conveyor,CHN-02,0,0,0,0,0,0,0,0,0,0,0
2024-10-22,AST-3019,Belt Conveyor,CHN-02,1,0,2,3,6,0,0,0,0,0,0
2024-10-23,AST-3019,Belt Conveyor,CHN-02,1,0,0,1,4,0,0,0,0,0,0
2024-10-24,AST-3019,Belt Conveyor,CHN-02,2,0,1,3,9,1,0,0,0,0,0
2024-10-25,AST-3019,Belt Conveyor,CHN-02,1,2,1,4,9,1,0,0,0,0,0
2024-10-26,AST-3019,Belt Conveyor,CHN-02,0,0,0,0,0,0,0,0,0,0,0
2024-10-27,AST-3019,Belt Conveyor,CHN-02,0,0,0,0,0,0,0,0,0,0,0
2024-10-28,AST-3019,Belt Conveyor,CHN-02,2,0,1,3,9,1,0,0,0,0,0
2024-10-29,AST-3019,Belt Conveyor,CHN-02,1,1,0,2,6,0,0,0,0,0,0
2024-10-30,AST-3019,Belt Conveyor,CHN-02,1,2,1,4,9,1,0,0,0,0,0
2024-10-31,AST-3019,Belt Conveyor,CHN-02,1,1,0,2,6,0,0,0,0,0,0
2024-11-01,AST-3019,Belt Conveyor,CHN-02,1,0,1,2,5,0,0,0,0,0,0
2024-11-02,AST-3019,Belt Conveyor,CHN-02,0,0,0,0,0,0,0,0,0,0,0
2024-11-03,AST-3019,Belt Conveyor,CHN-02,0,0,0,0,0,0,0,0,0,0,0
2024-11-04,AST-3019,Belt Conveyor,CHN-02,0,0,0,0,0,0,0,0,0,0,0
2024-11-05,AST-3019,Belt Conveyor,CHN-02,4,1,0,5,18,1,1,1,1,1,1
2024-11-06,AST-3019,Belt Conveyor,CHN-02,0,1,0,1,2,0,0,0,0,0,0
2024-11-07,AST-3019,Belt Conveyor,CHN-02,2,0,1,3,9,1,0,0,0,0,0
2024-11-08,AST-3019,Belt Conveyor,CHN-02,1,0,0,1,4,0,0,0,0,0,0
2024-11-09,AST-3019,Belt Conveyor,CHN-02,0,0,0,0,0,0,0,0,0,0,0
2024-11-10,AST-3019,Belt Conveyor,CHN-02,0,0,0,0,0,0,0,0,0,0,0
2024-11-11,AST-3019,Belt Conveyor,CHN-02,0,1,1,2,3,0,0,0,0,0,0
2024-11-12,AST-3019,Belt Conveyor,CHN-02,1,1,1,3,7,1,0,0,0,0,0
2024-11-13,AST-3019,Belt Conveyor,CHN-02,1,1,1,3,7,1,0,0,0,0,0
2024-11-14,AST-3019,Belt Conveyor,CHN-02,2,1,1,4,11,1,1,1,0,0,0
2024-11-15,AST-3019,Belt Conveyor,CHN-02,0,1,0,1,2,0,0,0,0,0,0
2024-11-16,AST-3019,Belt Conveyor,CHN-02,0,0,0,0,0,0,0,0,0,0,0
2024-11-17,AST-3019,Belt Conveyor,CHN-02,0,0,0,0,0,0,0,0,0,0,0
2024-11-18,AST-3019,Belt Conveyor,CHN-02,1,1,0,2,6,0,0,0,0,0,0
2024-11-19,AST-3019,Belt Conveyor,CHN-02,0,1,0,1,2,0,0,0,0,0,0
2024-11-20,AST-3019,Belt Conveyor,CHN-02,0,0,0,0,0,0,0,0,0,0,0
2024-11-21,AST-3019,Belt Conveyor,CHN-02,1,1,0,2,6,0,0,0,0,0,0
2024-11-22,AST-3019,Belt Conveyor,CHN-02,0,2,0,2,4,0,0,0,0,0,0
2024-11-23,AST-3019,Belt Conveyor,CHN-02,0,0,0,0,0,0,0,0,0,0,0
2024-11-24,AST-3019,Belt Conveyor,CHN-02,0,0,0,0,0,0,0,0,0,0,0
2024-11-25,AST-3019,Belt Conveyor,CHN-02,1,2,0,3,8,1,0,0,0,0,0
2024-11-26,AST-3019,Belt Conveyor,CHN-02,0,2,1,3,5,0,0,0,0,0,0
2024-11-27,AST-3019,Belt Conveyor,CHN-02,1,1,0,2,6,0,0,0,0,0,0
2024-11-28,AST-3019,Belt Conveyor,CHN-02,1,1,0,2,6,0,0,0,0,0,0
2024-11-29,AST-3019,Belt Conveyor,CHN-02,1,1,0,2,6,0,0,0,0,0,0
2024-11-30,AST-3019,Belt Conveyor,CHN-02,0,0,0,0,0,0,0,0,0,0,0
2024-12-01,AST-3019,Belt Conveyor,CHN-02,0,0,0,0,0,0,0,0,0,0,0
2024-12-02,AST-3019,Belt Conveyor,CHN-02,1,0,0,1,4,0,0,0,0,0,0
2024-12-03,AST-3019,Belt Conveyor,CHN-02,0,0,0,0,0,0,0,0,0,0,0
2024-12-04,AST-3019,Belt Conveyor,CHN-02,1,1,0,2,6,0,0,0,0,0,0
2024-12-05,AST-3019,Belt Conveyor,CHN-02,3,2,2,7,18,1,1,1,1,1,1
2024-12-06,AST-3019,Belt Conveyor,CHN-02,0,1,0,1,2,0,0,0,0,0,0
2024-12-07,AST-3019,Belt Conveyor,CHN-02,0,0,0,0,0,0,0,0,0,0,0
2024-12-08,AST-3019,Belt Conveyor,CHN-02,0,0,0,0,0,0,0,0,0,0,0
2024-12-09,AST-3019,Belt Conveyor,CHN-02,0,1,0,1,2,0,0,0,0,0,0
2024-12-10,AST-3019,Belt Conveyor,CHN-02,0,1,1,2,3,0,0,0,0,0,0
2024-12-11,AST-3019,Belt Conveyor,CHN-02,3,2,0,5,16,1,1,1,1,1,1
2024-12-12,AST-3019,Belt Conveyor,CHN-02,1,1,0,2,6,0,0,0,0,0,0
2024-12-13,AST-3019,Belt Conveyor,CHN-02,1,2,0,3,8,1,0,0,0,0,0
2024-12-14,AST-3019,Belt Conveyor,CHN-02,0,0,0,0,0,0,0,0,0,0,0
2024-12-15,AST-3019,Belt Conveyor,CHN-02,0,0,0,0,0,0,0,0,0,0,0
2024-12-16,AST-3019,Belt Conveyor,CHN-02,2,1,1,4,11,1,1,1,0,0,0
2024-12-17,AST-3019,Belt Conveyor,CHN-02,1,1,1,3,7,1,0,0,0,0,0
2024-12-18,AST-3019,Belt Conveyor,CHN-02,1,2,0,3,8,1,0,0,0,0,0
2024-12-19,AST-3019,Belt Conveyor,CHN-02,2,0,0,2,8,1,0,0,0,0,0
2024-12-20,AST-3019,Belt Conveyor,CHN-02,1,1,0,2,6,0,0,0,0,0,0
2024-12-21,AST-3019,Belt Conveyor,CHN-02,0,0,0,0,0,0,0,0,0,0,0
2024-12-22,AST-3019,Belt Conveyor,CHN-02,0,0,0,0,0,0,0,0,0,0,0
2024-12-23,AST-3019,Belt Conveyor,CHN-02,1,1,1,3,7,1,0,0,0,0,0
2024-12-24,AST-3019,Belt Conveyor,CHN-02,1,0,0,1,4,0,0,0,0,0,0
2024-12-25,AST-3019,Belt Conveyor,CHN-02,2,1,2,5,12,1,1,1,1,0,0
2024-12-26,AST-3019,Belt Conveyor,CHN-02,0,0,0,0,0,0,0,0,0,0,0
2024-12-27,AST-3019,Belt Conveyor,CHN-02,1,2,0,3,8,1,0,0,0,0,0
2024-12-28,AST-3019,Belt Conveyor,CHN-02,0,0,0,0,0,0,0,0,0,0,0
2024-12-29,AST-3019,Belt Conveyor,CHN-02,0,0,0,0,0,0,0,0,0,0,0
2024-12-30,AST-3019,Belt Conveyor,CHN-02,0,0,0,0,0,0,0,0,0,0,0
2024-12-31,AST-3019,Belt Conveyor,CHN-02,3,0,0,3,12,1,1,1,1,0,0
2025-01-01,AST-3019,Belt Conveyor,CHN-02,1,2,0,3,8,1,0,0,0,0,0
2022-01-03,AST-1041,CNC Lathe,PUN-01,1,1,0,2,6,0,0,0,0,0,0
2022-01-04,AST-1041,CNC Lathe,PUN-01,1,0,0,1,4,0,0,0,0,0,0
2022-01-05,AST-1041,CNC Lathe,PUN-01,2,1,0,3,10,1,1,0,0,0,0
2022-01-06,AST-1041,CNC Lathe,PUN-01,0,0,0,0,0,0,0,0,0,0,0
2022-01-07,AST-1041,CNC Lathe,PUN-01,0,0,1,1,1,0,0,0,0,0,0
2022-01-08,AST-1041,CNC Lathe,PUN-01,0,0,0,0,0,0,0,0,0,0,0
2022-01-09,AST-1041,CNC Lathe,PUN-01,0,0,0,0,0,0,0,0,0,0,0
2022-01-10,AST-1041,CNC Lathe,PUN-01,2,2,0,4,12,1,1,1,1,0,0
2022-01-11,AST-1041,CNC Lathe,PUN-01,1,3,0,4,10,1,1,0,0,0,0
2022-01-12,AST-1041,CNC Lathe,PUN-01,1,1,0,2,6,0,0,0,0,0,0
2022-01-13,AST-1041,CNC Lathe,PUN-01,0,1,0,1,2,0,0,0,0,0,0
2022-01-14,AST-1041,CNC Lathe,PUN-01,2,0,0,2,8,1,0,0,0,0,0
2022-01-15,AST-1041,CNC Lathe,PUN-01,0,0,0,0,0,0,0,0,0,0,0
2022-01-16,AST-1041,CNC Lathe,PUN-01,0,0,0,0,0,0,0,0,0,0,0
2022-01-17,AST-1041,CNC Lathe,PUN-01,1,1,1,3,7,1,0,0,0,0,0
2022-01-18,AST-1041,CNC Lathe,PUN-01,2,0,0,2,8,1,0,0,0,0,0
2022-01-19,AST-1041,CNC Lathe,PUN-01,2,1,1,4,11,1,1,1,0,0,0
2022-01-20,AST-1041,CNC Lathe,PUN-01,0,1,0,1,2,0,0,0,0,0,0
2022-01-21,AST-1041,CNC Lathe,PUN-01,0,2,0,2,4,0,0,0,0,0,0
2022-01-22,AST-1041,CNC Lathe,PUN-01,0,0,0,0,0,0,0,0,0,0,0
2022-01-23,AST-1041,CNC Lathe,PUN-01,0,0,0,0,0,0,0,0,0,0,0
2022-01-24,AST-1041,CNC Lathe,PUN-01,0,2,0,2,4,0,0,0,0,0,0
2022-01-25,AST-1041,CNC Lathe,PUN-01,0,0,1,1,1,0,0,0,0,0,0
2022-01-26,AST-1041,CNC Lathe,PUN-01,4,3,0,7,22,1,1,1,1,1,1
2022-01-27,AST-1041,CNC Lathe,PUN-01,2,1,0,3,10,1,1,0,0,0,0
2022-01-28,AST-1041,CNC Lathe,PUN-01,1,1,0,2,6,0,0,0,0,0,0
2022-01-29,AST-1041,CNC Lathe,PUN-01,0,0,0,0,0,0,0,0,0,0,0
2022-01-30,AST-1041,CNC Lathe,PUN-01,0,0,0,0,0,0,0,0,0,0,0
2022-01-31,AST-1041,CNC Lathe,PUN-01,1,1,0,2,6,0,0,0,0,0,0
2022-02-01,AST-1041,CNC Lathe,PUN-01,0,1,0,1,2,0,0,0,0,0,0
2022-02-02,AST-1041,CNC Lathe,PUN-01,0,1,0,1,2,0,0,0,0,0,0
2022-02-03,AST-1041,CNC Lathe,PUN-01,0,1,0,1,2,0,0,0,0,0,0
2022-02-04,AST-1041,CNC Lathe,PUN-01,1,1,0,2,6,0,0,0,0,0,0
2022-02-05,AST-1041,CNC Lathe,PUN-01,0,0,0,0,0,0,0,0,0,0,0
2022-02-06,AST-1041,CNC Lathe,PUN-01,0,0,0,0,0,0,0,0,0,0,0
2022-02-07,AST-1041,CNC Lathe,PUN-01,1,1,1,3,7,1,0,0,0,0,0
2022-02-08,AST-1041,CNC Lathe,PUN-01,0,3,1,4,7,1,0,0,0,0,0
2022-02-09,AST-1041,CNC Lathe,PUN-01,2,1,0,3,10,1,1,0,0,0,0
2022-02-10,AST-1041,CNC Lathe,PUN-01,2,2,0,4,12,1,1,1,1,0,0
2022-02-11,AST-1041,CNC Lathe,PUN-01,3,1,0,4,14,1,1,1,1,1,1
2022-02-12,AST-1041,CNC Lathe,PUN-01,0,0,0,0,0,0,0,0,0,0,0
2022-02-13,AST-1041,CNC Lathe,PUN-01,0,0,0,0,0,0,0,0,0,0,0
2022-02-14,AST-1041,CNC Lathe,PUN-01,2,0,0,2,8,1,0,0,0,0,0
2022-02-15,AST-1041,CNC Lathe,PUN-01,2,1,1,4,11,1,1,1,0,0,0
2022-02-16,AST-1041,CNC Lathe,PUN-01,1,3,2,6,12,1,1,1,1,0,0
2022-02-17,AST-1041,CNC Lathe,PUN-01,1,2,1,4,9,1,0,0,0,0,0
2022-02-18,AST-1041,CNC Lathe,PUN-01,2,1,0,3,10,1,1,0,0,0,0
2022-02-19,AST-1041,CNC Lathe,PUN-01,0,0,0,0,0,0,0,0,0,0,0
2022-02-20,AST-1041,CNC Lathe,PUN-01,0,0,0,0,0,0,0,0,0,0,0
2022-02-21,AST-1041,CNC Lathe,PUN-01,1,5,2,8,16,1,1,1,1,1,1
2022-02-22,AST-1041,CNC Lathe,PUN-01,1,2,1,4,9,1,0,0,0,0,0
2022-02-23,AST-1041,CNC Lathe,PUN-01,1,3,0,4,10,1,1,0,0,0,0
2022-02-24,AST-1041,CNC Lathe,PUN-01,0,1,0,1,2,0,0,0,0,0,0
2022-02-25,AST-1041,CNC Lathe,PUN-01,1,1,2,4,8,1,0,0,0,0,0
2022-02-26,AST-1041,CNC Lathe,PUN-01,0,0,0,0,0,0,0,0,0,0,0
2022-02-27,AST-1041,CNC Lathe,PUN-01,0,0,0,0,0,0,0,0,0,0,0
2022-02-28,AST-1041,CNC Lathe,PUN-01,1,1,0,2,6,0,0,0,0,0,0
2022-03-01,AST-1041,CNC Lathe,PUN-01,0,2,1,3,5,0,0,0,0,0,0
2022-03-02,AST-1041,CNC Lathe,PUN-01,1,3,0,4,10,1,1,0,0,0,0
2022-03-03,AST-1041,CNC Lathe,PUN-01,0,2,0,2,4,0,0,0,0,0,0
2022-03-04,AST-1041,CNC Lathe,PUN-01,1,1,1,3,7,1,0,0,0,0,0
2022-03-05,AST-1041,CNC Lathe,PUN-01,0,0,0,0,0,0,0,0,0,0,0
2022-03-06,AST-1041,CNC Lathe,PUN-01,0,0,0,0,0,0,0,0,0,0,0
2022-03-07,AST-1041,CNC Lathe,PUN-01,2,1,0,3,10,1,1,0,0,0,0
2022-03-08,AST-1041,CNC Lathe,PUN-01,1,2,0,3,8,1,0,0,0,0,0
2022-03-09,AST-1041,CNC Lathe,PUN-01,0,0,0,0,0,0,0,0,0,0,0
2022-03-10,AST-1041,CNC Lathe,PUN-01,2,1,0,3,10,1,1,0,0,0,0
2022-03-11,AST-1041,CNC Lathe,PUN-01,1,1,1,3,7,1,0,0,0,0,0
2022-03-12,AST-1041,CNC Lathe,PUN-01,0,0,0,0,0,0,0,0,0,0,0
2022-03-13,AST-1041,CNC Lathe,PUN-01,0,0,0,0,0,0,0,0,0,0,0
2022-03-14,AST-1041,CNC Lathe,PUN-01,0,2,0,2,4,0,0,0,0,0,0
2022-03-15,AST-1041,CNC Lathe,PUN-01,2,2,1,5,13,1,1,1,1,1,0
2022-03-16,AST-1041,CNC Lathe,PUN-01,1,2,0,3,8,1,0,0,0,0,0
2022-03-17,AST-1041,CNC Lathe,PUN-01,0,1,0,1,2,0,0,0,0,0,0
2022-03-18,AST-1041,CNC Lathe,PUN-01,1,2,1,4,9,1,0,0,0,0,0
2022-03-19,AST-1041,CNC Lathe,PUN-01,0,0,0,0,0,0,0,0,0,0,0
2022-03-20,AST-1041,CNC Lathe,PUN-01,0,0,0,0,0,0,0,0,0,0,0
2022-03-21,AST-1041,CNC Lathe,PUN-01,2,1,0,3,10,1,1,0,0,0,0
2022-03-22,AST-1041,CNC Lathe,PUN-01,0,0,0,0,0,0,0,0,0,0,0
2022-03-23,AST-1041,CNC Lathe,PUN-01,0,0,0,0,0,0,0,0,0,0,0
2022-03-24,AST-1041,CNC Lathe,PUN-01,0,0,0,0,0,0,0,0,0,0,0
2022-03-25,AST-1041,CNC Lathe,PUN-01,0,0,0,0,0,0,0,0,0,0,0
2022-03-26,AST-1041,CNC Lathe,PUN-01,0,0,0,0,0,0,0,0,0,0,0
2022-03-27,AST-1041,CNC Lathe,PUN-01,0,0,0,0,0,0,0,0,0,0,0
2022-03-28,AST-1041,CNC Lathe,PUN-01,2,1,1,4,11,1,1,1,0,0,0
2022-03-29,AST-1041,CNC Lathe,PUN-01,1,0,0,1,4,0,0,0,0,0,0
2022-03-30,AST-1041,CNC Lathe,PUN-01,1,1,1,3,7,1,0,0,0,0,0
2022-03-31,AST-1041,CNC Lathe,PUN-01,0,2,0,2,4,0,0,0,0,0,0
2022-04-01,AST-1041,CNC Lathe,PUN-01,2,1,1,4,11,1,1,1,0,0,0
2022-04-02,AST-1041,CNC Lathe,PUN-01,0,0,0,0,0,0,0,0,0,0,0
2022-04-03,AST-1041,CNC Lathe,PUN-01,0,0,0,0,0,0,0,0,0,0,0
2022-04-04,AST-1041,CNC Lathe,PUN-01,1,0,0,1,4,0,0,0,0,0,0
2022-04-05,AST-1041,CNC Lathe,PUN-01,2,1,0,3,10,1,1,0,0,0,0
2022-04-06,AST-1041,CNC Lathe,PUN-01,4,0,0,4,16,1,1,1,1,1,1
2022-04-07,AST-1041,CNC Lathe,PUN-01,0,1,1,2,3,0,0,0,0,0,0
2022-04-08,AST-1041,CNC Lathe,PUN-01,1,0,1,2,5,0,0,0,0,0,0
2022-04-09,AST-1041,CNC Lathe,PUN-01,0,0,0,0,0,0,0,0,0,0,0
2022-04-10,AST-1041,CNC Lathe,PUN-01,0,0,0,0,0,0,0,0,0,0,0
2022-04-11,AST-1041,CNC Lathe,PUN-01,1,0,1,2,5,0,0,0,0,0,0
2022-04-12,AST-1041,CNC Lathe,PUN-01,0,0,1,1,1,0,0,0,0,0,0
2022-04-13,AST-1041,CNC Lathe,PUN-01,0,0,1,1,1,0,0,0,0,0,0
2022-04-14,AST-1041,CNC Lathe,PUN-01,0,0,0,0,0,0,0,0,0,0,0
2022-04-15,AST-1041,CNC Lathe,PUN-01,0,1,0,1,2,0,0,0,0,0,0
2022-04-16,AST-1041,CNC Lathe,PUN-01,0,0,0,0,0,0,0,0,0,0,0
2022-04-17,AST-1041,CNC Lathe,PUN-01,0,0,0,0,0,0,0,0,0,0,0
2022-04-18,AST-1041,CNC Lathe,PUN-01,1,1,1,3,7,1,0,0,0,0,0
2022-04-19,AST-1041,CNC Lathe,PUN-01,0,2,0,2,4,0,0,0,0,0,0
2022-04-20,AST-1041,CNC Lathe,PUN-01,0,2,0,2,4,0,0,0,0,0,0
2022-04-21,AST-1041,CNC Lathe,PUN-01,2,0,0,2,8,1,0,0,0,0,0
2022-04-22,AST-1041,CNC Lathe,PUN-01,2,1,0,3,10,1,1,0,0,0,0
2022-04-23,AST-1041,CNC Lathe,PUN-01,0,0,0,0,0,0,0,0,0,0,0
2022-04-24,AST-1041,CNC Lathe,PUN-01,0,0,0,0,0,0,0,0,0,0,0
2022-04-25,AST-1041,CNC Lathe,PUN-01,0,2,0,2,4,0,0,0,0,0,0
2022-04-26,AST-1041,CNC Lathe,PUN-01,0,0,2,2,2,0,0,0,0,0,0
2022-04-27,AST-1041,CNC Lathe,PUN-01,0,1,0,1,2,0,0,0,0,0,0
2022-04-28,AST-1041,CNC Lathe,PUN-01,0,3,0,3,6,0,0,0,0,0,0
2022-04-29,AST-1041,CNC Lathe,PUN-01,2,0,1,3,9,1,0,0,0,0,0
2022-04-30,AST-1041,CNC Lathe,PUN-01,0,0,0,0,0,0,0,0,0,0,0
2022-05-01,AST-1041,CNC Lathe,PUN-01,0,0,0,0,0,0,0,0,0,0,0
2022-05-02,AST-1041,CNC Lathe,PUN-01,1,2,1,4,9,1,0,0,0,0,0
2022-05-03,AST-1041,CNC Lathe,PUN-01,0,2,1,3,5,0,0,0,0,0,0
2022-05-04,AST-1041,CNC Lathe,PUN-01,0,3,0,3,6,0,0,0,0,0,0
2022-05-05,AST-1041,CNC Lathe,PUN-01,0,1,0,1,2,0,0,0,0,0,0
2022-05-06,AST-1041,CNC Lathe,PUN-01,1,0,0,1,4,0,0,0,0,0,0
2022-05-07,AST-1041,CNC Lathe,PUN-01,0,0,0,0,0,0,0,0,0,0,0
2022-05-08,AST-1041,CNC Lathe,PUN-01,0,0,0,0,0,0,0,0,0,0,0
2022-05-09,AST-1041,CNC Lathe,PUN-01,1,1,0,2,6,0,0,0,0,0,0
2022-05-10,AST-1041,CNC Lathe,PUN-01,2,0,1,3,9,1,0,0,0,0,0
2022-05-11,AST-1041,CNC Lathe,PUN-01,2,0,0,2,8,1,0,0,0,0,0
2022-05-12,AST-1041,CNC Lathe,PUN-01,0,0,1,1,1,0,0,0,0,0,0
2022-05-13,AST-1041,CNC Lathe,PUN-01,1,1,1,3,7,1,0,0,0,0,0
2022-05-14,AST-1041,CNC Lathe,PUN-01,0,0,0,0,0,0,0,0,0,0,0
2022-05-15,AST-1041,CNC Lathe,PUN-01,0,0,0,0,0,0,0,0,0,0,0
2022-05-16,AST-1041,CNC Lathe,PUN-01,1,2,1,4,9,1,0,0,0,0,0
2022-05-17,AST-1041,CNC Lathe,PUN-01,1,0,0,1,4,0,0,0,0,0,0
2022-05-18,AST-1041,CNC Lathe,PUN-01,1,0,0,1,4,0,0,0,0,0,0
2022-05-19,AST-1041,CNC Lathe,PUN-01,0,0,0,0,0,0,0,0,0,0,0
2022-05-20,AST-1041,CNC Lathe,PUN-01,0,0,1,1,1,0,0,0,0,0,0
2022-05-21,AST-1041,CNC Lathe,PUN-01,0,0,0,0,0,0,0,0,0,0,0
2022-05-22,AST-1041,CNC Lathe,PUN-01,0,0,0,0,0,0,0,0,0,0,0
2022-05-23,AST-1041,CNC Lathe,PUN-01,1,2,0,3,8,1,0,0,0,0,0
2022-05-24,AST-1041,CNC Lathe,PUN-01,4,1,0,5,18,1,1,1,1,1,1
2022-05-25,AST-1041,CNC Lathe,PUN-01,0,1,0,1,2,0,0,0,0,0,0
2022-05-26,AST-1041,CNC Lathe,PUN-01,3,0,0,3,12,1,1,1,1,0,0
2022-05-27,AST-1041,CNC Lathe,PUN-01,2,0,0,2,8,1,0,0,0,0,0
2022-05-28,AST-1041,CNC Lathe,PUN-01,0,0,0,0,0,0,0,0,0,0,0
2022-05-29,AST-1041,CNC Lathe,PUN-01,0,0,0,0,0,0,0,0,0,0,0
2022-05-30,AST-1041,CNC Lathe,PUN-01,1,1,1,3,7,1,0,0,0,0,0
2022-05-31,AST-1041,CNC Lathe,PUN-01,0,3,0,3,6,0,0,0,0,0,0
2022-06-01,AST-1041,CNC Lathe,PUN-01,0,2,2,4,6,0,0,0,0,0,0
2022-06-02,AST-1041,CNC Lathe,PUN-01,3,0,1,4,13,1,1,1,1,1,0
2022-06-03,AST-1041,CNC Lathe,PUN-01,1,0,0,1,4,0,0,0,0,0,0
2022-06-04,AST-1041,CNC Lathe,PUN-01,0,0,0,0,0,0,0,0,0,0,0
2022-06-05,AST-1041,CNC Lathe,PUN-01,0,0,0,0,0,0,0,0,0,0,0
2022-06-06,AST-1041,CNC Lathe,PUN-01,0,0,3,3,3,0,0,0,0,0,0
2022-06-07,AST-1041,CNC Lathe,PUN-01,0,2,3,5,7,1,0,0,0,0,0
2022-06-08,AST-1041,CNC Lathe,PUN-01,0,3,0,3,6,0,0,0,0,0,0
2022-06-09,AST-1041,CNC Lathe,PUN-01,1,2,0,3,8,1,0,0,0,0,0
2022-06-10,AST-1041,CNC Lathe,PUN-01,3,0,1,4,13,1,1,1,1,1,0
2022-06-11,AST-1041,CNC Lathe,PUN-01,0,0,0,0,0,0,0,0,0,0,0
2022-06-12,AST-1041,CNC Lathe,PUN-01,0,0,0,0,0,0,0,0,0,0,0
2022-06-13,AST-1041,CNC Lathe,PUN-01,2,2,0,4,12,1,1,1,1,0,0
2022-06-14,AST-1041,CNC Lathe,PUN-01,0,2,0,2,4,0,0,0,0,0,0
2022-06-15,AST-1041,CNC Lathe,PUN-01,1,1,0,2,6,0,0,0,0,0,0
2022-06-16,AST-1041,CNC Lathe,PUN-01,2,0,0,2,8,1,0,0,0,0,0
2022-06-17,AST-1041,CNC Lathe,PUN-01,0,1,2,3,4,0,0,0,0,0,0
2022-06-18,AST-1041,CNC Lathe,PUN-01,0,0,0,0,0,0,0,0,0,0,0
2022-06-19,AST-1041,CNC Lathe,PUN-01,0,0,0,0,0,0,0,0,0,0,0
2022-06-20,AST-1041,CNC Lathe,PUN-01,0,1,0,1,2,0,0,0,0,0,0
2022-06-21,AST-1041,CNC Lathe,PUN-01,0,0,1,1,1,0,0,0,0,0,0
2022-06-22,AST-1041,CNC Lathe,PUN-01,2,0,0,2,8,1,0,0,0,0,0
2022-06-23,AST-1041,CNC Lathe,PUN-01,2,2,0,4,12,1,1,1,1,0,0
2022-06-24,AST-1041,CNC Lathe,PUN-01,3,0,1,4,13,1,1,1,1,1,0
2022-06-25,AST-1041,CNC Lathe,PUN-01,0,0,0,0,0,0,0,0,0,0,0
2022-06-26,AST-1041,CNC Lathe,PUN-01,0,0,0,0,0,0,0,0,0,0,0
2022-06-27,AST-1041,CNC Lathe,PUN-01,1,1,0,2,6,0,0,0,0,0,0
2022-06-28,AST-1041,CNC Lathe,PUN-01,1,3,0,4,10,1,1,0,0,0,0
2022-06-29,AST-1041,CNC Lathe,PUN-01,2,1,1,4,11,1,1,1,0,0,0
2022-06-30,AST-1041,CNC Lathe,PUN-01,2,2,0,4,12,1,1,1,1,0,0
2022-07-01,AST-1041,CNC Lathe,PUN-01,1,2,1,4,9,1,0,0,0,0,0
2022-07-02,AST-1041,CNC Lathe,PUN-01,0,0,0,0,0,0,0,0,0,0,0
2022-07-03,AST-1041,CNC Lathe,PUN-01,0,0,0,0,0,0,0,0,0,0,0
2022-07-04,AST-1041,CNC Lathe,PUN-01,1,0,0,1,4,0,0,0,0,0,0
2022-07-05,AST-1041,CNC Lathe,PUN-01,1,1,1,3,7,1,0,0,0,0,0
2022-07-06,AST-1041,CNC Lathe,PUN-01,2,0,1,3,9,1,0,0,0,0,0
2022-07-07,AST-1041,CNC Lathe,PUN-01,0,1,0,1,2,0,0,0,0,0,0
2022-07-08,AST-1041,CNC Lathe,PUN-01,0,0,0,0,0,0,0,0,0,0,0
2022-07-09,AST-1041,CNC Lathe,PUN-01,0,0,0,0,0,0,0,0,0,0,0
2022-07-10,AST-1041,CNC Lathe,PUN-01,0,0,0,0,0,0,0,0,0,0,0
2022-07-11,AST-1041,CNC Lathe,PUN-01,3,2,1,6,17,1,1,1,1,1,1
2022-07-12,AST-1041,CNC Lathe,PUN-01,0,0,0,0,0,0,0,0,0,0,0
2022-07-13,AST-1041,CNC Lathe,PUN-01,1,1,1,3,7,1,0,0,0,0,0
2022-07-14,AST-1041,CNC Lathe,PUN-01,2,0,0,2,8,1,0,0,0,0,0
2022-07-15,AST-1041,CNC Lathe,PUN-01,1,2,0,3,8,1,0,0,0,0,0
2022-07-16,AST-1041,CNC Lathe,PUN-01,0,0,0,0,0,0,0,0,0,0,0
2022-07-17,AST-1041,CNC Lathe,PUN-01,0,0,0,0,0,0,0,0,0,0,0
2022-07-18,AST-1041,CNC Lathe,PUN-01,1,2,0,3,8,1,0,0,0,0,0
2022-07-19,AST-1041,CNC Lathe,PUN-01,1,1,0,2,6,0,0,0,0,0,0
2022-07-20,AST-1041,CNC Lathe,PUN-01,2,1,1,4,11,1,1,1,0,0,0
2022-07-21,AST-1041,CNC Lathe,PUN-01,2,2,0,4,12,1,1,1,1,0,0
2022-07-22,AST-1041,CNC Lathe,PUN-01,0,0,1,1,1,0,0,0,0,0,0
2022-07-23,AST-1041,CNC Lathe,PUN-01,0,0,0,0,0,0,0,0,0,0,0
2022-07-24,AST-1041,CNC Lathe,PUN-01,0,0,0,0,0,0,0,0,0,0,0
2022-07-25,AST-1041,CNC Lathe,PUN-01,0,1,0,1,2,0,0,0,0,0,0
2022-07-26,AST-1041,CNC Lathe,PUN-01,2,3,1,6,15,1,1,1,1,1,1
2022-07-27,AST-1041,CNC Lathe,PUN-01,1,0,1,2,5,0,0,0,0,0,0
2022-07-28,AST-1041,CNC Lathe,PUN-01,2,0,0,2,8,1,0,0,0,0,0
2022-07-29,AST-1041,CNC Lathe,PUN-01,0,0,0,0,0,0,0,0,0,0,0
2022-07-30,AST-1041,CNC Lathe,PUN-01,0,0,0,0,0,0,0,0,0,0,0
2022-07-31,AST-1041,CNC Lathe,PUN-01,0,0,0,0,0,0,0,0,0,0,0
2022-08-01,AST-1041,CNC Lathe,PUN-01,1,1,1,3,7,1,0,0,0,0,0
2022-08-02,AST-1041,CNC Lathe,PUN-01,0,2,0,2,4,0,0,0,0,0,0
2022-08-03,AST-1041,CNC Lathe,PUN-01,3,3,1,7,19,1,1,1,1,1,1
2022-08-04,AST-1041,CNC Lathe,PUN-01,1,0,0,1,4,0,0,0,0,0,0
2022-08-05,AST-1041,CNC Lathe,PUN-01,1,0,1,2,5,0,0,0,0,0,0
2022-08-06,AST-1041,CNC Lathe,PUN-01,0,0,0,0,0,0,0,0,0,0,0
2022-08-07,AST-1041,CNC Lathe,PUN-01,0,0,0,0,0,0,0,0,0,0,0
2022-08-08,AST-1041,CNC Lathe,PUN-01,2,0,0,2,8,1,0,0,0,0,0
2022-08-09,AST-1041,CNC Lathe,PUN-01,2,2,0,4,12,1,1,1,1,0,0
2022-08-10,AST-1041,CNC Lathe,PUN-01,0,0,0,0,0,0,0,0,0,0,0
2022-08-11,AST-1041,CNC Lathe,PUN-01,2,0,3,5,11,1,1,1,0,0,0
2022-08-12,AST-1041,CNC Lathe,PUN-01,1,2,0,3,8,1,0,0,0,0,0
2022-08-13,AST-1041,CNC Lathe,PUN-01,0,0,0,0,0,0,0,0,0,0,0
2022-08-14,AST-1041,CNC Lathe,PUN-01,0,0,0,0,0,0,0,0,0,0,0
2022-08-15,AST-1041,CNC Lathe,PUN-01,1,0,1,2,5,0,0,0,0,0,0
2022-08-16,AST-1041,CNC Lathe,PUN-01,0,0,1,1,1,0,0,0,0,0,0
2022-08-17,AST-1041,CNC Lathe,PUN-01,1,1,0,2,6,0,0,0,0,0,0
2022-08-18,AST-1041,CNC Lathe,PUN-01,0,2,1,3,5,0,0,0,0,0,0
2022-08-19,AST-1041,CNC Lathe,PUN-01,2,0,1,3,9,1,0,0,0,0,0
2022-08-20,AST-1041,CNC Lathe,PUN-01,0,0,0,0,0,0,0,0,0,0,0
2022-08-21,AST-1041,CNC Lathe,PUN-01,0,0,0,0,0,0,0,0,0,0,0
2022-08-22,AST-1041,CNC Lathe,PUN-01,1,2,1,4,9,1,0,0,0,0,0
2022-08-23,AST-1041,CNC Lathe,PUN-01,2,3,1,6,15,1,1,1,1,1,1
2022-08-24,AST-1041,CNC Lathe,PUN-01,0,3,0,3,6,0,0,0,0,0,0
2022-08-25,AST-1041,CNC Lathe,PUN-01,0,0,0,0,0,0,0,0,0,0,0
2022-08-26,AST-1041,CNC Lathe,PUN-01,3,0,0,3,12,1,1,1,1,0,0
2022-08-27,AST-1041,CNC Lathe,PUN-01,0,0,0,0,0,0,0,0,0,0,0
2022-08-28,AST-1041,CNC Lathe,PUN-01,0,0,0,0,0,0,0,0,0,0,0
2022-08-29,AST-1041,CNC Lathe,PUN-01,1,0,0,1,4,0,0,0,0,0,0
2022-08-30,AST-1041,CNC Lathe,PUN-01,1,1,0,2,6,0,0,0,0,0,0
2022-08-31,AST-1041,CNC Lathe,PUN-01,2,1,0,3,10,1,1,0,0,0,0
2022-09-01,AST-1041,CNC Lathe,PUN-01,1,1,1,3,7,1,0,0,0,0,0
2022-09-02,AST-1041,CNC Lathe,PUN-01,1,0,1,2,5,0,0,0,0,0,0
2022-09-03,AST-1041,CNC Lathe,PUN-01,0,0,0,0,0,0,0,0,0,0,0
2022-09-04,AST-1041,CNC Lathe,PUN-01,0,0,0,0,0,0,0,0,0,0,0
2022-09-05,AST-1041,CNC Lathe,PUN-01,1,2,1,4,9,1,0,0,0,0,0
2022-09-06,AST-1041,CNC Lathe,PUN-01,1,2,0,3,8,1,0,0,0,0,0
2022-09-07,AST-1041,CNC Lathe,PUN-01,1,1,0,2,6,0,0,0,0,0,0
2022-09-08,AST-1041,CNC Lathe,PUN-01,0,2,1,3,5,0,0,0,0,0,0
2022-09-09,AST-1041,CNC Lathe,PUN-01,2,1,0,3,10,1,1,0,0,0,0
2022-09-10,AST-1041,CNC Lathe,PUN-01,0,0,0,0,0,0,0,0,0,0,0
2022-09-11,AST-1041,CNC Lathe,PUN-01,0,0,0,0,0,0,0,0,0,0,0
2022-09-12,AST-1041,CNC Lathe,PUN-01,0,1,2,3,4,0,0,0,0,0,0
2022-09-13,AST-1041,CNC Lathe,PUN-01,1,1,0,2,6,0,0,0,0,0,0
2022-09-14,AST-1041,CNC Lathe,PUN-01,2,0,2,4,10,1,1,0,0,0,0
2022-09-15,AST-1041,CNC Lathe,PUN-01,0,0,0,0,0,0,0,0,0,0,0
2022-09-16,AST-1041,CNC Lathe,PUN-01,1,0,0,1,4,0,0,0,0,0,0
2022-09-17,AST-1041,CNC Lathe,PUN-01,0,0,0,0,0,0,0,0,0,0,0
2022-09-18,AST-1041,CNC Lathe,PUN-01,0,0,0,0,0,0,0,0,0,0,0
2022-09-19,AST-1041,CNC Lathe,PUN-01,2,1,0,3,10,1,1,0,0,0,0
2022-09-20,AST-1041,CNC Lathe,PUN-01,1,0,1,2,5,0,0,0,0,0,0
2022-09-21,AST-1041,CNC Lathe,PUN-01,2,0,1,3,9,1,0,0,0,0,0
2022-09-22,AST-1041,CNC Lathe,PUN-01,1,2,1,4,9,1,0,0,0,0,0
2022-09-23,AST-1041,CNC Lathe,PUN-01,1,2,1,4,9,1,0,0,0,0,0
2022-09-24,AST-1041,CNC Lathe,PUN-01,0,0,0,0,0,0,0,0,0,0,0
2022-09-25,AST-1041,CNC Lathe,PUN-01,0,0,0,0,0,0,0,0,0,0,0
2022-09-26,AST-1041,CNC Lathe,PUN-01,0,1,0,1,2,0,0,0,0,0,0
2022-09-27,AST-1041,CNC Lathe,PUN-01,2,1,0,3,10,1,1,0,0,0,0
2022-09-28,AST-1041,CNC Lathe,PUN-01,0,0,1,1,1,0,0,0,0,0,0
2022-09-29,AST-1041,CNC Lathe,PUN-01,1,3,0,4,10,1,1,0,0,0,0
2022-09-30,AST-1041,CNC Lathe,PUN-01,1,2,0,3,8,1,0,0,0,0,0
2022-10-01,AST-1041,CNC Lathe,PUN-01,0,0,0,0,0,0,0,0,0,0,0
2022-10-02,AST-1041,CNC Lathe,PUN-01,0,0,0,0,0,0,0,0,0,0,0
2022-10-03,AST-1041,CNC Lathe,PUN-01,1,2,2,5,10,1,1,0,0,0,0
2022-10-04,AST-1041,CNC Lathe,PUN-01,2,1,0,3,10,1,1,0,0,0,0
2022-10-05,AST-1041,CNC Lathe,PUN-01,0,0,1,1,1,0,0,0,0,0,0
2022-10-06,AST-1041,CNC Lathe,PUN-01,0,0,0,0,0,0,0,0,0,0,0
2022-10-07,AST-1041,CNC Lathe,PUN-01,0,2,1,3,5,0,0,0,0,0,0
2022-10-08,AST-1041,CNC Lathe,PUN-01,0,0,0,0,0,0,0,0,0,0,0
2022-10-09,AST-1041,CNC Lathe,PUN-01,0,0,0,0,0,0,0,0,0,0,0
2022-10-10,AST-1041,CNC Lathe,PUN-01,1,1,1,3,7,1,0,0,0,0,0
2022-10-11,AST-1041,CNC Lathe,PUN-01,0,1,1,2,3,0,0,0,0,0,0
2022-10-12,AST-1041,CNC Lathe,PUN-01,0,1,2,3,4,0,0,0,0,0,0
2022-10-13,AST-1041,CNC Lathe,PUN-01,0,0,0,0,0,0,0,0,0,0,0
2022-10-14,AST-1041,CNC Lathe,PUN-01,1,2,0,3,8,1,0,0,0,0,0
2022-10-15,AST-1041,CNC Lathe,PUN-01,0,0,0,0,0,0,0,0,0,0,0
2022-10-16,AST-1041,CNC Lathe,PUN-01,0,0,0,0,0,0,0,0,0,0,0
2022-10-17,AST-1041,CNC Lathe,PUN-01,1,1,0,2,6,0,0,0,0,0,0
2022-10-18,AST-1041,CNC Lathe,PUN-01,0,1,1,2,3,0,0,0,0,0,0
2022-10-19,AST-1041,CNC Lathe,PUN-01,0,1,1,2,3,0,0,0,0,0,0
2022-10-20,AST-1041,CNC Lathe,PUN-01,1,1,0,2,6,0,0,0,0,0,0
2022-10-21,AST-1041,CNC Lathe,PUN-01,2,1,0,3,10,1,1,0,0,0,0
2022-10-22,AST-1041,CNC Lathe,PUN-01,0,0,0,0,0,0,0,0,0,0,0
2022-10-23,AST-1041,CNC Lathe,PUN-01,0,0,0,0,0,0,0,0,0,0,0
2022-10-24,AST-1041,CNC Lathe,PUN-01,0,2,1,3,5,0,0,0,0,0,0
2022-10-25,AST-1041,CNC Lathe,PUN-01,2,1,0,3,10,1,1,0,0,0,0
2022-10-26,AST-1041,CNC Lathe,PUN-01,1,0,1,2,5,0,0,0,0,0,0
2022-10-27,AST-1041,CNC Lathe,PUN-01,2,2,0,4,12,1,1,1,1,0,0
2022-10-28,AST-1041,CNC Lathe,PUN-01,0,3,0,3,6,0,0,0,0,0,0
2022-10-29,AST-1041,CNC Lathe,PUN-01,0,0,0,0,0,0,0,0,0,0,0
2022-10-30,AST-1041,CNC Lathe,PUN-01,0,0,0,0,0,0,0,0,0,0,0
2022-10-31,AST-1041,CNC Lathe,PUN-01,2,2,0,4,12,1,1,1,1,0,0
2022-11-01,AST-1041,CNC Lathe,PUN-01,1,1,0,2,6,0,0,0,0,0,0
2022-11-02,AST-1041,CNC Lathe,PUN-01,0,2,1,3,5,0,0,0,0,0,0
2022-11-03,AST-1041,CNC Lathe,PUN-01,2,0,1,3,9,1,0,0,0,0,0
2022-11-04,AST-1041,CNC Lathe,PUN-01,2,1,0,3,10,1,1,0,0,0,0
2022-11-05,AST-1041,CNC Lathe,PUN-01,0,0,0,0,0,0,0,0,0,0,0
2022-11-06,AST-1041,CNC Lathe,PUN-01,0,0,0,0,0,0,0,0,0,0,0
2022-11-07,AST-1041,CNC Lathe,PUN-01,2,2,1,5,13,1,1,1,1,1,0
2022-11-08,AST-1041,CNC Lathe,PUN-01,1,0,0,1,4,0,0,0,0,0,0
2022-11-09,AST-1041,CNC Lathe,PUN-01,2,3,0,5,14,1,1,1,1,1,1
2022-11-10,AST-1041,CNC Lathe,PUN-01,1,1,1,3,7,1,0,0,0,0,0
2022-11-11,AST-1041,CNC Lathe,PUN-01,0,3,1,4,7,1,0,0,0,0,0
2022-11-12,AST-1041,CNC Lathe,PUN-01,0,0,0,0,0,0,0,0,0,0,0
2022-11-13,AST-1041,CNC Lathe,PUN-01,0,0,0,0,0,0,0,0,0,0,0
2022-11-14,AST-1041,CNC Lathe,PUN-01,1,0,1,2,5,0,0,0,0,0,0
2022-11-15,AST-1041,CNC Lathe,PUN-01,0,1,0,1,2,0,0,0,0,0,0
2022-11-16,AST-1041,CNC Lathe,PUN-01,2,1,0,3,10,1,1,0,0,0,0
2022-11-17,AST-1041,CNC Lathe,PUN-01,1,0,1,2,5,0,0,0,0,0,0
2022-11-18,AST-1041,CNC Lathe,PUN-01,3,1,2,6,16,1,1,1,1,1,1
2022-11-19,AST-1041,CNC Lathe,PUN-01,0,0,0,0,0,0,0,0,0,0,0
2022-11-20,AST-1041,CNC Lathe,PUN-01,0,0,0,0,0,0,0,0,0,0,0
2022-11-21,AST-1041,CNC Lathe,PUN-01,3,1,1,5,15,1,1,1,1,1,1
2022-11-22,AST-1041,CNC Lathe,PUN-01,0,2,1,3,5,0,0,0,0,0,0
2022-11-23,AST-1041,CNC Lathe,PUN-01,1,1,1,3,7,1,0,0,0,0,0
2022-11-24,AST-1041,CNC Lathe,PUN-01,1,1,2,4,8,1,0,0,0,0,0
2022-11-25,AST-1041,CNC Lathe,PUN-01,2,3,1,6,15,1,1,1,1,1,1
2022-11-26,AST-1041,CNC Lathe,PUN-01,0,0,0,0,0,0,0,0,0,0,0
2022-11-27,AST-1041,CNC Lathe,PUN-01,0,0,0,0,0,0,0,0,0,0,0
2022-11-28,AST-1041,CNC Lathe,PUN-01,0,1,1,2,3,0,0,0,0,0,0
2022-11-29,AST-1041,CNC Lathe,PUN-01,0,1,1,2,3,0,0,0,0,0,0
2022-11-30,AST-1041,CNC Lathe,PUN-01,1,0,0,1,4,0,0,0,0,0,0
2022-12-01,AST-1041,CNC Lathe,PUN-01,1,4,0,5,12,1,1,1,1,0,0
2022-12-02,AST-1041,CNC Lathe,PUN-01,1,1,0,2,6,0,0,0,0,0,0
2022-12-03,AST-1041,CNC Lathe,PUN-01,0,0,0,0,0,0,0,0,0,0,0
2022-12-04,AST-1041,CNC Lathe,PUN-01,0,0,0,0,0,0,0,0,0,0,0
2022-12-05,AST-1041,CNC Lathe,PUN-01,4,0,0,4,16,1,1,1,1,1,1
2022-12-06,AST-1041,CNC Lathe,PUN-01,1,2,0,3,8,1,0,0,0,0,0
2022-12-07,AST-1041,CNC Lathe,PUN-01,0,1,1,2,3,0,0,0,0,0,0
2022-12-08,AST-1041,CNC Lathe,PUN-01,2,1,1,4,11,1,1,1,0,0,0
2022-12-09,AST-1041,CNC Lathe,PUN-01,3,2,0,5,16,1,1,1,1,1,1
2022-12-10,AST-1041,CNC Lathe,PUN-01,0,0,0,0,0,0,0,0,0,0,0
2022-12-11,AST-1041,CNC Lathe,PUN-01,0,0,0,0,0,0,0,0,0,0,0
2022-12-12,AST-1041,CNC Lathe,PUN-01,1,4,0,5,12,1,1,1,1,0,0
2022-12-13,AST-1041,CNC Lathe,PUN-01,3,1,1,5,15,1,1,1,1,1,1
2022-12-14,AST-1041,CNC Lathe,PUN-01,1,0,1,2,5,0,0,0,0,0,0
2022-12-15,AST-1041,CNC Lathe,PUN-01,2,2,0,4,12,1,1,1,1,0,0
2022-12-16,AST-1041,CNC Lathe,PUN-01,0,2,0,2,4,0,0,0,0,0,0
2022-12-17,AST-1041,CNC Lathe,PUN-01,0,0,0,0,0,0,0,0,0,0,0
2022-12-18,AST-1041,CNC Lathe,PUN-01,0,0,0,0,0,0,0,0,0,0,0
2022-12-19,AST-1041,CNC Lathe,PUN-01,2,2,1,5,13,1,1,1,1,1,0
2022-12-20,AST-1041,CNC Lathe,PUN-01,2,3,0,5,14,1,1,1,1,1,1
2022-12-21,AST-1041,CNC Lathe,PUN-01,1,2,1,4,9,1,0,0,0,0,0
2022-12-22,AST-1041,CNC Lathe,PUN-01,1,0,0,1,4,0,0,0,0,0,0
2022-12-23,AST-1041,CNC Lathe,PUN-01,5,0,2,7,22,1,1,1,1,1,1
2022-12-24,AST-1041,CNC Lathe,PUN-01,0,0,0,0,0,0,0,0,0,0,0
2022-12-25,AST-1041,CNC Lathe,PUN-01,0,0,0,0,0,0,0,0,0,0,0
2022-12-26,AST-1041,CNC Lathe,PUN-01,0,3,2,5,8,1,0,0,0,0,0
2022-12-27,AST-1041,CNC Lathe,PUN-01,1,1,1,3,7,1,0,0,0,0,0
2022-12-28,AST-1041,CNC Lathe,PUN-01,1,1,0,2,6,0,0,0,0,0,0
2022-12-29,AST-1041,CNC Lathe,PUN-01,1,4,0,5,12,1,1,1,1,0,0
2022-12-30,AST-1041,CNC Lathe,PUN-01,1,2,0,3,8,1,0,0,0,0,0
2022-12-31,AST-1041,CNC Lathe,PUN-01,0,0,0,0,0,0,0,0,0,0,0
2023-01-01,AST-1041,CNC Lathe,PUN-01,0,0,0,0,0,0,0,0,0,0,0
2023-01-02,AST-1041,CNC Lathe,PUN-01,4,1,0,5,18,1,1,1,1,1,1
2023-01-03,AST-1041,CNC Lathe,PUN-01,0,3,0,3,6,0,0,0,0,0,0
2023-01-04,AST-1041,CNC Lathe,PUN-01,1,1,0,2,6,0,0,0,0,0,0
2023-01-05,AST-1041,CNC Lathe,PUN-01,1,2,0,3,8,1,0,0,0,0,0
2023-01-06,AST-1041,CNC Lathe,PUN-01,0,0,1,1,1,0,0,0,0,0,0
2023-01-07,AST-1041,CNC Lathe,PUN-01,0,0,0,0,0,0,0,0,0,0,0
2023-01-08,AST-1041,CNC Lathe,PUN-01,0,0,0,0,0,0,0,0,0,0,0
2023-01-09,AST-1041,CNC Lathe,PUN-01,2,3,0,5,14,1,1,1,1,1,1
2023-01-10,AST-1041,CNC Lathe,PUN-01,0,2,0,2,4,0,0,0,0,0,0
2023-01-11,AST-1041,CNC Lathe,PUN-01,2,1,0,3,10,1,1,0,0,0,0
2023-01-12,AST-1041,CNC Lathe,PUN-01,2,1,1,4,11,1,1,1,0,0,0
2023-01-13,AST-1041,CNC Lathe,PUN-01,1,1,0,2,6,0,0,0,0,0,0
2023-01-14,AST-1041,CNC Lathe,PUN-01,0,0,0,0,0,0,0,0,0,0,0
2023-01-15,AST-1041,CNC Lathe,PUN-01,0,0,0,0,0,0,0,0,0,0,0
2023-01-16,AST-1041,CNC Lathe,PUN-01,1,1,0,2,6,0,0,0,0,0,0
2023-01-17,AST-1041,CNC Lathe,PUN-01,3,1,1,5,15,1,1,1,1,1,1
2023-01-18,AST-1041,CNC Lathe,PUN-01,1,0,0,1,4,0,0,0,0,0,0
2023-01-19,AST-1041,CNC Lathe,PUN-01,0,3,0,3,6,0,0,0,0,0,0
2023-01-20,AST-1041,CNC Lathe,PUN-01,1,1,0,2,6,0,0,0,0,0,0
2023-01-21,AST-1041,CNC Lathe,PUN-01,0,0,0,0,0,0,0,0,0,0,0
2023-01-22,AST-1041,CNC Lathe,PUN-01,0,0,0,0,0,0,0,0,0,0,0
2023-01-23,AST-1041,CNC Lathe,PUN-01,3,1,0,4,14,1,1,1,1,1,1
2023-01-24,AST-1041,CNC Lathe,PUN-01,0,2,1,3,5,0,0,0,0,0,0
2023-01-25,AST-1041,CNC Lathe,PUN-01,1,0,0,1,4,0,0,0,0,0,0
2023-01-26,AST-1041,CNC Lathe,PUN-01,0,2,0,2,4,0,0,0,0,0,0
2023-01-27,AST-1041,CNC Lathe,PUN-01,0,1,0,1,2,0,0,0,0,0,0
2023-01-28,AST-1041,CNC Lathe,PUN-01,0,0,0,0,0,0,0,0,0,0,0
2023-01-29,AST-1041,CNC Lathe,PUN-01,0,0,0,0,0,0,0,0,0,0,0
2023-01-30,AST-1041,CNC Lathe,PUN-01,1,2,0,3,8,1,0,0,0,0,0
2023-01-31,AST-1041,CNC Lathe,PUN-01,2,1,0,3,10,1,1,0,0,0,0
2023-02-01,AST-1041,CNC Lathe,PUN-01,1,3,0,4,10,1,1,0,0,0,0
2023-02-02,AST-1041,CNC Lathe,PUN-01,0,2,0,2,4,0,0,0,0,0,0
2023-02-03,AST-1041,CNC Lathe,PUN-01,2,3,2,7,16,1,1,1,1,1,1
2023-02-04,AST-1041,CNC Lathe,PUN-01,0,0,0,0,0,0,0,0,0,0,0
2023-02-05,AST-1041,CNC Lathe,PUN-01,0,0,0,0,0,0,0,0,0,0,0
2023-02-06,AST-1041,CNC Lathe,PUN-01,2,0,2,4,10,1,1,0,0,0,0
2023-02-07,AST-1041,CNC Lathe,PUN-01,1,2,0,3,8,1,0,0,0,0,0
2023-02-08,AST-1041,CNC Lathe,PUN-01,1,2,1,4,9,1,0,0,0,0,0
2023-02-09,AST-1041,CNC Lathe,PUN-01,2,0,2,4,10,1,1,0,0,0,0
2023-02-10,AST-1041,CNC Lathe,PUN-01,0,0,0,0,0,0,0,0,0,0,0
2023-02-11,AST-1041,CNC Lathe,PUN-01,0,0,0,0,0,0,0,0,0,0,0
2023-02-12,AST-1041,CNC Lathe,PUN-01,0,0,0,0,0,0,0,0,0,0,0
2023-02-13,AST-1041,CNC Lathe,PUN-01,0,2,1,3,5,0,0,0,0,0,0
2023-02-14,AST-1041,CNC Lathe,PUN-01,2,0,0,2,8,1,0,0,0,0,0
2023-02-15,AST-1041,CNC Lathe,PUN-01,2,0,0,2,8,1,0,0,0,0,0
2023-02-16,AST-1041,CNC Lathe,PUN-01,2,2,1,5,13,1,1,1,1,1,0
2023-02-17,AST-1041,CNC Lathe,PUN-01,0,1,2,3,4,0,0,0,0,0,0
2023-02-18,AST-1041,CNC Lathe,PUN-01,0,0,0,0,0,0,0,0,0,0,0
2023-02-19,AST-1041,CNC Lathe,PUN-01,0,0,0,0,0,0,0,0,0,0,0
2023-02-20,AST-1041,CNC Lathe,PUN-01,0,2,1,3,5,0,0,0,0,0,0
2023-02-21,AST-1041,CNC Lathe,PUN-01,0,2,0,2,4,0,0,0,0,0,0
2023-02-22,AST-1041,CNC Lathe,PUN-01,0,1,0,1,2,0,0,0,0,0,0
2023-02-23,AST-1041,CNC Lathe,PUN-01,1,1,1,3,7,1,0,0,0,0,0
2023-02-24,AST-1041,CNC Lathe,PUN-01,3,1,0,4,14,1,1,1,1,1,1
2023-02-25,AST-1041,CNC Lathe,PUN-01,0,0,0,0,0,0,0,0,0,0,0
2023-02-26,AST-1041,CNC Lathe,PUN-01,0,0,0,0,0,0,0,0,0,0,0
2023-02-27,AST-1041,CNC Lathe,PUN-01,1,1,1,3,7,1,0,0,0,0,0
2023-02-28,AST-1041,CNC Lathe,PUN-01,3,2,1,6,17,1,1,1,1,1,1
2023-03-01,AST-1041,CNC Lathe,PUN-01,1,0,0,1,4,0,0,0,0,0,0
2023-03-02,AST-1041,CNC Lathe,PUN-01,0,1,0,1,2,0,0,0,0,0,0
2023-03-03,AST-1041,CNC Lathe,PUN-01,0,2,1,3,5,0,0,0,0,0,0
2023-03-04,AST-1041,CNC Lathe,PUN-01,0,0,0,0,0,0,0,0,0,0,0
2023-03-05,AST-1041,CNC Lathe,PUN-01,0,0,0,0,0,0,0,0,0,0,0
2023-03-06,AST-1041,CNC Lathe,PUN-01,3,1,0,4,14,1,1,1,1,1,1
2023-03-07,AST-1041,CNC Lathe,PUN-01,2,2,0,4,12,1,1,1,1,0,0
2023-03-08,AST-1041,CNC Lathe,PUN-01,1,0,0,1,4,0,0,0,0,0,0
2023-03-09,AST-1041,CNC Lathe,PUN-01,1,0,0,1,4,0,0,0,0,0,0
2023-03-10,AST-1041,CNC Lathe,PUN-01,2,0,0,2,8,1,0,0,0,0,0
2023-03-11,AST-1041,CNC Lathe,PUN-01,0,0,0,0,0,0,0,0,0,0,0
2023-03-12,AST-1041,CNC Lathe,PUN-01,0,0,0,0,0,0,0,0,0,0,0
2023-03-13,AST-1041,CNC Lathe,PUN-01,0,1,1,2,3,0,0,0,0,0,0
2023-03-14,AST-1041,CNC Lathe,PUN-01,0,1,0,1,2,0,0,0,0,0,0
2023-03-15,AST-1041,CNC Lathe,PUN-01,0,1,0,1,2,0,0,0,0,0,0
2023-03-16,AST-1041,CNC Lathe,PUN-01,1,2,0,3,8,1,0,0,0,0,0
2023-03-17,AST-1041,CNC Lathe,PUN-01,2,2,0,4,12,1,1,1,1,0,0
2023-03-18,AST-1041,CNC Lathe,PUN-01,0,0,0,0,0,0,0,0,0,0,0
2023-03-19,AST-1041,CNC Lathe,PUN-01,0,0,0,0,0,0,0,0,0,0,0
2023-03-20,AST-1041,CNC Lathe,PUN-01,2,1,0,3,10,1,1,0,0,0,0
2023-03-21,AST-1041,CNC Lathe,PUN-01,1,4,0,5,12,1,1,1,1,0,0
2023-03-22,AST-1041,CNC Lathe,PUN-01,0,2,0,2,4,0,0,0,0,0,0
2023-03-23,AST-1041,CNC Lathe,PUN-01,2,2,0,4,12,1,1,1,1,0,0
2023-03-24,AST-1041,CNC Lathe,PUN-01,2,2,1,5,13,1,1,1,1,1,0
2023-03-25,AST-1041,CNC Lathe,PUN-01,0,0,0,0,0,0,0,0,0,0,0
2023-03-26,AST-1041,CNC Lathe,PUN-01,0,0,0,0,0,0,0,0,0,0,0
2023-03-27,AST-1041,CNC Lathe,PUN-01,2,1,0,3,10,1,1,0,0,0,0
2023-03-28,AST-1041,CNC Lathe,PUN-01,0,3,0,3,6,0,0,0,0,0,0
2023-03-29,AST-1041,CNC Lathe,PUN-01,0,3,1,4,7,1,0,0,0,0,0
2023-03-30,AST-1041,CNC Lathe,PUN-01,1,1,2,4,8,1,0,0,0,0,0
2023-03-31,AST-1041,CNC Lathe,PUN-01,1,3,0,4,10,1,1,0,0,0,0
2023-04-01,AST-1041,CNC Lathe,PUN-01,0,0,0,0,0,0,0,0,0,0,0
2023-04-02,AST-1041,CNC Lathe,PUN-01,0,0,0,0,0,0,0,0,0,0,0
2023-04-03,AST-1041,CNC Lathe,PUN-01,1,1,0,2,6,0,0,0,0,0,0
2023-04-04,AST-1041,CNC Lathe,PUN-01,0,1,1,2,3,0,0,0,0,0,0
2023-04-05,AST-1041,CNC Lathe,PUN-01,1,1,0,2,6,0,0,0,0,0,0
2023-04-06,AST-1041,CNC Lathe,PUN-01,0,1,0,1,2,0,0,0,0,0,0
2023-04-07,AST-1041,CNC Lathe,PUN-01,1,0,0,1,4,0,0,0,0,0,0
2023-04-08,AST-1041,CNC Lathe,PUN-01,0,0,0,0,0,0,0,0,0,0,0
2023-04-09,AST-1041,CNC Lathe,PUN-01,0,0,0,0,0,0,0,0,0,0,0
2023-04-10,AST-1041,CNC Lathe,PUN-01,0,0,0,0,0,0,0,0,0,0,0
2023-04-11,AST-1041,CNC Lathe,PUN-01,1,1,1,3,7,1,0,0,0,0,0
2023-04-12,AST-1041,CNC Lathe,PUN-01,0,2,0,2,4,0,0,0,0,0,0
2023-04-13,AST-1041,CNC Lathe,PUN-01,0,1,0,1,2,0,0,0,0,0,0
2023-04-14,AST-1041,CNC Lathe,PUN-01,0,2,0,2,4,0,0,0,0,0,0
2023-04-15,AST-1041,CNC Lathe,PUN-01,0,0,0,0,0,0,0,0,0,0,0
2023-04-16,AST-1041,CNC Lathe,PUN-01,0,0,0,0,0,0,0,0,0,0,0
2023-04-17,AST-1041,CNC Lathe,PUN-01,3,3,1,7,19,1,1,1,1,1,1
2023-04-18,AST-1041,CNC Lathe,PUN-01,1,2,1,4,9,1,0,0,0,0,0
2023-04-19,AST-1041,CNC Lathe,PUN-01,1,1,0,2,6,0,0,0,0,0,0
2023-04-20,AST-1041,CNC Lathe,PUN-01,2,0,2,4,10,1,1,0,0,0,0
2023-04-21,AST-1041,CNC Lathe,PUN-01,0,0,0,0,0,0,0,0,0,0,0
2023-04-22,AST-1041,CNC Lathe,PUN-01,0,0,0,0,0,0,0,0,0,0,0
2023-04-23,AST-1041,CNC Lathe,PUN-01,0,0,0,0,0,0,0,0,0,0,0
2023-04-24,AST-1041,CNC Lathe,PUN-01,2,1,0,3,10,1,1,0,0,0,0
2023-04-25,AST-1041,CNC Lathe,PUN-01,1,0,0,1,4,0,0,0,0,0,0
2023-04-26,AST-1041,CNC Lathe,PUN-01,2,1,0,3,10,1,1,0,0,0,0
2023-04-27,AST-1041,CNC Lathe,PUN-01,2,2,1,5,13,1,1,1,1,1,0
2023-04-28,AST-1041,CNC Lathe,PUN-01,0,1,1,2,3,0,0,0,0,0,0
2023-04-29,AST-1041,CNC Lathe,PUN-01,0,0,0,0,0,0,0,0,0,0,0
2023-04-30,AST-1041,CNC Lathe,PUN-01,0,0,0,0,0,0,0,0,0,0,0
2023-05-01,AST-1041,CNC Lathe,PUN-01,1,0,1,2,5,0,0,0,0,0,0
2023-05-02,AST-1041,CNC Lathe,PUN-01,1,0,0,1,4,0,0,0,0,0,0
2023-05-03,AST-1041,CNC Lathe,PUN-01,0,3,1,4,7,1,0,0,0,0,0
2023-05-04,AST-1041,CNC Lathe,PUN-01,0,1,0,1,2,0,0,0,0,0,0
2023-05-05,AST-1041,CNC Lathe,PUN-01,0,0,0,0,0,0,0,0,0,0,0
2023-05-06,AST-1041,CNC Lathe,PUN-01,0,0,0,0,0,0,0,0,0,0,0
2023-05-07,AST-1041,CNC Lathe,PUN-01,0,0,0,0,0,0,0,0,0,0,0
2023-05-08,AST-1041,CNC Lathe,PUN-01,1,2,1,4,9,1,0,0,0,0,0
2023-05-09,AST-1041,CNC Lathe,PUN-01,2,0,1,3,9,1,0,0,0,0,0
2023-05-10,AST-1041,CNC Lathe,PUN-01,0,4,0,4,8,1,0,0,0,0,0
2023-05-11,AST-1041,CNC Lathe,PUN-01,2,1,0,3,10,1,1,0,0,0,0
2023-05-12,AST-1041,CNC Lathe,PUN-01,0,1,1,2,3,0,0,0,0,0,0
2023-05-13,AST-1041,CNC Lathe,PUN-01,0,0,0,0,0,0,0,0,0,0,0
2023-05-14,AST-1041,CNC Lathe,PUN-01,0,0,0,0,0,0,0,0,0,0,0
2023-05-15,AST-1041,CNC Lathe,PUN-01,1,1,0,2,6,0,0,0,0,0,0
2023-05-16,AST-1041,CNC Lathe,PUN-01,0,2,0,2,4,0,0,0,0,0,0
2023-05-17,AST-1041,CNC Lathe,PUN-01,0,2,1,3,5,0,0,0,0,0,0
2023-05-18,AST-1041,CNC Lathe,PUN-01,1,2,0,3,8,1,0,0,0,0,0
2023-05-19,AST-1041,CNC Lathe,PUN-01,0,1,0,1,2,0,0,0,0,0,0
2023-05-20,AST-1041,CNC Lathe,PUN-01,0,0,0,0,0,0,0,0,0,0,0
2023-05-21,AST-1041,CNC Lathe,PUN-01,0,0,0,0,0,0,0,0,0,0,0
2023-05-22,AST-1041,CNC Lathe,PUN-01,0,1,1,2,3,0,0,0,0,0,0
2023-05-23,AST-1041,CNC Lathe,PUN-01,0,2,0,2,4,0,0,0,0,0,0
2023-05-24,AST-1041,CNC Lathe,PUN-01,1,1,0,2,6,0,0,0,0,0,0
2023-05-25,AST-1041,CNC Lathe,PUN-01,0,1,1,2,3,0,0,0,0,0,0
2023-05-26,AST-1041,CNC Lathe,PUN-01,0,2,0,2,4,0,0,0,0,0,0
2023-05-27,AST-1041,CNC Lathe,PUN-01,0,0,0,0,0,0,0,0,0,0,0
2023-05-28,AST-1041,CNC Lathe,PUN-01,0,0,0,0,0,0,0,0,0,0,0
2023-05-29,AST-1041,CNC Lathe,PUN-01,2,1,1,4,11,1,1,1,0,0,0
2023-05-30,AST-1041,CNC Lathe,PUN-01,0,1,0,1,2,0,0,0,0,0,0
2023-05-31,AST-1041,CNC Lathe,PUN-01,0,1,0,1,2,0,0,0,0,0,0
2023-06-01,AST-1041,CNC Lathe,PUN-01,0,1,0,1,2,0,0,0,0,0,0
2023-06-02,AST-1041,CNC Lathe,PUN-01,0,0,0,0,0,0,0,0,0,0,0
2023-06-03,AST-1041,CNC Lathe,PUN-01,0,0,0,0,0,0,0,0,0,0,0
2023-06-04,AST-1041,CNC Lathe,PUN-01,0,0,0,0,0,0,0,0,0,0,0
2023-06-05,AST-1041,CNC Lathe,PUN-01,0,1,0,1,2,0,0,0,0,0,0
2023-06-06,AST-1041,CNC Lathe,PUN-01,0,3,0,3,6,0,0,0,0,0,0
2023-06-07,AST-1041,CNC Lathe,PUN-01,0,1,0,1,2,0,0,0,0,0,0
2023-06-08,AST-1041,CNC Lathe,PUN-01,1,1,0,2,6,0,0,0,0,0,0
2023-06-09,AST-1041,CNC Lathe,PUN-01,0,1,0,1,2,0,0,0,0,0,0
2023-06-10,AST-1041,CNC Lathe,PUN-01,0,0,0,0,0,0,0,0,0,0,0
2023-06-11,AST-1041,CNC Lathe,PUN-01,0,0,0,0,0,0,0,0,0,0,0
2023-06-12,AST-1041,CNC Lathe,PUN-01,0,1,0,1,2,0,0,0,0,0,0
2023-06-13,AST-1041,CNC Lathe,PUN-01,0,0,0,0,0,0,0,0,0,0,0
2023-06-14,AST-1041,CNC Lathe,PUN-01,0,1,0,1,2,0,0,0,0,0,0
2023-06-15,AST-1041,CNC Lathe,PUN-01,1,0,1,2,5,0,0,0,0,0,0
2023-06-16,AST-1041,CNC Lathe,PUN-01,2,1,0,3,10,1,1,0,0,0,0
2023-06-17,AST-1041,CNC Lathe,PUN-01,0,0,0,0,0,0,0,0,0,0,0
2023-06-18,AST-1041,CNC Lathe,PUN-01,0,0,0,0,0,0,0,0,0,0,0
2023-06-19,AST-1041,CNC Lathe,PUN-01,0,1,1,2,3,0,0,0,0,0,0
2023-06-20,AST-1041,CNC Lathe,PUN-01,1,1,0,2,6,0,0,0,0,0,0
2023-06-21,AST-1041,CNC Lathe,PUN-01,0,1,0,1,2,0,0,0,0,0,0
2023-06-22,AST-1041,CNC Lathe,PUN-01,0,0,1,1,1,0,0,0,0,0,0
2023-06-23,AST-1041,CNC Lathe,PUN-01,1,1,0,2,6,0,0,0,0,0,0
2023-06-24,AST-1041,CNC Lathe,PUN-01,0,0,0,0,0,0,0,0,0,0,0
2023-06-25,AST-1041,CNC Lathe,PUN-01,0,0,0,0,0,0,0,0,0,0,0
2023-06-26,AST-1041,CNC Lathe,PUN-01,0,0,0,0,0,0,0,0,0,0,0
2023-06-27,AST-1041,CNC Lathe,PUN-01,1,0,2,3,6,0,0,0,0,0,0
2023-06-28,AST-1041,CNC Lathe,PUN-01,1,0,0,1,4,0,0,0,0,0,0
2023-06-29,AST-1041,CNC Lathe,PUN-01,0,4,3,7,11,1,1,1,0,0,0
2023-06-30,AST-1041,CNC Lathe,PUN-01,0,1,2,3,4,0,0,0,0,0,0
2023-07-01,AST-1041,CNC Lathe,PUN-01,0,0,0,0,0,0,0,0,0,0,0
2023-07-02,AST-1041,CNC Lathe,PUN-01,0,0,0,0,0,0,0,0,0,0,0
2023-07-03,AST-1041,CNC Lathe,PUN-01,1,2,1,4,9,1,0,0,0,0,0
2023-07-04,AST-1041,CNC Lathe,PUN-01,3,0,0,3,12,1,1,1,1,0,0
2023-07-05,AST-1041,CNC Lathe,PUN-01,0,1,1,2,3,0,0,0,0,0,0
2023-07-06,AST-1041,CNC Lathe,PUN-01,2,2,0,4,12,1,1,1,1,0,0
2023-07-07,AST-1041,CNC Lathe,PUN-01,3,0,0,3,12,1,1,1,1,0,0
2023-07-08,AST-1041,CNC Lathe,PUN-01,0,0,0,0,0,0,0,0,0,0,0
2023-07-09,AST-1041,CNC Lathe,PUN-01,0,0,0,0,0,0,0,0,0,0,0
2023-07-10,AST-1041,CNC Lathe,PUN-01,2,1,2,5,12,1,1,1,1,0,0
2023-07-11,AST-1041,CNC Lathe,PUN-01,2,2,0,4,12,1,1,1,1,0,0
2023-07-12,AST-1041,CNC Lathe,PUN-01,0,0,0,0,0,0,0,0,0,0,0
2023-07-13,AST-1041,CNC Lathe,PUN-01,1,0,1,2,5,0,0,0,0,0,0
2023-07-14,AST-1041,CNC Lathe,PUN-01,1,2,0,3,8,1,0,0,0,0,0
2023-07-15,AST-1041,CNC Lathe,PUN-01,0,0,0,0,0,0,0,0,0,0,0
2023-07-16,AST-1041,CNC Lathe,PUN-01,0,0,0,0,0,0,0,0,0,0,0
2023-07-17,AST-1041,CNC Lathe,PUN-01,1,1,0,2,6,0,0,0,0,0,0
2023-07-18,AST-1041,CNC Lathe,PUN-01,0,1,1,2,3,0,0,0,0,0,0
2023-07-19,AST-1041,CNC Lathe,PUN-01,2,0,1,3,9,1,0,0,0,0,0
2023-07-20,AST-1041,CNC Lathe,PUN-01,4,0,0,4,16,1,1,1,1,1,1
2023-07-21,AST-1041,CNC Lathe,PUN-01,1,0,2,3,6,0,0,0,0,0,0
2023-07-22,AST-1041,CNC Lathe,PUN-01,0,0,0,0,0,0,0,0,0,0,0
2023-07-23,AST-1041,CNC Lathe,PUN-01,0,0,0,0,0,0,0,0,0,0,0
2023-07-24,AST-1041,CNC Lathe,PUN-01,3,0,0,3,12,1,1,1,1,0,0
2023-07-25,AST-1041,CNC Lathe,PUN-01,3,2,0,5,16,1,1,1,1,1,1
2023-07-26,AST-1041,CNC Lathe,PUN-01,2,0,0,2,8,1,0,0,0,0,0
2023-07-27,AST-1041,CNC Lathe,PUN-01,1,1,0,2,6,0,0,0,0,0,0
2023-07-28,AST-1041,CNC Lathe,PUN-01,3,0,0,3,12,1,1,1,1,0,0
2023-07-29,AST-1041,CNC Lathe,PUN-01,0,0,0,0,0,0,0,0,0,0,0
2023-07-30,AST-1041,CNC Lathe,PUN-01,0,0,0,0,0,0,0,0,0,0,0
2023-07-31,AST-1041,CNC Lathe,PUN-01,1,1,0,2,6,0,0,0,0,0,0
2023-08-01,AST-1041,CNC Lathe,PUN-01,0,0,0,0,0,0,0,0,0,0,0
2023-08-02,AST-1041,CNC Lathe,PUN-01,2,0,1,3,9,1,0,0,0,0,0
2023-08-03,AST-1041,CNC Lathe,PUN-01,1,1,0,2,6,0,0,0,0,0,0
2023-08-04,AST-1041,CNC Lathe,PUN-01,3,0,1,4,13,1,1,1,1,1,0
2023-08-05,AST-1041,CNC Lathe,PUN-01,0,0,0,0,0,0,0,0,0,0,0
2023-08-06,AST-1041,CNC Lathe,PUN-01,0,0,0,0,0,0,0,0,0,0,0
2023-08-07,AST-1041,CNC Lathe,PUN-01,1,0,1,2,5,0,0,0,0,0,0
2023-08-08,AST-1041,CNC Lathe,PUN-01,2,0,0,2,8,1,0,0,0,0,0
2023-08-09,AST-1041,CNC Lathe,PUN-01,2,1,0,3,10,1,1,0,0,0,0
2023-08-10,AST-1041,CNC Lathe,PUN-01,1,1,0,2,6,0,0,0,0,0,0
2023-08-11,AST-1041,CNC Lathe,PUN-01,1,1,0,2,6,0,0,0,0,0,0
2023-08-12,AST-1041,CNC Lathe,PUN-01,0,0,0,0,0,0,0,0,0,0,0
2023-08-13,AST-1041,CNC Lathe,PUN-01,0,0,0,0,0,0,0,0,0,0,0
2023-08-14,AST-1041,CNC Lathe,PUN-01,2,0,2,4,10,1,1,0,0,0,0
2023-08-15,AST-1041,CNC Lathe,PUN-01,1,0,1,2,5,0,0,0,0,0,0
2023-08-16,AST-1041,CNC Lathe,PUN-01,0,1,0,1,2,0,0,0,0,0,0
2023-08-17,AST-1041,CNC Lathe,PUN-01,3,1,0,4,14,1,1,1,1,1,1
2023-08-18,AST-1041,CNC Lathe,PUN-01,0,1,0,1,2,0,0,0,0,0,0
2023-08-19,AST-1041,CNC Lathe,PUN-01,0,0,0,0,0,0,0,0,0,0,0
2023-08-20,AST-1041,CNC Lathe,PUN-01,0,0,0,0,0,0,0,0,0,0,0
2023-08-21,AST-1041,CNC Lathe,PUN-01,1,2,0,3,8,1,0,0,0,0,0
2023-08-22,AST-1041,CNC Lathe,PUN-01,1,1,1,3,7,1,0,0,0,0,0
2023-08-23,AST-1041,CNC Lathe,PUN-01,1,1,0,2,6,0,0,0,0,0,0
2023-08-24,AST-1041,CNC Lathe,PUN-01,1,1,1,3,7,1,0,0,0,0,0
2023-08-25,AST-1041,CNC Lathe,PUN-01,2,1,0,3,10,1,1,0,0,0,0
2023-08-26,AST-1041,CNC Lathe,PUN-01,0,0,0,0,0,0,0,0,0,0,0
2023-08-27,AST-1041,CNC Lathe,PUN-01,0,0,0,0,0,0,0,0,0,0,0
2023-08-28,AST-1041,CNC Lathe,PUN-01,1,0,0,1,4,0,0,0,0,0,0
2023-08-29,AST-1041,CNC Lathe,PUN-01,0,1,2,3,4,0,0,0,0,0,0
2023-08-30,AST-1041,CNC Lathe,PUN-01,1,1,2,4,8,1,0,0,0,0,0
2023-08-31,AST-1041,CNC Lathe,PUN-01,2,1,0,3,10,1,1,0,0,0,0
2023-09-01,AST-1041,CNC Lathe,PUN-01,2,1,0,3,10,1,1,0,0,0,0
2023-09-02,AST-1041,CNC Lathe,PUN-01,0,0,0,0,0,0,0,0,0,0,0
2023-09-03,AST-1041,CNC Lathe,PUN-01,0,0,0,0,0,0,0,0,0,0,0
2023-09-04,AST-1041,CNC Lathe,PUN-01,0,1,1,2,3,0,0,0,0,0,0
2023-09-05,AST-1041,CNC Lathe,PUN-01,1,2,0,3,8,1,0,0,0,0,0
2023-09-06,AST-1041,CNC Lathe,PUN-01,0,2,0,2,4,0,0,0,0,0,0
2023-09-07,AST-1041,CNC Lathe,PUN-01,2,0,1,3,9,1,0,0,0,0,0
2023-09-08,AST-1041,CNC Lathe,PUN-01,1,2,0,3,8,1,0,0,0,0,0
2023-09-09,AST-1041,CNC Lathe,PUN-01,0,0,0,0,0,0,0,0,0,0,0
2023-09-10,AST-1041,CNC Lathe,PUN-01,0,0,0,0,0,0,0,0,0,0,0
2023-09-11,AST-1041,CNC Lathe,PUN-01,1,1,1,3,7,1,0,0,0,0,0
2023-09-12,AST-1041,CNC Lathe,PUN-01,0,1,0,1,2,0,0,0,0,0,0
2023-09-13,AST-1041,CNC Lathe,PUN-01,1,0,0,1,4,0,0,0,0,0,0
2023-09-14,AST-1041,CNC Lathe,PUN-01,0,2,0,2,4,0,0,0,0,0,0
2023-09-15,AST-1041,CNC Lathe,PUN-01,3,1,0,4,14,1,1,1,1,1,1
2023-09-16,AST-1041,CNC Lathe,PUN-01,0,0,0,0,0,0,0,0,0,0,0
2023-09-17,AST-1041,CNC Lathe,PUN-01,0,0,0,0,0,0,0,0,0,0,0
2023-09-18,AST-1041,CNC Lathe,PUN-01,0,2,2,4,6,0,0,0,0,0,0
2023-09-19,AST-1041,CNC Lathe,PUN-01,1,2,0,3,8,1,0,0,0,0,0
2023-09-20,AST-1041,CNC Lathe,PUN-01,0,2,1,3,5,0,0,0,0,0,0
2023-09-21,AST-1041,CNC Lathe,PUN-01,1,1,1,3,7,1,0,0,0,0,0
2023-09-22,AST-1041,CNC Lathe,PUN-01,0,2,0,2,4,0,0,0,0,0,0
2023-09-23,AST-1041,CNC Lathe,PUN-01,0,0,0,0,0,0,0,0,0,0,0
2023-09-24,AST-1041,CNC Lathe,PUN-01,0,0,0,0,0,0,0,0,0,0,0
2023-09-25,AST-1041,CNC Lathe,PUN-01,0,1,0,1,2,0,0,0,0,0,0
2023-09-26,AST-1041,CNC Lathe,PUN-01,0,2,1,3,5,0,0,0,0,0,0
2023-09-27,AST-1041,CNC Lathe,PUN-01,0,0,1,1,1,0,0,0,0,0,0
2023-09-28,AST-1041,CNC Lathe,PUN-01,1,1,1,3,7,1,0,0,0,0,0
2023-09-29,AST-1041,CNC Lathe,PUN-01,3,3,0,6,18,1,1,1,1,1,1
2023-09-30,AST-1041,CNC Lathe,PUN-01,0,0,0,0,0,0,0,0,0,0,0
2023-10-01,AST-1041,CNC Lathe,PUN-01,0,0,0,0,0,0,0,0,0,0,0
2023-10-02,AST-1041,CNC Lathe,PUN-01,1,0,0,1,4,0,0,0,0,0,0
2023-10-03,AST-1041,CNC Lathe,PUN-01,3,1,0,4,14,1,1,1,1,1,1
2023-10-04,AST-1041,CNC Lathe,PUN-01,3,2,1,6,17,1,1,1,1,1,1
2023-10-05,AST-1041,CNC Lathe,PUN-01,4,2,0,6,20,1,1,1,1,1,1
2023-10-06,AST-1041,CNC Lathe,PUN-01,0,2,1,3,5,0,0,0,0,0,0
2023-10-07,AST-1041,CNC Lathe,PUN-01,0,0,0,0,0,0,0,0,0,0,0
2023-10-08,AST-1041,CNC Lathe,PUN-01,0,0,0,0,0,0,0,0,0,0,0
2023-10-09,AST-1041,CNC Lathe,PUN-01,1,1,0,2,6,0,0,0,0,0,0
2023-10-10,AST-1041,CNC Lathe,PUN-01,3,1,2,6,16,1,1,1,1,1,1
2023-10-11,AST-1041,CNC Lathe,PUN-01,0,0,2,2,2,0,0,0,0,0,0
2023-10-12,AST-1041,CNC Lathe,PUN-01,2,1,2,5,12,1,1,1,1,0,0
2023-10-13,AST-1041,CNC Lathe,PUN-01,1,1,0,2,6,0,0,0,0,0,0
2023-10-14,AST-1041,CNC Lathe,PUN-01,0,0,0,0,0,0,0,0,0,0,0
2023-10-15,AST-1041,CNC Lathe,PUN-01,0,0,0,0,0,0,0,0,0,0,0
2023-10-16,AST-1041,CNC Lathe,PUN-01,0,3,1,4,7,1,0,0,0,0,0
2023-10-17,AST-1041,CNC Lathe,PUN-01,2,1,0,3,10,1,1,0,0,0,0
2023-10-18,AST-1041,CNC Lathe,PUN-01,1,1,1,3,7,1,0,0,0,0,0
2023-10-19,AST-1041,CNC Lathe,PUN-01,2,3,0,5,14,1,1,1,1,1,1
2023-10-20,AST-1041,CNC Lathe,PUN-01,1,0,0,1,4,0,0,0,0,0,0
2023-10-21,AST-1041,CNC Lathe,PUN-01,0,0,0,0,0,0,0,0,0,0,0
2023-10-22,AST-1041,CNC Lathe,PUN-01,0,0,0,0,0,0,0,0,0,0,0
2023-10-23,AST-1041,CNC Lathe,PUN-01,1,2,0,3,8,1,0,0,0,0,0
2023-10-24,AST-1041,CNC Lathe,PUN-01,0,0,0,0,0,0,0,0,0,0,0
2023-10-25,AST-1041,CNC Lathe,PUN-01,0,1,0,1,2,0,0,0,0,0,0
2023-10-26,AST-1041,CNC Lathe,PUN-01,0,1,0,1,2,0,0,0,0,0,0
2023-10-27,AST-1041,CNC Lathe,PUN-01,1,0,1,2,5,0,0,0,0,0,0
2023-10-28,AST-1041,CNC Lathe,PUN-01,0,0,0,0,0,0,0,0,0,0,0
2023-10-29,AST-1041,CNC Lathe,PUN-01,0,0,0,0,0,0,0,0,0,0,0
2023-10-30,AST-1041,CNC Lathe,PUN-01,1,1,0,2,6,0,0,0,0,0,0
2023-10-31,AST-1041,CNC Lathe,PUN-01,1,0,0,1,4,0,0,0,0,0,0
2023-11-01,AST-1041,CNC Lathe,PUN-01,1,1,1,3,7,1,0,0,0,0,0
2023-11-02,AST-1041,CNC Lathe,PUN-01,3,0,0,3,12,1,1,1,1,0,0
2023-11-03,AST-1041,CNC Lathe,PUN-01,0,2,1,3,5,0,0,0,0,0,0
2023-11-04,AST-1041,CNC Lathe,PUN-01,0,0,0,0,0,0,0,0,0,0,0
2023-11-05,AST-1041,CNC Lathe,PUN-01,0,0,0,0,0,0,0,0,0,0,0
2023-11-06,AST-1041,CNC Lathe,PUN-01,2,1,2,5,12,1,1,1,1,0,0
2023-11-07,AST-1041,CNC Lathe,PUN-01,3,3,1,7,19,1,1,1,1,1,1
2023-11-08,AST-1041,CNC Lathe,PUN-01,0,1,0,1,2,0,0,0,0,0,0
2023-11-09,AST-1041,CNC Lathe,PUN-01,1,1,2,4,8,1,0,0,0,0,0
2023-11-10,AST-1041,CNC Lathe,PUN-01,0,1,1,2,3,0,0,0,0,0,0
2023-11-11,AST-1041,CNC Lathe,PUN-01,0,0,0,0,0,0,0,0,0,0,0
2023-11-12,AST-1041,CNC Lathe,PUN-01,0,0,0,0,0,0,0,0,0,0,0
2023-11-13,AST-1041,CNC Lathe,PUN-01,1,3,0,4,10,1,1,0,0,0,0
2023-11-14,AST-1041,CNC Lathe,PUN-01,2,0,1,3,9,1,0,0,0,0,0
2023-11-15,AST-1041,CNC Lathe,PUN-01,4,2,2,8,22,1,1,1,1,1,1
2023-11-16,AST-1041,CNC Lathe,PUN-01,2,1,1,4,11,1,1,1,0,0,0
2023-11-17,AST-1041,CNC Lathe,PUN-01,1,2,2,5,10,1,1,0,0,0,0
2023-11-18,AST-1041,CNC Lathe,PUN-01,0,0,0,0,0,0,0,0,0,0,0
2023-11-19,AST-1041,CNC Lathe,PUN-01,0,0,0,0,0,0,0,0,0,0,0
2023-11-20,AST-1041,CNC Lathe,PUN-01,1,2,0,3,8,1,0,0,0,0,0
2023-11-21,AST-1041,CNC Lathe,PUN-01,1,1,0,2,6,0,0,0,0,0,0
2023-11-22,AST-1041,CNC Lathe,PUN-01,0,1,0,1,2,0,0,0,0,0,0
2023-11-23,AST-1041,CNC Lathe,PUN-01,0,1,0,1,2,0,0,0,0,0,0
2023-11-24,AST-1041,CNC Lathe,PUN-01,1,1,0,2,6,0,0,0,0,0,0
2023-11-25,AST-1041,CNC Lathe,PUN-01,0,0,0,0,0,0,0,0,0,0,0
2023-11-26,AST-1041,CNC Lathe,PUN-01,0,0,0,0,0,0,0,0,0,0,0
2023-11-27,AST-1041,CNC Lathe,PUN-01,1,1,1,3,7,1,0,0,0,0,0
2023-11-28,AST-1041,CNC Lathe,PUN-01,1,0,0,1,4,0,0,0,0,0,0
2023-11-29,AST-1041,CNC Lathe,PUN-01,0,0,0,0,0,0,0,0,0,0,0
2023-11-30,AST-1041,CNC Lathe,PUN-01,1,1,1,3,7,1,0,0,0,0,0
2023-12-01,AST-1041,CNC Lathe,PUN-01,0,0,1,1,1,0,0,0,0,0,0
2023-12-02,AST-1041,CNC Lathe,PUN-01,0,0,0,0,0,0,0,0,0,0,0
2023-12-03,AST-1041,CNC Lathe,PUN-01,0,0,0,0,0,0,0,0,0,0,0
2023-12-04,AST-1041,CNC Lathe,PUN-01,1,3,0,4,10,1,1,0,0,0,0
2023-12-05,AST-1041,CNC Lathe,PUN-01,1,1,1,3,7,1,0,0,0,0,0
2023-12-06,AST-1041,CNC Lathe,PUN-01,1,2,0,3,8,1,0,0,0,0,0
2023-12-07,AST-1041,CNC Lathe,PUN-01,1,0,2,3,6,0,0,0,0,0,0
2023-12-08,AST-1041,CNC Lathe,PUN-01,1,1,0,2,6,0,0,0,0,0,0
2023-12-09,AST-1041,CNC Lathe,PUN-01,0,0,0,0,0,0,0,0,0,0,0
2023-12-10,AST-1041,CNC Lathe,PUN-01,0,0,0,0,0,0,0,0,0,0,0
2023-12-11,AST-1041,CNC Lathe,PUN-01,0,2,1,3,5,0,0,0,0,0,0
2023-12-12,AST-1041,CNC Lathe,PUN-01,1,1,0,2,6,0,0,0,0,0,0
2023-12-13,AST-1041,CNC Lathe,PUN-01,0,2,1,3,5,0,0,0,0,0,0
2023-12-14,AST-1041,CNC Lathe,PUN-01,1,3,0,4,10,1,1,0,0,0,0
2023-12-15,AST-1041,CNC Lathe,PUN-01,2,0,2,4,10,1,1,0,0,0,0
2023-12-16,AST-1041,CNC Lathe,PUN-01,0,0,0,0,0,0,0,0,0,0,0
2023-12-17,AST-1041,CNC Lathe,PUN-01,0,0,0,0,0,0,0,0,0,0,0
2023-12-18,AST-1041,CNC Lathe,PUN-01,1,2,2,5,10,1,1,0,0,0,0
2023-12-19,AST-1041,CNC Lathe,PUN-01,2,2,1,5,13,1,1,1,1,1,0
2023-12-20,AST-1041,CNC Lathe,PUN-01,2,2,2,6,14,1,1,1,1,1,1
2023-12-21,AST-1041,CNC Lathe,PUN-01,4,2,2,8,22,1,1,1,1,1,1
2023-12-22,AST-1041,CNC Lathe,PUN-01,0,1,2,3,4,0,0,0,0,0,0
2023-12-23,AST-1041,CNC Lathe,PUN-01,0,0,0,0,0,0,0,0,0,0,0
2023-12-24,AST-1041,CNC Lathe,PUN-01,0,0,0,0,0,0,0,0,0,0,0
2023-12-25,AST-1041,CNC Lathe,PUN-01,0,1,1,2,3,0,0,0,0,0,0
2023-12-26,AST-1041,CNC Lathe,PUN-01,2,0,0,2,8,1,0,0,0,0,0
2023-12-27,AST-1041,CNC Lathe,PUN-01,2,0,0,2,8,1,0,0,0,0,0
2023-12-28,AST-1041,CNC Lathe,PUN-01,2,0,2,4,10,1,1,0,0,0,0
2023-12-29,AST-1041,CNC Lathe,PUN-01,1,1,0,2,6,0,0,0,0,0,0
2023-12-30,AST-1041,CNC Lathe,PUN-01,0,0,0,0,0,0,0,0,0,0,0
2023-12-31,AST-1041,CNC Lathe,PUN-01,0,0,0,0,0,0,0,0,0,0,0
2024-01-01,AST-1041,CNC Lathe,PUN-01,1,3,1,5,11,1,1,1,0,0,0
2024-01-02,AST-1041,CNC Lathe,PUN-01,1,1,0,2,6,0,0,0,0,0,0
2024-01-03,AST-1041,CNC Lathe,PUN-01,4,1,0,5,18,1,1,1,1,1,1
2024-01-04,AST-1041,CNC Lathe,PUN-01,2,0,1,3,9,1,0,0,0,0,0
2024-01-05,AST-1041,CNC Lathe,PUN-01,0,2,1,3,5,0,0,0,0,0,0
2024-01-06,AST-1041,CNC Lathe,PUN-01,0,0,0,0,0,0,0,0,0,0,0
2024-01-07,AST-1041,CNC Lathe,PUN-01,0,0,0,0,0,0,0,0,0,0,0
2024-01-08,AST-1041,CNC Lathe,PUN-01,1,2,1,4,9,1,0,0,0,0,0
2024-01-09,AST-1041,CNC Lathe,PUN-01,2,1,1,4,11,1,1,1,0,0,0
2024-01-10,AST-1041,CNC Lathe,PUN-01,0,2,0,2,4,0,0,0,0,0,0
2024-01-11,AST-1041,CNC Lathe,PUN-01,1,2,3,6,11,1,1,1,0,0,0
2024-01-12,AST-1041,CNC Lathe,PUN-01,0,2,1,3,5,0,0,0,0,0,0
2024-01-13,AST-1041,CNC Lathe,PUN-01,0,0,0,0,0,0,0,0,0,0,0
2024-01-14,AST-1041,CNC Lathe,PUN-01,0,0,0,0,0,0,0,0,0,0,0
2024-01-15,AST-1041,CNC Lathe,PUN-01,0,1,1,2,3,0,0,0,0,0,0
2024-01-16,AST-1041,CNC Lathe,PUN-01,2,3,1,6,15,1,1,1,1,1,1
2024-01-17,AST-1041,CNC Lathe,PUN-01,1,2,0,3,8,1,0,0,0,0,0
2024-01-18,AST-1041,CNC Lathe,PUN-01,0,3,1,4,7,1,0,0,0,0,0
2024-01-19,AST-1041,CNC Lathe,PUN-01,2,0,0,2,8,1,0,0,0,0,0
2024-01-20,AST-1041,CNC Lathe,PUN-01,0,0,0,0,0,0,0,0,0,0,0
2024-01-21,AST-1041,CNC Lathe,PUN-01,0,0,0,0,0,0,0,0,0,0,0
2024-01-22,AST-1041,CNC Lathe,PUN-01,2,1,1,4,11,1,1,1,0,0,0
2024-01-23,AST-1041,CNC Lathe,PUN-01,0,0,1,1,1,0,0,0,0,0,0
2024-01-24,AST-1041,CNC Lathe,PUN-01,1,2,2,5,10,1,1,0,0,0,0
2024-01-25,AST-1041,CNC Lathe,PUN-01,1,1,0,2,6,0,0,0,0,0,0
2024-01-26,AST-1041,CNC Lathe,PUN-01,2,0,1,3,9,1,0,0,0,0,0
2024-01-27,AST-1041,CNC Lathe,PUN-01,0,0,0,0,0,0,0,0,0,0,0
2024-01-28,AST-1041,CNC Lathe,PUN-01,0,0,0,0,0,0,0,0,0,0,0
2024-01-29,AST-1041,CNC Lathe,PUN-01,1,0,0,1,4,0,0,0,0,0,0
2024-01-30,AST-1041,CNC Lathe,PUN-01,0,1,0,1,2,0,0,0,0,0,0
2024-01-31,AST-1041,CNC Lathe,PUN-01,2,3,0,5,14,1,1,1,1,1,1
2024-02-01,AST-1041,CNC Lathe,PUN-01,0,1,0,1,2,0,0,0,0,0,0
2024-02-02,AST-1041,CNC Lathe,PUN-01,1,2,0,3,8,1,0,0,0,0,0
2024-02-03,AST-1041,CNC Lathe,PUN-01,0,0,0,0,0,0,0,0,0,0,0
2024-02-04,AST-1041,CNC Lathe,PUN-01,0,0,0,0,0,0,0,0,0,0,0
2024-02-05,AST-1041,CNC Lathe,PUN-01,2,3,1,6,15,1,1,1,1,1,1
2024-02-06,AST-1041,CNC Lathe,PUN-01,3,1,0,4,14,1,1,1,1,1,1
2024-02-07,AST-1041,CNC Lathe,PUN-01,1,0,0,1,4,0,0,0,0,0,0
2024-02-08,AST-1041,CNC Lathe,PUN-01,2,1,0,3,10,1,1,0,0,0,0
2024-02-09,AST-1041,CNC Lathe,PUN-01,1,0,0,1,4,0,0,0,0,0,0
2024-02-10,AST-1041,CNC Lathe,PUN-01,0,0,0,0,0,0,0,0,0,0,0
2024-02-11,AST-1041,CNC Lathe,PUN-01,0,0,0,0,0,0,0,0,0,0,0
2024-02-12,AST-1041,CNC Lathe,PUN-01,0,3,1,4,7,1,0,0,0,0,0
2024-02-13,AST-1041,CNC Lathe,PUN-01,2,1,0,3,10,1,1,0,0,0,0
2024-02-14,AST-1041,CNC Lathe,PUN-01,1,2,0,3,8,1,0,0,0,0,0
2024-02-15,AST-1041,CNC Lathe,PUN-01,0,1,3,4,5,0,0,0,0,0,0
2024-02-16,AST-1041,CNC Lathe,PUN-01,0,0,1,1,1,0,0,0,0,0,0
2024-02-17,AST-1041,CNC Lathe,PUN-01,0,0,0,0,0,0,0,0,0,0,0
2024-02-18,AST-1041,CNC Lathe,PUN-01,0,0,0,0,0,0,0,0,0,0,0
2024-02-19,AST-1041,CNC Lathe,PUN-01,2,2,0,4,12,1,1,1,1,0,0
2024-02-20,AST-1041,CNC Lathe,PUN-01,1,2,0,3,8,1,0,0,0,0,0
2024-02-21,AST-1041,CNC Lathe,PUN-01,0,2,1,3,5,0,0,0,0,0,0
2024-02-22,AST-1041,CNC Lathe,PUN-01,0,0,0,0,0,0,0,0,0,0,0
2024-02-23,AST-1041,CNC Lathe,PUN-01,0,0,0,0,0,0,0,0,0,0,0
2024-02-24,AST-1041,CNC Lathe,PUN-01,0,0,0,0,0,0,0,0,0,0,0
2024-02-25,AST-1041,CNC Lathe,PUN-01,0,0,0,0,0,0,0,0,0,0,0
2024-02-26,AST-1041,CNC Lathe,PUN-01,1,1,0,2,6,0,0,0,0,0,0
2024-02-27,AST-1041,CNC Lathe,PUN-01,1,1,0,2,6,0,0,0,0,0,0
2024-02-28,AST-1041,CNC Lathe,PUN-01,1,2,1,4,9,1,0,0,0,0,0
2024-02-29,AST-1041,CNC Lathe,PUN-01,1,1,0,2,6,0,0,0,0,0,0
2024-03-01,AST-1041,CNC Lathe,PUN-01,0,1,1,2,3,0,0,0,0,0,0
2024-03-02,AST-1041,CNC Lathe,PUN-01,0,0,0,0,0,0,0,0,0,0,0
2024-03-03,AST-1041,CNC Lathe,PUN-01,0,0,0,0,0,0,0,0,0,0,0
2024-03-04,AST-1041,CNC Lathe,PUN-01,1,2,1,4,9,1,0,0,0,0,0
2024-03-05,AST-1041,CNC Lathe,PUN-01,0,1,2,3,4,0,0,0,0,0,0
2024-03-06,AST-1041,CNC Lathe,PUN-01,0,1,0,1,2,0,0,0,0,0,0
2024-03-07,AST-1041,CNC Lathe,PUN-01,2,0,0,2,8,1,0,0,0,0,0
2024-03-08,AST-1041,CNC Lathe,PUN-01,1,1,0,2,6,0,0,0,0,0,0
2024-03-09,AST-1041,CNC Lathe,PUN-01,0,0,0,0,0,0,0,0,0,0,0
2024-03-10,AST-1041,CNC Lathe,PUN-01,0,0,0,0,0,0,0,0,0,0,0
2024-03-11,AST-1041,CNC Lathe,PUN-01,1,1,0,2,6,0,0,0,0,0,0
2024-03-12,AST-1041,CNC Lathe,PUN-01,0,1,0,1,2,0,0,0,0,0,0
2024-03-13,AST-1041,CNC Lathe,PUN-01,1,0,0,1,4,0,0,0,0,0,0
2024-03-14,AST-1041,CNC Lathe,PUN-01,0,0,0,0,0,0,0,0,0,0,0
2024-03-15,AST-1041,CNC Lathe,PUN-01,0,0,0,0,0,0,0,0,0,0,0
2024-03-16,AST-1041,CNC Lathe,PUN-01,0,0,0,0,0,0,0,0,0,0,0
2024-03-17,AST-1041,CNC Lathe,PUN-01,0,0,0,0,0,0,0,0,0,0,0
2024-03-18,AST-1041,CNC Lathe,PUN-01,3,0,0,3,12,1,1,1,1,0,0
2024-03-19,AST-1041,CNC Lathe,PUN-01,2,0,0,2,8,1,0,0,0,0,0
2024-03-20,AST-1041,CNC Lathe,PUN-01,0,2,1,3,5,0,0,0,0,0,0
2024-03-21,AST-1041,CNC Lathe,PUN-01,0,0,0,0,0,0,0,0,0,0,0
2024-03-22,AST-1041,CNC Lathe,PUN-01,0,0,1,1,1,0,0,0,0,0,0
2024-03-23,AST-1041,CNC Lathe,PUN-01,0,0,0,0,0,0,0,0,0,0,0
2024-03-24,AST-1041,CNC Lathe,PUN-01,0,0,0,0,0,0,0,0,0,0,0
2024-03-25,AST-1041,CNC Lathe,PUN-01,4,0,0,4,16,1,1,1,1,1,1
2024-03-26,AST-1041,CNC Lathe,PUN-01,1,2,2,5,10,1,1,0,0,0,0
2024-03-27,AST-1041,CNC Lathe,PUN-01,1,1,0,2,6,0,0,0,0,0,0
2024-03-28,AST-1041,CNC Lathe,PUN-01,1,2,0,3,8,1,0,0,0,0,0
2024-03-29,AST-1041,CNC Lathe,PUN-01,3,4,1,8,21,1,1,1,1,1,1
2024-03-30,AST-1041,CNC Lathe,PUN-01,0,0,0,0,0,0,0,0,0,0,0
2024-03-31,AST-1041,CNC Lathe,PUN-01,0,0,0,0,0,0,0,0,0,0,0
2024-04-01,AST-1041,CNC Lathe,PUN-01,0,0,1,1,1,0,0,0,0,0,0
2024-04-02,AST-1041,CNC Lathe,PUN-01,0,1,0,1,2,0,0,0,0,0,0
2024-04-03,AST-1041,CNC Lathe,PUN-01,1,2,0,3,8,1,0,0,0,0,0
2024-04-04,AST-1041,CNC Lathe,PUN-01,1,0,0,1,4,0,0,0,0,0,0
2024-04-05,AST-1041,CNC Lathe,PUN-01,0,3,0,3,6,0,0,0,0,0,0
2024-04-06,AST-1041,CNC Lathe,PUN-01,0,0,0,0,0,0,0,0,0,0,0
2024-04-07,AST-1041,CNC Lathe,PUN-01,0,0,0,0,0,0,0,0,0,0,0
2024-04-08,AST-1041,CNC Lathe,PUN-01,1,3,0,4,10,1,1,0,0,0,0
2024-04-09,AST-1041,CNC Lathe,PUN-01,0,0,0,0,0,0,0,0,0,0,0
2024-04-10,AST-1041,CNC Lathe,PUN-01,0,1,0,1,2,0,0,0,0,0,0
2024-04-11,AST-1041,CNC Lathe,PUN-01,2,0,0,2,8,1,0,0,0,0,0
2024-04-12,AST-1041,CNC Lathe,PUN-01,2,1,1,4,11,1,1,1,0,0,0
2024-04-13,AST-1041,CNC Lathe,PUN-01,0,0,0,0,0,0,0,0,0,0,0
2024-04-14,AST-1041,CNC Lathe,PUN-01,0,0,0,0,0,0,0,0,0,0,0
2024-04-15,AST-1041,CNC Lathe,PUN-01,1,2,0,3,8,1,0,0,0,0,0
2024-04-16,AST-1041,CNC Lathe,PUN-01,0,0,1,1,1,0,0,0,0,0,0
2024-04-17,AST-1041,CNC Lathe,PUN-01,1,0,0,1,4,0,0,0,0,0,0
2024-04-18,AST-1041,CNC Lathe,PUN-01,2,2,0,4,12,1,1,1,1,0,0
2024-04-19,AST-1041,CNC Lathe,PUN-01,0,1,1,2,3,0,0,0,0,0,0
2024-04-20,AST-1041,CNC Lathe,PUN-01,0,0,0,0,0,0,0,0,0,0,0
2024-04-21,AST-1041,CNC Lathe,PUN-01,0,0,0,0,0,0,0,0,0,0,0
2024-04-22,AST-1041,CNC Lathe,PUN-01,0,1,1,2,3,0,0,0,0,0,0
2024-04-23,AST-1041,CNC Lathe,PUN-01,0,3,0,3,6,0,0,0,0,0,0
2024-04-24,AST-1041,CNC Lathe,PUN-01,2,2,3,7,15,1,1,1,1,1,1
2024-04-25,AST-1041,CNC Lathe,PUN-01,0,2,0,2,4,0,0,0,0,0,0
2024-04-26,AST-1041,CNC Lathe,PUN-01,1,1,0,2,6,0,0,0,0,0,0
2024-04-27,AST-1041,CNC Lathe,PUN-01,0,0,0,0,0,0,0,0,0,0,0
2024-04-28,AST-1041,CNC Lathe,PUN-01,0,0,0,0,0,0,0,0,0,0,0
2024-04-29,AST-1041,CNC Lathe,PUN-01,3,1,0,4,14,1,1,1,1,1,1
2024-04-30,AST-1041,CNC Lathe,PUN-01,0,0,0,0,0,0,0,0,0,0,0
2024-05-01,AST-1041,CNC Lathe,PUN-01,3,0,1,4,13,1,1,1,1,1,0
2024-05-02,AST-1041,CNC Lathe,PUN-01,4,0,0,4,16,1,1,1,1,1,1
2024-05-03,AST-1041,CNC Lathe,PUN-01,1,0,0,1,4,0,0,0,0,0,0
2024-05-04,AST-1041,CNC Lathe,PUN-01,0,0,0,0,0,0,0,0,0,0,0
2024-05-05,AST-1041,CNC Lathe,PUN-01,0,0,0,0,0,0,0,0,0,0,0
2024-05-06,AST-1041,CNC Lathe,PUN-01,1,3,1,5,11,1,1,1,0,0,0
2024-05-07,AST-1041,CNC Lathe,PUN-01,0,1,1,2,3,0,0,0,0,0,0
2024-05-08,AST-1041,CNC Lathe,PUN-01,0,3,1,4,7,1,0,0,0,0,0
2024-05-09,AST-1041,CNC Lathe,PUN-01,1,1,0,2,6,0,0,0,0,0,0
2024-05-10,AST-1041,CNC Lathe,PUN-01,2,0,1,3,9,1,0,0,0,0,0
2024-05-11,AST-1041,CNC Lathe,PUN-01,0,0,0,0,0,0,0,0,0,0,0
2024-05-12,AST-1041,CNC Lathe,PUN-01,0,0,0,0,0,0,0,0,0,0,0
2024-05-13,AST-1041,CNC Lathe,PUN-01,2,3,0,5,14,1,1,1,1,1,1
2024-05-14,AST-1041,CNC Lathe,PUN-01,1,0,0,1,4,0,0,0,0,0,0
2024-05-15,AST-1041,CNC Lathe,PUN-01,0,1,0,1,2,0,0,0,0,0,0
2024-05-16,AST-1041,CNC Lathe,PUN-01,0,1,0,1,2,0,0,0,0,0,0
2024-05-17,AST-1041,CNC Lathe,PUN-01,0,0,2,2,2,0,0,0,0,0,0
2024-05-18,AST-1041,CNC Lathe,PUN-01,0,0,0,0,0,0,0,0,0,0,0
2024-05-19,AST-1041,CNC Lathe,PUN-01,0,0,0,0,0,0,0,0,0,0,0
2024-05-20,AST-1041,CNC Lathe,PUN-01,0,0,1,1,1,0,0,0,0,0,0
2024-05-21,AST-1041,CNC Lathe,PUN-01,1,0,0,1,4,0,0,0,0,0,0
2024-05-22,AST-1041,CNC Lathe,PUN-01,0,1,0,1,2,0,0,0,0,0,0
2024-05-23,AST-1041,CNC Lathe,PUN-01,1,3,0,4,10,1,1,0,0,0,0
2024-05-24,AST-1041,CNC Lathe,PUN-01,1,1,0,2,6,0,0,0,0,0,0
2024-05-25,AST-1041,CNC Lathe,PUN-01,0,0,0,0,0,0,0,0,0,0,0
2024-05-26,AST-1041,CNC Lathe,PUN-01,0,0,0,0,0,0,0,0,0,0,0
2024-05-27,AST-1041,CNC Lathe,PUN-01,1,1,0,2,6,0,0,0,0,0,0
2024-05-28,AST-1041,CNC Lathe,PUN-01,0,1,0,1,2,0,0,0,0,0,0
2024-05-29,AST-1041,CNC Lathe,PUN-01,1,0,0,1,4,0,0,0,0,0,0
2024-05-30,AST-1041,CNC Lathe,PUN-01,1,2,3,6,11,1,1,1,0,0,0
2024-05-31,AST-1041,CNC Lathe,PUN-01,0,0,2,2,2,0,0,0,0,0,0
2024-06-01,AST-1041,CNC Lathe,PUN-01,0,0,0,0,0,0,0,0,0,0,0
2024-06-02,AST-1041,CNC Lathe,PUN-01,0,0,0,0,0,0,0,0,0,0,0
2024-06-03,AST-1041,CNC Lathe,PUN-01,2,0,1,3,9,1,0,0,0,0,0
2024-06-04,AST-1041,CNC Lathe,PUN-01,1,3,0,4,10,1,1,0,0,0,0
2024-06-05,AST-1041,CNC Lathe,PUN-01,1,1,2,4,8,1,0,0,0,0,0
2024-06-06,AST-1041,CNC Lathe,PUN-01,0,2,1,3,5,0,0,0,0,0,0
2024-06-07,AST-1041,CNC Lathe,PUN-01,1,1,0,2,6,0,0,0,0,0,0
2024-06-08,AST-1041,CNC Lathe,PUN-01,0,0,0,0,0,0,0,0,0,0,0
2024-06-09,AST-1041,CNC Lathe,PUN-01,0,0,0,0,0,0,0,0,0,0,0
2024-06-10,AST-1041,CNC Lathe,PUN-01,1,1,0,2,6,0,0,0,0,0,0
2024-06-11,AST-1041,CNC Lathe,PUN-01,3,1,0,4,14,1,1,1,1,1,1
2024-06-12,AST-1041,CNC Lathe,PUN-01,1,2,1,4,9,1,0,0,0,0,0
2024-06-13,AST-1041,CNC Lathe,PUN-01,0,1,1,2,3,0,0,0,0,0,0
2024-06-14,AST-1041,CNC Lathe,PUN-01,2,1,0,3,10,1,1,0,0,0,0
2024-06-15,AST-1041,CNC Lathe,PUN-01,0,0,0,0,0,0,0,0,0,0,0
2024-06-16,AST-1041,CNC Lathe,PUN-01,0,0,0,0,0,0,0,0,0,0,0
2024-06-17,AST-1041,CNC Lathe,PUN-01,1,3,0,4,10,1,1,0,0,0,0
2024-06-18,AST-1041,CNC Lathe,PUN-01,0,1,0,1,2,0,0,0,0,0,0
2024-06-19,AST-1041,CNC Lathe,PUN-01,0,0,1,1,1,0,0,0,0,0,0
2024-06-20,AST-1041,CNC Lathe,PUN-01,1,0,0,1,4,0,0,0,0,0,0
2024-06-21,AST-1041,CNC Lathe,PUN-01,1,2,1,4,9,1,0,0,0,0,0
2024-06-22,AST-1041,CNC Lathe,PUN-01,0,0,0,0,0,0,0,0,0,0,0
2024-06-23,AST-1041,CNC Lathe,PUN-01,0,0,0,0,0,0,0,0,0,0,0
2024-06-24,AST-1041,CNC Lathe,PUN-01,3,1,3,7,17,1,1,1,1,1,1
2024-06-25,AST-1041,CNC Lathe,PUN-01,1,1,2,4,8,1,0,0,0,0,0
2024-06-26,AST-1041,CNC Lathe,PUN-01,0,0,0,0,0,0,0,0,0,0,0
2024-06-27,AST-1041,CNC Lathe,PUN-01,2,1,1,4,11,1,1,1,0,0,0
2024-06-28,AST-1041,CNC Lathe,PUN-01,2,1,1,4,11,1,1,1,0,0,0
2024-06-29,AST-1041,CNC Lathe,PUN-01,0,0,0,0,0,0,0,0,0,0,0
2024-06-30,AST-1041,CNC Lathe,PUN-01,0,0,0,0,0,0,0,0,0,0,0
2024-07-01,AST-1041,CNC Lathe,PUN-01,0,3,0,3,6,0,0,0,0,0,0
2024-07-02,AST-1041,CNC Lathe,PUN-01,0,0,1,1,1,0,0,0,0,0,0
2024-07-03,AST-1041,CNC Lathe,PUN-01,1,1,0,2,6,0,0,0,0,0,0
2024-07-04,AST-1041,CNC Lathe,PUN-01,1,1,0,2,6,0,0,0,0,0,0
2024-07-05,AST-1041,CNC Lathe,PUN-01,1,2,0,3,8,1,0,0,0,0,0
2024-07-06,AST-1041,CNC Lathe,PUN-01,0,0,0,0,0,0,0,0,0,0,0
2024-07-07,AST-1041,CNC Lathe,PUN-01,0,0,0,0,0,0,0,0,0,0,0
2024-07-08,AST-1041,CNC Lathe,PUN-01,2,2,1,5,13,1,1,1,1,1,0
2024-07-09,AST-1041,CNC Lathe,PUN-01,0,0,2,2,2,0,0,0,0,0,0
2024-07-10,AST-1041,CNC Lathe,PUN-01,2,1,1,4,11,1,1,1,0,0,0
2024-07-11,AST-1041,CNC Lathe,PUN-01,0,2,1,3,5,0,0,0,0,0,0
2024-07-12,AST-1041,CNC Lathe,PUN-01,0,2,0,2,4,0,0,0,0,0,0
2024-07-13,AST-1041,CNC Lathe,PUN-01,0,0,0,0,0,0,0,0,0,0,0
2024-07-14,AST-1041,CNC Lathe,PUN-01,0,0,0,0,0,0,0,0,0,0,0
2024-07-15,AST-1041,CNC Lathe,PUN-01,2,1,0,3,10,1,1,0,0,0,0
2024-07-16,AST-1041,CNC Lathe,PUN-01,1,0,2,3,6,0,0,0,0,0,0
2024-07-17,AST-1041,CNC Lathe,PUN-01,1,2,1,4,9,1,0,0,0,0,0
2024-07-18,AST-1041,CNC Lathe,PUN-01,1,3,2,6,12,1,1,1,1,0,0
2024-07-19,AST-1041,CNC Lathe,PUN-01,1,2,0,3,8,1,0,0,0,0,0
2024-07-20,AST-1041,CNC Lathe,PUN-01,0,0,0,0,0,0,0,0,0,0,0
2024-07-21,AST-1041,CNC Lathe,PUN-01,0,0,0,0,0,0,0,0,0,0,0
2024-07-22,AST-1041,CNC Lathe,PUN-01,1,2,2,5,10,1,1,0,0,0,0
2024-07-23,AST-1041,CNC Lathe,PUN-01,0,1,0,1,2,0,0,0,0,0,0
2024-07-24,AST-1041,CNC Lathe,PUN-01,1,2,0,3,8,1,0,0,0,0,0
2024-07-25,AST-1041,CNC Lathe,PUN-01,2,0,1,3,9,1,0,0,0,0,0
2024-07-26,AST-1041,CNC Lathe,PUN-01,4,0,0,4,16,1,1,1,1,1,1
2024-07-27,AST-1041,CNC Lathe,PUN-01,0,0,0,0,0,0,0,0,0,0,0
2024-07-28,AST-1041,CNC Lathe,PUN-01,0,0,0,0,0,0,0,0,0,0,0
2024-07-29,AST-1041,CNC Lathe,PUN-01,2,3,1,6,15,1,1,1,1,1,1
2024-07-30,AST-1041,CNC Lathe,PUN-01,0,2,0,2,4,0,0,0,0,0,0
2024-07-31,AST-1041,CNC Lathe,PUN-01,0,1,0,1,2,0,0,0,0,0,0
2024-08-01,AST-1041,CNC Lathe,PUN-01,1,1,1,3,7,1,0,0,0,0,0
2024-08-02,AST-1041,CNC Lathe,PUN-01,1,1,1,3,7,1,0,0,0,0,0
2024-08-03,AST-1041,CNC Lathe,PUN-01,0,0,0,0,0,0,0,0,0,0,0
2024-08-04,AST-1041,CNC Lathe,PUN-01,0,0,0,0,0,0,0,0,0,0,0
2024-08-05,AST-1041,CNC Lathe,PUN-01,0,0,0,0,0,0,0,0,0,0,0
2024-08-06,AST-1041,CNC Lathe,PUN-01,3,0,1,4,13,1,1,1,1,1,0
2024-08-07,AST-1041,CNC Lathe,PUN-01,1,1,1,3,7,1,0,0,0,0,0
2024-08-08,AST-1041,CNC Lathe,PUN-01,1,2,0,3,8,1,0,0,0,0,0
2024-08-09,AST-1041,CNC Lathe,PUN-01,2,0,1,3,9,1,0,0,0,0,0
2024-08-10,AST-1041,CNC Lathe,PUN-01,0,0,0,0,0,0,0,0,0,0,0
2024-08-11,AST-1041,CNC Lathe,PUN-01,0,0,0,0,0,0,0,0,0,0,0
2024-08-12,AST-1041,CNC Lathe,PUN-01,1,0,0,1,4,0,0,0,0,0,0
2024-08-13,AST-1041,CNC Lathe,PUN-01,1,0,1,2,5,0,0,0,0,0,0
2024-08-14,AST-1041,CNC Lathe,PUN-01,0,1,0,1,2,0,0,0,0,0,0
2024-08-15,AST-1041,CNC Lathe,PUN-01,0,2,0,2,4,0,0,0,0,0,0
2024-08-16,AST-1041,CNC Lathe,PUN-01,2,0,0,2,8,1,0,0,0,0,0
2024-08-17,AST-1041,CNC Lathe,PUN-01,0,0,0,0,0,0,0,0,0,0,0
2024-08-18,AST-1041,CNC Lathe,PUN-01,0,0,0,0,0,0,0,0,0,0,0
2024-08-19,AST-1041,CNC Lathe,PUN-01,1,0,0,1,4,0,0,0,0,0,0
2024-08-20,AST-1041,CNC Lathe,PUN-01,1,0,0,1,4,0,0,0,0,0,0
2024-08-21,AST-1041,CNC Lathe,PUN-01,0,3,0,3,6,0,0,0,0,0,0
2024-08-22,AST-1041,CNC Lathe,PUN-01,1,1,1,3,7,1,0,0,0,0,0
2024-08-23,AST-1041,CNC Lathe,PUN-01,2,0,0,2,8,1,0,0,0,0,0
2024-08-24,AST-1041,CNC Lathe,PUN-01,0,0,0,0,0,0,0,0,0,0,0
2024-08-25,AST-1041,CNC Lathe,PUN-01,0,0,0,0,0,0,0,0,0,0,0
2024-08-26,AST-1041,CNC Lathe,PUN-01,2,1,2,5,12,1,1,1,1,0,0
2024-08-27,AST-1041,CNC Lathe,PUN-01,0,1,1,2,3,0,0,0,0,0,0
2024-08-28,AST-1041,CNC Lathe,PUN-01,0,0,0,0,0,0,0,0,0,0,0
2024-08-29,AST-1041,CNC Lathe,PUN-01,2,1,0,3,10,1,1,0,0,0,0
2024-08-30,AST-1041,CNC Lathe,PUN-01,1,0,0,1,4,0,0,0,0,0,0
2024-08-31,AST-1041,CNC Lathe,PUN-01,0,0,0,0,0,0,0,0,0,0,0
2024-09-01,AST-1041,CNC Lathe,PUN-01,0,0,0,0,0,0,0,0,0,0,0
2024-09-02,AST-1041,CNC Lathe,PUN-01,0,0,0,0,0,0,0,0,0,0,0
2024-09-03,AST-1041,CNC Lathe,PUN-01,2,0,1,3,9,1,0,0,0,0,0
2024-09-04,AST-1041,CNC Lathe,PUN-01,0,2,0,2,4,0,0,0,0,0,0
2024-09-05,AST-1041,CNC Lathe,PUN-01,2,1,1,4,11,1,1,1,0,0,0
2024-09-06,AST-1041,CNC Lathe,PUN-01,1,1,0,2,6,0,0,0,0,0,0
2024-09-07,AST-1041,CNC Lathe,PUN-01,0,0,0,0,0,0,0,0,0,0,0
2024-09-08,AST-1041,CNC Lathe,PUN-01,0,0,0,0,0,0,0,0,0,0,0
2024-09-09,AST-1041,CNC Lathe,PUN-01,2,1,1,4,11,1,1,1,0,0,0
2024-09-10,AST-1041,CNC Lathe,PUN-01,0,0,0,0,0,0,0,0,0,0,0
2024-09-11,AST-1041,CNC Lathe,PUN-01,1,0,1,2,5,0,0,0,0,0,0
2024-09-12,AST-1041,CNC Lathe,PUN-01,3,0,0,3,12,1,1,1,1,0,0
2024-09-13,AST-1041,CNC Lathe,PUN-01,1,2,0,3,8,1,0,0,0,0,0
2024-09-14,AST-1041,CNC Lathe,PUN-01,0,0,0,0,0,0,0,0,0,0,0
2024-09-15,AST-1041,CNC Lathe,PUN-01,0,0,0,0,0,0,0,0,0,0,0
2024-09-16,AST-1041,CNC Lathe,PUN-01,0,3,0,3,6,0,0,0,0,0,0
2024-09-17,AST-1041,CNC Lathe,PUN-01,1,1,0,2,6,0,0,0,0,0,0
2024-09-18,AST-1041,CNC Lathe,PUN-01,1,0,2,3,6,0,0,0,0,0,0
2024-09-19,AST-1041,CNC Lathe,PUN-01,1,0,1,2,5,0,0,0,0,0,0
2024-09-20,AST-1041,CNC Lathe,PUN-01,3,2,1,6,17,1,1,1,1,1,1
2024-09-21,AST-1041,CNC Lathe,PUN-01,0,0,0,0,0,0,0,0,0,0,0
2024-09-22,AST-1041,CNC Lathe,PUN-01,0,0,0,0,0,0,0,0,0,0,0
2024-09-23,AST-1041,CNC Lathe,PUN-01,1,0,1,2,5,0,0,0,0,0,0
2024-09-24,AST-1041,CNC Lathe,PUN-01,2,0,1,3,9,1,0,0,0,0,0
2024-09-25,AST-1041,CNC Lathe,PUN-01,0,0,0,0,0,0,0,0,0,0,0
2024-09-26,AST-1041,CNC Lathe,PUN-01,0,2,0,2,4,0,0,0,0,0,0
2024-09-27,AST-1041,CNC Lathe,PUN-01,0,0,0,0,0,0,0,0,0,0,0
2024-09-28,AST-1041,CNC Lathe,PUN-01,0,0,0,0,0,0,0,0,0,0,0
2024-09-29,AST-1041,CNC Lathe,PUN-01,0,0,0,0,0,0,0,0,0,0,0
2024-09-30,AST-1041,CNC Lathe,PUN-01,1,0,0,1,4,0,0,0,0,0,0
2024-10-01,AST-1041,CNC Lathe,PUN-01,0,1,0,1,2,0,0,0,0,0,0
2024-10-02,AST-1041,CNC Lathe,PUN-01,0,0,0,0,0,0,0,0,0,0,0
2024-10-03,AST-1041,CNC Lathe,PUN-01,1,1,2,4,8,1,0,0,0,0,0
2024-10-04,AST-1041,CNC Lathe,PUN-01,2,2,0,4,12,1,1,1,1,0,0
2024-10-05,AST-1041,CNC Lathe,PUN-01,0,0,0,0,0,0,0,0,0,0,0
2024-10-06,AST-1041,CNC Lathe,PUN-01,0,0,0,0,0,0,0,0,0,0,0
2024-10-07,AST-1041,CNC Lathe,PUN-01,2,0,0,2,8,1,0,0,0,0,0
2024-10-08,AST-1041,CNC Lathe,PUN-01,1,2,0,3,8,1,0,0,0,0,0
2024-10-09,AST-1041,CNC Lathe,PUN-01,1,1,0,2,6,0,0,0,0,0,0
2024-10-10,AST-1041,CNC Lathe,PUN-01,0,1,0,1,2,0,0,0,0,0,0
2024-10-11,AST-1041,CNC Lathe,PUN-01,1,0,2,3,6,0,0,0,0,0,0
2024-10-12,AST-1041,CNC Lathe,PUN-01,0,0,0,0,0,0,0,0,0,0,0
2024-10-13,AST-1041,CNC Lathe,PUN-01,0,0,0,0,0,0,0,0,0,0,0
2024-10-14,AST-1041,CNC Lathe,PUN-01,0,1,1,2,3,0,0,0,0,0,0
2024-10-15,AST-1041,CNC Lathe,PUN-01,1,1,0,2,6,0,0,0,0,0,0
2024-10-16,AST-1041,CNC Lathe,PUN-01,2,0,0,2,8,1,0,0,0,0,0
2024-10-17,AST-1041,CNC Lathe,PUN-01,2,1,0,3,10,1,1,0,0,0,0
2024-10-18,AST-1041,CNC Lathe,PUN-01,0,1,1,2,3,0,0,0,0,0,0
2024-10-19,AST-1041,CNC Lathe,PUN-01,0,0,0,0,0,0,0,0,0,0,0
2024-10-20,AST-1041,CNC Lathe,PUN-01,0,0,0,0,0,0,0,0,0,0,0
2024-10-21,AST-1041,CNC Lathe,PUN-01,1,0,1,2,5,0,0,0,0,0,0
2024-10-22,AST-1041,CNC Lathe,PUN-01,0,0,0,0,0,0,0,0,0,0,0
2024-10-23,AST-1041,CNC Lathe,PUN-01,1,1,0,2,6,0,0,0,0,0,0
2024-10-24,AST-1041,CNC Lathe,PUN-01,1,3,1,5,11,1,1,1,0,0,0
2024-10-25,AST-1041,CNC Lathe,PUN-01,3,1,0,4,14,1,1,1,1,1,1
2024-10-26,AST-1041,CNC Lathe,PUN-01,0,0,0,0,0,0,0,0,0,0,0
2024-10-27,AST-1041,CNC Lathe,PUN-01,0,0,0,0,0,0,0,0,0,0,0
2024-10-28,AST-1041,CNC Lathe,PUN-01,0,0,0,0,0,0,0,0,0,0,0
2024-10-29,AST-1041,CNC Lathe,PUN-01,1,0,1,2,5,0,0,0,0,0,0
2024-10-30,AST-1041,CNC Lathe,PUN-01,1,0,0,1,4,0,0,0,0,0,0
2024-10-31,AST-1041,CNC Lathe,PUN-01,0,3,0,3,6,0,0,0,0,0,0
2024-11-01,AST-1041,CNC Lathe,PUN-01,1,1,0,2,6,0,0,0,0,0,0
2024-11-02,AST-1041,CNC Lathe,PUN-01,0,0,0,0,0,0,0,0,0,0,0
2024-11-03,AST-1041,CNC Lathe,PUN-01,0,0,0,0,0,0,0,0,0,0,0
2024-11-04,AST-1041,CNC Lathe,PUN-01,0,0,1,1,1,0,0,0,0,0,0
2024-11-05,AST-1041,CNC Lathe,PUN-01,0,1,1,2,3,0,0,0,0,0,0
2024-11-06,AST-1041,CNC Lathe,PUN-01,1,2,0,3,8,1,0,0,0,0,0
2024-11-07,AST-1041,CNC Lathe,PUN-01,0,0,0,0,0,0,0,0,0,0,0
2024-11-08,AST-1041,CNC Lathe,PUN-01,1,0,0,1,4,0,0,0,0,0,0
2024-11-09,AST-1041,CNC Lathe,PUN-01,0,0,0,0,0,0,0,0,0,0,0
2024-11-10,AST-1041,CNC Lathe,PUN-01,0,0,0,0,0,0,0,0,0,0,0
2024-11-11,AST-1041,CNC Lathe,PUN-01,1,3,0,4,10,1,1,0,0,0,0
2024-11-12,AST-1041,CNC Lathe,PUN-01,3,1,0,4,14,1,1,1,1,1,1
2024-11-13,AST-1041,CNC Lathe,PUN-01,2,1,0,3,10,1,1,0,0,0,0
2024-11-14,AST-1041,CNC Lathe,PUN-01,1,0,1,2,5,0,0,0,0,0,0
2024-11-15,AST-1041,CNC Lathe,PUN-01,0,1,0,1,2,0,0,0,0,0,0
2024-11-16,AST-1041,CNC Lathe,PUN-01,0,0,0,0,0,0,0,0,0,0,0
2024-11-17,AST-1041,CNC Lathe,PUN-01,0,0,0,0,0,0,0,0,0,0,0
2024-11-18,AST-1041,CNC Lathe,PUN-01,2,0,1,3,9,1,0,0,0,0,0
2024-11-19,AST-1041,CNC Lathe,PUN-01,1,3,0,4,10,1,1,0,0,0,0
2024-11-20,AST-1041,CNC Lathe,PUN-01,2,2,0,4,12,1,1,1,1,0,0
2024-11-21,AST-1041,CNC Lathe,PUN-01,1,1,0,2,6,0,0,0,0,0,0
2024-11-22,AST-1041,CNC Lathe,PUN-01,2,1,2,5,12,1,1,1,1,0,0
2024-11-23,AST-1041,CNC Lathe,PUN-01,0,0,0,0,0,0,0,0,0,0,0
2024-11-24,AST-1041,CNC Lathe,PUN-01,0,0,0,0,0,0,0,0,0,0,0
2024-11-25,AST-1041,CNC Lathe,PUN-01,1,0,0,1,4,0,0,0,0,0,0
2024-11-26,AST-1041,CNC Lathe,PUN-01,0,1,0,1,2,0,0,0,0,0,0
2024-11-27,AST-1041,CNC Lathe,PUN-01,1,1,0,2,6,0,0,0,0,0,0
2024-11-28,AST-1041,CNC Lathe,PUN-01,2,1,1,4,11,1,1,1,0,0,0
2024-11-29,AST-1041,CNC Lathe,PUN-01,2,0,0,2,8,1,0,0,0,0,0
2024-11-30,AST-1041,CNC Lathe,PUN-01,0,0,0,0,0,0,0,0,0,0,0
2024-12-01,AST-1041,CNC Lathe,PUN-01,0,0,0,0,0,0,0,0,0,0,0
2024-12-02,AST-1041,CNC Lathe,PUN-01,1,1,1,3,7,1,0,0,0,0,0
2024-12-03,AST-1041,CNC Lathe,PUN-01,1,1,1,3,7,1,0,0,0,0,0
2024-12-04,AST-1041,CNC Lathe,PUN-01,1,0,0,1,4,0,0,0,0,0,0
2024-12-05,AST-1041,CNC Lathe,PUN-01,0,2,1,3,5,0,0,0,0,0,0
2024-12-06,AST-1041,CNC Lathe,PUN-01,1,1,0,2,6,0,0,0,0,0,0
2024-12-07,AST-1041,CNC Lathe,PUN-01,0,0,0,0,0,0,0,0,0,0,0
2024-12-08,AST-1041,CNC Lathe,PUN-01,0,0,0,0,0,0,0,0,0,0,0
2024-12-09,AST-1041,CNC Lathe,PUN-01,1,0,0,1,4,0,0,0,0,0,0
2024-12-10,AST-1041,CNC Lathe,PUN-01,1,0,0,1,4,0,0,0,0,0,0
2024-12-11,AST-1041,CNC Lathe,PUN-01,1,1,0,2,6,0,0,0,0,0,0
2024-12-12,AST-1041,CNC Lathe,PUN-01,3,0,0,3,12,1,1,1,1,0,0
2024-12-13,AST-1041,CNC Lathe,PUN-01,0,0,1,1,1,0,0,0,0,0,0
2024-12-14,AST-1041,CNC Lathe,PUN-01,0,0,0,0,0,0,0,0,0,0,0
2024-12-15,AST-1041,CNC Lathe,PUN-01,0,0,0,0,0,0,0,0,0,0,0
2024-12-16,AST-1041,CNC Lathe,PUN-01,1,2,2,5,10,1,1,0,0,0,0
2024-12-17,AST-1041,CNC Lathe,PUN-01,1,0,0,1,4,0,0,0,0,0,0
2024-12-18,AST-1041,CNC Lathe,PUN-01,1,0,1,2,5,0,0,0,0,0,0
2024-12-19,AST-1041,CNC Lathe,PUN-01,0,3,0,3,6,0,0,0,0,0,0
2024-12-20,AST-1041,CNC Lathe,PUN-01,0,2,0,2,4,0,0,0,0,0,0
2024-12-21,AST-1041,CNC Lathe,PUN-01,0,0,0,0,0,0,0,0,0,0,0
2024-12-22,AST-1041,CNC Lathe,PUN-01,0,0,0,0,0,0,0,0,0,0,0
2024-12-23,AST-1041,CNC Lathe,PUN-01,1,1,0,2,6,0,0,0,0,0,0
2024-12-24,AST-1041,CNC Lathe,PUN-01,4,1,0,5,18,1,1,1,1,1,1
2024-12-25,AST-1041,CNC Lathe,PUN-01,1,0,0,1,4,0,0,0,0,0,0
2024-12-26,AST-1041,CNC Lathe,PUN-01,0,1,0,1,2,0,0,0,0,0,0
2024-12-27,AST-1041,CNC Lathe,PUN-01,0,3,1,4,7,1,0,0,0,0,0
2024-12-28,AST-1041,CNC Lathe,PUN-01,0,0,0,0,0,0,0,0,0,0,0
2024-12-29,AST-1041,CNC Lathe,PUN-01,0,0,0,0,0,0,0,0,0,0,0
2024-12-30,AST-1041,CNC Lathe,PUN-01,0,1,2,3,4,0,0,0,0,0,0
2024-12-31,AST-1041,CNC Lathe,PUN-01,0,0,1,1,1,0,0,0,0,0,0
2025-01-01,AST-1041,CNC Lathe,PUN-01,0,3,0,3,6,0,0,0,0,0,0
2022-01-03,AST-1042,CNC Lathe,PUN-01,2,2,0,4,12,1,1,1,1,0,0
2022-01-04,AST-1042,CNC Lathe,PUN-01,2,0,0,2,8,1,0,0,0,0,0
2022-01-05,AST-1042,CNC Lathe,PUN-01,1,0,0,1,4,0,0,0,0,0,0
2022-01-06,AST-1042,CNC Lathe,PUN-01,2,2,0,4,12,1,1,1,1,0,0
2022-01-07,AST-1042,CNC Lathe,PUN-01,1,0,1,2,5,0,0,0,0,0,0
2022-01-08,AST-1042,CNC Lathe,PUN-01,0,0,0,0,0,0,0,0,0,0,0
2022-01-09,AST-1042,CNC Lathe,PUN-01,0,0,0,0,0,0,0,0,0,0,0
2022-01-10,AST-1042,CNC Lathe,PUN-01,0,1,0,1,2,0,0,0,0,0,0
2022-01-11,AST-1042,CNC Lathe,PUN-01,2,1,1,4,11,1,1,1,0,0,0
2022-01-12,AST-1042,CNC Lathe,PUN-01,0,0,1,1,1,0,0,0,0,0,0
2022-01-13,AST-1042,CNC Lathe,PUN-01,1,0,0,1,4,0,0,0,0,0,0
2022-01-14,AST-1042,CNC Lathe,PUN-01,1,0,1,2,5,0,0,0,0,0,0
2022-01-15,AST-1042,CNC Lathe,PUN-01,0,0,0,0,0,0,0,0,0,0,0
2022-01-16,AST-1042,CNC Lathe,PUN-01,0,0,0,0,0,0,0,0,0,0,0
2022-01-17,AST-1042,CNC Lathe,PUN-01,0,2,1,3,5,0,0,0,0,0,0
2022-01-18,AST-1042,CNC Lathe,PUN-01,1,1,1,3,7,1,0,0,0,0,0
2022-01-19,AST-1042,CNC Lathe,PUN-01,1,0,1,2,5,0,0,0,0,0,0
2022-01-20,AST-1042,CNC Lathe,PUN-01,2,2,0,4,12,1,1,1,1,0,0
2022-01-21,AST-1042,CNC Lathe,PUN-01,0,0,0,0,0,0,0,0,0,0,0
2022-01-22,AST-1042,CNC Lathe,PUN-01,0,0,0,0,0,0,0,0,0,0,0
2022-01-23,AST-1042,CNC Lathe,PUN-01,0,0,0,0,0,0,0,0,0,0,0
2022-01-24,AST-1042,CNC Lathe,PUN-01,0,1,0,1,2,0,0,0,0,0,0
2022-01-25,AST-1042,CNC Lathe,PUN-01,0,1,3,4,5,0,0,0,0,0,0
2022-01-26,AST-1042,CNC Lathe,PUN-01,3,0,0,3,12,1,1,1,1,0,0
2022-01-27,AST-1042,CNC Lathe,PUN-01,0,0,0,0,0,0,0,0,0,0,0
2022-01-28,AST-1042,CNC Lathe,PUN-01,0,3,0,3,6,0,0,0,0,0,0
2022-01-29,AST-1042,CNC Lathe,PUN-01,0,0,0,0,0,0,0,0,0,0,0
2022-01-30,AST-1042,CNC Lathe,PUN-01,0,0,0,0,0,0,0,0,0,0,0
2022-01-31,AST-1042,CNC Lathe,PUN-01,1,0,0,1,4,0,0,0,0,0,0
2022-02-01,AST-1042,CNC Lathe,PUN-01,1,2,0,3,8,1,0,0,0,0,0
2022-02-02,AST-1042,CNC Lathe,PUN-01,4,2,1,7,21,1,1,1,1,1,1
2022-02-03,AST-1042,CNC Lathe,PUN-01,2,2,0,4,12,1,1,1,1,0,0
2022-02-04,AST-1042,CNC Lathe,PUN-01,0,1,0,1,2,0,0,0,0,0,0
2022-02-05,AST-1042,CNC Lathe,PUN-01,0,0,0,0,0,0,0,0,0,0,0
2022-02-06,AST-1042,CNC Lathe,PUN-01,0,0,0,0,0,0,0,0,0,0,0
2022-02-07,AST-1042,CNC Lathe,PUN-01,2,1,0,3,10,1,1,0,0,0,0
2022-02-08,AST-1042,CNC Lathe,PUN-01,2,0,0,2,8,1,0,0,0,0,0
2022-02-09,AST-1042,CNC Lathe,PUN-01,0,0,1,1,1,0,0,0,0,0,0
2022-02-10,AST-1042,CNC Lathe,PUN-01,1,4,0,5,12,1,1,1,1,0,0
2022-02-11,AST-1042,CNC Lathe,PUN-01,0,2,1,3,5,0,0,0,0,0,0
2022-02-12,AST-1042,CNC Lathe,PUN-01,0,0,0,0,0,0,0,0,0,0,0
2022-02-13,AST-1042,CNC Lathe,PUN-01,0,0,0,0,0,0,0,0,0,0,0
2022-02-14,AST-1042,CNC Lathe,PUN-01,0,2,1,3,5,0,0,0,0,0,0
2022-02-15,AST-1042,CNC Lathe,PUN-01,2,0,0,2,8,1,0,0,0,0,0
2022-02-16,AST-1042,CNC Lathe,PUN-01,1,2,0,3,8,1,0,0,0,0,0
2022-02-17,AST-1042,CNC Lathe,PUN-01,0,1,1,2,3,0,0,0,0,0,0
2022-02-18,AST-1042,CNC Lathe,PUN-01,0,1,2,3,4,0,0,0,0,0,0
2022-02-19,AST-1042,CNC Lathe,PUN-01,0,0,0,0,0,0,0,0,0,0,0
2022-02-20,AST-1042,CNC Lathe,PUN-01,0,0,0,0,0,0,0,0,0,0,0
2022-02-21,AST-1042,CNC Lathe,PUN-01,0,1,1,2,3,0,0,0,0,0,0
2022-02-22,AST-1042,CNC Lathe,PUN-01,0,1,0,1,2,0,0,0,0,0,0
2022-02-23,AST-1042,CNC Lathe,PUN-01,0,1,0,1,2,0,0,0,0,0,0
2022-02-24,AST-1042,CNC Lathe,PUN-01,0,0,0,0,0,0,0,0,0,0,0
2022-02-25,AST-1042,CNC Lathe,PUN-01,1,1,1,3,7,1,0,0,0,0,0
2022-02-26,AST-1042,CNC Lathe,PUN-01,0,0,0,0,0,0,0,0,0,0,0
2022-02-27,AST-1042,CNC Lathe,PUN-01,0,0,0,0,0,0,0,0,0,0,0
2022-02-28,AST-1042,CNC Lathe,PUN-01,2,1,1,4,11,1,1,1,0,0,0
2022-03-01,AST-1042,CNC Lathe,PUN-01,1,0,0,1,4,0,0,0,0,0,0
2022-03-02,AST-1042,CNC Lathe,PUN-01,1,1,0,2,6,0,0,0,0,0,0
2022-03-03,AST-1042,CNC Lathe,PUN-01,0,2,0,2,4,0,0,0,0,0,0
2022-03-04,AST-1042,CNC Lathe,PUN-01,1,0,1,2,5,0,0,0,0,0,0
2022-03-05,AST-1042,CNC Lathe,PUN-01,0,0,0,0,0,0,0,0,0,0,0
2022-03-06,AST-1042,CNC Lathe,PUN-01,0,0,0,0,0,0,0,0,0,0,0
2022-03-07,AST-1042,CNC Lathe,PUN-01,1,0,2,3,6,0,0,0,0,0,0
2022-03-08,AST-1042,CNC Lathe,PUN-01,3,3,0,6,18,1,1,1,1,1,1
2022-03-09,AST-1042,CNC Lathe,PUN-01,0,2,0,2,4,0,0,0,0,0,0
2022-03-10,AST-1042,CNC Lathe,PUN-01,1,0,0,1,4,0,0,0,0,0,0
2022-03-11,AST-1042,CNC Lathe,PUN-01,1,3,0,4,10,1,1,0,0,0,0
2022-03-12,AST-1042,CNC Lathe,PUN-01,0,0,0,0,0,0,0,0,0,0,0
2022-03-13,AST-1042,CNC Lathe,PUN-01,0,0,0,0,0,0,0,0,0,0,0
2022-03-14,AST-1042,CNC Lathe,PUN-01,0,1,0,1,2,0,0,0,0,0,0
2022-03-15,AST-1042,CNC Lathe,PUN-01,1,1,0,2,6,0,0,0,0,0,0
2022-03-16,AST-1042,CNC Lathe,PUN-01,1,2,0,3,8,1,0,0,0,0,0
2022-03-17,AST-1042,CNC Lathe,PUN-01,1,0,1,2,5,0,0,0,0,0,0
2022-03-18,AST-1042,CNC Lathe,PUN-01,0,2,0,2,4,0,0,0,0,0,0
2022-03-19,AST-1042,CNC Lathe,PUN-01,0,0,0,0,0,0,0,0,0,0,0
2022-03-20,AST-1042,CNC Lathe,PUN-01,0,0,0,0,0,0,0,0,0,0,0
2022-03-21,AST-1042,CNC Lathe,PUN-01,1,1,1,3,7,1,0,0,0,0,0
2022-03-22,AST-1042,CNC Lathe,PUN-01,0,2,0,2,4,0,0,0,0,0,0
2022-03-23,AST-1042,CNC Lathe,PUN-01,1,0,0,1,4,0,0,0,0,0,0
2022-03-24,AST-1042,CNC Lathe,PUN-01,0,2,0,2,4,0,0,0,0,0,0
2022-03-25,AST-1042,CNC Lathe,PUN-01,1,0,0,1,4,0,0,0,0,0,0
2022-03-26,AST-1042,CNC Lathe,PUN-01,0,0,0,0,0,0,0,0,0,0,0
2022-03-27,AST-1042,CNC Lathe,PUN-01,0,0,0,0,0,0,0,0,0,0,0
2022-03-28,AST-1042,CNC Lathe,PUN-01,3,1,1,5,15,1,1,1,1,1,1
2022-03-29,AST-1042,CNC Lathe,PUN-01,0,2,0,2,4,0,0,0,0,0,0
2022-03-30,AST-1042,CNC Lathe,PUN-01,2,2,0,4,12,1,1,1,1,0,0
2022-03-31,AST-1042,CNC Lathe,PUN-01,1,1,0,2,6,0,0,0,0,0,0
2022-04-01,AST-1042,CNC Lathe,PUN-01,0,1,0,1,2,0,0,0,0,0,0
2022-04-02,AST-1042,CNC Lathe,PUN-01,0,0,0,0,0,0,0,0,0,0,0
2022-04-03,AST-1042,CNC Lathe,PUN-01,0,0,0,0,0,0,0,0,0,0,0
2022-04-04,AST-1042,CNC Lathe,PUN-01,1,1,0,2,6,0,0,0,0,0,0
2022-04-05,AST-1042,CNC Lathe,PUN-01,1,2,1,4,9,1,0,0,0,0,0
2022-04-06,AST-1042,CNC Lathe,PUN-01,0,0,0,0,0,0,0,0,0,0,0
2022-04-07,AST-1042,CNC Lathe,PUN-01,2,0,0,2,8,1,0,0,0,0,0
2022-04-08,AST-1042,CNC Lathe,PUN-01,1,1,0,2,6,0,0,0,0,0,0
2022-04-09,AST-1042,CNC Lathe,PUN-01,0,0,0,0,0,0,0,0,0,0,0
2022-04-10,AST-1042,CNC Lathe,PUN-01,0,0,0,0,0,0,0,0,0,0,0
2022-04-11,AST-1042,CNC Lathe,PUN-01,0,0,0,0,0,0,0,0,0,0,0
2022-04-12,AST-1042,CNC Lathe,PUN-01,0,0,1,1,1,0,0,0,0,0,0
2022-04-13,AST-1042,CNC Lathe,PUN-01,2,2,0,4,12,1,1,1,1,0,0
2022-04-14,AST-1042,CNC Lathe,PUN-01,0,0,0,0,0,0,0,0,0,0,0
2022-04-15,AST-1042,CNC Lathe,PUN-01,0,1,1,2,3,0,0,0,0,0,0
2022-04-16,AST-1042,CNC Lathe,PUN-01,0,0,0,0,0,0,0,0,0,0,0
2022-04-17,AST-1042,CNC Lathe,PUN-01,0,0,0,0,0,0,0,0,0,0,0
2022-04-18,AST-1042,CNC Lathe,PUN-01,1,1,0,2,6,0,0,0,0,0,0
2022-04-19,AST-1042,CNC Lathe,PUN-01,2,1,0,3,10,1,1,0,0,0,0
2022-04-20,AST-1042,CNC Lathe,PUN-01,0,2,1,3,5,0,0,0,0,0,0
2022-04-21,AST-1042,CNC Lathe,PUN-01,1,2,1,4,9,1,0,0,0,0,0
2022-04-22,AST-1042,CNC Lathe,PUN-01,0,0,0,0,0,0,0,0,0,0,0
2022-04-23,AST-1042,CNC Lathe,PUN-01,0,0,0,0,0,0,0,0,0,0,0
2022-04-24,AST-1042,CNC Lathe,PUN-01,0,0,0,0,0,0,0,0,0,0,0
2022-04-25,AST-1042,CNC Lathe,PUN-01,1,1,0,2,6,0,0,0,0,0,0
2022-04-26,AST-1042,CNC Lathe,PUN-01,1,0,1,2,5,0,0,0,0,0,0
2022-04-27,AST-1042,CNC Lathe,PUN-01,1,0,1,2,5,0,0,0,0,0,0
2022-04-28,AST-1042,CNC Lathe,PUN-01,1,1,0,2,6,0,0,0,0,0,0
2022-04-29,AST-1042,CNC Lathe,PUN-01,2,1,0,3,10,1,1,0,0,0,0
2022-04-30,AST-1042,CNC Lathe,PUN-01,0,0,0,0,0,0,0,0,0,0,0
2022-05-01,AST-1042,CNC Lathe,PUN-01,0,0,0,0,0,0,0,0,0,0,0
2022-05-02,AST-1042,CNC Lathe,PUN-01,0,0,0,0,0,0,0,0,0,0,0
2022-05-03,AST-1042,CNC Lathe,PUN-01,0,0,0,0,0,0,0,0,0,0,0
2022-05-04,AST-1042,CNC Lathe,PUN-01,1,0,0,1,4,0,0,0,0,0,0
2022-05-05,AST-1042,CNC Lathe,PUN-01,0,4,2,6,10,1,1,0,0,0,0
2022-05-06,AST-1042,CNC Lathe,PUN-01,0,1,0,1,2,0,0,0,0,0,0
2022-05-07,AST-1042,CNC Lathe,PUN-01,0,0,0,0,0,0,0,0,0,0,0
2022-05-08,AST-1042,CNC Lathe,PUN-01,0,0,0,0,0,0,0,0,0,0,0
2022-05-09,AST-1042,CNC Lathe,PUN-01,2,1,1,4,11,1,1,1,0,0,0
2022-05-10,AST-1042,CNC Lathe,PUN-01,1,1,0,2,6,0,0,0,0,0,0
2022-05-11,AST-1042,CNC Lathe,PUN-01,2,0,0,2,8,1,0,0,0,0,0
2022-05-12,AST-1042,CNC Lathe,PUN-01,2,1,1,4,11,1,1,1,0,0,0
2022-05-13,AST-1042,CNC Lathe,PUN-01,1,1,1,3,7,1,0,0,0,0,0
2022-05-14,AST-1042,CNC Lathe,PUN-01,0,0,0,0,0,0,0,0,0,0,0
2022-05-15,AST-1042,CNC Lathe,PUN-01,0,0,0,0,0,0,0,0,0,0,0
2022-05-16,AST-1042,CNC Lathe,PUN-01,1,2,2,5,10,1,1,0,0,0,0
2022-05-17,AST-1042,CNC Lathe,PUN-01,2,0,1,3,9,1,0,0,0,0,0
2022-05-18,AST-1042,CNC Lathe,PUN-01,1,1,0,2,6,0,0,0,0,0,0
2022-05-19,AST-1042,CNC Lathe,PUN-01,1,2,0,3,8,1,0,0,0,0,0
2022-05-20,AST-1042,CNC Lathe,PUN-01,3,0,1,4,13,1,1,1,1,1,0
2022-05-21,AST-1042,CNC Lathe,PUN-01,0,0,0,0,0,0,0,0,0,0,0
2022-05-22,AST-1042,CNC Lathe,PUN-01,0,0,0,0,0,0,0,0,0,0,0
2022-05-23,AST-1042,CNC Lathe,PUN-01,2,0,0,2,8,1,0,0,0,0,0
2022-05-24,AST-1042,CNC Lathe,PUN-01,1,1,1,3,7,1,0,0,0,0,0
2022-05-25,AST-1042,CNC Lathe,PUN-01,1,2,1,4,9,1,0,0,0,0,0
2022-05-26,AST-1042,CNC Lathe,PUN-01,0,1,0,1,2,0,0,0,0,0,0
2022-05-27,AST-1042,CNC Lathe,PUN-01,2,0,0,2,8,1,0,0,0,0,0
2022-05-28,AST-1042,CNC Lathe,PUN-01,0,0,0,0,0,0,0,0,0,0,0
2022-05-29,AST-1042,CNC Lathe,PUN-01,0,0,0,0,0,0,0,0,0,0,0
2022-05-30,AST-1042,CNC Lathe,PUN-01,1,0,0,1,4,0,0,0,0,0,0
2022-05-31,AST-1042,CNC Lathe,PUN-01,0,0,0,0,0,0,0,0,0,0,0
2022-06-01,AST-1042,CNC Lathe,PUN-01,3,0,0,3,12,1,1,1,1,0,0
2022-06-02,AST-1042,CNC Lathe,PUN-01,1,1,0,2,6,0,0,0,0,0,0
2022-06-03,AST-1042,CNC Lathe,PUN-01,0,0,2,2,2,0,0,0,0,0,0
2022-06-04,AST-1042,CNC Lathe,PUN-01,0,0,0,0,0,0,0,0,0,0,0
2022-06-05,AST-1042,CNC Lathe,PUN-01,0,0,0,0,0,0,0,0,0,0,0
2022-06-06,AST-1042,CNC Lathe,PUN-01,2,2,0,4,12,1,1,1,1,0,0
2022-06-07,AST-1042,CNC Lathe,PUN-01,0,4,0,4,8,1,0,0,0,0,0
2022-06-08,AST-1042,CNC Lathe,PUN-01,0,1,1,2,3,0,0,0,0,0,0
2022-06-09,AST-1042,CNC Lathe,PUN-01,1,0,1,2,5,0,0,0,0,0,0
2022-06-10,AST-1042,CNC Lathe,PUN-01,0,3,0,3,6,0,0,0,0,0,0
2022-06-11,AST-1042,CNC Lathe,PUN-01,0,0,0,0,0,0,0,0,0,0,0
2022-06-12,AST-1042,CNC Lathe,PUN-01,0,0,0,0,0,0,0,0,0,0,0
2022-06-13,AST-1042,CNC Lathe,PUN-01,0,1,0,1,2,0,0,0,0,0,0
2022-06-14,AST-1042,CNC Lathe,PUN-01,2,0,0,2,8,1,0,0,0,0,0
2022-06-15,AST-1042,CNC Lathe,PUN-01,1,1,1,3,7,1,0,0,0,0,0
2022-06-16,AST-1042,CNC Lathe,PUN-01,1,0,0,1,4,0,0,0,0,0,0
2022-06-17,AST-1042,CNC Lathe,PUN-01,0,1,0,1,2,0,0,0,0,0,0
2022-06-18,AST-1042,CNC Lathe,PUN-01,0,0,0,0,0,0,0,0,0,0,0
2022-06-19,AST-1042,CNC Lathe,PUN-01,0,0,0,0,0,0,0,0,0,0,0
2022-06-20,AST-1042,CNC Lathe,PUN-01,1,1,0,2,6,0,0,0,0,0,0
2022-06-21,AST-1042,CNC Lathe,PUN-01,2,4,0,6,16,1,1,1,1,1,1
2022-06-22,AST-1042,CNC Lathe,PUN-01,3,2,0,5,16,1,1,1,1,1,1
2022-06-23,AST-1042,CNC Lathe,PUN-01,0,1,1,2,3,0,0,0,0,0,0
2022-06-24,AST-1042,CNC Lathe,PUN-01,1,1,1,3,7,1,0,0,0,0,0
2022-06-25,AST-1042,CNC Lathe,PUN-01,0,0,0,0,0,0,0,0,0,0,0
2022-06-26,AST-1042,CNC Lathe,PUN-01,0,0,0,0,0,0,0,0,0,0,0
2022-06-27,AST-1042,CNC Lathe,PUN-01,0,0,0,0,0,0,0,0,0,0,0
2022-06-28,AST-1042,CNC Lathe,PUN-01,1,1,0,2,6,0,0,0,0,0,0
2022-06-29,AST-1042,CNC Lathe,PUN-01,1,0,0,1,4,0,0,0,0,0,0
2022-06-30,AST-1042,CNC Lathe,PUN-01,0,1,0,1,2,0,0,0,0,0,0
2022-07-01,AST-1042,CNC Lathe,PUN-01,1,0,0,1,4,0,0,0,0,0,0
2022-07-02,AST-1042,CNC Lathe,PUN-01,0,0,0,0,0,0,0,0,0,0,0
2022-07-03,AST-1042,CNC Lathe,PUN-01,0,0,0,0,0,0,0,0,0,0,0
2022-07-04,AST-1042,CNC Lathe,PUN-01,1,1,1,3,7,1,0,0,0,0,0
2022-07-05,AST-1042,CNC Lathe,PUN-01,1,2,1,4,9,1,0,0,0,0,0
2022-07-06,AST-1042,CNC Lathe,PUN-01,2,1,2,5,12,1,1,1,1,0,0
2022-07-07,AST-1042,CNC Lathe,PUN-01,0,2,1,3,5,0,0,0,0,0,0
2022-07-08,AST-1042,CNC Lathe,PUN-01,2,1,0,3,10,1,1,0,0,0,0
2022-07-09,AST-1042,CNC Lathe,PUN-01,0,0,0,0,0,0,0,0,0,0,0
2022-07-10,AST-1042,CNC Lathe,PUN-01,0,0,0,0,0,0,0,0,0,0,0
2022-07-11,AST-1042,CNC Lathe,PUN-01,0,1,1,2,3,0,0,0,0,0,0
2022-07-12,AST-1042,CNC Lathe,PUN-01,1,1,1,3,7,1,0,0,0,0,0
2022-07-13,AST-1042,CNC Lathe,PUN-01,3,1,1,5,15,1,1,1,1,1,1
2022-07-14,AST-1042,CNC Lathe,PUN-01,0,1,0,1,2,0,0,0,0,0,0
2022-07-15,AST-1042,CNC Lathe,PUN-01,1,1,1,3,7,1,0,0,0,0,0
2022-07-16,AST-1042,CNC Lathe,PUN-01,0,0,0,0,0,0,0,0,0,0,0
2022-07-17,AST-1042,CNC Lathe,PUN-01,0,0,0,0,0,0,0,0,0,0,0
2022-07-18,AST-1042,CNC Lathe,PUN-01,0,1,0,1,2,0,0,0,0,0,0
2022-07-19,AST-1042,CNC Lathe,PUN-01,2,0,0,2,8,1,0,0,0,0,0
2022-07-20,AST-1042,CNC Lathe,PUN-01,1,2,0,3,8,1,0,0,0,0,0
2022-07-21,AST-1042,CNC Lathe,PUN-01,0,0,0,0,0,0,0,0,0,0,0
2022-07-22,AST-1042,CNC Lathe,PUN-01,0,0,0,0,0,0,0,0,0,0,0
2022-07-23,AST-1042,CNC Lathe,PUN-01,0,0,0,0,0,0,0,0,0,0,0
2022-07-24,AST-1042,CNC Lathe,PUN-01,0,0,0,0,0,0,0,0,0,0,0
2022-07-25,AST-1042,CNC Lathe,PUN-01,1,1,2,4,8,1,0,0,0,0,0
2022-07-26,AST-1042,CNC Lathe,PUN-01,0,1,1,2,3,0,0,0,0,0,0
2022-07-27,AST-1042,CNC Lathe,PUN-01,0,1,1,2,3,0,0,0,0,0,0
2022-07-28,AST-1042,CNC Lathe,PUN-01,1,0,0,1,4,0,0,0,0,0,0
2022-07-29,AST-1042,CNC Lathe,PUN-01,1,3,0,4,10,1,1,0,0,0,0
2022-07-30,AST-1042,CNC Lathe,PUN-01,0,0,0,0,0,0,0,0,0,0,0
2022-07-31,AST-1042,CNC Lathe,PUN-01,0,0,0,0,0,0,0,0,0,0,0
2022-08-01,AST-1042,CNC Lathe,PUN-01,0,0,0,0,0,0,0,0,0,0,0
2022-08-02,AST-1042,CNC Lathe,PUN-01,1,1,0,2,6,0,0,0,0,0,0
2022-08-03,AST-1042,CNC Lathe,PUN-01,1,2,0,3,8,1,0,0,0,0,0
2022-08-04,AST-1042,CNC Lathe,PUN-01,1,0,0,1,4,0,0,0,0,0,0
2022-08-05,AST-1042,CNC Lathe,PUN-01,0,0,0,0,0,0,0,0,0,0,0
2022-08-06,AST-1042,CNC Lathe,PUN-01,0,0,0,0,0,0,0,0,0,0,0
2022-08-07,AST-1042,CNC Lathe,PUN-01,0,0,0,0,0,0,0,0,0,0,0
2022-08-08,AST-1042,CNC Lathe,PUN-01,1,2,0,3,8,1,0,0,0,0,0
2022-08-09,AST-1042,CNC Lathe,PUN-01,1,2,0,3,8,1,0,0,0,0,0
2022-08-10,AST-1042,CNC Lathe,PUN-01,0,0,0,0,0,0,0,0,0,0,0
2022-08-11,AST-1042,CNC Lathe,PUN-01,1,3,0,4,10,1,1,0,0,0,0
2022-08-12,AST-1042,CNC Lathe,PUN-01,0,0,0,0,0,0,0,0,0,0,0
2022-08-13,AST-1042,CNC Lathe,PUN-01,0,0,0,0,0,0,0,0,0,0,0
2022-08-14,AST-1042,CNC Lathe,PUN-01,0,0,0,0,0,0,0,0,0,0,0
2022-08-15,AST-1042,CNC Lathe,PUN-01,1,2,1,4,9,1,0,0,0,0,0
2022-08-16,AST-1042,CNC Lathe,PUN-01,2,1,2,5,12,1,1,1,1,0,0
2022-08-17,AST-1042,CNC Lathe,PUN-01,1,0,0,1,4,0,0,0,0,0,0
2022-08-18,AST-1042,CNC Lathe,PUN-01,0,2,0,2,4,0,0,0,0,0,0
2022-08-19,AST-1042,CNC Lathe,PUN-01,1,1,0,2,6,0,0,0,0,0,0
2022-08-20,AST-1042,CNC Lathe,PUN-01,0,0,0,0,0,0,0,0,0,0,0
2022-08-21,AST-1042,CNC Lathe,PUN-01,0,0,0,0,0,0,0,0,0,0,0
2022-08-22,AST-1042,CNC Lathe,PUN-01,2,1,0,3,10,1,1,0,0,0,0
2022-08-23,AST-1042,CNC Lathe,PUN-01,0,2,1,3,5,0,0,0,0,0,0
2022-08-24,AST-1042,CNC Lathe,PUN-01,1,0,0,1,4,0,0,0,0,0,0
2022-08-25,AST-1042,CNC Lathe,PUN-01,0,1,2,3,4,0,0,0,0,0,0
2022-08-26,AST-1042,CNC Lathe,PUN-01,0,1,0,1,2,0,0,0,0,0,0
2022-08-27,AST-1042,CNC Lathe,PUN-01,0,0,0,0,0,0,0,0,0,0,0
2022-08-28,AST-1042,CNC Lathe,PUN-01,0,0,0,0,0,0,0,0,0,0,0
2022-08-29,AST-1042,CNC Lathe,PUN-01,0,0,1,1,1,0,0,0,0,0,0
2022-08-30,AST-1042,CNC Lathe,PUN-01,0,3,0,3,6,0,0,0,0,0,0
2022-08-31,AST-1042,CNC Lathe,PUN-01,2,1,0,3,10,1,1,0,0,0,0
2022-09-01,AST-1042,CNC Lathe,PUN-01,2,1,0,3,10,1,1,0,0,0,0
2022-09-02,AST-1042,CNC Lathe,PUN-01,1,2,0,3,8,1,0,0,0,0,0
2022-09-03,AST-1042,CNC Lathe,PUN-01,0,0,0,0,0,0,0,0,0,0,0
2022-09-04,AST-1042,CNC Lathe,PUN-01,0,0,0,0,0,0,0,0,0,0,0
2022-09-05,AST-1042,CNC Lathe,PUN-01,1,2,0,3,8,1,0,0,0,0,0
2022-09-06,AST-1042,CNC Lathe,PUN-01,2,1,0,3,10,1,1,0,0,0,0
2022-09-07,AST-1042,CNC Lathe,PUN-01,3,1,3,7,17,1,1,1,1,1,1
2022-09-08,AST-1042,CNC Lathe,PUN-01,1,2,0,3,8,1,0,0,0,0,0
2022-09-09,AST-1042,CNC Lathe,PUN-01,2,0,0,2,8,1,0,0,0,0,0
2022-09-10,AST-1042,CNC Lathe,PUN-01,0,0,0,0,0,0,0,0,0,0,0
2022-09-11,AST-1042,CNC Lathe,PUN-01,0,0,0,0,0,0,0,0,0,0,0
2022-09-12,AST-1042,CNC Lathe,PUN-01,0,2,0,2,4,0,0,0,0,0,0
2022-09-13,AST-1042,CNC Lathe,PUN-01,0,3,1,4,7,1,0,0,0,0,0
2022-09-14,AST-1042,CNC Lathe,PUN-01,2,0,0,2,8,1,0,0,0,0,0
2022-09-15,AST-1042,CNC Lathe,PUN-01,0,0,1,1,1,0,0,0,0,0,0
2022-09-16,AST-1042,CNC Lathe,PUN-01,1,1,0,2,6,0,0,0,0,0,0
2022-09-17,AST-1042,CNC Lathe,PUN-01,0,0,0,0,0,0,0,0,0,0,0
2022-09-18,AST-1042,CNC Lathe,PUN-01,0,0,0,0,0,0,0,0,0,0,0
2022-09-19,AST-1042,CNC Lathe,PUN-01,1,2,0,3,8,1,0,0,0,0,0
2022-09-20,AST-1042,CNC Lathe,PUN-01,1,1,0,2,6,0,0,0,0,0,0
2022-09-21,AST-1042,CNC Lathe,PUN-01,2,0,0,2,8,1,0,0,0,0,0
2022-09-22,AST-1042,CNC Lathe,PUN-01,0,0,0,0,0,0,0,0,0,0,0
2022-09-23,AST-1042,CNC Lathe,PUN-01,1,2,0,3,8,1,0,0,0,0,0
2022-09-24,AST-1042,CNC Lathe,PUN-01,0,0,0,0,0,0,0,0,0,0,0
2022-09-25,AST-1042,CNC Lathe,PUN-01,0,0,0,0,0,0,0,0,0,0,0
2022-09-26,AST-1042,CNC Lathe,PUN-01,1,3,1,5,11,1,1,1,0,0,0
2022-09-27,AST-1042,CNC Lathe,PUN-01,1,0,0,1,4,0,0,0,0,0,0
2022-09-28,AST-1042,CNC Lathe,PUN-01,1,0,0,1,4,0,0,0,0,0,0
2022-09-29,AST-1042,CNC Lathe,PUN-01,2,2,0,4,12,1,1,1,1,0,0
2022-09-30,AST-1042,CNC Lathe,PUN-01,0,0,1,1,1,0,0,0,0,0,0
2022-10-01,AST-1042,CNC Lathe,PUN-01,0,0,0,0,0,0,0,0,0,0,0
2022-10-02,AST-1042,CNC Lathe,PUN-01,0,0,0,0,0,0,0,0,0,0,0
2022-10-03,AST-1042,CNC Lathe,PUN-01,2,1,0,3,10,1,1,0,0,0,0
2022-10-04,AST-1042,CNC Lathe,PUN-01,1,2,0,3,8,1,0,0,0,0,0
2022-10-05,AST-1042,CNC Lathe,PUN-01,2,1,0,3,10,1,1,0,0,0,0
2022-10-06,AST-1042,CNC Lathe,PUN-01,0,1,0,1,2,0,0,0,0,0,0
2022-10-07,AST-1042,CNC Lathe,PUN-01,0,1,1,2,3,0,0,0,0,0,0
2022-10-08,AST-1042,CNC Lathe,PUN-01,0,0,0,0,0,0,0,0,0,0,0
2022-10-09,AST-1042,CNC Lathe,PUN-01,0,0,0,0,0,0,0,0,0,0,0
2022-10-10,AST-1042,CNC Lathe,PUN-01,2,0,1,3,9,1,0,0,0,0,0
2022-10-11,AST-1042,CNC Lathe,PUN-01,3,2,0,5,16,1,1,1,1,1,1
2022-10-12,AST-1042,CNC Lathe,PUN-01,1,1,0,2,6,0,0,0,0,0,0
2022-10-13,AST-1042,CNC Lathe,PUN-01,2,1,0,3,10,1,1,0,0,0,0
2022-10-14,AST-1042,CNC Lathe,PUN-01,2,0,2,4,10,1,1,0,0,0,0
2022-10-15,AST-1042,CNC Lathe,PUN-01,0,0,0,0,0,0,0,0,0,0,0
2022-10-16,AST-1042,CNC Lathe,PUN-01,0,0,0,0,0,0,0,0,0,0,0
2022-10-17,AST-1042,CNC Lathe,PUN-01,0,0,1,1,1,0,0,0,0,0,0
2022-10-18,AST-1042,CNC Lathe,PUN-01,0,0,0,0,0,0,0,0,0,0,0
2022-10-19,AST-1042,CNC Lathe,PUN-01,0,1,0,1,2,0,0,0,0,0,0
2022-10-20,AST-1042,CNC Lathe,PUN-01,1,0,0,1,4,0,0,0,0,0,0
2022-10-21,AST-1042,CNC Lathe,PUN-01,1,5,0,6,14,1,1,1,1,1,1
2022-10-22,AST-1042,CNC Lathe,PUN-01,0,0,0,0,0,0,0,0,0,0,0
2022-10-23,AST-1042,CNC Lathe,PUN-01,0,0,0,0,0,0,0,0,0,0,0
2022-10-24,AST-1042,CNC Lathe,PUN-01,2,0,0,2,8,1,0,0,0,0,0
2022-10-25,AST-1042,CNC Lathe,PUN-01,0,1,1,2,3,0,0,0,0,0,0
2022-10-26,AST-1042,CNC Lathe,PUN-01,0,0,0,0,0,0,0,0,0,0,0
2022-10-27,AST-1042,CNC Lathe,PUN-01,1,0,0,1,4,0,0,0,0,0,0
2022-10-28,AST-1042,CNC Lathe,PUN-01,1,0,1,2,5,0,0,0,0,0,0
2022-10-29,AST-1042,CNC Lathe,PUN-01,0,0,0,0,0,0,0,0,0,0,0
2022-10-30,AST-1042,CNC Lathe,PUN-01,0,0,0,0,0,0,0,0,0,0,0
2022-10-31,AST-1042,CNC Lathe,PUN-01,0,1,1,2,3,0,0,0,0,0,0
2022-11-01,AST-1042,CNC Lathe,PUN-01,1,0,0,1,4,0,0,0,0,0,0
2022-11-02,AST-1042,CNC Lathe,PUN-01,3,1,3,7,17,1,1,1,1,1,1
2022-11-03,AST-1042,CNC Lathe,PUN-01,0,2,0,2,4,0,0,0,0,0,0
2022-11-04,AST-1042,CNC Lathe,PUN-01,2,2,1,5,13,1,1,1,1,1,0
2022-11-05,AST-1042,CNC Lathe,PUN-01,0,0,0,0,0,0,0,0,0,0,0
2022-11-06,AST-1042,CNC Lathe,PUN-01,0,0,0,0,0,0,0,0,0,0,0
2022-11-07,AST-1042,CNC Lathe,PUN-01,0,3,0,3,6,0,0,0,0,0,0
2022-11-08,AST-1042,CNC Lathe,PUN-01,0,1,0,1,2,0,0,0,0,0,0
2022-11-09,AST-1042,CNC Lathe,PUN-01,1,1,0,2,6,0,0,0,0,0,0
2022-11-10,AST-1042,CNC Lathe,PUN-01,0,1,0,1,2,0,0,0,0,0,0
2022-11-11,AST-1042,CNC Lathe,PUN-01,2,1,1,4,11,1,1,1,0,0,0
2022-11-12,AST-1042,CNC Lathe,PUN-01,0,0,0,0,0,0,0,0,0,0,0
2022-11-13,AST-1042,CNC Lathe,PUN-01,0,0,0,0,0,0,0,0,0,0,0
2022-11-14,AST-1042,CNC Lathe,PUN-01,1,2,0,3,8,1,0,0,0,0,0
2022-11-15,AST-1042,CNC Lathe,PUN-01,2,0,1,3,9,1,0,0,0,0,0
2022-11-16,AST-1042,CNC Lathe,PUN-01,0,0,0,0,0,0,0,0,0,0,0
2022-11-17,AST-1042,CNC Lathe,PUN-01,1,2,0,3,8,1,0,0,0,0,0
2022-11-18,AST-1042,CNC Lathe,PUN-01,3,0,0,3,12,1,1,1,1,0,0
2022-11-19,AST-1042,CNC Lathe,PUN-01,0,0,0,0,0,0,0,0,0,0,0
2022-11-20,AST-1042,CNC Lathe,PUN-01,0,0,0,0,0,0,0,0,0,0,0
2022-11-21,AST-1042,CNC Lathe,PUN-01,2,1,0,3,10,1,1,0,0,0,0
2022-11-22,AST-1042,CNC Lathe,PUN-01,1,3,0,4,10,1,1,0,0,0,0
2022-11-23,AST-1042,CNC Lathe,PUN-01,1,0,1,2,5,0,0,0,0,0,0
2022-11-24,AST-1042,CNC Lathe,PUN-01,1,0,0,1,4,0,0,0,0,0,0
2022-11-25,AST-1042,CNC Lathe,PUN-01,1,1,0,2,6,0,0,0,0,0,0
2022-11-26,AST-1042,CNC Lathe,PUN-01,0,0,0,0,0,0,0,0,0,0,0
2022-11-27,AST-1042,CNC Lathe,PUN-01,0,0,0,0,0,0,0,0,0,0,0
2022-11-28,AST-1042,CNC Lathe,PUN-01,0,0,0,0,0,0,0,0,0,0,0
2022-11-29,AST-1042,CNC Lathe,PUN-01,4,1,2,7,20,1,1,1,1,1,1
2022-11-30,AST-1042,CNC Lathe,PUN-01,2,2,0,4,12,1,1,1,1,0,0
2022-12-01,AST-1042,CNC Lathe,PUN-01,2,1,0,3,10,1,1,0,0,0,0
2022-12-02,AST-1042,CNC Lathe,PUN-01,1,0,1,2,5,0,0,0,0,0,0
2022-12-03,AST-1042,CNC Lathe,PUN-01,0,0,0,0,0,0,0,0,0,0,0
2022-12-04,AST-1042,CNC Lathe,PUN-01,0,0,0,0,0,0,0,0,0,0,0
2022-12-05,AST-1042,CNC Lathe,PUN-01,3,1,1,5,15,1,1,1,1,1,1
2022-12-06,AST-1042,CNC Lathe,PUN-01,2,2,2,6,14,1,1,1,1,1,1
2022-12-07,AST-1042,CNC Lathe,PUN-01,3,3,1,7,19,1,1,1,1,1,1
2022-12-08,AST-1042,CNC Lathe,PUN-01,2,2,0,4,12,1,1,1,1,0,0
2022-12-09,AST-1042,CNC Lathe,PUN-01,1,1,1,3,7,1,0,0,0,0,0
2022-12-10,AST-1042,CNC Lathe,PUN-01,0,0,0,0,0,0,0,0,0,0,0
2022-12-11,AST-1042,CNC Lathe,PUN-01,0,0,0,0,0,0,0,0,0,0,0
2022-12-12,AST-1042,CNC Lathe,PUN-01,1,1,1,3,7,1,0,0,0,0,0
2022-12-13,AST-1042,CNC Lathe,PUN-01,1,4,0,5,12,1,1,1,1,0,0
2022-12-14,AST-1042,CNC Lathe,PUN-01,1,2,0,3,8,1,0,0,0,0,0
2022-12-15,AST-1042,CNC Lathe,PUN-01,0,2,0,2,4,0,0,0,0,0,0
2022-12-16,AST-1042,CNC Lathe,PUN-01,2,1,1,4,11,1,1,1,0,0,0
2022-12-17,AST-1042,CNC Lathe,PUN-01,0,0,0,0,0,0,0,0,0,0,0
2022-12-18,AST-1042,CNC Lathe,PUN-01,0,0,0,0,0,0,0,0,0,0,0
2022-12-19,AST-1042,CNC Lathe,PUN-01,0,2,1,3,5,0,0,0,0,0,0
2022-12-20,AST-1042,CNC Lathe,PUN-01,2,4,0,6,16,1,1,1,1,1,1
2022-12-21,AST-1042,CNC Lathe,PUN-01,1,1,0,2,6,0,0,0,0,0,0
2022-12-22,AST-1042,CNC Lathe,PUN-01,2,0,0,2,8,1,0,0,0,0,0
2022-12-23,AST-1042,CNC Lathe,PUN-01,2,0,1,3,9,1,0,0,0,0,0
2022-12-24,AST-1042,CNC Lathe,PUN-01,0,0,0,0,0,0,0,0,0,0,0
2022-12-25,AST-1042,CNC Lathe,PUN-01,0,0,0,0,0,0,0,0,0,0,0
2022-12-26,AST-1042,CNC Lathe,PUN-01,1,1,2,4,8,1,0,0,0,0,0
2022-12-27,AST-1042,CNC Lathe,PUN-01,0,0,0,0,0,0,0,0,0,0,0
2022-12-28,AST-1042,CNC Lathe,PUN-01,1,2,1,4,9,1,0,0,0,0,0
2022-12-29,AST-1042,CNC Lathe,PUN-01,2,1,0,3,10,1,1,0,0,0,0
2022-12-30,AST-1042,CNC Lathe,PUN-01,0,3,1,4,7,1,0,0,0,0,0
2022-12-31,AST-1042,CNC Lathe,PUN-01,0,0,0,0,0,0,0,0,0,0,0
2023-01-01,AST-1042,CNC Lathe,PUN-01,0,0,0,0,0,0,0,0,0,0,0
2023-01-02,AST-1042,CNC Lathe,PUN-01,1,1,0,2,6,0,0,0,0,0,0
2023-01-03,AST-1042,CNC Lathe,PUN-01,2,0,0,2,8,1,0,0,0,0,0
2023-01-04,AST-1042,CNC Lathe,PUN-01,2,1,0,3,10,1,1,0,0,0,0
2023-01-05,AST-1042,CNC Lathe,PUN-01,1,1,0,2,6,0,0,0,0,0,0
2023-01-06,AST-1042,CNC Lathe,PUN-01,1,1,0,2,6,0,0,0,0,0,0
2023-01-07,AST-1042,CNC Lathe,PUN-01,0,0,0,0,0,0,0,0,0,0,0
2023-01-08,AST-1042,CNC Lathe,PUN-01,0,0,0,0,0,0,0,0,0,0,0
2023-01-09,AST-1042,CNC Lathe,PUN-01,0,0,1,1,1,0,0,0,0,0,0
2023-01-10,AST-1042,CNC Lathe,PUN-01,1,1,0,2,6,0,0,0,0,0,0
2023-01-11,AST-1042,CNC Lathe,PUN-01,3,0,1,4,13,1,1,1,1,1,0
2023-01-12,AST-1042,CNC Lathe,PUN-01,0,2,0,2,4,0,0,0,0,0,0
2023-01-13,AST-1042,CNC Lathe,PUN-01,1,2,1,4,9,1,0,0,0,0,0
2023-01-14,AST-1042,CNC Lathe,PUN-01,0,0,0,0,0,0,0,0,0,0,0
2023-01-15,AST-1042,CNC Lathe,PUN-01,0,0,0,0,0,0,0,0,0,0,0
2023-01-16,AST-1042,CNC Lathe,PUN-01,1,0,1,2,5,0,0,0,0,0,0
2023-01-17,AST-1042,CNC Lathe,PUN-01,0,1,0,1,2,0,0,0,0,0,0
2023-01-18,AST-1042,CNC Lathe,PUN-01,1,2,0,3,8,1,0,0,0,0,0
2023-01-19,AST-1042,CNC Lathe,PUN-01,3,0,0,3,12,1,1,1,1,0,0
2023-01-20,AST-1042,CNC Lathe,PUN-01,2,1,0,3,10,1,1,0,0,0,0
2023-01-21,AST-1042,CNC Lathe,PUN-01,0,0,0,0,0,0,0,0,0,0,0
2023-01-22,AST-1042,CNC Lathe,PUN-01,0,0,0,0,0,0,0,0,0,0,0
2023-01-23,AST-1042,CNC Lathe,PUN-01,0,1,1,2,3,0,0,0,0,0,0
2023-01-24,AST-1042,CNC Lathe,PUN-01,1,0,1,2,5,0,0,0,0,0,0
2023-01-25,AST-1042,CNC Lathe,PUN-01,0,2,0,2,4,0,0,0,0,0,0
2023-01-26,AST-1042,CNC Lathe,PUN-01,1,2,0,3,8,1,0,0,0,0,0
2023-01-27,AST-1042,CNC Lathe,PUN-01,0,0,1,1,1,0,0,0,0,0,0
2023-01-28,AST-1042,CNC Lathe,PUN-01,0,0,0,0,0,0,0,0,0,0,0
2023-01-29,AST-1042,CNC Lathe,PUN-01,0,0,0,0,0,0,0,0,0,0,0
2023-01-30,AST-1042,CNC Lathe,PUN-01,0,1,0,1,2,0,0,0,0,0,0
2023-01-31,AST-1042,CNC Lathe,PUN-01,2,1,1,4,11,1,1,1,0,0,0
2023-02-01,AST-1042,CNC Lathe,PUN-01,0,0,0,0,0,0,0,0,0,0,0
2023-02-02,AST-1042,CNC Lathe,PUN-01,0,0,1,1,1,0,0,0,0,0,0
2023-02-03,AST-1042,CNC Lathe,PUN-01,0,0,0,0,0,0,0,0,0,0,0
2023-02-04,AST-1042,CNC Lathe,PUN-01,0,0,0,0,0,0,0,0,0,0,0
2023-02-05,AST-1042,CNC Lathe,PUN-01,0,0,0,0,0,0,0,0,0,0,0
2023-02-06,AST-1042,CNC Lathe,PUN-01,0,0,0,0,0,0,0,0,0,0,0
2023-02-07,AST-1042,CNC Lathe,PUN-01,0,1,0,1,2,0,0,0,0,0,0
2023-02-08,AST-1042,CNC Lathe,PUN-01,2,1,0,3,10,1,1,0,0,0,0
2023-02-09,AST-1042,CNC Lathe,PUN-01,0,0,1,1,1,0,0,0,0,0,0
2023-02-10,AST-1042,CNC Lathe,PUN-01,2,0,0,2,8,1,0,0,0,0,0
2023-02-11,AST-1042,CNC Lathe,PUN-01,0,0,0,0,0,0,0,0,0,0,0
2023-02-12,AST-1042,CNC Lathe,PUN-01,0,0,0,0,0,0,0,0,0,0,0
2023-02-13,AST-1042,CNC Lathe,PUN-01,0,1,0,1,2,0,0,0,0,0,0
2023-02-14,AST-1042,CNC Lathe,PUN-01,1,1,0,2,6,0,0,0,0,0,0
2023-02-15,AST-1042,CNC Lathe,PUN-01,1,2,1,4,9,1,0,0,0,0,0
2023-02-16,AST-1042,CNC Lathe,PUN-01,0,0,0,0,0,0,0,0,0,0,0
2023-02-17,AST-1042,CNC Lathe,PUN-01,2,1,1,4,11,1,1,1,0,0,0
2023-02-18,AST-1042,CNC Lathe,PUN-01,0,0,0,0,0,0,0,0,0,0,0
2023-02-19,AST-1042,CNC Lathe,PUN-01,0,0,0,0,0,0,0,0,0,0,0
2023-02-20,AST-1042,CNC Lathe,PUN-01,2,1,0,3,10,1,1,0,0,0,0
2023-02-21,AST-1042,CNC Lathe,PUN-01,1,1,0,2,6,0,0,0,0,0,0
2023-02-22,AST-1042,CNC Lathe,PUN-01,0,1,1,2,3,0,0,0,0,0,0
2023-02-23,AST-1042,CNC Lathe,PUN-01,3,0,1,4,13,1,1,1,1,1,0
2023-02-24,AST-1042,CNC Lathe,PUN-01,0,1,1,2,3,0,0,0,0,0,0
2023-02-25,AST-1042,CNC Lathe,PUN-01,0,0,0,0,0,0,0,0,0,0,0
2023-02-26,AST-1042,CNC Lathe,PUN-01,0,0,0,0,0,0,0,0,0,0,0
2023-02-27,AST-1042,CNC Lathe,PUN-01,1,2,1,4,9,1,0,0,0,0,0
2023-02-28,AST-1042,CNC Lathe,PUN-01,1,3,0,4,10,1,1,0,0,0,0
2023-03-01,AST-1042,CNC Lathe,PUN-01,1,2,0,3,8,1,0,0,0,0,0
2023-03-02,AST-1042,CNC Lathe,PUN-01,0,1,0,1,2,0,0,0,0,0,0
2023-03-03,AST-1042,CNC Lathe,PUN-01,1,1,0,2,6,0,0,0,0,0,0
2023-03-04,AST-1042,CNC Lathe,PUN-01,0,0,0,0,0,0,0,0,0,0,0
2023-03-05,AST-1042,CNC Lathe,PUN-01,0,0,0,0,0,0,0,0,0,0,0
2023-03-06,AST-1042,CNC Lathe,PUN-01,1,2,0,3,8,1,0,0,0,0,0
2023-03-07,AST-1042,CNC Lathe,PUN-01,1,1,1,3,7,1,0,0,0,0,0
2023-03-08,AST-1042,CNC Lathe,PUN-01,1,1,0,2,6,0,0,0,0,0,0
2023-03-09,AST-1042,CNC Lathe,PUN-01,3,1,1,5,15,1,1,1,1,1,1
2023-03-10,AST-1042,CNC Lathe,PUN-01,1,2,0,3,8,1,0,0,0,0,0
2023-03-11,AST-1042,CNC Lathe,PUN-01,0,0,0,0,0,0,0,0,0,0,0
2023-03-12,AST-1042,CNC Lathe,PUN-01,0,0,0,0,0,0,0,0,0,0,0
2023-03-13,AST-1042,CNC Lathe,PUN-01,0,0,0,0,0,0,0,0,0,0,0
2023-03-14,AST-1042,CNC Lathe,PUN-01,1,1,2,4,8,1,0,0,0,0,0
2023-03-15,AST-1042,CNC Lathe,PUN-01,0,1,0,1,2,0,0,0,0,0,0
2023-03-16,AST-1042,CNC Lathe,PUN-01,0,2,0,2,4,0,0,0,0,0,0
2023-03-17,AST-1042,CNC Lathe,PUN-01,2,1,0,3,10,1,1,0,0,0,0
2023-03-18,AST-1042,CNC Lathe,PUN-01,0,0,0,0,0,0,0,0,0,0,0
2023-03-19,AST-1042,CNC Lathe,PUN-01,0,0,0,0,0,0,0,0,0,0,0
2023-03-20,AST-1042,CNC Lathe,PUN-01,0,1,1,2,3,0,0,0,0,0,0
2023-03-21,AST-1042,CNC Lathe,PUN-01,0,3,2,5,8,1,0,0,0,0,0
2023-03-22,AST-1042,CNC Lathe,PUN-01,0,1,0,1,2,0,0,0,0,0,0
2023-03-23,AST-1042,CNC Lathe,PUN-01,1,1,0,2,6,0,0,0,0,0,0
2023-03-24,AST-1042,CNC Lathe,PUN-01,3,2,0,5,16,1,1,1,1,1,1
2023-03-25,AST-1042,CNC Lathe,PUN-01,0,0,0,0,0,0,0,0,0,0,0
2023-03-26,AST-1042,CNC Lathe,PUN-01,0,0,0,0,0,0,0,0,0,0,0
2023-03-27,AST-1042,CNC Lathe,PUN-01,2,0,0,2,8,1,0,0,0,0,0
2023-03-28,AST-1042,CNC Lathe,PUN-01,0,0,0,0,0,0,0,0,0,0,0
2023-03-29,AST-1042,CNC Lathe,PUN-01,1,0,1,2,5,0,0,0,0,0,0
2023-03-30,AST-1042,CNC Lathe,PUN-01,0,2,0,2,4,0,0,0,0,0,0
2023-03-31,AST-1042,CNC Lathe,PUN-01,0,3,0,3,6,0,0,0,0,0,0
2023-04-01,AST-1042,CNC Lathe,PUN-01,0,0,0,0,0,0,0,0,0,0,0
2023-04-02,AST-1042,CNC Lathe,PUN-01,0,0,0,0,0,0,0,0,0,0,0
2023-04-03,AST-1042,CNC Lathe,PUN-01,1,0,2,3,6,0,0,0,0,0,0
2023-04-04,AST-1042,CNC Lathe,PUN-01,1,2,0,3,8,1,0,0,0,0,0
2023-04-05,AST-1042,CNC Lathe,PUN-01,1,1,2,4,8,1,0,0,0,0,0
2023-04-06,AST-1042,CNC Lathe,PUN-01,0,0,0,0,0,0,0,0,0,0,0
2023-04-07,AST-1042,CNC Lathe,PUN-01,0,2,1,3,5,0,0,0,0,0,0
2023-04-08,AST-1042,CNC Lathe,PUN-01,0,0,0,0,0,0,0,0,0,0,0
2023-04-09,AST-1042,CNC Lathe,PUN-01,0,0,0,0,0,0,0,0,0,0,0
2023-04-10,AST-1042,CNC Lathe,PUN-01,0,1,1,2,3,0,0,0,0,0,0
2023-04-11,AST-1042,CNC Lathe,PUN-01,0,2,0,2,4,0,0,0,0,0,0
2023-04-12,AST-1042,CNC Lathe,PUN-01,0,5,1,6,11,1,1,1,0,0,0
2023-04-13,AST-1042,CNC Lathe,PUN-01,0,1,1,2,3,0,0,0,0,0,0
2023-04-14,AST-1042,CNC Lathe,PUN-01,0,0,1,1,1,0,0,0,0,0,0
2023-04-15,AST-1042,CNC Lathe,PUN-01,0,0,0,0,0,0,0,0,0,0,0
2023-04-16,AST-1042,CNC Lathe,PUN-01,0,0,0,0,0,0,0,0,0,0,0
2023-04-17,AST-1042,CNC Lathe,PUN-01,2,1,0,3,10,1,1,0,0,0,0
2023-04-18,AST-1042,CNC Lathe,PUN-01,2,1,1,4,11,1,1,1,0,0,0
2023-04-19,AST-1042,CNC Lathe,PUN-01,0,0,0,0,0,0,0,0,0,0,0
2023-04-20,AST-1042,CNC Lathe,PUN-01,1,3,0,4,10,1,1,0,0,0,0
2023-04-21,AST-1042,CNC Lathe,PUN-01,0,1,0,1,2,0,0,0,0,0,0
2023-04-22,AST-1042,CNC Lathe,PUN-01,0,0,0,0,0,0,0,0,0,0,0
2023-04-23,AST-1042,CNC Lathe,PUN-01,0,0,0,0,0,0,0,0,0,0,0
2023-04-24,AST-1042,CNC Lathe,PUN-01,2,1,0,3,10,1,1,0,0,0,0
2023-04-25,AST-1042,CNC Lathe,PUN-01,2,0,1,3,9,1,0,0,0,0,0
2023-04-26,AST-1042,CNC Lathe,PUN-01,0,0,0,0,0,0,0,0,0,0,0
2023-04-27,AST-1042,CNC Lathe,PUN-01,1,1,1,3,7,1,0,0,0,0,0
2023-04-28,AST-1042,CNC Lathe,PUN-01,0,1,0,1,2,0,0,0,0,0,0
2023-04-29,AST-1042,CNC Lathe,PUN-01,0,0,0,0,0,0,0,0,0,0,0
2023-04-30,AST-1042,CNC Lathe,PUN-01,0,0,0,0,0,0,0,0,0,0,0
2023-05-01,AST-1042,CNC Lathe,PUN-01,1,0,0,1,4,0,0,0,0,0,0
2023-05-02,AST-1042,CNC Lathe,PUN-01,2,1,0,3,10,1,1,0,0,0,0
2023-05-03,AST-1042,CNC Lathe,PUN-01,2,2,0,4,12,1,1,1,1,0,0
2023-05-04,AST-1042,CNC Lathe,PUN-01,1,2,0,3,8,1,0,0,0,0,0
2023-05-05,AST-1042,CNC Lathe,PUN-01,0,0,2,2,2,0,0,0,0,0,0
2023-05-06,AST-1042,CNC Lathe,PUN-01,0,0,0,0,0,0,0,0,0,0,0
2023-05-07,AST-1042,CNC Lathe,PUN-01,0,0,0,0,0,0,0,0,0,0,0
2023-05-08,AST-1042,CNC Lathe,PUN-01,1,0,0,1,4,0,0,0,0,0,0
2023-05-09,AST-1042,CNC Lathe,PUN-01,0,0,0,0,0,0,0,0,0,0,0
2023-05-10,AST-1042,CNC Lathe,PUN-01,0,1,1,2,3,0,0,0,0,0,0
2023-05-11,AST-1042,CNC Lathe,PUN-01,0,1,0,1,2,0,0,0,0,0,0
2023-05-12,AST-1042,CNC Lathe,PUN-01,1,0,0,1,4,0,0,0,0,0,0
2023-05-13,AST-1042,CNC Lathe,PUN-01,0,0,0,0,0,0,0,0,0,0,0
2023-05-14,AST-1042,CNC Lathe,PUN-01,0,0,0,0,0,0,0,0,0,0,0
2023-05-15,AST-1042,CNC Lathe,PUN-01,1,2,0,3,8,1,0,0,0,0,0
2023-05-16,AST-1042,CNC Lathe,PUN-01,2,4,0,6,16,1,1,1,1,1,1
2023-05-17,AST-1042,CNC Lathe,PUN-01,0,1,1,2,3,0,0,0,0,0,0
2023-05-18,AST-1042,CNC Lathe,PUN-01,0,2,1,3,5,0,0,0,0,0,0
2023-05-19,AST-1042,CNC Lathe,PUN-01,1,1,0,2,6,0,0,0,0,0,0
2023-05-20,AST-1042,CNC Lathe,PUN-01,0,0,0,0,0,0,0,0,0,0,0
2023-05-21,AST-1042,CNC Lathe,PUN-01,0,0,0,0,0,0,0,0,0,0,0
2023-05-22,AST-1042,CNC Lathe,PUN-01,0,1,0,1,2,0,0,0,0,0,0
2023-05-23,AST-1042,CNC Lathe,PUN-01,0,1,0,1,2,0,0,0,0,0,0
2023-05-24,AST-1042,CNC Lathe,PUN-01,1,1,0,2,6,0,0,0,0,0,0
2023-05-25,AST-1042,CNC Lathe,PUN-01,0,2,1,3,5,0,0,0,0,0,0
2023-05-26,AST-1042,CNC Lathe,PUN-01,0,2,0,2,4,0,0,0,0,0,0
2023-05-27,AST-1042,CNC Lathe,PUN-01,0,0,0,0,0,0,0,0,0,0,0
2023-05-28,AST-1042,CNC Lathe,PUN-01,0,0,0,0,0,0,0,0,0,0,0
2023-05-29,AST-1042,CNC Lathe,PUN-01,1,1,1,3,7,1,0,0,0,0,0
2023-05-30,AST-1042,CNC Lathe,PUN-01,2,0,1,3,9,1,0,0,0,0,0
2023-05-31,AST-1042,CNC Lathe,PUN-01,0,2,0,2,4,0,0,0,0,0,0
2023-06-01,AST-1042,CNC Lathe,PUN-01,0,0,0,0,0,0,0,0,0,0,0
2023-06-02,AST-1042,CNC Lathe,PUN-01,1,0,0,1,4,0,0,0,0,0,0
2023-06-03,AST-1042,CNC Lathe,PUN-01,0,0,0,0,0,0,0,0,0,0,0
2023-06-04,AST-1042,CNC Lathe,PUN-01,0,0,0,0,0,0,0,0,0,0,0
2023-06-05,AST-1042,CNC Lathe,PUN-01,0,1,1,2,3,0,0,0,0,0,0
2023-06-06,AST-1042,CNC Lathe,PUN-01,2,1,0,3,10,1,1,0,0,0,0
2023-06-07,AST-1042,CNC Lathe,PUN-01,3,1,1,5,15,1,1,1,1,1,1
2023-06-08,AST-1042,CNC Lathe,PUN-01,2,0,0,2,8,1,0,0,0,0,0
2023-06-09,AST-1042,CNC Lathe,PUN-01,1,2,0,3,8,1,0,0,0,0,0
2023-06-10,AST-1042,CNC Lathe,PUN-01,0,0,0,0,0,0,0,0,0,0,0
2023-06-11,AST-1042,CNC Lathe,PUN-01,0,0,0,0,0,0,0,0,0,0,0
2023-06-12,AST-1042,CNC Lathe,PUN-01,1,1,0,2,6,0,0,0,0,0,0
2023-06-13,AST-1042,CNC Lathe,PUN-01,0,0,0,0,0,0,0,0,0,0,0
2023-06-14,AST-1042,CNC Lathe,PUN-01,0,1,0,1,2,0,0,0,0,0,0
2023-06-15,AST-1042,CNC Lathe,PUN-01,1,0,0,1,4,0,0,0,0,0,0
2023-06-16,AST-1042,CNC Lathe,PUN-01,1,0,0,1,4,0,0,0,0,0,0
2023-06-17,AST-1042,CNC Lathe,PUN-01,0,0,0,0,0,0,0,0,0,0,0
2023-06-18,AST-1042,CNC Lathe,PUN-01,0,0,0,0,0,0,0,0,0,0,0
2023-06-19,AST-1042,CNC Lathe,PUN-01,1,1,0,2,6,0,0,0,0,0,0
2023-06-20,AST-1042,CNC Lathe,PUN-01,0,1,1,2,3,0,0,0,0,0,0
2023-06-21,AST-1042,CNC Lathe,PUN-01,0,2,1,3,5,0,0,0,0,0,0
2023-06-22,AST-1042,CNC Lathe,PUN-01,2,2,1,5,13,1,1,1,1,1,0
2023-06-23,AST-1042,CNC Lathe,PUN-01,2,1,1,4,11,1,1,1,0,0,0
2023-06-24,AST-1042,CNC Lathe,PUN-01,0,0,0,0,0,0,0,0,0,0,0
2023-06-25,AST-1042,CNC Lathe,PUN-01,0,0,0,0,0,0,0,0,0,0,0
2023-06-26,AST-1042,CNC Lathe,PUN-01,2,2,1,5,13,1,1,1,1,1,0
2023-06-27,AST-1042,CNC Lathe,PUN-01,0,0,1,1,1,0,0,0,0,0,0
2023-06-28,AST-1042,CNC Lathe,PUN-01,0,1,1,2,3,0,0,0,0,0,0
2023-06-29,AST-1042,CNC Lathe,PUN-01,0,1,0,1,2,0,0,0,0,0,0
2023-06-30,AST-1042,CNC Lathe,PUN-01,2,0,1,3,9,1,0,0,0,0,0
2023-07-01,AST-1042,CNC Lathe,PUN-01,0,0,0,0,0,0,0,0,0,0,0
2023-07-02,AST-1042,CNC Lathe,PUN-01,0,0,0,0,0,0,0,0,0,0,0
2023-07-03,AST-1042,CNC Lathe,PUN-01,1,2,0,3,8,1,0,0,0,0,0
2023-07-04,AST-1042,CNC Lathe,PUN-01,1,0,0,1,4,0,0,0,0,0,0
2023-07-05,AST-1042,CNC Lathe,PUN-01,0,1,0,1,2,0,0,0,0,0,0
2023-07-06,AST-1042,CNC Lathe,PUN-01,0,3,0,3,6,0,0,0,0,0,0
2023-07-07,AST-1042,CNC Lathe,PUN-01,0,0,1,1,1,0,0,0,0,0,0
2023-07-08,AST-1042,CNC Lathe,PUN-01,0,0,0,0,0,0,0,0,0,0,0
2023-07-09,AST-1042,CNC Lathe,PUN-01,0,0,0,0,0,0,0,0,0,0,0
2023-07-10,AST-1042,CNC Lathe,PUN-01,1,1,0,2,6,0,0,0,0,0,0
2023-07-11,AST-1042,CNC Lathe,PUN-01,1,4,1,6,13,1,1,1,1,1,0
2023-07-12,AST-1042,CNC Lathe,PUN-01,0,1,0,1,2,0,0,0,0,0,0
2023-07-13,AST-1042,CNC Lathe,PUN-01,2,3,0,5,14,1,1,1,1,1,1
2023-07-14,AST-1042,CNC Lathe,PUN-01,4,1,1,6,19,1,1,1,1,1,1
2023-07-15,AST-1042,CNC Lathe,PUN-01,0,0,0,0,0,0,0,0,0,0,0
2023-07-16,AST-1042,CNC Lathe,PUN-01,0,0,0,0,0,0,0,0,0,0,0
2023-07-17,AST-1042,CNC Lathe,PUN-01,1,1,1,3,7,1,0,0,0,0,0
2023-07-18,AST-1042,CNC Lathe,PUN-01,1,0,1,2,5,0,0,0,0,0,0
2023-07-19,AST-1042,CNC Lathe,PUN-01,0,1,0,1,2,0,0,0,0,0,0
2023-07-20,AST-1042,CNC Lathe,PUN-01,1,2,1,4,9,1,0,0,0,0,0
2023-07-21,AST-1042,CNC Lathe,PUN-01,1,1,0,2,6,0,0,0,0,0,0
2023-07-22,AST-1042,CNC Lathe,PUN-01,0,0,0,0,0,0,0,0,0,0,0
2023-07-23,AST-1042,CNC Lathe,PUN-01,0,0,0,0,0,0,0,0,0,0,0
2023-07-24,AST-1042,CNC Lathe,PUN-01,0,2,0,2,4,0,0,0,0,0,0
2023-07-25,AST-1042,CNC Lathe,PUN-01,1,1,1,3,7,1,0,0,0,0,0
2023-07-26,AST-1042,CNC Lathe,PUN-01,0,2,0,2,4,0,0,0,0,0,0
2023-07-27,AST-1042,CNC Lathe,PUN-01,1,2,0,3,8,1,0,0,0,0,0
2023-07-28,AST-1042,CNC Lathe,PUN-01,0,1,1,2,3,0,0,0,0,0,0
2023-07-29,AST-1042,CNC Lathe,PUN-01,0,0,0,0,0,0,0,0,0,0,0
2023-07-30,AST-1042,CNC Lathe,PUN-01,0,0,0,0,0,0,0,0,0,0,0
2023-07-31,AST-1042,CNC Lathe,PUN-01,1,0,1,2,5,0,0,0,0,0,0
2023-08-01,AST-1042,CNC Lathe,PUN-01,1,1,1,3,7,1,0,0,0,0,0
2023-08-02,AST-1042,CNC Lathe,PUN-01,1,0,0,1,4,0,0,0,0,0,0
2023-08-03,AST-1042,CNC Lathe,PUN-01,2,1,0,3,10,1,1,0,0,0,0
2023-08-04,AST-1042,CNC Lathe,PUN-01,1,1,2,4,8,1,0,0,0,0,0
2023-08-05,AST-1042,CNC Lathe,PUN-01,0,0,0,0,0,0,0,0,0,0,0
2023-08-06,AST-1042,CNC Lathe,PUN-01,0,0,0,0,0,0,0,0,0,0,0
2023-08-07,AST-1042,CNC Lathe,PUN-01,2,1,0,3,10,1,1,0,0,0,0
2023-08-08,AST-1042,CNC Lathe,PUN-01,1,6,0,7,16,1,1,1,1,1,1
2023-08-09,AST-1042,CNC Lathe,PUN-01,0,3,0,3,6,0,0,0,0,0,0
2023-08-10,AST-1042,CNC Lathe,PUN-01,1,2,0,3,8,1,0,0,0,0,0
2023-08-11,AST-1042,CNC Lathe,PUN-01,0,2,0,2,4,0,0,0,0,0,0
2023-08-12,AST-1042,CNC Lathe,PUN-01,0,0,0,0,0,0,0,0,0,0,0
2023-08-13,AST-1042,CNC Lathe,PUN-01,0,0,0,0,0,0,0,0,0,0,0
2023-08-14,AST-1042,CNC Lathe,PUN-01,0,1,0,1,2,0,0,0,0,0,0
2023-08-15,AST-1042,CNC Lathe,PUN-01,1,3,0,4,10,1,1,0,0,0,0
2023-08-16,AST-1042,CNC Lathe,PUN-01,2,0,0,2,8,1,0,0,0,0,0
2023-08-17,AST-1042,CNC Lathe,PUN-01,2,2,0,4,12,1,1,1,1,0,0
2023-08-18,AST-1042,CNC Lathe,PUN-01,0,1,1,2,3,0,0,0,0,0,0
2023-08-19,AST-1042,CNC Lathe,PUN-01,0,0,0,0,0,0,0,0,0,0,0
2023-08-20,AST-1042,CNC Lathe,PUN-01,0,0,0,0,0,0,0,0,0,0,0
2023-08-21,AST-1042,CNC Lathe,PUN-01,2,2,2,6,14,1,1,1,1,1,1
2023-08-22,AST-1042,CNC Lathe,PUN-01,0,0,0,0,0,0,0,0,0,0,0
2023-08-23,AST-1042,CNC Lathe,PUN-01,2,1,1,4,11,1,1,1,0,0,0
2023-08-24,AST-1042,CNC Lathe,PUN-01,1,4,1,6,13,1,1,1,1,1,0
2023-08-25,AST-1042,CNC Lathe,PUN-01,2,0,1,3,9,1,0,0,0,0,0
2023-08-26,AST-1042,CNC Lathe,PUN-01,0,0,0,0,0,0,0,0,0,0,0
2023-08-27,AST-1042,CNC Lathe,PUN-01,0,0,0,0,0,0,0,0,0,0,0
2023-08-28,AST-1042,CNC Lathe,PUN-01,0,2,1,3,5,0,0,0,0,0,0
2023-08-29,AST-1042,CNC Lathe,PUN-01,3,2,0,5,16,1,1,1,1,1,1
2023-08-30,AST-1042,CNC Lathe,PUN-01,0,0,0,0,0,0,0,0,0,0,0
2023-08-31,AST-1042,CNC Lathe,PUN-01,2,0,1,3,9,1,0,0,0,0,0
2023-09-01,AST-1042,CNC Lathe,PUN-01,3,0,0,3,12,1,1,1,1,0,0
2023-09-02,AST-1042,CNC Lathe,PUN-01,0,0,0,0,0,0,0,0,0,0,0
2023-09-03,AST-1042,CNC Lathe,PUN-01,0,0,0,0,0,0,0,0,0,0,0
2023-09-04,AST-1042,CNC Lathe,PUN-01,3,0,1,4,13,1,1,1,1,1,0
2023-09-05,AST-1042,CNC Lathe,PUN-01,0,0,0,0,0,0,0,0,0,0,0
2023-09-06,AST-1042,CNC Lathe,PUN-01,1,1,1,3,7,1,0,0,0,0,0
2023-09-07,AST-1042,CNC Lathe,PUN-01,1,0,0,1,4,0,0,0,0,0,0
2023-09-08,AST-1042,CNC Lathe,PUN-01,0,0,1,1,1,0,0,0,0,0,0
2023-09-09,AST-1042,CNC Lathe,PUN-01,0,0,0,0,0,0,0,0,0,0,0
2023-09-10,AST-1042,CNC Lathe,PUN-01,0,0,0,0,0,0,0,0,0,0,0
2023-09-11,AST-1042,CNC Lathe,PUN-01,2,0,0,2,8,1,0,0,0,0,0
2023-09-12,AST-1042,CNC Lathe,PUN-01,1,2,2,5,10,1,1,0,0,0,0
2023-09-13,AST-1042,CNC Lathe,PUN-01,1,2,0,3,8,1,0,0,0,0,0
2023-09-14,AST-1042,CNC Lathe,PUN-01,1,0,0,1,4,0,0,0,0,0,0
2023-09-15,AST-1042,CNC Lathe,PUN-01,0,0,1,1,1,0,0,0,0,0,0
2023-09-16,AST-1042,CNC Lathe,PUN-01,0,0,0,0,0,0,0,0,0,0,0
2023-09-17,AST-1042,CNC Lathe,PUN-01,0,0,0,0,0,0,0,0,0,0,0
2023-09-18,AST-1042,CNC Lathe,PUN-01,1,0,0,1,4,0,0,0,0,0,0
2023-09-19,AST-1042,CNC Lathe,PUN-01,2,1,0,3,10,1,1,0,0,0,0
2023-09-20,AST-1042,CNC Lathe,PUN-01,1,3,0,4,10,1,1,0,0,0,0
2023-09-21,AST-1042,CNC Lathe,PUN-01,2,0,1,3,9,1,0,0,0,0,0
2023-09-22,AST-1042,CNC Lathe,PUN-01,0,1,1,2,3,0,0,0,0,0,0
2023-09-23,AST-1042,CNC Lathe,PUN-01,0,0,0,0,0,0,0,0,0,0,0
2023-09-24,AST-1042,CNC Lathe,PUN-01,0,0,0,0,0,0,0,0,0,0,0
2023-09-25,AST-1042,CNC Lathe,PUN-01,3,1,1,5,15,1,1,1,1,1,1
2023-09-26,AST-1042,CNC Lathe,PUN-01,1,2,1,4,9,1,0,0,0,0,0
2023-09-27,AST-1042,CNC Lathe,PUN-01,1,0,0,1,4,0,0,0,0,0,0
2023-09-28,AST-1042,CNC Lathe,PUN-01,0,0,0,0,0,0,0,0,0,0,0
2023-09-29,AST-1042,CNC Lathe,PUN-01,2,2,0,4,12,1,1,1,1,0,0
2023-09-30,AST-1042,CNC Lathe,PUN-01,0,0,0,0,0,0,0,0,0,0,0
2023-10-01,AST-1042,CNC Lathe,PUN-01,0,0,0,0,0,0,0,0,0,0,0
2023-10-02,AST-1042,CNC Lathe,PUN-01,1,1,0,2,6,0,0,0,0,0,0
2023-10-03,AST-1042,CNC Lathe,PUN-01,1,3,3,7,13,1,1,1,1,1,0
2023-10-04,AST-1042,CNC Lathe,PUN-01,0,0,0,0,0,0,0,0,0,0,0
2023-10-05,AST-1042,CNC Lathe,PUN-01,3,3,0,6,18,1,1,1,1,1,1
2023-10-06,AST-1042,CNC Lathe,PUN-01,1,1,0,2,6,0,0,0,0,0,0
2023-10-07,AST-1042,CNC Lathe,PUN-01,0,0,0,0,0,0,0,0,0,0,0
2023-10-08,AST-1042,CNC Lathe,PUN-01,0,0,0,0,0,0,0,0,0,0,0
2023-10-09,AST-1042,CNC Lathe,PUN-01,3,1,1,5,15,1,1,1,1,1,1
2023-10-10,AST-1042,CNC Lathe,PUN-01,1,1,1,3,7,1,0,0,0,0,0
2023-10-11,AST-1042,CNC Lathe,PUN-01,0,2,1,3,5,0,0,0,0,0,0
2023-10-12,AST-1042,CNC Lathe,PUN-01,2,0,1,3,9,1,0,0,0,0,0
2023-10-13,AST-1042,CNC Lathe,PUN-01,2,2,0,4,12,1,1,1,1,0,0
2023-10-14,AST-1042,CNC Lathe,PUN-01,0,0,0,0,0,0,0,0,0,0,0
2023-10-15,AST-1042,CNC Lathe,PUN-01,0,0,0,0,0,0,0,0,0,0,0
2023-10-16,AST-1042,CNC Lathe,PUN-01,0,1,0,1,2,0,0,0,0,0,0
2023-10-17,AST-1042,CNC Lathe,PUN-01,1,1,1,3,7,1,0,0,0,0,0
2023-10-18,AST-1042,CNC Lathe,PUN-01,0,3,0,3,6,0,0,0,0,0,0
2023-10-19,AST-1042,CNC Lathe,PUN-01,1,2,0,3,8,1,0,0,0,0,0
2023-10-20,AST-1042,CNC Lathe,PUN-01,2,1,1,4,11,1,1,1,0,0,0
2023-10-21,AST-1042,CNC Lathe,PUN-01,0,0,0,0,0,0,0,0,0,0,0
2023-10-22,AST-1042,CNC Lathe,PUN-01,0,0,0,0,0,0,0,0,0,0,0
2023-10-23,AST-1042,CNC Lathe,PUN-01,2,1,1,4,11,1,1,1,0,0,0
2023-10-24,AST-1042,CNC Lathe,PUN-01,2,1,1,4,11,1,1,1,0,0,0
2023-10-25,AST-1042,CNC Lathe,PUN-01,2,0,0,2,8,1,0,0,0,0,0
2023-10-26,AST-1042,CNC Lathe,PUN-01,2,0,0,2,8,1,0,0,0,0,0
2023-10-27,AST-1042,CNC Lathe,PUN-01,1,0,0,1,4,0,0,0,0,0,0
2023-10-28,AST-1042,CNC Lathe,PUN-01,0,0,0,0,0,0,0,0,0,0,0
2023-10-29,AST-1042,CNC Lathe,PUN-01,0,0,0,0,0,0,0,0,0,0,0
2023-10-30,AST-1042,CNC Lathe,PUN-01,0,1,0,1,2,0,0,0,0,0,0
2023-10-31,AST-1042,CNC Lathe,PUN-01,1,0,0,1,4,0,0,0,0,0,0
2023-11-01,AST-1042,CNC Lathe,PUN-01,0,0,0,0,0,0,0,0,0,0,0
2023-11-02,AST-1042,CNC Lathe,PUN-01,2,0,0,2,8,1,0,0,0,0,0
2023-11-03,AST-1042,CNC Lathe,PUN-01,1,2,0,3,8,1,0,0,0,0,0
2023-11-04,AST-1042,CNC Lathe,PUN-01,0,0,0,0,0,0,0,0,0,0,0
2023-11-05,AST-1042,CNC Lathe,PUN-01,0,0,0,0,0,0,0,0,0,0,0
2023-11-06,AST-1042,CNC Lathe,PUN-01,1,1,0,2,6,0,0,0,0,0,0
2023-11-07,AST-1042,CNC Lathe,PUN-01,1,1,0,2,6,0,0,0,0,0,0
2023-11-08,AST-1042,CNC Lathe,PUN-01,2,1,0,3,10,1,1,0,0,0,0
2023-11-09,AST-1042,CNC Lathe,PUN-01,1,2,0,3,8,1,0,0,0,0,0
2023-11-10,AST-1042,CNC Lathe,PUN-01,1,1,0,2,6,0,0,0,0,0,0
2023-11-11,AST-1042,CNC Lathe,PUN-01,0,0,0,0,0,0,0,0,0,0,0
2023-11-12,AST-1042,CNC Lathe,PUN-01,0,0,0,0,0,0,0,0,0,0,0
2023-11-13,AST-1042,CNC Lathe,PUN-01,1,1,0,2,6,0,0,0,0,0,0
2023-11-14,AST-1042,CNC Lathe,PUN-01,0,2,1,3,5,0,0,0,0,0,0
2023-11-15,AST-1042,CNC Lathe,PUN-01,0,1,0,1,2,0,0,0,0,0,0
2023-11-16,AST-1042,CNC Lathe,PUN-01,1,2,2,5,10,1,1,0,0,0,0
2023-11-17,AST-1042,CNC Lathe,PUN-01,1,1,0,2,6,0,0,0,0,0,0
2023-11-18,AST-1042,CNC Lathe,PUN-01,0,0,0,0,0,0,0,0,0,0,0
2023-11-19,AST-1042,CNC Lathe,PUN-01,0,0,0,0,0,0,0,0,0,0,0
2023-11-20,AST-1042,CNC Lathe,PUN-01,0,2,1,3,5,0,0,0,0,0,0
2023-11-21,AST-1042,CNC Lathe,PUN-01,2,2,0,4,12,1,1,1,1,0,0
2023-11-22,AST-1042,CNC Lathe,PUN-01,1,0,0,1,4,0,0,0,0,0,0
2023-11-23,AST-1042,CNC Lathe,PUN-01,1,1,0,2,6,0,0,0,0,0,0
2023-11-24,AST-1042,CNC Lathe,PUN-01,0,0,1,1,1,0,0,0,0,0,0
2023-11-25,AST-1042,CNC Lathe,PUN-01,0,0,0,0,0,0,0,0,0,0,0
2023-11-26,AST-1042,CNC Lathe,PUN-01,0,0,0,0,0,0,0,0,0,0,0
2023-11-27,AST-1042,CNC Lathe,PUN-01,1,2,0,3,8,1,0,0,0,0,0
2023-11-28,AST-1042,CNC Lathe,PUN-01,1,1,1,3,7,1,0,0,0,0,0
2023-11-29,AST-1042,CNC Lathe,PUN-01,2,1,0,3,10,1,1,0,0,0,0
2023-11-30,AST-1042,CNC Lathe,PUN-01,4,0,0,4,16,1,1,1,1,1,1
2023-12-01,AST-1042,CNC Lathe,PUN-01,1,2,2,5,10,1,1,0,0,0,0
2023-12-02,AST-1042,CNC Lathe,PUN-01,0,0,0,0,0,0,0,0,0,0,0
2023-12-03,AST-1042,CNC Lathe,PUN-01,0,0,0,0,0,0,0,0,0,0,0
2023-12-04,AST-1042,CNC Lathe,PUN-01,3,0,0,3,12,1,1,1,1,0,0
2023-12-05,AST-1042,CNC Lathe,PUN-01,1,2,1,4,9,1,0,0,0,0,0
2023-12-06,AST-1042,CNC Lathe,PUN-01,1,1,1,3,7,1,0,0,0,0,0
2023-12-07,AST-1042,CNC Lathe,PUN-01,2,1,0,3,10,1,1,0,0,0,0
2023-12-08,AST-1042,CNC Lathe,PUN-01,2,0,1,3,9,1,0,0,0,0,0
2023-12-09,AST-1042,CNC Lathe,PUN-01,0,0,0,0,0,0,0,0,0,0,0
2023-12-10,AST-1042,CNC Lathe,PUN-01,0,0,0,0,0,0,0,0,0,0,0
2023-12-11,AST-1042,CNC Lathe,PUN-01,2,1,1,4,11,1,1,1,0,0,0
2023-12-12,AST-1042,CNC Lathe,PUN-01,2,0,0,2,8,1,0,0,0,0,0
2023-12-13,AST-1042,CNC Lathe,PUN-01,0,0,2,2,2,0,0,0,0,0,0
2023-12-14,AST-1042,CNC Lathe,PUN-01,3,1,0,4,14,1,1,1,1,1,1
2023-12-15,AST-1042,CNC Lathe,PUN-01,3,0,0,3,12,1,1,1,1,0,0
2023-12-16,AST-1042,CNC Lathe,PUN-01,0,0,0,0,0,0,0,0,0,0,0
2023-12-17,AST-1042,CNC Lathe,PUN-01,0,0,0,0,0,0,0,0,0,0,0
2023-12-18,AST-1042,CNC Lathe,PUN-01,0,1,1,2,3,0,0,0,0,0,0
2023-12-19,AST-1042,CNC Lathe,PUN-01,3,4,0,7,20,1,1,1,1,1,1
2023-12-20,AST-1042,CNC Lathe,PUN-01,1,0,0,1,4,0,0,0,0,0,0
2023-12-21,AST-1042,CNC Lathe,PUN-01,0,2,0,2,4,0,0,0,0,0,0
2023-12-22,AST-1042,CNC Lathe,PUN-01,0,2,1,3,5,0,0,0,0,0,0
2023-12-23,AST-1042,CNC Lathe,PUN-01,0,0,0,0,0,0,0,0,0,0,0
2023-12-24,AST-1042,CNC Lathe,PUN-01,0,0,0,0,0,0,0,0,0,0,0
2023-12-25,AST-1042,CNC Lathe,PUN-01,0,1,1,2,3,0,0,0,0,0,0
2023-12-26,AST-1042,CNC Lathe,PUN-01,0,1,1,2,3,0,0,0,0,0,0
2023-12-27,AST-1042,CNC Lathe,PUN-01,1,1,1,3,7,1,0,0,0,0,0
2023-12-28,AST-1042,CNC Lathe,PUN-01,2,2,0,4,12,1,1,1,1,0,0
2023-12-29,AST-1042,CNC Lathe,PUN-01,2,1,1,4,11,1,1,1,0,0,0
2023-12-30,AST-1042,CNC Lathe,PUN-01,0,0,0,0,0,0,0,0,0,0,0
2023-12-31,AST-1042,CNC Lathe,PUN-01,0,0,0,0,0,0,0,0,0,0,0
2024-01-01,AST-1042,CNC Lathe,PUN-01,1,2,2,5,10,1,1,0,0,0,0
2024-01-02,AST-1042,CNC Lathe,PUN-01,1,2,0,3,8,1,0,0,0,0,0
2024-01-03,AST-1042,CNC Lathe,PUN-01,0,1,1,2,3,0,0,0,0,0,0
2024-01-04,AST-1042,CNC Lathe,PUN-01,0,2,0,2,4,0,0,0,0,0,0
2024-01-05,AST-1042,CNC Lathe,PUN-01,0,1,0,1,2,0,0,0,0,0,0
2024-01-06,AST-1042,CNC Lathe,PUN-01,0,0,0,0,0,0,0,0,0,0,0
2024-01-07,AST-1042,CNC Lathe,PUN-01,0,0,0,0,0,0,0,0,0,0,0
2024-01-08,AST-1042,CNC Lathe,PUN-01,1,2,1,4,9,1,0,0,0,0,0
2024-01-09,AST-1042,CNC Lathe,PUN-01,1,0,0,1,4,0,0,0,0,0,0
2024-01-10,AST-1042,CNC Lathe,PUN-01,1,5,0,6,14,1,1,1,1,1,1
2024-01-11,AST-1042,CNC Lathe,PUN-01,1,0,0,1,4,0,0,0,0,0,0
2024-01-12,AST-1042,CNC Lathe,PUN-01,2,2,0,4,12,1,1,1,1,0,0
2024-01-13,AST-1042,CNC Lathe,PUN-01,0,0,0,0,0,0,0,0,0,0,0
2024-01-14,AST-1042,CNC Lathe,PUN-01,0,0,0,0,0,0,0,0,0,0,0
2024-01-15,AST-1042,CNC Lathe,PUN-01,1,1,0,2,6,0,0,0,0,0,0
2024-01-16,AST-1042,CNC Lathe,PUN-01,1,2,0,3,8,1,0,0,0,0,0
2024-01-17,AST-1042,CNC Lathe,PUN-01,0,2,1,3,5,0,0,0,0,0,0
2024-01-18,AST-1042,CNC Lathe,PUN-01,2,1,0,3,10,1,1,0,0,0,0
2024-01-19,AST-1042,CNC Lathe,PUN-01,1,3,0,4,10,1,1,0,0,0,0
2024-01-20,AST-1042,CNC Lathe,PUN-01,0,0,0,0,0,0,0,0,0,0,0
2024-01-21,AST-1042,CNC Lathe,PUN-01,0,0,0,0,0,0,0,0,0,0,0
2024-01-22,AST-1042,CNC Lathe,PUN-01,0,1,0,1,2,0,0,0,0,0,0
2024-01-23,AST-1042,CNC Lathe,PUN-01,2,3,0,5,14,1,1,1,1,1,1
2024-01-24,AST-1042,CNC Lathe,PUN-01,0,2,0,2,4,0,0,0,0,0,0
2024-01-25,AST-1042,CNC Lathe,PUN-01,2,0,1,3,9,1,0,0,0,0,0
2024-01-26,AST-1042,CNC Lathe,PUN-01,1,0,0,1,4,0,0,0,0,0,0
2024-01-27,AST-1042,CNC Lathe,PUN-01,0,0,0,0,0,0,0,0,0,0,0
2024-01-28,AST-1042,CNC Lathe,PUN-01,0,0,0,0,0,0,0,0,0,0,0
2024-01-29,AST-1042,CNC Lathe,PUN-01,2,2,1,5,13,1,1,1,1,1,0
2024-01-30,AST-1042,CNC Lathe,PUN-01,0,2,0,2,4,0,0,0,0,0,0
2024-01-31,AST-1042,CNC Lathe,PUN-01,1,1,0,2,6,0,0,0,0,0,0
2024-02-01,AST-1042,CNC Lathe,PUN-01,1,1,0,2,6,0,0,0,0,0,0
2024-02-02,AST-1042,CNC Lathe,PUN-01,1,1,0,2,6,0,0,0,0,0,0
2024-02-03,AST-1042,CNC Lathe,PUN-01,0,0,0,0,0,0,0,0,0,0,0
2024-02-04,AST-1042,CNC Lathe,PUN-01,0,0,0,0,0,0,0,0,0,0,0
2024-02-05,AST-1042,CNC Lathe,PUN-01,1,3,0,4,10,1,1,0,0,0,0
2024-02-06,AST-1042,CNC Lathe,PUN-01,1,1,1,3,7,1,0,0,0,0,0
2024-02-07,AST-1042,CNC Lathe,PUN-01,2,1,1,4,11,1,1,1,0,0,0
2024-02-08,AST-1042,CNC Lathe,PUN-01,0,1,1,2,3,0,0,0,0,0,0
2024-02-09,AST-1042,CNC Lathe,PUN-01,1,1,0,2,6,0,0,0,0,0,0
2024-02-10,AST-1042,CNC Lathe,PUN-01,0,0,0,0,0,0,0,0,0,0,0
2024-02-11,AST-1042,CNC Lathe,PUN-01,0,0,0,0,0,0,0,0,0,0,0
2024-02-12,AST-1042,CNC Lathe,PUN-01,0,2,1,3,5,0,0,0,0,0,0
2024-02-13,AST-1042,CNC Lathe,PUN-01,0,1,0,1,2,0,0,0,0,0,0
2024-02-14,AST-1042,CNC Lathe,PUN-01,1,1,0,2,6,0,0,0,0,0,0
2024-02-15,AST-1042,CNC Lathe,PUN-01,0,3,1,4,7,1,0,0,0,0,0
2024-02-16,AST-1042,CNC Lathe,PUN-01,0,1,0,1,2,0,0,0,0,0,0
2024-02-17,AST-1042,CNC Lathe,PUN-01,0,0,0,0,0,0,0,0,0,0,0
2024-02-18,AST-1042,CNC Lathe,PUN-01,0,0,0,0,0,0,0,0,0,0,0
2024-02-19,AST-1042,CNC Lathe,PUN-01,0,2,0,2,4,0,0,0,0,0,0
2024-02-20,AST-1042,CNC Lathe,PUN-01,1,1,0,2,6,0,0,0,0,0,0
2024-02-21,AST-1042,CNC Lathe,PUN-01,1,0,0,1,4,0,0,0,0,0,0
2024-02-22,AST-1042,CNC Lathe,PUN-01,1,1,1,3,7,1,0,0,0,0,0
2024-02-23,AST-1042,CNC Lathe,PUN-01,0,0,1,1,1,0,0,0,0,0,0
2024-02-24,AST-1042,CNC Lathe,PUN-01,0,0,0,0,0,0,0,0,0,0,0
2024-02-25,AST-1042,CNC Lathe,PUN-01,0,0,0,0,0,0,0,0,0,0,0
2024-02-26,AST-1042,CNC Lathe,PUN-01,0,3,0,3,6,0,0,0,0,0,0
2024-02-27,AST-1042,CNC Lathe,PUN-01,2,1,1,4,11,1,1,1,0,0,0
2024-02-28,AST-1042,CNC Lathe,PUN-01,3,0,1,4,13,1,1,1,1,1,0
2024-02-29,AST-1042,CNC Lathe,PUN-01,0,2,0,2,4,0,0,0,0,0,0
2024-03-01,AST-1042,CNC Lathe,PUN-01,0,1,1,2,3,0,0,0,0,0,0
2024-03-02,AST-1042,CNC Lathe,PUN-01,0,0,0,0,0,0,0,0,0,0,0
2024-03-03,AST-1042,CNC Lathe,PUN-01,0,0,0,0,0,0,0,0,0,0,0
2024-03-04,AST-1042,CNC Lathe,PUN-01,1,0,1,2,5,0,0,0,0,0,0
2024-03-05,AST-1042,CNC Lathe,PUN-01,2,0,0,2,8,1,0,0,0,0,0
2024-03-06,AST-1042,CNC Lathe,PUN-01,0,1,1,2,3,0,0,0,0,0,0
2024-03-07,AST-1042,CNC Lathe,PUN-01,0,1,0,1,2,0,0,0,0,0,0
2024-03-08,AST-1042,CNC Lathe,PUN-01,0,2,0,2,4,0,0,0,0,0,0
2024-03-09,AST-1042,CNC Lathe,PUN-01,0,0,0,0,0,0,0,0,0,0,0
2024-03-10,AST-1042,CNC Lathe,PUN-01,0,0,0,0,0,0,0,0,0,0,0
2024-03-11,AST-1042,CNC Lathe,PUN-01,0,0,0,0,0,0,0,0,0,0,0
2024-03-12,AST-1042,CNC Lathe,PUN-01,2,1,1,4,11,1,1,1,0,0,0
2024-03-13,AST-1042,CNC Lathe,PUN-01,2,3,0,5,14,1,1,1,1,1,1
2024-03-14,AST-1042,CNC Lathe,PUN-01,0,0,0,0,0,0,0,0,0,0,0
2024-03-15,AST-1042,CNC Lathe,PUN-01,0,1,0,1,2,0,0,0,0,0,0
2024-03-16,AST-1042,CNC Lathe,PUN-01,0,0,0,0,0,0,0,0,0,0,0
2024-03-17,AST-1042,CNC Lathe,PUN-01,0,0,0,0,0,0,0,0,0,0,0
2024-03-18,AST-1042,CNC Lathe,PUN-01,1,0,2,3,6,0,0,0,0,0,0
2024-03-19,AST-1042,CNC Lathe,PUN-01,0,3,0,3,6,0,0,0,0,0,0
2024-03-20,AST-1042,CNC Lathe,PUN-01,2,1,0,3,10,1,1,0,0,0,0
2024-03-21,AST-1042,CNC Lathe,PUN-01,1,2,1,4,9,1,0,0,0,0,0
2024-03-22,AST-1042,CNC Lathe,PUN-01,0,1,0,1,2,0,0,0,0,0,0
2024-03-23,AST-1042,CNC Lathe,PUN-01,0,0,0,0,0,0,0,0,0,0,0
2024-03-24,AST-1042,CNC Lathe,PUN-01,0,0,0,0,0,0,0,0,0,0,0
2024-03-25,AST-1042,CNC Lathe,PUN-01,0,2,0,2,4,0,0,0,0,0,0
2024-03-26,AST-1042,CNC Lathe,PUN-01,0,1,0,1,2,0,0,0,0,0,0
2024-03-27,AST-1042,CNC Lathe,PUN-01,2,1,0,3,10,1,1,0,0,0,0
2024-03-28,AST-1042,CNC Lathe,PUN-01,0,1,1,2,3,0,0,0,0,0,0
2024-03-29,AST-1042,CNC Lathe,PUN-01,1,2,0,3,8,1,0,0,0,0,0
2024-03-30,AST-1042,CNC Lathe,PUN-01,0,0,0,0,0,0,0,0,0,0,0
2024-03-31,AST-1042,CNC Lathe,PUN-01,0,0,0,0,0,0,0,0,0,0,0
2024-04-01,AST-1042,CNC Lathe,PUN-01,1,2,0,3,8,1,0,0,0,0,0
2024-04-02,AST-1042,CNC Lathe,PUN-01,2,2,2,6,14,1,1,1,1,1,1
2024-04-03,AST-1042,CNC Lathe,PUN-01,1,2,0,3,8,1,0,0,0,0,0
2024-04-04,AST-1042,CNC Lathe,PUN-01,0,0,0,0,0,0,0,0,0,0,0
2024-04-05,AST-1042,CNC Lathe,PUN-01,0,0,1,1,1,0,0,0,0,0,0
2024-04-06,AST-1042,CNC Lathe,PUN-01,0,0,0,0,0,0,0,0,0,0,0
2024-04-07,AST-1042,CNC Lathe,PUN-01,0,0,0,0,0,0,0,0,0,0,0
2024-04-08,AST-1042,CNC Lathe,PUN-01,1,2,1,4,9,1,0,0,0,0,0
2024-04-09,AST-1042,CNC Lathe,PUN-01,0,0,1,1,1,0,0,0,0,0,0
2024-04-10,AST-1042,CNC Lathe,PUN-01,0,0,1,1,1,0,0,0,0,0,0
2024-04-11,AST-1042,CNC Lathe,PUN-01,0,0,0,0,0,0,0,0,0,0,0
2024-04-12,AST-1042,CNC Lathe,PUN-01,1,1,0,2,6,0,0,0,0,0,0
2024-04-13,AST-1042,CNC Lathe,PUN-01,0,0,0,0,0,0,0,0,0,0,0
2024-04-14,AST-1042,CNC Lathe,PUN-01,0,0,0,0,0,0,0,0,0,0,0
2024-04-15,AST-1042,CNC Lathe,PUN-01,1,2,1,4,9,1,0,0,0,0,0
2024-04-16,AST-1042,CNC Lathe,PUN-01,1,2,0,3,8,1,0,0,0,0,0
2024-04-17,AST-1042,CNC Lathe,PUN-01,0,1,0,1,2,0,0,0,0,0,0
2024-04-18,AST-1042,CNC Lathe,PUN-01,2,2,0,4,12,1,1,1,1,0,0
2024-04-19,AST-1042,CNC Lathe,PUN-01,3,1,0,4,14,1,1,1,1,1,1
2024-04-20,AST-1042,CNC Lathe,PUN-01,0,0,0,0,0,0,0,0,0,0,0
2024-04-21,AST-1042,CNC Lathe,PUN-01,0,0,0,0,0,0,0,0,0,0,0
2024-04-22,AST-1042,CNC Lathe,PUN-01,0,1,1,2,3,0,0,0,0,0,0
2024-04-23,AST-1042,CNC Lathe,PUN-01,0,1,0,1,2,0,0,0,0,0,0
2024-04-24,AST-1042,CNC Lathe,PUN-01,0,0,1,1,1,0,0,0,0,0,0
2024-04-25,AST-1042,CNC Lathe,PUN-01,0,1,1,2,3,0,0,0,0,0,0
2024-04-26,AST-1042,CNC Lathe,PUN-01,1,0,0,1,4,0,0,0,0,0,0
2024-04-27,AST-1042,CNC Lathe,PUN-01,0,0,0,0,0,0,0,0,0,0,0
2024-04-28,AST-1042,CNC Lathe,PUN-01,0,0,0,0,0,0,0,0,0,0,0
2024-04-29,AST-1042,CNC Lathe,PUN-01,2,1,0,3,10,1,1,0,0,0,0
2024-04-30,AST-1042,CNC Lathe,PUN-01,0,0,0,0,0,0,0,0,0,0,0
2024-05-01,AST-1042,CNC Lathe,PUN-01,0,2,0,2,4,0,0,0,0,0,0
2024-05-02,AST-1042,CNC Lathe,PUN-01,0,2,0,2,4,0,0,0,0,0,0
2024-05-03,AST-1042,CNC Lathe,PUN-01,2,0,1,3,9,1,0,0,0,0,0
2024-05-04,AST-1042,CNC Lathe,PUN-01,0,0,0,0,0,0,0,0,0,0,0
2024-05-05,AST-1042,CNC Lathe,PUN-01,0,0,0,0,0,0,0,0,0,0,0
2024-05-06,AST-1042,CNC Lathe,PUN-01,2,2,0,4,12,1,1,1,1,0,0
2024-05-07,AST-1042,CNC Lathe,PUN-01,0,0,1,1,1,0,0,0,0,0,0
2024-05-08,AST-1042,CNC Lathe,PUN-01,1,2,0,3,8,1,0,0,0,0,0
2024-05-09,AST-1042,CNC Lathe,PUN-01,1,0,0,1,4,0,0,0,0,0,0
2024-05-10,AST-1042,CNC Lathe,PUN-01,0,0,0,0,0,0,0,0,0,0,0
2024-05-11,AST-1042,CNC Lathe,PUN-01,0,0,0,0,0,0,0,0,0,0,0
2024-05-12,AST-1042,CNC Lathe,PUN-01,0,0,0,0,0,0,0,0,0,0,0
2024-05-13,AST-1042,CNC Lathe,PUN-01,0,0,0,0,0,0,0,0,0,0,0
2024-05-14,AST-1042,CNC Lathe,PUN-01,0,1,0,1,2,0,0,0,0,0,0
2024-05-15,AST-1042,CNC Lathe,PUN-01,0,2,0,2,4,0,0,0,0,0,0
2024-05-16,AST-1042,CNC Lathe,PUN-01,2,1,2,5,12,1,1,1,1,0,0
2024-05-17,AST-1042,CNC Lathe,PUN-01,1,0,0,1,4,0,0,0,0,0,0
2024-05-18,AST-1042,CNC Lathe,PUN-01,0,0,0,0,0,0,0,0,0,0,0
2024-05-19,AST-1042,CNC Lathe,PUN-01,0,0,0,0,0,0,0,0,0,0,0
2024-05-20,AST-1042,CNC Lathe,PUN-01,0,1,0,1,2,0,0,0,0,0,0
2024-05-21,AST-1042,CNC Lathe,PUN-01,4,3,1,8,23,1,1,1,1,1,1
2024-05-22,AST-1042,CNC Lathe,PUN-01,1,3,1,5,11,1,1,1,0,0,0
2024-05-23,AST-1042,CNC Lathe,PUN-01,2,1,0,3,10,1,1,0,0,0,0
2024-05-24,AST-1042,CNC Lathe,PUN-01,1,0,0,1,4,0,0,0,0,0,0
2024-05-25,AST-1042,CNC Lathe,PUN-01,0,0,0,0,0,0,0,0,0,0,0
2024-05-26,AST-1042,CNC Lathe,PUN-01,0,0,0,0,0,0,0,0,0,0,0
2024-05-27,AST-1042,CNC Lathe,PUN-01,1,2,0,3,8,1,0,0,0,0,0
2024-05-28,AST-1042,CNC Lathe,PUN-01,0,1,0,1,2,0,0,0,0,0,0
2024-05-29,AST-1042,CNC Lathe,PUN-01,1,1,0,2,6,0,0,0,0,0,0
2024-05-30,AST-1042,CNC Lathe,PUN-01,2,1,0,3,10,1,1,0,0,0,0
2024-05-31,AST-1042,CNC Lathe,PUN-01,0,0,0,0,0,0,0,0,0,0,0
2024-06-01,AST-1042,CNC Lathe,PUN-01,0,0,0,0,0,0,0,0,0,0,0
2024-06-02,AST-1042,CNC Lathe,PUN-01,0,0,0,0,0,0,0,0,0,0,0
2024-06-03,AST-1042,CNC Lathe,PUN-01,2,3,0,5,14,1,1,1,1,1,1
2024-06-04,AST-1042,CNC Lathe,PUN-01,1,1,1,3,7,1,0,0,0,0,0
2024-06-05,AST-1042,CNC Lathe,PUN-01,0,2,1,3,5,0,0,0,0,0,0
2024-06-06,AST-1042,CNC Lathe,PUN-01,0,0,1,1,1,0,0,0,0,0,0
2024-06-07,AST-1042,CNC Lathe,PUN-01,1,1,0,2,6,0,0,0,0,0,0
2024-06-08,AST-1042,CNC Lathe,PUN-01,0,0,0,0,0,0,0,0,0,0,0
2024-06-09,AST-1042,CNC Lathe,PUN-01,0,0,0,0,0,0,0,0,0,0,0
2024-06-10,AST-1042,CNC Lathe,PUN-01,2,2,0,4,12,1,1,1,1,0,0
2024-06-11,AST-1042,CNC Lathe,PUN-01,0,0,1,1,1,0,0,0,0,0,0
2024-06-12,AST-1042,CNC Lathe,PUN-01,1,0,0,1,4,0,0,0,0,0,0
2024-06-13,AST-1042,CNC Lathe,PUN-01,2,0,1,3,9,1,0,0,0,0,0
2024-06-14,AST-1042,CNC Lathe,PUN-01,1,0,0,1,4,0,0,0,0,0,0
2024-06-15,AST-1042,CNC Lathe,PUN-01,0,0,0,0,0,0,0,0,0,0,0
2024-06-16,AST-1042,CNC Lathe,PUN-01,0,0,0,0,0,0,0,0,0,0,0
2024-06-17,AST-1042,CNC Lathe,PUN-01,0,0,2,2,2,0,0,0,0,0,0
2024-06-18,AST-1042,CNC Lathe,PUN-01,0,0,0,0,0,0,0,0,0,0,0
2024-06-19,AST-1042,CNC Lathe,PUN-01,0,0,0,0,0,0,0,0,0,0,0
2024-06-20,AST-1042,CNC Lathe,PUN-01,1,0,1,2,5,0,0,0,0,0,0
2024-06-21,AST-1042,CNC Lathe,PUN-01,0,2,0,2,4,0,0,0,0,0,0
2024-06-22,AST-1042,CNC Lathe,PUN-01,0,0,0,0,0,0,0,0,0,0,0
2024-06-23,AST-1042,CNC Lathe,PUN-01,0,0,0,0,0,0,0,0,0,0,0
2024-06-24,AST-1042,CNC Lathe,PUN-01,2,1,0,3,10,1,1,0,0,0,0
2024-06-25,AST-1042,CNC Lathe,PUN-01,0,0,0,0,0,0,0,0,0,0,0
2024-06-26,AST-1042,CNC Lathe,PUN-01,2,2,0,4,12,1,1,1,1,0,0
2024-06-27,AST-1042,CNC Lathe,PUN-01,1,0,0,1,4,0,0,0,0,0,0
2024-06-28,AST-1042,CNC Lathe,PUN-01,1,0,0,1,4,0,0,0,0,0,0
2024-06-29,AST-1042,CNC Lathe,PUN-01,0,0,0,0,0,0,0,0,0,0,0
2024-06-30,AST-1042,CNC Lathe,PUN-01,0,0,0,0,0,0,0,0,0,0,0
2024-07-01,AST-1042,CNC Lathe,PUN-01,0,3,0,3,6,0,0,0,0,0,0
2024-07-02,AST-1042,CNC Lathe,PUN-01,1,1,2,4,8,1,0,0,0,0,0
2024-07-03,AST-1042,CNC Lathe,PUN-01,2,3,0,5,14,1,1,1,1,1,1
2024-07-04,AST-1042,CNC Lathe,PUN-01,2,1,0,3,10,1,1,0,0,0,0
2024-07-05,AST-1042,CNC Lathe,PUN-01,2,1,1,4,11,1,1,1,0,0,0
2024-07-06,AST-1042,CNC Lathe,PUN-01,0,0,0,0,0,0,0,0,0,0,0
2024-07-07,AST-1042,CNC Lathe,PUN-01,0,0,0,0,0,0,0,0,0,0,0
2024-07-08,AST-1042,CNC Lathe,PUN-01,1,1,0,2,6,0,0,0,0,0,0
2024-07-09,AST-1042,CNC Lathe,PUN-01,1,0,2,3,6,0,0,0,0,0,0
2024-07-10,AST-1042,CNC Lathe,PUN-01,0,0,0,0,0,0,0,0,0,0,0
2024-07-11,AST-1042,CNC Lathe,PUN-01,0,1,0,1,2,0,0,0,0,0,0
2024-07-12,AST-1042,CNC Lathe,PUN-01,1,2,0,3,8,1,0,0,0,0,0
2024-07-13,AST-1042,CNC Lathe,PUN-01,0,0,0,0,0,0,0,0,0,0,0
2024-07-14,AST-1042,CNC Lathe,PUN-01,0,0,0,0,0,0,0,0,0,0,0
2024-07-15,AST-1042,CNC Lathe,PUN-01,2,1,0,3,10,1,1,0,0,0,0
2024-07-16,AST-1042,CNC Lathe,PUN-01,1,1,1,3,7,1,0,0,0,0,0
2024-07-17,AST-1042,CNC Lathe,PUN-01,1,0,0,1,4,0,0,0,0,0,0
2024-07-18,AST-1042,CNC Lathe,PUN-01,1,0,1,2,5,0,0,0,0,0,0
2024-07-19,AST-1042,CNC Lathe,PUN-01,0,3,0,3,6,0,0,0,0,0,0
2024-07-20,AST-1042,CNC Lathe,PUN-01,0,0,0,0,0,0,0,0,0,0,0
2024-07-21,AST-1042,CNC Lathe,PUN-01,0,0,0,0,0,0,0,0,0,0,0
2024-07-22,AST-1042,CNC Lathe,PUN-01,1,1,0,2,6,0,0,0,0,0,0
2024-07-23,AST-1042,CNC Lathe,PUN-01,1,0,0,1,4,0,0,0,0,0,0
2024-07-24,AST-1042,CNC Lathe,PUN-01,2,1,1,4,11,1,1,1,0,0,0
2024-07-25,AST-1042,CNC Lathe,PUN-01,1,0,0,1,4,0,0,0,0,0,0
2024-07-26,AST-1042,CNC Lathe,PUN-01,0,1,2,3,4,0,0,0,0,0,0
2024-07-27,AST-1042,CNC Lathe,PUN-01,0,0,0,0,0,0,0,0,0,0,0
2024-07-28,AST-1042,CNC Lathe,PUN-01,0,0,0,0,0,0,0,0,0,0,0
2024-07-29,AST-1042,CNC Lathe,PUN-01,1,2,0,3,8,1,0,0,0,0,0
2024-07-30,AST-1042,CNC Lathe,PUN-01,0,0,1,1,1,0,0,0,0,0,0
2024-07-31,AST-1042,CNC Lathe,PUN-01,0,0,1,1,1,0,0,0,0,0,0
2024-08-01,AST-1042,CNC Lathe,PUN-01,1,0,0,1,4,0,0,0,0,0,0
2024-08-02,AST-1042,CNC Lathe,PUN-01,1,2,0,3,8,1,0,0,0,0,0
2024-08-03,AST-1042,CNC Lathe,PUN-01,0,0,0,0,0,0,0,0,0,0,0
2024-08-04,AST-1042,CNC Lathe,PUN-01,0,0,0,0,0,0,0,0,0,0,0
2024-08-05,AST-1042,CNC Lathe,PUN-01,1,0,0,1,4,0,0,0,0,0,0
2024-08-06,AST-1042,CNC Lathe,PUN-01,0,0,0,0,0,0,0,0,0,0,0
2024-08-07,AST-1042,CNC Lathe,PUN-01,0,0,0,0,0,0,0,0,0,0,0
2024-08-08,AST-1042,CNC Lathe,PUN-01,1,0,0,1,4,0,0,0,0,0,0
2024-08-09,AST-1042,CNC Lathe,PUN-01,0,1,0,1,2,0,0,0,0,0,0
2024-08-10,AST-1042,CNC Lathe,PUN-01,0,0,0,0,0,0,0,0,0,0,0
2024-08-11,AST-1042,CNC Lathe,PUN-01,0,0,0,0,0,0,0,0,0,0,0
2024-08-12,AST-1042,CNC Lathe,PUN-01,1,0,0,1,4,0,0,0,0,0,0
2024-08-13,AST-1042,CNC Lathe,PUN-01,2,1,0,3,10,1,1,0,0,0,0
2024-08-14,AST-1042,CNC Lathe,PUN-01,0,1,0,1,2,0,0,0,0,0,0
2024-08-15,AST-1042,CNC Lathe,PUN-01,2,3,0,5,14,1,1,1,1,1,1
2024-08-16,AST-1042,CNC Lathe,PUN-01,2,0,0,2,8,1,0,0,0,0,0
2024-08-17,AST-1042,CNC Lathe,PUN-01,0,0,0,0,0,0,0,0,0,0,0
2024-08-18,AST-1042,CNC Lathe,PUN-01,0,0,0,0,0,0,0,0,0,0,0
2024-08-19,AST-1042,CNC Lathe,PUN-01,0,1,0,1,2,0,0,0,0,0,0
2024-08-20,AST-1042,CNC Lathe,PUN-01,0,0,0,0,0,0,0,0,0,0,0
2024-08-21,AST-1042,CNC Lathe,PUN-01,2,1,0,3,10,1,1,0,0,0,0
2024-08-22,AST-1042,CNC Lathe,PUN-01,2,2,1,5,13,1,1,1,1,1,0
2024-08-23,AST-1042,CNC Lathe,PUN-01,2,0,0,2,8,1,0,0,0,0,0
2024-08-24,AST-1042,CNC Lathe,PUN-01,0,0,0,0,0,0,0,0,0,0,0
2024-08-25,AST-1042,CNC Lathe,PUN-01,0,0,0,0,0,0,0,0,0,0,0
2024-08-26,AST-1042,CNC Lathe,PUN-01,0,2,0,2,4,0,0,0,0,0,0
2024-08-27,AST-1042,CNC Lathe,PUN-01,0,1,0,1,2,0,0,0,0,0,0
2024-08-28,AST-1042,CNC Lathe,PUN-01,1,1,0,2,6,0,0,0,0,0,0
2024-08-29,AST-1042,CNC Lathe,PUN-01,0,2,1,3,5,0,0,0,0,0,0
2024-08-30,AST-1042,CNC Lathe,PUN-01,2,0,2,4,10,1,1,0,0,0,0
2024-08-31,AST-1042,CNC Lathe,PUN-01,0,0,0,0,0,0,0,0,0,0,0
2024-09-01,AST-1042,CNC Lathe,PUN-01,0,0,0,0,0,0,0,0,0,0,0
2024-09-02,AST-1042,CNC Lathe,PUN-01,1,0,1,2,5,0,0,0,0,0,0
2024-09-03,AST-1042,CNC Lathe,PUN-01,0,0,0,0,0,0,0,0,0,0,0
2024-09-04,AST-1042,CNC Lathe,PUN-01,2,1,0,3,10,1,1,0,0,0,0
2024-09-05,AST-1042,CNC Lathe,PUN-01,0,1,1,2,3,0,0,0,0,0,0
2024-09-06,AST-1042,CNC Lathe,PUN-01,1,0,0,1,4,0,0,0,0,0,0
2024-09-07,AST-1042,CNC Lathe,PUN-01,0,0,0,0,0,0,0,0,0,0,0
2024-09-08,AST-1042,CNC Lathe,PUN-01,0,0,0,0,0,0,0,0,0,0,0
2024-09-09,AST-1042,CNC Lathe,PUN-01,1,1,2,4,8,1,0,0,0,0,0
2024-09-10,AST-1042,CNC Lathe,PUN-01,1,0,0,1,4,0,0,0,0,0,0
2024-09-11,AST-1042,CNC Lathe,PUN-01,3,1,1,5,15,1,1,1,1,1,1
2024-09-12,AST-1042,CNC Lathe,PUN-01,2,2,2,6,14,1,1,1,1,1,1
2024-09-13,AST-1042,CNC Lathe,PUN-01,2,1,0,3,10,1,1,0,0,0,0
2024-09-14,AST-1042,CNC Lathe,PUN-01,0,0,0,0,0,0,0,0,0,0,0
2024-09-15,AST-1042,CNC Lathe,PUN-01,0,0,0,0,0,0,0,0,0,0,0
2024-09-16,AST-1042,CNC Lathe,PUN-01,1,1,0,2,6,0,0,0,0,0,0
2024-09-17,AST-1042,CNC Lathe,PUN-01,0,1,0,1,2,0,0,0,0,0,0
2024-09-18,AST-1042,CNC Lathe,PUN-01,2,1,0,3,10,1,1,0,0,0,0
2024-09-19,AST-1042,CNC Lathe,PUN-01,1,2,0,3,8,1,0,0,0,0,0
2024-09-20,AST-1042,CNC Lathe,PUN-01,2,0,0,2,8,1,0,0,0,0,0
2024-09-21,AST-1042,CNC Lathe,PUN-01,0,0,0,0,0,0,0,0,0,0,0
2024-09-22,AST-1042,CNC Lathe,PUN-01,0,0,0,0,0,0,0,0,0,0,0
2024-09-23,AST-1042,CNC Lathe,PUN-01,1,0,0,1,4,0,0,0,0,0,0
2024-09-24,AST-1042,CNC Lathe,PUN-01,1,1,0,2,6,0,0,0,0,0,0
2024-09-25,AST-1042,CNC Lathe,PUN-01,1,3,1,5,11,1,1,1,0,0,0
2024-09-26,AST-1042,CNC Lathe,PUN-01,2,0,0,2,8,1,0,0,0,0,0
2024-09-27,AST-1042,CNC Lathe,PUN-01,1,0,1,2,5,0,0,0,0,0,0
2024-09-28,AST-1042,CNC Lathe,PUN-01,0,0,0,0,0,0,0,0,0,0,0
2024-09-29,AST-1042,CNC Lathe,PUN-01,0,0,0,0,0,0,0,0,0,0,0
2024-09-30,AST-1042,CNC Lathe,PUN-01,1,2,1,4,9,1,0,0,0,0,0
2024-10-01,AST-1042,CNC Lathe,PUN-01,2,1,1,4,11,1,1,1,0,0,0
2024-10-02,AST-1042,CNC Lathe,PUN-01,2,1,0,3,10,1,1,0,0,0,0
2024-10-03,AST-1042,CNC Lathe,PUN-01,0,3,0,3,6,0,0,0,0,0,0
2024-10-04,AST-1042,CNC Lathe,PUN-01,1,0,2,3,6,0,0,0,0,0,0
2024-10-05,AST-1042,CNC Lathe,PUN-01,0,0,0,0,0,0,0,0,0,0,0
2024-10-06,AST-1042,CNC Lathe,PUN-01,0,0,0,0,0,0,0,0,0,0,0
2024-10-07,AST-1042,CNC Lathe,PUN-01,1,2,0,3,8,1,0,0,0,0,0
2024-10-08,AST-1042,CNC Lathe,PUN-01,1,0,0,1,4,0,0,0,0,0,0
2024-10-09,AST-1042,CNC Lathe,PUN-01,1,1,0,2,6,0,0,0,0,0,0
2024-10-10,AST-1042,CNC Lathe,PUN-01,1,1,0,2,6,0,0,0,0,0,0
2024-10-11,AST-1042,CNC Lathe,PUN-01,2,1,2,5,12,1,1,1,1,0,0
2024-10-12,AST-1042,CNC Lathe,PUN-01,0,0,0,0,0,0,0,0,0,0,0
2024-10-13,AST-1042,CNC Lathe,PUN-01,0,0,0,0,0,0,0,0,0,0,0
2024-10-14,AST-1042,CNC Lathe,PUN-01,0,0,0,0,0,0,0,0,0,0,0
2024-10-15,AST-1042,CNC Lathe,PUN-01,0,0,0,0,0,0,0,0,0,0,0
2024-10-16,AST-1042,CNC Lathe,PUN-01,1,1,0,2,6,0,0,0,0,0,0
2024-10-17,AST-1042,CNC Lathe,PUN-01,0,0,0,0,0,0,0,0,0,0,0
2024-10-18,AST-1042,CNC Lathe,PUN-01,1,1,0,2,6,0,0,0,0,0,0
2024-10-19,AST-1042,CNC Lathe,PUN-01,0,0,0,0,0,0,0,0,0,0,0
2024-10-20,AST-1042,CNC Lathe,PUN-01,0,0,0,0,0,0,0,0,0,0,0
2024-10-21,AST-1042,CNC Lathe,PUN-01,1,1,1,3,7,1,0,0,0,0,0
2024-10-22,AST-1042,CNC Lathe,PUN-01,1,0,0,1,4,0,0,0,0,0,0
2024-10-23,AST-1042,CNC Lathe,PUN-01,1,0,0,1,4,0,0,0,0,0,0
2024-10-24,AST-1042,CNC Lathe,PUN-01,0,1,0,1,2,0,0,0,0,0,0
2024-10-25,AST-1042,CNC Lathe,PUN-01,3,1,1,5,15,1,1,1,1,1,1
2024-10-26,AST-1042,CNC Lathe,PUN-01,0,0,0,0,0,0,0,0,0,0,0
2024-10-27,AST-1042,CNC Lathe,PUN-01,0,0,0,0,0,0,0,0,0,0,0
2024-10-28,AST-1042,CNC Lathe,PUN-01,2,0,0,2,8,1,0,0,0,0,0
2024-10-29,AST-1042,CNC Lathe,PUN-01,1,0,1,2,5,0,0,0,0,0,0
2024-10-30,AST-1042,CNC Lathe,PUN-01,2,0,1,3,9,1,0,0,0,0,0
2024-10-31,AST-1042,CNC Lathe,PUN-01,3,0,0,3,12,1,1,1,1,0,0
2024-11-01,AST-1042,CNC Lathe,PUN-01,0,0,1,1,1,0,0,0,0,0,0
2024-11-02,AST-1042,CNC Lathe,PUN-01,0,0,0,0,0,0,0,0,0,0,0
2024-11-03,AST-1042,CNC Lathe,PUN-01,0,0,0,0,0,0,0,0,0,0,0
2024-11-04,AST-1042,CNC Lathe,PUN-01,2,2,0,4,12,1,1,1,1,0,0
2024-11-05,AST-1042,CNC Lathe,PUN-01,1,2,1,4,9,1,0,0,0,0,0
2024-11-06,AST-1042,CNC Lathe,PUN-01,1,0,0,1,4,0,0,0,0,0,0
2024-11-07,AST-1042,CNC Lathe,PUN-01,2,0,0,2,8,1,0,0,0,0,0
2024-11-08,AST-1042,CNC Lathe,PUN-01,0,2,1,3,5,0,0,0,0,0,0
2024-11-09,AST-1042,CNC Lathe,PUN-01,0,0,0,0,0,0,0,0,0,0,0
2024-11-10,AST-1042,CNC Lathe,PUN-01,0,0,0,0,0,0,0,0,0,0,0
2024-11-11,AST-1042,CNC Lathe,PUN-01,2,0,0,2,8,1,0,0,0,0,0
2024-11-12,AST-1042,CNC Lathe,PUN-01,1,1,0,2,6,0,0,0,0,0,0
2024-11-13,AST-1042,CNC Lathe,PUN-01,1,1,1,3,7,1,0,0,0,0,0
2024-11-14,AST-1042,CNC Lathe,PUN-01,0,1,1,2,3,0,0,0,0,0,0
2024-11-15,AST-1042,CNC Lathe,PUN-01,0,2,1,3,5,0,0,0,0,0,0
2024-11-16,AST-1042,CNC Lathe,PUN-01,0,0,0,0,0,0,0,0,0,0,0
2024-11-17,AST-1042,CNC Lathe,PUN-01,0,0,0,0,0,0,0,0,0,0,0
2024-11-18,AST-1042,CNC Lathe,PUN-01,1,2,1,4,9,1,0,0,0,0,0
2024-11-19,AST-1042,CNC Lathe,PUN-01,2,1,1,4,11,1,1,1,0,0,0
2024-11-20,AST-1042,CNC Lathe,PUN-01,1,0,0,1,4,0,0,0,0,0,0
2024-11-21,AST-1042,CNC Lathe,PUN-01,1,1,0,2,6,0,0,0,0,0,0
2024-11-22,AST-1042,CNC Lathe,PUN-01,1,1,0,2,6,0,0,0,0,0,0
2024-11-23,AST-1042,CNC Lathe,PUN-01,0,0,0,0,0,0,0,0,0,0,0
2024-11-24,AST-1042,CNC Lathe,PUN-01,0,0,0,0,0,0,0,0,0,0,0
2024-11-25,AST-1042,CNC Lathe,PUN-01,1,1,0,2,6,0,0,0,0,0,0
2024-11-26,AST-1042,CNC Lathe,PUN-01,0,2,0,2,4,0,0,0,0,0,0
2024-11-27,AST-1042,CNC Lathe,PUN-01,1,0,0,1,4,0,0,0,0,0,0
2024-11-28,AST-1042,CNC Lathe,PUN-01,2,0,0,2,8,1,0,0,0,0,0
2024-11-29,AST-1042,CNC Lathe,PUN-01,0,0,2,2,2,0,0,0,0,0,0
2024-11-30,AST-1042,CNC Lathe,PUN-01,0,0,0,0,0,0,0,0,0,0,0
2024-12-01,AST-1042,CNC Lathe,PUN-01,0,0,0,0,0,0,0,0,0,0,0
2024-12-02,AST-1042,CNC Lathe,PUN-01,3,0,0,3,12,1,1,1,1,0,0
2024-12-03,AST-1042,CNC Lathe,PUN-01,0,2,0,2,4,0,0,0,0,0,0
2024-12-04,AST-1042,CNC Lathe,PUN-01,2,0,0,2,8,1,0,0,0,0,0
2024-12-05,AST-1042,CNC Lathe,PUN-01,1,0,0,1,4,0,0,0,0,0,0
2024-12-06,AST-1042,CNC Lathe,PUN-01,2,1,0,3,10,1,1,0,0,0,0
2024-12-07,AST-1042,CNC Lathe,PUN-01,0,0,0,0,0,0,0,0,0,0,0
2024-12-08,AST-1042,CNC Lathe,PUN-01,0,0,0,0,0,0,0,0,0,0,0
2024-12-09,AST-1042,CNC Lathe,PUN-01,1,1,1,3,7,1,0,0,0,0,0
2024-12-10,AST-1042,CNC Lathe,PUN-01,4,4,0,8,24,1,1,1,1,1,1
2024-12-11,AST-1042,CNC Lathe,PUN-01,0,0,0,0,0,0,0,0,0,0,0
2024-12-12,AST-1042,CNC Lathe,PUN-01,2,3,0,5,14,1,1,1,1,1,1
2024-12-13,AST-1042,CNC Lathe,PUN-01,2,1,0,3,10,1,1,0,0,0,0
2024-12-14,AST-1042,CNC Lathe,PUN-01,0,0,0,0,0,0,0,0,0,0,0
2024-12-15,AST-1042,CNC Lathe,PUN-01,0,0,0,0,0,0,0,0,0,0,0
2024-12-16,AST-1042,CNC Lathe,PUN-01,1,1,0,2,6,0,0,0,0,0,0
2024-12-17,AST-1042,CNC Lathe,PUN-01,1,0,0,1,4,0,0,0,0,0,0
2024-12-18,AST-1042,CNC Lathe,PUN-01,0,3,0,3,6,0,0,0,0,0,0
2024-12-19,AST-1042,CNC Lathe,PUN-01,2,1,0,3,10,1,1,0,0,0,0
2024-12-20,AST-1042,CNC Lathe,PUN-01,0,1,2,3,4,0,0,0,0,0,0
2024-12-21,AST-1042,CNC Lathe,PUN-01,0,0,0,0,0,0,0,0,0,0,0
2024-12-22,AST-1042,CNC Lathe,PUN-01,0,0,0,0,0,0,0,0,0,0,0
2024-12-23,AST-1042,CNC Lathe,PUN-01,0,1,0,1,2,0,0,0,0,0,0
2024-12-24,AST-1042,CNC Lathe,PUN-01,1,1,0,2,6,0,0,0,0,0,0
2024-12-25,AST-1042,CNC Lathe,PUN-01,1,0,0,1,4,0,0,0,0,0,0
2024-12-26,AST-1042,CNC Lathe,PUN-01,0,2,0,2,4,0,0,0,0,0,0
2024-12-27,AST-1042,CNC Lathe,PUN-01,2,0,0,2,8,1,0,0,0,0,0
2024-12-28,AST-1042,CNC Lathe,PUN-01,0,0,0,0,0,0,0,0,0,0,0
2024-12-29,AST-1042,CNC Lathe,PUN-01,0,0,0,0,0,0,0,0,0,0,0
2024-12-30,AST-1042,CNC Lathe,PUN-01,0,0,2,2,2,0,0,0,0,0,0
2024-12-31,AST-1042,CNC Lathe,PUN-01,0,2,1,3,5,0,0,0,0,0,0
2025-01-01,AST-1042,CNC Lathe,PUN-01,2,1,0,3,10,1,1,0,0,0,0
2022-01-03,AST-5003,EOT Crane,DHR-03,1,2,0,3,8,1,0,0,0,0,0
2022-01-04,AST-5003,EOT Crane,DHR-03,0,1,0,1,2,0,0,0,0,0,0
2022-01-05,AST-5003,EOT Crane,DHR-03,1,2,1,4,9,1,0,0,0,0,0
2022-01-06,AST-5003,EOT Crane,DHR-03,1,3,0,4,10,1,1,0,0,0,0
2022-01-07,AST-5003,EOT Crane,DHR-03,3,2,3,8,19,1,1,1,1,1,1
2022-01-08,AST-5003,EOT Crane,DHR-03,0,0,0,0,0,0,0,0,0,0,0
2022-01-09,AST-5003,EOT Crane,DHR-03,0,0,0,0,0,0,0,0,0,0,0
2022-01-10,AST-5003,EOT Crane,DHR-03,3,3,0,6,18,1,1,1,1,1,1
2022-01-11,AST-5003,EOT Crane,DHR-03,2,1,0,3,10,1,1,0,0,0,0
2022-01-12,AST-5003,EOT Crane,DHR-03,1,2,0,3,8,1,0,0,0,0,0
2022-01-13,AST-5003,EOT Crane,DHR-03,2,0,0,2,8,1,0,0,0,0,0
2022-01-14,AST-5003,EOT Crane,DHR-03,1,1,2,4,8,1,0,0,0,0,0
2022-01-15,AST-5003,EOT Crane,DHR-03,0,0,0,0,0,0,0,0,0,0,0
2022-01-16,AST-5003,EOT Crane,DHR-03,0,0,0,0,0,0,0,0,0,0,0
2022-01-17,AST-5003,EOT Crane,DHR-03,0,2,1,3,5,0,0,0,0,0,0
2022-01-18,AST-5003,EOT Crane,DHR-03,2,2,1,5,13,1,1,1,1,1,0
2022-01-19,AST-5003,EOT Crane,DHR-03,2,1,0,3,10,1,1,0,0,0,0
2022-01-20,AST-5003,EOT Crane,DHR-03,1,1,0,2,6,0,0,0,0,0,0
2022-01-21,AST-5003,EOT Crane,DHR-03,2,1,1,4,11,1,1,1,0,0,0
2022-01-22,AST-5003,EOT Crane,DHR-03,0,0,0,0,0,0,0,0,0,0,0
2022-01-23,AST-5003,EOT Crane,DHR-03,0,0,0,0,0,0,0,0,0,0,0
2022-01-24,AST-5003,EOT Crane,DHR-03,0,1,1,2,3,0,0,0,0,0,0
2022-01-25,AST-5003,EOT Crane,DHR-03,1,1,1,3,7,1,0,0,0,0,0
2022-01-26,AST-5003,EOT Crane,DHR-03,3,0,0,3,12,1,1,1,1,0,0
2022-01-27,AST-5003,EOT Crane,DHR-03,2,3,1,6,15,1,1,1,1,1,1
2022-01-28,AST-5003,EOT Crane,DHR-03,0,0,2,2,2,0,0,0,0,0,0
2022-01-29,AST-5003,EOT Crane,DHR-03,0,0,0,0,0,0,0,0,0,0,0
2022-01-30,AST-5003,EOT Crane,DHR-03,0,0,0,0,0,0,0,0,0,0,0
2022-01-31,AST-5003,EOT Crane,DHR-03,2,0,0,2,8,1,0,0,0,0,0
2022-02-01,AST-5003,EOT Crane,DHR-03,4,0,0,4,16,1,1,1,1,1,1
2022-02-02,AST-5003,EOT Crane,DHR-03,1,0,0,1,4,0,0,0,0,0,0
2022-02-03,AST-5003,EOT Crane,DHR-03,2,0,1,3,9,1,0,0,0,0,0
2022-02-04,AST-5003,EOT Crane,DHR-03,1,3,1,5,11,1,1,1,0,0,0
2022-02-05,AST-5003,EOT Crane,DHR-03,0,0,0,0,0,0,0,0,0,0,0
2022-02-06,AST-5003,EOT Crane,DHR-03,0,0,0,0,0,0,0,0,0,0,0
2022-02-07,AST-5003,EOT Crane,DHR-03,1,3,0,4,10,1,1,0,0,0,0
2022-02-08,AST-5003,EOT Crane,DHR-03,1,1,1,3,7,1,0,0,0,0,0
2022-02-09,AST-5003,EOT Crane,DHR-03,1,0,0,1,4,0,0,0,0,0,0
2022-02-10,AST-5003,EOT Crane,DHR-03,0,0,1,1,1,0,0,0,0,0,0
2022-02-11,AST-5003,EOT Crane,DHR-03,3,1,0,4,14,1,1,1,1,1,1
2022-02-12,AST-5003,EOT Crane,DHR-03,0,0,0,0,0,0,0,0,0,0,0
2022-02-13,AST-5003,EOT Crane,DHR-03,0,0,0,0,0,0,0,0,0,0,0
2022-02-14,AST-5003,EOT Crane,DHR-03,1,0,1,2,5,0,0,0,0,0,0
2022-02-15,AST-5003,EOT Crane,DHR-03,2,0,1,3,9,1,0,0,0,0,0
2022-02-16,AST-5003,EOT Crane,DHR-03,3,4,0,7,20,1,1,1,1,1,1
2022-02-17,AST-5003,EOT Crane,DHR-03,2,2,2,6,14,1,1,1,1,1,1
2022-02-18,AST-5003,EOT Crane,DHR-03,0,0,1,1,1,0,0,0,0,0,0
2022-02-19,AST-5003,EOT Crane,DHR-03,0,0,0,0,0,0,0,0,0,0,0
2022-02-20,AST-5003,EOT Crane,DHR-03,0,0,0,0,0,0,0,0,0,0,0
2022-02-21,AST-5003,EOT Crane,DHR-03,1,3,1,5,11,1,1,1,0,0,0
2022-02-22,AST-5003,EOT Crane,DHR-03,1,2,0,3,8,1,0,0,0,0,0
2022-02-23,AST-5003,EOT Crane,DHR-03,0,5,0,5,10,1,1,0,0,0,0
2022-02-24,AST-5003,EOT Crane,DHR-03,2,2,0,4,12,1,1,1,1,0,0
2022-02-25,AST-5003,EOT Crane,DHR-03,0,2,0,2,4,0,0,0,0,0,0
2022-02-26,AST-5003,EOT Crane,DHR-03,0,0,0,0,0,0,0,0,0,0,0
2022-02-27,AST-5003,EOT Crane,DHR-03,0,0,0,0,0,0,0,0,0,0,0
2022-02-28,AST-5003,EOT Crane,DHR-03,0,2,1,3,5,0,0,0,0,0,0
2022-03-01,AST-5003,EOT Crane,DHR-03,2,1,0,3,10,1,1,0,0,0,0
2022-03-02,AST-5003,EOT Crane,DHR-03,1,2,1,4,9,1,0,0,0,0,0
2022-03-03,AST-5003,EOT Crane,DHR-03,1,1,0,2,6,0,0,0,0,0,0
2022-03-04,AST-5003,EOT Crane,DHR-03,0,1,0,1,2,0,0,0,0,0,0
2022-03-05,AST-5003,EOT Crane,DHR-03,0,0,0,0,0,0,0,0,0,0,0
2022-03-06,AST-5003,EOT Crane,DHR-03,0,0,0,0,0,0,0,0,0,0,0
2022-03-07,AST-5003,EOT Crane,DHR-03,2,2,0,4,12,1,1,1,1,0,0
2022-03-08,AST-5003,EOT Crane,DHR-03,3,3,0,6,18,1,1,1,1,1,1
2022-03-09,AST-5003,EOT Crane,DHR-03,0,2,0,2,4,0,0,0,0,0,0
2022-03-10,AST-5003,EOT Crane,DHR-03,0,1,0,1,2,0,0,0,0,0,0
2022-03-11,AST-5003,EOT Crane,DHR-03,0,2,0,2,4,0,0,0,0,0,0
2022-03-12,AST-5003,EOT Crane,DHR-03,0,0,0,0,0,0,0,0,0,0,0
2022-03-13,AST-5003,EOT Crane,DHR-03,0,0,0,0,0,0,0,0,0,0,0
2022-03-14,AST-5003,EOT Crane,DHR-03,1,1,1,3,7,1,0,0,0,0,0
2022-03-15,AST-5003,EOT Crane,DHR-03,1,1,0,2,6,0,0,0,0,0,0
2022-03-16,AST-5003,EOT Crane,DHR-03,0,2,0,2,4,0,0,0,0,0,0
2022-03-17,AST-5003,EOT Crane,DHR-03,0,3,0,3,6,0,0,0,0,0,0
2022-03-18,AST-5003,EOT Crane,DHR-03,0,1,0,1,2,0,0,0,0,0,0
2022-03-19,AST-5003,EOT Crane,DHR-03,0,0,0,0,0,0,0,0,0,0,0
2022-03-20,AST-5003,EOT Crane,DHR-03,0,0,0,0,0,0,0,0,0,0,0
2022-03-21,AST-5003,EOT Crane,DHR-03,0,0,1,1,1,0,0,0,0,0,0
2022-03-22,AST-5003,EOT Crane,DHR-03,3,2,3,8,19,1,1,1,1,1,1
2022-03-23,AST-5003,EOT Crane,DHR-03,1,0,1,2,5,0,0,0,0,0,0
2022-03-24,AST-5003,EOT Crane,DHR-03,1,3,1,5,11,1,1,1,0,0,0
2022-03-25,AST-5003,EOT Crane,DHR-03,2,2,0,4,12,1,1,1,1,0,0
2022-03-26,AST-5003,EOT Crane,DHR-03,0,0,0,0,0,0,0,0,0,0,0
2022-03-27,AST-5003,EOT Crane,DHR-03,0,0,0,0,0,0,0,0,0,0,0
2022-03-28,AST-5003,EOT Crane,DHR-03,1,1,0,2,6,0,0,0,0,0,0
2022-03-29,AST-5003,EOT Crane,DHR-03,3,4,1,8,21,1,1,1,1,1,1
2022-03-30,AST-5003,EOT Crane,DHR-03,0,0,0,0,0,0,0,0,0,0,0
2022-03-31,AST-5003,EOT Crane,DHR-03,1,2,1,4,9,1,0,0,0,0,0
2022-04-01,AST-5003,EOT Crane,DHR-03,1,0,1,2,5,0,0,0,0,0,0
2022-04-02,AST-5003,EOT Crane,DHR-03,0,0,0,0,0,0,0,0,0,0,0
2022-04-03,AST-5003,EOT Crane,DHR-03,0,0,0,0,0,0,0,0,0,0,0
2022-04-04,AST-5003,EOT Crane,DHR-03,1,0,0,1,4,0,0,0,0,0,0
2022-04-05,AST-5003,EOT Crane,DHR-03,3,2,0,5,16,1,1,1,1,1,1
2022-04-06,AST-5003,EOT Crane,DHR-03,1,0,2,3,6,0,0,0,0,0,0
2022-04-07,AST-5003,EOT Crane,DHR-03,1,1,2,4,8,1,0,0,0,0,0
2022-04-08,AST-5003,EOT Crane,DHR-03,0,0,0,0,0,0,0,0,0,0,0
2022-04-09,AST-5003,EOT Crane,DHR-03,0,0,0,0,0,0,0,0,0,0,0
2022-04-10,AST-5003,EOT Crane,DHR-03,0,0,0,0,0,0,0,0,0,0,0
2022-04-11,AST-5003,EOT Crane,DHR-03,1,0,0,1,4,0,0,0,0,0,0
2022-04-12,AST-5003,EOT Crane,DHR-03,1,0,0,1,4,0,0,0,0,0,0
2022-04-13,AST-5003,EOT Crane,DHR-03,4,3,0,7,22,1,1,1,1,1,1
2022-04-14,AST-5003,EOT Crane,DHR-03,0,0,2,2,2,0,0,0,0,0,0
2022-04-15,AST-5003,EOT Crane,DHR-03,0,2,1,3,5,0,0,0,0,0,0
2022-04-16,AST-5003,EOT Crane,DHR-03,0,0,0,0,0,0,0,0,0,0,0
2022-04-17,AST-5003,EOT Crane,DHR-03,0,0,0,0,0,0,0,0,0,0,0
2022-04-18,AST-5003,EOT Crane,DHR-03,0,3,1,4,7,1,0,0,0,0,0
2022-04-19,AST-5003,EOT Crane,DHR-03,1,1,0,2,6,0,0,0,0,0,0
2022-04-20,AST-5003,EOT Crane,DHR-03,1,2,2,5,10,1,1,0,0,0,0
2022-04-21,AST-5003,EOT Crane,DHR-03,0,1,0,1,2,0,0,0,0,0,0
2022-04-22,AST-5003,EOT Crane,DHR-03,1,4,1,6,13,1,1,1,1,1,0
2022-04-23,AST-5003,EOT Crane,DHR-03,0,0,0,0,0,0,0,0,0,0,0
2022-04-24,AST-5003,EOT Crane,DHR-03,0,0,0,0,0,0,0,0,0,0,0
2022-04-25,AST-5003,EOT Crane,DHR-03,0,1,1,2,3,0,0,0,0,0,0
2022-04-26,AST-5003,EOT Crane,DHR-03,0,3,1,4,7,1,0,0,0,0,0
2022-04-27,AST-5003,EOT Crane,DHR-03,1,0,0,1,4,0,0,0,0,0,0
2022-04-28,AST-5003,EOT Crane,DHR-03,0,2,0,2,4,0,0,0,0,0,0
2022-04-29,AST-5003,EOT Crane,DHR-03,0,0,0,0,0,0,0,0,0,0,0
2022-04-30,AST-5003,EOT Crane,DHR-03,0,0,0,0,0,0,0,0,0,0,0
2022-05-01,AST-5003,EOT Crane,DHR-03,0,0,0,0,0,0,0,0,0,0,0
2022-05-02,AST-5003,EOT Crane,DHR-03,2,2,1,5,13,1,1,1,1,1,0
2022-05-03,AST-5003,EOT Crane,DHR-03,0,2,1,3,5,0,0,0,0,0,0
2022-05-04,AST-5003,EOT Crane,DHR-03,2,1,1,4,11,1,1,1,0,0,0
2022-05-05,AST-5003,EOT Crane,DHR-03,2,3,0,5,14,1,1,1,1,1,1
2022-05-06,AST-5003,EOT Crane,DHR-03,2,2,0,4,12,1,1,1,1,0,0
2022-05-07,AST-5003,EOT Crane,DHR-03,0,0,0,0,0,0,0,0,0,0,0
2022-05-08,AST-5003,EOT Crane,DHR-03,0,0,0,0,0,0,0,0,0,0,0
2022-05-09,AST-5003,EOT Crane,DHR-03,1,1,0,2,6,0,0,0,0,0,0
2022-05-10,AST-5003,EOT Crane,DHR-03,1,1,2,4,8,1,0,0,0,0,0
2022-05-11,AST-5003,EOT Crane,DHR-03,1,2,0,3,8,1,0,0,0,0,0
2022-05-12,AST-5003,EOT Crane,DHR-03,0,0,0,0,0,0,0,0,0,0,0
2022-05-13,AST-5003,EOT Crane,DHR-03,0,1,0,1,2,0,0,0,0,0,0
2022-05-14,AST-5003,EOT Crane,DHR-03,0,0,0,0,0,0,0,0,0,0,0
2022-05-15,AST-5003,EOT Crane,DHR-03,0,0,0,0,0,0,0,0,0,0,0
2022-05-16,AST-5003,EOT Crane,DHR-03,1,5,1,7,15,1,1,1,1,1,1
2022-05-17,AST-5003,EOT Crane,DHR-03,1,6,0,7,16,1,1,1,1,1,1
2022-05-18,AST-5003,EOT Crane,DHR-03,1,2,0,3,8,1,0,0,0,0,0
2022-05-19,AST-5003,EOT Crane,DHR-03,1,3,1,5,11,1,1,1,0,0,0
2022-05-20,AST-5003,EOT Crane,DHR-03,2,3,1,6,15,1,1,1,1,1,1
2022-05-21,AST-5003,EOT Crane,DHR-03,0,0,0,0,0,0,0,0,0,0,0
2022-05-22,AST-5003,EOT Crane,DHR-03,0,0,0,0,0,0,0,0,0,0,0
2022-05-23,AST-5003,EOT Crane,DHR-03,2,0,0,2,8,1,0,0,0,0,0
2022-05-24,AST-5003,EOT Crane,DHR-03,1,0,1,2,5,0,0,0,0,0,0
2022-05-25,AST-5003,EOT Crane,DHR-03,3,1,0,4,14,1,1,1,1,1,1
2022-05-26,AST-5003,EOT Crane,DHR-03,1,3,1,5,11,1,1,1,0,0,0
2022-05-27,AST-5003,EOT Crane,DHR-03,2,2,0,4,12,1,1,1,1,0,0
2022-05-28,AST-5003,EOT Crane,DHR-03,0,0,0,0,0,0,0,0,0,0,0
2022-05-29,AST-5003,EOT Crane,DHR-03,0,0,0,0,0,0,0,0,0,0,0
2022-05-30,AST-5003,EOT Crane,DHR-03,2,0,0,2,8,1,0,0,0,0,0
2022-05-31,AST-5003,EOT Crane,DHR-03,0,1,1,2,3,0,0,0,0,0,0
2022-06-01,AST-5003,EOT Crane,DHR-03,2,1,0,3,10,1,1,0,0,0,0
2022-06-02,AST-5003,EOT Crane,DHR-03,2,1,0,3,10,1,1,0,0,0,0
2022-06-03,AST-5003,EOT Crane,DHR-03,1,0,0,1,4,0,0,0,0,0,0
2022-06-04,AST-5003,EOT Crane,DHR-03,0,0,0,0,0,0,0,0,0,0,0
2022-06-05,AST-5003,EOT Crane,DHR-03,0,0,0,0,0,0,0,0,0,0,0
2022-06-06,AST-5003,EOT Crane,DHR-03,2,1,1,4,11,1,1,1,0,0,0
2022-06-07,AST-5003,EOT Crane,DHR-03,2,1,2,5,12,1,1,1,1,0,0
2022-06-08,AST-5003,EOT Crane,DHR-03,2,2,0,4,12,1,1,1,1,0,0
2022-06-09,AST-5003,EOT Crane,DHR-03,1,1,0,2,6,0,0,0,0,0,0
2022-06-10,AST-5003,EOT Crane,DHR-03,0,1,0,1,2,0,0,0,0,0,0
2022-06-11,AST-5003,EOT Crane,DHR-03,0,0,0,0,0,0,0,0,0,0,0
2022-06-12,AST-5003,EOT Crane,DHR-03,0,0,0,0,0,0,0,0,0,0,0
2022-06-13,AST-5003,EOT Crane,DHR-03,0,2,2,4,6,0,0,0,0,0,0
2022-06-14,AST-5003,EOT Crane,DHR-03,0,1,2,3,4,0,0,0,0,0,0
2022-06-15,AST-5003,EOT Crane,DHR-03,1,2,0,3,8,1,0,0,0,0,0
2022-06-16,AST-5003,EOT Crane,DHR-03,0,0,0,0,0,0,0,0,0,0,0
2022-06-17,AST-5003,EOT Crane,DHR-03,1,3,0,4,10,1,1,0,0,0,0
2022-06-18,AST-5003,EOT Crane,DHR-03,0,0,0,0,0,0,0,0,0,0,0
2022-06-19,AST-5003,EOT Crane,DHR-03,0,0,0,0,0,0,0,0,0,0,0
2022-06-20,AST-5003,EOT Crane,DHR-03,3,0,1,4,13,1,1,1,1,1,0
2022-06-21,AST-5003,EOT Crane,DHR-03,1,1,0,2,6,0,0,0,0,0,0
2022-06-22,AST-5003,EOT Crane,DHR-03,0,2,0,2,4,0,0,0,0,0,0
2022-06-23,AST-5003,EOT Crane,DHR-03,0,0,0,0,0,0,0,0,0,0,0
2022-06-24,AST-5003,EOT Crane,DHR-03,1,1,1,3,7,1,0,0,0,0,0
2022-06-25,AST-5003,EOT Crane,DHR-03,0,0,0,0,0,0,0,0,0,0,0
2022-06-26,AST-5003,EOT Crane,DHR-03,0,0,0,0,0,0,0,0,0,0,0
2022-06-27,AST-5003,EOT Crane,DHR-03,1,3,0,4,10,1,1,0,0,0,0
2022-06-28,AST-5003,EOT Crane,DHR-03,0,0,0,0,0,0,0,0,0,0,0
2022-06-29,AST-5003,EOT Crane,DHR-03,1,3,0,4,10,1,1,0,0,0,0
2022-06-30,AST-5003,EOT Crane,DHR-03,0,1,1,2,3,0,0,0,0,0,0
2022-07-01,AST-5003,EOT Crane,DHR-03,2,2,1,5,13,1,1,1,1,1,0
2022-07-02,AST-5003,EOT Crane,DHR-03,0,0,0,0,0,0,0,0,0,0,0
2022-07-03,AST-5003,EOT Crane,DHR-03,0,0,0,0,0,0,0,0,0,0,0
2022-07-04,AST-5003,EOT Crane,DHR-03,2,1,0,3,10,1,1,0,0,0,0
2022-07-05,AST-5003,EOT Crane,DHR-03,0,3,2,5,8,1,0,0,0,0,0
2022-07-06,AST-5003,EOT Crane,DHR-03,0,1,1,2,3,0,0,0,0,0,0
2022-07-07,AST-5003,EOT Crane,DHR-03,2,4,0,6,16,1,1,1,1,1,1
2022-07-08,AST-5003,EOT Crane,DHR-03,3,3,0,6,18,1,1,1,1,1,1
2022-07-09,AST-5003,EOT Crane,DHR-03,0,0,0,0,0,0,0,0,0,0,0
2022-07-10,AST-5003,EOT Crane,DHR-03,0,0,0,0,0,0,0,0,0,0,0
2022-07-11,AST-5003,EOT Crane,DHR-03,2,0,1,3,9,1,0,0,0,0,0
2022-07-12,AST-5003,EOT Crane,DHR-03,0,3,0,3,6,0,0,0,0,0,0
2022-07-13,AST-5003,EOT Crane,DHR-03,0,1,1,2,3,0,0,0,0,0,0
2022-07-14,AST-5003,EOT Crane,DHR-03,3,1,2,6,16,1,1,1,1,1,1
2022-07-15,AST-5003,EOT Crane,DHR-03,0,2,1,3,5,0,0,0,0,0,0
2022-07-16,AST-5003,EOT Crane,DHR-03,0,0,0,0,0,0,0,0,0,0,0
2022-07-17,AST-5003,EOT Crane,DHR-03,0,0,0,0,0,0,0,0,0,0,0
2022-07-18,AST-5003,EOT Crane,DHR-03,3,1,0,4,14,1,1,1,1,1,1
2022-07-19,AST-5003,EOT Crane,DHR-03,2,1,0,3,10,1,1,0,0,0,0
2022-07-20,AST-5003,EOT Crane,DHR-03,0,1,0,1,2,0,0,0,0,0,0
2022-07-21,AST-5003,EOT Crane,DHR-03,0,1,1,2,3,0,0,0,0,0,0
2022-07-22,AST-5003,EOT Crane,DHR-03,1,1,0,2,6,0,0,0,0,0,0
2022-07-23,AST-5003,EOT Crane,DHR-03,0,0,0,0,0,0,0,0,0,0,0
2022-07-24,AST-5003,EOT Crane,DHR-03,0,0,0,0,0,0,0,0,0,0,0
2022-07-25,AST-5003,EOT Crane,DHR-03,1,0,1,2,5,0,0,0,0,0,0
2022-07-26,AST-5003,EOT Crane,DHR-03,0,1,0,1,2,0,0,0,0,0,0
2022-07-27,AST-5003,EOT Crane,DHR-03,2,3,0,5,14,1,1,1,1,1,1
2022-07-28,AST-5003,EOT Crane,DHR-03,0,0,2,2,2,0,0,0,0,0,0
2022-07-29,AST-5003,EOT Crane,DHR-03,1,1,1,3,7,1,0,0,0,0,0
2022-07-30,AST-5003,EOT Crane,DHR-03,0,0,0,0,0,0,0,0,0,0,0
2022-07-31,AST-5003,EOT Crane,DHR-03,0,0,0,0,0,0,0,0,0,0,0
2022-08-01,AST-5003,EOT Crane,DHR-03,2,2,0,4,12,1,1,1,1,0,0
2022-08-02,AST-5003,EOT Crane,DHR-03,3,1,2,6,16,1,1,1,1,1,1
2022-08-03,AST-5003,EOT Crane,DHR-03,0,2,0,2,4,0,0,0,0,0,0
2022-08-04,AST-5003,EOT Crane,DHR-03,2,2,0,4,12,1,1,1,1,0,0
2022-08-05,AST-5003,EOT Crane,DHR-03,1,3,3,7,13,1,1,1,1,1,0
2022-08-06,AST-5003,EOT Crane,DHR-03,0,0,0,0,0,0,0,0,0,0,0
2022-08-07,AST-5003,EOT Crane,DHR-03,0,0,0,0,0,0,0,0,0,0,0
2022-08-08,AST-5003,EOT Crane,DHR-03,0,1,2,3,4,0,0,0,0,0,0
2022-08-09,AST-5003,EOT Crane,DHR-03,2,1,0,3,10,1,1,0,0,0,0
2022-08-10,AST-5003,EOT Crane,DHR-03,0,0,0,0,0,0,0,0,0,0,0
2022-08-11,AST-5003,EOT Crane,DHR-03,0,0,0,0,0,0,0,0,0,0,0
2022-08-12,AST-5003,EOT Crane,DHR-03,0,1,1,2,3,0,0,0,0,0,0
2022-08-13,AST-5003,EOT Crane,DHR-03,0,0,0,0,0,0,0,0,0,0,0
2022-08-14,AST-5003,EOT Crane,DHR-03,0,0,0,0,0,0,0,0,0,0,0
2022-08-15,AST-5003,EOT Crane,DHR-03,1,2,0,3,8,1,0,0,0,0,0
2022-08-16,AST-5003,EOT Crane,DHR-03,1,2,0,3,8,1,0,0,0,0,0
2022-08-17,AST-5003,EOT Crane,DHR-03,3,1,3,7,17,1,1,1,1,1,1
2022-08-18,AST-5003,EOT Crane,DHR-03,4,2,0,6,20,1,1,1,1,1,1
2022-08-19,AST-5003,EOT Crane,DHR-03,0,1,1,2,3,0,0,0,0,0,0
2022-08-20,AST-5003,EOT Crane,DHR-03,0,0,0,0,0,0,0,0,0,0,0
2022-08-21,AST-5003,EOT Crane,DHR-03,0,0,0,0,0,0,0,0,0,0,0
2022-08-22,AST-5003,EOT Crane,DHR-03,2,2,1,5,13,1,1,1,1,1,0
2022-08-23,AST-5003,EOT Crane,DHR-03,0,1,0,1,2,0,0,0,0,0,0
2022-08-24,AST-5003,EOT Crane,DHR-03,0,0,1,1,1,0,0,0,0,0,0
2022-08-25,AST-5003,EOT Crane,DHR-03,3,2,1,6,17,1,1,1,1,1,1
2022-08-26,AST-5003,EOT Crane,DHR-03,1,1,1,3,7,1,0,0,0,0,0
2022-08-27,AST-5003,EOT Crane,DHR-03,0,0,0,0,0,0,0,0,0,0,0
2022-08-28,AST-5003,EOT Crane,DHR-03,0,0,0,0,0,0,0,0,0,0,0
2022-08-29,AST-5003,EOT Crane,DHR-03,2,0,0,2,8,1,0,0,0,0,0
2022-08-30,AST-5003,EOT Crane,DHR-03,0,2,0,2,4,0,0,0,0,0,0
2022-08-31,AST-5003,EOT Crane,DHR-03,4,1,1,6,19,1,1,1,1,1,1
2022-09-01,AST-5003,EOT Crane,DHR-03,1,1,1,3,7,1,0,0,0,0,0
2022-09-02,AST-5003,EOT Crane,DHR-03,3,2,1,6,17,1,1,1,1,1,1
2022-09-03,AST-5003,EOT Crane,DHR-03,0,0,0,0,0,0,0,0,0,0,0
2022-09-04,AST-5003,EOT Crane,DHR-03,0,0,0,0,0,0,0,0,0,0,0
2022-09-05,AST-5003,EOT Crane,DHR-03,1,0,1,2,5,0,0,0,0,0,0
2022-09-06,AST-5003,EOT Crane,DHR-03,0,3,0,3,6,0,0,0,0,0,0
2022-09-07,AST-5003,EOT Crane,DHR-03,1,1,1,3,7,1,0,0,0,0,0
2022-09-08,AST-5003,EOT Crane,DHR-03,1,2,0,3,8,1,0,0,0,0,0
2022-09-09,AST-5003,EOT Crane,DHR-03,2,1,1,4,11,1,1,1,0,0,0
2022-09-10,AST-5003,EOT Crane,DHR-03,0,0,0,0,0,0,0,0,0,0,0
2022-09-11,AST-5003,EOT Crane,DHR-03,0,0,0,0,0,0,0,0,0,0,0
2022-09-12,AST-5003,EOT Crane,DHR-03,0,1,0,1,2,0,0,0,0,0,0
2022-09-13,AST-5003,EOT Crane,DHR-03,3,0,0,3,12,1,1,1,1,0,0
2022-09-14,AST-5003,EOT Crane,DHR-03,0,3,2,5,8,1,0,0,0,0,0
2022-09-15,AST-5003,EOT Crane,DHR-03,1,3,2,6,12,1,1,1,1,0,0
2022-09-16,AST-5003,EOT Crane,DHR-03,1,2,1,4,9,1,0,0,0,0,0
2022-09-17,AST-5003,EOT Crane,DHR-03,0,0,0,0,0,0,0,0,0,0,0
2022-09-18,AST-5003,EOT Crane,DHR-03,0,0,0,0,0,0,0,0,0,0,0
2022-09-19,AST-5003,EOT Crane,DHR-03,2,2,0,4,12,1,1,1,1,0,0
2022-09-20,AST-5003,EOT Crane,DHR-03,0,2,1,3,5,0,0,0,0,0,0
2022-09-21,AST-5003,EOT Crane,DHR-03,1,2,1,4,9,1,0,0,0,0,0
2022-09-22,AST-5003,EOT Crane,DHR-03,1,2,0,3,8,1,0,0,0,0,0
2022-09-23,AST-5003,EOT Crane,DHR-03,1,1,1,3,7,1,0,0,0,0,0
2022-09-24,AST-5003,EOT Crane,DHR-03,0,0,0,0,0,0,0,0,0,0,0
2022-09-25,AST-5003,EOT Crane,DHR-03,0,0,0,0,0,0,0,0,0,0,0
2022-09-26,AST-5003,EOT Crane,DHR-03,1,0,1,2,5,0,0,0,0,0,0
2022-09-27,AST-5003,EOT Crane,DHR-03,1,2,0,3,8,1,0,0,0,0,0
2022-09-28,AST-5003,EOT Crane,DHR-03,2,1,1,4,11,1,1,1,0,0,0
2022-09-29,AST-5003,EOT Crane,DHR-03,2,2,0,4,12,1,1,1,1,0,0
2022-09-30,AST-5003,EOT Crane,DHR-03,2,1,1,4,11,1,1,1,0,0,0
2022-10-01,AST-5003,EOT Crane,DHR-03,0,0,0,0,0,0,0,0,0,0,0
2022-10-02,AST-5003,EOT Crane,DHR-03,0,0,0,0,0,0,0,0,0,0,0
2022-10-03,AST-5003,EOT Crane,DHR-03,3,2,0,5,16,1,1,1,1,1,1
2022-10-04,AST-5003,EOT Crane,DHR-03,2,2,0,4,12,1,1,1,1,0,0
2022-10-05,AST-5003,EOT Crane,DHR-03,2,0,0,2,8,1,0,0,0,0,0
2022-10-06,AST-5003,EOT Crane,DHR-03,2,0,1,3,9,1,0,0,0,0,0
2022-10-07,AST-5003,EOT Crane,DHR-03,2,2,1,5,13,1,1,1,1,1,0
2022-10-08,AST-5003,EOT Crane,DHR-03,0,0,0,0,0,0,0,0,0,0,0
2022-10-09,AST-5003,EOT Crane,DHR-03,0,0,0,0,0,0,0,0,0,0,0
2022-10-10,AST-5003,EOT Crane,DHR-03,1,3,2,6,12,1,1,1,1,0,0
2022-10-11,AST-5003,EOT Crane,DHR-03,3,1,0,4,14,1,1,1,1,1,1
2022-10-12,AST-5003,EOT Crane,DHR-03,1,1,0,2,6,0,0,0,0,0,0
2022-10-13,AST-5003,EOT Crane,DHR-03,1,3,0,4,10,1,1,0,0,0,0
2022-10-14,AST-5003,EOT Crane,DHR-03,1,1,0,2,6,0,0,0,0,0,0
2022-10-15,AST-5003,EOT Crane,DHR-03,0,0,0,0,0,0,0,0,0,0,0
2022-10-16,AST-5003,EOT Crane,DHR-03,0,0,0,0,0,0,0,0,0,0,0
2022-10-17,AST-5003,EOT Crane,DHR-03,1,1,0,2,6,0,0,0,0,0,0
2022-10-18,AST-5003,EOT Crane,DHR-03,0,1,0,1,2,0,0,0,0,0,0
2022-10-19,AST-5003,EOT Crane,DHR-03,0,0,0,0,0,0,0,0,0,0,0
2022-10-20,AST-5003,EOT Crane,DHR-03,1,1,1,3,7,1,0,0,0,0,0
2022-10-21,AST-5003,EOT Crane,DHR-03,0,1,1,2,3,0,0,0,0,0,0
2022-10-22,AST-5003,EOT Crane,DHR-03,0,0,0,0,0,0,0,0,0,0,0
2022-10-23,AST-5003,EOT Crane,DHR-03,0,0,0,0,0,0,0,0,0,0,0
2022-10-24,AST-5003,EOT Crane,DHR-03,2,2,0,4,12,1,1,1,1,0,0
2022-10-25,AST-5003,EOT Crane,DHR-03,2,0,1,3,9,1,0,0,0,0,0
2022-10-26,AST-5003,EOT Crane,DHR-03,0,2,0,2,4,0,0,0,0,0,0
2022-10-27,AST-5003,EOT Crane,DHR-03,1,3,1,5,11,1,1,1,0,0,0
2022-10-28,AST-5003,EOT Crane,DHR-03,0,1,0,1,2,0,0,0,0,0,0
2022-10-29,AST-5003,EOT Crane,DHR-03,0,0,0,0,0,0,0,0,0,0,0
2022-10-30,AST-5003,EOT Crane,DHR-03,0,0,0,0,0,0,0,0,0,0,0
2022-10-31,AST-5003,EOT Crane,DHR-03,2,1,0,3,10,1,1,0,0,0,0
2022-11-01,AST-5003,EOT Crane,DHR-03,0,1,1,2,3,0,0,0,0,0,0
2022-11-02,AST-5003,EOT Crane,DHR-03,2,3,0,5,14,1,1,1,1,1,1
2022-11-03,AST-5003,EOT Crane,DHR-03,1,2,0,3,8,1,0,0,0,0,0
2022-11-04,AST-5003,EOT Crane,DHR-03,0,1,0,1,2,0,0,0,0,0,0
2022-11-05,AST-5003,EOT Crane,DHR-03,0,0,0,0,0,0,0,0,0,0,0
2022-11-06,AST-5003,EOT Crane,DHR-03,0,0,0,0,0,0,0,0,0,0,0
2022-11-07,AST-5003,EOT Crane,DHR-03,2,2,0,4,12,1,1,1,1,0,0
2022-11-08,AST-5003,EOT Crane,DHR-03,0,0,0,0,0,0,0,0,0,0,0
2022-11-09,AST-5003,EOT Crane,DHR-03,0,1,1,2,3,0,0,0,0,0,0
2022-11-10,AST-5003,EOT Crane,DHR-03,2,2,0,4,12,1,1,1,1,0,0
2022-11-11,AST-5003,EOT Crane,DHR-03,2,1,0,3,10,1,1,0,0,0,0
2022-11-12,AST-5003,EOT Crane,DHR-03,0,0,0,0,0,0,0,0,0,0,0
2022-11-13,AST-5003,EOT Crane,DHR-03,0,0,0,0,0,0,0,0,0,0,0
2022-11-14,AST-5003,EOT Crane,DHR-03,5,2,1,8,25,1,1,1,1,1,1
2022-11-15,AST-5003,EOT Crane,DHR-03,1,1,1,3,7,1,0,0,0,0,0
2022-11-16,AST-5003,EOT Crane,DHR-03,1,1,0,2,6,0,0,0,0,0,0
2022-11-17,AST-5003,EOT Crane,DHR-03,2,1,1,4,11,1,1,1,0,0,0
2022-11-18,AST-5003,EOT Crane,DHR-03,1,2,0,3,8,1,0,0,0,0,0
2022-11-19,AST-5003,EOT Crane,DHR-03,0,0,0,0,0,0,0,0,0,0,0
2022-11-20,AST-5003,EOT Crane,DHR-03,0,0,0,0,0,0,0,0,0,0,0
2022-11-21,AST-5003,EOT Crane,DHR-03,2,4,0,6,16,1,1,1,1,1,1
2022-11-22,AST-5003,EOT Crane,DHR-03,2,3,1,6,15,1,1,1,1,1,1
2022-11-23,AST-5003,EOT Crane,DHR-03,2,2,1,5,13,1,1,1,1,1,0
2022-11-24,AST-5003,EOT Crane,DHR-03,2,4,2,8,18,1,1,1,1,1,1
2022-11-25,AST-5003,EOT Crane,DHR-03,0,2,1,3,5,0,0,0,0,0,0
2022-11-26,AST-5003,EOT Crane,DHR-03,0,0,0,0,0,0,0,0,0,0,0
2022-11-27,AST-5003,EOT Crane,DHR-03,0,0,0,0,0,0,0,0,0,0,0
2022-11-28,AST-5003,EOT Crane,DHR-03,1,1,1,3,7,1,0,0,0,0,0
2022-11-29,AST-5003,EOT Crane,DHR-03,1,5,1,7,15,1,1,1,1,1,1
2022-11-30,AST-5003,EOT Crane,DHR-03,1,1,0,2,6,0,0,0,0,0,0
2022-12-01,AST-5003,EOT Crane,DHR-03,1,2,0,3,8,1,0,0,0,0,0
2022-12-02,AST-5003,EOT Crane,DHR-03,1,1,0,2,6,0,0,0,0,0,0
2022-12-03,AST-5003,EOT Crane,DHR-03,0,0,0,0,0,0,0,0,0,0,0
2022-12-04,AST-5003,EOT Crane,DHR-03,0,0,0,0,0,0,0,0,0,0,0
2022-12-05,AST-5003,EOT Crane,DHR-03,1,1,0,2,6,0,0,0,0,0,0
2022-12-06,AST-5003,EOT Crane,DHR-03,1,0,0,1,4,0,0,0,0,0,0
2022-12-07,AST-5003,EOT Crane,DHR-03,2,3,1,6,15,1,1,1,1,1,1
2022-12-08,AST-5003,EOT Crane,DHR-03,3,4,0,7,20,1,1,1,1,1,1
2022-12-09,AST-5003,EOT Crane,DHR-03,1,0,1,2,5,0,0,0,0,0,0
2022-12-10,AST-5003,EOT Crane,DHR-03,0,0,0,0,0,0,0,0,0,0,0
2022-12-11,AST-5003,EOT Crane,DHR-03,0,0,0,0,0,0,0,0,0,0,0
2022-12-12,AST-5003,EOT Crane,DHR-03,0,1,0,1,2,0,0,0,0,0,0
2022-12-13,AST-5003,EOT Crane,DHR-03,2,2,1,5,13,1,1,1,1,1,0
2022-12-14,AST-5003,EOT Crane,DHR-03,0,4,0,4,8,1,0,0,0,0,0
2022-12-15,AST-5003,EOT Crane,DHR-03,0,0,1,1,1,0,0,0,0,0,0
2022-12-16,AST-5003,EOT Crane,DHR-03,1,0,0,1,4,0,0,0,0,0,0
2022-12-17,AST-5003,EOT Crane,DHR-03,0,0,0,0,0,0,0,0,0,0,0
2022-12-18,AST-5003,EOT Crane,DHR-03,0,0,0,0,0,0,0,0,0,0,0
2022-12-19,AST-5003,EOT Crane,DHR-03,1,1,0,2,6,0,0,0,0,0,0
2022-12-20,AST-5003,EOT Crane,DHR-03,2,1,2,5,12,1,1,1,1,0,0
2022-12-21,AST-5003,EOT Crane,DHR-03,2,1,0,3,10,1,1,0,0,0,0
2022-12-22,AST-5003,EOT Crane,DHR-03,2,3,1,6,15,1,1,1,1,1,1
2022-12-23,AST-5003,EOT Crane,DHR-03,1,3,0,4,10,1,1,0,0,0,0
2022-12-24,AST-5003,EOT Crane,DHR-03,0,0,0,0,0,0,0,0,0,0,0
2022-12-25,AST-5003,EOT Crane,DHR-03,0,0,0,0,0,0,0,0,0,0,0
2022-12-26,AST-5003,EOT Crane,DHR-03,2,5,0,7,18,1,1,1,1,1,1
2022-12-27,AST-5003,EOT Crane,DHR-03,0,1,0,1,2,0,0,0,0,0,0
2022-12-28,AST-5003,EOT Crane,DHR-03,1,0,1,2,5,0,0,0,0,0,0
2022-12-29,AST-5003,EOT Crane,DHR-03,1,1,0,2,6,0,0,0,0,0,0
2022-12-30,AST-5003,EOT Crane,DHR-03,2,2,0,4,12,1,1,1,1,0,0
2022-12-31,AST-5003,EOT Crane,DHR-03,0,0,0,0,0,0,0,0,0,0,0
2023-01-01,AST-5003,EOT Crane,DHR-03,0,0,0,0,0,0,0,0,0,0,0
2023-01-02,AST-5003,EOT Crane,DHR-03,2,2,0,4,12,1,1,1,1,0,0
2023-01-03,AST-5003,EOT Crane,DHR-03,2,1,1,4,11,1,1,1,0,0,0
2023-01-04,AST-5003,EOT Crane,DHR-03,2,2,0,4,12,1,1,1,1,0,0
2023-01-05,AST-5003,EOT Crane,DHR-03,2,0,0,2,8,1,0,0,0,0,0
2023-01-06,AST-5003,EOT Crane,DHR-03,3,1,0,4,14,1,1,1,1,1,1
2023-01-07,AST-5003,EOT Crane,DHR-03,0,0,0,0,0,0,0,0,0,0,0
2023-01-08,AST-5003,EOT Crane,DHR-03,0,0,0,0,0,0,0,0,0,0,0
2023-01-09,AST-5003,EOT Crane,DHR-03,1,0,1,2,5,0,0,0,0,0,0
2023-01-10,AST-5003,EOT Crane,DHR-03,2,1,0,3,10,1,1,0,0,0,0
2023-01-11,AST-5003,EOT Crane,DHR-03,1,0,0,1,4,0,0,0,0,0,0
2023-01-12,AST-5003,EOT Crane,DHR-03,1,3,0,4,10,1,1,0,0,0,0
2023-01-13,AST-5003,EOT Crane,DHR-03,1,0,2,3,6,0,0,0,0,0,0
2023-01-14,AST-5003,EOT Crane,DHR-03,0,0,0,0,0,0,0,0,0,0,0
2023-01-15,AST-5003,EOT Crane,DHR-03,0,0,0,0,0,0,0,0,0,0,0
2023-01-16,AST-5003,EOT Crane,DHR-03,2,1,0,3,10,1,1,0,0,0,0
2023-01-17,AST-5003,EOT Crane,DHR-03,1,2,0,3,8,1,0,0,0,0,0
2023-01-18,AST-5003,EOT Crane,DHR-03,0,2,1,3,5,0,0,0,0,0,0
2023-01-19,AST-5003,EOT Crane,DHR-03,1,1,0,2,6,0,0,0,0,0,0
2023-01-20,AST-5003,EOT Crane,DHR-03,0,0,1,1,1,0,0,0,0,0,0
2023-01-21,AST-5003,EOT Crane,DHR-03,0,0,0,0,0,0,0,0,0,0,0
2023-01-22,AST-5003,EOT Crane,DHR-03,0,0,0,0,0,0,0,0,0,0,0
2023-01-23,AST-5003,EOT Crane,DHR-03,0,4,0,4,8,1,0,0,0,0,0
2023-01-24,AST-5003,EOT Crane,DHR-03,0,1,1,2,3,0,0,0,0,0,0
2023-01-25,AST-5003,EOT Crane,DHR-03,2,1,0,3,10,1,1,0,0,0,0
2023-01-26,AST-5003,EOT Crane,DHR-03,0,2,2,4,6,0,0,0,0,0,0
2023-01-27,AST-5003,EOT Crane,DHR-03,1,1,1,3,7,1,0,0,0,0,0
2023-01-28,AST-5003,EOT Crane,DHR-03,0,0,0,0,0,0,0,0,0,0,0
2023-01-29,AST-5003,EOT Crane,DHR-03,0,0,0,0,0,0,0,0,0,0,0
2023-01-30,AST-5003,EOT Crane,DHR-03,1,2,0,3,8,1,0,0,0,0,0
2023-01-31,AST-5003,EOT Crane,DHR-03,2,2,0,4,12,1,1,1,1,0,0
2023-02-01,AST-5003,EOT Crane,DHR-03,2,2,0,4,12,1,1,1,1,0,0
2023-02-02,AST-5003,EOT Crane,DHR-03,2,0,0,2,8,1,0,0,0,0,0
2023-02-03,AST-5003,EOT Crane,DHR-03,2,2,1,5,13,1,1,1,1,1,0
2023-02-04,AST-5003,EOT Crane,DHR-03,0,0,0,0,0,0,0,0,0,0,0
2023-02-05,AST-5003,EOT Crane,DHR-03,0,0,0,0,0,0,0,0,0,0,0
2023-02-06,AST-5003,EOT Crane,DHR-03,0,2,2,4,6,0,0,0,0,0,0
2023-02-07,AST-5003,EOT Crane,DHR-03,3,3,2,8,20,1,1,1,1,1,1
2023-02-08,AST-5003,EOT Crane,DHR-03,1,0,0,1,4,0,0,0,0,0,0
2023-02-09,AST-5003,EOT Crane,DHR-03,0,1,0,1,2,0,0,0,0,0,0
2023-02-10,AST-5003,EOT Crane,DHR-03,2,4,1,7,17,1,1,1,1,1,1
2023-02-11,AST-5003,EOT Crane,DHR-03,0,0,0,0,0,0,0,0,0,0,0
2023-02-12,AST-5003,EOT Crane,DHR-03,0,0,0,0,0,0,0,0,0,0,0
2023-02-13,AST-5003,EOT Crane,DHR-03,0,0,0,0,0,0,0,0,0,0,0
2023-02-14,AST-5003,EOT Crane,DHR-03,2,2,1,5,13,1,1,1,1,1,0
2023-02-15,AST-5003,EOT Crane,DHR-03,1,1,1,3,7,1,0,0,0,0,0
2023-02-16,AST-5003,EOT Crane,DHR-03,0,3,0,3,6,0,0,0,0,0,0
2023-02-17,AST-5003,EOT Crane,DHR-03,2,3,0,5,14,1,1,1,1,1,1
2023-02-18,AST-5003,EOT Crane,DHR-03,0,0,0,0,0,0,0,0,0,0,0
2023-02-19,AST-5003,EOT Crane,DHR-03,0,0,0,0,0,0,0,0,0,0,0
2023-02-20,AST-5003,EOT Crane,DHR-03,1,1,1,3,7,1,0,0,0,0,0
2023-02-21,AST-5003,EOT Crane,DHR-03,1,3,1,5,11,1,1,1,0,0,0
2023-02-22,AST-5003,EOT Crane,DHR-03,1,1,1,3,7,1,0,0,0,0,0
2023-02-23,AST-5003,EOT Crane,DHR-03,2,0,1,3,9,1,0,0,0,0,0
2023-02-24,AST-5003,EOT Crane,DHR-03,2,3,0,5,14,1,1,1,1,1,1
2023-02-25,AST-5003,EOT Crane,DHR-03,0,0,0,0,0,0,0,0,0,0,0
2023-02-26,AST-5003,EOT Crane,DHR-03,0,0,0,0,0,0,0,0,0,0,0
2023-02-27,AST-5003,EOT Crane,DHR-03,0,2,0,2,4,0,0,0,0,0,0
2023-02-28,AST-5003,EOT Crane,DHR-03,2,0,1,3,9,1,0,0,0,0,0
2023-03-01,AST-5003,EOT Crane,DHR-03,0,1,0,1,2,0,0,0,0,0,0
2023-03-02,AST-5003,EOT Crane,DHR-03,1,0,0,1,4,0,0,0,0,0,0
2023-03-03,AST-5003,EOT Crane,DHR-03,1,3,0,4,10,1,1,0,0,0,0
2023-03-04,AST-5003,EOT Crane,DHR-03,0,0,0,0,0,0,0,0,0,0,0
2023-03-05,AST-5003,EOT Crane,DHR-03,0,0,0,0,0,0,0,0,0,0,0
2023-03-06,AST-5003,EOT Crane,DHR-03,2,1,2,5,12,1,1,1,1,0,0
2023-03-07,AST-5003,EOT Crane,DHR-03,1,1,0,2,6,0,0,0,0,0,0
2023-03-08,AST-5003,EOT Crane,DHR-03,1,0,1,2,5,0,0,0,0,0,0
2023-03-09,AST-5003,EOT Crane,DHR-03,1,0,2,3,6,0,0,0,0,0,0
2023-03-10,AST-5003,EOT Crane,DHR-03,1,0,1,2,5,0,0,0,0,0,0
2023-03-11,AST-5003,EOT Crane,DHR-03,0,0,0,0,0,0,0,0,0,0,0
2023-03-12,AST-5003,EOT Crane,DHR-03,0,0,0,0,0,0,0,0,0,0,0
2023-03-13,AST-5003,EOT Crane,DHR-03,2,0,0,2,8,1,0,0,0,0,0
2023-03-14,AST-5003,EOT Crane,DHR-03,1,0,0,1,4,0,0,0,0,0,0
2023-03-15,AST-5003,EOT Crane,DHR-03,0,0,0,0,0,0,0,0,0,0,0
2023-03-16,AST-5003,EOT Crane,DHR-03,1,0,0,1,4,0,0,0,0,0,0
2023-03-17,AST-5003,EOT Crane,DHR-03,2,1,0,3,10,1,1,0,0,0,0
2023-03-18,AST-5003,EOT Crane,DHR-03,0,0,0,0,0,0,0,0,0,0,0
2023-03-19,AST-5003,EOT Crane,DHR-03,0,0,0,0,0,0,0,0,0,0,0
2023-03-20,AST-5003,EOT Crane,DHR-03,4,1,2,7,20,1,1,1,1,1,1
2023-03-21,AST-5003,EOT Crane,DHR-03,2,0,0,2,8,1,0,0,0,0,0
2023-03-22,AST-5003,EOT Crane,DHR-03,2,2,0,4,12,1,1,1,1,0,0
2023-03-23,AST-5003,EOT Crane,DHR-03,2,0,0,2,8,1,0,0,0,0,0
2023-03-24,AST-5003,EOT Crane,DHR-03,2,0,0,2,8,1,0,0,0,0,0
2023-03-25,AST-5003,EOT Crane,DHR-03,0,0,0,0,0,0,0,0,0,0,0
2023-03-26,AST-5003,EOT Crane,DHR-03,0,0,0,0,0,0,0,0,0,0,0
2023-03-27,AST-5003,EOT Crane,DHR-03,3,2,1,6,17,1,1,1,1,1,1
2023-03-28,AST-5003,EOT Crane,DHR-03,2,3,0,5,14,1,1,1,1,1,1
2023-03-29,AST-5003,EOT Crane,DHR-03,0,1,1,2,3,0,0,0,0,0,0
2023-03-30,AST-5003,EOT Crane,DHR-03,0,1,0,1,2,0,0,0,0,0,0
2023-03-31,AST-5003,EOT Crane,DHR-03,0,0,0,0,0,0,0,0,0,0,0
2023-04-01,AST-5003,EOT Crane,DHR-03,0,0,0,0,0,0,0,0,0,0,0
2023-04-02,AST-5003,EOT Crane,DHR-03,0,0,0,0,0,0,0,0,0,0,0
2023-04-03,AST-5003,EOT Crane,DHR-03,2,3,1,6,15,1,1,1,1,1,1
2023-04-04,AST-5003,EOT Crane,DHR-03,0,0,1,1,1,0,0,0,0,0,0
2023-04-05,AST-5003,EOT Crane,DHR-03,0,2,0,2,4,0,0,0,0,0,0
2023-04-06,AST-5003,EOT Crane,DHR-03,2,3,1,6,15,1,1,1,1,1,1
2023-04-07,AST-5003,EOT Crane,DHR-03,0,2,0,2,4,0,0,0,0,0,0
2023-04-08,AST-5003,EOT Crane,DHR-03,0,0,0,0,0,0,0,0,0,0,0
2023-04-09,AST-5003,EOT Crane,DHR-03,0,0,0,0,0,0,0,0,0,0,0
2023-04-10,AST-5003,EOT Crane,DHR-03,1,0,0,1,4,0,0,0,0,0,0
2023-04-11,AST-5003,EOT Crane,DHR-03,0,0,1,1,1,0,0,0,0,0,0
2023-04-12,AST-5003,EOT Crane,DHR-03,2,1,0,3,10,1,1,0,0,0,0
2023-04-13,AST-5003,EOT Crane,DHR-03,0,2,0,2,4,0,0,0,0,0,0
2023-04-14,AST-5003,EOT Crane,DHR-03,1,4,0,5,12,1,1,1,1,0,0
2023-04-15,AST-5003,EOT Crane,DHR-03,0,0,0,0,0,0,0,0,0,0,0
2023-04-16,AST-5003,EOT Crane,DHR-03,0,0,0,0,0,0,0,0,0,0,0
2023-04-17,AST-5003,EOT Crane,DHR-03,3,3,1,7,19,1,1,1,1,1,1
2023-04-18,AST-5003,EOT Crane,DHR-03,4,1,0,5,18,1,1,1,1,1,1
2023-04-19,AST-5003,EOT Crane,DHR-03,1,0,0,1,4,0,0,0,0,0,0
2023-04-20,AST-5003,EOT Crane,DHR-03,2,1,1,4,11,1,1,1,0,0,0
2023-04-21,AST-5003,EOT Crane,DHR-03,2,2,1,5,13,1,1,1,1,1,0
2023-04-22,AST-5003,EOT Crane,DHR-03,0,0,0,0,0,0,0,0,0,0,0
2023-04-23,AST-5003,EOT Crane,DHR-03,0,0,0,0,0,0,0,0,0,0,0
2023-04-24,AST-5003,EOT Crane,DHR-03,1,2,0,3,8,1,0,0,0,0,0
2023-04-25,AST-5003,EOT Crane,DHR-03,0,0,1,1,1,0,0,0,0,0,0
2023-04-26,AST-5003,EOT Crane,DHR-03,0,2,1,3,5,0,0,0,0,0,0
2023-04-27,AST-5003,EOT Crane,DHR-03,2,1,0,3,10,1,1,0,0,0,0
2023-04-28,AST-5003,EOT Crane,DHR-03,0,2,0,2,4,0,0,0,0,0,0
2023-04-29,AST-5003,EOT Crane,DHR-03,0,0,0,0,0,0,0,0,0,0,0
2023-04-30,AST-5003,EOT Crane,DHR-03,0,0,0,0,0,0,0,0,0,0,0
2023-05-01,AST-5003,EOT Crane,DHR-03,1,0,0,1,4,0,0,0,0,0,0
2023-05-02,AST-5003,EOT Crane,DHR-03,5,2,2,9,26,1,1,1,1,1,1
2023-05-03,AST-5003,EOT Crane,DHR-03,1,2,0,3,8,1,0,0,0,0,0
2023-05-04,AST-5003,EOT Crane,DHR-03,0,0,0,0,0,0,0,0,0,0,0
2023-05-05,AST-5003,EOT Crane,DHR-03,2,2,0,4,12,1,1,1,1,0,0
2023-05-06,AST-5003,EOT Crane,DHR-03,0,0,0,0,0,0,0,0,0,0,0
2023-05-07,AST-5003,EOT Crane,DHR-03,0,0,0,0,0,0,0,0,0,0,0
2023-05-08,AST-5003,EOT Crane,DHR-03,2,2,0,4,12,1,1,1,1,0,0
2023-05-09,AST-5003,EOT Crane,DHR-03,0,0,0,0,0,0,0,0,0,0,0
2023-05-10,AST-5003,EOT Crane,DHR-03,2,2,0,4,12,1,1,1,1,0,0
2023-05-11,AST-5003,EOT Crane,DHR-03,0,0,1,1,1,0,0,0,0,0,0
2023-05-12,AST-5003,EOT Crane,DHR-03,2,2,0,4,12,1,1,1,1,0,0
2023-05-13,AST-5003,EOT Crane,DHR-03,0,0,0,0,0,0,0,0,0,0,0
2023-05-14,AST-5003,EOT Crane,DHR-03,0,0,0,0,0,0,0,0,0,0,0
2023-05-15,AST-5003,EOT Crane,DHR-03,0,1,0,1,2,0,0,0,0,0,0
2023-05-16,AST-5003,EOT Crane,DHR-03,2,0,1,3,9,1,0,0,0,0,0
2023-05-17,AST-5003,EOT Crane,DHR-03,3,2,0,5,16,1,1,1,1,1,1
2023-05-18,AST-5003,EOT Crane,DHR-03,2,1,0,3,10,1,1,0,0,0,0
2023-05-19,AST-5003,EOT Crane,DHR-03,1,2,0,3,8,1,0,0,0,0,0
2023-05-20,AST-5003,EOT Crane,DHR-03,0,0,0,0,0,0,0,0,0,0,0
2023-05-21,AST-5003,EOT Crane,DHR-03,0,0,0,0,0,0,0,0,0,0,0
2023-05-22,AST-5003,EOT Crane,DHR-03,2,2,1,5,13,1,1,1,1,1,0
2023-05-23,AST-5003,EOT Crane,DHR-03,2,2,1,5,13,1,1,1,1,1,0
2023-05-24,AST-5003,EOT Crane,DHR-03,1,0,1,2,5,0,0,0,0,0,0
2023-05-25,AST-5003,EOT Crane,DHR-03,1,2,0,3,8,1,0,0,0,0,0
2023-05-26,AST-5003,EOT Crane,DHR-03,0,1,1,2,3,0,0,0,0,0,0
2023-05-27,AST-5003,EOT Crane,DHR-03,0,0,0,0,0,0,0,0,0,0,0
2023-05-28,AST-5003,EOT Crane,DHR-03,0,0,0,0,0,0,0,0,0,0,0
2023-05-29,AST-5003,EOT Crane,DHR-03,1,0,1,2,5,0,0,0,0,0,0
2023-05-30,AST-5003,EOT Crane,DHR-03,1,2,0,3,8,1,0,0,0,0,0
2023-05-31,AST-5003,EOT Crane,DHR-03,2,3,0,5,14,1,1,1,1,1,1
2023-06-01,AST-5003,EOT Crane,DHR-03,2,1,1,4,11,1,1,1,0,0,0
2023-06-02,AST-5003,EOT Crane,DHR-03,3,3,0,6,18,1,1,1,1,1,1
2023-06-03,AST-5003,EOT Crane,DHR-03,0,0,0,0,0,0,0,0,0,0,0
2023-06-04,AST-5003,EOT Crane,DHR-03,0,0,0,0,0,0,0,0,0,0,0
2023-06-05,AST-5003,EOT Crane,DHR-03,1,0,0,1,4,0,0,0,0,0,0
2023-06-06,AST-5003,EOT Crane,DHR-03,1,1,1,3,7,1,0,0,0,0,0
2023-06-07,AST-5003,EOT Crane,DHR-03,0,2,0,2,4,0,0,0,0,0,0
2023-06-08,AST-5003,EOT Crane,DHR-03,1,1,1,3,7,1,0,0,0,0,0
2023-06-09,AST-5003,EOT Crane,DHR-03,0,0,1,1,1,0,0,0,0,0,0
2023-06-10,AST-5003,EOT Crane,DHR-03,0,0,0,0,0,0,0,0,0,0,0
2023-06-11,AST-5003,EOT Crane,DHR-03,0,0,0,0,0,0,0,0,0,0,0
2023-06-12,AST-5003,EOT Crane,DHR-03,0,1,0,1,2,0,0,0,0,0,0
2023-06-13,AST-5003,EOT Crane,DHR-03,1,0,0,1,4,0,0,0,0,0,0
2023-06-14,AST-5003,EOT Crane,DHR-03,2,1,1,4,11,1,1,1,0,0,0
2023-06-15,AST-5003,EOT Crane,DHR-03,0,2,1,3,5,0,0,0,0,0,0
2023-06-16,AST-5003,EOT Crane,DHR-03,2,1,0,3,10,1,1,0,0,0,0
2023-06-17,AST-5003,EOT Crane,DHR-03,0,0,0,0,0,0,0,0,0,0,0
2023-06-18,AST-5003,EOT Crane,DHR-03,0,0,0,0,0,0,0,0,0,0,0
2023-06-19,AST-5003,EOT Crane,DHR-03,1,2,0,3,8,1,0,0,0,0,0
2023-06-20,AST-5003,EOT Crane,DHR-03,0,3,0,3,6,0,0,0,0,0,0
2023-06-21,AST-5003,EOT Crane,DHR-03,0,2,0,2,4,0,0,0,0,0,0
2023-06-22,AST-5003,EOT Crane,DHR-03,1,0,1,2,5,0,0,0,0,0,0
2023-06-23,AST-5003,EOT Crane,DHR-03,0,0,0,0,0,0,0,0,0,0,0
2023-06-24,AST-5003,EOT Crane,DHR-03,0,0,0,0,0,0,0,0,0,0,0
2023-06-25,AST-5003,EOT Crane,DHR-03,0,0,0,0,0,0,0,0,0,0,0
2023-06-26,AST-5003,EOT Crane,DHR-03,0,2,1,3,5,0,0,0,0,0,0
2023-06-27,AST-5003,EOT Crane,DHR-03,3,4,0,7,20,1,1,1,1,1,1
2023-06-28,AST-5003,EOT Crane,DHR-03,1,0,1,2,5,0,0,0,0,0,0
2023-06-29,AST-5003,EOT Crane,DHR-03,1,1,1,3,7,1,0,0,0,0,0
2023-06-30,AST-5003,EOT Crane,DHR-03,3,2,0,5,16,1,1,1,1,1,1
2023-07-01,AST-5003,EOT Crane,DHR-03,0,0,0,0,0,0,0,0,0,0,0
2023-07-02,AST-5003,EOT Crane,DHR-03,0,0,0,0,0,0,0,0,0,0,0
2023-07-03,AST-5003,EOT Crane,DHR-03,0,1,1,2,3,0,0,0,0,0,0
2023-07-04,AST-5003,EOT Crane,DHR-03,1,2,1,4,9,1,0,0,0,0,0
2023-07-05,AST-5003,EOT Crane,DHR-03,3,1,0,4,14,1,1,1,1,1,1
2023-07-06,AST-5003,EOT Crane,DHR-03,2,2,0,4,12,1,1,1,1,0,0
2023-07-07,AST-5003,EOT Crane,DHR-03,1,0,1,2,5,0,0,0,0,0,0
2023-07-08,AST-5003,EOT Crane,DHR-03,0,0,0,0,0,0,0,0,0,0,0
2023-07-09,AST-5003,EOT Crane,DHR-03,0,0,0,0,0,0,0,0,0,0,0
2023-07-10,AST-5003,EOT Crane,DHR-03,1,3,0,4,10,1,1,0,0,0,0
2023-07-11,AST-5003,EOT Crane,DHR-03,0,1,0,1,2,0,0,0,0,0,0
2023-07-12,AST-5003,EOT Crane,DHR-03,3,2,0,5,16,1,1,1,1,1,1
2023-07-13,AST-5003,EOT Crane,DHR-03,2,1,1,4,11,1,1,1,0,0,0
2023-07-14,AST-5003,EOT Crane,DHR-03,1,1,3,5,9,1,0,0,0,0,0
2023-07-15,AST-5003,EOT Crane,DHR-03,0,0,0,0,0,0,0,0,0,0,0
2023-07-16,AST-5003,EOT Crane,DHR-03,0,0,0,0,0,0,0,0,0,0,0
2023-07-17,AST-5003,EOT Crane,DHR-03,3,0,0,3,12,1,1,1,1,0,0
2023-07-18,AST-5003,EOT Crane,DHR-03,2,2,0,4,12,1,1,1,1,0,0
2023-07-19,AST-5003,EOT Crane,DHR-03,1,1,0,2,6,0,0,0,0,0,0
2023-07-20,AST-5003,EOT Crane,DHR-03,2,3,0,5,14,1,1,1,1,1,1
2023-07-21,AST-5003,EOT Crane,DHR-03,3,2,2,7,18,1,1,1,1,1,1
2023-07-22,AST-5003,EOT Crane,DHR-03,0,0,0,0,0,0,0,0,0,0,0
2023-07-23,AST-5003,EOT Crane,DHR-03,0,0,0,0,0,0,0,0,0,0,0
2023-07-24,AST-5003,EOT Crane,DHR-03,1,0,0,1,4,0,0,0,0,0,0
2023-07-25,AST-5003,EOT Crane,DHR-03,0,1,0,1,2,0,0,0,0,0,0
2023-07-26,AST-5003,EOT Crane,DHR-03,1,2,2,5,10,1,1,0,0,0,0
2023-07-27,AST-5003,EOT Crane,DHR-03,1,1,0,2,6,0,0,0,0,0,0
2023-07-28,AST-5003,EOT Crane,DHR-03,0,2,1,3,5,0,0,0,0,0,0
2023-07-29,AST-5003,EOT Crane,DHR-03,0,0,0,0,0,0,0,0,0,0,0
2023-07-30,AST-5003,EOT Crane,DHR-03,0,0,0,0,0,0,0,0,0,0,0
2023-07-31,AST-5003,EOT Crane,DHR-03,0,2,1,3,5,0,0,0,0,0,0
2023-08-01,AST-5003,EOT Crane,DHR-03,0,1,0,1,2,0,0,0,0,0,0
2023-08-02,AST-5003,EOT Crane,DHR-03,0,2,1,3,5,0,0,0,0,0,0
2023-08-03,AST-5003,EOT Crane,DHR-03,2,3,2,7,16,1,1,1,1,1,1
2023-08-04,AST-5003,EOT Crane,DHR-03,0,2,1,3,5,0,0,0,0,0,0
2023-08-05,AST-5003,EOT Crane,DHR-03,0,0,0,0,0,0,0,0,0,0,0
2023-08-06,AST-5003,EOT Crane,DHR-03,0,0,0,0,0,0,0,0,0,0,0
2023-08-07,AST-5003,EOT Crane,DHR-03,1,1,0,2,6,0,0,0,0,0,0
2023-08-08,AST-5003,EOT Crane,DHR-03,0,3,1,4,7,1,0,0,0,0,0
2023-08-09,AST-5003,EOT Crane,DHR-03,0,0,2,2,2,0,0,0,0,0,0
2023-08-10,AST-5003,EOT Crane,DHR-03,0,1,0,1,2,0,0,0,0,0,0
2023-08-11,AST-5003,EOT Crane,DHR-03,0,2,0,2,4,0,0,0,0,0,0
2023-08-12,AST-5003,EOT Crane,DHR-03,0,0,0,0,0,0,0,0,0,0,0
2023-08-13,AST-5003,EOT Crane,DHR-03,0,0,0,0,0,0,0,0,0,0,0
2023-08-14,AST-5003,EOT Crane,DHR-03,1,1,0,2,6,0,0,0,0,0,0
2023-08-15,AST-5003,EOT Crane,DHR-03,0,0,2,2,2,0,0,0,0,0,0
2023-08-16,AST-5003,EOT Crane,DHR-03,0,0,3,3,3,0,0,0,0,0,0
2023-08-17,AST-5003,EOT Crane,DHR-03,0,2,2,4,6,0,0,0,0,0,0
2023-08-18,AST-5003,EOT Crane,DHR-03,0,2,0,2,4,0,0,0,0,0,0
2023-08-19,AST-5003,EOT Crane,DHR-03,0,0,0,0,0,0,0,0,0,0,0
2023-08-20,AST-5003,EOT Crane,DHR-03,0,0,0,0,0,0,0,0,0,0,0
2023-08-21,AST-5003,EOT Crane,DHR-03,3,1,0,4,14,1,1,1,1,1,1
2023-08-22,AST-5003,EOT Crane,DHR-03,4,2,0,6,20,1,1,1,1,1,1
2023-08-23,AST-5003,EOT Crane,DHR-03,0,2,0,2,4,0,0,0,0,0,0
2023-08-24,AST-5003,EOT Crane,DHR-03,1,3,0,4,10,1,1,0,0,0,0
2023-08-25,AST-5003,EOT Crane,DHR-03,1,2,0,3,8,1,0,0,0,0,0
2023-08-26,AST-5003,EOT Crane,DHR-03,0,0,0,0,0,0,0,0,0,0,0
2023-08-27,AST-5003,EOT Crane,DHR-03,0,0,0,0,0,0,0,0,0,0,0
2023-08-28,AST-5003,EOT Crane,DHR-03,1,0,1,2,5,0,0,0,0,0,0
2023-08-29,AST-5003,EOT Crane,DHR-03,2,3,0,5,14,1,1,1,1,1,1
2023-08-30,AST-5003,EOT Crane,DHR-03,2,0,0,2,8,1,0,0,0,0,0
2023-08-31,AST-5003,EOT Crane,DHR-03,0,2,0,2,4,0,0,0,0,0,0
2023-09-01,AST-5003,EOT Crane,DHR-03,2,2,1,5,13,1,1,1,1,1,0
2023-09-02,AST-5003,EOT Crane,DHR-03,0,0,0,0,0,0,0,0,0,0,0
2023-09-03,AST-5003,EOT Crane,DHR-03,0,0,0,0,0,0,0,0,0,0,0
2023-09-04,AST-5003,EOT Crane,DHR-03,1,1,0,2,6,0,0,0,0,0,0
2023-09-05,AST-5003,EOT Crane,DHR-03,2,2,0,4,12,1,1,1,1,0,0
2023-09-06,AST-5003,EOT Crane,DHR-03,0,1,3,4,5,0,0,0,0,0,0
2023-09-07,AST-5003,EOT Crane,DHR-03,0,3,1,4,7,1,0,0,0,0,0
2023-09-08,AST-5003,EOT Crane,DHR-03,2,1,0,3,10,1,1,0,0,0,0
2023-09-09,AST-5003,EOT Crane,DHR-03,0,0,0,0,0,0,0,0,0,0,0
2023-09-10,AST-5003,EOT Crane,DHR-03,0,0,0,0,0,0,0,0,0,0,0
2023-09-11,AST-5003,EOT Crane,DHR-03,0,1,0,1,2,0,0,0,0,0,0
2023-09-12,AST-5003,EOT Crane,DHR-03,1,1,0,2,6,0,0,0,0,0,0
2023-09-13,AST-5003,EOT Crane,DHR-03,0,0,3,3,3,0,0,0,0,0,0
2023-09-14,AST-5003,EOT Crane,DHR-03,3,2,1,6,17,1,1,1,1,1,1
2023-09-15,AST-5003,EOT Crane,DHR-03,0,0,0,0,0,0,0,0,0,0,0
2023-09-16,AST-5003,EOT Crane,DHR-03,0,0,0,0,0,0,0,0,0,0,0
2023-09-17,AST-5003,EOT Crane,DHR-03,0,0,0,0,0,0,0,0,0,0,0
2023-09-18,AST-5003,EOT Crane,DHR-03,0,0,2,2,2,0,0,0,0,0,0
2023-09-19,AST-5003,EOT Crane,DHR-03,2,1,1,4,11,1,1,1,0,0,0
2023-09-20,AST-5003,EOT Crane,DHR-03,1,1,0,2,6,0,0,0,0,0,0
2023-09-21,AST-5003,EOT Crane,DHR-03,3,3,0,6,18,1,1,1,1,1,1
2023-09-22,AST-5003,EOT Crane,DHR-03,1,1,0,2,6,0,0,0,0,0,0
2023-09-23,AST-5003,EOT Crane,DHR-03,0,0,0,0,0,0,0,0,0,0,0
2023-09-24,AST-5003,EOT Crane,DHR-03,0,0,0,0,0,0,0,0,0,0,0
2023-09-25,AST-5003,EOT Crane,DHR-03,1,2,1,4,9,1,0,0,0,0,0
2023-09-26,AST-5003,EOT Crane,DHR-03,0,1,2,3,4,0,0,0,0,0,0
2023-09-27,AST-5003,EOT Crane,DHR-03,1,3,0,4,10,1,1,0,0,0,0
2023-09-28,AST-5003,EOT Crane,DHR-03,2,0,0,2,8,1,0,0,0,0,0
2023-09-29,AST-5003,EOT Crane,DHR-03,2,1,0,3,10,1,1,0,0,0,0
2023-09-30,AST-5003,EOT Crane,DHR-03,0,0,0,0,0,0,0,0,0,0,0
2023-10-01,AST-5003,EOT Crane,DHR-03,0,0,0,0,0,0,0,0,0,0,0
2023-10-02,AST-5003,EOT Crane,DHR-03,1,2,0,3,8,1,0,0,0,0,0
2023-10-03,AST-5003,EOT Crane,DHR-03,0,3,0,3,6,0,0,0,0,0,0
2023-10-04,AST-5003,EOT Crane,DHR-03,0,3,2,5,8,1,0,0,0,0,0
2023-10-05,AST-5003,EOT Crane,DHR-03,1,3,0,4,10,1,1,0,0,0,0
2023-10-06,AST-5003,EOT Crane,DHR-03,1,0,2,3,6,0,0,0,0,0,0
2023-10-07,AST-5003,EOT Crane,DHR-03,0,0,0,0,0,0,0,0,0,0,0
2023-10-08,AST-5003,EOT Crane,DHR-03,0,0,0,0,0,0,0,0,0,0,0
2023-10-09,AST-5003,EOT Crane,DHR-03,4,1,0,5,18,1,1,1,1,1,1
2023-10-10,AST-5003,EOT Crane,DHR-03,1,0,1,2,5,0,0,0,0,0,0
2023-10-11,AST-5003,EOT Crane,DHR-03,1,2,1,4,9,1,0,0,0,0,0
2023-10-12,AST-5003,EOT Crane,DHR-03,2,1,0,3,10,1,1,0,0,0,0
2023-10-13,AST-5003,EOT Crane,DHR-03,2,0,0,2,8,1,0,0,0,0,0
2023-10-14,AST-5003,EOT Crane,DHR-03,0,0,0,0,0,0,0,0,0,0,0
2023-10-15,AST-5003,EOT Crane,DHR-03,0,0,0,0,0,0,0,0,0,0,0
2023-10-16,AST-5003,EOT Crane,DHR-03,1,2,1,4,9,1,0,0,0,0,0
2023-10-17,AST-5003,EOT Crane,DHR-03,2,2,1,5,13,1,1,1,1,1,0
2023-10-18,AST-5003,EOT Crane,DHR-03,2,1,1,4,11,1,1,1,0,0,0
2023-10-19,AST-5003,EOT Crane,DHR-03,1,2,0,3,8,1,0,0,0,0,0
2023-10-20,AST-5003,EOT Crane,DHR-03,2,0,0,2,8,1,0,0,0,0,0
2023-10-21,AST-5003,EOT Crane,DHR-03,0,0,0,0,0,0,0,0,0,0,0
2023-10-22,AST-5003,EOT Crane,DHR-03,0,0,0,0,0,0,0,0,0,0,0
2023-10-23,AST-5003,EOT Crane,DHR-03,1,2,0,3,8,1,0,0,0,0,0
2023-10-24,AST-5003,EOT Crane,DHR-03,0,2,0,2,4,0,0,0,0,0,0
2023-10-25,AST-5003,EOT Crane,DHR-03,0,2,1,3,5,0,0,0,0,0,0
2023-10-26,AST-5003,EOT Crane,DHR-03,2,2,0,4,12,1,1,1,1,0,0
2023-10-27,AST-5003,EOT Crane,DHR-03,1,2,3,6,11,1,1,1,0,0,0
2023-10-28,AST-5003,EOT Crane,DHR-03,0,0,0,0,0,0,0,0,0,0,0
2023-10-29,AST-5003,EOT Crane,DHR-03,0,0,0,0,0,0,0,0,0,0,0
2023-10-30,AST-5003,EOT Crane,DHR-03,2,1,1,4,11,1,1,1,0,0,0
2023-10-31,AST-5003,EOT Crane,DHR-03,1,1,0,2,6,0,0,0,0,0,0
2023-11-01,AST-5003,EOT Crane,DHR-03,2,4,0,6,16,1,1,1,1,1,1
2023-11-02,AST-5003,EOT Crane,DHR-03,0,3,0,3,6,0,0,0,0,0,0
2023-11-03,AST-5003,EOT Crane,DHR-03,2,1,1,4,11,1,1,1,0,0,0
2023-11-04,AST-5003,EOT Crane,DHR-03,0,0,0,0,0,0,0,0,0,0,0
2023-11-05,AST-5003,EOT Crane,DHR-03,0,0,0,0,0,0,0,0,0,0,0
2023-11-06,AST-5003,EOT Crane,DHR-03,0,3,0,3,6,0,0,0,0,0,0
2023-11-07,AST-5003,EOT Crane,DHR-03,0,0,0,0,0,0,0,0,0,0,0
2023-11-08,AST-5003,EOT Crane,DHR-03,0,2,0,2,4,0,0,0,0,0,0
2023-11-09,AST-5003,EOT Crane,DHR-03,1,1,0,2,6,0,0,0,0,0,0
2023-11-10,AST-5003,EOT Crane,DHR-03,0,0,2,2,2,0,0,0,0,0,0
2023-11-11,AST-5003,EOT Crane,DHR-03,0,0,0,0,0,0,0,0,0,0,0
2023-11-12,AST-5003,EOT Crane,DHR-03,0,0,0,0,0,0,0,0,0,0,0
2023-11-13,AST-5003,EOT Crane,DHR-03,4,2,0,6,20,1,1,1,1,1,1
2023-11-14,AST-5003,EOT Crane,DHR-03,4,0,0,4,16,1,1,1,1,1,1
2023-11-15,AST-5003,EOT Crane,DHR-03,1,2,0,3,8,1,0,0,0,0,0
2023-11-16,AST-5003,EOT Crane,DHR-03,2,3,1,6,15,1,1,1,1,1,1
2023-11-17,AST-5003,EOT Crane,DHR-03,2,1,0,3,10,1,1,0,0,0,0
2023-11-18,AST-5003,EOT Crane,DHR-03,0,0,0,0,0,0,0,0,0,0,0
2023-11-19,AST-5003,EOT Crane,DHR-03,0,0,0,0,0,0,0,0,0,0,0
2023-11-20,AST-5003,EOT Crane,DHR-03,0,1,0,1,2,0,0,0,0,0,0
2023-11-21,AST-5003,EOT Crane,DHR-03,2,2,0,4,12,1,1,1,1,0,0
2023-11-22,AST-5003,EOT Crane,DHR-03,3,1,0,4,14,1,1,1,1,1,1
2023-11-23,AST-5003,EOT Crane,DHR-03,1,2,0,3,8,1,0,0,0,0,0
2023-11-24,AST-5003,EOT Crane,DHR-03,1,1,2,4,8,1,0,0,0,0,0
2023-11-25,AST-5003,EOT Crane,DHR-03,0,0,0,0,0,0,0,0,0,0,0
2023-11-26,AST-5003,EOT Crane,DHR-03,0,0,0,0,0,0,0,0,0,0,0
2023-11-27,AST-5003,EOT Crane,DHR-03,1,1,1,3,7,1,0,0,0,0,0
2023-11-28,AST-5003,EOT Crane,DHR-03,0,1,0,1,2,0,0,0,0,0,0
2023-11-29,AST-5003,EOT Crane,DHR-03,1,0,0,1,4,0,0,0,0,0,0
2023-11-30,AST-5003,EOT Crane,DHR-03,0,1,0,1,2,0,0,0,0,0,0
2023-12-01,AST-5003,EOT Crane,DHR-03,0,2,1,3,5,0,0,0,0,0,0
2023-12-02,AST-5003,EOT Crane,DHR-03,0,0,0,0,0,0,0,0,0,0,0
2023-12-03,AST-5003,EOT Crane,DHR-03,0,0,0,0,0,0,0,0,0,0,0
2023-12-04,AST-5003,EOT Crane,DHR-03,2,1,3,6,13,1,1,1,1,1,0
2023-12-05,AST-5003,EOT Crane,DHR-03,0,4,0,4,8,1,0,0,0,0,0
2023-12-06,AST-5003,EOT Crane,DHR-03,0,0,0,0,0,0,0,0,0,0,0
2023-12-07,AST-5003,EOT Crane,DHR-03,1,0,1,2,5,0,0,0,0,0,0
2023-12-08,AST-5003,EOT Crane,DHR-03,2,1,1,4,11,1,1,1,0,0,0
2023-12-09,AST-5003,EOT Crane,DHR-03,0,0,0,0,0,0,0,0,0,0,0
2023-12-10,AST-5003,EOT Crane,DHR-03,0,0,0,0,0,0,0,0,0,0,0
2023-12-11,AST-5003,EOT Crane,DHR-03,3,2,0,5,16,1,1,1,1,1,1
2023-12-12,AST-5003,EOT Crane,DHR-03,0,2,2,4,6,0,0,0,0,0,0
2023-12-13,AST-5003,EOT Crane,DHR-03,3,2,1,6,17,1,1,1,1,1,1
2023-12-14,AST-5003,EOT Crane,DHR-03,1,1,0,2,6,0,0,0,0,0,0
2023-12-15,AST-5003,EOT Crane,DHR-03,1,2,0,3,8,1,0,0,0,0,0
2023-12-16,AST-5003,EOT Crane,DHR-03,0,0,0,0,0,0,0,0,0,0,0
2023-12-17,AST-5003,EOT Crane,DHR-03,0,0,0,0,0,0,0,0,0,0,0
2023-12-18,AST-5003,EOT Crane,DHR-03,1,2,0,3,8,1,0,0,0,0,0
2023-12-19,AST-5003,EOT Crane,DHR-03,2,3,0,5,14,1,1,1,1,1,1
2023-12-20,AST-5003,EOT Crane,DHR-03,2,0,0,2,8,1,0,0,0,0,0
2023-12-21,AST-5003,EOT Crane,DHR-03,2,2,1,5,13,1,1,1,1,1,0
2023-12-22,AST-5003,EOT Crane,DHR-03,2,2,1,5,13,1,1,1,1,1,0
2023-12-23,AST-5003,EOT Crane,DHR-03,0,0,0,0,0,0,0,0,0,0,0
2023-12-24,AST-5003,EOT Crane,DHR-03,0,0,0,0,0,0,0,0,0,0,0
2023-12-25,AST-5003,EOT Crane,DHR-03,2,0,0,2,8,1,0,0,0,0,0
2023-12-26,AST-5003,EOT Crane,DHR-03,1,2,2,5,10,1,1,0,0,0,0
2023-12-27,AST-5003,EOT Crane,DHR-03,1,1,0,2,6,0,0,0,0,0,0
2023-12-28,AST-5003,EOT Crane,DHR-03,4,2,0,6,20,1,1,1,1,1,1
2023-12-29,AST-5003,EOT Crane,DHR-03,1,0,2,3,6,0,0,0,0,0,0
2023-12-30,AST-5003,EOT Crane,DHR-03,0,0,0,0,0,0,0,0,0,0,0
2023-12-31,AST-5003,EOT Crane,DHR-03,0,0,0,0,0,0,0,0,0,0,0
2024-01-01,AST-5003,EOT Crane,DHR-03,0,0,1,1,1,0,0,0,0,0,0
2024-01-02,AST-5003,EOT Crane,DHR-03,3,2,1,6,17,1,1,1,1,1,1
2024-01-03,AST-5003,EOT Crane,DHR-03,4,0,0,4,16,1,1,1,1,1,1
2024-01-04,AST-5003,EOT Crane,DHR-03,2,2,1,5,13,1,1,1,1,1,0
2024-01-05,AST-5003,EOT Crane,DHR-03,0,1,0,1,2,0,0,0,0,0,0
2024-01-06,AST-5003,EOT Crane,DHR-03,0,0,0,0,0,0,0,0,0,0,0
2024-01-07,AST-5003,EOT Crane,DHR-03,0,0,0,0,0,0,0,0,0,0,0
2024-01-08,AST-5003,EOT Crane,DHR-03,1,2,2,5,10,1,1,0,0,0,0
2024-01-09,AST-5003,EOT Crane,DHR-03,2,0,2,4,10,1,1,0,0,0,0
2024-01-10,AST-5003,EOT Crane,DHR-03,2,1,0,3,10,1,1,0,0,0,0
2024-01-11,AST-5003,EOT Crane,DHR-03,1,0,0,1,4,0,0,0,0,0,0
2024-01-12,AST-5003,EOT Crane,DHR-03,0,0,0,0,0,0,0,0,0,0,0
2024-01-13,AST-5003,EOT Crane,DHR-03,0,0,0,0,0,0,0,0,0,0,0
2024-01-14,AST-5003,EOT Crane,DHR-03,0,0,0,0,0,0,0,0,0,0,0
2024-01-15,AST-5003,EOT Crane,DHR-03,0,2,0,2,4,0,0,0,0,0,0
2024-01-16,AST-5003,EOT Crane,DHR-03,0,1,1,2,3,0,0,0,0,0,0
2024-01-17,AST-5003,EOT Crane,DHR-03,2,2,2,6,14,1,1,1,1,1,1
2024-01-18,AST-5003,EOT Crane,DHR-03,1,2,1,4,9,1,0,0,0,0,0
2024-01-19,AST-5003,EOT Crane,DHR-03,2,0,0,2,8,1,0,0,0,0,0
2024-01-20,AST-5003,EOT Crane,DHR-03,0,0,0,0,0,0,0,0,0,0,0
2024-01-21,AST-5003,EOT Crane,DHR-03,0,0,0,0,0,0,0,0,0,0,0
2024-01-22,AST-5003,EOT Crane,DHR-03,1,2,0,3,8,1,0,0,0,0,0
2024-01-23,AST-5003,EOT Crane,DHR-03,3,1,0,4,14,1,1,1,1,1,1
2024-01-24,AST-5003,EOT Crane,DHR-03,0,2,0,2,4,0,0,0,0,0,0
2024-01-25,AST-5003,EOT Crane,DHR-03,2,2,1,5,13,1,1,1,1,1,0
2024-01-26,AST-5003,EOT Crane,DHR-03,0,1,1,2,3,0,0,0,0,0,0
2024-01-27,AST-5003,EOT Crane,DHR-03,0,0,0,0,0,0,0,0,0,0,0
2024-01-28,AST-5003,EOT Crane,DHR-03,0,0,0,0,0,0,0,0,0,0,0
2024-01-29,AST-5003,EOT Crane,DHR-03,1,1,1,3,7,1,0,0,0,0,0
2024-01-30,AST-5003,EOT Crane,DHR-03,2,3,1,6,15,1,1,1,1,1,1
2024-01-31,AST-5003,EOT Crane,DHR-03,2,3,0,5,14,1,1,1,1,1,1
2024-02-01,AST-5003,EOT Crane,DHR-03,0,1,1,2,3,0,0,0,0,0,0
2024-02-02,AST-5003,EOT Crane,DHR-03,2,1,1,4,11,1,1,1,0,0,0
2024-02-03,AST-5003,EOT Crane,DHR-03,0,0,0,0,0,0,0,0,0,0,0
2024-02-04,AST-5003,EOT Crane,DHR-03,0,0,0,0,0,0,0,0,0,0,0
2024-02-05,AST-5003,EOT Crane,DHR-03,1,3,0,4,10,1,1,0,0,0,0
2024-02-06,AST-5003,EOT Crane,DHR-03,3,0,2,5,14,1,1,1,1,1,1
2024-02-07,AST-5003,EOT Crane,DHR-03,1,2,1,4,9,1,0,0,0,0,0
2024-02-08,AST-5003,EOT Crane,DHR-03,1,2,0,3,8,1,0,0,0,0,0
2024-02-09,AST-5003,EOT Crane,DHR-03,1,2,1,4,9,1,0,0,0,0,0
2024-02-10,AST-5003,EOT Crane,DHR-03,0,0,0,0,0,0,0,0,0,0,0
2024-02-11,AST-5003,EOT Crane,DHR-03,0,0,0,0,0,0,0,0,0,0,0
2024-02-12,AST-5003,EOT Crane,DHR-03,2,4,2,8,18,1,1,1,1,1,1
2024-02-13,AST-5003,EOT Crane,DHR-03,2,0,1,3,9,1,0,0,0,0,0
2024-02-14,AST-5003,EOT Crane,DHR-03,0,1,1,2,3,0,0,0,0,0,0
2024-02-15,AST-5003,EOT Crane,DHR-03,2,1,0,3,10,1,1,0,0,0,0
2024-02-16,AST-5003,EOT Crane,DHR-03,0,1,0,1,2,0,0,0,0,0,0
2024-02-17,AST-5003,EOT Crane,DHR-03,0,0,0,0,0,0,0,0,0,0,0
2024-02-18,AST-5003,EOT Crane,DHR-03,0,0,0,0,0,0,0,0,0,0,0
2024-02-19,AST-5003,EOT Crane,DHR-03,2,1,2,5,12,1,1,1,1,0,0
2024-02-20,AST-5003,EOT Crane,DHR-03,2,1,1,4,11,1,1,1,0,0,0
2024-02-21,AST-5003,EOT Crane,DHR-03,2,1,1,4,11,1,1,1,0,0,0
2024-02-22,AST-5003,EOT Crane,DHR-03,2,2,2,6,14,1,1,1,1,1,1
2024-02-23,AST-5003,EOT Crane,DHR-03,0,0,0,0,0,0,0,0,0,0,0
2024-02-24,AST-5003,EOT Crane,DHR-03,0,0,0,0,0,0,0,0,0,0,0
2024-02-25,AST-5003,EOT Crane,DHR-03,0,0,0,0,0,0,0,0,0,0,0
2024-02-26,AST-5003,EOT Crane,DHR-03,0,0,1,1,1,0,0,0,0,0,0
2024-02-27,AST-5003,EOT Crane,DHR-03,2,1,0,3,10,1,1,0,0,0,0
2024-02-28,AST-5003,EOT Crane,DHR-03,0,2,1,3,5,0,0,0,0,0,0
2024-02-29,AST-5003,EOT Crane,DHR-03,3,3,2,8,20,1,1,1,1,1,1
2024-03-01,AST-5003,EOT Crane,DHR-03,3,2,0,5,16,1,1,1,1,1,1
2024-03-02,AST-5003,EOT Crane,DHR-03,0,0,0,0,0,0,0,0,0,0,0
2024-03-03,AST-5003,EOT Crane,DHR-03,0,0,0,0,0,0,0,0,0,0,0
2024-03-04,AST-5003,EOT Crane,DHR-03,2,1,0,3,10,1,1,0,0,0,0
2024-03-05,AST-5003,EOT Crane,DHR-03,0,2,0,2,4,0,0,0,0,0,0
2024-03-06,AST-5003,EOT Crane,DHR-03,0,1,0,1,2,0,0,0,0,0,0
2024-03-07,AST-5003,EOT Crane,DHR-03,2,3,0,5,14,1,1,1,1,1,1
2024-03-08,AST-5003,EOT Crane,DHR-03,2,0,0,2,8,1,0,0,0,0,0
2024-03-09,AST-5003,EOT Crane,DHR-03,0,0,0,0,0,0,0,0,0,0,0
2024-03-10,AST-5003,EOT Crane,DHR-03,0,0,0,0,0,0,0,0,0,0,0
2024-03-11,AST-5003,EOT Crane,DHR-03,2,0,1,3,9,1,0,0,0,0,0
2024-03-12,AST-5003,EOT Crane,DHR-03,1,2,0,3,8,1,0,0,0,0,0
2024-03-13,AST-5003,EOT Crane,DHR-03,2,2,2,6,14,1,1,1,1,1,1
2024-03-14,AST-5003,EOT Crane,DHR-03,2,3,1,6,15,1,1,1,1,1,1
2024-03-15,AST-5003,EOT Crane,DHR-03,1,1,0,2,6,0,0,0,0,0,0
2024-03-16,AST-5003,EOT Crane,DHR-03,0,0,0,0,0,0,0,0,0,0,0
2024-03-17,AST-5003,EOT Crane,DHR-03,0,0,0,0,0,0,0,0,0,0,0
2024-03-18,AST-5003,EOT Crane,DHR-03,2,0,0,2,8,1,0,0,0,0,0
2024-03-19,AST-5003,EOT Crane,DHR-03,2,1,1,4,11,1,1,1,0,0,0
2024-03-20,AST-5003,EOT Crane,DHR-03,1,2,1,4,9,1,0,0,0,0,0
2024-03-21,AST-5003,EOT Crane,DHR-03,3,1,0,4,14,1,1,1,1,1,1
2024-03-22,AST-5003,EOT Crane,DHR-03,1,1,2,4,8,1,0,0,0,0,0
2024-03-23,AST-5003,EOT Crane,DHR-03,0,0,0,0,0,0,0,0,0,0,0
2024-03-24,AST-5003,EOT Crane,DHR-03,0,0,0,0,0,0,0,0,0,0,0
2024-03-25,AST-5003,EOT Crane,DHR-03,1,2,0,3,8,1,0,0,0,0,0
2024-03-26,AST-5003,EOT Crane,DHR-03,1,1,2,4,8,1,0,0,0,0,0
2024-03-27,AST-5003,EOT Crane,DHR-03,1,3,2,6,12,1,1,1,1,0,0
2024-03-28,AST-5003,EOT Crane,DHR-03,0,1,0,1,2,0,0,0,0,0,0
2024-03-29,AST-5003,EOT Crane,DHR-03,0,0,1,1,1,0,0,0,0,0,0
2024-03-30,AST-5003,EOT Crane,DHR-03,0,0,0,0,0,0,0,0,0,0,0
2024-03-31,AST-5003,EOT Crane,DHR-03,0,0,0,0,0,0,0,0,0,0,0
2024-04-01,AST-5003,EOT Crane,DHR-03,1,0,1,2,5,0,0,0,0,0,0
2024-04-02,AST-5003,EOT Crane,DHR-03,0,3,1,4,7,1,0,0,0,0,0
2024-04-03,AST-5003,EOT Crane,DHR-03,1,1,0,2,6,0,0,0,0,0,0
2024-04-04,AST-5003,EOT Crane,DHR-03,1,1,1,3,7,1,0,0,0,0,0
2024-04-05,AST-5003,EOT Crane,DHR-03,0,4,0,4,8,1,0,0,0,0,0
2024-04-06,AST-5003,EOT Crane,DHR-03,0,0,0,0,0,0,0,0,0,0,0
2024-04-07,AST-5003,EOT Crane,DHR-03,0,0,0,0,0,0,0,0,0,0,0
2024-04-08,AST-5003,EOT Crane,DHR-03,1,2,1,4,9,1,0,0,0,0,0
2024-04-09,AST-5003,EOT Crane,DHR-03,1,2,2,5,10,1,1,0,0,0,0
2024-04-10,AST-5003,EOT Crane,DHR-03,3,1,0,4,14,1,1,1,1,1,1
2024-04-11,AST-5003,EOT Crane,DHR-03,2,3,0,5,14,1,1,1,1,1,1
2024-04-12,AST-5003,EOT Crane,DHR-03,0,2,2,4,6,0,0,0,0,0,0
2024-04-13,AST-5003,EOT Crane,DHR-03,0,0,0,0,0,0,0,0,0,0,0
2024-04-14,AST-5003,EOT Crane,DHR-03,0,0,0,0,0,0,0,0,0,0,0
2024-04-15,AST-5003,EOT Crane,DHR-03,3,2,1,6,17,1,1,1,1,1,1
2024-04-16,AST-5003,EOT Crane,DHR-03,2,2,0,4,12,1,1,1,1,0,0
2024-04-17,AST-5003,EOT Crane,DHR-03,2,1,0,3,10,1,1,0,0,0,0
2024-04-18,AST-5003,EOT Crane,DHR-03,0,1,0,1,2,0,0,0,0,0,0
2024-04-19,AST-5003,EOT Crane,DHR-03,1,3,1,5,11,1,1,1,0,0,0
2024-04-20,AST-5003,EOT Crane,DHR-03,0,0,0,0,0,0,0,0,0,0,0
2024-04-21,AST-5003,EOT Crane,DHR-03,0,0,0,0,0,0,0,0,0,0,0
2024-04-22,AST-5003,EOT Crane,DHR-03,1,1,0,2,6,0,0,0,0,0,0
2024-04-23,AST-5003,EOT Crane,DHR-03,1,3,1,5,11,1,1,1,0,0,0
2024-04-24,AST-5003,EOT Crane,DHR-03,1,3,0,4,10,1,1,0,0,0,0
2024-04-25,AST-5003,EOT Crane,DHR-03,0,1,2,3,4,0,0,0,0,0,0
2024-04-26,AST-5003,EOT Crane,DHR-03,0,1,2,3,4,0,0,0,0,0,0
2024-04-27,AST-5003,EOT Crane,DHR-03,0,0,0,0,0,0,0,0,0,0,0
2024-04-28,AST-5003,EOT Crane,DHR-03,0,0,0,0,0,0,0,0,0,0,0
2024-04-29,AST-5003,EOT Crane,DHR-03,1,1,1,3,7,1,0,0,0,0,0
2024-04-30,AST-5003,EOT Crane,DHR-03,0,2,0,2,4,0,0,0,0,0,0
2024-05-01,AST-5003,EOT Crane,DHR-03,1,2,0,3,8,1,0,0,0,0,0
2024-05-02,AST-5003,EOT Crane,DHR-03,0,1,0,1,2,0,0,0,0,0,0
2024-05-03,AST-5003,EOT Crane,DHR-03,1,1,0,2,6,0,0,0,0,0,0
2024-05-04,AST-5003,EOT Crane,DHR-03,0,0,0,0,0,0,0,0,0,0,0
2024-05-05,AST-5003,EOT Crane,DHR-03,0,0,0,0,0,0,0,0,0,0,0
2024-05-06,AST-5003,EOT Crane,DHR-03,0,2,1,3,5,0,0,0,0,0,0
2024-05-07,AST-5003,EOT Crane,DHR-03,3,3,1,7,19,1,1,1,1,1,1
2024-05-08,AST-5003,EOT Crane,DHR-03,1,3,1,5,11,1,1,1,0,0,0
2024-05-09,AST-5003,EOT Crane,DHR-03,3,1,0,4,14,1,1,1,1,1,1
2024-05-10,AST-5003,EOT Crane,DHR-03,1,1,2,4,8,1,0,0,0,0,0
2024-05-11,AST-5003,EOT Crane,DHR-03,0,0,0,0,0,0,0,0,0,0,0
2024-05-12,AST-5003,EOT Crane,DHR-03,0,0,0,0,0,0,0,0,0,0,0
2024-05-13,AST-5003,EOT Crane,DHR-03,2,2,0,4,12,1,1,1,1,0,0
2024-05-14,AST-5003,EOT Crane,DHR-03,2,0,0,2,8,1,0,0,0,0,0
2024-05-15,AST-5003,EOT Crane,DHR-03,1,1,1,3,7,1,0,0,0,0,0
2024-05-16,AST-5003,EOT Crane,DHR-03,0,2,1,3,5,0,0,0,0,0,0
2024-05-17,AST-5003,EOT Crane,DHR-03,0,3,1,4,7,1,0,0,0,0,0
2024-05-18,AST-5003,EOT Crane,DHR-03,0,0,0,0,0,0,0,0,0,0,0
2024-05-19,AST-5003,EOT Crane,DHR-03,0,0,0,0,0,0,0,0,0,0,0
2024-05-20,AST-5003,EOT Crane,DHR-03,2,0,0,2,8,1,0,0,0,0,0
2024-05-21,AST-5003,EOT Crane,DHR-03,1,2,0,3,8,1,0,0,0,0,0
2024-05-22,AST-5003,EOT Crane,DHR-03,0,1,0,1,2,0,0,0,0,0,0
2024-05-23,AST-5003,EOT Crane,DHR-03,1,3,1,5,11,1,1,1,0,0,0
2024-05-24,AST-5003,EOT Crane,DHR-03,2,0,1,3,9,1,0,0,0,0,0
2024-05-25,AST-5003,EOT Crane,DHR-03,0,0,0,0,0,0,0,0,0,0,0
2024-05-26,AST-5003,EOT Crane,DHR-03,0,0,0,0,0,0,0,0,0,0,0
2024-05-27,AST-5003,EOT Crane,DHR-03,2,4,0,6,16,1,1,1,1,1,1
2024-05-28,AST-5003,EOT Crane,DHR-03,2,3,3,8,17,1,1,1,1,1,1
2024-05-29,AST-5003,EOT Crane,DHR-03,1,2,1,4,9,1,0,0,0,0,0
2024-05-30,AST-5003,EOT Crane,DHR-03,1,2,0,3,8,1,0,0,0,0,0
2024-05-31,AST-5003,EOT Crane,DHR-03,1,1,2,4,8,1,0,0,0,0,0
2024-06-01,AST-5003,EOT Crane,DHR-03,0,0,0,0,0,0,0,0,0,0,0
2024-06-02,AST-5003,EOT Crane,DHR-03,0,0,0,0,0,0,0,0,0,0,0
2024-06-03,AST-5003,EOT Crane,DHR-03,1,2,1,4,9,1,0,0,0,0,0
2024-06-04,AST-5003,EOT Crane,DHR-03,0,2,1,3,5,0,0,0,0,0,0
2024-06-05,AST-5003,EOT Crane,DHR-03,2,2,0,4,12,1,1,1,1,0,0
2024-06-06,AST-5003,EOT Crane,DHR-03,3,0,0,3,12,1,1,1,1,0,0
2024-06-07,AST-5003,EOT Crane,DHR-03,2,1,0,3,10,1,1,0,0,0,0
2024-06-08,AST-5003,EOT Crane,DHR-03,0,0,0,0,0,0,0,0,0,0,0
2024-06-09,AST-5003,EOT Crane,DHR-03,0,0,0,0,0,0,0,0,0,0,0
2024-06-10,AST-5003,EOT Crane,DHR-03,2,2,0,4,12,1,1,1,1,0,0
2024-06-11,AST-5003,EOT Crane,DHR-03,1,3,0,4,10,1,1,0,0,0,0
2024-06-12,AST-5003,EOT Crane,DHR-03,1,2,0,3,8,1,0,0,0,0,0
2024-06-13,AST-5003,EOT Crane,DHR-03,4,2,0,6,20,1,1,1,1,1,1
2024-06-14,AST-5003,EOT Crane,DHR-03,3,4,0,7,20,1,1,1,1,1,1
2024-06-15,AST-5003,EOT Crane,DHR-03,0,0,0,0,0,0,0,0,0,0,0
2024-06-16,AST-5003,EOT Crane,DHR-03,0,0,0,0,0,0,0,0,0,0,0
2024-06-17,AST-5003,EOT Crane,DHR-03,2,0,1,3,9,1,0,0,0,0,0
2024-06-18,AST-5003,EOT Crane,DHR-03,2,0,0,2,8,1,0,0,0,0,0
2024-06-19,AST-5003,EOT Crane,DHR-03,0,1,1,2,3,0,0,0,0,0,0
2024-06-20,AST-5003,EOT Crane,DHR-03,2,1,0,3,10,1,1,0,0,0,0
2024-06-21,AST-5003,EOT Crane,DHR-03,0,1,1,2,3,0,0,0,0,0,0
2024-06-22,AST-5003,EOT Crane,DHR-03,0,0,0,0,0,0,0,0,0,0,0
2024-06-23,AST-5003,EOT Crane,DHR-03,0,0,0,0,0,0,0,0,0,0,0
2024-06-24,AST-5003,EOT Crane,DHR-03,3,2,0,5,16,1,1,1,1,1,1
2024-06-25,AST-5003,EOT Crane,DHR-03,4,3,1,8,23,1,1,1,1,1,1
2024-06-26,AST-5003,EOT Crane,DHR-03,2,0,1,3,9,1,0,0,0,0,0
2024-06-27,AST-5003,EOT Crane,DHR-03,1,5,0,6,14,1,1,1,1,1,1
2024-06-28,AST-5003,EOT Crane,DHR-03,1,2,2,5,10,1,1,0,0,0,0
2024-06-29,AST-5003,EOT Crane,DHR-03,0,0,0,0,0,0,0,0,0,0,0
2024-06-30,AST-5003,EOT Crane,DHR-03,0,0,0,0,0,0,0,0,0,0,0
2024-07-01,AST-5003,EOT Crane,DHR-03,0,1,0,1,2,0,0,0,0,0,0
2024-07-02,AST-5003,EOT Crane,DHR-03,3,1,1,5,15,1,1,1,1,1,1
2024-07-03,AST-5003,EOT Crane,DHR-03,0,1,1,2,3,0,0,0,0,0,0
2024-07-04,AST-5003,EOT Crane,DHR-03,4,1,1,6,19,1,1,1,1,1,1
2024-07-05,AST-5003,EOT Crane,DHR-03,1,2,2,5,10,1,1,0,0,0,0
2024-07-06,AST-5003,EOT Crane,DHR-03,0,0,0,0,0,0,0,0,0,0,0
2024-07-07,AST-5003,EOT Crane,DHR-03,0,0,0,0,0,0,0,0,0,0,0
2024-07-08,AST-5003,EOT Crane,DHR-03,2,2,0,4,12,1,1,1,1,0,0
2024-07-09,AST-5003,EOT Crane,DHR-03,1,2,1,4,9,1,0,0,0,0,0
2024-07-10,AST-5003,EOT Crane,DHR-03,0,2,0,2,4,0,0,0,0,0,0
2024-07-11,AST-5003,EOT Crane,DHR-03,1,2,0,3,8,1,0,0,0,0,0
2024-07-12,AST-5003,EOT Crane,DHR-03,0,0,0,0,0,0,0,0,0,0,0
2024-07-13,AST-5003,EOT Crane,DHR-03,0,0,0,0,0,0,0,0,0,0,0
2024-07-14,AST-5003,EOT Crane,DHR-03,0,0,0,0,0,0,0,0,0,0,0
2024-07-15,AST-5003,EOT Crane,DHR-03,1,0,0,1,4,0,0,0,0,0,0
2024-07-16,AST-5003,EOT Crane,DHR-03,1,0,1,2,5,0,0,0,0,0,0
2024-07-17,AST-5003,EOT Crane,DHR-03,1,0,1,2,5,0,0,0,0,0,0
2024-07-18,AST-5003,EOT Crane,DHR-03,1,1,0,2,6,0,0,0,0,0,0
2024-07-19,AST-5003,EOT Crane,DHR-03,1,0,0,1,4,0,0,0,0,0,0
2024-07-20,AST-5003,EOT Crane,DHR-03,0,0,0,0,0,0,0,0,0,0,0
2024-07-21,AST-5003,EOT Crane,DHR-03,0,0,0,0,0,0,0,0,0,0,0
2024-07-22,AST-5003,EOT Crane,DHR-03,3,1,0,4,14,1,1,1,1,1,1
2024-07-23,AST-5003,EOT Crane,DHR-03,2,0,0,2,8,1,0,0,0,0,0
2024-07-24,AST-5003,EOT Crane,DHR-03,2,0,1,3,9,1,0,0,0,0,0
2024-07-25,AST-5003,EOT Crane,DHR-03,1,2,0,3,8,1,0,0,0,0,0
2024-07-26,AST-5003,EOT Crane,DHR-03,2,1,0,3,10,1,1,0,0,0,0
2024-07-27,AST-5003,EOT Crane,DHR-03,0,0,0,0,0,0,0,0,0,0,0
2024-07-28,AST-5003,EOT Crane,DHR-03,0,0,0,0,0,0,0,0,0,0,0
2024-07-29,AST-5003,EOT Crane,DHR-03,0,1,0,1,2,0,0,0,0,0,0
2024-07-30,AST-5003,EOT Crane,DHR-03,3,1,0,4,14,1,1,1,1,1,1
2024-07-31,AST-5003,EOT Crane,DHR-03,4,3,0,7,22,1,1,1,1,1,1
2024-08-01,AST-5003,EOT Crane,DHR-03,1,3,0,4,10,1,1,0,0,0,0
2024-08-02,AST-5003,EOT Crane,DHR-03,1,0,1,2,5,0,0,0,0,0,0
2024-08-03,AST-5003,EOT Crane,DHR-03,0,0,0,0,0,0,0,0,0,0,0
2024-08-04,AST-5003,EOT Crane,DHR-03,0,0,0,0,0,0,0,0,0,0,0
2024-08-05,AST-5003,EOT Crane,DHR-03,0,1,1,2,3,0,0,0,0,0,0
2024-08-06,AST-5003,EOT Crane,DHR-03,1,3,1,5,11,1,1,1,0,0,0
2024-08-07,AST-5003,EOT Crane,DHR-03,1,0,0,1,4,0,0,0,0,0,0
2024-08-08,AST-5003,EOT Crane,DHR-03,3,1,0,4,14,1,1,1,1,1,1
2024-08-09,AST-5003,EOT Crane,DHR-03,1,0,1,2,5,0,0,0,0,0,0
2024-08-10,AST-5003,EOT Crane,DHR-03,0,0,0,0,0,0,0,0,0,0,0
2024-08-11,AST-5003,EOT Crane,DHR-03,0,0,0,0,0,0,0,0,0,0,0
2024-08-12,AST-5003,EOT Crane,DHR-03,1,1,1,3,7,1,0,0,0,0,0
2024-08-13,AST-5003,EOT Crane,DHR-03,1,1,1,3,7,1,0,0,0,0,0
2024-08-14,AST-5003,EOT Crane,DHR-03,0,0,0,0,0,0,0,0,0,0,0
2024-08-15,AST-5003,EOT Crane,DHR-03,2,1,0,3,10,1,1,0,0,0,0
2024-08-16,AST-5003,EOT Crane,DHR-03,1,1,0,2,6,0,0,0,0,0,0
2024-08-17,AST-5003,EOT Crane,DHR-03,0,0,0,0,0,0,0,0,0,0,0
2024-08-18,AST-5003,EOT Crane,DHR-03,0,0,0,0,0,0,0,0,0,0,0
2024-08-19,AST-5003,EOT Crane,DHR-03,2,1,0,3,10,1,1,0,0,0,0
2024-08-20,AST-5003,EOT Crane,DHR-03,0,1,0,1,2,0,0,0,0,0,0
2024-08-21,AST-5003,EOT Crane,DHR-03,2,1,0,3,10,1,1,0,0,0,0
2024-08-22,AST-5003,EOT Crane,DHR-03,1,1,0,2,6,0,0,0,0,0,0
2024-08-23,AST-5003,EOT Crane,DHR-03,3,2,2,7,18,1,1,1,1,1,1
2024-08-24,AST-5003,EOT Crane,DHR-03,0,0,0,0,0,0,0,0,0,0,0
2024-08-25,AST-5003,EOT Crane,DHR-03,0,0,0,0,0,0,0,0,0,0,0
2024-08-26,AST-5003,EOT Crane,DHR-03,1,4,1,6,13,1,1,1,1,1,0
2024-08-27,AST-5003,EOT Crane,DHR-03,1,1,1,3,7,1,0,0,0,0,0
2024-08-28,AST-5003,EOT Crane,DHR-03,0,2,1,3,5,0,0,0,0,0,0
2024-08-29,AST-5003,EOT Crane,DHR-03,1,0,0,1,4,0,0,0,0,0,0
2024-08-30,AST-5003,EOT Crane,DHR-03,1,2,0,3,8,1,0,0,0,0,0
2024-08-31,AST-5003,EOT Crane,DHR-03,0,0,0,0,0,0,0,0,0,0,0
2024-09-01,AST-5003,EOT Crane,DHR-03,0,0,0,0,0,0,0,0,0,0,0
2024-09-02,AST-5003,EOT Crane,DHR-03,2,3,0,5,14,1,1,1,1,1,1
2024-09-03,AST-5003,EOT Crane,DHR-03,1,1,0,2,6,0,0,0,0,0,0
2024-09-04,AST-5003,EOT Crane,DHR-03,1,2,1,4,9,1,0,0,0,0,0
2024-09-05,AST-5003,EOT Crane,DHR-03,1,0,1,2,5,0,0,0,0,0,0
2024-09-06,AST-5003,EOT Crane,DHR-03,1,2,0,3,8,1,0,0,0,0,0
2024-09-07,AST-5003,EOT Crane,DHR-03,0,0,0,0,0,0,0,0,0,0,0
2024-09-08,AST-5003,EOT Crane,DHR-03,0,0,0,0,0,0,0,0,0,0,0
2024-09-09,AST-5003,EOT Crane,DHR-03,2,0,1,3,9,1,0,0,0,0,0
2024-09-10,AST-5003,EOT Crane,DHR-03,5,0,0,5,20,1,1,1,1,1,1
2024-09-11,AST-5003,EOT Crane,DHR-03,1,0,0,1,4,0,0,0,0,0,0
2024-09-12,AST-5003,EOT Crane,DHR-03,2,0,2,4,10,1,1,0,0,0,0
2024-09-13,AST-5003,EOT Crane,DHR-03,2,0,0,2,8,1,0,0,0,0,0
2024-09-14,AST-5003,EOT Crane,DHR-03,0,0,0,0,0,0,0,0,0,0,0
2024-09-15,AST-5003,EOT Crane,DHR-03,0,0,0,0,0,0,0,0,0,0,0
2024-09-16,AST-5003,EOT Crane,DHR-03,1,2,1,4,9,1,0,0,0,0,0
2024-09-17,AST-5003,EOT Crane,DHR-03,1,0,1,2,5,0,0,0,0,0,0
2024-09-18,AST-5003,EOT Crane,DHR-03,2,2,0,4,12,1,1,1,1,0,0
2024-09-19,AST-5003,EOT Crane,DHR-03,1,4,1,6,13,1,1,1,1,1,0
2024-09-20,AST-5003,EOT Crane,DHR-03,1,4,1,6,13,1,1,1,1,1,0
2024-09-21,AST-5003,EOT Crane,DHR-03,0,0,0,0,0,0,0,0,0,0,0
2024-09-22,AST-5003,EOT Crane,DHR-03,0,0,0,0,0,0,0,0,0,0,0
2024-09-23,AST-5003,EOT Crane,DHR-03,1,0,0,1,4,0,0,0,0,0,0
2024-09-24,AST-5003,EOT Crane,DHR-03,1,2,0,3,8,1,0,0,0,0,0
2024-09-25,AST-5003,EOT Crane,DHR-03,2,2,1,5,13,1,1,1,1,1,0
2024-09-26,AST-5003,EOT Crane,DHR-03,3,0,0,3,12,1,1,1,1,0,0
2024-09-27,AST-5003,EOT Crane,DHR-03,1,2,0,3,8,1,0,0,0,0,0
2024-09-28,AST-5003,EOT Crane,DHR-03,0,0,0,0,0,0,0,0,0,0,0
2024-09-29,AST-5003,EOT Crane,DHR-03,0,0,0,0,0,0,0,0,0,0,0
2024-09-30,AST-5003,EOT Crane,DHR-03,2,3,0,5,14,1,1,1,1,1,1
2024-10-01,AST-5003,EOT Crane,DHR-03,0,2,1,3,5,0,0,0,0,0,0
2024-10-02,AST-5003,EOT Crane,DHR-03,0,2,0,2,4,0,0,0,0,0,0
2024-10-03,AST-5003,EOT Crane,DHR-03,1,3,0,4,10,1,1,0,0,0,0
2024-10-04,AST-5003,EOT Crane,DHR-03,1,0,1,2,5,0,0,0,0,0,0
2024-10-05,AST-5003,EOT Crane,DHR-03,0,0,0,0,0,0,0,0,0,0,0
2024-10-06,AST-5003,EOT Crane,DHR-03,0,0,0,0,0,0,0,0,0,0,0
2024-10-07,AST-5003,EOT Crane,DHR-03,2,3,2,7,16,1,1,1,1,1,1
2024-10-08,AST-5003,EOT Crane,DHR-03,1,1,0,2,6,0,0,0,0,0,0
2024-10-09,AST-5003,EOT Crane,DHR-03,0,3,0,3,6,0,0,0,0,0,0
2024-10-10,AST-5003,EOT Crane,DHR-03,2,0,2,4,10,1,1,0,0,0,0
2024-10-11,AST-5003,EOT Crane,DHR-03,1,4,0,5,12,1,1,1,1,0,0
2024-10-12,AST-5003,EOT Crane,DHR-03,0,0,0,0,0,0,0,0,0,0,0
2024-10-13,AST-5003,EOT Crane,DHR-03,0,0,0,0,0,0,0,0,0,0,0
2024-10-14,AST-5003,EOT Crane,DHR-03,3,3,0,6,18,1,1,1,1,1,1
2024-10-15,AST-5003,EOT Crane,DHR-03,3,1,0,4,14,1,1,1,1,1,1
2024-10-16,AST-5003,EOT Crane,DHR-03,1,2,0,3,8,1,0,0,0,0,0
2024-10-17,AST-5003,EOT Crane,DHR-03,0,2,0,2,4,0,0,0,0,0,0
2024-10-18,AST-5003,EOT Crane,DHR-03,0,0,1,1,1,0,0,0,0,0,0
2024-10-19,AST-5003,EOT Crane,DHR-03,0,0,0,0,0,0,0,0,0,0,0
2024-10-20,AST-5003,EOT Crane,DHR-03,0,0,0,0,0,0,0,0,0,0,0
2024-10-21,AST-5003,EOT Crane,DHR-03,1,2,0,3,8,1,0,0,0,0,0
2024-10-22,AST-5003,EOT Crane,DHR-03,0,3,0,3,6,0,0,0,0,0,0
2024-10-23,AST-5003,EOT Crane,DHR-03,1,1,3,5,9,1,0,0,0,0,0
2024-10-24,AST-5003,EOT Crane,DHR-03,1,0,0,1,4,0,0,0,0,0,0
2024-10-25,AST-5003,EOT Crane,DHR-03,0,2,1,3,5,0,0,0,0,0,0
2024-10-26,AST-5003,EOT Crane,DHR-03,0,0,0,0,0,0,0,0,0,0,0
2024-10-27,AST-5003,EOT Crane,DHR-03,0,0,0,0,0,0,0,0,0,0,0
2024-10-28,AST-5003,EOT Crane,DHR-03,3,1,0,4,14,1,1,1,1,1,1
2024-10-29,AST-5003,EOT Crane,DHR-03,0,1,1,2,3,0,0,0,0,0,0
2024-10-30,AST-5003,EOT Crane,DHR-03,4,1,1,6,19,1,1,1,1,1,1
2024-10-31,AST-5003,EOT Crane,DHR-03,1,3,0,4,10,1,1,0,0,0,0
2024-11-01,AST-5003,EOT Crane,DHR-03,0,1,1,2,3,0,0,0,0,0,0
2024-11-02,AST-5003,EOT Crane,DHR-03,0,0,0,0,0,0,0,0,0,0,0
2024-11-03,AST-5003,EOT Crane,DHR-03,0,0,0,0,0,0,0,0,0,0,0
2024-11-04,AST-5003,EOT Crane,DHR-03,0,1,0,1,2,0,0,0,0,0,0
2024-11-05,AST-5003,EOT Crane,DHR-03,3,0,0,3,12,1,1,1,1,0,0
2024-11-06,AST-5003,EOT Crane,DHR-03,3,3,0,6,18,1,1,1,1,1,1
2024-11-07,AST-5003,EOT Crane,DHR-03,2,1,0,3,10,1,1,0,0,0,0
2024-11-08,AST-5003,EOT Crane,DHR-03,1,1,0,2,6,0,0,0,0,0,0
2024-11-09,AST-5003,EOT Crane,DHR-03,0,0,0,0,0,0,0,0,0,0,0
2024-11-10,AST-5003,EOT Crane,DHR-03,0,0,0,0,0,0,0,0,0,0,0
2024-11-11,AST-5003,EOT Crane,DHR-03,1,2,0,3,8,1,0,0,0,0,0
2024-11-12,AST-5003,EOT Crane,DHR-03,2,0,1,3,9,1,0,0,0,0,0
2024-11-13,AST-5003,EOT Crane,DHR-03,2,0,1,3,9,1,0,0,0,0,0
2024-11-14,AST-5003,EOT Crane,DHR-03,2,0,1,3,9,1,0,0,0,0,0
2024-11-15,AST-5003,EOT Crane,DHR-03,1,3,0,4,10,1,1,0,0,0,0
2024-11-16,AST-5003,EOT Crane,DHR-03,0,0,0,0,0,0,0,0,0,0,0
2024-11-17,AST-5003,EOT Crane,DHR-03,0,0,0,0,0,0,0,0,0,0,0
2024-11-18,AST-5003,EOT Crane,DHR-03,0,2,1,3,5,0,0,0,0,0,0
2024-11-19,AST-5003,EOT Crane,DHR-03,1,3,0,4,10,1,1,0,0,0,0
2024-11-20,AST-5003,EOT Crane,DHR-03,2,6,0,8,20,1,1,1,1,1,1
2024-11-21,AST-5003,EOT Crane,DHR-03,3,0,0,3,12,1,1,1,1,0,0
2024-11-22,AST-5003,EOT Crane,DHR-03,2,3,1,6,15,1,1,1,1,1,1
2024-11-23,AST-5003,EOT Crane,DHR-03,0,0,0,0,0,0,0,0,0,0,0
2024-11-24,AST-5003,EOT Crane,DHR-03,0,0,0,0,0,0,0,0,0,0,0
2024-11-25,AST-5003,EOT Crane,DHR-03,2,0,1,3,9,1,0,0,0,0,0
2024-11-26,AST-5003,EOT Crane,DHR-03,0,4,1,5,9,1,0,0,0,0,0
2024-11-27,AST-5003,EOT Crane,DHR-03,2,3,1,6,15,1,1,1,1,1,1
2024-11-28,AST-5003,EOT Crane,DHR-03,2,1,2,5,12,1,1,1,1,0,0
2024-11-29,AST-5003,EOT Crane,DHR-03,0,5,1,6,11,1,1,1,0,0,0
2024-11-30,AST-5003,EOT Crane,DHR-03,0,0,0,0,0,0,0,0,0,0,0
2024-12-01,AST-5003,EOT Crane,DHR-03,0,0,0,0,0,0,0,0,0,0,0
2024-12-02,AST-5003,EOT Crane,DHR-03,0,2,2,4,6,0,0,0,0,0,0
2024-12-03,AST-5003,EOT Crane,DHR-03,1,1,3,5,9,1,0,0,0,0,0
2024-12-04,AST-5003,EOT Crane,DHR-03,2,0,0,2,8,1,0,0,0,0,0
2024-12-05,AST-5003,EOT Crane,DHR-03,2,0,0,2,8,1,0,0,0,0,0
2024-12-06,AST-5003,EOT Crane,DHR-03,1,2,1,4,9,1,0,0,0,0,0
2024-12-07,AST-5003,EOT Crane,DHR-03,0,0,0,0,0,0,0,0,0,0,0
2024-12-08,AST-5003,EOT Crane,DHR-03,0,0,0,0,0,0,0,0,0,0,0
2024-12-09,AST-5003,EOT Crane,DHR-03,2,2,0,4,12,1,1,1,1,0,0
2024-12-10,AST-5003,EOT Crane,DHR-03,0,3,0,3,6,0,0,0,0,0,0
2024-12-11,AST-5003,EOT Crane,DHR-03,0,1,1,2,3,0,0,0,0,0,0
2024-12-12,AST-5003,EOT Crane,DHR-03,1,3,0,4,10,1,1,0,0,0,0
2024-12-13,AST-5003,EOT Crane,DHR-03,0,4,1,5,9,1,0,0,0,0,0
2024-12-14,AST-5003,EOT Crane,DHR-03,0,0,0,0,0,0,0,0,0,0,0
2024-12-15,AST-5003,EOT Crane,DHR-03,0,0,0,0,0,0,0,0,0,0,0
2024-12-16,AST-5003,EOT Crane,DHR-03,0,0,1,1,1,0,0,0,0,0,0
2024-12-17,AST-5003,EOT Crane,DHR-03,0,0,0,0,0,0,0,0,0,0,0
2024-12-18,AST-5003,EOT Crane,DHR-03,1,0,0,1,4,0,0,0,0,0,0
2024-12-19,AST-5003,EOT Crane,DHR-03,1,3,0,4,10,1,1,0,0,0,0
2024-12-20,AST-5003,EOT Crane,DHR-03,2,1,0,3,10,1,1,0,0,0,0
2024-12-21,AST-5003,EOT Crane,DHR-03,0,0,0,0,0,0,0,0,0,0,0
2024-12-22,AST-5003,EOT Crane,DHR-03,0,0,0,0,0,0,0,0,0,0,0
2024-12-23,AST-5003,EOT Crane,DHR-03,1,3,1,5,11,1,1,1,0,0,0
2024-12-24,AST-5003,EOT Crane,DHR-03,0,1,0,1,2,0,0,0,0,0,0
2024-12-25,AST-5003,EOT Crane,DHR-03,2,1,1,4,11,1,1,1,0,0,0
2024-12-26,AST-5003,EOT Crane,DHR-03,0,0,1,1,1,0,0,0,0,0,0
2024-12-27,AST-5003,EOT Crane,DHR-03,2,4,0,6,16,1,1,1,1,1,1
2024-12-28,AST-5003,EOT Crane,DHR-03,0,0,0,0,0,0,0,0,0,0,0
2024-12-29,AST-5003,EOT Crane,DHR-03,0,0,0,0,0,0,0,0,0,0,0
2024-12-30,AST-5003,EOT Crane,DHR-03,1,3,0,4,10,1,1,0,0,0,0
2024-12-31,AST-5003,EOT Crane,DHR-03,2,0,2,4,10,1,1,0,0,0,0
2025-01-01,AST-5003,EOT Crane,DHR-03,0,3,0,3,6,0,0,0,0,0,0
2022-01-03,AST-5007,EOT Crane,PUN-01,0,1,0,1,2,0,0,0,0,0,0
2022-01-04,AST-5007,EOT Crane,PUN-01,1,1,0,2,6,0,0,0,0,0,0
2022-01-05,AST-5007,EOT Crane,PUN-01,0,0,0,0,0,0,0,0,0,0,0
2022-01-06,AST-5007,EOT Crane,PUN-01,0,1,0,1,2,0,0,0,0,0,0
2022-01-07,AST-5007,EOT Crane,PUN-01,1,0,0,1,4,0,0,0,0,0,0
2022-01-08,AST-5007,EOT Crane,PUN-01,0,0,0,0,0,0,0,0,0,0,0
2022-01-09,AST-5007,EOT Crane,PUN-01,0,0,0,0,0,0,0,0,0,0,0
2022-01-10,AST-5007,EOT Crane,PUN-01,0,0,1,1,1,0,0,0,0,0,0
2022-01-11,AST-5007,EOT Crane,PUN-01,1,0,1,2,5,0,0,0,0,0,0
2022-01-12,AST-5007,EOT Crane,PUN-01,1,0,1,2,5,0,0,0,0,0,0
2022-01-13,AST-5007,EOT Crane,PUN-01,1,1,2,4,8,1,0,0,0,0,0
2022-01-14,AST-5007,EOT Crane,PUN-01,1,0,2,3,6,0,0,0,0,0,0
2022-01-15,AST-5007,EOT Crane,PUN-01,0,0,0,0,0,0,0,0,0,0,0
2022-01-16,AST-5007,EOT Crane,PUN-01,0,0,0,0,0,0,0,0,0,0,0
2022-01-17,AST-5007,EOT Crane,PUN-01,1,1,0,2,6,0,0,0,0,0,0
2022-01-18,AST-5007,EOT Crane,PUN-01,3,2,1,6,17,1,1,1,1,1,1
2022-01-19,AST-5007,EOT Crane,PUN-01,0,0,1,1,1,0,0,0,0,0,0
2022-01-20,AST-5007,EOT Crane,PUN-01,2,3,0,5,14,1,1,1,1,1,1
2022-01-21,AST-5007,EOT Crane,PUN-01,0,1,0,1,2,0,0,0,0,0,0
2022-01-22,AST-5007,EOT Crane,PUN-01,0,0,0,0,0,0,0,0,0,0,0
2022-01-23,AST-5007,EOT Crane,PUN-01,0,0,0,0,0,0,0,0,0,0,0
2022-01-24,AST-5007,EOT Crane,PUN-01,0,2,1,3,5,0,0,0,0,0,0
2022-01-25,AST-5007,EOT Crane,PUN-01,1,3,0,4,10,1,1,0,0,0,0
2022-01-26,AST-5007,EOT Crane,PUN-01,0,0,1,1,1,0,0,0,0,0,0
2022-01-27,AST-5007,EOT Crane,PUN-01,2,0,1,3,9,1,0,0,0,0,0
2022-01-28,AST-5007,EOT Crane,PUN-01,0,1,0,1,2,0,0,0,0,0,0
2022-01-29,AST-5007,EOT Crane,PUN-01,0,0,0,0,0,0,0,0,0,0,0
2022-01-30,AST-5007,EOT Crane,PUN-01,0,0,0,0,0,0,0,0,0,0,0
2022-01-31,AST-5007,EOT Crane,PUN-01,0,1,0,1,2,0,0,0,0,0,0
2022-02-01,AST-5007,EOT Crane,PUN-01,0,0,1,1,1,0,0,0,0,0,0
2022-02-02,AST-5007,EOT Crane,PUN-01,2,0,0,2,8,1,0,0,0,0,0
2022-02-03,AST-5007,EOT Crane,PUN-01,0,0,0,0,0,0,0,0,0,0,0
2022-02-04,AST-5007,EOT Crane,PUN-01,0,1,1,2,3,0,0,0,0,0,0
2022-02-05,AST-5007,EOT Crane,PUN-01,0,0,0,0,0,0,0,0,0,0,0
2022-02-06,AST-5007,EOT Crane,PUN-01,0,0,0,0,0,0,0,0,0,0,0
2022-02-07,AST-5007,EOT Crane,PUN-01,1,4,0,5,12,1,1,1,1,0,0
2022-02-08,AST-5007,EOT Crane,PUN-01,0,1,0,1,2,0,0,0,0,0,0
2022-02-09,AST-5007,EOT Crane,PUN-01,1,3,0,4,10,1,1,0,0,0,0
2022-02-10,AST-5007,EOT Crane,PUN-01,0,3,0,3,6,0,0,0,0,0,0
2022-02-11,AST-5007,EOT Crane,PUN-01,0,3,0,3,6,0,0,0,0,0,0
2022-02-12,AST-5007,EOT Crane,PUN-01,0,0,0,0,0,0,0,0,0,0,0
2022-02-13,AST-5007,EOT Crane,PUN-01,0,0,0,0,0,0,0,0,0,0,0
2022-02-14,AST-5007,EOT Crane,PUN-01,1,0,1,2,5,0,0,0,0,0,0
2022-02-15,AST-5007,EOT Crane,PUN-01,0,1,0,1,2,0,0,0,0,0,0
2022-02-16,AST-5007,EOT Crane,PUN-01,2,1,1,4,11,1,1,1,0,0,0
2022-02-17,AST-5007,EOT Crane,PUN-01,1,1,2,4,8,1,0,0,0,0,0
2022-02-18,AST-5007,EOT Crane,PUN-01,0,0,1,1,1,0,0,0,0,0,0
2022-02-19,AST-5007,EOT Crane,PUN-01,0,0,0,0,0,0,0,0,0,0,0
2022-02-20,AST-5007,EOT Crane,PUN-01,0,0,0,0,0,0,0,0,0,0,0
2022-02-21,AST-5007,EOT Crane,PUN-01,0,0,0,0,0,0,0,0,0,0,0
2022-02-22,AST-5007,EOT Crane,PUN-01,2,2,1,5,13,1,1,1,1,1,0
2022-02-23,AST-5007,EOT Crane,PUN-01,0,0,0,0,0,0,0,0,0,0,0
2022-02-24,AST-5007,EOT Crane,PUN-01,0,1,0,1,2,0,0,0,0,0,0
2022-02-25,AST-5007,EOT Crane,PUN-01,2,3,1,6,15,1,1,1,1,1,1
2022-02-26,AST-5007,EOT Crane,PUN-01,0,0,0,0,0,0,0,0,0,0,0
2022-02-27,AST-5007,EOT Crane,PUN-01,0,0,0,0,0,0,0,0,0,0,0
2022-02-28,AST-5007,EOT Crane,PUN-01,2,1,0,3,10,1,1,0,0,0,0
2022-03-01,AST-5007,EOT Crane,PUN-01,0,0,0,0,0,0,0,0,0,0,0
2022-03-02,AST-5007,EOT Crane,PUN-01,2,2,0,4,12,1,1,1,1,0,0
2022-03-03,AST-5007,EOT Crane,PUN-01,0,1,0,1,2,0,0,0,0,0,0
2022-03-04,AST-5007,EOT Crane,PUN-01,2,1,0,3,10,1,1,0,0,0,0
2022-03-05,AST-5007,EOT Crane,PUN-01,0,0,0,0,0,0,0,0,0,0,0
2022-03-06,AST-5007,EOT Crane,PUN-01,0,0,0,0,0,0,0,0,0,0,0
2022-03-07,AST-5007,EOT Crane,PUN-01,1,0,1,2,5,0,0,0,0,0,0
2022-03-08,AST-5007,EOT Crane,PUN-01,0,0,0,0,0,0,0,0,0,0,0
2022-03-09,AST-5007,EOT Crane,PUN-01,0,2,0,2,4,0,0,0,0,0,0
2022-03-10,AST-5007,EOT Crane,PUN-01,0,2,0,2,4,0,0,0,0,0,0
2022-03-11,AST-5007,EOT Crane,PUN-01,0,1,1,2,3,0,0,0,0,0,0
2022-03-12,AST-5007,EOT Crane,PUN-01,0,0,0,0,0,0,0,0,0,0,0
2022-03-13,AST-5007,EOT Crane,PUN-01,0,0,0,0,0,0,0,0,0,0,0
2022-03-14,AST-5007,EOT Crane,PUN-01,1,1,0,2,6,0,0,0,0,0,0
2022-03-15,AST-5007,EOT Crane,PUN-01,2,1,0,3,10,1,1,0,0,0,0
2022-03-16,AST-5007,EOT Crane,PUN-01,0,2,0,2,4,0,0,0,0,0,0
2022-03-17,AST-5007,EOT Crane,PUN-01,0,3,1,4,7,1,0,0,0,0,0
2022-03-18,AST-5007,EOT Crane,PUN-01,2,0,1,3,9,1,0,0,0,0,0
2022-03-19,AST-5007,EOT Crane,PUN-01,0,0,0,0,0,0,0,0,0,0,0
2022-03-20,AST-5007,EOT Crane,PUN-01,0,0,0,0,0,0,0,0,0,0,0
2022-03-21,AST-5007,EOT Crane,PUN-01,1,1,1,3,7,1,0,0,0,0,0
2022-03-22,AST-5007,EOT Crane,PUN-01,0,1,0,1,2,0,0,0,0,0,0
2022-03-23,AST-5007,EOT Crane,PUN-01,0,2,0,2,4,0,0,0,0,0,0
2022-03-24,AST-5007,EOT Crane,PUN-01,0,0,0,0,0,0,0,0,0,0,0
2022-03-25,AST-5007,EOT Crane,PUN-01,0,4,0,4,8,1,0,0,0,0,0
2022-03-26,AST-5007,EOT Crane,PUN-01,0,0,0,0,0,0,0,0,0,0,0
2022-03-27,AST-5007,EOT Crane,PUN-01,0,0,0,0,0,0,0,0,0,0,0
2022-03-28,AST-5007,EOT Crane,PUN-01,2,1,0,3,10,1,1,0,0,0,0
2022-03-29,AST-5007,EOT Crane,PUN-01,1,0,0,1,4,0,0,0,0,0,0
2022-03-30,AST-5007,EOT Crane,PUN-01,3,0,0,3,12,1,1,1,1,0,0
2022-03-31,AST-5007,EOT Crane,PUN-01,0,2,2,4,6,0,0,0,0,0,0
2022-04-01,AST-5007,EOT Crane,PUN-01,0,0,1,1,1,0,0,0,0,0,0
2022-04-02,AST-5007,EOT Crane,PUN-01,0,0,0,0,0,0,0,0,0,0,0
2022-04-03,AST-5007,EOT Crane,PUN-01,0,0,0,0,0,0,0,0,0,0,0
2022-04-04,AST-5007,EOT Crane,PUN-01,2,1,0,3,10,1,1,0,0,0,0
2022-04-05,AST-5007,EOT Crane,PUN-01,1,0,2,3,6,0,0,0,0,0,0
2022-04-06,AST-5007,EOT Crane,PUN-01,1,1,1,3,7,1,0,0,0,0,0
2022-04-07,AST-5007,EOT Crane,PUN-01,1,0,0,1,4,0,0,0,0,0,0
2022-04-08,AST-5007,EOT Crane,PUN-01,1,0,1,2,5,0,0,0,0,0,0
2022-04-09,AST-5007,EOT Crane,PUN-01,0,0,0,0,0,0,0,0,0,0,0
2022-04-10,AST-5007,EOT Crane,PUN-01,0,0,0,0,0,0,0,0,0,0,0
2022-04-11,AST-5007,EOT Crane,PUN-01,0,0,0,0,0,0,0,0,0,0,0
2022-04-12,AST-5007,EOT Crane,PUN-01,1,0,1,2,5,0,0,0,0,0,0
2022-04-13,AST-5007,EOT Crane,PUN-01,1,0,0,1,4,0,0,0,0,0,0
2022-04-14,AST-5007,EOT Crane,PUN-01,0,2,0,2,4,0,0,0,0,0,0
2022-04-15,AST-5007,EOT Crane,PUN-01,0,0,2,2,2,0,0,0,0,0,0
2022-04-16,AST-5007,EOT Crane,PUN-01,0,0,0,0,0,0,0,0,0,0,0
2022-04-17,AST-5007,EOT Crane,PUN-01,0,0,0,0,0,0,0,0,0,0,0
2022-04-18,AST-5007,EOT Crane,PUN-01,0,0,1,1,1,0,0,0,0,0,0
2022-04-19,AST-5007,EOT Crane,PUN-01,2,2,0,4,12,1,1,1,1,0,0
2022-04-20,AST-5007,EOT Crane,PUN-01,0,1,2,3,4,0,0,0,0,0,0
2022-04-21,AST-5007,EOT Crane,PUN-01,1,2,0,3,8,1,0,0,0,0,0
2022-04-22,AST-5007,EOT Crane,PUN-01,1,2,1,4,9,1,0,0,0,0,0
2022-04-23,AST-5007,EOT Crane,PUN-01,0,0,0,0,0,0,0,0,0,0,0
2022-04-24,AST-5007,EOT Crane,PUN-01,0,0,0,0,0,0,0,0,0,0,0
2022-04-25,AST-5007,EOT Crane,PUN-01,0,0,0,0,0,0,0,0,0,0,0
2022-04-26,AST-5007,EOT Crane,PUN-01,1,3,0,4,10,1,1,0,0,0,0
2022-04-27,AST-5007,EOT Crane,PUN-01,1,0,0,1,4,0,0,0,0,0,0
2022-04-28,AST-5007,EOT Crane,PUN-01,2,2,2,6,14,1,1,1,1,1,1
2022-04-29,AST-5007,EOT Crane,PUN-01,2,0,0,2,8,1,0,0,0,0,0
2022-04-30,AST-5007,EOT Crane,PUN-01,0,0,0,0,0,0,0,0,0,0,0
2022-05-01,AST-5007,EOT Crane,PUN-01,0,0,0,0,0,0,0,0,0,0,0
2022-05-02,AST-5007,EOT Crane,PUN-01,0,2,0,2,4,0,0,0,0,0,0
2022-05-03,AST-5007,EOT Crane,PUN-01,0,0,0,0,0,0,0,0,0,0,0
2022-05-04,AST-5007,EOT Crane,PUN-01,1,2,1,4,9,1,0,0,0,0,0
2022-05-05,AST-5007,EOT Crane,PUN-01,1,0,1,2,5,0,0,0,0,0,0
2022-05-06,AST-5007,EOT Crane,PUN-01,2,0,1,3,9,1,0,0,0,0,0
2022-05-07,AST-5007,EOT Crane,PUN-01,0,0,0,0,0,0,0,0,0,0,0
2022-05-08,AST-5007,EOT Crane,PUN-01,0,0,0,0,0,0,0,0,0,0,0
2022-05-09,AST-5007,EOT Crane,PUN-01,1,2,1,4,9,1,0,0,0,0,0
2022-05-10,AST-5007,EOT Crane,PUN-01,0,0,1,1,1,0,0,0,0,0,0
2022-05-11,AST-5007,EOT Crane,PUN-01,0,0,0,0,0,0,0,0,0,0,0
2022-05-12,AST-5007,EOT Crane,PUN-01,2,3,0,5,14,1,1,1,1,1,1
2022-05-13,AST-5007,EOT Crane,PUN-01,0,0,0,0,0,0,0,0,0,0,0
2022-05-14,AST-5007,EOT Crane,PUN-01,0,0,0,0,0,0,0,0,0,0,0
2022-05-15,AST-5007,EOT Crane,PUN-01,0,0,0,0,0,0,0,0,0,0,0
2022-05-16,AST-5007,EOT Crane,PUN-01,1,0,0,1,4,0,0,0,0,0,0
2022-05-17,AST-5007,EOT Crane,PUN-01,0,2,2,4,6,0,0,0,0,0,0
2022-05-18,AST-5007,EOT Crane,PUN-01,1,1,1,3,7,1,0,0,0,0,0
2022-05-19,AST-5007,EOT Crane,PUN-01,1,0,0,1,4,0,0,0,0,0,0
2022-05-20,AST-5007,EOT Crane,PUN-01,1,1,0,2,6,0,0,0,0,0,0
2022-05-21,AST-5007,EOT Crane,PUN-01,0,0,0,0,0,0,0,0,0,0,0
2022-05-22,AST-5007,EOT Crane,PUN-01,0,0,0,0,0,0,0,0,0,0,0
2022-05-23,AST-5007,EOT Crane,PUN-01,1,1,1,3,7,1,0,0,0,0,0
2022-05-24,AST-5007,EOT Crane,PUN-01,1,2,0,3,8,1,0,0,0,0,0
2022-05-25,AST-5007,EOT Crane,PUN-01,0,1,0,1,2,0,0,0,0,0,0
2022-05-26,AST-5007,EOT Crane,PUN-01,1,0,0,1,4,0,0,0,0,0,0
2022-05-27,AST-5007,EOT Crane,PUN-01,1,0,0,1,4,0,0,0,0,0,0
2022-05-28,AST-5007,EOT Crane,PUN-01,0,0,0,0,0,0,0,0,0,0,0
2022-05-29,AST-5007,EOT Crane,PUN-01,0,0,0,0,0,0,0,0,0,0,0
2022-05-30,AST-5007,EOT Crane,PUN-01,0,1,0,1,2,0,0,0,0,0,0
2022-05-31,AST-5007,EOT Crane,PUN-01,1,3,0,4,10,1,1,0,0,0,0
2022-06-01,AST-5007,EOT Crane,PUN-01,2,0,0,2,8,1,0,0,0,0,0
2022-06-02,AST-5007,EOT Crane,PUN-01,2,1,0,3,10,1,1,0,0,0,0
2022-06-03,AST-5007,EOT Crane,PUN-01,0,2,2,4,6,0,0,0,0,0,0
2022-06-04,AST-5007,EOT Crane,PUN-01,0,0,0,0,0,0,0,0,0,0,0
2022-06-05,AST-5007,EOT Crane,PUN-01,0,0,0,0,0,0,0,0,0,0,0
2022-06-06,AST-5007,EOT Crane,PUN-01,0,0,0,0,0,0,0,0,0,0,0
2022-06-07,AST-5007,EOT Crane,PUN-01,0,1,0,1,2,0,0,0,0,0,0
2022-06-08,AST-5007,EOT Crane,PUN-01,3,0,0,3,12,1,1,1,1,0,0
2022-06-09,AST-5007,EOT Crane,PUN-01,0,3,0,3,6,0,0,0,0,0,0
2022-06-10,AST-5007,EOT Crane,PUN-01,1,1,0,2,6,0,0,0,0,0,0
2022-06-11,AST-5007,EOT Crane,PUN-01,0,0,0,0,0,0,0,0,0,0,0
2022-06-12,AST-5007,EOT Crane,PUN-01,0,0,0,0,0,0,0,0,0,0,0
2022-06-13,AST-5007,EOT Crane,PUN-01,0,3,2,5,8,1,0,0,0,0,0
2022-06-14,AST-5007,EOT Crane,PUN-01,0,0,2,2,2,0,0,0,0,0,0
2022-06-15,AST-5007,EOT Crane,PUN-01,0,0,0,0,0,0,0,0,0,0,0
2022-06-16,AST-5007,EOT Crane,PUN-01,1,0,0,1,4,0,0,0,0,0,0
2022-06-17,AST-5007,EOT Crane,PUN-01,0,0,0,0,0,0,0,0,0,0,0
2022-06-18,AST-5007,EOT Crane,PUN-01,0,0,0,0,0,0,0,0,0,0,0
2022-06-19,AST-5007,EOT Crane,PUN-01,0,0,0,0,0,0,0,0,0,0,0
2022-06-20,AST-5007,EOT Crane,PUN-01,0,0,2,2,2,0,0,0,0,0,0
2022-06-21,AST-5007,EOT Crane,PUN-01,2,0,0,2,8,1,0,0,0,0,0
2022-06-22,AST-5007,EOT Crane,PUN-01,0,1,1,2,3,0,0,0,0,0,0
2022-06-23,AST-5007,EOT Crane,PUN-01,0,1,1,2,3,0,0,0,0,0,0
2022-06-24,AST-5007,EOT Crane,PUN-01,1,2,0,3,8,1,0,0,0,0,0
2022-06-25,AST-5007,EOT Crane,PUN-01,0,0,0,0,0,0,0,0,0,0,0
2022-06-26,AST-5007,EOT Crane,PUN-01,0,0,0,0,0,0,0,0,0,0,0
2022-06-27,AST-5007,EOT Crane,PUN-01,0,2,0,2,4,0,0,0,0,0,0
2022-06-28,AST-5007,EOT Crane,PUN-01,2,2,0,4,12,1,1,1,1,0,0
2022-06-29,AST-5007,EOT Crane,PUN-01,1,3,1,5,11,1,1,1,0,0,0
2022-06-30,AST-5007,EOT Crane,PUN-01,1,2,0,3,8,1,0,0,0,0,0
2022-07-01,AST-5007,EOT Crane,PUN-01,0,0,0,0,0,0,0,0,0,0,0
2022-07-02,AST-5007,EOT Crane,PUN-01,0,0,0,0,0,0,0,0,0,0,0
2022-07-03,AST-5007,EOT Crane,PUN-01,0,0,0,0,0,0,0,0,0,0,0
2022-07-04,AST-5007,EOT Crane,PUN-01,1,1,0,2,6,0,0,0,0,0,0
2022-07-05,AST-5007,EOT Crane,PUN-01,0,1,0,1,2,0,0,0,0,0,0
2022-07-06,AST-5007,EOT Crane,PUN-01,1,1,0,2,6,0,0,0,0,0,0
2022-07-07,AST-5007,EOT Crane,PUN-01,1,0,1,2,5,0,0,0,0,0,0
2022-07-08,AST-5007,EOT Crane,PUN-01,0,1,1,2,3,0,0,0,0,0,0
2022-07-09,AST-5007,EOT Crane,PUN-01,0,0,0,0,0,0,0,0,0,0,0
2022-07-10,AST-5007,EOT Crane,PUN-01,0,0,0,0,0,0,0,0,0,0,0
2022-07-11,AST-5007,EOT Crane,PUN-01,1,1,0,2,6,0,0,0,0,0,0
2022-07-12,AST-5007,EOT Crane,PUN-01,0,0,0,0,0,0,0,0,0,0,0
2022-07-13,AST-5007,EOT Crane,PUN-01,1,1,0,2,6,0,0,0,0,0,0
2022-07-14,AST-5007,EOT Crane,PUN-01,1,2,0,3,8,1,0,0,0,0,0
2022-07-15,AST-5007,EOT Crane,PUN-01,0,0,0,0,0,0,0,0,0,0,0
2022-07-16,AST-5007,EOT Crane,PUN-01,0,0,0,0,0,0,0,0,0,0,0
2022-07-17,AST-5007,EOT Crane,PUN-01,0,0,0,0,0,0,0,0,0,0,0
2022-07-18,AST-5007,EOT Crane,PUN-01,0,0,0,0,0,0,0,0,0,0,0
2022-07-19,AST-5007,EOT Crane,PUN-01,1,1,0,2,6,0,0,0,0,0,0
2022-07-20,AST-5007,EOT Crane,PUN-01,2,1,0,3,10,1,1,0,0,0,0
2022-07-21,AST-5007,EOT Crane,PUN-01,1,0,0,1,4,0,0,0,0,0,0
2022-07-22,AST-5007,EOT Crane,PUN-01,1,1,0,2,6,0,0,0,0,0,0
2022-07-23,AST-5007,EOT Crane,PUN-01,0,0,0,0,0,0,0,0,0,0,0
2022-07-24,AST-5007,EOT Crane,PUN-01,0,0,0,0,0,0,0,0,0,0,0
2022-07-25,AST-5007,EOT Crane,PUN-01,2,0,0,2,8,1,0,0,0,0,0
2022-07-26,AST-5007,EOT Crane,PUN-01,1,0,0,1,4,0,0,0,0,0,0
2022-07-27,AST-5007,EOT Crane,PUN-01,0,0,1,1,1,0,0,0,0,0,0
2022-07-28,AST-5007,EOT Crane,PUN-01,1,4,0,5,12,1,1,1,1,0,0
2022-07-29,AST-5007,EOT Crane,PUN-01,1,1,0,2,6,0,0,0,0,0,0
2022-07-30,AST-5007,EOT Crane,PUN-01,0,0,0,0,0,0,0,0,0,0,0
2022-07-31,AST-5007,EOT Crane,PUN-01,0,0,0,0,0,0,0,0,0,0,0
2022-08-01,AST-5007,EOT Crane,PUN-01,1,0,0,1,4,0,0,0,0,0,0
2022-08-02,AST-5007,EOT Crane,PUN-01,2,1,0,3,10,1,1,0,0,0,0
2022-08-03,AST-5007,EOT Crane,PUN-01,0,3,0,3,6,0,0,0,0,0,0
2022-08-04,AST-5007,EOT Crane,PUN-01,1,1,1,3,7,1,0,0,0,0,0
2022-08-05,AST-5007,EOT Crane,PUN-01,0,4,1,5,9,1,0,0,0,0,0
2022-08-06,AST-5007,EOT Crane,PUN-01,0,0,0,0,0,0,0,0,0,0,0
2022-08-07,AST-5007,EOT Crane,PUN-01,0,0,0,0,0,0,0,0,0,0,0
2022-08-08,AST-5007,EOT Crane,PUN-01,0,0,0,0,0,0,0,0,0,0,0
2022-08-09,AST-5007,EOT Crane,PUN-01,1,1,1,3,7,1,0,0,0,0,0
2022-08-10,AST-5007,EOT Crane,PUN-01,0,1,0,1,2,0,0,0,0,0,0
2022-08-11,AST-5007,EOT Crane,PUN-01,1,2,0,3,8,1,0,0,0,0,0
2022-08-12,AST-5007,EOT Crane,PUN-01,1,1,1,3,7,1,0,0,0,0,0
2022-08-13,AST-5007,EOT Crane,PUN-01,0,0,0,0,0,0,0,0,0,0,0
2022-08-14,AST-5007,EOT Crane,PUN-01,0,0,0,0,0,0,0,0,0,0,0
2022-08-15,AST-5007,EOT Crane,PUN-01,1,1,1,3,7,1,0,0,0,0,0
2022-08-16,AST-5007,EOT Crane,PUN-01,2,1,0,3,10,1,1,0,0,0,0
2022-08-17,AST-5007,EOT Crane,PUN-01,1,1,0,2,6,0,0,0,0,0,0
2022-08-18,AST-5007,EOT Crane,PUN-01,3,1,0,4,14,1,1,1,1,1,1
2022-08-19,AST-5007,EOT Crane,PUN-01,0,1,0,1,2,0,0,0,0,0,0
2022-08-20,AST-5007,EOT Crane,PUN-01,0,0,0,0,0,0,0,0,0,0,0
2022-08-21,AST-5007,EOT Crane,PUN-01,0,0,0,0,0,0,0,0,0,0,0
2022-08-22,AST-5007,EOT Crane,PUN-01,0,0,0,0,0,0,0,0,0,0,0
2022-08-23,AST-5007,EOT Crane,PUN-01,0,1,0,1,2,0,0,0,0,0,0
2022-08-24,AST-5007,EOT Crane,PUN-01,1,0,0,1,4,0,0,0,0,0,0
2022-08-25,AST-5007,EOT Crane,PUN-01,2,2,0,4,12,1,1,1,1,0,0
2022-08-26,AST-5007,EOT Crane,PUN-01,1,0,0,1,4,0,0,0,0,0,0
2022-08-27,AST-5007,EOT Crane,PUN-01,0,0,0,0,0,0,0,0,0,0,0
2022-08-28,AST-5007,EOT Crane,PUN-01,0,0,0,0,0,0,0,0,0,0,0
2022-08-29,AST-5007,EOT Crane,PUN-01,1,1,0,2,6,0,0,0,0,0,0
2022-08-30,AST-5007,EOT Crane,PUN-01,2,1,0,3,10,1,1,0,0,0,0
2022-08-31,AST-5007,EOT Crane,PUN-01,1,0,1,2,5,0,0,0,0,0,0
2022-09-01,AST-5007,EOT Crane,PUN-01,3,4,0,7,20,1,1,1,1,1,1
2022-09-02,AST-5007,EOT Crane,PUN-01,2,1,0,3,10,1,1,0,0,0,0
2022-09-03,AST-5007,EOT Crane,PUN-01,0,0,0,0,0,0,0,0,0,0,0
2022-09-04,AST-5007,EOT Crane,PUN-01,0,0,0,0,0,0,0,0,0,0,0
2022-09-05,AST-5007,EOT Crane,PUN-01,0,2,2,4,6,0,0,0,0,0,0
2022-09-06,AST-5007,EOT Crane,PUN-01,1,0,1,2,5,0,0,0,0,0,0
2022-09-07,AST-5007,EOT Crane,PUN-01,0,3,0,3,6,0,0,0,0,0,0
2022-09-08,AST-5007,EOT Crane,PUN-01,0,1,1,2,3,0,0,0,0,0,0
2022-09-09,AST-5007,EOT Crane,PUN-01,0,1,1,2,3,0,0,0,0,0,0
2022-09-10,AST-5007,EOT Crane,PUN-01,0,0,0,0,0,0,0,0,0,0,0
2022-09-11,AST-5007,EOT Crane,PUN-01,0,0,0,0,0,0,0,0,0,0,0
2022-09-12,AST-5007,EOT Crane,PUN-01,0,1,1,2,3,0,0,0,0,0,0
2022-09-13,AST-5007,EOT Crane,PUN-01,4,2,0,6,20,1,1,1,1,1,1
2022-09-14,AST-5007,EOT Crane,PUN-01,1,2,0,3,8,1,0,0,0,0,0
2022-09-15,AST-5007,EOT Crane,PUN-01,1,2,0,3,8,1,0,0,0,0,0
2022-09-16,AST-5007,EOT Crane,PUN-01,0,1,0,1,2,0,0,0,0,0,0
2022-09-17,AST-5007,EOT Crane,PUN-01,0,0,0,0,0,0,0,0,0,0,0
2022-09-18,AST-5007,EOT Crane,PUN-01,0,0,0,0,0,0,0,0,0,0,0
2022-09-19,AST-5007,EOT Crane,PUN-01,1,0,0,1,4,0,0,0,0,0,0
2022-09-20,AST-5007,EOT Crane,PUN-01,0,1,1,2,3,0,0,0,0,0,0
2022-09-21,AST-5007,EOT Crane,PUN-01,0,1,0,1,2,0,0,0,0,0,0
2022-09-22,AST-5007,EOT Crane,PUN-01,1,1,1,3,7,1,0,0,0,0,0
2022-09-23,AST-5007,EOT Crane,PUN-01,0,1,0,1,2,0,0,0,0,0,0
2022-09-24,AST-5007,EOT Crane,PUN-01,0,0,0,0,0,0,0,0,0,0,0
2022-09-25,AST-5007,EOT Crane,PUN-01,0,0,0,0,0,0,0,0,0,0,0
2022-09-26,AST-5007,EOT Crane,PUN-01,1,1,1,3,7,1,0,0,0,0,0
2022-09-27,AST-5007,EOT Crane,PUN-01,0,2,0,2,4,0,0,0,0,0,0
2022-09-28,AST-5007,EOT Crane,PUN-01,0,1,0,1,2,0,0,0,0,0,0
2022-09-29,AST-5007,EOT Crane,PUN-01,1,1,0,2,6,0,0,0,0,0,0
2022-09-30,AST-5007,EOT Crane,PUN-01,3,1,0,4,14,1,1,1,1,1,1
2022-10-01,AST-5007,EOT Crane,PUN-01,0,0,0,0,0,0,0,0,0,0,0
2022-10-02,AST-5007,EOT Crane,PUN-01,0,0,0,0,0,0,0,0,0,0,0
2022-10-03,AST-5007,EOT Crane,PUN-01,1,1,0,2,6,0,0,0,0,0,0
2022-10-04,AST-5007,EOT Crane,PUN-01,0,2,1,3,5,0,0,0,0,0,0
2022-10-05,AST-5007,EOT Crane,PUN-01,1,0,0,1,4,0,0,0,0,0,0
2022-10-06,AST-5007,EOT Crane,PUN-01,1,1,0,2,6,0,0,0,0,0,0
2022-10-07,AST-5007,EOT Crane,PUN-01,0,1,0,1,2,0,0,0,0,0,0
2022-10-08,AST-5007,EOT Crane,PUN-01,0,0,0,0,0,0,0,0,0,0,0
2022-10-09,AST-5007,EOT Crane,PUN-01,0,0,0,0,0,0,0,0,0,0,0
2022-10-10,AST-5007,EOT Crane,PUN-01,0,2,0,2,4,0,0,0,0,0,0
2022-10-11,AST-5007,EOT Crane,PUN-01,0,1,1,2,3,0,0,0,0,0,0
2022-10-12,AST-5007,EOT Crane,PUN-01,0,1,1,2,3,0,0,0,0,0,0
2022-10-13,AST-5007,EOT Crane,PUN-01,0,2,1,3,5,0,0,0,0,0,0
2022-10-14,AST-5007,EOT Crane,PUN-01,1,2,0,3,8,1,0,0,0,0,0
2022-10-15,AST-5007,EOT Crane,PUN-01,0,0,0,0,0,0,0,0,0,0,0
2022-10-16,AST-5007,EOT Crane,PUN-01,0,0,0,0,0,0,0,0,0,0,0
2022-10-17,AST-5007,EOT Crane,PUN-01,0,3,1,4,7,1,0,0,0,0,0
2022-10-18,AST-5007,EOT Crane,PUN-01,1,1,1,3,7,1,0,0,0,0,0
2022-10-19,AST-5007,EOT Crane,PUN-01,0,0,0,0,0,0,0,0,0,0,0
2022-10-20,AST-5007,EOT Crane,PUN-01,0,0,0,0,0,0,0,0,0,0,0
2022-10-21,AST-5007,EOT Crane,PUN-01,0,1,0,1,2,0,0,0,0,0,0
2022-10-22,AST-5007,EOT Crane,PUN-01,0,0,0,0,0,0,0,0,0,0,0
2022-10-23,AST-5007,EOT Crane,PUN-01,0,0,0,0,0,0,0,0,0,0,0
2022-10-24,AST-5007,EOT Crane,PUN-01,1,2,1,4,9,1,0,0,0,0,0
2022-10-25,AST-5007,EOT Crane,PUN-01,0,0,0,0,0,0,0,0,0,0,0
2022-10-26,AST-5007,EOT Crane,PUN-01,1,1,0,2,6,0,0,0,0,0,0
2022-10-27,AST-5007,EOT Crane,PUN-01,1,1,0,2,6,0,0,0,0,0,0
2022-10-28,AST-5007,EOT Crane,PUN-01,0,1,0,1,2,0,0,0,0,0,0
2022-10-29,AST-5007,EOT Crane,PUN-01,0,0,0,0,0,0,0,0,0,0,0
2022-10-30,AST-5007,EOT Crane,PUN-01,0,0,0,0,0,0,0,0,0,0,0
2022-10-31,AST-5007,EOT Crane,PUN-01,0,1,0,1,2,0,0,0,0,0,0
2022-11-01,AST-5007,EOT Crane,PUN-01,1,0,0,1,4,0,0,0,0,0,0
2022-11-02,AST-5007,EOT Crane,PUN-01,2,0,1,3,9,1,0,0,0,0,0
2022-11-03,AST-5007,EOT Crane,PUN-01,0,0,1,1,1,0,0,0,0,0,0
2022-11-04,AST-5007,EOT Crane,PUN-01,0,2,0,2,4,0,0,0,0,0,0
2022-11-05,AST-5007,EOT Crane,PUN-01,0,0,0,0,0,0,0,0,0,0,0
2022-11-06,AST-5007,EOT Crane,PUN-01,0,0,0,0,0,0,0,0,0,0,0
2022-11-07,AST-5007,EOT Crane,PUN-01,0,1,0,1,2,0,0,0,0,0,0
2022-11-08,AST-5007,EOT Crane,PUN-01,1,0,0,1,4,0,0,0,0,0,0
2022-11-09,AST-5007,EOT Crane,PUN-01,2,2,0,4,12,1,1,1,1,0,0
2022-11-10,AST-5007,EOT Crane,PUN-01,0,1,0,1,2,0,0,0,0,0,0
2022-11-11,AST-5007,EOT Crane,PUN-01,0,1,0,1,2,0,0,0,0,0,0
2022-11-12,AST-5007,EOT Crane,PUN-01,0,0,0,0,0,0,0,0,0,0,0
2022-11-13,AST-5007,EOT Crane,PUN-01,0,0,0,0,0,0,0,0,0,0,0
2022-11-14,AST-5007,EOT Crane,PUN-01,1,1,0,2,6,0,0,0,0,0,0
2022-11-15,AST-5007,EOT Crane,PUN-01,0,2,0,2,4,0,0,0,0,0,0
2022-11-16,AST-5007,EOT Crane,PUN-01,1,0,0,1,4,0,0,0,0,0,0
2022-11-17,AST-5007,EOT Crane,PUN-01,1,3,0,4,10,1,1,0,0,0,0
2022-11-18,AST-5007,EOT Crane,PUN-01,0,1,0,1,2,0,0,0,0,0,0
2022-11-19,AST-5007,EOT Crane,PUN-01,0,0,0,0,0,0,0,0,0,0,0
2022-11-20,AST-5007,EOT Crane,PUN-01,0,0,0,0,0,0,0,0,0,0,0
2022-11-21,AST-5007,EOT Crane,PUN-01,0,1,0,1,2,0,0,0,0,0,0
2022-11-22,AST-5007,EOT Crane,PUN-01,0,1,0,1,2,0,0,0,0,0,0
2022-11-23,AST-5007,EOT Crane,PUN-01,0,3,0,3,6,0,0,0,0,0,0
2022-11-24,AST-5007,EOT Crane,PUN-01,0,0,0,0,0,0,0,0,0,0,0
2022-11-25,AST-5007,EOT Crane,PUN-01,0,2,0,2,4,0,0,0,0,0,0
2022-11-26,AST-5007,EOT Crane,PUN-01,0,0,0,0,0,0,0,0,0,0,0
2022-11-27,AST-5007,EOT Crane,PUN-01,0,0,0,0,0,0,0,0,0,0,0
2022-11-28,AST-5007,EOT Crane,PUN-01,1,0,1,2,5,0,0,0,0,0,0
2022-11-29,AST-5007,EOT Crane,PUN-01,1,1,0,2,6,0,0,0,0,0,0
2022-11-30,AST-5007,EOT Crane,PUN-01,0,0,0,0,0,0,0,0,0,0,0
2022-12-01,AST-5007,EOT Crane,PUN-01,0,1,0,1,2,0,0,0,0,0,0
2022-12-02,AST-5007,EOT Crane,PUN-01,1,0,1,2,5,0,0,0,0,0,0
2022-12-03,AST-5007,EOT Crane,PUN-01,0,0,0,0,0,0,0,0,0,0,0
2022-12-04,AST-5007,EOT Crane,PUN-01,0,0,0,0,0,0,0,0,0,0,0
2022-12-05,AST-5007,EOT Crane,PUN-01,0,1,0,1,2,0,0,0,0,0,0
2022-12-06,AST-5007,EOT Crane,PUN-01,0,1,1,2,3,0,0,0,0,0,0
2022-12-07,AST-5007,EOT Crane,PUN-01,0,1,1,2,3,0,0,0,0,0,0
2022-12-08,AST-5007,EOT Crane,PUN-01,1,0,1,2,5,0,0,0,0,0,0
2022-12-09,AST-5007,EOT Crane,PUN-01,0,1,0,1,2,0,0,0,0,0,0
2022-12-10,AST-5007,EOT Crane,PUN-01,0,0,0,0,0,0,0,0,0,0,0
2022-12-11,AST-5007,EOT Crane,PUN-01,0,0,0,0,0,0,0,0,0,0,0
2022-12-12,AST-5007,EOT Crane,PUN-01,1,3,0,4,10,1,1,0,0,0,0
2022-12-13,AST-5007,EOT Crane,PUN-01,0,0,0,0,0,0,0,0,0,0,0
2022-12-14,AST-5007,EOT Crane,PUN-01,1,2,0,3,8,1,0,0,0,0,0
2022-12-15,AST-5007,EOT Crane,PUN-01,0,0,1,1,1,0,0,0,0,0,0
2022-12-16,AST-5007,EOT Crane,PUN-01,1,0,0,1,4,0,0,0,0,0,0
2022-12-17,AST-5007,EOT Crane,PUN-01,0,0,0,0,0,0,0,0,0,0,0
2022-12-18,AST-5007,EOT Crane,PUN-01,0,0,0,0,0,0,0,0,0,0,0
2022-12-19,AST-5007,EOT Crane,PUN-01,2,1,0,3,10,1,1,0,0,0,0
2022-12-20,AST-5007,EOT Crane,PUN-01,0,1,0,1,2,0,0,0,0,0,0
2022-12-21,AST-5007,EOT Crane,PUN-01,0,0,0,0,0,0,0,0,0,0,0
2022-12-22,AST-5007,EOT Crane,PUN-01,0,0,1,1,1,0,0,0,0,0,0
2022-12-23,AST-5007,EOT Crane,PUN-01,1,0,0,1,4,0,0,0,0,0,0
2022-12-24,AST-5007,EOT Crane,PUN-01,0,0,0,0,0,0,0,0,0,0,0
2022-12-25,AST-5007,EOT Crane,PUN-01,0,0,0,0,0,0,0,0,0,0,0
2022-12-26,AST-5007,EOT Crane,PUN-01,1,1,0,2,6,0,0,0,0,0,0
2022-12-27,AST-5007,EOT Crane,PUN-01,1,2,0,3,8,1,0,0,0,0,0
2022-12-28,AST-5007,EOT Crane,PUN-01,0,0,1,1,1,0,0,0,0,0,0
2022-12-29,AST-5007,EOT Crane,PUN-01,2,1,0,3,10,1,1,0,0,0,0
2022-12-30,AST-5007,EOT Crane,PUN-01,1,1,0,2,6,0,0,0,0,0,0
2022-12-31,AST-5007,EOT Crane,PUN-01,0,0,0,0,0,0,0,0,0,0,0
2023-01-01,AST-5007,EOT Crane,PUN-01,0,0,0,0,0,0,0,0,0,0,0
2023-01-02,AST-5007,EOT Crane,PUN-01,2,0,1,3,9,1,0,0,0,0,0
2023-01-03,AST-5007,EOT Crane,PUN-01,0,2,1,3,5,0,0,0,0,0,0
2023-01-04,AST-5007,EOT Crane,PUN-01,0,1,0,1,2,0,0,0,0,0,0
2023-01-05,AST-5007,EOT Crane,PUN-01,0,1,0,1,2,0,0,0,0,0,0
2023-01-06,AST-5007,EOT Crane,PUN-01,2,0,0,2,8,1,0,0,0,0,0
2023-01-07,AST-5007,EOT Crane,PUN-01,0,0,0,0,0,0,0,0,0,0,0
2023-01-08,AST-5007,EOT Crane,PUN-01,0,0,0,0,0,0,0,0,0,0,0
2023-01-09,AST-5007,EOT Crane,PUN-01,0,0,0,0,0,0,0,0,0,0,0
2023-01-10,AST-5007,EOT Crane,PUN-01,2,1,0,3,10,1,1,0,0,0,0
2023-01-11,AST-5007,EOT Crane,PUN-01,0,0,2,2,2,0,0,0,0,0,0
2023-01-12,AST-5007,EOT Crane,PUN-01,0,0,0,0,0,0,0,0,0,0,0
2023-01-13,AST-5007,EOT Crane,PUN-01,2,1,0,3,10,1,1,0,0,0,0
2023-01-14,AST-5007,EOT Crane,PUN-01,0,0,0,0,0,0,0,0,0,0,0
2023-01-15,AST-5007,EOT Crane,PUN-01,0,0,0,0,0,0,0,0,0,0,0
2023-01-16,AST-5007,EOT Crane,PUN-01,0,3,1,4,7,1,0,0,0,0,0
2023-01-17,AST-5007,EOT Crane,PUN-01,0,1,1,2,3,0,0,0,0,0,0
2023-01-18,AST-5007,EOT Crane,PUN-01,1,2,1,4,9,1,0,0,0,0,0
2023-01-19,AST-5007,EOT Crane,PUN-01,1,0,0,1,4,0,0,0,0,0,0
2023-01-20,AST-5007,EOT Crane,PUN-01,3,0,1,4,13,1,1,1,1,1,0
2023-01-21,AST-5007,EOT Crane,PUN-01,0,0,0,0,0,0,0,0,0,0,0
2023-01-22,AST-5007,EOT Crane,PUN-01,0,0,0,0,0,0,0,0,0,0,0
2023-01-23,AST-5007,EOT Crane,PUN-01,1,0,0,1,4,0,0,0,0,0,0
2023-01-24,AST-5007,EOT Crane,PUN-01,1,2,2,5,10,1,1,0,0,0,0
2023-01-25,AST-5007,EOT Crane,PUN-01,1,2,2,5,10,1,1,0,0,0,0
2023-01-26,AST-5007,EOT Crane,PUN-01,1,1,0,2,6,0,0,0,0,0,0
2023-01-27,AST-5007,EOT Crane,PUN-01,0,1,0,1,2,0,0,0,0,0,0
2023-01-28,AST-5007,EOT Crane,PUN-01,0,0,0,0,0,0,0,0,0,0,0
2023-01-29,AST-5007,EOT Crane,PUN-01,0,0,0,0,0,0,0,0,0,0,0
2023-01-30,AST-5007,EOT Crane,PUN-01,1,1,0,2,6,0,0,0,0,0,0
2023-01-31,AST-5007,EOT Crane,PUN-01,0,0,0,0,0,0,0,0,0,0,0
2023-02-01,AST-5007,EOT Crane,PUN-01,1,1,0,2,6,0,0,0,0,0,0
2023-02-02,AST-5007,EOT Crane,PUN-01,0,2,0,2,4,0,0,0,0,0,0
2023-02-03,AST-5007,EOT Crane,PUN-01,1,1,3,5,9,1,0,0,0,0,0
2023-02-04,AST-5007,EOT Crane,PUN-01,0,0,0,0,0,0,0,0,0,0,0
2023-02-05,AST-5007,EOT Crane,PUN-01,0,0,0,0,0,0,0,0,0,0,0
2023-02-06,AST-5007,EOT Crane,PUN-01,1,2,0,3,8,1,0,0,0,0,0
2023-02-07,AST-5007,EOT Crane,PUN-01,1,1,0,2,6,0,0,0,0,0,0
2023-02-08,AST-5007,EOT Crane,PUN-01,0,0,0,0,0,0,0,0,0,0,0
2023-02-09,AST-5007,EOT Crane,PUN-01,0,0,0,0,0,0,0,0,0,0,0
2023-02-10,AST-5007,EOT Crane,PUN-01,2,2,1,5,13,1,1,1,1,1,0
2023-02-11,AST-5007,EOT Crane,PUN-01,0,0,0,0,0,0,0,0,0,0,0
2023-02-12,AST-5007,EOT Crane,PUN-01,0,0,0,0,0,0,0,0,0,0,0
2023-02-13,AST-5007,EOT Crane,PUN-01,1,1,0,2,6,0,0,0,0,0,0
2023-02-14,AST-5007,EOT Crane,PUN-01,1,0,0,1,4,0,0,0,0,0,0
2023-02-15,AST-5007,EOT Crane,PUN-01,2,2,1,5,13,1,1,1,1,1,0
2023-02-16,AST-5007,EOT Crane,PUN-01,0,0,0,0,0,0,0,0,0,0,0
2023-02-17,AST-5007,EOT Crane,PUN-01,0,1,0,1,2,0,0,0,0,0,0
2023-02-18,AST-5007,EOT Crane,PUN-01,0,0,0,0,0,0,0,0,0,0,0
2023-02-19,AST-5007,EOT Crane,PUN-01,0,0,0,0,0,0,0,0,0,0,0
2023-02-20,AST-5007,EOT Crane,PUN-01,3,2,0,5,16,1,1,1,1,1,1
2023-02-21,AST-5007,EOT Crane,PUN-01,2,1,0,3,10,1,1,0,0,0,0
2023-02-22,AST-5007,EOT Crane,PUN-01,1,0,0,1,4,0,0,0,0,0,0
2023-02-23,AST-5007,EOT Crane,PUN-01,2,2,0,4,12,1,1,1,1,0,0
2023-02-24,AST-5007,EOT Crane,PUN-01,0,2,0,2,4,0,0,0,0,0,0
2023-02-25,AST-5007,EOT Crane,PUN-01,0,0,0,0,0,0,0,0,0,0,0
2023-02-26,AST-5007,EOT Crane,PUN-01,0,0,0,0,0,0,0,0,0,0,0
2023-02-27,AST-5007,EOT Crane,PUN-01,0,1,1,2,3,0,0,0,0,0,0
2023-02-28,AST-5007,EOT Crane,PUN-01,0,1,0,1,2,0,0,0,0,0,0
2023-03-01,AST-5007,EOT Crane,PUN-01,3,0,1,4,13,1,1,1,1,1,0
2023-03-02,AST-5007,EOT Crane,PUN-01,2,1,0,3,10,1,1,0,0,0,0
2023-03-03,AST-5007,EOT Crane,PUN-01,1,1,1,3,7,1,0,0,0,0,0
2023-03-04,AST-5007,EOT Crane,PUN-01,0,0,0,0,0,0,0,0,0,0,0
2023-03-05,AST-5007,EOT Crane,PUN-01,0,0,0,0,0,0,0,0,0,0,0
2023-03-06,AST-5007,EOT Crane,PUN-01,2,1,0,3,10,1,1,0,0,0,0
2023-03-07,AST-5007,EOT Crane,PUN-01,0,0,2,2,2,0,0,0,0,0,0
2023-03-08,AST-5007,EOT Crane,PUN-01,2,0,0,2,8,1,0,0,0,0,0
2023-03-09,AST-5007,EOT Crane,PUN-01,1,0,0,1,4,0,0,0,0,0,0
2023-03-10,AST-5007,EOT Crane,PUN-01,1,0,1,2,5,0,0,0,0,0,0
2023-03-11,AST-5007,EOT Crane,PUN-01,0,0,0,0,0,0,0,0,0,0,0
2023-03-12,AST-5007,EOT Crane,PUN-01,0,0,0,0,0,0,0,0,0,0,0
2023-03-13,AST-5007,EOT Crane,PUN-01,0,3,0,3,6,0,0,0,0,0,0
2023-03-14,AST-5007,EOT Crane,PUN-01,1,2,0,3,8,1,0,0,0,0,0
2023-03-15,AST-5007,EOT Crane,PUN-01,0,1,2,3,4,0,0,0,0,0,0
2023-03-16,AST-5007,EOT Crane,PUN-01,0,0,1,1,1,0,0,0,0,0,0
2023-03-17,AST-5007,EOT Crane,PUN-01,0,2,0,2,4,0,0,0,0,0,0
2023-03-18,AST-5007,EOT Crane,PUN-01,0,0,0,0,0,0,0,0,0,0,0
2023-03-19,AST-5007,EOT Crane,PUN-01,0,0,0,0,0,0,0,0,0,0,0
2023-03-20,AST-5007,EOT Crane,PUN-01,1,2,1,4,9,1,0,0,0,0,0
2023-03-21,AST-5007,EOT Crane,PUN-01,2,1,1,4,11,1,1,1,0,0,0
2023-03-22,AST-5007,EOT Crane,PUN-01,0,0,0,0,0,0,0,0,0,0,0
2023-03-23,AST-5007,EOT Crane,PUN-01,1,1,0,2,6,0,0,0,0,0,0
2023-03-24,AST-5007,EOT Crane,PUN-01,0,1,2,3,4,0,0,0,0,0,0
2023-03-25,AST-5007,EOT Crane,PUN-01,0,0,0,0,0,0,0,0,0,0,0
2023-03-26,AST-5007,EOT Crane,PUN-01,0,0,0,0,0,0,0,0,0,0,0
2023-03-27,AST-5007,EOT Crane,PUN-01,1,1,1,3,7,1,0,0,0,0,0
2023-03-28,AST-5007,EOT Crane,PUN-01,0,2,0,2,4,0,0,0,0,0,0
2023-03-29,AST-5007,EOT Crane,PUN-01,0,0,1,1,1,0,0,0,0,0,0
2023-03-30,AST-5007,EOT Crane,PUN-01,2,1,1,4,11,1,1,1,0,0,0
2023-03-31,AST-5007,EOT Crane,PUN-01,1,2,0,3,8,1,0,0,0,0,0
2023-04-01,AST-5007,EOT Crane,PUN-01,0,0,0,0,0,0,0,0,0,0,0
2023-04-02,AST-5007,EOT Crane,PUN-01,0,0,0,0,0,0,0,0,0,0,0
2023-04-03,AST-5007,EOT Crane,PUN-01,3,1,0,4,14,1,1,1,1,1,1
2023-04-04,AST-5007,EOT Crane,PUN-01,0,0,1,1,1,0,0,0,0,0,0
2023-04-05,AST-5007,EOT Crane,PUN-01,0,3,1,4,7,1,0,0,0,0,0
2023-04-06,AST-5007,EOT Crane,PUN-01,0,2,0,2,4,0,0,0,0,0,0
2023-04-07,AST-5007,EOT Crane,PUN-01,0,2,1,3,5,0,0,0,0,0,0
2023-04-08,AST-5007,EOT Crane,PUN-01,0,0,0,0,0,0,0,0,0,0,0
2023-04-09,AST-5007,EOT Crane,PUN-01,0,0,0,0,0,0,0,0,0,0,0
2023-04-10,AST-5007,EOT Crane,PUN-01,0,1,1,2,3,0,0,0,0,0,0
2023-04-11,AST-5007,EOT Crane,PUN-01,1,1,0,2,6,0,0,0,0,0,0
2023-04-12,AST-5007,EOT Crane,PUN-01,0,1,0,1,2,0,0,0,0,0,0
2023-04-13,AST-5007,EOT Crane,PUN-01,2,1,0,3,10,1,1,0,0,0,0
2023-04-14,AST-5007,EOT Crane,PUN-01,1,2,0,3,8,1,0,0,0,0,0
2023-04-15,AST-5007,EOT Crane,PUN-01,0,0,0,0,0,0,0,0,0,0,0
2023-04-16,AST-5007,EOT Crane,PUN-01,0,0,0,0,0,0,0,0,0,0,0
2023-04-17,AST-5007,EOT Crane,PUN-01,0,0,0,0,0,0,0,0,0,0,0
2023-04-18,AST-5007,EOT Crane,PUN-01,4,0,0,4,16,1,1,1,1,1,1
2023-04-19,AST-5007,EOT Crane,PUN-01,3,1,0,4,14,1,1,1,1,1,1
2023-04-20,AST-5007,EOT Crane,PUN-01,1,1,0,2,6,0,0,0,0,0,0
2023-04-21,AST-5007,EOT Crane,PUN-01,0,0,1,1,1,0,0,0,0,0,0
2023-04-22,AST-5007,EOT Crane,PUN-01,0,0,0,0,0,0,0,0,0,0,0
2023-04-23,AST-5007,EOT Crane,PUN-01,0,0,0,0,0,0,0,0,0,0,0
2023-04-24,AST-5007,EOT Crane,PUN-01,0,2,0,2,4,0,0,0,0,0,0
2023-04-25,AST-5007,EOT Crane,PUN-01,0,1,2,3,4,0,0,0,0,0,0
2023-04-26,AST-5007,EOT Crane,PUN-01,1,0,1,2,5,0,0,0,0,0,0
2023-04-27,AST-5007,EOT Crane,PUN-01,1,1,0,2,6,0,0,0,0,0,0
2023-04-28,AST-5007,EOT Crane,PUN-01,1,1,0,2,6,0,0,0,0,0,0
2023-04-29,AST-5007,EOT Crane,PUN-01,0,0,0,0,0,0,0,0,0,0,0
2023-04-30,AST-5007,EOT Crane,PUN-01,0,0,0,0,0,0,0,0,0,0,0
2023-05-01,AST-5007,EOT Crane,PUN-01,0,1,0,1,2,0,0,0,0,0,0
2023-05-02,AST-5007,EOT Crane,PUN-01,0,0,1,1,1,0,0,0,0,0,0
2023-05-03,AST-5007,EOT Crane,PUN-01,0,0,1,1,1,0,0,0,0,0,0
2023-05-04,AST-5007,EOT Crane,PUN-01,1,1,0,2,6,0,0,0,0,0,0
2023-05-05,AST-5007,EOT Crane,PUN-01,0,0,1,1,1,0,0,0,0,0,0
2023-05-06,AST-5007,EOT Crane,PUN-01,0,0,0,0,0,0,0,0,0,0,0
2023-05-07,AST-5007,EOT Crane,PUN-01,0,0,0,0,0,0,0,0,0,0,0
2023-05-08,AST-5007,EOT Crane,PUN-01,0,3,1,4,7,1,0,0,0,0,0
2023-05-09,AST-5007,EOT Crane,PUN-01,0,1,0,1,2,0,0,0,0,0,0
2023-05-10,AST-5007,EOT Crane,PUN-01,1,0,0,1,4,0,0,0,0,0,0
2023-05-11,AST-5007,EOT Crane,PUN-01,1,0,1,2,5,0,0,0,0,0,0
2023-05-12,AST-5007,EOT Crane,PUN-01,1,2,0,3,8,1,0,0,0,0,0
2023-05-13,AST-5007,EOT Crane,PUN-01,0,0,0,0,0,0,0,0,0,0,0
2023-05-14,AST-5007,EOT Crane,PUN-01,0,0,0,0,0,0,0,0,0,0,0
2023-05-15,AST-5007,EOT Crane,PUN-01,1,1,1,3,7,1,0,0,0,0,0
2023-05-16,AST-5007,EOT Crane,PUN-01,0,1,1,2,3,0,0,0,0,0,0
2023-05-17,AST-5007,EOT Crane,PUN-01,1,1,0,2,6,0,0,0,0,0,0
2023-05-18,AST-5007,EOT Crane,PUN-01,1,0,0,1,4,0,0,0,0,0,0
2023-05-19,AST-5007,EOT Crane,PUN-01,1,0,0,1,4,0,0,0,0,0,0
2023-05-20,AST-5007,EOT Crane,PUN-01,0,0,0,0,0,0,0,0,0,0,0
2023-05-21,AST-5007,EOT Crane,PUN-01,0,0,0,0,0,0,0,0,0,0,0
2023-05-22,AST-5007,EOT Crane,PUN-01,0,1,2,3,4,0,0,0,0,0,0
2023-05-23,AST-5007,EOT Crane,PUN-01,0,0,2,2,2,0,0,0,0,0,0
2023-05-24,AST-5007,EOT Crane,PUN-01,0,1,1,2,3,0,0,0,0,0,0
2023-05-25,AST-5007,EOT Crane,PUN-01,1,0,0,1,4,0,0,0,0,0,0
2023-05-26,AST-5007,EOT Crane,PUN-01,1,0,0,1,4,0,0,0,0,0,0
2023-05-27,AST-5007,EOT Crane,PUN-01,0,0,0,0,0,0,0,0,0,0,0
2023-05-28,AST-5007,EOT Crane,PUN-01,0,0,0,0,0,0,0,0,0,0,0
2023-05-29,AST-5007,EOT Crane,PUN-01,1,1,0,2,6,0,0,0,0,0,0
2023-05-30,AST-5007,EOT Crane,PUN-01,0,0,0,0,0,0,0,0,0,0,0
2023-05-31,AST-5007,EOT Crane,PUN-01,1,0,0,1,4,0,0,0,0,0,0
2023-06-01,AST-5007,EOT Crane,PUN-01,1,1,0,2,6,0,0,0,0,0,0
2023-06-02,AST-5007,EOT Crane,PUN-01,1,0,0,1,4,0,0,0,0,0,0
2023-06-03,AST-5007,EOT Crane,PUN-01,0,0,0,0,0,0,0,0,0,0,0
2023-06-04,AST-5007,EOT Crane,PUN-01,0,0,0,0,0,0,0,0,0,0,0
2023-06-05,AST-5007,EOT Crane,PUN-01,1,3,1,5,11,1,1,1,0,0,0
2023-06-06,AST-5007,EOT Crane,PUN-01,0,0,1,1,1,0,0,0,0,0,0
2023-06-07,AST-5007,EOT Crane,PUN-01,0,1,1,2,3,0,0,0,0,0,0
2023-06-08,AST-5007,EOT Crane,PUN-01,1,0,2,3,6,0,0,0,0,0,0
2023-06-09,AST-5007,EOT Crane,PUN-01,1,2,0,3,8,1,0,0,0,0,0
2023-06-10,AST-5007,EOT Crane,PUN-01,0,0,0,0,0,0,0,0,0,0,0
2023-06-11,AST-5007,EOT Crane,PUN-01,0,0,0,0,0,0,0,0,0,0,0
2023-06-12,AST-5007,EOT Crane,PUN-01,1,0,1,2,5,0,0,0,0,0,0
2023-06-13,AST-5007,EOT Crane,PUN-01,0,1,0,1,2,0,0,0,0,0,0
2023-06-14,AST-5007,EOT Crane,PUN-01,0,1,0,1,2,0,0,0,0,0,0
2023-06-15,AST-5007,EOT Crane,PUN-01,0,4,1,5,9,1,0,0,0,0,0
2023-06-16,AST-5007,EOT Crane,PUN-01,1,2,2,5,10,1,1,0,0,0,0
2023-06-17,AST-5007,EOT Crane,PUN-01,0,0,0,0,0,0,0,0,0,0,0
2023-06-18,AST-5007,EOT Crane,PUN-01,0,0,0,0,0,0,0,0,0,0,0
2023-06-19,AST-5007,EOT Crane,PUN-01,1,0,0,1,4,0,0,0,0,0,0
2023-06-20,AST-5007,EOT Crane,PUN-01,1,1,0,2,6,0,0,0,0,0,0
2023-06-21,AST-5007,EOT Crane,PUN-01,1,3,1,5,11,1,1,1,0,0,0
2023-06-22,AST-5007,EOT Crane,PUN-01,1,0,0,1,4,0,0,0,0,0,0
2023-06-23,AST-5007,EOT Crane,PUN-01,0,2,1,3,5,0,0,0,0,0,0
2023-06-24,AST-5007,EOT Crane,PUN-01,0,0,0,0,0,0,0,0,0,0,0
2023-06-25,AST-5007,EOT Crane,PUN-01,0,0,0,0,0,0,0,0,0,0,0
2023-06-26,AST-5007,EOT Crane,PUN-01,0,3,0,3,6,0,0,0,0,0,0
2023-06-27,AST-5007,EOT Crane,PUN-01,1,2,0,3,8,1,0,0,0,0,0
2023-06-28,AST-5007,EOT Crane,PUN-01,1,0,0,1,4,0,0,0,0,0,0
2023-06-29,AST-5007,EOT Crane,PUN-01,2,0,0,2,8,1,0,0,0,0,0
2023-06-30,AST-5007,EOT Crane,PUN-01,0,0,1,1,1,0,0,0,0,0,0
2023-07-01,AST-5007,EOT Crane,PUN-01,0,0,0,0,0,0,0,0,0,0,0
2023-07-02,AST-5007,EOT Crane,PUN-01,0,0,0,0,0,0,0,0,0,0,0
2023-07-03,AST-5007,EOT Crane,PUN-01,1,1,0,2,6,0,0,0,0,0,0
2023-07-04,AST-5007,EOT Crane,PUN-01,0,1,0,1,2,0,0,0,0,0,0
2023-07-05,AST-5007,EOT Crane,PUN-01,0,1,0,1,2,0,0,0,0,0,0
2023-07-06,AST-5007,EOT Crane,PUN-01,2,3,0,5,14,1,1,1,1,1,1
2023-07-07,AST-5007,EOT Crane,PUN-01,1,0,0,1,4,0,0,0,0,0,0
2023-07-08,AST-5007,EOT Crane,PUN-01,0,0,0,0,0,0,0,0,0,0,0
2023-07-09,AST-5007,EOT Crane,PUN-01,0,0,0,0,0,0,0,0,0,0,0
2023-07-10,AST-5007,EOT Crane,PUN-01,0,0,0,0,0,0,0,0,0,0,0
2023-07-11,AST-5007,EOT Crane,PUN-01,0,0,0,0,0,0,0,0,0,0,0
2023-07-12,AST-5007,EOT Crane,PUN-01,1,1,1,3,7,1,0,0,0,0,0
2023-07-13,AST-5007,EOT Crane,PUN-01,0,1,0,1,2,0,0,0,0,0,0
2023-07-14,AST-5007,EOT Crane,PUN-01,1,1,1,3,7,1,0,0,0,0,0
2023-07-15,AST-5007,EOT Crane,PUN-01,0,0,0,0,0,0,0,0,0,0,0
2023-07-16,AST-5007,EOT Crane,PUN-01,0,0,0,0,0,0,0,0,0,0,0
2023-07-17,AST-5007,EOT Crane,PUN-01,2,0,1,3,9,1,0,0,0,0,0
2023-07-18,AST-5007,EOT Crane,PUN-01,0,0,0,0,0,0,0,0,0,0,0
2023-07-19,AST-5007,EOT Crane,PUN-01,0,2,0,2,4,0,0,0,0,0,0
2023-07-20,AST-5007,EOT Crane,PUN-01,2,0,1,3,9,1,0,0,0,0,0
2023-07-21,AST-5007,EOT Crane,PUN-01,0,2,0,2,4,0,0,0,0,0,0
2023-07-22,AST-5007,EOT Crane,PUN-01,0,0,0,0,0,0,0,0,0,0,0
2023-07-23,AST-5007,EOT Crane,PUN-01,0,0,0,0,0,0,0,0,0,0,0
2023-07-24,AST-5007,EOT Crane,PUN-01,0,0,0,0,0,0,0,0,0,0,0
2023-07-25,AST-5007,EOT Crane,PUN-01,1,2,0,3,8,1,0,0,0,0,0
2023-07-26,AST-5007,EOT Crane,PUN-01,0,1,0,1,2,0,0,0,0,0,0
2023-07-27,AST-5007,EOT Crane,PUN-01,0,2,0,2,4,0,0,0,0,0,0
2023-07-28,AST-5007,EOT Crane,PUN-01,0,0,0,0,0,0,0,0,0,0,0
2023-07-29,AST-5007,EOT Crane,PUN-01,0,0,0,0,0,0,0,0,0,0,0
2023-07-30,AST-5007,EOT Crane,PUN-01,0,0,0,0,0,0,0,0,0,0,0
2023-07-31,AST-5007,EOT Crane,PUN-01,2,0,1,3,9,1,0,0,0,0,0
2023-08-01,AST-5007,EOT Crane,PUN-01,0,0,2,2,2,0,0,0,0,0,0
2023-08-02,AST-5007,EOT Crane,PUN-01,1,0,1,2,5,0,0,0,0,0,0
2023-08-03,AST-5007,EOT Crane,PUN-01,1,2,1,4,9,1,0,0,0,0,0
2023-08-04,AST-5007,EOT Crane,PUN-01,0,0,1,1,1,0,0,0,0,0,0
2023-08-05,AST-5007,EOT Crane,PUN-01,0,0,0,0,0,0,0,0,0,0,0
2023-08-06,AST-5007,EOT Crane,PUN-01,0,0,0,0,0,0,0,0,0,0,0
2023-08-07,AST-5007,EOT Crane,PUN-01,1,0,0,1,4,0,0,0,0,0,0
2023-08-08,AST-5007,EOT Crane,PUN-01,1,1,0,2,6,0,0,0,0,0,0
2023-08-09,AST-5007,EOT Crane,PUN-01,2,2,0,4,12,1,1,1,1,0,0
2023-08-10,AST-5007,EOT Crane,PUN-01,1,0,0,1,4,0,0,0,0,0,0
2023-08-11,AST-5007,EOT Crane,PUN-01,0,1,1,2,3,0,0,0,0,0,0
2023-08-12,AST-5007,EOT Crane,PUN-01,0,0,0,0,0,0,0,0,0,0,0
2023-08-13,AST-5007,EOT Crane,PUN-01,0,0,0,0,0,0,0,0,0,0,0
2023-08-14,AST-5007,EOT Crane,PUN-01,0,1,2,3,4,0,0,0,0,0,0
2023-08-15,AST-5007,EOT Crane,PUN-01,0,1,0,1,2,0,0,0,0,0,0
2023-08-16,AST-5007,EOT Crane,PUN-01,1,3,0,4,10,1,1,0,0,0,0
2023-08-17,AST-5007,EOT Crane,PUN-01,1,3,0,4,10,1,1,0,0,0,0
2023-08-18,AST-5007,EOT Crane,PUN-01,2,0,2,4,10,1,1,0,0,0,0
2023-08-19,AST-5007,EOT Crane,PUN-01,0,0,0,0,0,0,0,0,0,0,0
2023-08-20,AST-5007,EOT Crane,PUN-01,0,0,0,0,0,0,0,0,0,0,0
2023-08-21,AST-5007,EOT Crane,PUN-01,1,2,0,3,8,1,0,0,0,0,0
2023-08-22,AST-5007,EOT Crane,PUN-01,0,1,0,1,2,0,0,0,0,0,0
2023-08-23,AST-5007,EOT Crane,PUN-01,0,2,1,3,5,0,0,0,0,0,0
2023-08-24,AST-5007,EOT Crane,PUN-01,0,0,1,1,1,0,0,0,0,0,0
2023-08-25,AST-5007,EOT Crane,PUN-01,0,0,0,0,0,0,0,0,0,0,0
2023-08-26,AST-5007,EOT Crane,PUN-01,0,0,0,0,0,0,0,0,0,0,0
2023-08-27,AST-5007,EOT Crane,PUN-01,0,0,0,0,0,0,0,0,0,0,0
2023-08-28,AST-5007,EOT Crane,PUN-01,1,2,0,3,8,1,0,0,0,0,0
2023-08-29,AST-5007,EOT Crane,PUN-01,0,0,0,0,0,0,0,0,0,0,0
2023-08-30,AST-5007,EOT Crane,PUN-01,0,0,0,0,0,0,0,0,0,0,0
2023-08-31,AST-5007,EOT Crane,PUN-01,1,0,1,2,5,0,0,0,0,0,0
2023-09-01,AST-5007,EOT Crane,PUN-01,2,0,0,2,8,1,0,0,0,0,0
2023-09-02,AST-5007,EOT Crane,PUN-01,0,0,0,0,0,0,0,0,0,0,0
2023-09-03,AST-5007,EOT Crane,PUN-01,0,0,0,0,0,0,0,0,0,0,0
2023-09-04,AST-5007,EOT Crane,PUN-01,0,1,0,1,2,0,0,0,0,0,0
2023-09-05,AST-5007,EOT Crane,PUN-01,2,2,0,4,12,1,1,1,1,0,0
2023-09-06,AST-5007,EOT Crane,PUN-01,2,1,0,3,10,1,1,0,0,0,0
2023-09-07,AST-5007,EOT Crane,PUN-01,1,1,1,3,7,1,0,0,0,0,0
2023-09-08,AST-5007,EOT Crane,PUN-01,1,2,0,3,8,1,0,0,0,0,0
2023-09-09,AST-5007,EOT Crane,PUN-01,0,0,0,0,0,0,0,0,0,0,0
2023-09-10,AST-5007,EOT Crane,PUN-01,0,0,0,0,0,0,0,0,0,0,0
2023-09-11,AST-5007,EOT Crane,PUN-01,0,1,0,1,2,0,0,0,0,0,0
2023-09-12,AST-5007,EOT Crane,PUN-01,0,1,0,1,2,0,0,0,0,0,0
2023-09-13,AST-5007,EOT Crane,PUN-01,0,1,0,1,2,0,0,0,0,0,0
2023-09-14,AST-5007,EOT Crane,PUN-01,0,2,1,3,5,0,0,0,0,0,0
2023-09-15,AST-5007,EOT Crane,PUN-01,2,1,0,3,10,1,1,0,0,0,0
2023-09-16,AST-5007,EOT Crane,PUN-01,0,0,0,0,0,0,0,0,0,0,0
2023-09-17,AST-5007,EOT Crane,PUN-01,0,0,0,0,0,0,0,0,0,0,0
2023-09-18,AST-5007,EOT Crane,PUN-01,1,1,0,2,6,0,0,0,0,0,0
2023-09-19,AST-5007,EOT Crane,PUN-01,0,0,0,0,0,0,0,0,0,0,0
2023-09-20,AST-5007,EOT Crane,PUN-01,0,0,0,0,0,0,0,0,0,0,0
2023-09-21,AST-5007,EOT Crane,PUN-01,1,1,1,3,7,1,0,0,0,0,0
2023-09-22,AST-5007,EOT Crane,PUN-01,0,2,0,2,4,0,0,0,0,0,0
2023-09-23,AST-5007,EOT Crane,PUN-01,0,0,0,0,0,0,0,0,0,0,0
2023-09-24,AST-5007,EOT Crane,PUN-01,0,0,0,0,0,0,0,0,0,0,0
2023-09-25,AST-5007,EOT Crane,PUN-01,0,2,0,2,4,0,0,0,0,0,0
2023-09-26,AST-5007,EOT Crane,PUN-01,1,1,1,3,7,1,0,0,0,0,0
2023-09-27,AST-5007,EOT Crane,PUN-01,2,1,1,4,11,1,1,1,0,0,0
2023-09-28,AST-5007,EOT Crane,PUN-01,0,1,0,1,2,0,0,0,0,0,0
2023-09-29,AST-5007,EOT Crane,PUN-01,0,0,1,1,1,0,0,0,0,0,0
2023-09-30,AST-5007,EOT Crane,PUN-01,0,0,0,0,0,0,0,0,0,0,0
2023-10-01,AST-5007,EOT Crane,PUN-01,0,0,0,0,0,0,0,0,0,0,0
2023-10-02,AST-5007,EOT Crane,PUN-01,2,3,1,6,15,1,1,1,1,1,1
2023-10-03,AST-5007,EOT Crane,PUN-01,0,0,1,1,1,0,0,0,0,0,0
2023-10-04,AST-5007,EOT Crane,PUN-01,0,2,0,2,4,0,0,0,0,0,0
2023-10-05,AST-5007,EOT Crane,PUN-01,0,0,0,0,0,0,0,0,0,0,0
2023-10-06,AST-5007,EOT Crane,PUN-01,3,0,1,4,13,1,1,1,1,1,0
2023-10-07,AST-5007,EOT Crane,PUN-01,0,0,0,0,0,0,0,0,0,0,0
2023-10-08,AST-5007,EOT Crane,PUN-01,0,0,0,0,0,0,0,0,0,0,0
2023-10-09,AST-5007,EOT Crane,PUN-01,0,0,2,2,2,0,0,0,0,0,0
2023-10-10,AST-5007,EOT Crane,PUN-01,0,0,1,1,1,0,0,0,0,0,0
2023-10-11,AST-5007,EOT Crane,PUN-01,2,0,1,3,9,1,0,0,0,0,0
2023-10-12,AST-5007,EOT Crane,PUN-01,1,2,0,3,8,1,0,0,0,0,0
2023-10-13,AST-5007,EOT Crane,PUN-01,1,3,1,5,11,1,1,1,0,0,0
2023-10-14,AST-5007,EOT Crane,PUN-01,0,0,0,0,0,0,0,0,0,0,0
2023-10-15,AST-5007,EOT Crane,PUN-01,0,0,0,0,0,0,0,0,0,0,0
2023-10-16,AST-5007,EOT Crane,PUN-01,1,0,0,1,4,0,0,0,0,0,0
2023-10-17,AST-5007,EOT Crane,PUN-01,0,0,0,0,0,0,0,0,0,0,0
2023-10-18,AST-5007,EOT Crane,PUN-01,1,2,1,4,9,1,0,0,0,0,0
2023-10-19,AST-5007,EOT Crane,PUN-01,0,0,0,0,0,0,0,0,0,0,0
2023-10-20,AST-5007,EOT Crane,PUN-01,1,2,1,4,9,1,0,0,0,0,0
2023-10-21,AST-5007,EOT Crane,PUN-01,0,0,0,0,0,0,0,0,0,0,0
2023-10-22,AST-5007,EOT Crane,PUN-01,0,0,0,0,0,0,0,0,0,0,0
2023-10-23,AST-5007,EOT Crane,PUN-01,0,2,0,2,4,0,0,0,0,0,0
2023-10-24,AST-5007,EOT Crane,PUN-01,0,1,1,2,3,0,0,0,0,0,0
2023-10-25,AST-5007,EOT Crane,PUN-01,2,1,0,3,10,1,1,0,0,0,0
2023-10-26,AST-5007,EOT Crane,PUN-01,1,1,0,2,6,0,0,0,0,0,0
2023-10-27,AST-5007,EOT Crane,PUN-01,1,0,0,1,4,0,0,0,0,0,0
2023-10-28,AST-5007,EOT Crane,PUN-01,0,0,0,0,0,0,0,0,0,0,0
2023-10-29,AST-5007,EOT Crane,PUN-01,0,0,0,0,0,0,0,0,0,0,0
2023-10-30,AST-5007,EOT Crane,PUN-01,0,1,0,1,2,0,0,0,0,0,0
2023-10-31,AST-5007,EOT Crane,PUN-01,0,0,0,0,0,0,0,0,0,0,0
2023-11-01,AST-5007,EOT Crane,PUN-01,0,1,0,1,2,0,0,0,0,0,0
2023-11-02,AST-5007,EOT Crane,PUN-01,0,0,0,0,0,0,0,0,0,0,0
2023-11-03,AST-5007,EOT Crane,PUN-01,1,1,0,2,6,0,0,0,0,0,0
2023-11-04,AST-5007,EOT Crane,PUN-01,0,0,0,0,0,0,0,0,0,0,0
2023-11-05,AST-5007,EOT Crane,PUN-01,0,0,0,0,0,0,0,0,0,0,0
2023-11-06,AST-5007,EOT Crane,PUN-01,2,0,0,2,8,1,0,0,0,0,0
2023-11-07,AST-5007,EOT Crane,PUN-01,0,1,0,1,2,0,0,0,0,0,0
2023-11-08,AST-5007,EOT Crane,PUN-01,4,1,0,5,18,1,1,1,1,1,1
2023-11-09,AST-5007,EOT Crane,PUN-01,2,0,0,2,8,1,0,0,0,0,0
2023-11-10,AST-5007,EOT Crane,PUN-01,1,1,0,2,6,0,0,0,0,0,0
2023-11-11,AST-5007,EOT Crane,PUN-01,0,0,0,0,0,0,0,0,0,0,0
2023-11-12,AST-5007,EOT Crane,PUN-01,0,0,0,0,0,0,0,0,0,0,0
2023-11-13,AST-5007,EOT Crane,PUN-01,0,2,0,2,4,0,0,0,0,0,0
2023-11-14,AST-5007,EOT Crane,PUN-01,0,2,1,3,5,0,0,0,0,0,0
2023-11-15,AST-5007,EOT Crane,PUN-01,2,1,0,3,10,1,1,0,0,0,0
2023-11-16,AST-5007,EOT Crane,PUN-01,1,1,0,2,6,0,0,0,0,0,0
2023-11-17,AST-5007,EOT Crane,PUN-01,1,0,0,1,4,0,0,0,0,0,0
2023-11-18,AST-5007,EOT Crane,PUN-01,0,0,0,0,0,0,0,0,0,0,0
2023-11-19,AST-5007,EOT Crane,PUN-01,0,0,0,0,0,0,0,0,0,0,0
2023-11-20,AST-5007,EOT Crane,PUN-01,3,2,0,5,16,1,1,1,1,1,1
2023-11-21,AST-5007,EOT Crane,PUN-01,1,1,0,2,6,0,0,0,0,0,0
2023-11-22,AST-5007,EOT Crane,PUN-01,0,2,1,3,5,0,0,0,0,0,0
2023-11-23,AST-5007,EOT Crane,PUN-01,2,1,1,4,11,1,1,1,0,0,0
2023-11-24,AST-5007,EOT Crane,PUN-01,2,2,1,5,13,1,1,1,1,1,0
2023-11-25,AST-5007,EOT Crane,PUN-01,0,0,0,0,0,0,0,0,0,0,0
2023-11-26,AST-5007,EOT Crane,PUN-01,0,0,0,0,0,0,0,0,0,0,0
2023-11-27,AST-5007,EOT Crane,PUN-01,1,0,1,2,5,0,0,0,0,0,0
2023-11-28,AST-5007,EOT Crane,PUN-01,0,2,1,3,5,0,0,0,0,0,0
2023-11-29,AST-5007,EOT Crane,PUN-01,1,0,0,1,4,0,0,0,0,0,0
2023-11-30,AST-5007,EOT Crane,PUN-01,2,0,0,2,8,1,0,0,0,0,0
2023-12-01,AST-5007,EOT Crane,PUN-01,2,0,0,2,8,1,0,0,0,0,0
2023-12-02,AST-5007,EOT Crane,PUN-01,0,0,0,0,0,0,0,0,0,0,0
2023-12-03,AST-5007,EOT Crane,PUN-01,0,0,0,0,0,0,0,0,0,0,0
2023-12-04,AST-5007,EOT Crane,PUN-01,1,2,2,5,10,1,1,0,0,0,0
2023-12-05,AST-5007,EOT Crane,PUN-01,1,2,1,4,9,1,0,0,0,0,0
2023-12-06,AST-5007,EOT Crane,PUN-01,1,1,1,3,7,1,0,0,0,0,0
2023-12-07,AST-5007,EOT Crane,PUN-01,0,2,0,2,4,0,0,0,0,0,0
2023-12-08,AST-5007,EOT Crane,PUN-01,0,2,0,2,4,0,0,0,0,0,0
2023-12-09,AST-5007,EOT Crane,PUN-01,0,0,0,0,0,0,0,0,0,0,0
2023-12-10,AST-5007,EOT Crane,PUN-01,0,0,0,0,0,0,0,0,0,0,0
2023-12-11,AST-5007,EOT Crane,PUN-01,1,2,0,3,8,1,0,0,0,0,0
2023-12-12,AST-5007,EOT Crane,PUN-01,1,0,1,2,5,0,0,0,0,0,0
2023-12-13,AST-5007,EOT Crane,PUN-01,0,1,0,1,2,0,0,0,0,0,0
2023-12-14,AST-5007,EOT Crane,PUN-01,0,1,0,1,2,0,0,0,0,0,0
2023-12-15,AST-5007,EOT Crane,PUN-01,0,1,1,2,3,0,0,0,0,0,0
2023-12-16,AST-5007,EOT Crane,PUN-01,0,0,0,0,0,0,0,0,0,0,0
2023-12-17,AST-5007,EOT Crane,PUN-01,0,0,0,0,0,0,0,0,0,0,0
2023-12-18,AST-5007,EOT Crane,PUN-01,0,3,1,4,7,1,0,0,0,0,0
2023-12-19,AST-5007,EOT Crane,PUN-01,3,1,1,5,15,1,1,1,1,1,1
2023-12-20,AST-5007,EOT Crane,PUN-01,2,0,1,3,9,1,0,0,0,0,0
2023-12-21,AST-5007,EOT Crane,PUN-01,1,0,0,1,4,0,0,0,0,0,0
2023-12-22,AST-5007,EOT Crane,PUN-01,3,0,1,4,13,1,1,1,1,1,0
2023-12-23,AST-5007,EOT Crane,PUN-01,0,0,0,0,0,0,0,0,0,0,0
2023-12-24,AST-5007,EOT Crane,PUN-01,0,0,0,0,0,0,0,0,0,0,0
2023-12-25,AST-5007,EOT Crane,PUN-01,0,1,0,1,2,0,0,0,0,0,0
2023-12-26,AST-5007,EOT Crane,PUN-01,3,2,0,5,16,1,1,1,1,1,1
2023-12-27,AST-5007,EOT Crane,PUN-01,0,1,0,1,2,0,0,0,0,0,0
2023-12-28,AST-5007,EOT Crane,PUN-01,1,1,0,2,6,0,0,0,0,0,0
2023-12-29,AST-5007,EOT Crane,PUN-01,1,1,1,3,7,1,0,0,0,0,0
2023-12-30,AST-5007,EOT Crane,PUN-01,0,0,0,0,0,0,0,0,0,0,0
2023-12-31,AST-5007,EOT Crane,PUN-01,0,0,0,0,0,0,0,0,0,0,0
2024-01-01,AST-5007,EOT Crane,PUN-01,1,1,0,2,6,0,0,0,0,0,0
2024-01-02,AST-5007,EOT Crane,PUN-01,2,2,0,4,12,1,1,1,1,0,0
2024-01-03,AST-5007,EOT Crane,PUN-01,2,0,0,2,8,1,0,0,0,0,0
2024-01-04,AST-5007,EOT Crane,PUN-01,0,0,0,0,0,0,0,0,0,0,0
2024-01-05,AST-5007,EOT Crane,PUN-01,3,1,1,5,15,1,1,1,1,1,1
2024-01-06,AST-5007,EOT Crane,PUN-01,0,0,0,0,0,0,0,0,0,0,0
2024-01-07,AST-5007,EOT Crane,PUN-01,0,0,0,0,0,0,0,0,0,0,0
2024-01-08,AST-5007,EOT Crane,PUN-01,1,3,0,4,10,1,1,0,0,0,0
2024-01-09,AST-5007,EOT Crane,PUN-01,1,1,0,2,6,0,0,0,0,0,0
2024-01-10,AST-5007,EOT Crane,PUN-01,1,1,1,3,7,1,0,0,0,0,0
2024-01-11,AST-5007,EOT Crane,PUN-01,1,2,0,3,8,1,0,0,0,0,0
2024-01-12,AST-5007,EOT Crane,PUN-01,1,3,0,4,10,1,1,0,0,0,0
2024-01-13,AST-5007,EOT Crane,PUN-01,0,0,0,0,0,0,0,0,0,0,0
2024-01-14,AST-5007,EOT Crane,PUN-01,0,0,0,0,0,0,0,0,0,0,0
2024-01-15,AST-5007,EOT Crane,PUN-01,0,0,0,0,0,0,0,0,0,0,0
2024-01-16,AST-5007,EOT Crane,PUN-01,2,2,0,4,12,1,1,1,1,0,0
2024-01-17,AST-5007,EOT Crane,PUN-01,0,0,1,1,1,0,0,0,0,0,0
2024-01-18,AST-5007,EOT Crane,PUN-01,0,4,1,5,9,1,0,0,0,0,0
2024-01-19,AST-5007,EOT Crane,PUN-01,2,2,0,4,12,1,1,1,1,0,0
2024-01-20,AST-5007,EOT Crane,PUN-01,0,0,0,0,0,0,0,0,0,0,0
2024-01-21,AST-5007,EOT Crane,PUN-01,0,0,0,0,0,0,0,0,0,0,0
2024-01-22,AST-5007,EOT Crane,PUN-01,0,1,2,3,4,0,0,0,0,0,0
2024-01-23,AST-5007,EOT Crane,PUN-01,0,1,0,1,2,0,0,0,0,0,0
2024-01-24,AST-5007,EOT Crane,PUN-01,1,1,1,3,7,1,0,0,0,0,0
2024-01-25,AST-5007,EOT Crane,PUN-01,0,2,1,3,5,0,0,0,0,0,0
2024-01-26,AST-5007,EOT Crane,PUN-01,0,0,0,0,0,0,0,0,0,0,0
2024-01-27,AST-5007,EOT Crane,PUN-01,0,0,0,0,0,0,0,0,0,0,0
2024-01-28,AST-5007,EOT Crane,PUN-01,0,0,0,0,0,0,0,0,0,0,0
2024-01-29,AST-5007,EOT Crane,PUN-01,3,0,0,3,12,1,1,1,1,0,0
2024-01-30,AST-5007,EOT Crane,PUN-01,1,2,0,3,8,1,0,0,0,0,0
2024-01-31,AST-5007,EOT Crane,PUN-01,0,1,0,1,2,0,0,0,0,0,0
2024-02-01,AST-5007,EOT Crane,PUN-01,0,1,1,2,3,0,0,0,0,0,0
2024-02-02,AST-5007,EOT Crane,PUN-01,0,0,1,1,1,0,0,0,0,0,0
2024-02-03,AST-5007,EOT Crane,PUN-01,0,0,0,0,0,0,0,0,0,0,0
2024-02-04,AST-5007,EOT Crane,PUN-01,0,0,0,0,0,0,0,0,0,0,0
2024-02-05,AST-5007,EOT Crane,PUN-01,1,2,0,3,8,1,0,0,0,0,0
2024-02-06,AST-5007,EOT Crane,PUN-01,2,0,0,2,8,1,0,0,0,0,0
2024-02-07,AST-5007,EOT Crane,PUN-01,1,1,0,2,6,0,0,0,0,0,0
2024-02-08,AST-5007,EOT Crane,PUN-01,1,1,0,2,6,0,0,0,0,0,0
2024-02-09,AST-5007,EOT Crane,PUN-01,1,2,0,3,8,1,0,0,0,0,0
2024-02-10,AST-5007,EOT Crane,PUN-01,0,0,0,0,0,0,0,0,0,0,0
2024-02-11,AST-5007,EOT Crane,PUN-01,0,0,0,0,0,0,0,0,0,0,0
2024-02-12,AST-5007,EOT Crane,PUN-01,3,1,0,4,14,1,1,1,1,1,1
2024-02-13,AST-5007,EOT Crane,PUN-01,0,3,1,4,7,1,0,0,0,0,0
2024-02-14,AST-5007,EOT Crane,PUN-01,2,1,1,4,11,1,1,1,0,0,0
2024-02-15,AST-5007,EOT Crane,PUN-01,0,1,2,3,4,0,0,0,0,0,0
2024-02-16,AST-5007,EOT Crane,PUN-01,1,0,0,1,4,0,0,0,0,0,0
2024-02-17,AST-5007,EOT Crane,PUN-01,0,0,0,0,0,0,0,0,0,0,0
2024-02-18,AST-5007,EOT Crane,PUN-01,0,0,0,0,0,0,0,0,0,0,0
2024-02-19,AST-5007,EOT Crane,PUN-01,1,2,0,3,8,1,0,0,0,0,0
2024-02-20,AST-5007,EOT Crane,PUN-01,1,1,0,2,6,0,0,0,0,0,0
2024-02-21,AST-5007,EOT Crane,PUN-01,1,1,0,2,6,0,0,0,0,0,0
2024-02-22,AST-5007,EOT Crane,PUN-01,2,1,0,3,10,1,1,0,0,0,0
2024-02-23,AST-5007,EOT Crane,PUN-01,2,2,1,5,13,1,1,1,1,1,0
2024-02-24,AST-5007,EOT Crane,PUN-01,0,0,0,0,0,0,0,0,0,0,0
2024-02-25,AST-5007,EOT Crane,PUN-01,0,0,0,0,0,0,0,0,0,0,0
2024-02-26,AST-5007,EOT Crane,PUN-01,2,1,0,3,10,1,1,0,0,0,0
2024-02-27,AST-5007,EOT Crane,PUN-01,1,2,0,3,8,1,0,0,0,0,0
2024-02-28,AST-5007,EOT Crane,PUN-01,1,0,0,1,4,0,0,0,0,0,0
2024-02-29,AST-5007,EOT Crane,PUN-01,0,0,0,0,0,0,0,0,0,0,0
2024-03-01,AST-5007,EOT Crane,PUN-01,0,0,2,2,2,0,0,0,0,0,0
2024-03-02,AST-5007,EOT Crane,PUN-01,0,0,0,0,0,0,0,0,0,0,0
2024-03-03,AST-5007,EOT Crane,PUN-01,0,0,0,0,0,0,0,0,0,0,0
2024-03-04,AST-5007,EOT Crane,PUN-01,0,1,2,3,4,0,0,0,0,0,0
2024-03-05,AST-5007,EOT Crane,PUN-01,0,1,0,1,2,0,0,0,0,0,0
2024-03-06,AST-5007,EOT Crane,PUN-01,1,2,0,3,8,1,0,0,0,0,0
2024-03-07,AST-5007,EOT Crane,PUN-01,1,3,0,4,10,1,1,0,0,0,0
2024-03-08,AST-5007,EOT Crane,PUN-01,2,1,0,3,10,1,1,0,0,0,0
2024-03-09,AST-5007,EOT Crane,PUN-01,0,0,0,0,0,0,0,0,0,0,0
2024-03-10,AST-5007,EOT Crane,PUN-01,0,0,0,0,0,0,0,0,0,0,0
2024-03-11,AST-5007,EOT Crane,PUN-01,1,0,1,2,5,0,0,0,0,0,0
2024-03-12,AST-5007,EOT Crane,PUN-01,1,0,0,1,4,0,0,0,0,0,0
2024-03-13,AST-5007,EOT Crane,PUN-01,2,2,1,5,13,1,1,1,1,1,0
2024-03-14,AST-5007,EOT Crane,PUN-01,0,2,0,2,4,0,0,0,0,0,0
2024-03-15,AST-5007,EOT Crane,PUN-01,2,0,2,4,10,1,1,0,0,0,0
2024-03-16,AST-5007,EOT Crane,PUN-01,0,0,0,0,0,0,0,0,0,0,0
2024-03-17,AST-5007,EOT Crane,PUN-01,0,0,0,0,0,0,0,0,0,0,0
2024-03-18,AST-5007,EOT Crane,PUN-01,2,0,1,3,9,1,0,0,0,0,0
2024-03-19,AST-5007,EOT Crane,PUN-01,0,1,2,3,4,0,0,0,0,0,0
2024-03-20,AST-5007,EOT Crane,PUN-01,1,2,0,3,8,1,0,0,0,0,0
2024-03-21,AST-5007,EOT Crane,PUN-01,1,0,2,3,6,0,0,0,0,0,0
2024-03-22,AST-5007,EOT Crane,PUN-01,1,2,1,4,9,1,0,0,0,0,0
2024-03-23,AST-5007,EOT Crane,PUN-01,0,0,0,0,0,0,0,0,0,0,0
2024-03-24,AST-5007,EOT Crane,PUN-01,0,0,0,0,0,0,0,0,0,0,0
2024-03-25,AST-5007,EOT Crane,PUN-01,3,2,0,5,16,1,1,1,1,1,1
2024-03-26,AST-5007,EOT Crane,PUN-01,0,0,0,0,0,0,0,0,0,0,0
2024-03-27,AST-5007,EOT Crane,PUN-01,0,2,1,3,5,0,0,0,0,0,0
2024-03-28,AST-5007,EOT Crane,PUN-01,0,0,1,1,1,0,0,0,0,0,0
2024-03-29,AST-5007,EOT Crane,PUN-01,1,1,0,2,6,0,0,0,0,0,0
2024-03-30,AST-5007,EOT Crane,PUN-01,0,0,0,0,0,0,0,0,0,0,0
2024-03-31,AST-5007,EOT Crane,PUN-01,0,0,0,0,0,0,0,0,0,0,0
2024-04-01,AST-5007,EOT Crane,PUN-01,1,0,1,2,5,0,0,0,0,0,0
2024-04-02,AST-5007,EOT Crane,PUN-01,0,0,0,0,0,0,0,0,0,0,0
2024-04-03,AST-5007,EOT Crane,PUN-01,1,0,2,3,6,0,0,0,0,0,0
2024-04-04,AST-5007,EOT Crane,PUN-01,1,1,0,2,6,0,0,0,0,0,0
2024-04-05,AST-5007,EOT Crane,PUN-01,1,1,1,3,7,1,0,0,0,0,0
2024-04-06,AST-5007,EOT Crane,PUN-01,0,0,0,0,0,0,0,0,0,0,0
2024-04-07,AST-5007,EOT Crane,PUN-01,0,0,0,0,0,0,0,0,0,0,0
2024-04-08,AST-5007,EOT Crane,PUN-01,2,1,0,3,10,1,1,0,0,0,0
2024-04-09,AST-5007,EOT Crane,PUN-01,1,2,0,3,8,1,0,0,0,0,0
2024-04-10,AST-5007,EOT Crane,PUN-01,0,2,1,3,5,0,0,0,0,0,0
2024-04-11,AST-5007,EOT Crane,PUN-01,1,1,0,2,6,0,0,0,0,0,0
2024-04-12,AST-5007,EOT Crane,PUN-01,2,0,1,3,9,1,0,0,0,0,0
2024-04-13,AST-5007,EOT Crane,PUN-01,0,0,0,0,0,0,0,0,0,0,0
2024-04-14,AST-5007,EOT Crane,PUN-01,0,0,0,0,0,0,0,0,0,0,0
2024-04-15,AST-5007,EOT Crane,PUN-01,1,1,0,2,6,0,0,0,0,0,0
2024-04-16,AST-5007,EOT Crane,PUN-01,2,0,0,2,8,1,0,0,0,0,0
2024-04-17,AST-5007,EOT Crane,PUN-01,1,1,0,2,6,0,0,0,0,0,0
2024-04-18,AST-5007,EOT Crane,PUN-01,1,1,0,2,6,0,0,0,0,0,0
2024-04-19,AST-5007,EOT Crane,PUN-01,1,0,1,2,5,0,0,0,0,0,0
2024-04-20,AST-5007,EOT Crane,PUN-01,0,0,0,0,0,0,0,0,0,0,0
2024-04-21,AST-5007,EOT Crane,PUN-01,0,0,0,0,0,0,0,0,0,0,0
2024-04-22,AST-5007,EOT Crane,PUN-01,0,0,1,1,1,0,0,0,0,0,0
2024-04-23,AST-5007,EOT Crane,PUN-01,1,0,0,1,4,0,0,0,0,0,0
2024-04-24,AST-5007,EOT Crane,PUN-01,2,3,0,5,14,1,1,1,1,1,1
2024-04-25,AST-5007,EOT Crane,PUN-01,3,1,0,4,14,1,1,1,1,1,1
2024-04-26,AST-5007,EOT Crane,PUN-01,0,0,0,0,0,0,0,0,0,0,0
2024-04-27,AST-5007,EOT Crane,PUN-01,0,0,0,0,0,0,0,0,0,0,0
2024-04-28,AST-5007,EOT Crane,PUN-01,0,0,0,0,0,0,0,0,0,0,0
2024-04-29,AST-5007,EOT Crane,PUN-01,0,0,1,1,1,0,0,0,0,0,0
2024-04-30,AST-5007,EOT Crane,PUN-01,2,1,0,3,10,1,1,0,0,0,0
2024-05-01,AST-5007,EOT Crane,PUN-01,1,0,0,1,4,0,0,0,0,0,0
2024-05-02,AST-5007,EOT Crane,PUN-01,1,0,0,1,4,0,0,0,0,0,0
2024-05-03,AST-5007,EOT Crane,PUN-01,0,0,1,1,1,0,0,0,0,0,0
2024-05-04,AST-5007,EOT Crane,PUN-01,0,0,0,0,0,0,0,0,0,0,0
2024-05-05,AST-5007,EOT Crane,PUN-01,0,0,0,0,0,0,0,0,0,0,0
2024-05-06,AST-5007,EOT Crane,PUN-01,1,2,2,5,10,1,1,0,0,0,0
2024-05-07,AST-5007,EOT Crane,PUN-01,1,3,1,5,11,1,1,1,0,0,0
2024-05-08,AST-5007,EOT Crane,PUN-01,1,0,1,2,5,0,0,0,0,0,0
2024-05-09,AST-5007,EOT Crane,PUN-01,0,0,0,0,0,0,0,0,0,0,0
2024-05-10,AST-5007,EOT Crane,PUN-01,0,2,0,2,4,0,0,0,0,0,0
2024-05-11,AST-5007,EOT Crane,PUN-01,0,0,0,0,0,0,0,0,0,0,0
2024-05-12,AST-5007,EOT Crane,PUN-01,0,0,0,0,0,0,0,0,0,0,0
2024-05-13,AST-5007,EOT Crane,PUN-01,0,3,0,3,6,0,0,0,0,0,0
2024-05-14,AST-5007,EOT Crane,PUN-01,0,1,0,1,2,0,0,0,0,0,0
2024-05-15,AST-5007,EOT Crane,PUN-01,1,0,0,1,4,0,0,0,0,0,0
2024-05-16,AST-5007,EOT Crane,PUN-01,0,1,1,2,3,0,0,0,0,0,0
2024-05-17,AST-5007,EOT Crane,PUN-01,0,1,0,1,2,0,0,0,0,0,0
2024-05-18,AST-5007,EOT Crane,PUN-01,0,0,0,0,0,0,0,0,0,0,0
2024-05-19,AST-5007,EOT Crane,PUN-01,0,0,0,0,0,0,0,0,0,0,0
2024-05-20,AST-5007,EOT Crane,PUN-01,0,1,0,1,2,0,0,0,0,0,0
2024-05-21,AST-5007,EOT Crane,PUN-01,0,2,1,3,5,0,0,0,0,0,0
2024-05-22,AST-5007,EOT Crane,PUN-01,2,1,0,3,10,1,1,0,0,0,0
2024-05-23,AST-5007,EOT Crane,PUN-01,0,0,0,0,0,0,0,0,0,0,0
2024-05-24,AST-5007,EOT Crane,PUN-01,0,2,1,3,5,0,0,0,0,0,0
2024-05-25,AST-5007,EOT Crane,PUN-01,0,0,0,0,0,0,0,0,0,0,0
2024-05-26,AST-5007,EOT Crane,PUN-01,0,0,0,0,0,0,0,0,0,0,0
2024-05-27,AST-5007,EOT Crane,PUN-01,0,0,2,2,2,0,0,0,0,0,0
2024-05-28,AST-5007,EOT Crane,PUN-01,1,2,0,3,8,1,0,0,0,0,0
2024-05-29,AST-5007,EOT Crane,PUN-01,2,0,1,3,9,1,0,0,0,0,0
2024-05-30,AST-5007,EOT Crane,PUN-01,0,1,0,1,2,0,0,0,0,0,0
2024-05-31,AST-5007,EOT Crane,PUN-01,1,1,0,2,6,0,0,0,0,0,0
2024-06-01,AST-5007,EOT Crane,PUN-01,0,0,0,0,0,0,0,0,0,0,0
2024-06-02,AST-5007,EOT Crane,PUN-01,0,0,0,0,0,0,0,0,0,0,0
2024-06-03,AST-5007,EOT Crane,PUN-01,3,1,0,4,14,1,1,1,1,1,1
2024-06-04,AST-5007,EOT Crane,PUN-01,2,3,0,5,14,1,1,1,1,1,1
2024-06-05,AST-5007,EOT Crane,PUN-01,2,2,0,4,12,1,1,1,1,0,0
2024-06-06,AST-5007,EOT Crane,PUN-01,0,2,1,3,5,0,0,0,0,0,0
2024-06-07,AST-5007,EOT Crane,PUN-01,1,1,0,2,6,0,0,0,0,0,0
2024-06-08,AST-5007,EOT Crane,PUN-01,0,0,0,0,0,0,0,0,0,0,0
2024-06-09,AST-5007,EOT Crane,PUN-01,0,0,0,0,0,0,0,0,0,0,0
2024-06-10,AST-5007,EOT Crane,PUN-01,0,1,1,2,3,0,0,0,0,0,0
2024-06-11,AST-5007,EOT Crane,PUN-01,2,0,0,2,8,1,0,0,0,0,0
2024-06-12,AST-5007,EOT Crane,PUN-01,1,2,0,3,8,1,0,0,0,0,0
2024-06-13,AST-5007,EOT Crane,PUN-01,0,1,0,1,2,0,0,0,0,0,0
2024-06-14,AST-5007,EOT Crane,PUN-01,1,2,1,4,9,1,0,0,0,0,0
2024-06-15,AST-5007,EOT Crane,PUN-01,0,0,0,0,0,0,0,0,0,0,0
2024-06-16,AST-5007,EOT Crane,PUN-01,0,0,0,0,0,0,0,0,0,0,0
2024-06-17,AST-5007,EOT Crane,PUN-01,2,0,0,2,8,1,0,0,0,0,0
2024-06-18,AST-5007,EOT Crane,PUN-01,0,3,0,3,6,0,0,0,0,0,0
2024-06-19,AST-5007,EOT Crane,PUN-01,0,2,1,3,5,0,0,0,0,0,0
2024-06-20,AST-5007,EOT Crane,PUN-01,0,0,0,0,0,0,0,0,0,0,0
2024-06-21,AST-5007,EOT Crane,PUN-01,1,0,0,1,4,0,0,0,0,0,0
2024-06-22,AST-5007,EOT Crane,PUN-01,0,0,0,0,0,0,0,0,0,0,0
2024-06-23,AST-5007,EOT Crane,PUN-01,0,0,0,0,0,0,0,0,0,0,0
2024-06-24,AST-5007,EOT Crane,PUN-01,3,1,0,4,14,1,1,1,1,1,1
2024-06-25,AST-5007,EOT Crane,PUN-01,1,0,1,2,5,0,0,0,0,0,0
2024-06-26,AST-5007,EOT Crane,PUN-01,2,1,1,4,11,1,1,1,0,0,0
2024-06-27,AST-5007,EOT Crane,PUN-01,0,0,0,0,0,0,0,0,0,0,0
2024-06-28,AST-5007,EOT Crane,PUN-01,0,3,1,4,7,1,0,0,0,0,0
2024-06-29,AST-5007,EOT Crane,PUN-01,0,0,0,0,0,0,0,0,0,0,0
2024-06-30,AST-5007,EOT Crane,PUN-01,0,0,0,0,0,0,0,0,0,0,0
2024-07-01,AST-5007,EOT Crane,PUN-01,0,1,0,1,2,0,0,0,0,0,0
2024-07-02,AST-5007,EOT Crane,PUN-01,0,0,2,2,2,0,0,0,0,0,0
2024-07-03,AST-5007,EOT Crane,PUN-01,1,1,0,2,6,0,0,0,0,0,0
2024-07-04,AST-5007,EOT Crane,PUN-01,1,2,1,4,9,1,0,0,0,0,0
2024-07-05,AST-5007,EOT Crane,PUN-01,1,2,0,3,8,1,0,0,0,0,0
2024-07-06,AST-5007,EOT Crane,PUN-01,0,0,0,0,0,0,0,0,0,0,0
2024-07-07,AST-5007,EOT Crane,PUN-01,0,0,0,0,0,0,0,0,0,0,0
2024-07-08,AST-5007,EOT Crane,PUN-01,1,1,0,2,6,0,0,0,0,0,0
2024-07-09,AST-5007,EOT Crane,PUN-01,0,0,2,2,2,0,0,0,0,0,0
2024-07-10,AST-5007,EOT Crane,PUN-01,0,0,1,1,1,0,0,0,0,0,0
2024-07-11,AST-5007,EOT Crane,PUN-01,0,1,0,1,2,0,0,0,0,0,0
2024-07-12,AST-5007,EOT Crane,PUN-01,1,1,0,2,6,0,0,0,0,0,0
2024-07-13,AST-5007,EOT Crane,PUN-01,0,0,0,0,0,0,0,0,0,0,0
2024-07-14,AST-5007,EOT Crane,PUN-01,0,0,0,0,0,0,0,0,0,0,0
2024-07-15,AST-5007,EOT Crane,PUN-01,1,1,0,2,6,0,0,0,0,0,0
2024-07-16,AST-5007,EOT Crane,PUN-01,2,1,0,3,10,1,1,0,0,0,0
2024-07-17,AST-5007,EOT Crane,PUN-01,1,2,0,3,8,1,0,0,0,0,0
2024-07-18,AST-5007,EOT Crane,PUN-01,1,0,1,2,5,0,0,0,0,0,0
2024-07-19,AST-5007,EOT Crane,PUN-01,1,1,1,3,7,1,0,0,0,0,0
2024-07-20,AST-5007,EOT Crane,PUN-01,0,0,0,0,0,0,0,0,0,0,0
2024-07-21,AST-5007,EOT Crane,PUN-01,0,0,0,0,0,0,0,0,0,0,0
2024-07-22,AST-5007,EOT Crane,PUN-01,1,1,1,3,7,1,0,0,0,0,0
2024-07-23,AST-5007,EOT Crane,PUN-01,1,0,0,1,4,0,0,0,0,0,0
2024-07-24,AST-5007,EOT Crane,PUN-01,1,3,2,6,12,1,1,1,1,0,0
2024-07-25,AST-5007,EOT Crane,PUN-01,1,0,0,1,4,0,0,0,0,0,0
2024-07-26,AST-5007,EOT Crane,PUN-01,0,0,0,0,0,0,0,0,0,0,0
2024-07-27,AST-5007,EOT Crane,PUN-01,0,0,0,0,0,0,0,0,0,0,0
2024-07-28,AST-5007,EOT Crane,PUN-01,0,0,0,0,0,0,0,0,0,0,0
2024-07-29,AST-5007,EOT Crane,PUN-01,0,0,1,1,1,0,0,0,0,0,0
2024-07-30,AST-5007,EOT Crane,PUN-01,1,0,0,1,4,0,0,0,0,0,0
2024-07-31,AST-5007,EOT Crane,PUN-01,1,1,0,2,6,0,0,0,0,0,0
2024-08-01,AST-5007,EOT Crane,PUN-01,0,0,0,0,0,0,0,0,0,0,0
2024-08-02,AST-5007,EOT Crane,PUN-01,0,0,0,0,0,0,0,0,0,0,0
2024-08-03,AST-5007,EOT Crane,PUN-01,0,0,0,0,0,0,0,0,0,0,0
2024-08-04,AST-5007,EOT Crane,PUN-01,0,0,0,0,0,0,0,0,0,0,0
2024-08-05,AST-5007,EOT Crane,PUN-01,1,0,0,1,4,0,0,0,0,0,0
2024-08-06,AST-5007,EOT Crane,PUN-01,3,1,0,4,14,1,1,1,1,1,1
2024-08-07,AST-5007,EOT Crane,PUN-01,1,3,0,4,10,1,1,0,0,0,0
2024-08-08,AST-5007,EOT Crane,PUN-01,1,2,1,4,9,1,0,0,0,0,0
2024-08-09,AST-5007,EOT Crane,PUN-01,1,1,0,2,6,0,0,0,0,0,0
2024-08-10,AST-5007,EOT Crane,PUN-01,0,0,0,0,0,0,0,0,0,0,0
2024-08-11,AST-5007,EOT Crane,PUN-01,0,0,0,0,0,0,0,0,0,0,0
2024-08-12,AST-5007,EOT Crane,PUN-01,1,1,0,2,6,0,0,0,0,0,0
2024-08-13,AST-5007,EOT Crane,PUN-01,0,2,1,3,5,0,0,0,0,0,0
2024-08-14,AST-5007,EOT Crane,PUN-01,0,0,0,0,0,0,0,0,0,0,0
2024-08-15,AST-5007,EOT Crane,PUN-01,1,1,0,2,6,0,0,0,0,0,0
2024-08-16,AST-5007,EOT Crane,PUN-01,0,2,1,3,5,0,0,0,0,0,0
2024-08-17,AST-5007,EOT Crane,PUN-01,0,0,0,0,0,0,0,0,0,0,0
2024-08-18,AST-5007,EOT Crane,PUN-01,0,0,0,0,0,0,0,0,0,0,0
2024-08-19,AST-5007,EOT Crane,PUN-01,0,0,0,0,0,0,0,0,0,0,0
2024-08-20,AST-5007,EOT Crane,PUN-01,1,0,1,2,5,0,0,0,0,0,0
2024-08-21,AST-5007,EOT Crane,PUN-01,0,2,1,3,5,0,0,0,0,0,0
2024-08-22,AST-5007,EOT Crane,PUN-01,1,2,1,4,9,1,0,0,0,0,0
2024-08-23,AST-5007,EOT Crane,PUN-01,0,2,0,2,4,0,0,0,0,0,0
2024-08-24,AST-5007,EOT Crane,PUN-01,0,0,0,0,0,0,0,0,0,0,0
2024-08-25,AST-5007,EOT Crane,PUN-01,0,0,0,0,0,0,0,0,0,0,0
2024-08-26,AST-5007,EOT Crane,PUN-01,1,2,0,3,8,1,0,0,0,0,0
2024-08-27,AST-5007,EOT Crane,PUN-01,2,1,0,3,10,1,1,0,0,0,0
2024-08-28,AST-5007,EOT Crane,PUN-01,1,0,1,2,5,0,0,0,0,0,0
2024-08-29,AST-5007,EOT Crane,PUN-01,2,1,2,5,12,1,1,1,1,0,0
2024-08-30,AST-5007,EOT Crane,PUN-01,1,2,0,3,8,1,0,0,0,0,0
2024-08-31,AST-5007,EOT Crane,PUN-01,0,0,0,0,0,0,0,0,0,0,0
2024-09-01,AST-5007,EOT Crane,PUN-01,0,0,0,0,0,0,0,0,0,0,0
2024-09-02,AST-5007,EOT Crane,PUN-01,0,1,0,1,2,0,0,0,0,0,0
2024-09-03,AST-5007,EOT Crane,PUN-01,0,1,1,2,3,0,0,0,0,0,0
2024-09-04,AST-5007,EOT Crane,PUN-01,0,1,1,2,3,0,0,0,0,0,0
2024-09-05,AST-5007,EOT Crane,PUN-01,1,0,1,2,5,0,0,0,0,0,0
2024-09-06,AST-5007,EOT Crane,PUN-01,2,1,0,3,10,1,1,0,0,0,0
2024-09-07,AST-5007,EOT Crane,PUN-01,0,0,0,0,0,0,0,0,0,0,0
2024-09-08,AST-5007,EOT Crane,PUN-01,0,0,0,0,0,0,0,0,0,0,0
2024-09-09,AST-5007,EOT Crane,PUN-01,0,1,1,2,3,0,0,0,0,0,0
2024-09-10,AST-5007,EOT Crane,PUN-01,0,2,1,3,5,0,0,0,0,0,0
2024-09-11,AST-5007,EOT Crane,PUN-01,2,1,0,3,10,1,1,0,0,0,0
2024-09-12,AST-5007,EOT Crane,PUN-01,2,2,0,4,12,1,1,1,1,0,0
2024-09-13,AST-5007,EOT Crane,PUN-01,0,1,2,3,4,0,0,0,0,0,0
2024-09-14,AST-5007,EOT Crane,PUN-01,0,0,0,0,0,0,0,0,0,0,0
2024-09-15,AST-5007,EOT Crane,PUN-01,0,0,0,0,0,0,0,0,0,0,0
2024-09-16,AST-5007,EOT Crane,PUN-01,0,0,0,0,0,0,0,0,0,0,0
2024-09-17,AST-5007,EOT Crane,PUN-01,2,1,0,3,10,1,1,0,0,0,0
2024-09-18,AST-5007,EOT Crane,PUN-01,1,1,1,3,7,1,0,0,0,0,0
2024-09-19,AST-5007,EOT Crane,PUN-01,1,1,1,3,7,1,0,0,0,0,0
2024-09-20,AST-5007,EOT Crane,PUN-01,0,2,0,2,4,0,0,0,0,0,0
2024-09-21,AST-5007,EOT Crane,PUN-01,0,0,0,0,0,0,0,0,0,0,0
2024-09-22,AST-5007,EOT Crane,PUN-01,0,0,0,0,0,0,0,0,0,0,0
2024-09-23,AST-5007,EOT Crane,PUN-01,0,2,0,2,4,0,0,0,0,0,0
2024-09-24,AST-5007,EOT Crane,PUN-01,2,1,0,3,10,1,1,0,0,0,0
2024-09-25,AST-5007,EOT Crane,PUN-01,2,2,1,5,13,1,1,1,1,1,0
2024-09-26,AST-5007,EOT Crane,PUN-01,0,0,0,0,0,0,0,0,0,0,0
2024-09-27,AST-5007,EOT Crane,PUN-01,0,1,0,1,2,0,0,0,0,0,0
2024-09-28,AST-5007,EOT Crane,PUN-01,0,0,0,0,0,0,0,0,0,0,0
2024-09-29,AST-5007,EOT Crane,PUN-01,0,0,0,0,0,0,0,0,0,0,0
2024-09-30,AST-5007,EOT Crane,PUN-01,0,1,1,2,3,0,0,0,0,0,0
2024-10-01,AST-5007,EOT Crane,PUN-01,0,1,0,1,2,0,0,0,0,0,0
2024-10-02,AST-5007,EOT Crane,PUN-01,1,1,0,2,6,0,0,0,0,0,0
2024-10-03,AST-5007,EOT Crane,PUN-01,0,0,1,1,1,0,0,0,0,0,0
2024-10-04,AST-5007,EOT Crane,PUN-01,0,0,0,0,0,0,0,0,0,0,0
2024-10-05,AST-5007,EOT Crane,PUN-01,0,0,0,0,0,0,0,0,0,0,0
2024-10-06,AST-5007,EOT Crane,PUN-01,0,0,0,0,0,0,0,0,0,0,0
2024-10-07,AST-5007,EOT Crane,PUN-01,0,0,0,0,0,0,0,0,0,0,0
2024-10-08,AST-5007,EOT Crane,PUN-01,0,0,1,1,1,0,0,0,0,0,0
2024-10-09,AST-5007,EOT Crane,PUN-01,1,1,0,2,6,0,0,0,0,0,0
2024-10-10,AST-5007,EOT Crane,PUN-01,1,3,1,5,11,1,1,1,0,0,0
2024-10-11,AST-5007,EOT Crane,PUN-01,0,2,2,4,6,0,0,0,0,0,0
2024-10-12,AST-5007,EOT Crane,PUN-01,0,0,0,0,0,0,0,0,0,0,0
2024-10-13,AST-5007,EOT Crane,PUN-01,0,0,0,0,0,0,0,0,0,0,0
2024-10-14,AST-5007,EOT Crane,PUN-01,0,1,1,2,3,0,0,0,0,0,0
2024-10-15,AST-5007,EOT Crane,PUN-01,1,1,1,3,7,1,0,0,0,0,0
2024-10-16,AST-5007,EOT Crane,PUN-01,1,1,1,3,7,1,0,0,0,0,0
2024-10-17,AST-5007,EOT Crane,PUN-01,0,1,1,2,3,0,0,0,0,0,0
2024-10-18,AST-5007,EOT Crane,PUN-01,2,0,0,2,8,1,0,0,0,0,0
2024-10-19,AST-5007,EOT Crane,PUN-01,0,0,0,0,0,0,0,0,0,0,0
2024-10-20,AST-5007,EOT Crane,PUN-01,0,0,0,0,0,0,0,0,0,0,0
2024-10-21,AST-5007,EOT Crane,PUN-01,0,2,0,2,4,0,0,0,0,0,0
2024-10-22,AST-5007,EOT Crane,PUN-01,0,0,0,0,0,0,0,0,0,0,0
2024-10-23,AST-5007,EOT Crane,PUN-01,0,0,1,1,1,0,0,0,0,0,0
2024-10-24,AST-5007,EOT Crane,PUN-01,0,0,1,1,1,0,0,0,0,0,0
2024-10-25,AST-5007,EOT Crane,PUN-01,0,3,0,3,6,0,0,0,0,0,0
2024-10-26,AST-5007,EOT Crane,PUN-01,0,0,0,0,0,0,0,0,0,0,0
2024-10-27,AST-5007,EOT Crane,PUN-01,0,0,0,0,0,0,0,0,0,0,0
2024-10-28,AST-5007,EOT Crane,PUN-01,2,1,1,4,11,1,1,1,0,0,0
2024-10-29,AST-5007,EOT Crane,PUN-01,0,0,0,0,0,0,0,0,0,0,0
2024-10-30,AST-5007,EOT Crane,PUN-01,1,3,0,4,10,1,1,0,0,0,0
2024-10-31,AST-5007,EOT Crane,PUN-01,0,2,0,2,4,0,0,0,0,0,0
2024-11-01,AST-5007,EOT Crane,PUN-01,0,2,1,3,5,0,0,0,0,0,0
2024-11-02,AST-5007,EOT Crane,PUN-01,0,0,0,0,0,0,0,0,0,0,0
2024-11-03,AST-5007,EOT Crane,PUN-01,0,0,0,0,0,0,0,0,0,0,0
2024-11-04,AST-5007,EOT Crane,PUN-01,2,1,0,3,10,1,1,0,0,0,0
2024-11-05,AST-5007,EOT Crane,PUN-01,1,0,0,1,4,0,0,0,0,0,0
2024-11-06,AST-5007,EOT Crane,PUN-01,1,1,0,2,6,0,0,0,0,0,0
2024-11-07,AST-5007,EOT Crane,PUN-01,0,2,0,2,4,0,0,0,0,0,0
2024-11-08,AST-5007,EOT Crane,PUN-01,1,0,0,1,4,0,0,0,0,0,0
2024-11-09,AST-5007,EOT Crane,PUN-01,0,0,0,0,0,0,0,0,0,0,0
2024-11-10,AST-5007,EOT Crane,PUN-01,0,0,0,0,0,0,0,0,0,0,0
2024-11-11,AST-5007,EOT Crane,PUN-01,1,1,1,3,7,1,0,0,0,0,0
2024-11-12,AST-5007,EOT Crane,PUN-01,1,0,1,2,5,0,0,0,0,0,0
2024-11-13,AST-5007,EOT Crane,PUN-01,0,0,0,0,0,0,0,0,0,0,0
2024-11-14,AST-5007,EOT Crane,PUN-01,1,2,1,4,9,1,0,0,0,0,0
2024-11-15,AST-5007,EOT Crane,PUN-01,1,1,1,3,7,1,0,0,0,0,0
2024-11-16,AST-5007,EOT Crane,PUN-01,0,0,0,0,0,0,0,0,0,0,0
2024-11-17,AST-5007,EOT Crane,PUN-01,0,0,0,0,0,0,0,0,0,0,0
2024-11-18,AST-5007,EOT Crane,PUN-01,1,1,1,3,7,1,0,0,0,0,0
2024-11-19,AST-5007,EOT Crane,PUN-01,0,0,1,1,1,0,0,0,0,0,0
2024-11-20,AST-5007,EOT Crane,PUN-01,0,0,0,0,0,0,0,0,0,0,0
2024-11-21,AST-5007,EOT Crane,PUN-01,1,1,0,2,6,0,0,0,0,0,0
2024-11-22,AST-5007,EOT Crane,PUN-01,0,1,0,1,2,0,0,0,0,0,0
2024-11-23,AST-5007,EOT Crane,PUN-01,0,0,0,0,0,0,0,0,0,0,0
2024-11-24,AST-5007,EOT Crane,PUN-01,0,0,0,0,0,0,0,0,0,0,0
2024-11-25,AST-5007,EOT Crane,PUN-01,0,2,2,4,6,0,0,0,0,0,0
2024-11-26,AST-5007,EOT Crane,PUN-01,2,1,0,3,10,1,1,0,0,0,0
2024-11-27,AST-5007,EOT Crane,PUN-01,2,1,0,3,10,1,1,0,0,0,0
2024-11-28,AST-5007,EOT Crane,PUN-01,1,2,1,4,9,1,0,0,0,0,0
2024-11-29,AST-5007,EOT Crane,PUN-01,0,0,0,0,0,0,0,0,0,0,0
2024-11-30,AST-5007,EOT Crane,PUN-01,0,0,0,0,0,0,0,0,0,0,0
2024-12-01,AST-5007,EOT Crane,PUN-01,0,0,0,0,0,0,0,0,0,0,0
2024-12-02,AST-5007,EOT Crane,PUN-01,1,0,1,2,5,0,0,0,0,0,0
2024-12-03,AST-5007,EOT Crane,PUN-01,0,1,1,2,3,0,0,0,0,0,0
2024-12-04,AST-5007,EOT Crane,PUN-01,2,2,0,4,12,1,1,1,1,0,0
2024-12-05,AST-5007,EOT Crane,PUN-01,1,2,1,4,9,1,0,0,0,0,0
2024-12-06,AST-5007,EOT Crane,PUN-01,0,0,0,0,0,0,0,0,0,0,0
2024-12-07,AST-5007,EOT Crane,PUN-01,0,0,0,0,0,0,0,0,0,0,0
2024-12-08,AST-5007,EOT Crane,PUN-01,0,0,0,0,0,0,0,0,0,0,0
2024-12-09,AST-5007,EOT Crane,PUN-01,2,2,0,4,12,1,1,1,1,0,0
2024-12-10,AST-5007,EOT Crane,PUN-01,0,1,0,1,2,0,0,0,0,0,0
2024-12-11,AST-5007,EOT Crane,PUN-01,0,1,1,2,3,0,0,0,0,0,0
2024-12-12,AST-5007,EOT Crane,PUN-01,0,0,2,2,2,0,0,0,0,0,0
2024-12-13,AST-5007,EOT Crane,PUN-01,0,1,0,1,2,0,0,0,0,0,0
2024-12-14,AST-5007,EOT Crane,PUN-01,0,0,0,0,0,0,0,0,0,0,0
2024-12-15,AST-5007,EOT Crane,PUN-01,0,0,0,0,0,0,0,0,0,0,0
2024-12-16,AST-5007,EOT Crane,PUN-01,1,0,2,3,6,0,0,0,0,0,0
2024-12-17,AST-5007,EOT Crane,PUN-01,0,1,2,3,4,0,0,0,0,0,0
2024-12-18,AST-5007,EOT Crane,PUN-01,0,1,0,1,2,0,0,0,0,0,0
2024-12-19,AST-5007,EOT Crane,PUN-01,3,2,0,5,16,1,1,1,1,1,1
2024-12-20,AST-5007,EOT Crane,PUN-01,1,1,0,2,6,0,0,0,0,0,0
2024-12-21,AST-5007,EOT Crane,PUN-01,0,0,0,0,0,0,0,0,0,0,0
2024-12-22,AST-5007,EOT Crane,PUN-01,0,0,0,0,0,0,0,0,0,0,0
2024-12-23,AST-5007,EOT Crane,PUN-01,0,1,0,1,2,0,0,0,0,0,0
2024-12-24,AST-5007,EOT Crane,PUN-01,2,2,0,4,12,1,1,1,1,0,0
2024-12-25,AST-5007,EOT Crane,PUN-01,1,3,0,4,10,1,1,0,0,0,0
2024-12-26,AST-5007,EOT Crane,PUN-01,1,1,1,3,7,1,0,0,0,0,0
2024-12-27,AST-5007,EOT Crane,PUN-01,0,0,1,1,1,0,0,0,0,0,0
2024-12-28,AST-5007,EOT Crane,PUN-01,0,0,0,0,0,0,0,0,0,0,0
2024-12-29,AST-5007,EOT Crane,PUN-01,0,0,0,0,0,0,0,0,0,0,0
2024-12-30,AST-5007,EOT Crane,PUN-01,1,1,0,2,6,0,0,0,0,0,0
2024-12-31,AST-5007,EOT Crane,PUN-01,0,1,1,2,3,0,0,0,0,0,0
2025-01-01,AST-5007,EOT Crane,PUN-01,1,2,0,3,8,1,0,0,0,0,0
2022-01-03,AST-2017,Hydraulic Press,PUN-01,4,0,1,5,17,1,1,1,1,1,1
2022-01-04,AST-2017,Hydraulic Press,PUN-01,1,1,0,2,6,0,0,0,0,0,0
2022-01-05,AST-2017,Hydraulic Press,PUN-01,3,1,0,4,14,1,1,1,1,1,1
2022-01-06,AST-2017,Hydraulic Press,PUN-01,1,1,0,2,6,0,0,0,0,0,0
2022-01-07,AST-2017,Hydraulic Press,PUN-01,3,1,0,4,14,1,1,1,1,1,1
2022-01-08,AST-2017,Hydraulic Press,PUN-01,0,0,0,0,0,0,0,0,0,0,0
2022-01-09,AST-2017,Hydraulic Press,PUN-01,0,0,0,0,0,0,0,0,0,0,0
2022-01-10,AST-2017,Hydraulic Press,PUN-01,1,3,0,4,10,1,1,0,0,0,0
2022-01-11,AST-2017,Hydraulic Press,PUN-01,2,2,0,4,12,1,1,1,1,0,0
2022-01-12,AST-2017,Hydraulic Press,PUN-01,0,2,0,2,4,0,0,0,0,0,0
2022-01-13,AST-2017,Hydraulic Press,PUN-01,1,0,0,1,4,0,0,0,0,0,0
2022-01-14,AST-2017,Hydraulic Press,PUN-01,4,3,1,8,23,1,1,1,1,1,1
2022-01-15,AST-2017,Hydraulic Press,PUN-01,0,0,0,0,0,0,0,0,0,0,0
2022-01-16,AST-2017,Hydraulic Press,PUN-01,0,0,0,0,0,0,0,0,0,0,0
2022-01-17,AST-2017,Hydraulic Press,PUN-01,1,2,2,5,10,1,1,0,0,0,0
2022-01-18,AST-2017,Hydraulic Press,PUN-01,0,0,0,0,0,0,0,0,0,0,0
2022-01-19,AST-2017,Hydraulic Press,PUN-01,2,2,1,5,13,1,1,1,1,1,0
2022-01-20,AST-2017,Hydraulic Press,PUN-01,3,0,0,3,12,1,1,1,1,0,0
2022-01-21,AST-2017,Hydraulic Press,PUN-01,2,1,1,4,11,1,1,1,0,0,0
2022-01-22,AST-2017,Hydraulic Press,PUN-01,0,0,0,0,0,0,0,0,0,0,0
2022-01-23,AST-2017,Hydraulic Press,PUN-01,0,0,0,0,0,0,0,0,0,0,0
2022-01-24,AST-2017,Hydraulic Press,PUN-01,3,3,0,6,18,1,1,1,1,1,1
2022-01-25,AST-2017,Hydraulic Press,PUN-01,1,1,1,3,7,1,0,0,0,0,0
2022-01-26,AST-2017,Hydraulic Press,PUN-01,0,2,1,3,5,0,0,0,0,0,0
2022-01-27,AST-2017,Hydraulic Press,PUN-01,1,0,0,1,4,0,0,0,0,0,0
2022-01-28,AST-2017,Hydraulic Press,PUN-01,1,1,4,6,10,1,1,0,0,0,0
2022-01-29,AST-2017,Hydraulic Press,PUN-01,0,0,0,0,0,0,0,0,0,0,0
2022-01-30,AST-2017,Hydraulic Press,PUN-01,0,0,0,0,0,0,0,0,0,0,0
2022-01-31,AST-2017,Hydraulic Press,PUN-01,1,1,0,2,6,0,0,0,0,0,0
2022-02-01,AST-2017,Hydraulic Press,PUN-01,2,1,1,4,11,1,1,1,0,0,0
2022-02-02,AST-2017,Hydraulic Press,PUN-01,1,2,0,3,8,1,0,0,0,0,0
2022-02-03,AST-2017,Hydraulic Press,PUN-01,1,2,2,5,10,1,1,0,0,0,0
2022-02-04,AST-2017,Hydraulic Press,PUN-01,0,1,1,2,3,0,0,0,0,0,0
2022-02-05,AST-2017,Hydraulic Press,PUN-01,0,0,0,0,0,0,0,0,0,0,0
2022-02-06,AST-2017,Hydraulic Press,PUN-01,0,0,0,0,0,0,0,0,0,0,0
2022-02-07,AST-2017,Hydraulic Press,PUN-01,3,2,1,6,17,1,1,1,1,1,1
2022-02-08,AST-2017,Hydraulic Press,PUN-01,3,3,1,7,19,1,1,1,1,1,1
2022-02-09,AST-2017,Hydraulic Press,PUN-01,2,1,1,4,11,1,1,1,0,0,0
2022-02-10,AST-2017,Hydraulic Press,PUN-01,2,0,0,2,8,1,0,0,0,0,0
2022-02-11,AST-2017,Hydraulic Press,PUN-01,0,2,2,4,6,0,0,0,0,0,0
2022-02-12,AST-2017,Hydraulic Press,PUN-01,0,0,0,0,0,0,0,0,0,0,0
2022-02-13,AST-2017,Hydraulic Press,PUN-01,0,0,0,0,0,0,0,0,0,0,0
2022-02-14,AST-2017,Hydraulic Press,PUN-01,2,2,0,4,12,1,1,1,1,0,0
2022-02-15,AST-2017,Hydraulic Press,PUN-01,2,2,0,4,12,1,1,1,1,0,0
2022-02-16,AST-2017,Hydraulic Press,PUN-01,0,4,0,4,8,1,0,0,0,0,0
2022-02-17,AST-2017,Hydraulic Press,PUN-01,1,1,0,2,6,0,0,0,0,0,0
2022-02-18,AST-2017,Hydraulic Press,PUN-01,2,0,0,2,8,1,0,0,0,0,0
2022-02-19,AST-2017,Hydraulic Press,PUN-01,0,0,0,0,0,0,0,0,0,0,0
2022-02-20,AST-2017,Hydraulic Press,PUN-01,0,0,0,0,0,0,0,0,0,0,0
2022-02-21,AST-2017,Hydraulic Press,PUN-01,0,1,0,1,2,0,0,0,0,0,0
2022-02-22,AST-2017,Hydraulic Press,PUN-01,1,0,0,1,4,0,0,0,0,0,0
2022-02-23,AST-2017,Hydraulic Press,PUN-01,0,1,0,1,2,0,0,0,0,0,0
2022-02-24,AST-2017,Hydraulic Press,PUN-01,3,1,0,4,14,1,1,1,1,1,1
2022-02-25,AST-2017,Hydraulic Press,PUN-01,1,2,1,4,9,1,0,0,0,0,0
2022-02-26,AST-2017,Hydraulic Press,PUN-01,0,0,0,0,0,0,0,0,0,0,0
2022-02-27,AST-2017,Hydraulic Press,PUN-01,0,0,0,0,0,0,0,0,0,0,0
2022-02-28,AST-2017,Hydraulic Press,PUN-01,3,0,0,3,12,1,1,1,1,0,0
2022-03-01,AST-2017,Hydraulic Press,PUN-01,0,2,0,2,4,0,0,0,0,0,0
2022-03-02,AST-2017,Hydraulic Press,PUN-01,1,3,1,5,11,1,1,1,0,0,0
2022-03-03,AST-2017,Hydraulic Press,PUN-01,3,1,0,4,14,1,1,1,1,1,1
2022-03-04,AST-2017,Hydraulic Press,PUN-01,3,1,0,4,14,1,1,1,1,1,1
2022-03-05,AST-2017,Hydraulic Press,PUN-01,0,0,0,0,0,0,0,0,0,0,0
2022-03-06,AST-2017,Hydraulic Press,PUN-01,0,0,0,0,0,0,0,0,0,0,0
2022-03-07,AST-2017,Hydraulic Press,PUN-01,0,2,1,3,5,0,0,0,0,0,0
2022-03-08,AST-2017,Hydraulic Press,PUN-01,0,1,0,1,2,0,0,0,0,0,0
2022-03-09,AST-2017,Hydraulic Press,PUN-01,0,1,1,2,3,0,0,0,0,0,0
2022-03-10,AST-2017,Hydraulic Press,PUN-01,2,2,0,4,12,1,1,1,1,0,0
2022-03-11,AST-2017,Hydraulic Press,PUN-01,3,1,2,6,16,1,1,1,1,1,1
2022-03-12,AST-2017,Hydraulic Press,PUN-01,0,0,0,0,0,0,0,0,0,0,0
2022-03-13,AST-2017,Hydraulic Press,PUN-01,0,0,0,0,0,0,0,0,0,0,0
2022-03-14,AST-2017,Hydraulic Press,PUN-01,1,0,0,1,4,0,0,0,0,0,0
2022-03-15,AST-2017,Hydraulic Press,PUN-01,1,2,0,3,8,1,0,0,0,0,0
2022-03-16,AST-2017,Hydraulic Press,PUN-01,0,2,1,3,5,0,0,0,0,0,0
2022-03-17,AST-2017,Hydraulic Press,PUN-01,3,1,0,4,14,1,1,1,1,1,1
2022-03-18,AST-2017,Hydraulic Press,PUN-01,1,1,0,2,6,0,0,0,0,0,0
2022-03-19,AST-2017,Hydraulic Press,PUN-01,0,0,0,0,0,0,0,0,0,0,0
2022-03-20,AST-2017,Hydraulic Press,PUN-01,0,0,0,0,0,0,0,0,0,0,0
2022-03-21,AST-2017,Hydraulic Press,PUN-01,0,1,0,1,2,0,0,0,0,0,0
2022-03-22,AST-2017,Hydraulic Press,PUN-01,3,3,0,6,18,1,1,1,1,1,1
2022-03-23,AST-2017,Hydraulic Press,PUN-01,0,2,2,4,6,0,0,0,0,0,0
2022-03-24,AST-2017,Hydraulic Press,PUN-01,0,1,0,1,2,0,0,0,0,0,0
2022-03-25,AST-2017,Hydraulic Press,PUN-01,2,3,0,5,14,1,1,1,1,1,1
2022-03-26,AST-2017,Hydraulic Press,PUN-01,0,0,0,0,0,0,0,0,0,0,0
2022-03-27,AST-2017,Hydraulic Press,PUN-01,0,0,0,0,0,0,0,0,0,0,0
2022-03-28,AST-2017,Hydraulic Press,PUN-01,3,1,0,4,14,1,1,1,1,1,1
2022-03-29,AST-2017,Hydraulic Press,PUN-01,2,2,0,4,12,1,1,1,1,0,0
2022-03-30,AST-2017,Hydraulic Press,PUN-01,1,1,0,2,6,0,0,0,0,0,0
2022-03-31,AST-2017,Hydraulic Press,PUN-01,2,0,1,3,9,1,0,0,0,0,0
2022-04-01,AST-2017,Hydraulic Press,PUN-01,1,2,1,4,9,1,0,0,0,0,0
2022-04-02,AST-2017,Hydraulic Press,PUN-01,0,0,0,0,0,0,0,0,0,0,0
2022-04-03,AST-2017,Hydraulic Press,PUN-01,0,0,0,0,0,0,0,0,0,0,0
2022-04-04,AST-2017,Hydraulic Press,PUN-01,0,1,1,2,3,0,0,0,0,0,0
2022-04-05,AST-2017,Hydraulic Press,PUN-01,0,0,0,0,0,0,0,0,0,0,0
2022-04-06,AST-2017,Hydraulic Press,PUN-01,2,4,0,6,16,1,1,1,1,1,1
2022-04-07,AST-2017,Hydraulic Press,PUN-01,3,1,0,4,14,1,1,1,1,1,1
2022-04-08,AST-2017,Hydraulic Press,PUN-01,1,1,1,3,7,1,0,0,0,0,0
2022-04-09,AST-2017,Hydraulic Press,PUN-01,0,0,0,0,0,0,0,0,0,0,0
2022-04-10,AST-2017,Hydraulic Press,PUN-01,0,0,0,0,0,0,0,0,0,0,0
2022-04-11,AST-2017,Hydraulic Press,PUN-01,0,2,2,4,6,0,0,0,0,0,0
2022-04-12,AST-2017,Hydraulic Press,PUN-01,3,0,0,3,12,1,1,1,1,0,0
2022-04-13,AST-2017,Hydraulic Press,PUN-01,1,1,1,3,7,1,0,0,0,0,0
2022-04-14,AST-2017,Hydraulic Press,PUN-01,2,1,0,3,10,1,1,0,0,0,0
2022-04-15,AST-2017,Hydraulic Press,PUN-01,2,1,0,3,10,1,1,0,0,0,0
2022-04-16,AST-2017,Hydraulic Press,PUN-01,0,0,0,0,0,0,0,0,0,0,0
2022-04-17,AST-2017,Hydraulic Press,PUN-01,0,0,0,0,0,0,0,0,0,0,0
2022-04-18,AST-2017,Hydraulic Press,PUN-01,2,0,0,2,8,1,0,0,0,0,0
2022-04-19,AST-2017,Hydraulic Press,PUN-01,1,2,0,3,8,1,0,0,0,0,0
2022-04-20,AST-2017,Hydraulic Press,PUN-01,0,1,1,2,3,0,0,0,0,0,0
2022-04-21,AST-2017,Hydraulic Press,PUN-01,0,3,2,5,8,1,0,0,0,0,0
2022-04-22,AST-2017,Hydraulic Press,PUN-01,0,1,0,1,2,0,0,0,0,0,0
2022-04-23,AST-2017,Hydraulic Press,PUN-01,0,0,0,0,0,0,0,0,0,0,0
2022-04-24,AST-2017,Hydraulic Press,PUN-01,0,0,0,0,0,0,0,0,0,0,0
2022-04-25,AST-2017,Hydraulic Press,PUN-01,0,2,1,3,5,0,0,0,0,0,0
2022-04-26,AST-2017,Hydraulic Press,PUN-01,0,0,0,0,0,0,0,0,0,0,0
2022-04-27,AST-2017,Hydraulic Press,PUN-01,0,4,0,4,8,1,0,0,0,0,0
2022-04-28,AST-2017,Hydraulic Press,PUN-01,1,0,0,1,4,0,0,0,0,0,0
2022-04-29,AST-2017,Hydraulic Press,PUN-01,0,1,1,2,3,0,0,0,0,0,0
2022-04-30,AST-2017,Hydraulic Press,PUN-01,0,0,0,0,0,0,0,0,0,0,0
2022-05-01,AST-2017,Hydraulic Press,PUN-01,0,0,0,0,0,0,0,0,0,0,0
2022-05-02,AST-2017,Hydraulic Press,PUN-01,1,1,0,2,6,0,0,0,0,0,0
2022-05-03,AST-2017,Hydraulic Press,PUN-01,2,0,0,2,8,1,0,0,0,0,0
2022-05-04,AST-2017,Hydraulic Press,PUN-01,2,1,0,3,10,1,1,0,0,0,0
2022-05-05,AST-2017,Hydraulic Press,PUN-01,2,1,1,4,11,1,1,1,0,0,0
2022-05-06,AST-2017,Hydraulic Press,PUN-01,3,2,0,5,16,1,1,1,1,1,1
2022-05-07,AST-2017,Hydraulic Press,PUN-01,0,0,0,0,0,0,0,0,0,0,0
2022-05-08,AST-2017,Hydraulic Press,PUN-01,0,0,0,0,0,0,0,0,0,0,0
2022-05-09,AST-2017,Hydraulic Press,PUN-01,2,3,0,5,14,1,1,1,1,1,1
2022-05-10,AST-2017,Hydraulic Press,PUN-01,3,1,0,4,14,1,1,1,1,1,1
2022-05-11,AST-2017,Hydraulic Press,PUN-01,1,2,1,4,9,1,0,0,0,0,0
2022-05-12,AST-2017,Hydraulic Press,PUN-01,2,3,0,5,14,1,1,1,1,1,1
2022-05-13,AST-2017,Hydraulic Press,PUN-01,0,2,0,2,4,0,0,0,0,0,0
2022-05-14,AST-2017,Hydraulic Press,PUN-01,0,0,0,0,0,0,0,0,0,0,0
2022-05-15,AST-2017,Hydraulic Press,PUN-01,0,0,0,0,0,0,0,0,0,0,0
2022-05-16,AST-2017,Hydraulic Press,PUN-01,1,1,1,3,7,1,0,0,0,0,0
2022-05-17,AST-2017,Hydraulic Press,PUN-01,1,3,0,4,10,1,1,0,0,0,0
2022-05-18,AST-2017,Hydraulic Press,PUN-01,2,1,0,3,10,1,1,0,0,0,0
2022-05-19,AST-2017,Hydraulic Press,PUN-01,3,1,1,5,15,1,1,1,1,1,1
2022-05-20,AST-2017,Hydraulic Press,PUN-01,2,0,0,2,8,1,0,0,0,0,0
2022-05-21,AST-2017,Hydraulic Press,PUN-01,0,0,0,0,0,0,0,0,0,0,0
2022-05-22,AST-2017,Hydraulic Press,PUN-01,0,0,0,0,0,0,0,0,0,0,0
2022-05-23,AST-2017,Hydraulic Press,PUN-01,2,2,0,4,12,1,1,1,1,0,0
2022-05-24,AST-2017,Hydraulic Press,PUN-01,3,1,1,5,15,1,1,1,1,1,1
2022-05-25,AST-2017,Hydraulic Press,PUN-01,0,3,0,3,6,0,0,0,0,0,0
2022-05-26,AST-2017,Hydraulic Press,PUN-01,0,2,1,3,5,0,0,0,0,0,0
2022-05-27,AST-2017,Hydraulic Press,PUN-01,1,0,1,2,5,0,0,0,0,0,0
2022-05-28,AST-2017,Hydraulic Press,PUN-01,0,0,0,0,0,0,0,0,0,0,0
2022-05-29,AST-2017,Hydraulic Press,PUN-01,0,0,0,0,0,0,0,0,0,0,0
2022-05-30,AST-2017,Hydraulic Press,PUN-01,0,3,0,3,6,0,0,0,0,0,0
2022-05-31,AST-2017,Hydraulic Press,PUN-01,2,2,1,5,13,1,1,1,1,1,0
2022-06-01,AST-2017,Hydraulic Press,PUN-01,4,4,2,10,26,1,1,1,1,1,1
2022-06-02,AST-2017,Hydraulic Press,PUN-01,4,1,1,6,19,1,1,1,1,1,1
2022-06-03,AST-2017,Hydraulic Press,PUN-01,2,0,0,2,8,1,0,0,0,0,0
2022-06-04,AST-2017,Hydraulic Press,PUN-01,0,0,0,0,0,0,0,0,0,0,0
2022-06-05,AST-2017,Hydraulic Press,PUN-01,0,0,0,0,0,0,0,0,0,0,0
2022-06-06,AST-2017,Hydraulic Press,PUN-01,3,2,0,5,16,1,1,1,1,1,1
2022-06-07,AST-2017,Hydraulic Press,PUN-01,3,0,0,3,12,1,1,1,1,0,0
2022-06-08,AST-2017,Hydraulic Press,PUN-01,2,4,0,6,16,1,1,1,1,1,1
2022-06-09,AST-2017,Hydraulic Press,PUN-01,1,1,0,2,6,0,0,0,0,0,0
2022-06-10,AST-2017,Hydraulic Press,PUN-01,0,0,0,0,0,0,0,0,0,0,0
2022-06-11,AST-2017,Hydraulic Press,PUN-01,0,0,0,0,0,0,0,0,0,0,0
2022-06-12,AST-2017,Hydraulic Press,PUN-01,0,0,0,0,0,0,0,0,0,0,0
2022-06-13,AST-2017,Hydraulic Press,PUN-01,2,4,1,7,17,1,1,1,1,1,1
2022-06-14,AST-2017,Hydraulic Press,PUN-01,0,1,0,1,2,0,0,0,0,0,0
2022-06-15,AST-2017,Hydraulic Press,PUN-01,3,2,0,5,16,1,1,1,1,1,1
2022-06-16,AST-2017,Hydraulic Press,PUN-01,2,2,1,5,13,1,1,1,1,1,0
2022-06-17,AST-2017,Hydraulic Press,PUN-01,2,2,1,5,13,1,1,1,1,1,0
2022-06-18,AST-2017,Hydraulic Press,PUN-01,0,0,0,0,0,0,0,0,0,0,0
2022-06-19,AST-2017,Hydraulic Press,PUN-01,0,0,0,0,0,0,0,0,0,0,0
2022-06-20,AST-2017,Hydraulic Press,PUN-01,1,2,0,3,8,1,0,0,0,0,0
2022-06-21,AST-2017,Hydraulic Press,PUN-01,0,0,0,0,0,0,0,0,0,0,0
2022-06-22,AST-2017,Hydraulic Press,PUN-01,0,1,0,1,2,0,0,0,0,0,0
2022-06-23,AST-2017,Hydraulic Press,PUN-01,1,1,0,2,6,0,0,0,0,0,0
2022-06-24,AST-2017,Hydraulic Press,PUN-01,2,1,0,3,10,1,1,0,0,0,0
2022-06-25,AST-2017,Hydraulic Press,PUN-01,0,0,0,0,0,0,0,0,0,0,0
2022-06-26,AST-2017,Hydraulic Press,PUN-01,0,0,0,0,0,0,0,0,0,0,0
2022-06-27,AST-2017,Hydraulic Press,PUN-01,0,2,0,2,4,0,0,0,0,0,0
2022-06-28,AST-2017,Hydraulic Press,PUN-01,0,0,0,0,0,0,0,0,0,0,0
2022-06-29,AST-2017,Hydraulic Press,PUN-01,1,1,1,3,7,1,0,0,0,0,0
2022-06-30,AST-2017,Hydraulic Press,PUN-01,1,5,1,7,15,1,1,1,1,1,1
2022-07-01,AST-2017,Hydraulic Press,PUN-01,0,0,1,1,1,0,0,0,0,0,0
2022-07-02,AST-2017,Hydraulic Press,PUN-01,0,0,0,0,0,0,0,0,0,0,0
2022-07-03,AST-2017,Hydraulic Press,PUN-01,0,0,0,0,0,0,0,0,0,0,0
2022-07-04,AST-2017,Hydraulic Press,PUN-01,1,1,1,3,7,1,0,0,0,0,0
2022-07-05,AST-2017,Hydraulic Press,PUN-01,1,3,1,5,11,1,1,1,0,0,0
2022-07-06,AST-2017,Hydraulic Press,PUN-01,0,2,1,3,5,0,0,0,0,0,0
2022-07-07,AST-2017,Hydraulic Press,PUN-01,0,1,0,1,2,0,0,0,0,0,0
2022-07-08,AST-2017,Hydraulic Press,PUN-01,2,3,1,6,15,1,1,1,1,1,1
2022-07-09,AST-2017,Hydraulic Press,PUN-01,0,0,0,0,0,0,0,0,0,0,0
2022-07-10,AST-2017,Hydraulic Press,PUN-01,0,0,0,0,0,0,0,0,0,0,0
2022-07-11,AST-2017,Hydraulic Press,PUN-01,0,2,1,3,5,0,0,0,0,0,0
2022-07-12,AST-2017,Hydraulic Press,PUN-01,1,3,1,5,11,1,1,1,0,0,0
2022-07-13,AST-2017,Hydraulic Press,PUN-01,2,0,0,2,8,1,0,0,0,0,0
2022-07-14,AST-2017,Hydraulic Press,PUN-01,1,1,1,3,7,1,0,0,0,0,0
2022-07-15,AST-2017,Hydraulic Press,PUN-01,0,2,0,2,4,0,0,0,0,0,0
2022-07-16,AST-2017,Hydraulic Press,PUN-01,0,0,0,0,0,0,0,0,0,0,0
2022-07-17,AST-2017,Hydraulic Press,PUN-01,0,0,0,0,0,0,0,0,0,0,0
2022-07-18,AST-2017,Hydraulic Press,PUN-01,3,1,0,4,14,1,1,1,1,1,1
2022-07-19,AST-2017,Hydraulic Press,PUN-01,1,2,0,3,8,1,0,0,0,0,0
2022-07-20,AST-2017,Hydraulic Press,PUN-01,1,2,0,3,8,1,0,0,0,0,0
2022-07-21,AST-2017,Hydraulic Press,PUN-01,0,1,1,2,3,0,0,0,0,0,0
2022-07-22,AST-2017,Hydraulic Press,PUN-01,1,3,1,5,11,1,1,1,0,0,0
2022-07-23,AST-2017,Hydraulic Press,PUN-01,0,0,0,0,0,0,0,0,0,0,0
2022-07-24,AST-2017,Hydraulic Press,PUN-01,0,0,0,0,0,0,0,0,0,0,0
2022-07-25,AST-2017,Hydraulic Press,PUN-01,1,0,1,2,5,0,0,0,0,0,0
2022-07-26,AST-2017,Hydraulic Press,PUN-01,0,2,2,4,6,0,0,0,0,0,0
2022-07-27,AST-2017,Hydraulic Press,PUN-01,1,3,0,4,10,1,1,0,0,0,0
2022-07-28,AST-2017,Hydraulic Press,PUN-01,2,0,1,3,9,1,0,0,0,0,0
2022-07-29,AST-2017,Hydraulic Press,PUN-01,3,2,1,6,17,1,1,1,1,1,1
2022-07-30,AST-2017,Hydraulic Press,PUN-01,0,0,0,0,0,0,0,0,0,0,0
2022-07-31,AST-2017,Hydraulic Press,PUN-01,0,0,0,0,0,0,0,0,0,0,0
2022-08-01,AST-2017,Hydraulic Press,PUN-01,1,2,1,4,9,1,0,0,0,0,0
2022-08-02,AST-2017,Hydraulic Press,PUN-01,0,2,2,4,6,0,0,0,0,0,0
2022-08-03,AST-2017,Hydraulic Press,PUN-01,2,1,0,3,10,1,1,0,0,0,0
2022-08-04,AST-2017,Hydraulic Press,PUN-01,1,2,0,3,8,1,0,0,0,0,0
2022-08-05,AST-2017,Hydraulic Press,PUN-01,0,3,1,4,7,1,0,0,0,0,0
2022-08-06,AST-2017,Hydraulic Press,PUN-01,0,0,0,0,0,0,0,0,0,0,0
2022-08-07,AST-2017,Hydraulic Press,PUN-01,0,0,0,0,0,0,0,0,0,0,0
2022-08-08,AST-2017,Hydraulic Press,PUN-01,2,0,0,2,8,1,0,0,0,0,0
2022-08-09,AST-2017,Hydraulic Press,PUN-01,0,2,1,3,5,0,0,0,0,0,0
2022-08-10,AST-2017,Hydraulic Press,PUN-01,2,1,0,3,10,1,1,0,0,0,0
2022-08-11,AST-2017,Hydraulic Press,PUN-01,2,0,1,3,9,1,0,0,0,0,0
2022-08-12,AST-2017,Hydraulic Press,PUN-01,0,2,0,2,4,0,0,0,0,0,0
2022-08-13,AST-2017,Hydraulic Press,PUN-01,0,0,0,0,0,0,0,0,0,0,0
2022-08-14,AST-2017,Hydraulic Press,PUN-01,0,0,0,0,0,0,0,0,0,0,0
2022-08-15,AST-2017,Hydraulic Press,PUN-01,1,0,0,1,4,0,0,0,0,0,0
2022-08-16,AST-2017,Hydraulic Press,PUN-01,2,3,0,5,14,1,1,1,1,1,1
2022-08-17,AST-2017,Hydraulic Press,PUN-01,3,2,1,6,17,1,1,1,1,1,1
2022-08-18,AST-2017,Hydraulic Press,PUN-01,3,2,1,6,17,1,1,1,1,1,1
2022-08-19,AST-2017,Hydraulic Press,PUN-01,0,0,0,0,0,0,0,0,0,0,0
2022-08-20,AST-2017,Hydraulic Press,PUN-01,0,0,0,0,0,0,0,0,0,0,0
2022-08-21,AST-2017,Hydraulic Press,PUN-01,0,0,0,0,0,0,0,0,0,0,0
2022-08-22,AST-2017,Hydraulic Press,PUN-01,3,1,0,4,14,1,1,1,1,1,1
2022-08-23,AST-2017,Hydraulic Press,PUN-01,0,1,0,1,2,0,0,0,0,0,0
2022-08-24,AST-2017,Hydraulic Press,PUN-01,2,2,0,4,12,1,1,1,1,0,0
2022-08-25,AST-2017,Hydraulic Press,PUN-01,1,3,0,4,10,1,1,0,0,0,0
2022-08-26,AST-2017,Hydraulic Press,PUN-01,1,2,0,3,8,1,0,0,0,0,0
2022-08-27,AST-2017,Hydraulic Press,PUN-01,0,0,0,0,0,0,0,0,0,0,0
2022-08-28,AST-2017,Hydraulic Press,PUN-01,0,0,0,0,0,0,0,0,0,0,0
2022-08-29,AST-2017,Hydraulic Press,PUN-01,2,0,2,4,10,1,1,0,0,0,0
2022-08-30,AST-2017,Hydraulic Press,PUN-01,1,1,0,2,6,0,0,0,0,0,0
2022-08-31,AST-2017,Hydraulic Press,PUN-01,2,1,0,3,10,1,1,0,0,0,0
2022-09-01,AST-2017,Hydraulic Press,PUN-01,2,0,1,3,9,1,0,0,0,0,0
2022-09-02,AST-2017,Hydraulic Press,PUN-01,0,2,0,2,4,0,0,0,0,0,0
2022-09-03,AST-2017,Hydraulic Press,PUN-01,0,0,0,0,0,0,0,0,0,0,0
2022-09-04,AST-2017,Hydraulic Press,PUN-01,0,0,0,0,0,0,0,0,0,0,0
2022-09-05,AST-2017,Hydraulic Press,PUN-01,3,1,0,4,14,1,1,1,1,1,1
2022-09-06,AST-2017,Hydraulic Press,PUN-01,0,1,1,2,3,0,0,0,0,0,0
2022-09-07,AST-2017,Hydraulic Press,PUN-01,1,1,0,2,6,0,0,0,0,0,0
2022-09-08,AST-2017,Hydraulic Press,PUN-01,4,1,2,7,20,1,1,1,1,1,1
2022-09-09,AST-2017,Hydraulic Press,PUN-01,0,1,0,1,2,0,0,0,0,0,0
2022-09-10,AST-2017,Hydraulic Press,PUN-01,0,0,0,0,0,0,0,0,0,0,0
2022-09-11,AST-2017,Hydraulic Press,PUN-01,0,0,0,0,0,0,0,0,0,0,0
2022-09-12,AST-2017,Hydraulic Press,PUN-01,1,0,0,1,4,0,0,0,0,0,0
2022-09-13,AST-2017,Hydraulic Press,PUN-01,3,0,0,3,12,1,1,1,1,0,0
2022-09-14,AST-2017,Hydraulic Press,PUN-01,3,0,0,3,12,1,1,1,1,0,0
2022-09-15,AST-2017,Hydraulic Press,PUN-01,1,2,0,3,8,1,0,0,0,0,0
2022-09-16,AST-2017,Hydraulic Press,PUN-01,2,1,2,5,12,1,1,1,1,0,0
2022-09-17,AST-2017,Hydraulic Press,PUN-01,0,0,0,0,0,0,0,0,0,0,0
2022-09-18,AST-2017,Hydraulic Press,PUN-01,0,0,0,0,0,0,0,0,0,0,0
2022-09-19,AST-2017,Hydraulic Press,PUN-01,3,1,0,4,14,1,1,1,1,1,1
2022-09-20,AST-2017,Hydraulic Press,PUN-01,0,1,0,1,2,0,0,0,0,0,0
2022-09-21,AST-2017,Hydraulic Press,PUN-01,3,2,0,5,16,1,1,1,1,1,1
2022-09-22,AST-2017,Hydraulic Press,PUN-01,0,2,1,3,5,0,0,0,0,0,0
2022-09-23,AST-2017,Hydraulic Press,PUN-01,1,0,1,2,5,0,0,0,0,0,0
2022-09-24,AST-2017,Hydraulic Press,PUN-01,0,0,0,0,0,0,0,0,0,0,0
2022-09-25,AST-2017,Hydraulic Press,PUN-01,0,0,0,0,0,0,0,0,0,0,0
2022-09-26,AST-2017,Hydraulic Press,PUN-01,1,1,2,4,8,1,0,0,0,0,0
2022-09-27,AST-2017,Hydraulic Press,PUN-01,1,2,1,4,9,1,0,0,0,0,0
2022-09-28,AST-2017,Hydraulic Press,PUN-01,1,0,0,1,4,0,0,0,0,0,0
2022-09-29,AST-2017,Hydraulic Press,PUN-01,4,2,1,7,21,1,1,1,1,1,1
2022-09-30,AST-2017,Hydraulic Press,PUN-01,1,1,0,2,6,0,0,0,0,0,0
2022-10-01,AST-2017,Hydraulic Press,PUN-01,0,0,0,0,0,0,0,0,0,0,0
2022-10-02,AST-2017,Hydraulic Press,PUN-01,0,0,0,0,0,0,0,0,0,0,0
2022-10-03,AST-2017,Hydraulic Press,PUN-01,2,3,0,5,14,1,1,1,1,1,1
2022-10-04,AST-2017,Hydraulic Press,PUN-01,2,2,2,6,14,1,1,1,1,1,1
2022-10-05,AST-2017,Hydraulic Press,PUN-01,3,3,0,6,18,1,1,1,1,1,1
2022-10-06,AST-2017,Hydraulic Press,PUN-01,2,3,0,5,14,1,1,1,1,1,1
2022-10-07,AST-2017,Hydraulic Press,PUN-01,1,0,2,3,6,0,0,0,0,0,0
2022-10-08,AST-2017,Hydraulic Press,PUN-01,0,0,0,0,0,0,0,0,0,0,0
2022-10-09,AST-2017,Hydraulic Press,PUN-01,0,0,0,0,0,0,0,0,0,0,0
2022-10-10,AST-2017,Hydraulic Press,PUN-01,0,1,0,1,2,0,0,0,0,0,0
2022-10-11,AST-2017,Hydraulic Press,PUN-01,2,1,0,3,10,1,1,0,0,0,0
2022-10-12,AST-2017,Hydraulic Press,PUN-01,3,1,0,4,14,1,1,1,1,1,1
2022-10-13,AST-2017,Hydraulic Press,PUN-01,2,3,0,5,14,1,1,1,1,1,1
2022-10-14,AST-2017,Hydraulic Press,PUN-01,3,0,0,3,12,1,1,1,1,0,0
2022-10-15,AST-2017,Hydraulic Press,PUN-01,0,0,0,0,0,0,0,0,0,0,0
2022-10-16,AST-2017,Hydraulic Press,PUN-01,0,0,0,0,0,0,0,0,0,0,0
2022-10-17,AST-2017,Hydraulic Press,PUN-01,2,1,1,4,11,1,1,1,0,0,0
2022-10-18,AST-2017,Hydraulic Press,PUN-01,1,1,2,4,8,1,0,0,0,0,0
2022-10-19,AST-2017,Hydraulic Press,PUN-01,3,0,1,4,13,1,1,1,1,1,0
2022-10-20,AST-2017,Hydraulic Press,PUN-01,1,0,0,1,4,0,0,0,0,0,0
2022-10-21,AST-2017,Hydraulic Press,PUN-01,2,4,0,6,16,1,1,1,1,1,1
2022-10-22,AST-2017,Hydraulic Press,PUN-01,0,0,0,0,0,0,0,0,0,0,0
2022-10-23,AST-2017,Hydraulic Press,PUN-01,0,0,0,0,0,0,0,0,0,0,0
2022-10-24,AST-2017,Hydraulic Press,PUN-01,1,1,0,2,6,0,0,0,0,0,0
2022-10-25,AST-2017,Hydraulic Press,PUN-01,2,2,0,4,12,1,1,1,1,0,0
2022-10-26,AST-2017,Hydraulic Press,PUN-01,1,3,0,4,10,1,1,0,0,0,0
2022-10-27,AST-2017,Hydraulic Press,PUN-01,0,1,1,2,3,0,0,0,0,0,0
2022-10-28,AST-2017,Hydraulic Press,PUN-01,1,3,0,4,10,1,1,0,0,0,0
2022-10-29,AST-2017,Hydraulic Press,PUN-01,0,0,0,0,0,0,0,0,0,0,0
2022-10-30,AST-2017,Hydraulic Press,PUN-01,0,0,0,0,0,0,0,0,0,0,0
2022-10-31,AST-2017,Hydraulic Press,PUN-01,0,2,0,2,4,0,0,0,0,0,0
2022-11-01,AST-2017,Hydraulic Press,PUN-01,0,0,0,0,0,0,0,0,0,0,0
2022-11-02,AST-2017,Hydraulic Press,PUN-01,1,1,0,2,6,0,0,0,0,0,0
2022-11-03,AST-2017,Hydraulic Press,PUN-01,0,1,3,4,5,0,0,0,0,0,0
2022-11-04,AST-2017,Hydraulic Press,PUN-01,1,2,0,3,8,1,0,0,0,0,0
2022-11-05,AST-2017,Hydraulic Press,PUN-01,0,0,0,0,0,0,0,0,0,0,0
2022-11-06,AST-2017,Hydraulic Press,PUN-01,0,0,0,0,0,0,0,0,0,0,0
2022-11-07,AST-2017,Hydraulic Press,PUN-01,2,0,0,2,8,1,0,0,0,0,0
2022-11-08,AST-2017,Hydraulic Press,PUN-01,0,1,1,2,3,0,0,0,0,0,0
2022-11-09,AST-2017,Hydraulic Press,PUN-01,1,2,0,3,8,1,0,0,0,0,0
2022-11-10,AST-2017,Hydraulic Press,PUN-01,3,1,1,5,15,1,1,1,1,1,1
2022-11-11,AST-2017,Hydraulic Press,PUN-01,1,2,1,4,9,1,0,0,0,0,0
2022-11-12,AST-2017,Hydraulic Press,PUN-01,0,0,0,0,0,0,0,0,0,0,0
2022-11-13,AST-2017,Hydraulic Press,PUN-01,0,0,0,0,0,0,0,0,0,0,0
2022-11-14,AST-2017,Hydraulic Press,PUN-01,0,0,0,0,0,0,0,0,0,0,0
2022-11-15,AST-2017,Hydraulic Press,PUN-01,3,0,0,3,12,1,1,1,1,0,0
2022-11-16,AST-2017,Hydraulic Press,PUN-01,2,1,1,4,11,1,1,1,0,0,0
2022-11-17,AST-2017,Hydraulic Press,PUN-01,1,1,0,2,6,0,0,0,0,0,0
2022-11-18,AST-2017,Hydraulic Press,PUN-01,1,2,0,3,8,1,0,0,0,0,0
2022-11-19,AST-2017,Hydraulic Press,PUN-01,0,0,0,0,0,0,0,0,0,0,0
2022-11-20,AST-2017,Hydraulic Press,PUN-01,0,0,0,0,0,0,0,0,0,0,0
2022-11-21,AST-2017,Hydraulic Press,PUN-01,0,4,0,4,8,1,0,0,0,0,0
2022-11-22,AST-2017,Hydraulic Press,PUN-01,1,2,0,3,8,1,0,0,0,0,0
2022-11-23,AST-2017,Hydraulic Press,PUN-01,1,3,0,4,10,1,1,0,0,0,0
2022-11-24,AST-2017,Hydraulic Press,PUN-01,1,2,0,3,8,1,0,0,0,0,0
2022-11-25,AST-2017,Hydraulic Press,PUN-01,1,2,1,4,9,1,0,0,0,0,0
2022-11-26,AST-2017,Hydraulic Press,PUN-01,0,0,0,0,0,0,0,0,0,0,0
2022-11-27,AST-2017,Hydraulic Press,PUN-01,0,0,0,0,0,0,0,0,0,0,0
2022-11-28,AST-2017,Hydraulic Press,PUN-01,2,0,0,2,8,1,0,0,0,0,0
2022-11-29,AST-2017,Hydraulic Press,PUN-01,0,0,0,0,0,0,0,0,0,0,0
2022-11-30,AST-2017,Hydraulic Press,PUN-01,1,1,0,2,6,0,0,0,0,0,0
2022-12-01,AST-2017,Hydraulic Press,PUN-01,2,0,1,3,9,1,0,0,0,0,0
2022-12-02,AST-2017,Hydraulic Press,PUN-01,3,0,1,4,13,1,1,1,1,1,0
2022-12-03,AST-2017,Hydraulic Press,PUN-01,0,0,0,0,0,0,0,0,0,0,0
2022-12-04,AST-2017,Hydraulic Press,PUN-01,0,0,0,0,0,0,0,0,0,0,0
2022-12-05,AST-2017,Hydraulic Press,PUN-01,1,3,0,4,10,1,1,0,0,0,0
2022-12-06,AST-2017,Hydraulic Press,PUN-01,1,1,0,2,6,0,0,0,0,0,0
2022-12-07,AST-2017,Hydraulic Press,PUN-01,0,4,0,4,8,1,0,0,0,0,0
2022-12-08,AST-2017,Hydraulic Press,PUN-01,3,1,0,4,14,1,1,1,1,1,1
2022-12-09,AST-2017,Hydraulic Press,PUN-01,0,3,0,3,6,0,0,0,0,0,0
2022-12-10,AST-2017,Hydraulic Press,PUN-01,0,0,0,0,0,0,0,0,0,0,0
2022-12-11,AST-2017,Hydraulic Press,PUN-01,0,0,0,0,0,0,0,0,0,0,0
2022-12-12,AST-2017,Hydraulic Press,PUN-01,0,3,0,3,6,0,0,0,0,0,0
2022-12-13,AST-2017,Hydraulic Press,PUN-01,0,0,1,1,1,0,0,0,0,0,0
2022-12-14,AST-2017,Hydraulic Press,PUN-01,1,3,2,6,12,1,1,1,1,0,0
2022-12-15,AST-2017,Hydraulic Press,PUN-01,1,1,0,2,6,0,0,0,0,0,0
2022-12-16,AST-2017,Hydraulic Press,PUN-01,1,1,0,2,6,0,0,0,0,0,0
2022-12-17,AST-2017,Hydraulic Press,PUN-01,0,0,0,0,0,0,0,0,0,0,0
2022-12-18,AST-2017,Hydraulic Press,PUN-01,0,0,0,0,0,0,0,0,0,0,0
2022-12-19,AST-2017,Hydraulic Press,PUN-01,0,0,1,1,1,0,0,0,0,0,0
2022-12-20,AST-2017,Hydraulic Press,PUN-01,2,0,1,3,9,1,0,0,0,0,0
2022-12-21,AST-2017,Hydraulic Press,PUN-01,3,2,0,5,16,1,1,1,1,1,1
2022-12-22,AST-2017,Hydraulic Press,PUN-01,1,3,1,5,11,1,1,1,0,0,0
2022-12-23,AST-2017,Hydraulic Press,PUN-01,2,2,0,4,12,1,1,1,1,0,0
2022-12-24,AST-2017,Hydraulic Press,PUN-01,0,0,0,0,0,0,0,0,0,0,0
2022-12-25,AST-2017,Hydraulic Press,PUN-01,0,0,0,0,0,0,0,0,0,0,0
2022-12-26,AST-2017,Hydraulic Press,PUN-01,0,2,0,2,4,0,0,0,0,0,0
2022-12-27,AST-2017,Hydraulic Press,PUN-01,0,0,1,1,1,0,0,0,0,0,0
2022-12-28,AST-2017,Hydraulic Press,PUN-01,2,0,0,2,8,1,0,0,0,0,0
2022-12-29,AST-2017,Hydraulic Press,PUN-01,0,0,1,1,1,0,0,0,0,0,0
2022-12-30,AST-2017,Hydraulic Press,PUN-01,1,1,0,2,6,0,0,0,0,0,0
2022-12-31,AST-2017,Hydraulic Press,PUN-01,0,0,0,0,0,0,0,0,0,0,0
2023-01-01,AST-2017,Hydraulic Press,PUN-01,0,0,0,0,0,0,0,0,0,0,0
2023-01-02,AST-2017,Hydraulic Press,PUN-01,2,0,2,4,10,1,1,0,0,0,0
2023-01-03,AST-2017,Hydraulic Press,PUN-01,1,1,0,2,6,0,0,0,0,0,0
2023-01-04,AST-2017,Hydraulic Press,PUN-01,2,1,0,3,10,1,1,0,0,0,0
2023-01-05,AST-2017,Hydraulic Press,PUN-01,3,3,0,6,18,1,1,1,1,1,1
2023-01-06,AST-2017,Hydraulic Press,PUN-01,0,1,0,1,2,0,0,0,0,0,0
2023-01-07,AST-2017,Hydraulic Press,PUN-01,0,0,0,0,0,0,0,0,0,0,0
2023-01-08,AST-2017,Hydraulic Press,PUN-01,0,0,0,0,0,0,0,0,0,0,0
2023-01-09,AST-2017,Hydraulic Press,PUN-01,1,1,0,2,6,0,0,0,0,0,0
2023-01-10,AST-2017,Hydraulic Press,PUN-01,2,0,1,3,9,1,0,0,0,0,0
2023-01-11,AST-2017,Hydraulic Press,PUN-01,2,1,1,4,11,1,1,1,0,0,0
2023-01-12,AST-2017,Hydraulic Press,PUN-01,2,2,0,4,12,1,1,1,1,0,0
2023-01-13,AST-2017,Hydraulic Press,PUN-01,1,3,0,4,10,1,1,0,0,0,0
2023-01-14,AST-2017,Hydraulic Press,PUN-01,0,0,0,0,0,0,0,0,0,0,0
2023-01-15,AST-2017,Hydraulic Press,PUN-01,0,0,0,0,0,0,0,0,0,0,0
2023-01-16,AST-2017,Hydraulic Press,PUN-01,1,3,0,4,10,1,1,0,0,0,0
2023-01-17,AST-2017,Hydraulic Press,PUN-01,1,1,1,3,7,1,0,0,0,0,0
2023-01-18,AST-2017,Hydraulic Press,PUN-01,0,1,0,1,2,0,0,0,0,0,0
2023-01-19,AST-2017,Hydraulic Press,PUN-01,1,2,1,4,9,1,0,0,0,0,0
2023-01-20,AST-2017,Hydraulic Press,PUN-01,4,2,0,6,20,1,1,1,1,1,1
2023-01-21,AST-2017,Hydraulic Press,PUN-01,0,0,0,0,0,0,0,0,0,0,0
2023-01-22,AST-2017,Hydraulic Press,PUN-01,0,0,0,0,0,0,0,0,0,0,0
2023-01-23,AST-2017,Hydraulic Press,PUN-01,0,0,0,0,0,0,0,0,0,0,0
2023-01-24,AST-2017,Hydraulic Press,PUN-01,2,2,1,5,13,1,1,1,1,1,0
2023-01-25,AST-2017,Hydraulic Press,PUN-01,0,3,0,3,6,0,0,0,0,0,0
2023-01-26,AST-2017,Hydraulic Press,PUN-01,1,2,0,3,8,1,0,0,0,0,0
2023-01-27,AST-2017,Hydraulic Press,PUN-01,0,1,1,2,3,0,0,0,0,0,0
2023-01-28,AST-2017,Hydraulic Press,PUN-01,0,0,0,0,0,0,0,0,0,0,0
2023-01-29,AST-2017,Hydraulic Press,PUN-01,0,0,0,0,0,0,0,0,0,0,0
2023-01-30,AST-2017,Hydraulic Press,PUN-01,1,1,0,2,6,0,0,0,0,0,0
2023-01-31,AST-2017,Hydraulic Press,PUN-01,2,2,1,5,13,1,1,1,1,1,0
2023-02-01,AST-2017,Hydraulic Press,PUN-01,2,1,1,4,11,1,1,1,0,0,0
2023-02-02,AST-2017,Hydraulic Press,PUN-01,3,1,1,5,15,1,1,1,1,1,1
2023-02-03,AST-2017,Hydraulic Press,PUN-01,2,2,0,4,12,1,1,1,1,0,0
2023-02-04,AST-2017,Hydraulic Press,PUN-01,0,0,0,0,0,0,0,0,0,0,0
2023-02-05,AST-2017,Hydraulic Press,PUN-01,0,0,0,0,0,0,0,0,0,0,0
2023-02-06,AST-2017,Hydraulic Press,PUN-01,1,1,2,4,8,1,0,0,0,0,0
2023-02-07,AST-2017,Hydraulic Press,PUN-01,2,3,1,6,15,1,1,1,1,1,1
2023-02-08,AST-2017,Hydraulic Press,PUN-01,0,1,1,2,3,0,0,0,0,0,0
2023-02-09,AST-2017,Hydraulic Press,PUN-01,0,1,2,3,4,0,0,0,0,0,0
2023-02-10,AST-2017,Hydraulic Press,PUN-01,2,2,0,4,12,1,1,1,1,0,0
2023-02-11,AST-2017,Hydraulic Press,PUN-01,0,0,0,0,0,0,0,0,0,0,0
2023-02-12,AST-2017,Hydraulic Press,PUN-01,0,0,0,0,0,0,0,0,0,0,0
2023-02-13,AST-2017,Hydraulic Press,PUN-01,2,1,0,3,10,1,1,0,0,0,0
2023-02-14,AST-2017,Hydraulic Press,PUN-01,0,3,2,5,8,1,0,0,0,0,0
2023-02-15,AST-2017,Hydraulic Press,PUN-01,3,0,0,3,12,1,1,1,1,0,0
2023-02-16,AST-2017,Hydraulic Press,PUN-01,3,2,0,5,16,1,1,1,1,1,1
2023-02-17,AST-2017,Hydraulic Press,PUN-01,3,1,1,5,15,1,1,1,1,1,1
2023-02-18,AST-2017,Hydraulic Press,PUN-01,0,0,0,0,0,0,0,0,0,0,0
2023-02-19,AST-2017,Hydraulic Press,PUN-01,0,0,0,0,0,0,0,0,0,0,0
2023-02-20,AST-2017,Hydraulic Press,PUN-01,2,2,0,4,12,1,1,1,1,0,0
2023-02-21,AST-2017,Hydraulic Press,PUN-01,2,3,2,7,16,1,1,1,1,1,1
2023-02-22,AST-2017,Hydraulic Press,PUN-01,1,1,1,3,7,1,0,0,0,0,0
2023-02-23,AST-2017,Hydraulic Press,PUN-01,1,2,0,3,8,1,0,0,0,0,0
2023-02-24,AST-2017,Hydraulic Press,PUN-01,1,3,0,4,10,1,1,0,0,0,0
2023-02-25,AST-2017,Hydraulic Press,PUN-01,0,0,0,0,0,0,0,0,0,0,0
2023-02-26,AST-2017,Hydraulic Press,PUN-01,0,0,0,0,0,0,0,0,0,0,0
2023-02-27,AST-2017,Hydraulic Press,PUN-01,2,1,0,3,10,1,1,0,0,0,0
2023-02-28,AST-2017,Hydraulic Press,PUN-01,1,2,2,5,10,1,1,0,0,0,0
2023-03-01,AST-2017,Hydraulic Press,PUN-01,1,0,1,2,5,0,0,0,0,0,0
2023-03-02,AST-2017,Hydraulic Press,PUN-01,1,0,2,3,6,0,0,0,0,0,0
2023-03-03,AST-2017,Hydraulic Press,PUN-01,3,0,0,3,12,1,1,1,1,0,0
2023-03-04,AST-2017,Hydraulic Press,PUN-01,0,0,0,0,0,0,0,0,0,0,0
2023-03-05,AST-2017,Hydraulic Press,PUN-01,0,0,0,0,0,0,0,0,0,0,0
2023-03-06,AST-2017,Hydraulic Press,PUN-01,2,3,0,5,14,1,1,1,1,1,1
2023-03-07,AST-2017,Hydraulic Press,PUN-01,1,2,3,6,11,1,1,1,0,0,0
2023-03-08,AST-2017,Hydraulic Press,PUN-01,1,1,0,2,6,0,0,0,0,0,0
2023-03-09,AST-2017,Hydraulic Press,PUN-01,2,2,0,4,12,1,1,1,1,0,0
2023-03-10,AST-2017,Hydraulic Press,PUN-01,0,2,1,3,5,0,0,0,0,0,0
2023-03-11,AST-2017,Hydraulic Press,PUN-01,0,0,0,0,0,0,0,0,0,0,0
2023-03-12,AST-2017,Hydraulic Press,PUN-01,0,0,0,0,0,0,0,0,0,0,0
2023-03-13,AST-2017,Hydraulic Press,PUN-01,0,0,0,0,0,0,0,0,0,0,0
2023-03-14,AST-2017,Hydraulic Press,PUN-01,2,2,2,6,14,1,1,1,1,1,1
2023-03-15,AST-2017,Hydraulic Press,PUN-01,1,2,1,4,9,1,0,0,0,0,0
2023-03-16,AST-2017,Hydraulic Press,PUN-01,2,0,2,4,10,1,1,0,0,0,0
2023-03-17,AST-2017,Hydraulic Press,PUN-01,3,2,1,6,17,1,1,1,1,1,1
2023-03-18,AST-2017,Hydraulic Press,PUN-01,0,0,0,0,0,0,0,0,0,0,0
2023-03-19,AST-2017,Hydraulic Press,PUN-01,0,0,0,0,0,0,0,0,0,0,0
2023-03-20,AST-2017,Hydraulic Press,PUN-01,1,4,0,5,12,1,1,1,1,0,0
2023-03-21,AST-2017,Hydraulic Press,PUN-01,0,3,1,4,7,1,0,0,0,0,0
2023-03-22,AST-2017,Hydraulic Press,PUN-01,1,2,1,4,9,1,0,0,0,0,0
2023-03-23,AST-2017,Hydraulic Press,PUN-01,1,3,0,4,10,1,1,0,0,0,0
2023-03-24,AST-2017,Hydraulic Press,PUN-01,1,3,0,4,10,1,1,0,0,0,0
2023-03-25,AST-2017,Hydraulic Press,PUN-01,0,0,0,0,0,0,0,0,0,0,0
2023-03-26,AST-2017,Hydraulic Press,PUN-01,0,0,0,0,0,0,0,0,0,0,0
2023-03-27,AST-2017,Hydraulic Press,PUN-01,3,2,1,6,17,1,1,1,1,1,1
2023-03-28,AST-2017,Hydraulic Press,PUN-01,1,1,0,2,6,0,0,0,0,0,0
2023-03-29,AST-2017,Hydraulic Press,PUN-01,1,0,0,1,4,0,0,0,0,0,0
2023-03-30,AST-2017,Hydraulic Press,PUN-01,2,3,0,5,14,1,1,1,1,1,1
2023-03-31,AST-2017,Hydraulic Press,PUN-01,2,0,2,4,10,1,1,0,0,0,0
2023-04-01,AST-2017,Hydraulic Press,PUN-01,0,0,0,0,0,0,0,0,0,0,0
2023-04-02,AST-2017,Hydraulic Press,PUN-01,0,0,0,0,0,0,0,0,0,0,0
2023-04-03,AST-2017,Hydraulic Press,PUN-01,4,0,1,5,17,1,1,1,1,1,1
2023-04-04,AST-2017,Hydraulic Press,PUN-01,0,0,1,1,1,0,0,0,0,0,0
2023-04-05,AST-2017,Hydraulic Press,PUN-01,2,2,0,4,12,1,1,1,1,0,0
2023-04-06,AST-2017,Hydraulic Press,PUN-01,1,2,0,3,8,1,0,0,0,0,0
2023-04-07,AST-2017,Hydraulic Press,PUN-01,3,1,1,5,15,1,1,1,1,1,1
2023-04-08,AST-2017,Hydraulic Press,PUN-01,0,0,0,0,0,0,0,0,0,0,0
2023-04-09,AST-2017,Hydraulic Press,PUN-01,0,0,0,0,0,0,0,0,0,0,0
2023-04-10,AST-2017,Hydraulic Press,PUN-01,0,1,0,1,2,0,0,0,0,0,0
2023-04-11,AST-2017,Hydraulic Press,PUN-01,1,0,0,1,4,0,0,0,0,0,0
2023-04-12,AST-2017,Hydraulic Press,PUN-01,3,3,1,7,19,1,1,1,1,1,1
2023-04-13,AST-2017,Hydraulic Press,PUN-01,2,1,0,3,10,1,1,0,0,0,0
2023-04-14,AST-2017,Hydraulic Press,PUN-01,2,1,0,3,10,1,1,0,0,0,0
2023-04-15,AST-2017,Hydraulic Press,PUN-01,0,0,0,0,0,0,0,0,0,0,0
2023-04-16,AST-2017,Hydraulic Press,PUN-01,0,0,0,0,0,0,0,0,0,0,0
2023-04-17,AST-2017,Hydraulic Press,PUN-01,2,2,1,5,13,1,1,1,1,1,0
2023-04-18,AST-2017,Hydraulic Press,PUN-01,1,2,1,4,9,1,0,0,0,0,0
2023-04-19,AST-2017,Hydraulic Press,PUN-01,4,1,0,5,18,1,1,1,1,1,1
2023-04-20,AST-2017,Hydraulic Press,PUN-01,1,1,1,3,7,1,0,0,0,0,0
2023-04-21,AST-2017,Hydraulic Press,PUN-01,1,1,0,2,6,0,0,0,0,0,0
2023-04-22,AST-2017,Hydraulic Press,PUN-01,0,0,0,0,0,0,0,0,0,0,0
2023-04-23,AST-2017,Hydraulic Press,PUN-01,0,0,0,0,0,0,0,0,0,0,0
2023-04-24,AST-2017,Hydraulic Press,PUN-01,1,1,2,4,8,1,0,0,0,0,0
2023-04-25,AST-2017,Hydraulic Press,PUN-01,0,2,1,3,5,0,0,0,0,0,0
2023-04-26,AST-2017,Hydraulic Press,PUN-01,2,1,1,4,11,1,1,1,0,0,0
2023-04-27,AST-2017,Hydraulic Press,PUN-01,2,2,0,4,12,1,1,1,1,0,0
2023-04-28,AST-2017,Hydraulic Press,PUN-01,1,2,1,4,9,1,0,0,0,0,0
2023-04-29,AST-2017,Hydraulic Press,PUN-01,0,0,0,0,0,0,0,0,0,0,0
2023-04-30,AST-2017,Hydraulic Press,PUN-01,0,0,0,0,0,0,0,0,0,0,0
2023-05-01,AST-2017,Hydraulic Press,PUN-01,2,3,1,6,15,1,1,1,1,1,1
2023-05-02,AST-2017,Hydraulic Press,PUN-01,5,2,1,8,25,1,1,1,1,1,1
2023-05-03,AST-2017,Hydraulic Press,PUN-01,0,1,1,2,3,0,0,0,0,0,0
2023-05-04,AST-2017,Hydraulic Press,PUN-01,2,1,0,3,10,1,1,0,0,0,0
2023-05-05,AST-2017,Hydraulic Press,PUN-01,0,2,0,2,4,0,0,0,0,0,0
2023-05-06,AST-2017,Hydraulic Press,PUN-01,0,0,0,0,0,0,0,0,0,0,0
2023-05-07,AST-2017,Hydraulic Press,PUN-01,0,0,0,0,0,0,0,0,0,0,0
2023-05-08,AST-2017,Hydraulic Press,PUN-01,1,2,0,3,8,1,0,0,0,0,0
2023-05-09,AST-2017,Hydraulic Press,PUN-01,0,1,1,2,3,0,0,0,0,0,0
2023-05-10,AST-2017,Hydraulic Press,PUN-01,3,2,0,5,16,1,1,1,1,1,1
2023-05-11,AST-2017,Hydraulic Press,PUN-01,1,1,1,3,7,1,0,0,0,0,0
2023-05-12,AST-2017,Hydraulic Press,PUN-01,0,2,1,3,5,0,0,0,0,0,0
2023-05-13,AST-2017,Hydraulic Press,PUN-01,0,0,0,0,0,0,0,0,0,0,0
2023-05-14,AST-2017,Hydraulic Press,PUN-01,0,0,0,0,0,0,0,0,0,0,0
2023-05-15,AST-2017,Hydraulic Press,PUN-01,2,2,0,4,12,1,1,1,1,0,0
2023-05-16,AST-2017,Hydraulic Press,PUN-01,0,1,0,1,2,0,0,0,0,0,0
2023-05-17,AST-2017,Hydraulic Press,PUN-01,2,0,2,4,10,1,1,0,0,0,0
2023-05-18,AST-2017,Hydraulic Press,PUN-01,1,1,0,2,6,0,0,0,0,0,0
2023-05-19,AST-2017,Hydraulic Press,PUN-01,2,1,0,3,10,1,1,0,0,0,0
2023-05-20,AST-2017,Hydraulic Press,PUN-01,0,0,0,0,0,0,0,0,0,0,0
2023-05-21,AST-2017,Hydraulic Press,PUN-01,0,0,0,0,0,0,0,0,0,0,0
2023-05-22,AST-2017,Hydraulic Press,PUN-01,2,1,0,3,10,1,1,0,0,0,0
2023-05-23,AST-2017,Hydraulic Press,PUN-01,1,1,0,2,6,0,0,0,0,0,0
2023-05-24,AST-2017,Hydraulic Press,PUN-01,3,1,1,5,15,1,1,1,1,1,1
2023-05-25,AST-2017,Hydraulic Press,PUN-01,2,0,0,2,8,1,0,0,0,0,0
2023-05-26,AST-2017,Hydraulic Press,PUN-01,0,1,1,2,3,0,0,0,0,0,0
2023-05-27,AST-2017,Hydraulic Press,PUN-01,0,0,0,0,0,0,0,0,0,0,0
2023-05-28,AST-2017,Hydraulic Press,PUN-01,0,0,0,0,0,0,0,0,0,0,0
2023-05-29,AST-2017,Hydraulic Press,PUN-01,0,1,1,2,3,0,0,0,0,0,0
2023-05-30,AST-2017,Hydraulic Press,PUN-01,2,0,0,2,8,1,0,0,0,0,0
2023-05-31,AST-2017,Hydraulic Press,PUN-01,1,2,1,4,9,1,0,0,0,0,0
2023-06-01,AST-2017,Hydraulic Press,PUN-01,1,1,0,2,6,0,0,0,0,0,0
2023-06-02,AST-2017,Hydraulic Press,PUN-01,2,1,1,4,11,1,1,1,0,0,0
2023-06-03,AST-2017,Hydraulic Press,PUN-01,0,0,0,0,0,0,0,0,0,0,0
2023-06-04,AST-2017,Hydraulic Press,PUN-01,0,0,0,0,0,0,0,0,0,0,0
2023-06-05,AST-2017,Hydraulic Press,PUN-01,1,1,2,4,8,1,0,0,0,0,0
2023-06-06,AST-2017,Hydraulic Press,PUN-01,0,2,2,4,6,0,0,0,0,0,0
2023-06-07,AST-2017,Hydraulic Press,PUN-01,1,1,0,2,6,0,0,0,0,0,0
2023-06-08,AST-2017,Hydraulic Press,PUN-01,3,1,0,4,14,1,1,1,1,1,1
2023-06-09,AST-2017,Hydraulic Press,PUN-01,2,1,0,3,10,1,1,0,0,0,0
2023-06-10,AST-2017,Hydraulic Press,PUN-01,0,0,0,0,0,0,0,0,0,0,0
2023-06-11,AST-2017,Hydraulic Press,PUN-01,0,0,0,0,0,0,0,0,0,0,0
2023-06-12,AST-2017,Hydraulic Press,PUN-01,0,0,0,0,0,0,0,0,0,0,0
2023-06-13,AST-2017,Hydraulic Press,PUN-01,1,0,2,3,6,0,0,0,0,0,0
2023-06-14,AST-2017,Hydraulic Press,PUN-01,2,2,0,4,12,1,1,1,1,0,0
2023-06-15,AST-2017,Hydraulic Press,PUN-01,1,3,1,5,11,1,1,1,0,0,0
2023-06-16,AST-2017,Hydraulic Press,PUN-01,2,4,1,7,17,1,1,1,1,1,1
2023-06-17,AST-2017,Hydraulic Press,PUN-01,0,0,0,0,0,0,0,0,0,0,0
2023-06-18,AST-2017,Hydraulic Press,PUN-01,0,0,0,0,0,0,0,0,0,0,0
2023-06-19,AST-2017,Hydraulic Press,PUN-01,3,0,1,4,13,1,1,1,1,1,0
2023-06-20,AST-2017,Hydraulic Press,PUN-01,0,0,0,0,0,0,0,0,0,0,0
2023-06-21,AST-2017,Hydraulic Press,PUN-01,2,1,2,5,12,1,1,1,1,0,0
2023-06-22,AST-2017,Hydraulic Press,PUN-01,0,1,0,1,2,0,0,0,0,0,0
2023-06-23,AST-2017,Hydraulic Press,PUN-01,0,0,1,1,1,0,0,0,0,0,0
2023-06-24,AST-2017,Hydraulic Press,PUN-01,0,0,0,0,0,0,0,0,0,0,0
2023-06-25,AST-2017,Hydraulic Press,PUN-01,0,0,0,0,0,0,0,0,0,0,0
2023-06-26,AST-2017,Hydraulic Press,PUN-01,3,0,0,3,12,1,1,1,1,0,0
2023-06-27,AST-2017,Hydraulic Press,PUN-01,2,1,1,4,11,1,1,1,0,0,0
2023-06-28,AST-2017,Hydraulic Press,PUN-01,2,0,1,3,9,1,0,0,0,0,0
2023-06-29,AST-2017,Hydraulic Press,PUN-01,2,0,1,3,9,1,0,0,0,0,0
2023-06-30,AST-2017,Hydraulic Press,PUN-01,1,0,0,1,4,0,0,0,0,0,0
2023-07-01,AST-2017,Hydraulic Press,PUN-01,0,0,0,0,0,0,0,0,0,0,0
2023-07-02,AST-2017,Hydraulic Press,PUN-01,0,0,0,0,0,0,0,0,0,0,0
2023-07-03,AST-2017,Hydraulic Press,PUN-01,0,0,1,1,1,0,0,0,0,0,0
2023-07-04,AST-2017,Hydraulic Press,PUN-01,2,5,0,7,18,1,1,1,1,1,1
2023-07-05,AST-2017,Hydraulic Press,PUN-01,2,2,1,5,13,1,1,1,1,1,0
2023-07-06,AST-2017,Hydraulic Press,PUN-01,0,3,0,3,6,0,0,0,0,0,0
2023-07-07,AST-2017,Hydraulic Press,PUN-01,2,1,1,4,11,1,1,1,0,0,0
2023-07-08,AST-2017,Hydraulic Press,PUN-01,0,0,0,0,0,0,0,0,0,0,0
2023-07-09,AST-2017,Hydraulic Press,PUN-01,0,0,0,0,0,0,0,0,0,0,0
2023-07-10,AST-2017,Hydraulic Press,PUN-01,1,3,0,4,10,1,1,0,0,0,0
2023-07-11,AST-2017,Hydraulic Press,PUN-01,3,1,2,6,16,1,1,1,1,1,1
2023-07-12,AST-2017,Hydraulic Press,PUN-01,1,1,1,3,7,1,0,0,0,0,0
2023-07-13,AST-2017,Hydraulic Press,PUN-01,0,3,0,3,6,0,0,0,0,0,0
2023-07-14,AST-2017,Hydraulic Press,PUN-01,2,2,2,6,14,1,1,1,1,1,1
2023-07-15,AST-2017,Hydraulic Press,PUN-01,0,0,0,0,0,0,0,0,0,0,0
2023-07-16,AST-2017,Hydraulic Press,PUN-01,0,0,0,0,0,0,0,0,0,0,0
2023-07-17,AST-2017,Hydraulic Press,PUN-01,0,1,0,1,2,0,0,0,0,0,0
2023-07-18,AST-2017,Hydraulic Press,PUN-01,2,0,1,3,9,1,0,0,0,0,0
2023-07-19,AST-2017,Hydraulic Press,PUN-01,2,3,1,6,15,1,1,1,1,1,1
2023-07-20,AST-2017,Hydraulic Press,PUN-01,2,1,0,3,10,1,1,0,0,0,0
2023-07-21,AST-2017,Hydraulic Press,PUN-01,1,1,0,2,6,0,0,0,0,0,0
2023-07-22,AST-2017,Hydraulic Press,PUN-01,0,0,0,0,0,0,0,0,0,0,0
2023-07-23,AST-2017,Hydraulic Press,PUN-01,0,0,0,0,0,0,0,0,0,0,0
2023-07-24,AST-2017,Hydraulic Press,PUN-01,1,1,0,2,6,0,0,0,0,0,0
2023-07-25,AST-2017,Hydraulic Press,PUN-01,2,2,1,5,13,1,1,1,1,1,0
2023-07-26,AST-2017,Hydraulic Press,PUN-01,0,2,1,3,5,0,0,0,0,0,0
2023-07-27,AST-2017,Hydraulic Press,PUN-01,2,3,1,6,15,1,1,1,1,1,1
2023-07-28,AST-2017,Hydraulic Press,PUN-01,2,1,1,4,11,1,1,1,0,0,0
2023-07-29,AST-2017,Hydraulic Press,PUN-01,0,0,0,0,0,0,0,0,0,0,0
2023-07-30,AST-2017,Hydraulic Press,PUN-01,0,0,0,0,0,0,0,0,0,0,0
2023-07-31,AST-2017,Hydraulic Press,PUN-01,2,1,0,3,10,1,1,0,0,0,0
2023-08-01,AST-2017,Hydraulic Press,PUN-01,1,2,0,3,8,1,0,0,0,0,0
2023-08-02,AST-2017,Hydraulic Press,PUN-01,1,2,1,4,9,1,0,0,0,0,0
2023-08-03,AST-2017,Hydraulic Press,PUN-01,0,0,0,0,0,0,0,0,0,0,0
2023-08-04,AST-2017,Hydraulic Press,PUN-01,1,0,0,1,4,0,0,0,0,0,0
2023-08-05,AST-2017,Hydraulic Press,PUN-01,0,0,0,0,0,0,0,0,0,0,0
2023-08-06,AST-2017,Hydraulic Press,PUN-01,0,0,0,0,0,0,0,0,0,0,0
2023-08-07,AST-2017,Hydraulic Press,PUN-01,1,2,1,4,9,1,0,0,0,0,0
2023-08-08,AST-2017,Hydraulic Press,PUN-01,0,0,1,1,1,0,0,0,0,0,0
2023-08-09,AST-2017,Hydraulic Press,PUN-01,2,2,1,5,13,1,1,1,1,1,0
2023-08-10,AST-2017,Hydraulic Press,PUN-01,0,4,1,5,9,1,0,0,0,0,0
2023-08-11,AST-2017,Hydraulic Press,PUN-01,1,1,2,4,8,1,0,0,0,0,0
2023-08-12,AST-2017,Hydraulic Press,PUN-01,0,0,0,0,0,0,0,0,0,0,0
2023-08-13,AST-2017,Hydraulic Press,PUN-01,0,0,0,0,0,0,0,0,0,0,0
2023-08-14,AST-2017,Hydraulic Press,PUN-01,1,2,1,4,9,1,0,0,0,0,0
2023-08-15,AST-2017,Hydraulic Press,PUN-01,1,2,1,4,9,1,0,0,0,0,0
2023-08-16,AST-2017,Hydraulic Press,PUN-01,1,0,0,1,4,0,0,0,0,0,0
2023-08-17,AST-2017,Hydraulic Press,PUN-01,1,1,0,2,6,0,0,0,0,0,0
2023-08-18,AST-2017,Hydraulic Press,PUN-01,4,1,1,6,19,1,1,1,1,1,1
2023-08-19,AST-2017,Hydraulic Press,PUN-01,0,0,0,0,0,0,0,0,0,0,0
2023-08-20,AST-2017,Hydraulic Press,PUN-01,0,0,0,0,0,0,0,0,0,0,0
2023-08-21,AST-2017,Hydraulic Press,PUN-01,0,1,1,2,3,0,0,0,0,0,0
2023-08-22,AST-2017,Hydraulic Press,PUN-01,1,1,0,2,6,0,0,0,0,0,0
2023-08-23,AST-2017,Hydraulic Press,PUN-01,1,0,0,1,4,0,0,0,0,0,0
2023-08-24,AST-2017,Hydraulic Press,PUN-01,1,2,3,6,11,1,1,1,0,0,0
2023-08-25,AST-2017,Hydraulic Press,PUN-01,1,2,1,4,9,1,0,0,0,0,0
2023-08-26,AST-2017,Hydraulic Press,PUN-01,0,0,0,0,0,0,0,0,0,0,0
2023-08-27,AST-2017,Hydraulic Press,PUN-01,0,0,0,0,0,0,0,0,0,0,0
2023-08-28,AST-2017,Hydraulic Press,PUN-01,0,0,1,1,1,0,0,0,0,0,0
2023-08-29,AST-2017,Hydraulic Press,PUN-01,1,3,0,4,10,1,1,0,0,0,0
2023-08-30,AST-2017,Hydraulic Press,PUN-01,0,1,0,1,2,0,0,0,0,0,0
2023-08-31,AST-2017,Hydraulic Press,PUN-01,0,2,0,2,4,0,0,0,0,0,0
2023-09-01,AST-2017,Hydraulic Press,PUN-01,2,1,1,4,11,1,1,1,0,0,0
2023-09-02,AST-2017,Hydraulic Press,PUN-01,0,0,0,0,0,0,0,0,0,0,0
2023-09-03,AST-2017,Hydraulic Press,PUN-01,0,0,0,0,0,0,0,0,0,0,0
2023-09-04,AST-2017,Hydraulic Press,PUN-01,2,2,1,5,13,1,1,1,1,1,0
2023-09-05,AST-2017,Hydraulic Press,PUN-01,1,2,1,4,9,1,0,0,0,0,0
2023-09-06,AST-2017,Hydraulic Press,PUN-01,1,1,1,3,7,1,0,0,0,0,0
2023-09-07,AST-2017,Hydraulic Press,PUN-01,1,1,1,3,7,1,0,0,0,0,0
2023-09-08,AST-2017,Hydraulic Press,PUN-01,2,1,0,3,10,1,1,0,0,0,0
2023-09-09,AST-2017,Hydraulic Press,PUN-01,0,0,0,0,0,0,0,0,0,0,0
2023-09-10,AST-2017,Hydraulic Press,PUN-01,0,0,0,0,0,0,0,0,0,0,0
2023-09-11,AST-2017,Hydraulic Press,PUN-01,0,2,1,3,5,0,0,0,0,0,0
2023-09-12,AST-2017,Hydraulic Press,PUN-01,1,2,0,3,8,1,0,0,0,0,0
2023-09-13,AST-2017,Hydraulic Press,PUN-01,1,3,1,5,11,1,1,1,0,0,0
2023-09-14,AST-2017,Hydraulic Press,PUN-01,3,1,0,4,14,1,1,1,1,1,1
2023-09-15,AST-2017,Hydraulic Press,PUN-01,0,0,0,0,0,0,0,0,0,0,0
2023-09-16,AST-2017,Hydraulic Press,PUN-01,0,0,0,0,0,0,0,0,0,0,0
2023-09-17,AST-2017,Hydraulic Press,PUN-01,0,0,0,0,0,0,0,0,0,0,0
2023-09-18,AST-2017,Hydraulic Press,PUN-01,2,2,0,4,12,1,1,1,1,0,0
2023-09-19,AST-2017,Hydraulic Press,PUN-01,5,3,0,8,26,1,1,1,1,1,1
2023-09-20,AST-2017,Hydraulic Press,PUN-01,1,0,1,2,5,0,0,0,0,0,0
2023-09-21,AST-2017,Hydraulic Press,PUN-01,2,2,0,4,12,1,1,1,1,0,0
2023-09-22,AST-2017,Hydraulic Press,PUN-01,0,3,2,5,8,1,0,0,0,0,0
2023-09-23,AST-2017,Hydraulic Press,PUN-01,0,0,0,0,0,0,0,0,0,0,0
2023-09-24,AST-2017,Hydraulic Press,PUN-01,0,0,0,0,0,0,0,0,0,0,0
2023-09-25,AST-2017,Hydraulic Press,PUN-01,1,2,0,3,8,1,0,0,0,0,0
2023-09-26,AST-2017,Hydraulic Press,PUN-01,1,2,3,6,11,1,1,1,0,0,0
2023-09-27,AST-2017,Hydraulic Press,PUN-01,1,1,1,3,7,1,0,0,0,0,0
2023-09-28,AST-2017,Hydraulic Press,PUN-01,1,3,0,4,10,1,1,0,0,0,0
2023-09-29,AST-2017,Hydraulic Press,PUN-01,3,0,1,4,13,1,1,1,1,1,0
2023-09-30,AST-2017,Hydraulic Press,PUN-01,0,0,0,0,0,0,0,0,0,0,0
2023-10-01,AST-2017,Hydraulic Press,PUN-01,0,0,0,0,0,0,0,0,0,0,0
2023-10-02,AST-2017,Hydraulic Press,PUN-01,0,2,0,2,4,0,0,0,0,0,0
2023-10-03,AST-2017,Hydraulic Press,PUN-01,2,1,0,3,10,1,1,0,0,0,0
2023-10-04,AST-2017,Hydraulic Press,PUN-01,1,4,2,7,14,1,1,1,1,1,1
2023-10-05,AST-2017,Hydraulic Press,PUN-01,2,2,0,4,12,1,1,1,1,0,0
2023-10-06,AST-2017,Hydraulic Press,PUN-01,1,0,0,1,4,0,0,0,0,0,0
2023-10-07,AST-2017,Hydraulic Press,PUN-01,0,0,0,0,0,0,0,0,0,0,0
2023-10-08,AST-2017,Hydraulic Press,PUN-01,0,0,0,0,0,0,0,0,0,0,0
2023-10-09,AST-2017,Hydraulic Press,PUN-01,1,3,0,4,10,1,1,0,0,0,0
2023-10-10,AST-2017,Hydraulic Press,PUN-01,2,0,2,4,10,1,1,0,0,0,0
2023-10-11,AST-2017,Hydraulic Press,PUN-01,4,1,2,7,20,1,1,1,1,1,1
2023-10-12,AST-2017,Hydraulic Press,PUN-01,0,0,2,2,2,0,0,0,0,0,0
2023-10-13,AST-2017,Hydraulic Press,PUN-01,1,1,1,3,7,1,0,0,0,0,0
2023-10-14,AST-2017,Hydraulic Press,PUN-01,0,0,0,0,0,0,0,0,0,0,0
2023-10-15,AST-2017,Hydraulic Press,PUN-01,0,0,0,0,0,0,0,0,0,0,0
2023-10-16,AST-2017,Hydraulic Press,PUN-01,2,2,0,4,12,1,1,1,1,0,0
2023-10-17,AST-2017,Hydraulic Press,PUN-01,2,1,1,4,11,1,1,1,0,0,0
2023-10-18,AST-2017,Hydraulic Press,PUN-01,1,1,0,2,6,0,0,0,0,0,0
2023-10-19,AST-2017,Hydraulic Press,PUN-01,1,1,0,2,6,0,0,0,0,0,0
2023-10-20,AST-2017,Hydraulic Press,PUN-01,1,1,0,2,6,0,0,0,0,0,0
2023-10-21,AST-2017,Hydraulic Press,PUN-01,0,0,0,0,0,0,0,0,0,0,0
2023-10-22,AST-2017,Hydraulic Press,PUN-01,0,0,0,0,0,0,0,0,0,0,0
2023-10-23,AST-2017,Hydraulic Press,PUN-01,2,2,0,4,12,1,1,1,1,0,0
2023-10-24,AST-2017,Hydraulic Press,PUN-01,1,0,1,2,5,0,0,0,0,0,0
2023-10-25,AST-2017,Hydraulic Press,PUN-01,1,2,1,4,9,1,0,0,0,0,0
2023-10-26,AST-2017,Hydraulic Press,PUN-01,3,3,0,6,18,1,1,1,1,1,1
2023-10-27,AST-2017,Hydraulic Press,PUN-01,0,1,1,2,3,0,0,0,0,0,0
2023-10-28,AST-2017,Hydraulic Press,PUN-01,0,0,0,0,0,0,0,0,0,0,0
2023-10-29,AST-2017,Hydraulic Press,PUN-01,0,0,0,0,0,0,0,0,0,0,0
2023-10-30,AST-2017,Hydraulic Press,PUN-01,0,2,1,3,5,0,0,0,0,0,0
2023-10-31,AST-2017,Hydraulic Press,PUN-01,3,2,1,6,17,1,1,1,1,1,1
2023-11-01,AST-2017,Hydraulic Press,PUN-01,2,0,0,2,8,1,0,0,0,0,0
2023-11-02,AST-2017,Hydraulic Press,PUN-01,0,2,2,4,6,0,0,0,0,0,0
2023-11-03,AST-2017,Hydraulic Press,PUN-01,0,1,0,1,2,0,0,0,0,0,0
2023-11-04,AST-2017,Hydraulic Press,PUN-01,0,0,0,0,0,0,0,0,0,0,0
2023-11-05,AST-2017,Hydraulic Press,PUN-01,0,0,0,0,0,0,0,0,0,0,0
2023-11-06,AST-2017,Hydraulic Press,PUN-01,1,4,2,7,14,1,1,1,1,1,1
2023-11-07,AST-2017,Hydraulic Press,PUN-01,2,2,0,4,12,1,1,1,1,0,0
2023-11-08,AST-2017,Hydraulic Press,PUN-01,4,2,1,7,21,1,1,1,1,1,1
2023-11-09,AST-2017,Hydraulic Press,PUN-01,2,1,0,3,10,1,1,0,0,0,0
2023-11-10,AST-2017,Hydraulic Press,PUN-01,1,0,0,1,4,0,0,0,0,0,0
2023-11-11,AST-2017,Hydraulic Press,PUN-01,0,0,0,0,0,0,0,0,0,0,0
2023-11-12,AST-2017,Hydraulic Press,PUN-01,0,0,0,0,0,0,0,0,0,0,0
2023-11-13,AST-2017,Hydraulic Press,PUN-01,2,2,2,6,14,1,1,1,1,1,1
2023-11-14,AST-2017,Hydraulic Press,PUN-01,2,2,0,4,12,1,1,1,1,0,0
2023-11-15,AST-2017,Hydraulic Press,PUN-01,0,0,2,2,2,0,0,0,0,0,0
2023-11-16,AST-2017,Hydraulic Press,PUN-01,1,2,0,3,8,1,0,0,0,0,0
2023-11-17,AST-2017,Hydraulic Press,PUN-01,1,2,1,4,9,1,0,0,0,0,0
2023-11-18,AST-2017,Hydraulic Press,PUN-01,0,0,0,0,0,0,0,0,0,0,0
2023-11-19,AST-2017,Hydraulic Press,PUN-01,0,0,0,0,0,0,0,0,0,0,0
2023-11-20,AST-2017,Hydraulic Press,PUN-01,1,1,0,2,6,0,0,0,0,0,0
2023-11-21,AST-2017,Hydraulic Press,PUN-01,0,1,4,5,6,0,0,0,0,0,0
2023-11-22,AST-2017,Hydraulic Press,PUN-01,2,2,0,4,12,1,1,1,1,0,0
2023-11-23,AST-2017,Hydraulic Press,PUN-01,1,2,2,5,10,1,1,0,0,0,0
2023-11-24,AST-2017,Hydraulic Press,PUN-01,1,2,1,4,9,1,0,0,0,0,0
2023-11-25,AST-2017,Hydraulic Press,PUN-01,0,0,0,0,0,0,0,0,0,0,0
2023-11-26,AST-2017,Hydraulic Press,PUN-01,0,0,0,0,0,0,0,0,0,0,0
2023-11-27,AST-2017,Hydraulic Press,PUN-01,1,3,1,5,11,1,1,1,0,0,0
2023-11-28,AST-2017,Hydraulic Press,PUN-01,1,2,1,4,9,1,0,0,0,0,0
2023-11-29,AST-2017,Hydraulic Press,PUN-01,0,0,2,2,2,0,0,0,0,0,0
2023-11-30,AST-2017,Hydraulic Press,PUN-01,1,1,0,2,6,0,0,0,0,0,0
2023-12-01,AST-2017,Hydraulic Press,PUN-01,2,2,2,6,14,1,1,1,1,1,1
2023-12-02,AST-2017,Hydraulic Press,PUN-01,0,0,0,0,0,0,0,0,0,0,0
2023-12-03,AST-2017,Hydraulic Press,PUN-01,0,0,0,0,0,0,0,0,0,0,0
2023-12-04,AST-2017,Hydraulic Press,PUN-01,2,3,0,5,14,1,1,1,1,1,1
2023-12-05,AST-2017,Hydraulic Press,PUN-01,0,1,1,2,3,0,0,0,0,0,0
2023-12-06,AST-2017,Hydraulic Press,PUN-01,1,0,0,1,4,0,0,0,0,0,0
2023-12-07,AST-2017,Hydraulic Press,PUN-01,1,1,0,2,6,0,0,0,0,0,0
2023-12-08,AST-2017,Hydraulic Press,PUN-01,0,2,3,5,7,1,0,0,0,0,0
2023-12-09,AST-2017,Hydraulic Press,PUN-01,0,0,0,0,0,0,0,0,0,0,0
2023-12-10,AST-2017,Hydraulic Press,PUN-01,0,0,0,0,0,0,0,0,0,0,0
2023-12-11,AST-2017,Hydraulic Press,PUN-01,0,2,0,2,4,0,0,0,0,0,0
2023-12-12,AST-2017,Hydraulic Press,PUN-01,2,1,3,6,13,1,1,1,1,1,0
2023-12-13,AST-2017,Hydraulic Press,PUN-01,3,1,0,4,14,1,1,1,1,1,1
2023-12-14,AST-2017,Hydraulic Press,PUN-01,1,1,1,3,7,1,0,0,0,0,0
2023-12-15,AST-2017,Hydraulic Press,PUN-01,0,3,0,3,6,0,0,0,0,0,0
2023-12-16,AST-2017,Hydraulic Press,PUN-01,0,0,0,0,0,0,0,0,0,0,0
2023-12-17,AST-2017,Hydraulic Press,PUN-01,0,0,0,0,0,0,0,0,0,0,0
2023-12-18,AST-2017,Hydraulic Press,PUN-01,1,0,1,2,5,0,0,0,0,0,0
2023-12-19,AST-2017,Hydraulic Press,PUN-01,1,1,0,2,6,0,0,0,0,0,0
2023-12-20,AST-2017,Hydraulic Press,PUN-01,2,3,0,5,14,1,1,1,1,1,1
2023-12-21,AST-2017,Hydraulic Press,PUN-01,0,1,1,2,3,0,0,0,0,0,0
2023-12-22,AST-2017,Hydraulic Press,PUN-01,1,3,1,5,11,1,1,1,0,0,0
2023-12-23,AST-2017,Hydraulic Press,PUN-01,0,0,0,0,0,0,0,0,0,0,0
2023-12-24,AST-2017,Hydraulic Press,PUN-01,0,0,0,0,0,0,0,0,0,0,0
2023-12-25,AST-2017,Hydraulic Press,PUN-01,3,1,1,5,15,1,1,1,1,1,1
2023-12-26,AST-2017,Hydraulic Press,PUN-01,1,0,0,1,4,0,0,0,0,0,0
2023-12-27,AST-2017,Hydraulic Press,PUN-01,3,2,0,5,16,1,1,1,1,1,1
2023-12-28,AST-2017,Hydraulic Press,PUN-01,1,0,1,2,5,0,0,0,0,0,0
2023-12-29,AST-2017,Hydraulic Press,PUN-01,1,2,1,4,9,1,0,0,0,0,0
2023-12-30,AST-2017,Hydraulic Press,PUN-01,0,0,0,0,0,0,0,0,0,0,0
2023-12-31,AST-2017,Hydraulic Press,PUN-01,0,0,0,0,0,0,0,0,0,0,0
2024-01-01,AST-2017,Hydraulic Press,PUN-01,1,1,1,3,7,1,0,0,0,0,0
2024-01-02,AST-2017,Hydraulic Press,PUN-01,2,1,0,3,10,1,1,0,0,0,0
2024-01-03,AST-2017,Hydraulic Press,PUN-01,1,2,0,3,8,1,0,0,0,0,0
2024-01-04,AST-2017,Hydraulic Press,PUN-01,2,2,0,4,12,1,1,1,1,0,0
2024-01-05,AST-2017,Hydraulic Press,PUN-01,1,0,2,3,6,0,0,0,0,0,0
2024-01-06,AST-2017,Hydraulic Press,PUN-01,0,0,0,0,0,0,0,0,0,0,0
2024-01-07,AST-2017,Hydraulic Press,PUN-01,0,0,0,0,0,0,0,0,0,0,0
2024-01-08,AST-2017,Hydraulic Press,PUN-01,1,0,0,1,4,0,0,0,0,0,0
2024-01-09,AST-2017,Hydraulic Press,PUN-01,2,2,0,4,12,1,1,1,1,0,0
2024-01-10,AST-2017,Hydraulic Press,PUN-01,2,3,0,5,14,1,1,1,1,1,1
2024-01-11,AST-2017,Hydraulic Press,PUN-01,1,1,1,3,7,1,0,0,0,0,0
2024-01-12,AST-2017,Hydraulic Press,PUN-01,3,0,0,3,12,1,1,1,1,0,0
2024-01-13,AST-2017,Hydraulic Press,PUN-01,0,0,0,0,0,0,0,0,0,0,0
2024-01-14,AST-2017,Hydraulic Press,PUN-01,0,0,0,0,0,0,0,0,0,0,0
2024-01-15,AST-2017,Hydraulic Press,PUN-01,3,1,1,5,15,1,1,1,1,1,1
2024-01-16,AST-2017,Hydraulic Press,PUN-01,1,1,1,3,7,1,0,0,0,0,0
2024-01-17,AST-2017,Hydraulic Press,PUN-01,2,1,0,3,10,1,1,0,0,0,0
2024-01-18,AST-2017,Hydraulic Press,PUN-01,1,3,1,5,11,1,1,1,0,0,0
2024-01-19,AST-2017,Hydraulic Press,PUN-01,2,4,0,6,16,1,1,1,1,1,1
2024-01-20,AST-2017,Hydraulic Press,PUN-01,0,0,0,0,0,0,0,0,0,0,0
2024-01-21,AST-2017,Hydraulic Press,PUN-01,0,0,0,0,0,0,0,0,0,0,0
2024-01-22,AST-2017,Hydraulic Press,PUN-01,1,1,1,3,7,1,0,0,0,0,0
2024-01-23,AST-2017,Hydraulic Press,PUN-01,1,3,2,6,12,1,1,1,1,0,0
2024-01-24,AST-2017,Hydraulic Press,PUN-01,2,1,0,3,10,1,1,0,0,0,0
2024-01-25,AST-2017,Hydraulic Press,PUN-01,1,2,1,4,9,1,0,0,0,0,0
2024-01-26,AST-2017,Hydraulic Press,PUN-01,2,1,0,3,10,1,1,0,0,0,0
2024-01-27,AST-2017,Hydraulic Press,PUN-01,0,0,0,0,0,0,0,0,0,0,0
2024-01-28,AST-2017,Hydraulic Press,PUN-01,0,0,0,0,0,0,0,0,0,0,0
2024-01-29,AST-2017,Hydraulic Press,PUN-01,1,1,0,2,6,0,0,0,0,0,0
2024-01-30,AST-2017,Hydraulic Press,PUN-01,0,1,1,2,3,0,0,0,0,0,0
2024-01-31,AST-2017,Hydraulic Press,PUN-01,1,0,0,1,4,0,0,0,0,0,0
2024-02-01,AST-2017,Hydraulic Press,PUN-01,1,2,1,4,9,1,0,0,0,0,0
2024-02-02,AST-2017,Hydraulic Press,PUN-01,1,3,1,5,11,1,1,1,0,0,0
2024-02-03,AST-2017,Hydraulic Press,PUN-01,0,0,0,0,0,0,0,0,0,0,0
2024-02-04,AST-2017,Hydraulic Press,PUN-01,0,0,0,0,0,0,0,0,0,0,0
2024-02-05,AST-2017,Hydraulic Press,PUN-01,2,3,2,7,16,1,1,1,1,1,1
2024-02-06,AST-2017,Hydraulic Press,PUN-01,0,0,0,0,0,0,0,0,0,0,0
2024-02-07,AST-2017,Hydraulic Press,PUN-01,2,2,1,5,13,1,1,1,1,1,0
2024-02-08,AST-2017,Hydraulic Press,PUN-01,3,1,0,4,14,1,1,1,1,1,1
2024-02-09,AST-2017,Hydraulic Press,PUN-01,2,3,0,5,14,1,1,1,1,1,1
2024-02-10,AST-2017,Hydraulic Press,PUN-01,0,0,0,0,0,0,0,0,0,0,0
2024-02-11,AST-2017,Hydraulic Press,PUN-01,0,0,0,0,0,0,0,0,0,0,0
2024-02-12,AST-2017,Hydraulic Press,PUN-01,1,2,0,3,8,1,0,0,0,0,0
2024-02-13,AST-2017,Hydraulic Press,PUN-01,0,4,0,4,8,1,0,0,0,0,0
2024-02-14,AST-2017,Hydraulic Press,PUN-01,3,2,0,5,16,1,1,1,1,1,1
2024-02-15,AST-2017,Hydraulic Press,PUN-01,1,1,0,2,6,0,0,0,0,0,0
2024-02-16,AST-2017,Hydraulic Press,PUN-01,2,0,2,4,10,1,1,0,0,0,0
2024-02-17,AST-2017,Hydraulic Press,PUN-01,0,0,0,0,0,0,0,0,0,0,0
2024-02-18,AST-2017,Hydraulic Press,PUN-01,0,0,0,0,0,0,0,0,0,0,0
2024-02-19,AST-2017,Hydraulic Press,PUN-01,2,2,1,5,13,1,1,1,1,1,0
2024-02-20,AST-2017,Hydraulic Press,PUN-01,1,2,0,3,8,1,0,0,0,0,0
2024-02-21,AST-2017,Hydraulic Press,PUN-01,1,2,1,4,9,1,0,0,0,0,0
2024-02-22,AST-2017,Hydraulic Press,PUN-01,2,2,1,5,13,1,1,1,1,1,0
2024-02-23,AST-2017,Hydraulic Press,PUN-01,1,1,0,2,6,0,0,0,0,0,0
2024-02-24,AST-2017,Hydraulic Press,PUN-01,0,0,0,0,0,0,0,0,0,0,0
2024-02-25,AST-2017,Hydraulic Press,PUN-01,0,0,0,0,0,0,0,0,0,0,0
2024-02-26,AST-2017,Hydraulic Press,PUN-01,2,6,0,8,20,1,1,1,1,1,1
2024-02-27,AST-2017,Hydraulic Press,PUN-01,1,2,0,3,8,1,0,0,0,0,0
2024-02-28,AST-2017,Hydraulic Press,PUN-01,0,1,0,1,2,0,0,0,0,0,0
2024-02-29,AST-2017,Hydraulic Press,PUN-01,2,2,0,4,12,1,1,1,1,0,0
2024-03-01,AST-2017,Hydraulic Press,PUN-01,4,3,1,8,23,1,1,1,1,1,1
2024-03-02,AST-2017,Hydraulic Press,PUN-01,0,0,0,0,0,0,0,0,0,0,0
2024-03-03,AST-2017,Hydraulic Press,PUN-01,0,0,0,0,0,0,0,0,0,0,0
2024-03-04,AST-2017,Hydraulic Press,PUN-01,1,0,0,1,4,0,0,0,0,0,0
2024-03-05,AST-2017,Hydraulic Press,PUN-01,1,0,1,2,5,0,0,0,0,0,0
2024-03-06,AST-2017,Hydraulic Press,PUN-01,1,1,0,2,6,0,0,0,0,0,0
2024-03-07,AST-2017,Hydraulic Press,PUN-01,2,0,0,2,8,1,0,0,0,0,0
2024-03-08,AST-2017,Hydraulic Press,PUN-01,3,0,0,3,12,1,1,1,1,0,0
2024-03-09,AST-2017,Hydraulic Press,PUN-01,0,0,0,0,0,0,0,0,0,0,0
2024-03-10,AST-2017,Hydraulic Press,PUN-01,0,0,0,0,0,0,0,0,0,0,0
2024-03-11,AST-2017,Hydraulic Press,PUN-01,1,4,0,5,12,1,1,1,1,0,0
2024-03-12,AST-2017,Hydraulic Press,PUN-01,3,0,1,4,13,1,1,1,1,1,0
2024-03-13,AST-2017,Hydraulic Press,PUN-01,0,4,0,4,8,1,0,0,0,0,0
2024-03-14,AST-2017,Hydraulic Press,PUN-01,1,1,1,3,7,1,0,0,0,0,0
2024-03-15,AST-2017,Hydraulic Press,PUN-01,0,3,0,3,6,0,0,0,0,0,0
2024-03-16,AST-2017,Hydraulic Press,PUN-01,0,0,0,0,0,0,0,0,0,0,0
2024-03-17,AST-2017,Hydraulic Press,PUN-01,0,0,0,0,0,0,0,0,0,0,0
2024-03-18,AST-2017,Hydraulic Press,PUN-01,1,0,1,2,5,0,0,0,0,0,0
2024-03-19,AST-2017,Hydraulic Press,PUN-01,1,1,0,2,6,0,0,0,0,0,0
2024-03-20,AST-2017,Hydraulic Press,PUN-01,2,0,0,2,8,1,0,0,0,0,0
2024-03-21,AST-2017,Hydraulic Press,PUN-01,3,2,0,5,16,1,1,1,1,1,1
2024-03-22,AST-2017,Hydraulic Press,PUN-01,2,0,1,3,9,1,0,0,0,0,0
2024-03-23,AST-2017,Hydraulic Press,PUN-01,0,0,0,0,0,0,0,0,0,0,0
2024-03-24,AST-2017,Hydraulic Press,PUN-01,0,0,0,0,0,0,0,0,0,0,0
2024-03-25,AST-2017,Hydraulic Press,PUN-01,1,3,0,4,10,1,1,0,0,0,0
2024-03-26,AST-2017,Hydraulic Press,PUN-01,0,0,0,0,0,0,0,0,0,0,0
2024-03-27,AST-2017,Hydraulic Press,PUN-01,0,2,0,2,4,0,0,0,0,0,0
2024-03-28,AST-2017,Hydraulic Press,PUN-01,3,0,1,4,13,1,1,1,1,1,0
2024-03-29,AST-2017,Hydraulic Press,PUN-01,0,2,0,2,4,0,0,0,0,0,0
2024-03-30,AST-2017,Hydraulic Press,PUN-01,0,0,0,0,0,0,0,0,0,0,0
2024-03-31,AST-2017,Hydraulic Press,PUN-01,0,0,0,0,0,0,0,0,0,0,0
2024-04-01,AST-2017,Hydraulic Press,PUN-01,0,2,1,3,5,0,0,0,0,0,0
2024-04-02,AST-2017,Hydraulic Press,PUN-01,2,3,1,6,15,1,1,1,1,1,1
2024-04-03,AST-2017,Hydraulic Press,PUN-01,2,2,1,5,13,1,1,1,1,1,0
2024-04-04,AST-2017,Hydraulic Press,PUN-01,1,0,1,2,5,0,0,0,0,0,0
2024-04-05,AST-2017,Hydraulic Press,PUN-01,2,0,1,3,9,1,0,0,0,0,0
2024-04-06,AST-2017,Hydraulic Press,PUN-01,0,0,0,0,0,0,0,0,0,0,0
2024-04-07,AST-2017,Hydraulic Press,PUN-01,0,0,0,0,0,0,0,0,0,0,0
2024-04-08,AST-2017,Hydraulic Press,PUN-01,2,1,0,3,10,1,1,0,0,0,0
2024-04-09,AST-2017,Hydraulic Press,PUN-01,3,0,0,3,12,1,1,1,1,0,0
2024-04-10,AST-2017,Hydraulic Press,PUN-01,2,0,0,2,8,1,0,0,0,0,0
2024-04-11,AST-2017,Hydraulic Press,PUN-01,0,1,0,1,2,0,0,0,0,0,0
2024-04-12,AST-2017,Hydraulic Press,PUN-01,1,5,0,6,14,1,1,1,1,1,1
2024-04-13,AST-2017,Hydraulic Press,PUN-01,0,0,0,0,0,0,0,0,0,0,0
2024-04-14,AST-2017,Hydraulic Press,PUN-01,0,0,0,0,0,0,0,0,0,0,0
2024-04-15,AST-2017,Hydraulic Press,PUN-01,2,4,1,7,17,1,1,1,1,1,1
2024-04-16,AST-2017,Hydraulic Press,PUN-01,0,2,1,3,5,0,0,0,0,0,0
2024-04-17,AST-2017,Hydraulic Press,PUN-01,2,3,1,6,15,1,1,1,1,1,1
2024-04-18,AST-2017,Hydraulic Press,PUN-01,1,2,1,4,9,1,0,0,0,0,0
2024-04-19,AST-2017,Hydraulic Press,PUN-01,1,1,0,2,6,0,0,0,0,0,0
2024-04-20,AST-2017,Hydraulic Press,PUN-01,0,0,0,0,0,0,0,0,0,0,0
2024-04-21,AST-2017,Hydraulic Press,PUN-01,0,0,0,0,0,0,0,0,0,0,0
2024-04-22,AST-2017,Hydraulic Press,PUN-01,1,2,0,3,8,1,0,0,0,0,0
2024-04-23,AST-2017,Hydraulic Press,PUN-01,1,2,0,3,8,1,0,0,0,0,0
2024-04-24,AST-2017,Hydraulic Press,PUN-01,1,1,1,3,7,1,0,0,0,0,0
2024-04-25,AST-2017,Hydraulic Press,PUN-01,2,1,0,3,10,1,1,0,0,0,0
2024-04-26,AST-2017,Hydraulic Press,PUN-01,2,0,0,2,8,1,0,0,0,0,0
2024-04-27,AST-2017,Hydraulic Press,PUN-01,0,0,0,0,0,0,0,0,0,0,0
2024-04-28,AST-2017,Hydraulic Press,PUN-01,0,0,0,0,0,0,0,0,0,0,0
2024-04-29,AST-2017,Hydraulic Press,PUN-01,0,2,0,2,4,0,0,0,0,0,0
2024-04-30,AST-2017,Hydraulic Press,PUN-01,2,1,1,4,11,1,1,1,0,0,0
2024-05-01,AST-2017,Hydraulic Press,PUN-01,4,1,1,6,19,1,1,1,1,1,1
2024-05-02,AST-2017,Hydraulic Press,PUN-01,2,1,1,4,11,1,1,1,0,0,0
2024-05-03,AST-2017,Hydraulic Press,PUN-01,2,1,0,3,10,1,1,0,0,0,0
2024-05-04,AST-2017,Hydraulic Press,PUN-01,0,0,0,0,0,0,0,0,0,0,0
2024-05-05,AST-2017,Hydraulic Press,PUN-01,0,0,0,0,0,0,0,0,0,0,0
2024-05-06,AST-2017,Hydraulic Press,PUN-01,0,3,1,4,7,1,0,0,0,0,0
2024-05-07,AST-2017,Hydraulic Press,PUN-01,0,1,1,2,3,0,0,0,0,0,0
2024-05-08,AST-2017,Hydraulic Press,PUN-01,1,0,0,1,4,0,0,0,0,0,0
2024-05-09,AST-2017,Hydraulic Press,PUN-01,1,2,0,3,8,1,0,0,0,0,0
2024-05-10,AST-2017,Hydraulic Press,PUN-01,2,1,1,4,11,1,1,1,0,0,0
2024-05-11,AST-2017,Hydraulic Press,PUN-01,0,0,0,0,0,0,0,0,0,0,0
2024-05-12,AST-2017,Hydraulic Press,PUN-01,0,0,0,0,0,0,0,0,0,0,0
2024-05-13,AST-2017,Hydraulic Press,PUN-01,3,1,0,4,14,1,1,1,1,1,1
2024-05-14,AST-2017,Hydraulic Press,PUN-01,2,1,0,3,10,1,1,0,0,0,0
2024-05-15,AST-2017,Hydraulic Press,PUN-01,0,1,1,2,3,0,0,0,0,0,0
2024-05-16,AST-2017,Hydraulic Press,PUN-01,1,2,0,3,8,1,0,0,0,0,0
2024-05-17,AST-2017,Hydraulic Press,PUN-01,3,1,0,4,14,1,1,1,1,1,1
2024-05-18,AST-2017,Hydraulic Press,PUN-01,0,0,0,0,0,0,0,0,0,0,0
2024-05-19,AST-2017,Hydraulic Press,PUN-01,0,0,0,0,0,0,0,0,0,0,0
2024-05-20,AST-2017,Hydraulic Press,PUN-01,1,3,1,5,11,1,1,1,0,0,0
2024-05-21,AST-2017,Hydraulic Press,PUN-01,2,0,1,3,9,1,0,0,0,0,0
2024-05-22,AST-2017,Hydraulic Press,PUN-01,1,0,0,1,4,0,0,0,0,0,0
2024-05-23,AST-2017,Hydraulic Press,PUN-01,3,1,0,4,14,1,1,1,1,1,1
2024-05-24,AST-2017,Hydraulic Press,PUN-01,2,1,2,5,12,1,1,1,1,0,0
2024-05-25,AST-2017,Hydraulic Press,PUN-01,0,0,0,0,0,0,0,0,0,0,0
2024-05-26,AST-2017,Hydraulic Press,PUN-01,0,0,0,0,0,0,0,0,0,0,0
2024-05-27,AST-2017,Hydraulic Press,PUN-01,1,4,1,6,13,1,1,1,1,1,0
2024-05-28,AST-2017,Hydraulic Press,PUN-01,0,3,1,4,7,1,0,0,0,0,0
2024-05-29,AST-2017,Hydraulic Press,PUN-01,2,1,0,3,10,1,1,0,0,0,0
2024-05-30,AST-2017,Hydraulic Press,PUN-01,3,1,1,5,15,1,1,1,1,1,1
2024-05-31,AST-2017,Hydraulic Press,PUN-01,2,3,1,6,15,1,1,1,1,1,1
2024-06-01,AST-2017,Hydraulic Press,PUN-01,0,0,0,0,0,0,0,0,0,0,0
2024-06-02,AST-2017,Hydraulic Press,PUN-01,0,0,0,0,0,0,0,0,0,0,0
2024-06-03,AST-2017,Hydraulic Press,PUN-01,2,0,1,3,9,1,0,0,0,0,0
2024-06-04,AST-2017,Hydraulic Press,PUN-01,2,0,1,3,9,1,0,0,0,0,0
2024-06-05,AST-2017,Hydraulic Press,PUN-01,1,2,1,4,9,1,0,0,0,0,0
2024-06-06,AST-2017,Hydraulic Press,PUN-01,0,1,0,1,2,0,0,0,0,0,0
2024-06-07,AST-2017,Hydraulic Press,PUN-01,1,0,1,2,5,0,0,0,0,0,0
2024-06-08,AST-2017,Hydraulic Press,PUN-01,0,0,0,0,0,0,0,0,0,0,0
2024-06-09,AST-2017,Hydraulic Press,PUN-01,0,0,0,0,0,0,0,0,0,0,0
2024-06-10,AST-2017,Hydraulic Press,PUN-01,3,0,0,3,12,1,1,1,1,0,0
2024-06-11,AST-2017,Hydraulic Press,PUN-01,1,1,0,2,6,0,0,0,0,0,0
2024-06-12,AST-2017,Hydraulic Press,PUN-01,2,2,0,4,12,1,1,1,1,0,0
2024-06-13,AST-2017,Hydraulic Press,PUN-01,2,1,1,4,11,1,1,1,0,0,0
2024-06-14,AST-2017,Hydraulic Press,PUN-01,1,1,0,2,6,0,0,0,0,0,0
2024-06-15,AST-2017,Hydraulic Press,PUN-01,0,0,0,0,0,0,0,0,0,0,0
2024-06-16,AST-2017,Hydraulic Press,PUN-01,0,0,0,0,0,0,0,0,0,0,0
2024-06-17,AST-2017,Hydraulic Press,PUN-01,0,1,1,2,3,0,0,0,0,0,0
2024-06-18,AST-2017,Hydraulic Press,PUN-01,2,3,0,5,14,1,1,1,1,1,1
2024-06-19,AST-2017,Hydraulic Press,PUN-01,3,0,1,4,13,1,1,1,1,1,0
2024-06-20,AST-2017,Hydraulic Press,PUN-01,0,0,1,1,1,0,0,0,0,0,0
2024-06-21,AST-2017,Hydraulic Press,PUN-01,0,2,1,3,5,0,0,0,0,0,0
2024-06-22,AST-2017,Hydraulic Press,PUN-01,0,0,0,0,0,0,0,0,0,0,0
2024-06-23,AST-2017,Hydraulic Press,PUN-01,0,0,0,0,0,0,0,0,0,0,0
2024-06-24,AST-2017,Hydraulic Press,PUN-01,1,2,1,4,9,1,0,0,0,0,0
2024-06-25,AST-2017,Hydraulic Press,PUN-01,1,2,1,4,9,1,0,0,0,0,0
2024-06-26,AST-2017,Hydraulic Press,PUN-01,1,0,0,1,4,0,0,0,0,0,0
2024-06-27,AST-2017,Hydraulic Press,PUN-01,3,2,1,6,17,1,1,1,1,1,1
2024-06-28,AST-2017,Hydraulic Press,PUN-01,0,0,0,0,0,0,0,0,0,0,0
2024-06-29,AST-2017,Hydraulic Press,PUN-01,0,0,0,0,0,0,0,0,0,0,0
2024-06-30,AST-2017,Hydraulic Press,PUN-01,0,0,0,0,0,0,0,0,0,0,0
2024-07-01,AST-2017,Hydraulic Press,PUN-01,2,2,1,5,13,1,1,1,1,1,0
2024-07-02,AST-2017,Hydraulic Press,PUN-01,0,1,1,2,3,0,0,0,0,0,0
2024-07-03,AST-2017,Hydraulic Press,PUN-01,1,1,1,3,7,1,0,0,0,0,0
2024-07-04,AST-2017,Hydraulic Press,PUN-01,0,4,0,4,8,1,0,0,0,0,0
2024-07-05,AST-2017,Hydraulic Press,PUN-01,1,2,1,4,9,1,0,0,0,0,0
2024-07-06,AST-2017,Hydraulic Press,PUN-01,0,0,0,0,0,0,0,0,0,0,0
2024-07-07,AST-2017,Hydraulic Press,PUN-01,0,0,0,0,0,0,0,0,0,0,0
2024-07-08,AST-2017,Hydraulic Press,PUN-01,0,0,0,0,0,0,0,0,0,0,0
2024-07-09,AST-2017,Hydraulic Press,PUN-01,0,0,2,2,2,0,0,0,0,0,0
2024-07-10,AST-2017,Hydraulic Press,PUN-01,3,2,0,5,16,1,1,1,1,1,1
2024-07-11,AST-2017,Hydraulic Press,PUN-01,0,2,1,3,5,0,0,0,0,0,0
2024-07-12,AST-2017,Hydraulic Press,PUN-01,2,1,0,3,10,1,1,0,0,0,0
2024-07-13,AST-2017,Hydraulic Press,PUN-01,0,0,0,0,0,0,0,0,0,0,0
2024-07-14,AST-2017,Hydraulic Press,PUN-01,0,0,0,0,0,0,0,0,0,0,0
2024-07-15,AST-2017,Hydraulic Press,PUN-01,2,2,0,4,12,1,1,1,1,0,0
2024-07-16,AST-2017,Hydraulic Press,PUN-01,1,1,1,3,7,1,0,0,0,0,0
2024-07-17,AST-2017,Hydraulic Press,PUN-01,1,2,1,4,9,1,0,0,0,0,0
2024-07-18,AST-2017,Hydraulic Press,PUN-01,2,0,1,3,9,1,0,0,0,0,0
2024-07-19,AST-2017,Hydraulic Press,PUN-01,4,0,0,4,16,1,1,1,1,1,1
2024-07-20,AST-2017,Hydraulic Press,PUN-01,0,0,0,0,0,0,0,0,0,0,0
2024-07-21,AST-2017,Hydraulic Press,PUN-01,0,0,0,0,0,0,0,0,0,0,0
2024-07-22,AST-2017,Hydraulic Press,PUN-01,4,3,1,8,23,1,1,1,1,1,1
2024-07-23,AST-2017,Hydraulic Press,PUN-01,2,2,0,4,12,1,1,1,1,0,0
2024-07-24,AST-2017,Hydraulic Press,PUN-01,3,2,0,5,16,1,1,1,1,1,1
2024-07-25,AST-2017,Hydraulic Press,PUN-01,2,0,0,2,8,1,0,0,0,0,0
2024-07-26,AST-2017,Hydraulic Press,PUN-01,4,2,0,6,20,1,1,1,1,1,1
2024-07-27,AST-2017,Hydraulic Press,PUN-01,0,0,0,0,0,0,0,0,0,0,0
2024-07-28,AST-2017,Hydraulic Press,PUN-01,0,0,0,0,0,0,0,0,0,0,0
2024-07-29,AST-2017,Hydraulic Press,PUN-01,3,1,0,4,14,1,1,1,1,1,1
2024-07-30,AST-2017,Hydraulic Press,PUN-01,2,3,0,5,14,1,1,1,1,1,1
2024-07-31,AST-2017,Hydraulic Press,PUN-01,2,1,0,3,10,1,1,0,0,0,0
2024-08-01,AST-2017,Hydraulic Press,PUN-01,1,1,0,2,6,0,0,0,0,0,0
2024-08-02,AST-2017,Hydraulic Press,PUN-01,2,1,1,4,11,1,1,1,0,0,0
2024-08-03,AST-2017,Hydraulic Press,PUN-01,0,0,0,0,0,0,0,0,0,0,0
2024-08-04,AST-2017,Hydraulic Press,PUN-01,0,0,0,0,0,0,0,0,0,0,0
2024-08-05,AST-2017,Hydraulic Press,PUN-01,0,2,2,4,6,0,0,0,0,0,0
2024-08-06,AST-2017,Hydraulic Press,PUN-01,1,3,0,4,10,1,1,0,0,0,0
2024-08-07,AST-2017,Hydraulic Press,PUN-01,2,0,0,2,8,1,0,0,0,0,0
2024-08-08,AST-2017,Hydraulic Press,PUN-01,1,2,0,3,8,1,0,0,0,0,0
2024-08-09,AST-2017,Hydraulic Press,PUN-01,1,0,1,2,5,0,0,0,0,0,0
2024-08-10,AST-2017,Hydraulic Press,PUN-01,0,0,0,0,0,0,0,0,0,0,0
2024-08-11,AST-2017,Hydraulic Press,PUN-01,0,0,0,0,0,0,0,0,0,0,0
2024-08-12,AST-2017,Hydraulic Press,PUN-01,2,0,0,2,8,1,0,0,0,0,0
2024-08-13,AST-2017,Hydraulic Press,PUN-01,0,0,1,1,1,0,0,0,0,0,0
2024-08-14,AST-2017,Hydraulic Press,PUN-01,0,2,0,2,4,0,0,0,0,0,0
2024-08-15,AST-2017,Hydraulic Press,PUN-01,2,2,0,4,12,1,1,1,1,0,0
2024-08-16,AST-2017,Hydraulic Press,PUN-01,0,1,0,1,2,0,0,0,0,0,0
2024-08-17,AST-2017,Hydraulic Press,PUN-01,0,0,0,0,0,0,0,0,0,0,0
2024-08-18,AST-2017,Hydraulic Press,PUN-01,0,0,0,0,0,0,0,0,0,0,0
2024-08-19,AST-2017,Hydraulic Press,PUN-01,2,2,1,5,13,1,1,1,1,1,0
2024-08-20,AST-2017,Hydraulic Press,PUN-01,0,2,1,3,5,0,0,0,0,0,0
2024-08-21,AST-2017,Hydraulic Press,PUN-01,0,0,1,1,1,0,0,0,0,0,0
2024-08-22,AST-2017,Hydraulic Press,PUN-01,0,0,0,0,0,0,0,0,0,0,0
2024-08-23,AST-2017,Hydraulic Press,PUN-01,1,1,2,4,8,1,0,0,0,0,0
2024-08-24,AST-2017,Hydraulic Press,PUN-01,0,0,0,0,0,0,0,0,0,0,0
2024-08-25,AST-2017,Hydraulic Press,PUN-01,0,0,0,0,0,0,0,0,0,0,0
2024-08-26,AST-2017,Hydraulic Press,PUN-01,0,2,1,3,5,0,0,0,0,0,0
2024-08-27,AST-2017,Hydraulic Press,PUN-01,2,0,3,5,11,1,1,1,0,0,0
2024-08-28,AST-2017,Hydraulic Press,PUN-01,3,2,1,6,17,1,1,1,1,1,1
2024-08-29,AST-2017,Hydraulic Press,PUN-01,0,1,1,2,3,0,0,0,0,0,0
2024-08-30,AST-2017,Hydraulic Press,PUN-01,1,3,3,7,13,1,1,1,1,1,0
2024-08-31,AST-2017,Hydraulic Press,PUN-01,0,0,0,0,0,0,0,0,0,0,0
2024-09-01,AST-2017,Hydraulic Press,PUN-01,0,0,0,0,0,0,0,0,0,0,0
2024-09-02,AST-2017,Hydraulic Press,PUN-01,0,0,0,0,0,0,0,0,0,0,0
2024-09-03,AST-2017,Hydraulic Press,PUN-01,3,1,0,4,14,1,1,1,1,1,1
2024-09-04,AST-2017,Hydraulic Press,PUN-01,2,0,0,2,8,1,0,0,0,0,0
2024-09-05,AST-2017,Hydraulic Press,PUN-01,1,1,0,2,6,0,0,0,0,0,0
2024-09-06,AST-2017,Hydraulic Press,PUN-01,3,3,0,6,18,1,1,1,1,1,1
2024-09-07,AST-2017,Hydraulic Press,PUN-01,0,0,0,0,0,0,0,0,0,0,0
2024-09-08,AST-2017,Hydraulic Press,PUN-01,0,0,0,0,0,0,0,0,0,0,0
2024-09-09,AST-2017,Hydraulic Press,PUN-01,3,2,0,5,16,1,1,1,1,1,1
2024-09-10,AST-2017,Hydraulic Press,PUN-01,1,0,2,3,6,0,0,0,0,0,0
2024-09-11,AST-2017,Hydraulic Press,PUN-01,0,2,1,3,5,0,0,0,0,0,0
2024-09-12,AST-2017,Hydraulic Press,PUN-01,0,2,0,2,4,0,0,0,0,0,0
2024-09-13,AST-2017,Hydraulic Press,PUN-01,1,2,2,5,10,1,1,0,0,0,0
2024-09-14,AST-2017,Hydraulic Press,PUN-01,0,0,0,0,0,0,0,0,0,0,0
2024-09-15,AST-2017,Hydraulic Press,PUN-01,0,0,0,0,0,0,0,0,0,0,0
2024-09-16,AST-2017,Hydraulic Press,PUN-01,1,0,0,1,4,0,0,0,0,0,0
2024-09-17,AST-2017,Hydraulic Press,PUN-01,0,0,0,0,0,0,0,0,0,0,0
2024-09-18,AST-2017,Hydraulic Press,PUN-01,0,0,0,0,0,0,0,0,0,0,0
2024-09-19,AST-2017,Hydraulic Press,PUN-01,0,1,0,1,2,0,0,0,0,0,0
2024-09-20,AST-2017,Hydraulic Press,PUN-01,1,0,2,3,6,0,0,0,0,0,0
2024-09-21,AST-2017,Hydraulic Press,PUN-01,0,0,0,0,0,0,0,0,0,0,0
2024-09-22,AST-2017,Hydraulic Press,PUN-01,0,0,0,0,0,0,0,0,0,0,0
2024-09-23,AST-2017,Hydraulic Press,PUN-01,1,1,1,3,7,1,0,0,0,0,0
2024-09-24,AST-2017,Hydraulic Press,PUN-01,0,1,1,2,3,0,0,0,0,0,0
2024-09-25,AST-2017,Hydraulic Press,PUN-01,1,1,0,2,6,0,0,0,0,0,0
2024-09-26,AST-2017,Hydraulic Press,PUN-01,2,2,0,4,12,1,1,1,1,0,0
2024-09-27,AST-2017,Hydraulic Press,PUN-01,1,1,0,2,6,0,0,0,0,0,0
2024-09-28,AST-2017,Hydraulic Press,PUN-01,0,0,0,0,0,0,0,0,0,0,0
2024-09-29,AST-2017,Hydraulic Press,PUN-01,0,0,0,0,0,0,0,0,0,0,0
2024-09-30,AST-2017,Hydraulic Press,PUN-01,2,0,0,2,8,1,0,0,0,0,0
2024-10-01,AST-2017,Hydraulic Press,PUN-01,2,2,1,5,13,1,1,1,1,1,0
2024-10-02,AST-2017,Hydraulic Press,PUN-01,1,0,0,1,4,0,0,0,0,0,0
2024-10-03,AST-2017,Hydraulic Press,PUN-01,2,2,1,5,13,1,1,1,1,1,0
2024-10-04,AST-2017,Hydraulic Press,PUN-01,3,2,0,5,16,1,1,1,1,1,1
2024-10-05,AST-2017,Hydraulic Press,PUN-01,0,0,0,0,0,0,0,0,0,0,0
2024-10-06,AST-2017,Hydraulic Press,PUN-01,0,0,0,0,0,0,0,0,0,0,0
2024-10-07,AST-2017,Hydraulic Press,PUN-01,0,1,1,2,3,0,0,0,0,0,0
2024-10-08,AST-2017,Hydraulic Press,PUN-01,1,1,0,2,6,0,0,0,0,0,0
2024-10-09,AST-2017,Hydraulic Press,PUN-01,3,0,0,3,12,1,1,1,1,0,0
2024-10-10,AST-2017,Hydraulic Press,PUN-01,0,1,1,2,3,0,0,0,0,0,0
2024-10-11,AST-2017,Hydraulic Press,PUN-01,1,1,0,2,6,0,0,0,0,0,0
2024-10-12,AST-2017,Hydraulic Press,PUN-01,0,0,0,0,0,0,0,0,0,0,0
2024-10-13,AST-2017,Hydraulic Press,PUN-01,0,0,0,0,0,0,0,0,0,0,0
2024-10-14,AST-2017,Hydraulic Press,PUN-01,1,1,1,3,7,1,0,0,0,0,0
2024-10-15,AST-2017,Hydraulic Press,PUN-01,2,0,0,2,8,1,0,0,0,0,0
2024-10-16,AST-2017,Hydraulic Press,PUN-01,0,2,1,3,5,0,0,0,0,0,0
2024-10-17,AST-2017,Hydraulic Press,PUN-01,1,1,0,2,6,0,0,0,0,0,0
2024-10-18,AST-2017,Hydraulic Press,PUN-01,4,1,0,5,18,1,1,1,1,1,1
2024-10-19,AST-2017,Hydraulic Press,PUN-01,0,0,0,0,0,0,0,0,0,0,0
2024-10-20,AST-2017,Hydraulic Press,PUN-01,0,0,0,0,0,0,0,0,0,0,0
2024-10-21,AST-2017,Hydraulic Press,PUN-01,0,1,0,1,2,0,0,0,0,0,0
2024-10-22,AST-2017,Hydraulic Press,PUN-01,1,1,1,3,7,1,0,0,0,0,0
2024-10-23,AST-2017,Hydraulic Press,PUN-01,2,2,1,5,13,1,1,1,1,1,0
2024-10-24,AST-2017,Hydraulic Press,PUN-01,3,4,1,8,21,1,1,1,1,1,1
2024-10-25,AST-2017,Hydraulic Press,PUN-01,2,1,1,4,11,1,1,1,0,0,0
2024-10-26,AST-2017,Hydraulic Press,PUN-01,0,0,0,0,0,0,0,0,0,0,0
2024-10-27,AST-2017,Hydraulic Press,PUN-01,0,0,0,0,0,0,0,0,0,0,0
2024-10-28,AST-2017,Hydraulic Press,PUN-01,1,1,1,3,7,1,0,0,0,0,0
2024-10-29,AST-2017,Hydraulic Press,PUN-01,2,2,2,6,14,1,1,1,1,1,1
2024-10-30,AST-2017,Hydraulic Press,PUN-01,0,3,1,4,7,1,0,0,0,0,0
2024-10-31,AST-2017,Hydraulic Press,PUN-01,1,1,0,2,6,0,0,0,0,0,0
2024-11-01,AST-2017,Hydraulic Press,PUN-01,1,1,1,3,7,1,0,0,0,0,0
2024-11-02,AST-2017,Hydraulic Press,PUN-01,0,0,0,0,0,0,0,0,0,0,0
2024-11-03,AST-2017,Hydraulic Press,PUN-01,0,0,0,0,0,0,0,0,0,0,0
2024-11-04,AST-2017,Hydraulic Press,PUN-01,1,2,1,4,9,1,0,0,0,0,0
2024-11-05,AST-2017,Hydraulic Press,PUN-01,2,3,1,6,15,1,1,1,1,1,1
2024-11-06,AST-2017,Hydraulic Press,PUN-01,2,2,0,4,12,1,1,1,1,0,0
2024-11-07,AST-2017,Hydraulic Press,PUN-01,3,1,2,6,16,1,1,1,1,1,1
2024-11-08,AST-2017,Hydraulic Press,PUN-01,0,0,1,1,1,0,0,0,0,0,0
2024-11-09,AST-2017,Hydraulic Press,PUN-01,0,0,0,0,0,0,0,0,0,0,0
2024-11-10,AST-2017,Hydraulic Press,PUN-01,0,0,0,0,0,0,0,0,0,0,0
2024-11-11,AST-2017,Hydraulic Press,PUN-01,1,1,1,3,7,1,0,0,0,0,0
2024-11-12,AST-2017,Hydraulic Press,PUN-01,1,1,1,3,7,1,0,0,0,0,0
2024-11-13,AST-2017,Hydraulic Press,PUN-01,0,1,0,1,2,0,0,0,0,0,0
2024-11-14,AST-2017,Hydraulic Press,PUN-01,0,2,1,3,5,0,0,0,0,0,0
2024-11-15,AST-2017,Hydraulic Press,PUN-01,0,2,1,3,5,0,0,0,0,0,0
2024-11-16,AST-2017,Hydraulic Press,PUN-01,0,0,0,0,0,0,0,0,0,0,0
2024-11-17,AST-2017,Hydraulic Press,PUN-01,0,0,0,0,0,0,0,0,0,0,0
2024-11-18,AST-2017,Hydraulic Press,PUN-01,1,1,2,4,8,1,0,0,0,0,0
2024-11-19,AST-2017,Hydraulic Press,PUN-01,0,2,1,3,5,0,0,0,0,0,0
2024-11-20,AST-2017,Hydraulic Press,PUN-01,1,1,0,2,6,0,0,0,0,0,0
2024-11-21,AST-2017,Hydraulic Press,PUN-01,1,2,1,4,9,1,0,0,0,0,0
2024-11-22,AST-2017,Hydraulic Press,PUN-01,1,1,1,3,7,1,0,0,0,0,0
2024-11-23,AST-2017,Hydraulic Press,PUN-01,0,0,0,0,0,0,0,0,0,0,0
2024-11-24,AST-2017,Hydraulic Press,PUN-01,0,0,0,0,0,0,0,0,0,0,0
2024-11-25,AST-2017,Hydraulic Press,PUN-01,1,0,1,2,5,0,0,0,0,0,0
2024-11-26,AST-2017,Hydraulic Press,PUN-01,1,0,0,1,4,0,0,0,0,0,0
2024-11-27,AST-2017,Hydraulic Press,PUN-01,1,2,3,6,11,1,1,1,0,0,0
2024-11-28,AST-2017,Hydraulic Press,PUN-01,1,2,3,6,11,1,1,1,0,0,0
2024-11-29,AST-2017,Hydraulic Press,PUN-01,1,2,0,3,8,1,0,0,0,0,0
2024-11-30,AST-2017,Hydraulic Press,PUN-01,0,0,0,0,0,0,0,0,0,0,0
2024-12-01,AST-2017,Hydraulic Press,PUN-01,0,0,0,0,0,0,0,0,0,0,0
2024-12-02,AST-2017,Hydraulic Press,PUN-01,2,1,1,4,11,1,1,1,0,0,0
2024-12-03,AST-2017,Hydraulic Press,PUN-01,2,0,2,4,10,1,1,0,0,0,0
2024-12-04,AST-2017,Hydraulic Press,PUN-01,3,2,1,6,17,1,1,1,1,1,1
2024-12-05,AST-2017,Hydraulic Press,PUN-01,1,0,1,2,5,0,0,0,0,0,0
2024-12-06,AST-2017,Hydraulic Press,PUN-01,3,1,1,5,15,1,1,1,1,1,1
2024-12-07,AST-2017,Hydraulic Press,PUN-01,0,0,0,0,0,0,0,0,0,0,0
2024-12-08,AST-2017,Hydraulic Press,PUN-01,0,0,0,0,0,0,0,0,0,0,0
2024-12-09,AST-2017,Hydraulic Press,PUN-01,1,0,0,1,4,0,0,0,0,0,0
2024-12-10,AST-2017,Hydraulic Press,PUN-01,3,3,0,6,18,1,1,1,1,1,1
2024-12-11,AST-2017,Hydraulic Press,PUN-01,2,2,1,5,13,1,1,1,1,1,0
2024-12-12,AST-2017,Hydraulic Press,PUN-01,1,3,1,5,11,1,1,1,0,0,0
2024-12-13,AST-2017,Hydraulic Press,PUN-01,1,3,1,5,11,1,1,1,0,0,0
2024-12-14,AST-2017,Hydraulic Press,PUN-01,0,0,0,0,0,0,0,0,0,0,0
2024-12-15,AST-2017,Hydraulic Press,PUN-01,0,0,0,0,0,0,0,0,0,0,0
2024-12-16,AST-2017,Hydraulic Press,PUN-01,1,1,0,2,6,0,0,0,0,0,0
2024-12-17,AST-2017,Hydraulic Press,PUN-01,3,1,1,5,15,1,1,1,1,1,1
2024-12-18,AST-2017,Hydraulic Press,PUN-01,2,4,0,6,16,1,1,1,1,1,1
2024-12-19,AST-2017,Hydraulic Press,PUN-01,0,1,1,2,3,0,0,0,0,0,0
2024-12-20,AST-2017,Hydraulic Press,PUN-01,1,1,2,4,8,1,0,0,0,0,0
2024-12-21,AST-2017,Hydraulic Press,PUN-01,0,0,0,0,0,0,0,0,0,0,0
2024-12-22,AST-2017,Hydraulic Press,PUN-01,0,0,0,0,0,0,0,0,0,0,0
2024-12-23,AST-2017,Hydraulic Press,PUN-01,3,2,1,6,17,1,1,1,1,1,1
2024-12-24,AST-2017,Hydraulic Press,PUN-01,2,0,2,4,10,1,1,0,0,0,0
2024-12-25,AST-2017,Hydraulic Press,PUN-01,3,0,0,3,12,1,1,1,1,0,0
2024-12-26,AST-2017,Hydraulic Press,PUN-01,3,3,1,7,19,1,1,1,1,1,1
2024-12-27,AST-2017,Hydraulic Press,PUN-01,1,3,1,5,11,1,1,1,0,0,0
2024-12-28,AST-2017,Hydraulic Press,PUN-01,0,0,0,0,0,0,0,0,0,0,0
2024-12-29,AST-2017,Hydraulic Press,PUN-01,0,0,0,0,0,0,0,0,0,0,0
2024-12-30,AST-2017,Hydraulic Press,PUN-01,0,3,1,4,7,1,0,0,0,0,0
2024-12-31,AST-2017,Hydraulic Press,PUN-01,2,2,0,4,12,1,1,1,1,0,0
2025-01-01,AST-2017,Hydraulic Press,PUN-01,0,3,0,3,6,0,0,0,0,0,0
2022-01-03,AST-2031,Hydraulic Press,CHN-02,1,2,1,4,9,1,0,0,0,0,0
2022-01-04,AST-2031,Hydraulic Press,CHN-02,0,1,1,2,3,0,0,0,0,0,0
2022-01-05,AST-2031,Hydraulic Press,CHN-02,1,2,0,3,8,1,0,0,0,0,0
2022-01-06,AST-2031,Hydraulic Press,CHN-02,1,0,0,1,4,0,0,0,0,0,0
2022-01-07,AST-2031,Hydraulic Press,CHN-02,2,2,1,5,13,1,1,1,1,1,0
2022-01-08,AST-2031,Hydraulic Press,CHN-02,0,0,0,0,0,0,0,0,0,0,0
2022-01-09,AST-2031,Hydraulic Press,CHN-02,0,0,0,0,0,0,0,0,0,0,0
2022-01-10,AST-2031,Hydraulic Press,CHN-02,1,2,0,3,8,1,0,0,0,0,0
2022-01-11,AST-2031,Hydraulic Press,CHN-02,1,0,0,1,4,0,0,0,0,0,0
2022-01-12,AST-2031,Hydraulic Press,CHN-02,1,1,0,2,6,0,0,0,0,0,0
2022-01-13,AST-2031,Hydraulic Press,CHN-02,2,2,1,5,13,1,1,1,1,1,0
2022-01-14,AST-2031,Hydraulic Press,CHN-02,3,0,0,3,12,1,1,1,1,0,0
2022-01-15,AST-2031,Hydraulic Press,CHN-02,0,0,0,0,0,0,0,0,0,0,0
2022-01-16,AST-2031,Hydraulic Press,CHN-02,0,0,0,0,0,0,0,0,0,0,0
2022-01-17,AST-2031,Hydraulic Press,CHN-02,1,0,0,1,4,0,0,0,0,0,0
2022-01-18,AST-2031,Hydraulic Press,CHN-02,1,2,0,3,8,1,0,0,0,0,0
2022-01-19,AST-2031,Hydraulic Press,CHN-02,2,3,2,7,16,1,1,1,1,1,1
2022-01-20,AST-2031,Hydraulic Press,CHN-02,0,0,0,0,0,0,0,0,0,0,0
2022-01-21,AST-2031,Hydraulic Press,CHN-02,3,2,0,5,16,1,1,1,1,1,1
2022-01-22,AST-2031,Hydraulic Press,CHN-02,0,0,0,0,0,0,0,0,0,0,0
2022-01-23,AST-2031,Hydraulic Press,CHN-02,0,0,0,0,0,0,0,0,0,0,0
2022-01-24,AST-2031,Hydraulic Press,CHN-02,3,0,2,5,14,1,1,1,1,1,1
2022-01-25,AST-2031,Hydraulic Press,CHN-02,1,3,0,4,10,1,1,0,0,0,0
2022-01-26,AST-2031,Hydraulic Press,CHN-02,1,0,1,2,5,0,0,0,0,0,0
2022-01-27,AST-2031,Hydraulic Press,CHN-02,1,1,1,3,7,1,0,0,0,0,0
2022-01-28,AST-2031,Hydraulic Press,CHN-02,2,2,0,4,12,1,1,1,1,0,0
2022-01-29,AST-2031,Hydraulic Press,CHN-02,0,0,0,0,0,0,0,0,0,0,0
2022-01-30,AST-2031,Hydraulic Press,CHN-02,0,0,0,0,0,0,0,0,0,0,0
2022-01-31,AST-2031,Hydraulic Press,CHN-02,0,0,0,0,0,0,0,0,0,0,0
2022-02-01,AST-2031,Hydraulic Press,CHN-02,1,2,0,3,8,1,0,0,0,0,0
2022-02-02,AST-2031,Hydraulic Press,CHN-02,1,0,0,1,4,0,0,0,0,0,0
2022-02-03,AST-2031,Hydraulic Press,CHN-02,3,2,0,5,16,1,1,1,1,1,1
2022-02-04,AST-2031,Hydraulic Press,CHN-02,0,2,1,3,5,0,0,0,0,0,0
2022-02-05,AST-2031,Hydraulic Press,CHN-02,0,0,0,0,0,0,0,0,0,0,0
2022-02-06,AST-2031,Hydraulic Press,CHN-02,0,0,0,0,0,0,0,0,0,0,0
2022-02-07,AST-2031,Hydraulic Press,CHN-02,1,5,0,6,14,1,1,1,1,1,1
2022-02-08,AST-2031,Hydraulic Press,CHN-02,2,3,0,5,14,1,1,1,1,1,1
2022-02-09,AST-2031,Hydraulic Press,CHN-02,3,2,0,5,16,1,1,1,1,1,1
2022-02-10,AST-2031,Hydraulic Press,CHN-02,1,3,0,4,10,1,1,0,0,0,0
2022-02-11,AST-2031,Hydraulic Press,CHN-02,2,1,3,6,13,1,1,1,1,1,0
2022-02-12,AST-2031,Hydraulic Press,CHN-02,0,0,0,0,0,0,0,0,0,0,0
2022-02-13,AST-2031,Hydraulic Press,CHN-02,0,0,0,0,0,0,0,0,0,0,0
2022-02-14,AST-2031,Hydraulic Press,CHN-02,1,0,1,2,5,0,0,0,0,0,0
2022-02-15,AST-2031,Hydraulic Press,CHN-02,1,2,0,3,8,1,0,0,0,0,0
2022-02-16,AST-2031,Hydraulic Press,CHN-02,3,2,0,5,16,1,1,1,1,1,1
2022-02-17,AST-2031,Hydraulic Press,CHN-02,1,2,1,4,9,1,0,0,0,0,0
2022-02-18,AST-2031,Hydraulic Press,CHN-02,2,1,1,4,11,1,1,1,0,0,0
2022-02-19,AST-2031,Hydraulic Press,CHN-02,0,0,0,0,0,0,0,0,0,0,0
2022-02-20,AST-2031,Hydraulic Press,CHN-02,0,0,0,0,0,0,0,0,0,0,0
2022-02-21,AST-2031,Hydraulic Press,CHN-02,2,3,0,5,14,1,1,1,1,1,1
2022-02-22,AST-2031,Hydraulic Press,CHN-02,2,4,1,7,17,1,1,1,1,1,1
2022-02-23,AST-2031,Hydraulic Press,CHN-02,0,1,0,1,2,0,0,0,0,0,0
2022-02-24,AST-2031,Hydraulic Press,CHN-02,1,0,0,1,4,0,0,0,0,0,0
2022-02-25,AST-2031,Hydraulic Press,CHN-02,1,1,1,3,7,1,0,0,0,0,0
2022-02-26,AST-2031,Hydraulic Press,CHN-02,0,0,0,0,0,0,0,0,0,0,0
2022-02-27,AST-2031,Hydraulic Press,CHN-02,0,0,0,0,0,0,0,0,0,0,0
2022-02-28,AST-2031,Hydraulic Press,CHN-02,0,0,0,0,0,0,0,0,0,0,0
2022-03-01,AST-2031,Hydraulic Press,CHN-02,1,0,1,2,5,0,0,0,0,0,0
2022-03-02,AST-2031,Hydraulic Press,CHN-02,2,1,2,5,12,1,1,1,1,0,0
2022-03-03,AST-2031,Hydraulic Press,CHN-02,1,1,0,2,6,0,0,0,0,0,0
2022-03-04,AST-2031,Hydraulic Press,CHN-02,0,1,1,2,3,0,0,0,0,0,0
2022-03-05,AST-2031,Hydraulic Press,CHN-02,0,0,0,0,0,0,0,0,0,0,0
2022-03-06,AST-2031,Hydraulic Press,CHN-02,0,0,0,0,0,0,0,0,0,0,0
2022-03-07,AST-2031,Hydraulic Press,CHN-02,1,0,1,2,5,0,0,0,0,0,0
2022-03-08,AST-2031,Hydraulic Press,CHN-02,0,3,0,3,6,0,0,0,0,0,0
2022-03-09,AST-2031,Hydraulic Press,CHN-02,2,1,2,5,12,1,1,1,1,0,0
2022-03-10,AST-2031,Hydraulic Press,CHN-02,2,1,0,3,10,1,1,0,0,0,0
2022-03-11,AST-2031,Hydraulic Press,CHN-02,1,1,0,2,6,0,0,0,0,0,0
2022-03-12,AST-2031,Hydraulic Press,CHN-02,0,0,0,0,0,0,0,0,0,0,0
2022-03-13,AST-2031,Hydraulic Press,CHN-02,0,0,0,0,0,0,0,0,0,0,0
2022-03-14,AST-2031,Hydraulic Press,CHN-02,1,2,0,3,8,1,0,0,0,0,0
2022-03-15,AST-2031,Hydraulic Press,CHN-02,2,1,0,3,10,1,1,0,0,0,0
2022-03-16,AST-2031,Hydraulic Press,CHN-02,1,0,0,1,4,0,0,0,0,0,0
2022-03-17,AST-2031,Hydraulic Press,CHN-02,0,1,0,1,2,0,0,0,0,0,0
2022-03-18,AST-2031,Hydraulic Press,CHN-02,1,3,0,4,10,1,1,0,0,0,0
2022-03-19,AST-2031,Hydraulic Press,CHN-02,0,0,0,0,0,0,0,0,0,0,0
2022-03-20,AST-2031,Hydraulic Press,CHN-02,0,0,0,0,0,0,0,0,0,0,0
2022-03-21,AST-2031,Hydraulic Press,CHN-02,0,1,0,1,2,0,0,0,0,0,0
2022-03-22,AST-2031,Hydraulic Press,CHN-02,1,1,1,3,7,1,0,0,0,0,0
2022-03-23,AST-2031,Hydraulic Press,CHN-02,2,0,1,3,9,1,0,0,0,0,0
2022-03-24,AST-2031,Hydraulic Press,CHN-02,2,1,1,4,11,1,1,1,0,0,0
2022-03-25,AST-2031,Hydraulic Press,CHN-02,1,1,1,3,7,1,0,0,0,0,0
2022-03-26,AST-2031,Hydraulic Press,CHN-02,0,0,0,0,0,0,0,0,0,0,0
2022-03-27,AST-2031,Hydraulic Press,CHN-02,0,0,0,0,0,0,0,0,0,0,0
2022-03-28,AST-2031,Hydraulic Press,CHN-02,1,4,0,5,12,1,1,1,1,0,0
2022-03-29,AST-2031,Hydraulic Press,CHN-02,1,1,0,2,6,0,0,0,0,0,0
2022-03-30,AST-2031,Hydraulic Press,CHN-02,0,2,1,3,5,0,0,0,0,0,0
2022-03-31,AST-2031,Hydraulic Press,CHN-02,2,1,0,3,10,1,1,0,0,0,0
2022-04-01,AST-2031,Hydraulic Press,CHN-02,1,1,1,3,7,1,0,0,0,0,0
2022-04-02,AST-2031,Hydraulic Press,CHN-02,0,0,0,0,0,0,0,0,0,0,0
2022-04-03,AST-2031,Hydraulic Press,CHN-02,0,0,0,0,0,0,0,0,0,0,0
2022-04-04,AST-2031,Hydraulic Press,CHN-02,1,1,0,2,6,0,0,0,0,0,0
2022-04-05,AST-2031,Hydraulic Press,CHN-02,0,1,2,3,4,0,0,0,0,0,0
2022-04-06,AST-2031,Hydraulic Press,CHN-02,2,1,0,3,10,1,1,0,0,0,0
2022-04-07,AST-2031,Hydraulic Press,CHN-02,0,1,3,4,5,0,0,0,0,0,0
2022-04-08,AST-2031,Hydraulic Press,CHN-02,1,0,1,2,5,0,0,0,0,0,0
2022-04-09,AST-2031,Hydraulic Press,CHN-02,0,0,0,0,0,0,0,0,0,0,0
2022-04-10,AST-2031,Hydraulic Press,CHN-02,0,0,0,0,0,0,0,0,0,0,0
2022-04-11,AST-2031,Hydraulic Press,CHN-02,1,1,1,3,7,1,0,0,0,0,0
2022-04-12,AST-2031,Hydraulic Press,CHN-02,1,2,0,3,8,1,0,0,0,0,0
2022-04-13,AST-2031,Hydraulic Press,CHN-02,1,0,0,1,4,0,0,0,0,0,0
2022-04-14,AST-2031,Hydraulic Press,CHN-02,1,2,1,4,9,1,0,0,0,0,0
2022-04-15,AST-2031,Hydraulic Press,CHN-02,3,1,0,4,14,1,1,1,1,1,1
2022-04-16,AST-2031,Hydraulic Press,CHN-02,0,0,0,0,0,0,0,0,0,0,0
2022-04-17,AST-2031,Hydraulic Press,CHN-02,0,0,0,0,0,0,0,0,0,0,0
2022-04-18,AST-2031,Hydraulic Press,CHN-02,2,0,1,3,9,1,0,0,0,0,0
2022-04-19,AST-2031,Hydraulic Press,CHN-02,2,0,1,3,9,1,0,0,0,0,0
2022-04-20,AST-2031,Hydraulic Press,CHN-02,3,0,1,4,13,1,1,1,1,1,0
2022-04-21,AST-2031,Hydraulic Press,CHN-02,2,1,1,4,11,1,1,1,0,0,0
2022-04-22,AST-2031,Hydraulic Press,CHN-02,1,1,0,2,6,0,0,0,0,0,0
2022-04-23,AST-2031,Hydraulic Press,CHN-02,0,0,0,0,0,0,0,0,0,0,0
2022-04-24,AST-2031,Hydraulic Press,CHN-02,0,0,0,0,0,0,0,0,0,0,0
2022-04-25,AST-2031,Hydraulic Press,CHN-02,0,2,0,2,4,0,0,0,0,0,0
2022-04-26,AST-2031,Hydraulic Press,CHN-02,0,0,0,0,0,0,0,0,0,0,0
2022-04-27,AST-2031,Hydraulic Press,CHN-02,5,1,0,6,22,1,1,1,1,1,1
2022-04-28,AST-2031,Hydraulic Press,CHN-02,1,0,1,2,5,0,0,0,0,0,0
2022-04-29,AST-2031,Hydraulic Press,CHN-02,0,1,0,1,2,0,0,0,0,0,0
2022-04-30,AST-2031,Hydraulic Press,CHN-02,0,0,0,0,0,0,0,0,0,0,0
2022-05-01,AST-2031,Hydraulic Press,CHN-02,0,0,0,0,0,0,0,0,0,0,0
2022-05-02,AST-2031,Hydraulic Press,CHN-02,0,1,2,3,4,0,0,0,0,0,0
2022-05-03,AST-2031,Hydraulic Press,CHN-02,1,1,0,2,6,0,0,0,0,0,0
2022-05-04,AST-2031,Hydraulic Press,CHN-02,1,1,0,2,6,0,0,0,0,0,0
2022-05-05,AST-2031,Hydraulic Press,CHN-02,1,1,3,5,9,1,0,0,0,0,0
2022-05-06,AST-2031,Hydraulic Press,CHN-02,2,0,0,2,8,1,0,0,0,0,0
2022-05-07,AST-2031,Hydraulic Press,CHN-02,0,0,0,0,0,0,0,0,0,0,0
2022-05-08,AST-2031,Hydraulic Press,CHN-02,0,0,0,0,0,0,0,0,0,0,0
2022-05-09,AST-2031,Hydraulic Press,CHN-02,1,5,1,7,15,1,1,1,1,1,1
2022-05-10,AST-2031,Hydraulic Press,CHN-02,2,2,1,5,13,1,1,1,1,1,0
2022-05-11,AST-2031,Hydraulic Press,CHN-02,0,2,1,3,5,0,0,0,0,0,0
2022-05-12,AST-2031,Hydraulic Press,CHN-02,0,2,0,2,4,0,0,0,0,0,0
2022-05-13,AST-2031,Hydraulic Press,CHN-02,2,2,1,5,13,1,1,1,1,1,0
2022-05-14,AST-2031,Hydraulic Press,CHN-02,0,0,0,0,0,0,0,0,0,0,0
2022-05-15,AST-2031,Hydraulic Press,CHN-02,0,0,0,0,0,0,0,0,0,0,0
2022-05-16,AST-2031,Hydraulic Press,CHN-02,0,3,0,3,6,0,0,0,0,0,0
2022-05-17,AST-2031,Hydraulic Press,CHN-02,3,0,0,3,12,1,1,1,1,0,0
2022-05-18,AST-2031,Hydraulic Press,CHN-02,0,0,0,0,0,0,0,0,0,0,0
2022-05-19,AST-2031,Hydraulic Press,CHN-02,3,2,0,5,16,1,1,1,1,1,1
2022-05-20,AST-2031,Hydraulic Press,CHN-02,0,2,0,2,4,0,0,0,0,0,0
2022-05-21,AST-2031,Hydraulic Press,CHN-02,0,0,0,0,0,0,0,0,0,0,0
2022-05-22,AST-2031,Hydraulic Press,CHN-02,0,0,0,0,0,0,0,0,0,0,0
2022-05-23,AST-2031,Hydraulic Press,CHN-02,0,2,0,2,4,0,0,0,0,0,0
2022-05-24,AST-2031,Hydraulic Press,CHN-02,1,1,2,4,8,1,0,0,0,0,0
2022-05-25,AST-2031,Hydraulic Press,CHN-02,1,1,0,2,6,0,0,0,0,0,0
2022-05-26,AST-2031,Hydraulic Press,CHN-02,0,2,0,2,4,0,0,0,0,0,0
2022-05-27,AST-2031,Hydraulic Press,CHN-02,2,2,0,4,12,1,1,1,1,0,0
2022-05-28,AST-2031,Hydraulic Press,CHN-02,0,0,0,0,0,0,0,0,0,0,0
2022-05-29,AST-2031,Hydraulic Press,CHN-02,0,0,0,0,0,0,0,0,0,0,0
2022-05-30,AST-2031,Hydraulic Press,CHN-02,0,0,0,0,0,0,0,0,0,0,0
2022-05-31,AST-2031,Hydraulic Press,CHN-02,2,2,0,4,12,1,1,1,1,0,0
2022-06-01,AST-2031,Hydraulic Press,CHN-02,1,3,1,5,11,1,1,1,0,0,0
2022-06-02,AST-2031,Hydraulic Press,CHN-02,2,1,0,3,10,1,1,0,0,0,0
2022-06-03,AST-2031,Hydraulic Press,CHN-02,0,2,1,3,5,0,0,0,0,0,0
2022-06-04,AST-2031,Hydraulic Press,CHN-02,0,0,0,0,0,0,0,0,0,0,0
2022-06-05,AST-2031,Hydraulic Press,CHN-02,0,0,0,0,0,0,0,0,0,0,0
2022-06-06,AST-2031,Hydraulic Press,CHN-02,2,3,0,5,14,1,1,1,1,1,1
2022-06-07,AST-2031,Hydraulic Press,CHN-02,0,0,0,0,0,0,0,0,0,0,0
2022-06-08,AST-2031,Hydraulic Press,CHN-02,2,3,2,7,16,1,1,1,1,1,1
2022-06-09,AST-2031,Hydraulic Press,CHN-02,1,0,0,1,4,0,0,0,0,0,0
2022-06-10,AST-2031,Hydraulic Press,CHN-02,4,2,0,6,20,1,1,1,1,1,1
2022-06-11,AST-2031,Hydraulic Press,CHN-02,0,0,0,0,0,0,0,0,0,0,0
2022-06-12,AST-2031,Hydraulic Press,CHN-02,0,0,0,0,0,0,0,0,0,0,0
2022-06-13,AST-2031,Hydraulic Press,CHN-02,0,2,1,3,5,0,0,0,0,0,0
2022-06-14,AST-2031,Hydraulic Press,CHN-02,0,2,0,2,4,0,0,0,0,0,0
2022-06-15,AST-2031,Hydraulic Press,CHN-02,1,1,1,3,7,1,0,0,0,0,0
2022-06-16,AST-2031,Hydraulic Press,CHN-02,3,0,2,5,14,1,1,1,1,1,1
2022-06-17,AST-2031,Hydraulic Press,CHN-02,1,3,0,4,10,1,1,0,0,0,0
2022-06-18,AST-2031,Hydraulic Press,CHN-02,0,0,0,0,0,0,0,0,0,0,0
2022-06-19,AST-2031,Hydraulic Press,CHN-02,0,0,0,0,0,0,0,0,0,0,0
2022-06-20,AST-2031,Hydraulic Press,CHN-02,2,0,1,3,9,1,0,0,0,0,0
2022-06-21,AST-2031,Hydraulic Press,CHN-02,3,0,2,5,14,1,1,1,1,1,1
2022-06-22,AST-2031,Hydraulic Press,CHN-02,1,3,0,4,10,1,1,0,0,0,0
2022-06-23,AST-2031,Hydraulic Press,CHN-02,0,0,1,1,1,0,0,0,0,0,0
2022-06-24,AST-2031,Hydraulic Press,CHN-02,2,2,1,5,13,1,1,1,1,1,0
2022-06-25,AST-2031,Hydraulic Press,CHN-02,0,0,0,0,0,0,0,0,0,0,0
2022-06-26,AST-2031,Hydraulic Press,CHN-02,0,0,0,0,0,0,0,0,0,0,0
2022-06-27,AST-2031,Hydraulic Press,CHN-02,0,1,1,2,3,0,0,0,0,0,0
2022-06-28,AST-2031,Hydraulic Press,CHN-02,0,1,0,1,2,0,0,0,0,0,0
2022-06-29,AST-2031,Hydraulic Press,CHN-02,2,3,0,5,14,1,1,1,1,1,1
2022-06-30,AST-2031,Hydraulic Press,CHN-02,3,3,0,6,18,1,1,1,1,1,1
2022-07-01,AST-2031,Hydraulic Press,CHN-02,1,0,0,1,4,0,0,0,0,0,0
2022-07-02,AST-2031,Hydraulic Press,CHN-02,0,0,0,0,0,0,0,0,0,0,0
2022-07-03,AST-2031,Hydraulic Press,CHN-02,0,0,0,0,0,0,0,0,0,0,0
2022-07-04,AST-2031,Hydraulic Press,CHN-02,2,3,0,5,14,1,1,1,1,1,1
2022-07-05,AST-2031,Hydraulic Press,CHN-02,3,0,0,3,12,1,1,1,1,0,0
2022-07-06,AST-2031,Hydraulic Press,CHN-02,2,0,1,3,9,1,0,0,0,0,0
2022-07-07,AST-2031,Hydraulic Press,CHN-02,0,3,2,5,8,1,0,0,0,0,0
2022-07-08,AST-2031,Hydraulic Press,CHN-02,1,2,3,6,11,1,1,1,0,0,0
2022-07-09,AST-2031,Hydraulic Press,CHN-02,0,0,0,0,0,0,0,0,0,0,0
2022-07-10,AST-2031,Hydraulic Press,CHN-02,0,0,0,0,0,0,0,0,0,0,0
2022-07-11,AST-2031,Hydraulic Press,CHN-02,3,1,2,6,16,1,1,1,1,1,1
2022-07-12,AST-2031,Hydraulic Press,CHN-02,1,1,0,2,6,0,0,0,0,0,0
2022-07-13,AST-2031,Hydraulic Press,CHN-02,3,2,0,5,16,1,1,1,1,1,1
2022-07-14,AST-2031,Hydraulic Press,CHN-02,2,3,0,5,14,1,1,1,1,1,1
2022-07-15,AST-2031,Hydraulic Press,CHN-02,1,1,0,2,6,0,0,0,0,0,0
2022-07-16,AST-2031,Hydraulic Press,CHN-02,0,0,0,0,0,0,0,0,0,0,0
2022-07-17,AST-2031,Hydraulic Press,CHN-02,0,0,0,0,0,0,0,0,0,0,0
2022-07-18,AST-2031,Hydraulic Press,CHN-02,1,0,0,1,4,0,0,0,0,0,0
2022-07-19,AST-2031,Hydraulic Press,CHN-02,1,6,0,7,16,1,1,1,1,1,1
2022-07-20,AST-2031,Hydraulic Press,CHN-02,2,1,1,4,11,1,1,1,0,0,0
2022-07-21,AST-2031,Hydraulic Press,CHN-02,0,1,1,2,3,0,0,0,0,0,0
2022-07-22,AST-2031,Hydraulic Press,CHN-02,1,0,0,1,4,0,0,0,0,0,0
2022-07-23,AST-2031,Hydraulic Press,CHN-02,0,0,0,0,0,0,0,0,0,0,0
2022-07-24,AST-2031,Hydraulic Press,CHN-02,0,0,0,0,0,0,0,0,0,0,0
2022-07-25,AST-2031,Hydraulic Press,CHN-02,1,0,1,2,5,0,0,0,0,0,0
2022-07-26,AST-2031,Hydraulic Press,CHN-02,0,0,2,2,2,0,0,0,0,0,0
2022-07-27,AST-2031,Hydraulic Press,CHN-02,1,3,0,4,10,1,1,0,0,0,0
2022-07-28,AST-2031,Hydraulic Press,CHN-02,1,0,1,2,5,0,0,0,0,0,0
2022-07-29,AST-2031,Hydraulic Press,CHN-02,0,1,1,2,3,0,0,0,0,0,0
2022-07-30,AST-2031,Hydraulic Press,CHN-02,0,0,0,0,0,0,0,0,0,0,0
2022-07-31,AST-2031,Hydraulic Press,CHN-02,0,0,0,0,0,0,0,0,0,0,0
2022-08-01,AST-2031,Hydraulic Press,CHN-02,1,1,1,3,7,1,0,0,0,0,0
2022-08-02,AST-2031,Hydraulic Press,CHN-02,0,1,0,1,2,0,0,0,0,0,0
2022-08-03,AST-2031,Hydraulic Press,CHN-02,1,1,2,4,8,1,0,0,0,0,0
2022-08-04,AST-2031,Hydraulic Press,CHN-02,0,0,0,0,0,0,0,0,0,0,0
2022-08-05,AST-2031,Hydraulic Press,CHN-02,0,1,1,2,3,0,0,0,0,0,0
2022-08-06,AST-2031,Hydraulic Press,CHN-02,0,0,0,0,0,0,0,0,0,0,0
2022-08-07,AST-2031,Hydraulic Press,CHN-02,0,0,0,0,0,0,0,0,0,0,0
2022-08-08,AST-2031,Hydraulic Press,CHN-02,1,1,0,2,6,0,0,0,0,0,0
2022-08-09,AST-2031,Hydraulic Press,CHN-02,0,1,0,1,2,0,0,0,0,0,0
2022-08-10,AST-2031,Hydraulic Press,CHN-02,2,0,1,3,9,1,0,0,0,0,0
2022-08-11,AST-2031,Hydraulic Press,CHN-02,1,2,0,3,8,1,0,0,0,0,0
2022-08-12,AST-2031,Hydraulic Press,CHN-02,0,2,0,2,4,0,0,0,0,0,0
2022-08-13,AST-2031,Hydraulic Press,CHN-02,0,0,0,0,0,0,0,0,0,0,0
2022-08-14,AST-2031,Hydraulic Press,CHN-02,0,0,0,0,0,0,0,0,0,0,0
2022-08-15,AST-2031,Hydraulic Press,CHN-02,0,1,1,2,3,0,0,0,0,0,0
2022-08-16,AST-2031,Hydraulic Press,CHN-02,0,2,0,2,4,0,0,0,0,0,0
2022-08-17,AST-2031,Hydraulic Press,CHN-02,1,3,1,5,11,1,1,1,0,0,0
2022-08-18,AST-2031,Hydraulic Press,CHN-02,1,0,1,2,5,0,0,0,0,0,0
2022-08-19,AST-2031,Hydraulic Press,CHN-02,1,0,0,1,4,0,0,0,0,0,0
2022-08-20,AST-2031,Hydraulic Press,CHN-02,0,0,0,0,0,0,0,0,0,0,0
2022-08-21,AST-2031,Hydraulic Press,CHN-02,0,0,0,0,0,0,0,0,0,0,0
2022-08-22,AST-2031,Hydraulic Press,CHN-02,0,0,0,0,0,0,0,0,0,0,0
2022-08-23,AST-2031,Hydraulic Press,CHN-02,2,3,0,5,14,1,1,1,1,1,1
2022-08-24,AST-2031,Hydraulic Press,CHN-02,1,1,0,2,6,0,0,0,0,0,0
2022-08-25,AST-2031,Hydraulic Press,CHN-02,3,1,3,7,17,1,1,1,1,1,1
2022-08-26,AST-2031,Hydraulic Press,CHN-02,2,2,2,6,14,1,1,1,1,1,1
2022-08-27,AST-2031,Hydraulic Press,CHN-02,0,0,0,0,0,0,0,0,0,0,0
2022-08-28,AST-2031,Hydraulic Press,CHN-02,0,0,0,0,0,0,0,0,0,0,0
2022-08-29,AST-2031,Hydraulic Press,CHN-02,0,0,1,1,1,0,0,0,0,0,0
2022-08-30,AST-2031,Hydraulic Press,CHN-02,2,0,1,3,9,1,0,0,0,0,0
2022-08-31,AST-2031,Hydraulic Press,CHN-02,2,1,1,4,11,1,1,1,0,0,0
2022-09-01,AST-2031,Hydraulic Press,CHN-02,1,0,0,1,4,0,0,0,0,0,0
2022-09-02,AST-2031,Hydraulic Press,CHN-02,3,1,0,4,14,1,1,1,1,1,1
2022-09-03,AST-2031,Hydraulic Press,CHN-02,0,0,0,0,0,0,0,0,0,0,0
2022-09-04,AST-2031,Hydraulic Press,CHN-02,0,0,0,0,0,0,0,0,0,0,0
2022-09-05,AST-2031,Hydraulic Press,CHN-02,0,1,1,2,3,0,0,0,0,0,0
2022-09-06,AST-2031,Hydraulic Press,CHN-02,1,0,0,1,4,0,0,0,0,0,0
2022-09-07,AST-2031,Hydraulic Press,CHN-02,0,0,0,0,0,0,0,0,0,0,0
2022-09-08,AST-2031,Hydraulic Press,CHN-02,2,2,0,4,12,1,1,1,1,0,0
2022-09-09,AST-2031,Hydraulic Press,CHN-02,1,0,2,3,6,0,0,0,0,0,0
2022-09-10,AST-2031,Hydraulic Press,CHN-02,0,0,0,0,0,0,0,0,0,0,0
2022-09-11,AST-2031,Hydraulic Press,CHN-02,0,0,0,0,0,0,0,0,0,0,0
2022-09-12,AST-2031,Hydraulic Press,CHN-02,2,2,0,4,12,1,1,1,1,0,0
2022-09-13,AST-2031,Hydraulic Press,CHN-02,1,1,0,2,6,0,0,0,0,0,0
2022-09-14,AST-2031,Hydraulic Press,CHN-02,1,1,1,3,7,1,0,0,0,0,0
2022-09-15,AST-2031,Hydraulic Press,CHN-02,1,1,0,2,6,0,0,0,0,0,0
2022-09-16,AST-2031,Hydraulic Press,CHN-02,0,2,1,3,5,0,0,0,0,0,0
2022-09-17,AST-2031,Hydraulic Press,CHN-02,0,0,0,0,0,0,0,0,0,0,0
2022-09-18,AST-2031,Hydraulic Press,CHN-02,0,0,0,0,0,0,0,0,0,0,0
2022-09-19,AST-2031,Hydraulic Press,CHN-02,1,1,2,4,8,1,0,0,0,0,0
2022-09-20,AST-2031,Hydraulic Press,CHN-02,1,0,2,3,6,0,0,0,0,0,0
2022-09-21,AST-2031,Hydraulic Press,CHN-02,1,3,0,4,10,1,1,0,0,0,0
2022-09-22,AST-2031,Hydraulic Press,CHN-02,0,0,1,1,1,0,0,0,0,0,0
2022-09-23,AST-2031,Hydraulic Press,CHN-02,0,3,0,3,6,0,0,0,0,0,0
2022-09-24,AST-2031,Hydraulic Press,CHN-02,0,0,0,0,0,0,0,0,0,0,0
2022-09-25,AST-2031,Hydraulic Press,CHN-02,0,0,0,0,0,0,0,0,0,0,0
2022-09-26,AST-2031,Hydraulic Press,CHN-02,1,2,0,3,8,1,0,0,0,0,0
2022-09-27,AST-2031,Hydraulic Press,CHN-02,3,3,0,6,18,1,1,1,1,1,1
2022-09-28,AST-2031,Hydraulic Press,CHN-02,0,0,0,0,0,0,0,0,0,0,0
2022-09-29,AST-2031,Hydraulic Press,CHN-02,0,0,1,1,1,0,0,0,0,0,0
2022-09-30,AST-2031,Hydraulic Press,CHN-02,0,1,0,1,2,0,0,0,0,0,0
2022-10-01,AST-2031,Hydraulic Press,CHN-02,0,0,0,0,0,0,0,0,0,0,0
2022-10-02,AST-2031,Hydraulic Press,CHN-02,0,0,0,0,0,0,0,0,0,0,0
2022-10-03,AST-2031,Hydraulic Press,CHN-02,2,1,1,4,11,1,1,1,0,0,0
2022-10-04,AST-2031,Hydraulic Press,CHN-02,1,2,0,3,8,1,0,0,0,0,0
2022-10-05,AST-2031,Hydraulic Press,CHN-02,0,1,0,1,2,0,0,0,0,0,0
2022-10-06,AST-2031,Hydraulic Press,CHN-02,1,3,1,5,11,1,1,1,0,0,0
2022-10-07,AST-2031,Hydraulic Press,CHN-02,3,0,0,3,12,1,1,1,1,0,0
2022-10-08,AST-2031,Hydraulic Press,CHN-02,0,0,0,0,0,0,0,0,0,0,0
2022-10-09,AST-2031,Hydraulic Press,CHN-02,0,0,0,0,0,0,0,0,0,0,0
2022-10-10,AST-2031,Hydraulic Press,CHN-02,2,0,1,3,9,1,0,0,0,0,0
2022-10-11,AST-2031,Hydraulic Press,CHN-02,2,0,0,2,8,1,0,0,0,0,0
2022-10-12,AST-2031,Hydraulic Press,CHN-02,1,1,0,2,6,0,0,0,0,0,0
2022-10-13,AST-2031,Hydraulic Press,CHN-02,2,1,1,4,11,1,1,1,0,0,0
2022-10-14,AST-2031,Hydraulic Press,CHN-02,0,1,1,2,3,0,0,0,0,0,0
2022-10-15,AST-2031,Hydraulic Press,CHN-02,0,0,0,0,0,0,0,0,0,0,0
2022-10-16,AST-2031,Hydraulic Press,CHN-02,0,0,0,0,0,0,0,0,0,0,0
2022-10-17,AST-2031,Hydraulic Press,CHN-02,0,1,3,4,5,0,0,0,0,0,0
2022-10-18,AST-2031,Hydraulic Press,CHN-02,2,2,1,5,13,1,1,1,1,1,0
2022-10-19,AST-2031,Hydraulic Press,CHN-02,1,0,0,1,4,0,0,0,0,0,0
2022-10-20,AST-2031,Hydraulic Press,CHN-02,3,1,0,4,14,1,1,1,1,1,1
2022-10-21,AST-2031,Hydraulic Press,CHN-02,3,1,2,6,16,1,1,1,1,1,1
2022-10-22,AST-2031,Hydraulic Press,CHN-02,0,0,0,0,0,0,0,0,0,0,0
2022-10-23,AST-2031,Hydraulic Press,CHN-02,0,0,0,0,0,0,0,0,0,0,0
2022-10-24,AST-2031,Hydraulic Press,CHN-02,1,0,1,2,5,0,0,0,0,0,0
2022-10-25,AST-2031,Hydraulic Press,CHN-02,1,2,0,3,8,1,0,0,0,0,0
2022-10-26,AST-2031,Hydraulic Press,CHN-02,2,2,0,4,12,1,1,1,1,0,0
2022-10-27,AST-2031,Hydraulic Press,CHN-02,0,3,0,3,6,0,0,0,0,0,0
2022-10-28,AST-2031,Hydraulic Press,CHN-02,0,1,0,1,2,0,0,0,0,0,0
2022-10-29,AST-2031,Hydraulic Press,CHN-02,0,0,0,0,0,0,0,0,0,0,0
2022-10-30,AST-2031,Hydraulic Press,CHN-02,0,0,0,0,0,0,0,0,0,0,0
2022-10-31,AST-2031,Hydraulic Press,CHN-02,2,0,0,2,8,1,0,0,0,0,0
2022-11-01,AST-2031,Hydraulic Press,CHN-02,2,2,1,5,13,1,1,1,1,1,0
2022-11-02,AST-2031,Hydraulic Press,CHN-02,0,0,0,0,0,0,0,0,0,0,0
2022-11-03,AST-2031,Hydraulic Press,CHN-02,1,2,0,3,8,1,0,0,0,0,0
2022-11-04,AST-2031,Hydraulic Press,CHN-02,0,2,1,3,5,0,0,0,0,0,0
2022-11-05,AST-2031,Hydraulic Press,CHN-02,0,0,0,0,0,0,0,0,0,0,0
2022-11-06,AST-2031,Hydraulic Press,CHN-02,0,0,0,0,0,0,0,0,0,0,0
2022-11-07,AST-2031,Hydraulic Press,CHN-02,1,1,0,2,6,0,0,0,0,0,0
2022-11-08,AST-2031,Hydraulic Press,CHN-02,1,1,2,4,8,1,0,0,0,0,0
2022-11-09,AST-2031,Hydraulic Press,CHN-02,1,2,1,4,9,1,0,0,0,0,0
2022-11-10,AST-2031,Hydraulic Press,CHN-02,2,2,1,5,13,1,1,1,1,1,0
2022-11-11,AST-2031,Hydraulic Press,CHN-02,2,1,1,4,11,1,1,1,0,0,0
2022-11-12,AST-2031,Hydraulic Press,CHN-02,0,0,0,0,0,0,0,0,0,0,0
2022-11-13,AST-2031,Hydraulic Press,CHN-02,0,0,0,0,0,0,0,0,0,0,0
2022-11-14,AST-2031,Hydraulic Press,CHN-02,0,0,0,0,0,0,0,0,0,0,0
2022-11-15,AST-2031,Hydraulic Press,CHN-02,1,2,0,3,8,1,0,0,0,0,0
2022-11-16,AST-2031,Hydraulic Press,CHN-02,0,0,0,0,0,0,0,0,0,0,0
2022-11-17,AST-2031,Hydraulic Press,CHN-02,2,4,0,6,16,1,1,1,1,1,1
2022-11-18,AST-2031,Hydraulic Press,CHN-02,1,2,1,4,9,1,0,0,0,0,0
2022-11-19,AST-2031,Hydraulic Press,CHN-02,0,0,0,0,0,0,0,0,0,0,0
2022-11-20,AST-2031,Hydraulic Press,CHN-02,0,0,0,0,0,0,0,0,0,0,0
2022-11-21,AST-2031,Hydraulic Press,CHN-02,0,3,0,3,6,0,0,0,0,0,0
2022-11-22,AST-2031,Hydraulic Press,CHN-02,1,2,3,6,11,1,1,1,0,0,0
2022-11-23,AST-2031,Hydraulic Press,CHN-02,2,2,1,5,13,1,1,1,1,1,0
2022-11-24,AST-2031,Hydraulic Press,CHN-02,1,1,0,2,6,0,0,0,0,0,0
2022-11-25,AST-2031,Hydraulic Press,CHN-02,2,0,0,2,8,1,0,0,0,0,0
2022-11-26,AST-2031,Hydraulic Press,CHN-02,0,0,0,0,0,0,0,0,0,0,0
2022-11-27,AST-2031,Hydraulic Press,CHN-02,0,0,0,0,0,0,0,0,0,0,0
2022-11-28,AST-2031,Hydraulic Press,CHN-02,1,2,0,3,8,1,0,0,0,0,0
2022-11-29,AST-2031,Hydraulic Press,CHN-02,2,0,1,3,9,1,0,0,0,0,0
2022-11-30,AST-2031,Hydraulic Press,CHN-02,0,0,1,1,1,0,0,0,0,0,0
2022-12-01,AST-2031,Hydraulic Press,CHN-02,2,1,0,3,10,1,1,0,0,0,0
2022-12-02,AST-2031,Hydraulic Press,CHN-02,2,3,0,5,14,1,1,1,1,1,1
2022-12-03,AST-2031,Hydraulic Press,CHN-02,0,0,0,0,0,0,0,0,0,0,0
2022-12-04,AST-2031,Hydraulic Press,CHN-02,0,0,0,0,0,0,0,0,0,0,0
2022-12-05,AST-2031,Hydraulic Press,CHN-02,1,2,1,4,9,1,0,0,0,0,0
2022-12-06,AST-2031,Hydraulic Press,CHN-02,1,2,0,3,8,1,0,0,0,0,0
2022-12-07,AST-2031,Hydraulic Press,CHN-02,1,0,1,2,5,0,0,0,0,0,0
2022-12-08,AST-2031,Hydraulic Press,CHN-02,0,1,1,2,3,0,0,0,0,0,0
2022-12-09,AST-2031,Hydraulic Press,CHN-02,0,2,0,2,4,0,0,0,0,0,0
2022-12-10,AST-2031,Hydraulic Press,CHN-02,0,0,0,0,0,0,0,0,0,0,0
2022-12-11,AST-2031,Hydraulic Press,CHN-02,0,0,0,0,0,0,0,0,0,0,0
2022-12-12,AST-2031,Hydraulic Press,CHN-02,2,1,1,4,11,1,1,1,0,0,0
2022-12-13,AST-2031,Hydraulic Press,CHN-02,2,0,1,3,9,1,0,0,0,0,0
2022-12-14,AST-2031,Hydraulic Press,CHN-02,0,1,0,1,2,0,0,0,0,0,0
2022-12-15,AST-2031,Hydraulic Press,CHN-02,1,2,2,5,10,1,1,0,0,0,0
2022-12-16,AST-2031,Hydraulic Press,CHN-02,1,1,2,4,8,1,0,0,0,0,0
2022-12-17,AST-2031,Hydraulic Press,CHN-02,0,0,0,0,0,0,0,0,0,0,0
2022-12-18,AST-2031,Hydraulic Press,CHN-02,0,0,0,0,0,0,0,0,0,0,0
2022-12-19,AST-2031,Hydraulic Press,CHN-02,0,1,1,2,3,0,0,0,0,0,0
2022-12-20,AST-2031,Hydraulic Press,CHN-02,0,2,0,2,4,0,0,0,0,0,0
2022-12-21,AST-2031,Hydraulic Press,CHN-02,2,1,2,5,12,1,1,1,1,0,0
2022-12-22,AST-2031,Hydraulic Press,CHN-02,1,0,1,2,5,0,0,0,0,0,0
2022-12-23,AST-2031,Hydraulic Press,CHN-02,0,1,0,1,2,0,0,0,0,0,0
2022-12-24,AST-2031,Hydraulic Press,CHN-02,0,0,0,0,0,0,0,0,0,0,0
2022-12-25,AST-2031,Hydraulic Press,CHN-02,0,0,0,0,0,0,0,0,0,0,0
2022-12-26,AST-2031,Hydraulic Press,CHN-02,0,2,1,3,5,0,0,0,0,0,0
2022-12-27,AST-2031,Hydraulic Press,CHN-02,5,4,0,9,28,1,1,1,1,1,1
2022-12-28,AST-2031,Hydraulic Press,CHN-02,2,1,0,3,10,1,1,0,0,0,0
2022-12-29,AST-2031,Hydraulic Press,CHN-02,0,1,2,3,4,0,0,0,0,0,0
2022-12-30,AST-2031,Hydraulic Press,CHN-02,3,3,0,6,18,1,1,1,1,1,1
2022-12-31,AST-2031,Hydraulic Press,CHN-02,0,0,0,0,0,0,0,0,0,0,0
2023-01-01,AST-2031,Hydraulic Press,CHN-02,0,0,0,0,0,0,0,0,0,0,0
2023-01-02,AST-2031,Hydraulic Press,CHN-02,1,2,1,4,9,1,0,0,0,0,0
2023-01-03,AST-2031,Hydraulic Press,CHN-02,0,1,1,2,3,0,0,0,0,0,0
2023-01-04,AST-2031,Hydraulic Press,CHN-02,1,0,0,1,4,0,0,0,0,0,0
2023-01-05,AST-2031,Hydraulic Press,CHN-02,1,2,0,3,8,1,0,0,0,0,0
2023-01-06,AST-2031,Hydraulic Press,CHN-02,1,1,0,2,6,0,0,0,0,0,0
2023-01-07,AST-2031,Hydraulic Press,CHN-02,0,0,0,0,0,0,0,0,0,0,0
2023-01-08,AST-2031,Hydraulic Press,CHN-02,0,0,0,0,0,0,0,0,0,0,0
2023-01-09,AST-2031,Hydraulic Press,CHN-02,2,1,0,3,10,1,1,0,0,0,0
2023-01-10,AST-2031,Hydraulic Press,CHN-02,1,2,1,4,9,1,0,0,0,0,0
2023-01-11,AST-2031,Hydraulic Press,CHN-02,0,1,1,2,3,0,0,0,0,0,0
2023-01-12,AST-2031,Hydraulic Press,CHN-02,2,1,1,4,11,1,1,1,0,0,0
2023-01-13,AST-2031,Hydraulic Press,CHN-02,1,2,0,3,8,1,0,0,0,0,0
2023-01-14,AST-2031,Hydraulic Press,CHN-02,0,0,0,0,0,0,0,0,0,0,0
2023-01-15,AST-2031,Hydraulic Press,CHN-02,0,0,0,0,0,0,0,0,0,0,0
2023-01-16,AST-2031,Hydraulic Press,CHN-02,2,2,0,4,12,1,1,1,1,0,0
2023-01-17,AST-2031,Hydraulic Press,CHN-02,0,0,1,1,1,0,0,0,0,0,0
2023-01-18,AST-2031,Hydraulic Press,CHN-02,1,2,0,3,8,1,0,0,0,0,0
2023-01-19,AST-2031,Hydraulic Press,CHN-02,2,1,1,4,11,1,1,1,0,0,0
2023-01-20,AST-2031,Hydraulic Press,CHN-02,2,4,0,6,16,1,1,1,1,1,1
2023-01-21,AST-2031,Hydraulic Press,CHN-02,0,0,0,0,0,0,0,0,0,0,0
2023-01-22,AST-2031,Hydraulic Press,CHN-02,0,0,0,0,0,0,0,0,0,0,0
2023-01-23,AST-2031,Hydraulic Press,CHN-02,1,2,0,3,8,1,0,0,0,0,0
2023-01-24,AST-2031,Hydraulic Press,CHN-02,1,1,0,2,6,0,0,0,0,0,0
2023-01-25,AST-2031,Hydraulic Press,CHN-02,1,2,1,4,9,1,0,0,0,0,0
2023-01-26,AST-2031,Hydraulic Press,CHN-02,1,1,0,2,6,0,0,0,0,0,0
2023-01-27,AST-2031,Hydraulic Press,CHN-02,1,1,0,2,6,0,0,0,0,0,0
2023-01-28,AST-2031,Hydraulic Press,CHN-02,0,0,0,0,0,0,0,0,0,0,0
2023-01-29,AST-2031,Hydraulic Press,CHN-02,0,0,0,0,0,0,0,0,0,0,0
2023-01-30,AST-2031,Hydraulic Press,CHN-02,1,3,1,5,11,1,1,1,0,0,0
2023-01-31,AST-2031,Hydraulic Press,CHN-02,0,2,1,3,5,0,0,0,0,0,0
2023-02-01,AST-2031,Hydraulic Press,CHN-02,0,2,0,2,4,0,0,0,0,0,0
2023-02-02,AST-2031,Hydraulic Press,CHN-02,1,0,0,1,4,0,0,0,0,0,0
2023-02-03,AST-2031,Hydraulic Press,CHN-02,3,2,3,8,19,1,1,1,1,1,1
2023-02-04,AST-2031,Hydraulic Press,CHN-02,0,0,0,0,0,0,0,0,0,0,0
2023-02-05,AST-2031,Hydraulic Press,CHN-02,0,0,0,0,0,0,0,0,0,0,0
2023-02-06,AST-2031,Hydraulic Press,CHN-02,0,0,0,0,0,0,0,0,0,0,0
2023-02-07,AST-2031,Hydraulic Press,CHN-02,0,0,0,0,0,0,0,0,0,0,0
2023-02-08,AST-2031,Hydraulic Press,CHN-02,2,1,0,3,10,1,1,0,0,0,0
2023-02-09,AST-2031,Hydraulic Press,CHN-02,2,3,2,7,16,1,1,1,1,1,1
2023-02-10,AST-2031,Hydraulic Press,CHN-02,3,1,2,6,16,1,1,1,1,1,1
2023-02-11,AST-2031,Hydraulic Press,CHN-02,0,0,0,0,0,0,0,0,0,0,0
2023-02-12,AST-2031,Hydraulic Press,CHN-02,0,0,0,0,0,0,0,0,0,0,0
2023-02-13,AST-2031,Hydraulic Press,CHN-02,0,0,1,1,1,0,0,0,0,0,0
2023-02-14,AST-2031,Hydraulic Press,CHN-02,2,1,0,3,10,1,1,0,0,0,0
2023-02-15,AST-2031,Hydraulic Press,CHN-02,2,1,0,3,10,1,1,0,0,0,0
2023-02-16,AST-2031,Hydraulic Press,CHN-02,2,2,0,4,12,1,1,1,1,0,0
2023-02-17,AST-2031,Hydraulic Press,CHN-02,1,2,0,3,8,1,0,0,0,0,0
2023-02-18,AST-2031,Hydraulic Press,CHN-02,0,0,0,0,0,0,0,0,0,0,0
2023-02-19,AST-2031,Hydraulic Press,CHN-02,0,0,0,0,0,0,0,0,0,0,0
2023-02-20,AST-2031,Hydraulic Press,CHN-02,0,1,0,1,2,0,0,0,0,0,0
2023-02-21,AST-2031,Hydraulic Press,CHN-02,1,1,1,3,7,1,0,0,0,0,0
2023-02-22,AST-2031,Hydraulic Press,CHN-02,1,0,1,2,5,0,0,0,0,0,0
2023-02-23,AST-2031,Hydraulic Press,CHN-02,0,1,1,2,3,0,0,0,0,0,0
2023-02-24,AST-2031,Hydraulic Press,CHN-02,2,2,0,4,12,1,1,1,1,0,0
2023-02-25,AST-2031,Hydraulic Press,CHN-02,0,0,0,0,0,0,0,0,0,0,0
2023-02-26,AST-2031,Hydraulic Press,CHN-02,0,0,0,0,0,0,0,0,0,0,0
2023-02-27,AST-2031,Hydraulic Press,CHN-02,1,1,0,2,6,0,0,0,0,0,0
2023-02-28,AST-2031,Hydraulic Press,CHN-02,3,1,0,4,14,1,1,1,1,1,1
2023-03-01,AST-2031,Hydraulic Press,CHN-02,0,2,0,2,4,0,0,0,0,0,0
2023-03-02,AST-2031,Hydraulic Press,CHN-02,0,1,0,1,2,0,0,0,0,0,0
2023-03-03,AST-2031,Hydraulic Press,CHN-02,1,1,0,2,6,0,0,0,0,0,0
2023-03-04,AST-2031,Hydraulic Press,CHN-02,0,0,0,0,0,0,0,0,0,0,0
2023-03-05,AST-2031,Hydraulic Press,CHN-02,0,0,0,0,0,0,0,0,0,0,0
2023-03-06,AST-2031,Hydraulic Press,CHN-02,1,0,1,2,5,0,0,0,0,0,0
2023-03-07,AST-2031,Hydraulic Press,CHN-02,1,1,1,3,7,1,0,0,0,0,0
2023-03-08,AST-2031,Hydraulic Press,CHN-02,1,4,0,5,12,1,1,1,1,0,0
2023-03-09,AST-2031,Hydraulic Press,CHN-02,2,3,2,7,16,1,1,1,1,1,1
2023-03-10,AST-2031,Hydraulic Press,CHN-02,1,2,1,4,9,1,0,0,0,0,0
2023-03-11,AST-2031,Hydraulic Press,CHN-02,0,0,0,0,0,0,0,0,0,0,0
2023-03-12,AST-2031,Hydraulic Press,CHN-02,0,0,0,0,0,0,0,0,0,0,0
2023-03-13,AST-2031,Hydraulic Press,CHN-02,0,2,0,2,4,0,0,0,0,0,0
2023-03-14,AST-2031,Hydraulic Press,CHN-02,1,4,0,5,12,1,1,1,1,0,0
2023-03-15,AST-2031,Hydraulic Press,CHN-02,0,0,0,0,0,0,0,0,0,0,0
2023-03-16,AST-2031,Hydraulic Press,CHN-02,1,2,0,3,8,1,0,0,0,0,0
2023-03-17,AST-2031,Hydraulic Press,CHN-02,2,1,0,3,10,1,1,0,0,0,0
2023-03-18,AST-2031,Hydraulic Press,CHN-02,0,0,0,0,0,0,0,0,0,0,0
2023-03-19,AST-2031,Hydraulic Press,CHN-02,0,0,0,0,0,0,0,0,0,0,0
2023-03-20,AST-2031,Hydraulic Press,CHN-02,1,0,0,1,4,0,0,0,0,0,0
2023-03-21,AST-2031,Hydraulic Press,CHN-02,0,2,0,2,4,0,0,0,0,0,0
2023-03-22,AST-2031,Hydraulic Press,CHN-02,1,1,0,2,6,0,0,0,0,0,0
2023-03-23,AST-2031,Hydraulic Press,CHN-02,2,0,1,3,9,1,0,0,0,0,0
2023-03-24,AST-2031,Hydraulic Press,CHN-02,1,1,1,3,7,1,0,0,0,0,0
2023-03-25,AST-2031,Hydraulic Press,CHN-02,0,0,0,0,0,0,0,0,0,0,0
2023-03-26,AST-2031,Hydraulic Press,CHN-02,0,0,0,0,0,0,0,0,0,0,0
2023-03-27,AST-2031,Hydraulic Press,CHN-02,2,0,0,2,8,1,0,0,0,0,0
2023-03-28,AST-2031,Hydraulic Press,CHN-02,3,3,0,6,18,1,1,1,1,1,1
2023-03-29,AST-2031,Hydraulic Press,CHN-02,1,1,0,2,6,0,0,0,0,0,0
2023-03-30,AST-2031,Hydraulic Press,CHN-02,1,1,1,3,7,1,0,0,0,0,0
2023-03-31,AST-2031,Hydraulic Press,CHN-02,2,2,1,5,13,1,1,1,1,1,0
2023-04-01,AST-2031,Hydraulic Press,CHN-02,0,0,0,0,0,0,0,0,0,0,0
2023-04-02,AST-2031,Hydraulic Press,CHN-02,0,0,0,0,0,0,0,0,0,0,0
2023-04-03,AST-2031,Hydraulic Press,CHN-02,0,0,0,0,0,0,0,0,0,0,0
2023-04-04,AST-2031,Hydraulic Press,CHN-02,1,1,0,2,6,0,0,0,0,0,0
2023-04-05,AST-2031,Hydraulic Press,CHN-02,6,2,2,10,30,1,1,1,1,1,1
2023-04-06,AST-2031,Hydraulic Press,CHN-02,3,0,0,3,12,1,1,1,1,0,0
2023-04-07,AST-2031,Hydraulic Press,CHN-02,3,2,0,5,16,1,1,1,1,1,1
2023-04-08,AST-2031,Hydraulic Press,CHN-02,0,0,0,0,0,0,0,0,0,0,0
2023-04-09,AST-2031,Hydraulic Press,CHN-02,0,0,0,0,0,0,0,0,0,0,0
2023-04-10,AST-2031,Hydraulic Press,CHN-02,0,2,1,3,5,0,0,0,0,0,0
2023-04-11,AST-2031,Hydraulic Press,CHN-02,0,1,0,1,2,0,0,0,0,0,0
2023-04-12,AST-2031,Hydraulic Press,CHN-02,1,0,2,3,6,0,0,0,0,0,0
2023-04-13,AST-2031,Hydraulic Press,CHN-02,1,1,0,2,6,0,0,0,0,0,0
2023-04-14,AST-2031,Hydraulic Press,CHN-02,2,1,0,3,10,1,1,0,0,0,0
2023-04-15,AST-2031,Hydraulic Press,CHN-02,0,0,0,0,0,0,0,0,0,0,0
2023-04-16,AST-2031,Hydraulic Press,CHN-02,0,0,0,0,0,0,0,0,0,0,0
2023-04-17,AST-2031,Hydraulic Press,CHN-02,2,0,1,3,9,1,0,0,0,0,0
2023-04-18,AST-2031,Hydraulic Press,CHN-02,1,0,0,1,4,0,0,0,0,0,0
2023-04-19,AST-2031,Hydraulic Press,CHN-02,0,2,1,3,5,0,0,0,0,0,0
2023-04-20,AST-2031,Hydraulic Press,CHN-02,1,0,0,1,4,0,0,0,0,0,0
2023-04-21,AST-2031,Hydraulic Press,CHN-02,0,1,0,1,2,0,0,0,0,0,0
2023-04-22,AST-2031,Hydraulic Press,CHN-02,0,0,0,0,0,0,0,0,0,0,0
2023-04-23,AST-2031,Hydraulic Press,CHN-02,0,0,0,0,0,0,0,0,0,0,0
2023-04-24,AST-2031,Hydraulic Press,CHN-02,0,1,0,1,2,0,0,0,0,0,0
2023-04-25,AST-2031,Hydraulic Press,CHN-02,0,0,1,1,1,0,0,0,0,0,0
2023-04-26,AST-2031,Hydraulic Press,CHN-02,2,1,0,3,10,1,1,0,0,0,0
2023-04-27,AST-2031,Hydraulic Press,CHN-02,0,1,1,2,3,0,0,0,0,0,0
2023-04-28,AST-2031,Hydraulic Press,CHN-02,3,0,0,3,12,1,1,1,1,0,0
2023-04-29,AST-2031,Hydraulic Press,CHN-02,0,0,0,0,0,0,0,0,0,0,0
2023-04-30,AST-2031,Hydraulic Press,CHN-02,0,0,0,0,0,0,0,0,0,0,0
2023-05-01,AST-2031,Hydraulic Press,CHN-02,2,0,0,2,8,1,0,0,0,0,0
2023-05-02,AST-2031,Hydraulic Press,CHN-02,2,1,0,3,10,1,1,0,0,0,0
2023-05-03,AST-2031,Hydraulic Press,CHN-02,0,0,0,0,0,0,0,0,0,0,0
2023-05-04,AST-2031,Hydraulic Press,CHN-02,0,2,1,3,5,0,0,0,0,0,0
2023-05-05,AST-2031,Hydraulic Press,CHN-02,3,0,1,4,13,1,1,1,1,1,0
2023-05-06,AST-2031,Hydraulic Press,CHN-02,0,0,0,0,0,0,0,0,0,0,0
2023-05-07,AST-2031,Hydraulic Press,CHN-02,0,0,0,0,0,0,0,0,0,0,0
2023-05-08,AST-2031,Hydraulic Press,CHN-02,1,3,2,6,12,1,1,1,1,0,0
2023-05-09,AST-2031,Hydraulic Press,CHN-02,1,0,0,1,4,0,0,0,0,0,0
2023-05-10,AST-2031,Hydraulic Press,CHN-02,1,1,0,2,6,0,0,0,0,0,0
2023-05-11,AST-2031,Hydraulic Press,CHN-02,0,2,0,2,4,0,0,0,0,0,0
2023-05-12,AST-2031,Hydraulic Press,CHN-02,2,1,0,3,10,1,1,0,0,0,0
2023-05-13,AST-2031,Hydraulic Press,CHN-02,0,0,0,0,0,0,0,0,0,0,0
2023-05-14,AST-2031,Hydraulic Press,CHN-02,0,0,0,0,0,0,0,0,0,0,0
2023-05-15,AST-2031,Hydraulic Press,CHN-02,2,0,0,2,8,1,0,0,0,0,0
2023-05-16,AST-2031,Hydraulic Press,CHN-02,0,1,1,2,3,0,0,0,0,0,0
2023-05-17,AST-2031,Hydraulic Press,CHN-02,1,0,1,2,5,0,0,0,0,0,0
2023-05-18,AST-2031,Hydraulic Press,CHN-02,0,2,0,2,4,0,0,0,0,0,0
2023-05-19,AST-2031,Hydraulic Press,CHN-02,3,1,1,5,15,1,1,1,1,1,1
2023-05-20,AST-2031,Hydraulic Press,CHN-02,0,0,0,0,0,0,0,0,0,0,0
2023-05-21,AST-2031,Hydraulic Press,CHN-02,0,0,0,0,0,0,0,0,0,0,0
2023-05-22,AST-2031,Hydraulic Press,CHN-02,1,1,1,3,7,1,0,0,0,0,0
2023-05-23,AST-2031,Hydraulic Press,CHN-02,1,0,0,1,4,0,0,0,0,0,0
2023-05-24,AST-2031,Hydraulic Press,CHN-02,0,1,1,2,3,0,0,0,0,0,0
2023-05-25,AST-2031,Hydraulic Press,CHN-02,1,1,1,3,7,1,0,0,0,0,0
2023-05-26,AST-2031,Hydraulic Press,CHN-02,1,0,0,1,4,0,0,0,0,0,0
2023-05-27,AST-2031,Hydraulic Press,CHN-02,0,0,0,0,0,0,0,0,0,0,0
2023-05-28,AST-2031,Hydraulic Press,CHN-02,0,0,0,0,0,0,0,0,0,0,0
2023-05-29,AST-2031,Hydraulic Press,CHN-02,1,0,1,2,5,0,0,0,0,0,0
2023-05-30,AST-2031,Hydraulic Press,CHN-02,1,0,1,2,5,0,0,0,0,0,0
2023-05-31,AST-2031,Hydraulic Press,CHN-02,1,1,2,4,8,1,0,0,0,0,0
2023-06-01,AST-2031,Hydraulic Press,CHN-02,2,3,0,5,14,1,1,1,1,1,1
2023-06-02,AST-2031,Hydraulic Press,CHN-02,1,2,1,4,9,1,0,0,0,0,0
2023-06-03,AST-2031,Hydraulic Press,CHN-02,0,0,0,0,0,0,0,0,0,0,0
2023-06-04,AST-2031,Hydraulic Press,CHN-02,0,0,0,0,0,0,0,0,0,0,0
2023-06-05,AST-2031,Hydraulic Press,CHN-02,1,3,0,4,10,1,1,0,0,0,0
2023-06-06,AST-2031,Hydraulic Press,CHN-02,0,3,0,3,6,0,0,0,0,0,0
2023-06-07,AST-2031,Hydraulic Press,CHN-02,2,0,0,2,8,1,0,0,0,0,0
2023-06-08,AST-2031,Hydraulic Press,CHN-02,1,0,0,1,4,0,0,0,0,0,0
2023-06-09,AST-2031,Hydraulic Press,CHN-02,3,1,2,6,16,1,1,1,1,1,1
2023-06-10,AST-2031,Hydraulic Press,CHN-02,0,0,0,0,0,0,0,0,0,0,0
2023-06-11,AST-2031,Hydraulic Press,CHN-02,0,0,0,0,0,0,0,0,0,0,0
2023-06-12,AST-2031,Hydraulic Press,CHN-02,1,0,1,2,5,0,0,0,0,0,0
2023-06-13,AST-2031,Hydraulic Press,CHN-02,0,2,0,2,4,0,0,0,0,0,0
2023-06-14,AST-2031,Hydraulic Press,CHN-02,0,1,0,1,2,0,0,0,0,0,0
2023-06-15,AST-2031,Hydraulic Press,CHN-02,0,0,0,0,0,0,0,0,0,0,0
2023-06-16,AST-2031,Hydraulic Press,CHN-02,1,2,0,3,8,1,0,0,0,0,0
2023-06-17,AST-2031,Hydraulic Press,CHN-02,0,0,0,0,0,0,0,0,0,0,0
2023-06-18,AST-2031,Hydraulic Press,CHN-02,0,0,0,0,0,0,0,0,0,0,0
2023-06-19,AST-2031,Hydraulic Press,CHN-02,3,1,0,4,14,1,1,1,1,1,1
2023-06-20,AST-2031,Hydraulic Press,CHN-02,2,0,0,2,8,1,0,0,0,0,0
2023-06-21,AST-2031,Hydraulic Press,CHN-02,1,1,0,2,6,0,0,0,0,0,0
2023-06-22,AST-2031,Hydraulic Press,CHN-02,0,2,0,2,4,0,0,0,0,0,0
2023-06-23,AST-2031,Hydraulic Press,CHN-02,2,1,1,4,11,1,1,1,0,0,0
2023-06-24,AST-2031,Hydraulic Press,CHN-02,0,0,0,0,0,0,0,0,0,0,0
2023-06-25,AST-2031,Hydraulic Press,CHN-02,0,0,0,0,0,0,0,0,0,0,0
2023-06-26,AST-2031,Hydraulic Press,CHN-02,1,1,1,3,7,1,0,0,0,0,0
2023-06-27,AST-2031,Hydraulic Press,CHN-02,1,0,0,1,4,0,0,0,0,0,0
2023-06-28,AST-2031,Hydraulic Press,CHN-02,0,1,1,2,3,0,0,0,0,0,0
2023-06-29,AST-2031,Hydraulic Press,CHN-02,1,0,1,2,5,0,0,0,0,0,0
2023-06-30,AST-2031,Hydraulic Press,CHN-02,0,3,1,4,7,1,0,0,0,0,0
2023-07-01,AST-2031,Hydraulic Press,CHN-02,0,0,0,0,0,0,0,0,0,0,0
2023-07-02,AST-2031,Hydraulic Press,CHN-02,0,0,0,0,0,0,0,0,0,0,0
2023-07-03,AST-2031,Hydraulic Press,CHN-02,1,1,0,2,6,0,0,0,0,0,0
2023-07-04,AST-2031,Hydraulic Press,CHN-02,0,2,0,2,4,0,0,0,0,0,0
2023-07-05,AST-2031,Hydraulic Press,CHN-02,2,1,2,5,12,1,1,1,1,0,0
2023-07-06,AST-2031,Hydraulic Press,CHN-02,1,2,0,3,8,1,0,0,0,0,0
2023-07-07,AST-2031,Hydraulic Press,CHN-02,0,3,0,3,6,0,0,0,0,0,0
2023-07-08,AST-2031,Hydraulic Press,CHN-02,0,0,0,0,0,0,0,0,0,0,0
2023-07-09,AST-2031,Hydraulic Press,CHN-02,0,0,0,0,0,0,0,0,0,0,0
2023-07-10,AST-2031,Hydraulic Press,CHN-02,0,2,1,3,5,0,0,0,0,0,0
2023-07-11,AST-2031,Hydraulic Press,CHN-02,0,2,0,2,4,0,0,0,0,0,0
2023-07-12,AST-2031,Hydraulic Press,CHN-02,0,2,0,2,4,0,0,0,0,0,0
2023-07-13,AST-2031,Hydraulic Press,CHN-02,0,0,0,0,0,0,0,0,0,0,0
2023-07-14,AST-2031,Hydraulic Press,CHN-02,0,0,0,0,0,0,0,0,0,0,0
2023-07-15,AST-2031,Hydraulic Press,CHN-02,0,0,0,0,0,0,0,0,0,0,0
2023-07-16,AST-2031,Hydraulic Press,CHN-02,0,0,0,0,0,0,0,0,0,0,0
2023-07-17,AST-2031,Hydraulic Press,CHN-02,1,1,0,2,6,0,0,0,0,0,0
2023-07-18,AST-2031,Hydraulic Press,CHN-02,2,3,1,6,15,1,1,1,1,1,1
2023-07-19,AST-2031,Hydraulic Press,CHN-02,0,1,0,1,2,0,0,0,0,0,0
2023-07-20,AST-2031,Hydraulic Press,CHN-02,2,2,0,4,12,1,1,1,1,0,0
2023-07-21,AST-2031,Hydraulic Press,CHN-02,1,0,0,1,4,0,0,0,0,0,0
2023-07-22,AST-2031,Hydraulic Press,CHN-02,0,0,0,0,0,0,0,0,0,0,0
2023-07-23,AST-2031,Hydraulic Press,CHN-02,0,0,0,0,0,0,0,0,0,0,0
2023-07-24,AST-2031,Hydraulic Press,CHN-02,0,0,1,1,1,0,0,0,0,0,0
2023-07-25,AST-2031,Hydraulic Press,CHN-02,0,1,0,1,2,0,0,0,0,0,0
2023-07-26,AST-2031,Hydraulic Press,CHN-02,1,2,0,3,8,1,0,0,0,0,0
2023-07-27,AST-2031,Hydraulic Press,CHN-02,2,0,1,3,9,1,0,0,0,0,0
2023-07-28,AST-2031,Hydraulic Press,CHN-02,0,2,0,2,4,0,0,0,0,0,0
2023-07-29,AST-2031,Hydraulic Press,CHN-02,0,0,0,0,0,0,0,0,0,0,0
2023-07-30,AST-2031,Hydraulic Press,CHN-02,0,0,0,0,0,0,0,0,0,0,0
2023-07-31,AST-2031,Hydraulic Press,CHN-02,2,1,1,4,11,1,1,1,0,0,0
2023-08-01,AST-2031,Hydraulic Press,CHN-02,1,1,0,2,6,0,0,0,0,0,0
2023-08-02,AST-2031,Hydraulic Press,CHN-02,3,3,2,8,20,1,1,1,1,1,1
2023-08-03,AST-2031,Hydraulic Press,CHN-02,1,2,0,3,8,1,0,0,0,0,0
2023-08-04,AST-2031,Hydraulic Press,CHN-02,3,3,2,8,20,1,1,1,1,1,1
2023-08-05,AST-2031,Hydraulic Press,CHN-02,0,0,0,0,0,0,0,0,0,0,0
2023-08-06,AST-2031,Hydraulic Press,CHN-02,0,0,0,0,0,0,0,0,0,0,0
2023-08-07,AST-2031,Hydraulic Press,CHN-02,2,3,0,5,14,1,1,1,1,1,1
2023-08-08,AST-2031,Hydraulic Press,CHN-02,1,1,1,3,7,1,0,0,0,0,0
2023-08-09,AST-2031,Hydraulic Press,CHN-02,1,1,1,3,7,1,0,0,0,0,0
2023-08-10,AST-2031,Hydraulic Press,CHN-02,1,1,1,3,7,1,0,0,0,0,0
2023-08-11,AST-2031,Hydraulic Press,CHN-02,1,0,0,1,4,0,0,0,0,0,0
2023-08-12,AST-2031,Hydraulic Press,CHN-02,0,0,0,0,0,0,0,0,0,0,0
2023-08-13,AST-2031,Hydraulic Press,CHN-02,0,0,0,0,0,0,0,0,0,0,0
2023-08-14,AST-2031,Hydraulic Press,CHN-02,2,0,0,2,8,1,0,0,0,0,0
2023-08-15,AST-2031,Hydraulic Press,CHN-02,0,2,1,3,5,0,0,0,0,0,0
2023-08-16,AST-2031,Hydraulic Press,CHN-02,2,2,1,5,13,1,1,1,1,1,0
2023-08-17,AST-2031,Hydraulic Press,CHN-02,0,1,1,2,3,0,0,0,0,0,0
2023-08-18,AST-2031,Hydraulic Press,CHN-02,3,2,1,6,17,1,1,1,1,1,1
2023-08-19,AST-2031,Hydraulic Press,CHN-02,0,0,0,0,0,0,0,0,0,0,0
2023-08-20,AST-2031,Hydraulic Press,CHN-02,0,0,0,0,0,0,0,0,0,0,0
2023-08-21,AST-2031,Hydraulic Press,CHN-02,1,2,0,3,8,1,0,0,0,0,0
2023-08-22,AST-2031,Hydraulic Press,CHN-02,1,2,0,3,8,1,0,0,0,0,0
2023-08-23,AST-2031,Hydraulic Press,CHN-02,1,2,0,3,8,1,0,0,0,0,0
2023-08-24,AST-2031,Hydraulic Press,CHN-02,1,1,1,3,7,1,0,0,0,0,0
2023-08-25,AST-2031,Hydraulic Press,CHN-02,1,1,0,2,6,0,0,0,0,0,0
2023-08-26,AST-2031,Hydraulic Press,CHN-02,0,0,0,0,0,0,0,0,0,0,0
2023-08-27,AST-2031,Hydraulic Press,CHN-02,0,0,0,0,0,0,0,0,0,0,0
2023-08-28,AST-2031,Hydraulic Press,CHN-02,0,0,2,2,2,0,0,0,0,0,0
2023-08-29,AST-2031,Hydraulic Press,CHN-02,1,3,0,4,10,1,1,0,0,0,0
2023-08-30,AST-2031,Hydraulic Press,CHN-02,2,0,0,2,8,1,0,0,0,0,0
2023-08-31,AST-2031,Hydraulic Press,CHN-02,2,1,0,3,10,1,1,0,0,0,0
2023-09-01,AST-2031,Hydraulic Press,CHN-02,2,0,0,2,8,1,0,0,0,0,0
2023-09-02,AST-2031,Hydraulic Press,CHN-02,0,0,0,0,0,0,0,0,0,0,0
2023-09-03,AST-2031,Hydraulic Press,CHN-02,0,0,0,0,0,0,0,0,0,0,0
2023-09-04,AST-2031,Hydraulic Press,CHN-02,2,1,0,3,10,1,1,0,0,0,0
2023-09-05,AST-2031,Hydraulic Press,CHN-02,0,0,0,0,0,0,0,0,0,0,0
2023-09-06,AST-2031,Hydraulic Press,CHN-02,1,0,1,2,5,0,0,0,0,0,0
2023-09-07,AST-2031,Hydraulic Press,CHN-02,1,0,0,1,4,0,0,0,0,0,0
2023-09-08,AST-2031,Hydraulic Press,CHN-02,1,2,0,3,8,1,0,0,0,0,0
2023-09-09,AST-2031,Hydraulic Press,CHN-02,0,0,0,0,0,0,0,0,0,0,0
2023-09-10,AST-2031,Hydraulic Press,CHN-02,0,0,0,0,0,0,0,0,0,0,0
2023-09-11,AST-2031,Hydraulic Press,CHN-02,0,0,0,0,0,0,0,0,0,0,0
2023-09-12,AST-2031,Hydraulic Press,CHN-02,1,0,0,1,4,0,0,0,0,0,0
2023-09-13,AST-2031,Hydraulic Press,CHN-02,0,1,0,1,2,0,0,0,0,0,0
2023-09-14,AST-2031,Hydraulic Press,CHN-02,1,3,1,5,11,1,1,1,0,0,0
2023-09-15,AST-2031,Hydraulic Press,CHN-02,1,1,0,2,6,0,0,0,0,0,0
2023-09-16,AST-2031,Hydraulic Press,CHN-02,0,0,0,0,0,0,0,0,0,0,0
2023-09-17,AST-2031,Hydraulic Press,CHN-02,0,0,0,0,0,0,0,0,0,0,0
2023-09-18,AST-2031,Hydraulic Press,CHN-02,1,1,2,4,8,1,0,0,0,0,0
2023-09-19,AST-2031,Hydraulic Press,CHN-02,1,0,0,1,4,0,0,0,0,0,0
2023-09-20,AST-2031,Hydraulic Press,CHN-02,3,0,0,3,12,1,1,1,1,0,0
2023-09-21,AST-2031,Hydraulic Press,CHN-02,3,2,0,5,16,1,1,1,1,1,1
2023-09-22,AST-2031,Hydraulic Press,CHN-02,2,3,1,6,15,1,1,1,1,1,1
2023-09-23,AST-2031,Hydraulic Press,CHN-02,0,0,0,0,0,0,0,0,0,0,0
2023-09-24,AST-2031,Hydraulic Press,CHN-02,0,0,0,0,0,0,0,0,0,0,0
2023-09-25,AST-2031,Hydraulic Press,CHN-02,2,3,1,6,15,1,1,1,1,1,1
2023-09-26,AST-2031,Hydraulic Press,CHN-02,2,3,0,5,14,1,1,1,1,1,1
2023-09-27,AST-2031,Hydraulic Press,CHN-02,2,3,1,6,15,1,1,1,1,1,1
2023-09-28,AST-2031,Hydraulic Press,CHN-02,2,1,2,5,12,1,1,1,1,0,0
2023-09-29,AST-2031,Hydraulic Press,CHN-02,0,0,2,2,2,0,0,0,0,0,0
2023-09-30,AST-2031,Hydraulic Press,CHN-02,0,0,0,0,0,0,0,0,0,0,0
2023-10-01,AST-2031,Hydraulic Press,CHN-02,0,0,0,0,0,0,0,0,0,0,0
2023-10-02,AST-2031,Hydraulic Press,CHN-02,3,0,1,4,13,1,1,1,1,1,0
2023-10-03,AST-2031,Hydraulic Press,CHN-02,1,1,1,3,7,1,0,0,0,0,0
2023-10-04,AST-2031,Hydraulic Press,CHN-02,0,1,0,1,2,0,0,0,0,0,0
2023-10-05,AST-2031,Hydraulic Press,CHN-02,1,2,0,3,8,1,0,0,0,0,0
2023-10-06,AST-2031,Hydraulic Press,CHN-02,3,5,3,11,25,1,1,1,1,1,1
2023-10-07,AST-2031,Hydraulic Press,CHN-02,0,0,0,0,0,0,0,0,0,0,0
2023-10-08,AST-2031,Hydraulic Press,CHN-02,0,0,0,0,0,0,0,0,0,0,0
2023-10-09,AST-2031,Hydraulic Press,CHN-02,2,1,0,3,10,1,1,0,0,0,0
2023-10-10,AST-2031,Hydraulic Press,CHN-02,0,1,0,1,2,0,0,0,0,0,0
2023-10-11,AST-2031,Hydraulic Press,CHN-02,1,3,2,6,12,1,1,1,1,0,0
2023-10-12,AST-2031,Hydraulic Press,CHN-02,1,1,0,2,6,0,0,0,0,0,0
2023-10-13,AST-2031,Hydraulic Press,CHN-02,1,1,1,3,7,1,0,0,0,0,0
2023-10-14,AST-2031,Hydraulic Press,CHN-02,0,0,0,0,0,0,0,0,0,0,0
2023-10-15,AST-2031,Hydraulic Press,CHN-02,0,0,0,0,0,0,0,0,0,0,0
2023-10-16,AST-2031,Hydraulic Press,CHN-02,2,2,2,6,14,1,1,1,1,1,1
2023-10-17,AST-2031,Hydraulic Press,CHN-02,0,0,0,0,0,0,0,0,0,0,0
2023-10-18,AST-2031,Hydraulic Press,CHN-02,2,1,0,3,10,1,1,0,0,0,0
2023-10-19,AST-2031,Hydraulic Press,CHN-02,0,0,0,0,0,0,0,0,0,0,0
2023-10-20,AST-2031,Hydraulic Press,CHN-02,3,2,1,6,17,1,1,1,1,1,1
2023-10-21,AST-2031,Hydraulic Press,CHN-02,0,0,0,0,0,0,0,0,0,0,0
2023-10-22,AST-2031,Hydraulic Press,CHN-02,0,0,0,0,0,0,0,0,0,0,0
2023-10-23,AST-2031,Hydraulic Press,CHN-02,1,0,1,2,5,0,0,0,0,0,0
2023-10-24,AST-2031,Hydraulic Press,CHN-02,1,1,3,5,9,1,0,0,0,0,0
2023-10-25,AST-2031,Hydraulic Press,CHN-02,4,2,0,6,20,1,1,1,1,1,1
2023-10-26,AST-2031,Hydraulic Press,CHN-02,2,1,1,4,11,1,1,1,0,0,0
2023-10-27,AST-2031,Hydraulic Press,CHN-02,2,1,0,3,10,1,1,0,0,0,0
2023-10-28,AST-2031,Hydraulic Press,CHN-02,0,0,0,0,0,0,0,0,0,0,0
2023-10-29,AST-2031,Hydraulic Press,CHN-02,0,0,0,0,0,0,0,0,0,0,0
2023-10-30,AST-2031,Hydraulic Press,CHN-02,1,1,2,4,8,1,0,0,0,0,0
2023-10-31,AST-2031,Hydraulic Press,CHN-02,1,0,1,2,5,0,0,0,0,0,0
2023-11-01,AST-2031,Hydraulic Press,CHN-02,0,1,1,2,3,0,0,0,0,0,0
2023-11-02,AST-2031,Hydraulic Press,CHN-02,2,3,0,5,14,1,1,1,1,1,1
2023-11-03,AST-2031,Hydraulic Press,CHN-02,2,0,0,2,8,1,0,0,0,0,0
2023-11-04,AST-2031,Hydraulic Press,CHN-02,0,0,0,0,0,0,0,0,0,0,0
2023-11-05,AST-2031,Hydraulic Press,CHN-02,0,0,0,0,0,0,0,0,0,0,0
2023-11-06,AST-2031,Hydraulic Press,CHN-02,2,1,0,3,10,1,1,0,0,0,0
2023-11-07,AST-2031,Hydraulic Press,CHN-02,1,2,0,3,8,1,0,0,0,0,0
2023-11-08,AST-2031,Hydraulic Press,CHN-02,1,2,0,3,8,1,0,0,0,0,0
2023-11-09,AST-2031,Hydraulic Press,CHN-02,0,0,3,3,3,0,0,0,0,0,0
2023-11-10,AST-2031,Hydraulic Press,CHN-02,3,1,0,4,14,1,1,1,1,1,1
2023-11-11,AST-2031,Hydraulic Press,CHN-02,0,0,0,0,0,0,0,0,0,0,0
2023-11-12,AST-2031,Hydraulic Press,CHN-02,0,0,0,0,0,0,0,0,0,0,0
2023-11-13,AST-2031,Hydraulic Press,CHN-02,2,4,0,6,16,1,1,1,1,1,1
2023-11-14,AST-2031,Hydraulic Press,CHN-02,1,2,0,3,8,1,0,0,0,0,0
2023-11-15,AST-2031,Hydraulic Press,CHN-02,0,3,1,4,7,1,0,0,0,0,0
2023-11-16,AST-2031,Hydraulic Press,CHN-02,0,2,2,4,6,0,0,0,0,0,0
2023-11-17,AST-2031,Hydraulic Press,CHN-02,1,2,0,3,8,1,0,0,0,0,0
2023-11-18,AST-2031,Hydraulic Press,CHN-02,0,0,0,0,0,0,0,0,0,0,0
2023-11-19,AST-2031,Hydraulic Press,CHN-02,0,0,0,0,0,0,0,0,0,0,0
2023-11-20,AST-2031,Hydraulic Press,CHN-02,1,1,0,2,6,0,0,0,0,0,0
2023-11-21,AST-2031,Hydraulic Press,CHN-02,3,0,1,4,13,1,1,1,1,1,0
2023-11-22,AST-2031,Hydraulic Press,CHN-02,2,0,1,3,9,1,0,0,0,0,0
2023-11-23,AST-2031,Hydraulic Press,CHN-02,1,1,0,2,6,0,0,0,0,0,0
2023-11-24,AST-2031,Hydraulic Press,CHN-02,1,2,0,3,8,1,0,0,0,0,0
2023-11-25,AST-2031,Hydraulic Press,CHN-02,0,0,0,0,0,0,0,0,0,0,0
2023-11-26,AST-2031,Hydraulic Press,CHN-02,0,0,0,0,0,0,0,0,0,0,0
2023-11-27,AST-2031,Hydraulic Press,CHN-02,0,0,1,1,1,0,0,0,0,0,0
2023-11-28,AST-2031,Hydraulic Press,CHN-02,2,1,0,3,10,1,1,0,0,0,0
2023-11-29,AST-2031,Hydraulic Press,CHN-02,2,2,2,6,14,1,1,1,1,1,1
2023-11-30,AST-2031,Hydraulic Press,CHN-02,3,0,0,3,12,1,1,1,1,0,0
2023-12-01,AST-2031,Hydraulic Press,CHN-02,1,1,2,4,8,1,0,0,0,0,0
2023-12-02,AST-2031,Hydraulic Press,CHN-02,0,0,0,0,0,0,0,0,0,0,0
2023-12-03,AST-2031,Hydraulic Press,CHN-02,0,0,0,0,0,0,0,0,0,0,0
2023-12-04,AST-2031,Hydraulic Press,CHN-02,1,2,1,4,9,1,0,0,0,0,0
2023-12-05,AST-2031,Hydraulic Press,CHN-02,2,2,0,4,12,1,1,1,1,0,0
2023-12-06,AST-2031,Hydraulic Press,CHN-02,2,3,0,5,14,1,1,1,1,1,1
2023-12-07,AST-2031,Hydraulic Press,CHN-02,0,2,1,3,5,0,0,0,0,0,0
2023-12-08,AST-2031,Hydraulic Press,CHN-02,1,2,0,3,8,1,0,0,0,0,0
2023-12-09,AST-2031,Hydraulic Press,CHN-02,0,0,0,0,0,0,0,0,0,0,0
2023-12-10,AST-2031,Hydraulic Press,CHN-02,0,0,0,0,0,0,0,0,0,0,0
2023-12-11,AST-2031,Hydraulic Press,CHN-02,1,1,1,3,7,1,0,0,0,0,0
2023-12-12,AST-2031,Hydraulic Press,CHN-02,0,0,1,1,1,0,0,0,0,0,0
2023-12-13,AST-2031,Hydraulic Press,CHN-02,1,0,0,1,4,0,0,0,0,0,0
2023-12-14,AST-2031,Hydraulic Press,CHN-02,1,0,1,2,5,0,0,0,0,0,0
2023-12-15,AST-2031,Hydraulic Press,CHN-02,1,1,0,2,6,0,0,0,0,0,0
2023-12-16,AST-2031,Hydraulic Press,CHN-02,0,0,0,0,0,0,0,0,0,0,0
2023-12-17,AST-2031,Hydraulic Press,CHN-02,0,0,0,0,0,0,0,0,0,0,0
2023-12-18,AST-2031,Hydraulic Press,CHN-02,3,2,0,5,16,1,1,1,1,1,1
2023-12-19,AST-2031,Hydraulic Press,CHN-02,2,2,1,5,13,1,1,1,1,1,0
2023-12-20,AST-2031,Hydraulic Press,CHN-02,1,1,2,4,8,1,0,0,0,0,0
2023-12-21,AST-2031,Hydraulic Press,CHN-02,0,1,0,1,2,0,0,0,0,0,0
2023-12-22,AST-2031,Hydraulic Press,CHN-02,3,1,0,4,14,1,1,1,1,1,1
2023-12-23,AST-2031,Hydraulic Press,CHN-02,0,0,0,0,0,0,0,0,0,0,0
2023-12-24,AST-2031,Hydraulic Press,CHN-02,0,0,0,0,0,0,0,0,0,0,0
2023-12-25,AST-2031,Hydraulic Press,CHN-02,0,1,0,1,2,0,0,0,0,0,0
2023-12-26,AST-2031,Hydraulic Press,CHN-02,2,2,0,4,12,1,1,1,1,0,0
2023-12-27,AST-2031,Hydraulic Press,CHN-02,0,4,0,4,8,1,0,0,0,0,0
2023-12-28,AST-2031,Hydraulic Press,CHN-02,1,0,1,2,5,0,0,0,0,0,0
2023-12-29,AST-2031,Hydraulic Press,CHN-02,0,0,0,0,0,0,0,0,0,0,0
2023-12-30,AST-2031,Hydraulic Press,CHN-02,0,0,0,0,0,0,0,0,0,0,0
2023-12-31,AST-2031,Hydraulic Press,CHN-02,0,0,0,0,0,0,0,0,0,0,0
2024-01-01,AST-2031,Hydraulic Press,CHN-02,3,2,0,5,16,1,1,1,1,1,1
2024-01-02,AST-2031,Hydraulic Press,CHN-02,2,2,0,4,12,1,1,1,1,0,0
2024-01-03,AST-2031,Hydraulic Press,CHN-02,1,2,0,3,8,1,0,0,0,0,0
2024-01-04,AST-2031,Hydraulic Press,CHN-02,0,0,1,1,1,0,0,0,0,0,0
2024-01-05,AST-2031,Hydraulic Press,CHN-02,0,0,0,0,0,0,0,0,0,0,0
2024-01-06,AST-2031,Hydraulic Press,CHN-02,0,0,0,0,0,0,0,0,0,0,0
2024-01-07,AST-2031,Hydraulic Press,CHN-02,0,0,0,0,0,0,0,0,0,0,0
2024-01-08,AST-2031,Hydraulic Press,CHN-02,1,2,0,3,8,1,0,0,0,0,0
2024-01-09,AST-2031,Hydraulic Press,CHN-02,0,0,1,1,1,0,0,0,0,0,0
2024-01-10,AST-2031,Hydraulic Press,CHN-02,1,1,0,2,6,0,0,0,0,0,0
2024-01-11,AST-2031,Hydraulic Press,CHN-02,1,1,0,2,6,0,0,0,0,0,0
2024-01-12,AST-2031,Hydraulic Press,CHN-02,0,2,1,3,5,0,0,0,0,0,0
2024-01-13,AST-2031,Hydraulic Press,CHN-02,0,0,0,0,0,0,0,0,0,0,0
2024-01-14,AST-2031,Hydraulic Press,CHN-02,0,0,0,0,0,0,0,0,0,0,0
2024-01-15,AST-2031,Hydraulic Press,CHN-02,1,2,0,3,8,1,0,0,0,0,0
2024-01-16,AST-2031,Hydraulic Press,CHN-02,2,2,1,5,13,1,1,1,1,1,0
2024-01-17,AST-2031,Hydraulic Press,CHN-02,2,1,1,4,11,1,1,1,0,0,0
2024-01-18,AST-2031,Hydraulic Press,CHN-02,2,1,0,3,10,1,1,0,0,0,0
2024-01-19,AST-2031,Hydraulic Press,CHN-02,3,1,0,4,14,1,1,1,1,1,1
2024-01-20,AST-2031,Hydraulic Press,CHN-02,0,0,0,0,0,0,0,0,0,0,0
2024-01-21,AST-2031,Hydraulic Press,CHN-02,0,0,0,0,0,0,0,0,0,0,0
2024-01-22,AST-2031,Hydraulic Press,CHN-02,2,1,0,3,10,1,1,0,0,0,0
2024-01-23,AST-2031,Hydraulic Press,CHN-02,3,2,1,6,17,1,1,1,1,1,1
2024-01-24,AST-2031,Hydraulic Press,CHN-02,0,2,0,2,4,0,0,0,0,0,0
2024-01-25,AST-2031,Hydraulic Press,CHN-02,0,0,2,2,2,0,0,0,0,0,0
2024-01-26,AST-2031,Hydraulic Press,CHN-02,3,2,0,5,16,1,1,1,1,1,1
2024-01-27,AST-2031,Hydraulic Press,CHN-02,0,0,0,0,0,0,0,0,0,0,0
2024-01-28,AST-2031,Hydraulic Press,CHN-02,0,0,0,0,0,0,0,0,0,0,0
2024-01-29,AST-2031,Hydraulic Press,CHN-02,2,0,0,2,8,1,0,0,0,0,0
2024-01-30,AST-2031,Hydraulic Press,CHN-02,0,1,2,3,4,0,0,0,0,0,0
2024-01-31,AST-2031,Hydraulic Press,CHN-02,3,1,0,4,14,1,1,1,1,1,1
2024-02-01,AST-2031,Hydraulic Press,CHN-02,1,2,0,3,8,1,0,0,0,0,0
2024-02-02,AST-2031,Hydraulic Press,CHN-02,2,0,0,2,8,1,0,0,0,0,0
2024-02-03,AST-2031,Hydraulic Press,CHN-02,0,0,0,0,0,0,0,0,0,0,0
2024-02-04,AST-2031,Hydraulic Press,CHN-02,0,0,0,0,0,0,0,0,0,0,0
2024-02-05,AST-2031,Hydraulic Press,CHN-02,2,2,1,5,13,1,1,1,1,1,0
2024-02-06,AST-2031,Hydraulic Press,CHN-02,0,1,1,2,3,0,0,0,0,0,0
2024-02-07,AST-2031,Hydraulic Press,CHN-02,3,0,0,3,12,1,1,1,1,0,0
2024-02-08,AST-2031,Hydraulic Press,CHN-02,1,1,1,3,7,1,0,0,0,0,0
2024-02-09,AST-2031,Hydraulic Press,CHN-02,0,1,1,2,3,0,0,0,0,0,0
2024-02-10,AST-2031,Hydraulic Press,CHN-02,0,0,0,0,0,0,0,0,0,0,0
2024-02-11,AST-2031,Hydraulic Press,CHN-02,0,0,0,0,0,0,0,0,0,0,0
2024-02-12,AST-2031,Hydraulic Press,CHN-02,1,1,1,3,7,1,0,0,0,0,0
2024-02-13,AST-2031,Hydraulic Press,CHN-02,1,1,0,2,6,0,0,0,0,0,0
2024-02-14,AST-2031,Hydraulic Press,CHN-02,2,0,0,2,8,1,0,0,0,0,0
2024-02-15,AST-2031,Hydraulic Press,CHN-02,0,0,2,2,2,0,0,0,0,0,0
2024-02-16,AST-2031,Hydraulic Press,CHN-02,0,1,0,1,2,0,0,0,0,0,0
2024-02-17,AST-2031,Hydraulic Press,CHN-02,0,0,0,0,0,0,0,0,0,0,0
2024-02-18,AST-2031,Hydraulic Press,CHN-02,0,0,0,0,0,0,0,0,0,0,0
2024-02-19,AST-2031,Hydraulic Press,CHN-02,1,3,0,4,10,1,1,0,0,0,0
2024-02-20,AST-2031,Hydraulic Press,CHN-02,2,4,0,6,16,1,1,1,1,1,1
2024-02-21,AST-2031,Hydraulic Press,CHN-02,2,3,3,8,17,1,1,1,1,1,1
2024-02-22,AST-2031,Hydraulic Press,CHN-02,0,0,0,0,0,0,0,0,0,0,0
2024-02-23,AST-2031,Hydraulic Press,CHN-02,2,2,0,4,12,1,1,1,1,0,0
2024-02-24,AST-2031,Hydraulic Press,CHN-02,0,0,0,0,0,0,0,0,0,0,0
2024-02-25,AST-2031,Hydraulic Press,CHN-02,0,0,0,0,0,0,0,0,0,0,0
2024-02-26,AST-2031,Hydraulic Press,CHN-02,0,2,0,2,4,0,0,0,0,0,0
2024-02-27,AST-2031,Hydraulic Press,CHN-02,0,0,0,0,0,0,0,0,0,0,0
2024-02-28,AST-2031,Hydraulic Press,CHN-02,1,0,1,2,5,0,0,0,0,0,0
2024-02-29,AST-2031,Hydraulic Press,CHN-02,1,0,0,1,4,0,0,0,0,0,0
2024-03-01,AST-2031,Hydraulic Press,CHN-02,2,4,0,6,16,1,1,1,1,1,1
2024-03-02,AST-2031,Hydraulic Press,CHN-02,0,0,0,0,0,0,0,0,0,0,0
2024-03-03,AST-2031,Hydraulic Press,CHN-02,0,0,0,0,0,0,0,0,0,0,0
2024-03-04,AST-2031,Hydraulic Press,CHN-02,0,3,1,4,7,1,0,0,0,0,0
2024-03-05,AST-2031,Hydraulic Press,CHN-02,1,0,0,1,4,0,0,0,0,0,0
2024-03-06,AST-2031,Hydraulic Press,CHN-02,0,1,1,2,3,0,0,0,0,0,0
2024-03-07,AST-2031,Hydraulic Press,CHN-02,0,1,0,1,2,0,0,0,0,0,0
2024-03-08,AST-2031,Hydraulic Press,CHN-02,1,0,1,2,5,0,0,0,0,0,0
2024-03-09,AST-2031,Hydraulic Press,CHN-02,0,0,0,0,0,0,0,0,0,0,0
2024-03-10,AST-2031,Hydraulic Press,CHN-02,0,0,0,0,0,0,0,0,0,0,0
2024-03-11,AST-2031,Hydraulic Press,CHN-02,0,2,0,2,4,0,0,0,0,0,0
2024-03-12,AST-2031,Hydraulic Press,CHN-02,1,0,1,2,5,0,0,0,0,0,0
2024-03-13,AST-2031,Hydraulic Press,CHN-02,2,1,0,3,10,1,1,0,0,0,0
2024-03-14,AST-2031,Hydraulic Press,CHN-02,1,0,1,2,5,0,0,0,0,0,0
2024-03-15,AST-2031,Hydraulic Press,CHN-02,1,1,1,3,7,1,0,0,0,0,0
2024-03-16,AST-2031,Hydraulic Press,CHN-02,0,0,0,0,0,0,0,0,0,0,0
2024-03-17,AST-2031,Hydraulic Press,CHN-02,0,0,0,0,0,0,0,0,0,0,0
2024-03-18,AST-2031,Hydraulic Press,CHN-02,0,0,1,1,1,0,0,0,0,0,0
2024-03-19,AST-2031,Hydraulic Press,CHN-02,1,0,1,2,5,0,0,0,0,0,0
2024-03-20,AST-2031,Hydraulic Press,CHN-02,2,0,1,3,9,1,0,0,0,0,0
2024-03-21,AST-2031,Hydraulic Press,CHN-02,1,2,2,5,10,1,1,0,0,0,0
2024-03-22,AST-2031,Hydraulic Press,CHN-02,1,3,1,5,11,1,1,1,0,0,0
2024-03-23,AST-2031,Hydraulic Press,CHN-02,0,0,0,0,0,0,0,0,0,0,0
2024-03-24,AST-2031,Hydraulic Press,CHN-02,0,0,0,0,0,0,0,0,0,0,0
2024-03-25,AST-2031,Hydraulic Press,CHN-02,1,3,0,4,10,1,1,0,0,0,0
2024-03-26,AST-2031,Hydraulic Press,CHN-02,1,1,0,2,6,0,0,0,0,0,0
2024-03-27,AST-2031,Hydraulic Press,CHN-02,3,3,0,6,18,1,1,1,1,1,1
2024-03-28,AST-2031,Hydraulic Press,CHN-02,3,1,0,4,14,1,1,1,1,1,1
2024-03-29,AST-2031,Hydraulic Press,CHN-02,0,0,0,0,0,0,0,0,0,0,0
2024-03-30,AST-2031,Hydraulic Press,CHN-02,0,0,0,0,0,0,0,0,0,0,0
2024-03-31,AST-2031,Hydraulic Press,CHN-02,0,0,0,0,0,0,0,0,0,0,0
2024-04-01,AST-2031,Hydraulic Press,CHN-02,1,2,0,3,8,1,0,0,0,0,0
2024-04-02,AST-2031,Hydraulic Press,CHN-02,1,1,0,2,6,0,0,0,0,0,0
2024-04-03,AST-2031,Hydraulic Press,CHN-02,0,2,0,2,4,0,0,0,0,0,0
2024-04-04,AST-2031,Hydraulic Press,CHN-02,1,2,0,3,8,1,0,0,0,0,0
2024-04-05,AST-2031,Hydraulic Press,CHN-02,3,2,1,6,17,1,1,1,1,1,1
2024-04-06,AST-2031,Hydraulic Press,CHN-02,0,0,0,0,0,0,0,0,0,0,0
2024-04-07,AST-2031,Hydraulic Press,CHN-02,0,0,0,0,0,0,0,0,0,0,0
2024-04-08,AST-2031,Hydraulic Press,CHN-02,0,1,0,1,2,0,0,0,0,0,0
2024-04-09,AST-2031,Hydraulic Press,CHN-02,2,1,1,4,11,1,1,1,0,0,0
2024-04-10,AST-2031,Hydraulic Press,CHN-02,0,1,0,1,2,0,0,0,0,0,0
2024-04-11,AST-2031,Hydraulic Press,CHN-02,0,5,0,5,10,1,1,0,0,0,0
2024-04-12,AST-2031,Hydraulic Press,CHN-02,1,0,0,1,4,0,0,0,0,0,0
2024-04-13,AST-2031,Hydraulic Press,CHN-02,0,0,0,0,0,0,0,0,0,0,0
2024-04-14,AST-2031,Hydraulic Press,CHN-02,0,0,0,0,0,0,0,0,0,0,0
2024-04-15,AST-2031,Hydraulic Press,CHN-02,1,2,1,4,9,1,0,0,0,0,0
2024-04-16,AST-2031,Hydraulic Press,CHN-02,0,1,1,2,3,0,0,0,0,0,0
2024-04-17,AST-2031,Hydraulic Press,CHN-02,2,1,1,4,11,1,1,1,0,0,0
2024-04-18,AST-2031,Hydraulic Press,CHN-02,1,0,0,1,4,0,0,0,0,0,0
2024-04-19,AST-2031,Hydraulic Press,CHN-02,2,0,0,2,8,1,0,0,0,0,0
2024-04-20,AST-2031,Hydraulic Press,CHN-02,0,0,0,0,0,0,0,0,0,0,0
2024-04-21,AST-2031,Hydraulic Press,CHN-02,0,0,0,0,0,0,0,0,0,0,0
2024-04-22,AST-2031,Hydraulic Press,CHN-02,2,0,0,2,8,1,0,0,0,0,0
2024-04-23,AST-2031,Hydraulic Press,CHN-02,0,0,0,0,0,0,0,0,0,0,0
2024-04-24,AST-2031,Hydraulic Press,CHN-02,1,2,0,3,8,1,0,0,0,0,0
2024-04-25,AST-2031,Hydraulic Press,CHN-02,1,0,0,1,4,0,0,0,0,0,0
2024-04-26,AST-2031,Hydraulic Press,CHN-02,2,1,0,3,10,1,1,0,0,0,0
2024-04-27,AST-2031,Hydraulic Press,CHN-02,0,0,0,0,0,0,0,0,0,0,0
2024-04-28,AST-2031,Hydraulic Press,CHN-02,0,0,0,0,0,0,0,0,0,0,0
2024-04-29,AST-2031,Hydraulic Press,CHN-02,0,2,1,3,5,0,0,0,0,0,0
2024-04-30,AST-2031,Hydraulic Press,CHN-02,3,0,0,3,12,1,1,1,1,0,0
2024-05-01,AST-2031,Hydraulic Press,CHN-02,1,1,1,3,7,1,0,0,0,0,0
2024-05-02,AST-2031,Hydraulic Press,CHN-02,0,0,1,1,1,0,0,0,0,0,0
2024-05-03,AST-2031,Hydraulic Press,CHN-02,1,2,1,4,9,1,0,0,0,0,0
2024-05-04,AST-2031,Hydraulic Press,CHN-02,0,0,0,0,0,0,0,0,0,0,0
2024-05-05,AST-2031,Hydraulic Press,CHN-02,0,0,0,0,0,0,0,0,0,0,0
2024-05-06,AST-2031,Hydraulic Press,CHN-02,1,0,0,1,4,0,0,0,0,0,0
2024-05-07,AST-2031,Hydraulic Press,CHN-02,2,0,1,3,9,1,0,0,0,0,0
2024-05-08,AST-2031,Hydraulic Press,CHN-02,2,1,0,3,10,1,1,0,0,0,0
2024-05-09,AST-2031,Hydraulic Press,CHN-02,1,1,1,3,7,1,0,0,0,0,0
2024-05-10,AST-2031,Hydraulic Press,CHN-02,0,1,0,1,2,0,0,0,0,0,0
2024-05-11,AST-2031,Hydraulic Press,CHN-02,0,0,0,0,0,0,0,0,0,0,0
2024-05-12,AST-2031,Hydraulic Press,CHN-02,0,0,0,0,0,0,0,0,0,0,0
2024-05-13,AST-2031,Hydraulic Press,CHN-02,1,1,0,2,6,0,0,0,0,0,0
2024-05-14,AST-2031,Hydraulic Press,CHN-02,1,2,0,3,8,1,0,0,0,0,0
2024-05-15,AST-2031,Hydraulic Press,CHN-02,1,0,0,1,4,0,0,0,0,0,0
2024-05-16,AST-2031,Hydraulic Press,CHN-02,2,2,1,5,13,1,1,1,1,1,0
2024-05-17,AST-2031,Hydraulic Press,CHN-02,1,2,0,3,8,1,0,0,0,0,0
2024-05-18,AST-2031,Hydraulic Press,CHN-02,0,0,0,0,0,0,0,0,0,0,0
2024-05-19,AST-2031,Hydraulic Press,CHN-02,0,0,0,0,0,0,0,0,0,0,0
2024-05-20,AST-2031,Hydraulic Press,CHN-02,0,0,0,0,0,0,0,0,0,0,0
2024-05-21,AST-2031,Hydraulic Press,CHN-02,0,1,0,1,2,0,0,0,0,0,0
2024-05-22,AST-2031,Hydraulic Press,CHN-02,1,0,0,1,4,0,0,0,0,0,0
2024-05-23,AST-2031,Hydraulic Press,CHN-02,2,1,1,4,11,1,1,1,0,0,0
2024-05-24,AST-2031,Hydraulic Press,CHN-02,0,1,1,2,3,0,0,0,0,0,0
2024-05-25,AST-2031,Hydraulic Press,CHN-02,0,0,0,0,0,0,0,0,0,0,0
2024-05-26,AST-2031,Hydraulic Press,CHN-02,0,0,0,0,0,0,0,0,0,0,0
2024-05-27,AST-2031,Hydraulic Press,CHN-02,3,0,1,4,13,1,1,1,1,1,0
2024-05-28,AST-2031,Hydraulic Press,CHN-02,1,1,1,3,7,1,0,0,0,0,0
2024-05-29,AST-2031,Hydraulic Press,CHN-02,1,1,0,2,6,0,0,0,0,0,0
2024-05-30,AST-2031,Hydraulic Press,CHN-02,0,1,0,1,2,0,0,0,0,0,0
2024-05-31,AST-2031,Hydraulic Press,CHN-02,2,0,0,2,8,1,0,0,0,0,0
2024-06-01,AST-2031,Hydraulic Press,CHN-02,0,0,0,0,0,0,0,0,0,0,0
2024-06-02,AST-2031,Hydraulic Press,CHN-02,0,0,0,0,0,0,0,0,0,0,0
2024-06-03,AST-2031,Hydraulic Press,CHN-02,1,0,0,1,4,0,0,0,0,0,0
2024-06-04,AST-2031,Hydraulic Press,CHN-02,2,4,2,8,18,1,1,1,1,1,1
2024-06-05,AST-2031,Hydraulic Press,CHN-02,0,2,1,3,5,0,0,0,0,0,0
2024-06-06,AST-2031,Hydraulic Press,CHN-02,2,0,1,3,9,1,0,0,0,0,0
2024-06-07,AST-2031,Hydraulic Press,CHN-02,0,1,1,2,3,0,0,0,0,0,0
2024-06-08,AST-2031,Hydraulic Press,CHN-02,0,0,0,0,0,0,0,0,0,0,0
2024-06-09,AST-2031,Hydraulic Press,CHN-02,0,0,0,0,0,0,0,0,0,0,0
2024-06-10,AST-2031,Hydraulic Press,CHN-02,0,2,0,2,4,0,0,0,0,0,0
2024-06-11,AST-2031,Hydraulic Press,CHN-02,1,2,1,4,9,1,0,0,0,0,0
2024-06-12,AST-2031,Hydraulic Press,CHN-02,2,0,0,2,8,1,0,0,0,0,0
2024-06-13,AST-2031,Hydraulic Press,CHN-02,1,3,0,4,10,1,1,0,0,0,0
2024-06-14,AST-2031,Hydraulic Press,CHN-02,0,0,0,0,0,0,0,0,0,0,0
2024-06-15,AST-2031,Hydraulic Press,CHN-02,0,0,0,0,0,0,0,0,0,0,0
2024-06-16,AST-2031,Hydraulic Press,CHN-02,0,0,0,0,0,0,0,0,0,0,0
2024-06-17,AST-2031,Hydraulic Press,CHN-02,1,1,2,4,8,1,0,0,0,0,0
2024-06-18,AST-2031,Hydraulic Press,CHN-02,0,0,1,1,1,0,0,0,0,0,0
2024-06-19,AST-2031,Hydraulic Press,CHN-02,1,0,1,2,5,0,0,0,0,0,0
2024-06-20,AST-2031,Hydraulic Press,CHN-02,0,3,0,3,6,0,0,0,0,0,0
2024-06-21,AST-2031,Hydraulic Press,CHN-02,2,3,1,6,15,1,1,1,1,1,1
2024-06-22,AST-2031,Hydraulic Press,CHN-02,0,0,0,0,0,0,0,0,0,0,0
2024-06-23,AST-2031,Hydraulic Press,CHN-02,0,0,0,0,0,0,0,0,0,0,0
2024-06-24,AST-2031,Hydraulic Press,CHN-02,0,1,0,1,2,0,0,0,0,0,0
2024-06-25,AST-2031,Hydraulic Press,CHN-02,0,2,1,3,5,0,0,0,0,0,0
2024-06-26,AST-2031,Hydraulic Press,CHN-02,2,4,1,7,17,1,1,1,1,1,1
2024-06-27,AST-2031,Hydraulic Press,CHN-02,1,0,0,1,4,0,0,0,0,0,0
2024-06-28,AST-2031,Hydraulic Press,CHN-02,2,0,0,2,8,1,0,0,0,0,0
2024-06-29,AST-2031,Hydraulic Press,CHN-02,0,0,0,0,0,0,0,0,0,0,0
2024-06-30,AST-2031,Hydraulic Press,CHN-02,0,0,0,0,0,0,0,0,0,0,0
2024-07-01,AST-2031,Hydraulic Press,CHN-02,0,1,0,1,2,0,0,0,0,0,0
2024-07-02,AST-2031,Hydraulic Press,CHN-02,1,2,1,4,9,1,0,0,0,0,0
2024-07-03,AST-2031,Hydraulic Press,CHN-02,1,4,0,5,12,1,1,1,1,0,0
2024-07-04,AST-2031,Hydraulic Press,CHN-02,3,2,1,6,17,1,1,1,1,1,1
2024-07-05,AST-2031,Hydraulic Press,CHN-02,1,3,3,7,13,1,1,1,1,1,0
2024-07-06,AST-2031,Hydraulic Press,CHN-02,0,0,0,0,0,0,0,0,0,0,0
2024-07-07,AST-2031,Hydraulic Press,CHN-02,0,0,0,0,0,0,0,0,0,0,0
2024-07-08,AST-2031,Hydraulic Press,CHN-02,1,2,0,3,8,1,0,0,0,0,0
2024-07-09,AST-2031,Hydraulic Press,CHN-02,0,2,0,2,4,0,0,0,0,0,0
2024-07-10,AST-2031,Hydraulic Press,CHN-02,1,3,0,4,10,1,1,0,0,0,0
2024-07-11,AST-2031,Hydraulic Press,CHN-02,2,0,0,2,8,1,0,0,0,0,0
2024-07-12,AST-2031,Hydraulic Press,CHN-02,3,1,0,4,14,1,1,1,1,1,1
2024-07-13,AST-2031,Hydraulic Press,CHN-02,0,0,0,0,0,0,0,0,0,0,0
2024-07-14,AST-2031,Hydraulic Press,CHN-02,0,0,0,0,0,0,0,0,0,0,0
2024-07-15,AST-2031,Hydraulic Press,CHN-02,2,1,1,4,11,1,1,1,0,0,0
2024-07-16,AST-2031,Hydraulic Press,CHN-02,1,0,2,3,6,0,0,0,0,0,0
2024-07-17,AST-2031,Hydraulic Press,CHN-02,2,0,1,3,9,1,0,0,0,0,0
2024-07-18,AST-2031,Hydraulic Press,CHN-02,0,1,0,1,2,0,0,0,0,0,0
2024-07-19,AST-2031,Hydraulic Press,CHN-02,2,4,0,6,16,1,1,1,1,1,1
2024-07-20,AST-2031,Hydraulic Press,CHN-02,0,0,0,0,0,0,0,0,0,0,0
2024-07-21,AST-2031,Hydraulic Press,CHN-02,0,0,0,0,0,0,0,0,0,0,0
2024-07-22,AST-2031,Hydraulic Press,CHN-02,2,1,0,3,10,1,1,0,0,0,0
2024-07-23,AST-2031,Hydraulic Press,CHN-02,2,3,0,5,14,1,1,1,1,1,1
2024-07-24,AST-2031,Hydraulic Press,CHN-02,0,0,0,0,0,0,0,0,0,0,0
2024-07-25,AST-2031,Hydraulic Press,CHN-02,1,0,0,1,4,0,0,0,0,0,0
2024-07-26,AST-2031,Hydraulic Press,CHN-02,0,5,0,5,10,1,1,0,0,0,0
2024-07-27,AST-2031,Hydraulic Press,CHN-02,0,0,0,0,0,0,0,0,0,0,0
2024-07-28,AST-2031,Hydraulic Press,CHN-02,0,0,0,0,0,0,0,0,0,0,0
2024-07-29,AST-2031,Hydraulic Press,CHN-02,2,2,0,4,12,1,1,1,1,0,0
2024-07-30,AST-2031,Hydraulic Press,CHN-02,2,1,0,3,10,1,1,0,0,0,0
2024-07-31,AST-2031,Hydraulic Press,CHN-02,0,3,2,5,8,1,0,0,0,0,0
2024-08-01,AST-2031,Hydraulic Press,CHN-02,0,2,1,3,5,0,0,0,0,0,0
2024-08-02,AST-2031,Hydraulic Press,CHN-02,0,0,0,0,0,0,0,0,0,0,0
2024-08-03,AST-2031,Hydraulic Press,CHN-02,0,0,0,0,0,0,0,0,0,0,0
2024-08-04,AST-2031,Hydraulic Press,CHN-02,0,0,0,0,0,0,0,0,0,0,0
2024-08-05,AST-2031,Hydraulic Press,CHN-02,2,0,1,3,9,1,0,0,0,0,0
2024-08-06,AST-2031,Hydraulic Press,CHN-02,0,0,1,1,1,0,0,0,0,0,0
2024-08-07,AST-2031,Hydraulic Press,CHN-02,3,3,1,7,19,1,1,1,1,1,1
2024-08-08,AST-2031,Hydraulic Press,CHN-02,0,1,0,1,2,0,0,0,0,0,0
2024-08-09,AST-2031,Hydraulic Press,CHN-02,1,2,2,5,10,1,1,0,0,0,0
2024-08-10,AST-2031,Hydraulic Press,CHN-02,0,0,0,0,0,0,0,0,0,0,0
2024-08-11,AST-2031,Hydraulic Press,CHN-02,0,0,0,0,0,0,0,0,0,0,0
2024-08-12,AST-2031,Hydraulic Press,CHN-02,1,3,1,5,11,1,1,1,0,0,0
2024-08-13,AST-2031,Hydraulic Press,CHN-02,2,2,1,5,13,1,1,1,1,1,0
2024-08-14,AST-2031,Hydraulic Press,CHN-02,0,1,1,2,3,0,0,0,0,0,0
2024-08-15,AST-2031,Hydraulic Press,CHN-02,2,1,1,4,11,1,1,1,0,0,0
2024-08-16,AST-2031,Hydraulic Press,CHN-02,1,2,1,4,9,1,0,0,0,0,0
2024-08-17,AST-2031,Hydraulic Press,CHN-02,0,0,0,0,0,0,0,0,0,0,0
2024-08-18,AST-2031,Hydraulic Press,CHN-02,0,0,0,0,0,0,0,0,0,0,0
2024-08-19,AST-2031,Hydraulic Press,CHN-02,0,1,0,1,2,0,0,0,0,0,0
2024-08-20,AST-2031,Hydraulic Press,CHN-02,2,1,1,4,11,1,1,1,0,0,0
2024-08-21,AST-2031,Hydraulic Press,CHN-02,1,2,1,4,9,1,0,0,0,0,0
2024-08-22,AST-2031,Hydraulic Press,CHN-02,1,3,0,4,10,1,1,0,0,0,0
2024-08-23,AST-2031,Hydraulic Press,CHN-02,2,2,1,5,13,1,1,1,1,1,0
2024-08-24,AST-2031,Hydraulic Press,CHN-02,0,0,0,0,0,0,0,0,0,0,0
2024-08-25,AST-2031,Hydraulic Press,CHN-02,0,0,0,0,0,0,0,0,0,0,0
2024-08-26,AST-2031,Hydraulic Press,CHN-02,2,1,1,4,11,1,1,1,0,0,0
2024-08-27,AST-2031,Hydraulic Press,CHN-02,1,2,0,3,8,1,0,0,0,0,0
2024-08-28,AST-2031,Hydraulic Press,CHN-02,1,0,0,1,4,0,0,0,0,0,0
2024-08-29,AST-2031,Hydraulic Press,CHN-02,0,1,1,2,3,0,0,0,0,0,0
2024-08-30,AST-2031,Hydraulic Press,CHN-02,1,3,0,4,10,1,1,0,0,0,0
2024-08-31,AST-2031,Hydraulic Press,CHN-02,0,0,0,0,0,0,0,0,0,0,0
2024-09-01,AST-2031,Hydraulic Press,CHN-02,0,0,0,0,0,0,0,0,0,0,0
2024-09-02,AST-2031,Hydraulic Press,CHN-02,1,1,0,2,6,0,0,0,0,0,0
2024-09-03,AST-2031,Hydraulic Press,CHN-02,3,1,0,4,14,1,1,1,1,1,1
2024-09-04,AST-2031,Hydraulic Press,CHN-02,0,1,0,1,2,0,0,0,0,0,0
2024-09-05,AST-2031,Hydraulic Press,CHN-02,0,1,0,1,2,0,0,0,0,0,0
2024-09-06,AST-2031,Hydraulic Press,CHN-02,1,0,0,1,4,0,0,0,0,0,0
2024-09-07,AST-2031,Hydraulic Press,CHN-02,0,0,0,0,0,0,0,0,0,0,0
2024-09-08,AST-2031,Hydraulic Press,CHN-02,0,0,0,0,0,0,0,0,0,0,0
2024-09-09,AST-2031,Hydraulic Press,CHN-02,0,1,0,1,2,0,0,0,0,0,0
2024-09-10,AST-2031,Hydraulic Press,CHN-02,2,1,0,3,10,1,1,0,0,0,0
2024-09-11,AST-2031,Hydraulic Press,CHN-02,1,1,0,2,6,0,0,0,0,0,0
2024-09-12,AST-2031,Hydraulic Press,CHN-02,2,2,1,5,13,1,1,1,1,1,0
2024-09-13,AST-2031,Hydraulic Press,CHN-02,1,0,1,2,5,0,0,0,0,0,0
2024-09-14,AST-2031,Hydraulic Press,CHN-02,0,0,0,0,0,0,0,0,0,0,0
2024-09-15,AST-2031,Hydraulic Press,CHN-02,0,0,0,0,0,0,0,0,0,0,0
2024-09-16,AST-2031,Hydraulic Press,CHN-02,4,2,1,7,21,1,1,1,1,1,1
2024-09-17,AST-2031,Hydraulic Press,CHN-02,1,1,0,2,6,0,0,0,0,0,0
2024-09-18,AST-2031,Hydraulic Press,CHN-02,1,1,0,2,6,0,0,0,0,0,0
2024-09-19,AST-2031,Hydraulic Press,CHN-02,1,4,1,6,13,1,1,1,1,1,0
2024-09-20,AST-2031,Hydraulic Press,CHN-02,0,0,0,0,0,0,0,0,0,0,0
2024-09-21,AST-2031,Hydraulic Press,CHN-02,0,0,0,0,0,0,0,0,0,0,0
2024-09-22,AST-2031,Hydraulic Press,CHN-02,0,0,0,0,0,0,0,0,0,0,0
2024-09-23,AST-2031,Hydraulic Press,CHN-02,0,1,1,2,3,0,0,0,0,0,0
2024-09-24,AST-2031,Hydraulic Press,CHN-02,0,1,0,1,2,0,0,0,0,0,0
2024-09-25,AST-2031,Hydraulic Press,CHN-02,0,1,0,1,2,0,0,0,0,0,0
2024-09-26,AST-2031,Hydraulic Press,CHN-02,0,4,0,4,8,1,0,0,0,0,0
2024-09-27,AST-2031,Hydraulic Press,CHN-02,1,0,0,1,4,0,0,0,0,0,0
2024-09-28,AST-2031,Hydraulic Press,CHN-02,0,0,0,0,0,0,0,0,0,0,0
2024-09-29,AST-2031,Hydraulic Press,CHN-02,0,0,0,0,0,0,0,0,0,0,0
2024-09-30,AST-2031,Hydraulic Press,CHN-02,5,1,1,7,23,1,1,1,1,1,1
2024-10-01,AST-2031,Hydraulic Press,CHN-02,1,1,0,2,6,0,0,0,0,0,0
2024-10-02,AST-2031,Hydraulic Press,CHN-02,4,2,1,7,21,1,1,1,1,1,1
2024-10-03,AST-2031,Hydraulic Press,CHN-02,2,0,2,4,10,1,1,0,0,0,0
2024-10-04,AST-2031,Hydraulic Press,CHN-02,1,0,1,2,5,0,0,0,0,0,0
2024-10-05,AST-2031,Hydraulic Press,CHN-02,0,0,0,0,0,0,0,0,0,0,0
2024-10-06,AST-2031,Hydraulic Press,CHN-02,0,0,0,0,0,0,0,0,0,0,0
2024-10-07,AST-2031,Hydraulic Press,CHN-02,0,3,0,3,6,0,0,0,0,0,0
2024-10-08,AST-2031,Hydraulic Press,CHN-02,1,2,0,3,8,1,0,0,0,0,0
2024-10-09,AST-2031,Hydraulic Press,CHN-02,2,2,1,5,13,1,1,1,1,1,0
2024-10-10,AST-2031,Hydraulic Press,CHN-02,0,1,0,1,2,0,0,0,0,0,0
2024-10-11,AST-2031,Hydraulic Press,CHN-02,0,1,0,1,2,0,0,0,0,0,0
2024-10-12,AST-2031,Hydraulic Press,CHN-02,0,0,0,0,0,0,0,0,0,0,0
2024-10-13,AST-2031,Hydraulic Press,CHN-02,0,0,0,0,0,0,0,0,0,0,0
2024-10-14,AST-2031,Hydraulic Press,CHN-02,2,1,0,3,10,1,1,0,0,0,0
2024-10-15,AST-2031,Hydraulic Press,CHN-02,0,3,1,4,7,1,0,0,0,0,0
2024-10-16,AST-2031,Hydraulic Press,CHN-02,0,1,0,1,2,0,0,0,0,0,0
2024-10-17,AST-2031,Hydraulic Press,CHN-02,1,2,1,4,9,1,0,0,0,0,0
2024-10-18,AST-2031,Hydraulic Press,CHN-02,0,4,0,4,8,1,0,0,0,0,0
2024-10-19,AST-2031,Hydraulic Press,CHN-02,0,0,0,0,0,0,0,0,0,0,0
2024-10-20,AST-2031,Hydraulic Press,CHN-02,0,0,0,0,0,0,0,0,0,0,0
2024-10-21,AST-2031,Hydraulic Press,CHN-02,1,2,0,3,8,1,0,0,0,0,0
2024-10-22,AST-2031,Hydraulic Press,CHN-02,1,2,1,4,9,1,0,0,0,0,0
2024-10-23,AST-2031,Hydraulic Press,CHN-02,1,2,0,3,8,1,0,0,0,0,0
2024-10-24,AST-2031,Hydraulic Press,CHN-02,0,1,0,1,2,0,0,0,0,0,0
2024-10-25,AST-2031,Hydraulic Press,CHN-02,0,0,0,0,0,0,0,0,0,0,0
2024-10-26,AST-2031,Hydraulic Press,CHN-02,0,0,0,0,0,0,0,0,0,0,0
2024-10-27,AST-2031,Hydraulic Press,CHN-02,0,0,0,0,0,0,0,0,0,0,0
2024-10-28,AST-2031,Hydraulic Press,CHN-02,1,0,0,1,4,0,0,0,0,0,0
2024-10-29,AST-2031,Hydraulic Press,CHN-02,0,1,0,1,2,0,0,0,0,0,0
2024-10-30,AST-2031,Hydraulic Press,CHN-02,2,1,2,5,12,1,1,1,1,0,0
2024-10-31,AST-2031,Hydraulic Press,CHN-02,0,0,0,0,0,0,0,0,0,0,0
2024-11-01,AST-2031,Hydraulic Press,CHN-02,1,1,2,4,8,1,0,0,0,0,0
2024-11-02,AST-2031,Hydraulic Press,CHN-02,0,0,0,0,0,0,0,0,0,0,0
2024-11-03,AST-2031,Hydraulic Press,CHN-02,0,0,0,0,0,0,0,0,0,0,0
2024-11-04,AST-2031,Hydraulic Press,CHN-02,1,0,0,1,4,0,0,0,0,0,0
2024-11-05,AST-2031,Hydraulic Press,CHN-02,1,3,1,5,11,1,1,1,0,0,0
2024-11-06,AST-2031,Hydraulic Press,CHN-02,1,2,0,3,8,1,0,0,0,0,0
2024-11-07,AST-2031,Hydraulic Press,CHN-02,1,2,0,3,8,1,0,0,0,0,0
2024-11-08,AST-2031,Hydraulic Press,CHN-02,1,1,0,2,6,0,0,0,0,0,0
2024-11-09,AST-2031,Hydraulic Press,CHN-02,0,0,0,0,0,0,0,0,0,0,0
2024-11-10,AST-2031,Hydraulic Press,CHN-02,0,0,0,0,0,0,0,0,0,0,0
2024-11-11,AST-2031,Hydraulic Press,CHN-02,0,2,0,2,4,0,0,0,0,0,0
2024-11-12,AST-2031,Hydraulic Press,CHN-02,1,2,2,5,10,1,1,0,0,0,0
2024-11-13,AST-2031,Hydraulic Press,CHN-02,1,0,0,1,4,0,0,0,0,0,0
2024-11-14,AST-2031,Hydraulic Press,CHN-02,1,2,0,3,8,1,0,0,0,0,0
2024-11-15,AST-2031,Hydraulic Press,CHN-02,1,1,0,2,6,0,0,0,0,0,0
2024-11-16,AST-2031,Hydraulic Press,CHN-02,0,0,0,0,0,0,0,0,0,0,0
2024-11-17,AST-2031,Hydraulic Press,CHN-02,0,0,0,0,0,0,0,0,0,0,0
2024-11-18,AST-2031,Hydraulic Press,CHN-02,1,1,1,3,7,1,0,0,0,0,0
2024-11-19,AST-2031,Hydraulic Press,CHN-02,2,1,0,3,10,1,1,0,0,0,0
2024-11-20,AST-2031,Hydraulic Press,CHN-02,1,1,2,4,8,1,0,0,0,0,0
2024-11-21,AST-2031,Hydraulic Press,CHN-02,3,2,1,6,17,1,1,1,1,1,1
2024-11-22,AST-2031,Hydraulic Press,CHN-02,0,0,0,0,0,0,0,0,0,0,0
2024-11-23,AST-2031,Hydraulic Press,CHN-02,0,0,0,0,0,0,0,0,0,0,0
2024-11-24,AST-2031,Hydraulic Press,CHN-02,0,0,0,0,0,0,0,0,0,0,0
2024-11-25,AST-2031,Hydraulic Press,CHN-02,1,2,0,3,8,1,0,0,0,0,0
2024-11-26,AST-2031,Hydraulic Press,CHN-02,2,0,0,2,8,1,0,0,0,0,0
2024-11-27,AST-2031,Hydraulic Press,CHN-02,3,1,1,5,15,1,1,1,1,1,1
2024-11-28,AST-2031,Hydraulic Press,CHN-02,1,2,1,4,9,1,0,0,0,0,0
2024-11-29,AST-2031,Hydraulic Press,CHN-02,2,1,0,3,10,1,1,0,0,0,0
2024-11-30,AST-2031,Hydraulic Press,CHN-02,0,0,0,0,0,0,0,0,0,0,0
2024-12-01,AST-2031,Hydraulic Press,CHN-02,0,0,0,0,0,0,0,0,0,0,0
2024-12-02,AST-2031,Hydraulic Press,CHN-02,0,1,0,1,2,0,0,0,0,0,0
2024-12-03,AST-2031,Hydraulic Press,CHN-02,1,0,0,1,4,0,0,0,0,0,0
2024-12-04,AST-2031,Hydraulic Press,CHN-02,2,1,0,3,10,1,1,0,0,0,0
2024-12-05,AST-2031,Hydraulic Press,CHN-02,1,1,1,3,7,1,0,0,0,0,0
2024-12-06,AST-2031,Hydraulic Press,CHN-02,1,1,0,2,6,0,0,0,0,0,0
2024-12-07,AST-2031,Hydraulic Press,CHN-02,0,0,0,0,0,0,0,0,0,0,0
2024-12-08,AST-2031,Hydraulic Press,CHN-02,0,0,0,0,0,0,0,0,0,0,0
2024-12-09,AST-2031,Hydraulic Press,CHN-02,0,1,1,2,3,0,0,0,0,0,0
2024-12-10,AST-2031,Hydraulic Press,CHN-02,1,1,1,3,7,1,0,0,0,0,0
2024-12-11,AST-2031,Hydraulic Press,CHN-02,1,2,0,3,8,1,0,0,0,0,0
2024-12-12,AST-2031,Hydraulic Press,CHN-02,1,0,0,1,4,0,0,0,0,0,0
2024-12-13,AST-2031,Hydraulic Press,CHN-02,1,0,0,1,4,0,0,0,0,0,0
2024-12-14,AST-2031,Hydraulic Press,CHN-02,0,0,0,0,0,0,0,0,0,0,0
2024-12-15,AST-2031,Hydraulic Press,CHN-02,0,0,0,0,0,0,0,0,0,0,0
2024-12-16,AST-2031,Hydraulic Press,CHN-02,1,0,2,3,6,0,0,0,0,0,0
2024-12-17,AST-2031,Hydraulic Press,CHN-02,2,2,0,4,12,1,1,1,1,0,0
2024-12-18,AST-2031,Hydraulic Press,CHN-02,2,1,0,3,10,1,1,0,0,0,0
2024-12-19,AST-2031,Hydraulic Press,CHN-02,0,0,0,0,0,0,0,0,0,0,0
2024-12-20,AST-2031,Hydraulic Press,CHN-02,3,1,0,4,14,1,1,1,1,1,1
2024-12-21,AST-2031,Hydraulic Press,CHN-02,0,0,0,0,0,0,0,0,0,0,0
2024-12-22,AST-2031,Hydraulic Press,CHN-02,0,0,0,0,0,0,0,0,0,0,0
2024-12-23,AST-2031,Hydraulic Press,CHN-02,0,1,1,2,3,0,0,0,0,0,0
2024-12-24,AST-2031,Hydraulic Press,CHN-02,0,1,0,1,2,0,0,0,0,0,0
2024-12-25,AST-2031,Hydraulic Press,CHN-02,3,1,1,5,15,1,1,1,1,1,1
2024-12-26,AST-2031,Hydraulic Press,CHN-02,1,2,0,3,8,1,0,0,0,0,0
2024-12-27,AST-2031,Hydraulic Press,CHN-02,1,2,0,3,8,1,0,0,0,0,0
2024-12-28,AST-2031,Hydraulic Press,CHN-02,0,0,0,0,0,0,0,0,0,0,0
2024-12-29,AST-2031,Hydraulic Press,CHN-02,0,0,0,0,0,0,0,0,0,0,0
2024-12-30,AST-2031,Hydraulic Press,CHN-02,0,1,0,1,2,0,0,0,0,0,0
2024-12-31,AST-2031,Hydraulic Press,CHN-02,2,1,1,4,11,1,1,1,0,0,0
2025-01-01,AST-2031,Hydraulic Press,CHN-02,3,2,1,6,17,1,1,1,1,1,1
2022-01-03,AST-4055,Screw Compressor,DHR-03,1,1,2,4,8,1,0,0,0,0,0
2022-01-04,AST-4055,Screw Compressor,DHR-03,1,1,0,2,6,0,0,0,0,0,0
2022-01-05,AST-4055,Screw Compressor,DHR-03,0,2,0,2,4,0,0,0,0,0,0
2022-01-06,AST-4055,Screw Compressor,DHR-03,1,1,0,2,6,0,0,0,0,0,0
2022-01-07,AST-4055,Screw Compressor,DHR-03,0,3,0,3,6,0,0,0,0,0,0
2022-01-08,AST-4055,Screw Compressor,DHR-03,0,0,0,0,0,0,0,0,0,0,0
2022-01-09,AST-4055,Screw Compressor,DHR-03,0,0,0,0,0,0,0,0,0,0,0
2022-01-10,AST-4055,Screw Compressor,DHR-03,1,1,0,2,6,0,0,0,0,0,0
2022-01-11,AST-4055,Screw Compressor,DHR-03,1,2,1,4,9,1,0,0,0,0,0
2022-01-12,AST-4055,Screw Compressor,DHR-03,1,0,0,1,4,0,0,0,0,0,0
2022-01-13,AST-4055,Screw Compressor,DHR-03,2,2,0,4,12,1,1,1,1,0,0
2022-01-14,AST-4055,Screw Compressor,DHR-03,0,2,1,3,5,0,0,0,0,0,0
2022-01-15,AST-4055,Screw Compressor,DHR-03,0,0,0,0,0,0,0,0,0,0,0
2022-01-16,AST-4055,Screw Compressor,DHR-03,0,0,0,0,0,0,0,0,0,0,0
2022-01-17,AST-4055,Screw Compressor,DHR-03,2,1,0,3,10,1,1,0,0,0,0
2022-01-18,AST-4055,Screw Compressor,DHR-03,2,2,0,4,12,1,1,1,1,0,0
2022-01-19,AST-4055,Screw Compressor,DHR-03,2,1,1,4,11,1,1,1,0,0,0
2022-01-20,AST-4055,Screw Compressor,DHR-03,1,1,1,3,7,1,0,0,0,0,0
2022-01-21,AST-4055,Screw Compressor,DHR-03,0,2,0,2,4,0,0,0,0,0,0
2022-01-22,AST-4055,Screw Compressor,DHR-03,0,0,0,0,0,0,0,0,0,0,0
2022-01-23,AST-4055,Screw Compressor,DHR-03,0,0,0,0,0,0,0,0,0,0,0
2022-01-24,AST-4055,Screw Compressor,DHR-03,1,1,0,2,6,0,0,0,0,0,0
2022-01-25,AST-4055,Screw Compressor,DHR-03,2,1,0,3,10,1,1,0,0,0,0
2022-01-26,AST-4055,Screw Compressor,DHR-03,0,0,1,1,1,0,0,0,0,0,0
2022-01-27,AST-4055,Screw Compressor,DHR-03,0,1,0,1,2,0,0,0,0,0,0
2022-01-28,AST-4055,Screw Compressor,DHR-03,2,2,1,5,13,1,1,1,1,1,0
2022-01-29,AST-4055,Screw Compressor,DHR-03,0,0,0,0,0,0,0,0,0,0,0
2022-01-30,AST-4055,Screw Compressor,DHR-03,0,0,0,0,0,0,0,0,0,0,0
2022-01-31,AST-4055,Screw Compressor,DHR-03,0,1,1,2,3,0,0,0,0,0,0
2022-02-01,AST-4055,Screw Compressor,DHR-03,2,0,1,3,9,1,0,0,0,0,0
2022-02-02,AST-4055,Screw Compressor,DHR-03,1,1,0,2,6,0,0,0,0,0,0
2022-02-03,AST-4055,Screw Compressor,DHR-03,0,2,0,2,4,0,0,0,0,0,0
2022-02-04,AST-4055,Screw Compressor,DHR-03,0,0,1,1,1,0,0,0,0,0,0
2022-02-05,AST-4055,Screw Compressor,DHR-03,0,0,0,0,0,0,0,0,0,0,0
2022-02-06,AST-4055,Screw Compressor,DHR-03,0,0,0,0,0,0,0,0,0,0,0
2022-02-07,AST-4055,Screw Compressor,DHR-03,0,2,2,4,6,0,0,0,0,0,0
2022-02-08,AST-4055,Screw Compressor,DHR-03,1,1,1,3,7,1,0,0,0,0,0
2022-02-09,AST-4055,Screw Compressor,DHR-03,2,2,0,4,12,1,1,1,1,0,0
2022-02-10,AST-4055,Screw Compressor,DHR-03,2,3,0,5,14,1,1,1,1,1,1
2022-02-11,AST-4055,Screw Compressor,DHR-03,2,0,0,2,8,1,0,0,0,0,0
2022-02-12,AST-4055,Screw Compressor,DHR-03,0,0,0,0,0,0,0,0,0,0,0
2022-02-13,AST-4055,Screw Compressor,DHR-03,0,0,0,0,0,0,0,0,0,0,0
2022-02-14,AST-4055,Screw Compressor,DHR-03,1,4,1,6,13,1,1,1,1,1,0
2022-02-15,AST-4055,Screw Compressor,DHR-03,1,3,0,4,10,1,1,0,0,0,0
2022-02-16,AST-4055,Screw Compressor,DHR-03,1,1,1,3,7,1,0,0,0,0,0
2022-02-17,AST-4055,Screw Compressor,DHR-03,0,2,1,3,5,0,0,0,0,0,0
2022-02-18,AST-4055,Screw Compressor,DHR-03,1,1,0,2,6,0,0,0,0,0,0
2022-02-19,AST-4055,Screw Compressor,DHR-03,0,0,0,0,0,0,0,0,0,0,0
2022-02-20,AST-4055,Screw Compressor,DHR-03,0,0,0,0,0,0,0,0,0,0,0
2022-02-21,AST-4055,Screw Compressor,DHR-03,2,3,1,6,15,1,1,1,1,1,1
2022-02-22,AST-4055,Screw Compressor,DHR-03,4,1,1,6,19,1,1,1,1,1,1
2022-02-23,AST-4055,Screw Compressor,DHR-03,2,1,0,3,10,1,1,0,0,0,0
2022-02-24,AST-4055,Screw Compressor,DHR-03,1,1,1,3,7,1,0,0,0,0,0
2022-02-25,AST-4055,Screw Compressor,DHR-03,3,0,1,4,13,1,1,1,1,1,0
2022-02-26,AST-4055,Screw Compressor,DHR-03,0,0,0,0,0,0,0,0,0,0,0
2022-02-27,AST-4055,Screw Compressor,DHR-03,0,0,0,0,0,0,0,0,0,0,0
2022-02-28,AST-4055,Screw Compressor,DHR-03,0,0,0,0,0,0,0,0,0,0,0
2022-03-01,AST-4055,Screw Compressor,DHR-03,0,2,0,2,4,0,0,0,0,0,0
2022-03-02,AST-4055,Screw Compressor,DHR-03,2,3,0,5,14,1,1,1,1,1,1
2022-03-03,AST-4055,Screw Compressor,DHR-03,1,0,2,3,6,0,0,0,0,0,0
2022-03-04,AST-4055,Screw Compressor,DHR-03,0,1,1,2,3,0,0,0,0,0,0
2022-03-05,AST-4055,Screw Compressor,DHR-03,0,0,0,0,0,0,0,0,0,0,0
2022-03-06,AST-4055,Screw Compressor,DHR-03,0,0,0,0,0,0,0,0,0,0,0
2022-03-07,AST-4055,Screw Compressor,DHR-03,1,2,0,3,8,1,0,0,0,0,0
2022-03-08,AST-4055,Screw Compressor,DHR-03,1,1,0,2,6,0,0,0,0,0,0
2022-03-09,AST-4055,Screw Compressor,DHR-03,0,1,0,1,2,0,0,0,0,0,0
2022-03-10,AST-4055,Screw Compressor,DHR-03,2,1,1,4,11,1,1,1,0,0,0
2022-03-11,AST-4055,Screw Compressor,DHR-03,2,2,1,5,13,1,1,1,1,1,0
2022-03-12,AST-4055,Screw Compressor,DHR-03,0,0,0,0,0,0,0,0,0,0,0
2022-03-13,AST-4055,Screw Compressor,DHR-03,0,0,0,0,0,0,0,0,0,0,0
2022-03-14,AST-4055,Screw Compressor,DHR-03,0,0,0,0,0,0,0,0,0,0,0
2022-03-15,AST-4055,Screw Compressor,DHR-03,1,1,2,4,8,1,0,0,0,0,0
2022-03-16,AST-4055,Screw Compressor,DHR-03,1,2,0,3,8,1,0,0,0,0,0
2022-03-17,AST-4055,Screw Compressor,DHR-03,0,3,1,4,7,1,0,0,0,0,0
2022-03-18,AST-4055,Screw Compressor,DHR-03,2,0,0,2,8,1,0,0,0,0,0
2022-03-19,AST-4055,Screw Compressor,DHR-03,0,0,0,0,0,0,0,0,0,0,0
2022-03-20,AST-4055,Screw Compressor,DHR-03,0,0,0,0,0,0,0,0,0,0,0
2022-03-21,AST-4055,Screw Compressor,DHR-03,1,1,1,3,7,1,0,0,0,0,0
2022-03-22,AST-4055,Screw Compressor,DHR-03,0,2,0,2,4,0,0,0,0,0,0
2022-03-23,AST-4055,Screw Compressor,DHR-03,2,3,1,6,15,1,1,1,1,1,1
2022-03-24,AST-4055,Screw Compressor,DHR-03,1,2,1,4,9,1,0,0,0,0,0
2022-03-25,AST-4055,Screw Compressor,DHR-03,1,1,0,2,6,0,0,0,0,0,0
2022-03-26,AST-4055,Screw Compressor,DHR-03,0,0,0,0,0,0,0,0,0,0,0
2022-03-27,AST-4055,Screw Compressor,DHR-03,0,0,0,0,0,0,0,0,0,0,0
2022-03-28,AST-4055,Screw Compressor,DHR-03,1,0,1,2,5,0,0,0,0,0,0
2022-03-29,AST-4055,Screw Compressor,DHR-03,0,4,0,4,8,1,0,0,0,0,0
2022-03-30,AST-4055,Screw Compressor,DHR-03,2,3,1,6,15,1,1,1,1,1,1
2022-03-31,AST-4055,Screw Compressor,DHR-03,1,3,0,4,10,1,1,0,0,0,0
2022-04-01,AST-4055,Screw Compressor,DHR-03,1,1,0,2,6,0,0,0,0,0,0
2022-04-02,AST-4055,Screw Compressor,DHR-03,0,0,0,0,0,0,0,0,0,0,0
2022-04-03,AST-4055,Screw Compressor,DHR-03,0,0,0,0,0,0,0,0,0,0,0
2022-04-04,AST-4055,Screw Compressor,DHR-03,2,2,0,4,12,1,1,1,1,0,0
2022-04-05,AST-4055,Screw Compressor,DHR-03,2,1,1,4,11,1,1,1,0,0,0
2022-04-06,AST-4055,Screw Compressor,DHR-03,2,1,1,4,11,1,1,1,0,0,0
2022-04-07,AST-4055,Screw Compressor,DHR-03,0,0,1,1,1,0,0,0,0,0,0
2022-04-08,AST-4055,Screw Compressor,DHR-03,1,2,0,3,8,1,0,0,0,0,0
2022-04-09,AST-4055,Screw Compressor,DHR-03,0,0,0,0,0,0,0,0,0,0,0
2022-04-10,AST-4055,Screw Compressor,DHR-03,0,0,0,0,0,0,0,0,0,0,0
2022-04-11,AST-4055,Screw Compressor,DHR-03,2,2,0,4,12,1,1,1,1,0,0
2022-04-12,AST-4055,Screw Compressor,DHR-03,1,1,0,2,6,0,0,0,0,0,0
2022-04-13,AST-4055,Screw Compressor,DHR-03,0,1,1,2,3,0,0,0,0,0,0
2022-04-14,AST-4055,Screw Compressor,DHR-03,2,0,0,2,8,1,0,0,0,0,0
2022-04-15,AST-4055,Screw Compressor,DHR-03,2,0,0,2,8,1,0,0,0,0,0
2022-04-16,AST-4055,Screw Compressor,DHR-03,0,0,0,0,0,0,0,0,0,0,0
2022-04-17,AST-4055,Screw Compressor,DHR-03,0,0,0,0,0,0,0,0,0,0,0
2022-04-18,AST-4055,Screw Compressor,DHR-03,1,3,1,5,11,1,1,1,0,0,0
2022-04-19,AST-4055,Screw Compressor,DHR-03,2,1,1,4,11,1,1,1,0,0,0
2022-04-20,AST-4055,Screw Compressor,DHR-03,1,1,0,2,6,0,0,0,0,0,0
2022-04-21,AST-4055,Screw Compressor,DHR-03,1,0,0,1,4,0,0,0,0,0,0
2022-04-22,AST-4055,Screw Compressor,DHR-03,1,1,0,2,6,0,0,0,0,0,0
2022-04-23,AST-4055,Screw Compressor,DHR-03,0,0,0,0,0,0,0,0,0,0,0
2022-04-24,AST-4055,Screw Compressor,DHR-03,0,0,0,0,0,0,0,0,0,0,0
2022-04-25,AST-4055,Screw Compressor,DHR-03,3,1,0,4,14,1,1,1,1,1,1
2022-04-26,AST-4055,Screw Compressor,DHR-03,2,3,0,5,14,1,1,1,1,1,1
2022-04-27,AST-4055,Screw Compressor,DHR-03,2,0,1,3,9,1,0,0,0,0,0
2022-04-28,AST-4055,Screw Compressor,DHR-03,1,1,0,2,6,0,0,0,0,0,0
2022-04-29,AST-4055,Screw Compressor,DHR-03,3,0,2,5,14,1,1,1,1,1,1
2022-04-30,AST-4055,Screw Compressor,DHR-03,0,0,0,0,0,0,0,0,0,0,0
2022-05-01,AST-4055,Screw Compressor,DHR-03,0,0,0,0,0,0,0,0,0,0,0
2022-05-02,AST-4055,Screw Compressor,DHR-03,1,4,1,6,13,1,1,1,1,1,0
2022-05-03,AST-4055,Screw Compressor,DHR-03,1,1,0,2,6,0,0,0,0,0,0
2022-05-04,AST-4055,Screw Compressor,DHR-03,0,1,0,1,2,0,0,0,0,0,0
2022-05-05,AST-4055,Screw Compressor,DHR-03,2,2,0,4,12,1,1,1,1,0,0
2022-05-06,AST-4055,Screw Compressor,DHR-03,3,2,0,5,16,1,1,1,1,1,1
2022-05-07,AST-4055,Screw Compressor,DHR-03,0,0,0,0,0,0,0,0,0,0,0
2022-05-08,AST-4055,Screw Compressor,DHR-03,0,0,0,0,0,0,0,0,0,0,0
2022-05-09,AST-4055,Screw Compressor,DHR-03,2,0,0,2,8,1,0,0,0,0,0
2022-05-10,AST-4055,Screw Compressor,DHR-03,1,0,0,1,4,0,0,0,0,0,0
2022-05-11,AST-4055,Screw Compressor,DHR-03,2,0,1,3,9,1,0,0,0,0,0
2022-05-12,AST-4055,Screw Compressor,DHR-03,3,1,0,4,14,1,1,1,1,1,1
2022-05-13,AST-4055,Screw Compressor,DHR-03,2,1,0,3,10,1,1,0,0,0,0
2022-05-14,AST-4055,Screw Compressor,DHR-03,0,0,0,0,0,0,0,0,0,0,0
2022-05-15,AST-4055,Screw Compressor,DHR-03,0,0,0,0,0,0,0,0,0,0,0
2022-05-16,AST-4055,Screw Compressor,DHR-03,0,2,0,2,4,0,0,0,0,0,0
2022-05-17,AST-4055,Screw Compressor,DHR-03,0,0,2,2,2,0,0,0,0,0,0
2022-05-18,AST-4055,Screw Compressor,DHR-03,1,1,0,2,6,0,0,0,0,0,0
2022-05-19,AST-4055,Screw Compressor,DHR-03,2,1,2,5,12,1,1,1,1,0,0
2022-05-20,AST-4055,Screw Compressor,DHR-03,2,2,1,5,13,1,1,1,1,1,0
2022-05-21,AST-4055,Screw Compressor,DHR-03,0,0,0,0,0,0,0,0,0,0,0
2022-05-22,AST-4055,Screw Compressor,DHR-03,0,0,0,0,0,0,0,0,0,0,0
2022-05-23,AST-4055,Screw Compressor,DHR-03,1,0,2,3,6,0,0,0,0,0,0
2022-05-24,AST-4055,Screw Compressor,DHR-03,1,1,0,2,6,0,0,0,0,0,0
2022-05-25,AST-4055,Screw Compressor,DHR-03,1,1,0,2,6,0,0,0,0,0,0
2022-05-26,AST-4055,Screw Compressor,DHR-03,2,1,0,3,10,1,1,0,0,0,0
2022-05-27,AST-4055,Screw Compressor,DHR-03,0,2,0,2,4,0,0,0,0,0,0
2022-05-28,AST-4055,Screw Compressor,DHR-03,0,0,0,0,0,0,0,0,0,0,0
2022-05-29,AST-4055,Screw Compressor,DHR-03,0,0,0,0,0,0,0,0,0,0,0
2022-05-30,AST-4055,Screw Compressor,DHR-03,1,2,0,3,8,1,0,0,0,0,0
2022-05-31,AST-4055,Screw Compressor,DHR-03,0,1,1,2,3,0,0,0,0,0,0
2022-06-01,AST-4055,Screw Compressor,DHR-03,1,0,0,1,4,0,0,0,0,0,0
2022-06-02,AST-4055,Screw Compressor,DHR-03,1,0,3,4,7,1,0,0,0,0,0
2022-06-03,AST-4055,Screw Compressor,DHR-03,1,3,0,4,10,1,1,0,0,0,0
2022-06-04,AST-4055,Screw Compressor,DHR-03,0,0,0,0,0,0,0,0,0,0,0
2022-06-05,AST-4055,Screw Compressor,DHR-03,0,0,0,0,0,0,0,0,0,0,0
2022-06-06,AST-4055,Screw Compressor,DHR-03,0,0,1,1,1,0,0,0,0,0,0
2022-06-07,AST-4055,Screw Compressor,DHR-03,2,2,0,4,12,1,1,1,1,0,0
2022-06-08,AST-4055,Screw Compressor,DHR-03,1,2,0,3,8,1,0,0,0,0,0
2022-06-09,AST-4055,Screw Compressor,DHR-03,1,0,0,1,4,0,0,0,0,0,0
2022-06-10,AST-4055,Screw Compressor,DHR-03,2,1,2,5,12,1,1,1,1,0,0
2022-06-11,AST-4055,Screw Compressor,DHR-03,0,0,0,0,0,0,0,0,0,0,0
2022-06-12,AST-4055,Screw Compressor,DHR-03,0,0,0,0,0,0,0,0,0,0,0
2022-06-13,AST-4055,Screw Compressor,DHR-03,1,2,0,3,8,1,0,0,0,0,0
2022-06-14,AST-4055,Screw Compressor,DHR-03,0,0,0,0,0,0,0,0,0,0,0
2022-06-15,AST-4055,Screw Compressor,DHR-03,3,2,0,5,16,1,1,1,1,1,1
2022-06-16,AST-4055,Screw Compressor,DHR-03,0,1,1,2,3,0,0,0,0,0,0
2022-06-17,AST-4055,Screw Compressor,DHR-03,2,4,0,6,16,1,1,1,1,1,1
2022-06-18,AST-4055,Screw Compressor,DHR-03,0,0,0,0,0,0,0,0,0,0,0
2022-06-19,AST-4055,Screw Compressor,DHR-03,0,0,0,0,0,0,0,0,0,0,0
2022-06-20,AST-4055,Screw Compressor,DHR-03,2,1,0,3,10,1,1,0,0,0,0
2022-06-21,AST-4055,Screw Compressor,DHR-03,1,0,2,3,6,0,0,0,0,0,0
2022-06-22,AST-4055,Screw Compressor,DHR-03,2,2,0,4,12,1,1,1,1,0,0
2022-06-23,AST-4055,Screw Compressor,DHR-03,1,1,0,2,6,0,0,0,0,0,0
2022-06-24,AST-4055,Screw Compressor,DHR-03,2,1,0,3,10,1,1,0,0,0,0
2022-06-25,AST-4055,Screw Compressor,DHR-03,0,0,0,0,0,0,0,0,0,0,0
2022-06-26,AST-4055,Screw Compressor,DHR-03,0,0,0,0,0,0,0,0,0,0,0
2022-06-27,AST-4055,Screw Compressor,DHR-03,0,1,0,1,2,0,0,0,0,0,0
2022-06-28,AST-4055,Screw Compressor,DHR-03,4,2,1,7,21,1,1,1,1,1,1
2022-06-29,AST-4055,Screw Compressor,DHR-03,0,1,0,1,2,0,0,0,0,0,0
2022-06-30,AST-4055,Screw Compressor,DHR-03,0,1,0,1,2,0,0,0,0,0,0
2022-07-01,AST-4055,Screw Compressor,DHR-03,1,2,0,3,8,1,0,0,0,0,0
2022-07-02,AST-4055,Screw Compressor,DHR-03,0,0,0,0,0,0,0,0,0,0,0
2022-07-03,AST-4055,Screw Compressor,DHR-03,0,0,0,0,0,0,0,0,0,0,0
2022-07-04,AST-4055,Screw Compressor,DHR-03,2,1,1,4,11,1,1,1,0,0,0
2022-07-05,AST-4055,Screw Compressor,DHR-03,2,1,3,6,13,1,1,1,1,1,0
2022-07-06,AST-4055,Screw Compressor,DHR-03,1,1,2,4,8,1,0,0,0,0,0
2022-07-07,AST-4055,Screw Compressor,DHR-03,1,1,0,2,6,0,0,0,0,0,0
2022-07-08,AST-4055,Screw Compressor,DHR-03,2,0,1,3,9,1,0,0,0,0,0
2022-07-09,AST-4055,Screw Compressor,DHR-03,0,0,0,0,0,0,0,0,0,0,0
2022-07-10,AST-4055,Screw Compressor,DHR-03,0,0,0,0,0,0,0,0,0,0,0
2022-07-11,AST-4055,Screw Compressor,DHR-03,1,2,1,4,9,1,0,0,0,0,0
2022-07-12,AST-4055,Screw Compressor,DHR-03,2,2,1,5,13,1,1,1,1,1,0
2022-07-13,AST-4055,Screw Compressor,DHR-03,2,2,1,5,13,1,1,1,1,1,0
2022-07-14,AST-4055,Screw Compressor,DHR-03,0,1,1,2,3,0,0,0,0,0,0
2022-07-15,AST-4055,Screw Compressor,DHR-03,2,2,1,5,13,1,1,1,1,1,0
2022-07-16,AST-4055,Screw Compressor,DHR-03,0,0,0,0,0,0,0,0,0,0,0
2022-07-17,AST-4055,Screw Compressor,DHR-03,0,0,0,0,0,0,0,0,0,0,0
2022-07-18,AST-4055,Screw Compressor,DHR-03,0,0,0,0,0,0,0,0,0,0,0
2022-07-19,AST-4055,Screw Compressor,DHR-03,1,2,0,3,8,1,0,0,0,0,0
2022-07-20,AST-4055,Screw Compressor,DHR-03,1,0,1,2,5,0,0,0,0,0,0
2022-07-21,AST-4055,Screw Compressor,DHR-03,0,2,0,2,4,0,0,0,0,0,0
2022-07-22,AST-4055,Screw Compressor,DHR-03,2,2,0,4,12,1,1,1,1,0,0
2022-07-23,AST-4055,Screw Compressor,DHR-03,0,0,0,0,0,0,0,0,0,0,0
2022-07-24,AST-4055,Screw Compressor,DHR-03,0,0,0,0,0,0,0,0,0,0,0
2022-07-25,AST-4055,Screw Compressor,DHR-03,1,2,0,3,8,1,0,0,0,0,0
2022-07-26,AST-4055,Screw Compressor,DHR-03,0,3,0,3,6,0,0,0,0,0,0
2022-07-27,AST-4055,Screw Compressor,DHR-03,4,1,2,7,20,1,1,1,1,1,1
2022-07-28,AST-4055,Screw Compressor,DHR-03,1,2,0,3,8,1,0,0,0,0,0
2022-07-29,AST-4055,Screw Compressor,DHR-03,1,1,0,2,6,0,0,0,0,0,0
2022-07-30,AST-4055,Screw Compressor,DHR-03,0,0,0,0,0,0,0,0,0,0,0
2022-07-31,AST-4055,Screw Compressor,DHR-03,0,0,0,0,0,0,0,0,0,0,0
2022-08-01,AST-4055,Screw Compressor,DHR-03,1,3,1,5,11,1,1,1,0,0,0
2022-08-02,AST-4055,Screw Compressor,DHR-03,1,1,0,2,6,0,0,0,0,0,0
2022-08-03,AST-4055,Screw Compressor,DHR-03,2,0,0,2,8,1,0,0,0,0,0
2022-08-04,AST-4055,Screw Compressor,DHR-03,0,2,0,2,4,0,0,0,0,0,0
2022-08-05,AST-4055,Screw Compressor,DHR-03,1,2,0,3,8,1,0,0,0,0,0
2022-08-06,AST-4055,Screw Compressor,DHR-03,0,0,0,0,0,0,0,0,0,0,0
2022-08-07,AST-4055,Screw Compressor,DHR-03,0,0,0,0,0,0,0,0,0,0,0
2022-08-08,AST-4055,Screw Compressor,DHR-03,0,2,1,3,5,0,0,0,0,0,0
2022-08-09,AST-4055,Screw Compressor,DHR-03,0,0,0,0,0,0,0,0,0,0,0
2022-08-10,AST-4055,Screw Compressor,DHR-03,3,4,1,8,21,1,1,1,1,1,1
2022-08-11,AST-4055,Screw Compressor,DHR-03,2,2,1,5,13,1,1,1,1,1,0
2022-08-12,AST-4055,Screw Compressor,DHR-03,2,1,0,3,10,1,1,0,0,0,0
2022-08-13,AST-4055,Screw Compressor,DHR-03,0,0,0,0,0,0,0,0,0,0,0
2022-08-14,AST-4055,Screw Compressor,DHR-03,0,0,0,0,0,0,0,0,0,0,0
2022-08-15,AST-4055,Screw Compressor,DHR-03,2,1,1,4,11,1,1,1,0,0,0
2022-08-16,AST-4055,Screw Compressor,DHR-03,2,2,0,4,12,1,1,1,1,0,0
2022-08-17,AST-4055,Screw Compressor,DHR-03,3,2,0,5,16,1,1,1,1,1,1
2022-08-18,AST-4055,Screw Compressor,DHR-03,1,0,1,2,5,0,0,0,0,0,0
2022-08-19,AST-4055,Screw Compressor,DHR-03,0,0,2,2,2,0,0,0,0,0,0
2022-08-20,AST-4055,Screw Compressor,DHR-03,0,0,0,0,0,0,0,0,0,0,0
2022-08-21,AST-4055,Screw Compressor,DHR-03,0,0,0,0,0,0,0,0,0,0,0
2022-08-22,AST-4055,Screw Compressor,DHR-03,0,1,0,1,2,0,0,0,0,0,0
2022-08-23,AST-4055,Screw Compressor,DHR-03,1,1,1,3,7,1,0,0,0,0,0
2022-08-24,AST-4055,Screw Compressor,DHR-03,2,1,0,3,10,1,1,0,0,0,0
2022-08-25,AST-4055,Screw Compressor,DHR-03,1,0,0,1,4,0,0,0,0,0,0
2022-08-26,AST-4055,Screw Compressor,DHR-03,3,3,0,6,18,1,1,1,1,1,1
2022-08-27,AST-4055,Screw Compressor,DHR-03,0,0,0,0,0,0,0,0,0,0,0
2022-08-28,AST-4055,Screw Compressor,DHR-03,0,0,0,0,0,0,0,0,0,0,0
2022-08-29,AST-4055,Screw Compressor,DHR-03,1,1,0,2,6,0,0,0,0,0,0
2022-08-30,AST-4055,Screw Compressor,DHR-03,1,3,2,6,12,1,1,1,1,0,0
2022-08-31,AST-4055,Screw Compressor,DHR-03,1,2,1,4,9,1,0,0,0,0,0
2022-09-01,AST-4055,Screw Compressor,DHR-03,2,3,1,6,15,1,1,1,1,1,1
2022-09-02,AST-4055,Screw Compressor,DHR-03,1,0,1,2,5,0,0,0,0,0,0
2022-09-03,AST-4055,Screw Compressor,DHR-03,0,0,0,0,0,0,0,0,0,0,0
2022-09-04,AST-4055,Screw Compressor,DHR-03,0,0,0,0,0,0,0,0,0,0,0
2022-09-05,AST-4055,Screw Compressor,DHR-03,2,1,0,3,10,1,1,0,0,0,0
2022-09-06,AST-4055,Screw Compressor,DHR-03,0,0,1,1,1,0,0,0,0,0,0
2022-09-07,AST-4055,Screw Compressor,DHR-03,2,0,1,3,9,1,0,0,0,0,0
2022-09-08,AST-4055,Screw Compressor,DHR-03,0,1,0,1,2,0,0,0,0,0,0
2022-09-09,AST-4055,Screw Compressor,DHR-03,1,2,2,5,10,1,1,0,0,0,0
2022-09-10,AST-4055,Screw Compressor,DHR-03,0,0,0,0,0,0,0,0,0,0,0
2022-09-11,AST-4055,Screw Compressor,DHR-03,0,0,0,0,0,0,0,0,0,0,0
2022-09-12,AST-4055,Screw Compressor,DHR-03,2,2,0,4,12,1,1,1,1,0,0
2022-09-13,AST-4055,Screw Compressor,DHR-03,1,2,1,4,9,1,0,0,0,0,0
2022-09-14,AST-4055,Screw Compressor,DHR-03,0,2,0,2,4,0,0,0,0,0,0
2022-09-15,AST-4055,Screw Compressor,DHR-03,1,1,0,2,6,0,0,0,0,0,0
2022-09-16,AST-4055,Screw Compressor,DHR-03,2,1,1,4,11,1,1,1,0,0,0
2022-09-17,AST-4055,Screw Compressor,DHR-03,0,0,0,0,0,0,0,0,0,0,0
2022-09-18,AST-4055,Screw Compressor,DHR-03,0,0,0,0,0,0,0,0,0,0,0
2022-09-19,AST-4055,Screw Compressor,DHR-03,1,2,0,3,8,1,0,0,0,0,0
2022-09-20,AST-4055,Screw Compressor,DHR-03,0,1,0,1,2,0,0,0,0,0,0
2022-09-21,AST-4055,Screw Compressor,DHR-03,0,1,0,1,2,0,0,0,0,0,0
2022-09-22,AST-4055,Screw Compressor,DHR-03,2,2,0,4,12,1,1,1,1,0,0
2022-09-23,AST-4055,Screw Compressor,DHR-03,0,2,0,2,4,0,0,0,0,0,0
2022-09-24,AST-4055,Screw Compressor,DHR-03,0,0,0,0,0,0,0,0,0,0,0
2022-09-25,AST-4055,Screw Compressor,DHR-03,0,0,0,0,0,0,0,0,0,0,0
2022-09-26,AST-4055,Screw Compressor,DHR-03,1,0,1,2,5,0,0,0,0,0,0
2022-09-27,AST-4055,Screw Compressor,DHR-03,2,3,1,6,15,1,1,1,1,1,1
2022-09-28,AST-4055,Screw Compressor,DHR-03,1,1,0,2,6,0,0,0,0,0,0
2022-09-29,AST-4055,Screw Compressor,DHR-03,3,1,1,5,15,1,1,1,1,1,1
2022-09-30,AST-4055,Screw Compressor,DHR-03,1,3,1,5,11,1,1,1,0,0,0
2022-10-01,AST-4055,Screw Compressor,DHR-03,0,0,0,0,0,0,0,0,0,0,0
2022-10-02,AST-4055,Screw Compressor,DHR-03,0,0,0,0,0,0,0,0,0,0,0
2022-10-03,AST-4055,Screw Compressor,DHR-03,2,1,1,4,11,1,1,1,0,0,0
2022-10-04,AST-4055,Screw Compressor,DHR-03,1,1,1,3,7,1,0,0,0,0,0
2022-10-05,AST-4055,Screw Compressor,DHR-03,2,3,0,5,14,1,1,1,1,1,1
2022-10-06,AST-4055,Screw Compressor,DHR-03,2,2,0,4,12,1,1,1,1,0,0
2022-10-07,AST-4055,Screw Compressor,DHR-03,1,1,2,4,8,1,0,0,0,0,0
2022-10-08,AST-4055,Screw Compressor,DHR-03,0,0,0,0,0,0,0,0,0,0,0
2022-10-09,AST-4055,Screw Compressor,DHR-03,0,0,0,0,0,0,0,0,0,0,0
2022-10-10,AST-4055,Screw Compressor,DHR-03,1,1,0,2,6,0,0,0,0,0,0
2022-10-11,AST-4055,Screw Compressor,DHR-03,2,0,2,4,10,1,1,0,0,0,0
2022-10-12,AST-4055,Screw Compressor,DHR-03,0,2,1,3,5,0,0,0,0,0,0
2022-10-13,AST-4055,Screw Compressor,DHR-03,1,3,0,4,10,1,1,0,0,0,0
2022-10-14,AST-4055,Screw Compressor,DHR-03,2,0,0,2,8,1,0,0,0,0,0
2022-10-15,AST-4055,Screw Compressor,DHR-03,0,0,0,0,0,0,0,0,0,0,0
2022-10-16,AST-4055,Screw Compressor,DHR-03,0,0,0,0,0,0,0,0,0,0,0
2022-10-17,AST-4055,Screw Compressor,DHR-03,1,1,1,3,7,1,0,0,0,0,0
2022-10-18,AST-4055,Screw Compressor,DHR-03,0,2,0,2,4,0,0,0,0,0,0
2022-10-19,AST-4055,Screw Compressor,DHR-03,2,1,1,4,11,1,1,1,0,0,0
2022-10-20,AST-4055,Screw Compressor,DHR-03,2,1,0,3,10,1,1,0,0,0,0
2022-10-21,AST-4055,Screw Compressor,DHR-03,0,2,0,2,4,0,0,0,0,0,0
2022-10-22,AST-4055,Screw Compressor,DHR-03,0,0,0,0,0,0,0,0,0,0,0
2022-10-23,AST-4055,Screw Compressor,DHR-03,0,0,0,0,0,0,0,0,0,0,0
2022-10-24,AST-4055,Screw Compressor,DHR-03,1,0,2,3,6,0,0,0,0,0,0
2022-10-25,AST-4055,Screw Compressor,DHR-03,2,0,0,2,8,1,0,0,0,0,0
2022-10-26,AST-4055,Screw Compressor,DHR-03,0,1,2,3,4,0,0,0,0,0,0
2022-10-27,AST-4055,Screw Compressor,DHR-03,1,1,1,3,7,1,0,0,0,0,0
2022-10-28,AST-4055,Screw Compressor,DHR-03,1,2,0,3,8,1,0,0,0,0,0
2022-10-29,AST-4055,Screw Compressor,DHR-03,0,0,0,0,0,0,0,0,0,0,0
2022-10-30,AST-4055,Screw Compressor,DHR-03,0,0,0,0,0,0,0,0,0,0,0
2022-10-31,AST-4055,Screw Compressor,DHR-03,1,1,2,4,8,1,0,0,0,0,0
2022-11-01,AST-4055,Screw Compressor,DHR-03,1,1,2,4,8,1,0,0,0,0,0
2022-11-02,AST-4055,Screw Compressor,DHR-03,3,1,1,5,15,1,1,1,1,1,1
2022-11-03,AST-4055,Screw Compressor,DHR-03,0,1,2,3,4,0,0,0,0,0,0
2022-11-04,AST-4055,Screw Compressor,DHR-03,0,1,0,1,2,0,0,0,0,0,0
2022-11-05,AST-4055,Screw Compressor,DHR-03,0,0,0,0,0,0,0,0,0,0,0
2022-11-06,AST-4055,Screw Compressor,DHR-03,0,0,0,0,0,0,0,0,0,0,0
2022-11-07,AST-4055,Screw Compressor,DHR-03,2,0,0,2,8,1,0,0,0,0,0
2022-11-08,AST-4055,Screw Compressor,DHR-03,1,0,0,1,4,0,0,0,0,0,0
2022-11-09,AST-4055,Screw Compressor,DHR-03,0,5,4,9,14,1,1,1,1,1,1
2022-11-10,AST-4055,Screw Compressor,DHR-03,1,1,0,2,6,0,0,0,0,0,0
2022-11-11,AST-4055,Screw Compressor,DHR-03,2,3,0,5,14,1,1,1,1,1,1
2022-11-12,AST-4055,Screw Compressor,DHR-03,0,0,0,0,0,0,0,0,0,0,0
2022-11-13,AST-4055,Screw Compressor,DHR-03,0,0,0,0,0,0,0,0,0,0,0
2022-11-14,AST-4055,Screw Compressor,DHR-03,3,3,1,7,19,1,1,1,1,1,1
2022-11-15,AST-4055,Screw Compressor,DHR-03,2,3,1,6,15,1,1,1,1,1,1
2022-11-16,AST-4055,Screw Compressor,DHR-03,0,2,1,3,5,0,0,0,0,0,0
2022-11-17,AST-4055,Screw Compressor,DHR-03,1,3,3,7,13,1,1,1,1,1,0
2022-11-18,AST-4055,Screw Compressor,DHR-03,2,2,0,4,12,1,1,1,1,0,0
2022-11-19,AST-4055,Screw Compressor,DHR-03,0,0,0,0,0,0,0,0,0,0,0
2022-11-20,AST-4055,Screw Compressor,DHR-03,0,0,0,0,0,0,0,0,0,0,0
2022-11-21,AST-4055,Screw Compressor,DHR-03,0,2,0,2,4,0,0,0,0,0,0
2022-11-22,AST-4055,Screw Compressor,DHR-03,2,3,0,5,14,1,1,1,1,1,1
2022-11-23,AST-4055,Screw Compressor,DHR-03,5,2,0,7,24,1,1,1,1,1,1
2022-11-24,AST-4055,Screw Compressor,DHR-03,1,4,1,6,13,1,1,1,1,1,0
2022-11-25,AST-4055,Screw Compressor,DHR-03,1,2,0,3,8,1,0,0,0,0,0
2022-11-26,AST-4055,Screw Compressor,DHR-03,0,0,0,0,0,0,0,0,0,0,0
2022-11-27,AST-4055,Screw Compressor,DHR-03,0,0,0,0,0,0,0,0,0,0,0
2022-11-28,AST-4055,Screw Compressor,DHR-03,1,2,0,3,8,1,0,0,0,0,0
2022-11-29,AST-4055,Screw Compressor,DHR-03,2,1,0,3,10,1,1,0,0,0,0
2022-11-30,AST-4055,Screw Compressor,DHR-03,2,3,0,5,14,1,1,1,1,1,1
2022-12-01,AST-4055,Screw Compressor,DHR-03,1,1,1,3,7,1,0,0,0,0,0
2022-12-02,AST-4055,Screw Compressor,DHR-03,3,1,3,7,17,1,1,1,1,1,1
2022-12-03,AST-4055,Screw Compressor,DHR-03,0,0,0,0,0,0,0,0,0,0,0
2022-12-04,AST-4055,Screw Compressor,DHR-03,0,0,0,0,0,0,0,0,0,0,0
2022-12-05,AST-4055,Screw Compressor,DHR-03,0,0,0,0,0,0,0,0,0,0,0
2022-12-06,AST-4055,Screw Compressor,DHR-03,0,0,2,2,2,0,0,0,0,0,0
2022-12-07,AST-4055,Screw Compressor,DHR-03,4,1,0,5,18,1,1,1,1,1,1
2022-12-08,AST-4055,Screw Compressor,DHR-03,1,2,1,4,9,1,0,0,0,0,0
2022-12-09,AST-4055,Screw Compressor,DHR-03,0,1,1,2,3,0,0,0,0,0,0
2022-12-10,AST-4055,Screw Compressor,DHR-03,0,0,0,0,0,0,0,0,0,0,0
2022-12-11,AST-4055,Screw Compressor,DHR-03,0,0,0,0,0,0,0,0,0,0,0
2022-12-12,AST-4055,Screw Compressor,DHR-03,2,2,0,4,12,1,1,1,1,0,0
2022-12-13,AST-4055,Screw Compressor,DHR-03,3,1,1,5,15,1,1,1,1,1,1
2022-12-14,AST-4055,Screw Compressor,DHR-03,2,2,0,4,12,1,1,1,1,0,0
2022-12-15,AST-4055,Screw Compressor,DHR-03,3,0,0,3,12,1,1,1,1,0,0
2022-12-16,AST-4055,Screw Compressor,DHR-03,0,2,0,2,4,0,0,0,0,0,0
2022-12-17,AST-4055,Screw Compressor,DHR-03,0,0,0,0,0,0,0,0,0,0,0
2022-12-18,AST-4055,Screw Compressor,DHR-03,0,0,0,0,0,0,0,0,0,0,0
2022-12-19,AST-4055,Screw Compressor,DHR-03,1,4,0,5,12,1,1,1,1,0,0
2022-12-20,AST-4055,Screw Compressor,DHR-03,3,1,0,4,14,1,1,1,1,1,1
2022-12-21,AST-4055,Screw Compressor,DHR-03,3,1,1,5,15,1,1,1,1,1,1
2022-12-22,AST-4055,Screw Compressor,DHR-03,3,0,0,3,12,1,1,1,1,0,0
2022-12-23,AST-4055,Screw Compressor,DHR-03,3,3,0,6,18,1,1,1,1,1,1
2022-12-24,AST-4055,Screw Compressor,DHR-03,0,0,0,0,0,0,0,0,0,0,0
2022-12-25,AST-4055,Screw Compressor,DHR-03,0,0,0,0,0,0,0,0,0,0,0
2022-12-26,AST-4055,Screw Compressor,DHR-03,1,1,1,3,7,1,0,0,0,0,0
2022-12-27,AST-4055,Screw Compressor,DHR-03,0,2,0,2,4,0,0,0,0,0,0
2022-12-28,AST-4055,Screw Compressor,DHR-03,1,1,0,2,6,0,0,0,0,0,0
2022-12-29,AST-4055,Screw Compressor,DHR-03,3,1,3,7,17,1,1,1,1,1,1
2022-12-30,AST-4055,Screw Compressor,DHR-03,2,3,1,6,15,1,1,1,1,1,1
2022-12-31,AST-4055,Screw Compressor,DHR-03,0,0,0,0,0,0,0,0,0,0,0
2023-01-01,AST-4055,Screw Compressor,DHR-03,0,0,0,0,0,0,0,0,0,0,0
2023-01-02,AST-4055,Screw Compressor,DHR-03,2,3,1,6,15,1,1,1,1,1,1
2023-01-03,AST-4055,Screw Compressor,DHR-03,1,2,0,3,8,1,0,0,0,0,0
2023-01-04,AST-4055,Screw Compressor,DHR-03,1,1,2,4,8,1,0,0,0,0,0
2023-01-05,AST-4055,Screw Compressor,DHR-03,1,2,1,4,9,1,0,0,0,0,0
2023-01-06,AST-4055,Screw Compressor,DHR-03,3,1,1,5,15,1,1,1,1,1,1
2023-01-07,AST-4055,Screw Compressor,DHR-03,0,0,0,0,0,0,0,0,0,0,0
2023-01-08,AST-4055,Screw Compressor,DHR-03,0,0,0,0,0,0,0,0,0,0,0
2023-01-09,AST-4055,Screw Compressor,DHR-03,0,1,0,1,2,0,0,0,0,0,0
2023-01-10,AST-4055,Screw Compressor,DHR-03,1,3,0,4,10,1,1,0,0,0,0
2023-01-11,AST-4055,Screw Compressor,DHR-03,0,1,1,2,3,0,0,0,0,0,0
2023-01-12,AST-4055,Screw Compressor,DHR-03,4,1,0,5,18,1,1,1,1,1,1
2023-01-13,AST-4055,Screw Compressor,DHR-03,1,1,0,2,6,0,0,0,0,0,0
2023-01-14,AST-4055,Screw Compressor,DHR-03,0,0,0,0,0,0,0,0,0,0,0
2023-01-15,AST-4055,Screw Compressor,DHR-03,0,0,0,0,0,0,0,0,0,0,0
2023-01-16,AST-4055,Screw Compressor,DHR-03,1,1,0,2,6,0,0,0,0,0,0
2023-01-17,AST-4055,Screw Compressor,DHR-03,0,1,1,2,3,0,0,0,0,0,0
2023-01-18,AST-4055,Screw Compressor,DHR-03,2,0,0,2,8,1,0,0,0,0,0
2023-01-19,AST-4055,Screw Compressor,DHR-03,0,2,1,3,5,0,0,0,0,0,0
2023-01-20,AST-4055,Screw Compressor,DHR-03,1,2,0,3,8,1,0,0,0,0,0
2023-01-21,AST-4055,Screw Compressor,DHR-03,0,0,0,0,0,0,0,0,0,0,0
2023-01-22,AST-4055,Screw Compressor,DHR-03,0,0,0,0,0,0,0,0,0,0,0
2023-01-23,AST-4055,Screw Compressor,DHR-03,1,0,2,3,6,0,0,0,0,0,0
2023-01-24,AST-4055,Screw Compressor,DHR-03,1,2,1,4,9,1,0,0,0,0,0
2023-01-25,AST-4055,Screw Compressor,DHR-03,1,4,0,5,12,1,1,1,1,0,0
2023-01-26,AST-4055,Screw Compressor,DHR-03,0,1,0,1,2,0,0,0,0,0,0
2023-01-27,AST-4055,Screw Compressor,DHR-03,2,2,1,5,13,1,1,1,1,1,0
2023-01-28,AST-4055,Screw Compressor,DHR-03,0,0,0,0,0,0,0,0,0,0,0
2023-01-29,AST-4055,Screw Compressor,DHR-03,0,0,0,0,0,0,0,0,0,0,0
2023-01-30,AST-4055,Screw Compressor,DHR-03,1,4,0,5,12,1,1,1,1,0,0
2023-01-31,AST-4055,Screw Compressor,DHR-03,0,1,2,3,4,0,0,0,0,0,0
2023-02-01,AST-4055,Screw Compressor,DHR-03,0,6,0,6,12,1,1,1,1,0,0
2023-02-02,AST-4055,Screw Compressor,DHR-03,1,1,1,3,7,1,0,0,0,0,0
2023-02-03,AST-4055,Screw Compressor,DHR-03,1,1,0,2,6,0,0,0,0,0,0
2023-02-04,AST-4055,Screw Compressor,DHR-03,0,0,0,0,0,0,0,0,0,0,0
2023-02-05,AST-4055,Screw Compressor,DHR-03,0,0,0,0,0,0,0,0,0,0,0
2023-02-06,AST-4055,Screw Compressor,DHR-03,0,2,0,2,4,0,0,0,0,0,0
2023-02-07,AST-4055,Screw Compressor,DHR-03,0,1,1,2,3,0,0,0,0,0,0
2023-02-08,AST-4055,Screw Compressor,DHR-03,2,2,0,4,12,1,1,1,1,0,0
2023-02-09,AST-4055,Screw Compressor,DHR-03,1,1,1,3,7,1,0,0,0,0,0
2023-02-10,AST-4055,Screw Compressor,DHR-03,0,1,0,1,2,0,0,0,0,0,0
2023-02-11,AST-4055,Screw Compressor,DHR-03,0,0,0,0,0,0,0,0,0,0,0
2023-02-12,AST-4055,Screw Compressor,DHR-03,0,0,0,0,0,0,0,0,0,0,0
2023-02-13,AST-4055,Screw Compressor,DHR-03,1,0,0,1,4,0,0,0,0,0,0
2023-02-14,AST-4055,Screw Compressor,DHR-03,1,0,0,1,4,0,0,0,0,0,0
2023-02-15,AST-4055,Screw Compressor,DHR-03,0,1,0,1,2,0,0,0,0,0,0
2023-02-16,AST-4055,Screw Compressor,DHR-03,2,5,1,8,19,1,1,1,1,1,1
2023-02-17,AST-4055,Screw Compressor,DHR-03,0,2,0,2,4,0,0,0,0,0,0
2023-02-18,AST-4055,Screw Compressor,DHR-03,0,0,0,0,0,0,0,0,0,0,0
2023-02-19,AST-4055,Screw Compressor,DHR-03,0,0,0,0,0,0,0,0,0,0,0
2023-02-20,AST-4055,Screw Compressor,DHR-03,1,2,1,4,9,1,0,0,0,0,0
2023-02-21,AST-4055,Screw Compressor,DHR-03,1,1,2,4,8,1,0,0,0,0,0
2023-02-22,AST-4055,Screw Compressor,DHR-03,0,0,1,1,1,0,0,0,0,0,0
2023-02-23,AST-4055,Screw Compressor,DHR-03,0,2,1,3,5,0,0,0,0,0,0
2023-02-24,AST-4055,Screw Compressor,DHR-03,2,1,1,4,11,1,1,1,0,0,0
2023-02-25,AST-4055,Screw Compressor,DHR-03,0,0,0,0,0,0,0,0,0,0,0
2023-02-26,AST-4055,Screw Compressor,DHR-03,0,0,0,0,0,0,0,0,0,0,0
2023-02-27,AST-4055,Screw Compressor,DHR-03,2,2,0,4,12,1,1,1,1,0,0
2023-02-28,AST-4055,Screw Compressor,DHR-03,2,3,1,6,15,1,1,1,1,1,1
2023-03-01,AST-4055,Screw Compressor,DHR-03,2,0,0,2,8,1,0,0,0,0,0
2023-03-02,AST-4055,Screw Compressor,DHR-03,0,3,0,3,6,0,0,0,0,0,0
2023-03-03,AST-4055,Screw Compressor,DHR-03,1,3,1,5,11,1,1,1,0,0,0
2023-03-04,AST-4055,Screw Compressor,DHR-03,0,0,0,0,0,0,0,0,0,0,0
2023-03-05,AST-4055,Screw Compressor,DHR-03,0,0,0,0,0,0,0,0,0,0,0
2023-03-06,AST-4055,Screw Compressor,DHR-03,2,0,0,2,8,1,0,0,0,0,0
2023-03-07,AST-4055,Screw Compressor,DHR-03,2,1,1,4,11,1,1,1,0,0,0
2023-03-08,AST-4055,Screw Compressor,DHR-03,2,2,0,4,12,1,1,1,1,0,0
2023-03-09,AST-4055,Screw Compressor,DHR-03,0,0,0,0,0,0,0,0,0,0,0
2023-03-10,AST-4055,Screw Compressor,DHR-03,1,1,2,4,8,1,0,0,0,0,0
2023-03-11,AST-4055,Screw Compressor,DHR-03,0,0,0,0,0,0,0,0,0,0,0
2023-03-12,AST-4055,Screw Compressor,DHR-03,0,0,0,0,0,0,0,0,0,0,0
2023-03-13,AST-4055,Screw Compressor,DHR-03,0,3,0,3,6,0,0,0,0,0,0
2023-03-14,AST-4055,Screw Compressor,DHR-03,2,1,1,4,11,1,1,1,0,0,0
2023-03-15,AST-4055,Screw Compressor,DHR-03,4,1,0,5,18,1,1,1,1,1,1
2023-03-16,AST-4055,Screw Compressor,DHR-03,2,2,0,4,12,1,1,1,1,0,0
2023-03-17,AST-4055,Screw Compressor,DHR-03,1,1,1,3,7,1,0,0,0,0,0
2023-03-18,AST-4055,Screw Compressor,DHR-03,0,0,0,0,0,0,0,0,0,0,0
2023-03-19,AST-4055,Screw Compressor,DHR-03,0,0,0,0,0,0,0,0,0,0,0
2023-03-20,AST-4055,Screw Compressor,DHR-03,0,1,0,1,2,0,0,0,0,0,0
2023-03-21,AST-4055,Screw Compressor,DHR-03,2,1,1,4,11,1,1,1,0,0,0
2023-03-22,AST-4055,Screw Compressor,DHR-03,0,3,0,3,6,0,0,0,0,0,0
2023-03-23,AST-4055,Screw Compressor,DHR-03,4,2,1,7,21,1,1,1,1,1,1
2023-03-24,AST-4055,Screw Compressor,DHR-03,0,2,1,3,5,0,0,0,0,0,0
2023-03-25,AST-4055,Screw Compressor,DHR-03,0,0,0,0,0,0,0,0,0,0,0
2023-03-26,AST-4055,Screw Compressor,DHR-03,0,0,0,0,0,0,0,0,0,0,0
2023-03-27,AST-4055,Screw Compressor,DHR-03,2,0,0,2,8,1,0,0,0,0,0
2023-03-28,AST-4055,Screw Compressor,DHR-03,1,1,1,3,7,1,0,0,0,0,0
2023-03-29,AST-4055,Screw Compressor,DHR-03,1,1,0,2,6,0,0,0,0,0,0
2023-03-30,AST-4055,Screw Compressor,DHR-03,3,1,0,4,14,1,1,1,1,1,1
2023-03-31,AST-4055,Screw Compressor,DHR-03,3,2,1,6,17,1,1,1,1,1,1
2023-04-01,AST-4055,Screw Compressor,DHR-03,0,0,0,0,0,0,0,0,0,0,0
2023-04-02,AST-4055,Screw Compressor,DHR-03,0,0,0,0,0,0,0,0,0,0,0
2023-04-03,AST-4055,Screw Compressor,DHR-03,3,2,0,5,16,1,1,1,1,1,1
2023-04-04,AST-4055,Screw Compressor,DHR-03,2,1,1,4,11,1,1,1,0,0,0
2023-04-05,AST-4055,Screw Compressor,DHR-03,3,1,0,4,14,1,1,1,1,1,1
2023-04-06,AST-4055,Screw Compressor,DHR-03,1,2,0,3,8,1,0,0,0,0,0
2023-04-07,AST-4055,Screw Compressor,DHR-03,2,1,0,3,10,1,1,0,0,0,0
2023-04-08,AST-4055,Screw Compressor,DHR-03,0,0,0,0,0,0,0,0,0,0,0
2023-04-09,AST-4055,Screw Compressor,DHR-03,0,0,0,0,0,0,0,0,0,0,0
2023-04-10,AST-4055,Screw Compressor,DHR-03,3,2,0,5,16,1,1,1,1,1,1
2023-04-11,AST-4055,Screw Compressor,DHR-03,3,1,2,6,16,1,1,1,1,1,1
2023-04-12,AST-4055,Screw Compressor,DHR-03,0,1,1,2,3,0,0,0,0,0,0
2023-04-13,AST-4055,Screw Compressor,DHR-03,1,0,1,2,5,0,0,0,0,0,0
2023-04-14,AST-4055,Screw Compressor,DHR-03,2,1,1,4,11,1,1,1,0,0,0
2023-04-15,AST-4055,Screw Compressor,DHR-03,0,0,0,0,0,0,0,0,0,0,0
2023-04-16,AST-4055,Screw Compressor,DHR-03,0,0,0,0,0,0,0,0,0,0,0
2023-04-17,AST-4055,Screw Compressor,DHR-03,1,2,0,3,8,1,0,0,0,0,0
2023-04-18,AST-4055,Screw Compressor,DHR-03,0,0,0,0,0,0,0,0,0,0,0
2023-04-19,AST-4055,Screw Compressor,DHR-03,1,2,2,5,10,1,1,0,0,0,0
2023-04-20,AST-4055,Screw Compressor,DHR-03,2,1,1,4,11,1,1,1,0,0,0
2023-04-21,AST-4055,Screw Compressor,DHR-03,0,1,0,1,2,0,0,0,0,0,0
2023-04-22,AST-4055,Screw Compressor,DHR-03,0,0,0,0,0,0,0,0,0,0,0
2023-04-23,AST-4055,Screw Compressor,DHR-03,0,0,0,0,0,0,0,0,0,0,0
2023-04-24,AST-4055,Screw Compressor,DHR-03,1,0,0,1,4,0,0,0,0,0,0
2023-04-25,AST-4055,Screw Compressor,DHR-03,1,0,2,3,6,0,0,0,0,0,0
2023-04-26,AST-4055,Screw Compressor,DHR-03,1,3,0,4,10,1,1,0,0,0,0
2023-04-27,AST-4055,Screw Compressor,DHR-03,3,1,1,5,15,1,1,1,1,1,1
2023-04-28,AST-4055,Screw Compressor,DHR-03,1,1,0,2,6,0,0,0,0,0,0
2023-04-29,AST-4055,Screw Compressor,DHR-03,0,0,0,0,0,0,0,0,0,0,0
2023-04-30,AST-4055,Screw Compressor,DHR-03,0,0,0,0,0,0,0,0,0,0,0
2023-05-01,AST-4055,Screw Compressor,DHR-03,2,1,0,3,10,1,1,0,0,0,0
2023-05-02,AST-4055,Screw Compressor,DHR-03,1,3,1,5,11,1,1,1,0,0,0
2023-05-03,AST-4055,Screw Compressor,DHR-03,1,1,0,2,6,0,0,0,0,0,0
2023-05-04,AST-4055,Screw Compressor,DHR-03,1,1,0,2,6,0,0,0,0,0,0
2023-05-05,AST-4055,Screw Compressor,DHR-03,1,3,1,5,11,1,1,1,0,0,0
2023-05-06,AST-4055,Screw Compressor,DHR-03,0,0,0,0,0,0,0,0,0,0,0
2023-05-07,AST-4055,Screw Compressor,DHR-03,0,0,0,0,0,0,0,0,0,0,0
2023-05-08,AST-4055,Screw Compressor,DHR-03,1,0,0,1,4,0,0,0,0,0,0
2023-05-09,AST-4055,Screw Compressor,DHR-03,0,1,0,1,2,0,0,0,0,0,0
2023-05-10,AST-4055,Screw Compressor,DHR-03,0,1,0,1,2,0,0,0,0,0,0
2023-05-11,AST-4055,Screw Compressor,DHR-03,1,0,2,3,6,0,0,0,0,0,0
2023-05-12,AST-4055,Screw Compressor,DHR-03,1,4,0,5,12,1,1,1,1,0,0
2023-05-13,AST-4055,Screw Compressor,DHR-03,0,0,0,0,0,0,0,0,0,0,0
2023-05-14,AST-4055,Screw Compressor,DHR-03,0,0,0,0,0,0,0,0,0,0,0
2023-05-15,AST-4055,Screw Compressor,DHR-03,1,3,0,4,10,1,1,0,0,0,0
2023-05-16,AST-4055,Screw Compressor,DHR-03,2,2,0,4,12,1,1,1,1,0,0
2023-05-17,AST-4055,Screw Compressor,DHR-03,1,2,0,3,8,1,0,0,0,0,0
2023-05-18,AST-4055,Screw Compressor,DHR-03,0,1,0,1,2,0,0,0,0,0,0
2023-05-19,AST-4055,Screw Compressor,DHR-03,1,1,1,3,7,1,0,0,0,0,0
2023-05-20,AST-4055,Screw Compressor,DHR-03,0,0,0,0,0,0,0,0,0,0,0
2023-05-21,AST-4055,Screw Compressor,DHR-03,0,0,0,0,0,0,0,0,0,0,0
2023-05-22,AST-4055,Screw Compressor,DHR-03,2,0,0,2,8,1,0,0,0,0,0
2023-05-23,AST-4055,Screw Compressor,DHR-03,2,3,1,6,15,1,1,1,1,1,1
2023-05-24,AST-4055,Screw Compressor,DHR-03,0,3,0,3,6,0,0,0,0,0,0
2023-05-25,AST-4055,Screw Compressor,DHR-03,1,1,0,2,6,0,0,0,0,0,0
2023-05-26,AST-4055,Screw Compressor,DHR-03,3,2,0,5,16,1,1,1,1,1,1
2023-05-27,AST-4055,Screw Compressor,DHR-03,0,0,0,0,0,0,0,0,0,0,0
2023-05-28,AST-4055,Screw Compressor,DHR-03,0,0,0,0,0,0,0,0,0,0,0
2023-05-29,AST-4055,Screw Compressor,DHR-03,1,1,1,3,7,1,0,0,0,0,0
2023-05-30,AST-4055,Screw Compressor,DHR-03,3,0,0,3,12,1,1,1,1,0,0
2023-05-31,AST-4055,Screw Compressor,DHR-03,2,1,1,4,11,1,1,1,0,0,0
2023-06-01,AST-4055,Screw Compressor,DHR-03,2,4,0,6,16,1,1,1,1,1,1
2023-06-02,AST-4055,Screw Compressor,DHR-03,2,1,0,3,10,1,1,0,0,0,0
2023-06-03,AST-4055,Screw Compressor,DHR-03,0,0,0,0,0,0,0,0,0,0,0
2023-06-04,AST-4055,Screw Compressor,DHR-03,0,0,0,0,0,0,0,0,0,0,0
2023-06-05,AST-4055,Screw Compressor,DHR-03,2,1,0,3,10,1,1,0,0,0,0
2023-06-06,AST-4055,Screw Compressor,DHR-03,0,3,1,4,7,1,0,0,0,0,0
2023-06-07,AST-4055,Screw Compressor,DHR-03,1,0,0,1,4,0,0,0,0,0,0
2023-06-08,AST-4055,Screw Compressor,DHR-03,3,2,0,5,16,1,1,1,1,1,1
2023-06-09,AST-4055,Screw Compressor,DHR-03,2,4,0,6,16,1,1,1,1,1,1
2023-06-10,AST-4055,Screw Compressor,DHR-03,0,0,0,0,0,0,0,0,0,0,0
2023-06-11,AST-4055,Screw Compressor,DHR-03,0,0,0,0,0,0,0,0,0,0,0
2023-06-12,AST-4055,Screw Compressor,DHR-03,2,2,0,4,12,1,1,1,1,0,0
2023-06-13,AST-4055,Screw Compressor,DHR-03,1,2,0,3,8,1,0,0,0,0,0
2023-06-14,AST-4055,Screw Compressor,DHR-03,2,2,1,5,13,1,1,1,1,1,0
2023-06-15,AST-4055,Screw Compressor,DHR-03,1,1,1,3,7,1,0,0,0,0,0
2023-06-16,AST-4055,Screw Compressor,DHR-03,2,4,0,6,16,1,1,1,1,1,1
2023-06-17,AST-4055,Screw Compressor,DHR-03,0,0,0,0,0,0,0,0,0,0,0
2023-06-18,AST-4055,Screw Compressor,DHR-03,0,0,0,0,0,0,0,0,0,0,0
2023-06-19,AST-4055,Screw Compressor,DHR-03,1,0,2,3,6,0,0,0,0,0,0
2023-06-20,AST-4055,Screw Compressor,DHR-03,1,0,0,1,4,0,0,0,0,0,0
2023-06-21,AST-4055,Screw Compressor,DHR-03,1,2,1,4,9,1,0,0,0,0,0
2023-06-22,AST-4055,Screw Compressor,DHR-03,3,1,2,6,16,1,1,1,1,1,1
2023-06-23,AST-4055,Screw Compressor,DHR-03,2,3,2,7,16,1,1,1,1,1,1
2023-06-24,AST-4055,Screw Compressor,DHR-03,0,0,0,0,0,0,0,0,0,0,0
2023-06-25,AST-4055,Screw Compressor,DHR-03,0,0,0,0,0,0,0,0,0,0,0
2023-06-26,AST-4055,Screw Compressor,DHR-03,3,1,2,6,16,1,1,1,1,1,1
2023-06-27,AST-4055,Screw Compressor,DHR-03,1,0,0,1,4,0,0,0,0,0,0
2023-06-28,AST-4055,Screw Compressor,DHR-03,1,3,0,4,10,1,1,0,0,0,0
2023-06-29,AST-4055,Screw Compressor,DHR-03,3,2,0,5,16,1,1,1,1,1,1
2023-06-30,AST-4055,Screw Compressor,DHR-03,2,3,0,5,14,1,1,1,1,1,1
2023-07-01,AST-4055,Screw Compressor,DHR-03,0,0,0,0,0,0,0,0,0,0,0
2023-07-02,AST-4055,Screw Compressor,DHR-03,0,0,0,0,0,0,0,0,0,0,0
2023-07-03,AST-4055,Screw Compressor,DHR-03,1,0,0,1,4,0,0,0,0,0,0
2023-07-04,AST-4055,Screw Compressor,DHR-03,1,0,0,1,4,0,0,0,0,0,0
2023-07-05,AST-4055,Screw Compressor,DHR-03,0,1,0,1,2,0,0,0,0,0,0
2023-07-06,AST-4055,Screw Compressor,DHR-03,3,2,0,5,16,1,1,1,1,1,1
2023-07-07,AST-4055,Screw Compressor,DHR-03,2,2,1,5,13,1,1,1,1,1,0
2023-07-08,AST-4055,Screw Compressor,DHR-03,0,0,0,0,0,0,0,0,0,0,0
2023-07-09,AST-4055,Screw Compressor,DHR-03,0,0,0,0,0,0,0,0,0,0,0
2023-07-10,AST-4055,Screw Compressor,DHR-03,3,0,2,5,14,1,1,1,1,1,1
2023-07-11,AST-4055,Screw Compressor,DHR-03,1,1,1,3,7,1,0,0,0,0,0
2023-07-12,AST-4055,Screw Compressor,DHR-03,1,3,0,4,10,1,1,0,0,0,0
2023-07-13,AST-4055,Screw Compressor,DHR-03,0,2,0,2,4,0,0,0,0,0,0
2023-07-14,AST-4055,Screw Compressor,DHR-03,0,1,0,1,2,0,0,0,0,0,0
2023-07-15,AST-4055,Screw Compressor,DHR-03,0,0,0,0,0,0,0,0,0,0,0
2023-07-16,AST-4055,Screw Compressor,DHR-03,0,0,0,0,0,0,0,0,0,0,0
2023-07-17,AST-4055,Screw Compressor,DHR-03,1,1,1,3,7,1,0,0,0,0,0
2023-07-18,AST-4055,Screw Compressor,DHR-03,0,0,2,2,2,0,0,0,0,0,0
2023-07-19,AST-4055,Screw Compressor,DHR-03,1,0,0,1,4,0,0,0,0,0,0
2023-07-20,AST-4055,Screw Compressor,DHR-03,1,1,1,3,7,1,0,0,0,0,0
2023-07-21,AST-4055,Screw Compressor,DHR-03,4,1,0,5,18,1,1,1,1,1,1
2023-07-22,AST-4055,Screw Compressor,DHR-03,0,0,0,0,0,0,0,0,0,0,0
2023-07-23,AST-4055,Screw Compressor,DHR-03,0,0,0,0,0,0,0,0,0,0,0
2023-07-24,AST-4055,Screw Compressor,DHR-03,2,2,1,5,13,1,1,1,1,1,0
2023-07-25,AST-4055,Screw Compressor,DHR-03,1,1,0,2,6,0,0,0,0,0,0
2023-07-26,AST-4055,Screw Compressor,DHR-03,2,0,1,3,9,1,0,0,0,0,0
2023-07-27,AST-4055,Screw Compressor,DHR-03,0,1,0,1,2,0,0,0,0,0,0
2023-07-28,AST-4055,Screw Compressor,DHR-03,0,1,1,2,3,0,0,0,0,0,0
2023-07-29,AST-4055,Screw Compressor,DHR-03,0,0,0,0,0,0,0,0,0,0,0
2023-07-30,AST-4055,Screw Compressor,DHR-03,0,0,0,0,0,0,0,0,0,0,0
2023-07-31,AST-4055,Screw Compressor,DHR-03,0,2,0,2,4,0,0,0,0,0,0
2023-08-01,AST-4055,Screw Compressor,DHR-03,3,0,0,3,12,1,1,1,1,0,0
2023-08-02,AST-4055,Screw Compressor,DHR-03,1,1,2,4,8,1,0,0,0,0,0
2023-08-03,AST-4055,Screw Compressor,DHR-03,2,2,0,4,12,1,1,1,1,0,0
2023-08-04,AST-4055,Screw Compressor,DHR-03,3,3,1,7,19,1,1,1,1,1,1
2023-08-05,AST-4055,Screw Compressor,DHR-03,0,0,0,0,0,0,0,0,0,0,0
2023-08-06,AST-4055,Screw Compressor,DHR-03,0,0,0,0,0,0,0,0,0,0,0
2023-08-07,AST-4055,Screw Compressor,DHR-03,2,0,0,2,8,1,0,0,0,0,0
2023-08-08,AST-4055,Screw Compressor,DHR-03,1,1,0,2,6,0,0,0,0,0,0
2023-08-09,AST-4055,Screw Compressor,DHR-03,1,2,0,3,8,1,0,0,0,0,0
2023-08-10,AST-4055,Screw Compressor,DHR-03,1,4,0,5,12,1,1,1,1,0,0
2023-08-11,AST-4055,Screw Compressor,DHR-03,0,1,0,1,2,0,0,0,0,0,0
2023-08-12,AST-4055,Screw Compressor,DHR-03,0,0,0,0,0,0,0,0,0,0,0
2023-08-13,AST-4055,Screw Compressor,DHR-03,0,0,0,0,0,0,0,0,0,0,0
2023-08-14,AST-4055,Screw Compressor,DHR-03,0,0,1,1,1,0,0,0,0,0,0
2023-08-15,AST-4055,Screw Compressor,DHR-03,2,3,0,5,14,1,1,1,1,1,1
2023-08-16,AST-4055,Screw Compressor,DHR-03,2,1,1,4,11,1,1,1,0,0,0
2023-08-17,AST-4055,Screw Compressor,DHR-03,1,4,1,6,13,1,1,1,1,1,0
2023-08-18,AST-4055,Screw Compressor,DHR-03,0,2,0,2,4,0,0,0,0,0,0
2023-08-19,AST-4055,Screw Compressor,DHR-03,0,0,0,0,0,0,0,0,0,0,0
2023-08-20,AST-4055,Screw Compressor,DHR-03,0,0,0,0,0,0,0,0,0,0,0
2023-08-21,AST-4055,Screw Compressor,DHR-03,1,2,1,4,9,1,0,0,0,0,0
2023-08-22,AST-4055,Screw Compressor,DHR-03,3,3,1,7,19,1,1,1,1,1,1
2023-08-23,AST-4055,Screw Compressor,DHR-03,2,2,0,4,12,1,1,1,1,0,0
2023-08-24,AST-4055,Screw Compressor,DHR-03,2,3,2,7,16,1,1,1,1,1,1
2023-08-25,AST-4055,Screw Compressor,DHR-03,1,1,0,2,6,0,0,0,0,0,0
2023-08-26,AST-4055,Screw Compressor,DHR-03,0,0,0,0,0,0,0,0,0,0,0
2023-08-27,AST-4055,Screw Compressor,DHR-03,0,0,0,0,0,0,0,0,0,0,0
2023-08-28,AST-4055,Screw Compressor,DHR-03,3,1,0,4,14,1,1,1,1,1,1
2023-08-29,AST-4055,Screw Compressor,DHR-03,2,2,1,5,13,1,1,1,1,1,0
2023-08-30,AST-4055,Screw Compressor,DHR-03,0,1,0,1,2,0,0,0,0,0,0
2023-08-31,AST-4055,Screw Compressor,DHR-03,1,1,1,3,7,1,0,0,0,0,0
2023-09-01,AST-4055,Screw Compressor,DHR-03,1,1,0,2,6,0,0,0,0,0,0
2023-09-02,AST-4055,Screw Compressor,DHR-03,0,0,0,0,0,0,0,0,0,0,0
2023-09-03,AST-4055,Screw Compressor,DHR-03,0,0,0,0,0,0,0,0,0,0,0
2023-09-04,AST-4055,Screw Compressor,DHR-03,2,0,1,3,9,1,0,0,0,0,0
2023-09-05,AST-4055,Screw Compressor,DHR-03,2,2,0,4,12,1,1,1,1,0,0
2023-09-06,AST-4055,Screw Compressor,DHR-03,1,2,1,4,9,1,0,0,0,0,0
2023-09-07,AST-4055,Screw Compressor,DHR-03,2,2,0,4,12,1,1,1,1,0,0
2023-09-08,AST-4055,Screw Compressor,DHR-03,1,4,1,6,13,1,1,1,1,1,0
2023-09-09,AST-4055,Screw Compressor,DHR-03,0,0,0,0,0,0,0,0,0,0,0
2023-09-10,AST-4055,Screw Compressor,DHR-03,0,0,0,0,0,0,0,0,0,0,0
2023-09-11,AST-4055,Screw Compressor,DHR-03,1,1,0,2,6,0,0,0,0,0,0
2023-09-12,AST-4055,Screw Compressor,DHR-03,1,0,1,2,5,0,0,0,0,0,0
2023-09-13,AST-4055,Screw Compressor,DHR-03,1,1,0,2,6,0,0,0,0,0,0
2023-09-14,AST-4055,Screw Compressor,DHR-03,4,1,1,6,19,1,1,1,1,1,1
2023-09-15,AST-4055,Screw Compressor,DHR-03,2,1,0,3,10,1,1,0,0,0,0
2023-09-16,AST-4055,Screw Compressor,DHR-03,0,0,0,0,0,0,0,0,0,0,0
2023-09-17,AST-4055,Screw Compressor,DHR-03,0,0,0,0,0,0,0,0,0,0,0
2023-09-18,AST-4055,Screw Compressor,DHR-03,1,0,0,1,4,0,0,0,0,0,0
2023-09-19,AST-4055,Screw Compressor,DHR-03,1,2,1,4,9,1,0,0,0,0,0
2023-09-20,AST-4055,Screw Compressor,DHR-03,0,0,0,0,0,0,0,0,0,0,0
2023-09-21,AST-4055,Screw Compressor,DHR-03,0,0,0,0,0,0,0,0,0,0,0
2023-09-22,AST-4055,Screw Compressor,DHR-03,1,1,1,3,7,1,0,0,0,0,0
2023-09-23,AST-4055,Screw Compressor,DHR-03,0,0,0,0,0,0,0,0,0,0,0
2023-09-24,AST-4055,Screw Compressor,DHR-03,0,0,0,0,0,0,0,0,0,0,0
2023-09-25,AST-4055,Screw Compressor,DHR-03,0,1,0,1,2,0,0,0,0,0,0
2023-09-26,AST-4055,Screw Compressor,DHR-03,0,1,1,2,3,0,0,0,0,0,0
2023-09-27,AST-4055,Screw Compressor,DHR-03,1,1,0,2,6,0,0,0,0,0,0
2023-09-28,AST-4055,Screw Compressor,DHR-03,2,0,1,3,9,1,0,0,0,0,0
2023-09-29,AST-4055,Screw Compressor,DHR-03,1,1,0,2,6,0,0,0,0,0,0
2023-09-30,AST-4055,Screw Compressor,DHR-03,0,0,0,0,0,0,0,0,0,0,0
2023-10-01,AST-4055,Screw Compressor,DHR-03,0,0,0,0,0,0,0,0,0,0,0
2023-10-02,AST-4055,Screw Compressor,DHR-03,0,3,0,3,6,0,0,0,0,0,0
2023-10-03,AST-4055,Screw Compressor,DHR-03,2,1,1,4,11,1,1,1,0,0,0
2023-10-04,AST-4055,Screw Compressor,DHR-03,1,4,0,5,12,1,1,1,1,0,0
2023-10-05,AST-4055,Screw Compressor,DHR-03,2,1,1,4,11,1,1,1,0,0,0
2023-10-06,AST-4055,Screw Compressor,DHR-03,1,1,1,3,7,1,0,0,0,0,0
2023-10-07,AST-4055,Screw Compressor,DHR-03,0,0,0,0,0,0,0,0,0,0,0
2023-10-08,AST-4055,Screw Compressor,DHR-03,0,0,0,0,0,0,0,0,0,0,0
2023-10-09,AST-4055,Screw Compressor,DHR-03,1,2,1,4,9,1,0,0,0,0,0
2023-10-10,AST-4055,Screw Compressor,DHR-03,1,1,0,2,6,0,0,0,0,0,0
2023-10-11,AST-4055,Screw Compressor,DHR-03,0,3,0,3,6,0,0,0,0,0,0
2023-10-12,AST-4055,Screw Compressor,DHR-03,0,0,0,0,0,0,0,0,0,0,0
2023-10-13,AST-4055,Screw Compressor,DHR-03,4,1,2,7,20,1,1,1,1,1,1
2023-10-14,AST-4055,Screw Compressor,DHR-03,0,0,0,0,0,0,0,0,0,0,0
2023-10-15,AST-4055,Screw Compressor,DHR-03,0,0,0,0,0,0,0,0,0,0,0
2023-10-16,AST-4055,Screw Compressor,DHR-03,2,1,1,4,11,1,1,1,0,0,0
2023-10-17,AST-4055,Screw Compressor,DHR-03,1,2,0,3,8,1,0,0,0,0,0
2023-10-18,AST-4055,Screw Compressor,DHR-03,0,0,1,1,1,0,0,0,0,0,0
2023-10-19,AST-4055,Screw Compressor,DHR-03,2,0,1,3,9,1,0,0,0,0,0
2023-10-20,AST-4055,Screw Compressor,DHR-03,2,0,0,2,8,1,0,0,0,0,0
2023-10-21,AST-4055,Screw Compressor,DHR-03,0,0,0,0,0,0,0,0,0,0,0
2023-10-22,AST-4055,Screw Compressor,DHR-03,0,0,0,0,0,0,0,0,0,0,0
2023-10-23,AST-4055,Screw Compressor,DHR-03,2,3,1,6,15,1,1,1,1,1,1
2023-10-24,AST-4055,Screw Compressor,DHR-03,1,2,0,3,8,1,0,0,0,0,0
2023-10-25,AST-4055,Screw Compressor,DHR-03,2,0,0,2,8,1,0,0,0,0,0
2023-10-26,AST-4055,Screw Compressor,DHR-03,1,1,0,2,6,0,0,0,0,0,0
2023-10-27,AST-4055,Screw Compressor,DHR-03,1,0,0,1,4,0,0,0,0,0,0
2023-10-28,AST-4055,Screw Compressor,DHR-03,0,0,0,0,0,0,0,0,0,0,0
2023-10-29,AST-4055,Screw Compressor,DHR-03,0,0,0,0,0,0,0,0,0,0,0
2023-10-30,AST-4055,Screw Compressor,DHR-03,2,2,1,5,13,1,1,1,1,1,0
2023-10-31,AST-4055,Screw Compressor,DHR-03,1,0,0,1,4,0,0,0,0,0,0
2023-11-01,AST-4055,Screw Compressor,DHR-03,0,1,0,1,2,0,0,0,0,0,0
2023-11-02,AST-4055,Screw Compressor,DHR-03,3,1,0,4,14,1,1,1,1,1,1
2023-11-03,AST-4055,Screw Compressor,DHR-03,1,0,0,1,4,0,0,0,0,0,0
2023-11-04,AST-4055,Screw Compressor,DHR-03,0,0,0,0,0,0,0,0,0,0,0
2023-11-05,AST-4055,Screw Compressor,DHR-03,0,0,0,0,0,0,0,0,0,0,0
2023-11-06,AST-4055,Screw Compressor,DHR-03,0,1,1,2,3,0,0,0,0,0,0
2023-11-07,AST-4055,Screw Compressor,DHR-03,0,2,0,2,4,0,0,0,0,0,0
2023-11-08,AST-4055,Screw Compressor,DHR-03,1,1,0,2,6,0,0,0,0,0,0
2023-11-09,AST-4055,Screw Compressor,DHR-03,1,3,1,5,11,1,1,1,0,0,0
2023-11-10,AST-4055,Screw Compressor,DHR-03,1,2,0,3,8,1,0,0,0,0,0
2023-11-11,AST-4055,Screw Compressor,DHR-03,0,0,0,0,0,0,0,0,0,0,0
2023-11-12,AST-4055,Screw Compressor,DHR-03,0,0,0,0,0,0,0,0,0,0,0
2023-11-13,AST-4055,Screw Compressor,DHR-03,1,1,1,3,7,1,0,0,0,0,0
2023-11-14,AST-4055,Screw Compressor,DHR-03,1,0,1,2,5,0,0,0,0,0,0
2023-11-15,AST-4055,Screw Compressor,DHR-03,1,1,1,3,7,1,0,0,0,0,0
2023-11-16,AST-4055,Screw Compressor,DHR-03,0,2,0,2,4,0,0,0,0,0,0
2023-11-17,AST-4055,Screw Compressor,DHR-03,2,0,0,2,8,1,0,0,0,0,0
2023-11-18,AST-4055,Screw Compressor,DHR-03,0,0,0,0,0,0,0,0,0,0,0
2023-11-19,AST-4055,Screw Compressor,DHR-03,0,0,0,0,0,0,0,0,0,0,0
2023-11-20,AST-4055,Screw Compressor,DHR-03,1,4,1,6,13,1,1,1,1,1,0
2023-11-21,AST-4055,Screw Compressor,DHR-03,1,0,1,2,5,0,0,0,0,0,0
2023-11-22,AST-4055,Screw Compressor,DHR-03,0,0,0,0,0,0,0,0,0,0,0
2023-11-23,AST-4055,Screw Compressor,DHR-03,1,3,0,4,10,1,1,0,0,0,0
2023-11-24,AST-4055,Screw Compressor,DHR-03,1,0,1,2,5,0,0,0,0,0,0
2023-11-25,AST-4055,Screw Compressor,DHR-03,0,0,0,0,0,0,0,0,0,0,0
2023-11-26,AST-4055,Screw Compressor,DHR-03,0,0,0,0,0,0,0,0,0,0,0
2023-11-27,AST-4055,Screw Compressor,DHR-03,1,3,0,4,10,1,1,0,0,0,0
2023-11-28,AST-4055,Screw Compressor,DHR-03,1,1,0,2,6,0,0,0,0,0,0
2023-11-29,AST-4055,Screw Compressor,DHR-03,2,1,0,3,10,1,1,0,0,0,0
2023-11-30,AST-4055,Screw Compressor,DHR-03,3,4,0,7,20,1,1,1,1,1,1
2023-12-01,AST-4055,Screw Compressor,DHR-03,1,3,1,5,11,1,1,1,0,0,0
2023-12-02,AST-4055,Screw Compressor,DHR-03,0,0,0,0,0,0,0,0,0,0,0
2023-12-03,AST-4055,Screw Compressor,DHR-03,0,0,0,0,0,0,0,0,0,0,0
2023-12-04,AST-4055,Screw Compressor,DHR-03,1,3,3,7,13,1,1,1,1,1,0
2023-12-05,AST-4055,Screw Compressor,DHR-03,1,0,1,2,5,0,0,0,0,0,0
2023-12-06,AST-4055,Screw Compressor,DHR-03,1,4,2,7,14,1,1,1,1,1,1
2023-12-07,AST-4055,Screw Compressor,DHR-03,2,1,1,4,11,1,1,1,0,0,0
2023-12-08,AST-4055,Screw Compressor,DHR-03,2,1,0,3,10,1,1,0,0,0,0
2023-12-09,AST-4055,Screw Compressor,DHR-03,0,0,0,0,0,0,0,0,0,0,0
2023-12-10,AST-4055,Screw Compressor,DHR-03,0,0,0,0,0,0,0,0,0,0,0
2023-12-11,AST-4055,Screw Compressor,DHR-03,1,1,1,3,7,1,0,0,0,0,0
2023-12-12,AST-4055,Screw Compressor,DHR-03,2,2,0,4,12,1,1,1,1,0,0
2023-12-13,AST-4055,Screw Compressor,DHR-03,1,0,0,1,4,0,0,0,0,0,0
2023-12-14,AST-4055,Screw Compressor,DHR-03,0,1,0,1,2,0,0,0,0,0,0
2023-12-15,AST-4055,Screw Compressor,DHR-03,1,1,0,2,6,0,0,0,0,0,0
2023-12-16,AST-4055,Screw Compressor,DHR-03,0,0,0,0,0,0,0,0,0,0,0
2023-12-17,AST-4055,Screw Compressor,DHR-03,0,0,0,0,0,0,0,0,0,0,0
2023-12-18,AST-4055,Screw Compressor,DHR-03,1,2,0,3,8,1,0,0,0,0,0
2023-12-19,AST-4055,Screw Compressor,DHR-03,2,0,2,4,10,1,1,0,0,0,0
2023-12-20,AST-4055,Screw Compressor,DHR-03,1,1,1,3,7,1,0,0,0,0,0
2023-12-21,AST-4055,Screw Compressor,DHR-03,0,2,0,2,4,0,0,0,0,0,0
2023-12-22,AST-4055,Screw Compressor,DHR-03,2,1,1,4,11,1,1,1,0,0,0
2023-12-23,AST-4055,Screw Compressor,DHR-03,0,0,0,0,0,0,0,0,0,0,0
2023-12-24,AST-4055,Screw Compressor,DHR-03,0,0,0,0,0,0,0,0,0,0,0
2023-12-25,AST-4055,Screw Compressor,DHR-03,3,2,0,5,16,1,1,1,1,1,1
2023-12-26,AST-4055,Screw Compressor,DHR-03,0,2,1,3,5,0,0,0,0,0,0
2023-12-27,AST-4055,Screw Compressor,DHR-03,0,3,0,3,6,0,0,0,0,0,0
2023-12-28,AST-4055,Screw Compressor,DHR-03,1,1,1,3,7,1,0,0,0,0,0
2023-12-29,AST-4055,Screw Compressor,DHR-03,3,1,0,4,14,1,1,1,1,1,1
2023-12-30,AST-4055,Screw Compressor,DHR-03,0,0,0,0,0,0,0,0,0,0,0
2023-12-31,AST-4055,Screw Compressor,DHR-03,0,0,0,0,0,0,0,0,0,0,0
2024-01-01,AST-4055,Screw Compressor,DHR-03,2,1,0,3,10,1,1,0,0,0,0
2024-01-02,AST-4055,Screw Compressor,DHR-03,2,1,1,4,11,1,1,1,0,0,0
2024-01-03,AST-4055,Screw Compressor,DHR-03,1,1,0,2,6,0,0,0,0,0,0
2024-01-04,AST-4055,Screw Compressor,DHR-03,1,2,3,6,11,1,1,1,0,0,0
2024-01-05,AST-4055,Screw Compressor,DHR-03,2,2,0,4,12,1,1,1,1,0,0
2024-01-06,AST-4055,Screw Compressor,DHR-03,0,0,0,0,0,0,0,0,0,0,0
2024-01-07,AST-4055,Screw Compressor,DHR-03,0,0,0,0,0,0,0,0,0,0,0
2024-01-08,AST-4055,Screw Compressor,DHR-03,1,4,1,6,13,1,1,1,1,1,0
2024-01-09,AST-4055,Screw Compressor,DHR-03,0,1,1,2,3,0,0,0,0,0,0
2024-01-10,AST-4055,Screw Compressor,DHR-03,3,1,0,4,14,1,1,1,1,1,1
2024-01-11,AST-4055,Screw Compressor,DHR-03,2,3,0,5,14,1,1,1,1,1,1
2024-01-12,AST-4055,Screw Compressor,DHR-03,2,1,0,3,10,1,1,0,0,0,0
2024-01-13,AST-4055,Screw Compressor,DHR-03,0,0,0,0,0,0,0,0,0,0,0
2024-01-14,AST-4055,Screw Compressor,DHR-03,0,0,0,0,0,0,0,0,0,0,0
2024-01-15,AST-4055,Screw Compressor,DHR-03,2,4,1,7,17,1,1,1,1,1,1
2024-01-16,AST-4055,Screw Compressor,DHR-03,1,0,0,1,4,0,0,0,0,0,0
2024-01-17,AST-4055,Screw Compressor,DHR-03,1,1,1,3,7,1,0,0,0,0,0
2024-01-18,AST-4055,Screw Compressor,DHR-03,0,2,1,3,5,0,0,0,0,0,0
2024-01-19,AST-4055,Screw Compressor,DHR-03,4,2,0,6,20,1,1,1,1,1,1
2024-01-20,AST-4055,Screw Compressor,DHR-03,0,0,0,0,0,0,0,0,0,0,0
2024-01-21,AST-4055,Screw Compressor,DHR-03,0,0,0,0,0,0,0,0,0,0,0
2024-01-22,AST-4055,Screw Compressor,DHR-03,1,1,0,2,6,0,0,0,0,0,0
2024-01-23,AST-4055,Screw Compressor,DHR-03,3,1,0,4,14,1,1,1,1,1,1
2024-01-24,AST-4055,Screw Compressor,DHR-03,0,1,0,1,2,0,0,0,0,0,0
2024-01-25,AST-4055,Screw Compressor,DHR-03,2,2,1,5,13,1,1,1,1,1,0
2024-01-26,AST-4055,Screw Compressor,DHR-03,2,2,1,5,13,1,1,1,1,1,0
2024-01-27,AST-4055,Screw Compressor,DHR-03,0,0,0,0,0,0,0,0,0,0,0
2024-01-28,AST-4055,Screw Compressor,DHR-03,0,0,0,0,0,0,0,0,0,0,0
2024-01-29,AST-4055,Screw Compressor,DHR-03,0,1,1,2,3,0,0,0,0,0,0
2024-01-30,AST-4055,Screw Compressor,DHR-03,1,2,0,3,8,1,0,0,0,0,0
2024-01-31,AST-4055,Screw Compressor,DHR-03,3,0,1,4,13,1,1,1,1,1,0
2024-02-01,AST-4055,Screw Compressor,DHR-03,1,1,1,3,7,1,0,0,0,0,0
2024-02-02,AST-4055,Screw Compressor,DHR-03,1,1,0,2,6,0,0,0,0,0,0
2024-02-03,AST-4055,Screw Compressor,DHR-03,0,0,0,0,0,0,0,0,0,0,0
2024-02-04,AST-4055,Screw Compressor,DHR-03,0,0,0,0,0,0,0,0,0,0,0
2024-02-05,AST-4055,Screw Compressor,DHR-03,2,1,2,5,12,1,1,1,1,0,0
2024-02-06,AST-4055,Screw Compressor,DHR-03,2,2,1,5,13,1,1,1,1,1,0
2024-02-07,AST-4055,Screw Compressor,DHR-03,4,1,0,5,18,1,1,1,1,1,1
2024-02-08,AST-4055,Screw Compressor,DHR-03,2,3,0,5,14,1,1,1,1,1,1
2024-02-09,AST-4055,Screw Compressor,DHR-03,1,0,1,2,5,0,0,0,0,0,0
2024-02-10,AST-4055,Screw Compressor,DHR-03,0,0,0,0,0,0,0,0,0,0,0
2024-02-11,AST-4055,Screw Compressor,DHR-03,0,0,0,0,0,0,0,0,0,0,0
2024-02-12,AST-4055,Screw Compressor,DHR-03,1,1,0,2,6,0,0,0,0,0,0
2024-02-13,AST-4055,Screw Compressor,DHR-03,3,1,1,5,15,1,1,1,1,1,1
2024-02-14,AST-4055,Screw Compressor,DHR-03,2,1,0,3,10,1,1,0,0,0,0
2024-02-15,AST-4055,Screw Compressor,DHR-03,0,3,0,3,6,0,0,0,0,0,0
2024-02-16,AST-4055,Screw Compressor,DHR-03,1,2,1,4,9,1,0,0,0,0,0
2024-02-17,AST-4055,Screw Compressor,DHR-03,0,0,0,0,0,0,0,0,0,0,0
2024-02-18,AST-4055,Screw Compressor,DHR-03,0,0,0,0,0,0,0,0,0,0,0
2024-02-19,AST-4055,Screw Compressor,DHR-03,3,1,0,4,14,1,1,1,1,1,1
2024-02-20,AST-4055,Screw Compressor,DHR-03,1,2,3,6,11,1,1,1,0,0,0
2024-02-21,AST-4055,Screw Compressor,DHR-03,1,1,3,5,9,1,0,0,0,0,0
2024-02-22,AST-4055,Screw Compressor,DHR-03,2,0,1,3,9,1,0,0,0,0,0
2024-02-23,AST-4055,Screw Compressor,DHR-03,2,1,1,4,11,1,1,1,0,0,0
2024-02-24,AST-4055,Screw Compressor,DHR-03,0,0,0,0,0,0,0,0,0,0,0
2024-02-25,AST-4055,Screw Compressor,DHR-03,0,0,0,0,0,0,0,0,0,0,0
2024-02-26,AST-4055,Screw Compressor,DHR-03,1,0,1,2,5,0,0,0,0,0,0
2024-02-27,AST-4055,Screw Compressor,DHR-03,2,2,0,4,12,1,1,1,1,0,0
2024-02-28,AST-4055,Screw Compressor,DHR-03,0,1,1,2,3,0,0,0,0,0,0
2024-02-29,AST-4055,Screw Compressor,DHR-03,1,2,0,3,8,1,0,0,0,0,0
2024-03-01,AST-4055,Screw Compressor,DHR-03,1,1,1,3,7,1,0,0,0,0,0
2024-03-02,AST-4055,Screw Compressor,DHR-03,0,0,0,0,0,0,0,0,0,0,0
2024-03-03,AST-4055,Screw Compressor,DHR-03,0,0,0,0,0,0,0,0,0,0,0
2024-03-04,AST-4055,Screw Compressor,DHR-03,0,0,0,0,0,0,0,0,0,0,0
2024-03-05,AST-4055,Screw Compressor,DHR-03,2,3,0,5,14,1,1,1,1,1,1
2024-03-06,AST-4055,Screw Compressor,DHR-03,5,0,0,5,20,1,1,1,1,1,1
2024-03-07,AST-4055,Screw Compressor,DHR-03,1,2,1,4,9,1,0,0,0,0,0
2024-03-08,AST-4055,Screw Compressor,DHR-03,0,1,1,2,3,0,0,0,0,0,0
2024-03-09,AST-4055,Screw Compressor,DHR-03,0,0,0,0,0,0,0,0,0,0,0
2024-03-10,AST-4055,Screw Compressor,DHR-03,0,0,0,0,0,0,0,0,0,0,0
2024-03-11,AST-4055,Screw Compressor,DHR-03,3,0,0,3,12,1,1,1,1,0,0
2024-03-12,AST-4055,Screw Compressor,DHR-03,1,0,0,1,4,0,0,0,0,0,0
2024-03-13,AST-4055,Screw Compressor,DHR-03,2,2,0,4,12,1,1,1,1,0,0
2024-03-14,AST-4055,Screw Compressor,DHR-03,2,2,0,4,12,1,1,1,1,0,0
2024-03-15,AST-4055,Screw Compressor,DHR-03,3,1,0,4,14,1,1,1,1,1,1
2024-03-16,AST-4055,Screw Compressor,DHR-03,0,0,0,0,0,0,0,0,0,0,0
2024-03-17,AST-4055,Screw Compressor,DHR-03,0,0,0,0,0,0,0,0,0,0,0
2024-03-18,AST-4055,Screw Compressor,DHR-03,0,2,0,2,4,0,0,0,0,0,0
2024-03-19,AST-4055,Screw Compressor,DHR-03,0,1,1,2,3,0,0,0,0,0,0
2024-03-20,AST-4055,Screw Compressor,DHR-03,2,1,1,4,11,1,1,1,0,0,0
2024-03-21,AST-4055,Screw Compressor,DHR-03,0,1,0,1,2,0,0,0,0,0,0
2024-03-22,AST-4055,Screw Compressor,DHR-03,2,1,0,3,10,1,1,0,0,0,0
2024-03-23,AST-4055,Screw Compressor,DHR-03,0,0,0,0,0,0,0,0,0,0,0
2024-03-24,AST-4055,Screw Compressor,DHR-03,0,0,0,0,0,0,0,0,0,0,0
2024-03-25,AST-4055,Screw Compressor,DHR-03,0,1,0,1,2,0,0,0,0,0,0
2024-03-26,AST-4055,Screw Compressor,DHR-03,0,0,0,0,0,0,0,0,0,0,0
2024-03-27,AST-4055,Screw Compressor,DHR-03,0,2,2,4,6,0,0,0,0,0,0
2024-03-28,AST-4055,Screw Compressor,DHR-03,0,1,0,1,2,0,0,0,0,0,0
2024-03-29,AST-4055,Screw Compressor,DHR-03,1,1,0,2,6,0,0,0,0,0,0
2024-03-30,AST-4055,Screw Compressor,DHR-03,0,0,0,0,0,0,0,0,0,0,0
2024-03-31,AST-4055,Screw Compressor,DHR-03,0,0,0,0,0,0,0,0,0,0,0
2024-04-01,AST-4055,Screw Compressor,DHR-03,0,1,0,1,2,0,0,0,0,0,0
2024-04-02,AST-4055,Screw Compressor,DHR-03,1,1,0,2,6,0,0,0,0,0,0
2024-04-03,AST-4055,Screw Compressor,DHR-03,2,4,0,6,16,1,1,1,1,1,1
2024-04-04,AST-4055,Screw Compressor,DHR-03,0,2,0,2,4,0,0,0,0,0,0
2024-04-05,AST-4055,Screw Compressor,DHR-03,1,1,1,3,7,1,0,0,0,0,0
2024-04-06,AST-4055,Screw Compressor,DHR-03,0,0,0,0,0,0,0,0,0,0,0
2024-04-07,AST-4055,Screw Compressor,DHR-03,0,0,0,0,0,0,0,0,0,0,0
2024-04-08,AST-4055,Screw Compressor,DHR-03,1,2,0,3,8,1,0,0,0,0,0
2024-04-09,AST-4055,Screw Compressor,DHR-03,3,0,0,3,12,1,1,1,1,0,0
2024-04-10,AST-4055,Screw Compressor,DHR-03,2,1,2,5,12,1,1,1,1,0,0
2024-04-11,AST-4055,Screw Compressor,DHR-03,0,2,0,2,4,0,0,0,0,0,0
2024-04-12,AST-4055,Screw Compressor,DHR-03,3,1,1,5,15,1,1,1,1,1,1
2024-04-13,AST-4055,Screw Compressor,DHR-03,0,0,0,0,0,0,0,0,0,0,0
2024-04-14,AST-4055,Screw Compressor,DHR-03,0,0,0,0,0,0,0,0,0,0,0
2024-04-15,AST-4055,Screw Compressor,DHR-03,1,0,0,1,4,0,0,0,0,0,0
2024-04-16,AST-4055,Screw Compressor,DHR-03,0,0,0,0,0,0,0,0,0,0,0
2024-04-17,AST-4055,Screw Compressor,DHR-03,4,0,1,5,17,1,1,1,1,1,1
2024-04-18,AST-4055,Screw Compressor,DHR-03,1,1,0,2,6,0,0,0,0,0,0
2024-04-19,AST-4055,Screw Compressor,DHR-03,0,2,0,2,4,0,0,0,0,0,0
2024-04-20,AST-4055,Screw Compressor,DHR-03,0,0,0,0,0,0,0,0,0,0,0
2024-04-21,AST-4055,Screw Compressor,DHR-03,0,0,0,0,0,0,0,0,0,0,0
2024-04-22,AST-4055,Screw Compressor,DHR-03,1,2,0,3,8,1,0,0,0,0,0
2024-04-23,AST-4055,Screw Compressor,DHR-03,0,4,0,4,8,1,0,0,0,0,0
2024-04-24,AST-4055,Screw Compressor,DHR-03,1,1,0,2,6,0,0,0,0,0,0
2024-04-25,AST-4055,Screw Compressor,DHR-03,0,1,0,1,2,0,0,0,0,0,0
2024-04-26,AST-4055,Screw Compressor,DHR-03,1,2,0,3,8,1,0,0,0,0,0
2024-04-27,AST-4055,Screw Compressor,DHR-03,0,0,0,0,0,0,0,0,0,0,0
2024-04-28,AST-4055,Screw Compressor,DHR-03,0,0,0,0,0,0,0,0,0,0,0
2024-04-29,AST-4055,Screw Compressor,DHR-03,1,1,0,2,6,0,0,0,0,0,0
2024-04-30,AST-4055,Screw Compressor,DHR-03,2,1,1,4,11,1,1,1,0,0,0
2024-05-01,AST-4055,Screw Compressor,DHR-03,1,4,2,7,14,1,1,1,1,1,1
2024-05-02,AST-4055,Screw Compressor,DHR-03,2,1,0,3,10,1,1,0,0,0,0
2024-05-03,AST-4055,Screw Compressor,DHR-03,1,0,1,2,5,0,0,0,0,0,0
2024-05-04,AST-4055,Screw Compressor,DHR-03,0,0,0,0,0,0,0,0,0,0,0
2024-05-05,AST-4055,Screw Compressor,DHR-03,0,0,0,0,0,0,0,0,0,0,0
2024-05-06,AST-4055,Screw Compressor,DHR-03,2,0,0,2,8,1,0,0,0,0,0
2024-05-07,AST-4055,Screw Compressor,DHR-03,1,1,1,3,7,1,0,0,0,0,0
2024-05-08,AST-4055,Screw Compressor,DHR-03,1,1,0,2,6,0,0,0,0,0,0
2024-05-09,AST-4055,Screw Compressor,DHR-03,1,0,0,1,4,0,0,0,0,0,0
2024-05-10,AST-4055,Screw Compressor,DHR-03,1,1,0,2,6,0,0,0,0,0,0
2024-05-11,AST-4055,Screw Compressor,DHR-03,0,0,0,0,0,0,0,0,0,0,0
2024-05-12,AST-4055,Screw Compressor,DHR-03,0,0,0,0,0,0,0,0,0,0,0
2024-05-13,AST-4055,Screw Compressor,DHR-03,1,1,2,4,8,1,0,0,0,0,0
2024-05-14,AST-4055,Screw Compressor,DHR-03,2,1,0,3,10,1,1,0,0,0,0
2024-05-15,AST-4055,Screw Compressor,DHR-03,1,1,1,3,7,1,0,0,0,0,0
2024-05-16,AST-4055,Screw Compressor,DHR-03,1,3,0,4,10,1,1,0,0,0,0
2024-05-17,AST-4055,Screw Compressor,DHR-03,1,1,0,2,6,0,0,0,0,0,0
2024-05-18,AST-4055,Screw Compressor,DHR-03,0,0,0,0,0,0,0,0,0,0,0
2024-05-19,AST-4055,Screw Compressor,DHR-03,0,0,0,0,0,0,0,0,0,0,0
2024-05-20,AST-4055,Screw Compressor,DHR-03,0,3,0,3,6,0,0,0,0,0,0
2024-05-21,AST-4055,Screw Compressor,DHR-03,0,1,0,1,2,0,0,0,0,0,0
2024-05-22,AST-4055,Screw Compressor,DHR-03,0,0,1,1,1,0,0,0,0,0,0
2024-05-23,AST-4055,Screw Compressor,DHR-03,1,1,1,3,7,1,0,0,0,0,0
2024-05-24,AST-4055,Screw Compressor,DHR-03,1,2,1,4,9,1,0,0,0,0,0
2024-05-25,AST-4055,Screw Compressor,DHR-03,0,0,0,0,0,0,0,0,0,0,0
2024-05-26,AST-4055,Screw Compressor,DHR-03,0,0,0,0,0,0,0,0,0,0,0
2024-05-27,AST-4055,Screw Compressor,DHR-03,2,1,1,4,11,1,1,1,0,0,0
2024-05-28,AST-4055,Screw Compressor,DHR-03,4,0,1,5,17,1,1,1,1,1,1
2024-05-29,AST-4055,Screw Compressor,DHR-03,1,1,1,3,7,1,0,0,0,0,0
2024-05-30,AST-4055,Screw Compressor,DHR-03,0,1,2,3,4,0,0,0,0,0,0
2024-05-31,AST-4055,Screw Compressor,DHR-03,0,1,0,1,2,0,0,0,0,0,0
2024-06-01,AST-4055,Screw Compressor,DHR-03,0,0,0,0,0,0,0,0,0,0,0
2024-06-02,AST-4055,Screw Compressor,DHR-03,0,0,0,0,0,0,0,0,0,0,0
2024-06-03,AST-4055,Screw Compressor,DHR-03,3,2,1,6,17,1,1,1,1,1,1
2024-06-04,AST-4055,Screw Compressor,DHR-03,1,1,0,2,6,0,0,0,0,0,0
2024-06-05,AST-4055,Screw Compressor,DHR-03,2,2,1,5,13,1,1,1,1,1,0
2024-06-06,AST-4055,Screw Compressor,DHR-03,1,2,0,3,8,1,0,0,0,0,0
2024-06-07,AST-4055,Screw Compressor,DHR-03,0,2,0,2,4,0,0,0,0,0,0
2024-06-08,AST-4055,Screw Compressor,DHR-03,0,0,0,0,0,0,0,0,0,0,0
2024-06-09,AST-4055,Screw Compressor,DHR-03,0,0,0,0,0,0,0,0,0,0,0
2024-06-10,AST-4055,Screw Compressor,DHR-03,2,1,2,5,12,1,1,1,1,0,0
2024-06-11,AST-4055,Screw Compressor,DHR-03,0,1,1,2,3,0,0,0,0,0,0
2024-06-12,AST-4055,Screw Compressor,DHR-03,2,1,0,3,10,1,1,0,0,0,0
2024-06-13,AST-4055,Screw Compressor,DHR-03,0,1,0,1,2,0,0,0,0,0,0
2024-06-14,AST-4055,Screw Compressor,DHR-03,2,1,1,4,11,1,1,1,0,0,0
2024-06-15,AST-4055,Screw Compressor,DHR-03,0,0,0,0,0,0,0,0,0,0,0
2024-06-16,AST-4055,Screw Compressor,DHR-03,0,0,0,0,0,0,0,0,0,0,0
2024-06-17,AST-4055,Screw Compressor,DHR-03,2,3,0,5,14,1,1,1,1,1,1
2024-06-18,AST-4055,Screw Compressor,DHR-03,2,2,0,4,12,1,1,1,1,0,0
2024-06-19,AST-4055,Screw Compressor,DHR-03,1,1,0,2,6,0,0,0,0,0,0
2024-06-20,AST-4055,Screw Compressor,DHR-03,0,0,1,1,1,0,0,0,0,0,0
2024-06-21,AST-4055,Screw Compressor,DHR-03,0,2,1,3,5,0,0,0,0,0,0
2024-06-22,AST-4055,Screw Compressor,DHR-03,0,0,0,0,0,0,0,0,0,0,0
2024-06-23,AST-4055,Screw Compressor,DHR-03,0,0,0,0,0,0,0,0,0,0,0
2024-06-24,AST-4055,Screw Compressor,DHR-03,2,0,0,2,8,1,0,0,0,0,0
2024-06-25,AST-4055,Screw Compressor,DHR-03,0,0,0,0,0,0,0,0,0,0,0
2024-06-26,AST-4055,Screw Compressor,DHR-03,2,3,1,6,15,1,1,1,1,1,1
2024-06-27,AST-4055,Screw Compressor,DHR-03,2,1,2,5,12,1,1,1,1,0,0
2024-06-28,AST-4055,Screw Compressor,DHR-03,1,3,0,4,10,1,1,0,0,0,0
2024-06-29,AST-4055,Screw Compressor,DHR-03,0,0,0,0,0,0,0,0,0,0,0
2024-06-30,AST-4055,Screw Compressor,DHR-03,0,0,0,0,0,0,0,0,0,0,0
2024-07-01,AST-4055,Screw Compressor,DHR-03,2,1,1,4,11,1,1,1,0,0,0
2024-07-02,AST-4055,Screw Compressor,DHR-03,3,1,0,4,14,1,1,1,1,1,1
2024-07-03,AST-4055,Screw Compressor,DHR-03,2,2,0,4,12,1,1,1,1,0,0
2024-07-04,AST-4055,Screw Compressor,DHR-03,1,2,2,5,10,1,1,0,0,0,0
2024-07-05,AST-4055,Screw Compressor,DHR-03,3,5,2,10,24,1,1,1,1,1,1
2024-07-06,AST-4055,Screw Compressor,DHR-03,0,0,0,0,0,0,0,0,0,0,0
2024-07-07,AST-4055,Screw Compressor,DHR-03,0,0,0,0,0,0,0,0,0,0,0
2024-07-08,AST-4055,Screw Compressor,DHR-03,0,1,1,2,3,0,0,0,0,0,0
2024-07-09,AST-4055,Screw Compressor,DHR-03,0,2,1,3,5,0,0,0,0,0,0
2024-07-10,AST-4055,Screw Compressor,DHR-03,2,1,2,5,12,1,1,1,1,0,0
2024-07-11,AST-4055,Screw Compressor,DHR-03,0,1,1,2,3,0,0,0,0,0,0
2024-07-12,AST-4055,Screw Compressor,DHR-03,4,2,2,8,22,1,1,1,1,1,1
2024-07-13,AST-4055,Screw Compressor,DHR-03,0,0,0,0,0,0,0,0,0,0,0
2024-07-14,AST-4055,Screw Compressor,DHR-03,0,0,0,0,0,0,0,0,0,0,0
2024-07-15,AST-4055,Screw Compressor,DHR-03,3,0,0,3,12,1,1,1,1,0,0
2024-07-16,AST-4055,Screw Compressor,DHR-03,0,1,2,3,4,0,0,0,0,0,0
2024-07-17,AST-4055,Screw Compressor,DHR-03,1,3,0,4,10,1,1,0,0,0,0
2024-07-18,AST-4055,Screw Compressor,DHR-03,0,3,0,3,6,0,0,0,0,0,0
2024-07-19,AST-4055,Screw Compressor,DHR-03,2,1,1,4,11,1,1,1,0,0,0
2024-07-20,AST-4055,Screw Compressor,DHR-03,0,0,0,0,0,0,0,0,0,0,0
2024-07-21,AST-4055,Screw Compressor,DHR-03,0,0,0,0,0,0,0,0,0,0,0
2024-07-22,AST-4055,Screw Compressor,DHR-03,1,3,1,5,11,1,1,1,0,0,0
2024-07-23,AST-4055,Screw Compressor,DHR-03,1,1,0,2,6,0,0,0,0,0,0
2024-07-24,AST-4055,Screw Compressor,DHR-03,1,1,0,2,6,0,0,0,0,0,0
2024-07-25,AST-4055,Screw Compressor,DHR-03,1,1,1,3,7,1,0,0,0,0,0
2024-07-26,AST-4055,Screw Compressor,DHR-03,1,1,1,3,7,1,0,0,0,0,0
2024-07-27,AST-4055,Screw Compressor,DHR-03,0,0,0,0,0,0,0,0,0,0,0
2024-07-28,AST-4055,Screw Compressor,DHR-03,0,0,0,0,0,0,0,0,0,0,0
2024-07-29,AST-4055,Screw Compressor,DHR-03,2,3,2,7,16,1,1,1,1,1,1
2024-07-30,AST-4055,Screw Compressor,DHR-03,2,2,0,4,12,1,1,1,1,0,0
2024-07-31,AST-4055,Screw Compressor,DHR-03,2,1,0,3,10,1,1,0,0,0,0
2024-08-01,AST-4055,Screw Compressor,DHR-03,2,1,0,3,10,1,1,0,0,0,0
2024-08-02,AST-4055,Screw Compressor,DHR-03,1,1,0,2,6,0,0,0,0,0,0
2024-08-03,AST-4055,Screw Compressor,DHR-03,0,0,0,0,0,0,0,0,0,0,0
2024-08-04,AST-4055,Screw Compressor,DHR-03,0,0,0,0,0,0,0,0,0,0,0
2024-08-05,AST-4055,Screw Compressor,DHR-03,1,1,0,2,6,0,0,0,0,0,0
2024-08-06,AST-4055,Screw Compressor,DHR-03,0,1,0,1,2,0,0,0,0,0,0
2024-08-07,AST-4055,Screw Compressor,DHR-03,2,1,1,4,11,1,1,1,0,0,0
2024-08-08,AST-4055,Screw Compressor,DHR-03,1,2,0,3,8,1,0,0,0,0,0
2024-08-09,AST-4055,Screw Compressor,DHR-03,0,0,1,1,1,0,0,0,0,0,0
2024-08-10,AST-4055,Screw Compressor,DHR-03,0,0,0,0,0,0,0,0,0,0,0
2024-08-11,AST-4055,Screw Compressor,DHR-03,0,0,0,0,0,0,0,0,0,0,0
2024-08-12,AST-4055,Screw Compressor,DHR-03,0,2,1,3,5,0,0,0,0,0,0
2024-08-13,AST-4055,Screw Compressor,DHR-03,0,1,2,3,4,0,0,0,0,0,0
2024-08-14,AST-4055,Screw Compressor,DHR-03,3,2,1,6,17,1,1,1,1,1,1
2024-08-15,AST-4055,Screw Compressor,DHR-03,1,0,0,1,4,0,0,0,0,0,0
2024-08-16,AST-4055,Screw Compressor,DHR-03,3,0,0,3,12,1,1,1,1,0,0
2024-08-17,AST-4055,Screw Compressor,DHR-03,0,0,0,0,0,0,0,0,0,0,0
2024-08-18,AST-4055,Screw Compressor,DHR-03,0,0,0,0,0,0,0,0,0,0,0
2024-08-19,AST-4055,Screw Compressor,DHR-03,1,1,1,3,7,1,0,0,0,0,0
2024-08-20,AST-4055,Screw Compressor,DHR-03,1,2,1,4,9,1,0,0,0,0,0
2024-08-21,AST-4055,Screw Compressor,DHR-03,1,2,0,3,8,1,0,0,0,0,0
2024-08-22,AST-4055,Screw Compressor,DHR-03,3,1,2,6,16,1,1,1,1,1,1
2024-08-23,AST-4055,Screw Compressor,DHR-03,1,4,0,5,12,1,1,1,1,0,0
2024-08-24,AST-4055,Screw Compressor,DHR-03,0,0,0,0,0,0,0,0,0,0,0
2024-08-25,AST-4055,Screw Compressor,DHR-03,0,0,0,0,0,0,0,0,0,0,0
2024-08-26,AST-4055,Screw Compressor,DHR-03,4,1,0,5,18,1,1,1,1,1,1
2024-08-27,AST-4055,Screw Compressor,DHR-03,1,1,1,3,7,1,0,0,0,0,0
2024-08-28,AST-4055,Screw Compressor,DHR-03,0,0,0,0,0,0,0,0,0,0,0
2024-08-29,AST-4055,Screw Compressor,DHR-03,1,1,1,3,7,1,0,0,0,0,0
2024-08-30,AST-4055,Screw Compressor,DHR-03,0,1,1,2,3,0,0,0,0,0,0
2024-08-31,AST-4055,Screw Compressor,DHR-03,0,0,0,0,0,0,0,0,0,0,0
2024-09-01,AST-4055,Screw Compressor,DHR-03,0,0,0,0,0,0,0,0,0,0,0
2024-09-02,AST-4055,Screw Compressor,DHR-03,2,1,2,5,12,1,1,1,1,0,0
2024-09-03,AST-4055,Screw Compressor,DHR-03,1,2,0,3,8,1,0,0,0,0,0
2024-09-04,AST-4055,Screw Compressor,DHR-03,2,4,1,7,17,1,1,1,1,1,1
2024-09-05,AST-4055,Screw Compressor,DHR-03,0,1,0,1,2,0,0,0,0,0,0
2024-09-06,AST-4055,Screw Compressor,DHR-03,2,3,1,6,15,1,1,1,1,1,1
2024-09-07,AST-4055,Screw Compressor,DHR-03,0,0,0,0,0,0,0,0,0,0,0
2024-09-08,AST-4055,Screw Compressor,DHR-03,0,0,0,0,0,0,0,0,0,0,0
2024-09-09,AST-4055,Screw Compressor,DHR-03,0,1,0,1,2,0,0,0,0,0,0
2024-09-10,AST-4055,Screw Compressor,DHR-03,0,0,1,1,1,0,0,0,0,0,0
2024-09-11,AST-4055,Screw Compressor,DHR-03,2,2,1,5,13,1,1,1,1,1,0
2024-09-12,AST-4055,Screw Compressor,DHR-03,2,1,0,3,10,1,1,0,0,0,0
2024-09-13,AST-4055,Screw Compressor,DHR-03,3,0,0,3,12,1,1,1,1,0,0
2024-09-14,AST-4055,Screw Compressor,DHR-03,0,0,0,0,0,0,0,0,0,0,0
2024-09-15,AST-4055,Screw Compressor,DHR-03,0,0,0,0,0,0,0,0,0,0,0
2024-09-16,AST-4055,Screw Compressor,DHR-03,0,0,1,1,1,0,0,0,0,0,0
2024-09-17,AST-4055,Screw Compressor,DHR-03,2,2,1,5,13,1,1,1,1,1,0
2024-09-18,AST-4055,Screw Compressor,DHR-03,2,1,1,4,11,1,1,1,0,0,0
2024-09-19,AST-4055,Screw Compressor,DHR-03,2,2,0,4,12,1,1,1,1,0,0
2024-09-20,AST-4055,Screw Compressor,DHR-03,1,1,0,2,6,0,0,0,0,0,0
2024-09-21,AST-4055,Screw Compressor,DHR-03,0,0,0,0,0,0,0,0,0,0,0
2024-09-22,AST-4055,Screw Compressor,DHR-03,0,0,0,0,0,0,0,0,0,0,0
2024-09-23,AST-4055,Screw Compressor,DHR-03,1,0,0,1,4,0,0,0,0,0,0
2024-09-24,AST-4055,Screw Compressor,DHR-03,0,3,0,3,6,0,0,0,0,0,0
2024-09-25,AST-4055,Screw Compressor,DHR-03,1,3,1,5,11,1,1,1,0,0,0
2024-09-26,AST-4055,Screw Compressor,DHR-03,0,1,1,2,3,0,0,0,0,0,0
2024-09-27,AST-4055,Screw Compressor,DHR-03,3,3,0,6,18,1,1,1,1,1,1
2024-09-28,AST-4055,Screw Compressor,DHR-03,0,0,0,0,0,0,0,0,0,0,0
2024-09-29,AST-4055,Screw Compressor,DHR-03,0,0,0,0,0,0,0,0,0,0,0
2024-09-30,AST-4055,Screw Compressor,DHR-03,1,1,0,2,6,0,0,0,0,0,0
2024-10-01,AST-4055,Screw Compressor,DHR-03,0,1,0,1,2,0,0,0,0,0,0
2024-10-02,AST-4055,Screw Compressor,DHR-03,0,1,2,3,4,0,0,0,0,0,0
2024-10-03,AST-4055,Screw Compressor,DHR-03,1,2,2,5,10,1,1,0,0,0,0
2024-10-04,AST-4055,Screw Compressor,DHR-03,3,1,0,4,14,1,1,1,1,1,1
2024-10-05,AST-4055,Screw Compressor,DHR-03,0,0,0,0,0,0,0,0,0,0,0
2024-10-06,AST-4055,Screw Compressor,DHR-03,0,0,0,0,0,0,0,0,0,0,0
2024-10-07,AST-4055,Screw Compressor,DHR-03,3,2,0,5,16,1,1,1,1,1,1
2024-10-08,AST-4055,Screw Compressor,DHR-03,1,3,1,5,11,1,1,1,0,0,0
2024-10-09,AST-4055,Screw Compressor,DHR-03,0,2,0,2,4,0,0,0,0,0,0
2024-10-10,AST-4055,Screw Compressor,DHR-03,0,0,0,0,0,0,0,0,0,0,0
2024-10-11,AST-4055,Screw Compressor,DHR-03,2,2,1,5,13,1,1,1,1,1,0
2024-10-12,AST-4055,Screw Compressor,DHR-03,0,0,0,0,0,0,0,0,0,0,0
2024-10-13,AST-4055,Screw Compressor,DHR-03,0,0,0,0,0,0,0,0,0,0,0
2024-10-14,AST-4055,Screw Compressor,DHR-03,0,1,0,1,2,0,0,0,0,0,0
2024-10-15,AST-4055,Screw Compressor,DHR-03,2,0,1,3,9,1,0,0,0,0,0
2024-10-16,AST-4055,Screw Compressor,DHR-03,2,1,0,3,10,1,1,0,0,0,0
2024-10-17,AST-4055,Screw Compressor,DHR-03,2,0,1,3,9,1,0,0,0,0,0
2024-10-18,AST-4055,Screw Compressor,DHR-03,2,2,0,4,12,1,1,1,1,0,0
2024-10-19,AST-4055,Screw Compressor,DHR-03,0,0,0,0,0,0,0,0,0,0,0
2024-10-20,AST-4055,Screw Compressor,DHR-03,0,0,0,0,0,0,0,0,0,0,0
2024-10-21,AST-4055,Screw Compressor,DHR-03,3,0,2,5,14,1,1,1,1,1,1
2024-10-22,AST-4055,Screw Compressor,DHR-03,2,2,0,4,12,1,1,1,1,0,0
2024-10-23,AST-4055,Screw Compressor,DHR-03,2,1,1,4,11,1,1,1,0,0,0
2024-10-24,AST-4055,Screw Compressor,DHR-03,0,1,0,1,2,0,0,0,0,0,0
2024-10-25,AST-4055,Screw Compressor,DHR-03,1,3,1,5,11,1,1,1,0,0,0
2024-10-26,AST-4055,Screw Compressor,DHR-03,0,0,0,0,0,0,0,0,0,0,0
2024-10-27,AST-4055,Screw Compressor,DHR-03,0,0,0,0,0,0,0,0,0,0,0
2024-10-28,AST-4055,Screw Compressor,DHR-03,2,0,1,3,9,1,0,0,0,0,0
2024-10-29,AST-4055,Screw Compressor,DHR-03,0,1,1,2,3,0,0,0,0,0,0
2024-10-30,AST-4055,Screw Compressor,DHR-03,1,2,0,3,8,1,0,0,0,0,0
2024-10-31,AST-4055,Screw Compressor,DHR-03,1,1,0,2,6,0,0,0,0,0,0
2024-11-01,AST-4055,Screw Compressor,DHR-03,1,1,1,3,7,1,0,0,0,0,0
2024-11-02,AST-4055,Screw Compressor,DHR-03,0,0,0,0,0,0,0,0,0,0,0
2024-11-03,AST-4055,Screw Compressor,DHR-03,0,0,0,0,0,0,0,0,0,0,0
2024-11-04,AST-4055,Screw Compressor,DHR-03,1,1,0,2,6,0,0,0,0,0,0
2024-11-05,AST-4055,Screw Compressor,DHR-03,2,2,0,4,12,1,1,1,1,0,0
2024-11-06,AST-4055,Screw Compressor,DHR-03,2,3,0,5,14,1,1,1,1,1,1
2024-11-07,AST-4055,Screw Compressor,DHR-03,2,0,0,2,8,1,0,0,0,0,0
2024-11-08,AST-4055,Screw Compressor,DHR-03,2,1,1,4,11,1,1,1,0,0,0
2024-11-09,AST-4055,Screw Compressor,DHR-03,0,0,0,0,0,0,0,0,0,0,0
2024-11-10,AST-4055,Screw Compressor,DHR-03,0,0,0,0,0,0,0,0,0,0,0
2024-11-11,AST-4055,Screw Compressor,DHR-03,2,0,0,2,8,1,0,0,0,0,0
2024-11-12,AST-4055,Screw Compressor,DHR-03,2,2,1,5,13,1,1,1,1,1,0
2024-11-13,AST-4055,Screw Compressor,DHR-03,0,0,1,1,1,0,0,0,0,0,0
2024-11-14,AST-4055,Screw Compressor,DHR-03,0,1,0,1,2,0,0,0,0,0,0
2024-11-15,AST-4055,Screw Compressor,DHR-03,2,3,0,5,14,1,1,1,1,1,1
2024-11-16,AST-4055,Screw Compressor,DHR-03,0,0,0,0,0,0,0,0,0,0,0
2024-11-17,AST-4055,Screw Compressor,DHR-03,0,0,0,0,0,0,0,0,0,0,0
2024-11-18,AST-4055,Screw Compressor,DHR-03,3,4,1,8,21,1,1,1,1,1,1
2024-11-19,AST-4055,Screw Compressor,DHR-03,2,0,3,5,11,1,1,1,0,0,0
2024-11-20,AST-4055,Screw Compressor,DHR-03,0,1,1,2,3,0,0,0,0,0,0
2024-11-21,AST-4055,Screw Compressor,DHR-03,1,2,0,3,8,1,0,0,0,0,0
2024-11-22,AST-4055,Screw Compressor,DHR-03,1,2,1,4,9,1,0,0,0,0,0
2024-11-23,AST-4055,Screw Compressor,DHR-03,0,0,0,0,0,0,0,0,0,0,0
2024-11-24,AST-4055,Screw Compressor,DHR-03,0,0,0,0,0,0,0,0,0,0,0
2024-11-25,AST-4055,Screw Compressor,DHR-03,1,1,1,3,7,1,0,0,0,0,0
2024-11-26,AST-4055,Screw Compressor,DHR-03,2,3,1,6,15,1,1,1,1,1,1
2024-11-27,AST-4055,Screw Compressor,DHR-03,0,1,0,1,2,0,0,0,0,0,0
2024-11-28,AST-4055,Screw Compressor,DHR-03,1,2,0,3,8,1,0,0,0,0,0
2024-11-29,AST-4055,Screw Compressor,DHR-03,1,4,1,6,13,1,1,1,1,1,0
2024-11-30,AST-4055,Screw Compressor,DHR-03,0,0,0,0,0,0,0,0,0,0,0
2024-12-01,AST-4055,Screw Compressor,DHR-03,0,0,0,0,0,0,0,0,0,0,0
2024-12-02,AST-4055,Screw Compressor,DHR-03,1,1,1,3,7,1,0,0,0,0,0
2024-12-03,AST-4055,Screw Compressor,DHR-03,2,2,1,5,13,1,1,1,1,1,0
2024-12-04,AST-4055,Screw Compressor,DHR-03,1,3,0,4,10,1,1,0,0,0,0
2024-12-05,AST-4055,Screw Compressor,DHR-03,1,1,0,2,6,0,0,0,0,0,0
2024-12-06,AST-4055,Screw Compressor,DHR-03,0,2,1,3,5,0,0,0,0,0,0
2024-12-07,AST-4055,Screw Compressor,DHR-03,0,0,0,0,0,0,0,0,0,0,0
2024-12-08,AST-4055,Screw Compressor,DHR-03,0,0,0,0,0,0,0,0,0,0,0
2024-12-09,AST-4055,Screw Compressor,DHR-03,0,1,1,2,3,0,0,0,0,0,0
2024-12-10,AST-4055,Screw Compressor,DHR-03,4,2,0,6,20,1,1,1,1,1,1
2024-12-11,AST-4055,Screw Compressor,DHR-03,0,1,1,2,3,0,0,0,0,0,0
2024-12-12,AST-4055,Screw Compressor,DHR-03,2,1,0,3,10,1,1,0,0,0,0
2024-12-13,AST-4055,Screw Compressor,DHR-03,2,2,0,4,12,1,1,1,1,0,0
2024-12-14,AST-4055,Screw Compressor,DHR-03,0,0,0,0,0,0,0,0,0,0,0
2024-12-15,AST-4055,Screw Compressor,DHR-03,0,0,0,0,0,0,0,0,0,0,0
2024-12-16,AST-4055,Screw Compressor,DHR-03,2,1,0,3,10,1,1,0,0,0,0
2024-12-17,AST-4055,Screw Compressor,DHR-03,2,1,0,3,10,1,1,0,0,0,0
2024-12-18,AST-4055,Screw Compressor,DHR-03,2,0,1,3,9,1,0,0,0,0,0
2024-12-19,AST-4055,Screw Compressor,DHR-03,2,1,1,4,11,1,1,1,0,0,0
2024-12-20,AST-4055,Screw Compressor,DHR-03,2,1,0,3,10,1,1,0,0,0,0
2024-12-21,AST-4055,Screw Compressor,DHR-03,0,0,0,0,0,0,0,0,0,0,0
2024-12-22,AST-4055,Screw Compressor,DHR-03,0,0,0,0,0,0,0,0,0,0,0
2024-12-23,AST-4055,Screw Compressor,DHR-03,1,1,0,2,6,0,0,0,0,0,0
2024-12-24,AST-4055,Screw Compressor,DHR-03,3,1,0,4,14,1,1,1,1,1,1
2024-12-25,AST-4055,Screw Compressor,DHR-03,1,2,2,5,10,1,1,0,0,0,0
2024-12-26,AST-4055,Screw Compressor,DHR-03,3,1,0,4,14,1,1,1,1,1,1
2024-12-27,AST-4055,Screw Compressor,DHR-03,2,2,0,4,12,1,1,1,1,0,0
2024-12-28,AST-4055,Screw Compressor,DHR-03,0,0,0,0,0,0,0,0,0,0,0
2024-12-29,AST-4055,Screw Compressor,DHR-03,0,0,0,0,0,0,0,0,0,0,0
2024-12-30,AST-4055,Screw Compressor,DHR-03,2,1,1,4,11,1,1,1,0,0,0
2024-12-31,AST-4055,Screw Compressor,DHR-03,2,1,0,3,10,1,1,0,0,0,0
2025-01-01,AST-4055,Screw Compressor,DHR-03,1,3,1,5,11,1,1,1,0,0,0
2022-01-03,AST-4061,Screw Compressor,DHR-03,2,1,3,6,13,1,1,1,1,1,0
2022-01-04,AST-4061,Screw Compressor,DHR-03,3,0,0,3,12,1,1,1,1,0,0
2022-01-05,AST-4061,Screw Compressor,DHR-03,0,0,0,0,0,0,0,0,0,0,0
2022-01-06,AST-4061,Screw Compressor,DHR-03,1,2,0,3,8,1,0,0,0,0,0
2022-01-07,AST-4061,Screw Compressor,DHR-03,1,1,0,2,6,0,0,0,0,0,0
2022-01-08,AST-4061,Screw Compressor,DHR-03,0,0,0,0,0,0,0,0,0,0,0
2022-01-09,AST-4061,Screw Compressor,DHR-03,0,0,0,0,0,0,0,0,0,0,0
2022-01-10,AST-4061,Screw Compressor,DHR-03,0,0,0,0,0,0,0,0,0,0,0
2022-01-11,AST-4061,Screw Compressor,DHR-03,2,3,0,5,14,1,1,1,1,1,1
2022-01-12,AST-4061,Screw Compressor,DHR-03,2,0,0,2,8,1,0,0,0,0,0
2022-01-13,AST-4061,Screw Compressor,DHR-03,1,0,0,1,4,0,0,0,0,0,0
2022-01-14,AST-4061,Screw Compressor,DHR-03,1,2,0,3,8,1,0,0,0,0,0
2022-01-15,AST-4061,Screw Compressor,DHR-03,0,0,0,0,0,0,0,0,0,0,0
2022-01-16,AST-4061,Screw Compressor,DHR-03,0,0,0,0,0,0,0,0,0,0,0
2022-01-17,AST-4061,Screw Compressor,DHR-03,2,1,0,3,10,1,1,0,0,0,0
2022-01-18,AST-4061,Screw Compressor,DHR-03,0,2,1,3,5,0,0,0,0,0,0
2022-01-19,AST-4061,Screw Compressor,DHR-03,2,1,1,4,11,1,1,1,0,0,0
2022-01-20,AST-4061,Screw Compressor,DHR-03,3,1,0,4,14,1,1,1,1,1,1
2022-01-21,AST-4061,Screw Compressor,DHR-03,1,1,0,2,6,0,0,0,0,0,0
2022-01-22,AST-4061,Screw Compressor,DHR-03,0,0,0,0,0,0,0,0,0,0,0
2022-01-23,AST-4061,Screw Compressor,DHR-03,0,0,0,0,0,0,0,0,0,0,0
2022-01-24,AST-4061,Screw Compressor,DHR-03,1,1,0,2,6,0,0,0,0,0,0
2022-01-25,AST-4061,Screw Compressor,DHR-03,1,1,0,2,6,0,0,0,0,0,0
2022-01-26,AST-4061,Screw Compressor,DHR-03,1,1,1,3,7,1,0,0,0,0,0
2022-01-27,AST-4061,Screw Compressor,DHR-03,2,0,0,2,8,1,0,0,0,0,0
2022-01-28,AST-4061,Screw Compressor,DHR-03,2,0,0,2,8,1,0,0,0,0,0
2022-01-29,AST-4061,Screw Compressor,DHR-03,0,0,0,0,0,0,0,0,0,0,0
2022-01-30,AST-4061,Screw Compressor,DHR-03,0,0,0,0,0,0,0,0,0,0,0
2022-01-31,AST-4061,Screw Compressor,DHR-03,1,2,1,4,9,1,0,0,0,0,0
2022-02-01,AST-4061,Screw Compressor,DHR-03,1,1,2,4,8,1,0,0,0,0,0
2022-02-02,AST-4061,Screw Compressor,DHR-03,3,1,0,4,14,1,1,1,1,1,1
2022-02-03,AST-4061,Screw Compressor,DHR-03,1,2,0,3,8,1,0,0,0,0,0
2022-02-04,AST-4061,Screw Compressor,DHR-03,3,3,1,7,19,1,1,1,1,1,1
2022-02-05,AST-4061,Screw Compressor,DHR-03,0,0,0,0,0,0,0,0,0,0,0
2022-02-06,AST-4061,Screw Compressor,DHR-03,0,0,0,0,0,0,0,0,0,0,0
2022-02-07,AST-4061,Screw Compressor,DHR-03,1,3,0,4,10,1,1,0,0,0,0
2022-02-08,AST-4061,Screw Compressor,DHR-03,2,0,0,2,8,1,0,0,0,0,0
2022-02-09,AST-4061,Screw Compressor,DHR-03,2,1,0,3,10,1,1,0,0,0,0
2022-02-10,AST-4061,Screw Compressor,DHR-03,0,3,0,3,6,0,0,0,0,0,0
2022-02-11,AST-4061,Screw Compressor,DHR-03,1,1,1,3,7,1,0,0,0,0,0
2022-02-12,AST-4061,Screw Compressor,DHR-03,0,0,0,0,0,0,0,0,0,0,0
2022-02-13,AST-4061,Screw Compressor,DHR-03,0,0,0,0,0,0,0,0,0,0,0
2022-02-14,AST-4061,Screw Compressor,DHR-03,0,0,1,1,1,0,0,0,0,0,0
2022-02-15,AST-4061,Screw Compressor,DHR-03,2,3,1,6,15,1,1,1,1,1,1
2022-02-16,AST-4061,Screw Compressor,DHR-03,2,3,1,6,15,1,1,1,1,1,1
2022-02-17,AST-4061,Screw Compressor,DHR-03,1,2,2,5,10,1,1,0,0,0,0
2022-02-18,AST-4061,Screw Compressor,DHR-03,1,1,1,3,7,1,0,0,0,0,0
2022-02-19,AST-4061,Screw Compressor,DHR-03,0,0,0,0,0,0,0,0,0,0,0
2022-02-20,AST-4061,Screw Compressor,DHR-03,0,0,0,0,0,0,0,0,0,0,0
2022-02-21,AST-4061,Screw Compressor,DHR-03,2,3,1,6,15,1,1,1,1,1,1
2022-02-22,AST-4061,Screw Compressor,DHR-03,1,3,0,4,10,1,1,0,0,0,0
2022-02-23,AST-4061,Screw Compressor,DHR-03,0,3,0,3,6,0,0,0,0,0,0
2022-02-24,AST-4061,Screw Compressor,DHR-03,0,2,0,2,4,0,0,0,0,0,0
2022-02-25,AST-4061,Screw Compressor,DHR-03,1,1,0,2,6,0,0,0,0,0,0
2022-02-26,AST-4061,Screw Compressor,DHR-03,0,0,0,0,0,0,0,0,0,0,0
2022-02-27,AST-4061,Screw Compressor,DHR-03,0,0,0,0,0,0,0,0,0,0,0
2022-02-28,AST-4061,Screw Compressor,DHR-03,0,0,0,0,0,0,0,0,0,0,0
2022-03-01,AST-4061,Screw Compressor,DHR-03,1,1,1,3,7,1,0,0,0,0,0
2022-03-02,AST-4061,Screw Compressor,DHR-03,0,1,0,1,2,0,0,0,0,0,0
2022-03-03,AST-4061,Screw Compressor,DHR-03,1,1,0,2,6,0,0,0,0,0,0
2022-03-04,AST-4061,Screw Compressor,DHR-03,1,0,0,1,4,0,0,0,0,0,0
2022-03-05,AST-4061,Screw Compressor,DHR-03,0,0,0,0,0,0,0,0,0,0,0
2022-03-06,AST-4061,Screw Compressor,DHR-03,0,0,0,0,0,0,0,0,0,0,0
2022-03-07,AST-4061,Screw Compressor,DHR-03,2,1,1,4,11,1,1,1,0,0,0
2022-03-08,AST-4061,Screw Compressor,DHR-03,3,0,1,4,13,1,1,1,1,1,0
2022-03-09,AST-4061,Screw Compressor,DHR-03,1,0,0,1,4,0,0,0,0,0,0
2022-03-10,AST-4061,Screw Compressor,DHR-03,2,1,2,5,12,1,1,1,1,0,0
2022-03-11,AST-4061,Screw Compressor,DHR-03,2,2,0,4,12,1,1,1,1,0,0
2022-03-12,AST-4061,Screw Compressor,DHR-03,0,0,0,0,0,0,0,0,0,0,0
2022-03-13,AST-4061,Screw Compressor,DHR-03,0,0,0,0,0,0,0,0,0,0,0
2022-03-14,AST-4061,Screw Compressor,DHR-03,1,1,1,3,7,1,0,0,0,0,0
2022-03-15,AST-4061,Screw Compressor,DHR-03,1,1,0,2,6,0,0,0,0,0,0
2022-03-16,AST-4061,Screw Compressor,DHR-03,0,3,1,4,7,1,0,0,0,0,0
2022-03-17,AST-4061,Screw Compressor,DHR-03,0,0,1,1,1,0,0,0,0,0,0
2022-03-18,AST-4061,Screw Compressor,DHR-03,2,1,1,4,11,1,1,1,0,0,0
2022-03-19,AST-4061,Screw Compressor,DHR-03,0,0,0,0,0,0,0,0,0,0,0
2022-03-20,AST-4061,Screw Compressor,DHR-03,0,0,0,0,0,0,0,0,0,0,0
2022-03-21,AST-4061,Screw Compressor,DHR-03,1,1,1,3,7,1,0,0,0,0,0
2022-03-22,AST-4061,Screw Compressor,DHR-03,0,2,0,2,4,0,0,0,0,0,0
2022-03-23,AST-4061,Screw Compressor,DHR-03,1,1,1,3,7,1,0,0,0,0,0
2022-03-24,AST-4061,Screw Compressor,DHR-03,1,1,1,3,7,1,0,0,0,0,0
2022-03-25,AST-4061,Screw Compressor,DHR-03,1,4,0,5,12,1,1,1,1,0,0
2022-03-26,AST-4061,Screw Compressor,DHR-03,0,0,0,0,0,0,0,0,0,0,0
2022-03-27,AST-4061,Screw Compressor,DHR-03,0,0,0,0,0,0,0,0,0,0,0
2022-03-28,AST-4061,Screw Compressor,DHR-03,0,4,0,4,8,1,0,0,0,0,0
2022-03-29,AST-4061,Screw Compressor,DHR-03,0,1,0,1,2,0,0,0,0,0,0
2022-03-30,AST-4061,Screw Compressor,DHR-03,1,1,0,2,6,0,0,0,0,0,0
2022-03-31,AST-4061,Screw Compressor,DHR-03,1,0,0,1,4,0,0,0,0,0,0
2022-04-01,AST-4061,Screw Compressor,DHR-03,0,0,1,1,1,0,0,0,0,0,0
2022-04-02,AST-4061,Screw Compressor,DHR-03,0,0,0,0,0,0,0,0,0,0,0
2022-04-03,AST-4061,Screw Compressor,DHR-03,0,0,0,0,0,0,0,0,0,0,0
2022-04-04,AST-4061,Screw Compressor,DHR-03,3,0,0,3,12,1,1,1,1,0,0
2022-04-05,AST-4061,Screw Compressor,DHR-03,0,2,1,3,5,0,0,0,0,0,0
2022-04-06,AST-4061,Screw Compressor,DHR-03,3,1,2,6,16,1,1,1,1,1,1
2022-04-07,AST-4061,Screw Compressor,DHR-03,3,0,0,3,12,1,1,1,1,0,0
2022-04-08,AST-4061,Screw Compressor,DHR-03,1,1,1,3,7,1,0,0,0,0,0
2022-04-09,AST-4061,Screw Compressor,DHR-03,0,0,0,0,0,0,0,0,0,0,0
2022-04-10,AST-4061,Screw Compressor,DHR-03,0,0,0,0,0,0,0,0,0,0,0
2022-04-11,AST-4061,Screw Compressor,DHR-03,1,3,0,4,10,1,1,0,0,0,0
2022-04-12,AST-4061,Screw Compressor,DHR-03,2,1,1,4,11,1,1,1,0,0,0
2022-04-13,AST-4061,Screw Compressor,DHR-03,1,0,1,2,5,0,0,0,0,0,0
2022-04-14,AST-4061,Screw Compressor,DHR-03,2,1,1,4,11,1,1,1,0,0,0
2022-04-15,AST-4061,Screw Compressor,DHR-03,2,1,0,3,10,1,1,0,0,0,0
2022-04-16,AST-4061,Screw Compressor,DHR-03,0,0,0,0,0,0,0,0,0,0,0
2022-04-17,AST-4061,Screw Compressor,DHR-03,0,0,0,0,0,0,0,0,0,0,0
2022-04-18,AST-4061,Screw Compressor,DHR-03,2,0,0,2,8,1,0,0,0,0,0
2022-04-19,AST-4061,Screw Compressor,DHR-03,0,1,2,3,4,0,0,0,0,0,0
2022-04-20,AST-4061,Screw Compressor,DHR-03,2,1,0,3,10,1,1,0,0,0,0
2022-04-21,AST-4061,Screw Compressor,DHR-03,1,2,1,4,9,1,0,0,0,0,0
2022-04-22,AST-4061,Screw Compressor,DHR-03,0,2,0,2,4,0,0,0,0,0,0
2022-04-23,AST-4061,Screw Compressor,DHR-03,0,0,0,0,0,0,0,0,0,0,0
2022-04-24,AST-4061,Screw Compressor,DHR-03,0,0,0,0,0,0,0,0,0,0,0
2022-04-25,AST-4061,Screw Compressor,DHR-03,1,1,1,3,7,1,0,0,0,0,0
2022-04-26,AST-4061,Screw Compressor,DHR-03,2,1,0,3,10,1,1,0,0,0,0
2022-04-27,AST-4061,Screw Compressor,DHR-03,1,0,0,1,4,0,0,0,0,0,0
2022-04-28,AST-4061,Screw Compressor,DHR-03,1,1,0,2,6,0,0,0,0,0,0
2022-04-29,AST-4061,Screw Compressor,DHR-03,0,0,0,0,0,0,0,0,0,0,0
2022-04-30,AST-4061,Screw Compressor,DHR-03,0,0,0,0,0,0,0,0,0,0,0
2022-05-01,AST-4061,Screw Compressor,DHR-03,0,0,0,0,0,0,0,0,0,0,0
2022-05-02,AST-4061,Screw Compressor,DHR-03,0,2,0,2,4,0,0,0,0,0,0
2022-05-03,AST-4061,Screw Compressor,DHR-03,0,1,0,1,2,0,0,0,0,0,0
2022-05-04,AST-4061,Screw Compressor,DHR-03,1,0,0,1,4,0,0,0,0,0,0
2022-05-05,AST-4061,Screw Compressor,DHR-03,0,2,1,3,5,0,0,0,0,0,0
2022-05-06,AST-4061,Screw Compressor,DHR-03,0,1,1,2,3,0,0,0,0,0,0
2022-05-07,AST-4061,Screw Compressor,DHR-03,0,0,0,0,0,0,0,0,0,0,0
2022-05-08,AST-4061,Screw Compressor,DHR-03,0,0,0,0,0,0,0,0,0,0,0
2022-05-09,AST-4061,Screw Compressor,DHR-03,2,0,0,2,8,1,0,0,0,0,0
2022-05-10,AST-4061,Screw Compressor,DHR-03,1,0,1,2,5,0,0,0,0,0,0
2022-05-11,AST-4061,Screw Compressor,DHR-03,0,0,0,0,0,0,0,0,0,0,0
2022-05-12,AST-4061,Screw Compressor,DHR-03,0,1,0,1,2,0,0,0,0,0,0
2022-05-13,AST-4061,Screw Compressor,DHR-03,1,2,0,3,8,1,0,0,0,0,0
2022-05-14,AST-4061,Screw Compressor,DHR-03,0,0,0,0,0,0,0,0,0,0,0
2022-05-15,AST-4061,Screw Compressor,DHR-03,0,0,0,0,0,0,0,0,0,0,0
2022-05-16,AST-4061,Screw Compressor,DHR-03,0,2,0,2,4,0,0,0,0,0,0
2022-05-17,AST-4061,Screw Compressor,DHR-03,2,0,0,2,8,1,0,0,0,0,0
2022-05-18,AST-4061,Screw Compressor,DHR-03,0,0,1,1,1,0,0,0,0,0,0
2022-05-19,AST-4061,Screw Compressor,DHR-03,0,1,0,1,2,0,0,0,0,0,0
2022-05-20,AST-4061,Screw Compressor,DHR-03,2,1,1,4,11,1,1,1,0,0,0
2022-05-21,AST-4061,Screw Compressor,DHR-03,0,0,0,0,0,0,0,0,0,0,0
2022-05-22,AST-4061,Screw Compressor,DHR-03,0,0,0,0,0,0,0,0,0,0,0
2022-05-23,AST-4061,Screw Compressor,DHR-03,0,1,0,1,2,0,0,0,0,0,0
2022-05-24,AST-4061,Screw Compressor,DHR-03,3,1,0,4,14,1,1,1,1,1,1
2022-05-25,AST-4061,Screw Compressor,DHR-03,1,0,0,1,4,0,0,0,0,0,0
2022-05-26,AST-4061,Screw Compressor,DHR-03,0,1,2,3,4,0,0,0,0,0,0
2022-05-27,AST-4061,Screw Compressor,DHR-03,1,3,1,5,11,1,1,1,0,0,0
2022-05-28,AST-4061,Screw Compressor,DHR-03,0,0,0,0,0,0,0,0,0,0,0
2022-05-29,AST-4061,Screw Compressor,DHR-03,0,0,0,0,0,0,0,0,0,0,0
2022-05-30,AST-4061,Screw Compressor,DHR-03,0,1,0,1,2,0,0,0,0,0,0
2022-05-31,AST-4061,Screw Compressor,DHR-03,0,1,1,2,3,0,0,0,0,0,0
2022-06-01,AST-4061,Screw Compressor,DHR-03,2,3,0,5,14,1,1,1,1,1,1
2022-06-02,AST-4061,Screw Compressor,DHR-03,2,0,0,2,8,1,0,0,0,0,0
2022-06-03,AST-4061,Screw Compressor,DHR-03,1,0,0,1,4,0,0,0,0,0,0
2022-06-04,AST-4061,Screw Compressor,DHR-03,0,0,0,0,0,0,0,0,0,0,0
2022-06-05,AST-4061,Screw Compressor,DHR-03,0,0,0,0,0,0,0,0,0,0,0
2022-06-06,AST-4061,Screw Compressor,DHR-03,0,1,1,2,3,0,0,0,0,0,0
2022-06-07,AST-4061,Screw Compressor,DHR-03,1,1,0,2,6,0,0,0,0,0,0
2022-06-08,AST-4061,Screw Compressor,DHR-03,2,0,0,2,8,1,0,0,0,0,0
2022-06-09,AST-4061,Screw Compressor,DHR-03,3,2,0,5,16,1,1,1,1,1,1
2022-06-10,AST-4061,Screw Compressor,DHR-03,0,0,0,0,0,0,0,0,0,0,0
2022-06-11,AST-4061,Screw Compressor,DHR-03,0,0,0,0,0,0,0,0,0,0,0
2022-06-12,AST-4061,Screw Compressor,DHR-03,0,0,0,0,0,0,0,0,0,0,0
2022-06-13,AST-4061,Screw Compressor,DHR-03,0,1,0,1,2,0,0,0,0,0,0
2022-06-14,AST-4061,Screw Compressor,DHR-03,2,1,0,3,10,1,1,0,0,0,0
2022-06-15,AST-4061,Screw Compressor,DHR-03,1,1,1,3,7,1,0,0,0,0,0
2022-06-16,AST-4061,Screw Compressor,DHR-03,0,1,0,1,2,0,0,0,0,0,0
2022-06-17,AST-4061,Screw Compressor,DHR-03,0,1,0,1,2,0,0,0,0,0,0
2022-06-18,AST-4061,Screw Compressor,DHR-03,0,0,0,0,0,0,0,0,0,0,0
2022-06-19,AST-4061,Screw Compressor,DHR-03,0,0,0,0,0,0,0,0,0,0,0
2022-06-20,AST-4061,Screw Compressor,DHR-03,1,2,3,6,11,1,1,1,0,0,0
2022-06-21,AST-4061,Screw Compressor,DHR-03,0,0,0,0,0,0,0,0,0,0,0
2022-06-22,AST-4061,Screw Compressor,DHR-03,0,0,2,2,2,0,0,0,0,0,0
2022-06-23,AST-4061,Screw Compressor,DHR-03,1,1,0,2,6,0,0,0,0,0,0
2022-06-24,AST-4061,Screw Compressor,DHR-03,2,0,1,3,9,1,0,0,0,0,0
2022-06-25,AST-4061,Screw Compressor,DHR-03,0,0,0,0,0,0,0,0,0,0,0
2022-06-26,AST-4061,Screw Compressor,DHR-03,0,0,0,0,0,0,0,0,0,0,0
2022-06-27,AST-4061,Screw Compressor,DHR-03,0,0,1,1,1,0,0,0,0,0,0
2022-06-28,AST-4061,Screw Compressor,DHR-03,1,1,2,4,8,1,0,0,0,0,0
2022-06-29,AST-4061,Screw Compressor,DHR-03,1,3,1,5,11,1,1,1,0,0,0
2022-06-30,AST-4061,Screw Compressor,DHR-03,2,0,1,3,9,1,0,0,0,0,0
2022-07-01,AST-4061,Screw Compressor,DHR-03,1,2,1,4,9,1,0,0,0,0,0
2022-07-02,AST-4061,Screw Compressor,DHR-03,0,0,0,0,0,0,0,0,0,0,0
2022-07-03,AST-4061,Screw Compressor,DHR-03,0,0,0,0,0,0,0,0,0,0,0
2022-07-04,AST-4061,Screw Compressor,DHR-03,0,0,2,2,2,0,0,0,0,0,0
2022-07-05,AST-4061,Screw Compressor,DHR-03,1,1,2,4,8,1,0,0,0,0,0
2022-07-06,AST-4061,Screw Compressor,DHR-03,0,2,0,2,4,0,0,0,0,0,0
2022-07-07,AST-4061,Screw Compressor,DHR-03,1,0,1,2,5,0,0,0,0,0,0
2022-07-08,AST-4061,Screw Compressor,DHR-03,1,1,0,2,6,0,0,0,0,0,0
2022-07-09,AST-4061,Screw Compressor,DHR-03,0,0,0,0,0,0,0,0,0,0,0
2022-07-10,AST-4061,Screw Compressor,DHR-03,0,0,0,0,0,0,0,0,0,0,0
2022-07-11,AST-4061,Screw Compressor,DHR-03,1,1,0,2,6,0,0,0,0,0,0
2022-07-12,AST-4061,Screw Compressor,DHR-03,0,3,1,4,7,1,0,0,0,0,0
2022-07-13,AST-4061,Screw Compressor,DHR-03,2,2,1,5,13,1,1,1,1,1,0
2022-07-14,AST-4061,Screw Compressor,DHR-03,0,0,0,0,0,0,0,0,0,0,0
2022-07-15,AST-4061,Screw Compressor,DHR-03,1,2,0,3,8,1,0,0,0,0,0
2022-07-16,AST-4061,Screw Compressor,DHR-03,0,0,0,0,0,0,0,0,0,0,0
2022-07-17,AST-4061,Screw Compressor,DHR-03,0,0,0,0,0,0,0,0,0,0,0
2022-07-18,AST-4061,Screw Compressor,DHR-03,1,1,1,3,7,1,0,0,0,0,0
2022-07-19,AST-4061,Screw Compressor,DHR-03,1,1,0,2,6,0,0,0,0,0,0
2022-07-20,AST-4061,Screw Compressor,DHR-03,1,0,2,3,6,0,0,0,0,0,0
2022-07-21,AST-4061,Screw Compressor,DHR-03,0,0,0,0,0,0,0,0,0,0,0
2022-07-22,AST-4061,Screw Compressor,DHR-03,2,1,0,3,10,1,1,0,0,0,0
2022-07-23,AST-4061,Screw Compressor,DHR-03,0,0,0,0,0,0,0,0,0,0,0
2022-07-24,AST-4061,Screw Compressor,DHR-03,0,0,0,0,0,0,0,0,0,0,0
2022-07-25,AST-4061,Screw Compressor,DHR-03,1,0,0,1,4,0,0,0,0,0,0
2022-07-26,AST-4061,Screw Compressor,DHR-03,0,1,0,1,2,0,0,0,0,0,0
2022-07-27,AST-4061,Screw Compressor,DHR-03,0,1,0,1,2,0,0,0,0,0,0
2022-07-28,AST-4061,Screw Compressor,DHR-03,2,3,1,6,15,1,1,1,1,1,1
2022-07-29,AST-4061,Screw Compressor,DHR-03,1,1,1,3,7,1,0,0,0,0,0
2022-07-30,AST-4061,Screw Compressor,DHR-03,0,0,0,0,0,0,0,0,0,0,0
2022-07-31,AST-4061,Screw Compressor,DHR-03,0,0,0,0,0,0,0,0,0,0,0
2022-08-01,AST-4061,Screw Compressor,DHR-03,1,0,0,1,4,0,0,0,0,0,0
2022-08-02,AST-4061,Screw Compressor,DHR-03,0,1,0,1,2,0,0,0,0,0,0
2022-08-03,AST-4061,Screw Compressor,DHR-03,1,3,0,4,10,1,1,0,0,0,0
2022-08-04,AST-4061,Screw Compressor,DHR-03,0,2,1,3,5,0,0,0,0,0,0
2022-08-05,AST-4061,Screw Compressor,DHR-03,1,2,1,4,9,1,0,0,0,0,0
2022-08-06,AST-4061,Screw Compressor,DHR-03,0,0,0,0,0,0,0,0,0,0,0
2022-08-07,AST-4061,Screw Compressor,DHR-03,0,0,0,0,0,0,0,0,0,0,0
2022-08-08,AST-4061,Screw Compressor,DHR-03,0,1,1,2,3,0,0,0,0,0,0
2022-08-09,AST-4061,Screw Compressor,DHR-03,1,1,1,3,7,1,0,0,0,0,0
2022-08-10,AST-4061,Screw Compressor,DHR-03,2,2,0,4,12,1,1,1,1,0,0
2022-08-11,AST-4061,Screw Compressor,DHR-03,1,2,0,3,8,1,0,0,0,0,0
2022-08-12,AST-4061,Screw Compressor,DHR-03,0,2,1,3,5,0,0,0,0,0,0
2022-08-13,AST-4061,Screw Compressor,DHR-03,0,0,0,0,0,0,0,0,0,0,0
2022-08-14,AST-4061,Screw Compressor,DHR-03,0,0,0,0,0,0,0,0,0,0,0
2022-08-15,AST-4061,Screw Compressor,DHR-03,0,0,0,0,0,0,0,0,0,0,0
2022-08-16,AST-4061,Screw Compressor,DHR-03,0,1,1,2,3,0,0,0,0,0,0
2022-08-17,AST-4061,Screw Compressor,DHR-03,1,1,1,3,7,1,0,0,0,0,0
2022-08-18,AST-4061,Screw Compressor,DHR-03,1,1,0,2,6,0,0,0,0,0,0
2022-08-19,AST-4061,Screw Compressor,DHR-03,1,0,2,3,6,0,0,0,0,0,0
2022-08-20,AST-4061,Screw Compressor,DHR-03,0,0,0,0,0,0,0,0,0,0,0
2022-08-21,AST-4061,Screw Compressor,DHR-03,0,0,0,0,0,0,0,0,0,0,0
2022-08-22,AST-4061,Screw Compressor,DHR-03,1,0,0,1,4,0,0,0,0,0,0
2022-08-23,AST-4061,Screw Compressor,DHR-03,2,1,0,3,10,1,1,0,0,0,0
2022-08-24,AST-4061,Screw Compressor,DHR-03,1,0,0,1,4,0,0,0,0,0,0
2022-08-25,AST-4061,Screw Compressor,DHR-03,0,0,0,0,0,0,0,0,0,0,0
2022-08-26,AST-4061,Screw Compressor,DHR-03,0,3,0,3,6,0,0,0,0,0,0
2022-08-27,AST-4061,Screw Compressor,DHR-03,0,0,0,0,0,0,0,0,0,0,0
2022-08-28,AST-4061,Screw Compressor,DHR-03,0,0,0,0,0,0,0,0,0,0,0
2022-08-29,AST-4061,Screw Compressor,DHR-03,1,1,0,2,6,0,0,0,0,0,0
2022-08-30,AST-4061,Screw Compressor,DHR-03,0,2,1,3,5,0,0,0,0,0,0
2022-08-31,AST-4061,Screw Compressor,DHR-03,0,3,0,3,6,0,0,0,0,0,0
2022-09-01,AST-4061,Screw Compressor,DHR-03,0,1,0,1,2,0,0,0,0,0,0
2022-09-02,AST-4061,Screw Compressor,DHR-03,0,0,0,0,0,0,0,0,0,0,0
2022-09-03,AST-4061,Screw Compressor,DHR-03,0,0,0,0,0,0,0,0,0,0,0
2022-09-04,AST-4061,Screw Compressor,DHR-03,0,0,0,0,0,0,0,0,0,0,0
2022-09-05,AST-4061,Screw Compressor,DHR-03,3,1,1,5,15,1,1,1,1,1,1
2022-09-06,AST-4061,Screw Compressor,DHR-03,1,0,0,1,4,0,0,0,0,0,0
2022-09-07,AST-4061,Screw Compressor,DHR-03,1,1,0,2,6,0,0,0,0,0,0
2022-09-08,AST-4061,Screw Compressor,DHR-03,0,0,0,0,0,0,0,0,0,0,0
2022-09-09,AST-4061,Screw Compressor,DHR-03,2,2,0,4,12,1,1,1,1,0,0
2022-09-10,AST-4061,Screw Compressor,DHR-03,0,0,0,0,0,0,0,0,0,0,0
2022-09-11,AST-4061,Screw Compressor,DHR-03,0,0,0,0,0,0,0,0,0,0,0
2022-09-12,AST-4061,Screw Compressor,DHR-03,1,0,0,1,4,0,0,0,0,0,0
2022-09-13,AST-4061,Screw Compressor,DHR-03,1,2,1,4,9,1,0,0,0,0,0
2022-09-14,AST-4061,Screw Compressor,DHR-03,1,1,0,2,6,0,0,0,0,0,0
2022-09-15,AST-4061,Screw Compressor,DHR-03,1,0,1,2,5,0,0,0,0,0,0
2022-09-16,AST-4061,Screw Compressor,DHR-03,2,1,0,3,10,1,1,0,0,0,0
2022-09-17,AST-4061,Screw Compressor,DHR-03,0,0,0,0,0,0,0,0,0,0,0
2022-09-18,AST-4061,Screw Compressor,DHR-03,0,0,0,0,0,0,0,0,0,0,0
2022-09-19,AST-4061,Screw Compressor,DHR-03,1,0,0,1,4,0,0,0,0,0,0
2022-09-20,AST-4061,Screw Compressor,DHR-03,2,0,0,2,8,1,0,0,0,0,0
2022-09-21,AST-4061,Screw Compressor,DHR-03,0,0,1,1,1,0,0,0,0,0,0
2022-09-22,AST-4061,Screw Compressor,DHR-03,1,4,1,6,13,1,1,1,1,1,0
2022-09-23,AST-4061,Screw Compressor,DHR-03,3,1,1,5,15,1,1,1,1,1,1
2022-09-24,AST-4061,Screw Compressor,DHR-03,0,0,0,0,0,0,0,0,0,0,0
2022-09-25,AST-4061,Screw Compressor,DHR-03,0,0,0,0,0,0,0,0,0,0,0
2022-09-26,AST-4061,Screw Compressor,DHR-03,0,1,1,2,3,0,0,0,0,0,0
2022-09-27,AST-4061,Screw Compressor,DHR-03,1,0,1,2,5,0,0,0,0,0,0
2022-09-28,AST-4061,Screw Compressor,DHR-03,0,0,1,1,1,0,0,0,0,0,0
2022-09-29,AST-4061,Screw Compressor,DHR-03,0,1,0,1,2,0,0,0,0,0,0
2022-09-30,AST-4061,Screw Compressor,DHR-03,3,4,1,8,21,1,1,1,1,1,1
2022-10-01,AST-4061,Screw Compressor,DHR-03,0,0,0,0,0,0,0,0,0,0,0
2022-10-02,AST-4061,Screw Compressor,DHR-03,0,0,0,0,0,0,0,0,0,0,0
2022-10-03,AST-4061,Screw Compressor,DHR-03,0,1,1,2,3,0,0,0,0,0,0
2022-10-04,AST-4061,Screw Compressor,DHR-03,0,1,0,1,2,0,0,0,0,0,0
2022-10-05,AST-4061,Screw Compressor,DHR-03,0,2,0,2,4,0,0,0,0,0,0
2022-10-06,AST-4061,Screw Compressor,DHR-03,0,2,1,3,5,0,0,0,0,0,0
2022-10-07,AST-4061,Screw Compressor,DHR-03,1,2,0,3,8,1,0,0,0,0,0
2022-10-08,AST-4061,Screw Compressor,DHR-03,0,0,0,0,0,0,0,0,0,0,0
2022-10-09,AST-4061,Screw Compressor,DHR-03,0,0,0,0,0,0,0,0,0,0,0
2022-10-10,AST-4061,Screw Compressor,DHR-03,0,1,0,1,2,0,0,0,0,0,0
2022-10-11,AST-4061,Screw Compressor,DHR-03,1,2,2,5,10,1,1,0,0,0,0
2022-10-12,AST-4061,Screw Compressor,DHR-03,1,0,1,2,5,0,0,0,0,0,0
2022-10-13,AST-4061,Screw Compressor,DHR-03,2,2,0,4,12,1,1,1,1,0,0
2022-10-14,AST-4061,Screw Compressor,DHR-03,0,1,1,2,3,0,0,0,0,0,0
2022-10-15,AST-4061,Screw Compressor,DHR-03,0,0,0,0,0,0,0,0,0,0,0
2022-10-16,AST-4061,Screw Compressor,DHR-03,0,0,0,0,0,0,0,0,0,0,0
2022-10-17,AST-4061,Screw Compressor,DHR-03,1,0,1,2,5,0,0,0,0,0,0
2022-10-18,AST-4061,Screw Compressor,DHR-03,1,1,1,3,7,1,0,0,0,0,0
2022-10-19,AST-4061,Screw Compressor,DHR-03,2,1,0,3,10,1,1,0,0,0,0
2022-10-20,AST-4061,Screw Compressor,DHR-03,1,0,1,2,5,0,0,0,0,0,0
2022-10-21,AST-4061,Screw Compressor,DHR-03,0,2,2,4,6,0,0,0,0,0,0
2022-10-22,AST-4061,Screw Compressor,DHR-03,0,0,0,0,0,0,0,0,0,0,0
2022-10-23,AST-4061,Screw Compressor,DHR-03,0,0,0,0,0,0,0,0,0,0,0
2022-10-24,AST-4061,Screw Compressor,DHR-03,1,0,2,3,6,0,0,0,0,0,0
2022-10-25,AST-4061,Screw Compressor,DHR-03,0,2,2,4,6,0,0,0,0,0,0
2022-10-26,AST-4061,Screw Compressor,DHR-03,1,0,0,1,4,0,0,0,0,0,0
2022-10-27,AST-4061,Screw Compressor,DHR-03,1,0,1,2,5,0,0,0,0,0,0
2022-10-28,AST-4061,Screw Compressor,DHR-03,1,3,1,5,11,1,1,1,0,0,0
2022-10-29,AST-4061,Screw Compressor,DHR-03,0,0,0,0,0,0,0,0,0,0,0
2022-10-30,AST-4061,Screw Compressor,DHR-03,0,0,0,0,0,0,0,0,0,0,0
2022-10-31,AST-4061,Screw Compressor,DHR-03,1,0,0,1,4,0,0,0,0,0,0
2022-11-01,AST-4061,Screw Compressor,DHR-03,1,1,1,3,7,1,0,0,0,0,0
2022-11-02,AST-4061,Screw Compressor,DHR-03,1,2,0,3,8,1,0,0,0,0,0
2022-11-03,AST-4061,Screw Compressor,DHR-03,0,2,1,3,5,0,0,0,0,0,0
2022-11-04,AST-4061,Screw Compressor,DHR-03,1,1,0,2,6,0,0,0,0,0,0
2022-11-05,AST-4061,Screw Compressor,DHR-03,0,0,0,0,0,0,0,0,0,0,0
2022-11-06,AST-4061,Screw Compressor,DHR-03,0,0,0,0,0,0,0,0,0,0,0
2022-11-07,AST-4061,Screw Compressor,DHR-03,1,2,1,4,9,1,0,0,0,0,0
2022-11-08,AST-4061,Screw Compressor,DHR-03,1,1,0,2,6,0,0,0,0,0,0
2022-11-09,AST-4061,Screw Compressor,DHR-03,1,2,0,3,8,1,0,0,0,0,0
2022-11-10,AST-4061,Screw Compressor,DHR-03,1,2,0,3,8,1,0,0,0,0,0
2022-11-11,AST-4061,Screw Compressor,DHR-03,3,1,0,4,14,1,1,1,1,1,1
2022-11-12,AST-4061,Screw Compressor,DHR-03,0,0,0,0,0,0,0,0,0,0,0
2022-11-13,AST-4061,Screw Compressor,DHR-03,0,0,0,0,0,0,0,0,0,0,0
2022-11-14,AST-4061,Screw Compressor,DHR-03,2,1,1,4,11,1,1,1,0,0,0
2022-11-15,AST-4061,Screw Compressor,DHR-03,1,1,1,3,7,1,0,0,0,0,0
2022-11-16,AST-4061,Screw Compressor,DHR-03,0,1,0,1,2,0,0,0,0,0,0
2022-11-17,AST-4061,Screw Compressor,DHR-03,1,0,1,2,5,0,0,0,0,0,0
2022-11-18,AST-4061,Screw Compressor,DHR-03,1,2,1,4,9,1,0,0,0,0,0
2022-11-19,AST-4061,Screw Compressor,DHR-03,0,0,0,0,0,0,0,0,0,0,0
2022-11-20,AST-4061,Screw Compressor,DHR-03,0,0,0,0,0,0,0,0,0,0,0
2022-11-21,AST-4061,Screw Compressor,DHR-03,2,3,1,6,15,1,1,1,1,1,1
2022-11-22,AST-4061,Screw Compressor,DHR-03,0,1,1,2,3,0,0,0,0,0,0
2022-11-23,AST-4061,Screw Compressor,DHR-03,1,0,1,2,5,0,0,0,0,0,0
2022-11-24,AST-4061,Screw Compressor,DHR-03,0,1,1,2,3,0,0,0,0,0,0
2022-11-25,AST-4061,Screw Compressor,DHR-03,2,2,2,6,14,1,1,1,1,1,1
2022-11-26,AST-4061,Screw Compressor,DHR-03,0,0,0,0,0,0,0,0,0,0,0
2022-11-27,AST-4061,Screw Compressor,DHR-03,0,0,0,0,0,0,0,0,0,0,0
2022-11-28,AST-4061,Screw Compressor,DHR-03,1,1,0,2,6,0,0,0,0,0,0
2022-11-29,AST-4061,Screw Compressor,DHR-03,0,1,2,3,4,0,0,0,0,0,0
2022-11-30,AST-4061,Screw Compressor,DHR-03,1,2,0,3,8,1,0,0,0,0,0
2022-12-01,AST-4061,Screw Compressor,DHR-03,0,1,0,1,2,0,0,0,0,0,0
2022-12-02,AST-4061,Screw Compressor,DHR-03,2,0,0,2,8,1,0,0,0,0,0
2022-12-03,AST-4061,Screw Compressor,DHR-03,0,0,0,0,0,0,0,0,0,0,0
2022-12-04,AST-4061,Screw Compressor,DHR-03,0,0,0,0,0,0,0,0,0,0,0
2022-12-05,AST-4061,Screw Compressor,DHR-03,1,1,1,3,7,1,0,0,0,0,0
2022-12-06,AST-4061,Screw Compressor,DHR-03,3,3,0,6,18,1,1,1,1,1,1
2022-12-07,AST-4061,Screw Compressor,DHR-03,2,2,1,5,13,1,1,1,1,1,0
2022-12-08,AST-4061,Screw Compressor,DHR-03,1,1,0,2,6,0,0,0,0,0,0
2022-12-09,AST-4061,Screw Compressor,DHR-03,0,2,0,2,4,0,0,0,0,0,0
2022-12-10,AST-4061,Screw Compressor,DHR-03,0,0,0,0,0,0,0,0,0,0,0
2022-12-11,AST-4061,Screw Compressor,DHR-03,0,0,0,0,0,0,0,0,0,0,0
2022-12-12,AST-4061,Screw Compressor,DHR-03,0,3,1,4,7,1,0,0,0,0,0
2022-12-13,AST-4061,Screw Compressor,DHR-03,1,0,0,1,4,0,0,0,0,0,0
2022-12-14,AST-4061,Screw Compressor,DHR-03,2,2,0,4,12,1,1,1,1,0,0
2022-12-15,AST-4061,Screw Compressor,DHR-03,0,2,0,2,4,0,0,0,0,0,0
2022-12-16,AST-4061,Screw Compressor,DHR-03,0,1,1,2,3,0,0,0,0,0,0
2022-12-17,AST-4061,Screw Compressor,DHR-03,0,0,0,0,0,0,0,0,0,0,0
2022-12-18,AST-4061,Screw Compressor,DHR-03,0,0,0,0,0,0,0,0,0,0,0
2022-12-19,AST-4061,Screw Compressor,DHR-03,0,0,1,1,1,0,0,0,0,0,0
2022-12-20,AST-4061,Screw Compressor,DHR-03,1,2,0,3,8,1,0,0,0,0,0
2022-12-21,AST-4061,Screw Compressor,DHR-03,2,3,0,5,14,1,1,1,1,1,1
2022-12-22,AST-4061,Screw Compressor,DHR-03,1,0,0,1,4,0,0,0,0,0,0
2022-12-23,AST-4061,Screw Compressor,DHR-03,0,1,1,2,3,0,0,0,0,0,0
2022-12-24,AST-4061,Screw Compressor,DHR-03,0,0,0,0,0,0,0,0,0,0,0
2022-12-25,AST-4061,Screw Compressor,DHR-03,0,0,0,0,0,0,0,0,0,0,0
2022-12-26,AST-4061,Screw Compressor,DHR-03,0,0,0,0,0,0,0,0,0,0,0
2022-12-27,AST-4061,Screw Compressor,DHR-03,0,2,0,2,4,0,0,0,0,0,0
2022-12-28,AST-4061,Screw Compressor,DHR-03,1,0,0,1,4,0,0,0,0,0,0
2022-12-29,AST-4061,Screw Compressor,DHR-03,1,2,0,3,8,1,0,0,0,0,0
2022-12-30,AST-4061,Screw Compressor,DHR-03,1,0,1,2,5,0,0,0,0,0,0
2022-12-31,AST-4061,Screw Compressor,DHR-03,0,0,0,0,0,0,0,0,0,0,0
2023-01-01,AST-4061,Screw Compressor,DHR-03,0,0,0,0,0,0,0,0,0,0,0
2023-01-02,AST-4061,Screw Compressor,DHR-03,1,2,0,3,8,1,0,0,0,0,0
2023-01-03,AST-4061,Screw Compressor,DHR-03,1,0,0,1,4,0,0,0,0,0,0
2023-01-04,AST-4061,Screw Compressor,DHR-03,1,1,1,3,7,1,0,0,0,0,0
2023-01-05,AST-4061,Screw Compressor,DHR-03,0,0,0,0,0,0,0,0,0,0,0
2023-01-06,AST-4061,Screw Compressor,DHR-03,4,3,0,7,22,1,1,1,1,1,1
2023-01-07,AST-4061,Screw Compressor,DHR-03,0,0,0,0,0,0,0,0,0,0,0
2023-01-08,AST-4061,Screw Compressor,DHR-03,0,0,0,0,0,0,0,0,0,0,0
2023-01-09,AST-4061,Screw Compressor,DHR-03,0,3,1,4,7,1,0,0,0,0,0
2023-01-10,AST-4061,Screw Compressor,DHR-03,3,0,0,3,12,1,1,1,1,0,0
2023-01-11,AST-4061,Screw Compressor,DHR-03,0,2,2,4,6,0,0,0,0,0,0
2023-01-12,AST-4061,Screw Compressor,DHR-03,2,1,0,3,10,1,1,0,0,0,0
2023-01-13,AST-4061,Screw Compressor,DHR-03,1,0,0,1,4,0,0,0,0,0,0
2023-01-14,AST-4061,Screw Compressor,DHR-03,0,0,0,0,0,0,0,0,0,0,0
2023-01-15,AST-4061,Screw Compressor,DHR-03,0,0,0,0,0,0,0,0,0,0,0
2023-01-16,AST-4061,Screw Compressor,DHR-03,0,0,0,0,0,0,0,0,0,0,0
2023-01-17,AST-4061,Screw Compressor,DHR-03,1,2,0,3,8,1,0,0,0,0,0
2023-01-18,AST-4061,Screw Compressor,DHR-03,2,0,0,2,8,1,0,0,0,0,0
2023-01-19,AST-4061,Screw Compressor,DHR-03,3,4,0,7,20,1,1,1,1,1,1
2023-01-20,AST-4061,Screw Compressor,DHR-03,2,1,0,3,10,1,1,0,0,0,0
2023-01-21,AST-4061,Screw Compressor,DHR-03,0,0,0,0,0,0,0,0,0,0,0
2023-01-22,AST-4061,Screw Compressor,DHR-03,0,0,0,0,0,0,0,0,0,0,0
2023-01-23,AST-4061,Screw Compressor,DHR-03,0,1,0,1,2,0,0,0,0,0,0
2023-01-24,AST-4061,Screw Compressor,DHR-03,2,1,0,3,10,1,1,0,0,0,0
2023-01-25,AST-4061,Screw Compressor,DHR-03,0,1,0,1,2,0,0,0,0,0,0
2023-01-26,AST-4061,Screw Compressor,DHR-03,1,0,1,2,5,0,0,0,0,0,0
2023-01-27,AST-4061,Screw Compressor,DHR-03,0,3,2,5,8,1,0,0,0,0,0
2023-01-28,AST-4061,Screw Compressor,DHR-03,0,0,0,0,0,0,0,0,0,0,0
2023-01-29,AST-4061,Screw Compressor,DHR-03,0,0,0,0,0,0,0,0,0,0,0
2023-01-30,AST-4061,Screw Compressor,DHR-03,2,0,0,2,8,1,0,0,0,0,0
2023-01-31,AST-4061,Screw Compressor,DHR-03,1,3,0,4,10,1,1,0,0,0,0
2023-02-01,AST-4061,Screw Compressor,DHR-03,1,1,2,4,8,1,0,0,0,0,0
2023-02-02,AST-4061,Screw Compressor,DHR-03,2,1,0,3,10,1,1,0,0,0,0
2023-02-03,AST-4061,Screw Compressor,DHR-03,0,2,0,2,4,0,0,0,0,0,0
2023-02-04,AST-4061,Screw Compressor,DHR-03,0,0,0,0,0,0,0,0,0,0,0
2023-02-05,AST-4061,Screw Compressor,DHR-03,0,0,0,0,0,0,0,0,0,0,0
2023-02-06,AST-4061,Screw Compressor,DHR-03,0,1,0,1,2,0,0,0,0,0,0
2023-02-07,AST-4061,Screw Compressor,DHR-03,0,1,0,1,2,0,0,0,0,0,0
2023-02-08,AST-4061,Screw Compressor,DHR-03,0,2,1,3,5,0,0,0,0,0,0
2023-02-09,AST-4061,Screw Compressor,DHR-03,0,2,0,2,4,0,0,0,0,0,0
2023-02-10,AST-4061,Screw Compressor,DHR-03,2,0,0,2,8,1,0,0,0,0,0
2023-02-11,AST-4061,Screw Compressor,DHR-03,0,0,0,0,0,0,0,0,0,0,0
2023-02-12,AST-4061,Screw Compressor,DHR-03,0,0,0,0,0,0,0,0,0,0,0
2023-02-13,AST-4061,Screw Compressor,DHR-03,0,2,0,2,4,0,0,0,0,0,0
2023-02-14,AST-4061,Screw Compressor,DHR-03,0,1,0,1,2,0,0,0,0,0,0
2023-02-15,AST-4061,Screw Compressor,DHR-03,1,3,1,5,11,1,1,1,0,0,0
2023-02-16,AST-4061,Screw Compressor,DHR-03,3,1,0,4,14,1,1,1,1,1,1
2023-02-17,AST-4061,Screw Compressor,DHR-03,0,1,0,1,2,0,0,0,0,0,0
2023-02-18,AST-4061,Screw Compressor,DHR-03,0,0,0,0,0,0,0,0,0,0,0
2023-02-19,AST-4061,Screw Compressor,DHR-03,0,0,0,0,0,0,0,0,0,0,0
2023-02-20,AST-4061,Screw Compressor,DHR-03,0,1,0,1,2,0,0,0,0,0,0
2023-02-21,AST-4061,Screw Compressor,DHR-03,1,1,0,2,6,0,0,0,0,0,0
2023-02-22,AST-4061,Screw Compressor,DHR-03,2,2,1,5,13,1,1,1,1,1,0
2023-02-23,AST-4061,Screw Compressor,DHR-03,2,0,0,2,8,1,0,0,0,0,0
2023-02-24,AST-4061,Screw Compressor,DHR-03,1,2,1,4,9,1,0,0,0,0,0
2023-02-25,AST-4061,Screw Compressor,DHR-03,0,0,0,0,0,0,0,0,0,0,0
2023-02-26,AST-4061,Screw Compressor,DHR-03,0,0,0,0,0,0,0,0,0,0,0
2023-02-27,AST-4061,Screw Compressor,DHR-03,0,1,0,1,2,0,0,0,0,0,0
2023-02-28,AST-4061,Screw Compressor,DHR-03,1,1,0,2,6,0,0,0,0,0,0
2023-03-01,AST-4061,Screw Compressor,DHR-03,1,0,1,2,5,0,0,0,0,0,0
2023-03-02,AST-4061,Screw Compressor,DHR-03,3,0,0,3,12,1,1,1,1,0,0
2023-03-03,AST-4061,Screw Compressor,DHR-03,0,1,0,1,2,0,0,0,0,0,0
2023-03-04,AST-4061,Screw Compressor,DHR-03,0,0,0,0,0,0,0,0,0,0,0
2023-03-05,AST-4061,Screw Compressor,DHR-03,0,0,0,0,0,0,0,0,0,0,0
2023-03-06,AST-4061,Screw Compressor,DHR-03,1,0,0,1,4,0,0,0,0,0,0
2023-03-07,AST-4061,Screw Compressor,DHR-03,0,0,0,0,0,0,0,0,0,0,0
2023-03-08,AST-4061,Screw Compressor,DHR-03,1,1,0,2,6,0,0,0,0,0,0
2023-03-09,AST-4061,Screw Compressor,DHR-03,2,2,0,4,12,1,1,1,1,0,0
2023-03-10,AST-4061,Screw Compressor,DHR-03,0,2,1,3,5,0,0,0,0,0,0
2023-03-11,AST-4061,Screw Compressor,DHR-03,0,0,0,0,0,0,0,0,0,0,0
2023-03-12,AST-4061,Screw Compressor,DHR-03,0,0,0,0,0,0,0,0,0,0,0
2023-03-13,AST-4061,Screw Compressor,DHR-03,2,1,1,4,11,1,1,1,0,0,0
2023-03-14,AST-4061,Screw Compressor,DHR-03,0,2,1,3,5,0,0,0,0,0,0
2023-03-15,AST-4061,Screw Compressor,DHR-03,1,1,0,2,6,0,0,0,0,0,0
2023-03-16,AST-4061,Screw Compressor,DHR-03,2,1,0,3,10,1,1,0,0,0,0
2023-03-17,AST-4061,Screw Compressor,DHR-03,2,1,0,3,10,1,1,0,0,0,0
2023-03-18,AST-4061,Screw Compressor,DHR-03,0,0,0,0,0,0,0,0,0,0,0
2023-03-19,AST-4061,Screw Compressor,DHR-03,0,0,0,0,0,0,0,0,0,0,0
2023-03-20,AST-4061,Screw Compressor,DHR-03,2,2,1,5,13,1,1,1,1,1,0
2023-03-21,AST-4061,Screw Compressor,DHR-03,0,1,0,1,2,0,0,0,0,0,0
2023-03-22,AST-4061,Screw Compressor,DHR-03,1,0,1,2,5,0,0,0,0,0,0
2023-03-23,AST-4061,Screw Compressor,DHR-03,0,2,1,3,5,0,0,0,0,0,0
2023-03-24,AST-4061,Screw Compressor,DHR-03,2,2,1,5,13,1,1,1,1,1,0
2023-03-25,AST-4061,Screw Compressor,DHR-03,0,0,0,0,0,0,0,0,0,0,0
2023-03-26,AST-4061,Screw Compressor,DHR-03,0,0,0,0,0,0,0,0,0,0,0
2023-03-27,AST-4061,Screw Compressor,DHR-03,1,0,1,2,5,0,0,0,0,0,0
2023-03-28,AST-4061,Screw Compressor,DHR-03,3,0,1,4,13,1,1,1,1,1,0
2023-03-29,AST-4061,Screw Compressor,DHR-03,1,0,1,2,5,0,0,0,0,0,0
2023-03-30,AST-4061,Screw Compressor,DHR-03,0,0,0,0,0,0,0,0,0,0,0
2023-03-31,AST-4061,Screw Compressor,DHR-03,0,2,1,3,5,0,0,0,0,0,0
2023-04-01,AST-4061,Screw Compressor,DHR-03,0,0,0,0,0,0,0,0,0,0,0
2023-04-02,AST-4061,Screw Compressor,DHR-03,0,0,0,0,0,0,0,0,0,0,0
2023-04-03,AST-4061,Screw Compressor,DHR-03,1,1,0,2,6,0,0,0,0,0,0
2023-04-04,AST-4061,Screw Compressor,DHR-03,1,1,0,2,6,0,0,0,0,0,0
2023-04-05,AST-4061,Screw Compressor,DHR-03,0,1,2,3,4,0,0,0,0,0,0
2023-04-06,AST-4061,Screw Compressor,DHR-03,1,2,0,3,8,1,0,0,0,0,0
2023-04-07,AST-4061,Screw Compressor,DHR-03,0,2,0,2,4,0,0,0,0,0,0
2023-04-08,AST-4061,Screw Compressor,DHR-03,0,0,0,0,0,0,0,0,0,0,0
2023-04-09,AST-4061,Screw Compressor,DHR-03,0,0,0,0,0,0,0,0,0,0,0
2023-04-10,AST-4061,Screw Compressor,DHR-03,1,1,0,2,6,0,0,0,0,0,0
2023-04-11,AST-4061,Screw Compressor,DHR-03,1,3,0,4,10,1,1,0,0,0,0
2023-04-12,AST-4061,Screw Compressor,DHR-03,1,1,0,2,6,0,0,0,0,0,0
2023-04-13,AST-4061,Screw Compressor,DHR-03,0,1,0,1,2,0,0,0,0,0,0
2023-04-14,AST-4061,Screw Compressor,DHR-03,0,0,1,1,1,0,0,0,0,0,0
2023-04-15,AST-4061,Screw Compressor,DHR-03,0,0,0,0,0,0,0,0,0,0,0
2023-04-16,AST-4061,Screw Compressor,DHR-03,0,0,0,0,0,0,0,0,0,0,0
2023-04-17,AST-4061,Screw Compressor,DHR-03,1,0,0,1,4,0,0,0,0,0,0
2023-04-18,AST-4061,Screw Compressor,DHR-03,1,1,0,2,6,0,0,0,0,0,0
2023-04-19,AST-4061,Screw Compressor,DHR-03,2,2,0,4,12,1,1,1,1,0,0
2023-04-20,AST-4061,Screw Compressor,DHR-03,1,2,1,4,9,1,0,0,0,0,0
2023-04-21,AST-4061,Screw Compressor,DHR-03,3,0,1,4,13,1,1,1,1,1,0
2023-04-22,AST-4061,Screw Compressor,DHR-03,0,0,0,0,0,0,0,0,0,0,0
2023-04-23,AST-4061,Screw Compressor,DHR-03,0,0,0,0,0,0,0,0,0,0,0
2023-04-24,AST-4061,Screw Compressor,DHR-03,2,0,1,3,9,1,0,0,0,0,0
2023-04-25,AST-4061,Screw Compressor,DHR-03,1,1,0,2,6,0,0,0,0,0,0
2023-04-26,AST-4061,Screw Compressor,DHR-03,0,1,0,1,2,0,0,0,0,0,0
2023-04-27,AST-4061,Screw Compressor,DHR-03,0,1,1,2,3,0,0,0,0,0,0
2023-04-28,AST-4061,Screw Compressor,DHR-03,1,1,0,2,6,0,0,0,0,0,0
2023-04-29,AST-4061,Screw Compressor,DHR-03,0,0,0,0,0,0,0,0,0,0,0
2023-04-30,AST-4061,Screw Compressor,DHR-03,0,0,0,0,0,0,0,0,0,0,0
2023-05-01,AST-4061,Screw Compressor,DHR-03,1,2,0,3,8,1,0,0,0,0,0
2023-05-02,AST-4061,Screw Compressor,DHR-03,2,2,0,4,12,1,1,1,1,0,0
2023-05-03,AST-4061,Screw Compressor,DHR-03,3,0,0,3,12,1,1,1,1,0,0
2023-05-04,AST-4061,Screw Compressor,DHR-03,2,0,0,2,8,1,0,0,0,0,0
2023-05-05,AST-4061,Screw Compressor,DHR-03,1,2,0,3,8,1,0,0,0,0,0
2023-05-06,AST-4061,Screw Compressor,DHR-03,0,0,0,0,0,0,0,0,0,0,0
2023-05-07,AST-4061,Screw Compressor,DHR-03,0,0,0,0,0,0,0,0,0,0,0
2023-05-08,AST-4061,Screw Compressor,DHR-03,1,1,0,2,6,0,0,0,0,0,0
2023-05-09,AST-4061,Screw Compressor,DHR-03,0,1,0,1,2,0,0,0,0,0,0
2023-05-10,AST-4061,Screw Compressor,DHR-03,0,2,1,3,5,0,0,0,0,0,0
2023-05-11,AST-4061,Screw Compressor,DHR-03,0,1,0,1,2,0,0,0,0,0,0
2023-05-12,AST-4061,Screw Compressor,DHR-03,1,2,1,4,9,1,0,0,0,0,0
2023-05-13,AST-4061,Screw Compressor,DHR-03,0,0,0,0,0,0,0,0,0,0,0
2023-05-14,AST-4061,Screw Compressor,DHR-03,0,0,0,0,0,0,0,0,0,0,0
2023-05-15,AST-4061,Screw Compressor,DHR-03,0,2,0,2,4,0,0,0,0,0,0
2023-05-16,AST-4061,Screw Compressor,DHR-03,2,0,0,2,8,1,0,0,0,0,0
2023-05-17,AST-4061,Screw Compressor,DHR-03,3,0,0,3,12,1,1,1,1,0,0
2023-05-18,AST-4061,Screw Compressor,DHR-03,0,1,1,2,3,0,0,0,0,0,0
2023-05-19,AST-4061,Screw Compressor,DHR-03,2,1,0,3,10,1,1,0,0,0,0
2023-05-20,AST-4061,Screw Compressor,DHR-03,0,0,0,0,0,0,0,0,0,0,0
2023-05-21,AST-4061,Screw Compressor,DHR-03,0,0,0,0,0,0,0,0,0,0,0
2023-05-22,AST-4061,Screw Compressor,DHR-03,0,0,1,1,1,0,0,0,0,0,0
2023-05-23,AST-4061,Screw Compressor,DHR-03,2,0,0,2,8,1,0,0,0,0,0
2023-05-24,AST-4061,Screw Compressor,DHR-03,0,1,0,1,2,0,0,0,0,0,0
2023-05-25,AST-4061,Screw Compressor,DHR-03,1,0,0,1,4,0,0,0,0,0,0
2023-05-26,AST-4061,Screw Compressor,DHR-03,0,1,1,2,3,0,0,0,0,0,0
2023-05-27,AST-4061,Screw Compressor,DHR-03,0,0,0,0,0,0,0,0,0,0,0
2023-05-28,AST-4061,Screw Compressor,DHR-03,0,0,0,0,0,0,0,0,0,0,0
2023-05-29,AST-4061,Screw Compressor,DHR-03,0,1,0,1,2,0,0,0,0,0,0
2023-05-30,AST-4061,Screw Compressor,DHR-03,0,1,1,2,3,0,0,0,0,0,0
2023-05-31,AST-4061,Screw Compressor,DHR-03,0,0,0,0,0,0,0,0,0,0,0
2023-06-01,AST-4061,Screw Compressor,DHR-03,1,0,3,4,7,1,0,0,0,0,0
2023-06-02,AST-4061,Screw Compressor,DHR-03,0,0,1,1,1,0,0,0,0,0,0
2023-06-03,AST-4061,Screw Compressor,DHR-03,0,0,0,0,0,0,0,0,0,0,0
2023-06-04,AST-4061,Screw Compressor,DHR-03,0,0,0,0,0,0,0,0,0,0,0
2023-06-05,AST-4061,Screw Compressor,DHR-03,2,2,1,5,13,1,1,1,1,1,0
2023-06-06,AST-4061,Screw Compressor,DHR-03,0,1,1,2,3,0,0,0,0,0,0
2023-06-07,AST-4061,Screw Compressor,DHR-03,0,3,0,3,6,0,0,0,0,0,0
2023-06-08,AST-4061,Screw Compressor,DHR-03,1,1,1,3,7,1,0,0,0,0,0
2023-06-09,AST-4061,Screw Compressor,DHR-03,1,1,1,3,7,1,0,0,0,0,0
2023-06-10,AST-4061,Screw Compressor,DHR-03,0,0,0,0,0,0,0,0,0,0,0
2023-06-11,AST-4061,Screw Compressor,DHR-03,0,0,0,0,0,0,0,0,0,0,0
2023-06-12,AST-4061,Screw Compressor,DHR-03,1,1,1,3,7,1,0,0,0,0,0
2023-06-13,AST-4061,Screw Compressor,DHR-03,0,1,0,1,2,0,0,0,0,0,0
2023-06-14,AST-4061,Screw Compressor,DHR-03,2,1,0,3,10,1,1,0,0,0,0
2023-06-15,AST-4061,Screw Compressor,DHR-03,1,1,1,3,7,1,0,0,0,0,0
2023-06-16,AST-4061,Screw Compressor,DHR-03,0,0,0,0,0,0,0,0,0,0,0
2023-06-17,AST-4061,Screw Compressor,DHR-03,0,0,0,0,0,0,0,0,0,0,0
2023-06-18,AST-4061,Screw Compressor,DHR-03,0,0,0,0,0,0,0,0,0,0,0
2023-06-19,AST-4061,Screw Compressor,DHR-03,2,1,0,3,10,1,1,0,0,0,0
2023-06-20,AST-4061,Screw Compressor,DHR-03,2,3,1,6,15,1,1,1,1,1,1
2023-06-21,AST-4061,Screw Compressor,DHR-03,1,1,1,3,7,1,0,0,0,0,0
2023-06-22,AST-4061,Screw Compressor,DHR-03,3,0,0,3,12,1,1,1,1,0,0
2023-06-23,AST-4061,Screw Compressor,DHR-03,1,0,0,1,4,0,0,0,0,0,0
2023-06-24,AST-4061,Screw Compressor,DHR-03,0,0,0,0,0,0,0,0,0,0,0
2023-06-25,AST-4061,Screw Compressor,DHR-03,0,0,0,0,0,0,0,0,0,0,0
2023-06-26,AST-4061,Screw Compressor,DHR-03,1,0,3,4,7,1,0,0,0,0,0
2023-06-27,AST-4061,Screw Compressor,DHR-03,2,2,0,4,12,1,1,1,1,0,0
2023-06-28,AST-4061,Screw Compressor,DHR-03,1,1,2,4,8,1,0,0,0,0,0
2023-06-29,AST-4061,Screw Compressor,DHR-03,0,1,0,1,2,0,0,0,0,0,0
2023-06-30,AST-4061,Screw Compressor,DHR-03,3,1,0,4,14,1,1,1,1,1,1
2023-07-01,AST-4061,Screw Compressor,DHR-03,0,0,0,0,0,0,0,0,0,0,0
2023-07-02,AST-4061,Screw Compressor,DHR-03,0,0,0,0,0,0,0,0,0,0,0
2023-07-03,AST-4061,Screw Compressor,DHR-03,1,1,0,2,6,0,0,0,0,0,0
2023-07-04,AST-4061,Screw Compressor,DHR-03,1,3,1,5,11,1,1,1,0,0,0
2023-07-05,AST-4061,Screw Compressor,DHR-03,2,2,1,5,13,1,1,1,1,1,0
2023-07-06,AST-4061,Screw Compressor,DHR-03,2,3,1,6,15,1,1,1,1,1,1
2023-07-07,AST-4061,Screw Compressor,DHR-03,1,2,1,4,9,1,0,0,0,0,0
2023-07-08,AST-4061,Screw Compressor,DHR-03,0,0,0,0,0,0,0,0,0,0,0
2023-07-09,AST-4061,Screw Compressor,DHR-03,0,0,0,0,0,0,0,0,0,0,0
2023-07-10,AST-4061,Screw Compressor,DHR-03,1,0,0,1,4,0,0,0,0,0,0
2023-07-11,AST-4061,Screw Compressor,DHR-03,2,1,0,3,10,1,1,0,0,0,0
2023-07-12,AST-4061,Screw Compressor,DHR-03,1,3,0,4,10,1,1,0,0,0,0
2023-07-13,AST-4061,Screw Compressor,DHR-03,0,1,0,1,2,0,0,0,0,0,0
2023-07-14,AST-4061,Screw Compressor,DHR-03,1,2,0,3,8,1,0,0,0,0,0
2023-07-15,AST-4061,Screw Compressor,DHR-03,0,0,0,0,0,0,0,0,0,0,0
2023-07-16,AST-4061,Screw Compressor,DHR-03,0,0,0,0,0,0,0,0,0,0,0
2023-07-17,AST-4061,Screw Compressor,DHR-03,0,1,1,2,3,0,0,0,0,0,0
2023-07-18,AST-4061,Screw Compressor,DHR-03,0,1,1,2,3,0,0,0,0,0,0
2023-07-19,AST-4061,Screw Compressor,DHR-03,0,1,1,2,3,0,0,0,0,0,0
2023-07-20,AST-4061,Screw Compressor,DHR-03,1,2,0,3,8,1,0,0,0,0,0
2023-07-21,AST-4061,Screw Compressor,DHR-03,2,1,0,3,10,1,1,0,0,0,0
2023-07-22,AST-4061,Screw Compressor,DHR-03,0,0,0,0,0,0,0,0,0,0,0
2023-07-23,AST-4061,Screw Compressor,DHR-03,0,0,0,0,0,0,0,0,0,0,0
2023-07-24,AST-4061,Screw Compressor,DHR-03,0,2,2,4,6,0,0,0,0,0,0
2023-07-25,AST-4061,Screw Compressor,DHR-03,3,1,0,4,14,1,1,1,1,1,1
2023-07-26,AST-4061,Screw Compressor,DHR-03,2,0,0,2,8,1,0,0,0,0,0
2023-07-27,AST-4061,Screw Compressor,DHR-03,3,0,0,3,12,1,1,1,1,0,0
2023-07-28,AST-4061,Screw Compressor,DHR-03,0,1,0,1,2,0,0,0,0,0,0
2023-07-29,AST-4061,Screw Compressor,DHR-03,0,0,0,0,0,0,0,0,0,0,0
2023-07-30,AST-4061,Screw Compressor,DHR-03,0,0,0,0,0,0,0,0,0,0,0
2023-07-31,AST-4061,Screw Compressor,DHR-03,0,0,0,0,0,0,0,0,0,0,0
2023-08-01,AST-4061,Screw Compressor,DHR-03,1,3,0,4,10,1,1,0,0,0,0
2023-08-02,AST-4061,Screw Compressor,DHR-03,1,0,0,1,4,0,0,0,0,0,0
2023-08-03,AST-4061,Screw Compressor,DHR-03,0,1,1,2,3,0,0,0,0,0,0
2023-08-04,AST-4061,Screw Compressor,DHR-03,1,2,0,3,8,1,0,0,0,0,0
2023-08-05,AST-4061,Screw Compressor,DHR-03,0,0,0,0,0,0,0,0,0,0,0
2023-08-06,AST-4061,Screw Compressor,DHR-03,0,0,0,0,0,0,0,0,0,0,0
2023-08-07,AST-4061,Screw Compressor,DHR-03,1,0,0,1,4,0,0,0,0,0,0
2023-08-08,AST-4061,Screw Compressor,DHR-03,1,1,1,3,7,1,0,0,0,0,0
2023-08-09,AST-4061,Screw Compressor,DHR-03,0,2,0,2,4,0,0,0,0,0,0
2023-08-10,AST-4061,Screw Compressor,DHR-03,1,1,1,3,7,1,0,0,0,0,0
2023-08-11,AST-4061,Screw Compressor,DHR-03,1,1,0,2,6,0,0,0,0,0,0
2023-08-12,AST-4061,Screw Compressor,DHR-03,0,0,0,0,0,0,0,0,0,0,0
2023-08-13,AST-4061,Screw Compressor,DHR-03,0,0,0,0,0,0,0,0,0,0,0
2023-08-14,AST-4061,Screw Compressor,DHR-03,0,2,0,2,4,0,0,0,0,0,0
2023-08-15,AST-4061,Screw Compressor,DHR-03,2,0,0,2,8,1,0,0,0,0,0
2023-08-16,AST-4061,Screw Compressor,DHR-03,1,1,0,2,6,0,0,0,0,0,0
2023-08-17,AST-4061,Screw Compressor,DHR-03,1,1,0,2,6,0,0,0,0,0,0
2023-08-18,AST-4061,Screw Compressor,DHR-03,1,2,0,3,8,1,0,0,0,0,0
2023-08-19,AST-4061,Screw Compressor,DHR-03,0,0,0,0,0,0,0,0,0,0,0
2023-08-20,AST-4061,Screw Compressor,DHR-03,0,0,0,0,0,0,0,0,0,0,0
2023-08-21,AST-4061,Screw Compressor,DHR-03,1,1,1,3,7,1,0,0,0,0,0
2023-08-22,AST-4061,Screw Compressor,DHR-03,2,1,2,5,12,1,1,1,1,0,0
2023-08-23,AST-4061,Screw Compressor,DHR-03,1,2,0,3,8,1,0,0,0,0,0
2023-08-24,AST-4061,Screw Compressor,DHR-03,1,0,1,2,5,0,0,0,0,0,0
2023-08-25,AST-4061,Screw Compressor,DHR-03,0,1,1,2,3,0,0,0,0,0,0
2023-08-26,AST-4061,Screw Compressor,DHR-03,0,0,0,0,0,0,0,0,0,0,0
2023-08-27,AST-4061,Screw Compressor,DHR-03,0,0,0,0,0,0,0,0,0,0,0
2023-08-28,AST-4061,Screw Compressor,DHR-03,0,0,1,1,1,0,0,0,0,0,0
2023-08-29,AST-4061,Screw Compressor,DHR-03,2,1,0,3,10,1,1,0,0,0,0
2023-08-30,AST-4061,Screw Compressor,DHR-03,1,2,0,3,8,1,0,0,0,0,0
2023-08-31,AST-4061,Screw Compressor,DHR-03,0,2,0,2,4,0,0,0,0,0,0
2023-09-01,AST-4061,Screw Compressor,DHR-03,2,1,0,3,10,1,1,0,0,0,0
2023-09-02,AST-4061,Screw Compressor,DHR-03,0,0,0,0,0,0,0,0,0,0,0
2023-09-03,AST-4061,Screw Compressor,DHR-03,0,0,0,0,0,0,0,0,0,0,0
2023-09-04,AST-4061,Screw Compressor,DHR-03,2,4,0,6,16,1,1,1,1,1,1
2023-09-05,AST-4061,Screw Compressor,DHR-03,1,1,0,2,6,0,0,0,0,0,0
2023-09-06,AST-4061,Screw Compressor,DHR-03,2,1,0,3,10,1,1,0,0,0,0
2023-09-07,AST-4061,Screw Compressor,DHR-03,2,0,0,2,8,1,0,0,0,0,0
2023-09-08,AST-4061,Screw Compressor,DHR-03,0,1,1,2,3,0,0,0,0,0,0
2023-09-09,AST-4061,Screw Compressor,DHR-03,0,0,0,0,0,0,0,0,0,0,0
2023-09-10,AST-4061,Screw Compressor,DHR-03,0,0,0,0,0,0,0,0,0,0,0
2023-09-11,AST-4061,Screw Compressor,DHR-03,0,1,0,1,2,0,0,0,0,0,0
2023-09-12,AST-4061,Screw Compressor,DHR-03,1,1,1,3,7,1,0,0,0,0,0
2023-09-13,AST-4061,Screw Compressor,DHR-03,2,1,0,3,10,1,1,0,0,0,0
2023-09-14,AST-4061,Screw Compressor,DHR-03,0,0,2,2,2,0,0,0,0,0,0
2023-09-15,AST-4061,Screw Compressor,DHR-03,0,2,1,3,5,0,0,0,0,0,0
2023-09-16,AST-4061,Screw Compressor,DHR-03,0,0,0,0,0,0,0,0,0,0,0
2023-09-17,AST-4061,Screw Compressor,DHR-03,0,0,0,0,0,0,0,0,0,0,0
2023-09-18,AST-4061,Screw Compressor,DHR-03,1,1,0,2,6,0,0,0,0,0,0
2023-09-19,AST-4061,Screw Compressor,DHR-03,0,1,1,2,3,0,0,0,0,0,0
2023-09-20,AST-4061,Screw Compressor,DHR-03,1,1,1,3,7,1,0,0,0,0,0
2023-09-21,AST-4061,Screw Compressor,DHR-03,1,1,1,3,7,1,0,0,0,0,0
2023-09-22,AST-4061,Screw Compressor,DHR-03,0,0,0,0,0,0,0,0,0,0,0
2023-09-23,AST-4061,Screw Compressor,DHR-03,0,0,0,0,0,0,0,0,0,0,0
2023-09-24,AST-4061,Screw Compressor,DHR-03,0,0,0,0,0,0,0,0,0,0,0
2023-09-25,AST-4061,Screw Compressor,DHR-03,2,2,0,4,12,1,1,1,1,0,0
2023-09-26,AST-4061,Screw Compressor,DHR-03,2,1,1,4,11,1,1,1,0,0,0
2023-09-27,AST-4061,Screw Compressor,DHR-03,1,1,0,2,6,0,0,0,0,0,0
2023-09-28,AST-4061,Screw Compressor,DHR-03,2,2,0,4,12,1,1,1,1,0,0
2023-09-29,AST-4061,Screw Compressor,DHR-03,0,3,0,3,6,0,0,0,0,0,0
2023-09-30,AST-4061,Screw Compressor,DHR-03,0,0,0,0,0,0,0,0,0,0,0
2023-10-01,AST-4061,Screw Compressor,DHR-03,0,0,0,0,0,0,0,0,0,0,0
2023-10-02,AST-4061,Screw Compressor,DHR-03,2,2,0,4,12,1,1,1,1,0,0
2023-10-03,AST-4061,Screw Compressor,DHR-03,2,1,0,3,10,1,1,0,0,0,0
2023-10-04,AST-4061,Screw Compressor,DHR-03,0,2,1,3,5,0,0,0,0,0,0
2023-10-05,AST-4061,Screw Compressor,DHR-03,1,2,0,3,8,1,0,0,0,0,0
2023-10-06,AST-4061,Screw Compressor,DHR-03,0,1,1,2,3,0,0,0,0,0,0
2023-10-07,AST-4061,Screw Compressor,DHR-03,0,0,0,0,0,0,0,0,0,0,0
2023-10-08,AST-4061,Screw Compressor,DHR-03,0,0,0,0,0,0,0,0,0,0,0
2023-10-09,AST-4061,Screw Compressor,DHR-03,1,1,0,2,6,0,0,0,0,0,0
2023-10-10,AST-4061,Screw Compressor,DHR-03,1,1,0,2,6,0,0,0,0,0,0
2023-10-11,AST-4061,Screw Compressor,DHR-03,0,2,0,2,4,0,0,0,0,0,0
2023-10-12,AST-4061,Screw Compressor,DHR-03,2,1,1,4,11,1,1,1,0,0,0
2023-10-13,AST-4061,Screw Compressor,DHR-03,0,0,0,0,0,0,0,0,0,0,0
2023-10-14,AST-4061,Screw Compressor,DHR-03,0,0,0,0,0,0,0,0,0,0,0
2023-10-15,AST-4061,Screw Compressor,DHR-03,0,0,0,0,0,0,0,0,0,0,0
2023-10-16,AST-4061,Screw Compressor,DHR-03,2,1,0,3,10,1,1,0,0,0,0
2023-10-17,AST-4061,Screw Compressor,DHR-03,3,1,1,5,15,1,1,1,1,1,1
2023-10-18,AST-4061,Screw Compressor,DHR-03,2,1,0,3,10,1,1,0,0,0,0
2023-10-19,AST-4061,Screw Compressor,DHR-03,2,3,0,5,14,1,1,1,1,1,1
2023-10-20,AST-4061,Screw Compressor,DHR-03,1,1,0,2,6,0,0,0,0,0,0
2023-10-21,AST-4061,Screw Compressor,DHR-03,0,0,0,0,0,0,0,0,0,0,0
2023-10-22,AST-4061,Screw Compressor,DHR-03,0,0,0,0,0,0,0,0,0,0,0
2023-10-23,AST-4061,Screw Compressor,DHR-03,2,2,1,5,13,1,1,1,1,1,0
2023-10-24,AST-4061,Screw Compressor,DHR-03,2,0,0,2,8,1,0,0,0,0,0
2023-10-25,AST-4061,Screw Compressor,DHR-03,0,3,1,4,7,1,0,0,0,0,0
2023-10-26,AST-4061,Screw Compressor,DHR-03,0,1,0,1,2,0,0,0,0,0,0
2023-10-27,AST-4061,Screw Compressor,DHR-03,3,3,1,7,19,1,1,1,1,1,1
2023-10-28,AST-4061,Screw Compressor,DHR-03,0,0,0,0,0,0,0,0,0,0,0
2023-10-29,AST-4061,Screw Compressor,DHR-03,0,0,0,0,0,0,0,0,0,0,0
2023-10-30,AST-4061,Screw Compressor,DHR-03,1,0,0,1,4,0,0,0,0,0,0
2023-10-31,AST-4061,Screw Compressor,DHR-03,0,1,0,1,2,0,0,0,0,0,0
2023-11-01,AST-4061,Screw Compressor,DHR-03,1,1,1,3,7,1,0,0,0,0,0
2023-11-02,AST-4061,Screw Compressor,DHR-03,1,0,0,1,4,0,0,0,0,0,0
2023-11-03,AST-4061,Screw Compressor,DHR-03,1,2,1,4,9,1,0,0,0,0,0
2023-11-04,AST-4061,Screw Compressor,DHR-03,0,0,0,0,0,0,0,0,0,0,0
2023-11-05,AST-4061,Screw Compressor,DHR-03,0,0,0,0,0,0,0,0,0,0,0
2023-11-06,AST-4061,Screw Compressor,DHR-03,1,2,2,5,10,1,1,0,0,0,0
2023-11-07,AST-4061,Screw Compressor,DHR-03,0,4,0,4,8,1,0,0,0,0,0
2023-11-08,AST-4061,Screw Compressor,DHR-03,1,0,0,1,4,0,0,0,0,0,0
2023-11-09,AST-4061,Screw Compressor,DHR-03,1,1,0,2,6,0,0,0,0,0,0
2023-11-10,AST-4061,Screw Compressor,DHR-03,1,0,0,1,4,0,0,0,0,0,0
2023-11-11,AST-4061,Screw Compressor,DHR-03,0,0,0,0,0,0,0,0,0,0,0
2023-11-12,AST-4061,Screw Compressor,DHR-03,0,0,0,0,0,0,0,0,0,0,0
2023-11-13,AST-4061,Screw Compressor,DHR-03,0,1,0,1,2,0,0,0,0,0,0
2023-11-14,AST-4061,Screw Compressor,DHR-03,0,1,0,1,2,0,0,0,0,0,0
2023-11-15,AST-4061,Screw Compressor,DHR-03,2,2,0,4,12,1,1,1,1,0,0
2023-11-16,AST-4061,Screw Compressor,DHR-03,1,1,0,2,6,0,0,0,0,0,0
2023-11-17,AST-4061,Screw Compressor,DHR-03,0,2,0,2,4,0,0,0,0,0,0
2023-11-18,AST-4061,Screw Compressor,DHR-03,0,0,0,0,0,0,0,0,0,0,0
2023-11-19,AST-4061,Screw Compressor,DHR-03,0,0,0,0,0,0,0,0,0,0,0
2023-11-20,AST-4061,Screw Compressor,DHR-03,0,1,1,2,3,0,0,0,0,0,0
2023-11-21,AST-4061,Screw Compressor,DHR-03,1,1,0,2,6,0,0,0,0,0,0
2023-11-22,AST-4061,Screw Compressor,DHR-03,0,0,0,0,0,0,0,0,0,0,0
2023-11-23,AST-4061,Screw Compressor,DHR-03,1,2,0,3,8,1,0,0,0,0,0
2023-11-24,AST-4061,Screw Compressor,DHR-03,1,3,0,4,10,1,1,0,0,0,0
2023-11-25,AST-4061,Screw Compressor,DHR-03,0,0,0,0,0,0,0,0,0,0,0
2023-11-26,AST-4061,Screw Compressor,DHR-03,0,0,0,0,0,0,0,0,0,0,0
2023-11-27,AST-4061,Screw Compressor,DHR-03,0,0,0,0,0,0,0,0,0,0,0
2023-11-28,AST-4061,Screw Compressor,DHR-03,1,1,1,3,7,1,0,0,0,0,0
2023-11-29,AST-4061,Screw Compressor,DHR-03,0,1,0,1,2,0,0,0,0,0,0
2023-11-30,AST-4061,Screw Compressor,DHR-03,0,0,2,2,2,0,0,0,0,0,0
2023-12-01,AST-4061,Screw Compressor,DHR-03,4,0,2,6,18,1,1,1,1,1,1
2023-12-02,AST-4061,Screw Compressor,DHR-03,0,0,0,0,0,0,0,0,0,0,0
2023-12-03,AST-4061,Screw Compressor,DHR-03,0,0,0,0,0,0,0,0,0,0,0
2023-12-04,AST-4061,Screw Compressor,DHR-03,1,0,0,1,4,0,0,0,0,0,0
2023-12-05,AST-4061,Screw Compressor,DHR-03,0,1,0,1,2,0,0,0,0,0,0
2023-12-06,AST-4061,Screw Compressor,DHR-03,1,0,1,2,5,0,0,0,0,0,0
2023-12-07,AST-4061,Screw Compressor,DHR-03,2,0,0,2,8,1,0,0,0,0,0
2023-12-08,AST-4061,Screw Compressor,DHR-03,1,1,0,2,6,0,0,0,0,0,0
2023-12-09,AST-4061,Screw Compressor,DHR-03,0,0,0,0,0,0,0,0,0,0,0
2023-12-10,AST-4061,Screw Compressor,DHR-03,0,0,0,0,0,0,0,0,0,0,0
2023-12-11,AST-4061,Screw Compressor,DHR-03,0,2,2,4,6,0,0,0,0,0,0
2023-12-12,AST-4061,Screw Compressor,DHR-03,1,1,1,3,7,1,0,0,0,0,0
2023-12-13,AST-4061,Screw Compressor,DHR-03,1,1,0,2,6,0,0,0,0,0,0
2023-12-14,AST-4061,Screw Compressor,DHR-03,3,0,0,3,12,1,1,1,1,0,0
2023-12-15,AST-4061,Screw Compressor,DHR-03,1,0,0,1,4,0,0,0,0,0,0
2023-12-16,AST-4061,Screw Compressor,DHR-03,0,0,0,0,0,0,0,0,0,0,0
2023-12-17,AST-4061,Screw Compressor,DHR-03,0,0,0,0,0,0,0,0,0,0,0
2023-12-18,AST-4061,Screw Compressor,DHR-03,1,2,0,3,8,1,0,0,0,0,0
2023-12-19,AST-4061,Screw Compressor,DHR-03,2,3,0,5,14,1,1,1,1,1,1
2023-12-20,AST-4061,Screw Compressor,DHR-03,0,0,0,0,0,0,0,0,0,0,0
2023-12-21,AST-4061,Screw Compressor,DHR-03,3,0,0,3,12,1,1,1,1,0,0
2023-12-22,AST-4061,Screw Compressor,DHR-03,1,1,0,2,6,0,0,0,0,0,0
2023-12-23,AST-4061,Screw Compressor,DHR-03,0,0,0,0,0,0,0,0,0,0,0
2023-12-24,AST-4061,Screw Compressor,DHR-03,0,0,0,0,0,0,0,0,0,0,0
2023-12-25,AST-4061,Screw Compressor,DHR-03,0,2,1,3,5,0,0,0,0,0,0
2023-12-26,AST-4061,Screw Compressor,DHR-03,1,1,1,3,7,1,0,0,0,0,0
2023-12-27,AST-4061,Screw Compressor,DHR-03,2,0,0,2,8,1,0,0,0,0,0
2023-12-28,AST-4061,Screw Compressor,DHR-03,0,2,0,2,4,0,0,0,0,0,0
2023-12-29,AST-4061,Screw Compressor,DHR-03,0,1,0,1,2,0,0,0,0,0,0
2023-12-30,AST-4061,Screw Compressor,DHR-03,0,0,0,0,0,0,0,0,0,0,0
2023-12-31,AST-4061,Screw Compressor,DHR-03,0,0,0,0,0,0,0,0,0,0,0
2024-01-01,AST-4061,Screw Compressor,DHR-03,1,1,0,2,6,0,0,0,0,0,0
2024-01-02,AST-4061,Screw Compressor,DHR-03,0,2,0,2,4,0,0,0,0,0,0
2024-01-03,AST-4061,Screw Compressor,DHR-03,0,1,0,1,2,0,0,0,0,0,0
2024-01-04,AST-4061,Screw Compressor,DHR-03,0,2,1,3,5,0,0,0,0,0,0
2024-01-05,AST-4061,Screw Compressor,DHR-03,2,2,0,4,12,1,1,1,1,0,0
2024-01-06,AST-4061,Screw Compressor,DHR-03,0,0,0,0,0,0,0,0,0,0,0
2024-01-07,AST-4061,Screw Compressor,DHR-03,0,0,0,0,0,0,0,0,0,0,0
2024-01-08,AST-4061,Screw Compressor,DHR-03,0,1,1,2,3,0,0,0,0,0,0
2024-01-09,AST-4061,Screw Compressor,DHR-03,0,0,1,1,1,0,0,0,0,0,0
2024-01-10,AST-4061,Screw Compressor,DHR-03,0,2,1,3,5,0,0,0,0,0,0
2024-01-11,AST-4061,Screw Compressor,DHR-03,0,0,0,0,0,0,0,0,0,0,0
2024-01-12,AST-4061,Screw Compressor,DHR-03,4,2,0,6,20,1,1,1,1,1,1
2024-01-13,AST-4061,Screw Compressor,DHR-03,0,0,0,0,0,0,0,0,0,0,0
2024-01-14,AST-4061,Screw Compressor,DHR-03,0,0,0,0,0,0,0,0,0,0,0
2024-01-15,AST-4061,Screw Compressor,DHR-03,1,1,1,3,7,1,0,0,0,0,0
2024-01-16,AST-4061,Screw Compressor,DHR-03,2,2,1,5,13,1,1,1,1,1,0
2024-01-17,AST-4061,Screw Compressor,DHR-03,1,0,1,2,5,0,0,0,0,0,0
2024-01-18,AST-4061,Screw Compressor,DHR-03,1,1,0,2,6,0,0,0,0,0,0
2024-01-19,AST-4061,Screw Compressor,DHR-03,2,0,0,2,8,1,0,0,0,0,0
2024-01-20,AST-4061,Screw Compressor,DHR-03,0,0,0,0,0,0,0,0,0,0,0
2024-01-21,AST-4061,Screw Compressor,DHR-03,0,0,0,0,0,0,0,0,0,0,0
2024-01-22,AST-4061,Screw Compressor,DHR-03,1,1,2,4,8,1,0,0,0,0,0
2024-01-23,AST-4061,Screw Compressor,DHR-03,2,3,0,5,14,1,1,1,1,1,1
2024-01-24,AST-4061,Screw Compressor,DHR-03,2,0,0,2,8,1,0,0,0,0,0
2024-01-25,AST-4061,Screw Compressor,DHR-03,1,2,0,3,8,1,0,0,0,0,0
2024-01-26,AST-4061,Screw Compressor,DHR-03,4,0,0,4,16,1,1,1,1,1,1
2024-01-27,AST-4061,Screw Compressor,DHR-03,0,0,0,0,0,0,0,0,0,0,0
2024-01-28,AST-4061,Screw Compressor,DHR-03,0,0,0,0,0,0,0,0,0,0,0
2024-01-29,AST-4061,Screw Compressor,DHR-03,1,1,2,4,8,1,0,0,0,0,0
2024-01-30,AST-4061,Screw Compressor,DHR-03,1,3,0,4,10,1,1,0,0,0,0
2024-01-31,AST-4061,Screw Compressor,DHR-03,0,2,1,3,5,0,0,0,0,0,0
2024-02-01,AST-4061,Screw Compressor,DHR-03,2,1,1,4,11,1,1,1,0,0,0
2024-02-02,AST-4061,Screw Compressor,DHR-03,0,2,0,2,4,0,0,0,0,0,0
2024-02-03,AST-4061,Screw Compressor,DHR-03,0,0,0,0,0,0,0,0,0,0,0
2024-02-04,AST-4061,Screw Compressor,DHR-03,0,0,0,0,0,0,0,0,0,0,0
2024-02-05,AST-4061,Screw Compressor,DHR-03,2,1,0,3,10,1,1,0,0,0,0
2024-02-06,AST-4061,Screw Compressor,DHR-03,0,0,0,0,0,0,0,0,0,0,0
2024-02-07,AST-4061,Screw Compressor,DHR-03,3,2,2,7,18,1,1,1,1,1,1
2024-02-08,AST-4061,Screw Compressor,DHR-03,2,3,0,5,14,1,1,1,1,1,1
2024-02-09,AST-4061,Screw Compressor,DHR-03,2,1,0,3,10,1,1,0,0,0,0
2024-02-10,AST-4061,Screw Compressor,DHR-03,0,0,0,0,0,0,0,0,0,0,0
2024-02-11,AST-4061,Screw Compressor,DHR-03,0,0,0,0,0,0,0,0,0,0,0
2024-02-12,AST-4061,Screw Compressor,DHR-03,3,1,0,4,14,1,1,1,1,1,1
2024-02-13,AST-4061,Screw Compressor,DHR-03,0,1,0,1,2,0,0,0,0,0,0
2024-02-14,AST-4061,Screw Compressor,DHR-03,1,2,0,3,8,1,0,0,0,0,0
2024-02-15,AST-4061,Screw Compressor,DHR-03,0,0,0,0,0,0,0,0,0,0,0
2024-02-16,AST-4061,Screw Compressor,DHR-03,0,0,0,0,0,0,0,0,0,0,0
2024-02-17,AST-4061,Screw Compressor,DHR-03,0,0,0,0,0,0,0,0,0,0,0
2024-02-18,AST-4061,Screw Compressor,DHR-03,0,0,0,0,0,0,0,0,0,0,0
2024-02-19,AST-4061,Screw Compressor,DHR-03,2,2,0,4,12,1,1,1,1,0,0
2024-02-20,AST-4061,Screw Compressor,DHR-03,0,1,0,1,2,0,0,0,0,0,0
2024-02-21,AST-4061,Screw Compressor,DHR-03,2,0,2,4,10,1,1,0,0,0,0
2024-02-22,AST-4061,Screw Compressor,DHR-03,2,2,0,4,12,1,1,1,1,0,0
2024-02-23,AST-4061,Screw Compressor,DHR-03,1,1,0,2,6,0,0,0,0,0,0
2024-02-24,AST-4061,Screw Compressor,DHR-03,0,0,0,0,0,0,0,0,0,0,0
2024-02-25,AST-4061,Screw Compressor,DHR-03,0,0,0,0,0,0,0,0,0,0,0
2024-02-26,AST-4061,Screw Compressor,DHR-03,0,1,1,2,3,0,0,0,0,0,0
2024-02-27,AST-4061,Screw Compressor,DHR-03,1,1,0,2,6,0,0,0,0,0,0
2024-02-28,AST-4061,Screw Compressor,DHR-03,0,3,1,4,7,1,0,0,0,0,0
2024-02-29,AST-4061,Screw Compressor,DHR-03,0,1,0,1,2,0,0,0,0,0,0
2024-03-01,AST-4061,Screw Compressor,DHR-03,1,2,0,3,8,1,0,0,0,0,0
2024-03-02,AST-4061,Screw Compressor,DHR-03,0,0,0,0,0,0,0,0,0,0,0
2024-03-03,AST-4061,Screw Compressor,DHR-03,0,0,0,0,0,0,0,0,0,0,0
2024-03-04,AST-4061,Screw Compressor,DHR-03,0,2,0,2,4,0,0,0,0,0,0
2024-03-05,AST-4061,Screw Compressor,DHR-03,1,1,0,2,6,0,0,0,0,0,0
2024-03-06,AST-4061,Screw Compressor,DHR-03,1,1,0,2,6,0,0,0,0,0,0
2024-03-07,AST-4061,Screw Compressor,DHR-03,2,0,0,2,8,1,0,0,0,0,0
2024-03-08,AST-4061,Screw Compressor,DHR-03,2,1,1,4,11,1,1,1,0,0,0
2024-03-09,AST-4061,Screw Compressor,DHR-03,0,0,0,0,0,0,0,0,0,0,0
2024-03-10,AST-4061,Screw Compressor,DHR-03,0,0,0,0,0,0,0,0,0,0,0
2024-03-11,AST-4061,Screw Compressor,DHR-03,1,1,1,3,7,1,0,0,0,0,0
2024-03-12,AST-4061,Screw Compressor,DHR-03,1,2,1,4,9,1,0,0,0,0,0
2024-03-13,AST-4061,Screw Compressor,DHR-03,2,0,0,2,8,1,0,0,0,0,0
2024-03-14,AST-4061,Screw Compressor,DHR-03,1,2,1,4,9,1,0,0,0,0,0
2024-03-15,AST-4061,Screw Compressor,DHR-03,0,1,1,2,3,0,0,0,0,0,0
2024-03-16,AST-4061,Screw Compressor,DHR-03,0,0,0,0,0,0,0,0,0,0,0
2024-03-17,AST-4061,Screw Compressor,DHR-03,0,0,0,0,0,0,0,0,0,0,0
2024-03-18,AST-4061,Screw Compressor,DHR-03,1,1,0,2,6,0,0,0,0,0,0
2024-03-19,AST-4061,Screw Compressor,DHR-03,1,0,1,2,5,0,0,0,0,0,0
2024-03-20,AST-4061,Screw Compressor,DHR-03,3,1,0,4,14,1,1,1,1,1,1
2024-03-21,AST-4061,Screw Compressor,DHR-03,1,2,0,3,8,1,0,0,0,0,0
2024-03-22,AST-4061,Screw Compressor,DHR-03,1,2,0,3,8,1,0,0,0,0,0
2024-03-23,AST-4061,Screw Compressor,DHR-03,0,0,0,0,0,0,0,0,0,0,0
2024-03-24,AST-4061,Screw Compressor,DHR-03,0,0,0,0,0,0,0,0,0,0,0
2024-03-25,AST-4061,Screw Compressor,DHR-03,2,0,0,2,8,1,0,0,0,0,0
2024-03-26,AST-4061,Screw Compressor,DHR-03,3,2,2,7,18,1,1,1,1,1,1
2024-03-27,AST-4061,Screw Compressor,DHR-03,1,0,0,1,4,0,0,0,0,0,0
2024-03-28,AST-4061,Screw Compressor,DHR-03,1,0,0,1,4,0,0,0,0,0,0
2024-03-29,AST-4061,Screw Compressor,DHR-03,1,4,1,6,13,1,1,1,1,1,0
2024-03-30,AST-4061,Screw Compressor,DHR-03,0,0,0,0,0,0,0,0,0,0,0
2024-03-31,AST-4061,Screw Compressor,DHR-03,0,0,0,0,0,0,0,0,0,0,0
2024-04-01,AST-4061,Screw Compressor,DHR-03,1,1,0,2,6,0,0,0,0,0,0
2024-04-02,AST-4061,Screw Compressor,DHR-03,2,1,0,3,10,1,1,0,0,0,0
2024-04-03,AST-4061,Screw Compressor,DHR-03,1,0,0,1,4,0,0,0,0,0,0
2024-04-04,AST-4061,Screw Compressor,DHR-03,0,2,0,2,4,0,0,0,0,0,0
2024-04-05,AST-4061,Screw Compressor,DHR-03,0,2,0,2,4,0,0,0,0,0,0
2024-04-06,AST-4061,Screw Compressor,DHR-03,0,0,0,0,0,0,0,0,0,0,0
2024-04-07,AST-4061,Screw Compressor,DHR-03,0,0,0,0,0,0,0,0,0,0,0
2024-04-08,AST-4061,Screw Compressor,DHR-03,0,2,0,2,4,0,0,0,0,0,0
2024-04-09,AST-4061,Screw Compressor,DHR-03,2,0,0,2,8,1,0,0,0,0,0
2024-04-10,AST-4061,Screw Compressor,DHR-03,2,1,0,3,10,1,1,0,0,0,0
2024-04-11,AST-4061,Screw Compressor,DHR-03,2,0,1,3,9,1,0,0,0,0,0
2024-04-12,AST-4061,Screw Compressor,DHR-03,2,1,0,3,10,1,1,0,0,0,0
2024-04-13,AST-4061,Screw Compressor,DHR-03,0,0,0,0,0,0,0,0,0,0,0
2024-04-14,AST-4061,Screw Compressor,DHR-03,0,0,0,0,0,0,0,0,0,0,0
2024-04-15,AST-4061,Screw Compressor,DHR-03,1,2,0,3,8,1,0,0,0,0,0
2024-04-16,AST-4061,Screw Compressor,DHR-03,1,2,0,3,8,1,0,0,0,0,0
2024-04-17,AST-4061,Screw Compressor,DHR-03,0,2,0,2,4,0,0,0,0,0,0
2024-04-18,AST-4061,Screw Compressor,DHR-03,2,0,0,2,8,1,0,0,0,0,0
2024-04-19,AST-4061,Screw Compressor,DHR-03,0,1,1,2,3,0,0,0,0,0,0
2024-04-20,AST-4061,Screw Compressor,DHR-03,0,0,0,0,0,0,0,0,0,0,0
2024-04-21,AST-4061,Screw Compressor,DHR-03,0,0,0,0,0,0,0,0,0,0,0
2024-04-22,AST-4061,Screw Compressor,DHR-03,1,1,0,2,6,0,0,0,0,0,0
2024-04-23,AST-4061,Screw Compressor,DHR-03,1,0,3,4,7,1,0,0,0,0,0
2024-04-24,AST-4061,Screw Compressor,DHR-03,1,1,0,2,6,0,0,0,0,0,0
2024-04-25,AST-4061,Screw Compressor,DHR-03,0,1,3,4,5,0,0,0,0,0,0
2024-04-26,AST-4061,Screw Compressor,DHR-03,2,0,1,3,9,1,0,0,0,0,0
2024-04-27,AST-4061,Screw Compressor,DHR-03,0,0,0,0,0,0,0,0,0,0,0
2024-04-28,AST-4061,Screw Compressor,DHR-03,0,0,0,0,0,0,0,0,0,0,0
2024-04-29,AST-4061,Screw Compressor,DHR-03,2,0,0,2,8,1,0,0,0,0,0
2024-04-30,AST-4061,Screw Compressor,DHR-03,2,1,0,3,10,1,1,0,0,0,0
2024-05-01,AST-4061,Screw Compressor,DHR-03,1,1,0,2,6,0,0,0,0,0,0
2024-05-02,AST-4061,Screw Compressor,DHR-03,2,3,1,6,15,1,1,1,1,1,1
2024-05-03,AST-4061,Screw Compressor,DHR-03,0,3,0,3,6,0,0,0,0,0,0
2024-05-04,AST-4061,Screw Compressor,DHR-03,0,0,0,0,0,0,0,0,0,0,0
2024-05-05,AST-4061,Screw Compressor,DHR-03,0,0,0,0,0,0,0,0,0,0,0
2024-05-06,AST-4061,Screw Compressor,DHR-03,0,1,1,2,3,0,0,0,0,0,0
2024-05-07,AST-4061,Screw Compressor,DHR-03,1,1,1,3,7,1,0,0,0,0,0
2024-05-08,AST-4061,Screw Compressor,DHR-03,3,3,1,7,19,1,1,1,1,1,1
2024-05-09,AST-4061,Screw Compressor,DHR-03,1,2,0,3,8,1,0,0,0,0,0
2024-05-10,AST-4061,Screw Compressor,DHR-03,2,0,0,2,8,1,0,0,0,0,0
2024-05-11,AST-4061,Screw Compressor,DHR-03,0,0,0,0,0,0,0,0,0,0,0
2024-05-12,AST-4061,Screw Compressor,DHR-03,0,0,0,0,0,0,0,0,0,0,0
2024-05-13,AST-4061,Screw Compressor,DHR-03,0,2,1,3,5,0,0,0,0,0,0
2024-05-14,AST-4061,Screw Compressor,DHR-03,1,1,0,2,6,0,0,0,0,0,0
2024-05-15,AST-4061,Screw Compressor,DHR-03,1,1,1,3,7,1,0,0,0,0,0
2024-05-16,AST-4061,Screw Compressor,DHR-03,1,0,0,1,4,0,0,0,0,0,0
2024-05-17,AST-4061,Screw Compressor,DHR-03,2,1,2,5,12,1,1,1,1,0,0
2024-05-18,AST-4061,Screw Compressor,DHR-03,0,0,0,0,0,0,0,0,0,0,0
2024-05-19,AST-4061,Screw Compressor,DHR-03,0,0,0,0,0,0,0,0,0,0,0
2024-05-20,AST-4061,Screw Compressor,DHR-03,0,1,0,1,2,0,0,0,0,0,0
2024-05-21,AST-4061,Screw Compressor,DHR-03,1,3,0,4,10,1,1,0,0,0,0
2024-05-22,AST-4061,Screw Compressor,DHR-03,2,2,0,4,12,1,1,1,1,0,0
2024-05-23,AST-4061,Screw Compressor,DHR-03,2,0,0,2,8,1,0,0,0,0,0
2024-05-24,AST-4061,Screw Compressor,DHR-03,1,2,2,5,10,1,1,0,0,0,0
2024-05-25,AST-4061,Screw Compressor,DHR-03,0,0,0,0,0,0,0,0,0,0,0
2024-05-26,AST-4061,Screw Compressor,DHR-03,0,0,0,0,0,0,0,0,0,0,0
2024-05-27,AST-4061,Screw Compressor,DHR-03,1,0,0,1,4,0,0,0,0,0,0
2024-05-28,AST-4061,Screw Compressor,DHR-03,1,1,1,3,7,1,0,0,0,0,0
2024-05-29,AST-4061,Screw Compressor,DHR-03,0,2,1,3,5,0,0,0,0,0,0
2024-05-30,AST-4061,Screw Compressor,DHR-03,0,0,1,1,1,0,0,0,0,0,0
2024-05-31,AST-4061,Screw Compressor,DHR-03,2,2,1,5,13,1,1,1,1,1,0
2024-06-01,AST-4061,Screw Compressor,DHR-03,0,0,0,0,0,0,0,0,0,0,0
2024-06-02,AST-4061,Screw Compressor,DHR-03,0,0,0,0,0,0,0,0,0,0,0
2024-06-03,AST-4061,Screw Compressor,DHR-03,0,1,0,1,2,0,0,0,0,0,0
2024-06-04,AST-4061,Screw Compressor,DHR-03,1,4,1,6,13,1,1,1,1,1,0
2024-06-05,AST-4061,Screw Compressor,DHR-03,1,2,1,4,9,1,0,0,0,0,0
2024-06-06,AST-4061,Screw Compressor,DHR-03,0,1,0,1,2,0,0,0,0,0,0
2024-06-07,AST-4061,Screw Compressor,DHR-03,0,1,0,1,2,0,0,0,0,0,0
2024-06-08,AST-4061,Screw Compressor,DHR-03,0,0,0,0,0,0,0,0,0,0,0
2024-06-09,AST-4061,Screw Compressor,DHR-03,0,0,0,0,0,0,0,0,0,0,0
2024-06-10,AST-4061,Screw Compressor,DHR-03,4,0,1,5,17,1,1,1,1,1,1
2024-06-11,AST-4061,Screw Compressor,DHR-03,1,4,0,5,12,1,1,1,1,0,0
2024-06-12,AST-4061,Screw Compressor,DHR-03,1,2,0,3,8,1,0,0,0,0,0
2024-06-13,AST-4061,Screw Compressor,DHR-03,2,1,2,5,12,1,1,1,1,0,0
2024-06-14,AST-4061,Screw Compressor,DHR-03,3,0,0,3,12,1,1,1,1,0,0
2024-06-15,AST-4061,Screw Compressor,DHR-03,0,0,0,0,0,0,0,0,0,0,0
2024-06-16,AST-4061,Screw Compressor,DHR-03,0,0,0,0,0,0,0,0,0,0,0
2024-06-17,AST-4061,Screw Compressor,DHR-03,1,2,3,6,11,1,1,1,0,0,0
2024-06-18,AST-4061,Screw Compressor,DHR-03,1,0,1,2,5,0,0,0,0,0,0
2024-06-19,AST-4061,Screw Compressor,DHR-03,1,2,0,3,8,1,0,0,0,0,0
2024-06-20,AST-4061,Screw Compressor,DHR-03,0,0,0,0,0,0,0,0,0,0,0
2024-06-21,AST-4061,Screw Compressor,DHR-03,3,1,1,5,15,1,1,1,1,1,1
2024-06-22,AST-4061,Screw Compressor,DHR-03,0,0,0,0,0,0,0,0,0,0,0
2024-06-23,AST-4061,Screw Compressor,DHR-03,0,0,0,0,0,0,0,0,0,0,0
2024-06-24,AST-4061,Screw Compressor,DHR-03,1,1,0,2,6,0,0,0,0,0,0
2024-06-25,AST-4061,Screw Compressor,DHR-03,0,1,0,1,2,0,0,0,0,0,0
2024-06-26,AST-4061,Screw Compressor,DHR-03,0,2,1,3,5,0,0,0,0,0,0
2024-06-27,AST-4061,Screw Compressor,DHR-03,0,1,0,1,2,0,0,0,0,0,0
2024-06-28,AST-4061,Screw Compressor,DHR-03,1,1,0,2,6,0,0,0,0,0,0
2024-06-29,AST-4061,Screw Compressor,DHR-03,0,0,0,0,0,0,0,0,0,0,0
2024-06-30,AST-4061,Screw Compressor,DHR-03,0,0,0,0,0,0,0,0,0,0,0
2024-07-01,AST-4061,Screw Compressor,DHR-03,1,3,0,4,10,1,1,0,0,0,0
2024-07-02,AST-4061,Screw Compressor,DHR-03,0,4,1,5,9,1,0,0,0,0,0
2024-07-03,AST-4061,Screw Compressor,DHR-03,1,1,0,2,6,0,0,0,0,0,0
2024-07-04,AST-4061,Screw Compressor,DHR-03,1,0,1,2,5,0,0,0,0,0,0
2024-07-05,AST-4061,Screw Compressor,DHR-03,2,2,0,4,12,1,1,1,1,0,0
2024-07-06,AST-4061,Screw Compressor,DHR-03,0,0,0,0,0,0,0,0,0,0,0
2024-07-07,AST-4061,Screw Compressor,DHR-03,0,0,0,0,0,0,0,0,0,0,0
2024-07-08,AST-4061,Screw Compressor,DHR-03,0,2,0,2,4,0,0,0,0,0,0
2024-07-09,AST-4061,Screw Compressor,DHR-03,1,3,3,7,13,1,1,1,1,1,0
2024-07-10,AST-4061,Screw Compressor,DHR-03,0,1,0,1,2,0,0,0,0,0,0
2024-07-11,AST-4061,Screw Compressor,DHR-03,0,1,0,1,2,0,0,0,0,0,0
2024-07-12,AST-4061,Screw Compressor,DHR-03,3,0,0,3,12,1,1,1,1,0,0
2024-07-13,AST-4061,Screw Compressor,DHR-03,0,0,0,0,0,0,0,0,0,0,0
2024-07-14,AST-4061,Screw Compressor,DHR-03,0,0,0,0,0,0,0,0,0,0,0
2024-07-15,AST-4061,Screw Compressor,DHR-03,1,1,0,2,6,0,0,0,0,0,0
2024-07-16,AST-4061,Screw Compressor,DHR-03,2,3,1,6,15,1,1,1,1,1,1
2024-07-17,AST-4061,Screw Compressor,DHR-03,2,1,0,3,10,1,1,0,0,0,0
2024-07-18,AST-4061,Screw Compressor,DHR-03,0,2,1,3,5,0,0,0,0,0,0
2024-07-19,AST-4061,Screw Compressor,DHR-03,0,1,1,2,3,0,0,0,0,0,0
2024-07-20,AST-4061,Screw Compressor,DHR-03,0,0,0,0,0,0,0,0,0,0,0
2024-07-21,AST-4061,Screw Compressor,DHR-03,0,0,0,0,0,0,0,0,0,0,0
2024-07-22,AST-4061,Screw Compressor,DHR-03,0,0,0,0,0,0,0,0,0,0,0
2024-07-23,AST-4061,Screw Compressor,DHR-03,2,0,0,2,8,1,0,0,0,0,0
2024-07-24,AST-4061,Screw Compressor,DHR-03,0,0,1,1,1,0,0,0,0,0,0
2024-07-25,AST-4061,Screw Compressor,DHR-03,2,2,1,5,13,1,1,1,1,1,0
2024-07-26,AST-4061,Screw Compressor,DHR-03,2,1,0,3,10,1,1,0,0,0,0
2024-07-27,AST-4061,Screw Compressor,DHR-03,0,0,0,0,0,0,0,0,0,0,0
2024-07-28,AST-4061,Screw Compressor,DHR-03,0,0,0,0,0,0,0,0,0,0,0
2024-07-29,AST-4061,Screw Compressor,DHR-03,0,0,3,3,3,0,0,0,0,0,0
2024-07-30,AST-4061,Screw Compressor,DHR-03,0,0,0,0,0,0,0,0,0,0,0
2024-07-31,AST-4061,Screw Compressor,DHR-03,0,0,1,1,1,0,0,0,0,0,0
2024-08-01,AST-4061,Screw Compressor,DHR-03,2,2,2,6,14,1,1,1,1,1,1
2024-08-02,AST-4061,Screw Compressor,DHR-03,2,1,0,3,10,1,1,0,0,0,0
2024-08-03,AST-4061,Screw Compressor,DHR-03,0,0,0,0,0,0,0,0,0,0,0
2024-08-04,AST-4061,Screw Compressor,DHR-03,0,0,0,0,0,0,0,0,0,0,0
2024-08-05,AST-4061,Screw Compressor,DHR-03,1,5,2,8,16,1,1,1,1,1,1
2024-08-06,AST-4061,Screw Compressor,DHR-03,2,0,1,3,9,1,0,0,0,0,0
2024-08-07,AST-4061,Screw Compressor,DHR-03,2,1,0,3,10,1,1,0,0,0,0
2024-08-08,AST-4061,Screw Compressor,DHR-03,1,3,0,4,10,1,1,0,0,0,0
2024-08-09,AST-4061,Screw Compressor,DHR-03,0,1,1,2,3,0,0,0,0,0,0
2024-08-10,AST-4061,Screw Compressor,DHR-03,0,0,0,0,0,0,0,0,0,0,0
2024-08-11,AST-4061,Screw Compressor,DHR-03,0,0,0,0,0,0,0,0,0,0,0
2024-08-12,AST-4061,Screw Compressor,DHR-03,0,5,0,5,10,1,1,0,0,0,0
2024-08-13,AST-4061,Screw Compressor,DHR-03,2,1,0,3,10,1,1,0,0,0,0
2024-08-14,AST-4061,Screw Compressor,DHR-03,1,0,0,1,4,0,0,0,0,0,0
2024-08-15,AST-4061,Screw Compressor,DHR-03,1,2,0,3,8,1,0,0,0,0,0
2024-08-16,AST-4061,Screw Compressor,DHR-03,0,1,0,1,2,0,0,0,0,0,0
2024-08-17,AST-4061,Screw Compressor,DHR-03,0,0,0,0,0,0,0,0,0,0,0
2024-08-18,AST-4061,Screw Compressor,DHR-03,0,0,0,0,0,0,0,0,0,0,0
2024-08-19,AST-4061,Screw Compressor,DHR-03,3,0,0,3,12,1,1,1,1,0,0
2024-08-20,AST-4061,Screw Compressor,DHR-03,1,1,0,2,6,0,0,0,0,0,0
2024-08-21,AST-4061,Screw Compressor,DHR-03,0,3,0,3,6,0,0,0,0,0,0
2024-08-22,AST-4061,Screw Compressor,DHR-03,2,1,1,4,11,1,1,1,0,0,0
2024-08-23,AST-4061,Screw Compressor,DHR-03,1,2,0,3,8,1,0,0,0,0,0
2024-08-24,AST-4061,Screw Compressor,DHR-03,0,0,0,0,0,0,0,0,0,0,0
2024-08-25,AST-4061,Screw Compressor,DHR-03,0,0,0,0,0,0,0,0,0,0,0
2024-08-26,AST-4061,Screw Compressor,DHR-03,0,2,0,2,4,0,0,0,0,0,0
2024-08-27,AST-4061,Screw Compressor,DHR-03,2,2,0,4,12,1,1,1,1,0,0
2024-08-28,AST-4061,Screw Compressor,DHR-03,1,2,0,3,8,1,0,0,0,0,0
2024-08-29,AST-4061,Screw Compressor,DHR-03,2,2,1,5,13,1,1,1,1,1,0
2024-08-30,AST-4061,Screw Compressor,DHR-03,1,1,1,3,7,1,0,0,0,0,0
2024-08-31,AST-4061,Screw Compressor,DHR-03,0,0,0,0,0,0,0,0,0,0,0
2024-09-01,AST-4061,Screw Compressor,DHR-03,0,0,0,0,0,0,0,0,0,0,0
2024-09-02,AST-4061,Screw Compressor,DHR-03,2,0,0,2,8,1,0,0,0,0,0
2024-09-03,AST-4061,Screw Compressor,DHR-03,1,1,0,2,6,0,0,0,0,0,0
2024-09-04,AST-4061,Screw Compressor,DHR-03,0,0,0,0,0,0,0,0,0,0,0
2024-09-05,AST-4061,Screw Compressor,DHR-03,0,0,0,0,0,0,0,0,0,0,0
2024-09-06,AST-4061,Screw Compressor,DHR-03,1,1,1,3,7,1,0,0,0,0,0
2024-09-07,AST-4061,Screw Compressor,DHR-03,0,0,0,0,0,0,0,0,0,0,0
2024-09-08,AST-4061,Screw Compressor,DHR-03,0,0,0,0,0,0,0,0,0,0,0
2024-09-09,AST-4061,Screw Compressor,DHR-03,1,0,0,1,4,0,0,0,0,0,0
2024-09-10,AST-4061,Screw Compressor,DHR-03,1,2,0,3,8,1,0,0,0,0,0
2024-09-11,AST-4061,Screw Compressor,DHR-03,0,0,0,0,0,0,0,0,0,0,0
2024-09-12,AST-4061,Screw Compressor,DHR-03,1,0,3,4,7,1,0,0,0,0,0
2024-09-13,AST-4061,Screw Compressor,DHR-03,2,1,1,4,11,1,1,1,0,0,0
2024-09-14,AST-4061,Screw Compressor,DHR-03,0,0,0,0,0,0,0,0,0,0,0
2024-09-15,AST-4061,Screw Compressor,DHR-03,0,0,0,0,0,0,0,0,0,0,0
2024-09-16,AST-4061,Screw Compressor,DHR-03,2,1,0,3,10,1,1,0,0,0,0
2024-09-17,AST-4061,Screw Compressor,DHR-03,1,2,0,3,8,1,0,0,0,0,0
2024-09-18,AST-4061,Screw Compressor,DHR-03,0,1,0,1,2,0,0,0,0,0,0
2024-09-19,AST-4061,Screw Compressor,DHR-03,1,1,1,3,7,1,0,0,0,0,0
2024-09-20,AST-4061,Screw Compressor,DHR-03,2,4,2,8,18,1,1,1,1,1,1
2024-09-21,AST-4061,Screw Compressor,DHR-03,0,0,0,0,0,0,0,0,0,0,0
2024-09-22,AST-4061,Screw Compressor,DHR-03,0,0,0,0,0,0,0,0,0,0,0
2024-09-23,AST-4061,Screw Compressor,DHR-03,2,0,0,2,8,1,0,0,0,0,0
2024-09-24,AST-4061,Screw Compressor,DHR-03,1,1,0,2,6,0,0,0,0,0,0
2024-09-25,AST-4061,Screw Compressor,DHR-03,2,4,2,8,18,1,1,1,1,1,1
2024-09-26,AST-4061,Screw Compressor,DHR-03,3,3,0,6,18,1,1,1,1,1,1
2024-09-27,AST-4061,Screw Compressor,DHR-03,1,2,0,3,8,1,0,0,0,0,0
2024-09-28,AST-4061,Screw Compressor,DHR-03,0,0,0,0,0,0,0,0,0,0,0
2024-09-29,AST-4061,Screw Compressor,DHR-03,0,0,0,0,0,0,0,0,0,0,0
2024-09-30,AST-4061,Screw Compressor,DHR-03,0,2,0,2,4,0,0,0,0,0,0
2024-10-01,AST-4061,Screw Compressor,DHR-03,2,0,0,2,8,1,0,0,0,0,0
2024-10-02,AST-4061,Screw Compressor,DHR-03,2,2,0,4,12,1,1,1,1,0,0
2024-10-03,AST-4061,Screw Compressor,DHR-03,1,2,0,3,8,1,0,0,0,0,0
2024-10-04,AST-4061,Screw Compressor,DHR-03,1,1,1,3,7,1,0,0,0,0,0
2024-10-05,AST-4061,Screw Compressor,DHR-03,0,0,0,0,0,0,0,0,0,0,0
2024-10-06,AST-4061,Screw Compressor,DHR-03,0,0,0,0,0,0,0,0,0,0,0
2024-10-07,AST-4061,Screw Compressor,DHR-03,1,3,0,4,10,1,1,0,0,0,0
2024-10-08,AST-4061,Screw Compressor,DHR-03,3,1,1,5,15,1,1,1,1,1,1
2024-10-09,AST-4061,Screw Compressor,DHR-03,1,1,1,3,7,1,0,0,0,0,0
2024-10-10,AST-4061,Screw Compressor,DHR-03,1,1,2,4,8,1,0,0,0,0,0
2024-10-11,AST-4061,Screw Compressor,DHR-03,1,0,1,2,5,0,0,0,0,0,0
2024-10-12,AST-4061,Screw Compressor,DHR-03,0,0,0,0,0,0,0,0,0,0,0
2024-10-13,AST-4061,Screw Compressor,DHR-03,0,0,0,0,0,0,0,0,0,0,0
2024-10-14,AST-4061,Screw Compressor,DHR-03,0,0,1,1,1,0,0,0,0,0,0
2024-10-15,AST-4061,Screw Compressor,DHR-03,1,1,0,2,6,0,0,0,0,0,0
2024-10-16,AST-4061,Screw Compressor,DHR-03,1,0,0,1,4,0,0,0,0,0,0
2024-10-17,AST-4061,Screw Compressor,DHR-03,0,3,0,3,6,0,0,0,0,0,0
2024-10-18,AST-4061,Screw Compressor,DHR-03,0,0,2,2,2,0,0,0,0,0,0
2024-10-19,AST-4061,Screw Compressor,DHR-03,0,0,0,0,0,0,0,0,0,0,0
2024-10-20,AST-4061,Screw Compressor,DHR-03,0,0,0,0,0,0,0,0,0,0,0
2024-10-21,AST-4061,Screw Compressor,DHR-03,1,2,0,3,8,1,0,0,0,0,0
2024-10-22,AST-4061,Screw Compressor,DHR-03,2,2,0,4,12,1,1,1,1,0,0
2024-10-23,AST-4061,Screw Compressor,DHR-03,4,3,0,7,22,1,1,1,1,1,1
2024-10-24,AST-4061,Screw Compressor,DHR-03,1,0,0,1,4,0,0,0,0,0,0
2024-10-25,AST-4061,Screw Compressor,DHR-03,0,2,0,2,4,0,0,0,0,0,0
2024-10-26,AST-4061,Screw Compressor,DHR-03,0,0,0,0,0,0,0,0,0,0,0
2024-10-27,AST-4061,Screw Compressor,DHR-03,0,0,0,0,0,0,0,0,0,0,0
2024-10-28,AST-4061,Screw Compressor,DHR-03,0,1,0,1,2,0,0,0,0,0,0
2024-10-29,AST-4061,Screw Compressor,DHR-03,1,0,0,1,4,0,0,0,0,0,0
2024-10-30,AST-4061,Screw Compressor,DHR-03,1,1,1,3,7,1,0,0,0,0,0
2024-10-31,AST-4061,Screw Compressor,DHR-03,0,1,0,1,2,0,0,0,0,0,0
2024-11-01,AST-4061,Screw Compressor,DHR-03,1,2,2,5,10,1,1,0,0,0,0
2024-11-02,AST-4061,Screw Compressor,DHR-03,0,0,0,0,0,0,0,0,0,0,0
2024-11-03,AST-4061,Screw Compressor,DHR-03,0,0,0,0,0,0,0,0,0,0,0
2024-11-04,AST-4061,Screw Compressor,DHR-03,0,1,0,1,2,0,0,0,0,0,0
2024-11-05,AST-4061,Screw Compressor,DHR-03,3,2,0,5,16,1,1,1,1,1,1
2024-11-06,AST-4061,Screw Compressor,DHR-03,2,0,0,2,8,1,0,0,0,0,0
2024-11-07,AST-4061,Screw Compressor,DHR-03,1,1,0,2,6,0,0,0,0,0,0
2024-11-08,AST-4061,Screw Compressor,DHR-03,0,0,0,0,0,0,0,0,0,0,0
2024-11-09,AST-4061,Screw Compressor,DHR-03,0,0,0,0,0,0,0,0,0,0,0
2024-11-10,AST-4061,Screw Compressor,DHR-03,0,0,0,0,0,0,0,0,0,0,0
2024-11-11,AST-4061,Screw Compressor,DHR-03,1,1,0,2,6,0,0,0,0,0,0
2024-11-12,AST-4061,Screw Compressor,DHR-03,3,2,0,5,16,1,1,1,1,1,1
2024-11-13,AST-4061,Screw Compressor,DHR-03,3,0,1,4,13,1,1,1,1,1,0
2024-11-14,AST-4061,Screw Compressor,DHR-03,0,0,2,2,2,0,0,0,0,0,0
2024-11-15,AST-4061,Screw Compressor,DHR-03,2,0,0,2,8,1,0,0,0,0,0
2024-11-16,AST-4061,Screw Compressor,DHR-03,0,0,0,0,0,0,0,0,0,0,0
2024-11-17,AST-4061,Screw Compressor,DHR-03,0,0,0,0,0,0,0,0,0,0,0
2024-11-18,AST-4061,Screw Compressor,DHR-03,0,2,1,3,5,0,0,0,0,0,0
2024-11-19,AST-4061,Screw Compressor,DHR-03,0,2,0,2,4,0,0,0,0,0,0
2024-11-20,AST-4061,Screw Compressor,DHR-03,1,3,1,5,11,1,1,1,0,0,0
2024-11-21,AST-4061,Screw Compressor,DHR-03,1,0,0,1,4,0,0,0,0,0,0
2024-11-22,AST-4061,Screw Compressor,DHR-03,1,1,0,2,6,0,0,0,0,0,0
2024-11-23,AST-4061,Screw Compressor,DHR-03,0,0,0,0,0,0,0,0,0,0,0
2024-11-24,AST-4061,Screw Compressor,DHR-03,0,0,0,0,0,0,0,0,0,0,0
2024-11-25,AST-4061,Screw Compressor,DHR-03,1,0,0,1,4,0,0,0,0,0,0
2024-11-26,AST-4061,Screw Compressor,DHR-03,0,1,1,2,3,0,0,0,0,0,0
2024-11-27,AST-4061,Screw Compressor,DHR-03,1,1,0,2,6,0,0,0,0,0,0
2024-11-28,AST-4061,Screw Compressor,DHR-03,1,1,0,2,6,0,0,0,0,0,0
2024-11-29,AST-4061,Screw Compressor,DHR-03,1,0,2,3,6,0,0,0,0,0,0
2024-11-30,AST-4061,Screw Compressor,DHR-03,0,0,0,0,0,0,0,0,0,0,0
2024-12-01,AST-4061,Screw Compressor,DHR-03,0,0,0,0,0,0,0,0,0,0,0
2024-12-02,AST-4061,Screw Compressor,DHR-03,1,2,1,4,9,1,0,0,0,0,0
2024-12-03,AST-4061,Screw Compressor,DHR-03,2,1,2,5,12,1,1,1,1,0,0
2024-12-04,AST-4061,Screw Compressor,DHR-03,0,2,0,2,4,0,0,0,0,0,0
2024-12-05,AST-4061,Screw Compressor,DHR-03,2,1,0,3,10,1,1,0,0,0,0
2024-12-06,AST-4061,Screw Compressor,DHR-03,0,2,0,2,4,0,0,0,0,0,0
2024-12-07,AST-4061,Screw Compressor,DHR-03,0,0,0,0,0,0,0,0,0,0,0
2024-12-08,AST-4061,Screw Compressor,DHR-03,0,0,0,0,0,0,0,0,0,0,0
2024-12-09,AST-4061,Screw Compressor,DHR-03,4,4,0,8,24,1,1,1,1,1,1
2024-12-10,AST-4061,Screw Compressor,DHR-03,2,0,0,2,8,1,0,0,0,0,0
2024-12-11,AST-4061,Screw Compressor,DHR-03,0,1,1,2,3,0,0,0,0,0,0
2024-12-12,AST-4061,Screw Compressor,DHR-03,4,1,0,5,18,1,1,1,1,1,1
2024-12-13,AST-4061,Screw Compressor,DHR-03,0,2,0,2,4,0,0,0,0,0,0
2024-12-14,AST-4061,Screw Compressor,DHR-03,0,0,0,0,0,0,0,0,0,0,0
2024-12-15,AST-4061,Screw Compressor,DHR-03,0,0,0,0,0,0,0,0,0,0,0
2024-12-16,AST-4061,Screw Compressor,DHR-03,0,0,0,0,0,0,0,0,0,0,0
2024-12-17,AST-4061,Screw Compressor,DHR-03,1,2,0,3,8,1,0,0,0,0,0
2024-12-18,AST-4061,Screw Compressor,DHR-03,1,3,0,4,10,1,1,0,0,0,0
2024-12-19,AST-4061,Screw Compressor,DHR-03,1,1,1,3,7,1,0,0,0,0,0
2024-12-20,AST-4061,Screw Compressor,DHR-03,0,3,0,3,6,0,0,0,0,0,0
2024-12-21,AST-4061,Screw Compressor,DHR-03,0,0,0,0,0,0,0,0,0,0,0
2024-12-22,AST-4061,Screw Compressor,DHR-03,0,0,0,0,0,0,0,0,0,0,0
2024-12-23,AST-4061,Screw Compressor,DHR-03,2,2,0,4,12,1,1,1,1,0,0
2024-12-24,AST-4061,Screw Compressor,DHR-03,1,0,1,2,5,0,0,0,0,0,0
2024-12-25,AST-4061,Screw Compressor,DHR-03,0,0,1,1,1,0,0,0,0,0,0
2024-12-26,AST-4061,Screw Compressor,DHR-03,1,1,0,2,6,0,0,0,0,0,0
2024-12-27,AST-4061,Screw Compressor,DHR-03,3,2,2,7,18,1,1,1,1,1,1
2024-12-28,AST-4061,Screw Compressor,DHR-03,0,0,0,0,0,0,0,0,0,0,0
2024-12-29,AST-4061,Screw Compressor,DHR-03,0,0,0,0,0,0,0,0,0,0,0
2024-12-30,AST-4061,Screw Compressor,DHR-03,1,1,2,4,8,1,0,0,0,0,0
2024-12-31,AST-4061,Screw Compressor,DHR-03,0,3,1,4,7,1,0,0,0,0,0
2025-01-01,AST-4061,Screw Compressor,DHR-03,2,0,1,3,9,1,0,0,0,0,0
