severity_threshold,model,actual,score
12,baseline_a,0,0.12950391644908615
12,baseline_a,0,0.12950391644908615
12,baseline_a,0,0.12950391644908615
12,baseline_a,0,0.12950391644908615
12,baseline_a,0,0.12950391644908615
12,baseline_a,0,0.12950391644908615
12,baseline_a,0,0.12950391644908615
12,baseline_a,0,0.12950391644908615
12,baseline_a,0,0.12950391644908615
12,baseline_a,0,0.12950391644908615
12,baseline_a,0,0.12950391644908615
12,baseline_a,0,0.12950391644908615
12,baseline_a,1,0.12950391644908615
12,baseline_a,0,0.12950391644908615
12,baseline_a,0,0.12950391644908615
12,baseline_a,0,0.12950391644908615
12,baseline_a,0,0.12950391644908615
12,baseline_a,0,0.12950391644908615
12,baseline_a,1,0.12950391644908615
12,baseline_a,0,0.12950391644908615
12,baseline_a,0,0.12950391644908615
12,baseline_a,0,0.12950391644908615
12,baseline_a,1,0.12950391644908615
12,baseline_a,1,0.12950391644908615
12,baseline_a,0,0.12950391644908615
12,baseline_a,0,0.12950391644908615
12,baseline_a,0,0.12950391644908615
12,baseline_a,0,0.12950391644908615
12,baseline_a,0,0.12950391644908615
12,baseline_a,0,0.12950391644908615
12,baseline_a,0,0.12950391644908615
12,baseline_a,0,0.12950391644908615
12,baseline_a,1,0.12950391644908615
12,baseline_a,0,0.12950391644908615
12,baseline_a,0,0.12950391644908615
12,baseline_a,1,0.12950391644908615
12,baseline_a,0,0.12950391644908615
12,baseline_a,0,0.12950391644908615
12,baseline_a,0,0.12950391644908615
12,baseline_a,1,0.12950391644908615
12,baseline_a,0,0.12950391644908615
12,baseline_a,0,0.12950391644908615
12,baseline_a,0,0.12950391644908615
12,baseline_a,0,0.12950391644908615
12,baseline_a,0,0.12950391644908615
12,baseline_a,0,0.12950391644908615
12,baseline_a,0,0.12950391644908615
12,baseline_a,1,0.12950391644908615
12,baseline_a,0,0.12950391644908615
12,baseline_a,0,0.12950391644908615
12,baseline_a,1,0.12950391644908615
12,baseline_a,0,0.12950391644908615
12,baseline_a,1,0.12950391644908615
12,baseline_a,0,0.12950391644908615
12,baseline_a,0,0.12950391644908615
12,baseline_a,0,0.12950391644908615
12,baseline_a,0,0.12950391644908615
12,baseline_a,0,0.12950391644908615
12,baseline_a,0,0.12950391644908615
12,baseline_a,0,0.12950391644908615
12,baseline_a,0,0.12950391644908615
12,baseline_a,0,0.12950391644908615
12,baseline_a,0,0.12950391644908615
12,baseline_a,0,0.12950391644908615
12,baseline_a,0,0.12950391644908615
12,baseline_a,0,0.12950391644908615
12,baseline_a,0,0.12950391644908615
12,baseline_a,0,0.12950391644908615
12,baseline_a,0,0.12950391644908615
12,baseline_a,0,0.12950391644908615
12,baseline_a,0,0.12950391644908615
12,baseline_a,0,0.12950391644908615
12,baseline_a,0,0.12950391644908615
12,baseline_a,0,0.12950391644908615
12,baseline_a,0,0.12950391644908615
12,baseline_a,0,0.12950391644908615
12,baseline_a,0,0.12950391644908615
12,baseline_a,0,0.12950391644908615
12,baseline_a,0,0.12950391644908615
12,baseline_a,0,0.12950391644908615
12,baseline_a,1,0.12950391644908615
12,baseline_a,0,0.12950391644908615
12,baseline_a,1,0.12950391644908615
12,baseline_a,1,0.12950391644908615
12,baseline_a,0,0.12950391644908615
12,baseline_a,0,0.12950391644908615
12,baseline_a,1,0.12950391644908615
12,baseline_a,0,0.12950391644908615
12,baseline_a,0,0.12950391644908615
12,baseline_a,0,0.12950391644908615
12,baseline_a,0,0.12950391644908615
12,baseline_a,0,0.12950391644908615
12,baseline_a,1,0.12950391644908615
12,baseline_a,0,0.12950391644908615
12,baseline_a,0,0.12950391644908615
12,baseline_a,0,0.12950391644908615
12,baseline_a,1,0.12950391644908615
12,baseline_a,0,0.12950391644908615
12,baseline_a,1,0.12950391644908615
12,baseline_a,0,0.12950391644908615
12,baseline_a,0,0.12950391644908615
12,baseline_a,0,0.12950391644908615
12,baseline_a,0,0.12950391644908615
12,baseline_a,0,0.12950391644908615
12,baseline_a,0,0.12950391644908615
12,baseline_a,1,0.12950391644908615
12,baseline_a,0,0.12950391644908615
12,baseline_a,0,0.12950391644908615
12,baseline_a,1,0.12950391644908615
12,baseline_a,0,0.12950391644908615
12,baseline_a,0,0.12950391644908615
12,baseline_a,0,0.12950391644908615
12,baseline_a,0,0.12950391644908615
12,baseline_a,0,0.12950391644908615
12,baseline_a,0,0.12950391644908615
12,baseline_a,0,0.12950391644908615
12,baseline_a,0,0.12950391644908615
12,baseline_a,1,0.12950391644908615
12,baseline_a,0,0.12950391644908615
12,baseline_a,0,0.12950391644908615
12,baseline_a,0,0.12950391644908615
12,baseline_a,0,0.12950391644908615
12,baseline_a,0,0.12950391644908615
12,baseline_a,0,0.12950391644908615
12,baseline_a,0,0.12950391644908615
12,baseline_a,0,0.12950391644908615
12,baseline_a,0,0.12950391644908615
12,baseline_a,0,0.12950391644908615
12,baseline_a,0,0.12950391644908615
12,baseline_a,0,0.12950391644908615
12,baseline_a,0,0.12950391644908615
12,baseline_a,0,0.12950391644908615
12,baseline_a,0,0.12950391644908615
12,baseline_a,0,0.12950391644908615
12,baseline_a,0,0.12950391644908615
12,baseline_a,0,0.12950391644908615
12,baseline_a,0,0.12950391644908615
12,baseline_a,0,0.12950391644908615
12,baseline_a,0,0.12950391644908615
12,baseline_a,0,0.12950391644908615
12,baseline_a,0,0.12950391644908615
12,baseline_a,0,0.12950391644908615
12,baseline_a,0,0.12950391644908615
12,baseline_a,0,0.12950391644908615
12,baseline_a,0,0.12950391644908615
12,baseline_a,0,0.12950391644908615
12,baseline_a,0,0.12950391644908615
12,baseline_a,0,0.12950391644908615
12,baseline_a,0,0.12950391644908615
12,baseline_a,0,0.12950391644908615
12,baseline_a,0,0.12950391644908615
12,baseline_a,0,0.12950391644908615
12,baseline_a,0,0.12950391644908615
12,baseline_a,0,0.12950391644908615
12,baseline_a,1,0.12950391644908615
12,baseline_a,0,0.12950391644908615
12,baseline_a,0,0.12950391644908615
12,baseline_a,1,0.12950391644908615
12,baseline_a,0,0.12950391644908615
12,baseline_a,0,0.12950391644908615
12,baseline_a,1,0.12950391644908615
12,baseline_a,0,0.12950391644908615
12,baseline_a,0,0.12950391644908615
12,baseline_a,0,0.12950391644908615
12,baseline_a,0,0.12950391644908615
12,baseline_a,0,0.12950391644908615
12,baseline_a,0,0.12950391644908615
12,baseline_a,0,0.12950391644908615
12,baseline_a,0,0.12950391644908615
12,baseline_a,1,0.12950391644908615
12,baseline_a,0,0.12950391644908615
12,baseline_a,0,0.12950391644908615
12,baseline_a,0,0.12950391644908615
12,baseline_a,1,0.12950391644908615
12,baseline_a,0,0.12950391644908615
12,baseline_a,0,0.12950391644908615
12,baseline_a,0,0.12950391644908615
12,baseline_a,0,0.12950391644908615
12,baseline_a,0,0.12950391644908615
12,baseline_a,0,0.12950391644908615
12,baseline_a,0,0.12950391644908615
12,baseline_a,0,0.12950391644908615
12,baseline_a,0,0.12950391644908615
12,baseline_a,0,0.12950391644908615
12,baseline_a,0,0.12950391644908615
12,baseline_a,0,0.12950391644908615
12,baseline_a,0,0.12950391644908615
12,baseline_a,0,0.12950391644908615
12,baseline_a,1,0.12950391644908615
12,baseline_a,0,0.12950391644908615
12,baseline_a,0,0.12950391644908615
12,baseline_a,0,0.12950391644908615
12,baseline_a,0,0.12950391644908615
12,baseline_a,0,0.12950391644908615
12,baseline_a,0,0.12950391644908615
12,baseline_a,0,0.12950391644908615
12,baseline_a,0,0.12950391644908615
12,baseline_a,0,0.12950391644908615
12,baseline_a,0,0.12950391644908615
12,baseline_a,0,0.12950391644908615
12,baseline_a,0,0.12950391644908615
12,baseline_a,0,0.12950391644908615
12,baseline_a,0,0.12950391644908615
12,baseline_a,0,0.12950391644908615
12,baseline_a,0,0.12950391644908615
12,baseline_a,0,0.12950391644908615
12,baseline_a,0,0.12950391644908615
12,baseline_a,0,0.12950391644908615
12,baseline_a,0,0.12950391644908615
12,baseline_a,0,0.12950391644908615
12,baseline_a,0,0.12950391644908615
12,baseline_a,0,0.12950391644908615
12,baseline_a,0,0.12950391644908615
12,baseline_a,0,0.12950391644908615
12,baseline_a,0,0.12950391644908615
12,baseline_a,0,0.12950391644908615
12,baseline_a,0,0.12950391644908615
12,baseline_a,0,0.12950391644908615
12,baseline_a,0,0.12950391644908615
12,baseline_a,0,0.12950391644908615
12,baseline_a,0,0.12950391644908615
12,baseline_a,0,0.12950391644908615
12,baseline_a,0,0.12950391644908615
12,baseline_a,0,0.12950391644908615
12,baseline_a,0,0.12950391644908615
12,baseline_a,0,0.12950391644908615
12,baseline_a,0,0.12950391644908615
12,baseline_a,0,0.12950391644908615
12,baseline_a,0,0.12950391644908615
12,baseline_a,0,0.12950391644908615
12,baseline_a,0,0.12950391644908615
12,baseline_a,0,0.12950391644908615
12,baseline_a,0,0.12950391644908615
12,baseline_a,1,0.12950391644908615
12,baseline_a,0,0.12950391644908615
12,baseline_a,0,0.12950391644908615
12,baseline_a,0,0.12950391644908615
12,baseline_a,0,0.12950391644908615
12,baseline_a,0,0.12950391644908615
12,baseline_a,0,0.12950391644908615
12,baseline_a,0,0.12950391644908615
12,baseline_a,0,0.12950391644908615
12,baseline_a,0,0.12950391644908615
12,baseline_a,0,0.12950391644908615
12,baseline_a,0,0.12950391644908615
12,baseline_a,0,0.12950391644908615
12,baseline_a,1,0.12950391644908615
12,baseline_a,0,0.12950391644908615
12,baseline_a,0,0.12950391644908615
12,baseline_a,0,0.12950391644908615
12,baseline_a,0,0.12950391644908615
12,baseline_a,1,0.12950391644908615
12,baseline_a,1,0.12950391644908615
12,baseline_a,0,0.12950391644908615
12,baseline_a,0,0.12950391644908615
12,baseline_a,0,0.12950391644908615
12,baseline_a,0,0.12950391644908615
12,baseline_a,0,0.12950391644908615
12,baseline_a,0,0.12950391644908615
12,baseline_a,0,0.12950391644908615
12,baseline_a,0,0.12950391644908615
12,baseline_a,0,0.12950391644908615
12,baseline_a,0,0.12950391644908615
12,baseline_a,0,0.12950391644908615
12,baseline_a,0,0.12950391644908615
12,baseline_a,0,0.12950391644908615
12,baseline_a,1,0.12950391644908615
12,baseline_a,0,0.12950391644908615
12,baseline_a,0,0.12950391644908615
12,baseline_a,0,0.12950391644908615
12,baseline_a,0,0.12950391644908615
12,baseline_a,0,0.12950391644908615
12,baseline_a,0,0.12950391644908615
12,baseline_a,0,0.12950391644908615
12,baseline_a,0,0.12950391644908615
12,baseline_a,0,0.12950391644908615
12,baseline_a,0,0.12950391644908615
12,baseline_a,0,0.12950391644908615
12,baseline_a,0,0.12950391644908615
12,baseline_a,0,0.12950391644908615
12,baseline_a,0,0.12950391644908615
12,baseline_a,0,0.12950391644908615
12,baseline_a,0,0.12950391644908615
12,baseline_a,0,0.12950391644908615
12,baseline_a,0,0.12950391644908615
12,baseline_a,0,0.12950391644908615
12,baseline_a,0,0.12950391644908615
12,baseline_a,0,0.12950391644908615
12,baseline_a,0,0.12950391644908615
12,baseline_a,0,0.12950391644908615
12,baseline_a,0,0.12950391644908615
12,baseline_a,0,0.12950391644908615
12,baseline_a,1,0.12950391644908615
12,baseline_a,0,0.12950391644908615
12,baseline_a,0,0.12950391644908615
12,baseline_a,0,0.12950391644908615
12,baseline_a,0,0.12950391644908615
12,baseline_a,1,0.12950391644908615
12,baseline_a,0,0.12950391644908615
12,baseline_a,0,0.12950391644908615
12,baseline_a,0,0.12950391644908615
12,baseline_a,0,0.12950391644908615
12,baseline_a,0,0.12950391644908615
12,baseline_a,0,0.12950391644908615
12,baseline_a,0,0.12950391644908615
12,baseline_a,0,0.12950391644908615
12,baseline_a,0,0.12950391644908615
12,baseline_a,0,0.12950391644908615
12,baseline_a,0,0.12950391644908615
12,baseline_a,0,0.12950391644908615
12,baseline_a,0,0.12950391644908615
12,baseline_a,0,0.12950391644908615
12,baseline_a,0,0.12950391644908615
12,baseline_a,0,0.12950391644908615
12,baseline_a,0,0.12950391644908615
12,baseline_a,0,0.12950391644908615
12,baseline_a,0,0.12950391644908615
12,baseline_a,0,0.12950391644908615
12,baseline_a,0,0.12950391644908615
12,baseline_a,0,0.12950391644908615
12,baseline_a,0,0.12950391644908615
12,baseline_a,1,0.12950391644908615
12,baseline_a,0,0.12950391644908615
12,baseline_a,0,0.12950391644908615
12,baseline_a,0,0.12950391644908615
12,baseline_a,0,0.12950391644908615
12,baseline_a,1,0.12950391644908615
12,baseline_a,0,0.12950391644908615
12,baseline_a,0,0.12950391644908615
12,baseline_a,0,0.12950391644908615
12,baseline_a,0,0.12950391644908615
12,baseline_a,0,0.12950391644908615
12,baseline_a,0,0.12950391644908615
12,baseline_a,1,0.12950391644908615
12,baseline_a,0,0.12950391644908615
12,baseline_a,0,0.12950391644908615
12,baseline_a,1,0.12950391644908615
12,baseline_a,0,0.12950391644908615
12,baseline_a,1,0.12950391644908615
12,baseline_a,0,0.12950391644908615
12,baseline_a,0,0.12950391644908615
12,baseline_a,0,0.12950391644908615
12,baseline_a,0,0.12950391644908615
12,baseline_a,0,0.12950391644908615
12,baseline_a,0,0.12950391644908615
12,baseline_a,0,0.12950391644908615
12,baseline_a,0,0.12950391644908615
12,baseline_a,0,0.12950391644908615
12,baseline_a,0,0.12950391644908615
12,baseline_a,0,0.12950391644908615
12,baseline_a,0,0.12950391644908615
12,baseline_a,0,0.12950391644908615
12,baseline_a,0,0.12950391644908615
12,baseline_a,0,0.12950391644908615
12,baseline_a,0,0.12950391644908615
12,baseline_a,0,0.12950391644908615
12,baseline_a,0,0.12950391644908615
12,baseline_a,0,0.12950391644908615
12,baseline_a,0,0.12950391644908615
12,baseline_a,0,0.12950391644908615
12,baseline_a,1,0.12950391644908615
12,baseline_a,0,0.12950391644908615
12,baseline_a,0,0.12950391644908615
12,baseline_a,0,0.12950391644908615
12,baseline_a,0,0.12950391644908615
12,baseline_a,0,0.12950391644908615
12,baseline_a,1,0.12950391644908615
12,baseline_a,0,0.12950391644908615
12,baseline_a,1,0.12950391644908615
12,baseline_a,0,0.12950391644908615
12,baseline_a,0,0.12950391644908615
12,baseline_a,0,0.12950391644908615
12,baseline_a,0,0.12950391644908615
12,baseline_a,0,0.12950391644908615
12,baseline_a,0,0.12950391644908615
12,baseline_a,0,0.12950391644908615
12,baseline_a,0,0.12950391644908615
12,baseline_a,1,0.12950391644908615
12,baseline_a,0,0.12950391644908615
12,baseline_a,0,0.12950391644908615
12,baseline_a,0,0.12950391644908615
12,baseline_a,0,0.12950391644908615
12,baseline_a,1,0.12950391644908615
12,baseline_a,0,0.12950391644908615
12,baseline_a,0,0.12950391644908615
12,baseline_a,0,0.12950391644908615
12,baseline_a,0,0.12950391644908615
12,baseline_a,0,0.12950391644908615
12,baseline_a,0,0.12950391644908615
12,baseline_a,0,0.12950391644908615
12,baseline_a,0,0.12950391644908615
12,baseline_a,0,0.12950391644908615
12,baseline_a,0,0.12950391644908615
12,baseline_a,0,0.12950391644908615
12,baseline_a,0,0.12950391644908615
12,baseline_a,0,0.12950391644908615
12,baseline_a,0,0.12950391644908615
12,baseline_a,1,0.12950391644908615
12,baseline_a,0,0.12950391644908615
12,baseline_a,1,0.12950391644908615
12,baseline_a,0,0.12950391644908615
12,baseline_a,0,0.12950391644908615
12,baseline_a,1,0.12950391644908615
12,baseline_a,0,0.12950391644908615
12,baseline_a,1,0.12950391644908615
12,baseline_a,0,0.12950391644908615
12,baseline_a,0,0.12950391644908615
12,baseline_a,0,0.12950391644908615
12,baseline_a,0,0.12950391644908615
12,baseline_a,0,0.12950391644908615
12,baseline_a,0,0.12950391644908615
12,baseline_a,0,0.12950391644908615
12,baseline_a,0,0.12950391644908615
12,baseline_a,0,0.12950391644908615
12,baseline_a,0,0.12950391644908615
12,baseline_a,0,0.12950391644908615
12,baseline_a,0,0.12950391644908615
12,baseline_a,0,0.12950391644908615
12,baseline_a,0,0.12950391644908615
12,baseline_a,0,0.12950391644908615
12,baseline_a,0,0.12950391644908615
12,baseline_a,0,0.12950391644908615
12,baseline_a,0,0.12950391644908615
12,baseline_a,0,0.12950391644908615
12,baseline_a,0,0.12950391644908615
12,baseline_a,0,0.12950391644908615
12,baseline_a,0,0.12950391644908615
12,baseline_a,0,0.12950391644908615
12,baseline_a,0,0.12950391644908615
12,baseline_a,0,0.12950391644908615
12,baseline_a,0,0.12950391644908615
12,baseline_a,0,0.12950391644908615
12,baseline_a,0,0.12950391644908615
12,baseline_a,0,0.12950391644908615
12,baseline_a,0,0.12950391644908615
12,baseline_a,0,0.12950391644908615
12,baseline_a,1,0.12950391644908615
12,baseline_a,0,0.12950391644908615
12,baseline_a,1,0.12950391644908615
12,baseline_a,0,0.12950391644908615
12,baseline_a,0,0.12950391644908615
12,baseline_a,0,0.12950391644908615
12,baseline_a,1,0.12950391644908615
12,baseline_a,1,0.12950391644908615
12,baseline_a,0,0.12950391644908615
12,baseline_a,0,0.12950391644908615
12,baseline_a,0,0.12950391644908615
12,baseline_a,0,0.12950391644908615
12,baseline_a,0,0.12950391644908615
12,baseline_a,0,0.12950391644908615
12,baseline_a,0,0.12950391644908615
12,baseline_a,0,0.12950391644908615
12,baseline_a,0,0.12950391644908615
12,baseline_a,0,0.12950391644908615
12,baseline_a,0,0.12950391644908615
12,baseline_a,0,0.12950391644908615
12,baseline_a,1,0.12950391644908615
12,baseline_a,0,0.12950391644908615
12,baseline_a,0,0.12950391644908615
12,baseline_a,0,0.12950391644908615
12,baseline_a,0,0.12950391644908615
12,baseline_a,0,0.12950391644908615
12,baseline_a,0,0.12950391644908615
12,baseline_a,0,0.12950391644908615
12,baseline_a,0,0.12950391644908615
12,baseline_a,0,0.12950391644908615
12,baseline_a,0,0.12950391644908615
12,baseline_a,0,0.12950391644908615
12,baseline_a,0,0.12950391644908615
12,baseline_a,0,0.12950391644908615
12,baseline_a,0,0.12950391644908615
12,baseline_a,0,0.12950391644908615
12,baseline_a,1,0.12950391644908615
12,baseline_a,0,0.12950391644908615
12,baseline_a,0,0.12950391644908615
12,baseline_a,0,0.12950391644908615
12,baseline_a,1,0.12950391644908615
12,baseline_a,0,0.12950391644908615
12,baseline_a,0,0.12950391644908615
12,baseline_a,0,0.12950391644908615
12,baseline_a,0,0.12950391644908615
12,baseline_a,0,0.12950391644908615
12,baseline_a,0,0.12950391644908615
12,baseline_a,0,0.12950391644908615
12,baseline_a,0,0.12950391644908615
12,baseline_a,0,0.12950391644908615
12,baseline_a,0,0.12950391644908615
12,baseline_a,0,0.12950391644908615
12,baseline_a,0,0.12950391644908615
12,baseline_a,0,0.12950391644908615
12,baseline_a,0,0.12950391644908615
12,baseline_a,0,0.12950391644908615
12,baseline_a,0,0.12950391644908615
12,baseline_a,0,0.12950391644908615
12,baseline_a,0,0.12950391644908615
12,baseline_a,0,0.12950391644908615
12,baseline_a,0,0.12950391644908615
12,baseline_a,0,0.12950391644908615
12,baseline_a,0,0.12950391644908615
12,baseline_a,0,0.12950391644908615
12,baseline_a,0,0.12950391644908615
12,baseline_a,0,0.12950391644908615
12,baseline_a,1,0.12950391644908615
12,baseline_a,0,0.12950391644908615
12,baseline_a,0,0.12950391644908615
12,baseline_a,0,0.12950391644908615
12,baseline_a,0,0.12950391644908615
12,baseline_a,0,0.12950391644908615
12,baseline_a,0,0.12950391644908615
12,baseline_a,0,0.12950391644908615
12,baseline_a,0,0.12950391644908615
12,baseline_a,0,0.12950391644908615
12,baseline_a,0,0.12950391644908615
12,baseline_a,0,0.12950391644908615
12,baseline_a,0,0.12950391644908615
12,baseline_a,0,0.12950391644908615
12,baseline_a,0,0.12950391644908615
12,baseline_a,0,0.12950391644908615
12,baseline_a,1,0.12950391644908615
12,baseline_a,0,0.12950391644908615
12,baseline_a,0,0.12950391644908615
12,baseline_a,1,0.12950391644908615
12,baseline_a,0,0.12950391644908615
12,baseline_a,0,0.12950391644908615
12,baseline_a,0,0.12950391644908615
12,baseline_a,0,0.12950391644908615
12,baseline_a,1,0.12950391644908615
12,baseline_a,0,0.12950391644908615
12,baseline_a,0,0.12950391644908615
12,baseline_a,0,0.12950391644908615
12,baseline_a,1,0.12950391644908615
12,baseline_a,1,0.12950391644908615
12,baseline_a,0,0.12950391644908615
12,baseline_a,1,0.12950391644908615
12,baseline_a,0,0.12950391644908615
12,baseline_a,0,0.12950391644908615
12,baseline_a,0,0.12950391644908615
12,baseline_a,0,0.12950391644908615
12,baseline_a,0,0.12950391644908615
12,baseline_a,1,0.12950391644908615
12,baseline_a,0,0.12950391644908615
12,baseline_a,0,0.12950391644908615
12,baseline_a,0,0.12950391644908615
12,baseline_a,0,0.12950391644908615
12,baseline_a,0,0.12950391644908615
12,baseline_a,0,0.12950391644908615
12,baseline_a,1,0.12950391644908615
12,baseline_a,0,0.12950391644908615
12,baseline_a,0,0.12950391644908615
12,baseline_a,0,0.12950391644908615
12,baseline_a,0,0.12950391644908615
12,baseline_a,0,0.12950391644908615
12,baseline_a,0,0.12950391644908615
12,baseline_a,0,0.12950391644908615
12,baseline_a,0,0.12950391644908615
12,baseline_a,0,0.12950391644908615
12,baseline_a,0,0.12950391644908615
12,baseline_a,0,0.12950391644908615
12,baseline_a,0,0.12950391644908615
12,baseline_a,0,0.12950391644908615
12,baseline_a,0,0.12950391644908615
12,baseline_a,0,0.12950391644908615
12,baseline_a,0,0.12950391644908615
12,baseline_a,0,0.12950391644908615
12,baseline_a,0,0.12950391644908615
12,baseline_a,0,0.12950391644908615
12,baseline_a,0,0.12950391644908615
12,baseline_a,0,0.12950391644908615
12,baseline_a,0,0.12950391644908615
12,baseline_a,0,0.12950391644908615
12,baseline_a,0,0.12950391644908615
12,baseline_a,0,0.12950391644908615
12,baseline_a,0,0.12950391644908615
12,baseline_a,1,0.12950391644908615
12,baseline_a,0,0.12950391644908615
12,baseline_a,0,0.12950391644908615
12,baseline_a,0,0.12950391644908615
12,baseline_a,0,0.12950391644908615
12,baseline_a,0,0.12950391644908615
12,baseline_a,0,0.12950391644908615
12,baseline_a,0,0.12950391644908615
12,baseline_a,0,0.12950391644908615
12,baseline_a,0,0.12950391644908615
12,baseline_a,0,0.12950391644908615
12,baseline_a,1,0.12950391644908615
12,baseline_a,0,0.12950391644908615
12,baseline_a,1,0.12950391644908615
12,baseline_a,0,0.12950391644908615
12,baseline_a,0,0.12950391644908615
12,baseline_a,0,0.12950391644908615
12,baseline_a,0,0.12950391644908615
12,baseline_a,0,0.12950391644908615
12,baseline_a,0,0.12950391644908615
12,baseline_a,0,0.12950391644908615
12,baseline_a,0,0.12950391644908615
12,baseline_a,0,0.12950391644908615
12,baseline_a,0,0.12950391644908615
12,baseline_a,0,0.12950391644908615
12,baseline_a,1,0.12950391644908615
12,baseline_a,0,0.12950391644908615
12,baseline_a,0,0.12950391644908615
12,baseline_a,0,0.12950391644908615
12,baseline_a,0,0.12950391644908615
12,baseline_a,1,0.12950391644908615
12,baseline_a,0,0.12950391644908615
12,baseline_a,0,0.12950391644908615
12,baseline_a,1,0.12950391644908615
12,baseline_a,0,0.12950391644908615
12,baseline_a,1,0.12950391644908615
12,baseline_a,0,0.12950391644908615
12,baseline_a,1,0.12950391644908615
12,baseline_a,0,0.12950391644908615
12,baseline_a,0,0.12950391644908615
12,baseline_a,0,0.12950391644908615
12,baseline_a,0,0.12950391644908615
12,baseline_a,0,0.12950391644908615
12,baseline_a,0,0.12950391644908615
12,baseline_a,1,0.12950391644908615
12,baseline_a,1,0.12950391644908615
12,baseline_a,0,0.12950391644908615
12,baseline_a,0,0.12950391644908615
12,baseline_a,0,0.12950391644908615
12,baseline_a,0,0.12950391644908615
12,baseline_a,0,0.12950391644908615
12,baseline_a,0,0.12950391644908615
12,baseline_a,0,0.12950391644908615
12,baseline_a,0,0.12950391644908615
12,baseline_a,0,0.12950391644908615
12,baseline_a,0,0.12950391644908615
12,baseline_a,0,0.12950391644908615
12,baseline_a,0,0.12950391644908615
12,baseline_a,0,0.12950391644908615
12,baseline_a,0,0.12950391644908615
12,baseline_a,0,0.12950391644908615
12,baseline_a,0,0.12950391644908615
12,baseline_a,0,0.12950391644908615
12,baseline_a,0,0.12950391644908615
12,baseline_a,0,0.12950391644908615
12,baseline_a,0,0.12950391644908615
12,baseline_a,0,0.12950391644908615
12,baseline_a,0,0.12950391644908615
12,baseline_a,0,0.12950391644908615
12,baseline_a,0,0.12950391644908615
12,baseline_a,0,0.12950391644908615
12,baseline_a,0,0.12950391644908615
12,baseline_a,0,0.12950391644908615
12,baseline_a,0,0.12950391644908615
12,baseline_a,0,0.12950391644908615
12,baseline_a,0,0.12950391644908615
12,baseline_a,0,0.12950391644908615
12,baseline_a,0,0.12950391644908615
12,baseline_a,0,0.12950391644908615
12,baseline_a,0,0.12950391644908615
12,baseline_a,0,0.12950391644908615
12,baseline_a,0,0.12950391644908615
12,baseline_a,0,0.12950391644908615
12,baseline_a,0,0.12950391644908615
12,baseline_a,0,0.12950391644908615
12,baseline_a,0,0.12950391644908615
12,baseline_a,0,0.12950391644908615
12,baseline_a,0,0.12950391644908615
12,baseline_a,0,0.12950391644908615
12,baseline_a,0,0.12950391644908615
12,baseline_a,0,0.12950391644908615
12,baseline_a,0,0.12950391644908615
12,baseline_a,0,0.12950391644908615
12,baseline_a,0,0.12950391644908615
12,baseline_a,1,0.12950391644908615
12,baseline_a,1,0.12950391644908615
12,baseline_a,1,0.12950391644908615
12,baseline_a,0,0.12950391644908615
12,baseline_a,0,0.12950391644908615
12,baseline_a,1,0.12950391644908615
12,baseline_a,0,0.12950391644908615
12,baseline_a,0,0.12950391644908615
12,baseline_a,0,0.12950391644908615
12,baseline_a,0,0.12950391644908615
12,baseline_a,1,0.12950391644908615
12,baseline_a,1,0.12950391644908615
12,baseline_a,0,0.12950391644908615
12,baseline_a,0,0.12950391644908615
12,baseline_a,0,0.12950391644908615
12,baseline_a,0,0.12950391644908615
12,baseline_a,0,0.12950391644908615
12,baseline_a,0,0.12950391644908615
12,baseline_a,0,0.12950391644908615
12,baseline_a,1,0.12950391644908615
12,baseline_a,0,0.12950391644908615
12,baseline_a,0,0.12950391644908615
12,baseline_a,0,0.12950391644908615
12,baseline_a,0,0.12950391644908615
12,baseline_a,0,0.12950391644908615
12,baseline_a,0,0.12950391644908615
12,baseline_a,0,0.12950391644908615
12,baseline_a,0,0.12950391644908615
12,baseline_a,0,0.12950391644908615
12,baseline_a,0,0.12950391644908615
12,baseline_a,0,0.12950391644908615
12,baseline_a,0,0.12950391644908615
12,baseline_a,0,0.12950391644908615
12,baseline_a,0,0.12950391644908615
12,baseline_a,0,0.12950391644908615
12,baseline_a,0,0.12950391644908615
12,baseline_a,0,0.12950391644908615
12,baseline_a,0,0.12950391644908615
12,baseline_a,0,0.12950391644908615
12,baseline_a,0,0.12950391644908615
12,baseline_a,0,0.12950391644908615
12,baseline_a,0,0.12950391644908615
12,baseline_a,0,0.12950391644908615
12,baseline_a,0,0.12950391644908615
12,baseline_a,0,0.12950391644908615
12,baseline_a,0,0.12950391644908615
12,baseline_a,1,0.12950391644908615
12,baseline_a,0,0.12950391644908615
12,baseline_a,0,0.12950391644908615
12,baseline_a,0,0.12950391644908615
12,baseline_a,0,0.12950391644908615
12,baseline_a,1,0.12950391644908615
12,baseline_a,0,0.12950391644908615
12,baseline_a,0,0.12950391644908615
12,baseline_a,0,0.12950391644908615
12,baseline_a,1,0.12950391644908615
12,baseline_a,0,0.12950391644908615
12,baseline_a,1,0.12950391644908615
12,baseline_a,0,0.12950391644908615
12,baseline_a,0,0.12950391644908615
12,baseline_a,0,0.12950391644908615
12,baseline_a,0,0.12950391644908615
12,baseline_a,0,0.12950391644908615
12,baseline_a,0,0.12950391644908615
12,baseline_a,0,0.12950391644908615
12,baseline_a,0,0.12950391644908615
12,baseline_a,1,0.12950391644908615
12,baseline_a,0,0.12950391644908615
12,baseline_a,0,0.12950391644908615
12,baseline_a,0,0.12950391644908615
12,baseline_a,1,0.12950391644908615
12,baseline_a,0,0.12950391644908615
12,baseline_a,0,0.12950391644908615
12,baseline_a,0,0.12950391644908615
12,baseline_a,0,0.12950391644908615
12,baseline_a,1,0.12950391644908615
12,baseline_a,0,0.12950391644908615
12,baseline_a,0,0.12950391644908615
12,baseline_a,1,0.12950391644908615
12,baseline_a,0,0.12950391644908615
12,baseline_a,0,0.12950391644908615
12,baseline_a,0,0.12950391644908615
12,baseline_a,0,0.12950391644908615
12,baseline_a,1,0.12950391644908615
12,baseline_a,0,0.12950391644908615
12,baseline_a,1,0.12950391644908615
12,baseline_a,0,0.12950391644908615
12,baseline_a,0,0.12950391644908615
12,baseline_a,1,0.12950391644908615
12,baseline_a,1,0.12950391644908615
12,baseline_a,0,0.12950391644908615
12,baseline_a,0,0.12950391644908615
12,baseline_a,0,0.12950391644908615
12,baseline_a,0,0.12950391644908615
12,baseline_a,0,0.12950391644908615
12,baseline_a,0,0.12950391644908615
12,baseline_a,0,0.12950391644908615
12,baseline_a,0,0.12950391644908615
12,baseline_a,0,0.12950391644908615
12,baseline_a,0,0.12950391644908615
12,baseline_a,0,0.12950391644908615
12,baseline_a,0,0.12950391644908615
12,baseline_a,0,0.12950391644908615
12,baseline_a,0,0.12950391644908615
12,baseline_a,0,0.12950391644908615
12,baseline_a,0,0.12950391644908615
12,baseline_a,0,0.12950391644908615
12,baseline_a,0,0.12950391644908615
12,baseline_a,0,0.12950391644908615
12,baseline_a,0,0.12950391644908615
12,baseline_a,0,0.12950391644908615
12,baseline_a,0,0.12950391644908615
12,baseline_a,0,0.12950391644908615
12,baseline_a,0,0.12950391644908615
12,baseline_a,0,0.12950391644908615
12,baseline_a,0,0.12950391644908615
12,baseline_a,0,0.12950391644908615
12,baseline_a,0,0.12950391644908615
12,baseline_a,0,0.12950391644908615
12,baseline_a,1,0.12950391644908615
12,baseline_a,0,0.12950391644908615
12,baseline_a,1,0.12950391644908615
12,baseline_a,0,0.12950391644908615
12,baseline_a,0,0.12950391644908615
12,baseline_a,0,0.12950391644908615
12,baseline_a,0,0.12950391644908615
12,baseline_a,0,0.12950391644908615
12,baseline_a,0,0.12950391644908615
12,baseline_a,0,0.12950391644908615
12,baseline_a,0,0.12950391644908615
12,baseline_a,1,0.12950391644908615
12,baseline_a,0,0.12950391644908615
12,baseline_a,0,0.12950391644908615
12,baseline_a,0,0.12950391644908615
12,baseline_a,0,0.12950391644908615
12,baseline_a,1,0.12950391644908615
12,baseline_a,1,0.12950391644908615
12,baseline_a,1,0.12950391644908615
12,baseline_a,0,0.12950391644908615
12,baseline_a,0,0.12950391644908615
12,baseline_a,0,0.12950391644908615
12,baseline_a,0,0.12950391644908615
12,baseline_a,0,0.12950391644908615
12,baseline_a,0,0.12950391644908615
12,baseline_a,0,0.12950391644908615
12,baseline_a,0,0.12950391644908615
12,baseline_a,0,0.12950391644908615
12,baseline_a,0,0.12950391644908615
12,baseline_a,0,0.12950391644908615
12,baseline_a,0,0.12950391644908615
12,baseline_a,0,0.12950391644908615
12,baseline_a,0,0.12950391644908615
12,baseline_a,0,0.12950391644908615
12,baseline_a,0,0.12950391644908615
12,baseline_a,1,0.12950391644908615
12,baseline_a,0,0.12950391644908615
12,baseline_a,0,0.12950391644908615
12,baseline_a,0,0.12950391644908615
12,baseline_a,0,0.12950391644908615
12,baseline_a,1,0.12950391644908615
12,baseline_a,0,0.12950391644908615
12,baseline_a,1,0.12950391644908615
12,baseline_a,0,0.12950391644908615
12,baseline_a,0,0.12950391644908615
12,baseline_a,0,0.12950391644908615
12,baseline_a,0,0.12950391644908615
12,baseline_a,0,0.12950391644908615
12,baseline_a,0,0.12950391644908615
12,baseline_a,0,0.12950391644908615
12,baseline_a,0,0.12950391644908615
12,baseline_a,0,0.12950391644908615
12,baseline_a,0,0.12950391644908615
12,baseline_a,0,0.12950391644908615
12,baseline_a,0,0.12950391644908615
12,baseline_a,0,0.12950391644908615
12,baseline_a,0,0.12950391644908615
12,baseline_a,0,0.12950391644908615
12,baseline_a,0,0.12950391644908615
12,baseline_a,0,0.12950391644908615
12,baseline_a,0,0.12950391644908615
12,baseline_a,0,0.12950391644908615
12,baseline_a,0,0.12950391644908615
12,baseline_a,0,0.12950391644908615
12,baseline_a,0,0.12950391644908615
12,baseline_a,0,0.12950391644908615
12,baseline_a,0,0.12950391644908615
12,baseline_a,0,0.12950391644908615
12,baseline_a,0,0.12950391644908615
12,baseline_a,0,0.12950391644908615
12,baseline_a,0,0.12950391644908615
12,baseline_a,0,0.12950391644908615
12,baseline_a,1,0.12950391644908615
12,baseline_a,0,0.12950391644908615
12,baseline_a,0,0.12950391644908615
12,baseline_a,0,0.12950391644908615
12,baseline_a,0,0.12950391644908615
12,baseline_a,0,0.12950391644908615
12,baseline_a,0,0.12950391644908615
12,baseline_a,1,0.12950391644908615
12,baseline_a,0,0.12950391644908615
12,baseline_a,0,0.12950391644908615
12,baseline_a,1,0.12950391644908615
12,baseline_a,0,0.12950391644908615
12,baseline_a,0,0.12950391644908615
12,baseline_a,0,0.12950391644908615
12,baseline_a,0,0.12950391644908615
12,baseline_a,0,0.12950391644908615
12,baseline_a,0,0.12950391644908615
12,baseline_a,1,0.12950391644908615
12,baseline_a,0,0.12950391644908615
12,baseline_a,0,0.12950391644908615
12,baseline_a,0,0.12950391644908615
12,baseline_a,0,0.12950391644908615
12,baseline_a,0,0.12950391644908615
12,baseline_a,0,0.12950391644908615
12,baseline_a,0,0.12950391644908615
12,baseline_a,0,0.12950391644908615
12,baseline_a,0,0.12950391644908615
12,baseline_a,1,0.12950391644908615
12,baseline_a,0,0.12950391644908615
12,baseline_a,0,0.12950391644908615
12,baseline_a,0,0.12950391644908615
12,baseline_a,0,0.12950391644908615
12,baseline_a,0,0.12950391644908615
12,baseline_a,0,0.12950391644908615
12,baseline_a,1,0.12950391644908615
12,baseline_a,0,0.12950391644908615
12,baseline_a,0,0.12950391644908615
12,baseline_a,1,0.12950391644908615
12,baseline_a,1,0.12950391644908615
12,baseline_a,0,0.12950391644908615
12,baseline_a,0,0.12950391644908615
12,baseline_a,0,0.12950391644908615
12,baseline_a,0,0.12950391644908615
12,baseline_a,0,0.12950391644908615
12,baseline_a,0,0.12950391644908615
12,baseline_a,0,0.12950391644908615
12,baseline_a,0,0.12950391644908615
12,baseline_a,0,0.12950391644908615
12,baseline_a,0,0.12950391644908615
12,baseline_a,0,0.12950391644908615
12,baseline_a,0,0.12950391644908615
12,baseline_a,0,0.12950391644908615
12,baseline_a,0,0.12950391644908615
12,baseline_a,0,0.12950391644908615
12,baseline_a,0,0.12950391644908615
12,baseline_a,0,0.12950391644908615
12,baseline_a,0,0.12950391644908615
12,baseline_a,0,0.12950391644908615
12,baseline_a,0,0.12950391644908615
12,baseline_a,0,0.12950391644908615
12,baseline_a,0,0.12950391644908615
12,baseline_a,0,0.12950391644908615
12,baseline_a,0,0.12950391644908615
12,baseline_a,0,0.12950391644908615
12,baseline_a,0,0.12950391644908615
12,baseline_a,0,0.12950391644908615
12,baseline_a,0,0.12950391644908615
12,baseline_a,0,0.12950391644908615
12,baseline_a,1,0.12950391644908615
12,baseline_a,0,0.12950391644908615
12,baseline_a,0,0.12950391644908615
12,baseline_a,0,0.12950391644908615
12,baseline_a,0,0.12950391644908615
12,baseline_a,0,0.12950391644908615
12,baseline_a,0,0.12950391644908615
12,baseline_a,0,0.12950391644908615
12,baseline_a,0,0.12950391644908615
12,baseline_a,0,0.12950391644908615
12,baseline_a,1,0.12950391644908615
12,baseline_a,1,0.12950391644908615
12,baseline_a,0,0.12950391644908615
12,baseline_a,0,0.12950391644908615
12,baseline_a,0,0.12950391644908615
12,baseline_a,0,0.12950391644908615
12,baseline_a,1,0.12950391644908615
12,baseline_a,0,0.12950391644908615
12,baseline_a,1,0.12950391644908615
12,baseline_a,0,0.12950391644908615
12,baseline_a,0,0.12950391644908615
12,baseline_a,1,0.12950391644908615
12,baseline_a,0,0.12950391644908615
12,baseline_a,0,0.12950391644908615
12,baseline_a,0,0.12950391644908615
12,baseline_a,0,0.12950391644908615
12,baseline_a,1,0.12950391644908615
12,baseline_a,0,0.12950391644908615
12,baseline_a,0,0.12950391644908615
12,baseline_a,0,0.12950391644908615
12,baseline_a,0,0.12950391644908615
12,baseline_a,0,0.12950391644908615
12,baseline_a,0,0.12950391644908615
12,baseline_a,0,0.12950391644908615
12,baseline_a,1,0.12950391644908615
12,baseline_a,1,0.12950391644908615
12,baseline_a,0,0.12950391644908615
12,baseline_a,0,0.12950391644908615
12,baseline_a,0,0.12950391644908615
12,baseline_a,0,0.12950391644908615
12,baseline_a,0,0.12950391644908615
12,baseline_a,0,0.12950391644908615
12,baseline_a,0,0.12950391644908615
12,baseline_a,0,0.12950391644908615
12,baseline_a,0,0.12950391644908615
12,baseline_a,0,0.12950391644908615
12,baseline_a,0,0.12950391644908615
12,baseline_a,0,0.12950391644908615
12,baseline_a,0,0.12950391644908615
12,baseline_a,0,0.12950391644908615
12,baseline_a,0,0.12950391644908615
12,baseline_a,0,0.12950391644908615
12,baseline_a,0,0.12950391644908615
12,baseline_a,0,0.12950391644908615
12,baseline_a,0,0.12950391644908615
12,baseline_a,0,0.12950391644908615
12,baseline_a,0,0.12950391644908615
12,baseline_a,0,0.12950391644908615
12,baseline_a,0,0.12950391644908615
12,baseline_a,0,0.12950391644908615
12,baseline_a,0,0.12950391644908615
12,baseline_a,0,0.12950391644908615
12,baseline_a,0,0.12950391644908615
12,baseline_a,0,0.12950391644908615
12,baseline_a,0,0.12950391644908615
12,baseline_a,0,0.12950391644908615
12,baseline_a,0,0.12950391644908615
12,baseline_a,0,0.12950391644908615
12,baseline_a,0,0.12950391644908615
12,baseline_a,0,0.12950391644908615
12,baseline_a,0,0.12950391644908615
12,baseline_a,0,0.12950391644908615
12,baseline_a,1,0.12950391644908615
12,baseline_a,0,0.12950391644908615
12,baseline_a,0,0.12950391644908615
12,baseline_a,0,0.12950391644908615
12,baseline_a,1,0.12950391644908615
12,baseline_a,0,0.12950391644908615
12,baseline_a,0,0.12950391644908615
12,baseline_a,0,0.12950391644908615
12,baseline_a,0,0.12950391644908615
12,baseline_a,0,0.12950391644908615
12,baseline_a,0,0.12950391644908615
12,baseline_a,0,0.12950391644908615
12,baseline_a,0,0.12950391644908615
12,baseline_a,0,0.12950391644908615
12,baseline_a,0,0.12950391644908615
12,baseline_a,1,0.12950391644908615
12,baseline_a,0,0.12950391644908615
12,baseline_a,0,0.12950391644908615
12,baseline_a,0,0.12950391644908615
12,baseline_a,0,0.12950391644908615
12,baseline_a,1,0.12950391644908615
12,baseline_a,0,0.12950391644908615
12,baseline_a,0,0.12950391644908615
12,baseline_a,1,0.12950391644908615
12,baseline_a,0,0.12950391644908615
12,baseline_a,0,0.12950391644908615
12,baseline_a,0,0.12950391644908615
12,baseline_a,0,0.12950391644908615
12,baseline_a,0,0.12950391644908615
12,baseline_a,0,0.12950391644908615
12,baseline_a,0,0.12950391644908615
12,baseline_a,0,0.12950391644908615
12,baseline_a,0,0.12950391644908615
12,baseline_a,0,0.12950391644908615
12,baseline_a,0,0.12950391644908615
12,baseline_a,0,0.12950391644908615
12,baseline_a,0,0.12950391644908615
12,baseline_a,0,0.12950391644908615
12,baseline_a,0,0.12950391644908615
12,baseline_a,0,0.12950391644908615
12,baseline_a,0,0.12950391644908615
12,baseline_a,0,0.12950391644908615
12,baseline_a,0,0.12950391644908615
12,baseline_a,0,0.12950391644908615
12,baseline_a,0,0.12950391644908615
12,baseline_a,0,0.12950391644908615
12,baseline_a,0,0.12950391644908615
12,baseline_a,0,0.12950391644908615
12,baseline_a,0,0.12950391644908615
12,baseline_a,0,0.12950391644908615
12,baseline_a,0,0.12950391644908615
12,baseline_a,0,0.12950391644908615
12,baseline_a,0,0.12950391644908615
12,baseline_a,0,0.12950391644908615
12,baseline_a,0,0.12950391644908615
12,baseline_a,0,0.12950391644908615
12,baseline_a,0,0.12950391644908615
12,baseline_a,0,0.12950391644908615
12,baseline_a,0,0.12950391644908615
12,baseline_a,0,0.12950391644908615
12,baseline_a,0,0.12950391644908615
12,baseline_a,0,0.12950391644908615
12,baseline_a,0,0.12950391644908615
12,baseline_a,1,0.12950391644908615
12,baseline_a,0,0.12950391644908615
12,baseline_a,0,0.12950391644908615
12,baseline_a,0,0.12950391644908615
12,baseline_a,0,0.12950391644908615
12,baseline_a,0,0.12950391644908615
12,baseline_a,0,0.12950391644908615
12,baseline_a,0,0.12950391644908615
12,baseline_a,0,0.12950391644908615
12,baseline_a,0,0.12950391644908615
12,baseline_a,0,0.12950391644908615
12,baseline_a,1,0.12950391644908615
12,baseline_a,0,0.12950391644908615
12,baseline_a,0,0.12950391644908615
12,baseline_a,1,0.12950391644908615
12,baseline_a,1,0.12950391644908615
12,baseline_a,1,0.12950391644908615
12,baseline_a,1,0.12950391644908615
12,baseline_a,0,0.12950391644908615
12,baseline_a,0,0.12950391644908615
12,baseline_a,0,0.12950391644908615
12,baseline_a,1,0.12950391644908615
12,baseline_a,0,0.12950391644908615
12,baseline_a,0,0.12950391644908615
12,baseline_a,0,0.12950391644908615
12,baseline_a,1,0.12950391644908615
12,baseline_a,0,0.12950391644908615
12,baseline_a,1,0.12950391644908615
12,baseline_a,0,0.12950391644908615
12,baseline_a,0,0.12950391644908615
12,baseline_a,0,0.12950391644908615
12,baseline_a,1,0.12950391644908615
12,baseline_a,0,0.12950391644908615
12,baseline_a,0,0.12950391644908615
12,baseline_a,0,0.12950391644908615
12,baseline_a,0,0.12950391644908615
12,baseline_a,0,0.12950391644908615
12,baseline_a,0,0.12950391644908615
12,baseline_a,0,0.12950391644908615
12,baseline_a,0,0.12950391644908615
12,baseline_a,0,0.12950391644908615
12,baseline_a,0,0.12950391644908615
12,baseline_a,0,0.12950391644908615
12,baseline_a,0,0.12950391644908615
12,baseline_a,0,0.12950391644908615
12,baseline_a,0,0.12950391644908615
12,baseline_a,0,0.12950391644908615
12,baseline_a,0,0.12950391644908615
12,baseline_a,0,0.12950391644908615
12,baseline_a,0,0.12950391644908615
12,baseline_a,0,0.12950391644908615
12,baseline_a,0,0.12950391644908615
12,baseline_a,0,0.12950391644908615
12,baseline_a,0,0.12950391644908615
12,baseline_a,0,0.12950391644908615
12,baseline_a,0,0.12950391644908615
12,baseline_a,0,0.12950391644908615
12,baseline_a,0,0.12950391644908615
12,baseline_a,0,0.12950391644908615
12,baseline_a,0,0.12950391644908615
12,baseline_a,0,0.12950391644908615
12,baseline_a,0,0.12950391644908615
12,baseline_a,0,0.12950391644908615
12,baseline_a,0,0.12950391644908615
12,baseline_a,0,0.12950391644908615
12,baseline_a,0,0.12950391644908615
12,baseline_a,0,0.12950391644908615
12,baseline_a,0,0.12950391644908615
12,baseline_a,0,0.12950391644908615
12,baseline_a,0,0.12950391644908615
12,baseline_a,0,0.12950391644908615
12,baseline_a,0,0.12950391644908615
12,baseline_a,0,0.12950391644908615
12,baseline_a,0,0.12950391644908615
12,baseline_a,0,0.12950391644908615
12,baseline_a,0,0.12950391644908615
12,baseline_a,0,0.12950391644908615
12,baseline_a,0,0.12950391644908615
12,baseline_a,0,0.12950391644908615
12,baseline_a,1,0.12950391644908615
12,baseline_a,0,0.12950391644908615
12,baseline_a,0,0.12950391644908615
12,baseline_a,0,0.12950391644908615
12,baseline_a,0,0.12950391644908615
12,baseline_a,0,0.12950391644908615
12,baseline_a,1,0.12950391644908615
12,baseline_a,1,0.12950391644908615
12,baseline_a,0,0.12950391644908615
12,baseline_a,0,0.12950391644908615
12,baseline_a,0,0.12950391644908615
12,baseline_a,0,0.12950391644908615
12,baseline_a,0,0.12950391644908615
12,baseline_a,0,0.12950391644908615
12,baseline_a,0,0.12950391644908615
12,baseline_a,0,0.12950391644908615
12,baseline_a,0,0.12950391644908615
12,baseline_a,1,0.12950391644908615
12,baseline_a,0,0.12950391644908615
12,baseline_a,0,0.12950391644908615
12,baseline_a,0,0.12950391644908615
12,baseline_a,0,0.12950391644908615
12,baseline_a,0,0.12950391644908615
12,baseline_a,0,0.12950391644908615
12,baseline_a,0,0.12950391644908615
12,baseline_a,0,0.12950391644908615
12,baseline_a,0,0.12950391644908615
12,baseline_a,0,0.12950391644908615
12,baseline_a,0,0.12950391644908615
12,baseline_a,0,0.12950391644908615
12,baseline_a,0,0.12950391644908615
12,baseline_a,0,0.12950391644908615
12,baseline_a,0,0.12950391644908615
12,baseline_a,0,0.12950391644908615
12,baseline_a,0,0.12950391644908615
12,baseline_a,0,0.12950391644908615
12,baseline_a,1,0.12950391644908615
12,baseline_a,0,0.12950391644908615
12,baseline_a,0,0.12950391644908615
12,baseline_a,0,0.12950391644908615
12,baseline_a,0,0.12950391644908615
12,baseline_a,0,0.12950391644908615
12,baseline_a,0,0.12950391644908615
12,baseline_a,0,0.12950391644908615
12,baseline_a,0,0.12950391644908615
12,baseline_a,0,0.12950391644908615
12,baseline_a,0,0.12950391644908615
12,baseline_a,0,0.12950391644908615
12,baseline_a,0,0.12950391644908615
12,baseline_a,0,0.12950391644908615
12,baseline_a,0,0.12950391644908615
12,baseline_a,0,0.12950391644908615
12,baseline_a,0,0.12950391644908615
12,baseline_a,0,0.12950391644908615
12,baseline_a,0,0.12950391644908615
12,baseline_a,0,0.12950391644908615
12,baseline_a,0,0.12950391644908615
12,baseline_a,0,0.12950391644908615
12,baseline_a,0,0.12950391644908615
12,baseline_a,0,0.12950391644908615
12,baseline_a,0,0.12950391644908615
12,baseline_a,0,0.12950391644908615
12,baseline_a,0,0.12950391644908615
12,baseline_a,0,0.12950391644908615
12,baseline_a,0,0.12950391644908615
12,baseline_a,0,0.12950391644908615
12,baseline_a,1,0.12950391644908615
12,baseline_a,0,0.12950391644908615
12,baseline_a,0,0.12950391644908615
12,baseline_a,0,0.12950391644908615
12,baseline_a,0,0.12950391644908615
12,baseline_a,0,0.12950391644908615
12,baseline_a,0,0.12950391644908615
12,baseline_a,0,0.12950391644908615
12,baseline_a,0,0.12950391644908615
12,baseline_a,0,0.12950391644908615
12,baseline_a,0,0.12950391644908615
12,baseline_a,0,0.12950391644908615
12,baseline_a,0,0.12950391644908615
12,baseline_a,0,0.12950391644908615
12,baseline_a,1,0.12950391644908615
12,baseline_a,0,0.12950391644908615
12,baseline_a,0,0.12950391644908615
12,baseline_a,0,0.12950391644908615
12,baseline_a,0,0.12950391644908615
12,baseline_a,0,0.12950391644908615
12,baseline_a,0,0.12950391644908615
12,baseline_a,0,0.12950391644908615
12,baseline_a,1,0.12950391644908615
12,baseline_a,0,0.12950391644908615
12,baseline_a,0,0.12950391644908615
12,baseline_a,0,0.12950391644908615
12,baseline_a,0,0.12950391644908615
12,baseline_a,1,0.12950391644908615
12,baseline_a,0,0.12950391644908615
12,baseline_a,0,0.12950391644908615
12,baseline_a,0,0.12950391644908615
12,baseline_a,0,0.12950391644908615
12,baseline_a,1,0.12950391644908615
12,baseline_a,0,0.12950391644908615
12,baseline_a,1,0.12950391644908615
12,baseline_a,0,0.12950391644908615
12,baseline_a,0,0.12950391644908615
12,baseline_a,0,0.12950391644908615
12,baseline_a,0,0.12950391644908615
12,baseline_a,0,0.12950391644908615
12,baseline_a,0,0.12950391644908615
12,baseline_a,0,0.12950391644908615
12,baseline_a,1,0.12950391644908615
12,baseline_a,0,0.12950391644908615
12,baseline_a,0,0.12950391644908615
12,baseline_a,0,0.12950391644908615
12,baseline_a,0,0.12950391644908615
12,baseline_a,0,0.12950391644908615
12,baseline_a,0,0.12950391644908615
12,baseline_a,0,0.12950391644908615
12,baseline_a,0,0.12950391644908615
12,baseline_a,0,0.12950391644908615
12,baseline_a,0,0.12950391644908615
12,baseline_a,0,0.12950391644908615
12,baseline_a,0,0.12950391644908615
12,baseline_a,0,0.12950391644908615
12,baseline_a,0,0.12950391644908615
12,baseline_a,0,0.12950391644908615
12,baseline_a,0,0.12950391644908615
12,baseline_a,0,0.12950391644908615
12,baseline_a,0,0.12950391644908615
12,baseline_a,0,0.12950391644908615
12,baseline_a,0,0.12950391644908615
12,baseline_a,0,0.12950391644908615
12,baseline_a,0,0.12950391644908615
12,baseline_a,0,0.12950391644908615
12,baseline_a,0,0.12950391644908615
12,baseline_a,0,0.12950391644908615
12,baseline_a,0,0.12950391644908615
12,baseline_a,0,0.12950391644908615
12,baseline_a,0,0.12950391644908615
12,baseline_a,0,0.12950391644908615
12,baseline_a,0,0.12950391644908615
12,baseline_a,0,0.12950391644908615
12,baseline_a,0,0.12950391644908615
12,baseline_a,0,0.12950391644908615
12,baseline_a,0,0.12950391644908615
12,baseline_a,0,0.12950391644908615
12,baseline_a,0,0.12950391644908615
12,baseline_a,0,0.12950391644908615
12,baseline_a,1,0.12950391644908615
12,baseline_a,0,0.12950391644908615
12,baseline_a,0,0.12950391644908615
12,baseline_a,0,0.12950391644908615
12,baseline_a,0,0.12950391644908615
12,baseline_a,0,0.12950391644908615
12,baseline_a,0,0.12950391644908615
12,baseline_a,1,0.12950391644908615
12,baseline_a,0,0.12950391644908615
12,baseline_a,0,0.12950391644908615
12,baseline_a,0,0.12950391644908615
12,baseline_a,0,0.12950391644908615
12,baseline_a,1,0.12950391644908615
12,baseline_a,0,0.12950391644908615
12,baseline_a,0,0.12950391644908615
12,baseline_a,0,0.12950391644908615
12,baseline_a,0,0.12950391644908615
12,baseline_a,0,0.12950391644908615
12,baseline_a,0,0.12950391644908615
12,baseline_a,0,0.12950391644908615
12,baseline_a,0,0.12950391644908615
12,baseline_a,0,0.12950391644908615
12,baseline_a,1,0.12950391644908615
12,baseline_a,0,0.12950391644908615
12,baseline_a,0,0.12950391644908615
12,baseline_a,0,0.12950391644908615
12,baseline_a,0,0.12950391644908615
12,baseline_a,0,0.12950391644908615
12,baseline_a,0,0.12950391644908615
12,baseline_a,0,0.12950391644908615
12,baseline_a,1,0.12950391644908615
12,baseline_a,0,0.12950391644908615
12,baseline_a,0,0.12950391644908615
12,baseline_a,0,0.12950391644908615
12,baseline_a,0,0.12950391644908615
12,baseline_a,0,0.12950391644908615
12,baseline_a,0,0.12950391644908615
12,baseline_a,0,0.12950391644908615
12,baseline_a,0,0.12950391644908615
12,baseline_a,0,0.12950391644908615
12,baseline_a,0,0.12950391644908615
12,baseline_a,0,0.12950391644908615
12,baseline_a,0,0.12950391644908615
12,baseline_a,0,0.12950391644908615
12,baseline_a,0,0.12950391644908615
12,baseline_a,0,0.12950391644908615
12,baseline_a,0,0.12950391644908615
12,baseline_a,0,0.12950391644908615
12,baseline_a,0,0.12950391644908615
12,baseline_a,0,0.12950391644908615
12,baseline_a,0,0.12950391644908615
12,baseline_a,0,0.12950391644908615
12,baseline_a,0,0.12950391644908615
12,baseline_a,0,0.12950391644908615
12,baseline_a,0,0.12950391644908615
12,baseline_a,1,0.12950391644908615
12,baseline_a,0,0.12950391644908615
12,baseline_a,0,0.12950391644908615
12,baseline_a,1,0.12950391644908615
12,baseline_a,0,0.12950391644908615
12,baseline_a,0,0.12950391644908615
12,baseline_a,0,0.12950391644908615
12,baseline_a,0,0.12950391644908615
12,baseline_a,0,0.12950391644908615
12,baseline_a,0,0.12950391644908615
12,baseline_a,0,0.12950391644908615
12,baseline_a,0,0.12950391644908615
12,baseline_a,0,0.12950391644908615
12,baseline_a,0,0.12950391644908615
12,baseline_a,0,0.12950391644908615
12,baseline_a,1,0.12950391644908615
12,baseline_a,1,0.12950391644908615
12,baseline_a,0,0.12950391644908615
12,baseline_a,0,0.12950391644908615
12,baseline_a,0,0.12950391644908615
12,baseline_a,0,0.12950391644908615
12,baseline_a,1,0.12950391644908615
12,baseline_a,0,0.12950391644908615
12,baseline_a,0,0.12950391644908615
12,baseline_a,0,0.12950391644908615
12,baseline_a,0,0.12950391644908615
12,baseline_a,0,0.12950391644908615
12,baseline_a,0,0.12950391644908615
12,baseline_a,1,0.12950391644908615
12,baseline_a,0,0.12950391644908615
12,baseline_a,0,0.12950391644908615
12,baseline_a,0,0.12950391644908615
12,baseline_a,0,0.12950391644908615
12,baseline_a,0,0.12950391644908615
12,baseline_a,1,0.12950391644908615
12,baseline_a,0,0.12950391644908615
12,baseline_a,0,0.12950391644908615
12,baseline_a,0,0.12950391644908615
12,baseline_a,0,0.12950391644908615
12,baseline_a,0,0.12950391644908615
12,baseline_a,0,0.12950391644908615
12,baseline_a,1,0.12950391644908615
12,baseline_a,0,0.12950391644908615
12,baseline_a,0,0.12950391644908615
12,baseline_a,0,0.12950391644908615
12,baseline_a,0,0.12950391644908615
12,baseline_a,0,0.12950391644908615
12,baseline_a,0,0.12950391644908615
12,baseline_a,0,0.12950391644908615
12,baseline_a,0,0.12950391644908615
12,baseline_a,0,0.12950391644908615
12,baseline_a,0,0.12950391644908615
12,baseline_a,0,0.12950391644908615
12,baseline_a,0,0.12950391644908615
12,baseline_a,0,0.12950391644908615
12,baseline_a,0,0.12950391644908615
12,baseline_a,0,0.12950391644908615
12,baseline_a,0,0.12950391644908615
12,baseline_a,0,0.12950391644908615
12,baseline_a,0,0.12950391644908615
12,baseline_a,0,0.12950391644908615
12,baseline_a,0,0.12950391644908615
12,baseline_a,0,0.12950391644908615
12,baseline_a,0,0.12950391644908615
12,baseline_a,0,0.12950391644908615
12,baseline_a,0,0.12950391644908615
12,baseline_a,0,0.12950391644908615
12,baseline_a,0,0.12950391644908615
12,baseline_a,0,0.12950391644908615
12,baseline_a,0,0.12950391644908615
12,baseline_a,0,0.12950391644908615
12,baseline_a,0,0.12950391644908615
12,baseline_a,0,0.12950391644908615
12,baseline_a,0,0.12950391644908615
12,baseline_a,0,0.12950391644908615
12,baseline_a,0,0.12950391644908615
12,baseline_a,1,0.12950391644908615
12,baseline_a,1,0.12950391644908615
12,baseline_a,1,0.12950391644908615
12,baseline_a,0,0.12950391644908615
12,baseline_a,1,0.12950391644908615
12,baseline_a,1,0.12950391644908615
12,baseline_a,0,0.12950391644908615
12,baseline_a,0,0.12950391644908615
12,baseline_a,0,0.12950391644908615
12,baseline_a,1,0.12950391644908615
12,baseline_a,0,0.12950391644908615
12,baseline_a,0,0.12950391644908615
12,baseline_a,0,0.12950391644908615
12,baseline_a,0,0.12950391644908615
12,baseline_a,0,0.12950391644908615
12,baseline_a,1,0.12950391644908615
12,baseline_a,0,0.12950391644908615
12,baseline_a,0,0.12950391644908615
12,baseline_a,1,0.12950391644908615
12,baseline_a,0,0.12950391644908615
12,baseline_a,0,0.12950391644908615
12,baseline_a,0,0.12950391644908615
12,baseline_a,0,0.12950391644908615
12,baseline_a,1,0.12950391644908615
12,baseline_a,1,0.12950391644908615
12,baseline_a,0,0.12950391644908615
12,baseline_a,0,0.12950391644908615
12,baseline_a,0,0.12950391644908615
12,baseline_a,0,0.12950391644908615
12,baseline_a,0,0.12950391644908615
12,baseline_a,1,0.12950391644908615
12,baseline_a,0,0.12950391644908615
12,baseline_a,0,0.12950391644908615
12,baseline_a,0,0.12950391644908615
12,baseline_a,0,0.12950391644908615
12,baseline_a,0,0.12950391644908615
12,baseline_a,0,0.12950391644908615
12,baseline_a,0,0.12950391644908615
12,baseline_a,0,0.12950391644908615
12,baseline_a,1,0.12950391644908615
12,baseline_a,0,0.12950391644908615
12,baseline_a,0,0.12950391644908615
12,baseline_a,0,0.12950391644908615
12,baseline_a,0,0.12950391644908615
12,baseline_a,0,0.12950391644908615
12,baseline_a,0,0.12950391644908615
12,baseline_a,0,0.12950391644908615
12,baseline_a,0,0.12950391644908615
12,baseline_a,0,0.12950391644908615
12,baseline_a,0,0.12950391644908615
12,baseline_a,0,0.12950391644908615
12,baseline_a,0,0.12950391644908615
12,baseline_a,0,0.12950391644908615
12,baseline_a,0,0.12950391644908615
12,baseline_a,0,0.12950391644908615
12,baseline_a,0,0.12950391644908615
12,baseline_a,0,0.12950391644908615
12,baseline_a,0,0.12950391644908615
12,baseline_a,0,0.12950391644908615
12,baseline_a,0,0.12950391644908615
12,baseline_a,0,0.12950391644908615
12,baseline_a,0,0.12950391644908615
12,baseline_a,0,0.12950391644908615
12,baseline_a,0,0.12950391644908615
12,baseline_a,0,0.12950391644908615
12,baseline_a,0,0.12950391644908615
12,baseline_a,0,0.12950391644908615
12,baseline_a,1,0.12950391644908615
12,baseline_a,0,0.12950391644908615
12,baseline_a,0,0.12950391644908615
12,baseline_a,0,0.12950391644908615
12,baseline_a,0,0.12950391644908615
12,baseline_a,0,0.12950391644908615
12,baseline_a,0,0.12950391644908615
12,baseline_a,0,0.12950391644908615
12,baseline_a,1,0.12950391644908615
12,baseline_a,1,0.12950391644908615
12,baseline_a,0,0.12950391644908615
12,baseline_a,0,0.12950391644908615
12,baseline_a,0,0.12950391644908615
12,baseline_a,0,0.12950391644908615
12,baseline_a,0,0.12950391644908615
12,baseline_a,0,0.12950391644908615
12,baseline_a,0,0.12950391644908615
12,baseline_a,0,0.12950391644908615
12,baseline_a,1,0.12950391644908615
12,baseline_a,0,0.12950391644908615
12,baseline_a,0,0.12950391644908615
12,baseline_a,0,0.12950391644908615
12,baseline_a,0,0.12950391644908615
12,baseline_a,0,0.12950391644908615
12,baseline_a,0,0.12950391644908615
12,baseline_a,0,0.12950391644908615
12,baseline_a,0,0.12950391644908615
12,baseline_a,0,0.12950391644908615
12,baseline_a,0,0.12950391644908615
12,baseline_a,0,0.12950391644908615
12,baseline_a,0,0.12950391644908615
12,baseline_a,0,0.12950391644908615
12,baseline_a,0,0.12950391644908615
12,baseline_a,0,0.12950391644908615
12,baseline_a,0,0.12950391644908615
12,baseline_a,1,0.12950391644908615
12,baseline_a,0,0.12950391644908615
12,baseline_a,0,0.12950391644908615
12,baseline_a,0,0.12950391644908615
12,baseline_a,1,0.12950391644908615
12,baseline_a,0,0.12950391644908615
12,baseline_a,0,0.12950391644908615
12,baseline_a,0,0.12950391644908615
12,baseline_a,0,0.12950391644908615
12,baseline_a,0,0.12950391644908615
12,baseline_a,0,0.12950391644908615
12,baseline_a,0,0.12950391644908615
12,baseline_a,0,0.12950391644908615
12,baseline_a,0,0.12950391644908615
12,baseline_a,0,0.12950391644908615
12,baseline_a,0,0.12950391644908615
12,baseline_a,0,0.12950391644908615
12,baseline_a,0,0.12950391644908615
12,baseline_a,0,0.12950391644908615
12,baseline_a,0,0.12950391644908615
12,baseline_a,0,0.12950391644908615
12,baseline_a,0,0.12950391644908615
12,baseline_a,0,0.12950391644908615
12,baseline_a,0,0.12950391644908615
12,baseline_a,0,0.12950391644908615
12,baseline_a,0,0.12950391644908615
12,baseline_a,0,0.12950391644908615
12,baseline_a,0,0.12950391644908615
12,baseline_a,0,0.12950391644908615
12,baseline_a,0,0.12950391644908615
12,baseline_a,0,0.12950391644908615
12,baseline_a,0,0.12950391644908615
12,baseline_a,0,0.12950391644908615
12,baseline_a,1,0.12950391644908615
12,baseline_a,0,0.12950391644908615
12,baseline_a,0,0.12950391644908615
12,baseline_a,0,0.12950391644908615
12,baseline_a,0,0.12950391644908615
12,baseline_a,1,0.12950391644908615
12,baseline_a,0,0.12950391644908615
12,baseline_a,0,0.12950391644908615
12,baseline_a,1,0.12950391644908615
12,baseline_a,0,0.12950391644908615
12,baseline_a,0,0.12950391644908615
12,baseline_a,0,0.12950391644908615
12,baseline_a,0,0.12950391644908615
12,baseline_a,0,0.12950391644908615
12,baseline_a,1,0.12950391644908615
12,baseline_a,0,0.12950391644908615
12,baseline_a,0,0.12950391644908615
12,baseline_a,1,0.12950391644908615
12,baseline_a,0,0.12950391644908615
12,baseline_a,0,0.12950391644908615
12,baseline_a,1,0.12950391644908615
12,baseline_a,1,0.12950391644908615
12,baseline_a,0,0.12950391644908615
12,baseline_a,1,0.12950391644908615
12,baseline_a,0,0.12950391644908615
12,baseline_a,0,0.12950391644908615
12,baseline_a,0,0.12950391644908615
12,baseline_a,0,0.12950391644908615
12,baseline_a,0,0.12950391644908615
12,baseline_a,0,0.12950391644908615
12,baseline_a,1,0.12950391644908615
12,baseline_a,0,0.12950391644908615
12,baseline_a,0,0.12950391644908615
12,baseline_a,0,0.12950391644908615
12,baseline_a,1,0.12950391644908615
12,baseline_a,0,0.12950391644908615
12,baseline_a,0,0.12950391644908615
12,baseline_a,0,0.12950391644908615
12,baseline_a,0,0.12950391644908615
12,baseline_a,0,0.12950391644908615
12,baseline_a,0,0.12950391644908615
12,baseline_a,0,0.12950391644908615
12,baseline_a,0,0.12950391644908615
12,baseline_a,0,0.12950391644908615
12,baseline_a,1,0.12950391644908615
12,baseline_a,1,0.12950391644908615
12,baseline_a,1,0.12950391644908615
12,baseline_a,0,0.12950391644908615
12,baseline_a,0,0.12950391644908615
12,baseline_a,0,0.12950391644908615
12,baseline_a,0,0.12950391644908615
12,baseline_a,0,0.12950391644908615
12,baseline_a,0,0.12950391644908615
12,baseline_a,0,0.12950391644908615
12,baseline_a,0,0.12950391644908615
12,baseline_a,0,0.12950391644908615
12,baseline_a,0,0.12950391644908615
12,baseline_a,0,0.12950391644908615
12,baseline_a,0,0.12950391644908615
12,baseline_a,0,0.12950391644908615
12,baseline_a,0,0.12950391644908615
12,baseline_a,0,0.12950391644908615
12,baseline_a,0,0.12950391644908615
12,baseline_a,0,0.12950391644908615
12,baseline_a,0,0.12950391644908615
12,baseline_a,0,0.12950391644908615
12,baseline_a,0,0.12950391644908615
12,baseline_a,0,0.12950391644908615
12,baseline_a,0,0.12950391644908615
12,baseline_a,0,0.12950391644908615
12,baseline_a,0,0.12950391644908615
12,baseline_a,0,0.12950391644908615
12,baseline_a,0,0.12950391644908615
12,baseline_a,0,0.12950391644908615
12,baseline_a,0,0.12950391644908615
12,baseline_a,0,0.12950391644908615
12,baseline_a,0,0.12950391644908615
12,baseline_a,0,0.12950391644908615
12,baseline_a,0,0.12950391644908615
12,baseline_a,0,0.12950391644908615
12,baseline_a,1,0.12950391644908615
12,baseline_a,0,0.12950391644908615
12,baseline_a,0,0.12950391644908615
12,baseline_a,1,0.12950391644908615
12,baseline_a,0,0.12950391644908615
12,baseline_a,0,0.12950391644908615
12,baseline_a,0,0.12950391644908615
12,baseline_a,0,0.12950391644908615
12,baseline_a,0,0.12950391644908615
12,baseline_a,0,0.12950391644908615
12,baseline_a,0,0.12950391644908615
12,baseline_a,1,0.12950391644908615
12,baseline_a,0,0.12950391644908615
12,baseline_a,0,0.12950391644908615
12,baseline_a,0,0.12950391644908615
12,baseline_a,0,0.12950391644908615
12,baseline_a,0,0.12950391644908615
12,baseline_a,0,0.12950391644908615
12,baseline_b,0,0.11357702349869452
12,baseline_b,0,0.0926892950391645
12,baseline_b,0,0.21018276762402088
12,baseline_b,0,0.16579634464751958
12,baseline_b,0,0.08616187989556136
12,baseline_b,0,0.0731070496083551
12,baseline_b,0,0.20365535248041775
12,baseline_b,0,0.1031331592689295
12,baseline_b,0,0.18929503916449086
12,baseline_b,0,0.057441253263707574
12,baseline_b,0,0.11357702349869452
12,baseline_b,0,0.0926892950391645
12,baseline_b,1,0.21018276762402088
12,baseline_b,0,0.16579634464751958
12,baseline_b,0,0.08616187989556136
12,baseline_b,0,0.0731070496083551
12,baseline_b,0,0.20365535248041775
12,baseline_b,0,0.1031331592689295
12,baseline_b,1,0.18929503916449086
12,baseline_b,0,0.057441253263707574
12,baseline_b,0,0.11357702349869452
12,baseline_b,0,0.0926892950391645
12,baseline_b,1,0.21018276762402088
12,baseline_b,1,0.16579634464751958
12,baseline_b,0,0.08616187989556136
12,baseline_b,0,0.0731070496083551
12,baseline_b,0,0.20365535248041775
12,baseline_b,0,0.1031331592689295
12,baseline_b,0,0.18929503916449086
12,baseline_b,0,0.057441253263707574
12,baseline_b,0,0.11357702349869452
12,baseline_b,0,0.0926892950391645
12,baseline_b,1,0.21018276762402088
12,baseline_b,0,0.16579634464751958
12,baseline_b,0,0.08616187989556136
12,baseline_b,1,0.0731070496083551
12,baseline_b,0,0.20365535248041775
12,baseline_b,0,0.1031331592689295
12,baseline_b,0,0.18929503916449086
12,baseline_b,1,0.057441253263707574
12,baseline_b,0,0.11357702349869452
12,baseline_b,0,0.0926892950391645
12,baseline_b,0,0.21018276762402088
12,baseline_b,0,0.16579634464751958
12,baseline_b,0,0.08616187989556136
12,baseline_b,0,0.0731070496083551
12,baseline_b,0,0.20365535248041775
12,baseline_b,1,0.1031331592689295
12,baseline_b,0,0.18929503916449086
12,baseline_b,0,0.057441253263707574
12,baseline_b,1,0.11357702349869452
12,baseline_b,0,0.0926892950391645
12,baseline_b,1,0.21018276762402088
12,baseline_b,0,0.16579634464751958
12,baseline_b,0,0.08616187989556136
12,baseline_b,0,0.0731070496083551
12,baseline_b,0,0.20365535248041775
12,baseline_b,0,0.1031331592689295
12,baseline_b,0,0.18929503916449086
12,baseline_b,0,0.057441253263707574
12,baseline_b,0,0.11357702349869452
12,baseline_b,0,0.0926892950391645
12,baseline_b,0,0.21018276762402088
12,baseline_b,0,0.16579634464751958
12,baseline_b,0,0.08616187989556136
12,baseline_b,0,0.0731070496083551
12,baseline_b,0,0.20365535248041775
12,baseline_b,0,0.1031331592689295
12,baseline_b,0,0.18929503916449086
12,baseline_b,0,0.057441253263707574
12,baseline_b,0,0.11357702349869452
12,baseline_b,0,0.0926892950391645
12,baseline_b,0,0.21018276762402088
12,baseline_b,0,0.16579634464751958
12,baseline_b,0,0.08616187989556136
12,baseline_b,0,0.0731070496083551
12,baseline_b,0,0.20365535248041775
12,baseline_b,0,0.1031331592689295
12,baseline_b,0,0.18929503916449086
12,baseline_b,0,0.057441253263707574
12,baseline_b,1,0.11357702349869452
12,baseline_b,0,0.0926892950391645
12,baseline_b,1,0.21018276762402088
12,baseline_b,1,0.16579634464751958
12,baseline_b,0,0.08616187989556136
12,baseline_b,0,0.0731070496083551
12,baseline_b,1,0.20365535248041775
12,baseline_b,0,0.1031331592689295
12,baseline_b,0,0.18929503916449086
12,baseline_b,0,0.057441253263707574
12,baseline_b,0,0.11357702349869452
12,baseline_b,0,0.0926892950391645
12,baseline_b,1,0.21018276762402088
12,baseline_b,0,0.16579634464751958
12,baseline_b,0,0.08616187989556136
12,baseline_b,0,0.0731070496083551
12,baseline_b,1,0.20365535248041775
12,baseline_b,0,0.1031331592689295
12,baseline_b,1,0.18929503916449086
12,baseline_b,0,0.057441253263707574
12,baseline_b,0,0.11357702349869452
12,baseline_b,0,0.0926892950391645
12,baseline_b,0,0.21018276762402088
12,baseline_b,0,0.16579634464751958
12,baseline_b,0,0.08616187989556136
12,baseline_b,1,0.0731070496083551
12,baseline_b,0,0.20365535248041775
12,baseline_b,0,0.1031331592689295
12,baseline_b,1,0.18929503916449086
12,baseline_b,0,0.057441253263707574
12,baseline_b,0,0.11357702349869452
12,baseline_b,0,0.0926892950391645
12,baseline_b,0,0.21018276762402088
12,baseline_b,0,0.16579634464751958
12,baseline_b,0,0.08616187989556136
12,baseline_b,0,0.0731070496083551
12,baseline_b,0,0.20365535248041775
12,baseline_b,1,0.1031331592689295
12,baseline_b,0,0.18929503916449086
12,baseline_b,0,0.057441253263707574
12,baseline_b,0,0.11357702349869452
12,baseline_b,0,0.0926892950391645
12,baseline_b,0,0.21018276762402088
12,baseline_b,0,0.16579634464751958
12,baseline_b,0,0.08616187989556136
12,baseline_b,0,0.0731070496083551
12,baseline_b,0,0.20365535248041775
12,baseline_b,0,0.1031331592689295
12,baseline_b,0,0.18929503916449086
12,baseline_b,0,0.057441253263707574
12,baseline_b,0,0.11357702349869452
12,baseline_b,0,0.0926892950391645
12,baseline_b,0,0.21018276762402088
12,baseline_b,0,0.16579634464751958
12,baseline_b,0,0.08616187989556136
12,baseline_b,0,0.0731070496083551
12,baseline_b,0,0.20365535248041775
12,baseline_b,0,0.1031331592689295
12,baseline_b,0,0.18929503916449086
12,baseline_b,0,0.057441253263707574
12,baseline_b,0,0.11357702349869452
12,baseline_b,0,0.0926892950391645
12,baseline_b,0,0.21018276762402088
12,baseline_b,0,0.16579634464751958
12,baseline_b,0,0.08616187989556136
12,baseline_b,0,0.0731070496083551
12,baseline_b,0,0.20365535248041775
12,baseline_b,0,0.1031331592689295
12,baseline_b,0,0.18929503916449086
12,baseline_b,0,0.057441253263707574
12,baseline_b,0,0.11357702349869452
12,baseline_b,0,0.0926892950391645
12,baseline_b,0,0.21018276762402088
12,baseline_b,0,0.16579634464751958
12,baseline_b,1,0.08616187989556136
12,baseline_b,0,0.0731070496083551
12,baseline_b,0,0.20365535248041775
12,baseline_b,1,0.1031331592689295
12,baseline_b,0,0.18929503916449086
12,baseline_b,0,0.057441253263707574
12,baseline_b,1,0.11357702349869452
12,baseline_b,0,0.0926892950391645
12,baseline_b,0,0.21018276762402088
12,baseline_b,0,0.16579634464751958
12,baseline_b,0,0.08616187989556136
12,baseline_b,0,0.0731070496083551
12,baseline_b,0,0.20365535248041775
12,baseline_b,0,0.1031331592689295
12,baseline_b,0,0.18929503916449086
12,baseline_b,1,0.057441253263707574
12,baseline_b,0,0.11357702349869452
12,baseline_b,0,0.0926892950391645
12,baseline_b,0,0.21018276762402088
12,baseline_b,1,0.16579634464751958
12,baseline_b,0,0.08616187989556136
12,baseline_b,0,0.0731070496083551
12,baseline_b,0,0.20365535248041775
12,baseline_b,0,0.1031331592689295
12,baseline_b,0,0.18929503916449086
12,baseline_b,0,0.057441253263707574
12,baseline_b,0,0.11357702349869452
12,baseline_b,0,0.0926892950391645
12,baseline_b,0,0.21018276762402088
12,baseline_b,0,0.16579634464751958
12,baseline_b,0,0.08616187989556136
12,baseline_b,0,0.0731070496083551
12,baseline_b,0,0.20365535248041775
12,baseline_b,0,0.1031331592689295
12,baseline_b,1,0.18929503916449086
12,baseline_b,0,0.057441253263707574
12,baseline_b,0,0.11357702349869452
12,baseline_b,0,0.0926892950391645
12,baseline_b,0,0.21018276762402088
12,baseline_b,0,0.16579634464751958
12,baseline_b,0,0.08616187989556136
12,baseline_b,0,0.0731070496083551
12,baseline_b,0,0.20365535248041775
12,baseline_b,0,0.1031331592689295
12,baseline_b,0,0.18929503916449086
12,baseline_b,0,0.057441253263707574
12,baseline_b,0,0.11357702349869452
12,baseline_b,0,0.0926892950391645
12,baseline_b,0,0.21018276762402088
12,baseline_b,0,0.16579634464751958
12,baseline_b,0,0.08616187989556136
12,baseline_b,0,0.0731070496083551
12,baseline_b,0,0.20365535248041775
12,baseline_b,0,0.1031331592689295
12,baseline_b,0,0.18929503916449086
12,baseline_b,0,0.057441253263707574
12,baseline_b,0,0.11357702349869452
12,baseline_b,0,0.0926892950391645
12,baseline_b,0,0.21018276762402088
12,baseline_b,0,0.16579634464751958
12,baseline_b,0,0.08616187989556136
12,baseline_b,0,0.0731070496083551
12,baseline_b,0,0.20365535248041775
12,baseline_b,0,0.1031331592689295
12,baseline_b,0,0.18929503916449086
12,baseline_b,0,0.057441253263707574
12,baseline_b,0,0.11357702349869452
12,baseline_b,0,0.0926892950391645
12,baseline_b,0,0.21018276762402088
12,baseline_b,0,0.16579634464751958
12,baseline_b,0,0.08616187989556136
12,baseline_b,0,0.0731070496083551
12,baseline_b,0,0.20365535248041775
12,baseline_b,0,0.1031331592689295
12,baseline_b,0,0.18929503916449086
12,baseline_b,0,0.057441253263707574
12,baseline_b,0,0.11357702349869452
12,baseline_b,0,0.0926892950391645
12,baseline_b,0,0.21018276762402088
12,baseline_b,1,0.16579634464751958
12,baseline_b,0,0.08616187989556136
12,baseline_b,0,0.0731070496083551
12,baseline_b,0,0.20365535248041775
12,baseline_b,0,0.1031331592689295
12,baseline_b,0,0.18929503916449086
12,baseline_b,0,0.057441253263707574
12,baseline_b,0,0.11357702349869452
12,baseline_b,0,0.0926892950391645
12,baseline_b,0,0.21018276762402088
12,baseline_b,0,0.16579634464751958
12,baseline_b,0,0.08616187989556136
12,baseline_b,0,0.0731070496083551
12,baseline_b,1,0.20365535248041775
12,baseline_b,0,0.1031331592689295
12,baseline_b,0,0.18929503916449086
12,baseline_b,0,0.057441253263707574
12,baseline_b,0,0.11357702349869452
12,baseline_b,1,0.0926892950391645
12,baseline_b,1,0.21018276762402088
12,baseline_b,0,0.16579634464751958
12,baseline_b,0,0.08616187989556136
12,baseline_b,0,0.0731070496083551
12,baseline_b,0,0.20365535248041775
12,baseline_b,0,0.1031331592689295
12,baseline_b,0,0.18929503916449086
12,baseline_b,0,0.057441253263707574
12,baseline_b,0,0.11357702349869452
12,baseline_b,0,0.0926892950391645
12,baseline_b,0,0.21018276762402088
12,baseline_b,0,0.16579634464751958
12,baseline_b,0,0.08616187989556136
12,baseline_b,0,0.0731070496083551
12,baseline_b,1,0.20365535248041775
12,baseline_b,0,0.1031331592689295
12,baseline_b,0,0.18929503916449086
12,baseline_b,0,0.057441253263707574
12,baseline_b,0,0.11357702349869452
12,baseline_b,0,0.0926892950391645
12,baseline_b,0,0.21018276762402088
12,baseline_b,0,0.16579634464751958
12,baseline_b,0,0.08616187989556136
12,baseline_b,0,0.0731070496083551
12,baseline_b,0,0.20365535248041775
12,baseline_b,0,0.1031331592689295
12,baseline_b,0,0.18929503916449086
12,baseline_b,0,0.057441253263707574
12,baseline_b,0,0.11357702349869452
12,baseline_b,0,0.0926892950391645
12,baseline_b,0,0.21018276762402088
12,baseline_b,0,0.16579634464751958
12,baseline_b,0,0.08616187989556136
12,baseline_b,0,0.0731070496083551
12,baseline_b,0,0.20365535248041775
12,baseline_b,0,0.1031331592689295
12,baseline_b,0,0.18929503916449086
12,baseline_b,0,0.057441253263707574
12,baseline_b,0,0.11357702349869452
12,baseline_b,0,0.0926892950391645
12,baseline_b,1,0.21018276762402088
12,baseline_b,0,0.16579634464751958
12,baseline_b,0,0.08616187989556136
12,baseline_b,0,0.0731070496083551
12,baseline_b,0,0.20365535248041775
12,baseline_b,1,0.1031331592689295
12,baseline_b,0,0.18929503916449086
12,baseline_b,0,0.057441253263707574
12,baseline_b,0,0.11357702349869452
12,baseline_b,0,0.0926892950391645
12,baseline_b,0,0.21018276762402088
12,baseline_b,0,0.16579634464751958
12,baseline_b,0,0.08616187989556136
12,baseline_b,0,0.0731070496083551
12,baseline_b,0,0.20365535248041775
12,baseline_b,0,0.1031331592689295
12,baseline_b,0,0.18929503916449086
12,baseline_b,0,0.057441253263707574
12,baseline_b,0,0.11357702349869452
12,baseline_b,0,0.0926892950391645
12,baseline_b,0,0.21018276762402088
12,baseline_b,0,0.16579634464751958
12,baseline_b,0,0.08616187989556136
12,baseline_b,0,0.0731070496083551
12,baseline_b,0,0.20365535248041775
12,baseline_b,0,0.1031331592689295
12,baseline_b,0,0.18929503916449086
12,baseline_b,0,0.057441253263707574
12,baseline_b,0,0.11357702349869452
12,baseline_b,1,0.0926892950391645
12,baseline_b,0,0.21018276762402088
12,baseline_b,0,0.16579634464751958
12,baseline_b,0,0.08616187989556136
12,baseline_b,0,0.0731070496083551
12,baseline_b,1,0.20365535248041775
12,baseline_b,0,0.1031331592689295
12,baseline_b,0,0.18929503916449086
12,baseline_b,0,0.057441253263707574
12,baseline_b,0,0.11357702349869452
12,baseline_b,0,0.0926892950391645
12,baseline_b,0,0.21018276762402088
12,baseline_b,1,0.16579634464751958
12,baseline_b,0,0.08616187989556136
12,baseline_b,0,0.0731070496083551
12,baseline_b,1,0.20365535248041775
12,baseline_b,0,0.1031331592689295
12,baseline_b,1,0.18929503916449086
12,baseline_b,0,0.057441253263707574
12,baseline_b,0,0.11357702349869452
12,baseline_b,0,0.0926892950391645
12,baseline_b,0,0.21018276762402088
12,baseline_b,0,0.16579634464751958
12,baseline_b,0,0.08616187989556136
12,baseline_b,0,0.0731070496083551
12,baseline_b,0,0.20365535248041775
12,baseline_b,0,0.1031331592689295
12,baseline_b,0,0.18929503916449086
12,baseline_b,0,0.057441253263707574
12,baseline_b,0,0.11357702349869452
12,baseline_b,0,0.0926892950391645
12,baseline_b,0,0.21018276762402088
12,baseline_b,0,0.16579634464751958
12,baseline_b,0,0.08616187989556136
12,baseline_b,0,0.0731070496083551
12,baseline_b,0,0.20365535248041775
12,baseline_b,0,0.1031331592689295
12,baseline_b,0,0.18929503916449086
12,baseline_b,0,0.057441253263707574
12,baseline_b,1,0.11357702349869452
12,baseline_b,0,0.0926892950391645
12,baseline_b,0,0.21018276762402088
12,baseline_b,0,0.16579634464751958
12,baseline_b,0,0.08616187989556136
12,baseline_b,0,0.0731070496083551
12,baseline_b,1,0.20365535248041775
12,baseline_b,0,0.1031331592689295
12,baseline_b,1,0.18929503916449086
12,baseline_b,0,0.057441253263707574
12,baseline_b,0,0.11357702349869452
12,baseline_b,0,0.0926892950391645
12,baseline_b,0,0.21018276762402088
12,baseline_b,0,0.16579634464751958
12,baseline_b,0,0.08616187989556136
12,baseline_b,0,0.0731070496083551
12,baseline_b,0,0.20365535248041775
12,baseline_b,1,0.1031331592689295
12,baseline_b,0,0.18929503916449086
12,baseline_b,0,0.057441253263707574
12,baseline_b,0,0.11357702349869452
12,baseline_b,0,0.0926892950391645
12,baseline_b,1,0.21018276762402088
12,baseline_b,0,0.16579634464751958
12,baseline_b,0,0.08616187989556136
12,baseline_b,0,0.0731070496083551
12,baseline_b,0,0.20365535248041775
12,baseline_b,0,0.1031331592689295
12,baseline_b,0,0.18929503916449086
12,baseline_b,0,0.057441253263707574
12,baseline_b,0,0.11357702349869452
12,baseline_b,0,0.0926892950391645
12,baseline_b,0,0.21018276762402088
12,baseline_b,0,0.16579634464751958
12,baseline_b,0,0.08616187989556136
12,baseline_b,0,0.0731070496083551
12,baseline_b,0,0.20365535248041775
12,baseline_b,1,0.1031331592689295
12,baseline_b,0,0.18929503916449086
12,baseline_b,1,0.057441253263707574
12,baseline_b,0,0.11357702349869452
12,baseline_b,0,0.0926892950391645
12,baseline_b,1,0.21018276762402088
12,baseline_b,0,0.16579634464751958
12,baseline_b,1,0.08616187989556136
12,baseline_b,0,0.0731070496083551
12,baseline_b,0,0.20365535248041775
12,baseline_b,0,0.1031331592689295
12,baseline_b,0,0.18929503916449086
12,baseline_b,0,0.057441253263707574
12,baseline_b,0,0.11357702349869452
12,baseline_b,0,0.0926892950391645
12,baseline_b,0,0.21018276762402088
12,baseline_b,0,0.16579634464751958
12,baseline_b,0,0.08616187989556136
12,baseline_b,0,0.0731070496083551
12,baseline_b,0,0.20365535248041775
12,baseline_b,0,0.1031331592689295
12,baseline_b,0,0.18929503916449086
12,baseline_b,0,0.057441253263707574
12,baseline_b,0,0.11357702349869452
12,baseline_b,0,0.0926892950391645
12,baseline_b,0,0.21018276762402088
12,baseline_b,0,0.16579634464751958
12,baseline_b,0,0.08616187989556136
12,baseline_b,0,0.0731070496083551
12,baseline_b,0,0.20365535248041775
12,baseline_b,0,0.1031331592689295
12,baseline_b,0,0.18929503916449086
12,baseline_b,0,0.057441253263707574
12,baseline_b,0,0.11357702349869452
12,baseline_b,0,0.0926892950391645
12,baseline_b,0,0.21018276762402088
12,baseline_b,0,0.16579634464751958
12,baseline_b,0,0.08616187989556136
12,baseline_b,0,0.0731070496083551
12,baseline_b,1,0.20365535248041775
12,baseline_b,0,0.1031331592689295
12,baseline_b,1,0.18929503916449086
12,baseline_b,0,0.057441253263707574
12,baseline_b,0,0.11357702349869452
12,baseline_b,0,0.0926892950391645
12,baseline_b,1,0.21018276762402088
12,baseline_b,1,0.16579634464751958
12,baseline_b,0,0.08616187989556136
12,baseline_b,0,0.0731070496083551
12,baseline_b,0,0.20365535248041775
12,baseline_b,0,0.1031331592689295
12,baseline_b,0,0.18929503916449086
12,baseline_b,0,0.057441253263707574
12,baseline_b,0,0.11357702349869452
12,baseline_b,0,0.0926892950391645
12,baseline_b,0,0.21018276762402088
12,baseline_b,0,0.16579634464751958
12,baseline_b,0,0.08616187989556136
12,baseline_b,0,0.0731070496083551
12,baseline_b,1,0.20365535248041775
12,baseline_b,0,0.1031331592689295
12,baseline_b,0,0.18929503916449086
12,baseline_b,0,0.057441253263707574
12,baseline_b,0,0.11357702349869452
12,baseline_b,0,0.0926892950391645
12,baseline_b,0,0.21018276762402088
12,baseline_b,0,0.16579634464751958
12,baseline_b,0,0.08616187989556136
12,baseline_b,0,0.0731070496083551
12,baseline_b,0,0.20365535248041775
12,baseline_b,0,0.1031331592689295
12,baseline_b,0,0.18929503916449086
12,baseline_b,0,0.057441253263707574
12,baseline_b,0,0.11357702349869452
12,baseline_b,0,0.0926892950391645
12,baseline_b,1,0.21018276762402088
12,baseline_b,0,0.16579634464751958
12,baseline_b,0,0.08616187989556136
12,baseline_b,0,0.0731070496083551
12,baseline_b,1,0.20365535248041775
12,baseline_b,0,0.1031331592689295
12,baseline_b,0,0.18929503916449086
12,baseline_b,0,0.057441253263707574
12,baseline_b,0,0.11357702349869452
12,baseline_b,0,0.0926892950391645
12,baseline_b,0,0.21018276762402088
12,baseline_b,0,0.16579634464751958
12,baseline_b,0,0.08616187989556136
12,baseline_b,0,0.0731070496083551
12,baseline_b,0,0.20365535248041775
12,baseline_b,0,0.1031331592689295
12,baseline_b,0,0.18929503916449086
12,baseline_b,0,0.057441253263707574
12,baseline_b,0,0.11357702349869452
12,baseline_b,0,0.0926892950391645
12,baseline_b,0,0.21018276762402088
12,baseline_b,0,0.16579634464751958
12,baseline_b,0,0.08616187989556136
12,baseline_b,0,0.0731070496083551
12,baseline_b,0,0.20365535248041775
12,baseline_b,0,0.1031331592689295
12,baseline_b,0,0.18929503916449086
12,baseline_b,0,0.057441253263707574
12,baseline_b,0,0.11357702349869452
12,baseline_b,0,0.0926892950391645
12,baseline_b,1,0.21018276762402088
12,baseline_b,0,0.16579634464751958
12,baseline_b,0,0.08616187989556136
12,baseline_b,0,0.0731070496083551
12,baseline_b,0,0.20365535248041775
12,baseline_b,0,0.1031331592689295
12,baseline_b,0,0.18929503916449086
12,baseline_b,0,0.057441253263707574
12,baseline_b,0,0.11357702349869452
12,baseline_b,0,0.0926892950391645
12,baseline_b,0,0.21018276762402088
12,baseline_b,0,0.16579634464751958
12,baseline_b,0,0.08616187989556136
12,baseline_b,0,0.0731070496083551
12,baseline_b,0,0.20365535248041775
12,baseline_b,0,0.1031331592689295
12,baseline_b,1,0.18929503916449086
12,baseline_b,0,0.057441253263707574
12,baseline_b,0,0.11357702349869452
12,baseline_b,1,0.0926892950391645
12,baseline_b,0,0.21018276762402088
12,baseline_b,0,0.16579634464751958
12,baseline_b,0,0.08616187989556136
12,baseline_b,0,0.0731070496083551
12,baseline_b,1,0.20365535248041775
12,baseline_b,0,0.1031331592689295
12,baseline_b,0,0.18929503916449086
12,baseline_b,0,0.057441253263707574
12,baseline_b,1,0.11357702349869452
12,baseline_b,1,0.0926892950391645
12,baseline_b,0,0.21018276762402088
12,baseline_b,1,0.16579634464751958
12,baseline_b,0,0.08616187989556136
12,baseline_b,0,0.0731070496083551
12,baseline_b,0,0.20365535248041775
12,baseline_b,0,0.1031331592689295
12,baseline_b,0,0.18929503916449086
12,baseline_b,1,0.057441253263707574
12,baseline_b,0,0.11357702349869452
12,baseline_b,0,0.0926892950391645
12,baseline_b,0,0.21018276762402088
12,baseline_b,0,0.16579634464751958
12,baseline_b,0,0.08616187989556136
12,baseline_b,0,0.0731070496083551
12,baseline_b,1,0.20365535248041775
12,baseline_b,0,0.1031331592689295
12,baseline_b,0,0.18929503916449086
12,baseline_b,0,0.057441253263707574
12,baseline_b,0,0.11357702349869452
12,baseline_b,0,0.0926892950391645
12,baseline_b,0,0.21018276762402088
12,baseline_b,0,0.16579634464751958
12,baseline_b,0,0.08616187989556136
12,baseline_b,0,0.0731070496083551
12,baseline_b,0,0.20365535248041775
12,baseline_b,0,0.1031331592689295
12,baseline_b,0,0.18929503916449086
12,baseline_b,0,0.057441253263707574
12,baseline_b,0,0.11357702349869452
12,baseline_b,0,0.0926892950391645
12,baseline_b,0,0.21018276762402088
12,baseline_b,0,0.16579634464751958
12,baseline_b,0,0.08616187989556136
12,baseline_b,0,0.0731070496083551
12,baseline_b,0,0.20365535248041775
12,baseline_b,0,0.1031331592689295
12,baseline_b,0,0.18929503916449086
12,baseline_b,0,0.057441253263707574
12,baseline_b,0,0.11357702349869452
12,baseline_b,0,0.0926892950391645
12,baseline_b,0,0.21018276762402088
12,baseline_b,1,0.16579634464751958
12,baseline_b,0,0.08616187989556136
12,baseline_b,0,0.0731070496083551
12,baseline_b,0,0.20365535248041775
12,baseline_b,0,0.1031331592689295
12,baseline_b,0,0.18929503916449086
12,baseline_b,0,0.057441253263707574
12,baseline_b,0,0.11357702349869452
12,baseline_b,0,0.0926892950391645
12,baseline_b,0,0.21018276762402088
12,baseline_b,0,0.16579634464751958
12,baseline_b,1,0.08616187989556136
12,baseline_b,0,0.0731070496083551
12,baseline_b,1,0.20365535248041775
12,baseline_b,0,0.1031331592689295
12,baseline_b,0,0.18929503916449086
12,baseline_b,0,0.057441253263707574
12,baseline_b,0,0.11357702349869452
12,baseline_b,0,0.0926892950391645
12,baseline_b,0,0.21018276762402088
12,baseline_b,0,0.16579634464751958
12,baseline_b,0,0.08616187989556136
12,baseline_b,0,0.0731070496083551
12,baseline_b,0,0.20365535248041775
12,baseline_b,0,0.1031331592689295
12,baseline_b,1,0.18929503916449086
12,baseline_b,0,0.057441253263707574
12,baseline_b,0,0.11357702349869452
12,baseline_b,0,0.0926892950391645
12,baseline_b,0,0.21018276762402088
12,baseline_b,1,0.16579634464751958
12,baseline_b,0,0.08616187989556136
12,baseline_b,0,0.0731070496083551
12,baseline_b,1,0.20365535248041775
12,baseline_b,0,0.1031331592689295
12,baseline_b,1,0.18929503916449086
12,baseline_b,0,0.057441253263707574
12,baseline_b,1,0.11357702349869452
12,baseline_b,0,0.0926892950391645
12,baseline_b,0,0.21018276762402088
12,baseline_b,0,0.16579634464751958
12,baseline_b,0,0.08616187989556136
12,baseline_b,0,0.0731070496083551
12,baseline_b,0,0.20365535248041775
12,baseline_b,1,0.1031331592689295
12,baseline_b,1,0.18929503916449086
12,baseline_b,0,0.057441253263707574
12,baseline_b,0,0.11357702349869452
12,baseline_b,0,0.0926892950391645
12,baseline_b,0,0.21018276762402088
12,baseline_b,0,0.16579634464751958
12,baseline_b,0,0.08616187989556136
12,baseline_b,0,0.0731070496083551
12,baseline_b,0,0.20365535248041775
12,baseline_b,0,0.1031331592689295
12,baseline_b,0,0.18929503916449086
12,baseline_b,0,0.057441253263707574
12,baseline_b,0,0.11357702349869452
12,baseline_b,0,0.0926892950391645
12,baseline_b,0,0.21018276762402088
12,baseline_b,0,0.16579634464751958
12,baseline_b,0,0.08616187989556136
12,baseline_b,0,0.0731070496083551
12,baseline_b,0,0.20365535248041775
12,baseline_b,0,0.1031331592689295
12,baseline_b,0,0.18929503916449086
12,baseline_b,0,0.057441253263707574
12,baseline_b,0,0.11357702349869452
12,baseline_b,0,0.0926892950391645
12,baseline_b,0,0.21018276762402088
12,baseline_b,0,0.16579634464751958
12,baseline_b,0,0.08616187989556136
12,baseline_b,0,0.0731070496083551
12,baseline_b,0,0.20365535248041775
12,baseline_b,0,0.1031331592689295
12,baseline_b,0,0.18929503916449086
12,baseline_b,0,0.057441253263707574
12,baseline_b,0,0.11357702349869452
12,baseline_b,0,0.0926892950391645
12,baseline_b,0,0.21018276762402088
12,baseline_b,0,0.16579634464751958
12,baseline_b,0,0.08616187989556136
12,baseline_b,0,0.0731070496083551
12,baseline_b,0,0.20365535248041775
12,baseline_b,0,0.1031331592689295
12,baseline_b,0,0.18929503916449086
12,baseline_b,0,0.057441253263707574
12,baseline_b,0,0.11357702349869452
12,baseline_b,0,0.0926892950391645
12,baseline_b,0,0.21018276762402088
12,baseline_b,0,0.16579634464751958
12,baseline_b,0,0.08616187989556136
12,baseline_b,0,0.0731070496083551
12,baseline_b,0,0.20365535248041775
12,baseline_b,1,0.1031331592689295
12,baseline_b,1,0.18929503916449086
12,baseline_b,1,0.057441253263707574
12,baseline_b,0,0.11357702349869452
12,baseline_b,0,0.0926892950391645
12,baseline_b,1,0.21018276762402088
12,baseline_b,0,0.16579634464751958
12,baseline_b,0,0.08616187989556136
12,baseline_b,0,0.0731070496083551
12,baseline_b,0,0.20365535248041775
12,baseline_b,1,0.1031331592689295
12,baseline_b,1,0.18929503916449086
12,baseline_b,0,0.057441253263707574
12,baseline_b,0,0.11357702349869452
12,baseline_b,0,0.0926892950391645
12,baseline_b,0,0.21018276762402088
12,baseline_b,0,0.16579634464751958
12,baseline_b,0,0.08616187989556136
12,baseline_b,0,0.0731070496083551
12,baseline_b,1,0.20365535248041775
12,baseline_b,0,0.1031331592689295
12,baseline_b,0,0.18929503916449086
12,baseline_b,0,0.057441253263707574
12,baseline_b,0,0.11357702349869452
12,baseline_b,0,0.0926892950391645
12,baseline_b,0,0.21018276762402088
12,baseline_b,0,0.16579634464751958
12,baseline_b,0,0.08616187989556136
12,baseline_b,0,0.0731070496083551
12,baseline_b,0,0.20365535248041775
12,baseline_b,0,0.1031331592689295
12,baseline_b,0,0.18929503916449086
12,baseline_b,0,0.057441253263707574
12,baseline_b,0,0.11357702349869452
12,baseline_b,0,0.0926892950391645
12,baseline_b,0,0.21018276762402088
12,baseline_b,0,0.16579634464751958
12,baseline_b,0,0.08616187989556136
12,baseline_b,0,0.0731070496083551
12,baseline_b,0,0.20365535248041775
12,baseline_b,0,0.1031331592689295
12,baseline_b,0,0.18929503916449086
12,baseline_b,0,0.057441253263707574
12,baseline_b,0,0.11357702349869452
12,baseline_b,0,0.0926892950391645
12,baseline_b,0,0.21018276762402088
12,baseline_b,1,0.16579634464751958
12,baseline_b,0,0.08616187989556136
12,baseline_b,0,0.0731070496083551
12,baseline_b,0,0.20365535248041775
12,baseline_b,0,0.1031331592689295
12,baseline_b,1,0.18929503916449086
12,baseline_b,0,0.057441253263707574
12,baseline_b,0,0.11357702349869452
12,baseline_b,0,0.0926892950391645
12,baseline_b,1,0.21018276762402088
12,baseline_b,0,0.16579634464751958
12,baseline_b,1,0.08616187989556136
12,baseline_b,0,0.0731070496083551
12,baseline_b,0,0.20365535248041775
12,baseline_b,0,0.1031331592689295
12,baseline_b,0,0.18929503916449086
12,baseline_b,0,0.057441253263707574
12,baseline_b,0,0.11357702349869452
12,baseline_b,0,0.0926892950391645
12,baseline_b,0,0.21018276762402088
12,baseline_b,1,0.16579634464751958
12,baseline_b,0,0.08616187989556136
12,baseline_b,0,0.0731070496083551
12,baseline_b,0,0.20365535248041775
12,baseline_b,1,0.1031331592689295
12,baseline_b,0,0.18929503916449086
12,baseline_b,0,0.057441253263707574
12,baseline_b,0,0.11357702349869452
12,baseline_b,0,0.0926892950391645
12,baseline_b,1,0.21018276762402088
12,baseline_b,0,0.16579634464751958
12,baseline_b,0,0.08616187989556136
12,baseline_b,1,0.0731070496083551
12,baseline_b,0,0.20365535248041775
12,baseline_b,0,0.1031331592689295
12,baseline_b,0,0.18929503916449086
12,baseline_b,0,0.057441253263707574
12,baseline_b,1,0.11357702349869452
12,baseline_b,0,0.0926892950391645
12,baseline_b,1,0.21018276762402088
12,baseline_b,0,0.16579634464751958
12,baseline_b,0,0.08616187989556136
12,baseline_b,1,0.0731070496083551
12,baseline_b,1,0.20365535248041775
12,baseline_b,0,0.1031331592689295
12,baseline_b,0,0.18929503916449086
12,baseline_b,0,0.057441253263707574
12,baseline_b,0,0.11357702349869452
12,baseline_b,0,0.0926892950391645
12,baseline_b,0,0.21018276762402088
12,baseline_b,0,0.16579634464751958
12,baseline_b,0,0.08616187989556136
12,baseline_b,0,0.0731070496083551
12,baseline_b,0,0.20365535248041775
12,baseline_b,0,0.1031331592689295
12,baseline_b,0,0.18929503916449086
12,baseline_b,0,0.057441253263707574
12,baseline_b,0,0.11357702349869452
12,baseline_b,0,0.0926892950391645
12,baseline_b,0,0.21018276762402088
12,baseline_b,0,0.16579634464751958
12,baseline_b,0,0.08616187989556136
12,baseline_b,0,0.0731070496083551
12,baseline_b,0,0.20365535248041775
12,baseline_b,0,0.1031331592689295
12,baseline_b,0,0.18929503916449086
12,baseline_b,0,0.057441253263707574
12,baseline_b,0,0.11357702349869452
12,baseline_b,0,0.0926892950391645
12,baseline_b,0,0.21018276762402088
12,baseline_b,0,0.16579634464751958
12,baseline_b,0,0.08616187989556136
12,baseline_b,0,0.0731070496083551
12,baseline_b,1,0.20365535248041775
12,baseline_b,0,0.1031331592689295
12,baseline_b,1,0.18929503916449086
12,baseline_b,0,0.057441253263707574
12,baseline_b,0,0.11357702349869452
12,baseline_b,0,0.0926892950391645
12,baseline_b,0,0.21018276762402088
12,baseline_b,0,0.16579634464751958
12,baseline_b,0,0.08616187989556136
12,baseline_b,0,0.0731070496083551
12,baseline_b,0,0.20365535248041775
12,baseline_b,1,0.1031331592689295
12,baseline_b,0,0.18929503916449086
12,baseline_b,0,0.057441253263707574
12,baseline_b,0,0.11357702349869452
12,baseline_b,0,0.0926892950391645
12,baseline_b,1,0.21018276762402088
12,baseline_b,1,0.16579634464751958
12,baseline_b,1,0.08616187989556136
12,baseline_b,0,0.0731070496083551
12,baseline_b,0,0.20365535248041775
12,baseline_b,0,0.1031331592689295
12,baseline_b,0,0.18929503916449086
12,baseline_b,0,0.057441253263707574
12,baseline_b,0,0.11357702349869452
12,baseline_b,0,0.0926892950391645
12,baseline_b,0,0.21018276762402088
12,baseline_b,0,0.16579634464751958
12,baseline_b,0,0.08616187989556136
12,baseline_b,0,0.0731070496083551
12,baseline_b,0,0.20365535248041775
12,baseline_b,0,0.1031331592689295
12,baseline_b,0,0.18929503916449086
12,baseline_b,0,0.057441253263707574
12,baseline_b,0,0.11357702349869452
12,baseline_b,1,0.0926892950391645
12,baseline_b,0,0.21018276762402088
12,baseline_b,0,0.16579634464751958
12,baseline_b,0,0.08616187989556136
12,baseline_b,0,0.0731070496083551
12,baseline_b,1,0.20365535248041775
12,baseline_b,0,0.1031331592689295
12,baseline_b,1,0.18929503916449086
12,baseline_b,0,0.057441253263707574
12,baseline_b,0,0.11357702349869452
12,baseline_b,0,0.0926892950391645
12,baseline_b,0,0.21018276762402088
12,baseline_b,0,0.16579634464751958
12,baseline_b,0,0.08616187989556136
12,baseline_b,0,0.0731070496083551
12,baseline_b,0,0.20365535248041775
12,baseline_b,0,0.1031331592689295
12,baseline_b,0,0.18929503916449086
12,baseline_b,0,0.057441253263707574
12,baseline_b,0,0.11357702349869452
12,baseline_b,0,0.0926892950391645
12,baseline_b,0,0.21018276762402088
12,baseline_b,0,0.16579634464751958
12,baseline_b,0,0.08616187989556136
12,baseline_b,0,0.0731070496083551
12,baseline_b,0,0.20365535248041775
12,baseline_b,0,0.1031331592689295
12,baseline_b,0,0.18929503916449086
12,baseline_b,0,0.057441253263707574
12,baseline_b,0,0.11357702349869452
12,baseline_b,0,0.0926892950391645
12,baseline_b,0,0.21018276762402088
12,baseline_b,0,0.16579634464751958
12,baseline_b,0,0.08616187989556136
12,baseline_b,0,0.0731070496083551
12,baseline_b,0,0.20365535248041775
12,baseline_b,0,0.1031331592689295
12,baseline_b,1,0.18929503916449086
12,baseline_b,0,0.057441253263707574
12,baseline_b,0,0.11357702349869452
12,baseline_b,0,0.0926892950391645
12,baseline_b,0,0.21018276762402088
12,baseline_b,0,0.16579634464751958
12,baseline_b,0,0.08616187989556136
12,baseline_b,1,0.0731070496083551
12,baseline_b,0,0.20365535248041775
12,baseline_b,0,0.1031331592689295
12,baseline_b,1,0.18929503916449086
12,baseline_b,0,0.057441253263707574
12,baseline_b,0,0.11357702349869452
12,baseline_b,0,0.0926892950391645
12,baseline_b,0,0.21018276762402088
12,baseline_b,0,0.16579634464751958
12,baseline_b,0,0.08616187989556136
12,baseline_b,1,0.0731070496083551
12,baseline_b,0,0.20365535248041775
12,baseline_b,0,0.1031331592689295
12,baseline_b,0,0.18929503916449086
12,baseline_b,0,0.057441253263707574
12,baseline_b,0,0.11357702349869452
12,baseline_b,0,0.0926892950391645
12,baseline_b,0,0.21018276762402088
12,baseline_b,0,0.16579634464751958
12,baseline_b,0,0.08616187989556136
12,baseline_b,1,0.0731070496083551
12,baseline_b,0,0.20365535248041775
12,baseline_b,0,0.1031331592689295
12,baseline_b,0,0.18929503916449086
12,baseline_b,0,0.057441253263707574
12,baseline_b,0,0.11357702349869452
12,baseline_b,0,0.0926892950391645
12,baseline_b,1,0.21018276762402088
12,baseline_b,0,0.16579634464751958
12,baseline_b,0,0.08616187989556136
12,baseline_b,1,0.0731070496083551
12,baseline_b,1,0.20365535248041775
12,baseline_b,0,0.1031331592689295
12,baseline_b,0,0.18929503916449086
12,baseline_b,0,0.057441253263707574
12,baseline_b,0,0.11357702349869452
12,baseline_b,0,0.0926892950391645
12,baseline_b,0,0.21018276762402088
12,baseline_b,0,0.16579634464751958
12,baseline_b,0,0.08616187989556136
12,baseline_b,0,0.0731070496083551
12,baseline_b,0,0.20365535248041775
12,baseline_b,0,0.1031331592689295
12,baseline_b,0,0.18929503916449086
12,baseline_b,0,0.057441253263707574
12,baseline_b,0,0.11357702349869452
12,baseline_b,0,0.0926892950391645
12,baseline_b,0,0.21018276762402088
12,baseline_b,0,0.16579634464751958
12,baseline_b,0,0.08616187989556136
12,baseline_b,0,0.0731070496083551
12,baseline_b,0,0.20365535248041775
12,baseline_b,0,0.1031331592689295
12,baseline_b,0,0.18929503916449086
12,baseline_b,0,0.057441253263707574
12,baseline_b,0,0.11357702349869452
12,baseline_b,0,0.0926892950391645
12,baseline_b,0,0.21018276762402088
12,baseline_b,0,0.16579634464751958
12,baseline_b,0,0.08616187989556136
12,baseline_b,0,0.0731070496083551
12,baseline_b,1,0.20365535248041775
12,baseline_b,0,0.1031331592689295
12,baseline_b,0,0.18929503916449086
12,baseline_b,0,0.057441253263707574
12,baseline_b,0,0.11357702349869452
12,baseline_b,0,0.0926892950391645
12,baseline_b,0,0.21018276762402088
12,baseline_b,0,0.16579634464751958
12,baseline_b,0,0.08616187989556136
12,baseline_b,0,0.0731070496083551
12,baseline_b,1,0.20365535248041775
12,baseline_b,1,0.1031331592689295
12,baseline_b,0,0.18929503916449086
12,baseline_b,0,0.057441253263707574
12,baseline_b,0,0.11357702349869452
12,baseline_b,0,0.0926892950391645
12,baseline_b,1,0.21018276762402088
12,baseline_b,0,0.16579634464751958
12,baseline_b,1,0.08616187989556136
12,baseline_b,0,0.0731070496083551
12,baseline_b,0,0.20365535248041775
12,baseline_b,1,0.1031331592689295
12,baseline_b,0,0.18929503916449086
12,baseline_b,0,0.057441253263707574
12,baseline_b,0,0.11357702349869452
12,baseline_b,0,0.0926892950391645
12,baseline_b,1,0.21018276762402088
12,baseline_b,0,0.16579634464751958
12,baseline_b,0,0.08616187989556136
12,baseline_b,0,0.0731070496083551
12,baseline_b,0,0.20365535248041775
12,baseline_b,0,0.1031331592689295
12,baseline_b,0,0.18929503916449086
12,baseline_b,0,0.057441253263707574
12,baseline_b,1,0.11357702349869452
12,baseline_b,1,0.0926892950391645
12,baseline_b,0,0.21018276762402088
12,baseline_b,0,0.16579634464751958
12,baseline_b,0,0.08616187989556136
12,baseline_b,0,0.0731070496083551
12,baseline_b,0,0.20365535248041775
12,baseline_b,0,0.1031331592689295
12,baseline_b,0,0.18929503916449086
12,baseline_b,0,0.057441253263707574
12,baseline_b,0,0.11357702349869452
12,baseline_b,0,0.0926892950391645
12,baseline_b,0,0.21018276762402088
12,baseline_b,0,0.16579634464751958
12,baseline_b,0,0.08616187989556136
12,baseline_b,0,0.0731070496083551
12,baseline_b,0,0.20365535248041775
12,baseline_b,0,0.1031331592689295
12,baseline_b,0,0.18929503916449086
12,baseline_b,0,0.057441253263707574
12,baseline_b,0,0.11357702349869452
12,baseline_b,0,0.0926892950391645
12,baseline_b,0,0.21018276762402088
12,baseline_b,0,0.16579634464751958
12,baseline_b,0,0.08616187989556136
12,baseline_b,0,0.0731070496083551
12,baseline_b,0,0.20365535248041775
12,baseline_b,0,0.1031331592689295
12,baseline_b,0,0.18929503916449086
12,baseline_b,0,0.057441253263707574
12,baseline_b,0,0.11357702349869452
12,baseline_b,0,0.0926892950391645
12,baseline_b,0,0.21018276762402088
12,baseline_b,0,0.16579634464751958
12,baseline_b,0,0.08616187989556136
12,baseline_b,0,0.0731070496083551
12,baseline_b,0,0.20365535248041775
12,baseline_b,0,0.1031331592689295
12,baseline_b,1,0.18929503916449086
12,baseline_b,0,0.057441253263707574
12,baseline_b,0,0.11357702349869452
12,baseline_b,0,0.0926892950391645
12,baseline_b,1,0.21018276762402088
12,baseline_b,0,0.16579634464751958
12,baseline_b,0,0.08616187989556136
12,baseline_b,0,0.0731070496083551
12,baseline_b,0,0.20365535248041775
12,baseline_b,0,0.1031331592689295
12,baseline_b,0,0.18929503916449086
12,baseline_b,0,0.057441253263707574
12,baseline_b,0,0.11357702349869452
12,baseline_b,0,0.0926892950391645
12,baseline_b,0,0.21018276762402088
12,baseline_b,1,0.16579634464751958
12,baseline_b,0,0.08616187989556136
12,baseline_b,0,0.0731070496083551
12,baseline_b,0,0.20365535248041775
12,baseline_b,0,0.1031331592689295
12,baseline_b,1,0.18929503916449086
12,baseline_b,0,0.057441253263707574
12,baseline_b,0,0.11357702349869452
12,baseline_b,1,0.0926892950391645
12,baseline_b,0,0.21018276762402088
12,baseline_b,0,0.16579634464751958
12,baseline_b,0,0.08616187989556136
12,baseline_b,0,0.0731070496083551
12,baseline_b,0,0.20365535248041775
12,baseline_b,0,0.1031331592689295
12,baseline_b,0,0.18929503916449086
12,baseline_b,0,0.057441253263707574
12,baseline_b,0,0.11357702349869452
12,baseline_b,0,0.0926892950391645
12,baseline_b,0,0.21018276762402088
12,baseline_b,0,0.16579634464751958
12,baseline_b,0,0.08616187989556136
12,baseline_b,0,0.0731070496083551
12,baseline_b,0,0.20365535248041775
12,baseline_b,0,0.1031331592689295
12,baseline_b,0,0.18929503916449086
12,baseline_b,0,0.057441253263707574
12,baseline_b,0,0.11357702349869452
12,baseline_b,0,0.0926892950391645
12,baseline_b,0,0.21018276762402088
12,baseline_b,0,0.16579634464751958
12,baseline_b,0,0.08616187989556136
12,baseline_b,0,0.0731070496083551
12,baseline_b,0,0.20365535248041775
12,baseline_b,0,0.1031331592689295
12,baseline_b,0,0.18929503916449086
12,baseline_b,0,0.057441253263707574
12,baseline_b,0,0.11357702349869452
12,baseline_b,0,0.0926892950391645
12,baseline_b,0,0.21018276762402088
12,baseline_b,0,0.16579634464751958
12,baseline_b,0,0.08616187989556136
12,baseline_b,0,0.0731070496083551
12,baseline_b,0,0.20365535248041775
12,baseline_b,0,0.1031331592689295
12,baseline_b,0,0.18929503916449086
12,baseline_b,0,0.057441253263707574
12,baseline_b,0,0.11357702349869452
12,baseline_b,1,0.0926892950391645
12,baseline_b,0,0.21018276762402088
12,baseline_b,0,0.16579634464751958
12,baseline_b,0,0.08616187989556136
12,baseline_b,0,0.0731070496083551
12,baseline_b,0,0.20365535248041775
12,baseline_b,0,0.1031331592689295
12,baseline_b,0,0.18929503916449086
12,baseline_b,0,0.057441253263707574
12,baseline_b,0,0.11357702349869452
12,baseline_b,0,0.0926892950391645
12,baseline_b,1,0.21018276762402088
12,baseline_b,0,0.16579634464751958
12,baseline_b,0,0.08616187989556136
12,baseline_b,1,0.0731070496083551
12,baseline_b,1,0.20365535248041775
12,baseline_b,1,0.1031331592689295
12,baseline_b,1,0.18929503916449086
12,baseline_b,0,0.057441253263707574
12,baseline_b,0,0.11357702349869452
12,baseline_b,0,0.0926892950391645
12,baseline_b,1,0.21018276762402088
12,baseline_b,0,0.16579634464751958
12,baseline_b,0,0.08616187989556136
12,baseline_b,0,0.0731070496083551
12,baseline_b,1,0.20365535248041775
12,baseline_b,0,0.1031331592689295
12,baseline_b,1,0.18929503916449086
12,baseline_b,0,0.057441253263707574
12,baseline_b,0,0.11357702349869452
12,baseline_b,0,0.0926892950391645
12,baseline_b,1,0.21018276762402088
12,baseline_b,0,0.16579634464751958
12,baseline_b,0,0.08616187989556136
12,baseline_b,0,0.0731070496083551
12,baseline_b,0,0.20365535248041775
12,baseline_b,0,0.1031331592689295
12,baseline_b,0,0.18929503916449086
12,baseline_b,0,0.057441253263707574
12,baseline_b,0,0.11357702349869452
12,baseline_b,0,0.0926892950391645
12,baseline_b,0,0.21018276762402088
12,baseline_b,0,0.16579634464751958
12,baseline_b,0,0.08616187989556136
12,baseline_b,0,0.0731070496083551
12,baseline_b,0,0.20365535248041775
12,baseline_b,0,0.1031331592689295
12,baseline_b,0,0.18929503916449086
12,baseline_b,0,0.057441253263707574
12,baseline_b,0,0.11357702349869452
12,baseline_b,0,0.0926892950391645
12,baseline_b,0,0.21018276762402088
12,baseline_b,0,0.16579634464751958
12,baseline_b,0,0.08616187989556136
12,baseline_b,0,0.0731070496083551
12,baseline_b,0,0.20365535248041775
12,baseline_b,0,0.1031331592689295
12,baseline_b,0,0.18929503916449086
12,baseline_b,0,0.057441253263707574
12,baseline_b,0,0.11357702349869452
12,baseline_b,0,0.0926892950391645
12,baseline_b,0,0.21018276762402088
12,baseline_b,0,0.16579634464751958
12,baseline_b,0,0.08616187989556136
12,baseline_b,0,0.0731070496083551
12,baseline_b,0,0.20365535248041775
12,baseline_b,0,0.1031331592689295
12,baseline_b,0,0.18929503916449086
12,baseline_b,0,0.057441253263707574
12,baseline_b,0,0.11357702349869452
12,baseline_b,0,0.0926892950391645
12,baseline_b,0,0.21018276762402088
12,baseline_b,0,0.16579634464751958
12,baseline_b,0,0.08616187989556136
12,baseline_b,0,0.0731070496083551
12,baseline_b,0,0.20365535248041775
12,baseline_b,0,0.1031331592689295
12,baseline_b,0,0.18929503916449086
12,baseline_b,0,0.057441253263707574
12,baseline_b,1,0.11357702349869452
12,baseline_b,0,0.0926892950391645
12,baseline_b,0,0.21018276762402088
12,baseline_b,0,0.16579634464751958
12,baseline_b,0,0.08616187989556136
12,baseline_b,0,0.0731070496083551
12,baseline_b,1,0.20365535248041775
12,baseline_b,1,0.1031331592689295
12,baseline_b,0,0.18929503916449086
12,baseline_b,0,0.057441253263707574
12,baseline_b,0,0.11357702349869452
12,baseline_b,0,0.0926892950391645
12,baseline_b,0,0.21018276762402088
12,baseline_b,0,0.16579634464751958
12,baseline_b,0,0.08616187989556136
12,baseline_b,0,0.0731070496083551
12,baseline_b,0,0.20365535248041775
12,baseline_b,1,0.1031331592689295
12,baseline_b,0,0.18929503916449086
12,baseline_b,0,0.057441253263707574
12,baseline_b,0,0.11357702349869452
12,baseline_b,0,0.0926892950391645
12,baseline_b,0,0.21018276762402088
12,baseline_b,0,0.16579634464751958
12,baseline_b,0,0.08616187989556136
12,baseline_b,0,0.0731070496083551
12,baseline_b,0,0.20365535248041775
12,baseline_b,0,0.1031331592689295
12,baseline_b,0,0.18929503916449086
12,baseline_b,0,0.057441253263707574
12,baseline_b,0,0.11357702349869452
12,baseline_b,0,0.0926892950391645
12,baseline_b,0,0.21018276762402088
12,baseline_b,0,0.16579634464751958
12,baseline_b,0,0.08616187989556136
12,baseline_b,0,0.0731070496083551
12,baseline_b,1,0.20365535248041775
12,baseline_b,0,0.1031331592689295
12,baseline_b,0,0.18929503916449086
12,baseline_b,0,0.057441253263707574
12,baseline_b,0,0.11357702349869452
12,baseline_b,0,0.0926892950391645
12,baseline_b,0,0.21018276762402088
12,baseline_b,0,0.16579634464751958
12,baseline_b,0,0.08616187989556136
12,baseline_b,0,0.0731070496083551
12,baseline_b,0,0.20365535248041775
12,baseline_b,0,0.1031331592689295
12,baseline_b,0,0.18929503916449086
12,baseline_b,0,0.057441253263707574
12,baseline_b,0,0.11357702349869452
12,baseline_b,0,0.0926892950391645
12,baseline_b,0,0.21018276762402088
12,baseline_b,0,0.16579634464751958
12,baseline_b,0,0.08616187989556136
12,baseline_b,0,0.0731070496083551
12,baseline_b,0,0.20365535248041775
12,baseline_b,0,0.1031331592689295
12,baseline_b,0,0.18929503916449086
12,baseline_b,0,0.057441253263707574
12,baseline_b,0,0.11357702349869452
12,baseline_b,0,0.0926892950391645
12,baseline_b,0,0.21018276762402088
12,baseline_b,0,0.16579634464751958
12,baseline_b,0,0.08616187989556136
12,baseline_b,0,0.0731070496083551
12,baseline_b,1,0.20365535248041775
12,baseline_b,0,0.1031331592689295
12,baseline_b,0,0.18929503916449086
12,baseline_b,0,0.057441253263707574
12,baseline_b,0,0.11357702349869452
12,baseline_b,0,0.0926892950391645
12,baseline_b,0,0.21018276762402088
12,baseline_b,0,0.16579634464751958
12,baseline_b,0,0.08616187989556136
12,baseline_b,0,0.0731070496083551
12,baseline_b,0,0.20365535248041775
12,baseline_b,0,0.1031331592689295
12,baseline_b,0,0.18929503916449086
12,baseline_b,0,0.057441253263707574
12,baseline_b,1,0.11357702349869452
12,baseline_b,0,0.0926892950391645
12,baseline_b,0,0.21018276762402088
12,baseline_b,0,0.16579634464751958
12,baseline_b,0,0.08616187989556136
12,baseline_b,0,0.0731070496083551
12,baseline_b,0,0.20365535248041775
12,baseline_b,0,0.1031331592689295
12,baseline_b,1,0.18929503916449086
12,baseline_b,0,0.057441253263707574
12,baseline_b,0,0.11357702349869452
12,baseline_b,0,0.0926892950391645
12,baseline_b,0,0.21018276762402088
12,baseline_b,1,0.16579634464751958
12,baseline_b,0,0.08616187989556136
12,baseline_b,0,0.0731070496083551
12,baseline_b,0,0.20365535248041775
12,baseline_b,0,0.1031331592689295
12,baseline_b,1,0.18929503916449086
12,baseline_b,0,0.057441253263707574
12,baseline_b,1,0.11357702349869452
12,baseline_b,0,0.0926892950391645
12,baseline_b,0,0.21018276762402088
12,baseline_b,0,0.16579634464751958
12,baseline_b,0,0.08616187989556136
12,baseline_b,0,0.0731070496083551
12,baseline_b,0,0.20365535248041775
12,baseline_b,0,0.1031331592689295
12,baseline_b,1,0.18929503916449086
12,baseline_b,0,0.057441253263707574
12,baseline_b,0,0.11357702349869452
12,baseline_b,0,0.0926892950391645
12,baseline_b,0,0.21018276762402088
12,baseline_b,0,0.16579634464751958
12,baseline_b,0,0.08616187989556136
12,baseline_b,0,0.0731070496083551
12,baseline_b,0,0.20365535248041775
12,baseline_b,0,0.1031331592689295
12,baseline_b,0,0.18929503916449086
12,baseline_b,0,0.057441253263707574
12,baseline_b,0,0.11357702349869452
12,baseline_b,0,0.0926892950391645
12,baseline_b,0,0.21018276762402088
12,baseline_b,0,0.16579634464751958
12,baseline_b,0,0.08616187989556136
12,baseline_b,0,0.0731070496083551
12,baseline_b,0,0.20365535248041775
12,baseline_b,0,0.1031331592689295
12,baseline_b,0,0.18929503916449086
12,baseline_b,0,0.057441253263707574
12,baseline_b,0,0.11357702349869452
12,baseline_b,0,0.0926892950391645
12,baseline_b,0,0.21018276762402088
12,baseline_b,0,0.16579634464751958
12,baseline_b,0,0.08616187989556136
12,baseline_b,0,0.0731070496083551
12,baseline_b,0,0.20365535248041775
12,baseline_b,0,0.1031331592689295
12,baseline_b,0,0.18929503916449086
12,baseline_b,0,0.057441253263707574
12,baseline_b,0,0.11357702349869452
12,baseline_b,0,0.0926892950391645
12,baseline_b,0,0.21018276762402088
12,baseline_b,0,0.16579634464751958
12,baseline_b,0,0.08616187989556136
12,baseline_b,0,0.0731070496083551
12,baseline_b,1,0.20365535248041775
12,baseline_b,0,0.1031331592689295
12,baseline_b,0,0.18929503916449086
12,baseline_b,0,0.057441253263707574
12,baseline_b,0,0.11357702349869452
12,baseline_b,0,0.0926892950391645
12,baseline_b,0,0.21018276762402088
12,baseline_b,1,0.16579634464751958
12,baseline_b,0,0.08616187989556136
12,baseline_b,0,0.0731070496083551
12,baseline_b,0,0.20365535248041775
12,baseline_b,0,0.1031331592689295
12,baseline_b,1,0.18929503916449086
12,baseline_b,0,0.057441253263707574
12,baseline_b,0,0.11357702349869452
12,baseline_b,0,0.0926892950391645
12,baseline_b,0,0.21018276762402088
12,baseline_b,0,0.16579634464751958
12,baseline_b,0,0.08616187989556136
12,baseline_b,0,0.0731070496083551
12,baseline_b,0,0.20365535248041775
12,baseline_b,0,0.1031331592689295
12,baseline_b,1,0.18929503916449086
12,baseline_b,0,0.057441253263707574
12,baseline_b,0,0.11357702349869452
12,baseline_b,0,0.0926892950391645
12,baseline_b,0,0.21018276762402088
12,baseline_b,0,0.16579634464751958
12,baseline_b,0,0.08616187989556136
12,baseline_b,0,0.0731070496083551
12,baseline_b,1,0.20365535248041775
12,baseline_b,0,0.1031331592689295
12,baseline_b,0,0.18929503916449086
12,baseline_b,0,0.057441253263707574
12,baseline_b,0,0.11357702349869452
12,baseline_b,0,0.0926892950391645
12,baseline_b,0,0.21018276762402088
12,baseline_b,0,0.16579634464751958
12,baseline_b,0,0.08616187989556136
12,baseline_b,0,0.0731070496083551
12,baseline_b,0,0.20365535248041775
12,baseline_b,0,0.1031331592689295
12,baseline_b,0,0.18929503916449086
12,baseline_b,0,0.057441253263707574
12,baseline_b,0,0.11357702349869452
12,baseline_b,0,0.0926892950391645
12,baseline_b,0,0.21018276762402088
12,baseline_b,0,0.16579634464751958
12,baseline_b,0,0.08616187989556136
12,baseline_b,0,0.0731070496083551
12,baseline_b,0,0.20365535248041775
12,baseline_b,0,0.1031331592689295
12,baseline_b,0,0.18929503916449086
12,baseline_b,0,0.057441253263707574
12,baseline_b,0,0.11357702349869452
12,baseline_b,1,0.0926892950391645
12,baseline_b,0,0.21018276762402088
12,baseline_b,0,0.16579634464751958
12,baseline_b,1,0.08616187989556136
12,baseline_b,0,0.0731070496083551
12,baseline_b,0,0.20365535248041775
12,baseline_b,0,0.1031331592689295
12,baseline_b,0,0.18929503916449086
12,baseline_b,0,0.057441253263707574
12,baseline_b,0,0.11357702349869452
12,baseline_b,0,0.0926892950391645
12,baseline_b,0,0.21018276762402088
12,baseline_b,0,0.16579634464751958
12,baseline_b,0,0.08616187989556136
12,baseline_b,0,0.0731070496083551
12,baseline_b,1,0.20365535248041775
12,baseline_b,1,0.1031331592689295
12,baseline_b,0,0.18929503916449086
12,baseline_b,0,0.057441253263707574
12,baseline_b,0,0.11357702349869452
12,baseline_b,0,0.0926892950391645
12,baseline_b,1,0.21018276762402088
12,baseline_b,0,0.16579634464751958
12,baseline_b,0,0.08616187989556136
12,baseline_b,0,0.0731070496083551
12,baseline_b,0,0.20365535248041775
12,baseline_b,0,0.1031331592689295
12,baseline_b,0,0.18929503916449086
12,baseline_b,1,0.057441253263707574
12,baseline_b,0,0.11357702349869452
12,baseline_b,0,0.0926892950391645
12,baseline_b,0,0.21018276762402088
12,baseline_b,0,0.16579634464751958
12,baseline_b,0,0.08616187989556136
12,baseline_b,1,0.0731070496083551
12,baseline_b,0,0.20365535248041775
12,baseline_b,0,0.1031331592689295
12,baseline_b,0,0.18929503916449086
12,baseline_b,0,0.057441253263707574
12,baseline_b,0,0.11357702349869452
12,baseline_b,0,0.0926892950391645
12,baseline_b,1,0.21018276762402088
12,baseline_b,0,0.16579634464751958
12,baseline_b,0,0.08616187989556136
12,baseline_b,0,0.0731070496083551
12,baseline_b,0,0.20365535248041775
12,baseline_b,0,0.1031331592689295
12,baseline_b,0,0.18929503916449086
12,baseline_b,0,0.057441253263707574
12,baseline_b,0,0.11357702349869452
12,baseline_b,0,0.0926892950391645
12,baseline_b,0,0.21018276762402088
12,baseline_b,0,0.16579634464751958
12,baseline_b,0,0.08616187989556136
12,baseline_b,0,0.0731070496083551
12,baseline_b,0,0.20365535248041775
12,baseline_b,0,0.1031331592689295
12,baseline_b,0,0.18929503916449086
12,baseline_b,0,0.057441253263707574
12,baseline_b,0,0.11357702349869452
12,baseline_b,0,0.0926892950391645
12,baseline_b,0,0.21018276762402088
12,baseline_b,0,0.16579634464751958
12,baseline_b,0,0.08616187989556136
12,baseline_b,0,0.0731070496083551
12,baseline_b,0,0.20365535248041775
12,baseline_b,0,0.1031331592689295
12,baseline_b,0,0.18929503916449086
12,baseline_b,0,0.057441253263707574
12,baseline_b,0,0.11357702349869452
12,baseline_b,0,0.0926892950391645
12,baseline_b,0,0.21018276762402088
12,baseline_b,0,0.16579634464751958
12,baseline_b,0,0.08616187989556136
12,baseline_b,0,0.0731070496083551
12,baseline_b,0,0.20365535248041775
12,baseline_b,1,0.1031331592689295
12,baseline_b,1,0.18929503916449086
12,baseline_b,1,0.057441253263707574
12,baseline_b,0,0.11357702349869452
12,baseline_b,1,0.0926892950391645
12,baseline_b,1,0.21018276762402088
12,baseline_b,0,0.16579634464751958
12,baseline_b,0,0.08616187989556136
12,baseline_b,0,0.0731070496083551
12,baseline_b,1,0.20365535248041775
12,baseline_b,0,0.1031331592689295
12,baseline_b,0,0.18929503916449086
12,baseline_b,0,0.057441253263707574
12,baseline_b,0,0.11357702349869452
12,baseline_b,0,0.0926892950391645
12,baseline_b,1,0.21018276762402088
12,baseline_b,0,0.16579634464751958
12,baseline_b,0,0.08616187989556136
12,baseline_b,1,0.0731070496083551
12,baseline_b,0,0.20365535248041775
12,baseline_b,0,0.1031331592689295
12,baseline_b,0,0.18929503916449086
12,baseline_b,0,0.057441253263707574
12,baseline_b,1,0.11357702349869452
12,baseline_b,1,0.0926892950391645
12,baseline_b,0,0.21018276762402088
12,baseline_b,0,0.16579634464751958
12,baseline_b,0,0.08616187989556136
12,baseline_b,0,0.0731070496083551
12,baseline_b,0,0.20365535248041775
12,baseline_b,1,0.1031331592689295
12,baseline_b,0,0.18929503916449086
12,baseline_b,0,0.057441253263707574
12,baseline_b,0,0.11357702349869452
12,baseline_b,0,0.0926892950391645
12,baseline_b,0,0.21018276762402088
12,baseline_b,0,0.16579634464751958
12,baseline_b,0,0.08616187989556136
12,baseline_b,0,0.0731070496083551
12,baseline_b,1,0.20365535248041775
12,baseline_b,0,0.1031331592689295
12,baseline_b,0,0.18929503916449086
12,baseline_b,0,0.057441253263707574
12,baseline_b,0,0.11357702349869452
12,baseline_b,0,0.0926892950391645
12,baseline_b,0,0.21018276762402088
12,baseline_b,0,0.16579634464751958
12,baseline_b,0,0.08616187989556136
12,baseline_b,0,0.0731070496083551
12,baseline_b,0,0.20365535248041775
12,baseline_b,0,0.1031331592689295
12,baseline_b,0,0.18929503916449086
12,baseline_b,0,0.057441253263707574
12,baseline_b,0,0.11357702349869452
12,baseline_b,0,0.0926892950391645
12,baseline_b,0,0.21018276762402088
12,baseline_b,0,0.16579634464751958
12,baseline_b,0,0.08616187989556136
12,baseline_b,0,0.0731070496083551
12,baseline_b,0,0.20365535248041775
12,baseline_b,0,0.1031331592689295
12,baseline_b,0,0.18929503916449086
12,baseline_b,0,0.057441253263707574
12,baseline_b,0,0.11357702349869452
12,baseline_b,0,0.0926892950391645
12,baseline_b,0,0.21018276762402088
12,baseline_b,0,0.16579634464751958
12,baseline_b,1,0.08616187989556136
12,baseline_b,0,0.0731070496083551
12,baseline_b,0,0.20365535248041775
12,baseline_b,0,0.1031331592689295
12,baseline_b,0,0.18929503916449086
12,baseline_b,0,0.057441253263707574
12,baseline_b,0,0.11357702349869452
12,baseline_b,0,0.0926892950391645
12,baseline_b,1,0.21018276762402088
12,baseline_b,1,0.16579634464751958
12,baseline_b,0,0.08616187989556136
12,baseline_b,0,0.0731070496083551
12,baseline_b,0,0.20365535248041775
12,baseline_b,0,0.1031331592689295
12,baseline_b,0,0.18929503916449086
12,baseline_b,0,0.057441253263707574
12,baseline_b,0,0.11357702349869452
12,baseline_b,0,0.0926892950391645
12,baseline_b,1,0.21018276762402088
12,baseline_b,0,0.16579634464751958
12,baseline_b,0,0.08616187989556136
12,baseline_b,0,0.0731070496083551
12,baseline_b,0,0.20365535248041775
12,baseline_b,0,0.1031331592689295
12,baseline_b,0,0.18929503916449086
12,baseline_b,0,0.057441253263707574
12,baseline_b,0,0.11357702349869452
12,baseline_b,0,0.0926892950391645
12,baseline_b,0,0.21018276762402088
12,baseline_b,0,0.16579634464751958
12,baseline_b,0,0.08616187989556136
12,baseline_b,0,0.0731070496083551
12,baseline_b,0,0.20365535248041775
12,baseline_b,0,0.1031331592689295
12,baseline_b,0,0.18929503916449086
12,baseline_b,1,0.057441253263707574
12,baseline_b,0,0.11357702349869452
12,baseline_b,0,0.0926892950391645
12,baseline_b,0,0.21018276762402088
12,baseline_b,1,0.16579634464751958
12,baseline_b,0,0.08616187989556136
12,baseline_b,0,0.0731070496083551
12,baseline_b,0,0.20365535248041775
12,baseline_b,0,0.1031331592689295
12,baseline_b,0,0.18929503916449086
12,baseline_b,0,0.057441253263707574
12,baseline_b,0,0.11357702349869452
12,baseline_b,0,0.0926892950391645
12,baseline_b,0,0.21018276762402088
12,baseline_b,0,0.16579634464751958
12,baseline_b,0,0.08616187989556136
12,baseline_b,0,0.0731070496083551
12,baseline_b,0,0.20365535248041775
12,baseline_b,0,0.1031331592689295
12,baseline_b,0,0.18929503916449086
12,baseline_b,0,0.057441253263707574
12,baseline_b,0,0.11357702349869452
12,baseline_b,0,0.0926892950391645
12,baseline_b,0,0.21018276762402088
12,baseline_b,0,0.16579634464751958
12,baseline_b,0,0.08616187989556136
12,baseline_b,0,0.0731070496083551
12,baseline_b,0,0.20365535248041775
12,baseline_b,0,0.1031331592689295
12,baseline_b,0,0.18929503916449086
12,baseline_b,0,0.057441253263707574
12,baseline_b,0,0.11357702349869452
12,baseline_b,0,0.0926892950391645
12,baseline_b,1,0.21018276762402088
12,baseline_b,0,0.16579634464751958
12,baseline_b,0,0.08616187989556136
12,baseline_b,0,0.0731070496083551
12,baseline_b,0,0.20365535248041775
12,baseline_b,1,0.1031331592689295
12,baseline_b,0,0.18929503916449086
12,baseline_b,0,0.057441253263707574
12,baseline_b,1,0.11357702349869452
12,baseline_b,0,0.0926892950391645
12,baseline_b,0,0.21018276762402088
12,baseline_b,0,0.16579634464751958
12,baseline_b,0,0.08616187989556136
12,baseline_b,0,0.0731070496083551
12,baseline_b,1,0.20365535248041775
12,baseline_b,0,0.1031331592689295
12,baseline_b,0,0.18929503916449086
12,baseline_b,1,0.057441253263707574
12,baseline_b,0,0.11357702349869452
12,baseline_b,0,0.0926892950391645
12,baseline_b,1,0.21018276762402088
12,baseline_b,1,0.16579634464751958
12,baseline_b,0,0.08616187989556136
12,baseline_b,1,0.0731070496083551
12,baseline_b,0,0.20365535248041775
12,baseline_b,0,0.1031331592689295
12,baseline_b,0,0.18929503916449086
12,baseline_b,0,0.057441253263707574
12,baseline_b,0,0.11357702349869452
12,baseline_b,0,0.0926892950391645
12,baseline_b,1,0.21018276762402088
12,baseline_b,0,0.16579634464751958
12,baseline_b,0,0.08616187989556136
12,baseline_b,0,0.0731070496083551
12,baseline_b,1,0.20365535248041775
12,baseline_b,0,0.1031331592689295
12,baseline_b,0,0.18929503916449086
12,baseline_b,0,0.057441253263707574
12,baseline_b,0,0.11357702349869452
12,baseline_b,0,0.0926892950391645
12,baseline_b,0,0.21018276762402088
12,baseline_b,0,0.16579634464751958
12,baseline_b,0,0.08616187989556136
12,baseline_b,0,0.0731070496083551
12,baseline_b,1,0.20365535248041775
12,baseline_b,1,0.1031331592689295
12,baseline_b,1,0.18929503916449086
12,baseline_b,0,0.057441253263707574
12,baseline_b,0,0.11357702349869452
12,baseline_b,0,0.0926892950391645
12,baseline_b,0,0.21018276762402088
12,baseline_b,0,0.16579634464751958
12,baseline_b,0,0.08616187989556136
12,baseline_b,0,0.0731070496083551
12,baseline_b,0,0.20365535248041775
12,baseline_b,0,0.1031331592689295
12,baseline_b,0,0.18929503916449086
12,baseline_b,0,0.057441253263707574
12,baseline_b,0,0.11357702349869452
12,baseline_b,0,0.0926892950391645
12,baseline_b,0,0.21018276762402088
12,baseline_b,0,0.16579634464751958
12,baseline_b,0,0.08616187989556136
12,baseline_b,0,0.0731070496083551
12,baseline_b,0,0.20365535248041775
12,baseline_b,0,0.1031331592689295
12,baseline_b,0,0.18929503916449086
12,baseline_b,0,0.057441253263707574
12,baseline_b,0,0.11357702349869452
12,baseline_b,0,0.0926892950391645
12,baseline_b,0,0.21018276762402088
12,baseline_b,0,0.16579634464751958
12,baseline_b,0,0.08616187989556136
12,baseline_b,0,0.0731070496083551
12,baseline_b,0,0.20365535248041775
12,baseline_b,0,0.1031331592689295
12,baseline_b,0,0.18929503916449086
12,baseline_b,0,0.057441253263707574
12,baseline_b,0,0.11357702349869452
12,baseline_b,0,0.0926892950391645
12,baseline_b,1,0.21018276762402088
12,baseline_b,0,0.16579634464751958
12,baseline_b,0,0.08616187989556136
12,baseline_b,1,0.0731070496083551
12,baseline_b,0,0.20365535248041775
12,baseline_b,0,0.1031331592689295
12,baseline_b,0,0.18929503916449086
12,baseline_b,0,0.057441253263707574
12,baseline_b,0,0.11357702349869452
12,baseline_b,0,0.0926892950391645
12,baseline_b,0,0.21018276762402088
12,baseline_b,1,0.16579634464751958
12,baseline_b,0,0.08616187989556136
12,baseline_b,0,0.0731070496083551
12,baseline_b,0,0.20365535248041775
12,baseline_b,0,0.1031331592689295
12,baseline_b,0,0.18929503916449086
12,baseline_b,0,0.057441253263707574
12,logistic_regression,0,0.0011690408041256284
12,logistic_regression,0,0.002662658108949472
12,logistic_regression,0,0.020882965792271887
12,logistic_regression,0,0.005169630353617317
12,logistic_regression,0,0.0031116277811942296
12,logistic_regression,0,0.0005283634870660619
12,logistic_regression,0,0.00188223977870279
12,logistic_regression,0,0.00032261832360703645
12,logistic_regression,0,0.1302087560916138
12,logistic_regression,0,0.0014685125991327618
12,logistic_regression,0,0.13804927708562925
12,logistic_regression,0,0.10350195642057636
12,logistic_regression,1,0.23620920183176297
12,logistic_regression,0,0.21569782333659523
12,logistic_regression,0,0.08376987972988705
12,logistic_regression,0,0.051112821000961546
12,logistic_regression,0,0.19911477449590373
12,logistic_regression,0,0.11419164112157242
12,logistic_regression,1,0.25627025212181537
12,logistic_regression,0,0.040051210319354213
12,logistic_regression,0,0.10275627643268914
12,logistic_regression,0,0.22126974558972157
12,logistic_regression,1,0.6395778287763529
12,logistic_regression,1,0.24564394795503416
12,logistic_regression,0,0.13728018775509165
12,logistic_regression,0,0.10287108689131519
12,logistic_regression,0,0.28131853607805596
12,logistic_regression,0,0.04744091590960013
12,logistic_regression,0,0.2835086880334877
12,logistic_regression,0,0.09278333087246692
12,logistic_regression,0,0.07202298171105842
12,logistic_regression,0,0.12167856226981688
12,logistic_regression,1,0.11095302358032823
12,logistic_regression,0,0.11357223657756498
12,logistic_regression,0,0.15552700442190193
12,logistic_regression,1,0.07620295935674878
12,logistic_regression,0,0.27933056778302995
12,logistic_regression,0,0.21403975358293745
12,logistic_regression,0,0.25916523392515023
12,logistic_regression,1,0.22036374147216678
12,logistic_regression,0,0.09988253042126478
12,logistic_regression,0,0.14359341527978625
12,logistic_regression,0,0.24648413228809563
12,logistic_regression,0,0.2511984023529536
12,logistic_regression,0,0.16871246010682772
12,logistic_regression,0,0.08777437015605553
12,logistic_regression,0,0.26809911399755154
12,logistic_regression,1,0.11833374826985409
12,logistic_regression,0,0.20318827823355629
12,logistic_regression,0,0.0848435418171677
12,logistic_regression,1,0.12643345831206884
12,logistic_regression,0,0.19086630231495233
12,logistic_regression,1,0.3050819078339098
12,logistic_regression,0,0.2944070141071003
12,logistic_regression,0,0.15303226611268048
12,logistic_regression,0,0.07694619181139976
12,logistic_regression,0,0.2043578615754621
12,logistic_regression,0,0.1288693784156886
12,logistic_regression,0,0.2489417127535268
12,logistic_regression,0,0.05582247242337681
12,logistic_regression,0,0.0026186619924612495
12,logistic_regression,0,0.0012762366296040991
12,logistic_regression,0,0.0027759485500463026
12,logistic_regression,0,0.020992548724259104
12,logistic_regression,0,0.002068149704265075
12,logistic_regression,0,0.0034410594031120674
12,logistic_regression,0,0.0033583946054202584
12,logistic_regression,0,0.00026145704037493396
12,logistic_regression,0,0.03255982947082778
12,logistic_regression,0,0.007638361224498739
12,logistic_regression,0,0.003784539454161836
12,logistic_regression,0,0.0005715095998654818
12,logistic_regression,0,0.004644344996244489
12,logistic_regression,0,0.00488380280343153
12,logistic_regression,0,0.007027072483372008
12,logistic_regression,0,0.0021191514894974054
12,logistic_regression,0,0.0029901380091355606
12,logistic_regression,0,0.0006720938738056323
12,logistic_regression,0,0.005451066884707513
12,logistic_regression,0,0.01409530329448326
12,logistic_regression,1,0.11429093249609523
12,logistic_regression,0,0.0745051134672297
12,logistic_regression,1,0.11993105664041702
12,logistic_regression,1,0.23748856166063298
12,logistic_regression,0,0.10112891123031034
12,logistic_regression,0,0.05858969671737349
12,logistic_regression,1,0.19659390317546202
12,logistic_regression,0,0.11939666847096582
12,logistic_regression,0,0.2425454454254142
12,logistic_regression,0,0.062410205639570934
12,logistic_regression,0,0.1900660550121883
12,logistic_regression,0,0.07175201817068039
12,logistic_regression,1,0.2124301580822419
12,logistic_regression,0,0.21463613648570215
12,logistic_regression,0,0.08880636507568909
12,logistic_regression,0,0.08715996510687742
12,logistic_regression,1,0.34062500331618784
12,logistic_regression,0,0.1144817541455937
12,logistic_regression,1,0.2952288607723566
12,logistic_regression,0,0.12217377296986583
12,logistic_regression,0,0.11202945797206423
12,logistic_regression,0,0.10406758036873602
12,logistic_regression,0,0.2820478565597971
12,logistic_regression,0,0.24676166248696205
12,logistic_regression,0,0.08814231740901189
12,logistic_regression,1,0.07862131748514631
12,logistic_regression,0,0.3004222514169043
12,logistic_regression,0,0.11277818854681176
12,logistic_regression,1,0.3935162071111915
12,logistic_regression,0,0.06677245420931567
12,logistic_regression,0,0.1569464899804602
12,logistic_regression,0,0.12586868089909484
12,logistic_regression,0,0.3314357798602254
12,logistic_regression,0,0.2218691636758719
12,logistic_regression,0,0.1468481373477004
12,logistic_regression,0,0.08186782922285522
12,logistic_regression,0,0.21630176480818675
12,logistic_regression,1,0.14669994792772953
12,logistic_regression,0,0.14480068905120236
12,logistic_regression,0,0.10948658348077363
12,logistic_regression,0,0.20700492175576563
12,logistic_regression,0,0.1337491589382884
12,logistic_regression,0,0.24028578457556757
12,logistic_regression,0,0.2218480306608262
12,logistic_regression,0,0.12603249228956473
12,logistic_regression,0,0.09058242947664863
12,logistic_regression,0,0.29531104622212795
12,logistic_regression,0,0.1320633689320749
12,logistic_regression,0,0.12551530519694828
12,logistic_regression,0,0.041931931048752945
12,logistic_regression,0,0.008488687558054443
12,logistic_regression,0,0.007666646276658793
12,logistic_regression,0,0.045359629053808505
12,logistic_regression,0,0.006672509827349343
12,logistic_regression,0,0.007977049461436765
12,logistic_regression,0,0.0007687609460545565
12,logistic_regression,0,0.0020700211302448696
12,logistic_regression,0,0.0009574526750293543
12,logistic_regression,0,0.008333858556549065
12,logistic_regression,0,0.016539027602924493
12,logistic_regression,0,0.00021114782569955264
12,logistic_regression,0,0.0036523553864072403
12,logistic_regression,0,0.018608258205518435
12,logistic_regression,0,0.03668252330936385
12,logistic_regression,0,0.004014010444009716
12,logistic_regression,0,0.0049069191261361415
12,logistic_regression,0,0.0021472429662909684
12,logistic_regression,0,0.0007349706972425604
12,logistic_regression,0,0.025083146451428895
12,logistic_regression,0,0.00819428017332698
12,logistic_regression,0,0.1403463480294547
12,logistic_regression,0,0.08731192085555156
12,logistic_regression,0,0.24458591342111372
12,logistic_regression,0,0.19526028969708298
12,logistic_regression,1,0.1284490431583536
12,logistic_regression,0,0.08370288757148826
12,logistic_regression,0,0.19718081046294253
12,logistic_regression,1,0.146977713209314
12,logistic_regression,0,0.16336590409346646
12,logistic_regression,0,0.08766453641287333
12,logistic_regression,1,0.08464895311322664
12,logistic_regression,0,0.1513538979806695
12,logistic_regression,0,0.15848477868085545
12,logistic_regression,0,0.15106842691870717
12,logistic_regression,0,0.137662731764908
12,logistic_regression,0,0.17448547745389748
12,logistic_regression,0,0.25195527799897544
12,logistic_regression,0,0.14128225689013935
12,logistic_regression,0,0.26872319572832043
12,logistic_regression,1,0.0950569462824491
12,logistic_regression,0,0.10728691269607267
12,logistic_regression,0,0.12118878598609255
12,logistic_regression,0,0.15340159481272184
12,logistic_regression,1,0.2775789358088468
12,logistic_regression,0,0.06903698068576314
12,logistic_regression,0,0.11256091071034459
12,logistic_regression,0,0.25754788175706844
12,logistic_regression,0,0.11646047047137394
12,logistic_regression,0,0.2592134898664899
12,logistic_regression,0,0.047868136659426526
12,logistic_regression,0,0.14245186092627046
12,logistic_regression,0,0.14287459689048546
12,logistic_regression,0,0.2541088361872233
12,logistic_regression,0,0.27478583054436834
12,logistic_regression,0,0.11980357990759107
12,logistic_regression,0,0.11562069145799293
12,logistic_regression,0,0.28255592174620886
12,logistic_regression,0,0.1053646638402965
12,logistic_regression,1,0.3180789275390585
12,logistic_regression,0,0.0763995770837602
12,logistic_regression,0,0.1724878549328303
12,logistic_regression,0,0.16031815070647293
12,logistic_regression,0,0.2990638075726226
12,logistic_regression,0,0.157285582050781
12,logistic_regression,0,0.09396366582711635
12,logistic_regression,0,0.11191044460594227
12,logistic_regression,0,0.290837879848337
12,logistic_regression,0,0.10276394670182236
12,logistic_regression,0,0.2097444538889247
12,logistic_regression,0,0.09281450790760631
12,logistic_regression,0,0.013008563213063349
12,logistic_regression,0,0.0014994808043065464
12,logistic_regression,0,0.010218514474574844
12,logistic_regression,0,0.0457081953021382
12,logistic_regression,0,0.01786578524122702
12,logistic_regression,0,0.001543588940531998
12,logistic_regression,0,0.001049613602828107
12,logistic_regression,0,0.0014862986462690147
12,logistic_regression,0,0.030804225519085356
12,logistic_regression,0,0.01280454701161433
12,logistic_regression,0,0.0013052672990560051
12,logistic_regression,0,0.0007756567623009011
12,logistic_regression,0,0.04761859725993182
12,logistic_regression,0,0.06142596795065819
12,logistic_regression,0,0.0019244702672923768
12,logistic_regression,0,0.0020497555146635456
12,logistic_regression,0,0.0025740579687896425
12,logistic_regression,0,0.000854206119492418
12,logistic_regression,0,0.015743918580486422
12,logistic_regression,0,0.0009951283003947035
12,logistic_regression,0,0.2854724559873527
12,logistic_regression,0,0.11005837803245543
12,logistic_regression,0,0.19304219746750143
12,logistic_regression,0,0.16751593213260618
12,logistic_regression,0,0.07005465076368098
12,logistic_regression,0,0.06611269162414746
12,logistic_regression,0,0.17520544478834787
12,logistic_regression,0,0.12622989598569012
12,logistic_regression,0,0.1746960365239662
12,logistic_regression,0,0.03883048959590662
12,logistic_regression,0,0.10987897534720928
12,logistic_regression,0,0.1365853148246343
12,logistic_regression,0,0.2850765291646787
12,logistic_regression,1,0.24890097672888525
12,logistic_regression,0,0.09496877170994643
12,logistic_regression,0,0.09256511185323678
12,logistic_regression,0,0.22679399754199597
12,logistic_regression,0,0.11401809747270239
12,logistic_regression,0,0.3126455062600148
12,logistic_regression,0,0.0643877146556891
12,logistic_regression,0,0.13169932879392404
12,logistic_regression,0,0.1421196919474207
12,logistic_regression,0,0.2823442539676396
12,logistic_regression,0,0.2529660784591792
12,logistic_regression,0,0.10734895794887643
12,logistic_regression,0,0.11305356080727808
12,logistic_regression,1,0.4894356244550357
12,logistic_regression,0,0.15005413596493697
12,logistic_regression,0,0.188265599964436
12,logistic_regression,0,0.08087843801406164
12,logistic_regression,0,0.1538903695818325
12,logistic_regression,1,0.14891188297890015
12,logistic_regression,1,0.2590317121652085
12,logistic_regression,0,0.15083429665207582
12,logistic_regression,0,0.14953340830881307
12,logistic_regression,0,0.08551804207290835
12,logistic_regression,0,0.1429330961909874
12,logistic_regression,0,0.11212251582910149
12,logistic_regression,0,0.3169660765309579
12,logistic_regression,0,0.12175787583354297
12,logistic_regression,0,0.15673657092738266
12,logistic_regression,0,0.14725168500577274
12,logistic_regression,0,0.17008548161494058
12,logistic_regression,0,0.16918097981152605
12,logistic_regression,0,0.09037301107076642
12,logistic_regression,0,0.11705722174186457
12,logistic_regression,1,0.2799944865009706
12,logistic_regression,0,0.1583368983728861
12,logistic_regression,0,0.3506833697261549
12,logistic_regression,0,0.043174499457168315
12,logistic_regression,0,0.0017919457543057583
12,logistic_regression,0,0.005967288707973916
12,logistic_regression,0,0.06488179423536758
12,logistic_regression,0,0.012069178851676335
12,logistic_regression,0,0.019021811368169786
12,logistic_regression,0,0.0019395967447273252
12,logistic_regression,0,0.0019960644250407254
12,logistic_regression,0,0.0022449444332389165
12,logistic_regression,0,0.03400007605177122
12,logistic_regression,0,0.0036515100152929468
12,logistic_regression,0,0.009097011254855058
12,logistic_regression,0,0.001984883363418058
12,logistic_regression,0,0.02201687336628539
12,logistic_regression,0,0.0139336975034003
12,logistic_regression,0,0.001868512201832216
12,logistic_regression,0,0.0013254651222088978
12,logistic_regression,0,0.00239773445082835
12,logistic_regression,0,0.00018701230199751602
12,logistic_regression,0,0.004482912736702091
12,logistic_regression,0,0.025427056728869985
12,logistic_regression,0,0.12477318106857163
12,logistic_regression,0,0.11529219307347566
12,logistic_regression,1,0.17993330457005163
12,logistic_regression,0,0.08211495440849118
12,logistic_regression,0,0.11189672371709405
12,logistic_regression,0,0.09302227129023302
12,logistic_regression,0,0.28121952009132023
12,logistic_regression,1,0.1025417048953676
12,logistic_regression,0,0.20337583555510233
12,logistic_regression,0,0.04592107991171855
12,logistic_regression,0,0.15630160613122912
12,logistic_regression,0,0.08919350086170802
12,logistic_regression,0,0.3498722362564545
12,logistic_regression,0,0.19958455722756785
12,logistic_regression,0,0.08372623154181404
12,logistic_regression,0,0.10879113620594487
12,logistic_regression,0,0.25192610822694594
12,logistic_regression,0,0.21208641863371527
12,logistic_regression,0,0.29759791060798063
12,logistic_regression,0,0.08425870537403456
12,logistic_regression,0,0.17142836427846284
12,logistic_regression,0,0.1052549433076345
12,logistic_regression,0,0.16404149190315
12,logistic_regression,0,0.26064723271499385
12,logistic_regression,0,0.11343827504727454
12,logistic_regression,0,0.09933254180976667
12,logistic_regression,0,0.3221996736538783
12,logistic_regression,0,0.3147670266411918
12,logistic_regression,0,0.2897094543502925
12,logistic_regression,0,0.09494498418624635
12,logistic_regression,0,0.13463440937917978
12,logistic_regression,1,0.09481996003212767
12,logistic_regression,0,0.18798702108160212
12,logistic_regression,0,0.13285137864926472
12,logistic_regression,0,0.21272785082750278
12,logistic_regression,0,0.11217607037480108
12,logistic_regression,1,0.3124094857127604
12,logistic_regression,0,0.13952444719967608
12,logistic_regression,0,0.3114617477537047
12,logistic_regression,0,0.09826017804172436
12,logistic_regression,0,0.18304992912146
12,logistic_regression,0,0.09505197663255063
12,logistic_regression,0,0.2831686924421031
12,logistic_regression,1,0.2552403564343565
12,logistic_regression,0,0.11927706042518096
12,logistic_regression,0,0.10910854310019946
12,logistic_regression,1,0.21923884978671293
12,logistic_regression,0,0.13615959945684378
12,logistic_regression,1,0.20048589676211373
12,logistic_regression,0,0.10994672632487046
12,logistic_regression,0,0.0009497969291056385
12,logistic_regression,0,0.004771185568751978
12,logistic_regression,0,0.005690139647616053
12,logistic_regression,0,0.03324379033050111
12,logistic_regression,0,0.005422475677322756
12,logistic_regression,0,0.009838710204757234
12,logistic_regression,0,0.0008661603017412339
12,logistic_regression,0,0.00242620824559977
12,logistic_regression,0,0.006294115891399217
12,logistic_regression,0,0.0034996644660685297
12,logistic_regression,0,0.001098071380060499
12,logistic_regression,0,0.0009294789722196445
12,logistic_regression,0,0.017091787710790333
12,logistic_regression,0,0.015632741631103588
12,logistic_regression,0,0.002652282373009381
12,logistic_regression,0,0.008540945007807998
12,logistic_regression,0,0.0007588932995955124
12,logistic_regression,0,0.004452697724294561
12,logistic_regression,0,0.011820892502991431
12,logistic_regression,0,0.0011652993751277833
12,logistic_regression,1,0.08573715863659323
12,logistic_regression,0,0.11504904560703348
12,logistic_regression,0,0.2504880625450397
12,logistic_regression,0,0.12137838132708419
12,logistic_regression,0,0.06490516434443021
12,logistic_regression,0,0.23496057143134283
12,logistic_regression,1,0.22191575564285856
12,logistic_regression,0,0.1954583259350504
12,logistic_regression,1,0.6089554857667786
12,logistic_regression,0,0.08006924922036049
12,logistic_regression,0,0.10565290447918457
12,logistic_regression,0,0.1525908514235446
12,logistic_regression,0,0.33783346552473953
12,logistic_regression,0,0.1939878423419502
12,logistic_regression,0,0.08353816314938063
12,logistic_regression,0,0.027106432002808302
12,logistic_regression,0,0.24663277410664738
12,logistic_regression,1,0.21742107391822893
12,logistic_regression,0,0.1405332873319968
12,logistic_regression,0,0.07161799869553463
12,logistic_regression,0,0.11898615058133333
12,logistic_regression,0,0.1912267246041031
12,logistic_regression,1,0.28742226278201444
12,logistic_regression,0,0.23637348676002778
12,logistic_regression,0,0.06359163202254293
12,logistic_regression,0,0.12271895017129986
12,logistic_regression,0,0.323112577493515
12,logistic_regression,0,0.12124332567078726
12,logistic_regression,0,0.2064897378164832
12,logistic_regression,0,0.08340487855308551
12,logistic_regression,0,0.12867567696436383
12,logistic_regression,0,0.13404969037361264
12,logistic_regression,0,0.2885113353541917
12,logistic_regression,0,0.19992364396934265
12,logistic_regression,0,0.08880633955146933
12,logistic_regression,0,0.11276502553336262
12,logistic_regression,0,0.3602842137451232
12,logistic_regression,1,0.06414174356226233
12,logistic_regression,0,0.22720558503585936
12,logistic_regression,1,0.1481778822154941
12,logistic_regression,0,0.16353627535330845
12,logistic_regression,0,0.1732083361655343
12,logistic_regression,1,0.12260317726532119
12,logistic_regression,0,0.17129034331928175
12,logistic_regression,1,0.09943915180197514
12,logistic_regression,0,0.14846444811789014
12,logistic_regression,0,0.23114134099012865
12,logistic_regression,0,0.18009206609007444
12,logistic_regression,0,0.24454922559097733
12,logistic_regression,0,0.0545586846524224
12,logistic_regression,0,0.003077669187947605
12,logistic_regression,0,0.0028483914911604626
12,logistic_regression,0,0.007633824947179816
12,logistic_regression,0,0.0062027442867246055
12,logistic_regression,0,0.02102248069870547
12,logistic_regression,0,0.006333172284196163
12,logistic_regression,0,0.002187450102640668
12,logistic_regression,0,0.00024731750937455734
12,logistic_regression,0,0.020679247232634125
12,logistic_regression,0,0.00606074511099481
12,logistic_regression,0,0.002880529218889558
12,logistic_regression,0,0.005442023903307667
12,logistic_regression,0,0.012843449304672835
12,logistic_regression,0,0.01521568599214576
12,logistic_regression,0,0.0010276734360763961
12,logistic_regression,0,0.02483825470075833
12,logistic_regression,0,0.006065469830672807
12,logistic_regression,0,0.00010145625675952603
12,logistic_regression,0,0.009648323514126913
12,logistic_regression,0,0.016978004581603853
12,logistic_regression,0,0.17496560801283784
12,logistic_regression,0,0.07023607856983204
12,logistic_regression,0,0.243551985850099
12,logistic_regression,0,0.08976277867913497
12,logistic_regression,0,0.12737036960808623
12,logistic_regression,0,0.061012387390562216
12,logistic_regression,1,0.24169371685758073
12,logistic_regression,0,0.11392679699496795
12,logistic_regression,1,0.23983579838902386
12,logistic_regression,0,0.0862787525697808
12,logistic_regression,0,0.1896460305701197
12,logistic_regression,0,0.1622096472731185
12,logistic_regression,1,0.1674896911779713
12,logistic_regression,1,0.23213424972598262
12,logistic_regression,0,0.13124507044473308
12,logistic_regression,0,0.15254298462465588
12,logistic_regression,0,0.37450950950383827
12,logistic_regression,0,0.06966691222754336
12,logistic_regression,0,0.23457930824821904
12,logistic_regression,0,0.04229088913281445
12,logistic_regression,0,0.4936936802285872
12,logistic_regression,0,0.0681604888308393
12,logistic_regression,0,0.21304112867400074
12,logistic_regression,0,0.27644459149859424
12,logistic_regression,0,0.13609570927455103
12,logistic_regression,0,0.1142254662145389
12,logistic_regression,1,0.27818644458900044
12,logistic_regression,0,0.09977395258029577
12,logistic_regression,0,0.10286606206340798
12,logistic_regression,0,0.041569923242423236
12,logistic_regression,0,0.14190445736467774
12,logistic_regression,0,0.11968822461282896
12,logistic_regression,0,0.32140409134274533
12,logistic_regression,0,0.17970253827101565
12,logistic_regression,0,0.10402921411884349
12,logistic_regression,0,0.064637440399113
12,logistic_regression,0,0.31457954202740335
12,logistic_regression,0,0.07171956930477393
12,logistic_regression,0,0.21830964736509195
12,logistic_regression,0,0.0710071816844532
12,logistic_regression,0,0.1941532725747726
12,logistic_regression,0,0.13536517762071426
12,logistic_regression,1,0.3301378092876543
12,logistic_regression,0,0.23025512952922458
12,logistic_regression,0,0.07390846017992868
12,logistic_regression,0,0.2532013983381785
12,logistic_regression,1,0.32952833620174704
12,logistic_regression,0,0.125157771545464
12,logistic_regression,0,0.25302124374693696
12,logistic_regression,0,0.0660420106916808
12,logistic_regression,0,0.0018903753821660969
12,logistic_regression,0,0.00865941364429356
12,logistic_regression,0,0.01689324887437079
12,logistic_regression,0,0.0419773006136995
12,logistic_regression,0,0.003550926579116098
12,logistic_regression,0,0.0018640043264963868
12,logistic_regression,0,0.005837628757815264
12,logistic_regression,0,0.000925856088756146
12,logistic_regression,0,0.11353951425985447
12,logistic_regression,0,0.006316924004968254
12,logistic_regression,0,0.0015142071651512788
12,logistic_regression,0,0.01009070939959221
12,logistic_regression,0,0.011093821423371545
12,logistic_regression,0,0.01501066134987944
12,logistic_regression,0,0.009537403573901527
12,logistic_regression,0,0.0024587819640814242
12,logistic_regression,0,0.0007090270002137378
12,logistic_regression,0,0.0002652221234873236
12,logistic_regression,0,0.020206123819701622
12,logistic_regression,0,0.009870134249176581
12,logistic_regression,0,0.07838153426103009
12,logistic_regression,0,0.11631053643042906
12,logistic_regression,1,0.22107878975354758
12,logistic_regression,0,0.13944367097322635
12,logistic_regression,0,0.05344217799599244
12,logistic_regression,0,0.13522138570408743
12,logistic_regression,0,0.1596986308185
12,logistic_regression,0,0.09285384229234396
12,logistic_regression,0,0.1942654982373777
12,logistic_regression,0,0.021145272198399637
12,logistic_regression,0,0.15170993192314008
12,logistic_regression,0,0.1192591760810594
12,logistic_regression,0,0.1956388801135639
12,logistic_regression,0,0.22673209760114363
12,logistic_regression,0,0.09258652611163722
12,logistic_regression,0,0.4718281183428439
12,logistic_regression,0,0.30946735326623853
12,logistic_regression,0,0.11399783119947958
12,logistic_regression,1,0.30424260153390925
12,logistic_regression,0,0.0531757183654592
12,logistic_regression,0,0.17016534570056804
12,logistic_regression,1,0.1364524126457861
12,logistic_regression,0,0.2183861533071426
12,logistic_regression,0,0.18786672943352423
12,logistic_regression,0,0.12667048455738203
12,logistic_regression,0,0.047824068717281565
12,logistic_regression,1,0.33453972038967106
12,logistic_regression,0,0.1639960611159485
12,logistic_regression,0,0.15682917156164206
12,logistic_regression,0,0.08075864195487878
12,logistic_regression,1,0.23075402885416696
12,logistic_regression,1,0.15365734571461778
12,logistic_regression,0,0.28683115300281853
12,logistic_regression,1,0.2027173208143044
12,logistic_regression,0,0.12665943078729924
12,logistic_regression,0,0.07846858981323714
12,logistic_regression,0,0.37702294319900664
12,logistic_regression,0,0.19329770720948164
12,logistic_regression,0,0.2887801894597018
12,logistic_regression,1,0.07412374417900486
12,logistic_regression,0,0.22600152354003272
12,logistic_regression,0,0.32189449328888425
12,logistic_regression,0,0.27671352954335793
12,logistic_regression,0,0.17723424121320094
12,logistic_regression,0,0.13264940971105935
12,logistic_regression,0,0.09138954237198132
12,logistic_regression,1,0.3091612873960334
12,logistic_regression,0,0.14887023274193345
12,logistic_regression,0,0.3237209488126019
12,logistic_regression,0,0.10577096030058462
12,logistic_regression,0,0.0022719808378535563
12,logistic_regression,0,0.0057801836251874525
12,logistic_regression,0,0.012211140092712134
12,logistic_regression,0,0.03322989830591521
12,logistic_regression,0,0.006457681382409377
12,logistic_regression,0,0.0018142033006746355
12,logistic_regression,0,0.011895422420566001
12,logistic_regression,0,0.0010875550332741376
12,logistic_regression,0,0.06496927037868823
12,logistic_regression,0,0.0015714084216782497
12,logistic_regression,0,0.0017745128078047582
12,logistic_regression,0,0.004393885264781094
12,logistic_regression,0,0.006432720580272556
12,logistic_regression,0,0.003683419334254814
12,logistic_regression,0,0.009817826127275362
12,logistic_regression,0,0.007983659379532682
12,logistic_regression,0,0.0007641660682077748
12,logistic_regression,0,0.0004251541004981818
12,logistic_regression,0,0.06364325033503887
12,logistic_regression,0,0.03961053560486785
12,logistic_regression,0,0.19330745987432263
12,logistic_regression,0,0.16636628655254124
12,logistic_regression,0,0.25928647948829703
12,logistic_regression,1,0.12422536978588239
12,logistic_regression,0,0.1191224948697184
12,logistic_regression,0,0.10434851145083829
12,logistic_regression,0,0.24316581551635855
12,logistic_regression,0,0.10037019094241414
12,logistic_regression,0,0.2101260615805552
12,logistic_regression,0,0.05944926450222669
12,logistic_regression,0,0.5107702877633328
12,logistic_regression,0,0.22939885521853753
12,logistic_regression,0,0.23384791617618159
12,logistic_regression,0,0.19507126944641967
12,logistic_regression,1,0.10716169339568966
12,logistic_regression,0,0.1401905392946455
12,logistic_regression,1,0.32555779396742934
12,logistic_regression,0,0.47260260624654354
12,logistic_regression,0,0.4883158910990195
12,logistic_regression,0,0.13630576552187637
12,logistic_regression,0,0.13379633092937662
12,logistic_regression,0,0.14656488249444116
12,logistic_regression,0,0.22623560383019817
12,logistic_regression,0,0.20380076378397388
12,logistic_regression,0,0.10977213165807585
12,logistic_regression,0,0.0796210384703773
12,logistic_regression,0,0.17406763879716985
12,logistic_regression,0,0.06298160070860861
12,logistic_regression,1,0.30261197347317614
12,logistic_regression,0,0.05323209074248285
12,logistic_regression,0,0.3578404912624741
12,logistic_regression,0,0.08454763431057236
12,logistic_regression,0,0.29780316764353487
12,logistic_regression,1,0.16762592940015159
12,logistic_regression,0,0.10701341856112564
12,logistic_regression,0,0.28633401979834683
12,logistic_regression,1,0.2955338260261521
12,logistic_regression,0,0.11180836170976684
12,logistic_regression,1,0.33095629333809096
12,logistic_regression,0,0.12359975059122164
12,logistic_regression,1,0.09786321015020374
12,logistic_regression,0,0.13136811086875871
12,logistic_regression,0,0.296547206677242
12,logistic_regression,0,0.2534198998589395
12,logistic_regression,0,0.07404164153086565
12,logistic_regression,0,0.0616988248731898
12,logistic_regression,0,0.3079972656797818
12,logistic_regression,1,0.14951804023422532
12,logistic_regression,1,0.35287148912305
12,logistic_regression,0,0.07609228272580361
12,logistic_regression,0,0.0017219952689417966
12,logistic_regression,0,0.003956967232095636
12,logistic_regression,0,0.03200420213195205
12,logistic_regression,0,0.20537065485529302
12,logistic_regression,0,0.0011859047506939983
12,logistic_regression,0,0.0006548442475631856
12,logistic_regression,0,0.003883849196400796
12,logistic_regression,0,0.00019295266478281384
12,logistic_regression,0,0.028328821160801276
12,logistic_regression,0,0.018867344972206195
12,logistic_regression,0,0.0006929001893290089
12,logistic_regression,0,0.0028291624350983546
12,logistic_regression,0,0.01416358576424923
12,logistic_regression,0,0.031419112762418135
12,logistic_regression,0,0.0020354606083819535
12,logistic_regression,0,0.0026519142236274547
12,logistic_regression,0,0.0018247003038811133
12,logistic_regression,0,0.001005923948878143
12,logistic_regression,0,0.06116202467717292
12,logistic_regression,0,0.006423786003409607
12,logistic_regression,0,0.10507513772874795
12,logistic_regression,0,0.12587121690975223
12,logistic_regression,0,0.2771358791605118
12,logistic_regression,0,0.04583139398519061
12,logistic_regression,0,0.09907309882353861
12,logistic_regression,0,0.032790904843744334
12,logistic_regression,0,0.20862158651036003
12,logistic_regression,0,0.10128870097078219
12,logistic_regression,0,0.147545370765776
12,logistic_regression,0,0.10718601680997511
12,logistic_regression,0,0.164371900881443
12,logistic_regression,0,0.1295952871399941
12,logistic_regression,0,0.1851449445203483
12,logistic_regression,0,0.22760909219716696
12,logistic_regression,0,0.1413287697020467
12,logistic_regression,0,0.04612109375903918
12,logistic_regression,0,0.17820790321342783
12,logistic_regression,0,0.10973313651039622
12,logistic_regression,0,0.3354079724126649
12,logistic_regression,0,0.06217697596880386
12,logistic_regression,0,0.1388486374738729
12,logistic_regression,0,0.07585612555666793
12,logistic_regression,0,0.3042902429282562
12,logistic_regression,0,0.27249870471043175
12,logistic_regression,0,0.1512890251067763
12,logistic_regression,0,0.050926037759992035
12,logistic_regression,0,0.36309341124656674
12,logistic_regression,1,0.38208287003777996
12,logistic_regression,1,0.41225790662626755
12,logistic_regression,1,0.11297801019583718
12,logistic_regression,0,0.20193165284469639
12,logistic_regression,0,0.08073248424473009
12,logistic_regression,1,0.2451519122012022
12,logistic_regression,0,0.2898371237847321
12,logistic_regression,0,0.11140918731001993
12,logistic_regression,0,0.10246928686604559
12,logistic_regression,0,0.3084120956487678
12,logistic_regression,1,0.14240126828921518
12,logistic_regression,1,0.3925655994810556
12,logistic_regression,0,0.08497909564383727
12,logistic_regression,0,0.1372336112232953
12,logistic_regression,0,0.1258739999755673
12,logistic_regression,0,0.39163190090609357
12,logistic_regression,0,0.20947522334092497
12,logistic_regression,0,0.12383397090360693
12,logistic_regression,0,0.07950505173065077
12,logistic_regression,1,0.3325212205891562
12,logistic_regression,0,0.12168684525278761
12,logistic_regression,0,0.33288967862709606
12,logistic_regression,0,0.05572117085106855
12,logistic_regression,0,0.012040269912149957
12,logistic_regression,0,0.0025365676568854336
12,logistic_regression,0,0.00566660080516768
12,logistic_regression,0,0.031269687978201274
12,logistic_regression,0,0.021165244780954894
12,logistic_regression,0,0.004368182706108604
12,logistic_regression,0,0.000695101071473009
12,logistic_regression,0,0.0008576976978032461
12,logistic_regression,0,0.003513710913144004
12,logistic_regression,0,0.007403928555469286
12,logistic_regression,0,0.0012874902012014677
12,logistic_regression,0,0.006080238305556791
12,logistic_regression,0,0.015239897842062223
12,logistic_regression,0,0.004443304709716948
12,logistic_regression,0,0.0009687130204506677
12,logistic_regression,0,0.01650052309465363
12,logistic_regression,0,0.0015708310204505592
12,logistic_regression,0,0.0013289568734482706
12,logistic_regression,0,0.008340093627963808
12,logistic_regression,0,0.007293031467877138
12,logistic_regression,0,0.1522540565524378
12,logistic_regression,0,0.1283367357856788
12,logistic_regression,0,0.2662924011114779
12,logistic_regression,1,0.19102823925364326
12,logistic_regression,0,0.13677204141169802
12,logistic_regression,0,0.07921688556469672
12,logistic_regression,0,0.08664574219807299
12,logistic_regression,0,0.14809117360984012
12,logistic_regression,1,0.3139469450525227
12,logistic_regression,0,0.08184353190187012
12,logistic_regression,0,0.1980697770710718
12,logistic_regression,0,0.12497795664534012
12,logistic_regression,1,0.36329217246711293
12,logistic_regression,0,0.14088750923686305
12,logistic_regression,1,0.3681129556482773
12,logistic_regression,0,0.08889504571091858
12,logistic_regression,0,0.15375113698688672
12,logistic_regression,0,0.17362683688314876
12,logistic_regression,0,0.2507436455250682
12,logistic_regression,0,0.0623114365017337
12,logistic_regression,0,0.15270544782074139
12,logistic_regression,0,0.18356555718792372
12,logistic_regression,0,0.19939217091453412
12,logistic_regression,1,0.21766512928310716
12,logistic_regression,0,0.11452373505435565
12,logistic_regression,0,0.05310170238810776
12,logistic_regression,0,0.2404165132553264
12,logistic_regression,1,0.20960882624302316
12,logistic_regression,0,0.3805813715479643
12,logistic_regression,0,0.07687313236036313
12,logistic_regression,0,0.18340064548701
12,logistic_regression,0,0.12632315265312158
12,logistic_regression,1,0.3396544203750883
12,logistic_regression,0,0.31365040322428417
12,logistic_regression,0,0.18839988293772292
12,logistic_regression,1,0.23026160284974218
12,logistic_regression,0,0.15955257917552837
12,logistic_regression,0,0.18541610871649247
12,logistic_regression,0,0.22072137470950806
12,logistic_regression,0,0.11567299879444067
12,logistic_regression,1,0.13649490909518358
12,logistic_regression,0,0.15187732379000032
12,logistic_regression,1,0.4594412879939442
12,logistic_regression,0,0.2307845679720776
12,logistic_regression,0,0.15453381587330806
12,logistic_regression,1,0.08347750978637176
12,logistic_regression,1,0.24612545924026322
12,logistic_regression,0,0.20091962608209715
12,logistic_regression,0,0.4368594608773285
12,logistic_regression,0,0.09339867535288895
12,logistic_regression,0,0.0028087173955070955
12,logistic_regression,0,0.0009137889086892069
12,logistic_regression,0,0.007588314700950387
12,logistic_regression,0,0.11571129603691972
12,logistic_regression,0,0.003879141466203993
12,logistic_regression,0,0.0009001732283347112
12,logistic_regression,0,0.0033761099236707427
12,logistic_regression,0,0.0005638642031938824
12,logistic_regression,0,0.06819010427058034
12,logistic_regression,0,0.0018206065048286097
12,logistic_regression,0,0.0006345536470879387
12,logistic_regression,0,0.0023912534991293575
12,logistic_regression,0,0.011349714740217795
12,logistic_regression,0,0.0029847065338383847
12,logistic_regression,0,0.003951722965575148
12,logistic_regression,0,0.0008346746745750332
12,logistic_regression,0,0.00226630314740209
12,logistic_regression,0,0.0003911439606866703
12,logistic_regression,0,0.03667329808315205
12,logistic_regression,0,0.001525985363521002
12,logistic_regression,0,0.13359479935023352
12,logistic_regression,0,0.12930400383905374
12,logistic_regression,0,0.3680545171813134
12,logistic_regression,0,0.20407599097189288
12,logistic_regression,0,0.10750803791711895
12,logistic_regression,0,0.05188628784101239
12,logistic_regression,1,0.24300180626507079
12,logistic_regression,0,0.044911050834722986
12,logistic_regression,1,0.3559715688065268
12,logistic_regression,0,0.049590934364768226
12,logistic_regression,0,0.13537959653416787
12,logistic_regression,0,0.17699192146574771
12,logistic_regression,0,0.39732075040400777
12,logistic_regression,0,0.1654729161422678
12,logistic_regression,0,0.1373125369619935
12,logistic_regression,0,0.07917816315008079
12,logistic_regression,0,0.2719598160036279
12,logistic_regression,1,0.18064957678751548
12,logistic_regression,0,0.1877184490497958
12,logistic_regression,0,0.07682196205194744
12,logistic_regression,0,0.09417515358560394
12,logistic_regression,0,0.12639467823688072
12,logistic_regression,1,0.3154244934777925
12,logistic_regression,1,0.1027821569963553
12,logistic_regression,1,0.19756089127367876
12,logistic_regression,0,0.04430284845887578
12,logistic_regression,0,0.2871397084911263
12,logistic_regression,0,0.146942752797423
12,logistic_regression,0,0.3338933576796953
12,logistic_regression,0,0.08170741633013555
12,logistic_regression,0,0.10604536945459392
12,logistic_regression,0,0.141645880223392
12,logistic_regression,0,0.28229513122818184
12,logistic_regression,0,0.12921594910272144
12,logistic_regression,0,0.1057295510939844
12,logistic_regression,0,0.07614023914649685
12,logistic_regression,0,0.3770428988075868
12,logistic_regression,0,0.23177046395715367
12,logistic_regression,0,0.18024362960367804
12,logistic_regression,0,0.08310323680800454
12,logistic_regression,0,0.16522289366164508
12,logistic_regression,1,0.21653314254453515
12,logistic_regression,0,0.14176330901736256
12,logistic_regression,0,0.22364830401844185
12,logistic_regression,0,0.13409334724856778
12,logistic_regression,0,0.12470593533928291
12,logistic_regression,1,0.3175969601464644
12,logistic_regression,0,0.14359279922809265
12,logistic_regression,1,0.2726977562009397
12,logistic_regression,0,0.029718423214234745
12,logistic_regression,0,0.021852210580776767
12,logistic_regression,0,0.0029558160938920916
12,logistic_regression,0,0.006753674133850684
12,logistic_regression,0,0.053761493439212577
12,logistic_regression,0,0.0039002425867699707
12,logistic_regression,0,0.010697946507509833
12,logistic_regression,0,0.010468186410347448
12,logistic_regression,0,0.000484923749232999
12,logistic_regression,0,0.0016988676555738597
12,logistic_regression,0,0.007483107604263652
12,logistic_regression,0,0.0010212513654350697
12,logistic_regression,0,0.001305031274700421
12,logistic_regression,0,0.003079926990819917
12,logistic_regression,0,0.015997045706768454
12,logistic_regression,0,0.0045407213583604205
12,logistic_regression,0,0.0006780059710322447
12,logistic_regression,0,0.00038567557538867603
12,logistic_regression,0,0.0016417985212864286
12,logistic_regression,0,0.006959371527164062
12,logistic_regression,0,0.011033845424070534
12,logistic_regression,0,0.18339445981096297
12,logistic_regression,0,0.1282918148260567
12,logistic_regression,0,0.040320086846849436
12,logistic_regression,0,0.2199771655927391
12,logistic_regression,0,0.10862207142743258
12,logistic_regression,0,0.06643669251803638
12,logistic_regression,0,0.26140683346085114
12,logistic_regression,0,0.14326875207263406
12,logistic_regression,1,0.1365207022050738
12,logistic_regression,0,0.05962868124900043
12,logistic_regression,0,0.23389432271746627
12,logistic_regression,0,0.1744649701199225
12,logistic_regression,0,0.0982074219354955
12,logistic_regression,0,0.29653289033867525
12,logistic_regression,0,0.14098619570900683
12,logistic_regression,1,0.09440659124782314
12,logistic_regression,0,0.2704663382559283
12,logistic_regression,0,0.28011159360094606
12,logistic_regression,1,0.25447371387866974
12,logistic_regression,0,0.1058789226526845
12,logistic_regression,0,0.2025270818680665
12,logistic_regression,0,0.1695237667713508
12,logistic_regression,0,0.3277985450099417
12,logistic_regression,0,0.24758614593691045
12,logistic_regression,0,0.1415699020148031
12,logistic_regression,1,0.08921722915802269
12,logistic_regression,0,0.25097769994420877
12,logistic_regression,0,0.11289715763900286
12,logistic_regression,0,0.28852011046664033
12,logistic_regression,0,0.10028861116876706
12,logistic_regression,0,0.18068234248655377
12,logistic_regression,0,0.19360681417732178
12,logistic_regression,0,0.2312064304882106
12,logistic_regression,0,0.2612594586534259
12,logistic_regression,0,0.18746643745520464
12,logistic_regression,1,0.10101671683886368
12,logistic_regression,0,0.24052996083566092
12,logistic_regression,0,0.11459566670460121
12,logistic_regression,0,0.32917509422220076
12,logistic_regression,0,0.12145244099905485
12,logistic_regression,0,0.20032107501206733
12,logistic_regression,0,0.13791310372413737
12,logistic_regression,1,0.27722296485727194
12,logistic_regression,0,0.28154302270571674
12,logistic_regression,0,0.14739415082135326
12,logistic_regression,1,0.03832157217336994
12,logistic_regression,1,0.1478546630130006
12,logistic_regression,0,0.11795552174095635
12,logistic_regression,0,0.23495392617391275
12,logistic_regression,0,0.08204341607944406
12,logistic_regression,0,0.0027888235546517765
12,logistic_regression,0,0.002597606747479465
12,logistic_regression,0,0.16871343718962173
12,logistic_regression,0,0.004519855533366982
12,logistic_regression,0,0.003314481441685982
12,logistic_regression,0,0.004812341689114655
12,logistic_regression,0,0.0028166786884764295
12,logistic_regression,0,0.0012041322559520281
12,logistic_regression,0,0.02664579131186843
12,logistic_regression,0,0.002506941184145675
12,logistic_regression,0,0.0018692068257803304
12,logistic_regression,0,0.015934301288644502
12,logistic_regression,0,0.021033777481180578
12,logistic_regression,0,0.028448781442101202
12,logistic_regression,0,0.0029775488982043694
12,logistic_regression,0,0.004385917133333249
12,logistic_regression,0,0.006544791246712152
12,logistic_regression,0,0.0060588390245345045
12,logistic_regression,0,0.007133910750077304
12,logistic_regression,0,0.0034008469838169805
12,logistic_regression,0,0.16053800373969918
12,logistic_regression,0,0.07634962883693336
12,logistic_regression,0,0.22957987770436383
12,logistic_regression,0,0.19996252917097165
12,logistic_regression,0,0.08934958964083388
12,logistic_regression,0,0.08685729955202744
12,logistic_regression,1,0.2344109918682912
12,logistic_regression,0,0.07539685050279821
12,logistic_regression,0,0.20157626762357292
12,logistic_regression,0,0.06643721926421767
12,logistic_regression,0,0.2371576960900043
12,logistic_regression,0,0.14604274597230077
12,logistic_regression,0,0.2604611530594143
12,logistic_regression,0,0.18775429955338827
12,logistic_regression,0,0.14075411495921136
12,logistic_regression,0,0.08459177025718793
12,logistic_regression,1,0.20875494077269416
12,logistic_regression,1,0.2213310572491468
12,logistic_regression,0,0.31137397459034716
12,logistic_regression,0,0.06700384705327696
12,logistic_regression,0,0.14958286306022645
12,logistic_regression,0,0.1568449702498983
12,logistic_regression,1,0.5941742987510042
12,logistic_regression,0,0.2381796450653616
12,logistic_regression,1,0.07146782218340364
12,logistic_regression,0,0.09715825974824993
12,logistic_regression,0,0.24828149323362378
12,logistic_regression,1,0.1862031800100462
12,logistic_regression,0,0.35848050642309404
12,logistic_regression,0,0.06039578317024788
12,logistic_regression,0,0.204190808453956
12,logistic_regression,0,0.13277497472597596
12,logistic_regression,1,0.3569125028064357
12,logistic_regression,0,0.2364457257564127
12,logistic_regression,0,0.08786023658620852
12,logistic_regression,0,0.11235823404578062
12,logistic_regression,0,0.18119125978845257
12,logistic_regression,0,0.19348027327884795
12,logistic_regression,0,0.2381611659995017
12,logistic_regression,0,0.047159879791410016
12,logistic_regression,1,0.12136495334458698
12,logistic_regression,1,0.08809072592893885
12,logistic_regression,0,0.35787282130954445
12,logistic_regression,0,0.2358922847525673
12,logistic_regression,0,0.15433976423452297
12,logistic_regression,0,0.1063835433211006
12,logistic_regression,0,0.25374698488524655
12,logistic_regression,0,0.11771835343381964
12,logistic_regression,0,0.22227808960419665
12,logistic_regression,0,0.06268192435815215
12,logistic_regression,0,0.0007938082334545159
12,logistic_regression,0,0.007198850328121144
12,logistic_regression,0,0.0275382744470829
12,logistic_regression,0,0.0014772436756420354
12,logistic_regression,0,0.0035641720946753812
12,logistic_regression,0,0.0023796640269021
12,logistic_regression,0,0.0029722249835838405
12,logistic_regression,0,0.00029993487898549736
12,logistic_regression,0,0.00491779819134499
12,logistic_regression,0,0.0045750350197093954
12,logistic_regression,0,0.002522384132565624
12,logistic_regression,0,0.004543040800062385
12,logistic_regression,0,0.021651248261181706
12,logistic_regression,0,0.049705562242646335
12,logistic_regression,0,0.0016058952209559866
12,logistic_regression,0,0.004970044083665289
12,logistic_regression,0,0.0015677958336522862
12,logistic_regression,0,0.0014897663739468856
12,logistic_regression,0,0.1784771293704548
12,logistic_regression,0,0.009216719958620573
12,logistic_regression,0,0.09014294498077417
12,logistic_regression,0,0.11375635406616487
12,logistic_regression,0,0.15743488289820282
12,logistic_regression,0,0.26074711664183925
12,logistic_regression,0,0.0851556011108586
12,logistic_regression,0,0.08946394344367593
12,logistic_regression,0,0.22538869528920968
12,logistic_regression,0,0.10132149129820638
12,logistic_regression,1,0.1839876632587548
12,logistic_regression,0,0.08100400887085413
12,logistic_regression,0,0.19590512330296933
12,logistic_regression,0,0.1205358656897236
12,logistic_regression,1,0.5907849965311973
12,logistic_regression,0,0.19073298339039702
12,logistic_regression,0,0.1353837431598571
12,logistic_regression,0,0.11454582032363624
12,logistic_regression,0,0.2461485227282899
12,logistic_regression,0,0.11851713821277615
12,logistic_regression,0,0.24178608185720882
12,logistic_regression,0,0.08642210788829116
12,logistic_regression,0,0.16645755220078245
12,logistic_regression,0,0.11840798051942482
12,logistic_regression,0,0.14180964411585167
12,logistic_regression,1,0.22110391408906652
12,logistic_regression,0,0.15134886270648443
12,logistic_regression,0,0.12226409210413858
12,logistic_regression,0,0.32511287737069006
12,logistic_regression,0,0.15471513718809263
12,logistic_regression,1,0.2812378724614183
12,logistic_regression,0,0.0814545333199622
12,logistic_regression,0,0.1297279064323758
12,logistic_regression,1,0.08053806124368817
12,logistic_regression,0,0.23325124710270403
12,logistic_regression,0,0.25192011918927454
12,logistic_regression,0,0.12344701638575332
12,logistic_regression,0,0.08920489160101915
12,logistic_regression,0,0.28180976725074325
12,logistic_regression,0,0.19198546727690124
12,logistic_regression,0,0.19644237908692905
12,logistic_regression,0,0.08653916753206305
12,logistic_regression,0,0.1270644575211739
12,logistic_regression,0,0.13696270918804715
12,logistic_regression,0,0.2751226838242495
12,logistic_regression,0,0.24902392354554306
12,logistic_regression,0,0.1631345701895715
12,logistic_regression,0,0.05518660580227995
12,logistic_regression,0,0.20058574239589091
12,logistic_regression,0,0.0659426309096181
12,logistic_regression,0,0.25884603600110595
12,logistic_regression,0,0.09444811353254373
12,logistic_regression,0,0.003480022203541709
12,logistic_regression,0,0.027295689278597223
12,logistic_regression,0,0.030859909384372105
12,logistic_regression,0,0.006738111466757128
12,logistic_regression,0,0.0003440304596790761
12,logistic_regression,0,0.0029447643146761405
12,logistic_regression,0,0.0016056674539069093
12,logistic_regression,0,0.0018225609975099394
12,logistic_regression,0,0.009617129126598765
12,logistic_regression,0,0.002473148880257169
12,logistic_regression,0,0.004314415480560632
12,logistic_regression,0,0.0006429545803949063
12,logistic_regression,0,0.014102969592668206
12,logistic_regression,0,0.009558782174276434
12,logistic_regression,0,0.0024369447215382613
12,logistic_regression,0,0.002343942291055849
12,logistic_regression,0,0.000993640718274276
12,logistic_regression,0,0.00022847094655951012
12,logistic_regression,0,0.19316798275322278
12,logistic_regression,0,0.0026540692263479805
12,logistic_regression,0,0.14348348746331369
12,logistic_regression,1,0.052605821246742734
12,logistic_regression,0,0.3014040449573778
12,logistic_regression,0,0.19868220834065697
12,logistic_regression,0,0.12639428732917707
12,logistic_regression,0,0.07654599241140395
12,logistic_regression,0,0.32724347573877655
12,logistic_regression,0,0.11928172750261597
12,logistic_regression,0,0.18306307596625981
12,logistic_regression,0,0.07815581722531738
12,logistic_regression,0,0.17453160322149822
12,logistic_regression,0,0.10677832432917413
12,logistic_regression,1,0.4021443727690911
12,logistic_regression,0,0.13493294730369584
12,logistic_regression,0,0.06093806423352671
12,logistic_regression,1,0.09420801106867557
12,logistic_regression,1,0.22160827406942826
12,logistic_regression,1,0.18137544800767738
12,logistic_regression,1,0.324612623082554
12,logistic_regression,0,0.12220218750330895
12,logistic_regression,0,0.13149403857393
12,logistic_regression,0,0.15375286493782817
12,logistic_regression,1,0.184648588105215
12,logistic_regression,0,0.16882077973977086
12,logistic_regression,0,0.11183847306913762
12,logistic_regression,0,0.09218849621135664
12,logistic_regression,1,0.1952810120056467
12,logistic_regression,0,0.1891539238809712
12,logistic_regression,1,0.2990339249159359
12,logistic_regression,0,0.09184861451284455
12,logistic_regression,0,0.1320306758417907
12,logistic_regression,0,0.14112486242344316
12,logistic_regression,1,0.31509806954579384
12,logistic_regression,0,0.2616583824749427
12,logistic_regression,0,0.15250920284584002
12,logistic_regression,0,0.09315187068258488
12,logistic_regression,0,0.2346133325378436
12,logistic_regression,0,0.34662261539723366
12,logistic_regression,0,0.2871738680110136
12,logistic_regression,0,0.17806349703882834
12,logistic_regression,0,0.12272580972161783
12,logistic_regression,0,0.1305291171693432
12,logistic_regression,0,0.16707354292136484
12,logistic_regression,0,0.28016261281716914
12,logistic_regression,0,0.07228394439763806
12,logistic_regression,0,0.13677576930637272
12,logistic_regression,0,0.3223466206050704
12,logistic_regression,0,0.06929380092650213
12,logistic_regression,0,0.34631055005003636
12,logistic_regression,0,0.044469031729724454
12,logistic_regression,0,0.0039658797563772805
12,logistic_regression,0,0.0009576772878869213
12,logistic_regression,0,0.007654216660787353
12,logistic_regression,0,0.01149929817136777
12,logistic_regression,0,0.01958090220411533
12,logistic_regression,0,0.0013493938667222837
12,logistic_regression,0,0.0026205560737191345
12,logistic_regression,0,0.005972704665961419
12,logistic_regression,0,0.0026765878056394282
12,logistic_regression,0,0.0024053876752941706
12,logistic_regression,0,0.0018455303373737164
12,logistic_regression,0,0.020522509115101836
12,logistic_regression,0,0.0035526807958269468
12,logistic_regression,0,0.021278042863381218
12,logistic_regression,0,0.0028681609108220474
12,logistic_regression,0,0.008065502929070337
12,logistic_regression,0,0.0011874221947000844
12,logistic_regression,0,0.0020811261692771396
12,logistic_regression,0,0.025408700254418496
12,logistic_regression,0,0.026991481025089113
12,logistic_regression,0,0.08324803648704134
12,logistic_regression,0,0.10894252739293704
12,logistic_regression,0,0.2524424975323209
12,logistic_regression,0,0.2997363784917641
12,logistic_regression,0,0.08540341174675357
12,logistic_regression,0,0.12441203580759112
12,logistic_regression,0,0.23400079805468763
12,logistic_regression,0,0.15368781882602298
12,logistic_regression,0,0.2156044247362835
12,logistic_regression,0,0.04528110534630896
12,logistic_regression,1,0.41612519173747214
12,logistic_regression,0,0.05381262569367661
12,logistic_regression,0,0.180569086562494
12,logistic_regression,0,0.27105211310570765
12,logistic_regression,0,0.1522062418723098
12,logistic_regression,0,0.11108139492441674
12,logistic_regression,1,0.23692912395202562
12,logistic_regression,1,0.18132254599211292
12,logistic_regression,0,0.23950429065926954
12,logistic_regression,0,0.36791413631527775
12,logistic_regression,0,0.08385806946773788
12,logistic_regression,0,0.09694354363960817
12,logistic_regression,0,0.2697434640069554
12,logistic_regression,0,0.23975965720345901
12,logistic_regression,0,0.1098691279141646
12,logistic_regression,0,0.2809661717794752
12,logistic_regression,0,0.31232636979485
12,logistic_regression,1,0.12460476068368435
12,logistic_regression,0,0.29560706367741824
12,logistic_regression,0,0.05161099142597826
12,logistic_regression,0,0.20672931243329878
12,logistic_regression,0,0.11287250505289909
12,logistic_regression,0,0.2610169664389023
12,logistic_regression,0,0.24571778962411286
12,logistic_regression,0,0.10732374262630066
12,logistic_regression,0,0.07520958886291931
12,logistic_regression,0,0.23503500617004736
12,logistic_regression,0,0.14579699521801293
12,logistic_regression,0,0.3761125761785879
12,logistic_regression,0,0.06211199903001501
12,logistic_regression,0,0.15302860632260604
12,logistic_regression,0,0.14022862421915486
12,logistic_regression,0,0.2219994783735649
12,logistic_regression,0,0.23843243021719393
12,logistic_regression,0,0.11551925324125308
12,logistic_regression,0,0.07963566193794194
12,logistic_regression,1,0.2641128549719248
12,logistic_regression,0,0.1747991300654662
12,logistic_regression,0,0.16543797406396146
12,logistic_regression,0,0.07122977800993101
12,logistic_regression,0,0.003461247149131325
12,logistic_regression,0,0.002278642168441889
12,logistic_regression,0,0.06914507957259265
12,logistic_regression,0,0.05874278366831604
12,logistic_regression,0,0.002511182742542982
12,logistic_regression,0,0.0044922824310105434
12,logistic_regression,0,0.010353143595643972
12,logistic_regression,0,0.0005576735070421785
12,logistic_regression,0,0.01258364606981267
12,logistic_regression,0,0.0032627659292420114
12,logistic_regression,0,0.0002783569497530762
12,logistic_regression,0,0.0005246577093578963
12,logistic_regression,0,0.0038846173981702814
12,logistic_regression,0,0.005070892219526803
12,logistic_regression,0,0.0035389075054089213
12,logistic_regression,0,0.004429896659188213
12,logistic_regression,0,0.0012498369601024425
12,logistic_regression,0,8.470719934069674e-05
12,logistic_regression,0,0.012558045970435952
12,logistic_regression,0,0.004972651810534631
12,logistic_regression,0,0.11303258376760883
12,logistic_regression,0,0.07997386292783659
12,logistic_regression,0,0.19504485217699333
12,logistic_regression,0,0.21018233760969987
12,logistic_regression,0,0.05279592124670226
12,logistic_regression,0,0.06651394455654765
12,logistic_regression,1,0.2363949644455009
12,logistic_regression,0,0.12941601556235072
12,logistic_regression,0,0.24485319218980506
12,logistic_regression,0,0.052364624245054996
12,logistic_regression,0,0.16430010512719645
12,logistic_regression,0,0.1358891380742103
12,logistic_regression,0,0.33893120807293664
12,logistic_regression,0,0.17313259083176452
12,logistic_regression,0,0.18748993871685224
12,logistic_regression,0,0.09592782137586149
12,logistic_regression,0,0.24296333513576815
12,logistic_regression,0,0.2389035459900701
12,logistic_regression,0,0.3136408046222351
12,logistic_regression,0,0.07801974281897525
12,logistic_regression,1,0.1505060482289056
12,logistic_regression,0,0.12631273949351896
12,logistic_regression,0,0.17855109872117703
12,logistic_regression,0,0.2574714227432576
12,logistic_regression,0,0.19953562471256892
12,logistic_regression,0,0.11896403766953338
12,logistic_regression,0,0.21613533612938207
12,logistic_regression,0,0.18232954005826413
12,logistic_regression,1,0.19630348830352237
12,logistic_regression,0,0.07673035521945626
12,logistic_regression,0,0.1905316794084503
12,logistic_regression,0,0.106038259471371
12,logistic_regression,0,0.16256227198886167
12,logistic_regression,1,0.15273475141044737
12,logistic_regression,0,0.052518902008520545
12,logistic_regression,0,0.11243094468998718
12,logistic_regression,0,0.22829920971027023
12,logistic_regression,0,0.08546029430994233
12,logistic_regression,1,0.2119702598568124
12,logistic_regression,0,0.08162959563798604
12,logistic_regression,1,0.1323060163049329
12,logistic_regression,0,0.17800134688575323
12,logistic_regression,0,0.27279839823779667
12,logistic_regression,0,0.27199852983953976
12,logistic_regression,0,0.12501696862996955
12,logistic_regression,0,0.09916888438713164
12,logistic_regression,0,0.2586144584202912
12,logistic_regression,0,0.19724260090171056
12,logistic_regression,1,0.3495658216140341
12,logistic_regression,0,0.02338958215945309
12,logistic_regression,0,0.007915348760500754
12,logistic_regression,0,0.005441924636088232
12,logistic_regression,0,0.01652054978026545
12,logistic_regression,0,0.002292416707385147
12,logistic_regression,0,0.006023204294442623
12,logistic_regression,0,0.0015679374206814239
12,logistic_regression,0,0.00308333885441287
12,logistic_regression,0,0.0007538345166861691
12,logistic_regression,0,0.009771756005063071
12,logistic_regression,0,0.004408688771935592
12,logistic_regression,0,0.001765220060434962
12,logistic_regression,0,0.0036549325079896665
12,logistic_regression,0,0.04344345432345791
12,logistic_regression,0,0.03036535739888069
12,logistic_regression,0,0.00812087082772038
12,logistic_regression,0,0.004019092196999253
12,logistic_regression,0,0.0003286960402991669
12,logistic_regression,0,0.0006081020455679372
12,logistic_regression,0,0.008066283467721898
12,logistic_regression,0,0.03345258502052618
12,logistic_regression,0,0.10874214417048834
12,logistic_regression,0,0.11297732505174116
12,logistic_regression,0,0.26184726046724105
12,logistic_regression,0,0.229789339953938
12,logistic_regression,0,0.14050148366137738
12,logistic_regression,0,0.08205682944061192
12,logistic_regression,0,0.3366748271107772
12,logistic_regression,0,0.05037127580906569
12,logistic_regression,0,0.20316800466516113
12,logistic_regression,0,0.048872948434788156
12,logistic_regression,0,0.16313899525909797
12,logistic_regression,0,0.15311846647361227
12,logistic_regression,0,0.3282574766570049
12,logistic_regression,0,0.24938508494231945
12,logistic_regression,0,0.12133561765733268
12,logistic_regression,0,0.11929652446433199
12,logistic_regression,1,0.2610158546080578
12,logistic_regression,0,0.21401624120700308
12,logistic_regression,0,0.34796501522423573
12,logistic_regression,0,0.11913381092295587
12,logistic_regression,0,0.12675029592252546
12,logistic_regression,0,0.13268538013836303
12,logistic_regression,0,0.3725347856238498
12,logistic_regression,1,0.09327744950606143
12,logistic_regression,0,0.15529926539905684
12,logistic_regression,0,0.09224078560902413
12,logistic_regression,0,0.31873851094383354
12,logistic_regression,0,0.11792134398858803
12,logistic_regression,1,0.24172109102517797
12,logistic_regression,0,0.061528432251039065
12,logistic_regression,0,0.21022206338273117
12,logistic_regression,0,0.10843339269919161
12,logistic_regression,0,0.2736391588940177
12,logistic_regression,0,0.20898654488683524
12,logistic_regression,0,0.10234119663870767
12,logistic_regression,0,0.09072363210384427
12,logistic_regression,0,0.28677270438049846
12,logistic_regression,0,0.16450342251399405
12,logistic_regression,1,0.29975651804747266
12,logistic_regression,0,0.061695580525841696
12,logistic_regression,0,0.05054466604079672
12,logistic_regression,0,0.15650663112822846
12,logistic_regression,0,0.20539722209970215
12,logistic_regression,0,0.2511604224937699
12,logistic_regression,0,0.12393310235934231
12,logistic_regression,0,0.08209001832459974
12,logistic_regression,1,0.3254046202093639
12,logistic_regression,0,0.17127075949786716
12,logistic_regression,0,0.3052234830357528
12,logistic_regression,0,0.11628483994508103
12,logistic_regression,0,0.0014008690664537619
12,logistic_regression,0,0.010873376673774872
12,logistic_regression,0,0.010830979014903635
12,logistic_regression,0,0.067945510587337
12,logistic_regression,0,0.001305170014251509
12,logistic_regression,0,0.008322347939403748
12,logistic_regression,0,0.003249104111244578
12,logistic_regression,0,0.001438255594677509
12,logistic_regression,0,0.06862303956958282
12,logistic_regression,0,0.020573453256052043
12,logistic_regression,0,0.000880954845565536
12,logistic_regression,0,0.0022250301649605502
12,logistic_regression,0,0.02308817613154853
12,logistic_regression,0,0.19110700157988164
12,logistic_regression,0,0.0004868446376839514
12,logistic_regression,0,0.0007360299793204736
12,logistic_regression,0,0.0032058000979918256
12,logistic_regression,0,0.0010720009836064429
12,logistic_regression,0,0.0024046607289524963
12,logistic_regression,0,0.03518491820569941
12,logistic_regression,0,0.130510646984381
12,logistic_regression,1,0.10727298206756593
12,logistic_regression,0,0.2255313365689069
12,logistic_regression,0,0.17821423626263752
12,logistic_regression,1,0.10362988903298266
12,logistic_regression,0,0.08637652698446051
12,logistic_regression,0,0.3097675101315834
12,logistic_regression,0,0.12724226879277778
12,logistic_regression,0,0.22568165803609166
12,logistic_regression,0,0.0905758774743732
12,logistic_regression,0,0.1810963304457638
12,logistic_regression,0,0.12036210118472819
12,logistic_regression,0,0.23084744962871545
12,logistic_regression,0,0.16258560361269758
12,logistic_regression,0,0.12359964394670167
12,logistic_regression,0,0.09348366319054746
12,logistic_regression,1,0.22003266949877193
12,logistic_regression,1,0.18385307842461615
12,logistic_regression,0,0.2910486459149151
12,logistic_regression,0,0.061378141483346894
12,logistic_regression,0,0.18525087849587735
12,logistic_regression,0,0.18200804869444676
12,logistic_regression,1,0.2547967816391138
12,logistic_regression,0,0.302295530528529
12,logistic_regression,0,0.13130490337419753
12,logistic_regression,0,0.10496950095974351
12,logistic_regression,0,0.22114700456746786
12,logistic_regression,0,0.12473349821029299
12,logistic_regression,0,0.290393963675545
12,logistic_regression,1,0.10673350107492217
12,logistic_regression,0,0.18789419553470466
12,logistic_regression,0,0.16932327234951908
12,logistic_regression,0,0.26857877348693027
12,logistic_regression,0,0.14613088187989315
12,logistic_regression,0,0.10312975542206657
12,logistic_regression,1,0.152421058243154
12,logistic_regression,0,0.30492509863355927
12,logistic_regression,0,0.13041531002490392
12,logistic_regression,0,0.3216969306606627
12,logistic_regression,0,0.12411733919802698
12,logistic_regression,0,0.1674524753428084
12,logistic_regression,0,0.11603822468642118
12,logistic_regression,1,0.3478257127030292
12,logistic_regression,0,0.2520293523384009
12,logistic_regression,0,0.08961622589685168
12,logistic_regression,0,0.07600621681764848
12,logistic_regression,0,0.28437658077417094
12,logistic_regression,0,0.10255711301934282
12,logistic_regression,0,0.2571903854232423
12,logistic_regression,0,0.12708595624164903
12,logistic_regression,0,0.00529681861811394
12,logistic_regression,0,0.0016928055614834714
12,logistic_regression,0,0.023060175959641254
12,logistic_regression,0,0.0051777253108674474
12,logistic_regression,0,0.003798737628265166
12,logistic_regression,0,0.004067956855790748
12,logistic_regression,0,0.00448911742618356
12,logistic_regression,0,0.0067335356163116915
12,logistic_regression,0,0.03511737040513629
12,logistic_regression,0,0.0014454916747434086
12,logistic_regression,0,0.0029441716197221228
12,logistic_regression,0,0.005623605948852873
12,logistic_regression,0,0.015714095125009972
12,logistic_regression,0,0.0029746661420555695
12,logistic_regression,0,0.0050625806412977654
12,logistic_regression,0,0.0009233308403500001
12,logistic_regression,0,0.001066330328813454
12,logistic_regression,0,0.0005455154059341782
12,logistic_regression,0,0.020150680974104145
12,logistic_regression,0,0.003169550448686969
12,logistic_regression,0,0.09290232975742818
12,logistic_regression,0,0.1151349610813069
12,logistic_regression,0,0.13275108514737113
12,logistic_regression,0,0.23790761841484726
12,logistic_regression,0,0.12920987272877643
12,logistic_regression,0,0.14586831638135292
12,logistic_regression,0,0.1700165817900215
12,logistic_regression,1,0.12339415018279203
12,logistic_regression,1,0.24915594315629297
12,logistic_regression,1,0.10369072318118493
12,logistic_regression,0,0.20437475571346372
12,logistic_regression,1,0.1428508816851451
12,logistic_regression,1,0.2965526437140002
12,logistic_regression,0,0.32531356592608346
12,logistic_regression,0,0.12900714705027297
12,logistic_regression,0,0.2294373208967177
12,logistic_regression,1,0.18228092410898536
12,logistic_regression,0,0.2087753193873175
12,logistic_regression,0,0.10119609079607933
12,logistic_regression,0,0.09690338168687129
12,logistic_regression,0,0.1488000792936652
12,logistic_regression,0,0.14424553855502895
12,logistic_regression,1,0.1212197384340876
12,logistic_regression,0,0.19783810525365078
12,logistic_regression,0,0.10220474764787209
12,logistic_regression,1,0.09499512232544642
12,logistic_regression,0,0.2598927776001246
12,logistic_regression,0,0.19246770981787614
12,logistic_regression,0,0.06400929460954413
12,logistic_regression,0,0.09103307719454325
12,logistic_regression,1,0.14095388087955513
12,logistic_regression,1,0.11331067649809888
12,logistic_regression,0,0.2502258905857746
12,logistic_regression,0,0.25523973347933365
12,logistic_regression,0,0.15738199133272882
12,logistic_regression,0,0.08883716592032023
12,logistic_regression,0,0.21879784072085814
12,logistic_regression,1,0.21614667993942488
12,logistic_regression,0,0.17616782858940988
12,logistic_regression,0,0.09754291545835012
12,logistic_regression,0,0.1687077958899423
12,logistic_regression,0,0.20172216659535847
12,logistic_regression,0,0.15909000019404004
12,logistic_regression,0,0.223781517478191
12,logistic_regression,0,0.1633760997956214
12,logistic_regression,0,0.12180119973294727
12,logistic_regression,1,0.2585884015629986
12,logistic_regression,0,0.1570458935149166
12,logistic_regression,0,0.21444614687764357
12,logistic_regression,0,0.0902703696418388
12,logistic_regression,0,0.0019366209427537392
12,logistic_regression,0,0.00412186561077757
12,logistic_regression,0,0.03780124047716426
12,logistic_regression,0,0.011639220853042163
12,logistic_regression,0,0.008689473753447438
12,logistic_regression,0,0.00249753771947798
12,logistic_regression,0,0.0013385643903552358
12,logistic_regression,0,0.001706117349018528
12,logistic_regression,0,0.25905750259236215
12,logistic_regression,0,0.0006312476415042535
12,logistic_regression,0,0.011743331840390352
12,logistic_regression,0,0.012037908404027374
12,logistic_regression,0,0.016245037113372572
12,logistic_regression,0,0.029889791176653746
12,logistic_regression,0,0.003546582745852724
12,logistic_regression,0,0.002407799029490341
12,logistic_regression,0,0.0027527972504625786
12,logistic_regression,0,0.0012638069507019014
12,logistic_regression,0,0.0521032883716996
12,logistic_regression,0,0.01862531952052704
12,logistic_regression,0,0.05059338774767302
12,logistic_regression,0,0.11471432554768309
12,logistic_regression,0,0.22169105362422417
12,logistic_regression,0,0.2499148730703472
12,logistic_regression,1,0.14536645653403535
12,logistic_regression,0,0.08403659802393318
12,logistic_regression,0,0.2647238339814227
12,logistic_regression,0,0.12252796444431895
12,logistic_regression,0,0.09904418542024339
12,logistic_regression,0,0.07126154681740449
12,logistic_regression,0,0.12064547430407455
12,logistic_regression,0,0.19232034161261422
12,logistic_regression,1,0.30328922347762427
12,logistic_regression,1,0.2331003284863844
12,logistic_regression,0,0.13209856336737652
12,logistic_regression,0,0.11290551975302421
12,logistic_regression,0,0.3770133801673936
12,logistic_regression,0,0.1686627756672527
12,logistic_regression,0,0.20096849266893865
12,logistic_regression,0,0.0700742393279712
12,logistic_regression,0,0.10152453034399798
12,logistic_regression,0,0.19613834716290088
12,logistic_regression,1,0.18011066874488285
12,logistic_regression,0,0.29512307485603184
12,logistic_regression,0,0.451480416865731
12,logistic_regression,0,0.1091942531808285
12,logistic_regression,0,0.3452624478394595
12,logistic_regression,0,0.17303488154038055
12,logistic_regression,0,0.07454007276039609
12,logistic_regression,0,0.07177527322801426
12,logistic_regression,0,0.15632534323022473
12,logistic_regression,0,0.20731296147520997
12,logistic_regression,0,0.3067747201677848
12,logistic_regression,0,0.2876184625091909
12,logistic_regression,0,0.23284092473604237
12,logistic_regression,0,0.05350289947343442
12,logistic_regression,0,0.30384903155791415
12,logistic_regression,0,0.17869007868672154
12,logistic_regression,0,0.300312832905612
12,logistic_regression,1,0.07441672837569756
12,logistic_regression,0,0.18332149005689427
12,logistic_regression,0,0.18499964975128927
12,logistic_regression,0,0.23470992641102342
12,logistic_regression,1,0.01908739218440476
12,logistic_regression,0,0.4002592422432143
12,logistic_regression,0,0.08670716038967195
12,logistic_regression,0,0.2507288825977781
12,logistic_regression,0,0.1947450583658921
12,logistic_regression,0,0.18087664509187784
12,logistic_regression,0,0.09111327030498927
12,logistic_regression,0,0.0013772872141085686
12,logistic_regression,0,0.0009178139287929552
12,logistic_regression,0,0.008553464303468303
12,logistic_regression,0,0.007781076068375404
12,logistic_regression,0,0.0012119915929871224
12,logistic_regression,0,0.0025698824794519242
12,logistic_regression,0,0.003430818950581469
12,logistic_regression,0,0.00026733086816948376
12,logistic_regression,0,0.014409980516232062
12,logistic_regression,0,0.03042978917753644
12,logistic_regression,0,0.0014342934868386873
12,logistic_regression,0,0.006551573755064338
12,logistic_regression,0,0.0213953152192702
12,logistic_regression,0,0.09116718013348783
12,logistic_regression,0,0.002197968530758355
12,logistic_regression,0,0.005097861774125076
12,logistic_regression,0,0.0037393395281266747
12,logistic_regression,0,0.0005643770018589376
12,logistic_regression,0,0.0460765758065693
12,logistic_regression,0,0.0005305503913627246
12,logistic_regression,0,0.1480754584317643
12,logistic_regression,0,0.11827201524386766
12,logistic_regression,1,0.582598646470415
12,logistic_regression,0,0.2618380516122864
12,logistic_regression,0,0.0832297065629135
12,logistic_regression,0,0.10106719721363076
12,logistic_regression,0,0.29405069443906134
12,logistic_regression,1,0.12802565332878324
12,logistic_regression,0,0.20159925791023905
12,logistic_regression,0,0.04067126873685746
12,logistic_regression,1,0.19836441085537604
12,logistic_regression,0,0.1571610857950563
12,logistic_regression,0,0.16642102255171035
12,logistic_regression,0,0.30969252355555454
12,logistic_regression,0,0.14933232524904727
12,logistic_regression,0,0.09154902815811002
12,logistic_regression,1,0.3307868826383316
12,logistic_regression,0,0.08820113934133397
12,logistic_regression,0,0.19174956162371856
12,logistic_regression,1,0.08974011502899215
12,logistic_regression,0,0.20931209988374552
12,logistic_regression,0,0.09588862209294378
12,logistic_regression,1,0.2174944084066851
12,logistic_regression,1,0.1510963462568201
12,logistic_regression,0,0.16831216488870188
12,logistic_regression,1,0.101500842231866
12,logistic_regression,0,0.34903688098754004
12,logistic_regression,0,0.1408553878016213
12,logistic_regression,0,0.1341978870589051
12,logistic_regression,0,0.08174173628473118
12,logistic_regression,0,0.16723154580104546
12,logistic_regression,0,0.11521732815020026
12,logistic_regression,1,0.3077529190671732
12,logistic_regression,0,0.2662370916434954
12,logistic_regression,0,0.16368155140023202
12,logistic_regression,0,0.11072991367418546
12,logistic_regression,1,0.41657776689015236
12,logistic_regression,0,0.19316386288354884
12,logistic_regression,0,0.15425264062969277
12,logistic_regression,0,0.09530311632195097
12,logistic_regression,0,0.11761349824610537
12,logistic_regression,0,0.1152672800052615
12,logistic_regression,0,0.2457053681952233
12,logistic_regression,0,0.29665480007902384
12,logistic_regression,0,0.12482792735121549
12,logistic_regression,0,0.05254069668611351
12,logistic_regression,1,0.400107181190369
12,logistic_regression,1,0.23515263593687227
12,logistic_regression,1,0.27165929006497536
12,logistic_regression,0,0.07790821340731721
12,logistic_regression,0,0.0005816244168063856
12,logistic_regression,0,0.003962931623253098
12,logistic_regression,0,0.03046178331161461
12,logistic_regression,0,0.042849229915025044
12,logistic_regression,0,0.0011568087056718045
12,logistic_regression,0,0.00475831987791816
12,logistic_regression,0,0.0019484763367072833
12,logistic_regression,0,0.007820403754216734
12,logistic_regression,0,0.05808140950698032
12,logistic_regression,0,0.01854417368701602
12,logistic_regression,0,0.000705552400580068
12,logistic_regression,0,0.0007744693897565897
12,logistic_regression,0,0.03165935745585519
12,logistic_regression,0,0.028796803728822366
12,logistic_regression,0,0.006043698682408558
12,logistic_regression,0,0.0014020781790717789
12,logistic_regression,0,0.0022943257532708314
12,logistic_regression,0,0.00022595706934312363
12,logistic_regression,0,0.0038851185951423546
12,logistic_regression,0,0.0018059603809374143
12,logistic_regression,0,0.2776084555310448
12,logistic_regression,0,0.10259343338867684
12,logistic_regression,0,0.1902897922283045
12,logistic_regression,0,0.32159578500594543
12,logistic_regression,0,0.10943071388504677
12,logistic_regression,0,0.1202756197785447
12,logistic_regression,0,0.3419395591276334
12,logistic_regression,0,0.43321864638554336
12,logistic_regression,0,0.28962771129091375
12,logistic_regression,0,0.04925732897406631
12,logistic_regression,0,0.090529417888987
12,logistic_regression,0,0.12396580358580402
12,logistic_regression,1,0.32472297457862037
12,logistic_regression,0,0.031787875551883574
12,logistic_regression,0,0.18668683839007844
12,logistic_regression,1,0.11583288651734672
12,logistic_regression,0,0.2755003470677572
12,logistic_regression,0,0.030694656553164223
12,logistic_regression,0,0.19677439146534698
12,logistic_regression,0,0.0878743357489101
12,logistic_regression,0,0.16618473471916323
12,logistic_regression,0,0.14862389400482992
12,logistic_regression,0,0.21940807359066264
12,logistic_regression,1,0.2530006024952161
12,logistic_regression,0,0.16755633194312503
12,logistic_regression,0,0.09116083183602963
12,logistic_regression,0,0.391145714391311
12,logistic_regression,0,0.3849588755966387
12,logistic_regression,0,0.3346352901646927
12,logistic_regression,0,0.1007107019007812
12,random_forest,0,0.0
12,random_forest,0,0.0
12,random_forest,0,0.01
12,random_forest,0,0.0
12,random_forest,0,0.0
12,random_forest,0,0.02
12,random_forest,0,0.0
12,random_forest,0,0.0
12,random_forest,0,0.23
12,random_forest,0,0.0
12,random_forest,0,0.21
12,random_forest,0,0.07
12,random_forest,1,0.2
12,random_forest,0,0.18
12,random_forest,0,0.08
12,random_forest,0,0.23
12,random_forest,0,0.2
12,random_forest,0,0.04
12,random_forest,1,0.3
12,random_forest,0,0.06
12,random_forest,0,0.11
12,random_forest,0,0.11
12,random_forest,1,0.65
12,random_forest,1,0.25
12,random_forest,0,0.13
12,random_forest,0,0.05
12,random_forest,0,0.25
12,random_forest,0,0.09
12,random_forest,0,0.23
12,random_forest,0,0.09
12,random_forest,0,0.08
12,random_forest,0,0.21
12,random_forest,1,0.23
12,random_forest,0,0.21
12,random_forest,0,0.11
12,random_forest,1,0.07
12,random_forest,0,0.27
12,random_forest,0,0.18
12,random_forest,0,0.33
12,random_forest,1,0.22
12,random_forest,0,0.19
12,random_forest,0,0.09
12,random_forest,0,0.42
12,random_forest,0,0.14
12,random_forest,0,0.07
12,random_forest,0,0.18
12,random_forest,0,0.32
12,random_forest,1,0.13
12,random_forest,0,0.18
12,random_forest,0,0.05
12,random_forest,1,0.08
12,random_forest,0,0.08
12,random_forest,1,0.38
12,random_forest,0,0.43
12,random_forest,0,0.15
12,random_forest,0,0.1
12,random_forest,0,0.24
12,random_forest,0,0.06
12,random_forest,0,0.31
12,random_forest,0,0.19
12,random_forest,0,0.0
12,random_forest,0,0.0
12,random_forest,0,0.0
12,random_forest,0,0.02
12,random_forest,0,0.0
12,random_forest,0,0.01
12,random_forest,0,0.0
12,random_forest,0,0.0
12,random_forest,0,0.01
12,random_forest,0,0.01
12,random_forest,0,0.01
12,random_forest,0,0.0
12,random_forest,0,0.0
12,random_forest,0,0.0
12,random_forest,0,0.0
12,random_forest,0,0.01
12,random_forest,0,0.0
12,random_forest,0,0.0
12,random_forest,0,0.0
12,random_forest,0,0.03
12,random_forest,1,0.27
12,random_forest,0,0.13
12,random_forest,1,0.17
12,random_forest,1,0.48
12,random_forest,0,0.11
12,random_forest,0,0.07
12,random_forest,1,0.38
12,random_forest,0,0.09
12,random_forest,0,0.32
12,random_forest,0,0.17
12,random_forest,0,0.13
12,random_forest,0,0.13
12,random_forest,1,0.3
12,random_forest,0,0.24
12,random_forest,0,0.19
12,random_forest,0,0.09
12,random_forest,1,0.23
12,random_forest,0,0.09
12,random_forest,1,0.2
12,random_forest,0,0.1
12,random_forest,0,0.2
12,random_forest,0,0.07
12,random_forest,0,0.27
12,random_forest,0,0.27
12,random_forest,0,0.1
12,random_forest,1,0.02
12,random_forest,0,0.17
12,random_forest,0,0.12
12,random_forest,1,0.35
12,random_forest,0,0.14
12,random_forest,0,0.07
12,random_forest,0,0.12
12,random_forest,0,0.39
12,random_forest,0,0.23
12,random_forest,0,0.07
12,random_forest,0,0.06
12,random_forest,0,0.22
12,random_forest,1,0.23
12,random_forest,0,0.14
12,random_forest,0,0.07
12,random_forest,0,0.28
12,random_forest,0,0.08
12,random_forest,0,0.29
12,random_forest,0,0.15
12,random_forest,0,0.16
12,random_forest,0,0.09
12,random_forest,0,0.19
12,random_forest,0,0.38
12,random_forest,0,0.27
12,random_forest,0,0.07
12,random_forest,0,0.0
12,random_forest,0,0.03
12,random_forest,0,0.07
12,random_forest,0,0.0
12,random_forest,0,0.0
12,random_forest,0,0.01
12,random_forest,0,0.0
12,random_forest,0,0.0
12,random_forest,0,0.0
12,random_forest,0,0.02
12,random_forest,0,0.0
12,random_forest,0,0.01
12,random_forest,0,0.01
12,random_forest,0,0.09
12,random_forest,0,0.01
12,random_forest,0,0.03
12,random_forest,0,0.0
12,random_forest,0,0.0
12,random_forest,0,0.04
12,random_forest,0,0.1
12,random_forest,0,0.15
12,random_forest,0,0.23
12,random_forest,0,0.15
12,random_forest,0,0.2
12,random_forest,1,0.06
12,random_forest,0,0.09
12,random_forest,0,0.17
12,random_forest,1,0.14
12,random_forest,0,0.2
12,random_forest,0,0.08
12,random_forest,1,0.16
12,random_forest,0,0.17
12,random_forest,0,0.4
12,random_forest,0,0.23
12,random_forest,0,0.23
12,random_forest,0,0.12
12,random_forest,0,0.2
12,random_forest,0,0.12
12,random_forest,0,0.26
12,random_forest,1,0.04
12,random_forest,0,0.21
12,random_forest,0,0.23
12,random_forest,0,0.26
12,random_forest,1,0.13
12,random_forest,0,0.15
12,random_forest,0,0.07
12,random_forest,0,0.25
12,random_forest,0,0.17
12,random_forest,0,0.22
12,random_forest,0,0.06
12,random_forest,0,0.11
12,random_forest,0,0.17
12,random_forest,0,0.14
12,random_forest,0,0.22
12,random_forest,0,0.06
12,random_forest,0,0.13
12,random_forest,0,0.29
12,random_forest,0,0.1
12,random_forest,1,0.38
12,random_forest,0,0.13
12,random_forest,0,0.13
12,random_forest,0,0.23
12,random_forest,0,0.21
12,random_forest,0,0.19
12,random_forest,0,0.08
12,random_forest,0,0.07
12,random_forest,0,0.18
12,random_forest,0,0.22
12,random_forest,0,0.26
12,random_forest,0,0.28
12,random_forest,0,0.01
12,random_forest,0,0.0
12,random_forest,0,0.0
12,random_forest,0,0.02
12,random_forest,0,0.06
12,random_forest,0,0.0
12,random_forest,0,0.0
12,random_forest,0,0.0
12,random_forest,0,0.01
12,random_forest,0,0.01
12,random_forest,0,0.0
12,random_forest,0,0.01
12,random_forest,0,0.07
12,random_forest,0,0.03
12,random_forest,0,0.0
12,random_forest,0,0.01
12,random_forest,0,0.0
12,random_forest,0,0.0
12,random_forest,0,0.01
12,random_forest,0,0.0
12,random_forest,0,0.31
12,random_forest,0,0.05
12,random_forest,0,0.16
12,random_forest,0,0.3
12,random_forest,0,0.19
12,random_forest,0,0.06
12,random_forest,0,0.21
12,random_forest,0,0.19
12,random_forest,0,0.23
12,random_forest,0,0.02
12,random_forest,0,0.25
12,random_forest,0,0.1
12,random_forest,0,0.14
12,random_forest,1,0.22
12,random_forest,0,0.11
12,random_forest,0,0.21
12,random_forest,0,0.23
12,random_forest,0,0.21
12,random_forest,0,0.28
12,random_forest,0,0.1
12,random_forest,0,0.18
12,random_forest,0,0.17
12,random_forest,0,0.16
12,random_forest,0,0.24
12,random_forest,0,0.18
12,random_forest,0,0.2
12,random_forest,1,0.38
12,random_forest,0,0.04
12,random_forest,0,0.24
12,random_forest,0,0.12
12,random_forest,0,0.23
12,random_forest,1,0.14
12,random_forest,1,0.2
12,random_forest,0,0.29
12,random_forest,0,0.13
12,random_forest,0,0.08
12,random_forest,0,0.25
12,random_forest,0,0.12
12,random_forest,0,0.3
12,random_forest,0,0.19
12,random_forest,0,0.27
12,random_forest,0,0.15
12,random_forest,0,0.37
12,random_forest,0,0.24
12,random_forest,0,0.09
12,random_forest,0,0.14
12,random_forest,1,0.34
12,random_forest,0,0.11
12,random_forest,0,0.28
12,random_forest,0,0.06
12,random_forest,0,0.0
12,random_forest,0,0.01
12,random_forest,0,0.1
12,random_forest,0,0.04
12,random_forest,0,0.04
12,random_forest,0,0.0
12,random_forest,0,0.0
12,random_forest,0,0.0
12,random_forest,0,0.02
12,random_forest,0,0.0
12,random_forest,0,0.0
12,random_forest,0,0.0
12,random_forest,0,0.01
12,random_forest,0,0.15
12,random_forest,0,0.01
12,random_forest,0,0.01
12,random_forest,0,0.01
12,random_forest,0,0.0
12,random_forest,0,0.0
12,random_forest,0,0.05
12,random_forest,0,0.22
12,random_forest,0,0.15
12,random_forest,1,0.21
12,random_forest,0,0.32
12,random_forest,0,0.06
12,random_forest,0,0.18
12,random_forest,0,0.35
12,random_forest,1,0.16
12,random_forest,0,0.27
12,random_forest,0,0.15
12,random_forest,0,0.14
12,random_forest,0,0.15
12,random_forest,0,0.37
12,random_forest,0,0.25
12,random_forest,0,0.05
12,random_forest,0,0.11
12,random_forest,0,0.2
12,random_forest,0,0.13
12,random_forest,0,0.29
12,random_forest,0,0.16
12,random_forest,0,0.21
12,random_forest,0,0.07
12,random_forest,0,0.2
12,random_forest,0,0.45
12,random_forest,0,0.02
12,random_forest,0,0.17
12,random_forest,0,0.34
12,random_forest,0,0.38
12,random_forest,0,0.32
12,random_forest,0,0.14
12,random_forest,0,0.15
12,random_forest,1,0.14
12,random_forest,0,0.35
12,random_forest,0,0.36
12,random_forest,0,0.09
12,random_forest,0,0.21
12,random_forest,1,0.3
12,random_forest,0,0.11
12,random_forest,0,0.32
12,random_forest,0,0.06
12,random_forest,0,0.18
12,random_forest,0,0.06
12,random_forest,0,0.34
12,random_forest,1,0.24
12,random_forest,0,0.1
12,random_forest,0,0.1
12,random_forest,1,0.25
12,random_forest,0,0.12
12,random_forest,1,0.22
12,random_forest,0,0.07
12,random_forest,0,0.0
12,random_forest,0,0.0
12,random_forest,0,0.0
12,random_forest,0,0.07
12,random_forest,0,0.0
12,random_forest,0,0.03
12,random_forest,0,0.0
12,random_forest,0,0.08
12,random_forest,0,0.01
12,random_forest,0,0.0
12,random_forest,0,0.0
12,random_forest,0,0.0
12,random_forest,0,0.06
12,random_forest,0,0.03
12,random_forest,0,0.0
12,random_forest,0,0.02
12,random_forest,0,0.01
12,random_forest,0,0.04
12,random_forest,0,0.01
12,random_forest,0,0.0
12,random_forest,1,0.47
12,random_forest,0,0.07
12,random_forest,0,0.13
12,random_forest,0,0.22
12,random_forest,0,0.11
12,random_forest,0,0.33
12,random_forest,1,0.29
12,random_forest,0,0.21
12,random_forest,1,0.54
12,random_forest,0,0.07
12,random_forest,0,0.24
12,random_forest,0,0.05
12,random_forest,0,0.17
12,random_forest,0,0.24
12,random_forest,0,0.09
12,random_forest,0,0.2
12,random_forest,0,0.27
12,random_forest,1,0.22
12,random_forest,0,0.31
12,random_forest,0,0.08
12,random_forest,0,0.17
12,random_forest,0,0.08
12,random_forest,1,0.21
12,random_forest,0,0.14
12,random_forest,0,0.07
12,random_forest,0,0.17
12,random_forest,0,0.31
12,random_forest,0,0.31
12,random_forest,0,0.31
12,random_forest,0,0.03
12,random_forest,0,0.24
12,random_forest,0,0.13
12,random_forest,0,0.2
12,random_forest,0,0.14
12,random_forest,0,0.08
12,random_forest,0,0.13
12,random_forest,0,0.3
12,random_forest,1,0.18
12,random_forest,0,0.28
12,random_forest,1,0.25
12,random_forest,0,0.24
12,random_forest,0,0.21
12,random_forest,1,0.11
12,random_forest,0,0.14
12,random_forest,1,0.07
12,random_forest,0,0.12
12,random_forest,0,0.33
12,random_forest,0,0.27
12,random_forest,0,0.27
12,random_forest,0,0.09
12,random_forest,0,0.0
12,random_forest,0,0.01
12,random_forest,0,0.0
12,random_forest,0,0.0
12,random_forest,0,0.09
12,random_forest,0,0.0
12,random_forest,0,0.01
12,random_forest,0,0.0
12,random_forest,0,0.01
12,random_forest,0,0.0
12,random_forest,0,0.0
12,random_forest,0,0.0
12,random_forest,0,0.0
12,random_forest,0,0.01
12,random_forest,0,0.01
12,random_forest,0,0.05
12,random_forest,0,0.0
12,random_forest,0,0.0
12,random_forest,0,0.0
12,random_forest,0,0.06
12,random_forest,0,0.3
12,random_forest,0,0.1
12,random_forest,0,0.25
12,random_forest,0,0.07
12,random_forest,0,0.27
12,random_forest,0,0.25
12,random_forest,1,0.17
12,random_forest,0,0.22
12,random_forest,1,0.27
12,random_forest,0,0.09
12,random_forest,0,0.19
12,random_forest,0,0.1
12,random_forest,1,0.17
12,random_forest,1,0.33
12,random_forest,0,0.16
12,random_forest,0,0.14
12,random_forest,0,0.18
12,random_forest,0,0.13
12,random_forest,0,0.31
12,random_forest,0,0.16
12,random_forest,0,0.36
12,random_forest,0,0.12
12,random_forest,0,0.21
12,random_forest,0,0.24
12,random_forest,0,0.12
12,random_forest,0,0.18
12,random_forest,1,0.36
12,random_forest,0,0.1
12,random_forest,0,0.28
12,random_forest,0,0.06
12,random_forest,0,0.22
12,random_forest,0,0.05
12,random_forest,0,0.44
12,random_forest,0,0.23
12,random_forest,0,0.1
12,random_forest,0,0.04
12,random_forest,0,0.32
12,random_forest,0,0.19
12,random_forest,0,0.3
12,random_forest,0,0.06
12,random_forest,0,0.11
12,random_forest,0,0.04
12,random_forest,1,0.38
12,random_forest,0,0.28
12,random_forest,0,0.07
12,random_forest,0,0.48
12,random_forest,1,0.2
12,random_forest,0,0.16
12,random_forest,0,0.34
12,random_forest,0,0.05
12,random_forest,0,0.0
12,random_forest,0,0.0
12,random_forest,0,0.0
12,random_forest,0,0.02
12,random_forest,0,0.0
12,random_forest,0,0.01
12,random_forest,0,0.03
12,random_forest,0,0.01
12,random_forest,0,0.04
12,random_forest,0,0.0
12,random_forest,0,0.0
12,random_forest,0,0.0
12,random_forest,0,0.0
12,random_forest,0,0.0
12,random_forest,0,0.14
12,random_forest,0,0.01
12,random_forest,0,0.0
12,random_forest,0,0.0
12,random_forest,0,0.0
12,random_forest,0,0.0
12,random_forest,0,0.25
12,random_forest,0,0.14
12,random_forest,1,0.27
12,random_forest,0,0.22
12,random_forest,0,0.21
12,random_forest,0,0.15
12,random_forest,0,0.21
12,random_forest,0,0.27
12,random_forest,0,0.14
12,random_forest,0,0.02
12,random_forest,0,0.32
12,random_forest,0,0.15
12,random_forest,0,0.25
12,random_forest,0,0.31
12,random_forest,0,0.18
12,random_forest,0,0.56
12,random_forest,0,0.3
12,random_forest,0,0.26
12,random_forest,1,0.18
12,random_forest,0,0.05
12,random_forest,0,0.26
12,random_forest,1,0.1
12,random_forest,0,0.2
12,random_forest,0,0.23
12,random_forest,0,0.28
12,random_forest,0,0.33
12,random_forest,1,0.29
12,random_forest,0,0.14
12,random_forest,0,0.15
12,random_forest,0,0.08
12,random_forest,1,0.16
12,random_forest,1,0.09
12,random_forest,0,0.27
12,random_forest,1,0.26
12,random_forest,0,0.3
12,random_forest,0,0.18
12,random_forest,0,0.26
12,random_forest,0,0.14
12,random_forest,0,0.24
12,random_forest,1,0.05
12,random_forest,0,0.26
12,random_forest,0,0.38
12,random_forest,0,0.18
12,random_forest,0,0.17
12,random_forest,0,0.21
12,random_forest,0,0.29
12,random_forest,1,0.38
12,random_forest,0,0.05
12,random_forest,0,0.39
12,random_forest,0,0.1
12,random_forest,0,0.0
12,random_forest,0,0.04
12,random_forest,0,0.02
12,random_forest,0,0.08
12,random_forest,0,0.03
12,random_forest,0,0.05
12,random_forest,0,0.04
12,random_forest,0,0.0
12,random_forest,0,0.05
12,random_forest,0,0.0
12,random_forest,0,0.0
12,random_forest,0,0.0
12,random_forest,0,0.0
12,random_forest,0,0.0
12,random_forest,0,0.04
12,random_forest,0,0.1
12,random_forest,0,0.01
12,random_forest,0,0.01
12,random_forest,0,0.11
12,random_forest,0,0.05
12,random_forest,0,0.27
12,random_forest,0,0.32
12,random_forest,0,0.23
12,random_forest,1,0.19
12,random_forest,0,0.19
12,random_forest,0,0.31
12,random_forest,0,0.23
12,random_forest,0,0.16
12,random_forest,0,0.35
12,random_forest,0,0.43
12,random_forest,0,0.55
12,random_forest,0,0.21
12,random_forest,0,0.29
12,random_forest,0,0.48
12,random_forest,1,0.16
12,random_forest,0,0.39
12,random_forest,1,0.29
12,random_forest,0,0.62
12,random_forest,0,0.46
12,random_forest,0,0.07
12,random_forest,0,0.23
12,random_forest,0,0.07
12,random_forest,0,0.2
12,random_forest,0,0.21
12,random_forest,0,0.06
12,random_forest,0,0.25
12,random_forest,0,0.33
12,random_forest,0,0.23
12,random_forest,1,0.43
12,random_forest,0,0.03
12,random_forest,0,0.29
12,random_forest,0,0.13
12,random_forest,0,0.35
12,random_forest,1,0.28
12,random_forest,0,0.07
12,random_forest,0,0.66
12,random_forest,1,0.35
12,random_forest,0,0.21
12,random_forest,1,0.27
12,random_forest,0,0.05
12,random_forest,1,0.37
12,random_forest,0,0.15
12,random_forest,0,0.21
12,random_forest,0,0.4
12,random_forest,0,0.15
12,random_forest,0,0.32
12,random_forest,0,0.54
12,random_forest,1,0.17
12,random_forest,1,0.54
12,random_forest,0,0.06
12,random_forest,0,0.0
12,random_forest,0,0.0
12,random_forest,0,0.01
12,random_forest,0,0.21
12,random_forest,0,0.01
12,random_forest,0,0.0
12,random_forest,0,0.0
12,random_forest,0,0.01
12,random_forest,0,0.02
12,random_forest,0,0.02
12,random_forest,0,0.0
12,random_forest,0,0.0
12,random_forest,0,0.03
12,random_forest,0,0.06
12,random_forest,0,0.01
12,random_forest,0,0.0
12,random_forest,0,0.01
12,random_forest,0,0.01
12,random_forest,0,0.02
12,random_forest,0,0.0
12,random_forest,0,0.26
12,random_forest,0,0.13
12,random_forest,0,0.38
12,random_forest,0,0.39
12,random_forest,0,0.17
12,random_forest,0,0.09
12,random_forest,0,0.33
12,random_forest,0,0.13
12,random_forest,0,0.29
12,random_forest,0,0.26
12,random_forest,0,0.4
12,random_forest,0,0.09
12,random_forest,0,0.34
12,random_forest,0,0.26
12,random_forest,0,0.15
12,random_forest,0,0.03
12,random_forest,0,0.23
12,random_forest,0,0.22
12,random_forest,0,0.24
12,random_forest,0,0.07
12,random_forest,0,0.19
12,random_forest,0,0.13
12,random_forest,0,0.33
12,random_forest,0,0.13
12,random_forest,0,0.21
12,random_forest,0,0.07
12,random_forest,0,0.34
12,random_forest,1,0.61
12,random_forest,1,0.26
12,random_forest,1,0.06
12,random_forest,0,0.2
12,random_forest,0,0.03
12,random_forest,1,0.28
12,random_forest,0,0.3
12,random_forest,0,0.15
12,random_forest,0,0.18
12,random_forest,0,0.3
12,random_forest,1,0.26
12,random_forest,1,0.18
12,random_forest,0,0.08
12,random_forest,0,0.23
12,random_forest,0,0.04
12,random_forest,0,0.32
12,random_forest,0,0.24
12,random_forest,0,0.1
12,random_forest,0,0.07
12,random_forest,1,0.29
12,random_forest,0,0.3
12,random_forest,0,0.28
12,random_forest,0,0.09
12,random_forest,0,0.0
12,random_forest,0,0.0
12,random_forest,0,0.0
12,random_forest,0,0.05
12,random_forest,0,0.07
12,random_forest,0,0.0
12,random_forest,0,0.0
12,random_forest,0,0.0
12,random_forest,0,0.01
12,random_forest,0,0.01
12,random_forest,0,0.0
12,random_forest,0,0.0
12,random_forest,0,0.04
12,random_forest,0,0.0
12,random_forest,0,0.0
12,random_forest,0,0.07
12,random_forest,0,0.0
12,random_forest,0,0.0
12,random_forest,0,0.01
12,random_forest,0,0.0
12,random_forest,0,0.26
12,random_forest,0,0.13
12,random_forest,0,0.33
12,random_forest,1,0.28
12,random_forest,0,0.1
12,random_forest,0,0.07
12,random_forest,0,0.21
12,random_forest,0,0.31
12,random_forest,1,0.24
12,random_forest,0,0.09
12,random_forest,0,0.26
12,random_forest,0,0.2
12,random_forest,1,0.23
12,random_forest,0,0.31
12,random_forest,1,0.22
12,random_forest,0,0.15
12,random_forest,0,0.23
12,random_forest,0,0.44
12,random_forest,0,0.21
12,random_forest,0,0.21
12,random_forest,0,0.12
12,random_forest,0,0.11
12,random_forest,0,0.3
12,random_forest,1,0.3
12,random_forest,0,0.09
12,random_forest,0,0.11
12,random_forest,0,0.25
12,random_forest,1,0.24
12,random_forest,0,0.36
12,random_forest,0,0.03
12,random_forest,0,0.25
12,random_forest,0,0.08
12,random_forest,1,0.28
12,random_forest,0,0.16
12,random_forest,0,0.24
12,random_forest,1,0.34
12,random_forest,0,0.37
12,random_forest,0,0.14
12,random_forest,0,0.33
12,random_forest,0,0.03
12,random_forest,1,0.15
12,random_forest,0,0.15
12,random_forest,1,0.34
12,random_forest,0,0.26
12,random_forest,0,0.18
12,random_forest,1,0.15
12,random_forest,1,0.22
12,random_forest,0,0.14
12,random_forest,0,0.36
12,random_forest,0,0.02
12,random_forest,0,0.0
12,random_forest,0,0.0
12,random_forest,0,0.0
12,random_forest,0,0.25
12,random_forest,0,0.02
12,random_forest,0,0.0
12,random_forest,0,0.0
12,random_forest,0,0.0
12,random_forest,0,0.09
12,random_forest,0,0.0
12,random_forest,0,0.0
12,random_forest,0,0.0
12,random_forest,0,0.01
12,random_forest,0,0.0
12,random_forest,0,0.0
12,random_forest,0,0.0
12,random_forest,0,0.0
12,random_forest,0,0.0
12,random_forest,0,0.02
12,random_forest,0,0.0
12,random_forest,0,0.21
12,random_forest,0,0.15
12,random_forest,0,0.31
12,random_forest,0,0.27
12,random_forest,0,0.23
12,random_forest,0,0.06
12,random_forest,1,0.2
12,random_forest,0,0.22
12,random_forest,1,0.37
12,random_forest,0,0.06
12,random_forest,0,0.16
12,random_forest,0,0.08
12,random_forest,0,0.36
12,random_forest,0,0.22
12,random_forest,0,0.25
12,random_forest,0,0.12
12,random_forest,0,0.26
12,random_forest,1,0.11
12,random_forest,0,0.25
12,random_forest,0,0.08
12,random_forest,0,0.14
12,random_forest,0,0.16
12,random_forest,1,0.41
12,random_forest,1,0.13
12,random_forest,1,0.4
12,random_forest,0,0.05
12,random_forest,0,0.21
12,random_forest,0,0.07
12,random_forest,0,0.32
12,random_forest,0,0.02
12,random_forest,0,0.2
12,random_forest,0,0.08
12,random_forest,0,0.4
12,random_forest,0,0.08
12,random_forest,0,0.16
12,random_forest,0,0.11
12,random_forest,0,0.27
12,random_forest,0,0.23
12,random_forest,0,0.17
12,random_forest,0,0.07
12,random_forest,0,0.2
12,random_forest,1,0.29
12,random_forest,0,0.25
12,random_forest,0,0.19
12,random_forest,0,0.14
12,random_forest,0,0.16
12,random_forest,1,0.28
12,random_forest,0,0.12
12,random_forest,1,0.12
12,random_forest,0,0.12
12,random_forest,0,0.01
12,random_forest,0,0.0
12,random_forest,0,0.0
12,random_forest,0,0.07
12,random_forest,0,0.01
12,random_forest,0,0.02
12,random_forest,0,0.0
12,random_forest,0,0.0
12,random_forest,0,0.0
12,random_forest,0,0.04
12,random_forest,0,0.01
12,random_forest,0,0.0
12,random_forest,0,0.0
12,random_forest,0,0.0
12,random_forest,0,0.04
12,random_forest,0,0.0
12,random_forest,0,0.0
12,random_forest,0,0.0
12,random_forest,0,0.0
12,random_forest,0,0.01
12,random_forest,0,0.35
12,random_forest,0,0.12
12,random_forest,0,0.01
12,random_forest,0,0.19
12,random_forest,0,0.18
12,random_forest,0,0.02
12,random_forest,0,0.28
12,random_forest,0,0.19
12,random_forest,1,0.31
12,random_forest,0,0.18
12,random_forest,0,0.39
12,random_forest,0,0.04
12,random_forest,0,0.13
12,random_forest,0,0.35
12,random_forest,0,0.18
12,random_forest,1,0.04
12,random_forest,0,0.29
12,random_forest,0,0.28
12,random_forest,1,0.27
12,random_forest,0,0.05
12,random_forest,0,0.22
12,random_forest,0,0.15
12,random_forest,0,0.27
12,random_forest,0,0.22
12,random_forest,0,0.19
12,random_forest,1,0.09
12,random_forest,0,0.31
12,random_forest,0,0.3
12,random_forest,0,0.12
12,random_forest,0,0.03
12,random_forest,0,0.36
12,random_forest,0,0.09
12,random_forest,0,0.36
12,random_forest,0,0.42
12,random_forest,0,0.12
12,random_forest,1,0.21
12,random_forest,0,0.31
12,random_forest,0,0.23
12,random_forest,0,0.28
12,random_forest,0,0.14
12,random_forest,0,0.31
12,random_forest,0,0.15
12,random_forest,1,0.2
12,random_forest,0,0.19
12,random_forest,0,0.11
12,random_forest,1,0.02
12,random_forest,1,0.21
12,random_forest,0,0.23
12,random_forest,0,0.29
12,random_forest,0,0.08
12,random_forest,0,0.0
12,random_forest,0,0.0
12,random_forest,0,0.21
12,random_forest,0,0.0
12,random_forest,0,0.0
12,random_forest,0,0.0
12,random_forest,0,0.0
12,random_forest,0,0.0
12,random_forest,0,0.02
12,random_forest,0,0.0
12,random_forest,0,0.01
12,random_forest,0,0.1
12,random_forest,0,0.03
12,random_forest,0,0.11
12,random_forest,0,0.0
12,random_forest,0,0.0
12,random_forest,0,0.02
12,random_forest,0,0.05
12,random_forest,0,0.0
12,random_forest,0,0.0
12,random_forest,0,0.23
12,random_forest,0,0.11
12,random_forest,0,0.26
12,random_forest,0,0.19
12,random_forest,0,0.1
12,random_forest,0,0.09
12,random_forest,1,0.16
12,random_forest,0,0.2
12,random_forest,0,0.23
12,random_forest,0,0.1
12,random_forest,0,0.25
12,random_forest,0,0.12
12,random_forest,0,0.24
12,random_forest,0,0.15
12,random_forest,0,0.16
12,random_forest,0,0.11
12,random_forest,1,0.26
12,random_forest,1,0.31
12,random_forest,0,0.18
12,random_forest,0,0.02
12,random_forest,0,0.3
12,random_forest,0,0.17
12,random_forest,1,0.45
12,random_forest,0,0.23
12,random_forest,1,0.11
12,random_forest,0,0.04
12,random_forest,0,0.16
12,random_forest,1,0.36
12,random_forest,0,0.29
12,random_forest,0,0.01
12,random_forest,0,0.18
12,random_forest,0,0.08
12,random_forest,1,0.36
12,random_forest,0,0.31
12,random_forest,0,0.16
12,random_forest,0,0.1
12,random_forest,0,0.24
12,random_forest,0,0.34
12,random_forest,0,0.25
12,random_forest,0,0.03
12,random_forest,1,0.24
12,random_forest,1,0.17
12,random_forest,0,0.33
12,random_forest,0,0.21
12,random_forest,0,0.15
12,random_forest,0,0.1
12,random_forest,0,0.24
12,random_forest,0,0.25
12,random_forest,0,0.17
12,random_forest,0,0.1
12,random_forest,0,0.0
12,random_forest,0,0.01
12,random_forest,0,0.0
12,random_forest,0,0.0
12,random_forest,0,0.0
12,random_forest,0,0.0
12,random_forest,0,0.02
12,random_forest,0,0.01
12,random_forest,0,0.0
12,random_forest,0,0.01
12,random_forest,0,0.01
12,random_forest,0,0.0
12,random_forest,0,0.0
12,random_forest,0,0.09
12,random_forest,0,0.0
12,random_forest,0,0.0
12,random_forest,0,0.01
12,random_forest,0,0.0
12,random_forest,0,0.27
12,random_forest,0,0.01
12,random_forest,0,0.29
12,random_forest,0,0.12
12,random_forest,0,0.25
12,random_forest,0,0.19
12,random_forest,0,0.08
12,random_forest,0,0.1
12,random_forest,0,0.35
12,random_forest,0,0.23
12,random_forest,1,0.29
12,random_forest,0,0.13
12,random_forest,0,0.22
12,random_forest,0,0.15
12,random_forest,1,0.42
12,random_forest,0,0.19
12,random_forest,0,0.19
12,random_forest,0,0.07
12,random_forest,0,0.3
12,random_forest,0,0.18
12,random_forest,0,0.15
12,random_forest,0,0.03
12,random_forest,0,0.17
12,random_forest,0,0.14
12,random_forest,0,0.2
12,random_forest,1,0.25
12,random_forest,0,0.09
12,random_forest,0,0.03
12,random_forest,0,0.25
12,random_forest,0,0.12
12,random_forest,1,0.35
12,random_forest,0,0.06
12,random_forest,0,0.15
12,random_forest,1,0.07
12,random_forest,0,0.19
12,random_forest,0,0.28
12,random_forest,0,0.03
12,random_forest,0,0.03
12,random_forest,0,0.33
12,random_forest,0,0.05
12,random_forest,0,0.33
12,random_forest,0,0.04
12,random_forest,0,0.19
12,random_forest,0,0.13
12,random_forest,0,0.15
12,random_forest,0,0.18
12,random_forest,0,0.18
12,random_forest,0,0.02
12,random_forest,0,0.33
12,random_forest,0,0.03
12,random_forest,0,0.25
12,random_forest,0,0.13
12,random_forest,0,0.01
12,random_forest,0,0.06
12,random_forest,0,0.01
12,random_forest,0,0.0
12,random_forest,0,0.01
12,random_forest,0,0.0
12,random_forest,0,0.0
12,random_forest,0,0.0
12,random_forest,0,0.0
12,random_forest,0,0.0
12,random_forest,0,0.01
12,random_forest,0,0.0
12,random_forest,0,0.0
12,random_forest,0,0.01
12,random_forest,0,0.0
12,random_forest,0,0.01
12,random_forest,0,0.0
12,random_forest,0,0.0
12,random_forest,0,0.28
12,random_forest,0,0.02
12,random_forest,0,0.37
12,random_forest,1,0.14
12,random_forest,0,0.26
12,random_forest,0,0.17
12,random_forest,0,0.16
12,random_forest,0,0.04
12,random_forest,0,0.34
12,random_forest,0,0.14
12,random_forest,0,0.1
12,random_forest,0,0.24
12,random_forest,0,0.18
12,random_forest,0,0.08
12,random_forest,1,0.4
12,random_forest,0,0.18
12,random_forest,0,0.13
12,random_forest,1,0.04
12,random_forest,1,0.45
12,random_forest,1,0.2
12,random_forest,1,0.25
12,random_forest,0,0.22
12,random_forest,0,0.12
12,random_forest,0,0.06
12,random_forest,1,0.21
12,random_forest,0,0.2
12,random_forest,0,0.09
12,random_forest,0,0.14
12,random_forest,1,0.2
12,random_forest,0,0.07
12,random_forest,1,0.09
12,random_forest,0,0.11
12,random_forest,0,0.08
12,random_forest,0,0.12
12,random_forest,1,0.24
12,random_forest,0,0.21
12,random_forest,0,0.11
12,random_forest,0,0.03
12,random_forest,0,0.31
12,random_forest,0,0.35
12,random_forest,0,0.15
12,random_forest,0,0.29
12,random_forest,0,0.13
12,random_forest,0,0.08
12,random_forest,0,0.17
12,random_forest,0,0.29
12,random_forest,0,0.09
12,random_forest,0,0.09
12,random_forest,0,0.25
12,random_forest,0,0.19
12,random_forest,0,0.24
12,random_forest,0,0.09
12,random_forest,0,0.0
12,random_forest,0,0.0
12,random_forest,0,0.0
12,random_forest,0,0.0
12,random_forest,0,0.0
12,random_forest,0,0.0
12,random_forest,0,0.0
12,random_forest,0,0.05
12,random_forest,0,0.0
12,random_forest,0,0.0
12,random_forest,0,0.0
12,random_forest,0,0.1
12,random_forest,0,0.0
12,random_forest,0,0.0
12,random_forest,0,0.01
12,random_forest,0,0.06
12,random_forest,0,0.0
12,random_forest,0,0.01
12,random_forest,0,0.0
12,random_forest,0,0.06
12,random_forest,0,0.13
12,random_forest,0,0.12
12,random_forest,0,0.21
12,random_forest,0,0.19
12,random_forest,0,0.24
12,random_forest,0,0.03
12,random_forest,0,0.22
12,random_forest,0,0.16
12,random_forest,0,0.24
12,random_forest,0,0.02
12,random_forest,1,0.59
12,random_forest,0,0.05
12,random_forest,0,0.18
12,random_forest,0,0.24
12,random_forest,0,0.17
12,random_forest,0,0.08
12,random_forest,1,0.4
12,random_forest,1,0.14
12,random_forest,0,0.29
12,random_forest,0,0.69
12,random_forest,0,0.24
12,random_forest,0,0.11
12,random_forest,0,0.45
12,random_forest,0,0.29
12,random_forest,0,0.2
12,random_forest,0,0.44
12,random_forest,0,0.24
12,random_forest,1,0.22
12,random_forest,0,0.3
12,random_forest,0,0.16
12,random_forest,0,0.34
12,random_forest,0,0.12
12,random_forest,0,0.14
12,random_forest,0,0.27
12,random_forest,0,0.19
12,random_forest,0,0.18
12,random_forest,0,0.22
12,random_forest,0,0.32
12,random_forest,0,0.44
12,random_forest,0,0.18
12,random_forest,0,0.24
12,random_forest,0,0.01
12,random_forest,0,0.23
12,random_forest,0,0.31
12,random_forest,0,0.3
12,random_forest,0,0.13
12,random_forest,1,0.28
12,random_forest,0,0.15
12,random_forest,0,0.24
12,random_forest,0,0.12
12,random_forest,0,0.01
12,random_forest,0,0.0
12,random_forest,0,0.0
12,random_forest,0,0.04
12,random_forest,0,0.0
12,random_forest,0,0.02
12,random_forest,0,0.19
12,random_forest,0,0.0
12,random_forest,0,0.0
12,random_forest,0,0.0
12,random_forest,0,0.0
12,random_forest,0,0.0
12,random_forest,0,0.0
12,random_forest,0,0.0
12,random_forest,0,0.0
12,random_forest,0,0.0
12,random_forest,0,0.0
12,random_forest,0,0.0
12,random_forest,0,0.0
12,random_forest,0,0.0
12,random_forest,0,0.27
12,random_forest,0,0.15
12,random_forest,0,0.25
12,random_forest,0,0.35
12,random_forest,0,0.12
12,random_forest,0,0.06
12,random_forest,1,0.25
12,random_forest,0,0.13
12,random_forest,0,0.35
12,random_forest,0,0.06
12,random_forest,0,0.24
12,random_forest,0,0.1
12,random_forest,0,0.3
12,random_forest,0,0.26
12,random_forest,0,0.18
12,random_forest,0,0.13
12,random_forest,0,0.21
12,random_forest,0,0.18
12,random_forest,0,0.16
12,random_forest,0,0.09
12,random_forest,1,0.16
12,random_forest,0,0.11
12,random_forest,0,0.13
12,random_forest,0,0.14
12,random_forest,0,0.35
12,random_forest,0,0.03
12,random_forest,0,0.29
12,random_forest,0,0.16
12,random_forest,1,0.17
12,random_forest,0,0.01
12,random_forest,0,0.15
12,random_forest,0,0.05
12,random_forest,0,0.13
12,random_forest,1,0.29
12,random_forest,0,0.17
12,random_forest,0,0.06
12,random_forest,0,0.36
12,random_forest,0,0.19
12,random_forest,1,0.19
12,random_forest,0,0.06
12,random_forest,1,0.04
12,random_forest,0,0.25
12,random_forest,0,0.3
12,random_forest,0,0.31
12,random_forest,0,0.39
12,random_forest,0,0.13
12,random_forest,0,0.25
12,random_forest,0,0.13
12,random_forest,1,0.17
12,random_forest,0,0.11
12,random_forest,0,0.0
12,random_forest,0,0.0
12,random_forest,0,0.0
12,random_forest,0,0.0
12,random_forest,0,0.15
12,random_forest,0,0.0
12,random_forest,0,0.01
12,random_forest,0,0.0
12,random_forest,0,0.0
12,random_forest,0,0.0
12,random_forest,0,0.0
12,random_forest,0,0.0
12,random_forest,0,0.02
12,random_forest,0,0.01
12,random_forest,0,0.04
12,random_forest,0,0.03
12,random_forest,0,0.0
12,random_forest,0,0.0
12,random_forest,0,0.0
12,random_forest,0,0.06
12,random_forest,0,0.18
12,random_forest,0,0.14
12,random_forest,0,0.25
12,random_forest,0,0.26
12,random_forest,0,0.19
12,random_forest,0,0.12
12,random_forest,0,0.44
12,random_forest,0,0.15
12,random_forest,0,0.28
12,random_forest,0,0.08
12,random_forest,0,0.25
12,random_forest,0,0.08
12,random_forest,0,0.3
12,random_forest,0,0.21
12,random_forest,0,0.21
12,random_forest,0,0.08
12,random_forest,1,0.42
12,random_forest,0,0.1
12,random_forest,0,0.34
12,random_forest,0,0.06
12,random_forest,0,0.11
12,random_forest,0,0.13
12,random_forest,0,0.38
12,random_forest,1,0.08
12,random_forest,0,0.12
12,random_forest,0,0.09
12,random_forest,0,0.34
12,random_forest,0,0.2
12,random_forest,1,0.25
12,random_forest,0,0.05
12,random_forest,0,0.12
12,random_forest,0,0.07
12,random_forest,0,0.2
12,random_forest,0,0.21
12,random_forest,0,0.16
12,random_forest,0,0.12
12,random_forest,0,0.29
12,random_forest,0,0.13
12,random_forest,1,0.21
12,random_forest,0,0.02
12,random_forest,0,0.08
12,random_forest,0,0.08
12,random_forest,0,0.16
12,random_forest,0,0.17
12,random_forest,0,0.16
12,random_forest,0,0.09
12,random_forest,1,0.29
12,random_forest,0,0.16
12,random_forest,0,0.38
12,random_forest,0,0.09
12,random_forest,0,0.0
12,random_forest,0,0.0
12,random_forest,0,0.0
12,random_forest,0,0.12
12,random_forest,0,0.0
12,random_forest,0,0.01
12,random_forest,0,0.0
12,random_forest,0,0.0
12,random_forest,0,0.07
12,random_forest,0,0.02
12,random_forest,0,0.0
12,random_forest,0,0.0
12,random_forest,0,0.02
12,random_forest,0,0.17
12,random_forest,0,0.0
12,random_forest,0,0.0
12,random_forest,0,0.0
12,random_forest,0,0.0
12,random_forest,0,0.0
12,random_forest,0,0.09
12,random_forest,0,0.14
12,random_forest,1,0.07
12,random_forest,0,0.16
12,random_forest,0,0.13
12,random_forest,1,0.08
12,random_forest,0,0.2
12,random_forest,0,0.18
12,random_forest,0,0.07
12,random_forest,0,0.35
12,random_forest,0,0.07
12,random_forest,0,0.09
12,random_forest,0,0.06
12,random_forest,0,0.24
12,random_forest,0,0.28
12,random_forest,0,0.13
12,random_forest,0,0.17
12,random_forest,1,0.26
12,random_forest,1,0.03
12,random_forest,0,0.33
12,random_forest,0,0.03
12,random_forest,0,0.1
12,random_forest,0,0.21
12,random_forest,1,0.21
12,random_forest,0,0.15
12,random_forest,0,0.11
12,random_forest,0,0.02
12,random_forest,0,0.23
12,random_forest,0,0.13
12,random_forest,0,0.18
12,random_forest,1,0.08
12,random_forest,0,0.13
12,random_forest,0,0.13
12,random_forest,0,0.21
12,random_forest,0,0.35
12,random_forest,0,0.06
12,random_forest,1,0.11
12,random_forest,0,0.3
12,random_forest,0,0.11
12,random_forest,0,0.32
12,random_forest,0,0.03
12,random_forest,0,0.18
12,random_forest,0,0.12
12,random_forest,1,0.28
12,random_forest,0,0.35
12,random_forest,0,0.05
12,random_forest,0,0.1
12,random_forest,0,0.4
12,random_forest,0,0.18
12,random_forest,0,0.33
12,random_forest,0,0.0
12,random_forest,0,0.0
12,random_forest,0,0.0
12,random_forest,0,0.02
12,random_forest,0,0.01
12,random_forest,0,0.0
12,random_forest,0,0.0
12,random_forest,0,0.0
12,random_forest,0,0.04
12,random_forest,0,0.01
12,random_forest,0,0.03
12,random_forest,0,0.0
12,random_forest,0,0.0
12,random_forest,0,0.03
12,random_forest,0,0.0
12,random_forest,0,0.0
12,random_forest,0,0.0
12,random_forest,0,0.0
12,random_forest,0,0.0
12,random_forest,0,0.0
12,random_forest,0,0.0
12,random_forest,0,0.3
12,random_forest,0,0.17
12,random_forest,0,0.35
12,random_forest,0,0.27
12,random_forest,0,0.26
12,random_forest,0,0.26
12,random_forest,0,0.33
12,random_forest,1,0.18
12,random_forest,1,0.38
12,random_forest,1,0.14
12,random_forest,0,0.1
12,random_forest,1,0.22
12,random_forest,1,0.21
12,random_forest,0,0.32
12,random_forest,0,0.06
12,random_forest,0,0.37
12,random_forest,1,0.35
12,random_forest,0,0.18
12,random_forest,0,0.3
12,random_forest,0,0.06
12,random_forest,0,0.13
12,random_forest,0,0.16
12,random_forest,1,0.15
12,random_forest,0,0.34
12,random_forest,0,0.03
12,random_forest,1,0.07
12,random_forest,0,0.32
12,random_forest,0,0.4
12,random_forest,0,0.01
12,random_forest,0,0.14
12,random_forest,1,0.12
12,random_forest,1,0.14
12,random_forest,0,0.23
12,random_forest,0,0.23
12,random_forest,0,0.07
12,random_forest,0,0.15
12,random_forest,0,0.35
12,random_forest,1,0.3
12,random_forest,0,0.2
12,random_forest,0,0.02
12,random_forest,0,0.25
12,random_forest,0,0.27
12,random_forest,0,0.19
12,random_forest,0,0.31
12,random_forest,0,0.22
12,random_forest,0,0.28
12,random_forest,1,0.28
12,random_forest,0,0.44
12,random_forest,0,0.37
12,random_forest,0,0.28
12,random_forest,0,0.0
12,random_forest,0,0.07
12,random_forest,0,0.01
12,random_forest,0,0.0
12,random_forest,0,0.0
12,random_forest,0,0.0
12,random_forest,0,0.0
12,random_forest,0,0.0
12,random_forest,0,0.33
12,random_forest,0,0.0
12,random_forest,0,0.02
12,random_forest,0,0.01
12,random_forest,0,0.01
12,random_forest,0,0.01
12,random_forest,0,0.05
12,random_forest,0,0.0
12,random_forest,0,0.01
12,random_forest,0,0.0
12,random_forest,0,0.06
12,random_forest,0,0.04
12,random_forest,0,0.15
12,random_forest,0,0.29
12,random_forest,0,0.23
12,random_forest,0,0.53
12,random_forest,1,0.21
12,random_forest,0,0.11
12,random_forest,0,0.4
12,random_forest,0,0.2
12,random_forest,0,0.43
12,random_forest,0,0.14
12,random_forest,0,0.22
12,random_forest,0,0.11
12,random_forest,1,0.36
12,random_forest,1,0.36
12,random_forest,0,0.23
12,random_forest,0,0.07
12,random_forest,0,0.45
12,random_forest,0,0.2
12,random_forest,0,0.26
12,random_forest,0,0.12
12,random_forest,0,0.2
12,random_forest,0,0.16
12,random_forest,1,0.51
12,random_forest,0,0.22
12,random_forest,0,0.52
12,random_forest,0,0.09
12,random_forest,0,0.41
12,random_forest,0,0.22
12,random_forest,0,0.02
12,random_forest,0,0.15
12,random_forest,0,0.15
12,random_forest,0,0.1
12,random_forest,0,0.44
12,random_forest,0,0.26
12,random_forest,0,0.37
12,random_forest,0,0.06
12,random_forest,0,0.36
12,random_forest,0,0.18
12,random_forest,0,0.18
12,random_forest,1,0.13
12,random_forest,0,0.15
12,random_forest,0,0.11
12,random_forest,0,0.4
12,random_forest,1,0.14
12,random_forest,0,0.36
12,random_forest,0,0.19
12,random_forest,0,0.45
12,random_forest,0,0.23
12,random_forest,0,0.18
12,random_forest,0,0.17
12,random_forest,0,0.0
12,random_forest,0,0.0
12,random_forest,0,0.0
12,random_forest,0,0.0
12,random_forest,0,0.05
12,random_forest,0,0.0
12,random_forest,0,0.0
12,random_forest,0,0.0
12,random_forest,0,0.0
12,random_forest,0,0.04
12,random_forest,0,0.0
12,random_forest,0,0.01
12,random_forest,0,0.01
12,random_forest,0,0.12
12,random_forest,0,0.01
12,random_forest,0,0.0
12,random_forest,0,0.0
12,random_forest,0,0.0
12,random_forest,0,0.02
12,random_forest,0,0.0
12,random_forest,0,0.13
12,random_forest,0,0.06
12,random_forest,1,0.55
12,random_forest,0,0.28
12,random_forest,0,0.34
12,random_forest,0,0.13
12,random_forest,0,0.33
12,random_forest,1,0.13
12,random_forest,0,0.3
12,random_forest,0,0.05
12,random_forest,1,0.19
12,random_forest,0,0.09
12,random_forest,0,0.28
12,random_forest,0,0.16
12,random_forest,0,0.47
12,random_forest,0,0.05
12,random_forest,1,0.31
12,random_forest,0,0.1
12,random_forest,0,0.18
12,random_forest,1,0.02
12,random_forest,0,0.24
12,random_forest,0,0.07
12,random_forest,1,0.29
12,random_forest,1,0.3
12,random_forest,0,0.45
12,random_forest,1,0.03
12,random_forest,0,0.2
12,random_forest,0,0.08
12,random_forest,0,0.19
12,random_forest,0,0.02
12,random_forest,0,0.14
12,random_forest,0,0.07
12,random_forest,1,0.26
12,random_forest,0,0.15
12,random_forest,0,0.21
12,random_forest,0,0.08
12,random_forest,1,0.26
12,random_forest,0,0.16
12,random_forest,0,0.19
12,random_forest,0,0.05
12,random_forest,0,0.18
12,random_forest,0,0.08
12,random_forest,0,0.08
12,random_forest,0,0.28
12,random_forest,0,0.18
12,random_forest,0,0.02
12,random_forest,1,0.45
12,random_forest,1,0.18
12,random_forest,1,0.25
12,random_forest,0,0.06
12,random_forest,0,0.0
12,random_forest,0,0.0
12,random_forest,0,0.06
12,random_forest,0,0.05
12,random_forest,0,0.0
12,random_forest,0,0.0
12,random_forest,0,0.02
12,random_forest,0,0.0
12,random_forest,0,0.0
12,random_forest,0,0.05
12,random_forest,0,0.0
12,random_forest,0,0.0
12,random_forest,0,0.01
12,random_forest,0,0.01
12,random_forest,0,0.03
12,random_forest,0,0.01
12,random_forest,0,0.01
12,random_forest,0,0.0
12,random_forest,0,0.0
12,random_forest,0,0.0
12,random_forest,0,0.32
12,random_forest,0,0.03
12,random_forest,0,0.22
12,random_forest,0,0.21
12,random_forest,0,0.08
12,random_forest,0,0.12
12,random_forest,0,0.35
12,random_forest,0,0.52
12,random_forest,0,0.25
12,random_forest,0,0.08
12,random_forest,0,0.17
12,random_forest,0,0.04
12,random_forest,1,0.39
12,random_forest,0,0.0
12,random_forest,0,0.08
12,random_forest,1,0.16
12,random_forest,0,0.25
12,random_forest,0,0.19
12,random_forest,0,0.41
12,random_forest,0,0.09
12,random_forest,0,0.18
12,random_forest,0,0.23
12,random_forest,0,0.25
12,random_forest,1,0.26
12,random_forest,0,0.12
12,random_forest,0,0.08
12,random_forest,0,0.3
12,random_forest,0,0.37
12,random_forest,0,0.39
12,random_forest,0,0.13
12,hist_gradient_boosting,0,0.00032493981407793294
12,hist_gradient_boosting,0,0.00023075073674608476
12,hist_gradient_boosting,0,0.0036295843012465853
12,hist_gradient_boosting,0,0.0001775436375929045
12,hist_gradient_boosting,0,0.0002223710232195205
12,hist_gradient_boosting,0,0.00012919470552629774
12,hist_gradient_boosting,0,0.0002504632804482645
12,hist_gradient_boosting,0,0.00017597014651007673
12,hist_gradient_boosting,0,0.09426128824332368
12,hist_gradient_boosting,0,0.000643406391272575
12,hist_gradient_boosting,0,0.12244327518280418
12,hist_gradient_boosting,0,0.06442748708804864
12,hist_gradient_boosting,1,0.20115469661116234
12,hist_gradient_boosting,0,0.15492167924248304
12,hist_gradient_boosting,0,0.07477674958043165
12,hist_gradient_boosting,0,0.032414268692660744
12,hist_gradient_boosting,0,0.10880045063028193
12,hist_gradient_boosting,0,0.0665801901950666
12,hist_gradient_boosting,1,0.25793122225674003
12,hist_gradient_boosting,0,0.048669115505193906
12,hist_gradient_boosting,0,0.04383586233966302
12,hist_gradient_boosting,0,0.04637110688377109
12,hist_gradient_boosting,1,0.7721577550943294
12,hist_gradient_boosting,1,0.36563698728654714
12,hist_gradient_boosting,0,0.030872246325113047
12,hist_gradient_boosting,0,0.05174073774991149
12,hist_gradient_boosting,0,0.2327268197458043
12,hist_gradient_boosting,0,0.02428141417264458
12,hist_gradient_boosting,0,0.15577713589611455
12,hist_gradient_boosting,0,0.03373144475237898
12,hist_gradient_boosting,0,0.03743067781588013
12,hist_gradient_boosting,0,0.07162425634974051
12,hist_gradient_boosting,1,0.3451882809185484
12,hist_gradient_boosting,0,0.07469214360188892
12,hist_gradient_boosting,0,0.1619849201014087
12,hist_gradient_boosting,1,0.08535819929491088
12,hist_gradient_boosting,0,0.2583530829034856
12,hist_gradient_boosting,0,0.0811948732757981
12,hist_gradient_boosting,0,0.211143005708819
12,hist_gradient_boosting,1,0.06424961331945188
12,hist_gradient_boosting,0,0.062090274944223964
12,hist_gradient_boosting,0,0.12298387187900743
12,hist_gradient_boosting,0,0.3332177671733112
12,hist_gradient_boosting,0,0.08266532497370893
12,hist_gradient_boosting,0,0.07685663970011247
12,hist_gradient_boosting,0,0.09930860692770906
12,hist_gradient_boosting,0,0.1552746399716726
12,hist_gradient_boosting,1,0.11374311237472837
12,hist_gradient_boosting,0,0.1504052705745783
12,hist_gradient_boosting,0,0.04186993451469461
12,hist_gradient_boosting,1,0.18151641936790255
12,hist_gradient_boosting,0,0.12297688368150822
12,hist_gradient_boosting,1,0.21163393794889032
12,hist_gradient_boosting,0,0.3975721286366651
12,hist_gradient_boosting,0,0.11474031190722772
12,hist_gradient_boosting,0,0.059845286093285585
12,hist_gradient_boosting,0,0.256918035975552
12,hist_gradient_boosting,0,0.06035162589496006
12,hist_gradient_boosting,0,0.1537390610161119
12,hist_gradient_boosting,0,0.07845089152796536
12,hist_gradient_boosting,0,0.00021809935936445922
12,hist_gradient_boosting,0,0.0002915685425643628
12,hist_gradient_boosting,0,0.00017800681075542637
12,hist_gradient_boosting,0,0.0002227051935732607
12,hist_gradient_boosting,0,0.0001469729558513666
12,hist_gradient_boosting,0,0.00048292363238857994
12,hist_gradient_boosting,0,0.00044485031961220443
12,hist_gradient_boosting,0,0.0002089789110418783
12,hist_gradient_boosting,0,0.005051058092691551
12,hist_gradient_boosting,0,0.0038281925040414095
12,hist_gradient_boosting,0,0.00024495295116506614
12,hist_gradient_boosting,0,0.00023067814171453068
12,hist_gradient_boosting,0,0.00020928871964478915
12,hist_gradient_boosting,0,0.00015238926798839618
12,hist_gradient_boosting,0,0.00034217039759847957
12,hist_gradient_boosting,0,0.0002380470385566444
12,hist_gradient_boosting,0,0.0002224500225016596
12,hist_gradient_boosting,0,0.00020669261146010138
12,hist_gradient_boosting,0,0.004338697938768241
12,hist_gradient_boosting,0,0.0026437379180098202
12,hist_gradient_boosting,1,0.2555227633745812
12,hist_gradient_boosting,0,0.11434983760290948
12,hist_gradient_boosting,1,0.05996716822614393
12,hist_gradient_boosting,1,0.2211988115374144
12,hist_gradient_boosting,0,0.06893481080343702
12,hist_gradient_boosting,0,0.058383602056483706
12,hist_gradient_boosting,1,0.466270152709411
12,hist_gradient_boosting,0,0.05246945838088346
12,hist_gradient_boosting,0,0.17486498737412112
12,hist_gradient_boosting,0,0.1313342335486768
12,hist_gradient_boosting,0,0.11095394515962673
12,hist_gradient_boosting,0,0.18656548735119127
12,hist_gradient_boosting,1,0.27068227164230163
12,hist_gradient_boosting,0,0.06307566947704749
12,hist_gradient_boosting,0,0.03695704660698319
12,hist_gradient_boosting,0,0.065599903773328
12,hist_gradient_boosting,1,0.20139347751851452
12,hist_gradient_boosting,0,0.1512106767147703
12,hist_gradient_boosting,1,0.2100387541095871
12,hist_gradient_boosting,0,0.08496277056198907
12,hist_gradient_boosting,0,0.05580178240194775
12,hist_gradient_boosting,0,0.20328248739964364
12,hist_gradient_boosting,0,0.263825642836677
12,hist_gradient_boosting,0,0.34880967334231877
12,hist_gradient_boosting,0,0.02960830574387694
12,hist_gradient_boosting,1,0.07151109560915736
12,hist_gradient_boosting,0,0.25522716121310757
12,hist_gradient_boosting,0,0.14696529233915723
12,hist_gradient_boosting,1,0.24091632461039167
12,hist_gradient_boosting,0,0.06290975642800978
12,hist_gradient_boosting,0,0.1467512615647991
12,hist_gradient_boosting,0,0.06630985676039437
12,hist_gradient_boosting,0,0.1932764852074419
12,hist_gradient_boosting,0,0.09352271420235692
12,hist_gradient_boosting,0,0.03278192403023018
12,hist_gradient_boosting,0,0.0886400005725553
12,hist_gradient_boosting,0,0.2688617259424351
12,hist_gradient_boosting,1,0.1277719540755154
12,hist_gradient_boosting,0,0.1694233436137738
12,hist_gradient_boosting,0,0.1283272174016272
12,hist_gradient_boosting,0,0.19498355963952
12,hist_gradient_boosting,0,0.08318430021631446
12,hist_gradient_boosting,0,0.15493097258298988
12,hist_gradient_boosting,0,0.055608858560218695
12,hist_gradient_boosting,0,0.04686903285950181
12,hist_gradient_boosting,0,0.05859352672661298
12,hist_gradient_boosting,0,0.3085214075418845
12,hist_gradient_boosting,0,0.2729884667439911
12,hist_gradient_boosting,0,0.2205066440691908
12,hist_gradient_boosting,0,0.06681382475146702
12,hist_gradient_boosting,0,0.00019904118271346467
12,hist_gradient_boosting,0,0.0005385550144209788
12,hist_gradient_boosting,0,0.004502192438040448
12,hist_gradient_boosting,0,0.00013748383882897968
12,hist_gradient_boosting,0,0.00044786401597966325
12,hist_gradient_boosting,0,0.0001503683411673749
12,hist_gradient_boosting,0,0.00023972845057369948
12,hist_gradient_boosting,0,0.00014685232135345095
12,hist_gradient_boosting,0,0.00020068667563809847
12,hist_gradient_boosting,0,0.00029488950565594805
12,hist_gradient_boosting,0,0.0004155734015214766
12,hist_gradient_boosting,0,0.0009803558120614723
12,hist_gradient_boosting,0,0.00037564209107518546
12,hist_gradient_boosting,0,0.0009060425945924577
12,hist_gradient_boosting,0,0.0011518845341901513
12,hist_gradient_boosting,0,0.000616818613073362
12,hist_gradient_boosting,0,0.0002126999755496828
12,hist_gradient_boosting,0,0.0001739169262111695
12,hist_gradient_boosting,0,0.0020801288464723992
12,hist_gradient_boosting,0,0.00033504043202932653
12,hist_gradient_boosting,0,0.05957426661454705
12,hist_gradient_boosting,0,0.09765158278185479
12,hist_gradient_boosting,0,0.04678656485869952
12,hist_gradient_boosting,0,0.07242442123288519
12,hist_gradient_boosting,1,0.09156871597258608
12,hist_gradient_boosting,0,0.05075440208257662
12,hist_gradient_boosting,0,0.26520686022033735
12,hist_gradient_boosting,1,0.06679050739043557
12,hist_gradient_boosting,0,0.2516982217441919
12,hist_gradient_boosting,0,0.05906962164697189
12,hist_gradient_boosting,1,0.26678059398852366
12,hist_gradient_boosting,0,0.11666268666919107
12,hist_gradient_boosting,0,0.3849961536467519
12,hist_gradient_boosting,0,0.054448768209261596
12,hist_gradient_boosting,0,0.21867548003691556
12,hist_gradient_boosting,0,0.10408296178513535
12,hist_gradient_boosting,0,0.22744046960436362
12,hist_gradient_boosting,0,0.08271564779442105
12,hist_gradient_boosting,0,0.17245579793501006
12,hist_gradient_boosting,1,0.05237323486607962
12,hist_gradient_boosting,0,0.1749786716097564
12,hist_gradient_boosting,0,0.1867195667085614
12,hist_gradient_boosting,0,0.12210090550236342
12,hist_gradient_boosting,1,0.17679065290256787
12,hist_gradient_boosting,0,0.014014501776580413
12,hist_gradient_boosting,0,0.0971836443437741
12,hist_gradient_boosting,0,0.360426494483618
12,hist_gradient_boosting,0,0.14456585777369607
12,hist_gradient_boosting,0,0.26016180755149065
12,hist_gradient_boosting,0,0.0409784997361466
12,hist_gradient_boosting,0,0.11534680564763924
12,hist_gradient_boosting,0,0.09295616657607776
12,hist_gradient_boosting,0,0.1578001352048379
12,hist_gradient_boosting,0,0.1407088485230006
12,hist_gradient_boosting,0,0.037942237616067874
12,hist_gradient_boosting,0,0.10242301304657114
12,hist_gradient_boosting,0,0.2367960294855721
12,hist_gradient_boosting,0,0.08914553096477047
12,hist_gradient_boosting,1,0.25440253227174203
12,hist_gradient_boosting,0,0.07100869847142102
12,hist_gradient_boosting,0,0.09296154259251581
12,hist_gradient_boosting,0,0.13911675335491963
12,hist_gradient_boosting,0,0.14923424984871678
12,hist_gradient_boosting,0,0.07359975458432685
12,hist_gradient_boosting,0,0.03213173276436005
12,hist_gradient_boosting,0,0.10200496054567464
12,hist_gradient_boosting,0,0.2751261168911009
12,hist_gradient_boosting,0,0.06818079592096177
12,hist_gradient_boosting,0,0.1374991551851992
12,hist_gradient_boosting,0,0.12940987293316805
12,hist_gradient_boosting,0,0.0002124984884429662
12,hist_gradient_boosting,0,0.00015672905128361362
12,hist_gradient_boosting,0,0.00020514809354141988
12,hist_gradient_boosting,0,0.017281298818559044
12,hist_gradient_boosting,0,0.0007680879515810546
12,hist_gradient_boosting,0,0.000898961539365158
12,hist_gradient_boosting,0,0.00014398880346966437
12,hist_gradient_boosting,0,0.00020168422586426128
12,hist_gradient_boosting,0,0.008204631039252725
12,hist_gradient_boosting,0,0.00020716482724991597
12,hist_gradient_boosting,0,0.0001679478414277934
12,hist_gradient_boosting,0,0.00041921242621325157
12,hist_gradient_boosting,0,0.0056308760398453145
12,hist_gradient_boosting,0,0.00036064870241180177
12,hist_gradient_boosting,0,0.00020235899977316216
12,hist_gradient_boosting,0,0.0008035038903509123
12,hist_gradient_boosting,0,0.0005123694805957409
12,hist_gradient_boosting,0,9.551364944801402e-05
12,hist_gradient_boosting,0,0.0016668847024492713
12,hist_gradient_boosting,0,0.0003529775924238163
12,hist_gradient_boosting,0,0.05688616240891664
12,hist_gradient_boosting,0,0.05315802837658454
12,hist_gradient_boosting,0,0.17227992423486524
12,hist_gradient_boosting,0,0.14292350318512373
12,hist_gradient_boosting,0,0.13572436266256688
12,hist_gradient_boosting,0,0.07356056813165908
12,hist_gradient_boosting,0,0.20171155712488245
12,hist_gradient_boosting,0,0.1769653277278932
12,hist_gradient_boosting,0,0.35238434228407395
12,hist_gradient_boosting,0,0.025015198815046498
12,hist_gradient_boosting,0,0.1207860967616778
12,hist_gradient_boosting,0,0.059077631926774406
12,hist_gradient_boosting,0,0.10249055725651234
12,hist_gradient_boosting,1,0.10369384766820923
12,hist_gradient_boosting,0,0.1882616406594873
12,hist_gradient_boosting,0,0.13044953595581266
12,hist_gradient_boosting,0,0.17680446535203256
12,hist_gradient_boosting,0,0.12261503616468362
12,hist_gradient_boosting,0,0.28028144299908586
12,hist_gradient_boosting,0,0.06622124053080256
12,hist_gradient_boosting,0,0.19744472033505941
12,hist_gradient_boosting,0,0.08482290322954562
12,hist_gradient_boosting,0,0.16220208390524785
12,hist_gradient_boosting,0,0.062336254550332273
12,hist_gradient_boosting,0,0.1653358579285998
12,hist_gradient_boosting,0,0.14681678277250393
12,hist_gradient_boosting,1,0.39542099140345716
12,hist_gradient_boosting,0,0.09100891136271373
12,hist_gradient_boosting,0,0.3457536255570626
12,hist_gradient_boosting,0,0.05946086758749578
12,hist_gradient_boosting,0,0.3445501479271156
12,hist_gradient_boosting,1,0.24535458076770492
12,hist_gradient_boosting,1,0.12943532670755636
12,hist_gradient_boosting,0,0.14063885180676827
12,hist_gradient_boosting,0,0.07731503647024596
12,hist_gradient_boosting,0,0.037076381381626576
12,hist_gradient_boosting,0,0.24028459878231878
12,hist_gradient_boosting,0,0.09404989672503648
12,hist_gradient_boosting,0,0.17370582536416074
12,hist_gradient_boosting,0,0.0915904030015479
12,hist_gradient_boosting,0,0.037789568306115746
12,hist_gradient_boosting,0,0.09682401632048868
12,hist_gradient_boosting,0,0.3495496286068756
12,hist_gradient_boosting,0,0.023920844775363596
12,hist_gradient_boosting,0,0.0835561641912962
12,hist_gradient_boosting,0,0.10710743385281336
12,hist_gradient_boosting,1,0.36008825532315863
12,hist_gradient_boosting,0,0.0656183964267001
12,hist_gradient_boosting,0,0.2279954729034377
12,hist_gradient_boosting,0,0.0174884128823812
12,hist_gradient_boosting,0,0.00036444975899909527
12,hist_gradient_boosting,0,0.0003365403283353865
12,hist_gradient_boosting,0,0.0009123813957068633
12,hist_gradient_boosting,0,0.004789526665530704
12,hist_gradient_boosting,0,0.0007949452983927357
12,hist_gradient_boosting,0,0.0005529479385779357
12,hist_gradient_boosting,0,0.00033063746315917974
12,hist_gradient_boosting,0,0.00018534025855029018
12,hist_gradient_boosting,0,0.002329893706588462
12,hist_gradient_boosting,0,0.0002300805730239228
12,hist_gradient_boosting,0,0.0007616293406635246
12,hist_gradient_boosting,0,0.0001908415380833122
12,hist_gradient_boosting,0,0.0045332204859153905
12,hist_gradient_boosting,0,0.000677582302635364
12,hist_gradient_boosting,0,0.00023207176194956912
12,hist_gradient_boosting,0,0.00018714410821500102
12,hist_gradient_boosting,0,0.0009044459885870355
12,hist_gradient_boosting,0,0.0001965150657089979
12,hist_gradient_boosting,0,0.00017679126085631816
12,hist_gradient_boosting,0,0.015152694144075206
12,hist_gradient_boosting,0,0.11006878274453238
12,hist_gradient_boosting,0,0.08268967978989827
12,hist_gradient_boosting,1,0.07180366911922813
12,hist_gradient_boosting,0,0.07971255060442989
12,hist_gradient_boosting,0,0.05414230040843126
12,hist_gradient_boosting,0,0.13455649599709316
12,hist_gradient_boosting,0,0.3689989766571858
12,hist_gradient_boosting,1,0.062145840264544915
12,hist_gradient_boosting,0,0.21557620409342684
12,hist_gradient_boosting,0,0.06858374344833473
12,hist_gradient_boosting,0,0.09951844961904978
12,hist_gradient_boosting,0,0.07707126795067151
12,hist_gradient_boosting,0,0.30366361378992157
12,hist_gradient_boosting,0,0.1817656016633036
12,hist_gradient_boosting,0,0.04969125377984104
12,hist_gradient_boosting,0,0.040824660703449596
12,hist_gradient_boosting,0,0.20528765562237886
12,hist_gradient_boosting,0,0.16223815305462846
12,hist_gradient_boosting,0,0.2918617040643411
12,hist_gradient_boosting,0,0.03498546883581914
12,hist_gradient_boosting,0,0.08349302896390079
12,hist_gradient_boosting,0,0.09633746012270199
12,hist_gradient_boosting,0,0.09851128723778015
12,hist_gradient_boosting,0,0.20071369924056148
12,hist_gradient_boosting,0,0.06807507456915916
12,hist_gradient_boosting,0,0.05453215532347436
12,hist_gradient_boosting,0,0.1842356236500715
12,hist_gradient_boosting,0,0.4563000933722663
12,hist_gradient_boosting,0,0.1832540299689598
12,hist_gradient_boosting,0,0.17018299578328094
12,hist_gradient_boosting,0,0.038902554463238585
12,hist_gradient_boosting,1,0.1405647580974515
12,hist_gradient_boosting,0,0.38972103807295566
12,hist_gradient_boosting,0,0.3886827305273873
12,hist_gradient_boosting,0,0.04653827954745272
12,hist_gradient_boosting,0,0.11442493982128796
12,hist_gradient_boosting,1,0.2785530178717924
12,hist_gradient_boosting,0,0.11961238052892145
12,hist_gradient_boosting,0,0.11271802918372163
12,hist_gradient_boosting,0,0.17604878098793944
12,hist_gradient_boosting,0,0.22959801743353658
12,hist_gradient_boosting,0,0.1006657643184482
12,hist_gradient_boosting,0,0.24717472593497786
12,hist_gradient_boosting,1,0.16782906597752378
12,hist_gradient_boosting,0,0.04312156242662519
12,hist_gradient_boosting,0,0.06839359704598295
12,hist_gradient_boosting,1,0.1389785780881795
12,hist_gradient_boosting,0,0.14266397348142476
12,hist_gradient_boosting,1,0.13203838887024566
12,hist_gradient_boosting,0,0.07728537824272692
12,hist_gradient_boosting,0,0.00024107240255238422
12,hist_gradient_boosting,0,0.00035820509675191795
12,hist_gradient_boosting,0,0.00014577934795357517
12,hist_gradient_boosting,0,0.0034643736744299864
12,hist_gradient_boosting,0,0.00011822024980778926
12,hist_gradient_boosting,0,0.0003829364586648928
12,hist_gradient_boosting,0,0.00020457405811035841
12,hist_gradient_boosting,0,0.00045900135587284156
12,hist_gradient_boosting,0,0.00021828425108919928
12,hist_gradient_boosting,0,0.00015823313508665318
12,hist_gradient_boosting,0,0.00036769551996467854
12,hist_gradient_boosting,0,0.0002760193314300008
12,hist_gradient_boosting,0,0.0018908690673742963
12,hist_gradient_boosting,0,0.0037379752028756804
12,hist_gradient_boosting,0,0.00010188885215251286
12,hist_gradient_boosting,0,0.0002897570730329255
12,hist_gradient_boosting,0,0.0001989222361989316
12,hist_gradient_boosting,0,0.0004700170916593433
12,hist_gradient_boosting,0,0.00039326339821852763
12,hist_gradient_boosting,0,0.00017665991694491373
12,hist_gradient_boosting,1,0.09591171567797797
12,hist_gradient_boosting,0,0.17722917380376096
12,hist_gradient_boosting,0,0.16581915094675306
12,hist_gradient_boosting,0,0.055486095084456614
12,hist_gradient_boosting,0,0.035507628840768704
12,hist_gradient_boosting,0,0.19895492242183588
12,hist_gradient_boosting,1,0.12681971230601105
12,hist_gradient_boosting,0,0.1492250135254332
12,hist_gradient_boosting,1,0.5001112741282303
12,hist_gradient_boosting,0,0.08143299544514539
12,hist_gradient_boosting,0,0.09907382542155883
12,hist_gradient_boosting,0,0.08300130301809105
12,hist_gradient_boosting,0,0.13214126461177345
12,hist_gradient_boosting,0,0.11755800653168658
12,hist_gradient_boosting,0,0.04230055151686573
12,hist_gradient_boosting,0,0.07762405011348134
12,hist_gradient_boosting,0,0.22291674109768714
12,hist_gradient_boosting,1,0.09562360487773904
12,hist_gradient_boosting,0,0.08868906521671932
12,hist_gradient_boosting,0,0.01707092472139145
12,hist_gradient_boosting,0,0.186868746322529
12,hist_gradient_boosting,0,0.06557372072828446
12,hist_gradient_boosting,1,0.1167589101471813
12,hist_gradient_boosting,0,0.04954497600640261
12,hist_gradient_boosting,0,0.05884766743263433
12,hist_gradient_boosting,0,0.05386704887813515
12,hist_gradient_boosting,0,0.4870430074856558
12,hist_gradient_boosting,0,0.19727310641276996
12,hist_gradient_boosting,0,0.1277605511381769
12,hist_gradient_boosting,0,0.036135693532951985
12,hist_gradient_boosting,0,0.26729190006424514
12,hist_gradient_boosting,0,0.08712079348411239
12,hist_gradient_boosting,0,0.06312572235965079
12,hist_gradient_boosting,0,0.021464413181495612
12,hist_gradient_boosting,0,0.0379429191301331
12,hist_gradient_boosting,0,0.10324044689989177
12,hist_gradient_boosting,0,0.38515325570373765
12,hist_gradient_boosting,1,0.20856036231813072
12,hist_gradient_boosting,0,0.14119436291872212
12,hist_gradient_boosting,1,0.21613738764891283
12,hist_gradient_boosting,0,0.20535953671024182
12,hist_gradient_boosting,0,0.04472183890575809
12,hist_gradient_boosting,1,0.025613318076867113
12,hist_gradient_boosting,0,0.038487475319488734
12,hist_gradient_boosting,1,0.05710971332758287
12,hist_gradient_boosting,0,0.11973708135358035
12,hist_gradient_boosting,0,0.30157608400560393
12,hist_gradient_boosting,0,0.1469563814481296
12,hist_gradient_boosting,0,0.0908143613878055
12,hist_gradient_boosting,0,0.038385479181401276
12,hist_gradient_boosting,0,0.00023073853526010645
12,hist_gradient_boosting,0,0.000236290636491319
12,hist_gradient_boosting,0,0.00023897727777284338
12,hist_gradient_boosting,0,0.0002876213282774462
12,hist_gradient_boosting,0,0.00047498641909664844
12,hist_gradient_boosting,0,0.0002971050369754878
12,hist_gradient_boosting,0,0.00018731091212095168
12,hist_gradient_boosting,0,0.00029271019987568773
12,hist_gradient_boosting,0,0.0004685166782839423
12,hist_gradient_boosting,0,0.00026899580650865463
12,hist_gradient_boosting,0,0.00024079738121289746
12,hist_gradient_boosting,0,0.00016533444496894667
12,hist_gradient_boosting,0,0.0001540791868982196
12,hist_gradient_boosting,0,0.00046308846925723394
12,hist_gradient_boosting,0,0.00017913435784306175
12,hist_gradient_boosting,0,0.000592812462395822
12,hist_gradient_boosting,0,0.00044183493810871083
12,hist_gradient_boosting,0,0.00029603701115887425
12,hist_gradient_boosting,0,0.00046712508597513314
12,hist_gradient_boosting,0,0.0019498931160739483
12,hist_gradient_boosting,0,0.10022149706368991
12,hist_gradient_boosting,0,0.09921676911617588
12,hist_gradient_boosting,0,0.3810946407599006
12,hist_gradient_boosting,0,0.012528137516369017
12,hist_gradient_boosting,0,0.08488760548223406
12,hist_gradient_boosting,0,0.08427652561326611
12,hist_gradient_boosting,1,0.17075694168258854
12,hist_gradient_boosting,0,0.040530413990398875
12,hist_gradient_boosting,1,0.15290705669482038
12,hist_gradient_boosting,0,0.16846156739145382
12,hist_gradient_boosting,0,0.06196074358590431
12,hist_gradient_boosting,0,0.07009687110200132
12,hist_gradient_boosting,1,0.11196307240197788
12,hist_gradient_boosting,1,0.12241267186543758
12,hist_gradient_boosting,0,0.06341337530420006
12,hist_gradient_boosting,0,0.13134048128580184
12,hist_gradient_boosting,0,0.2348749391478263
12,hist_gradient_boosting,0,0.12247038547113152
12,hist_gradient_boosting,0,0.4823899490541619
12,hist_gradient_boosting,0,0.030814828662999064
12,hist_gradient_boosting,0,0.37244851576666516
12,hist_gradient_boosting,0,0.09219935718306925
12,hist_gradient_boosting,0,0.07368444605611232
12,hist_gradient_boosting,0,0.20288474055372915
12,hist_gradient_boosting,0,0.1449947262215187
12,hist_gradient_boosting,0,0.0754379344588673
12,hist_gradient_boosting,1,0.3156188550571077
12,hist_gradient_boosting,0,0.08317669221788127
12,hist_gradient_boosting,0,0.1855152374045373
12,hist_gradient_boosting,0,0.06348897446759233
12,hist_gradient_boosting,0,0.2101750120759725
12,hist_gradient_boosting,0,0.05340690441842764
12,hist_gradient_boosting,0,0.3538605332138631
12,hist_gradient_boosting,0,0.2063220558250488
12,hist_gradient_boosting,0,0.02253731543452972
12,hist_gradient_boosting,0,0.029833079553021728
12,hist_gradient_boosting,0,0.12374484470628336
12,hist_gradient_boosting,0,0.18497728898378824
12,hist_gradient_boosting,0,0.355631856217945
12,hist_gradient_boosting,0,0.0779061836145868
12,hist_gradient_boosting,0,0.24782240243494233
12,hist_gradient_boosting,0,0.06620005829393676
12,hist_gradient_boosting,1,0.19858033618087795
12,hist_gradient_boosting,0,0.13876487286882255
12,hist_gradient_boosting,0,0.05528279999129441
12,hist_gradient_boosting,0,0.14604562183340125
12,hist_gradient_boosting,1,0.2508659891360482
12,hist_gradient_boosting,0,0.1938070128399968
12,hist_gradient_boosting,0,0.3011572830191975
12,hist_gradient_boosting,0,0.028319443796660064
12,hist_gradient_boosting,0,0.000330153633557937
12,hist_gradient_boosting,0,0.0002742245411247802
12,hist_gradient_boosting,0,0.00018653515757581217
12,hist_gradient_boosting,0,0.0016050367849489487
12,hist_gradient_boosting,0,0.0001368786231722313
12,hist_gradient_boosting,0,0.00024389682772406066
12,hist_gradient_boosting,0,0.0005587455503916135
12,hist_gradient_boosting,0,0.00020129014541587551
12,hist_gradient_boosting,0,0.003226270637735516
12,hist_gradient_boosting,0,0.0014689614510623955
12,hist_gradient_boosting,0,0.000175673707252509
12,hist_gradient_boosting,0,0.00031746531775942425
12,hist_gradient_boosting,0,0.00020862007693996044
12,hist_gradient_boosting,0,0.0002892952155331746
12,hist_gradient_boosting,0,0.0007054374211850517
12,hist_gradient_boosting,0,0.00014011747564463171
12,hist_gradient_boosting,0,0.0001759892686952902
12,hist_gradient_boosting,0,0.0003746581896114897
12,hist_gradient_boosting,0,0.00019769069958848956
12,hist_gradient_boosting,0,0.0019965113038166653
12,hist_gradient_boosting,0,0.12849330250637758
12,hist_gradient_boosting,0,0.02573895595352568
12,hist_gradient_boosting,1,0.11477508028889762
12,hist_gradient_boosting,0,0.045619111029925614
12,hist_gradient_boosting,0,0.04251173472947431
12,hist_gradient_boosting,0,0.10204001795120832
12,hist_gradient_boosting,0,0.14611917725954401
12,hist_gradient_boosting,0,0.17264709703671824
12,hist_gradient_boosting,0,0.07430873368822384
12,hist_gradient_boosting,0,0.019677729206347954
12,hist_gradient_boosting,0,0.2681713996154921
12,hist_gradient_boosting,0,0.033499481727944105
12,hist_gradient_boosting,0,0.2489240358825502
12,hist_gradient_boosting,0,0.06966942982907517
12,hist_gradient_boosting,0,0.25854030482163376
12,hist_gradient_boosting,0,0.582321644995933
12,hist_gradient_boosting,0,0.30091003435821295
12,hist_gradient_boosting,0,0.08490826034600311
12,hist_gradient_boosting,1,0.1969001940589015
12,hist_gradient_boosting,0,0.11586663173541938
12,hist_gradient_boosting,0,0.04321238021623463
12,hist_gradient_boosting,1,0.07359712981061767
12,hist_gradient_boosting,0,0.12744931353747493
12,hist_gradient_boosting,0,0.047482800449744116
12,hist_gradient_boosting,0,0.09838950229374933
12,hist_gradient_boosting,0,0.03949959082356005
12,hist_gradient_boosting,1,0.2562709245753049
12,hist_gradient_boosting,0,0.06147164047221319
12,hist_gradient_boosting,0,0.25461197306534683
12,hist_gradient_boosting,0,0.09185839932303569
12,hist_gradient_boosting,1,0.209297351486443
12,hist_gradient_boosting,1,0.07461096125500719
12,hist_gradient_boosting,0,0.1302044790439014
12,hist_gradient_boosting,1,0.12289649612507002
12,hist_gradient_boosting,0,0.07901434797718862
12,hist_gradient_boosting,0,0.03855334309832296
12,hist_gradient_boosting,0,0.2923446153687432
12,hist_gradient_boosting,0,0.11169476866118945
12,hist_gradient_boosting,0,0.09014033934789306
12,hist_gradient_boosting,1,0.02789283679668501
12,hist_gradient_boosting,0,0.1793458850135879
12,hist_gradient_boosting,0,0.26472459706194756
12,hist_gradient_boosting,0,0.2502376267193971
12,hist_gradient_boosting,0,0.05590611766057863
12,hist_gradient_boosting,0,0.11749960810903994
12,hist_gradient_boosting,0,0.09802864668184276
12,hist_gradient_boosting,1,0.21352131698043422
12,hist_gradient_boosting,0,0.11770588412524653
12,hist_gradient_boosting,0,0.32978279175350955
12,hist_gradient_boosting,0,0.1605117638671069
12,hist_gradient_boosting,0,0.0006464406120783961
12,hist_gradient_boosting,0,0.00023141945492902779
12,hist_gradient_boosting,0,0.0008612052508324008
12,hist_gradient_boosting,0,0.0004961913852293508
12,hist_gradient_boosting,0,0.00031718216506238623
12,hist_gradient_boosting,0,0.00036858180784153194
12,hist_gradient_boosting,0,0.0007844248972188603
12,hist_gradient_boosting,0,0.00041395909891611145
12,hist_gradient_boosting,0,0.006060198724627182
12,hist_gradient_boosting,0,0.00024287272512660488
12,hist_gradient_boosting,0,0.0003406512636769506
12,hist_gradient_boosting,0,0.00029170604306506836
12,hist_gradient_boosting,0,0.00028045053332062623
12,hist_gradient_boosting,0,0.00025795018968259787
12,hist_gradient_boosting,0,0.0006440417018059633
12,hist_gradient_boosting,0,0.0004029805160607473
12,hist_gradient_boosting,0,0.0010033443349007167
12,hist_gradient_boosting,0,0.00015669866098002734
12,hist_gradient_boosting,0,0.00983625480847589
12,hist_gradient_boosting,0,0.025537938878908234
12,hist_gradient_boosting,0,0.0703918310077848
12,hist_gradient_boosting,0,0.2140722729460015
12,hist_gradient_boosting,0,0.20236132481904381
12,hist_gradient_boosting,1,0.06850274362177763
12,hist_gradient_boosting,0,0.10133383117914392
12,hist_gradient_boosting,0,0.03916664627729271
12,hist_gradient_boosting,0,0.20303674104924152
12,hist_gradient_boosting,0,0.057545648099889726
12,hist_gradient_boosting,0,0.26081169934124804
12,hist_gradient_boosting,0,0.19048914294949182
12,hist_gradient_boosting,0,0.2630536850185379
12,hist_gradient_boosting,0,0.14606110842450723
12,hist_gradient_boosting,0,0.21048384534460562
12,hist_gradient_boosting,0,0.1098221665030737
12,hist_gradient_boosting,1,0.1043272591820188
12,hist_gradient_boosting,0,0.35909517820593
12,hist_gradient_boosting,1,0.23912486559621474
12,hist_gradient_boosting,0,0.46785913163367415
12,hist_gradient_boosting,0,0.26574645176116823
12,hist_gradient_boosting,0,0.1098302334508477
12,hist_gradient_boosting,0,0.06773700647192668
12,hist_gradient_boosting,0,0.05582165161318237
12,hist_gradient_boosting,0,0.24939282583038966
12,hist_gradient_boosting,0,0.1458893960823758
12,hist_gradient_boosting,0,0.13455810318346728
12,hist_gradient_boosting,0,0.1309670558861864
12,hist_gradient_boosting,0,0.19757146171671522
12,hist_gradient_boosting,0,0.26491889078546377
12,hist_gradient_boosting,1,0.3207151989850747
12,hist_gradient_boosting,0,0.033181666262866415
12,hist_gradient_boosting,0,0.0822628539745921
12,hist_gradient_boosting,0,0.021715713639186437
12,hist_gradient_boosting,0,0.5029083556116037
12,hist_gradient_boosting,1,0.19006645859003066
12,hist_gradient_boosting,0,0.06615242267832246
12,hist_gradient_boosting,0,0.3149860609206807
12,hist_gradient_boosting,1,0.17878384997140478
12,hist_gradient_boosting,0,0.22239426692901088
12,hist_gradient_boosting,1,0.17141963390303067
12,hist_gradient_boosting,0,0.09402658071591898
12,hist_gradient_boosting,1,0.2940837319311489
12,hist_gradient_boosting,0,0.25606005452631336
12,hist_gradient_boosting,0,0.2930599337974505
12,hist_gradient_boosting,0,0.27827180230892645
12,hist_gradient_boosting,0,0.06582062239916434
12,hist_gradient_boosting,0,0.025933710242457785
12,hist_gradient_boosting,0,0.4612014345637385
12,hist_gradient_boosting,1,0.11584060931036703
12,hist_gradient_boosting,1,0.36012224898072004
12,hist_gradient_boosting,0,0.058730347783073775
12,hist_gradient_boosting,0,0.0003885987024643891
12,hist_gradient_boosting,0,0.0004240504092363378
12,hist_gradient_boosting,0,0.0024722266182245537
12,hist_gradient_boosting,0,0.0699844738394276
12,hist_gradient_boosting,0,0.00030754676698342633
12,hist_gradient_boosting,0,0.0001454406208123579
12,hist_gradient_boosting,0,0.00045179656832787643
12,hist_gradient_boosting,0,0.00018738114117305117
12,hist_gradient_boosting,0,0.006833169048933652
12,hist_gradient_boosting,0,0.003612200237084415
12,hist_gradient_boosting,0,0.000362178873290585
12,hist_gradient_boosting,0,0.00021930772631728983
12,hist_gradient_boosting,0,0.00044514147142398527
12,hist_gradient_boosting,0,0.0007737189101019669
12,hist_gradient_boosting,0,0.00013344588222793298
12,hist_gradient_boosting,0,0.0002493353900586952
12,hist_gradient_boosting,0,0.0008615775360188584
12,hist_gradient_boosting,0,0.00012030033732360695
12,hist_gradient_boosting,0,0.0021656119537698387
12,hist_gradient_boosting,0,0.0028143643719727735
12,hist_gradient_boosting,0,0.18241509256755467
12,hist_gradient_boosting,0,0.08251074374202139
12,hist_gradient_boosting,0,0.1969585810960978
12,hist_gradient_boosting,0,0.22292386867777045
12,hist_gradient_boosting,0,0.08345741118000449
12,hist_gradient_boosting,0,0.014576103701918402
12,hist_gradient_boosting,0,0.27237266980574043
12,hist_gradient_boosting,0,0.22213143800959603
12,hist_gradient_boosting,0,0.16729373702540212
12,hist_gradient_boosting,0,0.1631578204780937
12,hist_gradient_boosting,0,0.19708070644094186
12,hist_gradient_boosting,0,0.09171572717156933
12,hist_gradient_boosting,0,0.26466415500842205
12,hist_gradient_boosting,0,0.08189806324719226
12,hist_gradient_boosting,0,0.03183356460685437
12,hist_gradient_boosting,0,0.03585648254593831
12,hist_gradient_boosting,0,0.11544399812262432
12,hist_gradient_boosting,0,0.1827058296644366
12,hist_gradient_boosting,0,0.1486956724545725
12,hist_gradient_boosting,0,0.04009811456233528
12,hist_gradient_boosting,0,0.08712485379052645
12,hist_gradient_boosting,0,0.1304962839385779
12,hist_gradient_boosting,0,0.39239830355986033
12,hist_gradient_boosting,0,0.0857357823554821
12,hist_gradient_boosting,0,0.08549303498946159
12,hist_gradient_boosting,0,0.019631426145422605
12,hist_gradient_boosting,0,0.42450926169317743
12,hist_gradient_boosting,1,0.4093540162205166
12,hist_gradient_boosting,1,0.17219994015765389
12,hist_gradient_boosting,1,0.05868556632994694
12,hist_gradient_boosting,0,0.15889029623139486
12,hist_gradient_boosting,0,0.13429425596508446
12,hist_gradient_boosting,1,0.2609024885537385
12,hist_gradient_boosting,0,0.10949559966786018
12,hist_gradient_boosting,0,0.0663069015484975
12,hist_gradient_boosting,0,0.04668236862165194
12,hist_gradient_boosting,0,0.25144091069107133
12,hist_gradient_boosting,1,0.04971793896722389
12,hist_gradient_boosting,1,0.2593754238021577
12,hist_gradient_boosting,0,0.0160346199866688
12,hist_gradient_boosting,0,0.0331817420195681
12,hist_gradient_boosting,0,0.07777508174198508
12,hist_gradient_boosting,0,0.4135336378241562
12,hist_gradient_boosting,0,0.14671674205523813
12,hist_gradient_boosting,0,0.01891703702701113
12,hist_gradient_boosting,0,0.07483259600940316
12,hist_gradient_boosting,1,0.32180792947892956
12,hist_gradient_boosting,0,0.215850478578069
12,hist_gradient_boosting,0,0.23216990422270012
12,hist_gradient_boosting,0,0.08984825472623639
12,hist_gradient_boosting,0,0.00035940497109553977
12,hist_gradient_boosting,0,0.0003187754595015554
12,hist_gradient_boosting,0,0.00013650898838082925
12,hist_gradient_boosting,0,0.002788280192988916
12,hist_gradient_boosting,0,0.00035928453401518404
12,hist_gradient_boosting,0,0.0002440028667249891
12,hist_gradient_boosting,0,0.00019995772172837374
12,hist_gradient_boosting,0,0.000184485911462259
12,hist_gradient_boosting,0,0.00300091449962636
12,hist_gradient_boosting,0,0.0014742647909519561
12,hist_gradient_boosting,0,0.00037826175007920997
12,hist_gradient_boosting,0,0.00018091588346681367
12,hist_gradient_boosting,0,0.0017057652796001609
12,hist_gradient_boosting,0,0.00017198142581441612
12,hist_gradient_boosting,0,0.00017942333832331322
12,hist_gradient_boosting,0,0.0009296863910239001
12,hist_gradient_boosting,0,0.0005725020091039125
12,hist_gradient_boosting,0,0.00017387467232569243
12,hist_gradient_boosting,0,0.00023194172000744653
12,hist_gradient_boosting,0,0.0003008233181047471
12,hist_gradient_boosting,0,0.33206807735045485
12,hist_gradient_boosting,0,0.14250804500922637
12,hist_gradient_boosting,0,0.15001908624272317
12,hist_gradient_boosting,1,0.45806178949031096
12,hist_gradient_boosting,0,0.03693439798614237
12,hist_gradient_boosting,0,0.07644029594981393
12,hist_gradient_boosting,0,0.10303030872383623
12,hist_gradient_boosting,0,0.1100038652328534
12,hist_gradient_boosting,1,0.13846989564856016
12,hist_gradient_boosting,0,0.0895091843413195
12,hist_gradient_boosting,0,0.503164418352278
12,hist_gradient_boosting,0,0.12129726857530626
12,hist_gradient_boosting,1,0.2682598976265716
12,hist_gradient_boosting,0,0.16014123940595806
12,hist_gradient_boosting,1,0.29497006451276586
12,hist_gradient_boosting,0,0.04048900828197852
12,hist_gradient_boosting,0,0.28939699601694274
12,hist_gradient_boosting,0,0.2582252460988992
12,hist_gradient_boosting,0,0.08360256066847925
12,hist_gradient_boosting,0,0.04350883295191522
12,hist_gradient_boosting,0,0.17543751060214438
12,hist_gradient_boosting,0,0.28308008871297563
12,hist_gradient_boosting,0,0.24722646975732843
12,hist_gradient_boosting,1,0.2227139789786349
12,hist_gradient_boosting,0,0.03303373067342094
12,hist_gradient_boosting,0,0.04800746567971489
12,hist_gradient_boosting,0,0.28233717727518726
12,hist_gradient_boosting,1,0.13692395835428744
12,hist_gradient_boosting,0,0.3656936116450252
12,hist_gradient_boosting,0,0.039170501990262584
12,hist_gradient_boosting,0,0.05167256250979856
12,hist_gradient_boosting,0,0.14541465665572756
12,hist_gradient_boosting,1,0.34551134141877093
12,hist_gradient_boosting,0,0.16856468164735885
12,hist_gradient_boosting,0,0.24595527956703084
12,hist_gradient_boosting,1,0.15574426538741562
12,hist_gradient_boosting,0,0.11527522835952002
12,hist_gradient_boosting,0,0.13389887976666026
12,hist_gradient_boosting,0,0.14836864294739324
12,hist_gradient_boosting,0,0.07209972513737974
12,hist_gradient_boosting,1,0.033078974943833994
12,hist_gradient_boosting,0,0.03937024464425658
12,hist_gradient_boosting,1,0.3406814123985858
12,hist_gradient_boosting,0,0.17987777494122312
12,hist_gradient_boosting,0,0.10968432485885875
12,hist_gradient_boosting,1,0.07982528063335659
12,hist_gradient_boosting,1,0.4184855573642013
12,hist_gradient_boosting,0,0.08248591888312927
12,hist_gradient_boosting,0,0.28798372618425505
12,hist_gradient_boosting,0,0.045699336001090864
12,hist_gradient_boosting,0,0.0009285656689016262
12,hist_gradient_boosting,0,0.0006540104574084577
12,hist_gradient_boosting,0,0.00014089579217799964
12,hist_gradient_boosting,0,0.0449115106538449
12,hist_gradient_boosting,0,0.00043132803018519964
12,hist_gradient_boosting,0,0.00013554843990693405
12,hist_gradient_boosting,0,0.0004111136665645681
12,hist_gradient_boosting,0,0.0001505094742875082
12,hist_gradient_boosting,0,0.00048070802110295423
12,hist_gradient_boosting,0,0.00010932725519972782
12,hist_gradient_boosting,0,0.00038983456249659773
12,hist_gradient_boosting,0,0.00046068893459037563
12,hist_gradient_boosting,0,0.0003805736419515384
12,hist_gradient_boosting,0,0.0005187539795787026
12,hist_gradient_boosting,0,0.0005778725583802691
12,hist_gradient_boosting,0,0.0002949334625788519
12,hist_gradient_boosting,0,0.0003075556514013383
12,hist_gradient_boosting,0,0.00021158369166011928
12,hist_gradient_boosting,0,0.0048829114879544765
12,hist_gradient_boosting,0,0.0002134391741010124
12,hist_gradient_boosting,0,0.13039856021169657
12,hist_gradient_boosting,0,0.06890015449762361
12,hist_gradient_boosting,0,0.24973660753987903
12,hist_gradient_boosting,0,0.20293209540789187
12,hist_gradient_boosting,0,0.23266940214886242
12,hist_gradient_boosting,0,0.03735341692174293
12,hist_gradient_boosting,1,0.24616208437780596
12,hist_gradient_boosting,0,0.12323599283598573
12,hist_gradient_boosting,1,0.31065945240914555
12,hist_gradient_boosting,0,0.035572923498260405
12,hist_gradient_boosting,0,0.13795441041050224
12,hist_gradient_boosting,0,0.06450539312885116
12,hist_gradient_boosting,0,0.11785247970333748
12,hist_gradient_boosting,0,0.09146093423973706
12,hist_gradient_boosting,0,0.06039967896020537
12,hist_gradient_boosting,0,0.06051994985915025
12,hist_gradient_boosting,0,0.1829368810108582
12,hist_gradient_boosting,1,0.17349812536543704
12,hist_gradient_boosting,0,0.10368818472754188
12,hist_gradient_boosting,0,0.017180909227476275
12,hist_gradient_boosting,0,0.05623615258507632
12,hist_gradient_boosting,0,0.06327563453562315
12,hist_gradient_boosting,1,0.31619870688506885
12,hist_gradient_boosting,1,0.04428979911140326
12,hist_gradient_boosting,1,0.1417317485557431
12,hist_gradient_boosting,0,0.031946904795348965
12,hist_gradient_boosting,0,0.13230781944509798
12,hist_gradient_boosting,0,0.13495414309852072
12,hist_gradient_boosting,0,0.2962301370999683
12,hist_gradient_boosting,0,0.0445875428184608
12,hist_gradient_boosting,0,0.255213645931426
12,hist_gradient_boosting,0,0.063452571727226
12,hist_gradient_boosting,0,0.297864472127739
12,hist_gradient_boosting,0,0.04777381435716556
12,hist_gradient_boosting,0,0.07586637667140322
12,hist_gradient_boosting,0,0.0771115504287762
12,hist_gradient_boosting,0,0.10609694619092475
12,hist_gradient_boosting,0,0.09963632655178441
12,hist_gradient_boosting,0,0.13778721066945768
12,hist_gradient_boosting,0,0.061043029309771665
12,hist_gradient_boosting,0,0.191670553430157
12,hist_gradient_boosting,1,0.12516258770756827
12,hist_gradient_boosting,0,0.18446536097129712
12,hist_gradient_boosting,0,0.12350218500115848
12,hist_gradient_boosting,0,0.06882036779121588
12,hist_gradient_boosting,0,0.09449704920762467
12,hist_gradient_boosting,1,0.17106698129554326
12,hist_gradient_boosting,0,0.15115231828310666
12,hist_gradient_boosting,1,0.1451173884917769
12,hist_gradient_boosting,0,0.0131066623303233
12,hist_gradient_boosting,0,0.00030180081297373056
12,hist_gradient_boosting,0,0.00017445957663812448
12,hist_gradient_boosting,0,0.0001568277336350143
12,hist_gradient_boosting,0,0.005401622004408284
12,hist_gradient_boosting,0,0.00017531150017264683
12,hist_gradient_boosting,0,0.001730012221465115
12,hist_gradient_boosting,0,0.0003309050766746192
12,hist_gradient_boosting,0,0.00026022724140191574
12,hist_gradient_boosting,0,0.0001905330864194693
12,hist_gradient_boosting,0,0.0005509313906557667
12,hist_gradient_boosting,0,0.00021562555537881604
12,hist_gradient_boosting,0,0.0003473669525074765
12,hist_gradient_boosting,0,0.00030968584580721704
12,hist_gradient_boosting,0,0.0003410839377774596
12,hist_gradient_boosting,0,0.0006226889594580239
12,hist_gradient_boosting,0,0.00011561849675888087
12,hist_gradient_boosting,0,0.0001888346312872758
12,hist_gradient_boosting,0,0.00030429275766814123
12,hist_gradient_boosting,0,0.00021478883111503797
12,hist_gradient_boosting,0,0.0003601359821852918
12,hist_gradient_boosting,0,0.3731207482906722
12,hist_gradient_boosting,0,0.05541442308754309
12,hist_gradient_boosting,0,0.018008942021634222
12,hist_gradient_boosting,0,0.06322818645183095
12,hist_gradient_boosting,0,0.0599287307941063
12,hist_gradient_boosting,0,0.12231399437276212
12,hist_gradient_boosting,0,0.34448322746142435
12,hist_gradient_boosting,0,0.22685001905406327
12,hist_gradient_boosting,1,0.1605590539096996
12,hist_gradient_boosting,0,0.034052792118474055
12,hist_gradient_boosting,0,0.32750119601082756
12,hist_gradient_boosting,0,0.12668408340118784
12,hist_gradient_boosting,0,0.04217611932747754
12,hist_gradient_boosting,0,0.3249707522606847
12,hist_gradient_boosting,0,0.1814259910901488
12,hist_gradient_boosting,1,0.056951691776902874
12,hist_gradient_boosting,0,0.2049030057070834
12,hist_gradient_boosting,0,0.1579069178056072
12,hist_gradient_boosting,1,0.4445641708308841
12,hist_gradient_boosting,0,0.0292537600702677
12,hist_gradient_boosting,0,0.14877982241264542
12,hist_gradient_boosting,0,0.04974718746289833
12,hist_gradient_boosting,0,0.18798535531778907
12,hist_gradient_boosting,0,0.14285153371798204
12,hist_gradient_boosting,0,0.18463875041673258
12,hist_gradient_boosting,1,0.052224292325359
12,hist_gradient_boosting,0,0.527575416358632
12,hist_gradient_boosting,0,0.11316969087905888
12,hist_gradient_boosting,0,0.0887325638064734
12,hist_gradient_boosting,0,0.052439508864764735
12,hist_gradient_boosting,0,0.2532046630170849
12,hist_gradient_boosting,0,0.1133699670797805
12,hist_gradient_boosting,0,0.4983845931817878
12,hist_gradient_boosting,0,0.09796587761328437
12,hist_gradient_boosting,0,0.10099245551131338
12,hist_gradient_boosting,1,0.19859508977038756
12,hist_gradient_boosting,0,0.23390751947484054
12,hist_gradient_boosting,0,0.10601923016294444
12,hist_gradient_boosting,0,0.15228732972299194
12,hist_gradient_boosting,0,0.05099314813627216
12,hist_gradient_boosting,0,0.402032281830502
12,hist_gradient_boosting,0,0.17918456977842742
12,hist_gradient_boosting,1,0.2792872258946543
12,hist_gradient_boosting,0,0.040643672037196085
12,hist_gradient_boosting,0,0.06953357354321073
12,hist_gradient_boosting,1,0.02401303785833722
12,hist_gradient_boosting,1,0.0678357894574816
12,hist_gradient_boosting,0,0.16037669859428413
12,hist_gradient_boosting,0,0.20061927788004902
12,hist_gradient_boosting,0,0.028241109623578824
12,hist_gradient_boosting,0,0.0006427828618747247
12,hist_gradient_boosting,0,0.0001881035097978346
12,hist_gradient_boosting,0,0.21533120082925614
12,hist_gradient_boosting,0,0.00017513229429670077
12,hist_gradient_boosting,0,0.00011793180560478708
12,hist_gradient_boosting,0,0.000223960235908426
12,hist_gradient_boosting,0,0.00018057291633977814
12,hist_gradient_boosting,0,0.00031819830722191973
12,hist_gradient_boosting,0,0.003143380002506388
12,hist_gradient_boosting,0,0.00023151685810915047
12,hist_gradient_boosting,0,0.0004422313300509694
12,hist_gradient_boosting,0,0.0006795701440898606
12,hist_gradient_boosting,0,0.0030583612168945964
12,hist_gradient_boosting,0,0.0007185950754130475
12,hist_gradient_boosting,0,0.0006780824310443996
12,hist_gradient_boosting,0,0.0002957195013082281
12,hist_gradient_boosting,0,0.00028966097218760626
12,hist_gradient_boosting,0,0.000246283028466988
12,hist_gradient_boosting,0,0.0003714164781322859
12,hist_gradient_boosting,0,0.00064093877106504
12,hist_gradient_boosting,0,0.14654875172151252
12,hist_gradient_boosting,0,0.05650429062706617
12,hist_gradient_boosting,0,0.11844621858971763
12,hist_gradient_boosting,0,0.11324977938019232
12,hist_gradient_boosting,0,0.0652678785889192
12,hist_gradient_boosting,0,0.06425541456697312
12,hist_gradient_boosting,1,0.132376884177773
12,hist_gradient_boosting,0,0.07323850364863047
12,hist_gradient_boosting,0,0.07848109848256432
12,hist_gradient_boosting,0,0.0384089456518989
12,hist_gradient_boosting,0,0.24020032084828688
12,hist_gradient_boosting,0,0.07616330457746
12,hist_gradient_boosting,0,0.32711290919786856
12,hist_gradient_boosting,0,0.10192488721390242
12,hist_gradient_boosting,0,0.12232032394217622
12,hist_gradient_boosting,0,0.06551212694006477
12,hist_gradient_boosting,1,0.04333889335667418
12,hist_gradient_boosting,1,0.13778196110660115
12,hist_gradient_boosting,0,0.10256237103400405
12,hist_gradient_boosting,0,0.028027488730912476
12,hist_gradient_boosting,0,0.2900530087457419
12,hist_gradient_boosting,0,0.07862780718709679
12,hist_gradient_boosting,1,0.4152753707174478
12,hist_gradient_boosting,0,0.09191834563027633
12,hist_gradient_boosting,1,0.05027426521543918
12,hist_gradient_boosting,0,0.05563485734751748
12,hist_gradient_boosting,0,0.14889974770794576
12,hist_gradient_boosting,1,0.16553399409292377
12,hist_gradient_boosting,0,0.332516824666895
12,hist_gradient_boosting,0,0.030011643519132263
12,hist_gradient_boosting,0,0.161358468375436
12,hist_gradient_boosting,0,0.08788726796685711
12,hist_gradient_boosting,1,0.619138102755833
12,hist_gradient_boosting,0,0.09181576141117621
12,hist_gradient_boosting,0,0.12436311514275049
12,hist_gradient_boosting,0,0.13977171815962472
12,hist_gradient_boosting,0,0.05026681967619667
12,hist_gradient_boosting,0,0.3297401370897802
12,hist_gradient_boosting,0,0.2851857152171111
12,hist_gradient_boosting,0,0.036953908241831736
12,hist_gradient_boosting,1,0.13828292164954606
12,hist_gradient_boosting,1,0.07089271926893355
12,hist_gradient_boosting,0,0.2899496363440309
12,hist_gradient_boosting,0,0.0409050514793113
12,hist_gradient_boosting,0,0.13219831384185726
12,hist_gradient_boosting,0,0.057318411443828675
12,hist_gradient_boosting,0,0.49379851170062533
12,hist_gradient_boosting,0,0.24475982294670237
12,hist_gradient_boosting,0,0.24062048435454686
12,hist_gradient_boosting,0,0.1403357435677356
12,hist_gradient_boosting,0,0.0003743503717708464
12,hist_gradient_boosting,0,0.0002924126592417027
12,hist_gradient_boosting,0,0.00040073808361657323
12,hist_gradient_boosting,0,0.00016961739783505795
12,hist_gradient_boosting,0,0.000127150945158627
12,hist_gradient_boosting,0,0.0004691661248537386
12,hist_gradient_boosting,0,0.00030048203849876437
12,hist_gradient_boosting,0,0.00019100834938191391
12,hist_gradient_boosting,0,0.00019040496610304934
12,hist_gradient_boosting,0,0.0002155278697853254
12,hist_gradient_boosting,0,0.0003116553495530541
12,hist_gradient_boosting,0,0.000273430645583521
12,hist_gradient_boosting,0,0.0001484285696278845
12,hist_gradient_boosting,0,0.02312567915497017
12,hist_gradient_boosting,0,0.00019706902942899778
12,hist_gradient_boosting,0,0.00039830339444876155
12,hist_gradient_boosting,0,0.0007694886475791893
12,hist_gradient_boosting,0,0.00023794363021301668
12,hist_gradient_boosting,0,0.00217536515776047
12,hist_gradient_boosting,0,0.0011392621685485406
12,hist_gradient_boosting,0,0.07378359695070966
12,hist_gradient_boosting,0,0.054155838443669516
12,hist_gradient_boosting,0,0.17945424712528787
12,hist_gradient_boosting,0,0.042793781093165895
12,hist_gradient_boosting,0,0.07329275726658753
12,hist_gradient_boosting,0,0.05450988668581898
12,hist_gradient_boosting,0,0.11106147792516728
12,hist_gradient_boosting,0,0.125986079333427
12,hist_gradient_boosting,1,0.4577451696407801
12,hist_gradient_boosting,0,0.08070802802999416
12,hist_gradient_boosting,0,0.18704191585647947
12,hist_gradient_boosting,0,0.19336607923558938
12,hist_gradient_boosting,1,0.5163010516578314
12,hist_gradient_boosting,0,0.19757550677745186
12,hist_gradient_boosting,0,0.04520493526192599
12,hist_gradient_boosting,0,0.08867664995575941
12,hist_gradient_boosting,0,0.1389815730455359
12,hist_gradient_boosting,0,0.07618507721855927
12,hist_gradient_boosting,0,0.1789683349957266
12,hist_gradient_boosting,0,0.13895221012393788
12,hist_gradient_boosting,0,0.09224719775111466
12,hist_gradient_boosting,0,0.07620696897070584
12,hist_gradient_boosting,0,0.1261682773716734
12,hist_gradient_boosting,1,0.29531040928404056
12,hist_gradient_boosting,0,0.1030474616426512
12,hist_gradient_boosting,0,0.06092737352448548
12,hist_gradient_boosting,0,0.12902383100943293
12,hist_gradient_boosting,0,0.10625988238620203
12,hist_gradient_boosting,1,0.22104702463087247
12,hist_gradient_boosting,0,0.04746995693086355
12,hist_gradient_boosting,0,0.08902055235337893
12,hist_gradient_boosting,1,0.1351562907935863
12,hist_gradient_boosting,0,0.2024797427318139
12,hist_gradient_boosting,0,0.19380004462896752
12,hist_gradient_boosting,0,0.1247468187763537
12,hist_gradient_boosting,0,0.07452769711132631
12,hist_gradient_boosting,0,0.4696225910850757
12,hist_gradient_boosting,0,0.12795029491797968
12,hist_gradient_boosting,0,0.13293455120074463
12,hist_gradient_boosting,0,0.07097293355030262
12,hist_gradient_boosting,0,0.0847964660927264
12,hist_gradient_boosting,0,0.09794021893982544
12,hist_gradient_boosting,0,0.12265981294332853
12,hist_gradient_boosting,0,0.21540434567662436
12,hist_gradient_boosting,0,0.2253723891021719
12,hist_gradient_boosting,0,0.06780765196009798
12,hist_gradient_boosting,0,0.10075398302705306
12,hist_gradient_boosting,0,0.05102429620419243
12,hist_gradient_boosting,0,0.23407265589142548
12,hist_gradient_boosting,0,0.05143871613537313
12,hist_gradient_boosting,0,0.00024419967585077596
12,hist_gradient_boosting,0,0.0008760309342728166
12,hist_gradient_boosting,0,0.0014272228163042867
12,hist_gradient_boosting,0,0.00023990562817780635
12,hist_gradient_boosting,0,0.00028187615653300517
12,hist_gradient_boosting,0,8.005693971012155e-05
12,hist_gradient_boosting,0,0.00020980630378420137
12,hist_gradient_boosting,0,0.000242796388811393
12,hist_gradient_boosting,0,0.00030014075701785347
12,hist_gradient_boosting,0,0.0008505790464642976
12,hist_gradient_boosting,0,0.000596905164688146
12,hist_gradient_boosting,0,0.00029633727088021716
12,hist_gradient_boosting,0,0.005368316969198887
12,hist_gradient_boosting,0,0.00031292063065614797
12,hist_gradient_boosting,0,0.00010204163897290532
12,hist_gradient_boosting,0,0.0005320589596599659
12,hist_gradient_boosting,0,0.00023428397012197598
12,hist_gradient_boosting,0,0.00016137768593886404
12,hist_gradient_boosting,0,0.15555603803181273
12,hist_gradient_boosting,0,0.00029547787712698724
12,hist_gradient_boosting,0,0.21724704257493013
12,hist_gradient_boosting,1,0.050933101531163934
12,hist_gradient_boosting,0,0.06578228219504269
12,hist_gradient_boosting,0,0.10546064588701362
12,hist_gradient_boosting,0,0.14802581095165224
12,hist_gradient_boosting,0,0.14059314751872135
12,hist_gradient_boosting,0,0.12821036315425094
12,hist_gradient_boosting,0,0.08450445463768949
12,hist_gradient_boosting,0,0.12310102906256536
12,hist_gradient_boosting,0,0.04798458542948289
12,hist_gradient_boosting,0,0.3398719039379352
12,hist_gradient_boosting,0,0.07247156561751038
12,hist_gradient_boosting,1,0.17257421973211678
12,hist_gradient_boosting,0,0.15009648350693178
12,hist_gradient_boosting,0,0.0709551291844473
12,hist_gradient_boosting,1,0.07825595972847094
12,hist_gradient_boosting,1,0.3272788052831576
12,hist_gradient_boosting,1,0.22763315300986914
12,hist_gradient_boosting,1,0.29649938704220197
12,hist_gradient_boosting,0,0.04035999179098987
12,hist_gradient_boosting,0,0.05545585442871765
12,hist_gradient_boosting,0,0.07514119508380494
12,hist_gradient_boosting,1,0.19714328608579731
12,hist_gradient_boosting,0,0.17121585065859546
12,hist_gradient_boosting,0,0.029727470399861417
12,hist_gradient_boosting,0,0.0553452234584558
12,hist_gradient_boosting,1,0.2606005323323308
12,hist_gradient_boosting,0,0.10629329232024569
12,hist_gradient_boosting,1,0.1630768372158991
12,hist_gradient_boosting,0,0.08150177038168913
12,hist_gradient_boosting,0,0.11056256208788344
12,hist_gradient_boosting,0,0.10094118954298345
12,hist_gradient_boosting,1,0.19540028747724308
12,hist_gradient_boosting,0,0.11115760404064902
12,hist_gradient_boosting,0,0.08279184468014583
12,hist_gradient_boosting,0,0.07061097827860661
12,hist_gradient_boosting,0,0.21357308769485117
12,hist_gradient_boosting,0,0.21353146923099162
12,hist_gradient_boosting,0,0.12448759378927172
12,hist_gradient_boosting,0,0.18427797785848715
12,hist_gradient_boosting,0,0.14076625106795163
12,hist_gradient_boosting,0,0.07866074539169306
12,hist_gradient_boosting,0,0.18961144087015142
12,hist_gradient_boosting,0,0.2571669256889212
12,hist_gradient_boosting,0,0.05134933840540516
12,hist_gradient_boosting,0,0.06288864868499897
12,hist_gradient_boosting,0,0.17923581745733635
12,hist_gradient_boosting,0,0.08813439368311322
12,hist_gradient_boosting,0,0.42117223832079304
12,hist_gradient_boosting,0,0.09070547696277498
12,hist_gradient_boosting,0,0.0002493014742816229
12,hist_gradient_boosting,0,0.00035987893090696946
12,hist_gradient_boosting,0,0.0004601051496297308
12,hist_gradient_boosting,0,0.0003645514546051818
12,hist_gradient_boosting,0,0.00035215864899561315
12,hist_gradient_boosting,0,9.469794991523164e-05
12,hist_gradient_boosting,0,0.00019669826522942494
12,hist_gradient_boosting,0,0.0004019008343422527
12,hist_gradient_boosting,0,0.0004974116772106543
12,hist_gradient_boosting,0,0.00018488838985590317
12,hist_gradient_boosting,0,0.00042129658371689463
12,hist_gradient_boosting,0,0.0012927712270743511
12,hist_gradient_boosting,0,0.00020456355344571425
12,hist_gradient_boosting,0,0.0005590685168778893
12,hist_gradient_boosting,0,0.00011428051409267708
12,hist_gradient_boosting,0,0.003340489059919096
12,hist_gradient_boosting,0,0.0001748930709280979
12,hist_gradient_boosting,0,0.00029612380853530324
12,hist_gradient_boosting,0,0.007740617168139357
12,hist_gradient_boosting,0,0.03028438992782715
12,hist_gradient_boosting,0,0.09017851429352644
12,hist_gradient_boosting,0,0.033719464377913025
12,hist_gradient_boosting,0,0.22289869725352873
12,hist_gradient_boosting,0,0.19799336538513718
12,hist_gradient_boosting,0,0.06253555788577693
12,hist_gradient_boosting,0,0.03374595738778717
12,hist_gradient_boosting,0,0.1370901525472283
12,hist_gradient_boosting,0,0.0935585337681808
12,hist_gradient_boosting,0,0.2942618259442921
12,hist_gradient_boosting,0,0.021944195469071535
12,hist_gradient_boosting,1,0.5641770946204265
12,hist_gradient_boosting,0,0.2728779166628407
12,hist_gradient_boosting,0,0.13657616099102937
12,hist_gradient_boosting,0,0.20112796591952528
12,hist_gradient_boosting,0,0.26531365044548416
12,hist_gradient_boosting,0,0.131289933133354
12,hist_gradient_boosting,1,0.37929813678661845
12,hist_gradient_boosting,1,0.06358341031535848
12,hist_gradient_boosting,0,0.176930609157809
12,hist_gradient_boosting,0,0.7581404404222777
12,hist_gradient_boosting,0,0.3656546210640266
12,hist_gradient_boosting,0,0.07932215336154803
12,hist_gradient_boosting,0,0.3507438940246209
12,hist_gradient_boosting,0,0.25564348693760214
12,hist_gradient_boosting,0,0.0508188194915179
12,hist_gradient_boosting,0,0.28749230680362775
12,hist_gradient_boosting,0,0.24408454485735434
12,hist_gradient_boosting,1,0.15414614954508382
12,hist_gradient_boosting,0,0.21660828390268508
12,hist_gradient_boosting,0,0.1183039109423598
12,hist_gradient_boosting,0,0.4856954652805194
12,hist_gradient_boosting,0,0.2953979660080498
12,hist_gradient_boosting,0,0.14946455266473632
12,hist_gradient_boosting,0,0.2147231595146607
12,hist_gradient_boosting,0,0.04656510909518924
12,hist_gradient_boosting,0,0.10568599390677849
12,hist_gradient_boosting,0,0.2605496384307186
12,hist_gradient_boosting,0,0.2708544705152912
12,hist_gradient_boosting,0,0.35414286741376744
12,hist_gradient_boosting,0,0.0810939981747021
12,hist_gradient_boosting,0,0.1724157748407101
12,hist_gradient_boosting,0,0.09386849917872611
12,hist_gradient_boosting,0,0.1413651277320723
12,hist_gradient_boosting,0,0.2963710200078237
12,hist_gradient_boosting,0,0.16411914369672764
12,hist_gradient_boosting,0,0.06840302224278222
12,hist_gradient_boosting,1,0.2775605372548896
12,hist_gradient_boosting,0,0.15108361869194595
12,hist_gradient_boosting,0,0.18206830282189365
12,hist_gradient_boosting,0,0.059475139794870645
12,hist_gradient_boosting,0,0.0001955321282597714
12,hist_gradient_boosting,0,0.0002444181816678241
12,hist_gradient_boosting,0,0.0005524150594816321
12,hist_gradient_boosting,0,0.0007449559863857309
12,hist_gradient_boosting,0,0.0001798105658780171
12,hist_gradient_boosting,0,0.00016820263569981172
12,hist_gradient_boosting,0,0.002028072982718718
12,hist_gradient_boosting,0,0.00014174522061127283
12,hist_gradient_boosting,0,0.00024913058505996474
12,hist_gradient_boosting,0,0.00018855674684621753
12,hist_gradient_boosting,0,0.00030997619583774793
12,hist_gradient_boosting,0,0.00021745463247373062
12,hist_gradient_boosting,0,0.000200108181525661
12,hist_gradient_boosting,0,0.0014936020360313584
12,hist_gradient_boosting,0,0.0001502380389925065
12,hist_gradient_boosting,0,0.00021694530970200107
12,hist_gradient_boosting,0,0.00013751978482101553
12,hist_gradient_boosting,0,0.0001862694214896031
12,hist_gradient_boosting,0,0.00019269018991700408
12,hist_gradient_boosting,0,0.0004398713333254688
12,hist_gradient_boosting,0,0.1499161507656433
12,hist_gradient_boosting,0,0.05251250263929135
12,hist_gradient_boosting,0,0.1499057844893676
12,hist_gradient_boosting,0,0.10567279066186375
12,hist_gradient_boosting,0,0.15771554394156967
12,hist_gradient_boosting,0,0.03099241619627507
12,hist_gradient_boosting,1,0.22895269664854076
12,hist_gradient_boosting,0,0.06280988840810543
12,hist_gradient_boosting,0,0.302364604486869
12,hist_gradient_boosting,0,0.01906355753201037
12,hist_gradient_boosting,0,0.22409897639580906
12,hist_gradient_boosting,0,0.05239962400431659
12,hist_gradient_boosting,0,0.2706253348695404
12,hist_gradient_boosting,0,0.18170472659595122
12,hist_gradient_boosting,0,0.04813451621862275
12,hist_gradient_boosting,0,0.06481235294585352
12,hist_gradient_boosting,0,0.22291740852522918
12,hist_gradient_boosting,0,0.13097849180825671
12,hist_gradient_boosting,0,0.23942069301583443
12,hist_gradient_boosting,0,0.0764472547864538
12,hist_gradient_boosting,1,0.14504389664874004
12,hist_gradient_boosting,0,0.0711181228325476
12,hist_gradient_boosting,0,0.08002218028987981
12,hist_gradient_boosting,0,0.1531850568036167
12,hist_gradient_boosting,0,0.22086772005484182
12,hist_gradient_boosting,0,0.09151540881080474
12,hist_gradient_boosting,0,0.202643920155442
12,hist_gradient_boosting,0,0.13563725573008428
12,hist_gradient_boosting,1,0.17610810132495064
12,hist_gradient_boosting,0,0.027899501679456533
12,hist_gradient_boosting,0,0.07265798531329362
12,hist_gradient_boosting,0,0.027460872314125796
12,hist_gradient_boosting,0,0.10480262849763437
12,hist_gradient_boosting,1,0.2006864660337268
12,hist_gradient_boosting,0,0.015560972190810875
12,hist_gradient_boosting,0,0.05860821805597026
12,hist_gradient_boosting,0,0.4512397666182839
12,hist_gradient_boosting,0,0.2002975603852932
12,hist_gradient_boosting,1,0.07764232259835656
12,hist_gradient_boosting,0,0.04268342534448359
12,hist_gradient_boosting,1,0.0895321477201933
12,hist_gradient_boosting,0,0.06982414090127324
12,hist_gradient_boosting,0,0.22971277227738757
12,hist_gradient_boosting,0,0.11014979890660248
12,hist_gradient_boosting,0,0.53962844299462
12,hist_gradient_boosting,0,0.06835470610904733
12,hist_gradient_boosting,0,0.15951026822269307
12,hist_gradient_boosting,0,0.10854996563683852
12,hist_gradient_boosting,1,0.19156246720173212
12,hist_gradient_boosting,0,0.03336567118467404
12,hist_gradient_boosting,0,0.00021059015443449425
12,hist_gradient_boosting,0,0.0008152785603352038
12,hist_gradient_boosting,0,0.0002513680696546074
12,hist_gradient_boosting,0,0.00015978953478025976
12,hist_gradient_boosting,0,0.00042493786913649835
12,hist_gradient_boosting,0,8.847871191217021e-05
12,hist_gradient_boosting,0,0.0005188373523458347
12,hist_gradient_boosting,0,0.00015057391266929583
12,hist_gradient_boosting,0,0.00023455833029801287
12,hist_gradient_boosting,0,0.0015599382016366005
12,hist_gradient_boosting,0,0.000204258642673344
12,hist_gradient_boosting,0,0.0001726758633461414
12,hist_gradient_boosting,0,0.0029969416685900474
12,hist_gradient_boosting,0,0.000579965601058733
12,hist_gradient_boosting,0,0.0005192027893067368
12,hist_gradient_boosting,0,0.00039514742730755733
12,hist_gradient_boosting,0,0.00020964882074645658
12,hist_gradient_boosting,0,0.00020610596067149954
12,hist_gradient_boosting,0,0.00044148770935465743
12,hist_gradient_boosting,0,0.04502891130668364
12,hist_gradient_boosting,0,0.13514959488846118
12,hist_gradient_boosting,0,0.12403366825220795
12,hist_gradient_boosting,0,0.19917773488302637
12,hist_gradient_boosting,0,0.24315888054835533
12,hist_gradient_boosting,0,0.1751475085461809
12,hist_gradient_boosting,0,0.041320623272934544
12,hist_gradient_boosting,0,0.2895276322982166
12,hist_gradient_boosting,0,0.06411053527527759
12,hist_gradient_boosting,0,0.218498593966245
12,hist_gradient_boosting,0,0.027187191994436512
12,hist_gradient_boosting,0,0.07654011233639338
12,hist_gradient_boosting,0,0.05920665884487362
12,hist_gradient_boosting,0,0.2495867550855773
12,hist_gradient_boosting,0,0.30547662063616143
12,hist_gradient_boosting,0,0.04406023738344212
12,hist_gradient_boosting,0,0.09908050053096544
12,hist_gradient_boosting,1,0.6206222294097644
12,hist_gradient_boosting,0,0.12266291041308054
12,hist_gradient_boosting,0,0.29761120078325637
12,hist_gradient_boosting,0,0.03869955254944312
12,hist_gradient_boosting,0,0.07372199701090239
12,hist_gradient_boosting,0,0.23342379485665252
12,hist_gradient_boosting,0,0.2022171388655641
12,hist_gradient_boosting,1,0.06035608312913285
12,hist_gradient_boosting,0,0.12070873020615784
12,hist_gradient_boosting,0,0.07331740862493577
12,hist_gradient_boosting,0,0.40381015525342284
12,hist_gradient_boosting,0,0.18544416549032444
12,hist_gradient_boosting,1,0.17115083176184295
12,hist_gradient_boosting,0,0.03024808981685225
12,hist_gradient_boosting,0,0.0849015326182766
12,hist_gradient_boosting,0,0.12379458805266762
12,hist_gradient_boosting,0,0.14138460534635575
12,hist_gradient_boosting,0,0.31769946992755044
12,hist_gradient_boosting,0,0.12591456396991116
12,hist_gradient_boosting,0,0.09256601495145077
12,hist_gradient_boosting,0,0.2500491189864579
12,hist_gradient_boosting,0,0.11435260791444023
12,hist_gradient_boosting,1,0.2906573648768232
12,hist_gradient_boosting,0,0.034032208417536534
12,hist_gradient_boosting,0,0.04575296693739125
12,hist_gradient_boosting,0,0.2036208936717315
12,hist_gradient_boosting,0,0.13248400425712395
12,hist_gradient_boosting,0,0.13716864421815825
12,hist_gradient_boosting,0,0.15995263657394448
12,hist_gradient_boosting,0,0.0394449698770904
12,hist_gradient_boosting,1,0.3197151875152938
12,hist_gradient_boosting,0,0.06702135182829905
12,hist_gradient_boosting,0,0.1798664028209508
12,hist_gradient_boosting,0,0.07077537943627836
12,hist_gradient_boosting,0,0.00038602753049551763
12,hist_gradient_boosting,0,0.0002911630007962942
12,hist_gradient_boosting,0,0.0003289187902297869
12,hist_gradient_boosting,0,0.002712730351616577
12,hist_gradient_boosting,0,0.00019291839866090747
12,hist_gradient_boosting,0,0.00027178108643338965
12,hist_gradient_boosting,0,0.0003565432883655542
12,hist_gradient_boosting,0,0.00015082818769327492
12,hist_gradient_boosting,0,0.0026371067994707662
12,hist_gradient_boosting,0,0.009506321315833037
12,hist_gradient_boosting,0,0.0003019527266166737
12,hist_gradient_boosting,0,0.000332086847662922
12,hist_gradient_boosting,0,0.005993214021953917
12,hist_gradient_boosting,0,0.1663686355959309
12,hist_gradient_boosting,0,0.00012675554333528357
12,hist_gradient_boosting,0,0.00011883576460222482
12,hist_gradient_boosting,0,0.0001532960649789526
12,hist_gradient_boosting,0,0.0004272478273675006
12,hist_gradient_boosting,0,0.0003280360163797358
12,hist_gradient_boosting,0,0.011862470719375944
12,hist_gradient_boosting,0,0.07446124594262928
12,hist_gradient_boosting,1,0.09099541961951649
12,hist_gradient_boosting,0,0.19615312275191524
12,hist_gradient_boosting,0,0.10297666128481836
12,hist_gradient_boosting,1,0.046774674630347846
12,hist_gradient_boosting,0,0.2845230845052564
12,hist_gradient_boosting,0,0.15484915264142227
12,hist_gradient_boosting,0,0.08436764462034102
12,hist_gradient_boosting,0,0.14108267368393587
12,hist_gradient_boosting,0,0.053229488236256006
12,hist_gradient_boosting,0,0.21838104115896487
12,hist_gradient_boosting,0,0.10573815366716338
12,hist_gradient_boosting,0,0.1583070179196879
12,hist_gradient_boosting,0,0.11217478658888178
12,hist_gradient_boosting,0,0.11047948885603726
12,hist_gradient_boosting,0,0.06785168478425416
12,hist_gradient_boosting,1,0.21580154506468352
12,hist_gradient_boosting,1,0.04820811359578446
12,hist_gradient_boosting,0,0.3116428406067164
12,hist_gradient_boosting,0,0.03306849120905769
12,hist_gradient_boosting,0,0.0715150679037523
12,hist_gradient_boosting,0,0.24066512020574843
12,hist_gradient_boosting,1,0.1451304128363008
12,hist_gradient_boosting,0,0.27987401370418535
12,hist_gradient_boosting,0,0.1161462770704948
12,hist_gradient_boosting,0,0.07180044352104979
12,hist_gradient_boosting,0,0.15374992883250882
12,hist_gradient_boosting,0,0.1306177098227479
12,hist_gradient_boosting,0,0.17053524008762158
12,hist_gradient_boosting,1,0.0943070278858779
12,hist_gradient_boosting,0,0.08226889945135342
12,hist_gradient_boosting,0,0.09399767898909393
12,hist_gradient_boosting,0,0.21839936879817384
12,hist_gradient_boosting,0,0.26270387416384633
12,hist_gradient_boosting,0,0.17928503544089164
12,hist_gradient_boosting,1,0.1781755245336524
12,hist_gradient_boosting,0,0.1849370542832068
12,hist_gradient_boosting,0,0.11396134247357186
12,hist_gradient_boosting,0,0.4183536598066734
12,hist_gradient_boosting,0,0.09020838824084708
12,hist_gradient_boosting,0,0.11186846654606217
12,hist_gradient_boosting,0,0.05757650226901421
12,hist_gradient_boosting,1,0.36978560256307985
12,hist_gradient_boosting,0,0.21314010602592362
12,hist_gradient_boosting,0,0.03619593034132842
12,hist_gradient_boosting,0,0.14564046069213932
12,hist_gradient_boosting,0,0.21754205677592608
12,hist_gradient_boosting,0,0.13458572995737786
12,hist_gradient_boosting,0,0.11127503348604861
12,hist_gradient_boosting,0,0.07077039058131175
12,hist_gradient_boosting,0,0.00032024721427533094
12,hist_gradient_boosting,0,0.0003471498803080095
12,hist_gradient_boosting,0,0.0009920792428456736
12,hist_gradient_boosting,0,0.0003453148360236242
12,hist_gradient_boosting,0,0.00043206953753216763
12,hist_gradient_boosting,0,0.00013111766807813043
12,hist_gradient_boosting,0,0.0003780452768786911
12,hist_gradient_boosting,0,0.0003353679026106374
12,hist_gradient_boosting,0,0.0035914711370592252
12,hist_gradient_boosting,0,0.00038023443893034673
12,hist_gradient_boosting,0,0.000185876489637156
12,hist_gradient_boosting,0,0.00036796264128371536
12,hist_gradient_boosting,0,0.0014714170465215117
12,hist_gradient_boosting,0,0.00021397313804497178
12,hist_gradient_boosting,0,0.0007891241039917349
12,hist_gradient_boosting,0,0.00016556016277908923
12,hist_gradient_boosting,0,0.00017135699986812127
12,hist_gradient_boosting,0,0.0001595763097394925
12,hist_gradient_boosting,0,0.006381290806445217
12,hist_gradient_boosting,0,0.00035062006262325717
12,hist_gradient_boosting,0,0.09453214197629307
12,hist_gradient_boosting,0,0.05562201102480704
12,hist_gradient_boosting,0,0.1725482221990706
12,hist_gradient_boosting,0,0.20960964308237037
12,hist_gradient_boosting,0,0.45059591471453997
12,hist_gradient_boosting,0,0.06008887171996165
12,hist_gradient_boosting,0,0.15393701771578686
12,hist_gradient_boosting,1,0.09571082921865474
12,hist_gradient_boosting,1,0.43607609035536016
12,hist_gradient_boosting,1,0.04351239266238233
12,hist_gradient_boosting,0,0.04232836226554987
12,hist_gradient_boosting,1,0.0715034450080608
12,hist_gradient_boosting,1,0.11338084287423432
12,hist_gradient_boosting,0,0.2103102445809367
12,hist_gradient_boosting,0,0.16251736271729314
12,hist_gradient_boosting,0,0.14534339325393383
12,hist_gradient_boosting,1,0.5114282783950346
12,hist_gradient_boosting,0,0.12940791927887565
12,hist_gradient_boosting,0,0.16536377900395474
12,hist_gradient_boosting,0,0.04484786829347775
12,hist_gradient_boosting,0,0.12375376292059365
12,hist_gradient_boosting,0,0.08476084626459905
12,hist_gradient_boosting,1,0.061013637519504116
12,hist_gradient_boosting,0,0.19344305260440625
12,hist_gradient_boosting,0,0.09573476813062576
12,hist_gradient_boosting,1,0.13423027139439883
12,hist_gradient_boosting,0,0.2816899933854218
12,hist_gradient_boosting,0,0.22663129334201743
12,hist_gradient_boosting,0,0.009921061299424268
12,hist_gradient_boosting,0,0.08474654659744771
12,hist_gradient_boosting,1,0.08937392401759871
12,hist_gradient_boosting,1,0.051823258489860045
12,hist_gradient_boosting,0,0.27802680109962424
12,hist_gradient_boosting,0,0.4171873012760998
12,hist_gradient_boosting,0,0.15995007931186017
12,hist_gradient_boosting,0,0.0809024497469228
12,hist_gradient_boosting,0,0.27910989287158694
12,hist_gradient_boosting,1,0.06280371425397786
12,hist_gradient_boosting,0,0.2880160888716817
12,hist_gradient_boosting,0,0.04047005855072079
12,hist_gradient_boosting,0,0.1105919504235118
12,hist_gradient_boosting,0,0.14617493783148686
12,hist_gradient_boosting,0,0.11617821960359129
12,hist_gradient_boosting,0,0.12885173646423606
12,hist_gradient_boosting,0,0.16666001806070052
12,hist_gradient_boosting,0,0.06380696161411875
12,hist_gradient_boosting,1,0.1896979550314276
12,hist_gradient_boosting,0,0.1766017824577715
12,hist_gradient_boosting,0,0.16846325966775297
12,hist_gradient_boosting,0,0.1278640375852689
12,hist_gradient_boosting,0,0.00036206016849368676
12,hist_gradient_boosting,0,0.0008168276898715924
12,hist_gradient_boosting,0,0.015899465679494282
12,hist_gradient_boosting,0,0.0005672602429508708
12,hist_gradient_boosting,0,0.00016513827711021924
12,hist_gradient_boosting,0,0.0001660237719579979
12,hist_gradient_boosting,0,0.0003617736187214621
12,hist_gradient_boosting,0,0.0003286771664305189
12,hist_gradient_boosting,0,0.35666526792224557
12,hist_gradient_boosting,0,0.0003230760406731994
12,hist_gradient_boosting,0,0.00031319555897691976
12,hist_gradient_boosting,0,0.00030477149134239403
12,hist_gradient_boosting,0,0.0014139642595108468
12,hist_gradient_boosting,0,0.00024293367982687356
12,hist_gradient_boosting,0,0.00031520648592547467
12,hist_gradient_boosting,0,0.00010881814596771169
12,hist_gradient_boosting,0,0.0005025848060925298
12,hist_gradient_boosting,0,0.00040369105599131447
12,hist_gradient_boosting,0,0.006857049406278826
12,hist_gradient_boosting,0,0.006314283073123111
12,hist_gradient_boosting,0,0.06470348998398473
12,hist_gradient_boosting,0,0.116067316529462
12,hist_gradient_boosting,0,0.3025207616073166
12,hist_gradient_boosting,0,0.19563329321864964
12,hist_gradient_boosting,1,0.0405605016337323
12,hist_gradient_boosting,0,0.10327693202486968
12,hist_gradient_boosting,0,0.30989815090016243
12,hist_gradient_boosting,0,0.07195476017450801
12,hist_gradient_boosting,0,0.19513326795209832
12,hist_gradient_boosting,0,0.06877431376451645
12,hist_gradient_boosting,0,0.12215252230010641
12,hist_gradient_boosting,0,0.08487216520602203
12,hist_gradient_boosting,1,0.08424415300172644
12,hist_gradient_boosting,1,0.20546967871470442
12,hist_gradient_boosting,0,0.25901579297681027
12,hist_gradient_boosting,0,0.2019841589738856
12,hist_gradient_boosting,0,0.3981844078349075
12,hist_gradient_boosting,0,0.04147852878937924
12,hist_gradient_boosting,0,0.17157765436586714
12,hist_gradient_boosting,0,0.05994018886132694
12,hist_gradient_boosting,0,0.16842148679599353
12,hist_gradient_boosting,0,0.13439208362656554
12,hist_gradient_boosting,1,0.49822495440063314
12,hist_gradient_boosting,0,0.28558071535419627
12,hist_gradient_boosting,0,0.523653450321058
12,hist_gradient_boosting,0,0.06952581273489944
12,hist_gradient_boosting,0,0.29979802536869077
12,hist_gradient_boosting,0,0.23019141990509745
12,hist_gradient_boosting,0,0.04949683583076306
12,hist_gradient_boosting,0,0.06747333593456105
12,hist_gradient_boosting,0,0.056643587841177755
12,hist_gradient_boosting,0,0.09203555205695513
12,hist_gradient_boosting,0,0.3478203924427465
12,hist_gradient_boosting,0,0.3641144203341097
12,hist_gradient_boosting,0,0.15159201468817002
12,hist_gradient_boosting,0,0.022317543620284715
12,hist_gradient_boosting,0,0.22946619596548645
12,hist_gradient_boosting,0,0.038192820327109744
12,hist_gradient_boosting,0,0.1536026939364397
12,hist_gradient_boosting,1,0.010804686923222043
12,hist_gradient_boosting,0,0.09520414025695163
12,hist_gradient_boosting,0,0.1236176820691536
12,hist_gradient_boosting,0,0.25345108511590225
12,hist_gradient_boosting,1,0.02241496603421145
12,hist_gradient_boosting,0,0.19304000767306148
12,hist_gradient_boosting,0,0.2482130345035641
12,hist_gradient_boosting,0,0.2688398331082087
12,hist_gradient_boosting,0,0.13937719308048044
12,hist_gradient_boosting,0,0.08920550075971906
12,hist_gradient_boosting,0,0.09811817191424856
12,hist_gradient_boosting,0,0.0003831188709776506
12,hist_gradient_boosting,0,0.00028763450297257314
12,hist_gradient_boosting,0,0.0001647815649231478
12,hist_gradient_boosting,0,0.00020248373948286087
12,hist_gradient_boosting,0,0.00011910370566790322
12,hist_gradient_boosting,0,0.00015024404332420165
12,hist_gradient_boosting,0,0.00044663842609445075
12,hist_gradient_boosting,0,0.00027375210987497147
12,hist_gradient_boosting,0,0.003645493456792146
12,hist_gradient_boosting,0,0.006734204134921176
12,hist_gradient_boosting,0,0.00036156564160456765
12,hist_gradient_boosting,0,0.00041479594908191134
12,hist_gradient_boosting,0,0.0003587942757755054
12,hist_gradient_boosting,0,0.0965520645985988
12,hist_gradient_boosting,0,0.0001067513411575513
12,hist_gradient_boosting,0,0.0009507169307864353
12,hist_gradient_boosting,0,0.00040860677053192694
12,hist_gradient_boosting,0,0.00018875199635774766
12,hist_gradient_boosting,0,0.0037781941308883855
12,hist_gradient_boosting,0,0.0003591228401166921
12,hist_gradient_boosting,0,0.06487705104303025
12,hist_gradient_boosting,0,0.042786114184617745
12,hist_gradient_boosting,1,0.35221043721322287
12,hist_gradient_boosting,0,0.3681457898972615
12,hist_gradient_boosting,0,0.14515774124968173
12,hist_gradient_boosting,0,0.0627994197985218
12,hist_gradient_boosting,0,0.3916819512573223
12,hist_gradient_boosting,1,0.15054500014957528
12,hist_gradient_boosting,0,0.09456806709174018
12,hist_gradient_boosting,0,0.01992982939459129
12,hist_gradient_boosting,1,0.08025427168585131
12,hist_gradient_boosting,0,0.09662758530384419
12,hist_gradient_boosting,0,0.04076778594289878
12,hist_gradient_boosting,0,0.2712910332981326
12,hist_gradient_boosting,0,0.10962833731276611
12,hist_gradient_boosting,0,0.04020105628731228
12,hist_gradient_boosting,1,0.2564219466884334
12,hist_gradient_boosting,0,0.045649191761372304
12,hist_gradient_boosting,0,0.04812333634865774
12,hist_gradient_boosting,1,0.05606735855058724
12,hist_gradient_boosting,0,0.12288256783270256
12,hist_gradient_boosting,0,0.04021024936660132
12,hist_gradient_boosting,1,0.2268416940049453
12,hist_gradient_boosting,1,0.28551099820502496
12,hist_gradient_boosting,0,0.32812991031518185
12,hist_gradient_boosting,1,0.0819069872743201
12,hist_gradient_boosting,0,0.26940489367135206
12,hist_gradient_boosting,0,0.09285269632312436
12,hist_gradient_boosting,0,0.1113704883142906
12,hist_gradient_boosting,0,0.038905009136922436
12,hist_gradient_boosting,0,0.057100871746225086
12,hist_gradient_boosting,0,0.13105274518392793
12,hist_gradient_boosting,1,0.22194840248813835
12,hist_gradient_boosting,0,0.23367609209845086
12,hist_gradient_boosting,0,0.3195280778528511
12,hist_gradient_boosting,0,0.07207726290187821
12,hist_gradient_boosting,1,0.23073742842468567
12,hist_gradient_boosting,0,0.06814943747819244
12,hist_gradient_boosting,0,0.13591732059937375
12,hist_gradient_boosting,0,0.046344608666126226
12,hist_gradient_boosting,0,0.12414190823119013
12,hist_gradient_boosting,0,0.11071390699768345
12,hist_gradient_boosting,0,0.0501523028170152
12,hist_gradient_boosting,0,0.25932079651597306
12,hist_gradient_boosting,0,0.16950855443167642
12,hist_gradient_boosting,0,0.004684546542992768
12,hist_gradient_boosting,1,0.2179766625313218
12,hist_gradient_boosting,1,0.09288950762815713
12,hist_gradient_boosting,1,0.30228744222964243
12,hist_gradient_boosting,0,0.014267212288704369
12,hist_gradient_boosting,0,0.00013585408083212775
12,hist_gradient_boosting,0,0.0002608598053681316
12,hist_gradient_boosting,0,0.002991533084949999
12,hist_gradient_boosting,0,0.007208571683257286
12,hist_gradient_boosting,0,8.990386248030505e-05
12,hist_gradient_boosting,0,0.00040716233109152673
12,hist_gradient_boosting,0,0.0002730349888545808
12,hist_gradient_boosting,0,0.00017761834299397742
12,hist_gradient_boosting,0,0.005295528744370762
12,hist_gradient_boosting,0,0.000601976414831035
12,hist_gradient_boosting,0,0.0001995341711324887
12,hist_gradient_boosting,0,0.00022898200811899763
12,hist_gradient_boosting,0,0.0030230728206429467
12,hist_gradient_boosting,0,0.0037427233178574013
12,hist_gradient_boosting,0,0.00016167574865399883
12,hist_gradient_boosting,0,0.00019929469526523664
12,hist_gradient_boosting,0,0.0002456473140741197
12,hist_gradient_boosting,0,0.00011063058788874058
12,hist_gradient_boosting,0,0.0001609401140710793
12,hist_gradient_boosting,0,0.0001980829388627391
12,hist_gradient_boosting,0,0.14476019928367118
12,hist_gradient_boosting,0,0.06399247704485286
12,hist_gradient_boosting,0,0.1667202631055091
12,hist_gradient_boosting,0,0.09985976350662688
12,hist_gradient_boosting,0,0.05246431608112507
12,hist_gradient_boosting,0,0.13308165224849958
12,hist_gradient_boosting,0,0.23722784716453643
12,hist_gradient_boosting,0,0.3752756851094732
12,hist_gradient_boosting,0,0.21614377328970266
12,hist_gradient_boosting,0,0.021013139082916604
12,hist_gradient_boosting,0,0.07052268706347595
12,hist_gradient_boosting,0,0.08184770247607785
12,hist_gradient_boosting,1,0.2666185992069192
12,hist_gradient_boosting,0,0.004060810903732255
12,hist_gradient_boosting,0,0.12209370942395022
12,hist_gradient_boosting,1,0.10022324728741892
12,hist_gradient_boosting,0,0.09444314163899749
12,hist_gradient_boosting,0,0.11364378523848238
12,hist_gradient_boosting,0,0.2921674682096842
12,hist_gradient_boosting,0,0.04540205023873575
12,hist_gradient_boosting,0,0.09896987743154181
12,hist_gradient_boosting,0,0.10854327194661988
12,hist_gradient_boosting,0,0.06055544527502883
12,hist_gradient_boosting,1,0.30624349586466537
12,hist_gradient_boosting,0,0.09996371974506786
12,hist_gradient_boosting,0,0.07055344958679695
12,hist_gradient_boosting,0,0.17388002521009496
12,hist_gradient_boosting,0,0.2179689101158388
12,hist_gradient_boosting,0,0.4090249039648322
12,hist_gradient_boosting,0,0.053766727457913804
13,baseline_a,0,0.08929503916449086
13,baseline_a,0,0.08929503916449086
13,baseline_a,0,0.08929503916449086
13,baseline_a,0,0.08929503916449086
13,baseline_a,0,0.08929503916449086
13,baseline_a,0,0.08929503916449086
13,baseline_a,0,0.08929503916449086
13,baseline_a,0,0.08929503916449086
13,baseline_a,0,0.08929503916449086
13,baseline_a,0,0.08929503916449086
13,baseline_a,0,0.08929503916449086
13,baseline_a,0,0.08929503916449086
13,baseline_a,1,0.08929503916449086
13,baseline_a,0,0.08929503916449086
13,baseline_a,0,0.08929503916449086
13,baseline_a,0,0.08929503916449086
13,baseline_a,0,0.08929503916449086
13,baseline_a,0,0.08929503916449086
13,baseline_a,1,0.08929503916449086
13,baseline_a,0,0.08929503916449086
13,baseline_a,0,0.08929503916449086
13,baseline_a,0,0.08929503916449086
13,baseline_a,0,0.08929503916449086
13,baseline_a,1,0.08929503916449086
13,baseline_a,0,0.08929503916449086
13,baseline_a,0,0.08929503916449086
13,baseline_a,0,0.08929503916449086
13,baseline_a,0,0.08929503916449086
13,baseline_a,0,0.08929503916449086
13,baseline_a,0,0.08929503916449086
13,baseline_a,0,0.08929503916449086
13,baseline_a,0,0.08929503916449086
13,baseline_a,1,0.08929503916449086
13,baseline_a,0,0.08929503916449086
13,baseline_a,0,0.08929503916449086
13,baseline_a,1,0.08929503916449086
13,baseline_a,0,0.08929503916449086
13,baseline_a,0,0.08929503916449086
13,baseline_a,0,0.08929503916449086
13,baseline_a,0,0.08929503916449086
13,baseline_a,0,0.08929503916449086
13,baseline_a,0,0.08929503916449086
13,baseline_a,0,0.08929503916449086
13,baseline_a,0,0.08929503916449086
13,baseline_a,0,0.08929503916449086
13,baseline_a,0,0.08929503916449086
13,baseline_a,0,0.08929503916449086
13,baseline_a,1,0.08929503916449086
13,baseline_a,0,0.08929503916449086
13,baseline_a,0,0.08929503916449086
13,baseline_a,1,0.08929503916449086
13,baseline_a,0,0.08929503916449086
13,baseline_a,1,0.08929503916449086
13,baseline_a,0,0.08929503916449086
13,baseline_a,0,0.08929503916449086
13,baseline_a,0,0.08929503916449086
13,baseline_a,0,0.08929503916449086
13,baseline_a,0,0.08929503916449086
13,baseline_a,0,0.08929503916449086
13,baseline_a,0,0.08929503916449086
13,baseline_a,0,0.08929503916449086
13,baseline_a,0,0.08929503916449086
13,baseline_a,0,0.08929503916449086
13,baseline_a,0,0.08929503916449086
13,baseline_a,0,0.08929503916449086
13,baseline_a,0,0.08929503916449086
13,baseline_a,0,0.08929503916449086
13,baseline_a,0,0.08929503916449086
13,baseline_a,0,0.08929503916449086
13,baseline_a,0,0.08929503916449086
13,baseline_a,0,0.08929503916449086
13,baseline_a,0,0.08929503916449086
13,baseline_a,0,0.08929503916449086
13,baseline_a,0,0.08929503916449086
13,baseline_a,0,0.08929503916449086
13,baseline_a,0,0.08929503916449086
13,baseline_a,0,0.08929503916449086
13,baseline_a,0,0.08929503916449086
13,baseline_a,0,0.08929503916449086
13,baseline_a,0,0.08929503916449086
13,baseline_a,1,0.08929503916449086
13,baseline_a,0,0.08929503916449086
13,baseline_a,1,0.08929503916449086
13,baseline_a,0,0.08929503916449086
13,baseline_a,0,0.08929503916449086
13,baseline_a,0,0.08929503916449086
13,baseline_a,1,0.08929503916449086
13,baseline_a,0,0.08929503916449086
13,baseline_a,0,0.08929503916449086
13,baseline_a,0,0.08929503916449086
13,baseline_a,0,0.08929503916449086
13,baseline_a,0,0.08929503916449086
13,baseline_a,1,0.08929503916449086
13,baseline_a,0,0.08929503916449086
13,baseline_a,0,0.08929503916449086
13,baseline_a,0,0.08929503916449086
13,baseline_a,0,0.08929503916449086
13,baseline_a,0,0.08929503916449086
13,baseline_a,1,0.08929503916449086
13,baseline_a,0,0.08929503916449086
13,baseline_a,0,0.08929503916449086
13,baseline_a,0,0.08929503916449086
13,baseline_a,0,0.08929503916449086
13,baseline_a,0,0.08929503916449086
13,baseline_a,0,0.08929503916449086
13,baseline_a,1,0.08929503916449086
13,baseline_a,0,0.08929503916449086
13,baseline_a,0,0.08929503916449086
13,baseline_a,1,0.08929503916449086
13,baseline_a,0,0.08929503916449086
13,baseline_a,0,0.08929503916449086
13,baseline_a,0,0.08929503916449086
13,baseline_a,0,0.08929503916449086
13,baseline_a,0,0.08929503916449086
13,baseline_a,0,0.08929503916449086
13,baseline_a,0,0.08929503916449086
13,baseline_a,0,0.08929503916449086
13,baseline_a,1,0.08929503916449086
13,baseline_a,0,0.08929503916449086
13,baseline_a,0,0.08929503916449086
13,baseline_a,0,0.08929503916449086
13,baseline_a,0,0.08929503916449086
13,baseline_a,0,0.08929503916449086
13,baseline_a,0,0.08929503916449086
13,baseline_a,0,0.08929503916449086
13,baseline_a,0,0.08929503916449086
13,baseline_a,0,0.08929503916449086
13,baseline_a,0,0.08929503916449086
13,baseline_a,0,0.08929503916449086
13,baseline_a,0,0.08929503916449086
13,baseline_a,0,0.08929503916449086
13,baseline_a,0,0.08929503916449086
13,baseline_a,0,0.08929503916449086
13,baseline_a,0,0.08929503916449086
13,baseline_a,0,0.08929503916449086
13,baseline_a,0,0.08929503916449086
13,baseline_a,0,0.08929503916449086
13,baseline_a,0,0.08929503916449086
13,baseline_a,0,0.08929503916449086
13,baseline_a,0,0.08929503916449086
13,baseline_a,0,0.08929503916449086
13,baseline_a,0,0.08929503916449086
13,baseline_a,0,0.08929503916449086
13,baseline_a,0,0.08929503916449086
13,baseline_a,0,0.08929503916449086
13,baseline_a,0,0.08929503916449086
13,baseline_a,0,0.08929503916449086
13,baseline_a,0,0.08929503916449086
13,baseline_a,0,0.08929503916449086
13,baseline_a,0,0.08929503916449086
13,baseline_a,0,0.08929503916449086
13,baseline_a,0,0.08929503916449086
13,baseline_a,0,0.08929503916449086
13,baseline_a,0,0.08929503916449086
13,baseline_a,0,0.08929503916449086
13,baseline_a,0,0.08929503916449086
13,baseline_a,0,0.08929503916449086
13,baseline_a,1,0.08929503916449086
13,baseline_a,0,0.08929503916449086
13,baseline_a,0,0.08929503916449086
13,baseline_a,1,0.08929503916449086
13,baseline_a,0,0.08929503916449086
13,baseline_a,0,0.08929503916449086
13,baseline_a,0,0.08929503916449086
13,baseline_a,0,0.08929503916449086
13,baseline_a,0,0.08929503916449086
13,baseline_a,0,0.08929503916449086
13,baseline_a,0,0.08929503916449086
13,baseline_a,0,0.08929503916449086
13,baseline_a,1,0.08929503916449086
13,baseline_a,0,0.08929503916449086
13,baseline_a,0,0.08929503916449086
13,baseline_a,0,0.08929503916449086
13,baseline_a,1,0.08929503916449086
13,baseline_a,0,0.08929503916449086
13,baseline_a,0,0.08929503916449086
13,baseline_a,0,0.08929503916449086
13,baseline_a,0,0.08929503916449086
13,baseline_a,0,0.08929503916449086
13,baseline_a,0,0.08929503916449086
13,baseline_a,0,0.08929503916449086
13,baseline_a,0,0.08929503916449086
13,baseline_a,0,0.08929503916449086
13,baseline_a,0,0.08929503916449086
13,baseline_a,0,0.08929503916449086
13,baseline_a,0,0.08929503916449086
13,baseline_a,0,0.08929503916449086
13,baseline_a,0,0.08929503916449086
13,baseline_a,1,0.08929503916449086
13,baseline_a,0,0.08929503916449086
13,baseline_a,0,0.08929503916449086
13,baseline_a,0,0.08929503916449086
13,baseline_a,0,0.08929503916449086
13,baseline_a,0,0.08929503916449086
13,baseline_a,0,0.08929503916449086
13,baseline_a,0,0.08929503916449086
13,baseline_a,0,0.08929503916449086
13,baseline_a,0,0.08929503916449086
13,baseline_a,0,0.08929503916449086
13,baseline_a,0,0.08929503916449086
13,baseline_a,0,0.08929503916449086
13,baseline_a,0,0.08929503916449086
13,baseline_a,0,0.08929503916449086
13,baseline_a,0,0.08929503916449086
13,baseline_a,0,0.08929503916449086
13,baseline_a,0,0.08929503916449086
13,baseline_a,0,0.08929503916449086
13,baseline_a,0,0.08929503916449086
13,baseline_a,0,0.08929503916449086
13,baseline_a,0,0.08929503916449086
13,baseline_a,0,0.08929503916449086
13,baseline_a,0,0.08929503916449086
13,baseline_a,0,0.08929503916449086
13,baseline_a,0,0.08929503916449086
13,baseline_a,0,0.08929503916449086
13,baseline_a,0,0.08929503916449086
13,baseline_a,0,0.08929503916449086
13,baseline_a,0,0.08929503916449086
13,baseline_a,0,0.08929503916449086
13,baseline_a,0,0.08929503916449086
13,baseline_a,0,0.08929503916449086
13,baseline_a,0,0.08929503916449086
13,baseline_a,0,0.08929503916449086
13,baseline_a,0,0.08929503916449086
13,baseline_a,0,0.08929503916449086
13,baseline_a,0,0.08929503916449086
13,baseline_a,0,0.08929503916449086
13,baseline_a,0,0.08929503916449086
13,baseline_a,0,0.08929503916449086
13,baseline_a,0,0.08929503916449086
13,baseline_a,0,0.08929503916449086
13,baseline_a,0,0.08929503916449086
13,baseline_a,0,0.08929503916449086
13,baseline_a,1,0.08929503916449086
13,baseline_a,0,0.08929503916449086
13,baseline_a,0,0.08929503916449086
13,baseline_a,0,0.08929503916449086
13,baseline_a,0,0.08929503916449086
13,baseline_a,0,0.08929503916449086
13,baseline_a,0,0.08929503916449086
13,baseline_a,0,0.08929503916449086
13,baseline_a,0,0.08929503916449086
13,baseline_a,0,0.08929503916449086
13,baseline_a,0,0.08929503916449086
13,baseline_a,0,0.08929503916449086
13,baseline_a,0,0.08929503916449086
13,baseline_a,1,0.08929503916449086
13,baseline_a,0,0.08929503916449086
13,baseline_a,0,0.08929503916449086
13,baseline_a,0,0.08929503916449086
13,baseline_a,0,0.08929503916449086
13,baseline_a,1,0.08929503916449086
13,baseline_a,0,0.08929503916449086
13,baseline_a,0,0.08929503916449086
13,baseline_a,0,0.08929503916449086
13,baseline_a,0,0.08929503916449086
13,baseline_a,0,0.08929503916449086
13,baseline_a,0,0.08929503916449086
13,baseline_a,0,0.08929503916449086
13,baseline_a,0,0.08929503916449086
13,baseline_a,0,0.08929503916449086
13,baseline_a,0,0.08929503916449086
13,baseline_a,0,0.08929503916449086
13,baseline_a,0,0.08929503916449086
13,baseline_a,0,0.08929503916449086
13,baseline_a,0,0.08929503916449086
13,baseline_a,0,0.08929503916449086
13,baseline_a,0,0.08929503916449086
13,baseline_a,0,0.08929503916449086
13,baseline_a,0,0.08929503916449086
13,baseline_a,0,0.08929503916449086
13,baseline_a,0,0.08929503916449086
13,baseline_a,0,0.08929503916449086
13,baseline_a,0,0.08929503916449086
13,baseline_a,0,0.08929503916449086
13,baseline_a,0,0.08929503916449086
13,baseline_a,0,0.08929503916449086
13,baseline_a,0,0.08929503916449086
13,baseline_a,0,0.08929503916449086
13,baseline_a,0,0.08929503916449086
13,baseline_a,0,0.08929503916449086
13,baseline_a,0,0.08929503916449086
13,baseline_a,0,0.08929503916449086
13,baseline_a,0,0.08929503916449086
13,baseline_a,0,0.08929503916449086
13,baseline_a,0,0.08929503916449086
13,baseline_a,0,0.08929503916449086
13,baseline_a,0,0.08929503916449086
13,baseline_a,0,0.08929503916449086
13,baseline_a,0,0.08929503916449086
13,baseline_a,0,0.08929503916449086
13,baseline_a,0,0.08929503916449086
13,baseline_a,1,0.08929503916449086
13,baseline_a,0,0.08929503916449086
13,baseline_a,0,0.08929503916449086
13,baseline_a,0,0.08929503916449086
13,baseline_a,0,0.08929503916449086
13,baseline_a,0,0.08929503916449086
13,baseline_a,0,0.08929503916449086
13,baseline_a,0,0.08929503916449086
13,baseline_a,0,0.08929503916449086
13,baseline_a,0,0.08929503916449086
13,baseline_a,0,0.08929503916449086
13,baseline_a,0,0.08929503916449086
13,baseline_a,0,0.08929503916449086
13,baseline_a,0,0.08929503916449086
13,baseline_a,0,0.08929503916449086
13,baseline_a,0,0.08929503916449086
13,baseline_a,0,0.08929503916449086
13,baseline_a,0,0.08929503916449086
13,baseline_a,0,0.08929503916449086
13,baseline_a,0,0.08929503916449086
13,baseline_a,0,0.08929503916449086
13,baseline_a,0,0.08929503916449086
13,baseline_a,0,0.08929503916449086
13,baseline_a,0,0.08929503916449086
13,baseline_a,0,0.08929503916449086
13,baseline_a,0,0.08929503916449086
13,baseline_a,0,0.08929503916449086
13,baseline_a,0,0.08929503916449086
13,baseline_a,0,0.08929503916449086
13,baseline_a,1,0.08929503916449086
13,baseline_a,0,0.08929503916449086
13,baseline_a,0,0.08929503916449086
13,baseline_a,0,0.08929503916449086
13,baseline_a,0,0.08929503916449086
13,baseline_a,1,0.08929503916449086
13,baseline_a,0,0.08929503916449086
13,baseline_a,0,0.08929503916449086
13,baseline_a,0,0.08929503916449086
13,baseline_a,0,0.08929503916449086
13,baseline_a,0,0.08929503916449086
13,baseline_a,0,0.08929503916449086
13,baseline_a,1,0.08929503916449086
13,baseline_a,0,0.08929503916449086
13,baseline_a,0,0.08929503916449086
13,baseline_a,0,0.08929503916449086
13,baseline_a,0,0.08929503916449086
13,baseline_a,1,0.08929503916449086
13,baseline_a,0,0.08929503916449086
13,baseline_a,0,0.08929503916449086
13,baseline_a,0,0.08929503916449086
13,baseline_a,0,0.08929503916449086
13,baseline_a,0,0.08929503916449086
13,baseline_a,0,0.08929503916449086
13,baseline_a,0,0.08929503916449086
13,baseline_a,0,0.08929503916449086
13,baseline_a,0,0.08929503916449086
13,baseline_a,0,0.08929503916449086
13,baseline_a,0,0.08929503916449086
13,baseline_a,0,0.08929503916449086
13,baseline_a,0,0.08929503916449086
13,baseline_a,0,0.08929503916449086
13,baseline_a,0,0.08929503916449086
13,baseline_a,0,0.08929503916449086
13,baseline_a,0,0.08929503916449086
13,baseline_a,0,0.08929503916449086
13,baseline_a,0,0.08929503916449086
13,baseline_a,0,0.08929503916449086
13,baseline_a,0,0.08929503916449086
13,baseline_a,0,0.08929503916449086
13,baseline_a,0,0.08929503916449086
13,baseline_a,0,0.08929503916449086
13,baseline_a,0,0.08929503916449086
13,baseline_a,0,0.08929503916449086
13,baseline_a,0,0.08929503916449086
13,baseline_a,1,0.08929503916449086
13,baseline_a,0,0.08929503916449086
13,baseline_a,1,0.08929503916449086
13,baseline_a,0,0.08929503916449086
13,baseline_a,0,0.08929503916449086
13,baseline_a,0,0.08929503916449086
13,baseline_a,0,0.08929503916449086
13,baseline_a,0,0.08929503916449086
13,baseline_a,0,0.08929503916449086
13,baseline_a,0,0.08929503916449086
13,baseline_a,0,0.08929503916449086
13,baseline_a,0,0.08929503916449086
13,baseline_a,0,0.08929503916449086
13,baseline_a,0,0.08929503916449086
13,baseline_a,0,0.08929503916449086
13,baseline_a,0,0.08929503916449086
13,baseline_a,1,0.08929503916449086
13,baseline_a,0,0.08929503916449086
13,baseline_a,0,0.08929503916449086
13,baseline_a,0,0.08929503916449086
13,baseline_a,0,0.08929503916449086
13,baseline_a,0,0.08929503916449086
13,baseline_a,0,0.08929503916449086
13,baseline_a,0,0.08929503916449086
13,baseline_a,0,0.08929503916449086
13,baseline_a,0,0.08929503916449086
13,baseline_a,0,0.08929503916449086
13,baseline_a,0,0.08929503916449086
13,baseline_a,0,0.08929503916449086
13,baseline_a,0,0.08929503916449086
13,baseline_a,0,0.08929503916449086
13,baseline_a,1,0.08929503916449086
13,baseline_a,0,0.08929503916449086
13,baseline_a,0,0.08929503916449086
13,baseline_a,0,0.08929503916449086
13,baseline_a,0,0.08929503916449086
13,baseline_a,1,0.08929503916449086
13,baseline_a,0,0.08929503916449086
13,baseline_a,1,0.08929503916449086
13,baseline_a,0,0.08929503916449086
13,baseline_a,0,0.08929503916449086
13,baseline_a,0,0.08929503916449086
13,baseline_a,0,0.08929503916449086
13,baseline_a,0,0.08929503916449086
13,baseline_a,0,0.08929503916449086
13,baseline_a,0,0.08929503916449086
13,baseline_a,0,0.08929503916449086
13,baseline_a,0,0.08929503916449086
13,baseline_a,0,0.08929503916449086
13,baseline_a,0,0.08929503916449086
13,baseline_a,0,0.08929503916449086
13,baseline_a,0,0.08929503916449086
13,baseline_a,0,0.08929503916449086
13,baseline_a,0,0.08929503916449086
13,baseline_a,0,0.08929503916449086
13,baseline_a,0,0.08929503916449086
13,baseline_a,0,0.08929503916449086
13,baseline_a,0,0.08929503916449086
13,baseline_a,0,0.08929503916449086
13,baseline_a,0,0.08929503916449086
13,baseline_a,0,0.08929503916449086
13,baseline_a,0,0.08929503916449086
13,baseline_a,0,0.08929503916449086
13,baseline_a,0,0.08929503916449086
13,baseline_a,0,0.08929503916449086
13,baseline_a,0,0.08929503916449086
13,baseline_a,0,0.08929503916449086
13,baseline_a,0,0.08929503916449086
13,baseline_a,0,0.08929503916449086
13,baseline_a,0,0.08929503916449086
13,baseline_a,0,0.08929503916449086
13,baseline_a,0,0.08929503916449086
13,baseline_a,1,0.08929503916449086
13,baseline_a,0,0.08929503916449086
13,baseline_a,0,0.08929503916449086
13,baseline_a,0,0.08929503916449086
13,baseline_a,1,0.08929503916449086
13,baseline_a,1,0.08929503916449086
13,baseline_a,0,0.08929503916449086
13,baseline_a,0,0.08929503916449086
13,baseline_a,0,0.08929503916449086
13,baseline_a,0,0.08929503916449086
13,baseline_a,0,0.08929503916449086
13,baseline_a,0,0.08929503916449086
13,baseline_a,0,0.08929503916449086
13,baseline_a,0,0.08929503916449086
13,baseline_a,0,0.08929503916449086
13,baseline_a,0,0.08929503916449086
13,baseline_a,0,0.08929503916449086
13,baseline_a,0,0.08929503916449086
13,baseline_a,1,0.08929503916449086
13,baseline_a,0,0.08929503916449086
13,baseline_a,0,0.08929503916449086
13,baseline_a,0,0.08929503916449086
13,baseline_a,0,0.08929503916449086
13,baseline_a,0,0.08929503916449086
13,baseline_a,0,0.08929503916449086
13,baseline_a,0,0.08929503916449086
13,baseline_a,0,0.08929503916449086
13,baseline_a,0,0.08929503916449086
13,baseline_a,0,0.08929503916449086
13,baseline_a,0,0.08929503916449086
13,baseline_a,0,0.08929503916449086
13,baseline_a,0,0.08929503916449086
13,baseline_a,0,0.08929503916449086
13,baseline_a,0,0.08929503916449086
13,baseline_a,1,0.08929503916449086
13,baseline_a,0,0.08929503916449086
13,baseline_a,0,0.08929503916449086
13,baseline_a,0,0.08929503916449086
13,baseline_a,1,0.08929503916449086
13,baseline_a,0,0.08929503916449086
13,baseline_a,0,0.08929503916449086
13,baseline_a,0,0.08929503916449086
13,baseline_a,0,0.08929503916449086
13,baseline_a,0,0.08929503916449086
13,baseline_a,0,0.08929503916449086
13,baseline_a,0,0.08929503916449086
13,baseline_a,0,0.08929503916449086
13,baseline_a,0,0.08929503916449086
13,baseline_a,0,0.08929503916449086
13,baseline_a,0,0.08929503916449086
13,baseline_a,0,0.08929503916449086
13,baseline_a,0,0.08929503916449086
13,baseline_a,0,0.08929503916449086
13,baseline_a,0,0.08929503916449086
13,baseline_a,0,0.08929503916449086
13,baseline_a,0,0.08929503916449086
13,baseline_a,0,0.08929503916449086
13,baseline_a,0,0.08929503916449086
13,baseline_a,0,0.08929503916449086
13,baseline_a,0,0.08929503916449086
13,baseline_a,0,0.08929503916449086
13,baseline_a,0,0.08929503916449086
13,baseline_a,0,0.08929503916449086
13,baseline_a,0,0.08929503916449086
13,baseline_a,1,0.08929503916449086
13,baseline_a,0,0.08929503916449086
13,baseline_a,0,0.08929503916449086
13,baseline_a,0,0.08929503916449086
13,baseline_a,0,0.08929503916449086
13,baseline_a,0,0.08929503916449086
13,baseline_a,0,0.08929503916449086
13,baseline_a,0,0.08929503916449086
13,baseline_a,0,0.08929503916449086
13,baseline_a,0,0.08929503916449086
13,baseline_a,0,0.08929503916449086
13,baseline_a,0,0.08929503916449086
13,baseline_a,0,0.08929503916449086
13,baseline_a,0,0.08929503916449086
13,baseline_a,0,0.08929503916449086
13,baseline_a,0,0.08929503916449086
13,baseline_a,1,0.08929503916449086
13,baseline_a,0,0.08929503916449086
13,baseline_a,0,0.08929503916449086
13,baseline_a,1,0.08929503916449086
13,baseline_a,0,0.08929503916449086
13,baseline_a,0,0.08929503916449086
13,baseline_a,0,0.08929503916449086
13,baseline_a,0,0.08929503916449086
13,baseline_a,1,0.08929503916449086
13,baseline_a,0,0.08929503916449086
13,baseline_a,0,0.08929503916449086
13,baseline_a,0,0.08929503916449086
13,baseline_a,0,0.08929503916449086
13,baseline_a,1,0.08929503916449086
13,baseline_a,0,0.08929503916449086
13,baseline_a,1,0.08929503916449086
13,baseline_a,0,0.08929503916449086
13,baseline_a,0,0.08929503916449086
13,baseline_a,0,0.08929503916449086
13,baseline_a,0,0.08929503916449086
13,baseline_a,0,0.08929503916449086
13,baseline_a,0,0.08929503916449086
13,baseline_a,0,0.08929503916449086
13,baseline_a,0,0.08929503916449086
13,baseline_a,0,0.08929503916449086
13,baseline_a,0,0.08929503916449086
13,baseline_a,0,0.08929503916449086
13,baseline_a,0,0.08929503916449086
13,baseline_a,0,0.08929503916449086
13,baseline_a,0,0.08929503916449086
13,baseline_a,0,0.08929503916449086
13,baseline_a,0,0.08929503916449086
13,baseline_a,0,0.08929503916449086
13,baseline_a,0,0.08929503916449086
13,baseline_a,0,0.08929503916449086
13,baseline_a,0,0.08929503916449086
13,baseline_a,0,0.08929503916449086
13,baseline_a,0,0.08929503916449086
13,baseline_a,0,0.08929503916449086
13,baseline_a,0,0.08929503916449086
13,baseline_a,0,0.08929503916449086
13,baseline_a,0,0.08929503916449086
13,baseline_a,0,0.08929503916449086
13,baseline_a,0,0.08929503916449086
13,baseline_a,0,0.08929503916449086
13,baseline_a,0,0.08929503916449086
13,baseline_a,0,0.08929503916449086
13,baseline_a,0,0.08929503916449086
13,baseline_a,0,0.08929503916449086
13,baseline_a,0,0.08929503916449086
13,baseline_a,0,0.08929503916449086
13,baseline_a,0,0.08929503916449086
13,baseline_a,0,0.08929503916449086
13,baseline_a,0,0.08929503916449086
13,baseline_a,0,0.08929503916449086
13,baseline_a,1,0.08929503916449086
13,baseline_a,0,0.08929503916449086
13,baseline_a,0,0.08929503916449086
13,baseline_a,0,0.08929503916449086
13,baseline_a,0,0.08929503916449086
13,baseline_a,0,0.08929503916449086
13,baseline_a,0,0.08929503916449086
13,baseline_a,0,0.08929503916449086
13,baseline_a,0,0.08929503916449086
13,baseline_a,0,0.08929503916449086
13,baseline_a,0,0.08929503916449086
13,baseline_a,1,0.08929503916449086
13,baseline_a,0,0.08929503916449086
13,baseline_a,1,0.08929503916449086
13,baseline_a,0,0.08929503916449086
13,baseline_a,0,0.08929503916449086
13,baseline_a,0,0.08929503916449086
13,baseline_a,0,0.08929503916449086
13,baseline_a,0,0.08929503916449086
13,baseline_a,0,0.08929503916449086
13,baseline_a,0,0.08929503916449086
13,baseline_a,0,0.08929503916449086
13,baseline_a,0,0.08929503916449086
13,baseline_a,0,0.08929503916449086
13,baseline_a,0,0.08929503916449086
13,baseline_a,0,0.08929503916449086
13,baseline_a,0,0.08929503916449086
13,baseline_a,0,0.08929503916449086
13,baseline_a,0,0.08929503916449086
13,baseline_a,0,0.08929503916449086
13,baseline_a,1,0.08929503916449086
13,baseline_a,0,0.08929503916449086
13,baseline_a,0,0.08929503916449086
13,baseline_a,0,0.08929503916449086
13,baseline_a,0,0.08929503916449086
13,baseline_a,1,0.08929503916449086
13,baseline_a,0,0.08929503916449086
13,baseline_a,1,0.08929503916449086
13,baseline_a,0,0.08929503916449086
13,baseline_a,0,0.08929503916449086
13,baseline_a,0,0.08929503916449086
13,baseline_a,0,0.08929503916449086
13,baseline_a,0,0.08929503916449086
13,baseline_a,0,0.08929503916449086
13,baseline_a,1,0.08929503916449086
13,baseline_a,1,0.08929503916449086
13,baseline_a,0,0.08929503916449086
13,baseline_a,0,0.08929503916449086
13,baseline_a,0,0.08929503916449086
13,baseline_a,0,0.08929503916449086
13,baseline_a,0,0.08929503916449086
13,baseline_a,0,0.08929503916449086
13,baseline_a,0,0.08929503916449086
13,baseline_a,0,0.08929503916449086
13,baseline_a,0,0.08929503916449086
13,baseline_a,0,0.08929503916449086
13,baseline_a,0,0.08929503916449086
13,baseline_a,0,0.08929503916449086
13,baseline_a,0,0.08929503916449086
13,baseline_a,0,0.08929503916449086
13,baseline_a,0,0.08929503916449086
13,baseline_a,0,0.08929503916449086
13,baseline_a,0,0.08929503916449086
13,baseline_a,0,0.08929503916449086
13,baseline_a,0,0.08929503916449086
13,baseline_a,0,0.08929503916449086
13,baseline_a,0,0.08929503916449086
13,baseline_a,0,0.08929503916449086
13,baseline_a,0,0.08929503916449086
13,baseline_a,0,0.08929503916449086
13,baseline_a,0,0.08929503916449086
13,baseline_a,0,0.08929503916449086
13,baseline_a,0,0.08929503916449086
13,baseline_a,0,0.08929503916449086
13,baseline_a,0,0.08929503916449086
13,baseline_a,0,0.08929503916449086
13,baseline_a,0,0.08929503916449086
13,baseline_a,0,0.08929503916449086
13,baseline_a,0,0.08929503916449086
13,baseline_a,0,0.08929503916449086
13,baseline_a,0,0.08929503916449086
13,baseline_a,0,0.08929503916449086
13,baseline_a,0,0.08929503916449086
13,baseline_a,0,0.08929503916449086
13,baseline_a,0,0.08929503916449086
13,baseline_a,0,0.08929503916449086
13,baseline_a,0,0.08929503916449086
13,baseline_a,0,0.08929503916449086
13,baseline_a,0,0.08929503916449086
13,baseline_a,0,0.08929503916449086
13,baseline_a,0,0.08929503916449086
13,baseline_a,0,0.08929503916449086
13,baseline_a,0,0.08929503916449086
13,baseline_a,0,0.08929503916449086
13,baseline_a,1,0.08929503916449086
13,baseline_a,1,0.08929503916449086
13,baseline_a,1,0.08929503916449086
13,baseline_a,0,0.08929503916449086
13,baseline_a,0,0.08929503916449086
13,baseline_a,0,0.08929503916449086
13,baseline_a,0,0.08929503916449086
13,baseline_a,0,0.08929503916449086
13,baseline_a,0,0.08929503916449086
13,baseline_a,0,0.08929503916449086
13,baseline_a,1,0.08929503916449086
13,baseline_a,0,0.08929503916449086
13,baseline_a,0,0.08929503916449086
13,baseline_a,0,0.08929503916449086
13,baseline_a,0,0.08929503916449086
13,baseline_a,0,0.08929503916449086
13,baseline_a,0,0.08929503916449086
13,baseline_a,0,0.08929503916449086
13,baseline_a,0,0.08929503916449086
13,baseline_a,1,0.08929503916449086
13,baseline_a,0,0.08929503916449086
13,baseline_a,0,0.08929503916449086
13,baseline_a,0,0.08929503916449086
13,baseline_a,0,0.08929503916449086
13,baseline_a,0,0.08929503916449086
13,baseline_a,0,0.08929503916449086
13,baseline_a,0,0.08929503916449086
13,baseline_a,0,0.08929503916449086
13,baseline_a,0,0.08929503916449086
13,baseline_a,0,0.08929503916449086
13,baseline_a,0,0.08929503916449086
13,baseline_a,0,0.08929503916449086
13,baseline_a,0,0.08929503916449086
13,baseline_a,0,0.08929503916449086
13,baseline_a,0,0.08929503916449086
13,baseline_a,0,0.08929503916449086
13,baseline_a,0,0.08929503916449086
13,baseline_a,0,0.08929503916449086
13,baseline_a,0,0.08929503916449086
13,baseline_a,0,0.08929503916449086
13,baseline_a,0,0.08929503916449086
13,baseline_a,0,0.08929503916449086
13,baseline_a,0,0.08929503916449086
13,baseline_a,0,0.08929503916449086
13,baseline_a,0,0.08929503916449086
13,baseline_a,0,0.08929503916449086
13,baseline_a,1,0.08929503916449086
13,baseline_a,0,0.08929503916449086
13,baseline_a,0,0.08929503916449086
13,baseline_a,0,0.08929503916449086
13,baseline_a,0,0.08929503916449086
13,baseline_a,1,0.08929503916449086
13,baseline_a,0,0.08929503916449086
13,baseline_a,0,0.08929503916449086
13,baseline_a,0,0.08929503916449086
13,baseline_a,1,0.08929503916449086
13,baseline_a,0,0.08929503916449086
13,baseline_a,1,0.08929503916449086
13,baseline_a,0,0.08929503916449086
13,baseline_a,0,0.08929503916449086
13,baseline_a,0,0.08929503916449086
13,baseline_a,0,0.08929503916449086
13,baseline_a,0,0.08929503916449086
13,baseline_a,0,0.08929503916449086
13,baseline_a,0,0.08929503916449086
13,baseline_a,0,0.08929503916449086
13,baseline_a,1,0.08929503916449086
13,baseline_a,0,0.08929503916449086
13,baseline_a,0,0.08929503916449086
13,baseline_a,0,0.08929503916449086
13,baseline_a,0,0.08929503916449086
13,baseline_a,0,0.08929503916449086
13,baseline_a,0,0.08929503916449086
13,baseline_a,0,0.08929503916449086
13,baseline_a,0,0.08929503916449086
13,baseline_a,1,0.08929503916449086
13,baseline_a,0,0.08929503916449086
13,baseline_a,0,0.08929503916449086
13,baseline_a,1,0.08929503916449086
13,baseline_a,0,0.08929503916449086
13,baseline_a,0,0.08929503916449086
13,baseline_a,0,0.08929503916449086
13,baseline_a,0,0.08929503916449086
13,baseline_a,0,0.08929503916449086
13,baseline_a,0,0.08929503916449086
13,baseline_a,1,0.08929503916449086
13,baseline_a,0,0.08929503916449086
13,baseline_a,0,0.08929503916449086
13,baseline_a,0,0.08929503916449086
13,baseline_a,1,0.08929503916449086
13,baseline_a,0,0.08929503916449086
13,baseline_a,0,0.08929503916449086
13,baseline_a,0,0.08929503916449086
13,baseline_a,0,0.08929503916449086
13,baseline_a,0,0.08929503916449086
13,baseline_a,0,0.08929503916449086
13,baseline_a,0,0.08929503916449086
13,baseline_a,0,0.08929503916449086
13,baseline_a,0,0.08929503916449086
13,baseline_a,0,0.08929503916449086
13,baseline_a,0,0.08929503916449086
13,baseline_a,0,0.08929503916449086
13,baseline_a,0,0.08929503916449086
13,baseline_a,0,0.08929503916449086
13,baseline_a,0,0.08929503916449086
13,baseline_a,0,0.08929503916449086
13,baseline_a,0,0.08929503916449086
13,baseline_a,0,0.08929503916449086
13,baseline_a,0,0.08929503916449086
13,baseline_a,0,0.08929503916449086
13,baseline_a,0,0.08929503916449086
13,baseline_a,0,0.08929503916449086
13,baseline_a,0,0.08929503916449086
13,baseline_a,0,0.08929503916449086
13,baseline_a,0,0.08929503916449086
13,baseline_a,0,0.08929503916449086
13,baseline_a,0,0.08929503916449086
13,baseline_a,0,0.08929503916449086
13,baseline_a,0,0.08929503916449086
13,baseline_a,1,0.08929503916449086
13,baseline_a,0,0.08929503916449086
13,baseline_a,1,0.08929503916449086
13,baseline_a,0,0.08929503916449086
13,baseline_a,0,0.08929503916449086
13,baseline_a,0,0.08929503916449086
13,baseline_a,0,0.08929503916449086
13,baseline_a,0,0.08929503916449086
13,baseline_a,0,0.08929503916449086
13,baseline_a,0,0.08929503916449086
13,baseline_a,0,0.08929503916449086
13,baseline_a,1,0.08929503916449086
13,baseline_a,0,0.08929503916449086
13,baseline_a,0,0.08929503916449086
13,baseline_a,0,0.08929503916449086
13,baseline_a,0,0.08929503916449086
13,baseline_a,0,0.08929503916449086
13,baseline_a,1,0.08929503916449086
13,baseline_a,1,0.08929503916449086
13,baseline_a,0,0.08929503916449086
13,baseline_a,0,0.08929503916449086
13,baseline_a,0,0.08929503916449086
13,baseline_a,0,0.08929503916449086
13,baseline_a,0,0.08929503916449086
13,baseline_a,0,0.08929503916449086
13,baseline_a,0,0.08929503916449086
13,baseline_a,0,0.08929503916449086
13,baseline_a,0,0.08929503916449086
13,baseline_a,0,0.08929503916449086
13,baseline_a,0,0.08929503916449086
13,baseline_a,0,0.08929503916449086
13,baseline_a,0,0.08929503916449086
13,baseline_a,0,0.08929503916449086
13,baseline_a,0,0.08929503916449086
13,baseline_a,0,0.08929503916449086
13,baseline_a,0,0.08929503916449086
13,baseline_a,0,0.08929503916449086
13,baseline_a,0,0.08929503916449086
13,baseline_a,0,0.08929503916449086
13,baseline_a,0,0.08929503916449086
13,baseline_a,1,0.08929503916449086
13,baseline_a,0,0.08929503916449086
13,baseline_a,0,0.08929503916449086
13,baseline_a,0,0.08929503916449086
13,baseline_a,0,0.08929503916449086
13,baseline_a,0,0.08929503916449086
13,baseline_a,0,0.08929503916449086
13,baseline_a,0,0.08929503916449086
13,baseline_a,0,0.08929503916449086
13,baseline_a,0,0.08929503916449086
13,baseline_a,0,0.08929503916449086
13,baseline_a,0,0.08929503916449086
13,baseline_a,0,0.08929503916449086
13,baseline_a,0,0.08929503916449086
13,baseline_a,0,0.08929503916449086
13,baseline_a,0,0.08929503916449086
13,baseline_a,0,0.08929503916449086
13,baseline_a,0,0.08929503916449086
13,baseline_a,0,0.08929503916449086
13,baseline_a,0,0.08929503916449086
13,baseline_a,0,0.08929503916449086
13,baseline_a,0,0.08929503916449086
13,baseline_a,0,0.08929503916449086
13,baseline_a,0,0.08929503916449086
13,baseline_a,0,0.08929503916449086
13,baseline_a,0,0.08929503916449086
13,baseline_a,0,0.08929503916449086
13,baseline_a,0,0.08929503916449086
13,baseline_a,0,0.08929503916449086
13,baseline_a,0,0.08929503916449086
13,baseline_a,0,0.08929503916449086
13,baseline_a,0,0.08929503916449086
13,baseline_a,1,0.08929503916449086
13,baseline_a,0,0.08929503916449086
13,baseline_a,0,0.08929503916449086
13,baseline_a,0,0.08929503916449086
13,baseline_a,0,0.08929503916449086
13,baseline_a,0,0.08929503916449086
13,baseline_a,0,0.08929503916449086
13,baseline_a,0,0.08929503916449086
13,baseline_a,0,0.08929503916449086
13,baseline_a,0,0.08929503916449086
13,baseline_a,1,0.08929503916449086
13,baseline_a,0,0.08929503916449086
13,baseline_a,0,0.08929503916449086
13,baseline_a,0,0.08929503916449086
13,baseline_a,0,0.08929503916449086
13,baseline_a,0,0.08929503916449086
13,baseline_a,0,0.08929503916449086
13,baseline_a,1,0.08929503916449086
13,baseline_a,0,0.08929503916449086
13,baseline_a,0,0.08929503916449086
13,baseline_a,0,0.08929503916449086
13,baseline_a,0,0.08929503916449086
13,baseline_a,0,0.08929503916449086
13,baseline_a,0,0.08929503916449086
13,baseline_a,0,0.08929503916449086
13,baseline_a,0,0.08929503916449086
13,baseline_a,0,0.08929503916449086
13,baseline_a,1,0.08929503916449086
13,baseline_a,0,0.08929503916449086
13,baseline_a,0,0.08929503916449086
13,baseline_a,0,0.08929503916449086
13,baseline_a,0,0.08929503916449086
13,baseline_a,0,0.08929503916449086
13,baseline_a,0,0.08929503916449086
13,baseline_a,1,0.08929503916449086
13,baseline_a,0,0.08929503916449086
13,baseline_a,0,0.08929503916449086
13,baseline_a,0,0.08929503916449086
13,baseline_a,0,0.08929503916449086
13,baseline_a,0,0.08929503916449086
13,baseline_a,0,0.08929503916449086
13,baseline_a,0,0.08929503916449086
13,baseline_a,0,0.08929503916449086
13,baseline_a,0,0.08929503916449086
13,baseline_a,0,0.08929503916449086
13,baseline_a,0,0.08929503916449086
13,baseline_a,0,0.08929503916449086
13,baseline_a,0,0.08929503916449086
13,baseline_a,0,0.08929503916449086
13,baseline_a,0,0.08929503916449086
13,baseline_a,0,0.08929503916449086
13,baseline_a,0,0.08929503916449086
13,baseline_a,0,0.08929503916449086
13,baseline_a,0,0.08929503916449086
13,baseline_a,0,0.08929503916449086
13,baseline_a,0,0.08929503916449086
13,baseline_a,0,0.08929503916449086
13,baseline_a,0,0.08929503916449086
13,baseline_a,0,0.08929503916449086
13,baseline_a,0,0.08929503916449086
13,baseline_a,0,0.08929503916449086
13,baseline_a,0,0.08929503916449086
13,baseline_a,0,0.08929503916449086
13,baseline_a,0,0.08929503916449086
13,baseline_a,0,0.08929503916449086
13,baseline_a,0,0.08929503916449086
13,baseline_a,0,0.08929503916449086
13,baseline_a,0,0.08929503916449086
13,baseline_a,1,0.08929503916449086
13,baseline_a,0,0.08929503916449086
13,baseline_a,0,0.08929503916449086
13,baseline_a,0,0.08929503916449086
13,baseline_a,0,0.08929503916449086
13,baseline_a,0,0.08929503916449086
13,baseline_a,0,0.08929503916449086
13,baseline_a,0,0.08929503916449086
13,baseline_a,0,0.08929503916449086
13,baseline_a,0,0.08929503916449086
13,baseline_a,0,0.08929503916449086
13,baseline_a,0,0.08929503916449086
13,baseline_a,0,0.08929503916449086
13,baseline_a,0,0.08929503916449086
13,baseline_a,0,0.08929503916449086
13,baseline_a,0,0.08929503916449086
13,baseline_a,1,0.08929503916449086
13,baseline_a,0,0.08929503916449086
13,baseline_a,0,0.08929503916449086
13,baseline_a,0,0.08929503916449086
13,baseline_a,0,0.08929503916449086
13,baseline_a,1,0.08929503916449086
13,baseline_a,0,0.08929503916449086
13,baseline_a,0,0.08929503916449086
13,baseline_a,0,0.08929503916449086
13,baseline_a,0,0.08929503916449086
13,baseline_a,1,0.08929503916449086
13,baseline_a,0,0.08929503916449086
13,baseline_a,0,0.08929503916449086
13,baseline_a,0,0.08929503916449086
13,baseline_a,0,0.08929503916449086
13,baseline_a,0,0.08929503916449086
13,baseline_a,0,0.08929503916449086
13,baseline_a,0,0.08929503916449086
13,baseline_a,1,0.08929503916449086
13,baseline_a,1,0.08929503916449086
13,baseline_a,0,0.08929503916449086
13,baseline_a,0,0.08929503916449086
13,baseline_a,0,0.08929503916449086
13,baseline_a,0,0.08929503916449086
13,baseline_a,0,0.08929503916449086
13,baseline_a,0,0.08929503916449086
13,baseline_a,0,0.08929503916449086
13,baseline_a,0,0.08929503916449086
13,baseline_a,0,0.08929503916449086
13,baseline_a,0,0.08929503916449086
13,baseline_a,0,0.08929503916449086
13,baseline_a,0,0.08929503916449086
13,baseline_a,0,0.08929503916449086
13,baseline_a,0,0.08929503916449086
13,baseline_a,0,0.08929503916449086
13,baseline_a,0,0.08929503916449086
13,baseline_a,0,0.08929503916449086
13,baseline_a,0,0.08929503916449086
13,baseline_a,0,0.08929503916449086
13,baseline_a,0,0.08929503916449086
13,baseline_a,0,0.08929503916449086
13,baseline_a,0,0.08929503916449086
13,baseline_a,0,0.08929503916449086
13,baseline_a,0,0.08929503916449086
13,baseline_a,0,0.08929503916449086
13,baseline_a,0,0.08929503916449086
13,baseline_a,0,0.08929503916449086
13,baseline_a,0,0.08929503916449086
13,baseline_a,0,0.08929503916449086
13,baseline_a,0,0.08929503916449086
13,baseline_a,0,0.08929503916449086
13,baseline_a,0,0.08929503916449086
13,baseline_a,0,0.08929503916449086
13,baseline_a,0,0.08929503916449086
13,baseline_a,0,0.08929503916449086
13,baseline_a,0,0.08929503916449086
13,baseline_a,1,0.08929503916449086
13,baseline_a,0,0.08929503916449086
13,baseline_a,0,0.08929503916449086
13,baseline_a,0,0.08929503916449086
13,baseline_a,1,0.08929503916449086
13,baseline_a,0,0.08929503916449086
13,baseline_a,0,0.08929503916449086
13,baseline_a,0,0.08929503916449086
13,baseline_a,0,0.08929503916449086
13,baseline_a,0,0.08929503916449086
13,baseline_a,0,0.08929503916449086
13,baseline_a,0,0.08929503916449086
13,baseline_a,0,0.08929503916449086
13,baseline_a,0,0.08929503916449086
13,baseline_a,0,0.08929503916449086
13,baseline_a,0,0.08929503916449086
13,baseline_a,0,0.08929503916449086
13,baseline_a,0,0.08929503916449086
13,baseline_a,0,0.08929503916449086
13,baseline_a,0,0.08929503916449086
13,baseline_a,1,0.08929503916449086
13,baseline_a,0,0.08929503916449086
13,baseline_a,0,0.08929503916449086
13,baseline_a,0,0.08929503916449086
13,baseline_a,0,0.08929503916449086
13,baseline_a,0,0.08929503916449086
13,baseline_a,0,0.08929503916449086
13,baseline_a,0,0.08929503916449086
13,baseline_a,0,0.08929503916449086
13,baseline_a,0,0.08929503916449086
13,baseline_a,0,0.08929503916449086
13,baseline_a,0,0.08929503916449086
13,baseline_a,0,0.08929503916449086
13,baseline_a,0,0.08929503916449086
13,baseline_a,0,0.08929503916449086
13,baseline_a,0,0.08929503916449086
13,baseline_a,0,0.08929503916449086
13,baseline_a,0,0.08929503916449086
13,baseline_a,0,0.08929503916449086
13,baseline_a,0,0.08929503916449086
13,baseline_a,0,0.08929503916449086
13,baseline_a,0,0.08929503916449086
13,baseline_a,0,0.08929503916449086
13,baseline_a,0,0.08929503916449086
13,baseline_a,0,0.08929503916449086
13,baseline_a,0,0.08929503916449086
13,baseline_a,0,0.08929503916449086
13,baseline_a,0,0.08929503916449086
13,baseline_a,0,0.08929503916449086
13,baseline_a,0,0.08929503916449086
13,baseline_a,0,0.08929503916449086
13,baseline_a,0,0.08929503916449086
13,baseline_a,0,0.08929503916449086
13,baseline_a,0,0.08929503916449086
13,baseline_a,0,0.08929503916449086
13,baseline_a,0,0.08929503916449086
13,baseline_a,0,0.08929503916449086
13,baseline_a,0,0.08929503916449086
13,baseline_a,0,0.08929503916449086
13,baseline_a,0,0.08929503916449086
13,baseline_a,0,0.08929503916449086
13,baseline_a,0,0.08929503916449086
13,baseline_a,0,0.08929503916449086
13,baseline_a,0,0.08929503916449086
13,baseline_a,0,0.08929503916449086
13,baseline_a,0,0.08929503916449086
13,baseline_a,0,0.08929503916449086
13,baseline_a,0,0.08929503916449086
13,baseline_a,0,0.08929503916449086
13,baseline_a,0,0.08929503916449086
13,baseline_a,0,0.08929503916449086
13,baseline_a,0,0.08929503916449086
13,baseline_a,0,0.08929503916449086
13,baseline_a,0,0.08929503916449086
13,baseline_a,1,0.08929503916449086
13,baseline_a,0,0.08929503916449086
13,baseline_a,0,0.08929503916449086
13,baseline_a,1,0.08929503916449086
13,baseline_a,0,0.08929503916449086
13,baseline_a,1,0.08929503916449086
13,baseline_a,0,0.08929503916449086
13,baseline_a,0,0.08929503916449086
13,baseline_a,0,0.08929503916449086
13,baseline_a,0,0.08929503916449086
13,baseline_a,0,0.08929503916449086
13,baseline_a,0,0.08929503916449086
13,baseline_a,0,0.08929503916449086
13,baseline_a,0,0.08929503916449086
13,baseline_a,1,0.08929503916449086
13,baseline_a,0,0.08929503916449086
13,baseline_a,1,0.08929503916449086
13,baseline_a,0,0.08929503916449086
13,baseline_a,0,0.08929503916449086
13,baseline_a,0,0.08929503916449086
13,baseline_a,1,0.08929503916449086
13,baseline_a,0,0.08929503916449086
13,baseline_a,0,0.08929503916449086
13,baseline_a,0,0.08929503916449086
13,baseline_a,0,0.08929503916449086
13,baseline_a,0,0.08929503916449086
13,baseline_a,0,0.08929503916449086
13,baseline_a,0,0.08929503916449086
13,baseline_a,0,0.08929503916449086
13,baseline_a,0,0.08929503916449086
13,baseline_a,0,0.08929503916449086
13,baseline_a,0,0.08929503916449086
13,baseline_a,0,0.08929503916449086
13,baseline_a,0,0.08929503916449086
13,baseline_a,0,0.08929503916449086
13,baseline_a,0,0.08929503916449086
13,baseline_a,0,0.08929503916449086
13,baseline_a,0,0.08929503916449086
13,baseline_a,0,0.08929503916449086
13,baseline_a,0,0.08929503916449086
13,baseline_a,0,0.08929503916449086
13,baseline_a,0,0.08929503916449086
13,baseline_a,0,0.08929503916449086
13,baseline_a,0,0.08929503916449086
13,baseline_a,0,0.08929503916449086
13,baseline_a,0,0.08929503916449086
13,baseline_a,0,0.08929503916449086
13,baseline_a,0,0.08929503916449086
13,baseline_a,0,0.08929503916449086
13,baseline_a,0,0.08929503916449086
13,baseline_a,0,0.08929503916449086
13,baseline_a,0,0.08929503916449086
13,baseline_a,0,0.08929503916449086
13,baseline_a,0,0.08929503916449086
13,baseline_a,0,0.08929503916449086
13,baseline_a,0,0.08929503916449086
13,baseline_a,0,0.08929503916449086
13,baseline_a,0,0.08929503916449086
13,baseline_a,0,0.08929503916449086
13,baseline_a,0,0.08929503916449086
13,baseline_a,0,0.08929503916449086
13,baseline_a,0,0.08929503916449086
13,baseline_a,0,0.08929503916449086
13,baseline_a,0,0.08929503916449086
13,baseline_a,0,0.08929503916449086
13,baseline_a,0,0.08929503916449086
13,baseline_a,0,0.08929503916449086
13,baseline_a,0,0.08929503916449086
13,baseline_a,1,0.08929503916449086
13,baseline_a,0,0.08929503916449086
13,baseline_a,0,0.08929503916449086
13,baseline_a,0,0.08929503916449086
13,baseline_a,0,0.08929503916449086
13,baseline_a,0,0.08929503916449086
13,baseline_a,1,0.08929503916449086
13,baseline_a,1,0.08929503916449086
13,baseline_a,0,0.08929503916449086
13,baseline_a,0,0.08929503916449086
13,baseline_a,0,0.08929503916449086
13,baseline_a,0,0.08929503916449086
13,baseline_a,0,0.08929503916449086
13,baseline_a,0,0.08929503916449086
13,baseline_a,0,0.08929503916449086
13,baseline_a,0,0.08929503916449086
13,baseline_a,0,0.08929503916449086
13,baseline_a,1,0.08929503916449086
13,baseline_a,0,0.08929503916449086
13,baseline_a,0,0.08929503916449086
13,baseline_a,0,0.08929503916449086
13,baseline_a,0,0.08929503916449086
13,baseline_a,0,0.08929503916449086
13,baseline_a,0,0.08929503916449086
13,baseline_a,0,0.08929503916449086
13,baseline_a,0,0.08929503916449086
13,baseline_a,0,0.08929503916449086
13,baseline_a,0,0.08929503916449086
13,baseline_a,0,0.08929503916449086
13,baseline_a,0,0.08929503916449086
13,baseline_a,0,0.08929503916449086
13,baseline_a,0,0.08929503916449086
13,baseline_a,0,0.08929503916449086
13,baseline_a,0,0.08929503916449086
13,baseline_a,0,0.08929503916449086
13,baseline_a,0,0.08929503916449086
13,baseline_a,1,0.08929503916449086
13,baseline_a,0,0.08929503916449086
13,baseline_a,0,0.08929503916449086
13,baseline_a,0,0.08929503916449086
13,baseline_a,0,0.08929503916449086
13,baseline_a,0,0.08929503916449086
13,baseline_a,0,0.08929503916449086
13,baseline_a,0,0.08929503916449086
13,baseline_a,0,0.08929503916449086
13,baseline_a,0,0.08929503916449086
13,baseline_a,0,0.08929503916449086
13,baseline_a,0,0.08929503916449086
13,baseline_a,0,0.08929503916449086
13,baseline_a,0,0.08929503916449086
13,baseline_a,0,0.08929503916449086
13,baseline_a,0,0.08929503916449086
13,baseline_a,0,0.08929503916449086
13,baseline_a,0,0.08929503916449086
13,baseline_a,0,0.08929503916449086
13,baseline_a,0,0.08929503916449086
13,baseline_a,0,0.08929503916449086
13,baseline_a,0,0.08929503916449086
13,baseline_a,0,0.08929503916449086
13,baseline_a,0,0.08929503916449086
13,baseline_a,0,0.08929503916449086
13,baseline_a,0,0.08929503916449086
13,baseline_a,0,0.08929503916449086
13,baseline_a,0,0.08929503916449086
13,baseline_a,0,0.08929503916449086
13,baseline_a,0,0.08929503916449086
13,baseline_a,1,0.08929503916449086
13,baseline_a,0,0.08929503916449086
13,baseline_a,0,0.08929503916449086
13,baseline_a,0,0.08929503916449086
13,baseline_a,0,0.08929503916449086
13,baseline_a,0,0.08929503916449086
13,baseline_a,0,0.08929503916449086
13,baseline_a,0,0.08929503916449086
13,baseline_a,0,0.08929503916449086
13,baseline_a,0,0.08929503916449086
13,baseline_a,0,0.08929503916449086
13,baseline_a,0,0.08929503916449086
13,baseline_a,0,0.08929503916449086
13,baseline_a,0,0.08929503916449086
13,baseline_a,0,0.08929503916449086
13,baseline_a,0,0.08929503916449086
13,baseline_a,0,0.08929503916449086
13,baseline_a,0,0.08929503916449086
13,baseline_a,0,0.08929503916449086
13,baseline_a,0,0.08929503916449086
13,baseline_a,0,0.08929503916449086
13,baseline_a,0,0.08929503916449086
13,baseline_a,1,0.08929503916449086
13,baseline_a,0,0.08929503916449086
13,baseline_a,0,0.08929503916449086
13,baseline_a,0,0.08929503916449086
13,baseline_a,0,0.08929503916449086
13,baseline_a,1,0.08929503916449086
13,baseline_a,0,0.08929503916449086
13,baseline_a,0,0.08929503916449086
13,baseline_a,0,0.08929503916449086
13,baseline_a,0,0.08929503916449086
13,baseline_a,0,0.08929503916449086
13,baseline_a,0,0.08929503916449086
13,baseline_a,0,0.08929503916449086
13,baseline_a,0,0.08929503916449086
13,baseline_a,0,0.08929503916449086
13,baseline_a,0,0.08929503916449086
13,baseline_a,0,0.08929503916449086
13,baseline_a,0,0.08929503916449086
13,baseline_a,0,0.08929503916449086
13,baseline_a,0,0.08929503916449086
13,baseline_a,1,0.08929503916449086
13,baseline_a,0,0.08929503916449086
13,baseline_a,0,0.08929503916449086
13,baseline_a,0,0.08929503916449086
13,baseline_a,0,0.08929503916449086
13,baseline_a,0,0.08929503916449086
13,baseline_a,0,0.08929503916449086
13,baseline_a,0,0.08929503916449086
13,baseline_a,0,0.08929503916449086
13,baseline_a,0,0.08929503916449086
13,baseline_a,0,0.08929503916449086
13,baseline_a,0,0.08929503916449086
13,baseline_a,0,0.08929503916449086
13,baseline_a,0,0.08929503916449086
13,baseline_a,0,0.08929503916449086
13,baseline_a,0,0.08929503916449086
13,baseline_a,0,0.08929503916449086
13,baseline_a,0,0.08929503916449086
13,baseline_a,0,0.08929503916449086
13,baseline_a,0,0.08929503916449086
13,baseline_a,0,0.08929503916449086
13,baseline_a,0,0.08929503916449086
13,baseline_a,0,0.08929503916449086
13,baseline_a,0,0.08929503916449086
13,baseline_a,0,0.08929503916449086
13,baseline_a,0,0.08929503916449086
13,baseline_a,0,0.08929503916449086
13,baseline_a,0,0.08929503916449086
13,baseline_a,0,0.08929503916449086
13,baseline_a,0,0.08929503916449086
13,baseline_a,0,0.08929503916449086
13,baseline_a,0,0.08929503916449086
13,baseline_a,0,0.08929503916449086
13,baseline_a,0,0.08929503916449086
13,baseline_a,0,0.08929503916449086
13,baseline_a,0,0.08929503916449086
13,baseline_a,0,0.08929503916449086
13,baseline_a,0,0.08929503916449086
13,baseline_a,1,0.08929503916449086
13,baseline_a,0,0.08929503916449086
13,baseline_a,0,0.08929503916449086
13,baseline_a,0,0.08929503916449086
13,baseline_a,0,0.08929503916449086
13,baseline_a,0,0.08929503916449086
13,baseline_a,0,0.08929503916449086
13,baseline_a,1,0.08929503916449086
13,baseline_a,0,0.08929503916449086
13,baseline_a,0,0.08929503916449086
13,baseline_a,0,0.08929503916449086
13,baseline_a,0,0.08929503916449086
13,baseline_a,1,0.08929503916449086
13,baseline_a,0,0.08929503916449086
13,baseline_a,0,0.08929503916449086
13,baseline_a,0,0.08929503916449086
13,baseline_a,0,0.08929503916449086
13,baseline_a,0,0.08929503916449086
13,baseline_a,0,0.08929503916449086
13,baseline_a,0,0.08929503916449086
13,baseline_a,0,0.08929503916449086
13,baseline_a,0,0.08929503916449086
13,baseline_a,0,0.08929503916449086
13,baseline_a,0,0.08929503916449086
13,baseline_a,0,0.08929503916449086
13,baseline_a,0,0.08929503916449086
13,baseline_a,0,0.08929503916449086
13,baseline_a,0,0.08929503916449086
13,baseline_a,0,0.08929503916449086
13,baseline_a,0,0.08929503916449086
13,baseline_a,1,0.08929503916449086
13,baseline_a,0,0.08929503916449086
13,baseline_a,0,0.08929503916449086
13,baseline_a,0,0.08929503916449086
13,baseline_a,0,0.08929503916449086
13,baseline_a,0,0.08929503916449086
13,baseline_a,0,0.08929503916449086
13,baseline_a,0,0.08929503916449086
13,baseline_a,0,0.08929503916449086
13,baseline_a,0,0.08929503916449086
13,baseline_a,0,0.08929503916449086
13,baseline_a,0,0.08929503916449086
13,baseline_a,0,0.08929503916449086
13,baseline_a,0,0.08929503916449086
13,baseline_a,0,0.08929503916449086
13,baseline_a,0,0.08929503916449086
13,baseline_a,0,0.08929503916449086
13,baseline_a,0,0.08929503916449086
13,baseline_a,0,0.08929503916449086
13,baseline_a,0,0.08929503916449086
13,baseline_a,0,0.08929503916449086
13,baseline_a,0,0.08929503916449086
13,baseline_a,0,0.08929503916449086
13,baseline_a,0,0.08929503916449086
13,baseline_a,0,0.08929503916449086
13,baseline_a,0,0.08929503916449086
13,baseline_a,0,0.08929503916449086
13,baseline_a,0,0.08929503916449086
13,baseline_a,0,0.08929503916449086
13,baseline_a,0,0.08929503916449086
13,baseline_a,0,0.08929503916449086
13,baseline_a,0,0.08929503916449086
13,baseline_a,0,0.08929503916449086
13,baseline_a,0,0.08929503916449086
13,baseline_a,0,0.08929503916449086
13,baseline_a,0,0.08929503916449086
13,baseline_a,0,0.08929503916449086
13,baseline_a,0,0.08929503916449086
13,baseline_a,0,0.08929503916449086
13,baseline_a,0,0.08929503916449086
13,baseline_a,1,0.08929503916449086
13,baseline_a,0,0.08929503916449086
13,baseline_a,0,0.08929503916449086
13,baseline_a,0,0.08929503916449086
13,baseline_a,0,0.08929503916449086
13,baseline_a,0,0.08929503916449086
13,baseline_a,1,0.08929503916449086
13,baseline_a,0,0.08929503916449086
13,baseline_a,0,0.08929503916449086
13,baseline_a,0,0.08929503916449086
13,baseline_a,0,0.08929503916449086
13,baseline_a,0,0.08929503916449086
13,baseline_a,0,0.08929503916449086
13,baseline_a,0,0.08929503916449086
13,baseline_a,0,0.08929503916449086
13,baseline_a,0,0.08929503916449086
13,baseline_a,0,0.08929503916449086
13,baseline_a,0,0.08929503916449086
13,baseline_a,0,0.08929503916449086
13,baseline_a,1,0.08929503916449086
13,baseline_a,0,0.08929503916449086
13,baseline_a,0,0.08929503916449086
13,baseline_a,0,0.08929503916449086
13,baseline_a,0,0.08929503916449086
13,baseline_a,0,0.08929503916449086
13,baseline_a,0,0.08929503916449086
13,baseline_a,1,0.08929503916449086
13,baseline_a,0,0.08929503916449086
13,baseline_a,0,0.08929503916449086
13,baseline_a,0,0.08929503916449086
13,baseline_a,0,0.08929503916449086
13,baseline_a,0,0.08929503916449086
13,baseline_a,0,0.08929503916449086
13,baseline_a,0,0.08929503916449086
13,baseline_a,0,0.08929503916449086
13,baseline_a,0,0.08929503916449086
13,baseline_a,0,0.08929503916449086
13,baseline_a,0,0.08929503916449086
13,baseline_a,0,0.08929503916449086
13,baseline_a,0,0.08929503916449086
13,baseline_a,0,0.08929503916449086
13,baseline_a,0,0.08929503916449086
13,baseline_a,0,0.08929503916449086
13,baseline_a,0,0.08929503916449086
13,baseline_a,0,0.08929503916449086
13,baseline_a,0,0.08929503916449086
13,baseline_a,0,0.08929503916449086
13,baseline_a,0,0.08929503916449086
13,baseline_a,0,0.08929503916449086
13,baseline_a,0,0.08929503916449086
13,baseline_a,0,0.08929503916449086
13,baseline_a,0,0.08929503916449086
13,baseline_a,0,0.08929503916449086
13,baseline_a,0,0.08929503916449086
13,baseline_a,0,0.08929503916449086
13,baseline_a,0,0.08929503916449086
13,baseline_a,0,0.08929503916449086
13,baseline_a,0,0.08929503916449086
13,baseline_a,0,0.08929503916449086
13,baseline_a,0,0.08929503916449086
13,baseline_a,0,0.08929503916449086
13,baseline_a,1,0.08929503916449086
13,baseline_a,0,0.08929503916449086
13,baseline_a,0,0.08929503916449086
13,baseline_a,0,0.08929503916449086
13,baseline_a,1,0.08929503916449086
13,baseline_a,1,0.08929503916449086
13,baseline_a,0,0.08929503916449086
13,baseline_a,0,0.08929503916449086
13,baseline_a,0,0.08929503916449086
13,baseline_a,1,0.08929503916449086
13,baseline_a,0,0.08929503916449086
13,baseline_a,0,0.08929503916449086
13,baseline_a,0,0.08929503916449086
13,baseline_a,0,0.08929503916449086
13,baseline_a,0,0.08929503916449086
13,baseline_a,1,0.08929503916449086
13,baseline_a,0,0.08929503916449086
13,baseline_a,0,0.08929503916449086
13,baseline_a,1,0.08929503916449086
13,baseline_a,0,0.08929503916449086
13,baseline_a,0,0.08929503916449086
13,baseline_a,0,0.08929503916449086
13,baseline_a,0,0.08929503916449086
13,baseline_a,0,0.08929503916449086
13,baseline_a,1,0.08929503916449086
13,baseline_a,0,0.08929503916449086
13,baseline_a,0,0.08929503916449086
13,baseline_a,0,0.08929503916449086
13,baseline_a,0,0.08929503916449086
13,baseline_a,0,0.08929503916449086
13,baseline_a,1,0.08929503916449086
13,baseline_a,0,0.08929503916449086
13,baseline_a,0,0.08929503916449086
13,baseline_a,0,0.08929503916449086
13,baseline_a,0,0.08929503916449086
13,baseline_a,0,0.08929503916449086
13,baseline_a,0,0.08929503916449086
13,baseline_a,0,0.08929503916449086
13,baseline_a,0,0.08929503916449086
13,baseline_a,0,0.08929503916449086
13,baseline_a,0,0.08929503916449086
13,baseline_a,0,0.08929503916449086
13,baseline_a,0,0.08929503916449086
13,baseline_a,0,0.08929503916449086
13,baseline_a,0,0.08929503916449086
13,baseline_a,0,0.08929503916449086
13,baseline_a,0,0.08929503916449086
13,baseline_a,0,0.08929503916449086
13,baseline_a,0,0.08929503916449086
13,baseline_a,0,0.08929503916449086
13,baseline_a,0,0.08929503916449086
13,baseline_a,0,0.08929503916449086
13,baseline_a,0,0.08929503916449086
13,baseline_a,0,0.08929503916449086
13,baseline_a,0,0.08929503916449086
13,baseline_a,0,0.08929503916449086
13,baseline_a,0,0.08929503916449086
13,baseline_a,0,0.08929503916449086
13,baseline_a,0,0.08929503916449086
13,baseline_a,0,0.08929503916449086
13,baseline_a,0,0.08929503916449086
13,baseline_a,0,0.08929503916449086
13,baseline_a,0,0.08929503916449086
13,baseline_a,0,0.08929503916449086
13,baseline_a,0,0.08929503916449086
13,baseline_a,0,0.08929503916449086
13,baseline_a,0,0.08929503916449086
13,baseline_a,0,0.08929503916449086
13,baseline_a,0,0.08929503916449086
13,baseline_a,0,0.08929503916449086
13,baseline_a,0,0.08929503916449086
13,baseline_a,0,0.08929503916449086
13,baseline_a,0,0.08929503916449086
13,baseline_a,0,0.08929503916449086
13,baseline_a,0,0.08929503916449086
13,baseline_a,1,0.08929503916449086
13,baseline_a,0,0.08929503916449086
13,baseline_a,0,0.08929503916449086
13,baseline_a,0,0.08929503916449086
13,baseline_a,0,0.08929503916449086
13,baseline_a,0,0.08929503916449086
13,baseline_a,0,0.08929503916449086
13,baseline_a,0,0.08929503916449086
13,baseline_a,0,0.08929503916449086
13,baseline_a,0,0.08929503916449086
13,baseline_a,1,0.08929503916449086
13,baseline_a,0,0.08929503916449086
13,baseline_a,0,0.08929503916449086
13,baseline_a,0,0.08929503916449086
13,baseline_a,0,0.08929503916449086
13,baseline_a,0,0.08929503916449086
13,baseline_a,0,0.08929503916449086
13,baseline_a,0,0.08929503916449086
13,baseline_a,0,0.08929503916449086
13,baseline_a,0,0.08929503916449086
13,baseline_a,0,0.08929503916449086
13,baseline_a,0,0.08929503916449086
13,baseline_a,0,0.08929503916449086
13,baseline_a,0,0.08929503916449086
13,baseline_a,0,0.08929503916449086
13,baseline_a,0,0.08929503916449086
13,baseline_a,0,0.08929503916449086
13,baseline_a,1,0.08929503916449086
13,baseline_a,0,0.08929503916449086
13,baseline_a,0,0.08929503916449086
13,baseline_a,0,0.08929503916449086
13,baseline_a,1,0.08929503916449086
13,baseline_a,0,0.08929503916449086
13,baseline_a,0,0.08929503916449086
13,baseline_a,0,0.08929503916449086
13,baseline_a,0,0.08929503916449086
13,baseline_a,0,0.08929503916449086
13,baseline_a,0,0.08929503916449086
13,baseline_a,0,0.08929503916449086
13,baseline_a,0,0.08929503916449086
13,baseline_a,0,0.08929503916449086
13,baseline_a,0,0.08929503916449086
13,baseline_a,0,0.08929503916449086
13,baseline_a,0,0.08929503916449086
13,baseline_a,0,0.08929503916449086
13,baseline_a,0,0.08929503916449086
13,baseline_a,0,0.08929503916449086
13,baseline_a,0,0.08929503916449086
13,baseline_a,0,0.08929503916449086
13,baseline_a,0,0.08929503916449086
13,baseline_a,0,0.08929503916449086
13,baseline_a,0,0.08929503916449086
13,baseline_a,0,0.08929503916449086
13,baseline_a,0,0.08929503916449086
13,baseline_a,0,0.08929503916449086
13,baseline_a,0,0.08929503916449086
13,baseline_a,0,0.08929503916449086
13,baseline_a,0,0.08929503916449086
13,baseline_a,0,0.08929503916449086
13,baseline_a,0,0.08929503916449086
13,baseline_a,1,0.08929503916449086
13,baseline_a,0,0.08929503916449086
13,baseline_a,0,0.08929503916449086
13,baseline_a,0,0.08929503916449086
13,baseline_a,0,0.08929503916449086
13,baseline_a,0,0.08929503916449086
13,baseline_a,0,0.08929503916449086
13,baseline_a,0,0.08929503916449086
13,baseline_a,1,0.08929503916449086
13,baseline_a,0,0.08929503916449086
13,baseline_a,0,0.08929503916449086
13,baseline_a,0,0.08929503916449086
13,baseline_a,0,0.08929503916449086
13,baseline_a,0,0.08929503916449086
13,baseline_a,1,0.08929503916449086
13,baseline_a,0,0.08929503916449086
13,baseline_a,0,0.08929503916449086
13,baseline_a,0,0.08929503916449086
13,baseline_a,0,0.08929503916449086
13,baseline_a,0,0.08929503916449086
13,baseline_a,0,0.08929503916449086
13,baseline_a,1,0.08929503916449086
13,baseline_a,0,0.08929503916449086
13,baseline_a,0,0.08929503916449086
13,baseline_a,0,0.08929503916449086
13,baseline_a,0,0.08929503916449086
13,baseline_a,0,0.08929503916449086
13,baseline_a,0,0.08929503916449086
13,baseline_a,0,0.08929503916449086
13,baseline_a,0,0.08929503916449086
13,baseline_a,1,0.08929503916449086
13,baseline_a,0,0.08929503916449086
13,baseline_a,0,0.08929503916449086
13,baseline_a,0,0.08929503916449086
13,baseline_a,1,0.08929503916449086
13,baseline_a,0,0.08929503916449086
13,baseline_a,0,0.08929503916449086
13,baseline_a,0,0.08929503916449086
13,baseline_a,0,0.08929503916449086
13,baseline_a,0,0.08929503916449086
13,baseline_a,0,0.08929503916449086
13,baseline_a,0,0.08929503916449086
13,baseline_a,0,0.08929503916449086
13,baseline_a,0,0.08929503916449086
13,baseline_a,0,0.08929503916449086
13,baseline_a,1,0.08929503916449086
13,baseline_a,1,0.08929503916449086
13,baseline_a,0,0.08929503916449086
13,baseline_a,0,0.08929503916449086
13,baseline_a,0,0.08929503916449086
13,baseline_a,0,0.08929503916449086
13,baseline_a,0,0.08929503916449086
13,baseline_a,0,0.08929503916449086
13,baseline_a,0,0.08929503916449086
13,baseline_a,0,0.08929503916449086
13,baseline_a,0,0.08929503916449086
13,baseline_a,0,0.08929503916449086
13,baseline_a,0,0.08929503916449086
13,baseline_a,0,0.08929503916449086
13,baseline_a,0,0.08929503916449086
13,baseline_a,0,0.08929503916449086
13,baseline_a,0,0.08929503916449086
13,baseline_a,0,0.08929503916449086
13,baseline_a,0,0.08929503916449086
13,baseline_a,0,0.08929503916449086
13,baseline_a,0,0.08929503916449086
13,baseline_a,0,0.08929503916449086
13,baseline_a,0,0.08929503916449086
13,baseline_a,0,0.08929503916449086
13,baseline_a,0,0.08929503916449086
13,baseline_a,0,0.08929503916449086
13,baseline_a,0,0.08929503916449086
13,baseline_a,0,0.08929503916449086
13,baseline_a,0,0.08929503916449086
13,baseline_a,0,0.08929503916449086
13,baseline_a,0,0.08929503916449086
13,baseline_a,0,0.08929503916449086
13,baseline_a,0,0.08929503916449086
13,baseline_a,0,0.08929503916449086
13,baseline_a,0,0.08929503916449086
13,baseline_a,0,0.08929503916449086
13,baseline_a,0,0.08929503916449086
13,baseline_a,0,0.08929503916449086
13,baseline_a,0,0.08929503916449086
13,baseline_a,0,0.08929503916449086
13,baseline_a,0,0.08929503916449086
13,baseline_a,0,0.08929503916449086
13,baseline_a,0,0.08929503916449086
13,baseline_a,0,0.08929503916449086
13,baseline_a,0,0.08929503916449086
13,baseline_a,0,0.08929503916449086
13,baseline_a,1,0.08929503916449086
13,baseline_a,0,0.08929503916449086
13,baseline_a,0,0.08929503916449086
13,baseline_a,0,0.08929503916449086
13,baseline_a,0,0.08929503916449086
13,baseline_a,0,0.08929503916449086
13,baseline_a,0,0.08929503916449086
13,baseline_b,0,0.07441253263707572
13,baseline_b,0,0.05613577023498695
13,baseline_b,0,0.1514360313315927
13,baseline_b,0,0.12402088772845953
13,baseline_b,0,0.057441253263707574
13,baseline_b,0,0.0391644908616188
13,baseline_b,0,0.1475195822454308
13,baseline_b,0,0.06657963446475196
13,baseline_b,0,0.13968668407310705
13,baseline_b,0,0.03655352480417755
13,baseline_b,0,0.07441253263707572
13,baseline_b,0,0.05613577023498695
13,baseline_b,1,0.1514360313315927
13,baseline_b,0,0.12402088772845953
13,baseline_b,0,0.057441253263707574
13,baseline_b,0,0.0391644908616188
13,baseline_b,0,0.1475195822454308
13,baseline_b,0,0.06657963446475196
13,baseline_b,1,0.13968668407310705
13,baseline_b,0,0.03655352480417755
13,baseline_b,0,0.07441253263707572
13,baseline_b,0,0.05613577023498695
13,baseline_b,0,0.1514360313315927
13,baseline_b,1,0.12402088772845953
13,baseline_b,0,0.057441253263707574
13,baseline_b,0,0.0391644908616188
13,baseline_b,0,0.1475195822454308
13,baseline_b,0,0.06657963446475196
13,baseline_b,0,0.13968668407310705
13,baseline_b,0,0.03655352480417755
13,baseline_b,0,0.07441253263707572
13,baseline_b,0,0.05613577023498695
13,baseline_b,1,0.1514360313315927
13,baseline_b,0,0.12402088772845953
13,baseline_b,0,0.057441253263707574
13,baseline_b,1,0.0391644908616188
13,baseline_b,0,0.1475195822454308
13,baseline_b,0,0.06657963446475196
13,baseline_b,0,0.13968668407310705
13,baseline_b,0,0.03655352480417755
13,baseline_b,0,0.07441253263707572
13,baseline_b,0,0.05613577023498695
13,baseline_b,0,0.1514360313315927
13,baseline_b,0,0.12402088772845953
13,baseline_b,0,0.057441253263707574
13,baseline_b,0,0.0391644908616188
13,baseline_b,0,0.1475195822454308
13,baseline_b,1,0.06657963446475196
13,baseline_b,0,0.13968668407310705
13,baseline_b,0,0.03655352480417755
13,baseline_b,1,0.07441253263707572
13,baseline_b,0,0.05613577023498695
13,baseline_b,1,0.1514360313315927
13,baseline_b,0,0.12402088772845953
13,baseline_b,0,0.057441253263707574
13,baseline_b,0,0.0391644908616188
13,baseline_b,0,0.1475195822454308
13,baseline_b,0,0.06657963446475196
13,baseline_b,0,0.13968668407310705
13,baseline_b,0,0.03655352480417755
13,baseline_b,0,0.07441253263707572
13,baseline_b,0,0.05613577023498695
13,baseline_b,0,0.1514360313315927
13,baseline_b,0,0.12402088772845953
13,baseline_b,0,0.057441253263707574
13,baseline_b,0,0.0391644908616188
13,baseline_b,0,0.1475195822454308
13,baseline_b,0,0.06657963446475196
13,baseline_b,0,0.13968668407310705
13,baseline_b,0,0.03655352480417755
13,baseline_b,0,0.07441253263707572
13,baseline_b,0,0.05613577023498695
13,baseline_b,0,0.1514360313315927
13,baseline_b,0,0.12402088772845953
13,baseline_b,0,0.057441253263707574
13,baseline_b,0,0.0391644908616188
13,baseline_b,0,0.1475195822454308
13,baseline_b,0,0.06657963446475196
13,baseline_b,0,0.13968668407310705
13,baseline_b,0,0.03655352480417755
13,baseline_b,1,0.07441253263707572
13,baseline_b,0,0.05613577023498695
13,baseline_b,1,0.1514360313315927
13,baseline_b,0,0.12402088772845953
13,baseline_b,0,0.057441253263707574
13,baseline_b,0,0.0391644908616188
13,baseline_b,1,0.1475195822454308
13,baseline_b,0,0.06657963446475196
13,baseline_b,0,0.13968668407310705
13,baseline_b,0,0.03655352480417755
13,baseline_b,0,0.07441253263707572
13,baseline_b,0,0.05613577023498695
13,baseline_b,1,0.1514360313315927
13,baseline_b,0,0.12402088772845953
13,baseline_b,0,0.057441253263707574
13,baseline_b,0,0.0391644908616188
13,baseline_b,0,0.1475195822454308
13,baseline_b,0,0.06657963446475196
13,baseline_b,1,0.13968668407310705
13,baseline_b,0,0.03655352480417755
13,baseline_b,0,0.07441253263707572
13,baseline_b,0,0.05613577023498695
13,baseline_b,0,0.1514360313315927
13,baseline_b,0,0.12402088772845953
13,baseline_b,0,0.057441253263707574
13,baseline_b,1,0.0391644908616188
13,baseline_b,0,0.1475195822454308
13,baseline_b,0,0.06657963446475196
13,baseline_b,1,0.13968668407310705
13,baseline_b,0,0.03655352480417755
13,baseline_b,0,0.07441253263707572
13,baseline_b,0,0.05613577023498695
13,baseline_b,0,0.1514360313315927
13,baseline_b,0,0.12402088772845953
13,baseline_b,0,0.057441253263707574
13,baseline_b,0,0.0391644908616188
13,baseline_b,0,0.1475195822454308
13,baseline_b,1,0.06657963446475196
13,baseline_b,0,0.13968668407310705
13,baseline_b,0,0.03655352480417755
13,baseline_b,0,0.07441253263707572
13,baseline_b,0,0.05613577023498695
13,baseline_b,0,0.1514360313315927
13,baseline_b,0,0.12402088772845953
13,baseline_b,0,0.057441253263707574
13,baseline_b,0,0.0391644908616188
13,baseline_b,0,0.1475195822454308
13,baseline_b,0,0.06657963446475196
13,baseline_b,0,0.13968668407310705
13,baseline_b,0,0.03655352480417755
13,baseline_b,0,0.07441253263707572
13,baseline_b,0,0.05613577023498695
13,baseline_b,0,0.1514360313315927
13,baseline_b,0,0.12402088772845953
13,baseline_b,0,0.057441253263707574
13,baseline_b,0,0.0391644908616188
13,baseline_b,0,0.1475195822454308
13,baseline_b,0,0.06657963446475196
13,baseline_b,0,0.13968668407310705
13,baseline_b,0,0.03655352480417755
13,baseline_b,0,0.07441253263707572
13,baseline_b,0,0.05613577023498695
13,baseline_b,0,0.1514360313315927
13,baseline_b,0,0.12402088772845953
13,baseline_b,0,0.057441253263707574
13,baseline_b,0,0.0391644908616188
13,baseline_b,0,0.1475195822454308
13,baseline_b,0,0.06657963446475196
13,baseline_b,0,0.13968668407310705
13,baseline_b,0,0.03655352480417755
13,baseline_b,0,0.07441253263707572
13,baseline_b,0,0.05613577023498695
13,baseline_b,0,0.1514360313315927
13,baseline_b,0,0.12402088772845953
13,baseline_b,0,0.057441253263707574
13,baseline_b,0,0.0391644908616188
13,baseline_b,0,0.1475195822454308
13,baseline_b,1,0.06657963446475196
13,baseline_b,0,0.13968668407310705
13,baseline_b,0,0.03655352480417755
13,baseline_b,1,0.07441253263707572
13,baseline_b,0,0.05613577023498695
13,baseline_b,0,0.1514360313315927
13,baseline_b,0,0.12402088772845953
13,baseline_b,0,0.057441253263707574
13,baseline_b,0,0.0391644908616188
13,baseline_b,0,0.1475195822454308
13,baseline_b,0,0.06657963446475196
13,baseline_b,0,0.13968668407310705
13,baseline_b,1,0.03655352480417755
13,baseline_b,0,0.07441253263707572
13,baseline_b,0,0.05613577023498695
13,baseline_b,0,0.1514360313315927
13,baseline_b,1,0.12402088772845953
13,baseline_b,0,0.057441253263707574
13,baseline_b,0,0.0391644908616188
13,baseline_b,0,0.1475195822454308
13,baseline_b,0,0.06657963446475196
13,baseline_b,0,0.13968668407310705
13,baseline_b,0,0.03655352480417755
13,baseline_b,0,0.07441253263707572
13,baseline_b,0,0.05613577023498695
13,baseline_b,0,0.1514360313315927
13,baseline_b,0,0.12402088772845953
13,baseline_b,0,0.057441253263707574
13,baseline_b,0,0.0391644908616188
13,baseline_b,0,0.1475195822454308
13,baseline_b,0,0.06657963446475196
13,baseline_b,1,0.13968668407310705
13,baseline_b,0,0.03655352480417755
13,baseline_b,0,0.07441253263707572
13,baseline_b,0,0.05613577023498695
13,baseline_b,0,0.1514360313315927
13,baseline_b,0,0.12402088772845953
13,baseline_b,0,0.057441253263707574
13,baseline_b,0,0.0391644908616188
13,baseline_b,0,0.1475195822454308
13,baseline_b,0,0.06657963446475196
13,baseline_b,0,0.13968668407310705
13,baseline_b,0,0.03655352480417755
13,baseline_b,0,0.07441253263707572
13,baseline_b,0,0.05613577023498695
13,baseline_b,0,0.1514360313315927
13,baseline_b,0,0.12402088772845953
13,baseline_b,0,0.057441253263707574
13,baseline_b,0,0.0391644908616188
13,baseline_b,0,0.1475195822454308
13,baseline_b,0,0.06657963446475196
13,baseline_b,0,0.13968668407310705
13,baseline_b,0,0.03655352480417755
13,baseline_b,0,0.07441253263707572
13,baseline_b,0,0.05613577023498695
13,baseline_b,0,0.1514360313315927
13,baseline_b,0,0.12402088772845953
13,baseline_b,0,0.057441253263707574
13,baseline_b,0,0.0391644908616188
13,baseline_b,0,0.1475195822454308
13,baseline_b,0,0.06657963446475196
13,baseline_b,0,0.13968668407310705
13,baseline_b,0,0.03655352480417755
13,baseline_b,0,0.07441253263707572
13,baseline_b,0,0.05613577023498695
13,baseline_b,0,0.1514360313315927
13,baseline_b,0,0.12402088772845953
13,baseline_b,0,0.057441253263707574
13,baseline_b,0,0.0391644908616188
13,baseline_b,0,0.1475195822454308
13,baseline_b,0,0.06657963446475196
13,baseline_b,0,0.13968668407310705
13,baseline_b,0,0.03655352480417755
13,baseline_b,0,0.07441253263707572
13,baseline_b,0,0.05613577023498695
13,baseline_b,0,0.1514360313315927
13,baseline_b,1,0.12402088772845953
13,baseline_b,0,0.057441253263707574
13,baseline_b,0,0.0391644908616188
13,baseline_b,0,0.1475195822454308
13,baseline_b,0,0.06657963446475196
13,baseline_b,0,0.13968668407310705
13,baseline_b,0,0.03655352480417755
13,baseline_b,0,0.07441253263707572
13,baseline_b,0,0.05613577023498695
13,baseline_b,0,0.1514360313315927
13,baseline_b,0,0.12402088772845953
13,baseline_b,0,0.057441253263707574
13,baseline_b,0,0.0391644908616188
13,baseline_b,1,0.1475195822454308
13,baseline_b,0,0.06657963446475196
13,baseline_b,0,0.13968668407310705
13,baseline_b,0,0.03655352480417755
13,baseline_b,0,0.07441253263707572
13,baseline_b,1,0.05613577023498695
13,baseline_b,0,0.1514360313315927
13,baseline_b,0,0.12402088772845953
13,baseline_b,0,0.057441253263707574
13,baseline_b,0,0.0391644908616188
13,baseline_b,0,0.1475195822454308
13,baseline_b,0,0.06657963446475196
13,baseline_b,0,0.13968668407310705
13,baseline_b,0,0.03655352480417755
13,baseline_b,0,0.07441253263707572
13,baseline_b,0,0.05613577023498695
13,baseline_b,0,0.1514360313315927
13,baseline_b,0,0.12402088772845953
13,baseline_b,0,0.057441253263707574
13,baseline_b,0,0.0391644908616188
13,baseline_b,0,0.1475195822454308
13,baseline_b,0,0.06657963446475196
13,baseline_b,0,0.13968668407310705
13,baseline_b,0,0.03655352480417755
13,baseline_b,0,0.07441253263707572
13,baseline_b,0,0.05613577023498695
13,baseline_b,0,0.1514360313315927
13,baseline_b,0,0.12402088772845953
13,baseline_b,0,0.057441253263707574
13,baseline_b,0,0.0391644908616188
13,baseline_b,0,0.1475195822454308
13,baseline_b,0,0.06657963446475196
13,baseline_b,0,0.13968668407310705
13,baseline_b,0,0.03655352480417755
13,baseline_b,0,0.07441253263707572
13,baseline_b,0,0.05613577023498695
13,baseline_b,0,0.1514360313315927
13,baseline_b,0,0.12402088772845953
13,baseline_b,0,0.057441253263707574
13,baseline_b,0,0.0391644908616188
13,baseline_b,0,0.1475195822454308
13,baseline_b,0,0.06657963446475196
13,baseline_b,0,0.13968668407310705
13,baseline_b,0,0.03655352480417755
13,baseline_b,0,0.07441253263707572
13,baseline_b,0,0.05613577023498695
13,baseline_b,1,0.1514360313315927
13,baseline_b,0,0.12402088772845953
13,baseline_b,0,0.057441253263707574
13,baseline_b,0,0.0391644908616188
13,baseline_b,0,0.1475195822454308
13,baseline_b,0,0.06657963446475196
13,baseline_b,0,0.13968668407310705
13,baseline_b,0,0.03655352480417755
13,baseline_b,0,0.07441253263707572
13,baseline_b,0,0.05613577023498695
13,baseline_b,0,0.1514360313315927
13,baseline_b,0,0.12402088772845953
13,baseline_b,0,0.057441253263707574
13,baseline_b,0,0.0391644908616188
13,baseline_b,0,0.1475195822454308
13,baseline_b,0,0.06657963446475196
13,baseline_b,0,0.13968668407310705
13,baseline_b,0,0.03655352480417755
13,baseline_b,0,0.07441253263707572
13,baseline_b,0,0.05613577023498695
13,baseline_b,0,0.1514360313315927
13,baseline_b,0,0.12402088772845953
13,baseline_b,0,0.057441253263707574
13,baseline_b,0,0.0391644908616188
13,baseline_b,0,0.1475195822454308
13,baseline_b,0,0.06657963446475196
13,baseline_b,0,0.13968668407310705
13,baseline_b,0,0.03655352480417755
13,baseline_b,0,0.07441253263707572
13,baseline_b,1,0.05613577023498695
13,baseline_b,0,0.1514360313315927
13,baseline_b,0,0.12402088772845953
13,baseline_b,0,0.057441253263707574
13,baseline_b,0,0.0391644908616188
13,baseline_b,1,0.1475195822454308
13,baseline_b,0,0.06657963446475196
13,baseline_b,0,0.13968668407310705
13,baseline_b,0,0.03655352480417755
13,baseline_b,0,0.07441253263707572
13,baseline_b,0,0.05613577023498695
13,baseline_b,0,0.1514360313315927
13,baseline_b,1,0.12402088772845953
13,baseline_b,0,0.057441253263707574
13,baseline_b,0,0.0391644908616188
13,baseline_b,0,0.1475195822454308
13,baseline_b,0,0.06657963446475196
13,baseline_b,1,0.13968668407310705
13,baseline_b,0,0.03655352480417755
13,baseline_b,0,0.07441253263707572
13,baseline_b,0,0.05613577023498695
13,baseline_b,0,0.1514360313315927
13,baseline_b,0,0.12402088772845953
13,baseline_b,0,0.057441253263707574
13,baseline_b,0,0.0391644908616188
13,baseline_b,0,0.1475195822454308
13,baseline_b,0,0.06657963446475196
13,baseline_b,0,0.13968668407310705
13,baseline_b,0,0.03655352480417755
13,baseline_b,0,0.07441253263707572
13,baseline_b,0,0.05613577023498695
13,baseline_b,0,0.1514360313315927
13,baseline_b,0,0.12402088772845953
13,baseline_b,0,0.057441253263707574
13,baseline_b,0,0.0391644908616188
13,baseline_b,0,0.1475195822454308
13,baseline_b,0,0.06657963446475196
13,baseline_b,0,0.13968668407310705
13,baseline_b,0,0.03655352480417755
13,baseline_b,0,0.07441253263707572
13,baseline_b,0,0.05613577023498695
13,baseline_b,0,0.1514360313315927
13,baseline_b,0,0.12402088772845953
13,baseline_b,0,0.057441253263707574
13,baseline_b,0,0.0391644908616188
13,baseline_b,1,0.1475195822454308
13,baseline_b,0,0.06657963446475196
13,baseline_b,1,0.13968668407310705
13,baseline_b,0,0.03655352480417755
13,baseline_b,0,0.07441253263707572
13,baseline_b,0,0.05613577023498695
13,baseline_b,0,0.1514360313315927
13,baseline_b,0,0.12402088772845953
13,baseline_b,0,0.057441253263707574
13,baseline_b,0,0.0391644908616188
13,baseline_b,0,0.1475195822454308
13,baseline_b,0,0.06657963446475196
13,baseline_b,0,0.13968668407310705
13,baseline_b,0,0.03655352480417755
13,baseline_b,0,0.07441253263707572
13,baseline_b,0,0.05613577023498695
13,baseline_b,1,0.1514360313315927
13,baseline_b,0,0.12402088772845953
13,baseline_b,0,0.057441253263707574
13,baseline_b,0,0.0391644908616188
13,baseline_b,0,0.1475195822454308
13,baseline_b,0,0.06657963446475196
13,baseline_b,0,0.13968668407310705
13,baseline_b,0,0.03655352480417755
13,baseline_b,0,0.07441253263707572
13,baseline_b,0,0.05613577023498695
13,baseline_b,0,0.1514360313315927
13,baseline_b,0,0.12402088772845953
13,baseline_b,0,0.057441253263707574
13,baseline_b,0,0.0391644908616188
13,baseline_b,0,0.1475195822454308
13,baseline_b,1,0.06657963446475196
13,baseline_b,0,0.13968668407310705
13,baseline_b,0,0.03655352480417755
13,baseline_b,0,0.07441253263707572
13,baseline_b,0,0.05613577023498695
13,baseline_b,1,0.1514360313315927
13,baseline_b,0,0.12402088772845953
13,baseline_b,1,0.057441253263707574
13,baseline_b,0,0.0391644908616188
13,baseline_b,0,0.1475195822454308
13,baseline_b,0,0.06657963446475196
13,baseline_b,0,0.13968668407310705
13,baseline_b,0,0.03655352480417755
13,baseline_b,0,0.07441253263707572
13,baseline_b,0,0.05613577023498695
13,baseline_b,0,0.1514360313315927
13,baseline_b,0,0.12402088772845953
13,baseline_b,0,0.057441253263707574
13,baseline_b,0,0.0391644908616188
13,baseline_b,0,0.1475195822454308
13,baseline_b,0,0.06657963446475196
13,baseline_b,0,0.13968668407310705
13,baseline_b,0,0.03655352480417755
13,baseline_b,0,0.07441253263707572
13,baseline_b,0,0.05613577023498695
13,baseline_b,0,0.1514360313315927
13,baseline_b,0,0.12402088772845953
13,baseline_b,0,0.057441253263707574
13,baseline_b,0,0.0391644908616188
13,baseline_b,0,0.1475195822454308
13,baseline_b,0,0.06657963446475196
13,baseline_b,0,0.13968668407310705
13,baseline_b,0,0.03655352480417755
13,baseline_b,0,0.07441253263707572
13,baseline_b,0,0.05613577023498695
13,baseline_b,0,0.1514360313315927
13,baseline_b,0,0.12402088772845953
13,baseline_b,0,0.057441253263707574
13,baseline_b,0,0.0391644908616188
13,baseline_b,0,0.1475195822454308
13,baseline_b,0,0.06657963446475196
13,baseline_b,1,0.13968668407310705
13,baseline_b,0,0.03655352480417755
13,baseline_b,0,0.07441253263707572
13,baseline_b,0,0.05613577023498695
13,baseline_b,1,0.1514360313315927
13,baseline_b,1,0.12402088772845953
13,baseline_b,0,0.057441253263707574
13,baseline_b,0,0.0391644908616188
13,baseline_b,0,0.1475195822454308
13,baseline_b,0,0.06657963446475196
13,baseline_b,0,0.13968668407310705
13,baseline_b,0,0.03655352480417755
13,baseline_b,0,0.07441253263707572
13,baseline_b,0,0.05613577023498695
13,baseline_b,0,0.1514360313315927
13,baseline_b,0,0.12402088772845953
13,baseline_b,0,0.057441253263707574
13,baseline_b,0,0.0391644908616188
13,baseline_b,1,0.1475195822454308
13,baseline_b,0,0.06657963446475196
13,baseline_b,0,0.13968668407310705
13,baseline_b,0,0.03655352480417755
13,baseline_b,0,0.07441253263707572
13,baseline_b,0,0.05613577023498695
13,baseline_b,0,0.1514360313315927
13,baseline_b,0,0.12402088772845953
13,baseline_b,0,0.057441253263707574
13,baseline_b,0,0.0391644908616188
13,baseline_b,0,0.1475195822454308
13,baseline_b,0,0.06657963446475196
13,baseline_b,0,0.13968668407310705
13,baseline_b,0,0.03655352480417755
13,baseline_b,0,0.07441253263707572
13,baseline_b,0,0.05613577023498695
13,baseline_b,1,0.1514360313315927
13,baseline_b,0,0.12402088772845953
13,baseline_b,0,0.057441253263707574
13,baseline_b,0,0.0391644908616188
13,baseline_b,1,0.1475195822454308
13,baseline_b,0,0.06657963446475196
13,baseline_b,0,0.13968668407310705
13,baseline_b,0,0.03655352480417755
13,baseline_b,0,0.07441253263707572
13,baseline_b,0,0.05613577023498695
13,baseline_b,0,0.1514360313315927
13,baseline_b,0,0.12402088772845953
13,baseline_b,0,0.057441253263707574
13,baseline_b,0,0.0391644908616188
13,baseline_b,0,0.1475195822454308
13,baseline_b,0,0.06657963446475196
13,baseline_b,0,0.13968668407310705
13,baseline_b,0,0.03655352480417755
13,baseline_b,0,0.07441253263707572
13,baseline_b,0,0.05613577023498695
13,baseline_b,0,0.1514360313315927
13,baseline_b,0,0.12402088772845953
13,baseline_b,0,0.057441253263707574
13,baseline_b,0,0.0391644908616188
13,baseline_b,0,0.1475195822454308
13,baseline_b,0,0.06657963446475196
13,baseline_b,0,0.13968668407310705
13,baseline_b,0,0.03655352480417755
13,baseline_b,0,0.07441253263707572
13,baseline_b,0,0.05613577023498695
13,baseline_b,1,0.1514360313315927
13,baseline_b,0,0.12402088772845953
13,baseline_b,0,0.057441253263707574
13,baseline_b,0,0.0391644908616188
13,baseline_b,0,0.1475195822454308
13,baseline_b,0,0.06657963446475196
13,baseline_b,0,0.13968668407310705
13,baseline_b,0,0.03655352480417755
13,baseline_b,0,0.07441253263707572
13,baseline_b,0,0.05613577023498695
13,baseline_b,0,0.1514360313315927
13,baseline_b,0,0.12402088772845953
13,baseline_b,0,0.057441253263707574
13,baseline_b,0,0.0391644908616188
13,baseline_b,0,0.1475195822454308
13,baseline_b,0,0.06657963446475196
13,baseline_b,1,0.13968668407310705
13,baseline_b,0,0.03655352480417755
13,baseline_b,0,0.07441253263707572
13,baseline_b,1,0.05613577023498695
13,baseline_b,0,0.1514360313315927
13,baseline_b,0,0.12402088772845953
13,baseline_b,0,0.057441253263707574
13,baseline_b,0,0.0391644908616188
13,baseline_b,1,0.1475195822454308
13,baseline_b,0,0.06657963446475196
13,baseline_b,0,0.13968668407310705
13,baseline_b,0,0.03655352480417755
13,baseline_b,0,0.07441253263707572
13,baseline_b,1,0.05613577023498695
13,baseline_b,0,0.1514360313315927
13,baseline_b,1,0.12402088772845953
13,baseline_b,0,0.057441253263707574
13,baseline_b,0,0.0391644908616188
13,baseline_b,0,0.1475195822454308
13,baseline_b,0,0.06657963446475196
13,baseline_b,0,0.13968668407310705
13,baseline_b,0,0.03655352480417755
13,baseline_b,0,0.07441253263707572
13,baseline_b,0,0.05613577023498695
13,baseline_b,0,0.1514360313315927
13,baseline_b,0,0.12402088772845953
13,baseline_b,0,0.057441253263707574
13,baseline_b,0,0.0391644908616188
13,baseline_b,0,0.1475195822454308
13,baseline_b,0,0.06657963446475196
13,baseline_b,0,0.13968668407310705
13,baseline_b,0,0.03655352480417755
13,baseline_b,0,0.07441253263707572
13,baseline_b,0,0.05613577023498695
13,baseline_b,0,0.1514360313315927
13,baseline_b,0,0.12402088772845953
13,baseline_b,0,0.057441253263707574
13,baseline_b,0,0.0391644908616188
13,baseline_b,0,0.1475195822454308
13,baseline_b,0,0.06657963446475196
13,baseline_b,0,0.13968668407310705
13,baseline_b,0,0.03655352480417755
13,baseline_b,0,0.07441253263707572
13,baseline_b,0,0.05613577023498695
13,baseline_b,0,0.1514360313315927
13,baseline_b,0,0.12402088772845953
13,baseline_b,0,0.057441253263707574
13,baseline_b,0,0.0391644908616188
13,baseline_b,0,0.1475195822454308
13,baseline_b,0,0.06657963446475196
13,baseline_b,0,0.13968668407310705
13,baseline_b,0,0.03655352480417755
13,baseline_b,0,0.07441253263707572
13,baseline_b,0,0.05613577023498695
13,baseline_b,0,0.1514360313315927
13,baseline_b,1,0.12402088772845953
13,baseline_b,0,0.057441253263707574
13,baseline_b,0,0.0391644908616188
13,baseline_b,0,0.1475195822454308
13,baseline_b,0,0.06657963446475196
13,baseline_b,0,0.13968668407310705
13,baseline_b,0,0.03655352480417755
13,baseline_b,0,0.07441253263707572
13,baseline_b,0,0.05613577023498695
13,baseline_b,0,0.1514360313315927
13,baseline_b,0,0.12402088772845953
13,baseline_b,1,0.057441253263707574
13,baseline_b,0,0.0391644908616188
13,baseline_b,1,0.1475195822454308
13,baseline_b,0,0.06657963446475196
13,baseline_b,0,0.13968668407310705
13,baseline_b,0,0.03655352480417755
13,baseline_b,0,0.07441253263707572
13,baseline_b,0,0.05613577023498695
13,baseline_b,0,0.1514360313315927
13,baseline_b,0,0.12402088772845953
13,baseline_b,0,0.057441253263707574
13,baseline_b,0,0.0391644908616188
13,baseline_b,0,0.1475195822454308
13,baseline_b,0,0.06657963446475196
13,baseline_b,0,0.13968668407310705
13,baseline_b,0,0.03655352480417755
13,baseline_b,0,0.07441253263707572
13,baseline_b,0,0.05613577023498695
13,baseline_b,0,0.1514360313315927
13,baseline_b,1,0.12402088772845953
13,baseline_b,0,0.057441253263707574
13,baseline_b,0,0.0391644908616188
13,baseline_b,0,0.1475195822454308
13,baseline_b,0,0.06657963446475196
13,baseline_b,1,0.13968668407310705
13,baseline_b,0,0.03655352480417755
13,baseline_b,1,0.07441253263707572
13,baseline_b,0,0.05613577023498695
13,baseline_b,0,0.1514360313315927
13,baseline_b,0,0.12402088772845953
13,baseline_b,0,0.057441253263707574
13,baseline_b,0,0.0391644908616188
13,baseline_b,0,0.1475195822454308
13,baseline_b,1,0.06657963446475196
13,baseline_b,1,0.13968668407310705
13,baseline_b,0,0.03655352480417755
13,baseline_b,0,0.07441253263707572
13,baseline_b,0,0.05613577023498695
13,baseline_b,0,0.1514360313315927
13,baseline_b,0,0.12402088772845953
13,baseline_b,0,0.057441253263707574
13,baseline_b,0,0.0391644908616188
13,baseline_b,0,0.1475195822454308
13,baseline_b,0,0.06657963446475196
13,baseline_b,0,0.13968668407310705
13,baseline_b,0,0.03655352480417755
13,baseline_b,0,0.07441253263707572
13,baseline_b,0,0.05613577023498695
13,baseline_b,0,0.1514360313315927
13,baseline_b,0,0.12402088772845953
13,baseline_b,0,0.057441253263707574
13,baseline_b,0,0.0391644908616188
13,baseline_b,0,0.1475195822454308
13,baseline_b,0,0.06657963446475196
13,baseline_b,0,0.13968668407310705
13,baseline_b,0,0.03655352480417755
13,baseline_b,0,0.07441253263707572
13,baseline_b,0,0.05613577023498695
13,baseline_b,0,0.1514360313315927
13,baseline_b,0,0.12402088772845953
13,baseline_b,0,0.057441253263707574
13,baseline_b,0,0.0391644908616188
13,baseline_b,0,0.1475195822454308
13,baseline_b,0,0.06657963446475196
13,baseline_b,0,0.13968668407310705
13,baseline_b,0,0.03655352480417755
13,baseline_b,0,0.07441253263707572
13,baseline_b,0,0.05613577023498695
13,baseline_b,0,0.1514360313315927
13,baseline_b,0,0.12402088772845953
13,baseline_b,0,0.057441253263707574
13,baseline_b,0,0.0391644908616188
13,baseline_b,0,0.1475195822454308
13,baseline_b,0,0.06657963446475196
13,baseline_b,0,0.13968668407310705
13,baseline_b,0,0.03655352480417755
13,baseline_b,0,0.07441253263707572
13,baseline_b,0,0.05613577023498695
13,baseline_b,0,0.1514360313315927
13,baseline_b,0,0.12402088772845953
13,baseline_b,0,0.057441253263707574
13,baseline_b,0,0.0391644908616188
13,baseline_b,0,0.1475195822454308
13,baseline_b,1,0.06657963446475196
13,baseline_b,1,0.13968668407310705
13,baseline_b,1,0.03655352480417755
13,baseline_b,0,0.07441253263707572
13,baseline_b,0,0.05613577023498695
13,baseline_b,0,0.1514360313315927
13,baseline_b,0,0.12402088772845953
13,baseline_b,0,0.057441253263707574
13,baseline_b,0,0.0391644908616188
13,baseline_b,0,0.1475195822454308
13,baseline_b,1,0.06657963446475196
13,baseline_b,0,0.13968668407310705
13,baseline_b,0,0.03655352480417755
13,baseline_b,0,0.07441253263707572
13,baseline_b,0,0.05613577023498695
13,baseline_b,0,0.1514360313315927
13,baseline_b,0,0.12402088772845953
13,baseline_b,0,0.057441253263707574
13,baseline_b,0,0.0391644908616188
13,baseline_b,1,0.1475195822454308
13,baseline_b,0,0.06657963446475196
13,baseline_b,0,0.13968668407310705
13,baseline_b,0,0.03655352480417755
13,baseline_b,0,0.07441253263707572
13,baseline_b,0,0.05613577023498695
13,baseline_b,0,0.1514360313315927
13,baseline_b,0,0.12402088772845953
13,baseline_b,0,0.057441253263707574
13,baseline_b,0,0.0391644908616188
13,baseline_b,0,0.1475195822454308
13,baseline_b,0,0.06657963446475196
13,baseline_b,0,0.13968668407310705
13,baseline_b,0,0.03655352480417755
13,baseline_b,0,0.07441253263707572
13,baseline_b,0,0.05613577023498695
13,baseline_b,0,0.1514360313315927
13,baseline_b,0,0.12402088772845953
13,baseline_b,0,0.057441253263707574
13,baseline_b,0,0.0391644908616188
13,baseline_b,0,0.1475195822454308
13,baseline_b,0,0.06657963446475196
13,baseline_b,0,0.13968668407310705
13,baseline_b,0,0.03655352480417755
13,baseline_b,0,0.07441253263707572
13,baseline_b,0,0.05613577023498695
13,baseline_b,0,0.1514360313315927
13,baseline_b,1,0.12402088772845953
13,baseline_b,0,0.057441253263707574
13,baseline_b,0,0.0391644908616188
13,baseline_b,0,0.1475195822454308
13,baseline_b,0,0.06657963446475196
13,baseline_b,1,0.13968668407310705
13,baseline_b,0,0.03655352480417755
13,baseline_b,0,0.07441253263707572
13,baseline_b,0,0.05613577023498695
13,baseline_b,1,0.1514360313315927
13,baseline_b,0,0.12402088772845953
13,baseline_b,1,0.057441253263707574
13,baseline_b,0,0.0391644908616188
13,baseline_b,0,0.1475195822454308
13,baseline_b,0,0.06657963446475196
13,baseline_b,0,0.13968668407310705
13,baseline_b,0,0.03655352480417755
13,baseline_b,0,0.07441253263707572
13,baseline_b,0,0.05613577023498695
13,baseline_b,0,0.1514360313315927
13,baseline_b,1,0.12402088772845953
13,baseline_b,0,0.057441253263707574
13,baseline_b,0,0.0391644908616188
13,baseline_b,0,0.1475195822454308
13,baseline_b,0,0.06657963446475196
13,baseline_b,0,0.13968668407310705
13,baseline_b,0,0.03655352480417755
13,baseline_b,0,0.07441253263707572
13,baseline_b,0,0.05613577023498695
13,baseline_b,1,0.1514360313315927
13,baseline_b,0,0.12402088772845953
13,baseline_b,0,0.057441253263707574
13,baseline_b,1,0.0391644908616188
13,baseline_b,0,0.1475195822454308
13,baseline_b,0,0.06657963446475196
13,baseline_b,0,0.13968668407310705
13,baseline_b,0,0.03655352480417755
13,baseline_b,0,0.07441253263707572
13,baseline_b,0,0.05613577023498695
13,baseline_b,1,0.1514360313315927
13,baseline_b,0,0.12402088772845953
13,baseline_b,0,0.057441253263707574
13,baseline_b,0,0.0391644908616188
13,baseline_b,1,0.1475195822454308
13,baseline_b,0,0.06657963446475196
13,baseline_b,0,0.13968668407310705
13,baseline_b,0,0.03655352480417755
13,baseline_b,0,0.07441253263707572
13,baseline_b,0,0.05613577023498695
13,baseline_b,0,0.1514360313315927
13,baseline_b,0,0.12402088772845953
13,baseline_b,0,0.057441253263707574
13,baseline_b,0,0.0391644908616188
13,baseline_b,0,0.1475195822454308
13,baseline_b,0,0.06657963446475196
13,baseline_b,0,0.13968668407310705
13,baseline_b,0,0.03655352480417755
13,baseline_b,0,0.07441253263707572
13,baseline_b,0,0.05613577023498695
13,baseline_b,0,0.1514360313315927
13,baseline_b,0,0.12402088772845953
13,baseline_b,0,0.057441253263707574
13,baseline_b,0,0.0391644908616188
13,baseline_b,0,0.1475195822454308
13,baseline_b,0,0.06657963446475196
13,baseline_b,0,0.13968668407310705
13,baseline_b,0,0.03655352480417755
13,baseline_b,0,0.07441253263707572
13,baseline_b,0,0.05613577023498695
13,baseline_b,0,0.1514360313315927
13,baseline_b,0,0.12402088772845953
13,baseline_b,0,0.057441253263707574
13,baseline_b,0,0.0391644908616188
13,baseline_b,1,0.1475195822454308
13,baseline_b,0,0.06657963446475196
13,baseline_b,1,0.13968668407310705
13,baseline_b,0,0.03655352480417755
13,baseline_b,0,0.07441253263707572
13,baseline_b,0,0.05613577023498695
13,baseline_b,0,0.1514360313315927
13,baseline_b,0,0.12402088772845953
13,baseline_b,0,0.057441253263707574
13,baseline_b,0,0.0391644908616188
13,baseline_b,0,0.1475195822454308
13,baseline_b,1,0.06657963446475196
13,baseline_b,0,0.13968668407310705
13,baseline_b,0,0.03655352480417755
13,baseline_b,0,0.07441253263707572
13,baseline_b,0,0.05613577023498695
13,baseline_b,0,0.1514360313315927
13,baseline_b,1,0.12402088772845953
13,baseline_b,1,0.057441253263707574
13,baseline_b,0,0.0391644908616188
13,baseline_b,0,0.1475195822454308
13,baseline_b,0,0.06657963446475196
13,baseline_b,0,0.13968668407310705
13,baseline_b,0,0.03655352480417755
13,baseline_b,0,0.07441253263707572
13,baseline_b,0,0.05613577023498695
13,baseline_b,0,0.1514360313315927
13,baseline_b,0,0.12402088772845953
13,baseline_b,0,0.057441253263707574
13,baseline_b,0,0.0391644908616188
13,baseline_b,0,0.1475195822454308
13,baseline_b,0,0.06657963446475196
13,baseline_b,0,0.13968668407310705
13,baseline_b,0,0.03655352480417755
13,baseline_b,0,0.07441253263707572
13,baseline_b,0,0.05613577023498695
13,baseline_b,0,0.1514360313315927
13,baseline_b,0,0.12402088772845953
13,baseline_b,0,0.057441253263707574
13,baseline_b,0,0.0391644908616188
13,baseline_b,1,0.1475195822454308
13,baseline_b,0,0.06657963446475196
13,baseline_b,0,0.13968668407310705
13,baseline_b,0,0.03655352480417755
13,baseline_b,0,0.07441253263707572
13,baseline_b,0,0.05613577023498695
13,baseline_b,0,0.1514360313315927
13,baseline_b,0,0.12402088772845953
13,baseline_b,0,0.057441253263707574
13,baseline_b,0,0.0391644908616188
13,baseline_b,0,0.1475195822454308
13,baseline_b,0,0.06657963446475196
13,baseline_b,0,0.13968668407310705
13,baseline_b,0,0.03655352480417755
13,baseline_b,0,0.07441253263707572
13,baseline_b,0,0.05613577023498695
13,baseline_b,0,0.1514360313315927
13,baseline_b,0,0.12402088772845953
13,baseline_b,0,0.057441253263707574
13,baseline_b,0,0.0391644908616188
13,baseline_b,0,0.1475195822454308
13,baseline_b,0,0.06657963446475196
13,baseline_b,0,0.13968668407310705
13,baseline_b,0,0.03655352480417755
13,baseline_b,0,0.07441253263707572
13,baseline_b,0,0.05613577023498695
13,baseline_b,0,0.1514360313315927
13,baseline_b,0,0.12402088772845953
13,baseline_b,0,0.057441253263707574
13,baseline_b,0,0.0391644908616188
13,baseline_b,0,0.1475195822454308
13,baseline_b,0,0.06657963446475196
13,baseline_b,1,0.13968668407310705
13,baseline_b,0,0.03655352480417755
13,baseline_b,0,0.07441253263707572
13,baseline_b,0,0.05613577023498695
13,baseline_b,0,0.1514360313315927
13,baseline_b,0,0.12402088772845953
13,baseline_b,0,0.057441253263707574
13,baseline_b,0,0.0391644908616188
13,baseline_b,0,0.1475195822454308
13,baseline_b,0,0.06657963446475196
13,baseline_b,1,0.13968668407310705
13,baseline_b,0,0.03655352480417755
13,baseline_b,0,0.07441253263707572
13,baseline_b,0,0.05613577023498695
13,baseline_b,0,0.1514360313315927
13,baseline_b,0,0.12402088772845953
13,baseline_b,0,0.057441253263707574
13,baseline_b,1,0.0391644908616188
13,baseline_b,0,0.1475195822454308
13,baseline_b,0,0.06657963446475196
13,baseline_b,0,0.13968668407310705
13,baseline_b,0,0.03655352480417755
13,baseline_b,0,0.07441253263707572
13,baseline_b,0,0.05613577023498695
13,baseline_b,0,0.1514360313315927
13,baseline_b,0,0.12402088772845953
13,baseline_b,0,0.057441253263707574
13,baseline_b,1,0.0391644908616188
13,baseline_b,0,0.1475195822454308
13,baseline_b,0,0.06657963446475196
13,baseline_b,0,0.13968668407310705
13,baseline_b,0,0.03655352480417755
13,baseline_b,0,0.07441253263707572
13,baseline_b,0,0.05613577023498695
13,baseline_b,1,0.1514360313315927
13,baseline_b,0,0.12402088772845953
13,baseline_b,0,0.057441253263707574
13,baseline_b,0,0.0391644908616188
13,baseline_b,0,0.1475195822454308
13,baseline_b,0,0.06657963446475196
13,baseline_b,0,0.13968668407310705
13,baseline_b,0,0.03655352480417755
13,baseline_b,0,0.07441253263707572
13,baseline_b,0,0.05613577023498695
13,baseline_b,0,0.1514360313315927
13,baseline_b,0,0.12402088772845953
13,baseline_b,0,0.057441253263707574
13,baseline_b,0,0.0391644908616188
13,baseline_b,0,0.1475195822454308
13,baseline_b,0,0.06657963446475196
13,baseline_b,0,0.13968668407310705
13,baseline_b,0,0.03655352480417755
13,baseline_b,0,0.07441253263707572
13,baseline_b,0,0.05613577023498695
13,baseline_b,0,0.1514360313315927
13,baseline_b,0,0.12402088772845953
13,baseline_b,0,0.057441253263707574
13,baseline_b,0,0.0391644908616188
13,baseline_b,0,0.1475195822454308
13,baseline_b,0,0.06657963446475196
13,baseline_b,0,0.13968668407310705
13,baseline_b,0,0.03655352480417755
13,baseline_b,0,0.07441253263707572
13,baseline_b,0,0.05613577023498695
13,baseline_b,0,0.1514360313315927
13,baseline_b,0,0.12402088772845953
13,baseline_b,0,0.057441253263707574
13,baseline_b,0,0.0391644908616188
13,baseline_b,1,0.1475195822454308
13,baseline_b,0,0.06657963446475196
13,baseline_b,0,0.13968668407310705
13,baseline_b,0,0.03655352480417755
13,baseline_b,0,0.07441253263707572
13,baseline_b,0,0.05613577023498695
13,baseline_b,0,0.1514360313315927
13,baseline_b,0,0.12402088772845953
13,baseline_b,0,0.057441253263707574
13,baseline_b,0,0.0391644908616188
13,baseline_b,0,0.1475195822454308
13,baseline_b,0,0.06657963446475196
13,baseline_b,0,0.13968668407310705
13,baseline_b,0,0.03655352480417755
13,baseline_b,0,0.07441253263707572
13,baseline_b,0,0.05613577023498695
13,baseline_b,1,0.1514360313315927
13,baseline_b,0,0.12402088772845953
13,baseline_b,0,0.057441253263707574
13,baseline_b,0,0.0391644908616188
13,baseline_b,0,0.1475195822454308
13,baseline_b,1,0.06657963446475196
13,baseline_b,0,0.13968668407310705
13,baseline_b,0,0.03655352480417755
13,baseline_b,0,0.07441253263707572
13,baseline_b,0,0.05613577023498695
13,baseline_b,1,0.1514360313315927
13,baseline_b,0,0.12402088772845953
13,baseline_b,0,0.057441253263707574
13,baseline_b,0,0.0391644908616188
13,baseline_b,0,0.1475195822454308
13,baseline_b,0,0.06657963446475196
13,baseline_b,0,0.13968668407310705
13,baseline_b,0,0.03655352480417755
13,baseline_b,1,0.07441253263707572
13,baseline_b,1,0.05613577023498695
13,baseline_b,0,0.1514360313315927
13,baseline_b,0,0.12402088772845953
13,baseline_b,0,0.057441253263707574
13,baseline_b,0,0.0391644908616188
13,baseline_b,0,0.1475195822454308
13,baseline_b,0,0.06657963446475196
13,baseline_b,0,0.13968668407310705
13,baseline_b,0,0.03655352480417755
13,baseline_b,0,0.07441253263707572
13,baseline_b,0,0.05613577023498695
13,baseline_b,0,0.1514360313315927
13,baseline_b,0,0.12402088772845953
13,baseline_b,0,0.057441253263707574
13,baseline_b,0,0.0391644908616188
13,baseline_b,0,0.1475195822454308
13,baseline_b,0,0.06657963446475196
13,baseline_b,0,0.13968668407310705
13,baseline_b,0,0.03655352480417755
13,baseline_b,0,0.07441253263707572
13,baseline_b,0,0.05613577023498695
13,baseline_b,0,0.1514360313315927
13,baseline_b,0,0.12402088772845953
13,baseline_b,0,0.057441253263707574
13,baseline_b,0,0.0391644908616188
13,baseline_b,0,0.1475195822454308
13,baseline_b,0,0.06657963446475196
13,baseline_b,0,0.13968668407310705
13,baseline_b,0,0.03655352480417755
13,baseline_b,0,0.07441253263707572
13,baseline_b,0,0.05613577023498695
13,baseline_b,0,0.1514360313315927
13,baseline_b,0,0.12402088772845953
13,baseline_b,0,0.057441253263707574
13,baseline_b,0,0.0391644908616188
13,baseline_b,0,0.1475195822454308
13,baseline_b,0,0.06657963446475196
13,baseline_b,1,0.13968668407310705
13,baseline_b,0,0.03655352480417755
13,baseline_b,0,0.07441253263707572
13,baseline_b,0,0.05613577023498695
13,baseline_b,1,0.1514360313315927
13,baseline_b,0,0.12402088772845953
13,baseline_b,0,0.057441253263707574
13,baseline_b,0,0.0391644908616188
13,baseline_b,0,0.1475195822454308
13,baseline_b,0,0.06657963446475196
13,baseline_b,0,0.13968668407310705
13,baseline_b,0,0.03655352480417755
13,baseline_b,0,0.07441253263707572
13,baseline_b,0,0.05613577023498695
13,baseline_b,0,0.1514360313315927
13,baseline_b,0,0.12402088772845953
13,baseline_b,0,0.057441253263707574
13,baseline_b,0,0.0391644908616188
13,baseline_b,0,0.1475195822454308
13,baseline_b,0,0.06657963446475196
13,baseline_b,1,0.13968668407310705
13,baseline_b,0,0.03655352480417755
13,baseline_b,0,0.07441253263707572
13,baseline_b,0,0.05613577023498695
13,baseline_b,0,0.1514360313315927
13,baseline_b,0,0.12402088772845953
13,baseline_b,0,0.057441253263707574
13,baseline_b,0,0.0391644908616188
13,baseline_b,0,0.1475195822454308
13,baseline_b,0,0.06657963446475196
13,baseline_b,0,0.13968668407310705
13,baseline_b,0,0.03655352480417755
13,baseline_b,0,0.07441253263707572
13,baseline_b,0,0.05613577023498695
13,baseline_b,0,0.1514360313315927
13,baseline_b,0,0.12402088772845953
13,baseline_b,0,0.057441253263707574
13,baseline_b,0,0.0391644908616188
13,baseline_b,0,0.1475195822454308
13,baseline_b,0,0.06657963446475196
13,baseline_b,0,0.13968668407310705
13,baseline_b,0,0.03655352480417755
13,baseline_b,0,0.07441253263707572
13,baseline_b,0,0.05613577023498695
13,baseline_b,0,0.1514360313315927
13,baseline_b,0,0.12402088772845953
13,baseline_b,0,0.057441253263707574
13,baseline_b,0,0.0391644908616188
13,baseline_b,0,0.1475195822454308
13,baseline_b,0,0.06657963446475196
13,baseline_b,0,0.13968668407310705
13,baseline_b,0,0.03655352480417755
13,baseline_b,0,0.07441253263707572
13,baseline_b,0,0.05613577023498695
13,baseline_b,0,0.1514360313315927
13,baseline_b,0,0.12402088772845953
13,baseline_b,0,0.057441253263707574
13,baseline_b,0,0.0391644908616188
13,baseline_b,0,0.1475195822454308
13,baseline_b,0,0.06657963446475196
13,baseline_b,0,0.13968668407310705
13,baseline_b,0,0.03655352480417755
13,baseline_b,0,0.07441253263707572
13,baseline_b,0,0.05613577023498695
13,baseline_b,0,0.1514360313315927
13,baseline_b,0,0.12402088772845953
13,baseline_b,0,0.057441253263707574
13,baseline_b,0,0.0391644908616188
13,baseline_b,0,0.1475195822454308
13,baseline_b,0,0.06657963446475196
13,baseline_b,0,0.13968668407310705
13,baseline_b,0,0.03655352480417755
13,baseline_b,0,0.07441253263707572
13,baseline_b,0,0.05613577023498695
13,baseline_b,1,0.1514360313315927
13,baseline_b,0,0.12402088772845953
13,baseline_b,0,0.057441253263707574
13,baseline_b,1,0.0391644908616188
13,baseline_b,0,0.1475195822454308
13,baseline_b,1,0.06657963446475196
13,baseline_b,0,0.13968668407310705
13,baseline_b,0,0.03655352480417755
13,baseline_b,0,0.07441253263707572
13,baseline_b,0,0.05613577023498695
13,baseline_b,0,0.1514360313315927
13,baseline_b,0,0.12402088772845953
13,baseline_b,0,0.057441253263707574
13,baseline_b,0,0.0391644908616188
13,baseline_b,1,0.1475195822454308
13,baseline_b,0,0.06657963446475196
13,baseline_b,1,0.13968668407310705
13,baseline_b,0,0.03655352480417755
13,baseline_b,0,0.07441253263707572
13,baseline_b,0,0.05613577023498695
13,baseline_b,1,0.1514360313315927
13,baseline_b,0,0.12402088772845953
13,baseline_b,0,0.057441253263707574
13,baseline_b,0,0.0391644908616188
13,baseline_b,0,0.1475195822454308
13,baseline_b,0,0.06657963446475196
13,baseline_b,0,0.13968668407310705
13,baseline_b,0,0.03655352480417755
13,baseline_b,0,0.07441253263707572
13,baseline_b,0,0.05613577023498695
13,baseline_b,0,0.1514360313315927
13,baseline_b,0,0.12402088772845953
13,baseline_b,0,0.057441253263707574
13,baseline_b,0,0.0391644908616188
13,baseline_b,0,0.1475195822454308
13,baseline_b,0,0.06657963446475196
13,baseline_b,0,0.13968668407310705
13,baseline_b,0,0.03655352480417755
13,baseline_b,0,0.07441253263707572
13,baseline_b,0,0.05613577023498695
13,baseline_b,0,0.1514360313315927
13,baseline_b,0,0.12402088772845953
13,baseline_b,0,0.057441253263707574
13,baseline_b,0,0.0391644908616188
13,baseline_b,0,0.1475195822454308
13,baseline_b,0,0.06657963446475196
13,baseline_b,0,0.13968668407310705
13,baseline_b,0,0.03655352480417755
13,baseline_b,0,0.07441253263707572
13,baseline_b,0,0.05613577023498695
13,baseline_b,0,0.1514360313315927
13,baseline_b,0,0.12402088772845953
13,baseline_b,0,0.057441253263707574
13,baseline_b,0,0.0391644908616188
13,baseline_b,0,0.1475195822454308
13,baseline_b,0,0.06657963446475196
13,baseline_b,0,0.13968668407310705
13,baseline_b,0,0.03655352480417755
13,baseline_b,0,0.07441253263707572
13,baseline_b,0,0.05613577023498695
13,baseline_b,0,0.1514360313315927
13,baseline_b,0,0.12402088772845953
13,baseline_b,0,0.057441253263707574
13,baseline_b,0,0.0391644908616188
13,baseline_b,0,0.1475195822454308
13,baseline_b,0,0.06657963446475196
13,baseline_b,0,0.13968668407310705
13,baseline_b,0,0.03655352480417755
13,baseline_b,1,0.07441253263707572
13,baseline_b,0,0.05613577023498695
13,baseline_b,0,0.1514360313315927
13,baseline_b,0,0.12402088772845953
13,baseline_b,0,0.057441253263707574
13,baseline_b,0,0.0391644908616188
13,baseline_b,1,0.1475195822454308
13,baseline_b,1,0.06657963446475196
13,baseline_b,0,0.13968668407310705
13,baseline_b,0,0.03655352480417755
13,baseline_b,0,0.07441253263707572
13,baseline_b,0,0.05613577023498695
13,baseline_b,0,0.1514360313315927
13,baseline_b,0,0.12402088772845953
13,baseline_b,0,0.057441253263707574
13,baseline_b,0,0.0391644908616188
13,baseline_b,0,0.1475195822454308
13,baseline_b,1,0.06657963446475196
13,baseline_b,0,0.13968668407310705
13,baseline_b,0,0.03655352480417755
13,baseline_b,0,0.07441253263707572
13,baseline_b,0,0.05613577023498695
13,baseline_b,0,0.1514360313315927
13,baseline_b,0,0.12402088772845953
13,baseline_b,0,0.057441253263707574
13,baseline_b,0,0.0391644908616188
13,baseline_b,0,0.1475195822454308
13,baseline_b,0,0.06657963446475196
13,baseline_b,0,0.13968668407310705
13,baseline_b,0,0.03655352480417755
13,baseline_b,0,0.07441253263707572
13,baseline_b,0,0.05613577023498695
13,baseline_b,0,0.1514360313315927
13,baseline_b,0,0.12402088772845953
13,baseline_b,0,0.057441253263707574
13,baseline_b,0,0.0391644908616188
13,baseline_b,1,0.1475195822454308
13,baseline_b,0,0.06657963446475196
13,baseline_b,0,0.13968668407310705
13,baseline_b,0,0.03655352480417755
13,baseline_b,0,0.07441253263707572
13,baseline_b,0,0.05613577023498695
13,baseline_b,0,0.1514360313315927
13,baseline_b,0,0.12402088772845953
13,baseline_b,0,0.057441253263707574
13,baseline_b,0,0.0391644908616188
13,baseline_b,0,0.1475195822454308
13,baseline_b,0,0.06657963446475196
13,baseline_b,0,0.13968668407310705
13,baseline_b,0,0.03655352480417755
13,baseline_b,0,0.07441253263707572
13,baseline_b,0,0.05613577023498695
13,baseline_b,0,0.1514360313315927
13,baseline_b,0,0.12402088772845953
13,baseline_b,0,0.057441253263707574
13,baseline_b,0,0.0391644908616188
13,baseline_b,0,0.1475195822454308
13,baseline_b,0,0.06657963446475196
13,baseline_b,0,0.13968668407310705
13,baseline_b,0,0.03655352480417755
13,baseline_b,0,0.07441253263707572
13,baseline_b,0,0.05613577023498695
13,baseline_b,0,0.1514360313315927
13,baseline_b,0,0.12402088772845953
13,baseline_b,0,0.057441253263707574
13,baseline_b,0,0.0391644908616188
13,baseline_b,1,0.1475195822454308
13,baseline_b,0,0.06657963446475196
13,baseline_b,0,0.13968668407310705
13,baseline_b,0,0.03655352480417755
13,baseline_b,0,0.07441253263707572
13,baseline_b,0,0.05613577023498695
13,baseline_b,0,0.1514360313315927
13,baseline_b,0,0.12402088772845953
13,baseline_b,0,0.057441253263707574
13,baseline_b,0,0.0391644908616188
13,baseline_b,0,0.1475195822454308
13,baseline_b,0,0.06657963446475196
13,baseline_b,0,0.13968668407310705
13,baseline_b,0,0.03655352480417755
13,baseline_b,0,0.07441253263707572
13,baseline_b,0,0.05613577023498695
13,baseline_b,0,0.1514360313315927
13,baseline_b,0,0.12402088772845953
13,baseline_b,0,0.057441253263707574
13,baseline_b,0,0.0391644908616188
13,baseline_b,0,0.1475195822454308
13,baseline_b,0,0.06657963446475196
13,baseline_b,1,0.13968668407310705
13,baseline_b,0,0.03655352480417755
13,baseline_b,0,0.07441253263707572
13,baseline_b,0,0.05613577023498695
13,baseline_b,0,0.1514360313315927
13,baseline_b,1,0.12402088772845953
13,baseline_b,0,0.057441253263707574
13,baseline_b,0,0.0391644908616188
13,baseline_b,0,0.1475195822454308
13,baseline_b,0,0.06657963446475196
13,baseline_b,0,0.13968668407310705
13,baseline_b,0,0.03655352480417755
13,baseline_b,0,0.07441253263707572
13,baseline_b,0,0.05613577023498695
13,baseline_b,0,0.1514360313315927
13,baseline_b,0,0.12402088772845953
13,baseline_b,0,0.057441253263707574
13,baseline_b,0,0.0391644908616188
13,baseline_b,0,0.1475195822454308
13,baseline_b,0,0.06657963446475196
13,baseline_b,1,0.13968668407310705
13,baseline_b,0,0.03655352480417755
13,baseline_b,0,0.07441253263707572
13,baseline_b,0,0.05613577023498695
13,baseline_b,0,0.1514360313315927
13,baseline_b,0,0.12402088772845953
13,baseline_b,0,0.057441253263707574
13,baseline_b,0,0.0391644908616188
13,baseline_b,0,0.1475195822454308
13,baseline_b,0,0.06657963446475196
13,baseline_b,0,0.13968668407310705
13,baseline_b,0,0.03655352480417755
13,baseline_b,0,0.07441253263707572
13,baseline_b,0,0.05613577023498695
13,baseline_b,0,0.1514360313315927
13,baseline_b,0,0.12402088772845953
13,baseline_b,0,0.057441253263707574
13,baseline_b,0,0.0391644908616188
13,baseline_b,0,0.1475195822454308
13,baseline_b,0,0.06657963446475196
13,baseline_b,0,0.13968668407310705
13,baseline_b,0,0.03655352480417755
13,baseline_b,0,0.07441253263707572
13,baseline_b,0,0.05613577023498695
13,baseline_b,0,0.1514360313315927
13,baseline_b,0,0.12402088772845953
13,baseline_b,0,0.057441253263707574
13,baseline_b,0,0.0391644908616188
13,baseline_b,0,0.1475195822454308
13,baseline_b,0,0.06657963446475196
13,baseline_b,0,0.13968668407310705
13,baseline_b,0,0.03655352480417755
13,baseline_b,0,0.07441253263707572
13,baseline_b,0,0.05613577023498695
13,baseline_b,0,0.1514360313315927
13,baseline_b,0,0.12402088772845953
13,baseline_b,0,0.057441253263707574
13,baseline_b,0,0.0391644908616188
13,baseline_b,1,0.1475195822454308
13,baseline_b,0,0.06657963446475196
13,baseline_b,0,0.13968668407310705
13,baseline_b,0,0.03655352480417755
13,baseline_b,0,0.07441253263707572
13,baseline_b,0,0.05613577023498695
13,baseline_b,0,0.1514360313315927
13,baseline_b,1,0.12402088772845953
13,baseline_b,0,0.057441253263707574
13,baseline_b,0,0.0391644908616188
13,baseline_b,0,0.1475195822454308
13,baseline_b,0,0.06657963446475196
13,baseline_b,1,0.13968668407310705
13,baseline_b,0,0.03655352480417755
13,baseline_b,0,0.07441253263707572
13,baseline_b,0,0.05613577023498695
13,baseline_b,0,0.1514360313315927
13,baseline_b,0,0.12402088772845953
13,baseline_b,0,0.057441253263707574
13,baseline_b,0,0.0391644908616188
13,baseline_b,0,0.1475195822454308
13,baseline_b,0,0.06657963446475196
13,baseline_b,0,0.13968668407310705
13,baseline_b,0,0.03655352480417755
13,baseline_b,0,0.07441253263707572
13,baseline_b,0,0.05613577023498695
13,baseline_b,0,0.1514360313315927
13,baseline_b,0,0.12402088772845953
13,baseline_b,0,0.057441253263707574
13,baseline_b,0,0.0391644908616188
13,baseline_b,1,0.1475195822454308
13,baseline_b,0,0.06657963446475196
13,baseline_b,0,0.13968668407310705
13,baseline_b,0,0.03655352480417755
13,baseline_b,0,0.07441253263707572
13,baseline_b,0,0.05613577023498695
13,baseline_b,0,0.1514360313315927
13,baseline_b,0,0.12402088772845953
13,baseline_b,0,0.057441253263707574
13,baseline_b,0,0.0391644908616188
13,baseline_b,0,0.1475195822454308
13,baseline_b,0,0.06657963446475196
13,baseline_b,0,0.13968668407310705
13,baseline_b,0,0.03655352480417755
13,baseline_b,0,0.07441253263707572
13,baseline_b,0,0.05613577023498695
13,baseline_b,0,0.1514360313315927
13,baseline_b,0,0.12402088772845953
13,baseline_b,0,0.057441253263707574
13,baseline_b,0,0.0391644908616188
13,baseline_b,0,0.1475195822454308
13,baseline_b,0,0.06657963446475196
13,baseline_b,0,0.13968668407310705
13,baseline_b,0,0.03655352480417755
13,baseline_b,0,0.07441253263707572
13,baseline_b,0,0.05613577023498695
13,baseline_b,0,0.1514360313315927
13,baseline_b,0,0.12402088772845953
13,baseline_b,0,0.057441253263707574
13,baseline_b,0,0.0391644908616188
13,baseline_b,0,0.1475195822454308
13,baseline_b,0,0.06657963446475196
13,baseline_b,0,0.13968668407310705
13,baseline_b,0,0.03655352480417755
13,baseline_b,0,0.07441253263707572
13,baseline_b,0,0.05613577023498695
13,baseline_b,0,0.1514360313315927
13,baseline_b,0,0.12402088772845953
13,baseline_b,0,0.057441253263707574
13,baseline_b,0,0.0391644908616188
13,baseline_b,1,0.1475195822454308
13,baseline_b,0,0.06657963446475196
13,baseline_b,0,0.13968668407310705
13,baseline_b,0,0.03655352480417755
13,baseline_b,0,0.07441253263707572
13,baseline_b,0,0.05613577023498695
13,baseline_b,1,0.1514360313315927
13,baseline_b,0,0.12402088772845953
13,baseline_b,0,0.057441253263707574
13,baseline_b,0,0.0391644908616188
13,baseline_b,0,0.1475195822454308
13,baseline_b,0,0.06657963446475196
13,baseline_b,0,0.13968668407310705
13,baseline_b,0,0.03655352480417755
13,baseline_b,0,0.07441253263707572
13,baseline_b,0,0.05613577023498695
13,baseline_b,0,0.1514360313315927
13,baseline_b,0,0.12402088772845953
13,baseline_b,0,0.057441253263707574
13,baseline_b,1,0.0391644908616188
13,baseline_b,0,0.1475195822454308
13,baseline_b,0,0.06657963446475196
13,baseline_b,0,0.13968668407310705
13,baseline_b,0,0.03655352480417755
13,baseline_b,0,0.07441253263707572
13,baseline_b,0,0.05613577023498695
13,baseline_b,1,0.1514360313315927
13,baseline_b,0,0.12402088772845953
13,baseline_b,0,0.057441253263707574
13,baseline_b,0,0.0391644908616188
13,baseline_b,0,0.1475195822454308
13,baseline_b,0,0.06657963446475196
13,baseline_b,0,0.13968668407310705
13,baseline_b,0,0.03655352480417755
13,baseline_b,0,0.07441253263707572
13,baseline_b,0,0.05613577023498695
13,baseline_b,0,0.1514360313315927
13,baseline_b,0,0.12402088772845953
13,baseline_b,0,0.057441253263707574
13,baseline_b,0,0.0391644908616188
13,baseline_b,0,0.1475195822454308
13,baseline_b,0,0.06657963446475196
13,baseline_b,0,0.13968668407310705
13,baseline_b,0,0.03655352480417755
13,baseline_b,0,0.07441253263707572
13,baseline_b,0,0.05613577023498695
13,baseline_b,0,0.1514360313315927
13,baseline_b,0,0.12402088772845953
13,baseline_b,0,0.057441253263707574
13,baseline_b,0,0.0391644908616188
13,baseline_b,0,0.1475195822454308
13,baseline_b,0,0.06657963446475196
13,baseline_b,0,0.13968668407310705
13,baseline_b,0,0.03655352480417755
13,baseline_b,0,0.07441253263707572
13,baseline_b,0,0.05613577023498695
13,baseline_b,0,0.1514360313315927
13,baseline_b,0,0.12402088772845953
13,baseline_b,0,0.057441253263707574
13,baseline_b,0,0.0391644908616188
13,baseline_b,0,0.1475195822454308
13,baseline_b,1,0.06657963446475196
13,baseline_b,0,0.13968668407310705
13,baseline_b,0,0.03655352480417755
13,baseline_b,0,0.07441253263707572
13,baseline_b,1,0.05613577023498695
13,baseline_b,1,0.1514360313315927
13,baseline_b,0,0.12402088772845953
13,baseline_b,0,0.057441253263707574
13,baseline_b,0,0.0391644908616188
13,baseline_b,1,0.1475195822454308
13,baseline_b,0,0.06657963446475196
13,baseline_b,0,0.13968668407310705
13,baseline_b,0,0.03655352480417755
13,baseline_b,0,0.07441253263707572
13,baseline_b,0,0.05613577023498695
13,baseline_b,1,0.1514360313315927
13,baseline_b,0,0.12402088772845953
13,baseline_b,0,0.057441253263707574
13,baseline_b,1,0.0391644908616188
13,baseline_b,0,0.1475195822454308
13,baseline_b,0,0.06657963446475196
13,baseline_b,0,0.13968668407310705
13,baseline_b,0,0.03655352480417755
13,baseline_b,0,0.07441253263707572
13,baseline_b,1,0.05613577023498695
13,baseline_b,0,0.1514360313315927
13,baseline_b,0,0.12402088772845953
13,baseline_b,0,0.057441253263707574
13,baseline_b,0,0.0391644908616188
13,baseline_b,0,0.1475195822454308
13,baseline_b,1,0.06657963446475196
13,baseline_b,0,0.13968668407310705
13,baseline_b,0,0.03655352480417755
13,baseline_b,0,0.07441253263707572
13,baseline_b,0,0.05613577023498695
13,baseline_b,0,0.1514360313315927
13,baseline_b,0,0.12402088772845953
13,baseline_b,0,0.057441253263707574
13,baseline_b,0,0.0391644908616188
13,baseline_b,0,0.1475195822454308
13,baseline_b,0,0.06657963446475196
13,baseline_b,0,0.13968668407310705
13,baseline_b,0,0.03655352480417755
13,baseline_b,0,0.07441253263707572
13,baseline_b,0,0.05613577023498695
13,baseline_b,0,0.1514360313315927
13,baseline_b,0,0.12402088772845953
13,baseline_b,0,0.057441253263707574
13,baseline_b,0,0.0391644908616188
13,baseline_b,0,0.1475195822454308
13,baseline_b,0,0.06657963446475196
13,baseline_b,0,0.13968668407310705
13,baseline_b,0,0.03655352480417755
13,baseline_b,0,0.07441253263707572
13,baseline_b,0,0.05613577023498695
13,baseline_b,0,0.1514360313315927
13,baseline_b,0,0.12402088772845953
13,baseline_b,0,0.057441253263707574
13,baseline_b,0,0.0391644908616188
13,baseline_b,0,0.1475195822454308
13,baseline_b,0,0.06657963446475196
13,baseline_b,0,0.13968668407310705
13,baseline_b,0,0.03655352480417755
13,baseline_b,0,0.07441253263707572
13,baseline_b,0,0.05613577023498695
13,baseline_b,0,0.1514360313315927
13,baseline_b,0,0.12402088772845953
13,baseline_b,0,0.057441253263707574
13,baseline_b,0,0.0391644908616188
13,baseline_b,0,0.1475195822454308
13,baseline_b,0,0.06657963446475196
13,baseline_b,0,0.13968668407310705
13,baseline_b,0,0.03655352480417755
13,baseline_b,0,0.07441253263707572
13,baseline_b,0,0.05613577023498695
13,baseline_b,1,0.1514360313315927
13,baseline_b,0,0.12402088772845953
13,baseline_b,0,0.057441253263707574
13,baseline_b,0,0.0391644908616188
13,baseline_b,0,0.1475195822454308
13,baseline_b,0,0.06657963446475196
13,baseline_b,0,0.13968668407310705
13,baseline_b,0,0.03655352480417755
13,baseline_b,0,0.07441253263707572
13,baseline_b,0,0.05613577023498695
13,baseline_b,1,0.1514360313315927
13,baseline_b,0,0.12402088772845953
13,baseline_b,0,0.057441253263707574
13,baseline_b,0,0.0391644908616188
13,baseline_b,0,0.1475195822454308
13,baseline_b,0,0.06657963446475196
13,baseline_b,0,0.13968668407310705
13,baseline_b,0,0.03655352480417755
13,baseline_b,0,0.07441253263707572
13,baseline_b,0,0.05613577023498695
13,baseline_b,0,0.1514360313315927
13,baseline_b,0,0.12402088772845953
13,baseline_b,0,0.057441253263707574
13,baseline_b,0,0.0391644908616188
13,baseline_b,0,0.1475195822454308
13,baseline_b,0,0.06657963446475196
13,baseline_b,0,0.13968668407310705
13,baseline_b,1,0.03655352480417755
13,baseline_b,0,0.07441253263707572
13,baseline_b,0,0.05613577023498695
13,baseline_b,0,0.1514360313315927
13,baseline_b,1,0.12402088772845953
13,baseline_b,0,0.057441253263707574
13,baseline_b,0,0.0391644908616188
13,baseline_b,0,0.1475195822454308
13,baseline_b,0,0.06657963446475196
13,baseline_b,0,0.13968668407310705
13,baseline_b,0,0.03655352480417755
13,baseline_b,0,0.07441253263707572
13,baseline_b,0,0.05613577023498695
13,baseline_b,0,0.1514360313315927
13,baseline_b,0,0.12402088772845953
13,baseline_b,0,0.057441253263707574
13,baseline_b,0,0.0391644908616188
13,baseline_b,0,0.1475195822454308
13,baseline_b,0,0.06657963446475196
13,baseline_b,0,0.13968668407310705
13,baseline_b,0,0.03655352480417755
13,baseline_b,0,0.07441253263707572
13,baseline_b,0,0.05613577023498695
13,baseline_b,0,0.1514360313315927
13,baseline_b,0,0.12402088772845953
13,baseline_b,0,0.057441253263707574
13,baseline_b,0,0.0391644908616188
13,baseline_b,0,0.1475195822454308
13,baseline_b,0,0.06657963446475196
13,baseline_b,0,0.13968668407310705
13,baseline_b,0,0.03655352480417755
13,baseline_b,0,0.07441253263707572
13,baseline_b,0,0.05613577023498695
13,baseline_b,1,0.1514360313315927
13,baseline_b,0,0.12402088772845953
13,baseline_b,0,0.057441253263707574
13,baseline_b,0,0.0391644908616188
13,baseline_b,0,0.1475195822454308
13,baseline_b,0,0.06657963446475196
13,baseline_b,0,0.13968668407310705
13,baseline_b,0,0.03655352480417755
13,baseline_b,1,0.07441253263707572
13,baseline_b,0,0.05613577023498695
13,baseline_b,0,0.1514360313315927
13,baseline_b,0,0.12402088772845953
13,baseline_b,0,0.057441253263707574
13,baseline_b,0,0.0391644908616188
13,baseline_b,1,0.1475195822454308
13,baseline_b,0,0.06657963446475196
13,baseline_b,0,0.13968668407310705
13,baseline_b,0,0.03655352480417755
13,baseline_b,0,0.07441253263707572
13,baseline_b,0,0.05613577023498695
13,baseline_b,0,0.1514360313315927
13,baseline_b,1,0.12402088772845953
13,baseline_b,0,0.057441253263707574
13,baseline_b,0,0.0391644908616188
13,baseline_b,0,0.1475195822454308
13,baseline_b,0,0.06657963446475196
13,baseline_b,0,0.13968668407310705
13,baseline_b,0,0.03655352480417755
13,baseline_b,0,0.07441253263707572
13,baseline_b,0,0.05613577023498695
13,baseline_b,1,0.1514360313315927
13,baseline_b,0,0.12402088772845953
13,baseline_b,0,0.057441253263707574
13,baseline_b,0,0.0391644908616188
13,baseline_b,1,0.1475195822454308
13,baseline_b,0,0.06657963446475196
13,baseline_b,0,0.13968668407310705
13,baseline_b,0,0.03655352480417755
13,baseline_b,0,0.07441253263707572
13,baseline_b,0,0.05613577023498695
13,baseline_b,0,0.1514360313315927
13,baseline_b,0,0.12402088772845953
13,baseline_b,0,0.057441253263707574
13,baseline_b,0,0.0391644908616188
13,baseline_b,0,0.1475195822454308
13,baseline_b,1,0.06657963446475196
13,baseline_b,1,0.13968668407310705
13,baseline_b,0,0.03655352480417755
13,baseline_b,0,0.07441253263707572
13,baseline_b,0,0.05613577023498695
13,baseline_b,0,0.1514360313315927
13,baseline_b,0,0.12402088772845953
13,baseline_b,0,0.057441253263707574
13,baseline_b,0,0.0391644908616188
13,baseline_b,0,0.1475195822454308
13,baseline_b,0,0.06657963446475196
13,baseline_b,0,0.13968668407310705
13,baseline_b,0,0.03655352480417755
13,baseline_b,0,0.07441253263707572
13,baseline_b,0,0.05613577023498695
13,baseline_b,0,0.1514360313315927
13,baseline_b,0,0.12402088772845953
13,baseline_b,0,0.057441253263707574
13,baseline_b,0,0.0391644908616188
13,baseline_b,0,0.1475195822454308
13,baseline_b,0,0.06657963446475196
13,baseline_b,0,0.13968668407310705
13,baseline_b,0,0.03655352480417755
13,baseline_b,0,0.07441253263707572
13,baseline_b,0,0.05613577023498695
13,baseline_b,0,0.1514360313315927
13,baseline_b,0,0.12402088772845953
13,baseline_b,0,0.057441253263707574
13,baseline_b,0,0.0391644908616188
13,baseline_b,0,0.1475195822454308
13,baseline_b,0,0.06657963446475196
13,baseline_b,0,0.13968668407310705
13,baseline_b,0,0.03655352480417755
13,baseline_b,0,0.07441253263707572
13,baseline_b,0,0.05613577023498695
13,baseline_b,0,0.1514360313315927
13,baseline_b,0,0.12402088772845953
13,baseline_b,0,0.057441253263707574
13,baseline_b,0,0.0391644908616188
13,baseline_b,0,0.1475195822454308
13,baseline_b,0,0.06657963446475196
13,baseline_b,0,0.13968668407310705
13,baseline_b,0,0.03655352480417755
13,baseline_b,0,0.07441253263707572
13,baseline_b,0,0.05613577023498695
13,baseline_b,0,0.1514360313315927
13,baseline_b,1,0.12402088772845953
13,baseline_b,0,0.057441253263707574
13,baseline_b,0,0.0391644908616188
13,baseline_b,0,0.1475195822454308
13,baseline_b,0,0.06657963446475196
13,baseline_b,0,0.13968668407310705
13,baseline_b,0,0.03655352480417755
13,logistic_regression,0,0.0009463221115980403
13,logistic_regression,0,0.0011603290308891657
13,logistic_regression,0,0.017462545382498838
13,logistic_regression,0,0.004310847555870908
13,logistic_regression,0,0.0023897462901732868
13,logistic_regression,0,0.000493226529976836
13,logistic_regression,0,0.0012522505309063782
13,logistic_regression,0,0.00021850757963522217
13,logistic_regression,0,0.09679028814943151
13,logistic_regression,0,0.0009438945407766191
13,logistic_regression,0,0.09403610699808783
13,logistic_regression,0,0.062249454644885883
13,logistic_regression,1,0.18336448066112387
13,logistic_regression,0,0.1494056518447731
13,logistic_regression,0,0.05685926732381137
13,logistic_regression,0,0.02822311049365849
13,logistic_regression,0,0.12220711875517956
13,logistic_regression,0,0.08284166175359427
13,logistic_regression,1,0.18005691687212005
13,logistic_regression,0,0.028756318131889322
13,logistic_regression,0,0.07572918954324341
13,logistic_regression,0,0.11519561760084017
13,logistic_regression,0,0.579794544398777
13,logistic_regression,1,0.17017532301632826
13,logistic_regression,0,0.0932715565900115
13,logistic_regression,0,0.06520393976286898
13,logistic_regression,0,0.17295696449014614
13,logistic_regression,0,0.04086748085564932
13,logistic_regression,0,0.23580375408751217
13,logistic_regression,0,0.0719625302557712
13,logistic_regression,0,0.04290958832320098
13,logistic_regression,0,0.06528856314699771
13,logistic_regression,1,0.07577349475367338
13,logistic_regression,0,0.08750505351774823
13,logistic_regression,0,0.11950051094492817
13,logistic_regression,1,0.04767351102172768
13,logistic_regression,0,0.18962305362402623
13,logistic_regression,0,0.14022506417708297
13,logistic_regression,0,0.1975884849940025
13,logistic_regression,0,0.13536143382839763
13,logistic_regression,0,0.07943586647065927
13,logistic_regression,0,0.07549175363048428
13,logistic_regression,0,0.19966417556918037
13,logistic_regression,0,0.16712251659933555
13,logistic_regression,0,0.11543005136226768
13,logistic_regression,0,0.050458651815071566
13,logistic_regression,0,0.19074740292551476
13,logistic_regression,1,0.09225912548284067
13,logistic_regression,0,0.1923359411648578
13,logistic_regression,0,0.06830295490042854
13,logistic_regression,1,0.07889955461008367
13,logistic_regression,0,0.09865672264527617
13,logistic_regression,1,0.17560719913873113
13,logistic_regression,0,0.22200582583148484
13,logistic_regression,0,0.10795305532777497
13,logistic_regression,0,0.05660169037239865
13,logistic_regression,0,0.13574302174219235
13,logistic_regression,0,0.0887518890639924
13,logistic_regression,0,0.21272231364067887
13,logistic_regression,0,0.03426559111722351
13,logistic_regression,0,0.0016974676143462993
13,logistic_regression,0,0.0008089810283400297
13,logistic_regression,0,0.0024124394388091
13,logistic_regression,0,0.017748422748809046
13,logistic_regression,0,0.0011691066514129662
13,logistic_regression,0,0.0016848577936787671
13,logistic_regression,0,0.002365630606393541
13,logistic_regression,0,0.0002544971283308612
13,logistic_regression,0,0.024538643293705364
13,logistic_regression,0,0.007840882682687254
13,logistic_regression,0,0.0026041490404448936
13,logistic_regression,0,0.00029705720521465726
13,logistic_regression,0,0.00337715608441888
13,logistic_regression,0,0.0035657742757598285
13,logistic_regression,0,0.0046567306665229
13,logistic_regression,0,0.000926166355567758
13,logistic_regression,0,0.0021368731489916234
13,logistic_regression,0,0.000592774825242262
13,logistic_regression,0,0.005137491015262382
13,logistic_regression,0,0.011172438991091863
13,logistic_regression,1,0.06670868017610654
13,logistic_regression,0,0.04011059090440381
13,logistic_regression,1,0.09300032071824914
13,logistic_regression,0,0.11693944890905122
13,logistic_regression,0,0.06518391652848264
13,logistic_regression,0,0.02474262786361226
13,logistic_regression,1,0.12303631430142908
13,logistic_regression,0,0.09533184996458809
13,logistic_regression,0,0.17424158178784685
13,logistic_regression,0,0.051103349555049485
13,logistic_regression,0,0.1300668814022234
13,logistic_regression,0,0.042711555991219986
13,logistic_regression,1,0.14536571248920624
13,logistic_regression,0,0.18251397876744604
13,logistic_regression,0,0.06498013085785645
13,logistic_regression,0,0.03568388932982114
13,logistic_regression,0,0.25559707085462363
13,logistic_regression,0,0.09035931218293314
13,logistic_regression,1,0.2407179349609858
13,logistic_regression,0,0.07997092433784438
13,logistic_regression,0,0.07267864541936557
13,logistic_regression,0,0.054259938693073786
13,logistic_regression,0,0.1610169075083309
13,logistic_regression,0,0.21366010982214811
13,logistic_regression,0,0.07259671657430815
13,logistic_regression,1,0.04499425011429165
13,logistic_regression,0,0.20430628137251836
13,logistic_regression,0,0.09414316185665104
13,logistic_regression,1,0.3181207396839633
13,logistic_regression,0,0.04074363786253715
13,logistic_regression,0,0.11632747972835909
13,logistic_regression,0,0.08592391927020823
13,logistic_regression,0,0.19863532396177666
13,logistic_regression,0,0.183137091014278
13,logistic_regression,0,0.10541183373550438
13,logistic_regression,0,0.03359655338360801
13,logistic_regression,0,0.17200896676827754
13,logistic_regression,1,0.10758389075830639
13,logistic_regression,0,0.10653955880152026
13,logistic_regression,0,0.06013483234044287
13,logistic_regression,0,0.15188222448560665
13,logistic_regression,0,0.07865227012545649
13,logistic_regression,0,0.14541287546916112
13,logistic_regression,0,0.18280981716140723
13,logistic_regression,0,0.0914912584749255
13,logistic_regression,0,0.0401079017254003
13,logistic_regression,0,0.1865616969995041
13,logistic_regression,0,0.09612589221380183
13,logistic_regression,0,0.1018512898462971
13,logistic_regression,0,0.0280443306121632
13,logistic_regression,0,0.006462478864422293
13,logistic_regression,0,0.005056152579702739
13,logistic_regression,0,0.03129250190637235
13,logistic_regression,0,0.005685685205136621
13,logistic_regression,0,0.005485459892593516
13,logistic_regression,0,0.00034778830898210886
13,logistic_regression,0,0.0015195673089717662
13,logistic_regression,0,0.0008567787514619161
13,logistic_regression,0,0.006723639697497549
13,logistic_regression,0,0.014317365394002747
13,logistic_regression,0,0.00015496321736946334
13,logistic_regression,0,0.0020855759238488304
13,logistic_regression,0,0.012953997603731043
13,logistic_regression,0,0.03078147883740532
13,logistic_regression,0,0.0023043265142857544
13,logistic_regression,0,0.001978161037189499
13,logistic_regression,0,0.001528906605556853
13,logistic_regression,0,0.0004746693115569746
13,logistic_regression,0,0.021378333114271272
13,logistic_regression,0,0.005555751982089165
13,logistic_regression,0,0.09681930515185115
13,logistic_regression,0,0.05185881260186174
13,logistic_regression,0,0.17526629281563683
13,logistic_regression,0,0.1443990103119279
13,logistic_regression,0,0.07991892155487737
13,logistic_regression,0,0.035419251922125805
13,logistic_regression,0,0.13457194014695842
13,logistic_regression,1,0.08057297769382273
13,logistic_regression,0,0.14481932062799288
13,logistic_regression,0,0.05812971567231274
13,logistic_regression,1,0.05964693138280914
13,logistic_regression,0,0.11946311968167646
13,logistic_regression,0,0.08291099133016036
13,logistic_regression,0,0.13438821123579775
13,logistic_regression,0,0.10944836433318282
13,logistic_regression,0,0.0834070049416959
13,logistic_regression,0,0.18639190645334322
13,logistic_regression,0,0.08252074039611286
13,logistic_regression,0,0.2125759876588872
13,logistic_regression,1,0.07412374447989792
13,logistic_regression,0,0.07526464401364681
13,logistic_regression,0,0.09394865357615823
13,logistic_regression,0,0.1142185846871889
13,logistic_regression,1,0.20114347242568129
13,logistic_regression,0,0.05383250330134238
13,logistic_regression,0,0.05349549709302157
13,logistic_regression,0,0.16175168386732253
13,logistic_regression,0,0.07292975350471767
13,logistic_regression,0,0.2143116458422633
13,logistic_regression,0,0.03271075391366255
13,logistic_regression,0,0.09851506750116659
13,logistic_regression,0,0.0904936823269342
13,logistic_regression,0,0.19865997223826048
13,logistic_regression,0,0.22135436721189544
13,logistic_regression,0,0.083175587896652
13,logistic_regression,0,0.049060432677853906
13,logistic_regression,0,0.19828027271599682
13,logistic_regression,0,0.06328612536852848
13,logistic_regression,1,0.2592701658028559
13,logistic_regression,0,0.05575547695400521
13,logistic_regression,0,0.11366573236799872
13,logistic_regression,0,0.12866483842408905
13,logistic_regression,0,0.22107272158688016
13,logistic_regression,0,0.13152084832013053
13,logistic_regression,0,0.06863413472355584
13,logistic_regression,0,0.044869322199483
13,logistic_regression,0,0.16548101208426697
13,logistic_regression,0,0.0672421582112971
13,logistic_regression,0,0.15404461761912525
13,logistic_regression,0,0.06847630935150036
13,logistic_regression,0,0.009553190305670914
13,logistic_regression,0,0.0011386149779249591
13,logistic_regression,0,0.00939474050073623
13,logistic_regression,0,0.036328368237837534
13,logistic_regression,0,0.011800883417464639
13,logistic_regression,0,0.0007796669188596493
13,logistic_regression,0,0.0008212219028069399
13,logistic_regression,0,0.0013614019372588165
13,logistic_regression,0,0.023249261554938172
13,logistic_regression,0,0.009641966713998041
13,logistic_regression,0,0.0008216753277423592
13,logistic_regression,0,0.0007391208068045473
13,logistic_regression,0,0.03919082264062034
13,logistic_regression,0,0.03749051585607797
13,logistic_regression,0,0.001235897751505292
13,logistic_regression,0,0.0008023773671588684
13,logistic_regression,0,0.001722475327437046
13,logistic_regression,0,0.00070426084100884
13,logistic_regression,0,0.01113214029043227
13,logistic_regression,0,0.0006927284777707942
13,logistic_regression,0,0.21805265597458884
13,logistic_regression,0,0.07007351117318897
13,logistic_regression,0,0.1409274302173213
13,logistic_regression,0,0.11828265751807049
13,logistic_regression,0,0.04328760377362172
13,logistic_regression,0,0.030342468293515116
13,logistic_regression,0,0.1281732689055478
13,logistic_regression,0,0.08826431426785068
13,logistic_regression,0,0.10691518428313593
13,logistic_regression,0,0.021973996398342955
13,logistic_regression,0,0.06256310522259877
13,logistic_regression,0,0.09125026398830882
13,logistic_regression,0,0.21946269709895952
13,logistic_regression,1,0.19358346851486982
13,logistic_regression,0,0.0651908659010999
13,logistic_regression,0,0.04410846139388249
13,logistic_regression,0,0.1569851687568445
13,logistic_regression,0,0.0866578230880628
13,logistic_regression,0,0.21022128686920083
13,logistic_regression,0,0.03678699983753553
13,logistic_regression,0,0.10889691048482476
13,logistic_regression,0,0.09660604618058523
13,logistic_regression,0,0.18747843570557227
13,logistic_regression,0,0.1815072752347353
13,logistic_regression,0,0.07604198786431209
13,logistic_regression,0,0.05128455488370073
13,logistic_regression,1,0.3388732502914076
13,logistic_regression,0,0.10589029276950582
13,logistic_regression,0,0.11666380586521838
13,logistic_regression,0,0.042920075837585885
13,logistic_regression,0,0.1156289054713159
13,logistic_regression,1,0.10268468309443651
13,logistic_regression,0,0.19174882614549066
13,logistic_regression,0,0.12242726654013655
13,logistic_regression,0,0.13392719857176089
13,logistic_regression,0,0.04251581882465325
13,logistic_regression,0,0.10864982435895254
13,logistic_regression,0,0.07312550823575004
13,logistic_regression,0,0.22644052871847722
13,logistic_regression,0,0.06330821758450349
13,logistic_regression,0,0.1040413618597794
13,logistic_regression,0,0.10226193606217353
13,logistic_regression,0,0.11390193368136488
13,logistic_regression,0,0.11916975346676591
13,logistic_regression,0,0.06809535528908393
13,logistic_regression,0,0.055516761529194894
13,logistic_regression,0,0.20910636359987364
13,logistic_regression,0,0.10078532697680441
13,logistic_regression,0,0.24289834044562228
13,logistic_regression,0,0.02419714162183876
13,logistic_regression,0,0.0012794140234296382
13,logistic_regression,0,0.0035094699345923847
13,logistic_regression,0,0.04074118569963246
13,logistic_regression,0,0.009998978631342801
13,logistic_regression,0,0.014670303569289425
13,logistic_regression,0,0.0008492900484079663
13,logistic_regression,0,0.0013902652564972598
13,logistic_regression,0,0.00168668116596907
13,logistic_regression,0,0.02307553824306675
13,logistic_regression,0,0.002204396235461044
13,logistic_regression,0,0.00553539628772558
13,logistic_regression,0,0.0012415007104381256
13,logistic_regression,0,0.016655582566208953
13,logistic_regression,0,0.007481778646546409
13,logistic_regression,0,0.0014081096575739012
13,logistic_regression,0,0.0006565225066797001
13,logistic_regression,0,0.0016316093951103698
13,logistic_regression,0,0.00011989630772015286
13,logistic_regression,0,0.0033568857871468837
13,logistic_regression,0,0.013852832059351563
13,logistic_regression,0,0.07499741315881403
13,logistic_regression,0,0.0678535662904724
13,logistic_regression,1,0.10559885099225157
13,logistic_regression,0,0.05056770523699197
13,logistic_regression,0,0.0955243069386473
13,logistic_regression,0,0.048980618279763286
13,logistic_regression,0,0.22654197784962554
13,logistic_regression,0,0.053703945424870156
13,logistic_regression,0,0.13676558007953488
13,logistic_regression,0,0.03258522818929599
13,logistic_regression,0,0.09530367144570896
13,logistic_regression,0,0.06886821902877303
13,logistic_regression,0,0.2210263668103895
13,logistic_regression,0,0.09509623521154992
13,logistic_regression,0,0.05664024164726281
13,logistic_regression,0,0.05935018675434943
13,logistic_regression,0,0.19734937274367173
13,logistic_regression,0,0.10972951787374732
13,logistic_regression,0,0.22316643748160733
13,logistic_regression,0,0.099153489490349
13,logistic_regression,0,0.09490320219161313
13,logistic_regression,0,0.07714757956122219
13,logistic_regression,0,0.11248664484147061
13,logistic_regression,0,0.13230209088657935
13,logistic_regression,0,0.08210679208911582
13,logistic_regression,0,0.05696433343625594
13,logistic_regression,0,0.24355381646209198
13,logistic_regression,0,0.17063839639831027
13,logistic_regression,0,0.1874674771298866
13,logistic_regression,0,0.0758415442226793
13,logistic_regression,0,0.0747156512270422
13,logistic_regression,1,0.06470923651675028
13,logistic_regression,0,0.1114783321520702
13,logistic_regression,0,0.09637749033011231
13,logistic_regression,0,0.16618840244700767
13,logistic_regression,0,0.059798871608143365
13,logistic_regression,1,0.2385782713011525
13,logistic_regression,0,0.0798320689297583
13,logistic_regression,0,0.2480873409079784
13,logistic_regression,0,0.08309190712442156
13,logistic_regression,0,0.11174350242033952
13,logistic_regression,0,0.07560570185669524
13,logistic_regression,0,0.18203794647652713
13,logistic_regression,1,0.15534977875471093
13,logistic_regression,0,0.07067885179041897
13,logistic_regression,0,0.05735746344558713
13,logistic_regression,0,0.17296832218280622
13,logistic_regression,0,0.0956581089813918
13,logistic_regression,1,0.14280871124319186
13,logistic_regression,0,0.0953799629312903
13,logistic_regression,0,0.0007317621760919076
13,logistic_regression,0,0.0028424480270245454
13,logistic_regression,0,0.0032431115875051204
13,logistic_regression,0,0.023188739233377862
13,logistic_regression,0,0.003435293137493598
13,logistic_regression,0,0.004779948356742826
13,logistic_regression,0,0.0006238506704514612
13,logistic_regression,0,0.001543222130878054
13,logistic_regression,0,0.0032927833378252618
13,logistic_regression,0,0.0032582370591171823
13,logistic_regression,0,0.0007384156142804377
13,logistic_regression,0,0.0005656375026041895
13,logistic_regression,0,0.013983436815148857
13,logistic_regression,0,0.012780478158902892
13,logistic_regression,0,0.0016965644511979354
13,logistic_regression,0,0.007088571902751335
13,logistic_regression,0,0.0005865993407202907
13,logistic_regression,0,0.0028292725789382544
13,logistic_regression,0,0.007709308105363661
13,logistic_regression,0,0.0011838144694055594
13,logistic_regression,0,0.031898475416524415
13,logistic_regression,0,0.07402111071071768
13,logistic_regression,0,0.15261834598537832
13,logistic_regression,0,0.08755764724683296
13,logistic_regression,0,0.04439903743037828
13,logistic_regression,0,0.1417837117858405
13,logistic_regression,1,0.15076534081309412
13,logistic_regression,0,0.11068092021981416
13,logistic_regression,1,0.5208246766522621
13,logistic_regression,0,0.0648989536290336
13,logistic_regression,0,0.06294657754535615
13,logistic_regression,0,0.07528374351367977
13,logistic_regression,0,0.22785829594862628
13,logistic_regression,0,0.14435989311140526
13,logistic_regression,0,0.05950709995296199
13,logistic_regression,0,0.02233929041317448
13,logistic_regression,0,0.1677433998236617
13,logistic_regression,0,0.14442286905539525
13,logistic_regression,0,0.09084492141416597
13,logistic_regression,0,0.06121218740288143
13,logistic_regression,0,0.08773188257828993
13,logistic_regression,0,0.11241815520644548
13,logistic_regression,1,0.19247704508127889
13,logistic_regression,0,0.18682967390020372
13,logistic_regression,0,0.04474091510843612
13,logistic_regression,0,0.07985435984823955
13,logistic_regression,0,0.24181988913250257
13,logistic_regression,0,0.08485580741123384
13,logistic_regression,0,0.16834922967637006
13,logistic_regression,0,0.06400279065467485
13,logistic_regression,0,0.07499395468955312
13,logistic_regression,0,0.06308696289161315
13,logistic_regression,0,0.21412418378475276
13,logistic_regression,0,0.13493957084783223
13,logistic_regression,0,0.06337523067094096
13,logistic_regression,0,0.07560649673978143
13,logistic_regression,0,0.22487163255546427
13,logistic_regression,1,0.041511095675347234
13,logistic_regression,0,0.16553649475886736
13,logistic_regression,0,0.08078778319774653
13,logistic_regression,0,0.12433577401481925
13,logistic_regression,0,0.09213836717091234
13,logistic_regression,1,0.0973506007024031
13,logistic_regression,0,0.11608693744906606
13,logistic_regression,1,0.08172695420288768
13,logistic_regression,0,0.10997233842839511
13,logistic_regression,0,0.16928247028413618
13,logistic_regression,0,0.11408521604029997
13,logistic_regression,0,0.19746168149119858
13,logistic_regression,0,0.04700904306630279
13,logistic_regression,0,0.001868616461466113
13,logistic_regression,0,0.00132428100828258
13,logistic_regression,0,0.00625904657856298
13,logistic_regression,0,0.0044283784788744784
13,logistic_regression,0,0.0191134562242262
13,logistic_regression,0,0.0035870060998252863
13,logistic_regression,0,0.001632130540578118
13,logistic_regression,0,0.00020359844249347604
13,logistic_regression,0,0.01740304825276231
13,logistic_regression,0,0.0044356311392445376
13,logistic_regression,0,0.0019110820720491483
13,logistic_regression,0,0.002927272787652534
13,logistic_regression,0,0.008950580428734737
13,logistic_regression,0,0.010292923610957232
13,logistic_regression,0,0.000852598948696417
13,logistic_regression,0,0.018459529717135378
13,logistic_regression,0,0.0044579924918776385
13,logistic_regression,0,6.99658566980248e-05
13,logistic_regression,0,0.00968935370188423
13,logistic_regression,0,0.009949005978673951
13,logistic_regression,0,0.10381071535456847
13,logistic_regression,0,0.036507051875581224
13,logistic_regression,0,0.2001454839500379
13,logistic_regression,0,0.06448517654219572
13,logistic_regression,0,0.08718619129932055
13,logistic_regression,0,0.028064659151585788
13,logistic_regression,0,0.17930984236488234
13,logistic_regression,0,0.08003066452445491
13,logistic_regression,1,0.20911764445505077
13,logistic_regression,0,0.05422000350628134
13,logistic_regression,0,0.14852193261779273
13,logistic_regression,0,0.08226665511089128
13,logistic_regression,1,0.10839115445448172
13,logistic_regression,1,0.12997532006200663
13,logistic_regression,0,0.09145584540392358
13,logistic_regression,0,0.07106052856453901
13,logistic_regression,0,0.2799750441513974
13,logistic_regression,0,0.04711262192590746
13,logistic_regression,0,0.1925090147263458
13,logistic_regression,0,0.02167971564611599
13,logistic_regression,0,0.35394911540715523
13,logistic_regression,0,0.04804947238013618
13,logistic_regression,0,0.1539623742378631
13,logistic_regression,0,0.17377348220096014
13,logistic_regression,0,0.10266681803181874
13,logistic_regression,0,0.05389293149867699
13,logistic_regression,1,0.2138764075620505
13,logistic_regression,0,0.07243944267601357
13,logistic_regression,0,0.06323857164771512
13,logistic_regression,0,0.024702376483433135
13,logistic_regression,0,0.09862613352849114
13,logistic_regression,0,0.061204817526343665
13,logistic_regression,0,0.2057772387827387
13,logistic_regression,0,0.08874109420518947
13,logistic_regression,0,0.07975387878439466
13,logistic_regression,0,0.02941537551366672
13,logistic_regression,0,0.2286966064148658
13,logistic_regression,0,0.04673532006985147
13,logistic_regression,0,0.1609398242474126
13,logistic_regression,0,0.04547269827984944
13,logistic_regression,0,0.1387053941664276
13,logistic_regression,0,0.08542734039313413
13,logistic_regression,1,0.2605367009027348
13,logistic_regression,0,0.13086568295311254
13,logistic_regression,0,0.07404637145732709
13,logistic_regression,0,0.1481800452770215
13,logistic_regression,1,0.21339590761430655
13,logistic_regression,0,0.0811266241355408
13,logistic_regression,0,0.20285196529025262
13,logistic_regression,0,0.04017035200011404
13,logistic_regression,0,0.0010787669066090514
13,logistic_regression,0,0.0054171540413696494
13,logistic_regression,0,0.014489652083639667
13,logistic_regression,0,0.03211651981434664
13,logistic_regression,0,0.0027338432297108503
13,logistic_regression,0,0.0008612227965966681
13,logistic_regression,0,0.004211878730878114
13,logistic_regression,0,0.0007657502704617703
13,logistic_regression,0,0.08203875220178394
13,logistic_regression,0,0.0042723791631401635
13,logistic_regression,0,0.0012319276239475404
13,logistic_regression,0,0.006365924134407052
13,logistic_regression,0,0.007894422866404313
13,logistic_regression,0,0.010184516996273598
13,logistic_regression,0,0.006125163073820945
13,logistic_regression,0,0.0011446959999294806
13,logistic_regression,0,0.0006254790577615095
13,logistic_regression,0,0.00022630601472113684
13,logistic_regression,0,0.01585011514537094
13,logistic_regression,0,0.006685910974157716
13,logistic_regression,0,0.06114672965469874
13,logistic_regression,0,0.07300360229645207
13,logistic_regression,1,0.13559787001338441
13,logistic_regression,0,0.08761604972785234
13,logistic_regression,0,0.039601075639591594
13,logistic_regression,0,0.05784527092161758
13,logistic_regression,0,0.1284369386430916
13,logistic_regression,0,0.06823689776451386
13,logistic_regression,0,0.12471719170990189
13,logistic_regression,0,0.01704967917679674
13,logistic_regression,0,0.10154889431812944
13,logistic_regression,0,0.104957762012449
13,logistic_regression,0,0.12002530559425208
13,logistic_regression,0,0.1375734844914319
13,logistic_regression,0,0.07162741251164466
13,logistic_regression,0,0.35117492252541677
13,logistic_regression,0,0.2510154374133025
13,logistic_regression,0,0.08601507969227604
13,logistic_regression,1,0.2643004607453807
13,logistic_regression,0,0.030208988165740625
13,logistic_regression,0,0.12946359011956168
13,logistic_regression,1,0.10534763614172976
13,logistic_regression,0,0.13989001722764002
13,logistic_regression,0,0.13084099943101127
13,logistic_regression,0,0.08648434511400235
13,logistic_regression,0,0.031923598455540346
13,logistic_regression,1,0.25465814253511515
13,logistic_regression,0,0.12207555855759017
13,logistic_regression,0,0.13069185339106662
13,logistic_regression,0,0.05718147637450811
13,logistic_regression,0,0.13218314943869094
13,logistic_regression,1,0.11567077209103117
13,logistic_regression,0,0.1688346725467965
13,logistic_regression,1,0.14936253673018085
13,logistic_regression,0,0.08136424305169265
13,logistic_regression,0,0.04580840527980632
13,logistic_regression,0,0.2740761721350716
13,logistic_regression,0,0.11782823510099556
13,logistic_regression,0,0.2321861856414128
13,logistic_regression,0,0.0435374249557907
13,logistic_regression,0,0.16642078199649482
13,logistic_regression,0,0.22449355664839243
13,logistic_regression,0,0.17953734252210077
13,logistic_regression,0,0.0976432334843863
13,logistic_regression,0,0.09187746611787996
13,logistic_regression,0,0.05528413330939024
13,logistic_regression,0,0.2572885948476384
13,logistic_regression,0,0.10786007445785717
13,logistic_regression,0,0.26992750188738396
13,logistic_regression,0,0.0675443587772047
13,logistic_regression,0,0.0015921110990264964
13,logistic_regression,0,0.003764345931286219
13,logistic_regression,0,0.0090616023182287
13,logistic_regression,0,0.04184146887933718
13,logistic_regression,0,0.004528869611083559
13,logistic_regression,0,0.0009496618478309334
13,logistic_regression,0,0.008759788420444215
13,logistic_regression,0,0.0009424231320138925
13,logistic_regression,0,0.07201859113535926
13,logistic_regression,0,0.0009014925116604168
13,logistic_regression,0,0.0011650774043132676
13,logistic_regression,0,0.0033425205313478306
13,logistic_regression,0,0.004313780828573865
13,logistic_regression,0,0.0030044593598406786
13,logistic_regression,0,0.006719935100967298
13,logistic_regression,0,0.0032528786409138704
13,logistic_regression,0,0.00060381363708736
13,logistic_regression,0,0.00033350403275594264
13,logistic_regression,0,0.06212331848478721
13,logistic_regression,0,0.022838733510113847
13,logistic_regression,0,0.1260820724106909
13,logistic_regression,0,0.12332495188841767
13,logistic_regression,0,0.16458395749481514
13,logistic_regression,1,0.10201237130967125
13,logistic_regression,0,0.07188585560247737
13,logistic_regression,0,0.045696712813421705
13,logistic_regression,0,0.1617347191706971
13,logistic_regression,0,0.07342745860581165
13,logistic_regression,0,0.15984969093044954
13,logistic_regression,0,0.02824995029575915
13,logistic_regression,0,0.4055816396634794
13,logistic_regression,0,0.19051101971971487
13,logistic_regression,0,0.15144329976225002
13,logistic_regression,0,0.16632876873211455
13,logistic_regression,1,0.06017805534308789
13,logistic_regression,0,0.06321442492115577
13,logistic_regression,1,0.2519528995234523
13,logistic_regression,0,0.37385571758394354
13,logistic_regression,0,0.4428778685615854
13,logistic_regression,0,0.08183807213307047
13,logistic_regression,0,0.10372140102896987
13,logistic_regression,0,0.13392774702853735
13,logistic_regression,0,0.14145963029000044
13,logistic_regression,0,0.19070917708344265
13,logistic_regression,0,0.06770554547347861
13,logistic_regression,0,0.041532147360780314
13,logistic_regression,0,0.13705281009203027
13,logistic_regression,0,0.06451748788924379
13,logistic_regression,0,0.25552130884683055
13,logistic_regression,0,0.03366619461046043
13,logistic_regression,0,0.3365713595757488
13,logistic_regression,0,0.09616481513728907
13,logistic_regression,0,0.19379479963704224
13,logistic_regression,1,0.15302556640142734
13,logistic_regression,0,0.10214171893398437
13,logistic_regression,0,0.14395687011888403
13,logistic_regression,0,0.21912896821460429
13,logistic_regression,0,0.0929784463018256
13,logistic_regression,1,0.30206088067484
13,logistic_regression,0,0.08088600064514852
13,logistic_regression,1,0.0973447137794605
13,logistic_regression,0,0.12544517094726093
13,logistic_regression,0,0.20186272894012222
13,logistic_regression,0,0.24417553144515014
13,logistic_regression,0,0.05826822020919648
13,logistic_regression,0,0.03238121354896
13,logistic_regression,0,0.2619558634739405
13,logistic_regression,1,0.11824250614142856
13,logistic_regression,1,0.334663339498997
13,logistic_regression,0,0.04334128726258921
13,logistic_regression,0,0.0011623606099771908
13,logistic_regression,0,0.00306186896790022
13,logistic_regression,0,0.02537302031965957
13,logistic_regression,0,0.18173957119847142
13,logistic_regression,0,0.0011724194800538357
13,logistic_regression,0,0.0003181944937395769
13,logistic_regression,0,0.0033655604285131053
13,logistic_regression,0,0.00019976777413497623
13,logistic_regression,0,0.0284325887441089
13,logistic_regression,0,0.012714024863375346
13,logistic_regression,0,0.000494685843972983
13,logistic_regression,0,0.0021851063889387237
13,logistic_regression,0,0.010323144965586959
13,logistic_regression,0,0.024206331737955354
13,logistic_regression,0,0.001569117421203014
13,logistic_regression,0,0.001169526178529336
13,logistic_regression,0,0.0014275687463073685
13,logistic_regression,0,0.0009772534239154834
13,logistic_regression,0,0.0559984334093771
13,logistic_regression,0,0.0038104112846465464
13,logistic_regression,0,0.05651845783135548
13,logistic_regression,0,0.11074966447237253
13,logistic_regression,0,0.22947647327241047
13,logistic_regression,0,0.044897760936717226
13,logistic_regression,0,0.05189482307692326
13,logistic_regression,0,0.014264060937016518
13,logistic_regression,0,0.1550438505146901
13,logistic_regression,0,0.08837917374605342
13,logistic_regression,0,0.13000585092462727
13,logistic_regression,0,0.06800157011704658
13,logistic_regression,0,0.08785507456811274
13,logistic_regression,0,0.07816101933205333
13,logistic_regression,0,0.11584142912267771
13,logistic_regression,0,0.2001874265985506
13,logistic_regression,0,0.07994059587551762
13,logistic_regression,0,0.021211957208788677
13,logistic_regression,0,0.16479730610985388
13,logistic_regression,0,0.09027489400086153
13,logistic_regression,0,0.26737678979479607
13,logistic_regression,0,0.03778371671052175
13,logistic_regression,0,0.06744665961115041
13,logistic_regression,0,0.05207362558582587
13,logistic_regression,0,0.21573029150894169
13,logistic_regression,0,0.20444803505141262
13,logistic_regression,0,0.06997785251350105
13,logistic_regression,0,0.025068277105703266
13,logistic_regression,0,0.2615262726127659
13,logistic_regression,1,0.2789845002635116
13,logistic_regression,1,0.3088167408506692
13,logistic_regression,1,0.08220241184226579
13,logistic_regression,0,0.1096304712361296
13,logistic_regression,0,0.050803960699208985
13,logistic_regression,0,0.17484191766883184
13,logistic_regression,0,0.2888860655023246
13,logistic_regression,0,0.05492388478480795
13,logistic_regression,0,0.04565920253994542
13,logistic_regression,0,0.2299913245048014
13,logistic_regression,1,0.09932492828627837
13,logistic_regression,0,0.33409251991273853
13,logistic_regression,0,0.062475476454460874
13,logistic_regression,0,0.0775884597576594
13,logistic_regression,0,0.07244890670497087
13,logistic_regression,0,0.2739802240253365
13,logistic_regression,0,0.1890174852945524
13,logistic_regression,0,0.05930355535604439
13,logistic_regression,0,0.036691787468658456
13,logistic_regression,1,0.2630672618912471
13,logistic_regression,0,0.09901925679940879
13,logistic_regression,0,0.2798260919747514
13,logistic_regression,0,0.03959568079021332
13,logistic_regression,0,0.006473468156319151
13,logistic_regression,0,0.0016927026311338044
13,logistic_regression,0,0.004477759378369081
13,logistic_regression,0,0.03412282839016697
13,logistic_regression,0,0.008584589012433306
13,logistic_regression,0,0.001960577470158519
13,logistic_regression,0,0.000648063802518366
13,logistic_regression,0,0.0007293528068854975
13,logistic_regression,0,0.0031222141365683295
13,logistic_regression,0,0.006887329216142234
13,logistic_regression,0,0.0006521613975799032
13,logistic_regression,0,0.003435203961648166
13,logistic_regression,0,0.012712773611768436
13,logistic_regression,0,0.004442167088366007
13,logistic_regression,0,0.00047969870388383986
13,logistic_regression,0,0.005394939950120677
13,logistic_regression,0,0.0011092975878592031
13,logistic_regression,0,0.0009453847861281918
13,logistic_regression,0,0.00558579390856674
13,logistic_regression,0,0.004568055827776108
13,logistic_regression,0,0.09319422109821046
13,logistic_regression,0,0.07160530231038854
13,logistic_regression,0,0.17656846316159205
13,logistic_regression,1,0.17552433974837153
13,logistic_regression,0,0.07362244907986111
13,logistic_regression,0,0.03652026694351438
13,logistic_regression,0,0.06607669535307711
13,logistic_regression,0,0.08581174210257433
13,logistic_regression,1,0.1952242446669009
13,logistic_regression,0,0.06685020134268432
13,logistic_regression,0,0.14124462975461802
13,logistic_regression,0,0.0694140211192236
13,logistic_regression,1,0.299716413339035
13,logistic_regression,0,0.0884978338876101
13,logistic_regression,1,0.25560530369148493
13,logistic_regression,0,0.03957381485821692
13,logistic_regression,0,0.10354778055351334
13,logistic_regression,0,0.10499864788415561
13,logistic_regression,0,0.17222962064169414
13,logistic_regression,0,0.044064260706453556
13,logistic_regression,0,0.10071573665979612
13,logistic_regression,0,0.09566105786092681
13,logistic_regression,0,0.15726650156138378
13,logistic_regression,1,0.1975090054247625
13,logistic_regression,0,0.0755366147373386
13,logistic_regression,0,0.029650922695711047
13,logistic_regression,0,0.13758529083953794
13,logistic_regression,0,0.1208198966336047
13,logistic_regression,0,0.2886368057760632
13,logistic_regression,0,0.05374702714378653
13,logistic_regression,0,0.1367746861289691
13,logistic_regression,0,0.08447228637450253
13,logistic_regression,1,0.2640472008329777
13,logistic_regression,0,0.20897934701986232
13,logistic_regression,0,0.13253198685531817
13,logistic_regression,1,0.11165891490504845
13,logistic_regression,0,0.10821117220268428
13,logistic_regression,0,0.09409923657521599
13,logistic_regression,0,0.15282055574407177
13,logistic_regression,0,0.08783852078755579
13,logistic_regression,0,0.0990284858983704
13,logistic_regression,0,0.08320900127989743
13,logistic_regression,1,0.36759543951893775
13,logistic_regression,0,0.13614930039463322
13,logistic_regression,0,0.10776646668934371
13,logistic_regression,0,0.055282580457186745
13,logistic_regression,1,0.146912751948327
13,logistic_regression,0,0.12524244480722993
13,logistic_regression,0,0.3111862112553814
13,logistic_regression,0,0.06039288498040044
13,logistic_regression,0,0.0016313373140190697
13,logistic_regression,0,0.000519492530078146
13,logistic_regression,0,0.0070600840617291785
13,logistic_regression,0,0.09522451362648526
13,logistic_regression,0,0.002610119124874498
13,logistic_regression,0,0.00042554654832593187
13,logistic_regression,0,0.002365080762260872
13,logistic_regression,0,0.0004928917522272986
13,logistic_regression,0,0.03533451249685655
13,logistic_regression,0,0.0012962738184493024
13,logistic_regression,0,0.0005156262261227684
13,logistic_regression,0,0.0010438130263977867
13,logistic_regression,0,0.011186304188325948
13,logistic_regression,0,0.002013137678099435
13,logistic_regression,0,0.0020642838282104977
13,logistic_regression,0,0.00038891362391958116
13,logistic_regression,0,0.0013706251897576392
13,logistic_regression,0,0.00021245257980584837
13,logistic_regression,0,0.036574121506131214
13,logistic_regression,0,0.0009049701328332453
13,logistic_regression,0,0.06943029718631924
13,logistic_regression,0,0.04579681809685538
13,logistic_regression,0,0.2766249121689255
13,logistic_regression,0,0.12569406599390073
13,logistic_regression,0,0.06555808456329867
13,logistic_regression,0,0.024114606903609326
13,logistic_regression,1,0.17091853773232188
13,logistic_regression,0,0.023369017742261442
13,logistic_regression,1,0.24901390963796244
13,logistic_regression,0,0.032512793098477474
13,logistic_regression,0,0.06850526194806518
13,logistic_regression,0,0.07688064009996717
13,logistic_regression,0,0.2733761308518484
13,logistic_regression,0,0.08603913061702959
13,logistic_regression,0,0.10979768745909955
13,logistic_regression,0,0.03748906260974606
13,logistic_regression,0,0.18930462755573846
13,logistic_regression,1,0.1036996050122826
13,logistic_regression,0,0.16082570944813168
13,logistic_regression,0,0.0459010325548923
13,logistic_regression,0,0.05701315699820918
13,logistic_regression,0,0.05241910192902099
13,logistic_regression,0,0.2724099137213671
13,logistic_regression,1,0.0664305507953767
13,logistic_regression,1,0.11255196133472745
13,logistic_regression,0,0.02324983468033484
13,logistic_regression,0,0.2018325764595283
13,logistic_regression,0,0.08765969703974434
13,logistic_regression,0,0.2330109115210938
13,logistic_regression,0,0.05470116419139182
13,logistic_regression,0,0.05893473359083046
13,logistic_regression,0,0.055823192040040596
13,logistic_regression,0,0.22909529209363708
13,logistic_regression,0,0.08320949148412313
13,logistic_regression,0,0.07410602689716322
13,logistic_regression,0,0.033676317599361724
13,logistic_regression,0,0.24556482570314253
13,logistic_regression,0,0.11941624656011857
13,logistic_regression,0,0.1314895665345859
13,logistic_regression,0,0.04964917165243396
13,logistic_regression,0,0.08350492969031836
13,logistic_regression,0,0.09123408782047679
13,logistic_regression,0,0.1147358611409897
13,logistic_regression,0,0.14407465849147172
13,logistic_regression,0,0.10122380147662659
13,logistic_regression,0,0.053890660999159665
13,logistic_regression,1,0.2005975279790497
13,logistic_regression,0,0.092002750374933
13,logistic_regression,0,0.20876327522515764
13,logistic_regression,0,0.019285092865362636
13,logistic_regression,0,0.014563315038384175
13,logistic_regression,0,0.0015371195204117493
13,logistic_regression,0,0.004918121811084842
13,logistic_regression,0,0.04300872189421887
13,logistic_regression,0,0.0025781280987982754
13,logistic_regression,0,0.00494133885931158
13,logistic_regression,0,0.007386165341035824
13,logistic_regression,0,0.00035142152544932227
13,logistic_regression,0,0.0012223306606791045
13,logistic_regression,0,0.005086650766894061
13,logistic_regression,0,0.0006014216574461738
13,logistic_regression,0,0.0007098412345648404
13,logistic_regression,0,0.0024559825922669163
13,logistic_regression,0,0.013417560022901969
13,logistic_regression,0,0.0030221838575899586
13,logistic_regression,0,0.0003267310000714048
13,logistic_regression,0,0.0002792619751418491
13,logistic_regression,0,0.000989601091239502
13,logistic_regression,0,0.004956168032082839
13,logistic_regression,0,0.005958320490891736
13,logistic_regression,0,0.11099153938084173
13,logistic_regression,0,0.07355099357292316
13,logistic_regression,0,0.03456590356093861
13,logistic_regression,0,0.17645921684392143
13,logistic_regression,0,0.08884569138589637
13,logistic_regression,0,0.026648525348271467
13,logistic_regression,0,0.17496474763320394
13,logistic_regression,0,0.07853013154306454
13,logistic_regression,1,0.08706257026997977
13,logistic_regression,0,0.04389218163184576
13,logistic_regression,0,0.16131831159495258
13,logistic_regression,0,0.11744638310123717
13,logistic_regression,0,0.07461061666977897
13,logistic_regression,0,0.21180196614460178
13,logistic_regression,0,0.11849736644410203
13,logistic_regression,0,0.04167032527885913
13,logistic_regression,0,0.1878005499230385
13,logistic_regression,0,0.18486708299104412
13,logistic_regression,1,0.21888113824904545
13,logistic_regression,0,0.0718680997804504
13,logistic_regression,0,0.13432754868273158
13,logistic_regression,0,0.08975471580281533
13,logistic_regression,0,0.21876765509076643
13,logistic_regression,0,0.2269628820227559
13,logistic_regression,0,0.12245632109817976
13,logistic_regression,1,0.04335656058946292
13,logistic_regression,0,0.17956573307144652
13,logistic_regression,0,0.0739246448046388
13,logistic_regression,0,0.20517324790927266
13,logistic_regression,0,0.05665234924292918
13,logistic_regression,0,0.1247919893621325
13,logistic_regression,0,0.11708340603565257
13,logistic_regression,0,0.14748099301597226
13,logistic_regression,0,0.20065895443713602
13,logistic_regression,0,0.14040310374481
13,logistic_regression,1,0.04589444479778968
13,logistic_regression,0,0.17170239202029236
13,logistic_regression,0,0.07846484812088626
13,logistic_regression,0,0.25614491176762516
13,logistic_regression,0,0.08239335977231675
13,logistic_regression,0,0.149663737088248
13,logistic_regression,0,0.09018805894753198
13,logistic_regression,1,0.20527904736994898
13,logistic_regression,0,0.2605705314397222
13,logistic_regression,0,0.13709074389807874
13,logistic_regression,0,0.019264123892875632
13,logistic_regression,0,0.12160587458746969
13,logistic_regression,0,0.07908408465401176
13,logistic_regression,0,0.16537752296624572
13,logistic_regression,0,0.05839103927432975
13,logistic_regression,0,0.001982738706324449
13,logistic_regression,0,0.0020637724424633326
13,logistic_regression,0,0.1101160681541195
13,logistic_regression,0,0.0045255234282334
13,logistic_regression,0,0.0030483537530570097
13,logistic_regression,0,0.002902109125175867
13,logistic_regression,0,0.00203296696484379
13,logistic_regression,0,0.0008047864583175928
13,logistic_regression,0,0.02185129963464263
13,logistic_regression,0,0.0019513335007785477
13,logistic_regression,0,0.0012717877883571072
13,logistic_regression,0,0.007738632310904093
13,logistic_regression,0,0.01693002781266282
13,logistic_regression,0,0.024046532269730306
13,logistic_regression,0,0.0028764149057383718
13,logistic_regression,0,0.0026272393476394376
13,logistic_regression,0,0.0040407605267063105
13,logistic_regression,0,0.004834862324030985
13,logistic_regression,0,0.005366766540666976
13,logistic_regression,0,0.002531891411587308
13,logistic_regression,0,0.09951947742558374
13,logistic_regression,0,0.052271747030775105
13,logistic_regression,0,0.16906174676422572
13,logistic_regression,0,0.1470344994404919
13,logistic_regression,0,0.060765428673590374
13,logistic_regression,0,0.04854660702729558
13,logistic_regression,1,0.1596342931063371
13,logistic_regression,0,0.060730300893683524
13,logistic_regression,0,0.13550799601335575
13,logistic_regression,0,0.04449000058871087
13,logistic_regression,0,0.14487157399395498
13,logistic_regression,0,0.09369064689629002
13,logistic_regression,0,0.18860417636518517
13,logistic_regression,0,0.1428603352035025
13,logistic_regression,0,0.13290479401091654
13,logistic_regression,0,0.046855846573347154
13,logistic_regression,0,0.13954848064122632
13,logistic_regression,0,0.1642264915406358
13,logistic_regression,0,0.22193602369483512
13,logistic_regression,0,0.03804123178391607
13,logistic_regression,0,0.11607150331148026
13,logistic_regression,0,0.1209826649790167
13,logistic_regression,1,0.47858567475446956
13,logistic_regression,0,0.15975758296857284
13,logistic_regression,0,0.05480692872112349
13,logistic_regression,0,0.05813844034250536
13,logistic_regression,0,0.12765394246622838
13,logistic_regression,1,0.11942956394346085
13,logistic_regression,0,0.24514690107760367
13,logistic_regression,0,0.04612155466556165
13,logistic_regression,0,0.14837945382631013
13,logistic_regression,0,0.10939536870352906
13,logistic_regression,1,0.26065496315254016
13,logistic_regression,0,0.21261646402716108
13,logistic_regression,0,0.05864665481730454
13,logistic_regression,0,0.054334883625234164
13,logistic_regression,0,0.11842996478695997
13,logistic_regression,0,0.15590477009971385
13,logistic_regression,0,0.1962633538944582
13,logistic_regression,0,0.03598519805955004
13,logistic_regression,1,0.10504172546783419
13,logistic_regression,1,0.06619541966726362
13,logistic_regression,0,0.29396502269500624
13,logistic_regression,0,0.17498059129694984
13,logistic_regression,0,0.0965571391615833
13,logistic_regression,0,0.055499181258795466
13,logistic_regression,0,0.16535087431349857
13,logistic_regression,0,0.09970303546192569
13,logistic_regression,0,0.17460012281993287
13,logistic_regression,0,0.04306929284761743
13,logistic_regression,0,0.0005761088412952695
13,logistic_regression,0,0.006117402173966839
13,logistic_regression,0,0.02584583905179172
13,logistic_regression,0,0.0013098679615475648
13,logistic_regression,0,0.0021690566765455595
13,logistic_regression,0,0.0011003827233819804
13,logistic_regression,0,0.001741900205453835
13,logistic_regression,0,0.00023021014995180892
13,logistic_regression,0,0.0038982836160688494
13,logistic_regression,0,0.002921072438209105
13,logistic_regression,0,0.0017270345041244493
13,logistic_regression,0,0.0045146957632542705
13,logistic_regression,0,0.017718323106570417
13,logistic_regression,0,0.04332649501288373
13,logistic_regression,0,0.000937306275112145
13,logistic_regression,0,0.0019276133019498726
13,logistic_regression,0,0.0010838480764907964
13,logistic_regression,0,0.0012683419551291796
13,logistic_regression,0,0.1213540619706297
13,logistic_regression,0,0.007913600512512425
13,logistic_regression,0,0.05868299762822501
13,logistic_regression,0,0.1312729728783804
13,logistic_regression,0,0.10484481100349832
13,logistic_regression,0,0.19540981643207692
13,logistic_regression,0,0.05041621693754933
13,logistic_regression,0,0.03233875228939385
13,logistic_regression,0,0.13651325915663634
13,logistic_regression,0,0.05858150495823321
13,logistic_regression,1,0.1613404967924313
13,logistic_regression,0,0.04795624152857883
13,logistic_regression,0,0.14819764606599103
13,logistic_regression,0,0.11497247064116858
13,logistic_regression,1,0.5139015819819761
13,logistic_regression,0,0.17132415698631262
13,logistic_regression,0,0.0936497007360677
13,logistic_regression,0,0.047459016767427316
13,logistic_regression,0,0.1643415649785486
13,logistic_regression,0,0.0751915994707641
13,logistic_regression,0,0.18491283197641079
13,logistic_regression,0,0.06207866077561669
13,logistic_regression,0,0.1349224309557547
13,logistic_regression,0,0.12218146542627396
13,logistic_regression,0,0.12210145064040089
13,logistic_regression,0,0.21337946098031857
13,logistic_regression,0,0.09015250085491841
13,logistic_regression,0,0.05465105917073607
13,logistic_regression,0,0.21469297296003625
13,logistic_regression,0,0.10287446341668441
13,logistic_regression,1,0.21520356135334026
13,logistic_regression,0,0.06755374516264659
13,logistic_regression,0,0.10269259029756776
13,logistic_regression,0,0.06665202113479991
13,logistic_regression,0,0.17799363990037903
13,logistic_regression,0,0.2310775780060665
13,logistic_regression,0,0.0805451100953623
13,logistic_regression,0,0.040579327073454956
13,logistic_regression,0,0.16626781295840776
13,logistic_regression,0,0.11862632052877345
13,logistic_regression,0,0.12089099167034814
13,logistic_regression,0,0.06054993217179533
13,logistic_regression,0,0.08646574508031954
13,logistic_regression,0,0.1077299898884943
13,logistic_regression,0,0.21003831843615137
13,logistic_regression,0,0.21955398521482045
13,logistic_regression,0,0.11989576023826504
13,logistic_regression,0,0.025064116633035833
13,logistic_regression,0,0.16232789785194923
13,logistic_regression,0,0.038799435801692
13,logistic_regression,0,0.19069416075160775
13,logistic_regression,0,0.05999761073921277
13,logistic_regression,0,0.0025054036635450234
13,logistic_regression,0,0.019391395794020688
13,logistic_regression,0,0.020150336052977846
13,logistic_regression,0,0.009837248600601452
13,logistic_regression,0,0.00023684470228613227
13,logistic_regression,0,0.001895625655870314
13,logistic_regression,0,0.001001662127831908
13,logistic_regression,0,0.0010746798422054471
13,logistic_regression,0,0.008334652906689272
13,logistic_regression,0,0.0017996350152235333
13,logistic_regression,0,0.0032637617804638537
13,logistic_regression,0,0.00048420307329064395
13,logistic_regression,0,0.010299872487420378
13,logistic_regression,0,0.010832262956831509
13,logistic_regression,0,0.0017123023900656716
13,logistic_regression,0,0.0009414877786191446
13,logistic_regression,0,0.0008011693082088015
13,logistic_regression,0,0.00019786876462431948
13,logistic_regression,0,0.14552386487090344
13,logistic_regression,0,0.0016546856548463778
13,logistic_regression,0,0.09312805587590085
13,logistic_regression,0,0.03823174351661681
13,logistic_regression,0,0.23991427140667293
13,logistic_regression,0,0.18293219570544333
13,logistic_regression,0,0.08155341002074647
13,logistic_regression,0,0.03734943466858971
13,logistic_regression,0,0.20602030603319227
13,logistic_regression,0,0.0800584751185382
13,logistic_regression,0,0.1263993327360191
13,logistic_regression,0,0.04648311395947773
13,logistic_regression,0,0.11787913087486016
13,logistic_regression,0,0.060472972515448815
13,logistic_regression,1,0.30394888103823403
13,logistic_regression,0,0.14072097392305596
13,logistic_regression,0,0.031225412915093387
13,logistic_regression,1,0.042644890512144824
13,logistic_regression,0,0.1772327422911139
13,logistic_regression,1,0.12230690672206344
13,logistic_regression,0,0.22199534711833466
13,logistic_regression,0,0.07361831029175607
13,logistic_regression,0,0.10450391431470582
13,logistic_regression,0,0.09209559774750035
13,logistic_regression,0,0.15166666341640833
13,logistic_regression,0,0.1728943968650036
13,logistic_regression,0,0.07844636952612481
13,logistic_regression,0,0.0420936425140509
13,logistic_regression,1,0.12249021287162216
13,logistic_regression,0,0.12861943636141246
13,logistic_regression,1,0.22405112808863273
13,logistic_regression,0,0.06459742903860827
13,logistic_regression,0,0.08692777364219288
13,logistic_regression,0,0.08805350089275009
13,logistic_regression,1,0.2332355435037224
13,logistic_regression,0,0.2450237930131304
13,logistic_regression,0,0.08619730344501533
13,logistic_regression,0,0.04555113261050829
13,logistic_regression,0,0.15416096678509694
13,logistic_regression,0,0.26053766208618356
13,logistic_regression,0,0.19890815477606708
13,logistic_regression,0,0.13999386484585907
13,logistic_regression,0,0.0687828162773152
13,logistic_regression,0,0.07206707214701198
13,logistic_regression,0,0.1143953067631216
13,logistic_regression,0,0.2548794657159318
13,logistic_regression,0,0.044316133141405104
13,logistic_regression,0,0.06302495838077578
13,logistic_regression,0,0.248305941919172
13,logistic_regression,0,0.05496014745555207
13,logistic_regression,0,0.28983128457604784
13,logistic_regression,0,0.03423017198981703
13,logistic_regression,0,0.002640883703142118
13,logistic_regression,0,0.0005968190293890833
13,logistic_regression,0,0.0052293968930308314
13,logistic_regression,0,0.009575586323834387
13,logistic_regression,0,0.009384988701290908
13,logistic_regression,0,0.0006138355382673083
13,logistic_regression,0,0.0018011108094795334
13,logistic_regression,0,0.004164610998575226
13,logistic_regression,0,0.0021534796070914915
13,logistic_regression,0,0.0018113886911980566
13,logistic_regression,0,0.000971874577792562
13,logistic_regression,0,0.012226467745757969
13,logistic_regression,0,0.0029109229148053272
13,logistic_regression,0,0.015469744843545623
13,logistic_regression,0,0.0016407430575158598
13,logistic_regression,0,0.0034488099159094136
13,logistic_regression,0,0.0011522143799628619
13,logistic_regression,0,0.0016130643103022435
13,logistic_regression,0,0.02462431171873644
13,logistic_regression,0,0.01842179003714739
13,logistic_regression,0,0.044104277082725574
13,logistic_regression,0,0.059249561660252255
13,logistic_regression,0,0.18338799363852917
13,logistic_regression,0,0.20957418442680545
13,logistic_regression,0,0.05018492677732454
13,logistic_regression,0,0.06597434565111253
13,logistic_regression,0,0.14980924561162076
13,logistic_regression,0,0.11118699309425378
13,logistic_regression,0,0.17796908348380117
13,logistic_regression,0,0.03335647659234992
13,logistic_regression,1,0.275989145112459
13,logistic_regression,0,0.04080053973321263
13,logistic_regression,0,0.1255981662257843
13,logistic_regression,0,0.1904030266081952
13,logistic_regression,0,0.11098734800618941
13,logistic_regression,0,0.072810106912235
13,logistic_regression,1,0.1925964396085384
13,logistic_regression,1,0.15144230601971825
13,logistic_regression,0,0.2031982867555978
13,logistic_regression,0,0.3345385764091956
13,logistic_regression,0,0.05582071673839007
13,logistic_regression,0,0.07260043796371815
13,logistic_regression,0,0.18783559908696346
13,logistic_regression,0,0.14579173510917387
13,logistic_regression,0,0.07474736821953161
13,logistic_regression,0,0.1737225360007748
13,logistic_regression,0,0.2207450240656932
13,logistic_regression,1,0.11859051892840254
13,logistic_regression,0,0.23233056482285228
13,logistic_regression,0,0.029614619564512275
13,logistic_regression,0,0.12624608339656557
13,logistic_regression,0,0.06887505554675555
13,logistic_regression,0,0.19380777383461323
13,logistic_regression,0,0.1753411498557273
13,logistic_regression,0,0.059590386380107115
13,logistic_regression,0,0.049613271203259215
13,logistic_regression,0,0.18370570882174408
13,logistic_regression,0,0.12851019024140597
13,logistic_regression,0,0.3275575201282919
13,logistic_regression,0,0.030855647739423436
13,logistic_regression,0,0.10379295810950505
13,logistic_regression,0,0.09368035382710367
13,logistic_regression,0,0.14647130981833084
13,logistic_regression,0,0.18201403881360395
13,logistic_regression,0,0.07959824183695859
13,logistic_regression,0,0.04770232994063939
13,logistic_regression,1,0.19176656616021992
13,logistic_regression,0,0.12751951465787204
13,logistic_regression,0,0.12162772983038869
13,logistic_regression,0,0.036938549953769495
13,logistic_regression,0,0.0025135677161028315
13,logistic_regression,0,0.0011686421406483876
13,logistic_regression,0,0.04753852593867188
13,logistic_regression,0,0.03686157772246359
13,logistic_regression,0,0.0016927438632371942
13,logistic_regression,0,0.0021148432099353746
13,logistic_regression,0,0.008531083287389758
13,logistic_regression,0,0.0003774786339949218
13,logistic_regression,0,0.00977002351713198
13,logistic_regression,0,0.0022696442268307702
13,logistic_regression,0,0.00023524550473805937
13,logistic_regression,0,0.00028590101911754124
13,logistic_regression,0,0.003198357985367857
13,logistic_regression,0,0.004119897337908296
13,logistic_regression,0,0.002589651948030622
13,logistic_regression,0,0.002302493044888649
13,logistic_regression,0,0.0009745845447701521
13,logistic_regression,0,6.832806954722925e-05
13,logistic_regression,0,0.010058202441597757
13,logistic_regression,0,0.0025885606282575455
13,logistic_regression,0,0.06728404420659473
13,logistic_regression,0,0.044017312734579886
13,logistic_regression,0,0.14591690946513206
13,logistic_regression,0,0.12904958427804547
13,logistic_regression,0,0.03314382789980375
13,logistic_regression,0,0.030830152944072296
13,logistic_regression,1,0.1566098018435901
13,logistic_regression,0,0.08929164937760967
13,logistic_regression,0,0.1840143391136986
13,logistic_regression,0,0.02941750538681468
13,logistic_regression,0,0.11271113310556259
13,logistic_regression,0,0.055345527407312835
13,logistic_regression,0,0.2532821764414483
13,logistic_regression,0,0.10175354376708741
13,logistic_regression,0,0.142983933428603
13,logistic_regression,0,0.0473850720390614
13,logistic_regression,0,0.17501233244942163
13,logistic_regression,0,0.1669443868713267
13,logistic_regression,0,0.23500923690883863
13,logistic_regression,0,0.04351031396300604
13,logistic_regression,0,0.08002164117345575
13,logistic_regression,0,0.06417841962098049
13,logistic_regression,0,0.13692583104001665
13,logistic_regression,0,0.15126849401172915
13,logistic_regression,0,0.14544392644393683
13,logistic_regression,0,0.04553184047579598
13,logistic_regression,0,0.15268096144059926
13,logistic_regression,0,0.12571739407499777
13,logistic_regression,1,0.15640550998174318
13,logistic_regression,0,0.045368186887869075
13,logistic_regression,0,0.11995435052094784
13,logistic_regression,0,0.06053256801322084
13,logistic_regression,0,0.1322038730302753
13,logistic_regression,1,0.10272665088631072
13,logistic_regression,0,0.03937475220530126
13,logistic_regression,0,0.04740135949249676
13,logistic_regression,0,0.1502431765227792
13,logistic_regression,0,0.055089507872203805
13,logistic_regression,0,0.15736699115072833
13,logistic_regression,0,0.049241383698160654
13,logistic_regression,0,0.08832451002869902
13,logistic_regression,0,0.08300195533059813
13,logistic_regression,0,0.20784416664677421
13,logistic_regression,0,0.1721348013565263
13,logistic_regression,0,0.09108089314408531
13,logistic_regression,0,0.03660411798366885
13,logistic_regression,0,0.1932386644309507
13,logistic_regression,0,0.1290735614554798
13,logistic_regression,1,0.28969469260307174
13,logistic_regression,0,0.012641035348144349
13,logistic_regression,0,0.0054182057178751445
13,logistic_regression,0,0.003219194986128477
13,logistic_regression,0,0.013815354686746302
13,logistic_regression,0,0.0018452592523768405
13,logistic_regression,0,0.0037537051119478624
13,logistic_regression,0,0.0007517789715077804
13,logistic_regression,0,0.002057015427279102
13,logistic_regression,0,0.0006888021937387541
13,logistic_regression,0,0.008347156721597575
13,logistic_regression,0,0.0026119281216481017
13,logistic_regression,0,0.0010675435609499954
13,logistic_regression,0,0.0024042312030434837
13,logistic_regression,0,0.03943077145843289
13,logistic_regression,0,0.02942759724842014
13,logistic_regression,0,0.005517815336553387
13,logistic_regression,0,0.0013828452979442129
13,logistic_regression,0,0.00026871729673049675
13,logistic_regression,0,0.0004941167218388414
13,logistic_regression,0,0.005543896361894255
13,logistic_regression,0,0.022638319822311542
13,logistic_regression,0,0.060335214984113386
13,logistic_regression,0,0.06975042845116526
13,logistic_regression,0,0.18284097931463544
13,logistic_regression,0,0.1740351451943682
13,logistic_regression,0,0.08529538845151985
13,logistic_regression,0,0.03378785736678498
13,logistic_regression,0,0.24089890162647384
13,logistic_regression,0,0.03565047252827699
13,logistic_regression,0,0.16069420754066355
13,logistic_regression,0,0.027526525252892918
13,logistic_regression,0,0.10643731174726999
13,logistic_regression,0,0.09924098831365886
13,logistic_regression,0,0.2296656136386876
13,logistic_regression,0,0.2073716217210028
13,logistic_regression,0,0.0765930562939958
13,logistic_regression,0,0.049228981016598415
13,logistic_regression,1,0.17662324013804506
13,logistic_regression,0,0.1466547295750835
13,logistic_regression,0,0.2811398979723398
13,logistic_regression,0,0.07525665092152535
13,logistic_regression,0,0.07625040075469378
13,logistic_regression,0,0.0868490243859892
13,logistic_regression,0,0.27506732517278343
13,logistic_regression,1,0.08226344704535635
13,logistic_regression,0,0.10900072355239236
13,logistic_regression,0,0.046644600265212756
13,logistic_regression,0,0.2236271740737884
13,logistic_regression,0,0.08630979232469937
13,logistic_regression,1,0.1800231467698163
13,logistic_regression,0,0.030236440264786765
13,logistic_regression,0,0.13496714054679226
13,logistic_regression,0,0.07388356216645434
13,logistic_regression,0,0.1962847304174911
13,logistic_regression,0,0.1661782056778202
13,logistic_regression,0,0.0837787662550745
13,logistic_regression,0,0.03938278780658134
13,logistic_regression,0,0.2156788629750733
13,logistic_regression,0,0.13380723872444847
13,logistic_regression,0,0.22297679490155123
13,logistic_regression,0,0.037648461098992746
13,logistic_regression,0,0.031814471318427226
13,logistic_regression,0,0.0966044697790813
13,logistic_regression,0,0.15767722916668922
13,logistic_regression,0,0.18828762154293016
13,logistic_regression,0,0.0847195073474275
13,logistic_regression,0,0.03544644547720121
13,logistic_regression,1,0.23074158658458743
13,logistic_regression,0,0.1393136624508803
13,logistic_regression,0,0.25845299587249687
13,logistic_regression,0,0.06853206224842628
13,logistic_regression,0,0.0010435284619544083
13,logistic_regression,0,0.006030028894610621
13,logistic_regression,0,0.008752893990314562
13,logistic_regression,0,0.05335773676457472
13,logistic_regression,0,0.0008522434283956633
13,logistic_regression,0,0.00473272220698337
13,logistic_regression,0,0.002223856247096054
13,logistic_regression,0,0.0012951592316668347
13,logistic_regression,0,0.04392362111694108
13,logistic_regression,0,0.014356857517933707
13,logistic_regression,0,0.0003993612412466806
13,logistic_regression,0,0.0013794407179588664
13,logistic_regression,0,0.016323656085715073
13,logistic_regression,0,0.16419550896760465
13,logistic_regression,0,0.00023823954915402603
13,logistic_regression,0,0.00040499213096100974
13,logistic_regression,0,0.002636110161353785
13,logistic_regression,0,0.0008308112063805754
13,logistic_regression,0,0.0018270493060546348
13,logistic_regression,0,0.03311121511592973
13,logistic_regression,0,0.07465272059666218
13,logistic_regression,0,0.07059323242844748
13,logistic_regression,0,0.16651073767859065
13,logistic_regression,0,0.12070957774045284
13,logistic_regression,0,0.053829585269186984
13,logistic_regression,0,0.054088436858497076
13,logistic_regression,0,0.21888390968537086
13,logistic_regression,0,0.0985724788280268
13,logistic_regression,0,0.1597942160685726
13,logistic_regression,0,0.0652590316390234
13,logistic_regression,0,0.09546996730127433
13,logistic_regression,0,0.0870897490980156
13,logistic_regression,0,0.1466895705280408
13,logistic_regression,0,0.0846820034187397
13,logistic_regression,0,0.05908913438092676
13,logistic_regression,0,0.06793968088252439
13,logistic_regression,1,0.17003410063077304
13,logistic_regression,0,0.14450625530285358
13,logistic_regression,0,0.1996478201715655
13,logistic_regression,0,0.044481729534574535
13,logistic_regression,0,0.11336791380224318
13,logistic_regression,0,0.12829675134987012
13,logistic_regression,1,0.16805586732165195
13,logistic_regression,0,0.20209646277565824
13,logistic_regression,0,0.08444298019915399
13,logistic_regression,0,0.06555938766697288
13,logistic_regression,0,0.15473264056148095
13,logistic_regression,0,0.10286976119416279
13,logistic_regression,0,0.22506413623496124
13,logistic_regression,0,0.08074137792407798
13,logistic_regression,0,0.11211950354441104
13,logistic_regression,0,0.09265413711548358
13,logistic_regression,0,0.16683097664058458
13,logistic_regression,0,0.09048502432758965
13,logistic_regression,0,0.06191907792031971
13,logistic_regression,1,0.1057499243060304
13,logistic_regression,0,0.2118349757333788
13,logistic_regression,0,0.09996267413823139
13,logistic_regression,0,0.24860062108983277
13,logistic_regression,0,0.0906765278166537
13,logistic_regression,0,0.10690045200806023
13,logistic_regression,0,0.07964678909532885
13,logistic_regression,1,0.24191308107409903
13,logistic_regression,0,0.1563890049548804
13,logistic_regression,0,0.05148160416027099
13,logistic_regression,0,0.050695206647921646
13,logistic_regression,0,0.19987078654647747
13,logistic_regression,0,0.08032469164746535
13,logistic_regression,0,0.20805843734638074
13,logistic_regression,0,0.11118001889736501
13,logistic_regression,0,0.0033117124388560714
13,logistic_regression,0,0.0011150603864844648
13,logistic_regression,0,0.01568618283091161
13,logistic_regression,0,0.004759930388430521
13,logistic_regression,0,0.0018826950206375834
13,logistic_regression,0,0.002110402803609082
13,logistic_regression,0,0.0028117390757846313
13,logistic_regression,0,0.0036469412013883607
13,logistic_regression,0,0.025705005342844166
13,logistic_regression,0,0.0009094529107630438
13,logistic_regression,0,0.0020652939609406367
13,logistic_regression,0,0.0037105905131051345
13,logistic_regression,0,0.01277033464849178
13,logistic_regression,0,0.0025254100600984658
13,logistic_regression,0,0.0034627263713992436
13,logistic_regression,0,0.00044428793902857405
13,logistic_regression,0,0.0007195909698846834
13,logistic_regression,0,0.00037926785497833284
13,logistic_regression,0,0.01802686708637422
13,logistic_regression,0,0.0023250255374418377
13,logistic_regression,0,0.06642767026484475
13,logistic_regression,0,0.06052295701020575
13,logistic_regression,0,0.0811025680628316
13,logistic_regression,0,0.21935234967633227
13,logistic_regression,0,0.08784135388185976
13,logistic_regression,0,0.07269418800541849
13,logistic_regression,0,0.11726293184027668
13,logistic_regression,1,0.07300515420356539
13,logistic_regression,0,0.19656997767027146
13,logistic_regression,0,0.05192578740654475
13,logistic_regression,0,0.14327849627015152
13,logistic_regression,1,0.08795383227217526
13,logistic_regression,1,0.22601585923962372
13,logistic_regression,0,0.28063492721704547
13,logistic_regression,0,0.09034157983654602
13,logistic_regression,0,0.16835491298436972
13,logistic_regression,1,0.13546504610508792
13,logistic_regression,0,0.1323540111145209
13,logistic_regression,0,0.0784777431810299
13,logistic_regression,0,0.0704781151500304
13,logistic_regression,0,0.11715292325899086
13,logistic_regression,0,0.07496413575599588
13,logistic_regression,1,0.06587361073695264
13,logistic_regression,0,0.2288702102633415
13,logistic_regression,0,0.0812475612548511
13,logistic_regression,1,0.05171179616962
13,logistic_regression,0,0.19885772793386133
13,logistic_regression,0,0.11417514410875348
13,logistic_regression,0,0.06475250477081655
13,logistic_regression,0,0.06806074395281055
13,logistic_regression,0,0.10026275890893682
13,logistic_regression,1,0.060303034635625065
13,logistic_regression,0,0.1728451098863013
13,logistic_regression,0,0.240782471420009
13,logistic_regression,0,0.08140070668387651
13,logistic_regression,0,0.051826039176661245
13,logistic_regression,0,0.18619065349878433
13,logistic_regression,1,0.15294571123208273
13,logistic_regression,0,0.13528493406624786
13,logistic_regression,0,0.06886086591210076
13,logistic_regression,0,0.12875674928248051
13,logistic_regression,0,0.12356280460168219
13,logistic_regression,0,0.10273808591597354
13,logistic_regression,0,0.17632265881420345
13,logistic_regression,0,0.11819650601484112
13,logistic_regression,0,0.08266242924677605
13,logistic_regression,0,0.24284032591153634
13,logistic_regression,0,0.09252887426886819
13,logistic_regression,0,0.15384467664958965
13,logistic_regression,0,0.05430092777659366
13,logistic_regression,0,0.001474685866783454
13,logistic_regression,0,0.00198563896836767
13,logistic_regression,0,0.019292838876311884
13,logistic_regression,0,0.009283128801080542
13,logistic_regression,0,0.004958160290820695
13,logistic_regression,0,0.001428433385494131
13,logistic_regression,0,0.0010236929823642979
13,logistic_regression,0,0.001171884128911355
13,logistic_regression,0,0.21421174266804086
13,logistic_regression,0,0.0004313968435019472
13,logistic_regression,0,0.007656256665756783
13,logistic_regression,0,0.0075675260681322964
13,logistic_regression,0,0.008385179177710023
13,logistic_regression,0,0.022120099028240192
13,logistic_regression,0,0.0020221467080093316
13,logistic_regression,0,0.0012410634962514914
13,logistic_regression,0,0.0017671542285930158
13,logistic_regression,0,0.0005949605051345942
13,logistic_regression,0,0.03860817168080348
13,logistic_regression,0,0.009734835476992498
13,logistic_regression,0,0.033115019913332745
13,logistic_regression,0,0.07320623816968205
13,logistic_regression,0,0.1023402381954385
13,logistic_regression,0,0.15005330491732083
13,logistic_regression,0,0.08272725925004956
13,logistic_regression,0,0.04418109431091981
13,logistic_regression,0,0.19893796819706733
13,logistic_regression,0,0.0654969858957003
13,logistic_regression,0,0.06542465352036697
13,logistic_regression,0,0.03907269196724965
13,logistic_regression,0,0.09144298413244853
13,logistic_regression,0,0.14376061680180613
13,logistic_regression,1,0.16263872772293772
13,logistic_regression,0,0.16872291400391876
13,logistic_regression,0,0.11692350461847503
13,logistic_regression,0,0.06474566986061056
13,logistic_regression,0,0.270312818146088
13,logistic_regression,0,0.10101792596504922
13,logistic_regression,0,0.16353894680834638
13,logistic_regression,0,0.03495873539521977
13,logistic_regression,0,0.06375425653877077
13,logistic_regression,0,0.15133536923337373
13,logistic_regression,1,0.07935731156991899
13,logistic_regression,0,0.2415420168935807
13,logistic_regression,0,0.34850843923144864
13,logistic_regression,0,0.0515110457779741
13,logistic_regression,0,0.28627238629359547
13,logistic_regression,0,0.09787548307509532
13,logistic_regression,0,0.07250753900520344
13,logistic_regression,0,0.035568621368940505
13,logistic_regression,0,0.10283479026950113
13,logistic_regression,0,0.1704131450368452
13,logistic_regression,0,0.1875600067424653
13,logistic_regression,0,0.22589281230448738
13,logistic_regression,0,0.22005332449139087
13,logistic_regression,0,0.03324857548009103
13,logistic_regression,0,0.2498535530406684
13,logistic_regression,0,0.10972502480606301
13,logistic_regression,0,0.26918379129980524
13,logistic_regression,1,0.04222747477802192
13,logistic_regression,0,0.1399902870374089
13,logistic_regression,0,0.14949006751060523
13,logistic_regression,0,0.10807502288694107
13,logistic_regression,1,0.01988523857386685
13,logistic_regression,0,0.44479452656497837
13,logistic_regression,0,0.04433202345730669
13,logistic_regression,0,0.2082200988558104
13,logistic_regression,0,0.10080440577771112
13,logistic_regression,0,0.16800886337329593
13,logistic_regression,0,0.04800737350760314
13,logistic_regression,0,0.0011069204771552794
13,logistic_regression,0,0.0006223929639609421
13,logistic_regression,0,0.0053970635633274495
13,logistic_regression,0,0.006594897755494269
13,logistic_regression,0,0.0009212862255843538
13,logistic_regression,0,0.0013282467587114799
13,logistic_regression,0,0.002964325157380958
13,logistic_regression,0,0.00014486387414163816
13,logistic_regression,0,0.015888922269198955
13,logistic_regression,0,0.018864492312226342
13,logistic_regression,0,0.0008678135991481601
13,logistic_regression,0,0.003535029162175601
13,logistic_regression,0,0.014141185879429613
13,logistic_regression,0,0.08304663812619174
13,logistic_regression,0,0.0023983287543422323
13,logistic_regression,0,0.0017836562026984585
13,logistic_regression,0,0.003119948989406109
13,logistic_regression,0,0.0003341169009701225
13,logistic_regression,0,0.041109742081708936
13,logistic_regression,0,0.0002682336875521983
13,logistic_regression,0,0.09827117992240632
13,logistic_regression,0,0.06303976502469115
13,logistic_regression,1,0.450679764828234
13,logistic_regression,0,0.22131264672568193
13,logistic_regression,0,0.08836378494645802
13,logistic_regression,0,0.054873764387222766
13,logistic_regression,0,0.22158380803227254
13,logistic_regression,0,0.08347160118612065
13,logistic_regression,0,0.1271260086359141
13,logistic_regression,0,0.021984006302326473
13,logistic_regression,1,0.12989798781163808
13,logistic_regression,0,0.09220897359606517
13,logistic_regression,0,0.11884751653605179
13,logistic_regression,0,0.23559124518728292
13,logistic_regression,0,0.13950846180274715
13,logistic_regression,0,0.041956276078863715
13,logistic_regression,1,0.265231105639467
13,logistic_regression,0,0.06484181376058397
13,logistic_regression,0,0.14525264240162788
13,logistic_regression,0,0.04357781858655197
13,logistic_regression,0,0.14022943347901332
13,logistic_regression,0,0.0562253789357935
13,logistic_regression,0,0.15748180479739268
13,logistic_regression,1,0.10528366467962415
13,logistic_regression,0,0.15088626244614875
13,logistic_regression,0,0.05223580924358973
13,logistic_regression,0,0.2407213117008697
13,logistic_regression,0,0.09618099757517479
13,logistic_regression,0,0.09577735346856125
13,logistic_regression,0,0.03896092827327663
13,logistic_regression,0,0.12530876839244454
13,logistic_regression,0,0.07489923836412024
13,logistic_regression,1,0.24240736978075497
13,logistic_regression,0,0.21001863689956624
13,logistic_regression,0,0.13836303142454537
13,logistic_regression,0,0.04354294161119033
13,logistic_regression,1,0.28463658174570294
13,logistic_regression,0,0.11893865383945036
13,logistic_regression,0,0.09427858755865497
13,logistic_regression,0,0.044521005327393164
13,logistic_regression,0,0.07401698790557147
13,logistic_regression,0,0.07447135141977844
13,logistic_regression,0,0.21981853522902436
13,logistic_regression,0,0.2632331225777146
13,logistic_regression,0,0.08822784528186864
13,logistic_regression,0,0.03946430327267208
13,logistic_regression,0,0.3377408459998863
13,logistic_regression,1,0.16005095252077578
13,logistic_regression,1,0.19029607536419413
13,logistic_regression,0,0.044529888349258716
13,logistic_regression,0,0.00040399425225258457
13,logistic_regression,0,0.0020823368336929573
13,logistic_regression,0,0.0276831909177283
13,logistic_regression,0,0.032180064488758216
13,logistic_regression,0,0.0008039414484561953
13,logistic_regression,0,0.0022842122634121787
13,logistic_regression,0,0.001544975597601033
13,logistic_regression,0,0.004357988813216583
13,logistic_regression,0,0.039155740570808395
13,logistic_regression,0,0.009506361891839316
13,logistic_regression,0,0.0004635951062708574
13,logistic_regression,0,0.000441549260185855
13,logistic_regression,0,0.023805829445209585
13,logistic_regression,0,0.02795567709488426
13,logistic_regression,0,0.0033238585479686473
13,logistic_regression,0,0.0007141771906821902
13,logistic_regression,0,0.00171202622710681
13,logistic_regression,0,0.00013997929105956982
13,logistic_regression,0,0.002300362379719893
13,logistic_regression,0,0.0010506148581047262
13,logistic_regression,0,0.1757822761110218
13,logistic_regression,0,0.05493636282097402
13,logistic_regression,0,0.1305274074141454
13,logistic_regression,0,0.26204336843191617
13,logistic_regression,0,0.07004947146203515
13,logistic_regression,0,0.07724506616070617
13,logistic_regression,0,0.24538658366032093
13,logistic_regression,0,0.3842381087280201
13,logistic_regression,0,0.1604837764989279
13,logistic_regression,0,0.024021706470431895
13,logistic_regression,0,0.052344182866857575
13,logistic_regression,0,0.07261798866244748
13,logistic_regression,0,0.21134904551207562
13,logistic_regression,0,0.025745328336671983
13,logistic_regression,0,0.10285047445679621
13,logistic_regression,0,0.07920010413362835
13,logistic_regression,0,0.18444259417966957
13,logistic_regression,0,0.026947388682810113
13,logistic_regression,0,0.10008844527330073
13,logistic_regression,0,0.0485893623584743
13,logistic_regression,0,0.10904317267234441
13,logistic_regression,0,0.10750333979623271
13,logistic_regression,0,0.18870866089780533
13,logistic_regression,1,0.21244861626569328
13,logistic_regression,0,0.08758024982842222
13,logistic_regression,0,0.05287518206378799
13,logistic_regression,0,0.3221522165276007
13,logistic_regression,0,0.3064770987812499
13,logistic_regression,0,0.2303874892272187
13,logistic_regression,0,0.06113887947690271
13,random_forest,0,0.0
13,random_forest,0,0.0
13,random_forest,0,0.02
13,random_forest,0,0.0
13,random_forest,0,0.0
13,random_forest,0,0.0
13,random_forest,0,0.0
13,random_forest,0,0.0
13,random_forest,0,0.23
13,random_forest,0,0.0
13,random_forest,0,0.13
13,random_forest,0,0.04
13,random_forest,1,0.1
13,random_forest,0,0.17
13,random_forest,0,0.08
13,random_forest,0,0.1
13,random_forest,0,0.08
13,random_forest,0,0.0
13,random_forest,1,0.24
13,random_forest,0,0.0
13,random_forest,0,0.11
13,random_forest,0,0.13
13,random_forest,0,0.58
13,random_forest,1,0.13
13,random_forest,0,0.07
13,random_forest,0,0.04
13,random_forest,0,0.14
13,random_forest,0,0.04
13,random_forest,0,0.17
13,random_forest,0,0.02
13,random_forest,0,0.03
13,random_forest,0,0.05
13,random_forest,1,0.18
13,random_forest,0,0.18
13,random_forest,0,0.1
13,random_forest,1,0.04
13,random_forest,0,0.12
13,random_forest,0,0.05
13,random_forest,0,0.16
13,random_forest,0,0.15
13,random_forest,0,0.07
13,random_forest,0,0.04
13,random_forest,0,0.27
13,random_forest,0,0.1
13,random_forest,0,0.04
13,random_forest,0,0.1
13,random_forest,0,0.23
13,random_forest,1,0.08
13,random_forest,0,0.13
13,random_forest,0,0.13
13,random_forest,1,0.12
13,random_forest,0,0.05
13,random_forest,1,0.27
13,random_forest,0,0.24
13,random_forest,0,0.11
13,random_forest,0,0.08
13,random_forest,0,0.09
13,random_forest,0,0.03
13,random_forest,0,0.17
13,random_forest,0,0.16
13,random_forest,0,0.0
13,random_forest,0,0.0
13,random_forest,0,0.0
13,random_forest,0,0.01
13,random_forest,0,0.0
13,random_forest,0,0.0
13,random_forest,0,0.0
13,random_forest,0,0.01
13,random_forest,0,0.01
13,random_forest,0,0.02
13,random_forest,0,0.02
13,random_forest,0,0.0
13,random_forest,0,0.0
13,random_forest,0,0.0
13,random_forest,0,0.01
13,random_forest,0,0.0
13,random_forest,0,0.0
13,random_forest,0,0.0
13,random_forest,0,0.01
13,random_forest,0,0.03
13,random_forest,1,0.17
13,random_forest,0,0.07
13,random_forest,1,0.14
13,random_forest,0,0.33
13,random_forest,0,0.01
13,random_forest,0,0.05
13,random_forest,1,0.21
13,random_forest,0,0.05
13,random_forest,0,0.36
13,random_forest,0,0.2
13,random_forest,0,0.11
13,random_forest,0,0.04
13,random_forest,1,0.27
13,random_forest,0,0.41
13,random_forest,0,0.1
13,random_forest,0,0.03
13,random_forest,0,0.19
13,random_forest,0,0.11
13,random_forest,1,0.13
13,random_forest,0,0.12
13,random_forest,0,0.17
13,random_forest,0,0.03
13,random_forest,0,0.33
13,random_forest,0,0.2
13,random_forest,0,0.06
13,random_forest,1,0.07
13,random_forest,0,0.17
13,random_forest,0,0.11
13,random_forest,1,0.46
13,random_forest,0,0.11
13,random_forest,0,0.11
13,random_forest,0,0.07
13,random_forest,0,0.31
13,random_forest,0,0.21
13,random_forest,0,0.03
13,random_forest,0,0.02
13,random_forest,0,0.15
13,random_forest,1,0.13
13,random_forest,0,0.08
13,random_forest,0,0.09
13,random_forest,0,0.19
13,random_forest,0,0.06
13,random_forest,0,0.21
13,random_forest,0,0.11
13,random_forest,0,0.13
13,random_forest,0,0.05
13,random_forest,0,0.13
13,random_forest,0,0.31
13,random_forest,0,0.25
13,random_forest,0,0.06
13,random_forest,0,0.01
13,random_forest,0,0.03
13,random_forest,0,0.07
13,random_forest,0,0.0
13,random_forest,0,0.01
13,random_forest,0,0.0
13,random_forest,0,0.0
13,random_forest,0,0.0
13,random_forest,0,0.0
13,random_forest,0,0.01
13,random_forest,0,0.0
13,random_forest,0,0.0
13,random_forest,0,0.01
13,random_forest,0,0.05
13,random_forest,0,0.0
13,random_forest,0,0.01
13,random_forest,0,0.0
13,random_forest,0,0.0
13,random_forest,0,0.04
13,random_forest,0,0.07
13,random_forest,0,0.1
13,random_forest,0,0.13
13,random_forest,0,0.07
13,random_forest,0,0.16
13,random_forest,0,0.01
13,random_forest,0,0.04
13,random_forest,0,0.13
13,random_forest,1,0.07
13,random_forest,0,0.14
13,random_forest,0,0.03
13,random_forest,1,0.08
13,random_forest,0,0.11
13,random_forest,0,0.32
13,random_forest,0,0.28
13,random_forest,0,0.09
13,random_forest,0,0.11
13,random_forest,0,0.13
13,random_forest,0,0.07
13,random_forest,0,0.09
13,random_forest,1,0.03
13,random_forest,0,0.21
13,random_forest,0,0.21
13,random_forest,0,0.18
13,random_forest,1,0.11
13,random_forest,0,0.08
13,random_forest,0,0.05
13,random_forest,0,0.13
13,random_forest,0,0.11
13,random_forest,0,0.17
13,random_forest,0,0.02
13,random_forest,0,0.17
13,random_forest,0,0.09
13,random_forest,0,0.09
13,random_forest,0,0.15
13,random_forest,0,0.09
13,random_forest,0,0.1
13,random_forest,0,0.12
13,random_forest,0,0.07
13,random_forest,1,0.26
13,random_forest,0,0.17
13,random_forest,0,0.19
13,random_forest,0,0.22
13,random_forest,0,0.11
13,random_forest,0,0.13
13,random_forest,0,0.12
13,random_forest,0,0.04
13,random_forest,0,0.15
13,random_forest,0,0.15
13,random_forest,0,0.13
13,random_forest,0,0.31
13,random_forest,0,0.04
13,random_forest,0,0.0
13,random_forest,0,0.0
13,random_forest,0,0.01
13,random_forest,0,0.08
13,random_forest,0,0.0
13,random_forest,0,0.01
13,random_forest,0,0.0
13,random_forest,0,0.02
13,random_forest,0,0.0
13,random_forest,0,0.0
13,random_forest,0,0.0
13,random_forest,0,0.05
13,random_forest,0,0.03
13,random_forest,0,0.0
13,random_forest,0,0.01
13,random_forest,0,0.01
13,random_forest,0,0.0
13,random_forest,0,0.0
13,random_forest,0,0.01
13,random_forest,0,0.26
13,random_forest,0,0.05
13,random_forest,0,0.12
13,random_forest,0,0.21
13,random_forest,0,0.08
13,random_forest,0,0.04
13,random_forest,0,0.18
13,random_forest,0,0.11
13,random_forest,0,0.14
13,random_forest,0,0.02
13,random_forest,0,0.18
13,random_forest,0,0.1
13,random_forest,0,0.05
13,random_forest,1,0.22
13,random_forest,0,0.11
13,random_forest,0,0.21
13,random_forest,0,0.15
13,random_forest,0,0.14
13,random_forest,0,0.27
13,random_forest,0,0.1
13,random_forest,0,0.12
13,random_forest,0,0.14
13,random_forest,0,0.14
13,random_forest,0,0.22
13,random_forest,0,0.14
13,random_forest,0,0.1
13,random_forest,1,0.31
13,random_forest,0,0.02
13,random_forest,0,0.13
13,random_forest,0,0.1
13,random_forest,0,0.07
13,random_forest,1,0.2
13,random_forest,0,0.09
13,random_forest,0,0.21
13,random_forest,0,0.06
13,random_forest,0,0.05
13,random_forest,0,0.25
13,random_forest,0,0.09
13,random_forest,0,0.15
13,random_forest,0,0.09
13,random_forest,0,0.08
13,random_forest,0,0.05
13,random_forest,0,0.21
13,random_forest,0,0.22
13,random_forest,0,0.05
13,random_forest,0,0.1
13,random_forest,0,0.19
13,random_forest,0,0.08
13,random_forest,0,0.22
13,random_forest,0,0.06
13,random_forest,0,0.0
13,random_forest,0,0.0
13,random_forest,0,0.1
13,random_forest,0,0.05
13,random_forest,0,0.06
13,random_forest,0,0.0
13,random_forest,0,0.0
13,random_forest,0,0.0
13,random_forest,0,0.01
13,random_forest,0,0.0
13,random_forest,0,0.0
13,random_forest,0,0.0
13,random_forest,0,0.01
13,random_forest,0,0.12
13,random_forest,0,0.0
13,random_forest,0,0.0
13,random_forest,0,0.01
13,random_forest,0,0.0
13,random_forest,0,0.0
13,random_forest,0,0.05
13,random_forest,0,0.1
13,random_forest,0,0.04
13,random_forest,1,0.16
13,random_forest,0,0.16
13,random_forest,0,0.06
13,random_forest,0,0.15
13,random_forest,0,0.18
13,random_forest,0,0.09
13,random_forest,0,0.26
13,random_forest,0,0.11
13,random_forest,0,0.05
13,random_forest,0,0.1
13,random_forest,0,0.15
13,random_forest,0,0.25
13,random_forest,0,0.03
13,random_forest,0,0.05
13,random_forest,0,0.19
13,random_forest,0,0.08
13,random_forest,0,0.12
13,random_forest,0,0.18
13,random_forest,0,0.18
13,random_forest,0,0.03
13,random_forest,0,0.23
13,random_forest,0,0.31
13,random_forest,0,0.02
13,random_forest,0,0.07
13,random_forest,0,0.16
13,random_forest,0,0.24
13,random_forest,0,0.14
13,random_forest,0,0.1
13,random_forest,0,0.14
13,random_forest,1,0.07
13,random_forest,0,0.39
13,random_forest,0,0.2
13,random_forest,0,0.1
13,random_forest,0,0.1
13,random_forest,1,0.2
13,random_forest,0,0.1
13,random_forest,0,0.22
13,random_forest,0,0.02
13,random_forest,0,0.13
13,random_forest,0,0.04
13,random_forest,0,0.12
13,random_forest,1,0.19
13,random_forest,0,0.1
13,random_forest,0,0.13
13,random_forest,0,0.16
13,random_forest,0,0.16
13,random_forest,1,0.17
13,random_forest,0,0.08
13,random_forest,0,0.0
13,random_forest,0,0.0
13,random_forest,0,0.0
13,random_forest,0,0.04
13,random_forest,0,0.0
13,random_forest,0,0.02
13,random_forest,0,0.0
13,random_forest,0,0.06
13,random_forest,0,0.01
13,random_forest,0,0.0
13,random_forest,0,0.0
13,random_forest,0,0.0
13,random_forest,0,0.0
13,random_forest,0,0.04
13,random_forest,0,0.0
13,random_forest,0,0.02
13,random_forest,0,0.01
13,random_forest,0,0.09
13,random_forest,0,0.04
13,random_forest,0,0.0
13,random_forest,0,0.5
13,random_forest,0,0.08
13,random_forest,0,0.14
13,random_forest,0,0.25
13,random_forest,0,0.06
13,random_forest,0,0.2
13,random_forest,1,0.14
13,random_forest,0,0.13
13,random_forest,1,0.43
13,random_forest,0,0.02
13,random_forest,0,0.17
13,random_forest,0,0.04
13,random_forest,0,0.26
13,random_forest,0,0.2
13,random_forest,0,0.04
13,random_forest,0,0.13
13,random_forest,0,0.15
13,random_forest,0,0.21
13,random_forest,0,0.36
13,random_forest,0,0.04
13,random_forest,0,0.1
13,random_forest,0,0.05
13,random_forest,1,0.19
13,random_forest,0,0.12
13,random_forest,0,0.07
13,random_forest,0,0.16
13,random_forest,0,0.22
13,random_forest,0,0.2
13,random_forest,0,0.26
13,random_forest,0,0.01
13,random_forest,0,0.14
13,random_forest,0,0.08
13,random_forest,0,0.18
13,random_forest,0,0.15
13,random_forest,0,0.07
13,random_forest,0,0.08
13,random_forest,0,0.18
13,random_forest,1,0.11
13,random_forest,0,0.28
13,random_forest,0,0.3
13,random_forest,0,0.15
13,random_forest,0,0.06
13,random_forest,1,0.07
13,random_forest,0,0.19
13,random_forest,1,0.08
13,random_forest,0,0.07
13,random_forest,0,0.27
13,random_forest,0,0.21
13,random_forest,0,0.35
13,random_forest,0,0.07
13,random_forest,0,0.0
13,random_forest,0,0.0
13,random_forest,0,0.01
13,random_forest,0,0.0
13,random_forest,0,0.06
13,random_forest,0,0.0
13,random_forest,0,0.04
13,random_forest,0,0.0
13,random_forest,0,0.03
13,random_forest,0,0.0
13,random_forest,0,0.0
13,random_forest,0,0.0
13,random_forest,0,0.0
13,random_forest,0,0.0
13,random_forest,0,0.0
13,random_forest,0,0.04
13,random_forest,0,0.0
13,random_forest,0,0.0
13,random_forest,0,0.01
13,random_forest,0,0.02
13,random_forest,0,0.16
13,random_forest,0,0.05
13,random_forest,0,0.18
13,random_forest,0,0.05
13,random_forest,0,0.15
13,random_forest,0,0.25
13,random_forest,0,0.12
13,random_forest,0,0.14
13,random_forest,1,0.23
13,random_forest,0,0.1
13,random_forest,0,0.14
13,random_forest,0,0.03
13,random_forest,1,0.18
13,random_forest,1,0.26
13,random_forest,0,0.07
13,random_forest,0,0.14
13,random_forest,0,0.14
13,random_forest,0,0.09
13,random_forest,0,0.3
13,random_forest,0,0.1
13,random_forest,0,0.35
13,random_forest,0,0.1
13,random_forest,0,0.17
13,random_forest,0,0.2
13,random_forest,0,0.03
13,random_forest,0,0.06
13,random_forest,1,0.25
13,random_forest,0,0.05
13,random_forest,0,0.31
13,random_forest,0,0.06
13,random_forest,0,0.1
13,random_forest,0,0.0
13,random_forest,0,0.24
13,random_forest,0,0.14
13,random_forest,0,0.04
13,random_forest,0,0.04
13,random_forest,0,0.26
13,random_forest,0,0.1
13,random_forest,0,0.34
13,random_forest,0,0.07
13,random_forest,0,0.02
13,random_forest,0,0.01
13,random_forest,1,0.3
13,random_forest,0,0.24
13,random_forest,0,0.08
13,random_forest,0,0.42
13,random_forest,1,0.16
13,random_forest,0,0.04
13,random_forest,0,0.3
13,random_forest,0,0.06
13,random_forest,0,0.0
13,random_forest,0,0.0
13,random_forest,0,0.0
13,random_forest,0,0.02
13,random_forest,0,0.0
13,random_forest,0,0.02
13,random_forest,0,0.01
13,random_forest,0,0.02
13,random_forest,0,0.05
13,random_forest,0,0.0
13,random_forest,0,0.0
13,random_forest,0,0.0
13,random_forest,0,0.0
13,random_forest,0,0.01
13,random_forest,0,0.12
13,random_forest,0,0.02
13,random_forest,0,0.0
13,random_forest,0,0.0
13,random_forest,0,0.0
13,random_forest,0,0.01
13,random_forest,0,0.25
13,random_forest,0,0.04
13,random_forest,1,0.15
13,random_forest,0,0.14
13,random_forest,0,0.21
13,random_forest,0,0.13
13,random_forest,0,0.26
13,random_forest,0,0.25
13,random_forest,0,0.11
13,random_forest,0,0.01
13,random_forest,0,0.24
13,random_forest,0,0.12
13,random_forest,0,0.15
13,random_forest,0,0.15
13,random_forest,0,0.1
13,random_forest,0,0.51
13,random_forest,0,0.15
13,random_forest,0,0.18
13,random_forest,1,0.22
13,random_forest,0,0.06
13,random_forest,0,0.17
13,random_forest,1,0.05
13,random_forest,0,0.12
13,random_forest,0,0.18
13,random_forest,0,0.27
13,random_forest,0,0.28
13,random_forest,1,0.18
13,random_forest,0,0.15
13,random_forest,0,0.12
13,random_forest,0,0.07
13,random_forest,0,0.09
13,random_forest,1,0.01
13,random_forest,0,0.14
13,random_forest,1,0.17
13,random_forest,0,0.24
13,random_forest,0,0.19
13,random_forest,0,0.2
13,random_forest,0,0.05
13,random_forest,0,0.23
13,random_forest,0,0.05
13,random_forest,0,0.13
13,random_forest,0,0.25
13,random_forest,0,0.1
13,random_forest,0,0.25
13,random_forest,0,0.2
13,random_forest,0,0.2
13,random_forest,0,0.22
13,random_forest,0,0.07
13,random_forest,0,0.24
13,random_forest,0,0.13
13,random_forest,0,0.0
13,random_forest,0,0.01
13,random_forest,0,0.0
13,random_forest,0,0.08
13,random_forest,0,0.04
13,random_forest,0,0.11
13,random_forest,0,0.01
13,random_forest,0,0.0
13,random_forest,0,0.05
13,random_forest,0,0.0
13,random_forest,0,0.0
13,random_forest,0,0.01
13,random_forest,0,0.0
13,random_forest,0,0.0
13,random_forest,0,0.03
13,random_forest,0,0.12
13,random_forest,0,0.0
13,random_forest,0,0.02
13,random_forest,0,0.07
13,random_forest,0,0.03
13,random_forest,0,0.23
13,random_forest,0,0.22
13,random_forest,0,0.22
13,random_forest,1,0.2
13,random_forest,0,0.07
13,random_forest,0,0.23
13,random_forest,0,0.19
13,random_forest,0,0.09
13,random_forest,0,0.32
13,random_forest,0,0.2
13,random_forest,0,0.47
13,random_forest,0,0.07
13,random_forest,0,0.15
13,random_forest,0,0.31
13,random_forest,1,0.12
13,random_forest,0,0.11
13,random_forest,1,0.19
13,random_forest,0,0.48
13,random_forest,0,0.35
13,random_forest,0,0.05
13,random_forest,0,0.15
13,random_forest,0,0.01
13,random_forest,0,0.15
13,random_forest,0,0.22
13,random_forest,0,0.05
13,random_forest,0,0.1
13,random_forest,0,0.24
13,random_forest,0,0.24
13,random_forest,0,0.24
13,random_forest,0,0.03
13,random_forest,0,0.19
13,random_forest,0,0.09
13,random_forest,0,0.34
13,random_forest,1,0.21
13,random_forest,0,0.05
13,random_forest,0,0.41
13,random_forest,0,0.21
13,random_forest,0,0.13
13,random_forest,1,0.26
13,random_forest,0,0.06
13,random_forest,1,0.4
13,random_forest,0,0.08
13,random_forest,0,0.21
13,random_forest,0,0.2
13,random_forest,0,0.19
13,random_forest,0,0.16
13,random_forest,0,0.44
13,random_forest,1,0.06
13,random_forest,1,0.41
13,random_forest,0,0.07
13,random_forest,0,0.0
13,random_forest,0,0.0
13,random_forest,0,0.0
13,random_forest,0,0.15
13,random_forest,0,0.0
13,random_forest,0,0.02
13,random_forest,0,0.01
13,random_forest,0,0.0
13,random_forest,0,0.02
13,random_forest,0,0.0
13,random_forest,0,0.0
13,random_forest,0,0.01
13,random_forest,0,0.0
13,random_forest,0,0.12
13,random_forest,0,0.01
13,random_forest,0,0.0
13,random_forest,0,0.0
13,random_forest,0,0.0
13,random_forest,0,0.05
13,random_forest,0,0.02
13,random_forest,0,0.22
13,random_forest,0,0.17
13,random_forest,0,0.22
13,random_forest,0,0.46
13,random_forest,0,0.07
13,random_forest,0,0.03
13,random_forest,0,0.2
13,random_forest,0,0.15
13,random_forest,0,0.19
13,random_forest,0,0.13
13,random_forest,0,0.4
13,random_forest,0,0.06
13,random_forest,0,0.19
13,random_forest,0,0.24
13,random_forest,0,0.06
13,random_forest,0,0.07
13,random_forest,0,0.17
13,random_forest,0,0.16
13,random_forest,0,0.23
13,random_forest,0,0.09
13,random_forest,0,0.14
13,random_forest,0,0.04
13,random_forest,0,0.27
13,random_forest,0,0.07
13,random_forest,0,0.08
13,random_forest,0,0.06
13,random_forest,0,0.2
13,random_forest,1,0.44
13,random_forest,1,0.18
13,random_forest,1,0.05
13,random_forest,0,0.15
13,random_forest,0,0.02
13,random_forest,0,0.15
13,random_forest,0,0.27
13,random_forest,0,0.08
13,random_forest,0,0.16
13,random_forest,0,0.15
13,random_forest,1,0.29
13,random_forest,0,0.16
13,random_forest,0,0.04
13,random_forest,0,0.17
13,random_forest,0,0.03
13,random_forest,0,0.24
13,random_forest,0,0.22
13,random_forest,0,0.05
13,random_forest,0,0.05
13,random_forest,1,0.21
13,random_forest,0,0.31
13,random_forest,0,0.16
13,random_forest,0,0.06
13,random_forest,0,0.0
13,random_forest,0,0.02
13,random_forest,0,0.0
13,random_forest,0,0.03
13,random_forest,0,0.12
13,random_forest,0,0.0
13,random_forest,0,0.0
13,random_forest,0,0.0
13,random_forest,0,0.01
13,random_forest,0,0.0
13,random_forest,0,0.0
13,random_forest,0,0.0
13,random_forest,0,0.01
13,random_forest,0,0.0
13,random_forest,0,0.0
13,random_forest,0,0.04
13,random_forest,0,0.0
13,random_forest,0,0.0
13,random_forest,0,0.0
13,random_forest,0,0.0
13,random_forest,0,0.17
13,random_forest,0,0.11
13,random_forest,0,0.26
13,random_forest,1,0.25
13,random_forest,0,0.1
13,random_forest,0,0.09
13,random_forest,0,0.18
13,random_forest,0,0.34
13,random_forest,1,0.17
13,random_forest,0,0.1
13,random_forest,0,0.21
13,random_forest,0,0.12
13,random_forest,1,0.3
13,random_forest,0,0.3
13,random_forest,1,0.2
13,random_forest,0,0.07
13,random_forest,0,0.21
13,random_forest,0,0.35
13,random_forest,0,0.24
13,random_forest,0,0.13
13,random_forest,0,0.09
13,random_forest,0,0.02
13,random_forest,0,0.28
13,random_forest,1,0.15
13,random_forest,0,0.12
13,random_forest,0,0.1
13,random_forest,0,0.16
13,random_forest,0,0.27
13,random_forest,0,0.31
13,random_forest,0,0.04
13,random_forest,0,0.26
13,random_forest,0,0.12
13,random_forest,1,0.14
13,random_forest,0,0.16
13,random_forest,0,0.12
13,random_forest,1,0.41
13,random_forest,0,0.23
13,random_forest,0,0.04
13,random_forest,0,0.17
13,random_forest,0,0.03
13,random_forest,0,0.15
13,random_forest,0,0.14
13,random_forest,1,0.28
13,random_forest,0,0.23
13,random_forest,0,0.11
13,random_forest,0,0.13
13,random_forest,1,0.16
13,random_forest,0,0.05
13,random_forest,0,0.31
13,random_forest,0,0.04
13,random_forest,0,0.01
13,random_forest,0,0.0
13,random_forest,0,0.0
13,random_forest,0,0.12
13,random_forest,0,0.0
13,random_forest,0,0.0
13,random_forest,0,0.0
13,random_forest,0,0.0
13,random_forest,0,0.17
13,random_forest,0,0.01
13,random_forest,0,0.0
13,random_forest,0,0.0
13,random_forest,0,0.0
13,random_forest,0,0.0
13,random_forest,0,0.01
13,random_forest,0,0.0
13,random_forest,0,0.0
13,random_forest,0,0.03
13,random_forest,0,0.01
13,random_forest,0,0.0
13,random_forest,0,0.03
13,random_forest,0,0.02
13,random_forest,0,0.29
13,random_forest,0,0.24
13,random_forest,0,0.25
13,random_forest,0,0.03
13,random_forest,1,0.13
13,random_forest,0,0.16
13,random_forest,1,0.41
13,random_forest,0,0.05
13,random_forest,0,0.05
13,random_forest,0,0.02
13,random_forest,0,0.33
13,random_forest,0,0.26
13,random_forest,0,0.12
13,random_forest,0,0.06
13,random_forest,0,0.26
13,random_forest,1,0.1
13,random_forest,0,0.19
13,random_forest,0,0.08
13,random_forest,0,0.03
13,random_forest,0,0.07
13,random_forest,0,0.32
13,random_forest,1,0.08
13,random_forest,1,0.24
13,random_forest,0,0.02
13,random_forest,0,0.21
13,random_forest,0,0.06
13,random_forest,0,0.23
13,random_forest,0,0.03
13,random_forest,0,0.07
13,random_forest,0,0.02
13,random_forest,0,0.19
13,random_forest,0,0.1
13,random_forest,0,0.14
13,random_forest,0,0.06
13,random_forest,0,0.13
13,random_forest,0,0.25
13,random_forest,0,0.14
13,random_forest,0,0.03
13,random_forest,0,0.12
13,random_forest,0,0.19
13,random_forest,0,0.14
13,random_forest,0,0.04
13,random_forest,0,0.14
13,random_forest,0,0.07
13,random_forest,1,0.13
13,random_forest,0,0.09
13,random_forest,0,0.2
13,random_forest,0,0.13
13,random_forest,0,0.02
13,random_forest,0,0.01
13,random_forest,0,0.01
13,random_forest,0,0.04
13,random_forest,0,0.04
13,random_forest,0,0.0
13,random_forest,0,0.0
13,random_forest,0,0.0
13,random_forest,0,0.02
13,random_forest,0,0.03
13,random_forest,0,0.0
13,random_forest,0,0.0
13,random_forest,0,0.0
13,random_forest,0,0.0
13,random_forest,0,0.02
13,random_forest,0,0.0
13,random_forest,0,0.0
13,random_forest,0,0.0
13,random_forest,0,0.01
13,random_forest,0,0.0
13,random_forest,0,0.27
13,random_forest,0,0.03
13,random_forest,0,0.05
13,random_forest,0,0.08
13,random_forest,0,0.14
13,random_forest,0,0.06
13,random_forest,0,0.17
13,random_forest,0,0.1
13,random_forest,1,0.19
13,random_forest,0,0.08
13,random_forest,0,0.23
13,random_forest,0,0.07
13,random_forest,0,0.05
13,random_forest,0,0.27
13,random_forest,0,0.14
13,random_forest,0,0.02
13,random_forest,0,0.18
13,random_forest,0,0.15
13,random_forest,1,0.28
13,random_forest,0,0.03
13,random_forest,0,0.24
13,random_forest,0,0.03
13,random_forest,0,0.19
13,random_forest,0,0.23
13,random_forest,0,0.18
13,random_forest,1,0.04
13,random_forest,0,0.12
13,random_forest,0,0.11
13,random_forest,0,0.18
13,random_forest,0,0.04
13,random_forest,0,0.27
13,random_forest,0,0.04
13,random_forest,0,0.2
13,random_forest,0,0.29
13,random_forest,0,0.1
13,random_forest,1,0.08
13,random_forest,0,0.21
13,random_forest,0,0.18
13,random_forest,0,0.16
13,random_forest,0,0.03
13,random_forest,0,0.21
13,random_forest,0,0.12
13,random_forest,1,0.17
13,random_forest,0,0.14
13,random_forest,0,0.07
13,random_forest,0,0.03
13,random_forest,0,0.2
13,random_forest,0,0.17
13,random_forest,0,0.17
13,random_forest,0,0.03
13,random_forest,0,0.0
13,random_forest,0,0.0
13,random_forest,0,0.21
13,random_forest,0,0.01
13,random_forest,0,0.0
13,random_forest,0,0.0
13,random_forest,0,0.0
13,random_forest,0,0.0
13,random_forest,0,0.03
13,random_forest,0,0.0
13,random_forest,0,0.0
13,random_forest,0,0.07
13,random_forest,0,0.01
13,random_forest,0,0.11
13,random_forest,0,0.0
13,random_forest,0,0.0
13,random_forest,0,0.01
13,random_forest,0,0.05
13,random_forest,0,0.0
13,random_forest,0,0.01
13,random_forest,0,0.16
13,random_forest,0,0.04
13,random_forest,0,0.19
13,random_forest,0,0.19
13,random_forest,0,0.05
13,random_forest,0,0.07
13,random_forest,1,0.13
13,random_forest,0,0.16
13,random_forest,0,0.18
13,random_forest,0,0.07
13,random_forest,0,0.15
13,random_forest,0,0.09
13,random_forest,0,0.15
13,random_forest,0,0.1
13,random_forest,0,0.06
13,random_forest,0,0.03
13,random_forest,0,0.17
13,random_forest,0,0.23
13,random_forest,0,0.12
13,random_forest,0,0.05
13,random_forest,0,0.18
13,random_forest,0,0.13
13,random_forest,1,0.27
13,random_forest,0,0.15
13,random_forest,0,0.04
13,random_forest,0,0.01
13,random_forest,0,0.1
13,random_forest,1,0.33
13,random_forest,0,0.2
13,random_forest,0,0.02
13,random_forest,0,0.13
13,random_forest,0,0.09
13,random_forest,1,0.21
13,random_forest,0,0.15
13,random_forest,0,0.17
13,random_forest,0,0.09
13,random_forest,0,0.06
13,random_forest,0,0.15
13,random_forest,0,0.2
13,random_forest,0,0.02
13,random_forest,1,0.11
13,random_forest,1,0.14
13,random_forest,0,0.24
13,random_forest,0,0.23
13,random_forest,0,0.1
13,random_forest,0,0.11
13,random_forest,0,0.11
13,random_forest,0,0.16
13,random_forest,0,0.12
13,random_forest,0,0.04
13,random_forest,0,0.0
13,random_forest,0,0.01
13,random_forest,0,0.01
13,random_forest,0,0.0
13,random_forest,0,0.0
13,random_forest,0,0.01
13,random_forest,0,0.01
13,random_forest,0,0.0
13,random_forest,0,0.0
13,random_forest,0,0.0
13,random_forest,0,0.0
13,random_forest,0,0.0
13,random_forest,0,0.0
13,random_forest,0,0.11
13,random_forest,0,0.0
13,random_forest,0,0.01
13,random_forest,0,0.0
13,random_forest,0,0.02
13,random_forest,0,0.18
13,random_forest,0,0.03
13,random_forest,0,0.21
13,random_forest,0,0.11
13,random_forest,0,0.18
13,random_forest,0,0.2
13,random_forest,0,0.08
13,random_forest,0,0.03
13,random_forest,0,0.25
13,random_forest,0,0.07
13,random_forest,1,0.26
13,random_forest,0,0.08
13,random_forest,0,0.12
13,random_forest,0,0.08
13,random_forest,1,0.2
13,random_forest,0,0.21
13,random_forest,0,0.09
13,random_forest,0,0.07
13,random_forest,0,0.18
13,random_forest,0,0.11
13,random_forest,0,0.24
13,random_forest,0,0.03
13,random_forest,0,0.19
13,random_forest,0,0.02
13,random_forest,0,0.09
13,random_forest,0,0.2
13,random_forest,0,0.09
13,random_forest,0,0.02
13,random_forest,0,0.1
13,random_forest,0,0.07
13,random_forest,1,0.23
13,random_forest,0,0.01
13,random_forest,0,0.09
13,random_forest,0,0.08
13,random_forest,0,0.23
13,random_forest,0,0.18
13,random_forest,0,0.1
13,random_forest,0,0.04
13,random_forest,0,0.1
13,random_forest,0,0.04
13,random_forest,0,0.31
13,random_forest,0,0.06
13,random_forest,0,0.12
13,random_forest,0,0.1
13,random_forest,0,0.11
13,random_forest,0,0.11
13,random_forest,0,0.16
13,random_forest,0,0.02
13,random_forest,0,0.19
13,random_forest,0,0.02
13,random_forest,0,0.25
13,random_forest,0,0.08
13,random_forest,0,0.0
13,random_forest,0,0.06
13,random_forest,0,0.0
13,random_forest,0,0.0
13,random_forest,0,0.01
13,random_forest,0,0.0
13,random_forest,0,0.0
13,random_forest,0,0.0
13,random_forest,0,0.01
13,random_forest,0,0.0
13,random_forest,0,0.01
13,random_forest,0,0.0
13,random_forest,0,0.0
13,random_forest,0,0.01
13,random_forest,0,0.0
13,random_forest,0,0.0
13,random_forest,0,0.0
13,random_forest,0,0.0
13,random_forest,0,0.22
13,random_forest,0,0.03
13,random_forest,0,0.31
13,random_forest,0,0.04
13,random_forest,0,0.26
13,random_forest,0,0.25
13,random_forest,0,0.08
13,random_forest,0,0.03
13,random_forest,0,0.13
13,random_forest,0,0.08
13,random_forest,0,0.13
13,random_forest,0,0.25
13,random_forest,0,0.21
13,random_forest,0,0.02
13,random_forest,1,0.33
13,random_forest,0,0.14
13,random_forest,0,0.12
13,random_forest,1,0.06
13,random_forest,0,0.29
13,random_forest,1,0.15
13,random_forest,0,0.19
13,random_forest,0,0.07
13,random_forest,0,0.08
13,random_forest,0,0.07
13,random_forest,0,0.12
13,random_forest,0,0.15
13,random_forest,0,0.07
13,random_forest,0,0.05
13,random_forest,1,0.15
13,random_forest,0,0.05
13,random_forest,1,0.1
13,random_forest,0,0.08
13,random_forest,0,0.05
13,random_forest,0,0.03
13,random_forest,1,0.04
13,random_forest,0,0.17
13,random_forest,0,0.08
13,random_forest,0,0.02
13,random_forest,0,0.21
13,random_forest,0,0.22
13,random_forest,0,0.12
13,random_forest,0,0.2
13,random_forest,0,0.12
13,random_forest,0,0.05
13,random_forest,0,0.18
13,random_forest,0,0.21
13,random_forest,0,0.12
13,random_forest,0,0.04
13,random_forest,0,0.14
13,random_forest,0,0.16
13,random_forest,0,0.25
13,random_forest,0,0.11
13,random_forest,0,0.0
13,random_forest,0,0.0
13,random_forest,0,0.01
13,random_forest,0,0.0
13,random_forest,0,0.01
13,random_forest,0,0.0
13,random_forest,0,0.0
13,random_forest,0,0.08
13,random_forest,0,0.0
13,random_forest,0,0.0
13,random_forest,0,0.0
13,random_forest,0,0.06
13,random_forest,0,0.0
13,random_forest,0,0.01
13,random_forest,0,0.0
13,random_forest,0,0.05
13,random_forest,0,0.0
13,random_forest,0,0.02
13,random_forest,0,0.01
13,random_forest,0,0.1
13,random_forest,0,0.09
13,random_forest,0,0.02
13,random_forest,0,0.16
13,random_forest,0,0.14
13,random_forest,0,0.19
13,random_forest,0,0.04
13,random_forest,0,0.24
13,random_forest,0,0.08
13,random_forest,0,0.28
13,random_forest,0,0.04
13,random_forest,1,0.49
13,random_forest,0,0.02
13,random_forest,0,0.24
13,random_forest,0,0.14
13,random_forest,0,0.12
13,random_forest,0,0.09
13,random_forest,1,0.26
13,random_forest,1,0.15
13,random_forest,0,0.23
13,random_forest,0,0.55
13,random_forest,0,0.13
13,random_forest,0,0.01
13,random_forest,0,0.36
13,random_forest,0,0.18
13,random_forest,0,0.1
13,random_forest,0,0.22
13,random_forest,0,0.3
13,random_forest,1,0.17
13,random_forest,0,0.12
13,random_forest,0,0.26
13,random_forest,0,0.26
13,random_forest,0,0.06
13,random_forest,0,0.14
13,random_forest,0,0.25
13,random_forest,0,0.18
13,random_forest,0,0.12
13,random_forest,0,0.14
13,random_forest,0,0.28
13,random_forest,0,0.3
13,random_forest,0,0.23
13,random_forest,0,0.18
13,random_forest,0,0.0
13,random_forest,0,0.2
13,random_forest,0,0.15
13,random_forest,0,0.23
13,random_forest,0,0.05
13,random_forest,1,0.18
13,random_forest,0,0.06
13,random_forest,0,0.1
13,random_forest,0,0.07
13,random_forest,0,0.01
13,random_forest,0,0.0
13,random_forest,0,0.01
13,random_forest,0,0.02
13,random_forest,0,0.0
13,random_forest,0,0.0
13,random_forest,0,0.15
13,random_forest,0,0.0
13,random_forest,0,0.0
13,random_forest,0,0.0
13,random_forest,0,0.0
13,random_forest,0,0.0
13,random_forest,0,0.0
13,random_forest,0,0.0
13,random_forest,0,0.0
13,random_forest,0,0.0
13,random_forest,0,0.0
13,random_forest,0,0.0
13,random_forest,0,0.0
13,random_forest,0,0.0
13,random_forest,0,0.29
13,random_forest,0,0.06
13,random_forest,0,0.21
13,random_forest,0,0.18
13,random_forest,0,0.17
13,random_forest,0,0.05
13,random_forest,1,0.13
13,random_forest,0,0.06
13,random_forest,0,0.19
13,random_forest,0,0.05
13,random_forest,0,0.28
13,random_forest,0,0.02
13,random_forest,0,0.21
13,random_forest,0,0.17
13,random_forest,0,0.12
13,random_forest,0,0.07
13,random_forest,0,0.19
13,random_forest,0,0.09
13,random_forest,0,0.12
13,random_forest,0,0.08
13,random_forest,0,0.05
13,random_forest,0,0.06
13,random_forest,0,0.07
13,random_forest,0,0.11
13,random_forest,0,0.16
13,random_forest,0,0.02
13,random_forest,0,0.2
13,random_forest,0,0.17
13,random_forest,1,0.14
13,random_forest,0,0.03
13,random_forest,0,0.11
13,random_forest,0,0.04
13,random_forest,0,0.06
13,random_forest,1,0.14
13,random_forest,0,0.09
13,random_forest,0,0.02
13,random_forest,0,0.28
13,random_forest,0,0.17
13,random_forest,0,0.17
13,random_forest,0,0.08
13,random_forest,0,0.05
13,random_forest,0,0.09
13,random_forest,0,0.16
13,random_forest,0,0.28
13,random_forest,0,0.27
13,random_forest,0,0.09
13,random_forest,0,0.16
13,random_forest,0,0.11
13,random_forest,1,0.14
13,random_forest,0,0.05
13,random_forest,0,0.0
13,random_forest,0,0.0
13,random_forest,0,0.01
13,random_forest,0,0.0
13,random_forest,0,0.06
13,random_forest,0,0.0
13,random_forest,0,0.0
13,random_forest,0,0.0
13,random_forest,0,0.0
13,random_forest,0,0.0
13,random_forest,0,0.0
13,random_forest,0,0.0
13,random_forest,0,0.03
13,random_forest,0,0.03
13,random_forest,0,0.01
13,random_forest,0,0.02
13,random_forest,0,0.0
13,random_forest,0,0.02
13,random_forest,0,0.0
13,random_forest,0,0.07
13,random_forest,0,0.14
13,random_forest,0,0.12
13,random_forest,0,0.26
13,random_forest,0,0.19
13,random_forest,0,0.16
13,random_forest,0,0.06
13,random_forest,0,0.21
13,random_forest,0,0.07
13,random_forest,0,0.11
13,random_forest,0,0.02
13,random_forest,0,0.09
13,random_forest,0,0.05
13,random_forest,0,0.26
13,random_forest,0,0.14
13,random_forest,0,0.14
13,random_forest,0,0.06
13,random_forest,1,0.3
13,random_forest,0,0.03
13,random_forest,0,0.26
13,random_forest,0,0.09
13,random_forest,0,0.05
13,random_forest,0,0.08
13,random_forest,0,0.19
13,random_forest,1,0.06
13,random_forest,0,0.09
13,random_forest,0,0.07
13,random_forest,0,0.17
13,random_forest,0,0.1
13,random_forest,1,0.32
13,random_forest,0,0.04
13,random_forest,0,0.08
13,random_forest,0,0.07
13,random_forest,0,0.24
13,random_forest,0,0.2
13,random_forest,0,0.13
13,random_forest,0,0.03
13,random_forest,0,0.3
13,random_forest,0,0.12
13,random_forest,0,0.23
13,random_forest,0,0.03
13,random_forest,0,0.05
13,random_forest,0,0.03
13,random_forest,0,0.1
13,random_forest,0,0.09
13,random_forest,0,0.08
13,random_forest,0,0.03
13,random_forest,1,0.17
13,random_forest,0,0.12
13,random_forest,0,0.2
13,random_forest,0,0.09
13,random_forest,0,0.0
13,random_forest,0,0.0
13,random_forest,0,0.0
13,random_forest,0,0.08
13,random_forest,0,0.0
13,random_forest,0,0.01
13,random_forest,0,0.0
13,random_forest,0,0.0
13,random_forest,0,0.05
13,random_forest,0,0.02
13,random_forest,0,0.0
13,random_forest,0,0.0
13,random_forest,0,0.02
13,random_forest,0,0.1
13,random_forest,0,0.0
13,random_forest,0,0.0
13,random_forest,0,0.0
13,random_forest,0,0.02
13,random_forest,0,0.0
13,random_forest,0,0.05
13,random_forest,0,0.18
13,random_forest,0,0.01
13,random_forest,0,0.14
13,random_forest,0,0.22
13,random_forest,0,0.02
13,random_forest,0,0.08
13,random_forest,0,0.18
13,random_forest,0,0.01
13,random_forest,0,0.28
13,random_forest,0,0.08
13,random_forest,0,0.09
13,random_forest,0,0.01
13,random_forest,0,0.14
13,random_forest,0,0.23
13,random_forest,0,0.04
13,random_forest,0,0.12
13,random_forest,1,0.32
13,random_forest,0,0.05
13,random_forest,0,0.16
13,random_forest,0,0.07
13,random_forest,0,0.04
13,random_forest,0,0.11
13,random_forest,1,0.18
13,random_forest,0,0.2
13,random_forest,0,0.11
13,random_forest,0,0.05
13,random_forest,0,0.13
13,random_forest,0,0.1
13,random_forest,0,0.15
13,random_forest,0,0.0
13,random_forest,0,0.1
13,random_forest,0,0.0
13,random_forest,0,0.08
13,random_forest,0,0.25
13,random_forest,0,0.09
13,random_forest,1,0.15
13,random_forest,0,0.33
13,random_forest,0,0.06
13,random_forest,0,0.21
13,random_forest,0,0.02
13,random_forest,0,0.09
13,random_forest,0,0.05
13,random_forest,1,0.18
13,random_forest,0,0.15
13,random_forest,0,0.08
13,random_forest,0,0.03
13,random_forest,0,0.38
13,random_forest,0,0.12
13,random_forest,0,0.23
13,random_forest,0,0.0
13,random_forest,0,0.0
13,random_forest,0,0.0
13,random_forest,0,0.0
13,random_forest,0,0.01
13,random_forest,0,0.01
13,random_forest,0,0.0
13,random_forest,0,0.0
13,random_forest,0,0.0
13,random_forest,0,0.01
13,random_forest,0,0.04
13,random_forest,0,0.0
13,random_forest,0,0.01
13,random_forest,0,0.02
13,random_forest,0,0.01
13,random_forest,0,0.0
13,random_forest,0,0.0
13,random_forest,0,0.0
13,random_forest,0,0.0
13,random_forest,0,0.01
13,random_forest,0,0.0
13,random_forest,0,0.21
13,random_forest,0,0.12
13,random_forest,0,0.25
13,random_forest,0,0.29
13,random_forest,0,0.17
13,random_forest,0,0.14
13,random_forest,0,0.16
13,random_forest,1,0.17
13,random_forest,0,0.19
13,random_forest,0,0.04
13,random_forest,0,0.05
13,random_forest,1,0.12
13,random_forest,1,0.21
13,random_forest,0,0.27
13,random_forest,0,0.06
13,random_forest,0,0.22
13,random_forest,1,0.2
13,random_forest,0,0.12
13,random_forest,0,0.26
13,random_forest,0,0.03
13,random_forest,0,0.05
13,random_forest,0,0.07
13,random_forest,1,0.24
13,random_forest,0,0.29
13,random_forest,0,0.03
13,random_forest,1,0.07
13,random_forest,0,0.21
13,random_forest,0,0.32
13,random_forest,0,0.06
13,random_forest,0,0.08
13,random_forest,0,0.08
13,random_forest,1,0.11
13,random_forest,0,0.17
13,random_forest,0,0.23
13,random_forest,0,0.01
13,random_forest,0,0.07
13,random_forest,0,0.31
13,random_forest,1,0.17
13,random_forest,0,0.11
13,random_forest,0,0.07
13,random_forest,0,0.25
13,random_forest,0,0.21
13,random_forest,0,0.21
13,random_forest,0,0.2
13,random_forest,0,0.33
13,random_forest,0,0.29
13,random_forest,0,0.35
13,random_forest,0,0.3
13,random_forest,0,0.28
13,random_forest,0,0.27
13,random_forest,0,0.0
13,random_forest,0,0.08
13,random_forest,0,0.01
13,random_forest,0,0.0
13,random_forest,0,0.02
13,random_forest,0,0.0
13,random_forest,0,0.0
13,random_forest,0,0.0
13,random_forest,0,0.35
13,random_forest,0,0.0
13,random_forest,0,0.0
13,random_forest,0,0.0
13,random_forest,0,0.01
13,random_forest,0,0.03
13,random_forest,0,0.06
13,random_forest,0,0.0
13,random_forest,0,0.0
13,random_forest,0,0.0
13,random_forest,0,0.06
13,random_forest,0,0.02
13,random_forest,0,0.09
13,random_forest,0,0.14
13,random_forest,0,0.2
13,random_forest,0,0.43
13,random_forest,0,0.09
13,random_forest,0,0.08
13,random_forest,0,0.29
13,random_forest,0,0.17
13,random_forest,0,0.48
13,random_forest,0,0.11
13,random_forest,0,0.16
13,random_forest,0,0.07
13,random_forest,1,0.22
13,random_forest,0,0.25
13,random_forest,0,0.12
13,random_forest,0,0.01
13,random_forest,0,0.3
13,random_forest,0,0.26
13,random_forest,0,0.23
13,random_forest,0,0.04
13,random_forest,0,0.14
13,random_forest,0,0.08
13,random_forest,1,0.46
13,random_forest,0,0.21
13,random_forest,0,0.43
13,random_forest,0,0.02
13,random_forest,0,0.29
13,random_forest,0,0.21
13,random_forest,0,0.05
13,random_forest,0,0.02
13,random_forest,0,0.05
13,random_forest,0,0.08
13,random_forest,0,0.36
13,random_forest,0,0.28
13,random_forest,0,0.35
13,random_forest,0,0.05
13,random_forest,0,0.25
13,random_forest,0,0.14
13,random_forest,0,0.19
13,random_forest,1,0.09
13,random_forest,0,0.12
13,random_forest,0,0.05
13,random_forest,0,0.2
13,random_forest,1,0.09
13,random_forest,0,0.44
13,random_forest,0,0.06
13,random_forest,0,0.36
13,random_forest,0,0.19
13,random_forest,0,0.16
13,random_forest,0,0.07
13,random_forest,0,0.0
13,random_forest,0,0.01
13,random_forest,0,0.0
13,random_forest,0,0.0
13,random_forest,0,0.07
13,random_forest,0,0.0
13,random_forest,0,0.0
13,random_forest,0,0.0
13,random_forest,0,0.0
13,random_forest,0,0.01
13,random_forest,0,0.0
13,random_forest,0,0.03
13,random_forest,0,0.0
13,random_forest,0,0.11
13,random_forest,0,0.01
13,random_forest,0,0.01
13,random_forest,0,0.0
13,random_forest,0,0.0
13,random_forest,0,0.06
13,random_forest,0,0.0
13,random_forest,0,0.15
13,random_forest,0,0.0
13,random_forest,1,0.3
13,random_forest,0,0.19
13,random_forest,0,0.36
13,random_forest,0,0.08
13,random_forest,0,0.21
13,random_forest,0,0.1
13,random_forest,0,0.14
13,random_forest,0,0.04
13,random_forest,1,0.31
13,random_forest,0,0.11
13,random_forest,0,0.25
13,random_forest,0,0.09
13,random_forest,0,0.48
13,random_forest,0,0.05
13,random_forest,1,0.25
13,random_forest,0,0.07
13,random_forest,0,0.16
13,random_forest,0,0.04
13,random_forest,0,0.1
13,random_forest,0,0.05
13,random_forest,0,0.18
13,random_forest,1,0.2
13,random_forest,0,0.42
13,random_forest,0,0.05
13,random_forest,0,0.16
13,random_forest,0,0.06
13,random_forest,0,0.13
13,random_forest,0,0.02
13,random_forest,0,0.17
13,random_forest,0,0.04
13,random_forest,1,0.12
13,random_forest,0,0.14
13,random_forest,0,0.21
13,random_forest,0,0.02
13,random_forest,1,0.12
13,random_forest,0,0.07
13,random_forest,0,0.09
13,random_forest,0,0.01
13,random_forest,0,0.08
13,random_forest,0,0.03
13,random_forest,0,0.05
13,random_forest,0,0.15
13,random_forest,0,0.15
13,random_forest,0,0.02
13,random_forest,0,0.41
13,random_forest,1,0.08
13,random_forest,1,0.15
13,random_forest,0,0.04
13,random_forest,0,0.0
13,random_forest,0,0.0
13,random_forest,0,0.01
13,random_forest,0,0.02
13,random_forest,0,0.0
13,random_forest,0,0.02
13,random_forest,0,0.01
13,random_forest,0,0.0
13,random_forest,0,0.02
13,random_forest,0,0.03
13,random_forest,0,0.0
13,random_forest,0,0.0
13,random_forest,0,0.02
13,random_forest,0,0.01
13,random_forest,0,0.0
13,random_forest,0,0.01
13,random_forest,0,0.01
13,random_forest,0,0.0
13,random_forest,0,0.0
13,random_forest,0,0.0
13,random_forest,0,0.2
13,random_forest,0,0.01
13,random_forest,0,0.22
13,random_forest,0,0.16
13,random_forest,0,0.09
13,random_forest,0,0.08
13,random_forest,0,0.21
13,random_forest,0,0.52
13,random_forest,0,0.22
13,random_forest,0,0.07
13,random_forest,0,0.14
13,random_forest,0,0.0
13,random_forest,0,0.29
13,random_forest,0,0.0
13,random_forest,0,0.05
13,random_forest,0,0.06
13,random_forest,0,0.09
13,random_forest,0,0.09
13,random_forest,0,0.25
13,random_forest,0,0.01
13,random_forest,0,0.13
13,random_forest,0,0.17
13,random_forest,0,0.23
13,random_forest,1,0.15
13,random_forest,0,0.03
13,random_forest,0,0.03
13,random_forest,0,0.36
13,random_forest,0,0.43
13,random_forest,0,0.18
13,random_forest,0,0.08
13,hist_gradient_boosting,0,0.00013323632667873323
13,hist_gradient_boosting,0,0.0002269408268654912
13,hist_gradient_boosting,0,0.0011034815303570097
13,hist_gradient_boosting,0,0.0001000655793266281
13,hist_gradient_boosting,0,0.0002388347531430382
13,hist_gradient_boosting,0,0.00012111936215769842
13,hist_gradient_boosting,0,0.00017931133595884481
13,hist_gradient_boosting,0,0.000107027364420704
13,hist_gradient_boosting,0,0.043524775651494894
13,hist_gradient_boosting,0,0.00024265553465323164
13,hist_gradient_boosting,0,0.02769098491514457
13,hist_gradient_boosting,0,0.03759204092817578
13,hist_gradient_boosting,1,0.20679581357123147
13,hist_gradient_boosting,0,0.08755490512012995
13,hist_gradient_boosting,0,0.06164940979229107
13,hist_gradient_boosting,0,0.010626840575307835
13,hist_gradient_boosting,0,0.04347766544539277
13,hist_gradient_boosting,0,0.021353666136511115
13,hist_gradient_boosting,1,0.16983380247153176
13,hist_gradient_boosting,0,0.014832030525548663
13,hist_gradient_boosting,0,0.019528814710677144
13,hist_gradient_boosting,0,0.03463978216463211
13,hist_gradient_boosting,0,0.41786286851996907
13,hist_gradient_boosting,1,0.07125908554320869
13,hist_gradient_boosting,0,0.050319210369756805
13,hist_gradient_boosting,0,0.033596449321446335
13,hist_gradient_boosting,0,0.16964625997345292
13,hist_gradient_boosting,0,0.01678302525714128
13,hist_gradient_boosting,0,0.04528477349577484
13,hist_gradient_boosting,0,0.034457142098133386
13,hist_gradient_boosting,0,0.02334595819066376
13,hist_gradient_boosting,0,0.03398539841821582
13,hist_gradient_boosting,1,0.03270939287169453
13,hist_gradient_boosting,0,0.039676277999720296
13,hist_gradient_boosting,0,0.05830731666260901
13,hist_gradient_boosting,1,0.03716417332766337
13,hist_gradient_boosting,0,0.14566070841498263
13,hist_gradient_boosting,0,0.08494165862544716
13,hist_gradient_boosting,0,0.08800903501098623
13,hist_gradient_boosting,0,0.03355415028844528
13,hist_gradient_boosting,0,0.08776589775446834
13,hist_gradient_boosting,0,0.05871033659179021
13,hist_gradient_boosting,0,0.08465730949586213
13,hist_gradient_boosting,0,0.05347270505822771
13,hist_gradient_boosting,0,0.05880787795076382
13,hist_gradient_boosting,0,0.025518421377996228
13,hist_gradient_boosting,0,0.14751226177402793
13,hist_gradient_boosting,1,0.057658947361429014
13,hist_gradient_boosting,0,0.05425631200724756
13,hist_gradient_boosting,0,0.018803189263247724
13,hist_gradient_boosting,1,0.2083372442371056
13,hist_gradient_boosting,0,0.04275303427070401
13,hist_gradient_boosting,1,0.23974898678329745
13,hist_gradient_boosting,0,0.1389709587542918
13,hist_gradient_boosting,0,0.033088819129921655
13,hist_gradient_boosting,0,0.04190036050986923
13,hist_gradient_boosting,0,0.05425250854689433
13,hist_gradient_boosting,0,0.04250026630338037
13,hist_gradient_boosting,0,0.1329807949173228
13,hist_gradient_boosting,0,0.048171839875408774
13,hist_gradient_boosting,0,0.00019046407109584086
13,hist_gradient_boosting,0,0.00032958314725785537
13,hist_gradient_boosting,0,0.00015832514067347025
13,hist_gradient_boosting,0,0.00041675184978841274
13,hist_gradient_boosting,0,0.00016050540148018167
13,hist_gradient_boosting,0,0.00017108752492718128
13,hist_gradient_boosting,0,0.0002639851043844357
13,hist_gradient_boosting,0,8.679686024025034e-05
13,hist_gradient_boosting,0,0.006137847583786277
13,hist_gradient_boosting,0,0.003407954913262239
13,hist_gradient_boosting,0,0.000174457391190504
13,hist_gradient_boosting,0,0.0002274329505347805
13,hist_gradient_boosting,0,0.0001498788304635868
13,hist_gradient_boosting,0,8.825629303137273e-05
13,hist_gradient_boosting,0,0.0003978400336463084
13,hist_gradient_boosting,0,0.00016586637694290771
13,hist_gradient_boosting,0,0.00018203587390473567
13,hist_gradient_boosting,0,0.00019989525726835902
13,hist_gradient_boosting,0,0.006298294707010634
13,hist_gradient_boosting,0,0.005848695090847033
13,hist_gradient_boosting,1,0.08382052771524487
13,hist_gradient_boosting,0,0.04370859324647408
13,hist_gradient_boosting,1,0.03882767130129219
13,hist_gradient_boosting,0,0.06403686200902163
13,hist_gradient_boosting,0,0.049987746136874886
13,hist_gradient_boosting,0,0.04051829928223161
13,hist_gradient_boosting,1,0.38221480962875753
13,hist_gradient_boosting,0,0.05609831580644194
13,hist_gradient_boosting,0,0.15741973807978013
13,hist_gradient_boosting,0,0.10500981450458009
13,hist_gradient_boosting,0,0.04566795461947426
13,hist_gradient_boosting,0,0.07120123792781978
13,hist_gradient_boosting,1,0.02393269501324451
13,hist_gradient_boosting,0,0.09054521831052012
13,hist_gradient_boosting,0,0.014762893443747871
13,hist_gradient_boosting,0,0.029765597603721605
13,hist_gradient_boosting,0,0.12758942084045324
13,hist_gradient_boosting,0,0.1266223178266674
13,hist_gradient_boosting,1,0.3307654445869236
13,hist_gradient_boosting,0,0.0672791180563769
13,hist_gradient_boosting,0,0.12568264626223496
13,hist_gradient_boosting,0,0.06599232210759538
13,hist_gradient_boosting,0,0.03681130243825198
13,hist_gradient_boosting,0,0.10852572633712736
13,hist_gradient_boosting,0,0.009834950698702808
13,hist_gradient_boosting,1,0.02440724118638375
13,hist_gradient_boosting,0,0.13615975578665188
13,hist_gradient_boosting,0,0.13591463450946972
13,hist_gradient_boosting,1,0.270303313209828
13,hist_gradient_boosting,0,0.0157923274703392
13,hist_gradient_boosting,0,0.1844634620492604
13,hist_gradient_boosting,0,0.056590506356608734
13,hist_gradient_boosting,0,0.12982731402538228
13,hist_gradient_boosting,0,0.11841316318889485
13,hist_gradient_boosting,0,0.040929740834190695
13,hist_gradient_boosting,0,0.035066494641315726
13,hist_gradient_boosting,0,0.31236309598673623
13,hist_gradient_boosting,1,0.09636505519991805
13,hist_gradient_boosting,0,0.11730362974207424
13,hist_gradient_boosting,0,0.039367304587362095
13,hist_gradient_boosting,0,0.597391039463379
13,hist_gradient_boosting,0,0.06812997831605594
13,hist_gradient_boosting,0,0.06535910739297124
13,hist_gradient_boosting,0,0.03491990045802265
13,hist_gradient_boosting,0,0.045702324376348184
13,hist_gradient_boosting,0,0.014127408392282732
13,hist_gradient_boosting,0,0.1306416186575392
13,hist_gradient_boosting,0,0.08036458122253531
13,hist_gradient_boosting,0,0.12200542808837507
13,hist_gradient_boosting,0,0.016422631924679718
13,hist_gradient_boosting,0,0.00024506260383053776
13,hist_gradient_boosting,0,0.0007749281823394244
13,hist_gradient_boosting,0,0.005136153019057678
13,hist_gradient_boosting,0,7.320708802492065e-05
13,hist_gradient_boosting,0,0.00013345290666834736
13,hist_gradient_boosting,0,0.00010351201274794205
13,hist_gradient_boosting,0,0.0002301662297869344
13,hist_gradient_boosting,0,0.00017359905049800032
13,hist_gradient_boosting,0,0.00029788633313242445
13,hist_gradient_boosting,0,0.0002347374064189862
13,hist_gradient_boosting,0,0.00019686469340596523
13,hist_gradient_boosting,0,0.0004336916062123442
13,hist_gradient_boosting,0,0.0002554164540796701
13,hist_gradient_boosting,0,0.0007608434528972998
13,hist_gradient_boosting,0,0.00038565265281411846
13,hist_gradient_boosting,0,0.0003623498811872321
13,hist_gradient_boosting,0,0.00016013759350976719
13,hist_gradient_boosting,0,0.00016279029810815834
13,hist_gradient_boosting,0,0.0023423190633071345
13,hist_gradient_boosting,0,0.0002814166936732932
13,hist_gradient_boosting,0,0.08019998073363473
13,hist_gradient_boosting,0,0.03831768406314231
13,hist_gradient_boosting,0,0.04126377025650893
13,hist_gradient_boosting,0,0.026926020752320496
13,hist_gradient_boosting,0,0.014352105128871738
13,hist_gradient_boosting,0,0.03425454886151939
13,hist_gradient_boosting,0,0.23194318049658372
13,hist_gradient_boosting,1,0.022845002646814813
13,hist_gradient_boosting,0,0.1037146347963088
13,hist_gradient_boosting,0,0.05815703651212584
13,hist_gradient_boosting,1,0.09170310985762603
13,hist_gradient_boosting,0,0.04056380064229869
13,hist_gradient_boosting,0,0.12868066298729788
13,hist_gradient_boosting,0,0.012092718191130404
13,hist_gradient_boosting,0,0.031407569056526405
13,hist_gradient_boosting,0,0.045948658131157415
13,hist_gradient_boosting,0,0.11423290143600537
13,hist_gradient_boosting,0,0.06822733659171033
13,hist_gradient_boosting,0,0.10638423705678679
13,hist_gradient_boosting,1,0.034869447186829494
13,hist_gradient_boosting,0,0.12138902448616827
13,hist_gradient_boosting,0,0.07168508479154674
13,hist_gradient_boosting,0,0.05550822173080492
13,hist_gradient_boosting,1,0.0514366980647738
13,hist_gradient_boosting,0,0.008610637858273618
13,hist_gradient_boosting,0,0.11060018401074155
13,hist_gradient_boosting,0,0.09098466125534167
13,hist_gradient_boosting,0,0.036167751788771386
13,hist_gradient_boosting,0,0.14708213259360797
13,hist_gradient_boosting,0,0.023167730120913513
13,hist_gradient_boosting,0,0.0765789455875289
13,hist_gradient_boosting,0,0.05791797547153017
13,hist_gradient_boosting,0,0.0849350869906683
13,hist_gradient_boosting,0,0.04896561306062251
13,hist_gradient_boosting,0,0.013657424876991632
13,hist_gradient_boosting,0,0.052160092909191345
13,hist_gradient_boosting,0,0.11048501201164057
13,hist_gradient_boosting,0,0.026934751182101674
13,hist_gradient_boosting,1,0.14224658946360338
13,hist_gradient_boosting,0,0.03087436957397367
13,hist_gradient_boosting,0,0.12858838586873317
13,hist_gradient_boosting,0,0.07070928879097148
13,hist_gradient_boosting,0,0.16827732103643764
13,hist_gradient_boosting,0,0.013407587244305484
13,hist_gradient_boosting,0,0.0286540408705042
13,hist_gradient_boosting,0,0.07137336080671726
13,hist_gradient_boosting,0,0.06712615310103533
13,hist_gradient_boosting,0,0.07239796154516956
13,hist_gradient_boosting,0,0.14010168010409096
13,hist_gradient_boosting,0,0.04848486963876985
13,hist_gradient_boosting,0,0.00019661632976001686
13,hist_gradient_boosting,0,0.0001814017475290745
13,hist_gradient_boosting,0,0.0005973477898270779
13,hist_gradient_boosting,0,0.007126521982904406
13,hist_gradient_boosting,0,0.000374009544512626
13,hist_gradient_boosting,0,0.00011338620814854738
13,hist_gradient_boosting,0,0.00017329545939815235
13,hist_gradient_boosting,0,0.00011603954997051372
13,hist_gradient_boosting,0,0.003767168269792076
13,hist_gradient_boosting,0,0.00039187690576205616
13,hist_gradient_boosting,0,0.00022459346436817416
13,hist_gradient_boosting,0,0.00041518540182279844
13,hist_gradient_boosting,0,0.0026511996564202193
13,hist_gradient_boosting,0,0.00041108963700985226
13,hist_gradient_boosting,0,0.00015643183907379597
13,hist_gradient_boosting,0,0.0002459291340677574
13,hist_gradient_boosting,0,0.00025202144021097233
13,hist_gradient_boosting,0,0.00015184840049881513
13,hist_gradient_boosting,0,0.0030227287784118707
13,hist_gradient_boosting,0,0.00038596906597659317
13,hist_gradient_boosting,0,0.1697182183155276
13,hist_gradient_boosting,0,0.038907987868291014
13,hist_gradient_boosting,0,0.09296413896113524
13,hist_gradient_boosting,0,0.048843036109150875
13,hist_gradient_boosting,0,0.019629098424446163
13,hist_gradient_boosting,0,0.10050068818599077
13,hist_gradient_boosting,0,0.06719538647202751
13,hist_gradient_boosting,0,0.05479487208339509
13,hist_gradient_boosting,0,0.12959406044888921
13,hist_gradient_boosting,0,0.011145725233515551
13,hist_gradient_boosting,0,0.07100855621442347
13,hist_gradient_boosting,0,0.031220067007135192
13,hist_gradient_boosting,0,0.08318924089691992
13,hist_gradient_boosting,1,0.026152842238200566
13,hist_gradient_boosting,0,0.03667289648443243
13,hist_gradient_boosting,0,0.02465063607299964
13,hist_gradient_boosting,0,0.1433886801867172
13,hist_gradient_boosting,0,0.028102173032765503
13,hist_gradient_boosting,0,0.1981045356036218
13,hist_gradient_boosting,0,0.044226573072873136
13,hist_gradient_boosting,0,0.02410841870896465
13,hist_gradient_boosting,0,0.046256864150406106
13,hist_gradient_boosting,0,0.21615295504064233
13,hist_gradient_boosting,0,0.031121096618511198
13,hist_gradient_boosting,0,0.05719383707647711
13,hist_gradient_boosting,0,0.07456146607696489
13,hist_gradient_boosting,1,0.2620950379609543
13,hist_gradient_boosting,0,0.047735754351523094
13,hist_gradient_boosting,0,0.11785623184552974
13,hist_gradient_boosting,0,0.030654012499792598
13,hist_gradient_boosting,0,0.025245408128899808
13,hist_gradient_boosting,1,0.052706857299140326
13,hist_gradient_boosting,0,0.08068084191864562
13,hist_gradient_boosting,0,0.01209367550498535
13,hist_gradient_boosting,0,0.07515300533700854
13,hist_gradient_boosting,0,0.03865553701695972
13,hist_gradient_boosting,0,0.18615867829752955
13,hist_gradient_boosting,0,0.0651158494611063
13,hist_gradient_boosting,0,0.11342478500712508
13,hist_gradient_boosting,0,0.03665409729379902
13,hist_gradient_boosting,0,0.04335967272689863
13,hist_gradient_boosting,0,0.09223448610446616
13,hist_gradient_boosting,0,0.03174300015621416
13,hist_gradient_boosting,0,0.04710046555210868
13,hist_gradient_boosting,0,0.01698588995861685
13,hist_gradient_boosting,0,0.017396435818032793
13,hist_gradient_boosting,0,0.2803755875782083
13,hist_gradient_boosting,0,0.07293660119984974
13,hist_gradient_boosting,0,0.09814343399948153
13,hist_gradient_boosting,0,0.02246895413985258
13,hist_gradient_boosting,0,0.0001481042263563581
13,hist_gradient_boosting,0,0.00012989171918722372
13,hist_gradient_boosting,0,0.00036881957410021804
13,hist_gradient_boosting,0,0.0009160265998979078
13,hist_gradient_boosting,0,0.0006164201671360924
13,hist_gradient_boosting,0,0.0003570488375731668
13,hist_gradient_boosting,0,0.00024233801472479876
13,hist_gradient_boosting,0,0.00012288979959061114
13,hist_gradient_boosting,0,0.0018383602002774613
13,hist_gradient_boosting,0,0.0002266077611538437
13,hist_gradient_boosting,0,0.0002914171219554269
13,hist_gradient_boosting,0,0.00021223866085646242
13,hist_gradient_boosting,0,0.0011858479504039297
13,hist_gradient_boosting,0,0.0004564245239492284
13,hist_gradient_boosting,0,0.0001545091123562606
13,hist_gradient_boosting,0,9.483661176434868e-05
13,hist_gradient_boosting,0,0.0011653981320984687
13,hist_gradient_boosting,0,0.00011983981159297066
13,hist_gradient_boosting,0,0.00017960909136820668
13,hist_gradient_boosting,0,0.013045452884068767
13,hist_gradient_boosting,0,0.05080908307384858
13,hist_gradient_boosting,0,0.11832139518664869
13,hist_gradient_boosting,1,0.033722567559128114
13,hist_gradient_boosting,0,0.013492935583212158
13,hist_gradient_boosting,0,0.024624196632049917
13,hist_gradient_boosting,0,0.06343543468045129
13,hist_gradient_boosting,0,0.2140348421803624
13,hist_gradient_boosting,0,0.023255595685736045
13,hist_gradient_boosting,0,0.40117271070457144
13,hist_gradient_boosting,0,0.03953786276875289
13,hist_gradient_boosting,0,0.0327160827685801
13,hist_gradient_boosting,0,0.07889345383533078
13,hist_gradient_boosting,0,0.17876213803184832
13,hist_gradient_boosting,0,0.04667638172588219
13,hist_gradient_boosting,0,0.05421393345348664
13,hist_gradient_boosting,0,0.01462503364905605
13,hist_gradient_boosting,0,0.15408712721744144
13,hist_gradient_boosting,0,0.04764300299987891
13,hist_gradient_boosting,0,0.054950010006000104
13,hist_gradient_boosting,0,0.016178811511825947
13,hist_gradient_boosting,0,0.16814700288819787
13,hist_gradient_boosting,0,0.0506746582982343
13,hist_gradient_boosting,0,0.07290145716362655
13,hist_gradient_boosting,0,0.011373354982770454
13,hist_gradient_boosting,0,0.03727250720213872
13,hist_gradient_boosting,0,0.03554191829871356
13,hist_gradient_boosting,0,0.07651397045548285
13,hist_gradient_boosting,0,0.09021696124291806
13,hist_gradient_boosting,0,0.06744766665282542
13,hist_gradient_boosting,0,0.11542520598460243
13,hist_gradient_boosting,0,0.05035425626821181
13,hist_gradient_boosting,1,0.033277575645423725
13,hist_gradient_boosting,0,0.5651695264733559
13,hist_gradient_boosting,0,0.1961763348172229
13,hist_gradient_boosting,0,0.05091842719025494
13,hist_gradient_boosting,0,0.09621297687393573
13,hist_gradient_boosting,1,0.11941434342992459
13,hist_gradient_boosting,0,0.07233458430672891
13,hist_gradient_boosting,0,0.05492220263269077
13,hist_gradient_boosting,0,0.06144947363178827
13,hist_gradient_boosting,0,0.04379812028605134
13,hist_gradient_boosting,0,0.03613083706467843
13,hist_gradient_boosting,0,0.05168901132381278
13,hist_gradient_boosting,1,0.10483218622245417
13,hist_gradient_boosting,0,0.01925598437815847
13,hist_gradient_boosting,0,0.0833052994038861
13,hist_gradient_boosting,0,0.10411705960823638
13,hist_gradient_boosting,0,0.04591460566725117
13,hist_gradient_boosting,1,0.040389934002183485
13,hist_gradient_boosting,0,0.04911460951366487
13,hist_gradient_boosting,0,0.000148480711945499
13,hist_gradient_boosting,0,0.0002173443098070158
13,hist_gradient_boosting,0,0.00016786762901611877
13,hist_gradient_boosting,0,0.0010582705421002716
13,hist_gradient_boosting,0,0.0001311545229302981
13,hist_gradient_boosting,0,0.0005794757401420626
13,hist_gradient_boosting,0,0.00018704653319279396
13,hist_gradient_boosting,0,0.000667971668723812
13,hist_gradient_boosting,0,0.0003252442732560325
13,hist_gradient_boosting,0,0.0001673309808401227
13,hist_gradient_boosting,0,0.00016950573263904212
13,hist_gradient_boosting,0,0.00016981569227053818
13,hist_gradient_boosting,0,0.002082936535799773
13,hist_gradient_boosting,0,0.0015858011664922143
13,hist_gradient_boosting,0,0.00017163491430901111
13,hist_gradient_boosting,0,0.00029307463598736476
13,hist_gradient_boosting,0,0.0001217685374733411
13,hist_gradient_boosting,0,0.00045689640161859183
13,hist_gradient_boosting,0,0.0002735388950730285
13,hist_gradient_boosting,0,0.00010395821015491964
13,hist_gradient_boosting,0,0.042158446104165845
13,hist_gradient_boosting,0,0.07191570298082581
13,hist_gradient_boosting,0,0.027643806473436502
13,hist_gradient_boosting,0,0.05793140529642585
13,hist_gradient_boosting,0,0.032323240370829745
13,hist_gradient_boosting,0,0.10130456500948583
13,hist_gradient_boosting,1,0.09621650272366145
13,hist_gradient_boosting,0,0.08177085939443399
13,hist_gradient_boosting,1,0.14591532937696627
13,hist_gradient_boosting,0,0.029562839873939283
13,hist_gradient_boosting,0,0.01925796990087743
13,hist_gradient_boosting,0,0.03375272134983361
13,hist_gradient_boosting,0,0.1292185341998311
13,hist_gradient_boosting,0,0.03837799274499136
13,hist_gradient_boosting,0,0.03516802126268055
13,hist_gradient_boosting,0,0.09830111715176201
13,hist_gradient_boosting,0,0.17027664520793254
13,hist_gradient_boosting,0,0.08442503567463548
13,hist_gradient_boosting,0,0.0412372075751025
13,hist_gradient_boosting,0,0.018452588038025013
13,hist_gradient_boosting,0,0.06175869355533768
13,hist_gradient_boosting,0,0.06192894590605689
13,hist_gradient_boosting,1,0.08926478582587635
13,hist_gradient_boosting,0,0.07415810028846243
13,hist_gradient_boosting,0,0.050873234793205414
13,hist_gradient_boosting,0,0.20755065355517105
13,hist_gradient_boosting,0,0.30009434709252447
13,hist_gradient_boosting,0,0.13222433033608413
13,hist_gradient_boosting,0,0.07175709460443551
13,hist_gradient_boosting,0,0.037056899080121775
13,hist_gradient_boosting,0,0.05430432286312779
13,hist_gradient_boosting,0,0.06683390646984672
13,hist_gradient_boosting,0,0.10338321557696706
13,hist_gradient_boosting,0,0.02478989053600256
13,hist_gradient_boosting,0,0.02827412814743657
13,hist_gradient_boosting,0,0.016147258395646524
13,hist_gradient_boosting,0,0.0412377278870779
13,hist_gradient_boosting,1,0.04825934836218583
13,hist_gradient_boosting,0,0.09540130999275352
13,hist_gradient_boosting,0,0.10483310869827583
13,hist_gradient_boosting,0,0.28888663059466396
13,hist_gradient_boosting,0,0.04216181964581503
13,hist_gradient_boosting,1,0.014908990711723094
13,hist_gradient_boosting,0,0.01941804520293504
13,hist_gradient_boosting,1,0.03614317766911526
13,hist_gradient_boosting,0,0.04884959792127052
13,hist_gradient_boosting,0,0.8713315109180374
13,hist_gradient_boosting,0,0.047886631157961386
13,hist_gradient_boosting,0,0.04559492860254215
13,hist_gradient_boosting,0,0.05302647024971658
13,hist_gradient_boosting,0,0.0002189059450720676
13,hist_gradient_boosting,0,0.00017634721746684755
13,hist_gradient_boosting,0,0.0001163979381535773
13,hist_gradient_boosting,0,0.00012355706119063158
13,hist_gradient_boosting,0,0.0010473751039317466
13,hist_gradient_boosting,0,0.0007863859389274395
13,hist_gradient_boosting,0,6.703899581106363e-05
13,hist_gradient_boosting,0,7.74540312996389e-05
13,hist_gradient_boosting,0,0.00012208966950635682
13,hist_gradient_boosting,0,0.0007004406772531256
13,hist_gradient_boosting,0,0.00028227119216446984
13,hist_gradient_boosting,0,0.00020485327084835637
13,hist_gradient_boosting,0,0.00016586550051756716
13,hist_gradient_boosting,0,0.0006132224189914109
13,hist_gradient_boosting,0,9.277841687747573e-05
13,hist_gradient_boosting,0,0.00044112121168660276
13,hist_gradient_boosting,0,0.00014468597269594977
13,hist_gradient_boosting,0,8.271192981956877e-05
13,hist_gradient_boosting,0,0.00017448640288298355
13,hist_gradient_boosting,0,0.0014586223227573188
13,hist_gradient_boosting,0,0.026729346573105113
13,hist_gradient_boosting,0,0.024038440278419494
13,hist_gradient_boosting,0,0.19104100285660652
13,hist_gradient_boosting,0,0.009137835058782606
13,hist_gradient_boosting,0,0.027539026377202465
13,hist_gradient_boosting,0,0.03384286354301538
13,hist_gradient_boosting,0,0.18475564396849167
13,hist_gradient_boosting,0,0.013972879646266338
13,hist_gradient_boosting,1,0.08214880735030272
13,hist_gradient_boosting,0,0.058082576886268035
13,hist_gradient_boosting,0,0.05994112880659621
13,hist_gradient_boosting,0,0.03360767018072264
13,hist_gradient_boosting,1,0.060525613604843514
13,hist_gradient_boosting,1,0.06772948167308632
13,hist_gradient_boosting,0,0.07162557276259476
13,hist_gradient_boosting,0,0.06777437780250882
13,hist_gradient_boosting,0,0.1308331893026819
13,hist_gradient_boosting,0,0.05305908256136461
13,hist_gradient_boosting,0,0.19152102457412484
13,hist_gradient_boosting,0,0.014094412382186674
13,hist_gradient_boosting,0,0.6206859380115765
13,hist_gradient_boosting,0,0.08132054138164595
13,hist_gradient_boosting,0,0.05397890809786975
13,hist_gradient_boosting,0,0.06722354308550232
13,hist_gradient_boosting,0,0.06988494752736606
13,hist_gradient_boosting,0,0.018444867587690948
13,hist_gradient_boosting,1,0.1545171970913376
13,hist_gradient_boosting,0,0.04649335027776276
13,hist_gradient_boosting,0,0.10156194762302542
13,hist_gradient_boosting,0,0.030709260533334597
13,hist_gradient_boosting,0,0.08350259573190338
13,hist_gradient_boosting,0,0.030889418526531126
13,hist_gradient_boosting,0,0.22436160715114703
13,hist_gradient_boosting,0,0.03450328718909456
13,hist_gradient_boosting,0,0.026193502126409876
13,hist_gradient_boosting,0,0.019402335013430833
13,hist_gradient_boosting,0,0.19507321341711675
13,hist_gradient_boosting,0,0.07036632526939765
13,hist_gradient_boosting,0,0.3087002996860718
13,hist_gradient_boosting,0,0.06077887403703314
13,hist_gradient_boosting,0,0.05471750589670526
13,hist_gradient_boosting,0,0.0711922785065822
13,hist_gradient_boosting,1,0.1793962256558478
13,hist_gradient_boosting,0,0.028171432545097325
13,hist_gradient_boosting,0,0.028741043956551575
13,hist_gradient_boosting,0,0.21014576359216522
13,hist_gradient_boosting,1,0.08054872767574235
13,hist_gradient_boosting,0,0.022589321003364127
13,hist_gradient_boosting,0,0.16718332792843155
13,hist_gradient_boosting,0,0.02035847651234577
13,hist_gradient_boosting,0,0.00021813473346278268
13,hist_gradient_boosting,0,0.00037413169691123487
13,hist_gradient_boosting,0,0.000132600439767111
13,hist_gradient_boosting,0,0.0013779542080604049
13,hist_gradient_boosting,0,7.871881263543822e-05
13,hist_gradient_boosting,0,0.00016830408612864562
13,hist_gradient_boosting,0,0.0005750388279993437
13,hist_gradient_boosting,0,7.083778126763637e-05
13,hist_gradient_boosting,0,0.003240286287042452
13,hist_gradient_boosting,0,0.0013222947398838956
13,hist_gradient_boosting,0,0.00018451333665629326
13,hist_gradient_boosting,0,0.000331406662026467
13,hist_gradient_boosting,0,0.0001159329227119318
13,hist_gradient_boosting,0,0.00015693696845694034
13,hist_gradient_boosting,0,0.0005060156401110133
13,hist_gradient_boosting,0,0.00015683490932196938
13,hist_gradient_boosting,0,0.00014415441989061576
13,hist_gradient_boosting,0,0.00014890772960146105
13,hist_gradient_boosting,0,0.00044253068718638885
13,hist_gradient_boosting,0,0.002101943697218317
13,hist_gradient_boosting,0,0.07673949474065134
13,hist_gradient_boosting,0,0.03179754670461071
13,hist_gradient_boosting,1,0.07015160780154443
13,hist_gradient_boosting,0,0.03916954673088814
13,hist_gradient_boosting,0,0.06912354693297632
13,hist_gradient_boosting,0,0.045631338869304545
13,hist_gradient_boosting,0,0.14769301299772783
13,hist_gradient_boosting,0,0.08839394815364389
13,hist_gradient_boosting,0,0.1134402705619703
13,hist_gradient_boosting,0,0.016078140388596476
13,hist_gradient_boosting,0,0.10410015355802942
13,hist_gradient_boosting,0,0.026927167723268062
13,hist_gradient_boosting,0,0.10946575017580491
13,hist_gradient_boosting,0,0.014662761190640689
13,hist_gradient_boosting,0,0.08502504619642694
13,hist_gradient_boosting,0,0.28282192155711705
13,hist_gradient_boosting,0,0.34811648261667566
13,hist_gradient_boosting,0,0.11212247483925428
13,hist_gradient_boosting,1,0.20604356489165737
13,hist_gradient_boosting,0,0.045754906215714534
13,hist_gradient_boosting,0,0.03111142799183767
13,hist_gradient_boosting,1,0.019947071669874937
13,hist_gradient_boosting,0,0.045089707385285
13,hist_gradient_boosting,0,0.01855049294050252
13,hist_gradient_boosting,0,0.0610084627833343
13,hist_gradient_boosting,0,0.03199390120728472
13,hist_gradient_boosting,1,0.5526925013810237
13,hist_gradient_boosting,0,0.05803886255102284
13,hist_gradient_boosting,0,0.1519465794772224
13,hist_gradient_boosting,0,0.08870532988375739
13,hist_gradient_boosting,0,0.04415212087901674
13,hist_gradient_boosting,1,0.019899644891711907
13,hist_gradient_boosting,0,0.2872105638695461
13,hist_gradient_boosting,1,0.01895680900724981
13,hist_gradient_boosting,0,0.027775127761135106
13,hist_gradient_boosting,0,0.01012926853765587
13,hist_gradient_boosting,0,0.3114512898451709
13,hist_gradient_boosting,0,0.04693921310860715
13,hist_gradient_boosting,0,0.0978850194384743
13,hist_gradient_boosting,0,0.02683577167156633
13,hist_gradient_boosting,0,0.024418859501794798
13,hist_gradient_boosting,0,0.21098100992946253
13,hist_gradient_boosting,0,0.07780910787709959
13,hist_gradient_boosting,0,0.022186931218558727
13,hist_gradient_boosting,0,0.17665675168922595
13,hist_gradient_boosting,0,0.04028578089236468
13,hist_gradient_boosting,0,0.13242492876662146
13,hist_gradient_boosting,0,0.03276517065066205
13,hist_gradient_boosting,0,0.13176830621607533
13,hist_gradient_boosting,0,0.03225175337693671
13,hist_gradient_boosting,0,0.0001474484181031057
13,hist_gradient_boosting,0,0.00017209883315029767
13,hist_gradient_boosting,0,0.00020971715538701573
13,hist_gradient_boosting,0,0.00031470220991210233
13,hist_gradient_boosting,0,0.00010326086101567236
13,hist_gradient_boosting,0,0.0002133104912604557
13,hist_gradient_boosting,0,0.000510562476531884
13,hist_gradient_boosting,0,0.0002110327186163796
13,hist_gradient_boosting,0,0.006222310473481274
13,hist_gradient_boosting,0,0.0002174576065519519
13,hist_gradient_boosting,0,0.000170554739934091
13,hist_gradient_boosting,0,0.0002547476294605403
13,hist_gradient_boosting,0,0.00017497148995634026
13,hist_gradient_boosting,0,7.923486417804535e-05
13,hist_gradient_boosting,0,0.00029565171053541297
13,hist_gradient_boosting,0,0.0009412649765799708
13,hist_gradient_boosting,0,0.0002405972498609982
13,hist_gradient_boosting,0,0.00018538286114776241
13,hist_gradient_boosting,0,0.005137485373533916
13,hist_gradient_boosting,0,0.012872495884888648
13,hist_gradient_boosting,0,0.013657867670731237
13,hist_gradient_boosting,0,0.04300083165224188
13,hist_gradient_boosting,0,0.027061049843102414
13,hist_gradient_boosting,1,0.08056731899353842
13,hist_gradient_boosting,0,0.026836958135642918
13,hist_gradient_boosting,0,0.1840246993904399
13,hist_gradient_boosting,0,0.05798773041923728
13,hist_gradient_boosting,0,0.06246040589454459
13,hist_gradient_boosting,0,0.1137959171245638
13,hist_gradient_boosting,0,0.037528157915518626
13,hist_gradient_boosting,0,0.221243298204206
13,hist_gradient_boosting,0,0.043094858952734655
13,hist_gradient_boosting,0,0.0687575845931422
13,hist_gradient_boosting,0,0.24494491190558906
13,hist_gradient_boosting,1,0.046142908694370585
13,hist_gradient_boosting,0,0.06534006754780124
13,hist_gradient_boosting,1,0.15836829078589934
13,hist_gradient_boosting,0,0.1811917700132179
13,hist_gradient_boosting,0,0.17565574200432524
13,hist_gradient_boosting,0,0.04395147587123382
13,hist_gradient_boosting,0,0.029244768100032046
13,hist_gradient_boosting,0,0.025545489742665253
13,hist_gradient_boosting,0,0.16200613332698935
13,hist_gradient_boosting,0,0.1271984562727699
13,hist_gradient_boosting,0,0.08980516199165553
13,hist_gradient_boosting,0,0.12054781068558235
13,hist_gradient_boosting,0,0.07932136367407602
13,hist_gradient_boosting,0,0.04218254550489899
13,hist_gradient_boosting,0,0.17330630080014175
13,hist_gradient_boosting,0,0.045062017046639945
13,hist_gradient_boosting,0,0.10471952079304028
13,hist_gradient_boosting,0,0.04876854988666985
13,hist_gradient_boosting,0,0.32866401354052166
13,hist_gradient_boosting,1,0.09209042931145588
13,hist_gradient_boosting,0,0.0186681119574868
13,hist_gradient_boosting,0,0.29959880157158814
13,hist_gradient_boosting,0,0.15055000854437214
13,hist_gradient_boosting,0,0.03072584743477831
13,hist_gradient_boosting,1,0.10867828622544574
13,hist_gradient_boosting,0,0.09471746426958884
13,hist_gradient_boosting,1,0.08457016014860314
13,hist_gradient_boosting,0,0.060881531943560975
13,hist_gradient_boosting,0,0.14783499858553187
13,hist_gradient_boosting,0,0.274739068494977
13,hist_gradient_boosting,0,0.058901618748633394
13,hist_gradient_boosting,0,0.022496483788933243
13,hist_gradient_boosting,0,0.30209953559744473
13,hist_gradient_boosting,1,0.052032340816244894
13,hist_gradient_boosting,1,0.3464744136315826
13,hist_gradient_boosting,0,0.0410340721519562
13,hist_gradient_boosting,0,0.00034563311235225774
13,hist_gradient_boosting,0,0.0002093322290891802
13,hist_gradient_boosting,0,0.001171879780885174
13,hist_gradient_boosting,0,0.05885253086542539
13,hist_gradient_boosting,0,0.00013218794343844225
13,hist_gradient_boosting,0,0.00010326957280961692
13,hist_gradient_boosting,0,0.0002462868919871549
13,hist_gradient_boosting,0,5.128310877883597e-05
13,hist_gradient_boosting,0,0.0023552627130666746
13,hist_gradient_boosting,0,0.003104835794921672
13,hist_gradient_boosting,0,0.00017692039286443319
13,hist_gradient_boosting,0,0.00013703283714547773
13,hist_gradient_boosting,0,0.0007591508706975894
13,hist_gradient_boosting,0,0.0005374218135812377
13,hist_gradient_boosting,0,7.693189772141215e-05
13,hist_gradient_boosting,0,0.00019972706078154933
13,hist_gradient_boosting,0,0.00016001945330475432
13,hist_gradient_boosting,0,0.00033091729527191436
13,hist_gradient_boosting,0,0.011495646860373488
13,hist_gradient_boosting,0,0.003181570303197131
13,hist_gradient_boosting,0,0.12326036564512582
13,hist_gradient_boosting,0,0.041638437095604094
13,hist_gradient_boosting,0,0.23664237554395615
13,hist_gradient_boosting,0,0.24191878575121403
13,hist_gradient_boosting,0,0.007892450792116484
13,hist_gradient_boosting,0,0.017614906240825064
13,hist_gradient_boosting,0,0.11971785933293265
13,hist_gradient_boosting,0,0.055818812751080575
13,hist_gradient_boosting,0,0.08703134471683624
13,hist_gradient_boosting,0,0.07157425612099945
13,hist_gradient_boosting,0,0.16942645091782313
13,hist_gradient_boosting,0,0.02268153293356814
13,hist_gradient_boosting,0,0.22104771914290913
13,hist_gradient_boosting,0,0.03500240760218201
13,hist_gradient_boosting,0,0.0314219725358671
13,hist_gradient_boosting,0,0.023129586204677467
13,hist_gradient_boosting,0,0.2850919289403201
13,hist_gradient_boosting,0,0.11114081124832886
13,hist_gradient_boosting,0,0.14163337348638705
13,hist_gradient_boosting,0,0.02909598144301054
13,hist_gradient_boosting,0,0.11439624402722709
13,hist_gradient_boosting,0,0.028217882363145888
13,hist_gradient_boosting,0,0.12547602656312415
13,hist_gradient_boosting,0,0.03737525334633757
13,hist_gradient_boosting,0,0.04354521834076533
13,hist_gradient_boosting,0,0.013588283739748406
13,hist_gradient_boosting,0,0.3355038357444676
13,hist_gradient_boosting,1,0.254766897599808
13,hist_gradient_boosting,1,0.09041209155490065
13,hist_gradient_boosting,1,0.03535401790010768
13,hist_gradient_boosting,0,0.08477420639849585
13,hist_gradient_boosting,0,0.03901465560208213
13,hist_gradient_boosting,0,0.49538433201441645
13,hist_gradient_boosting,0,0.022541566457721714
13,hist_gradient_boosting,0,0.018606657714984015
13,hist_gradient_boosting,0,0.05632869539050625
13,hist_gradient_boosting,0,0.1577862183765921
13,hist_gradient_boosting,1,0.153325814560617
13,hist_gradient_boosting,0,0.17283977398454936
13,hist_gradient_boosting,0,0.04151623028830845
13,hist_gradient_boosting,0,0.07552143191260656
13,hist_gradient_boosting,0,0.04305167706324057
13,hist_gradient_boosting,0,0.16135845121147896
13,hist_gradient_boosting,0,0.11157295427745904
13,hist_gradient_boosting,0,0.011737807631736642
13,hist_gradient_boosting,0,0.015039438902806474
13,hist_gradient_boosting,1,0.30235702682096166
13,hist_gradient_boosting,0,0.07653424570464631
13,hist_gradient_boosting,0,0.16419171486742956
13,hist_gradient_boosting,0,0.11633607284511975
13,hist_gradient_boosting,0,0.00016140601591631601
13,hist_gradient_boosting,0,0.0003267742904088656
13,hist_gradient_boosting,0,0.0003670176051060643
13,hist_gradient_boosting,0,0.001087363692243707
13,hist_gradient_boosting,0,0.0004981460186806426
13,hist_gradient_boosting,0,0.00024716205769826586
13,hist_gradient_boosting,0,0.00018187972834146163
13,hist_gradient_boosting,0,0.0001743422791235554
13,hist_gradient_boosting,0,0.0013876859114351702
13,hist_gradient_boosting,0,0.0028681495258099446
13,hist_gradient_boosting,0,0.00018823373167085032
13,hist_gradient_boosting,0,0.00019053516190239563
13,hist_gradient_boosting,0,0.0026832527597668663
13,hist_gradient_boosting,0,0.00012198002292691993
13,hist_gradient_boosting,0,0.00011311543733277197
13,hist_gradient_boosting,0,0.0003419133142589099
13,hist_gradient_boosting,0,0.0004692142085449273
13,hist_gradient_boosting,0,0.00014950324879549904
13,hist_gradient_boosting,0,0.00023775845341939214
13,hist_gradient_boosting,0,0.0005898246202788727
13,hist_gradient_boosting,0,0.16411272341714575
13,hist_gradient_boosting,0,0.041846408615711726
13,hist_gradient_boosting,0,0.24715346183327375
13,hist_gradient_boosting,1,0.19294846684326358
13,hist_gradient_boosting,0,0.008766852744147239
13,hist_gradient_boosting,0,0.039145040364141466
13,hist_gradient_boosting,0,0.09609972528231588
13,hist_gradient_boosting,0,0.024539058277311385
13,hist_gradient_boosting,1,0.11379492763118632
13,hist_gradient_boosting,0,0.11467956495030175
13,hist_gradient_boosting,0,0.2995937677594684
13,hist_gradient_boosting,0,0.0474583339723897
13,hist_gradient_boosting,1,0.15543752324796803
13,hist_gradient_boosting,0,0.05464257801455683
13,hist_gradient_boosting,1,0.12591609801958348
13,hist_gradient_boosting,0,0.05326826006535631
13,hist_gradient_boosting,0,0.12749723921447784
13,hist_gradient_boosting,0,0.07017184843673467
13,hist_gradient_boosting,0,0.1280373423988149
13,hist_gradient_boosting,0,0.03239722038680135
13,hist_gradient_boosting,0,0.049724754221806694
13,hist_gradient_boosting,0,0.1134244759912011
13,hist_gradient_boosting,0,0.23000072468547417
13,hist_gradient_boosting,1,0.07636999311528055
13,hist_gradient_boosting,0,0.02422691957242576
13,hist_gradient_boosting,0,0.03168635253260319
13,hist_gradient_boosting,0,0.0874250619989105
13,hist_gradient_boosting,0,0.07486033374624117
13,hist_gradient_boosting,0,0.24749074170204707
13,hist_gradient_boosting,0,0.03031984892485637
13,hist_gradient_boosting,0,0.04378825286680191
13,hist_gradient_boosting,0,0.09162311594236537
13,hist_gradient_boosting,1,0.21869188692135977
13,hist_gradient_boosting,0,0.04676791623238742
13,hist_gradient_boosting,0,0.10055870898220917
13,hist_gradient_boosting,1,0.05099658380639958
13,hist_gradient_boosting,0,0.1276751344972023
13,hist_gradient_boosting,0,0.04236843720539167
13,hist_gradient_boosting,0,0.10284262784299132
13,hist_gradient_boosting,0,0.0548993431654508
13,hist_gradient_boosting,0,0.01989102527111376
13,hist_gradient_boosting,0,0.03909606963687521
13,hist_gradient_boosting,1,0.2303346091845646
13,hist_gradient_boosting,0,0.09120398120901985
13,hist_gradient_boosting,0,0.1605763704202059
13,hist_gradient_boosting,0,0.03985771882908829
13,hist_gradient_boosting,1,0.1604924732341914
13,hist_gradient_boosting,0,0.05639285881075055
13,hist_gradient_boosting,0,0.0884290564266731
13,hist_gradient_boosting,0,0.03970397163622411
13,hist_gradient_boosting,0,0.00014172271845484268
13,hist_gradient_boosting,0,0.00033399043055530516
13,hist_gradient_boosting,0,0.00017192167832785264
13,hist_gradient_boosting,0,0.031037764758549406
13,hist_gradient_boosting,0,0.00014601599856960978
13,hist_gradient_boosting,0,0.00011755190467686089
13,hist_gradient_boosting,0,9.79069727246709e-05
13,hist_gradient_boosting,0,8.469352522830366e-05
13,hist_gradient_boosting,0,0.0006486147120344936
13,hist_gradient_boosting,0,0.0002318223051428795
13,hist_gradient_boosting,0,0.0003001530254455711
13,hist_gradient_boosting,0,0.00023624488001370542
13,hist_gradient_boosting,0,0.0003492494072075686
13,hist_gradient_boosting,0,0.00013549899905163166
13,hist_gradient_boosting,0,0.00020351045620767418
13,hist_gradient_boosting,0,0.0003216974140360187
13,hist_gradient_boosting,0,0.00038093689284963484
13,hist_gradient_boosting,0,0.0001120787142740193
13,hist_gradient_boosting,0,0.000989472053589221
13,hist_gradient_boosting,0,0.00020425687512166154
13,hist_gradient_boosting,0,0.02548232975092235
13,hist_gradient_boosting,0,0.07605725327559021
13,hist_gradient_boosting,0,0.12413252143505742
13,hist_gradient_boosting,0,0.03197468587159545
13,hist_gradient_boosting,0,0.12980181811724387
13,hist_gradient_boosting,0,0.05646564313246493
13,hist_gradient_boosting,1,0.08494341418361115
13,hist_gradient_boosting,0,0.06582112673579284
13,hist_gradient_boosting,1,0.34190907603907617
13,hist_gradient_boosting,0,0.025541630489100072
13,hist_gradient_boosting,0,0.03143615590311104
13,hist_gradient_boosting,0,0.023839065848291756
13,hist_gradient_boosting,0,0.13016854554293883
13,hist_gradient_boosting,0,0.024801254356867416
13,hist_gradient_boosting,0,0.05905298052285109
13,hist_gradient_boosting,0,0.05854714610913292
13,hist_gradient_boosting,0,0.24967636112593353
13,hist_gradient_boosting,1,0.04182720520657813
13,hist_gradient_boosting,0,0.06173591001263864
13,hist_gradient_boosting,0,0.03525175133010459
13,hist_gradient_boosting,0,0.05827542614664501
13,hist_gradient_boosting,0,0.03528825035243501
13,hist_gradient_boosting,0,0.12218898522000068
13,hist_gradient_boosting,1,0.06080670550190362
13,hist_gradient_boosting,1,0.038150961557680614
13,hist_gradient_boosting,0,0.023054668937738356
13,hist_gradient_boosting,0,0.18603545725689935
13,hist_gradient_boosting,0,0.03168212443386444
13,hist_gradient_boosting,0,0.08618477496714212
13,hist_gradient_boosting,0,0.020442126346528776
13,hist_gradient_boosting,0,0.08674964088164747
13,hist_gradient_boosting,0,0.033035107256833146
13,hist_gradient_boosting,0,0.13379600491913426
13,hist_gradient_boosting,0,0.05871109692066305
13,hist_gradient_boosting,0,0.04751176869243256
13,hist_gradient_boosting,0,0.04119026983194281
13,hist_gradient_boosting,0,0.07607181918148946
13,hist_gradient_boosting,0,0.05155260967107498
13,hist_gradient_boosting,0,0.07431095860242351
13,hist_gradient_boosting,0,0.04056289883334107
13,hist_gradient_boosting,0,0.013060127013306019
13,hist_gradient_boosting,0,0.030456130009647246
13,hist_gradient_boosting,0,0.04675044527869655
13,hist_gradient_boosting,0,0.0596342243430551
13,hist_gradient_boosting,0,0.010988958755871156
13,hist_gradient_boosting,0,0.05712839342287034
13,hist_gradient_boosting,1,0.08465142167729785
13,hist_gradient_boosting,0,0.023922158745917084
13,hist_gradient_boosting,0,0.0671363362250126
13,hist_gradient_boosting,0,0.014841951972483645
13,hist_gradient_boosting,0,0.00018253187108843092
13,hist_gradient_boosting,0,0.00028232728693386314
13,hist_gradient_boosting,0,0.0001452377054462506
13,hist_gradient_boosting,0,0.001519500409099554
13,hist_gradient_boosting,0,0.000264552964459189
13,hist_gradient_boosting,0,0.0037321840925765458
13,hist_gradient_boosting,0,0.00020722817507583995
13,hist_gradient_boosting,0,0.00024494667711327193
13,hist_gradient_boosting,0,0.00018060369415244474
13,hist_gradient_boosting,0,0.0002823080878982873
13,hist_gradient_boosting,0,9.878105561587919e-05
13,hist_gradient_boosting,0,0.00022534368020806254
13,hist_gradient_boosting,0,0.00021601140940068734
13,hist_gradient_boosting,0,0.0001812004302670351
13,hist_gradient_boosting,0,0.0001248290806177523
13,hist_gradient_boosting,0,8.631735227793644e-05
13,hist_gradient_boosting,0,0.00018610630304761552
13,hist_gradient_boosting,0,0.0001623480371396201
13,hist_gradient_boosting,0,0.0002208417340712622
13,hist_gradient_boosting,0,0.0007203263720613384
13,hist_gradient_boosting,0,0.06683081237656442
13,hist_gradient_boosting,0,0.06335599510952598
13,hist_gradient_boosting,0,0.006256863554705209
13,hist_gradient_boosting,0,0.1522291817579439
13,hist_gradient_boosting,0,0.05252816739329416
13,hist_gradient_boosting,0,0.025250870047779952
13,hist_gradient_boosting,0,0.06599001497573456
13,hist_gradient_boosting,0,0.02184370509423961
13,hist_gradient_boosting,1,0.07308803325902585
13,hist_gradient_boosting,0,0.01314542058525874
13,hist_gradient_boosting,0,0.08592106857301005
13,hist_gradient_boosting,0,0.18181014598903056
13,hist_gradient_boosting,0,0.08128817470461196
13,hist_gradient_boosting,0,0.27830337056721904
13,hist_gradient_boosting,0,0.021793883376727212
13,hist_gradient_boosting,0,0.020826140450259593
13,hist_gradient_boosting,0,0.08016923977326579
13,hist_gradient_boosting,0,0.11396048366320735
13,hist_gradient_boosting,1,0.14175892797650555
13,hist_gradient_boosting,0,0.033391141257679426
13,hist_gradient_boosting,0,0.27684553063861106
13,hist_gradient_boosting,0,0.027601344435672054
13,hist_gradient_boosting,0,0.06276659425545338
13,hist_gradient_boosting,0,0.01406958344201071
13,hist_gradient_boosting,0,0.08956062448266702
13,hist_gradient_boosting,1,0.024053624354869237
13,hist_gradient_boosting,0,0.08767527835737016
13,hist_gradient_boosting,0,0.03721718768945411
13,hist_gradient_boosting,0,0.11312594250449405
13,hist_gradient_boosting,0,0.03505032211142404
13,hist_gradient_boosting,0,0.5033515412667752
13,hist_gradient_boosting,0,0.04719399744180283
13,hist_gradient_boosting,0,0.15102831422984053
13,hist_gradient_boosting,0,0.08728477485855105
13,hist_gradient_boosting,0,0.07866919611679199
13,hist_gradient_boosting,1,0.05815347261479197
13,hist_gradient_boosting,0,0.06325584384078405
13,hist_gradient_boosting,0,0.10757786282574226
13,hist_gradient_boosting,0,0.05460160035611312
13,hist_gradient_boosting,0,0.07034054581430389
13,hist_gradient_boosting,0,0.15525733557447938
13,hist_gradient_boosting,0,0.04961140492973645
13,hist_gradient_boosting,1,0.16723024117904017
13,hist_gradient_boosting,0,0.03792222366031576
13,hist_gradient_boosting,0,0.026396174588745932
13,hist_gradient_boosting,0,0.022543391188476623
13,hist_gradient_boosting,0,0.21602110170581368
13,hist_gradient_boosting,0,0.10951008908043472
13,hist_gradient_boosting,0,0.040785780971696634
13,hist_gradient_boosting,0,0.03845834378928566
13,hist_gradient_boosting,0,0.00025302128582582143
13,hist_gradient_boosting,0,0.00010646341390011014
13,hist_gradient_boosting,0,0.09883601145209521
13,hist_gradient_boosting,0,0.00010071566820668284
13,hist_gradient_boosting,0,0.00013411983384384874
13,hist_gradient_boosting,0,0.0001718808654948921
13,hist_gradient_boosting,0,0.00014664733573812105
13,hist_gradient_boosting,0,0.0003651364174524728
13,hist_gradient_boosting,0,0.005946139740220085
13,hist_gradient_boosting,0,0.0002997455101099431
13,hist_gradient_boosting,0,0.0002702354972044847
13,hist_gradient_boosting,0,0.0006302330089625876
13,hist_gradient_boosting,0,0.004426631621245751
13,hist_gradient_boosting,0,0.0005328737399394722
13,hist_gradient_boosting,0,0.0008036198345272762
13,hist_gradient_boosting,0,0.00013440838309914548
13,hist_gradient_boosting,0,0.00041669386612456296
13,hist_gradient_boosting,0,0.00021679950249584726
13,hist_gradient_boosting,0,0.0002778431334809527
13,hist_gradient_boosting,0,0.00018014281144387872
13,hist_gradient_boosting,0,0.1298345001248751
13,hist_gradient_boosting,0,0.015600672414553816
13,hist_gradient_boosting,0,0.1490920763158441
13,hist_gradient_boosting,0,0.015789731167037597
13,hist_gradient_boosting,0,0.050233926151497854
13,hist_gradient_boosting,0,0.015678141783904784
13,hist_gradient_boosting,1,0.06175898097281271
13,hist_gradient_boosting,0,0.05226898083151611
13,hist_gradient_boosting,0,0.09378108740713566
13,hist_gradient_boosting,0,0.03203916917038419
13,hist_gradient_boosting,0,0.08248259014142881
13,hist_gradient_boosting,0,0.0463603438923874
13,hist_gradient_boosting,0,0.13986003653146056
13,hist_gradient_boosting,0,0.03019167876007345
13,hist_gradient_boosting,0,0.10664311016677579
13,hist_gradient_boosting,0,0.03286147718145551
13,hist_gradient_boosting,0,0.04638059751024867
13,hist_gradient_boosting,0,0.1294653008034196
13,hist_gradient_boosting,0,0.10584618657794667
13,hist_gradient_boosting,0,0.038286029380612145
13,hist_gradient_boosting,0,0.02796948558828813
13,hist_gradient_boosting,0,0.053554078869343436
13,hist_gradient_boosting,1,0.24249376908779988
13,hist_gradient_boosting,0,0.028368716900592294
13,hist_gradient_boosting,0,0.030975953688460702
13,hist_gradient_boosting,0,0.03618678122204942
13,hist_gradient_boosting,0,0.19562846176869375
13,hist_gradient_boosting,1,0.2562564693679732
13,hist_gradient_boosting,0,0.09369984403646499
13,hist_gradient_boosting,0,0.017208535902221357
13,hist_gradient_boosting,0,0.08681202941412339
13,hist_gradient_boosting,0,0.04988430572764974
13,hist_gradient_boosting,1,0.22386029584262612
13,hist_gradient_boosting,0,0.017776523425893767
13,hist_gradient_boosting,0,0.03887766407911396
13,hist_gradient_boosting,0,0.048930403698252654
13,hist_gradient_boosting,0,0.06872667830276122
13,hist_gradient_boosting,0,0.201012802422203
13,hist_gradient_boosting,0,0.07692429213308383
13,hist_gradient_boosting,0,0.025310114648534703
13,hist_gradient_boosting,1,0.022714582552805257
13,hist_gradient_boosting,1,0.05617782239491246
13,hist_gradient_boosting,0,0.11580030244306597
13,hist_gradient_boosting,0,0.02133471788830607
13,hist_gradient_boosting,0,0.02214606619292855
13,hist_gradient_boosting,0,0.06049758183463108
13,hist_gradient_boosting,0,0.08597318659386392
13,hist_gradient_boosting,0,0.26908052555195094
13,hist_gradient_boosting,0,0.08829186600922558
13,hist_gradient_boosting,0,0.08776353368581036
13,hist_gradient_boosting,0,0.00021325291253047147
13,hist_gradient_boosting,0,0.00014902066222615952
13,hist_gradient_boosting,0,0.0002181732807761028
13,hist_gradient_boosting,0,0.00015741645079156536
13,hist_gradient_boosting,0,9.15175838042611e-05
13,hist_gradient_boosting,0,0.00017911085915455052
13,hist_gradient_boosting,0,0.0007191722585501879
13,hist_gradient_boosting,0,0.00012294614196015633
13,hist_gradient_boosting,0,0.00015405462048585984
13,hist_gradient_boosting,0,0.00035862620244219627
13,hist_gradient_boosting,0,0.00028350920318709447
13,hist_gradient_boosting,0,0.0001624122236953177
13,hist_gradient_boosting,0,0.00023436792077369243
13,hist_gradient_boosting,0,0.01237406923963153
13,hist_gradient_boosting,0,8.357428510660935e-05
13,hist_gradient_boosting,0,0.00023077937413391338
13,hist_gradient_boosting,0,7.250164452057382e-05
13,hist_gradient_boosting,0,0.00020509113838108802
13,hist_gradient_boosting,0,0.0017756380500247785
13,hist_gradient_boosting,0,0.0012398924137740576
13,hist_gradient_boosting,0,0.09222171447358532
13,hist_gradient_boosting,0,0.07874664500150866
13,hist_gradient_boosting,0,0.14375556203458323
13,hist_gradient_boosting,0,0.03849674727558361
13,hist_gradient_boosting,0,0.027827052901494242
13,hist_gradient_boosting,0,0.020308281050037194
13,hist_gradient_boosting,0,0.11048588092868784
13,hist_gradient_boosting,0,0.08190820254449012
13,hist_gradient_boosting,1,0.18738769065498545
13,hist_gradient_boosting,0,0.021176405305022197
13,hist_gradient_boosting,0,0.13545410926488405
13,hist_gradient_boosting,0,0.06116301259834341
13,hist_gradient_boosting,1,0.23622053673184348
13,hist_gradient_boosting,0,0.07006610040025618
13,hist_gradient_boosting,0,0.02041556176120039
13,hist_gradient_boosting,0,0.06348379078671032
13,hist_gradient_boosting,0,0.2042466063512166
13,hist_gradient_boosting,0,0.06471538020515093
13,hist_gradient_boosting,0,0.11292825184116498
13,hist_gradient_boosting,0,0.05202113566867363
13,hist_gradient_boosting,0,0.05619426817820718
13,hist_gradient_boosting,0,0.018563083007119983
13,hist_gradient_boosting,0,0.0244705241843424
13,hist_gradient_boosting,0,0.4190759861104499
13,hist_gradient_boosting,0,0.1690540661394963
13,hist_gradient_boosting,0,0.03879589804174434
13,hist_gradient_boosting,0,0.09765421604607619
13,hist_gradient_boosting,0,0.12007243950194173
13,hist_gradient_boosting,1,0.17020343868559695
13,hist_gradient_boosting,0,0.026949429807644927
13,hist_gradient_boosting,0,0.052639819613259635
13,hist_gradient_boosting,0,0.06195121763555467
13,hist_gradient_boosting,0,0.07684978874470266
13,hist_gradient_boosting,0,0.15575794561305495
13,hist_gradient_boosting,0,0.03561234023128034
13,hist_gradient_boosting,0,0.03707428644516873
13,hist_gradient_boosting,0,0.057534925947569884
13,hist_gradient_boosting,0,0.06601280716934917
13,hist_gradient_boosting,0,0.05479385914011325
13,hist_gradient_boosting,0,0.053776416871636396
13,hist_gradient_boosting,0,0.040539662776706425
13,hist_gradient_boosting,0,0.06331376984866977
13,hist_gradient_boosting,0,0.1613040794838187
13,hist_gradient_boosting,0,0.1547373732777695
13,hist_gradient_boosting,0,0.04039772639863748
13,hist_gradient_boosting,0,0.025739940754603112
13,hist_gradient_boosting,0,0.05924752704897938
13,hist_gradient_boosting,0,0.07367591404773093
13,hist_gradient_boosting,0,0.11357844262031612
13,hist_gradient_boosting,0,0.0705847443062572
13,hist_gradient_boosting,0,0.0001671110071374039
13,hist_gradient_boosting,0,0.0005773468224827496
13,hist_gradient_boosting,0,0.0008681118940969947
13,hist_gradient_boosting,0,0.0001042617304371237
13,hist_gradient_boosting,0,0.00031003445989708395
13,hist_gradient_boosting,0,0.0001121403948237894
13,hist_gradient_boosting,0,0.0003760531126287879
13,hist_gradient_boosting,0,0.0003126887805792254
13,hist_gradient_boosting,0,0.0001656661835599993
13,hist_gradient_boosting,0,0.00017172679941632944
13,hist_gradient_boosting,0,0.0004576987089936344
13,hist_gradient_boosting,0,0.00022018840300165997
13,hist_gradient_boosting,0,0.0017138351492512896
13,hist_gradient_boosting,0,0.0003821353436628378
13,hist_gradient_boosting,0,0.00018437244785380876
13,hist_gradient_boosting,0,0.00018305753293306569
13,hist_gradient_boosting,0,0.00015261968546098433
13,hist_gradient_boosting,0,0.0001492565404150672
13,hist_gradient_boosting,0,0.28324468973616374
13,hist_gradient_boosting,0,0.000404324282853237
13,hist_gradient_boosting,0,0.15830101236840605
13,hist_gradient_boosting,0,0.08240939041503492
13,hist_gradient_boosting,0,0.04889587065695883
13,hist_gradient_boosting,0,0.03208972813669642
13,hist_gradient_boosting,0,0.012811629971401731
13,hist_gradient_boosting,0,0.028834852099072758
13,hist_gradient_boosting,0,0.03929762029688295
13,hist_gradient_boosting,0,0.05275805042238255
13,hist_gradient_boosting,0,0.07398455401019212
13,hist_gradient_boosting,0,0.014434441877021286
13,hist_gradient_boosting,0,0.18902127856757725
13,hist_gradient_boosting,0,0.0642293131963726
13,hist_gradient_boosting,1,0.1724648816075226
13,hist_gradient_boosting,0,0.017901778184953546
13,hist_gradient_boosting,0,0.015766681253324796
13,hist_gradient_boosting,1,0.029406822861564624
13,hist_gradient_boosting,0,0.4332804819966343
13,hist_gradient_boosting,1,0.08853508723103115
13,hist_gradient_boosting,0,0.16918017941063354
13,hist_gradient_boosting,0,0.03785184370396672
13,hist_gradient_boosting,0,0.06842299698818768
13,hist_gradient_boosting,0,0.041487161139295216
13,hist_gradient_boosting,0,0.14872789161341649
13,hist_gradient_boosting,0,0.05705758953817993
13,hist_gradient_boosting,0,0.024783748654433398
13,hist_gradient_boosting,0,0.016246216533690426
13,hist_gradient_boosting,1,0.13086237620616664
13,hist_gradient_boosting,0,0.0480004905874186
13,hist_gradient_boosting,1,0.0832553142237324
13,hist_gradient_boosting,0,0.028668167092388987
13,hist_gradient_boosting,0,0.05537903402804573
13,hist_gradient_boosting,0,0.06050590157465892
13,hist_gradient_boosting,1,0.1523575734448338
13,hist_gradient_boosting,0,0.04575130520874771
13,hist_gradient_boosting,0,0.031426584347310604
13,hist_gradient_boosting,0,0.033947212896055165
13,hist_gradient_boosting,0,0.17394000022257133
13,hist_gradient_boosting,0,0.2015439158366728
13,hist_gradient_boosting,0,0.08000684776962069
13,hist_gradient_boosting,0,0.042679764823756086
13,hist_gradient_boosting,0,0.04717141282452865
13,hist_gradient_boosting,0,0.06756880061297972
13,hist_gradient_boosting,0,0.058330918081951615
13,hist_gradient_boosting,0,0.11126553190084565
13,hist_gradient_boosting,0,0.013515856407894346
13,hist_gradient_boosting,0,0.018122916056075723
13,hist_gradient_boosting,0,0.22108114099125978
13,hist_gradient_boosting,0,0.025403940089406968
13,hist_gradient_boosting,0,0.27995614105246935
13,hist_gradient_boosting,0,0.022029762470234596
13,hist_gradient_boosting,0,0.00020022515648100583
13,hist_gradient_boosting,0,0.0005629004704857195
13,hist_gradient_boosting,0,0.0004492705489287003
13,hist_gradient_boosting,0,9.163188124687828e-05
13,hist_gradient_boosting,0,0.0004527403526881155
13,hist_gradient_boosting,0,0.00012742011695648757
13,hist_gradient_boosting,0,0.0003209704573889769
13,hist_gradient_boosting,0,0.0006985869323352295
13,hist_gradient_boosting,0,0.000127456826311136
13,hist_gradient_boosting,0,0.00026723699547309535
13,hist_gradient_boosting,0,0.00025291592673203507
13,hist_gradient_boosting,0,0.0009659876751499377
13,hist_gradient_boosting,0,0.00011212676749990592
13,hist_gradient_boosting,0,0.00017839475416577523
13,hist_gradient_boosting,0,0.000134303814278196
13,hist_gradient_boosting,0,0.004923952056113106
13,hist_gradient_boosting,0,0.00014725588747839503
13,hist_gradient_boosting,0,0.0005182870543749175
13,hist_gradient_boosting,0,0.002181643843226407
13,hist_gradient_boosting,0,0.019589708703733135
13,hist_gradient_boosting,0,0.015875836029885675
13,hist_gradient_boosting,0,0.040713069452155214
13,hist_gradient_boosting,0,0.04117626696682985
13,hist_gradient_boosting,0,0.12684811123826245
13,hist_gradient_boosting,0,0.03795830404738416
13,hist_gradient_boosting,0,0.03566711219606382
13,hist_gradient_boosting,0,0.05772236431627149
13,hist_gradient_boosting,0,0.04339682944015676
13,hist_gradient_boosting,0,0.32957905507188817
13,hist_gradient_boosting,0,0.011115347223360168
13,hist_gradient_boosting,1,0.5344313302807182
13,hist_gradient_boosting,0,0.027690315804137444
13,hist_gradient_boosting,0,0.10725213412943349
13,hist_gradient_boosting,0,0.08909707980290738
13,hist_gradient_boosting,0,0.0562094656328519
13,hist_gradient_boosting,0,0.039061749548008826
13,hist_gradient_boosting,1,0.15105176475995896
13,hist_gradient_boosting,1,0.10735055542352587
13,hist_gradient_boosting,0,0.24557533865125697
13,hist_gradient_boosting,0,0.33556383358614766
13,hist_gradient_boosting,0,0.02372078922853449
13,hist_gradient_boosting,0,0.07558364815795628
13,hist_gradient_boosting,0,0.170132391108766
13,hist_gradient_boosting,0,0.18606892766072192
13,hist_gradient_boosting,0,0.013230707830335163
13,hist_gradient_boosting,0,0.29163112546866576
13,hist_gradient_boosting,0,0.2030485218515695
13,hist_gradient_boosting,1,0.05956858422568031
13,hist_gradient_boosting,0,0.24201153157498706
13,hist_gradient_boosting,0,0.008868413788526187
13,hist_gradient_boosting,0,0.1963171181659397
13,hist_gradient_boosting,0,0.12092410921130074
13,hist_gradient_boosting,0,0.08196561140515954
13,hist_gradient_boosting,0,0.1918429623547925
13,hist_gradient_boosting,0,0.04598289230850012
13,hist_gradient_boosting,0,0.014469964885005918
13,hist_gradient_boosting,0,0.1714743844775009
13,hist_gradient_boosting,0,0.07647145857308478
13,hist_gradient_boosting,0,0.14470862681556637
13,hist_gradient_boosting,0,0.04814303592931892
13,hist_gradient_boosting,0,0.08068645710334087
13,hist_gradient_boosting,0,0.0938833508998196
13,hist_gradient_boosting,0,0.09511707438860693
13,hist_gradient_boosting,0,0.24582871319824218
13,hist_gradient_boosting,0,0.125757463844601
13,hist_gradient_boosting,0,0.04163555528607478
13,hist_gradient_boosting,1,0.1980886211400554
13,hist_gradient_boosting,0,0.08375916951507785
13,hist_gradient_boosting,0,0.1970299204858303
13,hist_gradient_boosting,0,0.023556287307979987
13,hist_gradient_boosting,0,0.0001796046551046286
13,hist_gradient_boosting,0,0.0003133488815430006
13,hist_gradient_boosting,0,0.0011043140144970198
13,hist_gradient_boosting,0,0.0006908970637633172
13,hist_gradient_boosting,0,0.00010944448269503443
13,hist_gradient_boosting,0,0.00018798027437250762
13,hist_gradient_boosting,0,0.001393096780855893
13,hist_gradient_boosting,0,0.0001791468590468507
13,hist_gradient_boosting,0,0.00012613213968327825
13,hist_gradient_boosting,0,0.0003317039592725815
13,hist_gradient_boosting,0,0.00019881792109906354
13,hist_gradient_boosting,0,0.0002506860837223476
13,hist_gradient_boosting,0,0.00014340322317984644
13,hist_gradient_boosting,0,0.00041894522743061763
13,hist_gradient_boosting,0,0.00024362567964707606
13,hist_gradient_boosting,0,0.00011676128157175413
13,hist_gradient_boosting,0,0.00018752747912736812
13,hist_gradient_boosting,0,0.0002448799272625603
13,hist_gradient_boosting,0,0.00022235325242613504
13,hist_gradient_boosting,0,0.00010704097728719993
13,hist_gradient_boosting,0,0.06625026661356763
13,hist_gradient_boosting,0,0.12679190008469213
13,hist_gradient_boosting,0,0.10116319306016779
13,hist_gradient_boosting,0,0.05833057588236471
13,hist_gradient_boosting,0,0.03014160743720437
13,hist_gradient_boosting,0,0.020019351925983107
13,hist_gradient_boosting,1,0.14755418002361806
13,hist_gradient_boosting,0,0.019318598848811055
13,hist_gradient_boosting,0,0.3252687958062192
13,hist_gradient_boosting,0,0.016768969859713347
13,hist_gradient_boosting,0,0.20994872547951782
13,hist_gradient_boosting,0,0.02810802699408243
13,hist_gradient_boosting,0,0.17614009393416438
13,hist_gradient_boosting,0,0.04800066995852028
13,hist_gradient_boosting,0,0.04750671282860824
13,hist_gradient_boosting,0,0.0378723239503317
13,hist_gradient_boosting,0,0.297617174045539
13,hist_gradient_boosting,0,0.06129864761619462
13,hist_gradient_boosting,0,0.2052733284990573
13,hist_gradient_boosting,0,0.049113816831163115
13,hist_gradient_boosting,0,0.011799088743453652
13,hist_gradient_boosting,0,0.047805837154850275
13,hist_gradient_boosting,0,0.22486044962789123
13,hist_gradient_boosting,0,0.16086821246825117
13,hist_gradient_boosting,0,0.10135204024594437
13,hist_gradient_boosting,0,0.025223405884193154
13,hist_gradient_boosting,0,0.374831913313426
13,hist_gradient_boosting,0,0.06187633219382762
13,hist_gradient_boosting,1,0.12138419941019052
13,hist_gradient_boosting,0,0.029071418941008346
13,hist_gradient_boosting,0,0.05808541970658852
13,hist_gradient_boosting,0,0.015508409614990393
13,hist_gradient_boosting,0,0.019584281494208405
13,hist_gradient_boosting,1,0.033884782487651394
13,hist_gradient_boosting,0,0.010167951911185844
13,hist_gradient_boosting,0,0.024048385127096478
13,hist_gradient_boosting,0,0.22455514110507
13,hist_gradient_boosting,0,0.054524378969419675
13,hist_gradient_boosting,0,0.16762321227641927
13,hist_gradient_boosting,0,0.03335299222590068
13,hist_gradient_boosting,0,0.01967167373316708
13,hist_gradient_boosting,0,0.06255623271145783
13,hist_gradient_boosting,0,0.09800134983420669
13,hist_gradient_boosting,0,0.07038535175236393
13,hist_gradient_boosting,0,0.08697979659747367
13,hist_gradient_boosting,0,0.044555167712642334
13,hist_gradient_boosting,0,0.11316665171444058
13,hist_gradient_boosting,0,0.0835758521637737
13,hist_gradient_boosting,1,0.15355907384400883
13,hist_gradient_boosting,0,0.06843187208326845
13,hist_gradient_boosting,0,0.00014205268172781186
13,hist_gradient_boosting,0,0.00026288540038894674
13,hist_gradient_boosting,0,0.00013921414109321898
13,hist_gradient_boosting,0,0.00011700344953371073
13,hist_gradient_boosting,0,0.0005253383067713181
13,hist_gradient_boosting,0,0.00014411192973210482
13,hist_gradient_boosting,0,0.00023447370464819522
13,hist_gradient_boosting,0,0.00021201457986254967
13,hist_gradient_boosting,0,0.000330491727198085
13,hist_gradient_boosting,0,0.0014694856107334083
13,hist_gradient_boosting,0,0.00012355601453736066
13,hist_gradient_boosting,0,0.00010865844226690358
13,hist_gradient_boosting,0,0.0011335225596271856
13,hist_gradient_boosting,0,0.0005069913608132515
13,hist_gradient_boosting,0,0.0005380638493824742
13,hist_gradient_boosting,0,0.0005383722437885288
13,hist_gradient_boosting,0,0.00019257968210160877
13,hist_gradient_boosting,0,0.00014362041191517142
13,hist_gradient_boosting,0,0.00014945875526041236
13,hist_gradient_boosting,0,0.02571510281026385
13,hist_gradient_boosting,0,0.043899864664623256
13,hist_gradient_boosting,0,0.07506636693664336
13,hist_gradient_boosting,0,0.0985474219614091
13,hist_gradient_boosting,0,0.10360730882697626
13,hist_gradient_boosting,0,0.08412571788638237
13,hist_gradient_boosting,0,0.013931294959944003
13,hist_gradient_boosting,0,0.38204182242953355
13,hist_gradient_boosting,0,0.08322711057541854
13,hist_gradient_boosting,0,0.1453843553249848
13,hist_gradient_boosting,0,0.024177925201304167
13,hist_gradient_boosting,0,0.02242861746399852
13,hist_gradient_boosting,0,0.041278412129370355
13,hist_gradient_boosting,0,0.1011033696457744
13,hist_gradient_boosting,0,0.11645036579248828
13,hist_gradient_boosting,0,0.22654961718008904
13,hist_gradient_boosting,0,0.05602735714054606
13,hist_gradient_boosting,1,0.2105496031477919
13,hist_gradient_boosting,0,0.04054338096145396
13,hist_gradient_boosting,0,0.21449928945069663
13,hist_gradient_boosting,0,0.025847251613263872
13,hist_gradient_boosting,0,0.025459591274908107
13,hist_gradient_boosting,0,0.046953002483778296
13,hist_gradient_boosting,0,0.12562301264560566
13,hist_gradient_boosting,1,0.16048134028833427
13,hist_gradient_boosting,0,0.035658429406322974
13,hist_gradient_boosting,0,0.023543005009229803
13,hist_gradient_boosting,0,0.335937359294232
13,hist_gradient_boosting,0,0.035804722628920156
13,hist_gradient_boosting,1,0.1765739195919583
13,hist_gradient_boosting,0,0.0476598615169017
13,hist_gradient_boosting,0,0.05798870939284494
13,hist_gradient_boosting,0,0.0469917964645857
13,hist_gradient_boosting,0,0.06596871099655101
13,hist_gradient_boosting,0,0.2079954534066123
13,hist_gradient_boosting,0,0.05433969208947045
13,hist_gradient_boosting,0,0.013988591358402367
13,hist_gradient_boosting,0,0.44999478806545584
13,hist_gradient_boosting,0,0.13610334839449215
13,hist_gradient_boosting,0,0.243920806790347
13,hist_gradient_boosting,0,0.027632618592647686
13,hist_gradient_boosting,0,0.02491271026843761
13,hist_gradient_boosting,0,0.039348856282404816
13,hist_gradient_boosting,0,0.06613073130898832
13,hist_gradient_boosting,0,0.14265273383049196
13,hist_gradient_boosting,0,0.05908112645374026
13,hist_gradient_boosting,0,0.01733204099351346
13,hist_gradient_boosting,1,0.2811054646495421
13,hist_gradient_boosting,0,0.03637602461490098
13,hist_gradient_boosting,0,0.10735880899654764
13,hist_gradient_boosting,0,0.08781325184461627
13,hist_gradient_boosting,0,0.00013660022763832005
13,hist_gradient_boosting,0,0.00023582693660703747
13,hist_gradient_boosting,0,0.0002428619718643321
13,hist_gradient_boosting,0,0.002510751517387974
13,hist_gradient_boosting,0,0.00010238898258961321
13,hist_gradient_boosting,0,0.00023735149724536845
13,hist_gradient_boosting,0,0.00046216392919616427
13,hist_gradient_boosting,0,0.00021949380201704503
13,hist_gradient_boosting,0,0.001808455472333209
13,hist_gradient_boosting,0,0.013498836487471086
13,hist_gradient_boosting,0,0.0001984709241265092
13,hist_gradient_boosting,0,0.00018935218089357985
13,hist_gradient_boosting,0,0.0021029928259674283
13,hist_gradient_boosting,0,0.04639113048730399
13,hist_gradient_boosting,0,0.00012023179763257842
13,hist_gradient_boosting,0,0.00012577551889607203
13,hist_gradient_boosting,0,0.00019207195981924187
13,hist_gradient_boosting,0,0.0003926209863614737
13,hist_gradient_boosting,0,0.00011966295478400547
13,hist_gradient_boosting,0,0.034602094448062636
13,hist_gradient_boosting,0,0.04862138492777536
13,hist_gradient_boosting,0,0.06253841518696218
13,hist_gradient_boosting,0,0.07114934559267123
13,hist_gradient_boosting,0,0.08387574793720405
13,hist_gradient_boosting,0,0.019812952782053757
13,hist_gradient_boosting,0,0.06644281439515819
13,hist_gradient_boosting,0,0.13958414145291814
13,hist_gradient_boosting,0,0.0348182625587595
13,hist_gradient_boosting,0,0.2244338294684531
13,hist_gradient_boosting,0,0.034590096020820714
13,hist_gradient_boosting,0,0.05659730803949331
13,hist_gradient_boosting,0,0.06824477892373187
13,hist_gradient_boosting,0,0.1440698716389475
13,hist_gradient_boosting,0,0.08398191675472202
13,hist_gradient_boosting,0,0.029164070900160398
13,hist_gradient_boosting,0,0.0341011136248799
13,hist_gradient_boosting,1,0.22616921401802026
13,hist_gradient_boosting,0,0.06029738669068115
13,hist_gradient_boosting,0,0.18899458783456904
13,hist_gradient_boosting,0,0.03224883142799005
13,hist_gradient_boosting,0,0.02149019151076287
13,hist_gradient_boosting,0,0.07745731447234687
13,hist_gradient_boosting,1,0.09314139773795539
13,hist_gradient_boosting,0,0.031217137515333723
13,hist_gradient_boosting,0,0.08688203221806298
13,hist_gradient_boosting,0,0.034135745588031084
13,hist_gradient_boosting,0,0.2431621858641315
13,hist_gradient_boosting,0,0.04586189166920351
13,hist_gradient_boosting,0,0.04050629193241027
13,hist_gradient_boosting,0,0.05317768717872045
13,hist_gradient_boosting,0,0.047489347881742146
13,hist_gradient_boosting,0,0.02840136873349043
13,hist_gradient_boosting,0,0.09372160708993618
13,hist_gradient_boosting,0,0.15585999606410295
13,hist_gradient_boosting,0,0.03747247398105993
13,hist_gradient_boosting,1,0.07162159647688035
13,hist_gradient_boosting,0,0.16294123756022755
13,hist_gradient_boosting,0,0.03978182497651385
13,hist_gradient_boosting,0,0.15110829525385236
13,hist_gradient_boosting,0,0.05055293486776643
13,hist_gradient_boosting,0,0.07604904904396959
13,hist_gradient_boosting,0,0.021706531499477478
13,hist_gradient_boosting,1,0.0919798897458056
13,hist_gradient_boosting,0,0.06398063023609811
13,hist_gradient_boosting,0,0.02581997464722319
13,hist_gradient_boosting,0,0.04761480658547378
13,hist_gradient_boosting,0,0.1221557263927885
13,hist_gradient_boosting,0,0.041141183017903975
13,hist_gradient_boosting,0,0.3564203313395212
13,hist_gradient_boosting,0,0.06243161958639735
13,hist_gradient_boosting,0,0.00014230783879265788
13,hist_gradient_boosting,0,0.0002454022426031717
13,hist_gradient_boosting,0,0.0010687147745970659
13,hist_gradient_boosting,0,0.00022158568888433329
13,hist_gradient_boosting,0,0.00019294818742939104
13,hist_gradient_boosting,0,0.0002422051772779971
13,hist_gradient_boosting,0,0.00034560395280448726
13,hist_gradient_boosting,0,0.00029348353381540993
13,hist_gradient_boosting,0,0.002140487656814199
13,hist_gradient_boosting,0,0.00012268720828221424
13,hist_gradient_boosting,0,0.0001791548066715508
13,hist_gradient_boosting,0,0.00012897186385180706
13,hist_gradient_boosting,0,0.0014516242773897814
13,hist_gradient_boosting,0,0.00010069860577543413
13,hist_gradient_boosting,0,0.001768804540849272
13,hist_gradient_boosting,0,0.00017839574127503772
13,hist_gradient_boosting,0,0.00010643576962271661
13,hist_gradient_boosting,0,0.0001365915317866528
13,hist_gradient_boosting,0,0.0014549748423528116
13,hist_gradient_boosting,0,0.00013955667749256578
13,hist_gradient_boosting,0,0.01817485010331326
13,hist_gradient_boosting,0,0.062182279875475074
13,hist_gradient_boosting,0,0.06960889949464551
13,hist_gradient_boosting,0,0.4036646064725398
13,hist_gradient_boosting,0,0.04419702064628017
13,hist_gradient_boosting,0,0.026498660559593844
13,hist_gradient_boosting,0,0.034420628999738384
13,hist_gradient_boosting,1,0.0444172988183845
13,hist_gradient_boosting,0,0.11867951239885342
13,hist_gradient_boosting,0,0.021601759902847604
13,hist_gradient_boosting,0,0.04107655133082428
13,hist_gradient_boosting,1,0.05012848912952094
13,hist_gradient_boosting,1,0.08514927791990272
13,hist_gradient_boosting,0,0.14175640903666126
13,hist_gradient_boosting,0,0.08027996606644586
13,hist_gradient_boosting,0,0.12622809334395382
13,hist_gradient_boosting,1,0.24317872704250387
13,hist_gradient_boosting,0,0.06296384599467512
13,hist_gradient_boosting,0,0.06368608189719294
13,hist_gradient_boosting,0,0.057815729956018844
13,hist_gradient_boosting,0,0.03140740321707248
13,hist_gradient_boosting,0,0.07209366721684318
13,hist_gradient_boosting,1,0.045011454458660054
13,hist_gradient_boosting,0,0.27599762539059597
13,hist_gradient_boosting,0,0.05456342481749513
13,hist_gradient_boosting,1,0.058855666480141004
13,hist_gradient_boosting,0,0.21727237038751565
13,hist_gradient_boosting,0,0.1529423075403004
13,hist_gradient_boosting,0,0.005221743923937813
13,hist_gradient_boosting,0,0.06110610624211529
13,hist_gradient_boosting,0,0.040982945065760674
13,hist_gradient_boosting,1,0.051626974044564254
13,hist_gradient_boosting,0,0.13341698305584326
13,hist_gradient_boosting,0,0.21731460901179137
13,hist_gradient_boosting,0,0.05571978950616668
13,hist_gradient_boosting,0,0.012564132193684201
13,hist_gradient_boosting,0,0.33977601027124504
13,hist_gradient_boosting,1,0.0804984190266655
13,hist_gradient_boosting,0,0.044023415150433794
13,hist_gradient_boosting,0,0.03363817855904469
13,hist_gradient_boosting,0,0.05869432354631597
13,hist_gradient_boosting,0,0.03593235806733035
13,hist_gradient_boosting,0,0.10557957363485101
13,hist_gradient_boosting,0,0.15883739232607136
13,hist_gradient_boosting,0,0.11862494126219468
13,hist_gradient_boosting,0,0.0348286546646535
13,hist_gradient_boosting,0,0.5793100355242228
13,hist_gradient_boosting,0,0.07861291564587934
13,hist_gradient_boosting,0,0.2319252554554513
13,hist_gradient_boosting,0,0.06296674248939611
13,hist_gradient_boosting,0,0.00018733188312804622
13,hist_gradient_boosting,0,0.0004967598436527064
13,hist_gradient_boosting,0,0.010779726906622803
13,hist_gradient_boosting,0,8.89520848539662e-05
13,hist_gradient_boosting,0,5.1409525908803555e-05
13,hist_gradient_boosting,0,0.00011581696852109498
13,hist_gradient_boosting,0,0.00015403355345108323
13,hist_gradient_boosting,0,0.0002249496078721864
13,hist_gradient_boosting,0,0.23242132739633975
13,hist_gradient_boosting,0,0.00020093922196507858
13,hist_gradient_boosting,0,0.0003620005257406753
13,hist_gradient_boosting,0,0.0002223462343766557
13,hist_gradient_boosting,0,0.0005449355092871598
13,hist_gradient_boosting,0,0.00031881701174844417
13,hist_gradient_boosting,0,0.0005009823728743584
13,hist_gradient_boosting,0,0.00014748446024400797
13,hist_gradient_boosting,0,0.0005994904541583097
13,hist_gradient_boosting,0,0.00035709073703270327
13,hist_gradient_boosting,0,0.010393314624031275
13,hist_gradient_boosting,0,0.007253071464345014
13,hist_gradient_boosting,0,0.09029315243171583
13,hist_gradient_boosting,0,0.16671200054358762
13,hist_gradient_boosting,0,0.18290641381946454
13,hist_gradient_boosting,0,0.37018732102455587
13,hist_gradient_boosting,0,0.0714133560934521
13,hist_gradient_boosting,0,0.08834651566982146
13,hist_gradient_boosting,0,0.34330887764131046
13,hist_gradient_boosting,0,0.04025818101066508
13,hist_gradient_boosting,0,0.1316336109695739
13,hist_gradient_boosting,0,0.048321212934432305
13,hist_gradient_boosting,0,0.09488342767391393
13,hist_gradient_boosting,0,0.04266667288376202
13,hist_gradient_boosting,1,0.09126916779327948
13,hist_gradient_boosting,0,0.17830687299570733
13,hist_gradient_boosting,0,0.07759778916845388
13,hist_gradient_boosting,0,0.04927910199571073
13,hist_gradient_boosting,0,0.2938748726442368
13,hist_gradient_boosting,0,0.11686250070866046
13,hist_gradient_boosting,0,0.17355751813814718
13,hist_gradient_boosting,0,0.02396433396620344
13,hist_gradient_boosting,0,0.052457343002044333
13,hist_gradient_boosting,0,0.04427524991634972
13,hist_gradient_boosting,1,0.44623585066462246
13,hist_gradient_boosting,0,0.1122415881005561
13,hist_gradient_boosting,0,0.5649633964350058
13,hist_gradient_boosting,0,0.06134676580837674
13,hist_gradient_boosting,0,0.386623499582355
13,hist_gradient_boosting,0,0.09906747330517052
13,hist_gradient_boosting,0,0.0587213596535462
13,hist_gradient_boosting,0,0.036430336960674034
13,hist_gradient_boosting,0,0.030059053917061252
13,hist_gradient_boosting,0,0.02697265824954359
13,hist_gradient_boosting,0,0.12700390352636245
13,hist_gradient_boosting,0,0.13052056907860446
13,hist_gradient_boosting,0,0.18701966368453604
13,hist_gradient_boosting,0,0.017632647122116818
13,hist_gradient_boosting,0,0.13334319369827888
13,hist_gradient_boosting,0,0.03271019885183588
13,hist_gradient_boosting,0,0.0802372204790069
13,hist_gradient_boosting,1,0.01642191853887014
13,hist_gradient_boosting,0,0.0419481742283406
13,hist_gradient_boosting,0,0.04095135794996297
13,hist_gradient_boosting,0,0.074375966476026
13,hist_gradient_boosting,1,0.0074377061339448635
13,hist_gradient_boosting,0,0.13502296277155657
13,hist_gradient_boosting,0,0.07213425814721187
13,hist_gradient_boosting,0,0.11375952435930706
13,hist_gradient_boosting,0,0.0999286459910539
13,hist_gradient_boosting,0,0.2034729615154104
13,hist_gradient_boosting,0,0.034260057544754884
13,hist_gradient_boosting,0,0.00010735787462181786
13,hist_gradient_boosting,0,0.00019086954269954018
13,hist_gradient_boosting,0,7.285573303193751e-05
13,hist_gradient_boosting,0,9.008040971282063e-05
13,hist_gradient_boosting,0,0.00014052656715798377
13,hist_gradient_boosting,0,9.263654790229454e-05
13,hist_gradient_boosting,0,0.00014987208324321032
13,hist_gradient_boosting,0,0.0001941317534441511
13,hist_gradient_boosting,0,0.0013282622632201284
13,hist_gradient_boosting,0,0.010582107405838679
13,hist_gradient_boosting,0,0.00013527935307980514
13,hist_gradient_boosting,0,0.0001998033063364879
13,hist_gradient_boosting,0,0.00019138478875131666
13,hist_gradient_boosting,0,0.038901296319208
13,hist_gradient_boosting,0,0.0004371978023037268
13,hist_gradient_boosting,0,0.0003592771811037015
13,hist_gradient_boosting,0,0.00037253022299510127
13,hist_gradient_boosting,0,0.00029116783527019145
13,hist_gradient_boosting,0,0.010108985301183161
13,hist_gradient_boosting,0,0.00016440360153949178
13,hist_gradient_boosting,0,0.04521626037754719
13,hist_gradient_boosting,0,0.03646843930547872
13,hist_gradient_boosting,1,0.14889660770492938
13,hist_gradient_boosting,0,0.20242720072644804
13,hist_gradient_boosting,0,0.18372847219791075
13,hist_gradient_boosting,0,0.06181517359328718
13,hist_gradient_boosting,0,0.19049213132177767
13,hist_gradient_boosting,0,0.07050770639894251
13,hist_gradient_boosting,0,0.06477124072926639
13,hist_gradient_boosting,0,0.014076997800761003
13,hist_gradient_boosting,1,0.043177305335654274
13,hist_gradient_boosting,0,0.05362195494884345
13,hist_gradient_boosting,0,0.11614136809446461
13,hist_gradient_boosting,0,0.1204112108023355
13,hist_gradient_boosting,0,0.18619573188049654
13,hist_gradient_boosting,0,0.03166566299592008
13,hist_gradient_boosting,1,0.2119747003888851
13,hist_gradient_boosting,0,0.028203440379638678
13,hist_gradient_boosting,0,0.014599100897344135
13,hist_gradient_boosting,0,0.06241127106101683
13,hist_gradient_boosting,0,0.07307587864450038
13,hist_gradient_boosting,0,0.01805614311549267
13,hist_gradient_boosting,0,0.253504559163307
13,hist_gradient_boosting,1,0.09473624657031107
13,hist_gradient_boosting,0,0.13893789232556336
13,hist_gradient_boosting,0,0.08002451047150384
13,hist_gradient_boosting,0,0.11064340290190762
13,hist_gradient_boosting,0,0.026312701483336354
13,hist_gradient_boosting,0,0.04250185662418669
13,hist_gradient_boosting,0,0.0435834957378342
13,hist_gradient_boosting,0,0.04603457716989412
13,hist_gradient_boosting,0,0.02355295951983645
13,hist_gradient_boosting,1,0.16147647717433633
13,hist_gradient_boosting,0,0.13566826050163056
13,hist_gradient_boosting,0,0.09202458921091083
13,hist_gradient_boosting,0,0.01671307063161301
13,hist_gradient_boosting,1,0.079502980113125
13,hist_gradient_boosting,0,0.07461659969825056
13,hist_gradient_boosting,0,0.04933757505241184
13,hist_gradient_boosting,0,0.03415437781708883
13,hist_gradient_boosting,0,0.07636872025801919
13,hist_gradient_boosting,0,0.04637142691454071
13,hist_gradient_boosting,0,0.021045265131222884
13,hist_gradient_boosting,0,0.16172108029176904
13,hist_gradient_boosting,0,0.26049780517107435
13,hist_gradient_boosting,0,0.01614026391526803
13,hist_gradient_boosting,0,0.43634197578839823
13,hist_gradient_boosting,1,0.06458542247048378
13,hist_gradient_boosting,1,0.154866361249494
13,hist_gradient_boosting,0,0.018550614216879115
13,hist_gradient_boosting,0,0.00020162569907257924
13,hist_gradient_boosting,0,0.0004839799991954757
13,hist_gradient_boosting,0,0.0007336602241608571
13,hist_gradient_boosting,0,0.0043336545779668915
13,hist_gradient_boosting,0,7.096118774355832e-05
13,hist_gradient_boosting,0,0.00030347403442757296
13,hist_gradient_boosting,0,0.0002049268938637362
13,hist_gradient_boosting,0,0.00022601161536730632
13,hist_gradient_boosting,0,0.016675889562616272
13,hist_gradient_boosting,0,0.0005608254276251167
13,hist_gradient_boosting,0,0.0001722432334980762
13,hist_gradient_boosting,0,0.000184860355013584
13,hist_gradient_boosting,0,0.0009781881370349388
13,hist_gradient_boosting,0,0.004123565681208669
13,hist_gradient_boosting,0,0.00021903309783997973
13,hist_gradient_boosting,0,0.0003553703387622215
13,hist_gradient_boosting,0,6.643139363987286e-05
13,hist_gradient_boosting,0,0.00010737053304635113
13,hist_gradient_boosting,0,0.0001174670581739488
13,hist_gradient_boosting,0,0.00026195664800657774
13,hist_gradient_boosting,0,0.13615663322047064
13,hist_gradient_boosting,0,0.03226460793270439
13,hist_gradient_boosting,0,0.0837984843359208
13,hist_gradient_boosting,0,0.0630686648959522
13,hist_gradient_boosting,0,0.029069601380340745
13,hist_gradient_boosting,0,0.013441993345331062
13,hist_gradient_boosting,0,0.055832260682211164
13,hist_gradient_boosting,0,0.24772678676931695
13,hist_gradient_boosting,0,0.03514961059940635
13,hist_gradient_boosting,0,0.028174691428017873
13,hist_gradient_boosting,0,0.02351820136988842
13,hist_gradient_boosting,0,0.03368421493914057
13,hist_gradient_boosting,0,0.06563601014389328
13,hist_gradient_boosting,0,0.001815733846888528
13,hist_gradient_boosting,0,0.06041192045031376
13,hist_gradient_boosting,0,0.03492410787994528
13,hist_gradient_boosting,0,0.12299026870130055
13,hist_gradient_boosting,0,0.015625901356797627
13,hist_gradient_boosting,0,0.07448600234223313
13,hist_gradient_boosting,0,0.04140839842393361
13,hist_gradient_boosting,0,0.048824365263959016
13,hist_gradient_boosting,0,0.02512459719898914
13,hist_gradient_boosting,0,0.08893211961958473
13,hist_gradient_boosting,1,0.1593261842810268
13,hist_gradient_boosting,0,0.03241020541244754
13,hist_gradient_boosting,0,0.04641644326249649
13,hist_gradient_boosting,0,0.24285479919546826
13,hist_gradient_boosting,0,0.19628876690120556
13,hist_gradient_boosting,0,0.06849222623799685
13,hist_gradient_boosting,0,0.04068969497972687
14,baseline_a,0,0.07023498694516972
14,baseline_a,0,0.07023498694516972
14,baseline_a,0,0.07023498694516972
14,baseline_a,0,0.07023498694516972
14,baseline_a,0,0.07023498694516972
14,baseline_a,0,0.07023498694516972
14,baseline_a,0,0.07023498694516972
14,baseline_a,0,0.07023498694516972
14,baseline_a,0,0.07023498694516972
14,baseline_a,0,0.07023498694516972
14,baseline_a,0,0.07023498694516972
14,baseline_a,0,0.07023498694516972
14,baseline_a,1,0.07023498694516972
14,baseline_a,0,0.07023498694516972
14,baseline_a,0,0.07023498694516972
14,baseline_a,0,0.07023498694516972
14,baseline_a,0,0.07023498694516972
14,baseline_a,0,0.07023498694516972
14,baseline_a,1,0.07023498694516972
14,baseline_a,0,0.07023498694516972
14,baseline_a,0,0.07023498694516972
14,baseline_a,0,0.07023498694516972
14,baseline_a,0,0.07023498694516972
14,baseline_a,1,0.07023498694516972
14,baseline_a,0,0.07023498694516972
14,baseline_a,0,0.07023498694516972
14,baseline_a,0,0.07023498694516972
14,baseline_a,0,0.07023498694516972
14,baseline_a,0,0.07023498694516972
14,baseline_a,0,0.07023498694516972
14,baseline_a,0,0.07023498694516972
14,baseline_a,0,0.07023498694516972
14,baseline_a,1,0.07023498694516972
14,baseline_a,0,0.07023498694516972
14,baseline_a,0,0.07023498694516972
14,baseline_a,1,0.07023498694516972
14,baseline_a,0,0.07023498694516972
14,baseline_a,0,0.07023498694516972
14,baseline_a,0,0.07023498694516972
14,baseline_a,0,0.07023498694516972
14,baseline_a,0,0.07023498694516972
14,baseline_a,0,0.07023498694516972
14,baseline_a,0,0.07023498694516972
14,baseline_a,0,0.07023498694516972
14,baseline_a,0,0.07023498694516972
14,baseline_a,0,0.07023498694516972
14,baseline_a,0,0.07023498694516972
14,baseline_a,0,0.07023498694516972
14,baseline_a,0,0.07023498694516972
14,baseline_a,0,0.07023498694516972
14,baseline_a,1,0.07023498694516972
14,baseline_a,0,0.07023498694516972
14,baseline_a,1,0.07023498694516972
14,baseline_a,0,0.07023498694516972
14,baseline_a,0,0.07023498694516972
14,baseline_a,0,0.07023498694516972
14,baseline_a,0,0.07023498694516972
14,baseline_a,0,0.07023498694516972
14,baseline_a,0,0.07023498694516972
14,baseline_a,0,0.07023498694516972
14,baseline_a,0,0.07023498694516972
14,baseline_a,0,0.07023498694516972
14,baseline_a,0,0.07023498694516972
14,baseline_a,0,0.07023498694516972
14,baseline_a,0,0.07023498694516972
14,baseline_a,0,0.07023498694516972
14,baseline_a,0,0.07023498694516972
14,baseline_a,0,0.07023498694516972
14,baseline_a,0,0.07023498694516972
14,baseline_a,0,0.07023498694516972
14,baseline_a,0,0.07023498694516972
14,baseline_a,0,0.07023498694516972
14,baseline_a,0,0.07023498694516972
14,baseline_a,0,0.07023498694516972
14,baseline_a,0,0.07023498694516972
14,baseline_a,0,0.07023498694516972
14,baseline_a,0,0.07023498694516972
14,baseline_a,0,0.07023498694516972
14,baseline_a,0,0.07023498694516972
14,baseline_a,0,0.07023498694516972
14,baseline_a,1,0.07023498694516972
14,baseline_a,0,0.07023498694516972
14,baseline_a,1,0.07023498694516972
14,baseline_a,0,0.07023498694516972
14,baseline_a,0,0.07023498694516972
14,baseline_a,0,0.07023498694516972
14,baseline_a,1,0.07023498694516972
14,baseline_a,0,0.07023498694516972
14,baseline_a,0,0.07023498694516972
14,baseline_a,0,0.07023498694516972
14,baseline_a,0,0.07023498694516972
14,baseline_a,0,0.07023498694516972
14,baseline_a,1,0.07023498694516972
14,baseline_a,0,0.07023498694516972
14,baseline_a,0,0.07023498694516972
14,baseline_a,0,0.07023498694516972
14,baseline_a,0,0.07023498694516972
14,baseline_a,0,0.07023498694516972
14,baseline_a,1,0.07023498694516972
14,baseline_a,0,0.07023498694516972
14,baseline_a,0,0.07023498694516972
14,baseline_a,0,0.07023498694516972
14,baseline_a,0,0.07023498694516972
14,baseline_a,0,0.07023498694516972
14,baseline_a,0,0.07023498694516972
14,baseline_a,1,0.07023498694516972
14,baseline_a,0,0.07023498694516972
14,baseline_a,0,0.07023498694516972
14,baseline_a,1,0.07023498694516972
14,baseline_a,0,0.07023498694516972
14,baseline_a,0,0.07023498694516972
14,baseline_a,0,0.07023498694516972
14,baseline_a,0,0.07023498694516972
14,baseline_a,0,0.07023498694516972
14,baseline_a,0,0.07023498694516972
14,baseline_a,0,0.07023498694516972
14,baseline_a,0,0.07023498694516972
14,baseline_a,1,0.07023498694516972
14,baseline_a,0,0.07023498694516972
14,baseline_a,0,0.07023498694516972
14,baseline_a,0,0.07023498694516972
14,baseline_a,0,0.07023498694516972
14,baseline_a,0,0.07023498694516972
14,baseline_a,0,0.07023498694516972
14,baseline_a,0,0.07023498694516972
14,baseline_a,0,0.07023498694516972
14,baseline_a,0,0.07023498694516972
14,baseline_a,0,0.07023498694516972
14,baseline_a,0,0.07023498694516972
14,baseline_a,0,0.07023498694516972
14,baseline_a,0,0.07023498694516972
14,baseline_a,0,0.07023498694516972
14,baseline_a,0,0.07023498694516972
14,baseline_a,0,0.07023498694516972
14,baseline_a,0,0.07023498694516972
14,baseline_a,0,0.07023498694516972
14,baseline_a,0,0.07023498694516972
14,baseline_a,0,0.07023498694516972
14,baseline_a,0,0.07023498694516972
14,baseline_a,0,0.07023498694516972
14,baseline_a,0,0.07023498694516972
14,baseline_a,0,0.07023498694516972
14,baseline_a,0,0.07023498694516972
14,baseline_a,0,0.07023498694516972
14,baseline_a,0,0.07023498694516972
14,baseline_a,0,0.07023498694516972
14,baseline_a,0,0.07023498694516972
14,baseline_a,0,0.07023498694516972
14,baseline_a,0,0.07023498694516972
14,baseline_a,0,0.07023498694516972
14,baseline_a,0,0.07023498694516972
14,baseline_a,0,0.07023498694516972
14,baseline_a,0,0.07023498694516972
14,baseline_a,0,0.07023498694516972
14,baseline_a,0,0.07023498694516972
14,baseline_a,0,0.07023498694516972
14,baseline_a,0,0.07023498694516972
14,baseline_a,1,0.07023498694516972
14,baseline_a,0,0.07023498694516972
14,baseline_a,0,0.07023498694516972
14,baseline_a,0,0.07023498694516972
14,baseline_a,0,0.07023498694516972
14,baseline_a,0,0.07023498694516972
14,baseline_a,0,0.07023498694516972
14,baseline_a,0,0.07023498694516972
14,baseline_a,0,0.07023498694516972
14,baseline_a,0,0.07023498694516972
14,baseline_a,0,0.07023498694516972
14,baseline_a,0,0.07023498694516972
14,baseline_a,1,0.07023498694516972
14,baseline_a,0,0.07023498694516972
14,baseline_a,0,0.07023498694516972
14,baseline_a,0,0.07023498694516972
14,baseline_a,1,0.07023498694516972
14,baseline_a,0,0.07023498694516972
14,baseline_a,0,0.07023498694516972
14,baseline_a,0,0.07023498694516972
14,baseline_a,0,0.07023498694516972
14,baseline_a,0,0.07023498694516972
14,baseline_a,0,0.07023498694516972
14,baseline_a,0,0.07023498694516972
14,baseline_a,0,0.07023498694516972
14,baseline_a,0,0.07023498694516972
14,baseline_a,0,0.07023498694516972
14,baseline_a,0,0.07023498694516972
14,baseline_a,0,0.07023498694516972
14,baseline_a,0,0.07023498694516972
14,baseline_a,0,0.07023498694516972
14,baseline_a,1,0.07023498694516972
14,baseline_a,0,0.07023498694516972
14,baseline_a,0,0.07023498694516972
14,baseline_a,0,0.07023498694516972
14,baseline_a,0,0.07023498694516972
14,baseline_a,0,0.07023498694516972
14,baseline_a,0,0.07023498694516972
14,baseline_a,0,0.07023498694516972
14,baseline_a,0,0.07023498694516972
14,baseline_a,0,0.07023498694516972
14,baseline_a,0,0.07023498694516972
14,baseline_a,0,0.07023498694516972
14,baseline_a,0,0.07023498694516972
14,baseline_a,0,0.07023498694516972
14,baseline_a,0,0.07023498694516972
14,baseline_a,0,0.07023498694516972
14,baseline_a,0,0.07023498694516972
14,baseline_a,0,0.07023498694516972
14,baseline_a,0,0.07023498694516972
14,baseline_a,0,0.07023498694516972
14,baseline_a,0,0.07023498694516972
14,baseline_a,0,0.07023498694516972
14,baseline_a,0,0.07023498694516972
14,baseline_a,0,0.07023498694516972
14,baseline_a,0,0.07023498694516972
14,baseline_a,0,0.07023498694516972
14,baseline_a,0,0.07023498694516972
14,baseline_a,0,0.07023498694516972
14,baseline_a,0,0.07023498694516972
14,baseline_a,0,0.07023498694516972
14,baseline_a,0,0.07023498694516972
14,baseline_a,0,0.07023498694516972
14,baseline_a,0,0.07023498694516972
14,baseline_a,0,0.07023498694516972
14,baseline_a,0,0.07023498694516972
14,baseline_a,0,0.07023498694516972
14,baseline_a,0,0.07023498694516972
14,baseline_a,0,0.07023498694516972
14,baseline_a,0,0.07023498694516972
14,baseline_a,0,0.07023498694516972
14,baseline_a,0,0.07023498694516972
14,baseline_a,0,0.07023498694516972
14,baseline_a,0,0.07023498694516972
14,baseline_a,0,0.07023498694516972
14,baseline_a,0,0.07023498694516972
14,baseline_a,0,0.07023498694516972
14,baseline_a,0,0.07023498694516972
14,baseline_a,0,0.07023498694516972
14,baseline_a,0,0.07023498694516972
14,baseline_a,0,0.07023498694516972
14,baseline_a,0,0.07023498694516972
14,baseline_a,0,0.07023498694516972
14,baseline_a,0,0.07023498694516972
14,baseline_a,0,0.07023498694516972
14,baseline_a,0,0.07023498694516972
14,baseline_a,0,0.07023498694516972
14,baseline_a,0,0.07023498694516972
14,baseline_a,0,0.07023498694516972
14,baseline_a,1,0.07023498694516972
14,baseline_a,0,0.07023498694516972
14,baseline_a,0,0.07023498694516972
14,baseline_a,0,0.07023498694516972
14,baseline_a,0,0.07023498694516972
14,baseline_a,1,0.07023498694516972
14,baseline_a,0,0.07023498694516972
14,baseline_a,0,0.07023498694516972
14,baseline_a,0,0.07023498694516972
14,baseline_a,0,0.07023498694516972
14,baseline_a,0,0.07023498694516972
14,baseline_a,0,0.07023498694516972
14,baseline_a,0,0.07023498694516972
14,baseline_a,0,0.07023498694516972
14,baseline_a,0,0.07023498694516972
14,baseline_a,0,0.07023498694516972
14,baseline_a,0,0.07023498694516972
14,baseline_a,0,0.07023498694516972
14,baseline_a,0,0.07023498694516972
14,baseline_a,0,0.07023498694516972
14,baseline_a,0,0.07023498694516972
14,baseline_a,0,0.07023498694516972
14,baseline_a,0,0.07023498694516972
14,baseline_a,0,0.07023498694516972
14,baseline_a,0,0.07023498694516972
14,baseline_a,0,0.07023498694516972
14,baseline_a,0,0.07023498694516972
14,baseline_a,0,0.07023498694516972
14,baseline_a,0,0.07023498694516972
14,baseline_a,0,0.07023498694516972
14,baseline_a,0,0.07023498694516972
14,baseline_a,0,0.07023498694516972
14,baseline_a,0,0.07023498694516972
14,baseline_a,0,0.07023498694516972
14,baseline_a,0,0.07023498694516972
14,baseline_a,0,0.07023498694516972
14,baseline_a,0,0.07023498694516972
14,baseline_a,0,0.07023498694516972
14,baseline_a,0,0.07023498694516972
14,baseline_a,0,0.07023498694516972
14,baseline_a,0,0.07023498694516972
14,baseline_a,0,0.07023498694516972
14,baseline_a,0,0.07023498694516972
14,baseline_a,0,0.07023498694516972
14,baseline_a,0,0.07023498694516972
14,baseline_a,0,0.07023498694516972
14,baseline_a,0,0.07023498694516972
14,baseline_a,0,0.07023498694516972
14,baseline_a,0,0.07023498694516972
14,baseline_a,0,0.07023498694516972
14,baseline_a,0,0.07023498694516972
14,baseline_a,0,0.07023498694516972
14,baseline_a,0,0.07023498694516972
14,baseline_a,0,0.07023498694516972
14,baseline_a,0,0.07023498694516972
14,baseline_a,0,0.07023498694516972
14,baseline_a,0,0.07023498694516972
14,baseline_a,0,0.07023498694516972
14,baseline_a,0,0.07023498694516972
14,baseline_a,0,0.07023498694516972
14,baseline_a,0,0.07023498694516972
14,baseline_a,0,0.07023498694516972
14,baseline_a,0,0.07023498694516972
14,baseline_a,0,0.07023498694516972
14,baseline_a,0,0.07023498694516972
14,baseline_a,0,0.07023498694516972
14,baseline_a,0,0.07023498694516972
14,baseline_a,0,0.07023498694516972
14,baseline_a,0,0.07023498694516972
14,baseline_a,0,0.07023498694516972
14,baseline_a,0,0.07023498694516972
14,baseline_a,0,0.07023498694516972
14,baseline_a,0,0.07023498694516972
14,baseline_a,0,0.07023498694516972
14,baseline_a,0,0.07023498694516972
14,baseline_a,0,0.07023498694516972
14,baseline_a,0,0.07023498694516972
14,baseline_a,0,0.07023498694516972
14,baseline_a,0,0.07023498694516972
14,baseline_a,0,0.07023498694516972
14,baseline_a,1,0.07023498694516972
14,baseline_a,0,0.07023498694516972
14,baseline_a,0,0.07023498694516972
14,baseline_a,0,0.07023498694516972
14,baseline_a,0,0.07023498694516972
14,baseline_a,0,0.07023498694516972
14,baseline_a,0,0.07023498694516972
14,baseline_a,0,0.07023498694516972
14,baseline_a,0,0.07023498694516972
14,baseline_a,0,0.07023498694516972
14,baseline_a,0,0.07023498694516972
14,baseline_a,0,0.07023498694516972
14,baseline_a,1,0.07023498694516972
14,baseline_a,0,0.07023498694516972
14,baseline_a,0,0.07023498694516972
14,baseline_a,0,0.07023498694516972
14,baseline_a,0,0.07023498694516972
14,baseline_a,0,0.07023498694516972
14,baseline_a,0,0.07023498694516972
14,baseline_a,0,0.07023498694516972
14,baseline_a,0,0.07023498694516972
14,baseline_a,0,0.07023498694516972
14,baseline_a,0,0.07023498694516972
14,baseline_a,0,0.07023498694516972
14,baseline_a,0,0.07023498694516972
14,baseline_a,0,0.07023498694516972
14,baseline_a,0,0.07023498694516972
14,baseline_a,0,0.07023498694516972
14,baseline_a,0,0.07023498694516972
14,baseline_a,0,0.07023498694516972
14,baseline_a,0,0.07023498694516972
14,baseline_a,0,0.07023498694516972
14,baseline_a,0,0.07023498694516972
14,baseline_a,0,0.07023498694516972
14,baseline_a,0,0.07023498694516972
14,baseline_a,0,0.07023498694516972
14,baseline_a,0,0.07023498694516972
14,baseline_a,0,0.07023498694516972
14,baseline_a,0,0.07023498694516972
14,baseline_a,0,0.07023498694516972
14,baseline_a,1,0.07023498694516972
14,baseline_a,0,0.07023498694516972
14,baseline_a,0,0.07023498694516972
14,baseline_a,0,0.07023498694516972
14,baseline_a,0,0.07023498694516972
14,baseline_a,0,0.07023498694516972
14,baseline_a,0,0.07023498694516972
14,baseline_a,0,0.07023498694516972
14,baseline_a,0,0.07023498694516972
14,baseline_a,0,0.07023498694516972
14,baseline_a,0,0.07023498694516972
14,baseline_a,0,0.07023498694516972
14,baseline_a,0,0.07023498694516972
14,baseline_a,0,0.07023498694516972
14,baseline_a,0,0.07023498694516972
14,baseline_a,0,0.07023498694516972
14,baseline_a,1,0.07023498694516972
14,baseline_a,0,0.07023498694516972
14,baseline_a,0,0.07023498694516972
14,baseline_a,0,0.07023498694516972
14,baseline_a,0,0.07023498694516972
14,baseline_a,0,0.07023498694516972
14,baseline_a,0,0.07023498694516972
14,baseline_a,0,0.07023498694516972
14,baseline_a,0,0.07023498694516972
14,baseline_a,0,0.07023498694516972
14,baseline_a,0,0.07023498694516972
14,baseline_a,0,0.07023498694516972
14,baseline_a,0,0.07023498694516972
14,baseline_a,0,0.07023498694516972
14,baseline_a,0,0.07023498694516972
14,baseline_a,0,0.07023498694516972
14,baseline_a,0,0.07023498694516972
14,baseline_a,0,0.07023498694516972
14,baseline_a,0,0.07023498694516972
14,baseline_a,0,0.07023498694516972
14,baseline_a,0,0.07023498694516972
14,baseline_a,0,0.07023498694516972
14,baseline_a,1,0.07023498694516972
14,baseline_a,0,0.07023498694516972
14,baseline_a,0,0.07023498694516972
14,baseline_a,0,0.07023498694516972
14,baseline_a,0,0.07023498694516972
14,baseline_a,0,0.07023498694516972
14,baseline_a,0,0.07023498694516972
14,baseline_a,0,0.07023498694516972
14,baseline_a,0,0.07023498694516972
14,baseline_a,0,0.07023498694516972
14,baseline_a,0,0.07023498694516972
14,baseline_a,0,0.07023498694516972
14,baseline_a,0,0.07023498694516972
14,baseline_a,0,0.07023498694516972
14,baseline_a,0,0.07023498694516972
14,baseline_a,0,0.07023498694516972
14,baseline_a,0,0.07023498694516972
14,baseline_a,0,0.07023498694516972
14,baseline_a,0,0.07023498694516972
14,baseline_a,0,0.07023498694516972
14,baseline_a,0,0.07023498694516972
14,baseline_a,0,0.07023498694516972
14,baseline_a,0,0.07023498694516972
14,baseline_a,0,0.07023498694516972
14,baseline_a,0,0.07023498694516972
14,baseline_a,0,0.07023498694516972
14,baseline_a,0,0.07023498694516972
14,baseline_a,0,0.07023498694516972
14,baseline_a,0,0.07023498694516972
14,baseline_a,0,0.07023498694516972
14,baseline_a,0,0.07023498694516972
14,baseline_a,0,0.07023498694516972
14,baseline_a,0,0.07023498694516972
14,baseline_a,0,0.07023498694516972
14,baseline_a,1,0.07023498694516972
14,baseline_a,0,0.07023498694516972
14,baseline_a,0,0.07023498694516972
14,baseline_a,0,0.07023498694516972
14,baseline_a,1,0.07023498694516972
14,baseline_a,1,0.07023498694516972
14,baseline_a,0,0.07023498694516972
14,baseline_a,0,0.07023498694516972
14,baseline_a,0,0.07023498694516972
14,baseline_a,0,0.07023498694516972
14,baseline_a,0,0.07023498694516972
14,baseline_a,0,0.07023498694516972
14,baseline_a,0,0.07023498694516972
14,baseline_a,0,0.07023498694516972
14,baseline_a,0,0.07023498694516972
14,baseline_a,0,0.07023498694516972
14,baseline_a,0,0.07023498694516972
14,baseline_a,0,0.07023498694516972
14,baseline_a,1,0.07023498694516972
14,baseline_a,0,0.07023498694516972
14,baseline_a,0,0.07023498694516972
14,baseline_a,0,0.07023498694516972
14,baseline_a,0,0.07023498694516972
14,baseline_a,0,0.07023498694516972
14,baseline_a,0,0.07023498694516972
14,baseline_a,0,0.07023498694516972
14,baseline_a,0,0.07023498694516972
14,baseline_a,0,0.07023498694516972
14,baseline_a,0,0.07023498694516972
14,baseline_a,0,0.07023498694516972
14,baseline_a,0,0.07023498694516972
14,baseline_a,0,0.07023498694516972
14,baseline_a,0,0.07023498694516972
14,baseline_a,0,0.07023498694516972
14,baseline_a,1,0.07023498694516972
14,baseline_a,0,0.07023498694516972
14,baseline_a,0,0.07023498694516972
14,baseline_a,0,0.07023498694516972
14,baseline_a,1,0.07023498694516972
14,baseline_a,0,0.07023498694516972
14,baseline_a,0,0.07023498694516972
14,baseline_a,0,0.07023498694516972
14,baseline_a,0,0.07023498694516972
14,baseline_a,0,0.07023498694516972
14,baseline_a,0,0.07023498694516972
14,baseline_a,0,0.07023498694516972
14,baseline_a,0,0.07023498694516972
14,baseline_a,0,0.07023498694516972
14,baseline_a,0,0.07023498694516972
14,baseline_a,0,0.07023498694516972
14,baseline_a,0,0.07023498694516972
14,baseline_a,0,0.07023498694516972
14,baseline_a,0,0.07023498694516972
14,baseline_a,0,0.07023498694516972
14,baseline_a,0,0.07023498694516972
14,baseline_a,0,0.07023498694516972
14,baseline_a,0,0.07023498694516972
14,baseline_a,0,0.07023498694516972
14,baseline_a,0,0.07023498694516972
14,baseline_a,0,0.07023498694516972
14,baseline_a,0,0.07023498694516972
14,baseline_a,0,0.07023498694516972
14,baseline_a,0,0.07023498694516972
14,baseline_a,0,0.07023498694516972
14,baseline_a,1,0.07023498694516972
14,baseline_a,0,0.07023498694516972
14,baseline_a,0,0.07023498694516972
14,baseline_a,0,0.07023498694516972
14,baseline_a,0,0.07023498694516972
14,baseline_a,0,0.07023498694516972
14,baseline_a,0,0.07023498694516972
14,baseline_a,0,0.07023498694516972
14,baseline_a,0,0.07023498694516972
14,baseline_a,0,0.07023498694516972
14,baseline_a,0,0.07023498694516972
14,baseline_a,0,0.07023498694516972
14,baseline_a,0,0.07023498694516972
14,baseline_a,0,0.07023498694516972
14,baseline_a,0,0.07023498694516972
14,baseline_a,0,0.07023498694516972
14,baseline_a,1,0.07023498694516972
14,baseline_a,0,0.07023498694516972
14,baseline_a,0,0.07023498694516972
14,baseline_a,1,0.07023498694516972
14,baseline_a,0,0.07023498694516972
14,baseline_a,0,0.07023498694516972
14,baseline_a,0,0.07023498694516972
14,baseline_a,0,0.07023498694516972
14,baseline_a,0,0.07023498694516972
14,baseline_a,0,0.07023498694516972
14,baseline_a,0,0.07023498694516972
14,baseline_a,0,0.07023498694516972
14,baseline_a,0,0.07023498694516972
14,baseline_a,1,0.07023498694516972
14,baseline_a,0,0.07023498694516972
14,baseline_a,0,0.07023498694516972
14,baseline_a,0,0.07023498694516972
14,baseline_a,0,0.07023498694516972
14,baseline_a,0,0.07023498694516972
14,baseline_a,0,0.07023498694516972
14,baseline_a,0,0.07023498694516972
14,baseline_a,0,0.07023498694516972
14,baseline_a,0,0.07023498694516972
14,baseline_a,0,0.07023498694516972
14,baseline_a,0,0.07023498694516972
14,baseline_a,0,0.07023498694516972
14,baseline_a,0,0.07023498694516972
14,baseline_a,0,0.07023498694516972
14,baseline_a,0,0.07023498694516972
14,baseline_a,0,0.07023498694516972
14,baseline_a,0,0.07023498694516972
14,baseline_a,0,0.07023498694516972
14,baseline_a,0,0.07023498694516972
14,baseline_a,0,0.07023498694516972
14,baseline_a,0,0.07023498694516972
14,baseline_a,0,0.07023498694516972
14,baseline_a,0,0.07023498694516972
14,baseline_a,0,0.07023498694516972
14,baseline_a,0,0.07023498694516972
14,baseline_a,0,0.07023498694516972
14,baseline_a,0,0.07023498694516972
14,baseline_a,0,0.07023498694516972
14,baseline_a,0,0.07023498694516972
14,baseline_a,0,0.07023498694516972
14,baseline_a,0,0.07023498694516972
14,baseline_a,0,0.07023498694516972
14,baseline_a,0,0.07023498694516972
14,baseline_a,0,0.07023498694516972
14,baseline_a,0,0.07023498694516972
14,baseline_a,0,0.07023498694516972
14,baseline_a,0,0.07023498694516972
14,baseline_a,0,0.07023498694516972
14,baseline_a,0,0.07023498694516972
14,baseline_a,0,0.07023498694516972
14,baseline_a,0,0.07023498694516972
14,baseline_a,1,0.07023498694516972
14,baseline_a,0,0.07023498694516972
14,baseline_a,0,0.07023498694516972
14,baseline_a,0,0.07023498694516972
14,baseline_a,0,0.07023498694516972
14,baseline_a,0,0.07023498694516972
14,baseline_a,0,0.07023498694516972
14,baseline_a,0,0.07023498694516972
14,baseline_a,0,0.07023498694516972
14,baseline_a,0,0.07023498694516972
14,baseline_a,0,0.07023498694516972
14,baseline_a,1,0.07023498694516972
14,baseline_a,0,0.07023498694516972
14,baseline_a,0,0.07023498694516972
14,baseline_a,0,0.07023498694516972
14,baseline_a,0,0.07023498694516972
14,baseline_a,0,0.07023498694516972
14,baseline_a,0,0.07023498694516972
14,baseline_a,0,0.07023498694516972
14,baseline_a,0,0.07023498694516972
14,baseline_a,0,0.07023498694516972
14,baseline_a,0,0.07023498694516972
14,baseline_a,0,0.07023498694516972
14,baseline_a,0,0.07023498694516972
14,baseline_a,0,0.07023498694516972
14,baseline_a,0,0.07023498694516972
14,baseline_a,0,0.07023498694516972
14,baseline_a,0,0.07023498694516972
14,baseline_a,0,0.07023498694516972
14,baseline_a,0,0.07023498694516972
14,baseline_a,0,0.07023498694516972
14,baseline_a,0,0.07023498694516972
14,baseline_a,0,0.07023498694516972
14,baseline_a,0,0.07023498694516972
14,baseline_a,0,0.07023498694516972
14,baseline_a,0,0.07023498694516972
14,baseline_a,0,0.07023498694516972
14,baseline_a,1,0.07023498694516972
14,baseline_a,0,0.07023498694516972
14,baseline_a,0,0.07023498694516972
14,baseline_a,0,0.07023498694516972
14,baseline_a,0,0.07023498694516972
14,baseline_a,0,0.07023498694516972
14,baseline_a,0,0.07023498694516972
14,baseline_a,1,0.07023498694516972
14,baseline_a,0,0.07023498694516972
14,baseline_a,0,0.07023498694516972
14,baseline_a,0,0.07023498694516972
14,baseline_a,0,0.07023498694516972
14,baseline_a,0,0.07023498694516972
14,baseline_a,0,0.07023498694516972
14,baseline_a,0,0.07023498694516972
14,baseline_a,0,0.07023498694516972
14,baseline_a,0,0.07023498694516972
14,baseline_a,0,0.07023498694516972
14,baseline_a,0,0.07023498694516972
14,baseline_a,0,0.07023498694516972
14,baseline_a,0,0.07023498694516972
14,baseline_a,0,0.07023498694516972
14,baseline_a,0,0.07023498694516972
14,baseline_a,0,0.07023498694516972
14,baseline_a,0,0.07023498694516972
14,baseline_a,0,0.07023498694516972
14,baseline_a,0,0.07023498694516972
14,baseline_a,0,0.07023498694516972
14,baseline_a,0,0.07023498694516972
14,baseline_a,0,0.07023498694516972
14,baseline_a,0,0.07023498694516972
14,baseline_a,0,0.07023498694516972
14,baseline_a,0,0.07023498694516972
14,baseline_a,0,0.07023498694516972
14,baseline_a,0,0.07023498694516972
14,baseline_a,0,0.07023498694516972
14,baseline_a,0,0.07023498694516972
14,baseline_a,0,0.07023498694516972
14,baseline_a,0,0.07023498694516972
14,baseline_a,0,0.07023498694516972
14,baseline_a,0,0.07023498694516972
14,baseline_a,0,0.07023498694516972
14,baseline_a,0,0.07023498694516972
14,baseline_a,0,0.07023498694516972
14,baseline_a,0,0.07023498694516972
14,baseline_a,0,0.07023498694516972
14,baseline_a,0,0.07023498694516972
14,baseline_a,0,0.07023498694516972
14,baseline_a,0,0.07023498694516972
14,baseline_a,0,0.07023498694516972
14,baseline_a,0,0.07023498694516972
14,baseline_a,0,0.07023498694516972
14,baseline_a,0,0.07023498694516972
14,baseline_a,0,0.07023498694516972
14,baseline_a,0,0.07023498694516972
14,baseline_a,0,0.07023498694516972
14,baseline_a,0,0.07023498694516972
14,baseline_a,1,0.07023498694516972
14,baseline_a,0,0.07023498694516972
14,baseline_a,0,0.07023498694516972
14,baseline_a,0,0.07023498694516972
14,baseline_a,0,0.07023498694516972
14,baseline_a,0,0.07023498694516972
14,baseline_a,0,0.07023498694516972
14,baseline_a,0,0.07023498694516972
14,baseline_a,0,0.07023498694516972
14,baseline_a,0,0.07023498694516972
14,baseline_a,1,0.07023498694516972
14,baseline_a,0,0.07023498694516972
14,baseline_a,0,0.07023498694516972
14,baseline_a,0,0.07023498694516972
14,baseline_a,0,0.07023498694516972
14,baseline_a,0,0.07023498694516972
14,baseline_a,0,0.07023498694516972
14,baseline_a,0,0.07023498694516972
14,baseline_a,0,0.07023498694516972
14,baseline_a,1,0.07023498694516972
14,baseline_a,0,0.07023498694516972
14,baseline_a,0,0.07023498694516972
14,baseline_a,0,0.07023498694516972
14,baseline_a,0,0.07023498694516972
14,baseline_a,0,0.07023498694516972
14,baseline_a,0,0.07023498694516972
14,baseline_a,0,0.07023498694516972
14,baseline_a,0,0.07023498694516972
14,baseline_a,0,0.07023498694516972
14,baseline_a,0,0.07023498694516972
14,baseline_a,0,0.07023498694516972
14,baseline_a,0,0.07023498694516972
14,baseline_a,0,0.07023498694516972
14,baseline_a,0,0.07023498694516972
14,baseline_a,0,0.07023498694516972
14,baseline_a,0,0.07023498694516972
14,baseline_a,0,0.07023498694516972
14,baseline_a,0,0.07023498694516972
14,baseline_a,0,0.07023498694516972
14,baseline_a,0,0.07023498694516972
14,baseline_a,0,0.07023498694516972
14,baseline_a,0,0.07023498694516972
14,baseline_a,0,0.07023498694516972
14,baseline_a,0,0.07023498694516972
14,baseline_a,0,0.07023498694516972
14,baseline_a,0,0.07023498694516972
14,baseline_a,1,0.07023498694516972
14,baseline_a,0,0.07023498694516972
14,baseline_a,0,0.07023498694516972
14,baseline_a,0,0.07023498694516972
14,baseline_a,0,0.07023498694516972
14,baseline_a,1,0.07023498694516972
14,baseline_a,0,0.07023498694516972
14,baseline_a,0,0.07023498694516972
14,baseline_a,0,0.07023498694516972
14,baseline_a,0,0.07023498694516972
14,baseline_a,0,0.07023498694516972
14,baseline_a,1,0.07023498694516972
14,baseline_a,0,0.07023498694516972
14,baseline_a,0,0.07023498694516972
14,baseline_a,0,0.07023498694516972
14,baseline_a,0,0.07023498694516972
14,baseline_a,0,0.07023498694516972
14,baseline_a,0,0.07023498694516972
14,baseline_a,0,0.07023498694516972
14,baseline_a,0,0.07023498694516972
14,baseline_a,1,0.07023498694516972
14,baseline_a,0,0.07023498694516972
14,baseline_a,0,0.07023498694516972
14,baseline_a,0,0.07023498694516972
14,baseline_a,0,0.07023498694516972
14,baseline_a,0,0.07023498694516972
14,baseline_a,0,0.07023498694516972
14,baseline_a,0,0.07023498694516972
14,baseline_a,0,0.07023498694516972
14,baseline_a,0,0.07023498694516972
14,baseline_a,0,0.07023498694516972
14,baseline_a,0,0.07023498694516972
14,baseline_a,1,0.07023498694516972
14,baseline_a,0,0.07023498694516972
14,baseline_a,0,0.07023498694516972
14,baseline_a,0,0.07023498694516972
14,baseline_a,0,0.07023498694516972
14,baseline_a,0,0.07023498694516972
14,baseline_a,0,0.07023498694516972
14,baseline_a,1,0.07023498694516972
14,baseline_a,0,0.07023498694516972
14,baseline_a,0,0.07023498694516972
14,baseline_a,0,0.07023498694516972
14,baseline_a,1,0.07023498694516972
14,baseline_a,0,0.07023498694516972
14,baseline_a,0,0.07023498694516972
14,baseline_a,0,0.07023498694516972
14,baseline_a,0,0.07023498694516972
14,baseline_a,0,0.07023498694516972
14,baseline_a,0,0.07023498694516972
14,baseline_a,0,0.07023498694516972
14,baseline_a,0,0.07023498694516972
14,baseline_a,0,0.07023498694516972
14,baseline_a,0,0.07023498694516972
14,baseline_a,0,0.07023498694516972
14,baseline_a,0,0.07023498694516972
14,baseline_a,0,0.07023498694516972
14,baseline_a,0,0.07023498694516972
14,baseline_a,0,0.07023498694516972
14,baseline_a,0,0.07023498694516972
14,baseline_a,0,0.07023498694516972
14,baseline_a,0,0.07023498694516972
14,baseline_a,0,0.07023498694516972
14,baseline_a,0,0.07023498694516972
14,baseline_a,0,0.07023498694516972
14,baseline_a,0,0.07023498694516972
14,baseline_a,0,0.07023498694516972
14,baseline_a,0,0.07023498694516972
14,baseline_a,0,0.07023498694516972
14,baseline_a,0,0.07023498694516972
14,baseline_a,0,0.07023498694516972
14,baseline_a,0,0.07023498694516972
14,baseline_a,0,0.07023498694516972
14,baseline_a,1,0.07023498694516972
14,baseline_a,0,0.07023498694516972
14,baseline_a,1,0.07023498694516972
14,baseline_a,0,0.07023498694516972
14,baseline_a,0,0.07023498694516972
14,baseline_a,0,0.07023498694516972
14,baseline_a,0,0.07023498694516972
14,baseline_a,0,0.07023498694516972
14,baseline_a,0,0.07023498694516972
14,baseline_a,0,0.07023498694516972
14,baseline_a,0,0.07023498694516972
14,baseline_a,1,0.07023498694516972
14,baseline_a,0,0.07023498694516972
14,baseline_a,0,0.07023498694516972
14,baseline_a,0,0.07023498694516972
14,baseline_a,0,0.07023498694516972
14,baseline_a,0,0.07023498694516972
14,baseline_a,0,0.07023498694516972
14,baseline_a,1,0.07023498694516972
14,baseline_a,0,0.07023498694516972
14,baseline_a,0,0.07023498694516972
14,baseline_a,0,0.07023498694516972
14,baseline_a,0,0.07023498694516972
14,baseline_a,0,0.07023498694516972
14,baseline_a,0,0.07023498694516972
14,baseline_a,0,0.07023498694516972
14,baseline_a,0,0.07023498694516972
14,baseline_a,0,0.07023498694516972
14,baseline_a,0,0.07023498694516972
14,baseline_a,0,0.07023498694516972
14,baseline_a,0,0.07023498694516972
14,baseline_a,0,0.07023498694516972
14,baseline_a,0,0.07023498694516972
14,baseline_a,0,0.07023498694516972
14,baseline_a,0,0.07023498694516972
14,baseline_a,0,0.07023498694516972
14,baseline_a,0,0.07023498694516972
14,baseline_a,0,0.07023498694516972
14,baseline_a,0,0.07023498694516972
14,baseline_a,0,0.07023498694516972
14,baseline_a,0,0.07023498694516972
14,baseline_a,0,0.07023498694516972
14,baseline_a,0,0.07023498694516972
14,baseline_a,0,0.07023498694516972
14,baseline_a,0,0.07023498694516972
14,baseline_a,0,0.07023498694516972
14,baseline_a,0,0.07023498694516972
14,baseline_a,0,0.07023498694516972
14,baseline_a,0,0.07023498694516972
14,baseline_a,0,0.07023498694516972
14,baseline_a,0,0.07023498694516972
14,baseline_a,0,0.07023498694516972
14,baseline_a,0,0.07023498694516972
14,baseline_a,0,0.07023498694516972
14,baseline_a,0,0.07023498694516972
14,baseline_a,0,0.07023498694516972
14,baseline_a,0,0.07023498694516972
14,baseline_a,0,0.07023498694516972
14,baseline_a,0,0.07023498694516972
14,baseline_a,0,0.07023498694516972
14,baseline_a,0,0.07023498694516972
14,baseline_a,0,0.07023498694516972
14,baseline_a,0,0.07023498694516972
14,baseline_a,0,0.07023498694516972
14,baseline_a,0,0.07023498694516972
14,baseline_a,0,0.07023498694516972
14,baseline_a,0,0.07023498694516972
14,baseline_a,0,0.07023498694516972
14,baseline_a,0,0.07023498694516972
14,baseline_a,0,0.07023498694516972
14,baseline_a,0,0.07023498694516972
14,baseline_a,0,0.07023498694516972
14,baseline_a,1,0.07023498694516972
14,baseline_a,0,0.07023498694516972
14,baseline_a,0,0.07023498694516972
14,baseline_a,0,0.07023498694516972
14,baseline_a,0,0.07023498694516972
14,baseline_a,0,0.07023498694516972
14,baseline_a,0,0.07023498694516972
14,baseline_a,0,0.07023498694516972
14,baseline_a,0,0.07023498694516972
14,baseline_a,0,0.07023498694516972
14,baseline_a,1,0.07023498694516972
14,baseline_a,0,0.07023498694516972
14,baseline_a,0,0.07023498694516972
14,baseline_a,0,0.07023498694516972
14,baseline_a,0,0.07023498694516972
14,baseline_a,0,0.07023498694516972
14,baseline_a,0,0.07023498694516972
14,baseline_a,1,0.07023498694516972
14,baseline_a,0,0.07023498694516972
14,baseline_a,0,0.07023498694516972
14,baseline_a,0,0.07023498694516972
14,baseline_a,0,0.07023498694516972
14,baseline_a,0,0.07023498694516972
14,baseline_a,0,0.07023498694516972
14,baseline_a,0,0.07023498694516972
14,baseline_a,0,0.07023498694516972
14,baseline_a,0,0.07023498694516972
14,baseline_a,1,0.07023498694516972
14,baseline_a,0,0.07023498694516972
14,baseline_a,0,0.07023498694516972
14,baseline_a,0,0.07023498694516972
14,baseline_a,0,0.07023498694516972
14,baseline_a,0,0.07023498694516972
14,baseline_a,0,0.07023498694516972
14,baseline_a,1,0.07023498694516972
14,baseline_a,0,0.07023498694516972
14,baseline_a,0,0.07023498694516972
14,baseline_a,0,0.07023498694516972
14,baseline_a,0,0.07023498694516972
14,baseline_a,0,0.07023498694516972
14,baseline_a,0,0.07023498694516972
14,baseline_a,0,0.07023498694516972
14,baseline_a,0,0.07023498694516972
14,baseline_a,0,0.07023498694516972
14,baseline_a,0,0.07023498694516972
14,baseline_a,0,0.07023498694516972
14,baseline_a,0,0.07023498694516972
14,baseline_a,0,0.07023498694516972
14,baseline_a,0,0.07023498694516972
14,baseline_a,0,0.07023498694516972
14,baseline_a,0,0.07023498694516972
14,baseline_a,0,0.07023498694516972
14,baseline_a,0,0.07023498694516972
14,baseline_a,0,0.07023498694516972
14,baseline_a,0,0.07023498694516972
14,baseline_a,0,0.07023498694516972
14,baseline_a,0,0.07023498694516972
14,baseline_a,0,0.07023498694516972
14,baseline_a,0,0.07023498694516972
14,baseline_a,0,0.07023498694516972
14,baseline_a,0,0.07023498694516972
14,baseline_a,0,0.07023498694516972
14,baseline_a,0,0.07023498694516972
14,baseline_a,0,0.07023498694516972
14,baseline_a,0,0.07023498694516972
14,baseline_a,0,0.07023498694516972
14,baseline_a,0,0.07023498694516972
14,baseline_a,0,0.07023498694516972
14,baseline_a,1,0.07023498694516972
14,baseline_a,0,0.07023498694516972
14,baseline_a,0,0.07023498694516972
14,baseline_a,0,0.07023498694516972
14,baseline_a,0,0.07023498694516972
14,baseline_a,0,0.07023498694516972
14,baseline_a,0,0.07023498694516972
14,baseline_a,0,0.07023498694516972
14,baseline_a,0,0.07023498694516972
14,baseline_a,0,0.07023498694516972
14,baseline_a,0,0.07023498694516972
14,baseline_a,0,0.07023498694516972
14,baseline_a,0,0.07023498694516972
14,baseline_a,0,0.07023498694516972
14,baseline_a,0,0.07023498694516972
14,baseline_a,0,0.07023498694516972
14,baseline_a,0,0.07023498694516972
14,baseline_a,0,0.07023498694516972
14,baseline_a,0,0.07023498694516972
14,baseline_a,0,0.07023498694516972
14,baseline_a,0,0.07023498694516972
14,baseline_a,1,0.07023498694516972
14,baseline_a,0,0.07023498694516972
14,baseline_a,0,0.07023498694516972
14,baseline_a,0,0.07023498694516972
14,baseline_a,0,0.07023498694516972
14,baseline_a,1,0.07023498694516972
14,baseline_a,0,0.07023498694516972
14,baseline_a,0,0.07023498694516972
14,baseline_a,0,0.07023498694516972
14,baseline_a,0,0.07023498694516972
14,baseline_a,0,0.07023498694516972
14,baseline_a,0,0.07023498694516972
14,baseline_a,0,0.07023498694516972
14,baseline_a,1,0.07023498694516972
14,baseline_a,1,0.07023498694516972
14,baseline_a,0,0.07023498694516972
14,baseline_a,0,0.07023498694516972
14,baseline_a,0,0.07023498694516972
14,baseline_a,0,0.07023498694516972
14,baseline_a,0,0.07023498694516972
14,baseline_a,0,0.07023498694516972
14,baseline_a,0,0.07023498694516972
14,baseline_a,0,0.07023498694516972
14,baseline_a,0,0.07023498694516972
14,baseline_a,0,0.07023498694516972
14,baseline_a,0,0.07023498694516972
14,baseline_a,0,0.07023498694516972
14,baseline_a,0,0.07023498694516972
14,baseline_a,0,0.07023498694516972
14,baseline_a,0,0.07023498694516972
14,baseline_a,0,0.07023498694516972
14,baseline_a,0,0.07023498694516972
14,baseline_a,0,0.07023498694516972
14,baseline_a,0,0.07023498694516972
14,baseline_a,0,0.07023498694516972
14,baseline_a,0,0.07023498694516972
14,baseline_a,0,0.07023498694516972
14,baseline_a,0,0.07023498694516972
14,baseline_a,0,0.07023498694516972
14,baseline_a,0,0.07023498694516972
14,baseline_a,0,0.07023498694516972
14,baseline_a,0,0.07023498694516972
14,baseline_a,0,0.07023498694516972
14,baseline_a,0,0.07023498694516972
14,baseline_a,0,0.07023498694516972
14,baseline_a,0,0.07023498694516972
14,baseline_a,0,0.07023498694516972
14,baseline_a,0,0.07023498694516972
14,baseline_a,0,0.07023498694516972
14,baseline_a,0,0.07023498694516972
14,baseline_a,0,0.07023498694516972
14,baseline_a,1,0.07023498694516972
14,baseline_a,0,0.07023498694516972
14,baseline_a,0,0.07023498694516972
14,baseline_a,0,0.07023498694516972
14,baseline_a,1,0.07023498694516972
14,baseline_a,0,0.07023498694516972
14,baseline_a,0,0.07023498694516972
14,baseline_a,0,0.07023498694516972
14,baseline_a,0,0.07023498694516972
14,baseline_a,0,0.07023498694516972
14,baseline_a,0,0.07023498694516972
14,baseline_a,0,0.07023498694516972
14,baseline_a,0,0.07023498694516972
14,baseline_a,0,0.07023498694516972
14,baseline_a,0,0.07023498694516972
14,baseline_a,0,0.07023498694516972
14,baseline_a,0,0.07023498694516972
14,baseline_a,0,0.07023498694516972
14,baseline_a,0,0.07023498694516972
14,baseline_a,0,0.07023498694516972
14,baseline_a,1,0.07023498694516972
14,baseline_a,0,0.07023498694516972
14,baseline_a,0,0.07023498694516972
14,baseline_a,0,0.07023498694516972
14,baseline_a,0,0.07023498694516972
14,baseline_a,0,0.07023498694516972
14,baseline_a,0,0.07023498694516972
14,baseline_a,0,0.07023498694516972
14,baseline_a,0,0.07023498694516972
14,baseline_a,0,0.07023498694516972
14,baseline_a,0,0.07023498694516972
14,baseline_a,0,0.07023498694516972
14,baseline_a,0,0.07023498694516972
14,baseline_a,0,0.07023498694516972
14,baseline_a,0,0.07023498694516972
14,baseline_a,0,0.07023498694516972
14,baseline_a,0,0.07023498694516972
14,baseline_a,0,0.07023498694516972
14,baseline_a,0,0.07023498694516972
14,baseline_a,0,0.07023498694516972
14,baseline_a,0,0.07023498694516972
14,baseline_a,0,0.07023498694516972
14,baseline_a,0,0.07023498694516972
14,baseline_a,0,0.07023498694516972
14,baseline_a,0,0.07023498694516972
14,baseline_a,0,0.07023498694516972
14,baseline_a,0,0.07023498694516972
14,baseline_a,0,0.07023498694516972
14,baseline_a,0,0.07023498694516972
14,baseline_a,0,0.07023498694516972
14,baseline_a,0,0.07023498694516972
14,baseline_a,0,0.07023498694516972
14,baseline_a,0,0.07023498694516972
14,baseline_a,0,0.07023498694516972
14,baseline_a,0,0.07023498694516972
14,baseline_a,0,0.07023498694516972
14,baseline_a,0,0.07023498694516972
14,baseline_a,0,0.07023498694516972
14,baseline_a,0,0.07023498694516972
14,baseline_a,0,0.07023498694516972
14,baseline_a,0,0.07023498694516972
14,baseline_a,0,0.07023498694516972
14,baseline_a,0,0.07023498694516972
14,baseline_a,0,0.07023498694516972
14,baseline_a,0,0.07023498694516972
14,baseline_a,0,0.07023498694516972
14,baseline_a,0,0.07023498694516972
14,baseline_a,0,0.07023498694516972
14,baseline_a,0,0.07023498694516972
14,baseline_a,0,0.07023498694516972
14,baseline_a,0,0.07023498694516972
14,baseline_a,0,0.07023498694516972
14,baseline_a,0,0.07023498694516972
14,baseline_a,0,0.07023498694516972
14,baseline_a,1,0.07023498694516972
14,baseline_a,0,0.07023498694516972
14,baseline_a,0,0.07023498694516972
14,baseline_a,1,0.07023498694516972
14,baseline_a,0,0.07023498694516972
14,baseline_a,1,0.07023498694516972
14,baseline_a,0,0.07023498694516972
14,baseline_a,0,0.07023498694516972
14,baseline_a,0,0.07023498694516972
14,baseline_a,0,0.07023498694516972
14,baseline_a,0,0.07023498694516972
14,baseline_a,0,0.07023498694516972
14,baseline_a,0,0.07023498694516972
14,baseline_a,0,0.07023498694516972
14,baseline_a,1,0.07023498694516972
14,baseline_a,0,0.07023498694516972
14,baseline_a,1,0.07023498694516972
14,baseline_a,0,0.07023498694516972
14,baseline_a,0,0.07023498694516972
14,baseline_a,0,0.07023498694516972
14,baseline_a,1,0.07023498694516972
14,baseline_a,0,0.07023498694516972
14,baseline_a,0,0.07023498694516972
14,baseline_a,0,0.07023498694516972
14,baseline_a,0,0.07023498694516972
14,baseline_a,0,0.07023498694516972
14,baseline_a,0,0.07023498694516972
14,baseline_a,0,0.07023498694516972
14,baseline_a,0,0.07023498694516972
14,baseline_a,0,0.07023498694516972
14,baseline_a,0,0.07023498694516972
14,baseline_a,0,0.07023498694516972
14,baseline_a,0,0.07023498694516972
14,baseline_a,0,0.07023498694516972
14,baseline_a,0,0.07023498694516972
14,baseline_a,0,0.07023498694516972
14,baseline_a,0,0.07023498694516972
14,baseline_a,0,0.07023498694516972
14,baseline_a,0,0.07023498694516972
14,baseline_a,0,0.07023498694516972
14,baseline_a,0,0.07023498694516972
14,baseline_a,0,0.07023498694516972
14,baseline_a,0,0.07023498694516972
14,baseline_a,0,0.07023498694516972
14,baseline_a,0,0.07023498694516972
14,baseline_a,0,0.07023498694516972
14,baseline_a,0,0.07023498694516972
14,baseline_a,0,0.07023498694516972
14,baseline_a,0,0.07023498694516972
14,baseline_a,0,0.07023498694516972
14,baseline_a,0,0.07023498694516972
14,baseline_a,0,0.07023498694516972
14,baseline_a,0,0.07023498694516972
14,baseline_a,0,0.07023498694516972
14,baseline_a,0,0.07023498694516972
14,baseline_a,0,0.07023498694516972
14,baseline_a,0,0.07023498694516972
14,baseline_a,0,0.07023498694516972
14,baseline_a,0,0.07023498694516972
14,baseline_a,0,0.07023498694516972
14,baseline_a,0,0.07023498694516972
14,baseline_a,0,0.07023498694516972
14,baseline_a,0,0.07023498694516972
14,baseline_a,0,0.07023498694516972
14,baseline_a,0,0.07023498694516972
14,baseline_a,0,0.07023498694516972
14,baseline_a,0,0.07023498694516972
14,baseline_a,0,0.07023498694516972
14,baseline_a,1,0.07023498694516972
14,baseline_a,0,0.07023498694516972
14,baseline_a,0,0.07023498694516972
14,baseline_a,0,0.07023498694516972
14,baseline_a,0,0.07023498694516972
14,baseline_a,0,0.07023498694516972
14,baseline_a,0,0.07023498694516972
14,baseline_a,1,0.07023498694516972
14,baseline_a,0,0.07023498694516972
14,baseline_a,0,0.07023498694516972
14,baseline_a,0,0.07023498694516972
14,baseline_a,0,0.07023498694516972
14,baseline_a,0,0.07023498694516972
14,baseline_a,0,0.07023498694516972
14,baseline_a,0,0.07023498694516972
14,baseline_a,0,0.07023498694516972
14,baseline_a,0,0.07023498694516972
14,baseline_a,0,0.07023498694516972
14,baseline_a,0,0.07023498694516972
14,baseline_a,0,0.07023498694516972
14,baseline_a,0,0.07023498694516972
14,baseline_a,0,0.07023498694516972
14,baseline_a,0,0.07023498694516972
14,baseline_a,0,0.07023498694516972
14,baseline_a,0,0.07023498694516972
14,baseline_a,0,0.07023498694516972
14,baseline_a,0,0.07023498694516972
14,baseline_a,0,0.07023498694516972
14,baseline_a,0,0.07023498694516972
14,baseline_a,0,0.07023498694516972
14,baseline_a,0,0.07023498694516972
14,baseline_a,0,0.07023498694516972
14,baseline_a,0,0.07023498694516972
14,baseline_a,0,0.07023498694516972
14,baseline_a,0,0.07023498694516972
14,baseline_a,0,0.07023498694516972
14,baseline_a,1,0.07023498694516972
14,baseline_a,0,0.07023498694516972
14,baseline_a,0,0.07023498694516972
14,baseline_a,0,0.07023498694516972
14,baseline_a,0,0.07023498694516972
14,baseline_a,0,0.07023498694516972
14,baseline_a,0,0.07023498694516972
14,baseline_a,0,0.07023498694516972
14,baseline_a,0,0.07023498694516972
14,baseline_a,0,0.07023498694516972
14,baseline_a,0,0.07023498694516972
14,baseline_a,0,0.07023498694516972
14,baseline_a,0,0.07023498694516972
14,baseline_a,0,0.07023498694516972
14,baseline_a,0,0.07023498694516972
14,baseline_a,0,0.07023498694516972
14,baseline_a,0,0.07023498694516972
14,baseline_a,0,0.07023498694516972
14,baseline_a,0,0.07023498694516972
14,baseline_a,0,0.07023498694516972
14,baseline_a,0,0.07023498694516972
14,baseline_a,0,0.07023498694516972
14,baseline_a,0,0.07023498694516972
14,baseline_a,0,0.07023498694516972
14,baseline_a,0,0.07023498694516972
14,baseline_a,0,0.07023498694516972
14,baseline_a,0,0.07023498694516972
14,baseline_a,0,0.07023498694516972
14,baseline_a,0,0.07023498694516972
14,baseline_a,0,0.07023498694516972
14,baseline_a,1,0.07023498694516972
14,baseline_a,0,0.07023498694516972
14,baseline_a,0,0.07023498694516972
14,baseline_a,0,0.07023498694516972
14,baseline_a,0,0.07023498694516972
14,baseline_a,0,0.07023498694516972
14,baseline_a,0,0.07023498694516972
14,baseline_a,0,0.07023498694516972
14,baseline_a,0,0.07023498694516972
14,baseline_a,0,0.07023498694516972
14,baseline_a,0,0.07023498694516972
14,baseline_a,0,0.07023498694516972
14,baseline_a,0,0.07023498694516972
14,baseline_a,0,0.07023498694516972
14,baseline_a,0,0.07023498694516972
14,baseline_a,0,0.07023498694516972
14,baseline_a,0,0.07023498694516972
14,baseline_a,0,0.07023498694516972
14,baseline_a,0,0.07023498694516972
14,baseline_a,0,0.07023498694516972
14,baseline_a,0,0.07023498694516972
14,baseline_a,0,0.07023498694516972
14,baseline_a,1,0.07023498694516972
14,baseline_a,0,0.07023498694516972
14,baseline_a,0,0.07023498694516972
14,baseline_a,0,0.07023498694516972
14,baseline_a,0,0.07023498694516972
14,baseline_a,1,0.07023498694516972
14,baseline_a,0,0.07023498694516972
14,baseline_a,0,0.07023498694516972
14,baseline_a,0,0.07023498694516972
14,baseline_a,0,0.07023498694516972
14,baseline_a,0,0.07023498694516972
14,baseline_a,0,0.07023498694516972
14,baseline_a,0,0.07023498694516972
14,baseline_a,0,0.07023498694516972
14,baseline_a,0,0.07023498694516972
14,baseline_a,0,0.07023498694516972
14,baseline_a,0,0.07023498694516972
14,baseline_a,0,0.07023498694516972
14,baseline_a,0,0.07023498694516972
14,baseline_a,0,0.07023498694516972
14,baseline_a,1,0.07023498694516972
14,baseline_a,0,0.07023498694516972
14,baseline_a,0,0.07023498694516972
14,baseline_a,0,0.07023498694516972
14,baseline_a,0,0.07023498694516972
14,baseline_a,0,0.07023498694516972
14,baseline_a,0,0.07023498694516972
14,baseline_a,0,0.07023498694516972
14,baseline_a,0,0.07023498694516972
14,baseline_a,0,0.07023498694516972
14,baseline_a,0,0.07023498694516972
14,baseline_a,0,0.07023498694516972
14,baseline_a,0,0.07023498694516972
14,baseline_a,0,0.07023498694516972
14,baseline_a,0,0.07023498694516972
14,baseline_a,0,0.07023498694516972
14,baseline_a,0,0.07023498694516972
14,baseline_a,0,0.07023498694516972
14,baseline_a,0,0.07023498694516972
14,baseline_a,0,0.07023498694516972
14,baseline_a,0,0.07023498694516972
14,baseline_a,0,0.07023498694516972
14,baseline_a,0,0.07023498694516972
14,baseline_a,0,0.07023498694516972
14,baseline_a,0,0.07023498694516972
14,baseline_a,0,0.07023498694516972
14,baseline_a,0,0.07023498694516972
14,baseline_a,0,0.07023498694516972
14,baseline_a,0,0.07023498694516972
14,baseline_a,0,0.07023498694516972
14,baseline_a,0,0.07023498694516972
14,baseline_a,0,0.07023498694516972
14,baseline_a,0,0.07023498694516972
14,baseline_a,0,0.07023498694516972
14,baseline_a,0,0.07023498694516972
14,baseline_a,0,0.07023498694516972
14,baseline_a,0,0.07023498694516972
14,baseline_a,0,0.07023498694516972
14,baseline_a,1,0.07023498694516972
14,baseline_a,0,0.07023498694516972
14,baseline_a,0,0.07023498694516972
14,baseline_a,0,0.07023498694516972
14,baseline_a,0,0.07023498694516972
14,baseline_a,0,0.07023498694516972
14,baseline_a,0,0.07023498694516972
14,baseline_a,1,0.07023498694516972
14,baseline_a,0,0.07023498694516972
14,baseline_a,0,0.07023498694516972
14,baseline_a,0,0.07023498694516972
14,baseline_a,0,0.07023498694516972
14,baseline_a,1,0.07023498694516972
14,baseline_a,0,0.07023498694516972
14,baseline_a,0,0.07023498694516972
14,baseline_a,0,0.07023498694516972
14,baseline_a,0,0.07023498694516972
14,baseline_a,0,0.07023498694516972
14,baseline_a,0,0.07023498694516972
14,baseline_a,0,0.07023498694516972
14,baseline_a,0,0.07023498694516972
14,baseline_a,0,0.07023498694516972
14,baseline_a,0,0.07023498694516972
14,baseline_a,0,0.07023498694516972
14,baseline_a,0,0.07023498694516972
14,baseline_a,0,0.07023498694516972
14,baseline_a,0,0.07023498694516972
14,baseline_a,0,0.07023498694516972
14,baseline_a,0,0.07023498694516972
14,baseline_a,0,0.07023498694516972
14,baseline_a,0,0.07023498694516972
14,baseline_a,0,0.07023498694516972
14,baseline_a,0,0.07023498694516972
14,baseline_a,0,0.07023498694516972
14,baseline_a,0,0.07023498694516972
14,baseline_a,0,0.07023498694516972
14,baseline_a,0,0.07023498694516972
14,baseline_a,0,0.07023498694516972
14,baseline_a,0,0.07023498694516972
14,baseline_a,0,0.07023498694516972
14,baseline_a,0,0.07023498694516972
14,baseline_a,0,0.07023498694516972
14,baseline_a,0,0.07023498694516972
14,baseline_a,0,0.07023498694516972
14,baseline_a,0,0.07023498694516972
14,baseline_a,0,0.07023498694516972
14,baseline_a,0,0.07023498694516972
14,baseline_a,0,0.07023498694516972
14,baseline_a,0,0.07023498694516972
14,baseline_a,0,0.07023498694516972
14,baseline_a,0,0.07023498694516972
14,baseline_a,0,0.07023498694516972
14,baseline_a,0,0.07023498694516972
14,baseline_a,0,0.07023498694516972
14,baseline_a,0,0.07023498694516972
14,baseline_a,0,0.07023498694516972
14,baseline_a,0,0.07023498694516972
14,baseline_a,0,0.07023498694516972
14,baseline_a,0,0.07023498694516972
14,baseline_a,0,0.07023498694516972
14,baseline_a,0,0.07023498694516972
14,baseline_a,0,0.07023498694516972
14,baseline_a,0,0.07023498694516972
14,baseline_a,0,0.07023498694516972
14,baseline_a,0,0.07023498694516972
14,baseline_a,0,0.07023498694516972
14,baseline_a,0,0.07023498694516972
14,baseline_a,0,0.07023498694516972
14,baseline_a,0,0.07023498694516972
14,baseline_a,0,0.07023498694516972
14,baseline_a,0,0.07023498694516972
14,baseline_a,0,0.07023498694516972
14,baseline_a,0,0.07023498694516972
14,baseline_a,0,0.07023498694516972
14,baseline_a,0,0.07023498694516972
14,baseline_a,0,0.07023498694516972
14,baseline_a,1,0.07023498694516972
14,baseline_a,0,0.07023498694516972
14,baseline_a,0,0.07023498694516972
14,baseline_a,0,0.07023498694516972
14,baseline_a,0,0.07023498694516972
14,baseline_a,0,0.07023498694516972
14,baseline_a,0,0.07023498694516972
14,baseline_a,0,0.07023498694516972
14,baseline_a,0,0.07023498694516972
14,baseline_a,0,0.07023498694516972
14,baseline_a,0,0.07023498694516972
14,baseline_a,0,0.07023498694516972
14,baseline_a,0,0.07023498694516972
14,baseline_a,1,0.07023498694516972
14,baseline_a,0,0.07023498694516972
14,baseline_a,0,0.07023498694516972
14,baseline_a,0,0.07023498694516972
14,baseline_a,0,0.07023498694516972
14,baseline_a,0,0.07023498694516972
14,baseline_a,0,0.07023498694516972
14,baseline_a,1,0.07023498694516972
14,baseline_a,0,0.07023498694516972
14,baseline_a,0,0.07023498694516972
14,baseline_a,0,0.07023498694516972
14,baseline_a,0,0.07023498694516972
14,baseline_a,0,0.07023498694516972
14,baseline_a,0,0.07023498694516972
14,baseline_a,0,0.07023498694516972
14,baseline_a,0,0.07023498694516972
14,baseline_a,0,0.07023498694516972
14,baseline_a,0,0.07023498694516972
14,baseline_a,0,0.07023498694516972
14,baseline_a,0,0.07023498694516972
14,baseline_a,0,0.07023498694516972
14,baseline_a,0,0.07023498694516972
14,baseline_a,0,0.07023498694516972
14,baseline_a,0,0.07023498694516972
14,baseline_a,0,0.07023498694516972
14,baseline_a,0,0.07023498694516972
14,baseline_a,0,0.07023498694516972
14,baseline_a,0,0.07023498694516972
14,baseline_a,0,0.07023498694516972
14,baseline_a,0,0.07023498694516972
14,baseline_a,0,0.07023498694516972
14,baseline_a,0,0.07023498694516972
14,baseline_a,0,0.07023498694516972
14,baseline_a,0,0.07023498694516972
14,baseline_a,0,0.07023498694516972
14,baseline_a,0,0.07023498694516972
14,baseline_a,0,0.07023498694516972
14,baseline_a,0,0.07023498694516972
14,baseline_a,0,0.07023498694516972
14,baseline_a,0,0.07023498694516972
14,baseline_a,0,0.07023498694516972
14,baseline_a,0,0.07023498694516972
14,baseline_a,1,0.07023498694516972
14,baseline_a,0,0.07023498694516972
14,baseline_a,0,0.07023498694516972
14,baseline_a,0,0.07023498694516972
14,baseline_a,1,0.07023498694516972
14,baseline_a,1,0.07023498694516972
14,baseline_a,0,0.07023498694516972
14,baseline_a,0,0.07023498694516972
14,baseline_a,0,0.07023498694516972
14,baseline_a,1,0.07023498694516972
14,baseline_a,0,0.07023498694516972
14,baseline_a,0,0.07023498694516972
14,baseline_a,0,0.07023498694516972
14,baseline_a,0,0.07023498694516972
14,baseline_a,0,0.07023498694516972
14,baseline_a,0,0.07023498694516972
14,baseline_a,0,0.07023498694516972
14,baseline_a,0,0.07023498694516972
14,baseline_a,1,0.07023498694516972
14,baseline_a,0,0.07023498694516972
14,baseline_a,0,0.07023498694516972
14,baseline_a,0,0.07023498694516972
14,baseline_a,0,0.07023498694516972
14,baseline_a,0,0.07023498694516972
14,baseline_a,1,0.07023498694516972
14,baseline_a,0,0.07023498694516972
14,baseline_a,0,0.07023498694516972
14,baseline_a,0,0.07023498694516972
14,baseline_a,0,0.07023498694516972
14,baseline_a,0,0.07023498694516972
14,baseline_a,1,0.07023498694516972
14,baseline_a,0,0.07023498694516972
14,baseline_a,0,0.07023498694516972
14,baseline_a,0,0.07023498694516972
14,baseline_a,0,0.07023498694516972
14,baseline_a,0,0.07023498694516972
14,baseline_a,0,0.07023498694516972
14,baseline_a,0,0.07023498694516972
14,baseline_a,0,0.07023498694516972
14,baseline_a,0,0.07023498694516972
14,baseline_a,0,0.07023498694516972
14,baseline_a,0,0.07023498694516972
14,baseline_a,0,0.07023498694516972
14,baseline_a,0,0.07023498694516972
14,baseline_a,0,0.07023498694516972
14,baseline_a,0,0.07023498694516972
14,baseline_a,0,0.07023498694516972
14,baseline_a,0,0.07023498694516972
14,baseline_a,0,0.07023498694516972
14,baseline_a,0,0.07023498694516972
14,baseline_a,0,0.07023498694516972
14,baseline_a,0,0.07023498694516972
14,baseline_a,0,0.07023498694516972
14,baseline_a,0,0.07023498694516972
14,baseline_a,0,0.07023498694516972
14,baseline_a,0,0.07023498694516972
14,baseline_a,0,0.07023498694516972
14,baseline_a,0,0.07023498694516972
14,baseline_a,0,0.07023498694516972
14,baseline_a,0,0.07023498694516972
14,baseline_a,0,0.07023498694516972
14,baseline_a,0,0.07023498694516972
14,baseline_a,0,0.07023498694516972
14,baseline_a,0,0.07023498694516972
14,baseline_a,0,0.07023498694516972
14,baseline_a,0,0.07023498694516972
14,baseline_a,0,0.07023498694516972
14,baseline_a,0,0.07023498694516972
14,baseline_a,0,0.07023498694516972
14,baseline_a,0,0.07023498694516972
14,baseline_a,0,0.07023498694516972
14,baseline_a,0,0.07023498694516972
14,baseline_a,0,0.07023498694516972
14,baseline_a,0,0.07023498694516972
14,baseline_a,0,0.07023498694516972
14,baseline_a,1,0.07023498694516972
14,baseline_a,0,0.07023498694516972
14,baseline_a,0,0.07023498694516972
14,baseline_a,0,0.07023498694516972
14,baseline_a,0,0.07023498694516972
14,baseline_a,0,0.07023498694516972
14,baseline_a,0,0.07023498694516972
14,baseline_a,0,0.07023498694516972
14,baseline_a,0,0.07023498694516972
14,baseline_a,0,0.07023498694516972
14,baseline_a,1,0.07023498694516972
14,baseline_a,0,0.07023498694516972
14,baseline_a,0,0.07023498694516972
14,baseline_a,0,0.07023498694516972
14,baseline_a,0,0.07023498694516972
14,baseline_a,0,0.07023498694516972
14,baseline_a,0,0.07023498694516972
14,baseline_a,0,0.07023498694516972
14,baseline_a,0,0.07023498694516972
14,baseline_a,0,0.07023498694516972
14,baseline_a,0,0.07023498694516972
14,baseline_a,0,0.07023498694516972
14,baseline_a,0,0.07023498694516972
14,baseline_a,0,0.07023498694516972
14,baseline_a,0,0.07023498694516972
14,baseline_a,0,0.07023498694516972
14,baseline_a,0,0.07023498694516972
14,baseline_a,1,0.07023498694516972
14,baseline_a,0,0.07023498694516972
14,baseline_a,0,0.07023498694516972
14,baseline_a,0,0.07023498694516972
14,baseline_a,1,0.07023498694516972
14,baseline_a,0,0.07023498694516972
14,baseline_a,0,0.07023498694516972
14,baseline_a,0,0.07023498694516972
14,baseline_a,0,0.07023498694516972
14,baseline_a,0,0.07023498694516972
14,baseline_a,0,0.07023498694516972
14,baseline_a,0,0.07023498694516972
14,baseline_a,0,0.07023498694516972
14,baseline_a,0,0.07023498694516972
14,baseline_a,0,0.07023498694516972
14,baseline_a,0,0.07023498694516972
14,baseline_a,0,0.07023498694516972
14,baseline_a,0,0.07023498694516972
14,baseline_a,0,0.07023498694516972
14,baseline_a,0,0.07023498694516972
14,baseline_a,0,0.07023498694516972
14,baseline_a,0,0.07023498694516972
14,baseline_a,0,0.07023498694516972
14,baseline_a,0,0.07023498694516972
14,baseline_a,0,0.07023498694516972
14,baseline_a,0,0.07023498694516972
14,baseline_a,0,0.07023498694516972
14,baseline_a,0,0.07023498694516972
14,baseline_a,0,0.07023498694516972
14,baseline_a,0,0.07023498694516972
14,baseline_a,0,0.07023498694516972
14,baseline_a,0,0.07023498694516972
14,baseline_a,0,0.07023498694516972
14,baseline_a,1,0.07023498694516972
14,baseline_a,0,0.07023498694516972
14,baseline_a,0,0.07023498694516972
14,baseline_a,0,0.07023498694516972
14,baseline_a,0,0.07023498694516972
14,baseline_a,0,0.07023498694516972
14,baseline_a,0,0.07023498694516972
14,baseline_a,0,0.07023498694516972
14,baseline_a,1,0.07023498694516972
14,baseline_a,0,0.07023498694516972
14,baseline_a,0,0.07023498694516972
14,baseline_a,0,0.07023498694516972
14,baseline_a,0,0.07023498694516972
14,baseline_a,0,0.07023498694516972
14,baseline_a,1,0.07023498694516972
14,baseline_a,0,0.07023498694516972
14,baseline_a,0,0.07023498694516972
14,baseline_a,0,0.07023498694516972
14,baseline_a,0,0.07023498694516972
14,baseline_a,0,0.07023498694516972
14,baseline_a,0,0.07023498694516972
14,baseline_a,1,0.07023498694516972
14,baseline_a,0,0.07023498694516972
14,baseline_a,0,0.07023498694516972
14,baseline_a,0,0.07023498694516972
14,baseline_a,0,0.07023498694516972
14,baseline_a,0,0.07023498694516972
14,baseline_a,0,0.07023498694516972
14,baseline_a,0,0.07023498694516972
14,baseline_a,0,0.07023498694516972
14,baseline_a,1,0.07023498694516972
14,baseline_a,0,0.07023498694516972
14,baseline_a,0,0.07023498694516972
14,baseline_a,0,0.07023498694516972
14,baseline_a,1,0.07023498694516972
14,baseline_a,0,0.07023498694516972
14,baseline_a,0,0.07023498694516972
14,baseline_a,0,0.07023498694516972
14,baseline_a,0,0.07023498694516972
14,baseline_a,0,0.07023498694516972
14,baseline_a,0,0.07023498694516972
14,baseline_a,0,0.07023498694516972
14,baseline_a,0,0.07023498694516972
14,baseline_a,0,0.07023498694516972
14,baseline_a,0,0.07023498694516972
14,baseline_a,1,0.07023498694516972
14,baseline_a,1,0.07023498694516972
14,baseline_a,0,0.07023498694516972
14,baseline_a,0,0.07023498694516972
14,baseline_a,0,0.07023498694516972
14,baseline_a,0,0.07023498694516972
14,baseline_a,0,0.07023498694516972
14,baseline_a,0,0.07023498694516972
14,baseline_a,0,0.07023498694516972
14,baseline_a,0,0.07023498694516972
14,baseline_a,0,0.07023498694516972
14,baseline_a,0,0.07023498694516972
14,baseline_a,0,0.07023498694516972
14,baseline_a,0,0.07023498694516972
14,baseline_a,0,0.07023498694516972
14,baseline_a,0,0.07023498694516972
14,baseline_a,0,0.07023498694516972
14,baseline_a,0,0.07023498694516972
14,baseline_a,0,0.07023498694516972
14,baseline_a,0,0.07023498694516972
14,baseline_a,0,0.07023498694516972
14,baseline_a,0,0.07023498694516972
14,baseline_a,0,0.07023498694516972
14,baseline_a,0,0.07023498694516972
14,baseline_a,0,0.07023498694516972
14,baseline_a,0,0.07023498694516972
14,baseline_a,0,0.07023498694516972
14,baseline_a,0,0.07023498694516972
14,baseline_a,0,0.07023498694516972
14,baseline_a,0,0.07023498694516972
14,baseline_a,0,0.07023498694516972
14,baseline_a,0,0.07023498694516972
14,baseline_a,0,0.07023498694516972
14,baseline_a,0,0.07023498694516972
14,baseline_a,0,0.07023498694516972
14,baseline_a,0,0.07023498694516972
14,baseline_a,0,0.07023498694516972
14,baseline_a,0,0.07023498694516972
14,baseline_a,0,0.07023498694516972
14,baseline_a,0,0.07023498694516972
14,baseline_a,0,0.07023498694516972
14,baseline_a,0,0.07023498694516972
14,baseline_a,0,0.07023498694516972
14,baseline_a,0,0.07023498694516972
14,baseline_a,0,0.07023498694516972
14,baseline_a,0,0.07023498694516972
14,baseline_a,1,0.07023498694516972
14,baseline_a,0,0.07023498694516972
14,baseline_a,0,0.07023498694516972
14,baseline_a,0,0.07023498694516972
14,baseline_a,0,0.07023498694516972
14,baseline_a,0,0.07023498694516972
14,baseline_a,0,0.07023498694516972
14,baseline_b,0,0.06005221932114883
14,baseline_b,0,0.04177545691906005
14,baseline_b,0,0.12924281984334204
14,baseline_b,0,0.09921671018276762
14,baseline_b,0,0.044386422976501305
14,baseline_b,0,0.031331592689295036
14,baseline_b,0,0.11096605744125326
14,baseline_b,0,0.048302872062663184
14,baseline_b,0,0.11096605744125326
14,baseline_b,0,0.02610966057441253
14,baseline_b,0,0.06005221932114883
14,baseline_b,0,0.04177545691906005
14,baseline_b,1,0.12924281984334204
14,baseline_b,0,0.09921671018276762
14,baseline_b,0,0.044386422976501305
14,baseline_b,0,0.031331592689295036
14,baseline_b,0,0.11096605744125326
14,baseline_b,0,0.048302872062663184
14,baseline_b,1,0.11096605744125326
14,baseline_b,0,0.02610966057441253
14,baseline_b,0,0.06005221932114883
14,baseline_b,0,0.04177545691906005
14,baseline_b,0,0.12924281984334204
14,baseline_b,1,0.09921671018276762
14,baseline_b,0,0.044386422976501305
14,baseline_b,0,0.031331592689295036
14,baseline_b,0,0.11096605744125326
14,baseline_b,0,0.048302872062663184
14,baseline_b,0,0.11096605744125326
14,baseline_b,0,0.02610966057441253
14,baseline_b,0,0.06005221932114883
14,baseline_b,0,0.04177545691906005
14,baseline_b,1,0.12924281984334204
14,baseline_b,0,0.09921671018276762
14,baseline_b,0,0.044386422976501305
14,baseline_b,1,0.031331592689295036
14,baseline_b,0,0.11096605744125326
14,baseline_b,0,0.048302872062663184
14,baseline_b,0,0.11096605744125326
14,baseline_b,0,0.02610966057441253
14,baseline_b,0,0.06005221932114883
14,baseline_b,0,0.04177545691906005
14,baseline_b,0,0.12924281984334204
14,baseline_b,0,0.09921671018276762
14,baseline_b,0,0.044386422976501305
14,baseline_b,0,0.031331592689295036
14,baseline_b,0,0.11096605744125326
14,baseline_b,0,0.048302872062663184
14,baseline_b,0,0.11096605744125326
14,baseline_b,0,0.02610966057441253
14,baseline_b,1,0.06005221932114883
14,baseline_b,0,0.04177545691906005
14,baseline_b,1,0.12924281984334204
14,baseline_b,0,0.09921671018276762
14,baseline_b,0,0.044386422976501305
14,baseline_b,0,0.031331592689295036
14,baseline_b,0,0.11096605744125326
14,baseline_b,0,0.048302872062663184
14,baseline_b,0,0.11096605744125326
14,baseline_b,0,0.02610966057441253
14,baseline_b,0,0.06005221932114883
14,baseline_b,0,0.04177545691906005
14,baseline_b,0,0.12924281984334204
14,baseline_b,0,0.09921671018276762
14,baseline_b,0,0.044386422976501305
14,baseline_b,0,0.031331592689295036
14,baseline_b,0,0.11096605744125326
14,baseline_b,0,0.048302872062663184
14,baseline_b,0,0.11096605744125326
14,baseline_b,0,0.02610966057441253
14,baseline_b,0,0.06005221932114883
14,baseline_b,0,0.04177545691906005
14,baseline_b,0,0.12924281984334204
14,baseline_b,0,0.09921671018276762
14,baseline_b,0,0.044386422976501305
14,baseline_b,0,0.031331592689295036
14,baseline_b,0,0.11096605744125326
14,baseline_b,0,0.048302872062663184
14,baseline_b,0,0.11096605744125326
14,baseline_b,0,0.02610966057441253
14,baseline_b,1,0.06005221932114883
14,baseline_b,0,0.04177545691906005
14,baseline_b,1,0.12924281984334204
14,baseline_b,0,0.09921671018276762
14,baseline_b,0,0.044386422976501305
14,baseline_b,0,0.031331592689295036
14,baseline_b,1,0.11096605744125326
14,baseline_b,0,0.048302872062663184
14,baseline_b,0,0.11096605744125326
14,baseline_b,0,0.02610966057441253
14,baseline_b,0,0.06005221932114883
14,baseline_b,0,0.04177545691906005
14,baseline_b,1,0.12924281984334204
14,baseline_b,0,0.09921671018276762
14,baseline_b,0,0.044386422976501305
14,baseline_b,0,0.031331592689295036
14,baseline_b,0,0.11096605744125326
14,baseline_b,0,0.048302872062663184
14,baseline_b,1,0.11096605744125326
14,baseline_b,0,0.02610966057441253
14,baseline_b,0,0.06005221932114883
14,baseline_b,0,0.04177545691906005
14,baseline_b,0,0.12924281984334204
14,baseline_b,0,0.09921671018276762
14,baseline_b,0,0.044386422976501305
14,baseline_b,1,0.031331592689295036
14,baseline_b,0,0.11096605744125326
14,baseline_b,0,0.048302872062663184
14,baseline_b,1,0.11096605744125326
14,baseline_b,0,0.02610966057441253
14,baseline_b,0,0.06005221932114883
14,baseline_b,0,0.04177545691906005
14,baseline_b,0,0.12924281984334204
14,baseline_b,0,0.09921671018276762
14,baseline_b,0,0.044386422976501305
14,baseline_b,0,0.031331592689295036
14,baseline_b,0,0.11096605744125326
14,baseline_b,1,0.048302872062663184
14,baseline_b,0,0.11096605744125326
14,baseline_b,0,0.02610966057441253
14,baseline_b,0,0.06005221932114883
14,baseline_b,0,0.04177545691906005
14,baseline_b,0,0.12924281984334204
14,baseline_b,0,0.09921671018276762
14,baseline_b,0,0.044386422976501305
14,baseline_b,0,0.031331592689295036
14,baseline_b,0,0.11096605744125326
14,baseline_b,0,0.048302872062663184
14,baseline_b,0,0.11096605744125326
14,baseline_b,0,0.02610966057441253
14,baseline_b,0,0.06005221932114883
14,baseline_b,0,0.04177545691906005
14,baseline_b,0,0.12924281984334204
14,baseline_b,0,0.09921671018276762
14,baseline_b,0,0.044386422976501305
14,baseline_b,0,0.031331592689295036
14,baseline_b,0,0.11096605744125326
14,baseline_b,0,0.048302872062663184
14,baseline_b,0,0.11096605744125326
14,baseline_b,0,0.02610966057441253
14,baseline_b,0,0.06005221932114883
14,baseline_b,0,0.04177545691906005
14,baseline_b,0,0.12924281984334204
14,baseline_b,0,0.09921671018276762
14,baseline_b,0,0.044386422976501305
14,baseline_b,0,0.031331592689295036
14,baseline_b,0,0.11096605744125326
14,baseline_b,0,0.048302872062663184
14,baseline_b,0,0.11096605744125326
14,baseline_b,0,0.02610966057441253
14,baseline_b,0,0.06005221932114883
14,baseline_b,0,0.04177545691906005
14,baseline_b,0,0.12924281984334204
14,baseline_b,0,0.09921671018276762
14,baseline_b,0,0.044386422976501305
14,baseline_b,0,0.031331592689295036
14,baseline_b,0,0.11096605744125326
14,baseline_b,1,0.048302872062663184
14,baseline_b,0,0.11096605744125326
14,baseline_b,0,0.02610966057441253
14,baseline_b,0,0.06005221932114883
14,baseline_b,0,0.04177545691906005
14,baseline_b,0,0.12924281984334204
14,baseline_b,0,0.09921671018276762
14,baseline_b,0,0.044386422976501305
14,baseline_b,0,0.031331592689295036
14,baseline_b,0,0.11096605744125326
14,baseline_b,0,0.048302872062663184
14,baseline_b,0,0.11096605744125326
14,baseline_b,1,0.02610966057441253
14,baseline_b,0,0.06005221932114883
14,baseline_b,0,0.04177545691906005
14,baseline_b,0,0.12924281984334204
14,baseline_b,1,0.09921671018276762
14,baseline_b,0,0.044386422976501305
14,baseline_b,0,0.031331592689295036
14,baseline_b,0,0.11096605744125326
14,baseline_b,0,0.048302872062663184
14,baseline_b,0,0.11096605744125326
14,baseline_b,0,0.02610966057441253
14,baseline_b,0,0.06005221932114883
14,baseline_b,0,0.04177545691906005
14,baseline_b,0,0.12924281984334204
14,baseline_b,0,0.09921671018276762
14,baseline_b,0,0.044386422976501305
14,baseline_b,0,0.031331592689295036
14,baseline_b,0,0.11096605744125326
14,baseline_b,0,0.048302872062663184
14,baseline_b,1,0.11096605744125326
14,baseline_b,0,0.02610966057441253
14,baseline_b,0,0.06005221932114883
14,baseline_b,0,0.04177545691906005
14,baseline_b,0,0.12924281984334204
14,baseline_b,0,0.09921671018276762
14,baseline_b,0,0.044386422976501305
14,baseline_b,0,0.031331592689295036
14,baseline_b,0,0.11096605744125326
14,baseline_b,0,0.048302872062663184
14,baseline_b,0,0.11096605744125326
14,baseline_b,0,0.02610966057441253
14,baseline_b,0,0.06005221932114883
14,baseline_b,0,0.04177545691906005
14,baseline_b,0,0.12924281984334204
14,baseline_b,0,0.09921671018276762
14,baseline_b,0,0.044386422976501305
14,baseline_b,0,0.031331592689295036
14,baseline_b,0,0.11096605744125326
14,baseline_b,0,0.048302872062663184
14,baseline_b,0,0.11096605744125326
14,baseline_b,0,0.02610966057441253
14,baseline_b,0,0.06005221932114883
14,baseline_b,0,0.04177545691906005
14,baseline_b,0,0.12924281984334204
14,baseline_b,0,0.09921671018276762
14,baseline_b,0,0.044386422976501305
14,baseline_b,0,0.031331592689295036
14,baseline_b,0,0.11096605744125326
14,baseline_b,0,0.048302872062663184
14,baseline_b,0,0.11096605744125326
14,baseline_b,0,0.02610966057441253
14,baseline_b,0,0.06005221932114883
14,baseline_b,0,0.04177545691906005
14,baseline_b,0,0.12924281984334204
14,baseline_b,0,0.09921671018276762
14,baseline_b,0,0.044386422976501305
14,baseline_b,0,0.031331592689295036
14,baseline_b,0,0.11096605744125326
14,baseline_b,0,0.048302872062663184
14,baseline_b,0,0.11096605744125326
14,baseline_b,0,0.02610966057441253
14,baseline_b,0,0.06005221932114883
14,baseline_b,0,0.04177545691906005
14,baseline_b,0,0.12924281984334204
14,baseline_b,0,0.09921671018276762
14,baseline_b,0,0.044386422976501305
14,baseline_b,0,0.031331592689295036
14,baseline_b,0,0.11096605744125326
14,baseline_b,0,0.048302872062663184
14,baseline_b,0,0.11096605744125326
14,baseline_b,0,0.02610966057441253
14,baseline_b,0,0.06005221932114883
14,baseline_b,0,0.04177545691906005
14,baseline_b,0,0.12924281984334204
14,baseline_b,0,0.09921671018276762
14,baseline_b,0,0.044386422976501305
14,baseline_b,0,0.031331592689295036
14,baseline_b,1,0.11096605744125326
14,baseline_b,0,0.048302872062663184
14,baseline_b,0,0.11096605744125326
14,baseline_b,0,0.02610966057441253
14,baseline_b,0,0.06005221932114883
14,baseline_b,1,0.04177545691906005
14,baseline_b,0,0.12924281984334204
14,baseline_b,0,0.09921671018276762
14,baseline_b,0,0.044386422976501305
14,baseline_b,0,0.031331592689295036
14,baseline_b,0,0.11096605744125326
14,baseline_b,0,0.048302872062663184
14,baseline_b,0,0.11096605744125326
14,baseline_b,0,0.02610966057441253
14,baseline_b,0,0.06005221932114883
14,baseline_b,0,0.04177545691906005
14,baseline_b,0,0.12924281984334204
14,baseline_b,0,0.09921671018276762
14,baseline_b,0,0.044386422976501305
14,baseline_b,0,0.031331592689295036
14,baseline_b,0,0.11096605744125326
14,baseline_b,0,0.048302872062663184
14,baseline_b,0,0.11096605744125326
14,baseline_b,0,0.02610966057441253
14,baseline_b,0,0.06005221932114883
14,baseline_b,0,0.04177545691906005
14,baseline_b,0,0.12924281984334204
14,baseline_b,0,0.09921671018276762
14,baseline_b,0,0.044386422976501305
14,baseline_b,0,0.031331592689295036
14,baseline_b,0,0.11096605744125326
14,baseline_b,0,0.048302872062663184
14,baseline_b,0,0.11096605744125326
14,baseline_b,0,0.02610966057441253
14,baseline_b,0,0.06005221932114883
14,baseline_b,0,0.04177545691906005
14,baseline_b,0,0.12924281984334204
14,baseline_b,0,0.09921671018276762
14,baseline_b,0,0.044386422976501305
14,baseline_b,0,0.031331592689295036
14,baseline_b,0,0.11096605744125326
14,baseline_b,0,0.048302872062663184
14,baseline_b,0,0.11096605744125326
14,baseline_b,0,0.02610966057441253
14,baseline_b,0,0.06005221932114883
14,baseline_b,0,0.04177545691906005
14,baseline_b,0,0.12924281984334204
14,baseline_b,0,0.09921671018276762
14,baseline_b,0,0.044386422976501305
14,baseline_b,0,0.031331592689295036
14,baseline_b,0,0.11096605744125326
14,baseline_b,0,0.048302872062663184
14,baseline_b,0,0.11096605744125326
14,baseline_b,0,0.02610966057441253
14,baseline_b,0,0.06005221932114883
14,baseline_b,0,0.04177545691906005
14,baseline_b,0,0.12924281984334204
14,baseline_b,0,0.09921671018276762
14,baseline_b,0,0.044386422976501305
14,baseline_b,0,0.031331592689295036
14,baseline_b,0,0.11096605744125326
14,baseline_b,0,0.048302872062663184
14,baseline_b,0,0.11096605744125326
14,baseline_b,0,0.02610966057441253
14,baseline_b,0,0.06005221932114883
14,baseline_b,0,0.04177545691906005
14,baseline_b,0,0.12924281984334204
14,baseline_b,0,0.09921671018276762
14,baseline_b,0,0.044386422976501305
14,baseline_b,0,0.031331592689295036
14,baseline_b,0,0.11096605744125326
14,baseline_b,0,0.048302872062663184
14,baseline_b,0,0.11096605744125326
14,baseline_b,0,0.02610966057441253
14,baseline_b,0,0.06005221932114883
14,baseline_b,0,0.04177545691906005
14,baseline_b,0,0.12924281984334204
14,baseline_b,0,0.09921671018276762
14,baseline_b,0,0.044386422976501305
14,baseline_b,0,0.031331592689295036
14,baseline_b,1,0.11096605744125326
14,baseline_b,0,0.048302872062663184
14,baseline_b,0,0.11096605744125326
14,baseline_b,0,0.02610966057441253
14,baseline_b,0,0.06005221932114883
14,baseline_b,0,0.04177545691906005
14,baseline_b,0,0.12924281984334204
14,baseline_b,0,0.09921671018276762
14,baseline_b,0,0.044386422976501305
14,baseline_b,0,0.031331592689295036
14,baseline_b,0,0.11096605744125326
14,baseline_b,0,0.048302872062663184
14,baseline_b,1,0.11096605744125326
14,baseline_b,0,0.02610966057441253
14,baseline_b,0,0.06005221932114883
14,baseline_b,0,0.04177545691906005
14,baseline_b,0,0.12924281984334204
14,baseline_b,0,0.09921671018276762
14,baseline_b,0,0.044386422976501305
14,baseline_b,0,0.031331592689295036
14,baseline_b,0,0.11096605744125326
14,baseline_b,0,0.048302872062663184
14,baseline_b,0,0.11096605744125326
14,baseline_b,0,0.02610966057441253
14,baseline_b,0,0.06005221932114883
14,baseline_b,0,0.04177545691906005
14,baseline_b,0,0.12924281984334204
14,baseline_b,0,0.09921671018276762
14,baseline_b,0,0.044386422976501305
14,baseline_b,0,0.031331592689295036
14,baseline_b,0,0.11096605744125326
14,baseline_b,0,0.048302872062663184
14,baseline_b,0,0.11096605744125326
14,baseline_b,0,0.02610966057441253
14,baseline_b,0,0.06005221932114883
14,baseline_b,0,0.04177545691906005
14,baseline_b,0,0.12924281984334204
14,baseline_b,0,0.09921671018276762
14,baseline_b,0,0.044386422976501305
14,baseline_b,0,0.031331592689295036
14,baseline_b,1,0.11096605744125326
14,baseline_b,0,0.048302872062663184
14,baseline_b,0,0.11096605744125326
14,baseline_b,0,0.02610966057441253
14,baseline_b,0,0.06005221932114883
14,baseline_b,0,0.04177545691906005
14,baseline_b,0,0.12924281984334204
14,baseline_b,0,0.09921671018276762
14,baseline_b,0,0.044386422976501305
14,baseline_b,0,0.031331592689295036
14,baseline_b,0,0.11096605744125326
14,baseline_b,0,0.048302872062663184
14,baseline_b,0,0.11096605744125326
14,baseline_b,0,0.02610966057441253
14,baseline_b,0,0.06005221932114883
14,baseline_b,0,0.04177545691906005
14,baseline_b,1,0.12924281984334204
14,baseline_b,0,0.09921671018276762
14,baseline_b,0,0.044386422976501305
14,baseline_b,0,0.031331592689295036
14,baseline_b,0,0.11096605744125326
14,baseline_b,0,0.048302872062663184
14,baseline_b,0,0.11096605744125326
14,baseline_b,0,0.02610966057441253
14,baseline_b,0,0.06005221932114883
14,baseline_b,0,0.04177545691906005
14,baseline_b,0,0.12924281984334204
14,baseline_b,0,0.09921671018276762
14,baseline_b,0,0.044386422976501305
14,baseline_b,0,0.031331592689295036
14,baseline_b,0,0.11096605744125326
14,baseline_b,0,0.048302872062663184
14,baseline_b,0,0.11096605744125326
14,baseline_b,0,0.02610966057441253
14,baseline_b,0,0.06005221932114883
14,baseline_b,0,0.04177545691906005
14,baseline_b,0,0.12924281984334204
14,baseline_b,0,0.09921671018276762
14,baseline_b,1,0.044386422976501305
14,baseline_b,0,0.031331592689295036
14,baseline_b,0,0.11096605744125326
14,baseline_b,0,0.048302872062663184
14,baseline_b,0,0.11096605744125326
14,baseline_b,0,0.02610966057441253
14,baseline_b,0,0.06005221932114883
14,baseline_b,0,0.04177545691906005
14,baseline_b,0,0.12924281984334204
14,baseline_b,0,0.09921671018276762
14,baseline_b,0,0.044386422976501305
14,baseline_b,0,0.031331592689295036
14,baseline_b,0,0.11096605744125326
14,baseline_b,0,0.048302872062663184
14,baseline_b,0,0.11096605744125326
14,baseline_b,0,0.02610966057441253
14,baseline_b,0,0.06005221932114883
14,baseline_b,0,0.04177545691906005
14,baseline_b,0,0.12924281984334204
14,baseline_b,0,0.09921671018276762
14,baseline_b,0,0.044386422976501305
14,baseline_b,0,0.031331592689295036
14,baseline_b,0,0.11096605744125326
14,baseline_b,0,0.048302872062663184
14,baseline_b,0,0.11096605744125326
14,baseline_b,0,0.02610966057441253
14,baseline_b,0,0.06005221932114883
14,baseline_b,0,0.04177545691906005
14,baseline_b,0,0.12924281984334204
14,baseline_b,0,0.09921671018276762
14,baseline_b,0,0.044386422976501305
14,baseline_b,0,0.031331592689295036
14,baseline_b,0,0.11096605744125326
14,baseline_b,0,0.048302872062663184
14,baseline_b,1,0.11096605744125326
14,baseline_b,0,0.02610966057441253
14,baseline_b,0,0.06005221932114883
14,baseline_b,0,0.04177545691906005
14,baseline_b,1,0.12924281984334204
14,baseline_b,1,0.09921671018276762
14,baseline_b,0,0.044386422976501305
14,baseline_b,0,0.031331592689295036
14,baseline_b,0,0.11096605744125326
14,baseline_b,0,0.048302872062663184
14,baseline_b,0,0.11096605744125326
14,baseline_b,0,0.02610966057441253
14,baseline_b,0,0.06005221932114883
14,baseline_b,0,0.04177545691906005
14,baseline_b,0,0.12924281984334204
14,baseline_b,0,0.09921671018276762
14,baseline_b,0,0.044386422976501305
14,baseline_b,0,0.031331592689295036
14,baseline_b,1,0.11096605744125326
14,baseline_b,0,0.048302872062663184
14,baseline_b,0,0.11096605744125326
14,baseline_b,0,0.02610966057441253
14,baseline_b,0,0.06005221932114883
14,baseline_b,0,0.04177545691906005
14,baseline_b,0,0.12924281984334204
14,baseline_b,0,0.09921671018276762
14,baseline_b,0,0.044386422976501305
14,baseline_b,0,0.031331592689295036
14,baseline_b,0,0.11096605744125326
14,baseline_b,0,0.048302872062663184
14,baseline_b,0,0.11096605744125326
14,baseline_b,0,0.02610966057441253
14,baseline_b,0,0.06005221932114883
14,baseline_b,0,0.04177545691906005
14,baseline_b,1,0.12924281984334204
14,baseline_b,0,0.09921671018276762
14,baseline_b,0,0.044386422976501305
14,baseline_b,0,0.031331592689295036
14,baseline_b,1,0.11096605744125326
14,baseline_b,0,0.048302872062663184
14,baseline_b,0,0.11096605744125326
14,baseline_b,0,0.02610966057441253
14,baseline_b,0,0.06005221932114883
14,baseline_b,0,0.04177545691906005
14,baseline_b,0,0.12924281984334204
14,baseline_b,0,0.09921671018276762
14,baseline_b,0,0.044386422976501305
14,baseline_b,0,0.031331592689295036
14,baseline_b,0,0.11096605744125326
14,baseline_b,0,0.048302872062663184
14,baseline_b,0,0.11096605744125326
14,baseline_b,0,0.02610966057441253
14,baseline_b,0,0.06005221932114883
14,baseline_b,0,0.04177545691906005
14,baseline_b,0,0.12924281984334204
14,baseline_b,0,0.09921671018276762
14,baseline_b,0,0.044386422976501305
14,baseline_b,0,0.031331592689295036
14,baseline_b,0,0.11096605744125326
14,baseline_b,0,0.048302872062663184
14,baseline_b,0,0.11096605744125326
14,baseline_b,0,0.02610966057441253
14,baseline_b,0,0.06005221932114883
14,baseline_b,0,0.04177545691906005
14,baseline_b,1,0.12924281984334204
14,baseline_b,0,0.09921671018276762
14,baseline_b,0,0.044386422976501305
14,baseline_b,0,0.031331592689295036
14,baseline_b,0,0.11096605744125326
14,baseline_b,0,0.048302872062663184
14,baseline_b,0,0.11096605744125326
14,baseline_b,0,0.02610966057441253
14,baseline_b,0,0.06005221932114883
14,baseline_b,0,0.04177545691906005
14,baseline_b,0,0.12924281984334204
14,baseline_b,0,0.09921671018276762
14,baseline_b,0,0.044386422976501305
14,baseline_b,0,0.031331592689295036
14,baseline_b,0,0.11096605744125326
14,baseline_b,0,0.048302872062663184
14,baseline_b,1,0.11096605744125326
14,baseline_b,0,0.02610966057441253
14,baseline_b,0,0.06005221932114883
14,baseline_b,1,0.04177545691906005
14,baseline_b,0,0.12924281984334204
14,baseline_b,0,0.09921671018276762
14,baseline_b,0,0.044386422976501305
14,baseline_b,0,0.031331592689295036
14,baseline_b,0,0.11096605744125326
14,baseline_b,0,0.048302872062663184
14,baseline_b,0,0.11096605744125326
14,baseline_b,0,0.02610966057441253
14,baseline_b,0,0.06005221932114883
14,baseline_b,1,0.04177545691906005
14,baseline_b,0,0.12924281984334204
14,baseline_b,0,0.09921671018276762
14,baseline_b,0,0.044386422976501305
14,baseline_b,0,0.031331592689295036
14,baseline_b,0,0.11096605744125326
14,baseline_b,0,0.048302872062663184
14,baseline_b,0,0.11096605744125326
14,baseline_b,0,0.02610966057441253
14,baseline_b,0,0.06005221932114883
14,baseline_b,0,0.04177545691906005
14,baseline_b,0,0.12924281984334204
14,baseline_b,0,0.09921671018276762
14,baseline_b,0,0.044386422976501305
14,baseline_b,0,0.031331592689295036
14,baseline_b,0,0.11096605744125326
14,baseline_b,0,0.048302872062663184
14,baseline_b,0,0.11096605744125326
14,baseline_b,0,0.02610966057441253
14,baseline_b,0,0.06005221932114883
14,baseline_b,0,0.04177545691906005
14,baseline_b,0,0.12924281984334204
14,baseline_b,0,0.09921671018276762
14,baseline_b,0,0.044386422976501305
14,baseline_b,0,0.031331592689295036
14,baseline_b,0,0.11096605744125326
14,baseline_b,0,0.048302872062663184
14,baseline_b,0,0.11096605744125326
14,baseline_b,0,0.02610966057441253
14,baseline_b,0,0.06005221932114883
14,baseline_b,0,0.04177545691906005
14,baseline_b,0,0.12924281984334204
14,baseline_b,0,0.09921671018276762
14,baseline_b,0,0.044386422976501305
14,baseline_b,0,0.031331592689295036
14,baseline_b,0,0.11096605744125326
14,baseline_b,0,0.048302872062663184
14,baseline_b,0,0.11096605744125326
14,baseline_b,0,0.02610966057441253
14,baseline_b,0,0.06005221932114883
14,baseline_b,0,0.04177545691906005
14,baseline_b,0,0.12924281984334204
14,baseline_b,1,0.09921671018276762
14,baseline_b,0,0.044386422976501305
14,baseline_b,0,0.031331592689295036
14,baseline_b,0,0.11096605744125326
14,baseline_b,0,0.048302872062663184
14,baseline_b,0,0.11096605744125326
14,baseline_b,0,0.02610966057441253
14,baseline_b,0,0.06005221932114883
14,baseline_b,0,0.04177545691906005
14,baseline_b,0,0.12924281984334204
14,baseline_b,0,0.09921671018276762
14,baseline_b,1,0.044386422976501305
14,baseline_b,0,0.031331592689295036
14,baseline_b,0,0.11096605744125326
14,baseline_b,0,0.048302872062663184
14,baseline_b,0,0.11096605744125326
14,baseline_b,0,0.02610966057441253
14,baseline_b,0,0.06005221932114883
14,baseline_b,0,0.04177545691906005
14,baseline_b,0,0.12924281984334204
14,baseline_b,0,0.09921671018276762
14,baseline_b,0,0.044386422976501305
14,baseline_b,0,0.031331592689295036
14,baseline_b,0,0.11096605744125326
14,baseline_b,0,0.048302872062663184
14,baseline_b,0,0.11096605744125326
14,baseline_b,0,0.02610966057441253
14,baseline_b,0,0.06005221932114883
14,baseline_b,0,0.04177545691906005
14,baseline_b,0,0.12924281984334204
14,baseline_b,0,0.09921671018276762
14,baseline_b,0,0.044386422976501305
14,baseline_b,0,0.031331592689295036
14,baseline_b,0,0.11096605744125326
14,baseline_b,0,0.048302872062663184
14,baseline_b,0,0.11096605744125326
14,baseline_b,0,0.02610966057441253
14,baseline_b,1,0.06005221932114883
14,baseline_b,0,0.04177545691906005
14,baseline_b,0,0.12924281984334204
14,baseline_b,0,0.09921671018276762
14,baseline_b,0,0.044386422976501305
14,baseline_b,0,0.031331592689295036
14,baseline_b,0,0.11096605744125326
14,baseline_b,1,0.048302872062663184
14,baseline_b,0,0.11096605744125326
14,baseline_b,0,0.02610966057441253
14,baseline_b,0,0.06005221932114883
14,baseline_b,0,0.04177545691906005
14,baseline_b,0,0.12924281984334204
14,baseline_b,0,0.09921671018276762
14,baseline_b,0,0.044386422976501305
14,baseline_b,0,0.031331592689295036
14,baseline_b,0,0.11096605744125326
14,baseline_b,0,0.048302872062663184
14,baseline_b,0,0.11096605744125326
14,baseline_b,0,0.02610966057441253
14,baseline_b,0,0.06005221932114883
14,baseline_b,0,0.04177545691906005
14,baseline_b,0,0.12924281984334204
14,baseline_b,0,0.09921671018276762
14,baseline_b,0,0.044386422976501305
14,baseline_b,0,0.031331592689295036
14,baseline_b,0,0.11096605744125326
14,baseline_b,0,0.048302872062663184
14,baseline_b,0,0.11096605744125326
14,baseline_b,0,0.02610966057441253
14,baseline_b,0,0.06005221932114883
14,baseline_b,0,0.04177545691906005
14,baseline_b,0,0.12924281984334204
14,baseline_b,0,0.09921671018276762
14,baseline_b,0,0.044386422976501305
14,baseline_b,0,0.031331592689295036
14,baseline_b,0,0.11096605744125326
14,baseline_b,0,0.048302872062663184
14,baseline_b,0,0.11096605744125326
14,baseline_b,0,0.02610966057441253
14,baseline_b,0,0.06005221932114883
14,baseline_b,0,0.04177545691906005
14,baseline_b,0,0.12924281984334204
14,baseline_b,0,0.09921671018276762
14,baseline_b,0,0.044386422976501305
14,baseline_b,0,0.031331592689295036
14,baseline_b,0,0.11096605744125326
14,baseline_b,0,0.048302872062663184
14,baseline_b,0,0.11096605744125326
14,baseline_b,0,0.02610966057441253
14,baseline_b,0,0.06005221932114883
14,baseline_b,0,0.04177545691906005
14,baseline_b,0,0.12924281984334204
14,baseline_b,0,0.09921671018276762
14,baseline_b,0,0.044386422976501305
14,baseline_b,0,0.031331592689295036
14,baseline_b,0,0.11096605744125326
14,baseline_b,1,0.048302872062663184
14,baseline_b,0,0.11096605744125326
14,baseline_b,0,0.02610966057441253
14,baseline_b,0,0.06005221932114883
14,baseline_b,0,0.04177545691906005
14,baseline_b,0,0.12924281984334204
14,baseline_b,0,0.09921671018276762
14,baseline_b,0,0.044386422976501305
14,baseline_b,0,0.031331592689295036
14,baseline_b,0,0.11096605744125326
14,baseline_b,1,0.048302872062663184
14,baseline_b,0,0.11096605744125326
14,baseline_b,0,0.02610966057441253
14,baseline_b,0,0.06005221932114883
14,baseline_b,0,0.04177545691906005
14,baseline_b,0,0.12924281984334204
14,baseline_b,0,0.09921671018276762
14,baseline_b,0,0.044386422976501305
14,baseline_b,0,0.031331592689295036
14,baseline_b,1,0.11096605744125326
14,baseline_b,0,0.048302872062663184
14,baseline_b,0,0.11096605744125326
14,baseline_b,0,0.02610966057441253
14,baseline_b,0,0.06005221932114883
14,baseline_b,0,0.04177545691906005
14,baseline_b,0,0.12924281984334204
14,baseline_b,0,0.09921671018276762
14,baseline_b,0,0.044386422976501305
14,baseline_b,0,0.031331592689295036
14,baseline_b,0,0.11096605744125326
14,baseline_b,0,0.048302872062663184
14,baseline_b,0,0.11096605744125326
14,baseline_b,0,0.02610966057441253
14,baseline_b,0,0.06005221932114883
14,baseline_b,0,0.04177545691906005
14,baseline_b,0,0.12924281984334204
14,baseline_b,0,0.09921671018276762
14,baseline_b,0,0.044386422976501305
14,baseline_b,0,0.031331592689295036
14,baseline_b,0,0.11096605744125326
14,baseline_b,0,0.048302872062663184
14,baseline_b,0,0.11096605744125326
14,baseline_b,0,0.02610966057441253
14,baseline_b,0,0.06005221932114883
14,baseline_b,0,0.04177545691906005
14,baseline_b,0,0.12924281984334204
14,baseline_b,1,0.09921671018276762
14,baseline_b,0,0.044386422976501305
14,baseline_b,0,0.031331592689295036
14,baseline_b,0,0.11096605744125326
14,baseline_b,0,0.048302872062663184
14,baseline_b,1,0.11096605744125326
14,baseline_b,0,0.02610966057441253
14,baseline_b,0,0.06005221932114883
14,baseline_b,0,0.04177545691906005
14,baseline_b,0,0.12924281984334204
14,baseline_b,0,0.09921671018276762
14,baseline_b,1,0.044386422976501305
14,baseline_b,0,0.031331592689295036
14,baseline_b,0,0.11096605744125326
14,baseline_b,0,0.048302872062663184
14,baseline_b,0,0.11096605744125326
14,baseline_b,0,0.02610966057441253
14,baseline_b,0,0.06005221932114883
14,baseline_b,0,0.04177545691906005
14,baseline_b,0,0.12924281984334204
14,baseline_b,1,0.09921671018276762
14,baseline_b,0,0.044386422976501305
14,baseline_b,0,0.031331592689295036
14,baseline_b,0,0.11096605744125326
14,baseline_b,0,0.048302872062663184
14,baseline_b,0,0.11096605744125326
14,baseline_b,0,0.02610966057441253
14,baseline_b,0,0.06005221932114883
14,baseline_b,0,0.04177545691906005
14,baseline_b,0,0.12924281984334204
14,baseline_b,0,0.09921671018276762
14,baseline_b,0,0.044386422976501305
14,baseline_b,1,0.031331592689295036
14,baseline_b,0,0.11096605744125326
14,baseline_b,0,0.048302872062663184
14,baseline_b,0,0.11096605744125326
14,baseline_b,0,0.02610966057441253
14,baseline_b,0,0.06005221932114883
14,baseline_b,0,0.04177545691906005
14,baseline_b,1,0.12924281984334204
14,baseline_b,0,0.09921671018276762
14,baseline_b,0,0.044386422976501305
14,baseline_b,0,0.031331592689295036
14,baseline_b,1,0.11096605744125326
14,baseline_b,0,0.048302872062663184
14,baseline_b,0,0.11096605744125326
14,baseline_b,0,0.02610966057441253
14,baseline_b,0,0.06005221932114883
14,baseline_b,0,0.04177545691906005
14,baseline_b,0,0.12924281984334204
14,baseline_b,0,0.09921671018276762
14,baseline_b,0,0.044386422976501305
14,baseline_b,0,0.031331592689295036
14,baseline_b,0,0.11096605744125326
14,baseline_b,0,0.048302872062663184
14,baseline_b,0,0.11096605744125326
14,baseline_b,0,0.02610966057441253
14,baseline_b,0,0.06005221932114883
14,baseline_b,0,0.04177545691906005
14,baseline_b,0,0.12924281984334204
14,baseline_b,0,0.09921671018276762
14,baseline_b,0,0.044386422976501305
14,baseline_b,0,0.031331592689295036
14,baseline_b,0,0.11096605744125326
14,baseline_b,0,0.048302872062663184
14,baseline_b,0,0.11096605744125326
14,baseline_b,0,0.02610966057441253
14,baseline_b,0,0.06005221932114883
14,baseline_b,0,0.04177545691906005
14,baseline_b,0,0.12924281984334204
14,baseline_b,0,0.09921671018276762
14,baseline_b,0,0.044386422976501305
14,baseline_b,0,0.031331592689295036
14,baseline_b,1,0.11096605744125326
14,baseline_b,0,0.048302872062663184
14,baseline_b,1,0.11096605744125326
14,baseline_b,0,0.02610966057441253
14,baseline_b,0,0.06005221932114883
14,baseline_b,0,0.04177545691906005
14,baseline_b,0,0.12924281984334204
14,baseline_b,0,0.09921671018276762
14,baseline_b,0,0.044386422976501305
14,baseline_b,0,0.031331592689295036
14,baseline_b,0,0.11096605744125326
14,baseline_b,1,0.048302872062663184
14,baseline_b,0,0.11096605744125326
14,baseline_b,0,0.02610966057441253
14,baseline_b,0,0.06005221932114883
14,baseline_b,0,0.04177545691906005
14,baseline_b,0,0.12924281984334204
14,baseline_b,0,0.09921671018276762
14,baseline_b,1,0.044386422976501305
14,baseline_b,0,0.031331592689295036
14,baseline_b,0,0.11096605744125326
14,baseline_b,0,0.048302872062663184
14,baseline_b,0,0.11096605744125326
14,baseline_b,0,0.02610966057441253
14,baseline_b,0,0.06005221932114883
14,baseline_b,0,0.04177545691906005
14,baseline_b,0,0.12924281984334204
14,baseline_b,0,0.09921671018276762
14,baseline_b,0,0.044386422976501305
14,baseline_b,0,0.031331592689295036
14,baseline_b,0,0.11096605744125326
14,baseline_b,0,0.048302872062663184
14,baseline_b,0,0.11096605744125326
14,baseline_b,0,0.02610966057441253
14,baseline_b,0,0.06005221932114883
14,baseline_b,0,0.04177545691906005
14,baseline_b,0,0.12924281984334204
14,baseline_b,0,0.09921671018276762
14,baseline_b,0,0.044386422976501305
14,baseline_b,0,0.031331592689295036
14,baseline_b,0,0.11096605744125326
14,baseline_b,0,0.048302872062663184
14,baseline_b,0,0.11096605744125326
14,baseline_b,0,0.02610966057441253
14,baseline_b,0,0.06005221932114883
14,baseline_b,0,0.04177545691906005
14,baseline_b,0,0.12924281984334204
14,baseline_b,0,0.09921671018276762
14,baseline_b,0,0.044386422976501305
14,baseline_b,0,0.031331592689295036
14,baseline_b,0,0.11096605744125326
14,baseline_b,0,0.048302872062663184
14,baseline_b,0,0.11096605744125326
14,baseline_b,0,0.02610966057441253
14,baseline_b,0,0.06005221932114883
14,baseline_b,0,0.04177545691906005
14,baseline_b,0,0.12924281984334204
14,baseline_b,0,0.09921671018276762
14,baseline_b,0,0.044386422976501305
14,baseline_b,0,0.031331592689295036
14,baseline_b,0,0.11096605744125326
14,baseline_b,0,0.048302872062663184
14,baseline_b,0,0.11096605744125326
14,baseline_b,0,0.02610966057441253
14,baseline_b,0,0.06005221932114883
14,baseline_b,0,0.04177545691906005
14,baseline_b,0,0.12924281984334204
14,baseline_b,0,0.09921671018276762
14,baseline_b,0,0.044386422976501305
14,baseline_b,0,0.031331592689295036
14,baseline_b,0,0.11096605744125326
14,baseline_b,0,0.048302872062663184
14,baseline_b,1,0.11096605744125326
14,baseline_b,0,0.02610966057441253
14,baseline_b,0,0.06005221932114883
14,baseline_b,0,0.04177545691906005
14,baseline_b,0,0.12924281984334204
14,baseline_b,0,0.09921671018276762
14,baseline_b,0,0.044386422976501305
14,baseline_b,0,0.031331592689295036
14,baseline_b,0,0.11096605744125326
14,baseline_b,0,0.048302872062663184
14,baseline_b,1,0.11096605744125326
14,baseline_b,0,0.02610966057441253
14,baseline_b,0,0.06005221932114883
14,baseline_b,0,0.04177545691906005
14,baseline_b,0,0.12924281984334204
14,baseline_b,0,0.09921671018276762
14,baseline_b,0,0.044386422976501305
14,baseline_b,1,0.031331592689295036
14,baseline_b,0,0.11096605744125326
14,baseline_b,0,0.048302872062663184
14,baseline_b,0,0.11096605744125326
14,baseline_b,0,0.02610966057441253
14,baseline_b,0,0.06005221932114883
14,baseline_b,0,0.04177545691906005
14,baseline_b,0,0.12924281984334204
14,baseline_b,0,0.09921671018276762
14,baseline_b,0,0.044386422976501305
14,baseline_b,1,0.031331592689295036
14,baseline_b,0,0.11096605744125326
14,baseline_b,0,0.048302872062663184
14,baseline_b,0,0.11096605744125326
14,baseline_b,0,0.02610966057441253
14,baseline_b,0,0.06005221932114883
14,baseline_b,0,0.04177545691906005
14,baseline_b,1,0.12924281984334204
14,baseline_b,0,0.09921671018276762
14,baseline_b,0,0.044386422976501305
14,baseline_b,0,0.031331592689295036
14,baseline_b,0,0.11096605744125326
14,baseline_b,0,0.048302872062663184
14,baseline_b,0,0.11096605744125326
14,baseline_b,0,0.02610966057441253
14,baseline_b,0,0.06005221932114883
14,baseline_b,0,0.04177545691906005
14,baseline_b,0,0.12924281984334204
14,baseline_b,0,0.09921671018276762
14,baseline_b,0,0.044386422976501305
14,baseline_b,0,0.031331592689295036
14,baseline_b,0,0.11096605744125326
14,baseline_b,0,0.048302872062663184
14,baseline_b,0,0.11096605744125326
14,baseline_b,0,0.02610966057441253
14,baseline_b,0,0.06005221932114883
14,baseline_b,0,0.04177545691906005
14,baseline_b,0,0.12924281984334204
14,baseline_b,0,0.09921671018276762
14,baseline_b,0,0.044386422976501305
14,baseline_b,0,0.031331592689295036
14,baseline_b,0,0.11096605744125326
14,baseline_b,0,0.048302872062663184
14,baseline_b,0,0.11096605744125326
14,baseline_b,0,0.02610966057441253
14,baseline_b,0,0.06005221932114883
14,baseline_b,0,0.04177545691906005
14,baseline_b,0,0.12924281984334204
14,baseline_b,0,0.09921671018276762
14,baseline_b,0,0.044386422976501305
14,baseline_b,0,0.031331592689295036
14,baseline_b,1,0.11096605744125326
14,baseline_b,0,0.048302872062663184
14,baseline_b,0,0.11096605744125326
14,baseline_b,0,0.02610966057441253
14,baseline_b,0,0.06005221932114883
14,baseline_b,0,0.04177545691906005
14,baseline_b,0,0.12924281984334204
14,baseline_b,0,0.09921671018276762
14,baseline_b,0,0.044386422976501305
14,baseline_b,0,0.031331592689295036
14,baseline_b,0,0.11096605744125326
14,baseline_b,0,0.048302872062663184
14,baseline_b,0,0.11096605744125326
14,baseline_b,0,0.02610966057441253
14,baseline_b,0,0.06005221932114883
14,baseline_b,0,0.04177545691906005
14,baseline_b,0,0.12924281984334204
14,baseline_b,0,0.09921671018276762
14,baseline_b,0,0.044386422976501305
14,baseline_b,0,0.031331592689295036
14,baseline_b,0,0.11096605744125326
14,baseline_b,1,0.048302872062663184
14,baseline_b,0,0.11096605744125326
14,baseline_b,0,0.02610966057441253
14,baseline_b,0,0.06005221932114883
14,baseline_b,0,0.04177545691906005
14,baseline_b,1,0.12924281984334204
14,baseline_b,0,0.09921671018276762
14,baseline_b,0,0.044386422976501305
14,baseline_b,0,0.031331592689295036
14,baseline_b,0,0.11096605744125326
14,baseline_b,0,0.048302872062663184
14,baseline_b,0,0.11096605744125326
14,baseline_b,0,0.02610966057441253
14,baseline_b,1,0.06005221932114883
14,baseline_b,1,0.04177545691906005
14,baseline_b,0,0.12924281984334204
14,baseline_b,0,0.09921671018276762
14,baseline_b,0,0.044386422976501305
14,baseline_b,0,0.031331592689295036
14,baseline_b,0,0.11096605744125326
14,baseline_b,0,0.048302872062663184
14,baseline_b,0,0.11096605744125326
14,baseline_b,0,0.02610966057441253
14,baseline_b,0,0.06005221932114883
14,baseline_b,0,0.04177545691906005
14,baseline_b,0,0.12924281984334204
14,baseline_b,0,0.09921671018276762
14,baseline_b,0,0.044386422976501305
14,baseline_b,0,0.031331592689295036
14,baseline_b,0,0.11096605744125326
14,baseline_b,0,0.048302872062663184
14,baseline_b,0,0.11096605744125326
14,baseline_b,0,0.02610966057441253
14,baseline_b,0,0.06005221932114883
14,baseline_b,0,0.04177545691906005
14,baseline_b,0,0.12924281984334204
14,baseline_b,0,0.09921671018276762
14,baseline_b,0,0.044386422976501305
14,baseline_b,0,0.031331592689295036
14,baseline_b,0,0.11096605744125326
14,baseline_b,0,0.048302872062663184
14,baseline_b,0,0.11096605744125326
14,baseline_b,0,0.02610966057441253
14,baseline_b,0,0.06005221932114883
14,baseline_b,0,0.04177545691906005
14,baseline_b,0,0.12924281984334204
14,baseline_b,0,0.09921671018276762
14,baseline_b,0,0.044386422976501305
14,baseline_b,0,0.031331592689295036
14,baseline_b,0,0.11096605744125326
14,baseline_b,0,0.048302872062663184
14,baseline_b,1,0.11096605744125326
14,baseline_b,0,0.02610966057441253
14,baseline_b,0,0.06005221932114883
14,baseline_b,0,0.04177545691906005
14,baseline_b,1,0.12924281984334204
14,baseline_b,0,0.09921671018276762
14,baseline_b,0,0.044386422976501305
14,baseline_b,0,0.031331592689295036
14,baseline_b,0,0.11096605744125326
14,baseline_b,0,0.048302872062663184
14,baseline_b,0,0.11096605744125326
14,baseline_b,0,0.02610966057441253
14,baseline_b,0,0.06005221932114883
14,baseline_b,0,0.04177545691906005
14,baseline_b,0,0.12924281984334204
14,baseline_b,0,0.09921671018276762
14,baseline_b,0,0.044386422976501305
14,baseline_b,0,0.031331592689295036
14,baseline_b,0,0.11096605744125326
14,baseline_b,0,0.048302872062663184
14,baseline_b,1,0.11096605744125326
14,baseline_b,0,0.02610966057441253
14,baseline_b,0,0.06005221932114883
14,baseline_b,0,0.04177545691906005
14,baseline_b,0,0.12924281984334204
14,baseline_b,0,0.09921671018276762
14,baseline_b,0,0.044386422976501305
14,baseline_b,0,0.031331592689295036
14,baseline_b,0,0.11096605744125326
14,baseline_b,0,0.048302872062663184
14,baseline_b,0,0.11096605744125326
14,baseline_b,0,0.02610966057441253
14,baseline_b,0,0.06005221932114883
14,baseline_b,0,0.04177545691906005
14,baseline_b,0,0.12924281984334204
14,baseline_b,0,0.09921671018276762
14,baseline_b,0,0.044386422976501305
14,baseline_b,0,0.031331592689295036
14,baseline_b,0,0.11096605744125326
14,baseline_b,0,0.048302872062663184
14,baseline_b,0,0.11096605744125326
14,baseline_b,0,0.02610966057441253
14,baseline_b,0,0.06005221932114883
14,baseline_b,0,0.04177545691906005
14,baseline_b,0,0.12924281984334204
14,baseline_b,0,0.09921671018276762
14,baseline_b,0,0.044386422976501305
14,baseline_b,0,0.031331592689295036
14,baseline_b,0,0.11096605744125326
14,baseline_b,0,0.048302872062663184
14,baseline_b,0,0.11096605744125326
14,baseline_b,0,0.02610966057441253
14,baseline_b,0,0.06005221932114883
14,baseline_b,0,0.04177545691906005
14,baseline_b,0,0.12924281984334204
14,baseline_b,0,0.09921671018276762
14,baseline_b,0,0.044386422976501305
14,baseline_b,0,0.031331592689295036
14,baseline_b,0,0.11096605744125326
14,baseline_b,0,0.048302872062663184
14,baseline_b,0,0.11096605744125326
14,baseline_b,0,0.02610966057441253
14,baseline_b,0,0.06005221932114883
14,baseline_b,0,0.04177545691906005
14,baseline_b,0,0.12924281984334204
14,baseline_b,0,0.09921671018276762
14,baseline_b,0,0.044386422976501305
14,baseline_b,0,0.031331592689295036
14,baseline_b,0,0.11096605744125326
14,baseline_b,0,0.048302872062663184
14,baseline_b,0,0.11096605744125326
14,baseline_b,0,0.02610966057441253
14,baseline_b,0,0.06005221932114883
14,baseline_b,0,0.04177545691906005
14,baseline_b,1,0.12924281984334204
14,baseline_b,0,0.09921671018276762
14,baseline_b,0,0.044386422976501305
14,baseline_b,1,0.031331592689295036
14,baseline_b,0,0.11096605744125326
14,baseline_b,1,0.048302872062663184
14,baseline_b,0,0.11096605744125326
14,baseline_b,0,0.02610966057441253
14,baseline_b,0,0.06005221932114883
14,baseline_b,0,0.04177545691906005
14,baseline_b,0,0.12924281984334204
14,baseline_b,0,0.09921671018276762
14,baseline_b,0,0.044386422976501305
14,baseline_b,0,0.031331592689295036
14,baseline_b,1,0.11096605744125326
14,baseline_b,0,0.048302872062663184
14,baseline_b,1,0.11096605744125326
14,baseline_b,0,0.02610966057441253
14,baseline_b,0,0.06005221932114883
14,baseline_b,0,0.04177545691906005
14,baseline_b,1,0.12924281984334204
14,baseline_b,0,0.09921671018276762
14,baseline_b,0,0.044386422976501305
14,baseline_b,0,0.031331592689295036
14,baseline_b,0,0.11096605744125326
14,baseline_b,0,0.048302872062663184
14,baseline_b,0,0.11096605744125326
14,baseline_b,0,0.02610966057441253
14,baseline_b,0,0.06005221932114883
14,baseline_b,0,0.04177545691906005
14,baseline_b,0,0.12924281984334204
14,baseline_b,0,0.09921671018276762
14,baseline_b,0,0.044386422976501305
14,baseline_b,0,0.031331592689295036
14,baseline_b,0,0.11096605744125326
14,baseline_b,0,0.048302872062663184
14,baseline_b,0,0.11096605744125326
14,baseline_b,0,0.02610966057441253
14,baseline_b,0,0.06005221932114883
14,baseline_b,0,0.04177545691906005
14,baseline_b,0,0.12924281984334204
14,baseline_b,0,0.09921671018276762
14,baseline_b,0,0.044386422976501305
14,baseline_b,0,0.031331592689295036
14,baseline_b,0,0.11096605744125326
14,baseline_b,0,0.048302872062663184
14,baseline_b,0,0.11096605744125326
14,baseline_b,0,0.02610966057441253
14,baseline_b,0,0.06005221932114883
14,baseline_b,0,0.04177545691906005
14,baseline_b,0,0.12924281984334204
14,baseline_b,0,0.09921671018276762
14,baseline_b,0,0.044386422976501305
14,baseline_b,0,0.031331592689295036
14,baseline_b,0,0.11096605744125326
14,baseline_b,0,0.048302872062663184
14,baseline_b,0,0.11096605744125326
14,baseline_b,0,0.02610966057441253
14,baseline_b,0,0.06005221932114883
14,baseline_b,0,0.04177545691906005
14,baseline_b,0,0.12924281984334204
14,baseline_b,0,0.09921671018276762
14,baseline_b,0,0.044386422976501305
14,baseline_b,0,0.031331592689295036
14,baseline_b,0,0.11096605744125326
14,baseline_b,0,0.048302872062663184
14,baseline_b,0,0.11096605744125326
14,baseline_b,0,0.02610966057441253
14,baseline_b,1,0.06005221932114883
14,baseline_b,0,0.04177545691906005
14,baseline_b,0,0.12924281984334204
14,baseline_b,0,0.09921671018276762
14,baseline_b,0,0.044386422976501305
14,baseline_b,0,0.031331592689295036
14,baseline_b,0,0.11096605744125326
14,baseline_b,1,0.048302872062663184
14,baseline_b,0,0.11096605744125326
14,baseline_b,0,0.02610966057441253
14,baseline_b,0,0.06005221932114883
14,baseline_b,0,0.04177545691906005
14,baseline_b,0,0.12924281984334204
14,baseline_b,0,0.09921671018276762
14,baseline_b,0,0.044386422976501305
14,baseline_b,0,0.031331592689295036
14,baseline_b,0,0.11096605744125326
14,baseline_b,0,0.048302872062663184
14,baseline_b,0,0.11096605744125326
14,baseline_b,0,0.02610966057441253
14,baseline_b,0,0.06005221932114883
14,baseline_b,0,0.04177545691906005
14,baseline_b,0,0.12924281984334204
14,baseline_b,0,0.09921671018276762
14,baseline_b,0,0.044386422976501305
14,baseline_b,0,0.031331592689295036
14,baseline_b,0,0.11096605744125326
14,baseline_b,0,0.048302872062663184
14,baseline_b,0,0.11096605744125326
14,baseline_b,0,0.02610966057441253
14,baseline_b,0,0.06005221932114883
14,baseline_b,0,0.04177545691906005
14,baseline_b,0,0.12924281984334204
14,baseline_b,0,0.09921671018276762
14,baseline_b,0,0.044386422976501305
14,baseline_b,0,0.031331592689295036
14,baseline_b,1,0.11096605744125326
14,baseline_b,0,0.048302872062663184
14,baseline_b,0,0.11096605744125326
14,baseline_b,0,0.02610966057441253
14,baseline_b,0,0.06005221932114883
14,baseline_b,0,0.04177545691906005
14,baseline_b,0,0.12924281984334204
14,baseline_b,0,0.09921671018276762
14,baseline_b,0,0.044386422976501305
14,baseline_b,0,0.031331592689295036
14,baseline_b,0,0.11096605744125326
14,baseline_b,0,0.048302872062663184
14,baseline_b,0,0.11096605744125326
14,baseline_b,0,0.02610966057441253
14,baseline_b,0,0.06005221932114883
14,baseline_b,0,0.04177545691906005
14,baseline_b,0,0.12924281984334204
14,baseline_b,0,0.09921671018276762
14,baseline_b,0,0.044386422976501305
14,baseline_b,0,0.031331592689295036
14,baseline_b,0,0.11096605744125326
14,baseline_b,0,0.048302872062663184
14,baseline_b,0,0.11096605744125326
14,baseline_b,0,0.02610966057441253
14,baseline_b,0,0.06005221932114883
14,baseline_b,0,0.04177545691906005
14,baseline_b,0,0.12924281984334204
14,baseline_b,0,0.09921671018276762
14,baseline_b,0,0.044386422976501305
14,baseline_b,0,0.031331592689295036
14,baseline_b,1,0.11096605744125326
14,baseline_b,0,0.048302872062663184
14,baseline_b,0,0.11096605744125326
14,baseline_b,0,0.02610966057441253
14,baseline_b,0,0.06005221932114883
14,baseline_b,0,0.04177545691906005
14,baseline_b,0,0.12924281984334204
14,baseline_b,0,0.09921671018276762
14,baseline_b,0,0.044386422976501305
14,baseline_b,0,0.031331592689295036
14,baseline_b,0,0.11096605744125326
14,baseline_b,0,0.048302872062663184
14,baseline_b,0,0.11096605744125326
14,baseline_b,0,0.02610966057441253
14,baseline_b,0,0.06005221932114883
14,baseline_b,0,0.04177545691906005
14,baseline_b,0,0.12924281984334204
14,baseline_b,0,0.09921671018276762
14,baseline_b,0,0.044386422976501305
14,baseline_b,0,0.031331592689295036
14,baseline_b,0,0.11096605744125326
14,baseline_b,0,0.048302872062663184
14,baseline_b,1,0.11096605744125326
14,baseline_b,0,0.02610966057441253
14,baseline_b,0,0.06005221932114883
14,baseline_b,0,0.04177545691906005
14,baseline_b,0,0.12924281984334204
14,baseline_b,1,0.09921671018276762
14,baseline_b,0,0.044386422976501305
14,baseline_b,0,0.031331592689295036
14,baseline_b,0,0.11096605744125326
14,baseline_b,0,0.048302872062663184
14,baseline_b,0,0.11096605744125326
14,baseline_b,0,0.02610966057441253
14,baseline_b,0,0.06005221932114883
14,baseline_b,0,0.04177545691906005
14,baseline_b,0,0.12924281984334204
14,baseline_b,0,0.09921671018276762
14,baseline_b,0,0.044386422976501305
14,baseline_b,0,0.031331592689295036
14,baseline_b,0,0.11096605744125326
14,baseline_b,0,0.048302872062663184
14,baseline_b,1,0.11096605744125326
14,baseline_b,0,0.02610966057441253
14,baseline_b,0,0.06005221932114883
14,baseline_b,0,0.04177545691906005
14,baseline_b,0,0.12924281984334204
14,baseline_b,0,0.09921671018276762
14,baseline_b,0,0.044386422976501305
14,baseline_b,0,0.031331592689295036
14,baseline_b,0,0.11096605744125326
14,baseline_b,0,0.048302872062663184
14,baseline_b,0,0.11096605744125326
14,baseline_b,0,0.02610966057441253
14,baseline_b,0,0.06005221932114883
14,baseline_b,0,0.04177545691906005
14,baseline_b,0,0.12924281984334204
14,baseline_b,0,0.09921671018276762
14,baseline_b,0,0.044386422976501305
14,baseline_b,0,0.031331592689295036
14,baseline_b,0,0.11096605744125326
14,baseline_b,0,0.048302872062663184
14,baseline_b,0,0.11096605744125326
14,baseline_b,0,0.02610966057441253
14,baseline_b,0,0.06005221932114883
14,baseline_b,0,0.04177545691906005
14,baseline_b,0,0.12924281984334204
14,baseline_b,0,0.09921671018276762
14,baseline_b,0,0.044386422976501305
14,baseline_b,0,0.031331592689295036
14,baseline_b,0,0.11096605744125326
14,baseline_b,0,0.048302872062663184
14,baseline_b,0,0.11096605744125326
14,baseline_b,0,0.02610966057441253
14,baseline_b,0,0.06005221932114883
14,baseline_b,0,0.04177545691906005
14,baseline_b,0,0.12924281984334204
14,baseline_b,0,0.09921671018276762
14,baseline_b,0,0.044386422976501305
14,baseline_b,0,0.031331592689295036
14,baseline_b,1,0.11096605744125326
14,baseline_b,0,0.048302872062663184
14,baseline_b,0,0.11096605744125326
14,baseline_b,0,0.02610966057441253
14,baseline_b,0,0.06005221932114883
14,baseline_b,0,0.04177545691906005
14,baseline_b,0,0.12924281984334204
14,baseline_b,1,0.09921671018276762
14,baseline_b,0,0.044386422976501305
14,baseline_b,0,0.031331592689295036
14,baseline_b,0,0.11096605744125326
14,baseline_b,0,0.048302872062663184
14,baseline_b,1,0.11096605744125326
14,baseline_b,0,0.02610966057441253
14,baseline_b,0,0.06005221932114883
14,baseline_b,0,0.04177545691906005
14,baseline_b,0,0.12924281984334204
14,baseline_b,0,0.09921671018276762
14,baseline_b,0,0.044386422976501305
14,baseline_b,0,0.031331592689295036
14,baseline_b,0,0.11096605744125326
14,baseline_b,0,0.048302872062663184
14,baseline_b,0,0.11096605744125326
14,baseline_b,0,0.02610966057441253
14,baseline_b,0,0.06005221932114883
14,baseline_b,0,0.04177545691906005
14,baseline_b,0,0.12924281984334204
14,baseline_b,0,0.09921671018276762
14,baseline_b,0,0.044386422976501305
14,baseline_b,0,0.031331592689295036
14,baseline_b,0,0.11096605744125326
14,baseline_b,0,0.048302872062663184
14,baseline_b,0,0.11096605744125326
14,baseline_b,0,0.02610966057441253
14,baseline_b,0,0.06005221932114883
14,baseline_b,0,0.04177545691906005
14,baseline_b,0,0.12924281984334204
14,baseline_b,0,0.09921671018276762
14,baseline_b,0,0.044386422976501305
14,baseline_b,0,0.031331592689295036
14,baseline_b,0,0.11096605744125326
14,baseline_b,0,0.048302872062663184
14,baseline_b,0,0.11096605744125326
14,baseline_b,0,0.02610966057441253
14,baseline_b,0,0.06005221932114883
14,baseline_b,0,0.04177545691906005
14,baseline_b,0,0.12924281984334204
14,baseline_b,0,0.09921671018276762
14,baseline_b,0,0.044386422976501305
14,baseline_b,0,0.031331592689295036
14,baseline_b,0,0.11096605744125326
14,baseline_b,0,0.048302872062663184
14,baseline_b,0,0.11096605744125326
14,baseline_b,0,0.02610966057441253
14,baseline_b,0,0.06005221932114883
14,baseline_b,0,0.04177545691906005
14,baseline_b,0,0.12924281984334204
14,baseline_b,0,0.09921671018276762
14,baseline_b,0,0.044386422976501305
14,baseline_b,0,0.031331592689295036
14,baseline_b,0,0.11096605744125326
14,baseline_b,0,0.048302872062663184
14,baseline_b,0,0.11096605744125326
14,baseline_b,0,0.02610966057441253
14,baseline_b,0,0.06005221932114883
14,baseline_b,0,0.04177545691906005
14,baseline_b,0,0.12924281984334204
14,baseline_b,0,0.09921671018276762
14,baseline_b,0,0.044386422976501305
14,baseline_b,0,0.031331592689295036
14,baseline_b,0,0.11096605744125326
14,baseline_b,0,0.048302872062663184
14,baseline_b,0,0.11096605744125326
14,baseline_b,0,0.02610966057441253
14,baseline_b,0,0.06005221932114883
14,baseline_b,0,0.04177545691906005
14,baseline_b,1,0.12924281984334204
14,baseline_b,0,0.09921671018276762
14,baseline_b,0,0.044386422976501305
14,baseline_b,0,0.031331592689295036
14,baseline_b,0,0.11096605744125326
14,baseline_b,0,0.048302872062663184
14,baseline_b,0,0.11096605744125326
14,baseline_b,0,0.02610966057441253
14,baseline_b,0,0.06005221932114883
14,baseline_b,0,0.04177545691906005
14,baseline_b,0,0.12924281984334204
14,baseline_b,0,0.09921671018276762
14,baseline_b,0,0.044386422976501305
14,baseline_b,1,0.031331592689295036
14,baseline_b,0,0.11096605744125326
14,baseline_b,0,0.048302872062663184
14,baseline_b,0,0.11096605744125326
14,baseline_b,0,0.02610966057441253
14,baseline_b,0,0.06005221932114883
14,baseline_b,0,0.04177545691906005
14,baseline_b,1,0.12924281984334204
14,baseline_b,0,0.09921671018276762
14,baseline_b,0,0.044386422976501305
14,baseline_b,0,0.031331592689295036
14,baseline_b,0,0.11096605744125326
14,baseline_b,0,0.048302872062663184
14,baseline_b,0,0.11096605744125326
14,baseline_b,0,0.02610966057441253
14,baseline_b,0,0.06005221932114883
14,baseline_b,0,0.04177545691906005
14,baseline_b,0,0.12924281984334204
14,baseline_b,0,0.09921671018276762
14,baseline_b,0,0.044386422976501305
14,baseline_b,0,0.031331592689295036
14,baseline_b,0,0.11096605744125326
14,baseline_b,0,0.048302872062663184
14,baseline_b,0,0.11096605744125326
14,baseline_b,0,0.02610966057441253
14,baseline_b,0,0.06005221932114883
14,baseline_b,0,0.04177545691906005
14,baseline_b,0,0.12924281984334204
14,baseline_b,0,0.09921671018276762
14,baseline_b,0,0.044386422976501305
14,baseline_b,0,0.031331592689295036
14,baseline_b,0,0.11096605744125326
14,baseline_b,0,0.048302872062663184
14,baseline_b,0,0.11096605744125326
14,baseline_b,0,0.02610966057441253
14,baseline_b,0,0.06005221932114883
14,baseline_b,0,0.04177545691906005
14,baseline_b,0,0.12924281984334204
14,baseline_b,0,0.09921671018276762
14,baseline_b,0,0.044386422976501305
14,baseline_b,0,0.031331592689295036
14,baseline_b,0,0.11096605744125326
14,baseline_b,1,0.048302872062663184
14,baseline_b,0,0.11096605744125326
14,baseline_b,0,0.02610966057441253
14,baseline_b,0,0.06005221932114883
14,baseline_b,1,0.04177545691906005
14,baseline_b,1,0.12924281984334204
14,baseline_b,0,0.09921671018276762
14,baseline_b,0,0.044386422976501305
14,baseline_b,0,0.031331592689295036
14,baseline_b,1,0.11096605744125326
14,baseline_b,0,0.048302872062663184
14,baseline_b,0,0.11096605744125326
14,baseline_b,0,0.02610966057441253
14,baseline_b,0,0.06005221932114883
14,baseline_b,0,0.04177545691906005
14,baseline_b,0,0.12924281984334204
14,baseline_b,0,0.09921671018276762
14,baseline_b,0,0.044386422976501305
14,baseline_b,1,0.031331592689295036
14,baseline_b,0,0.11096605744125326
14,baseline_b,0,0.048302872062663184
14,baseline_b,0,0.11096605744125326
14,baseline_b,0,0.02610966057441253
14,baseline_b,0,0.06005221932114883
14,baseline_b,1,0.04177545691906005
14,baseline_b,0,0.12924281984334204
14,baseline_b,0,0.09921671018276762
14,baseline_b,0,0.044386422976501305
14,baseline_b,0,0.031331592689295036
14,baseline_b,0,0.11096605744125326
14,baseline_b,1,0.048302872062663184
14,baseline_b,0,0.11096605744125326
14,baseline_b,0,0.02610966057441253
14,baseline_b,0,0.06005221932114883
14,baseline_b,0,0.04177545691906005
14,baseline_b,0,0.12924281984334204
14,baseline_b,0,0.09921671018276762
14,baseline_b,0,0.044386422976501305
14,baseline_b,0,0.031331592689295036
14,baseline_b,0,0.11096605744125326
14,baseline_b,0,0.048302872062663184
14,baseline_b,0,0.11096605744125326
14,baseline_b,0,0.02610966057441253
14,baseline_b,0,0.06005221932114883
14,baseline_b,0,0.04177545691906005
14,baseline_b,0,0.12924281984334204
14,baseline_b,0,0.09921671018276762
14,baseline_b,0,0.044386422976501305
14,baseline_b,0,0.031331592689295036
14,baseline_b,0,0.11096605744125326
14,baseline_b,0,0.048302872062663184
14,baseline_b,0,0.11096605744125326
14,baseline_b,0,0.02610966057441253
14,baseline_b,0,0.06005221932114883
14,baseline_b,0,0.04177545691906005
14,baseline_b,0,0.12924281984334204
14,baseline_b,0,0.09921671018276762
14,baseline_b,0,0.044386422976501305
14,baseline_b,0,0.031331592689295036
14,baseline_b,0,0.11096605744125326
14,baseline_b,0,0.048302872062663184
14,baseline_b,0,0.11096605744125326
14,baseline_b,0,0.02610966057441253
14,baseline_b,0,0.06005221932114883
14,baseline_b,0,0.04177545691906005
14,baseline_b,0,0.12924281984334204
14,baseline_b,0,0.09921671018276762
14,baseline_b,0,0.044386422976501305
14,baseline_b,0,0.031331592689295036
14,baseline_b,0,0.11096605744125326
14,baseline_b,0,0.048302872062663184
14,baseline_b,0,0.11096605744125326
14,baseline_b,0,0.02610966057441253
14,baseline_b,0,0.06005221932114883
14,baseline_b,0,0.04177545691906005
14,baseline_b,1,0.12924281984334204
14,baseline_b,0,0.09921671018276762
14,baseline_b,0,0.044386422976501305
14,baseline_b,0,0.031331592689295036
14,baseline_b,0,0.11096605744125326
14,baseline_b,0,0.048302872062663184
14,baseline_b,0,0.11096605744125326
14,baseline_b,0,0.02610966057441253
14,baseline_b,0,0.06005221932114883
14,baseline_b,0,0.04177545691906005
14,baseline_b,1,0.12924281984334204
14,baseline_b,0,0.09921671018276762
14,baseline_b,0,0.044386422976501305
14,baseline_b,0,0.031331592689295036
14,baseline_b,0,0.11096605744125326
14,baseline_b,0,0.048302872062663184
14,baseline_b,0,0.11096605744125326
14,baseline_b,0,0.02610966057441253
14,baseline_b,0,0.06005221932114883
14,baseline_b,0,0.04177545691906005
14,baseline_b,0,0.12924281984334204
14,baseline_b,0,0.09921671018276762
14,baseline_b,0,0.044386422976501305
14,baseline_b,0,0.031331592689295036
14,baseline_b,0,0.11096605744125326
14,baseline_b,0,0.048302872062663184
14,baseline_b,0,0.11096605744125326
14,baseline_b,1,0.02610966057441253
14,baseline_b,0,0.06005221932114883
14,baseline_b,0,0.04177545691906005
14,baseline_b,0,0.12924281984334204
14,baseline_b,1,0.09921671018276762
14,baseline_b,0,0.044386422976501305
14,baseline_b,0,0.031331592689295036
14,baseline_b,0,0.11096605744125326
14,baseline_b,0,0.048302872062663184
14,baseline_b,0,0.11096605744125326
14,baseline_b,0,0.02610966057441253
14,baseline_b,0,0.06005221932114883
14,baseline_b,0,0.04177545691906005
14,baseline_b,0,0.12924281984334204
14,baseline_b,0,0.09921671018276762
14,baseline_b,0,0.044386422976501305
14,baseline_b,0,0.031331592689295036
14,baseline_b,0,0.11096605744125326
14,baseline_b,0,0.048302872062663184
14,baseline_b,0,0.11096605744125326
14,baseline_b,0,0.02610966057441253
14,baseline_b,0,0.06005221932114883
14,baseline_b,0,0.04177545691906005
14,baseline_b,0,0.12924281984334204
14,baseline_b,0,0.09921671018276762
14,baseline_b,0,0.044386422976501305
14,baseline_b,0,0.031331592689295036
14,baseline_b,0,0.11096605744125326
14,baseline_b,0,0.048302872062663184
14,baseline_b,0,0.11096605744125326
14,baseline_b,0,0.02610966057441253
14,baseline_b,0,0.06005221932114883
14,baseline_b,0,0.04177545691906005
14,baseline_b,1,0.12924281984334204
14,baseline_b,0,0.09921671018276762
14,baseline_b,0,0.044386422976501305
14,baseline_b,0,0.031331592689295036
14,baseline_b,0,0.11096605744125326
14,baseline_b,0,0.048302872062663184
14,baseline_b,0,0.11096605744125326
14,baseline_b,0,0.02610966057441253
14,baseline_b,1,0.06005221932114883
14,baseline_b,0,0.04177545691906005
14,baseline_b,0,0.12924281984334204
14,baseline_b,0,0.09921671018276762
14,baseline_b,0,0.044386422976501305
14,baseline_b,0,0.031331592689295036
14,baseline_b,1,0.11096605744125326
14,baseline_b,0,0.048302872062663184
14,baseline_b,0,0.11096605744125326
14,baseline_b,0,0.02610966057441253
14,baseline_b,0,0.06005221932114883
14,baseline_b,0,0.04177545691906005
14,baseline_b,0,0.12924281984334204
14,baseline_b,1,0.09921671018276762
14,baseline_b,0,0.044386422976501305
14,baseline_b,0,0.031331592689295036
14,baseline_b,0,0.11096605744125326
14,baseline_b,0,0.048302872062663184
14,baseline_b,0,0.11096605744125326
14,baseline_b,0,0.02610966057441253
14,baseline_b,0,0.06005221932114883
14,baseline_b,0,0.04177545691906005
14,baseline_b,1,0.12924281984334204
14,baseline_b,0,0.09921671018276762
14,baseline_b,0,0.044386422976501305
14,baseline_b,0,0.031331592689295036
14,baseline_b,1,0.11096605744125326
14,baseline_b,0,0.048302872062663184
14,baseline_b,0,0.11096605744125326
14,baseline_b,0,0.02610966057441253
14,baseline_b,0,0.06005221932114883
14,baseline_b,0,0.04177545691906005
14,baseline_b,0,0.12924281984334204
14,baseline_b,0,0.09921671018276762
14,baseline_b,0,0.044386422976501305
14,baseline_b,0,0.031331592689295036
14,baseline_b,0,0.11096605744125326
14,baseline_b,1,0.048302872062663184
14,baseline_b,1,0.11096605744125326
14,baseline_b,0,0.02610966057441253
14,baseline_b,0,0.06005221932114883
14,baseline_b,0,0.04177545691906005
14,baseline_b,0,0.12924281984334204
14,baseline_b,0,0.09921671018276762
14,baseline_b,0,0.044386422976501305
14,baseline_b,0,0.031331592689295036
14,baseline_b,0,0.11096605744125326
14,baseline_b,0,0.048302872062663184
14,baseline_b,0,0.11096605744125326
14,baseline_b,0,0.02610966057441253
14,baseline_b,0,0.06005221932114883
14,baseline_b,0,0.04177545691906005
14,baseline_b,0,0.12924281984334204
14,baseline_b,0,0.09921671018276762
14,baseline_b,0,0.044386422976501305
14,baseline_b,0,0.031331592689295036
14,baseline_b,0,0.11096605744125326
14,baseline_b,0,0.048302872062663184
14,baseline_b,0,0.11096605744125326
14,baseline_b,0,0.02610966057441253
14,baseline_b,0,0.06005221932114883
14,baseline_b,0,0.04177545691906005
14,baseline_b,0,0.12924281984334204
14,baseline_b,0,0.09921671018276762
14,baseline_b,0,0.044386422976501305
14,baseline_b,0,0.031331592689295036
14,baseline_b,0,0.11096605744125326
14,baseline_b,0,0.048302872062663184
14,baseline_b,0,0.11096605744125326
14,baseline_b,0,0.02610966057441253
14,baseline_b,0,0.06005221932114883
14,baseline_b,0,0.04177545691906005
14,baseline_b,0,0.12924281984334204
14,baseline_b,0,0.09921671018276762
14,baseline_b,0,0.044386422976501305
14,baseline_b,0,0.031331592689295036
14,baseline_b,0,0.11096605744125326
14,baseline_b,0,0.048302872062663184
14,baseline_b,0,0.11096605744125326
14,baseline_b,0,0.02610966057441253
14,baseline_b,0,0.06005221932114883
14,baseline_b,0,0.04177545691906005
14,baseline_b,0,0.12924281984334204
14,baseline_b,1,0.09921671018276762
14,baseline_b,0,0.044386422976501305
14,baseline_b,0,0.031331592689295036
14,baseline_b,0,0.11096605744125326
14,baseline_b,0,0.048302872062663184
14,baseline_b,0,0.11096605744125326
14,baseline_b,0,0.02610966057441253
14,logistic_regression,0,0.0007029130765827323
14,logistic_regression,0,0.0010960401028314685
14,logistic_regression,0,0.016634989737390037
14,logistic_regression,0,0.0024717478655521224
14,logistic_regression,0,0.002102168759575548
14,logistic_regression,0,0.0002941421365282946
14,logistic_regression,0,0.0011791041216080592
14,logistic_regression,0,0.00021290489888646651
14,logistic_regression,0,0.08557523724744799
14,logistic_regression,0,0.0009391664062004905
14,logistic_regression,0,0.06535080699826334
14,logistic_regression,0,0.0433517403788334
14,logistic_regression,1,0.15055623557508074
14,logistic_regression,0,0.1288707886878126
14,logistic_regression,0,0.041956828838753464
14,logistic_regression,0,0.025914711977956327
14,logistic_regression,0,0.08080559565740444
14,logistic_regression,0,0.05337071883520485
14,logistic_regression,1,0.14556552817354013
14,logistic_regression,0,0.024147287905348525
14,logistic_regression,0,0.056776422072108736
14,logistic_regression,0,0.100647888095054
14,logistic_regression,0,0.5190467321726482
14,logistic_regression,1,0.1360919083267582
14,logistic_regression,0,0.0661217839063986
14,logistic_regression,0,0.05352699559439101
14,logistic_regression,0,0.10294637581571356
14,logistic_regression,0,0.02572071170164732
14,logistic_regression,0,0.20605254560368053
14,logistic_regression,0,0.0545547887164161
14,logistic_regression,0,0.024495658036747966
14,logistic_regression,0,0.056667561527795486
14,logistic_regression,1,0.08271628130010542
14,logistic_regression,0,0.07323460665902115
14,logistic_regression,0,0.09155918830569648
14,logistic_regression,1,0.03549524911916421
14,logistic_regression,0,0.1413705255353301
14,logistic_regression,0,0.11232054195969644
14,logistic_regression,0,0.11870995646381992
14,logistic_regression,0,0.17483233408657683
14,logistic_regression,0,0.050798459513395046
14,logistic_regression,0,0.06006812674487113
14,logistic_regression,0,0.1450518170879818
14,logistic_regression,0,0.14484664463101488
14,logistic_regression,0,0.0945207754495138
14,logistic_regression,0,0.03767386490874938
14,logistic_regression,0,0.13334736111533338
14,logistic_regression,0,0.07709611527861433
14,logistic_regression,0,0.13980108299000343
14,logistic_regression,0,0.061202740178757424
14,logistic_regression,1,0.04138089347323966
14,logistic_regression,0,0.07712981359091295
14,logistic_regression,1,0.12619446051099634
14,logistic_regression,0,0.20530681922890615
14,logistic_regression,0,0.07234299894214016
14,logistic_regression,0,0.04149956271420951
14,logistic_regression,0,0.09694076794014692
14,logistic_regression,0,0.06945406791621306
14,logistic_regression,0,0.14846748983794578
14,logistic_regression,0,0.02068591580941601
14,logistic_regression,0,0.0012649621816485613
14,logistic_regression,0,0.0007737889378523501
14,logistic_regression,0,0.0024168940071227687
14,logistic_regression,0,0.021226861904544245
14,logistic_regression,0,0.001020464901235071
14,logistic_regression,0,0.0018684968556073854
14,logistic_regression,0,0.002504638302717217
14,logistic_regression,0,0.00024186778396119603
14,logistic_regression,0,0.019016876896884066
14,logistic_regression,0,0.0063994166101812135
14,logistic_regression,0,0.0018669901168754184
14,logistic_regression,0,0.00024455259275192896
14,logistic_regression,0,0.0034376492252490036
14,logistic_regression,0,0.004468315243089905
14,logistic_regression,0,0.0044157727291180135
14,logistic_regression,0,0.0010755947595998201
14,logistic_regression,0,0.0014937517944996568
14,logistic_regression,0,0.00047666325018632554
14,logistic_regression,0,0.0035143131777557192
14,logistic_regression,0,0.008423761028601708
14,logistic_regression,1,0.03702272895505173
14,logistic_regression,0,0.026672432307886382
14,logistic_regression,1,0.09187024104329879
14,logistic_regression,0,0.08785628881448986
14,logistic_regression,0,0.05651022650877955
14,logistic_regression,0,0.01671738839570802
14,logistic_regression,1,0.08081392783340931
14,logistic_regression,0,0.07106487886832688
14,logistic_regression,0,0.1543263058466466
14,logistic_regression,0,0.04404091341305049
14,logistic_regression,0,0.09669404653568524
14,logistic_regression,0,0.031011166437409886
14,logistic_regression,1,0.1310829172891482
14,logistic_regression,0,0.11940148080067296
14,logistic_regression,0,0.06092054751384895
14,logistic_regression,0,0.025960137658657612
14,logistic_regression,0,0.20408281603088557
14,logistic_regression,0,0.05850328004555881
14,logistic_regression,1,0.15997524137164265
14,logistic_regression,0,0.05669946006785569
14,logistic_regression,0,0.0477688313017074
14,logistic_regression,0,0.03734928797726478
14,logistic_regression,0,0.11436902543845466
14,logistic_regression,0,0.22658079315836016
14,logistic_regression,0,0.06212687165855394
14,logistic_regression,1,0.03474301945795958
14,logistic_regression,0,0.12938816128957298
14,logistic_regression,0,0.07794540920151341
14,logistic_regression,1,0.24155070596076994
14,logistic_regression,0,0.02441132371483079
14,logistic_regression,0,0.07416801418265292
14,logistic_regression,0,0.06553115845257688
14,logistic_regression,0,0.16722331563306864
14,logistic_regression,0,0.17022442120118975
14,logistic_regression,0,0.0848556734055427
14,logistic_regression,0,0.02396617922413915
14,logistic_regression,0,0.12731174950306737
14,logistic_regression,1,0.09180704083596328
14,logistic_regression,0,0.07630549874049723
14,logistic_regression,0,0.0406328364379736
14,logistic_regression,0,0.09674330174939652
14,logistic_regression,0,0.05282770613093557
14,logistic_regression,0,0.11141219317427487
14,logistic_regression,0,0.16415714668089174
14,logistic_regression,0,0.07608057838481977
14,logistic_regression,0,0.02965153928427172
14,logistic_regression,0,0.14249533863828495
14,logistic_regression,0,0.05901011735475642
14,logistic_regression,0,0.07285128495283232
14,logistic_regression,0,0.018903350748717237
14,logistic_regression,0,0.005933177540858297
14,logistic_regression,0,0.004440383737294778
14,logistic_regression,0,0.019963820708396376
14,logistic_regression,0,0.0051311818796103545
14,logistic_regression,0,0.004519006296216295
14,logistic_regression,0,0.000290428115640217
14,logistic_regression,0,0.0012990789173518257
14,logistic_regression,0,0.0012203616209936863
14,logistic_regression,0,0.004190711322851402
14,logistic_regression,0,0.011014438490160572
14,logistic_regression,0,0.00011942207097480753
14,logistic_regression,0,0.0017696821593408056
14,logistic_regression,0,0.014664261179826159
14,logistic_regression,0,0.028395506294497823
14,logistic_regression,0,0.002587544147238773
14,logistic_regression,0,0.0017649434159537276
14,logistic_regression,0,0.0016320312357498592
14,logistic_regression,0,0.0004728287087115178
14,logistic_regression,0,0.012113099912335544
14,logistic_regression,0,0.005157632500100124
14,logistic_regression,0,0.07068737013096248
14,logistic_regression,0,0.037970090922914985
14,logistic_regression,0,0.131235589347194
14,logistic_regression,0,0.11076502183387275
14,logistic_regression,0,0.05957698331266181
14,logistic_regression,0,0.023541049617713236
14,logistic_regression,0,0.10004096247860558
14,logistic_regression,1,0.05399666714853394
14,logistic_regression,0,0.13465673186327373
14,logistic_regression,0,0.038231529287811566
14,logistic_regression,0,0.040271598970625995
14,logistic_regression,0,0.08237164643474931
14,logistic_regression,0,0.06659147416659733
14,logistic_regression,0,0.10607773208873944
14,logistic_regression,0,0.08383652384541854
14,logistic_regression,0,0.06772480550538935
14,logistic_regression,0,0.16857823808591046
14,logistic_regression,0,0.06748452820589465
14,logistic_regression,0,0.15243424168478023
14,logistic_regression,1,0.058271271701895395
14,logistic_regression,0,0.05227424187640555
14,logistic_regression,0,0.05623660571577822
14,logistic_regression,0,0.07693374911552826
14,logistic_regression,1,0.17587989240310214
14,logistic_regression,0,0.04376772075560371
14,logistic_regression,0,0.04075559239009107
14,logistic_regression,0,0.14228053939116916
14,logistic_regression,0,0.05412135190378587
14,logistic_regression,0,0.16785072193501635
14,logistic_regression,0,0.024365434071427123
14,logistic_regression,0,0.0749746100483416
14,logistic_regression,0,0.0680828688039902
14,logistic_regression,0,0.15151958400726756
14,logistic_regression,0,0.18691946773116336
14,logistic_regression,0,0.07417403788840932
14,logistic_regression,0,0.04750008307707446
14,logistic_regression,0,0.17874935824588667
14,logistic_regression,0,0.04963417785005058
14,logistic_regression,1,0.18005915197307643
14,logistic_regression,0,0.043848521237364574
14,logistic_regression,0,0.08414977641101991
14,logistic_regression,0,0.09106225281394571
14,logistic_regression,0,0.15880241977808057
14,logistic_regression,0,0.09492196188342068
14,logistic_regression,0,0.051206199957308816
14,logistic_regression,0,0.03501239211438672
14,logistic_regression,0,0.13479425693826189
14,logistic_regression,0,0.04255053966925628
14,logistic_regression,0,0.12782623058269954
14,logistic_regression,0,0.040776541976103205
14,logistic_regression,0,0.008931522424759737
14,logistic_regression,0,0.001017705555970465
14,logistic_regression,0,0.007489055931879315
14,logistic_regression,0,0.03392256795062559
14,logistic_regression,0,0.009151324570158598
14,logistic_regression,0,0.0007398607045517138
14,logistic_regression,0,0.000952388116364508
14,logistic_regression,0,0.0011717762946239414
14,logistic_regression,0,0.017988539436070542
14,logistic_regression,0,0.006812667452204647
14,logistic_regression,0,0.0006861290054337648
14,logistic_regression,0,0.000771421717671917
14,logistic_regression,0,0.033059271162741
14,logistic_regression,0,0.03637296706104168
14,logistic_regression,0,0.0013066547108777666
14,logistic_regression,0,0.0009088233070959784
14,logistic_regression,0,0.001667953975725822
14,logistic_regression,0,0.0006024216128717335
14,logistic_regression,0,0.009008544420570383
14,logistic_regression,0,0.0005250018692396765
14,logistic_regression,0,0.23263492689243942
14,logistic_regression,0,0.05850614523146791
14,logistic_regression,0,0.11781889664188382
14,logistic_regression,0,0.09863461169644006
14,logistic_regression,0,0.028465746371339692
14,logistic_regression,0,0.02281734999192445
14,logistic_regression,0,0.10330540982796022
14,logistic_regression,0,0.05887120680067631
14,logistic_regression,0,0.08216218685082516
14,logistic_regression,0,0.016485530622948417
14,logistic_regression,0,0.058976857756833936
14,logistic_regression,0,0.075663658765651
14,logistic_regression,0,0.1685155054873064
14,logistic_regression,0,0.14859844646373757
14,logistic_regression,0,0.04976461720565626
14,logistic_regression,0,0.03419358250738074
14,logistic_regression,0,0.10983456291067899
14,logistic_regression,0,0.06743907560272835
14,logistic_regression,0,0.15970055954052692
14,logistic_regression,0,0.02367997304231272
14,logistic_regression,0,0.08272100087147463
14,logistic_regression,0,0.08564873955703732
14,logistic_regression,0,0.13021886460714585
14,logistic_regression,0,0.14650506548791783
14,logistic_regression,0,0.0539038437965641
14,logistic_regression,0,0.05095014111527546
14,logistic_regression,1,0.26688934866421304
14,logistic_regression,0,0.08703168358485339
14,logistic_regression,0,0.06549233931908835
14,logistic_regression,0,0.03317048532603535
14,logistic_regression,0,0.1016314837435826
14,logistic_regression,1,0.08189524943851036
14,logistic_regression,0,0.15490006944826248
14,logistic_regression,0,0.10517240547097506
14,logistic_regression,0,0.09965471441973466
14,logistic_regression,0,0.03291626110692245
14,logistic_regression,0,0.08820249632667057
14,logistic_regression,0,0.05078725164722339
14,logistic_regression,0,0.1872438545076944
14,logistic_regression,0,0.042213639232213516
14,logistic_regression,0,0.08784754728171393
14,logistic_regression,0,0.08565584303000502
14,logistic_regression,0,0.07709871122453896
14,logistic_regression,0,0.09813576163972478
14,logistic_regression,0,0.04418044549206763
14,logistic_regression,0,0.05029339187380521
14,logistic_regression,0,0.17981361192937628
14,logistic_regression,0,0.08107376363415508
14,logistic_regression,0,0.1644042950805187
14,logistic_regression,0,0.0139556296086196
14,logistic_regression,0,0.0014909808954129853
14,logistic_regression,0,0.0037911772798978807
14,logistic_regression,0,0.033752135906991255
14,logistic_regression,0,0.010801346584108942
14,logistic_regression,0,0.010231279917773005
14,logistic_regression,0,0.0008780786357548793
14,logistic_regression,0,0.0013127577306865624
14,logistic_regression,0,0.0017758292717902097
14,logistic_regression,0,0.016783826062235843
14,logistic_regression,0,0.0015021466663685216
14,logistic_regression,0,0.0055938021585504585
14,logistic_regression,0,0.0010328493086712888
14,logistic_regression,0,0.01321175197254025
14,logistic_regression,0,0.008557461152308838
14,logistic_regression,0,0.0011795463440281507
14,logistic_regression,0,0.0006152107642703876
14,logistic_regression,0,0.0015245638629169732
14,logistic_regression,0,0.00011134922137393975
14,logistic_regression,0,0.0025738457656735874
14,logistic_regression,0,0.011891338608832474
14,logistic_regression,0,0.06185456873708734
14,logistic_regression,0,0.040720068443025344
14,logistic_regression,0,0.09605743205898934
14,logistic_regression,0,0.04793024058120919
14,logistic_regression,0,0.057622662435313325
14,logistic_regression,0,0.04396520622234068
14,logistic_regression,0,0.13877858433965404
14,logistic_regression,0,0.044546194229119845
14,logistic_regression,0,0.115763777002807
14,logistic_regression,0,0.017887901768628457
14,logistic_regression,0,0.06693603878138692
14,logistic_regression,0,0.05707567991046014
14,logistic_regression,0,0.18725277534970378
14,logistic_regression,0,0.06495769201944497
14,logistic_regression,0,0.04663245179613791
14,logistic_regression,0,0.04574344931253868
14,logistic_regression,0,0.138453100820379
14,logistic_regression,0,0.07371417970191158
14,logistic_regression,0,0.1988740866877275
14,logistic_regression,0,0.05920514346340177
14,logistic_regression,0,0.07995681223872782
14,logistic_regression,0,0.06079035690703668
14,logistic_regression,0,0.10081644844314806
14,logistic_regression,0,0.09196354201790126
14,logistic_regression,0,0.06379492151855161
14,logistic_regression,0,0.042572025041645145
14,logistic_regression,0,0.18210361722345442
14,logistic_regression,0,0.13705187747801156
14,logistic_regression,0,0.13006193319506376
14,logistic_regression,0,0.04736705782858105
14,logistic_regression,0,0.05491857448834741
14,logistic_regression,0,0.039592308766091266
14,logistic_regression,0,0.09604235634045083
14,logistic_regression,0,0.0894514980490456
14,logistic_regression,0,0.11847697830227716
14,logistic_regression,0,0.04074130422242038
14,logistic_regression,1,0.17813015391106832
14,logistic_regression,0,0.060833774204355345
14,logistic_regression,0,0.23689215725638008
14,logistic_regression,0,0.05288103278131964
14,logistic_regression,0,0.08964753701212608
14,logistic_regression,0,0.051955053459621744
14,logistic_regression,0,0.1775338285449762
14,logistic_regression,0,0.12156217155240877
14,logistic_regression,0,0.056802764915839805
14,logistic_regression,0,0.04942306865203072
14,logistic_regression,0,0.1346859524946217
14,logistic_regression,0,0.07546950020283075
14,logistic_regression,1,0.10852590620405266
14,logistic_regression,0,0.06372420174346585
14,logistic_regression,0,0.0006668309282647164
14,logistic_regression,0,0.0019315792605634366
14,logistic_regression,0,0.0030842831832295445
14,logistic_regression,0,0.021830482571432115
14,logistic_regression,0,0.0031056984971428382
14,logistic_regression,0,0.004425097070451132
14,logistic_regression,0,0.0005704553675098548
14,logistic_regression,0,0.0015149209492735063
14,logistic_regression,0,0.003173726099123769
14,logistic_regression,0,0.002500305529331654
14,logistic_regression,0,0.0007216515183225614
14,logistic_regression,0,0.000661118054584398
14,logistic_regression,0,0.01663494571176996
14,logistic_regression,0,0.012681355756843314
14,logistic_regression,0,0.0015825002364250377
14,logistic_regression,0,0.004705043126278103
14,logistic_regression,0,0.0006003666228120929
14,logistic_regression,0,0.0024100300376021276
14,logistic_regression,0,0.008898508731366871
14,logistic_regression,0,0.0009562841891050213
14,logistic_regression,0,0.026268759675206345
14,logistic_regression,0,0.05694466638308596
14,logistic_regression,0,0.1440587071927035
14,logistic_regression,0,0.08108669041994054
14,logistic_regression,0,0.026592096509667814
14,logistic_regression,0,0.20934506164995312
14,logistic_regression,1,0.09235571324376261
14,logistic_regression,0,0.06252889414780222
14,logistic_regression,0,0.44219797682880363
14,logistic_regression,0,0.0483068233660742
14,logistic_regression,0,0.05679685243549675
14,logistic_regression,0,0.05897038449097297
14,logistic_regression,0,0.18183729443364707
14,logistic_regression,0,0.12324529919855354
14,logistic_regression,0,0.04972545494690919
14,logistic_regression,0,0.021619551320671077
14,logistic_regression,0,0.11282323545287444
14,logistic_regression,0,0.1106544540253917
14,logistic_regression,0,0.0791531730646166
14,logistic_regression,0,0.03867332809453013
14,logistic_regression,0,0.07013341596474187
14,logistic_regression,0,0.09100611983652292
14,logistic_regression,1,0.17119358259323136
14,logistic_regression,0,0.16556433488858663
14,logistic_regression,0,0.030392680984762353
14,logistic_regression,0,0.07420586017280924
14,logistic_regression,0,0.1533880960240637
14,logistic_regression,0,0.054807623815945804
14,logistic_regression,0,0.16916392233037297
14,logistic_regression,0,0.04794477528605494
14,logistic_regression,0,0.05471276583912628
14,logistic_regression,0,0.044231770039453236
14,logistic_regression,0,0.18694670887585801
14,logistic_regression,0,0.13394636642144228
14,logistic_regression,0,0.033245993843369834
14,logistic_regression,0,0.050110749282844105
14,logistic_regression,0,0.14802279572346508
14,logistic_regression,0,0.030403095281504245
14,logistic_regression,0,0.13487637530376456
14,logistic_regression,0,0.06052432848159125
14,logistic_regression,0,0.0974240460214267
14,logistic_regression,0,0.07799085434103555
14,logistic_regression,0,0.08831110105837804
14,logistic_regression,0,0.0962770574137476
14,logistic_regression,1,0.06190867324835199
14,logistic_regression,0,0.0867908077686734
14,logistic_regression,0,0.11428460493658582
14,logistic_regression,0,0.09220328448129689
14,logistic_regression,0,0.17078200936418472
14,logistic_regression,0,0.038452473184433046
14,logistic_regression,0,0.0021272904963052
14,logistic_regression,0,0.0013499536417421205
14,logistic_regression,0,0.006617453410604523
14,logistic_regression,0,0.004025184478603437
14,logistic_regression,0,0.014848863649790546
14,logistic_regression,0,0.0034741438014232367
14,logistic_regression,0,0.0016701573506053395
14,logistic_regression,0,0.00019718209400859622
14,logistic_regression,0,0.015201162199796909
14,logistic_regression,0,0.003412820713455388
14,logistic_regression,0,0.0017803500374615302
14,logistic_regression,0,0.003182510218289279
14,logistic_regression,0,0.008640584026981346
14,logistic_regression,0,0.010242164979329648
14,logistic_regression,0,0.0007062684394116489
14,logistic_regression,0,0.018443199415722283
14,logistic_regression,0,0.0035398294686200546
14,logistic_regression,0,6.519191286316751e-05
14,logistic_regression,0,0.0065257626318207
14,logistic_regression,0,0.009428648241256098
14,logistic_regression,0,0.07107416758405583
14,logistic_regression,0,0.030128260738586543
14,logistic_regression,0,0.17908145822081048
14,logistic_regression,0,0.05937098195108326
14,logistic_regression,0,0.06099927864101833
14,logistic_regression,0,0.02991408833409573
14,logistic_regression,0,0.11877307878407883
14,logistic_regression,0,0.05636130518723896
14,logistic_regression,1,0.14979183608832047
14,logistic_regression,0,0.03862947456339804
14,logistic_regression,0,0.1024865887641737
14,logistic_regression,0,0.06895200297307241
14,logistic_regression,1,0.08823048325532046
14,logistic_regression,1,0.11740275231047545
14,logistic_regression,0,0.05604835596622108
14,logistic_regression,0,0.051601693519527994
14,logistic_regression,0,0.19038386843704333
14,logistic_regression,0,0.03870808304324961
14,logistic_regression,0,0.131698358571928
14,logistic_regression,0,0.015484297716855729
14,logistic_regression,0,0.28023840192904437
14,logistic_regression,0,0.038805996519614104
14,logistic_regression,0,0.15106414564223478
14,logistic_regression,0,0.14990113900611585
14,logistic_regression,0,0.08947324304527728
14,logistic_regression,0,0.03598912514345805
14,logistic_regression,1,0.14855194437353283
14,logistic_regression,0,0.07087897500881041
14,logistic_regression,0,0.031700684028945846
14,logistic_regression,0,0.023165642365709033
14,logistic_regression,0,0.0716646819588674
14,logistic_regression,0,0.055998660193750334
14,logistic_regression,0,0.16283386344304113
14,logistic_regression,0,0.0667187732479797
14,logistic_regression,0,0.06839033189968682
14,logistic_regression,0,0.017301300589939776
14,logistic_regression,0,0.17005896143372595
14,logistic_regression,0,0.03260405992248307
14,logistic_regression,0,0.1071451224352378
14,logistic_regression,0,0.036109117402967246
14,logistic_regression,0,0.08933947946767164
14,logistic_regression,0,0.07418703855370207
14,logistic_regression,1,0.19334721766945662
14,logistic_regression,0,0.09193921361017275
14,logistic_regression,0,0.05056751706404101
14,logistic_regression,0,0.12650764147213278
14,logistic_regression,1,0.13298731177936313
14,logistic_regression,0,0.0660728791304639
14,logistic_regression,0,0.140972419415244
14,logistic_regression,0,0.03232628960470176
14,logistic_regression,0,0.0007067663834869684
14,logistic_regression,0,0.004744481983934971
14,logistic_regression,0,0.014966293910541972
14,logistic_regression,0,0.028543904837139294
14,logistic_regression,0,0.002581817159627841
14,logistic_regression,0,0.0007471182675147144
14,logistic_regression,0,0.003909890248563921
14,logistic_regression,0,0.0008398793095238217
14,logistic_regression,0,0.052225612130288326
14,logistic_regression,0,0.003403627177937783
14,logistic_regression,0,0.000853355618474256
14,logistic_regression,0,0.006791975585103322
14,logistic_regression,0,0.007379962602822505
14,logistic_regression,0,0.010558051917741744
14,logistic_regression,0,0.008585337102148156
14,logistic_regression,0,0.001010800899428926
14,logistic_regression,0,0.0004978959988571757
14,logistic_regression,0,0.0002704739455015698
14,logistic_regression,0,0.014054458881733869
14,logistic_regression,0,0.004844573811379329
14,logistic_regression,0,0.0414731497147996
14,logistic_regression,0,0.0462709089389192
14,logistic_regression,1,0.10401362006394527
14,logistic_regression,0,0.06477196700434004
14,logistic_regression,0,0.03779765530744827
14,logistic_regression,0,0.032387849252817916
14,logistic_regression,0,0.09596054130795251
14,logistic_regression,0,0.04062714274353051
14,logistic_regression,0,0.09322801462765631
14,logistic_regression,0,0.012692168609353313
14,logistic_regression,0,0.06572929435284854
14,logistic_regression,0,0.08495712691041515
14,logistic_regression,0,0.08428100686721021
14,logistic_regression,0,0.10001242681798432
14,logistic_regression,0,0.05666635679396327
14,logistic_regression,0,0.23100659564117304
14,logistic_regression,0,0.18414017638394872
14,logistic_regression,0,0.08000464416466407
14,logistic_regression,1,0.16838631975632284
14,logistic_regression,0,0.016894090561911213
14,logistic_regression,0,0.09350767248932607
14,logistic_regression,1,0.08978344845618823
14,logistic_regression,0,0.11185440853013312
14,logistic_regression,0,0.10504883000352774
14,logistic_regression,0,0.07429626746512627
14,logistic_regression,0,0.025532546380943513
14,logistic_regression,0,0.19715706404454147
14,logistic_regression,0,0.08896445578037823
14,logistic_regression,0,0.09511743074862489
14,logistic_regression,0,0.035459154117694486
14,logistic_regression,0,0.07274130088415766
14,logistic_regression,1,0.08659309129019069
14,logistic_regression,0,0.1289954061689627
14,logistic_regression,0,0.11445353588037661
14,logistic_regression,0,0.0645758603215748
14,logistic_regression,0,0.02532940517918827
14,logistic_regression,0,0.2089598453478932
14,logistic_regression,0,0.08307960483508645
14,logistic_regression,0,0.13955985868050033
14,logistic_regression,0,0.03166017838787815
14,logistic_regression,0,0.14163997016007218
14,logistic_regression,0,0.22756723144780955
14,logistic_regression,0,0.1438424782434645
14,logistic_regression,0,0.06377469903768011
14,logistic_regression,0,0.08587731731554621
14,logistic_regression,0,0.0400923517142363
14,logistic_regression,0,0.17993756867399519
14,logistic_regression,0,0.07754989537960347
14,logistic_regression,0,0.19545937023786922
14,logistic_regression,0,0.04476270095067378
14,logistic_regression,0,0.0010854228448165485
14,logistic_regression,0,0.0034422516365088733
14,logistic_regression,0,0.008842468695045185
14,logistic_regression,0,0.013923062561973211
14,logistic_regression,0,0.0040282997967374555
14,logistic_regression,0,0.0006136077744931454
14,logistic_regression,0,0.007702609780606729
14,logistic_regression,0,0.0008295407060754368
14,logistic_regression,0,0.031946703364104705
14,logistic_regression,0,0.0004796444662500301
14,logistic_regression,0,0.0009123844003585736
14,logistic_regression,0,0.002461271494910995
14,logistic_regression,0,0.0038072231597063248
14,logistic_regression,0,0.002409952698636341
14,logistic_regression,0,0.00571307391870868
14,logistic_regression,0,0.0029214022372589877
14,logistic_regression,0,0.0005895243406282188
14,logistic_regression,0,0.00027046893055920055
14,logistic_regression,0,0.04762048196815145
14,logistic_regression,0,0.017629023781944437
14,logistic_regression,0,0.1043461647664004
14,logistic_regression,0,0.08838076786416985
14,logistic_regression,0,0.17640647406007212
14,logistic_regression,1,0.10596152710303722
14,logistic_regression,0,0.061970114859886495
14,logistic_regression,0,0.037003924498750035
14,logistic_regression,0,0.13262915538620823
14,logistic_regression,0,0.06472024619570874
14,logistic_regression,0,0.11299969511578682
14,logistic_regression,0,0.020817581438590024
14,logistic_regression,0,0.3916984543398742
14,logistic_regression,0,0.16956901047719658
14,logistic_regression,0,0.13448917359519982
14,logistic_regression,0,0.1930486856552461
14,logistic_regression,1,0.0443232011286352
14,logistic_regression,0,0.05360245868709494
14,logistic_regression,0,0.2135628158729064
14,logistic_regression,0,0.3333015895816101
14,logistic_regression,0,0.36256327360688395
14,logistic_regression,0,0.06412823389559244
14,logistic_regression,0,0.0814376960494982
14,logistic_regression,0,0.12370225952082814
14,logistic_regression,0,0.10036479745543428
14,logistic_regression,0,0.1895727712628574
14,logistic_regression,0,0.05930919551045175
14,logistic_regression,0,0.034567154084238064
14,logistic_regression,0,0.10647550211275572
14,logistic_regression,0,0.06901833383214535
14,logistic_regression,0,0.21263553858338272
14,logistic_regression,0,0.02231005363249081
14,logistic_regression,0,0.309971891810152
14,logistic_regression,0,0.08398295199626056
14,logistic_regression,0,0.17695630728900855
14,logistic_regression,0,0.13656136592199164
14,logistic_regression,0,0.06646533845070202
14,logistic_regression,0,0.11319899088921523
14,logistic_regression,0,0.1636533231122675
14,logistic_regression,0,0.07473563096598235
14,logistic_regression,0,0.22476598317428947
14,logistic_regression,0,0.06242400357872477
14,logistic_regression,1,0.09863179476190378
14,logistic_regression,0,0.10229979044829218
14,logistic_regression,0,0.1710655363935474
14,logistic_regression,0,0.2406029278943917
14,logistic_regression,0,0.034628706788926315
14,logistic_regression,0,0.032436761613786315
14,logistic_regression,0,0.23882675873047246
14,logistic_regression,1,0.0960480042822013
14,logistic_regression,0,0.2724095608555422
14,logistic_regression,0,0.02920576850343714
14,logistic_regression,0,0.0012349677333162847
14,logistic_regression,0,0.0029885801958119246
14,logistic_regression,0,0.026045392865202237
14,logistic_regression,0,0.18343046396947696
14,logistic_regression,0,0.0008373429211866907
14,logistic_regression,0,0.00035288904745414115
14,logistic_regression,0,0.004058456603213237
14,logistic_regression,0,0.0002672913890453219
14,logistic_regression,0,0.026010617428178517
14,logistic_regression,0,0.012360493787347035
14,logistic_regression,0,0.0005184152074092982
14,logistic_regression,0,0.0022488350747006365
14,logistic_regression,0,0.011143603256669117
14,logistic_regression,0,0.023188126773296392
14,logistic_regression,0,0.001330574916695408
14,logistic_regression,0,0.001152035315703595
14,logistic_regression,0,0.0015672753135477174
14,logistic_regression,0,0.0012133669012007887
14,logistic_regression,0,0.043454360798805346
14,logistic_regression,0,0.003156648307393447
14,logistic_regression,0,0.04404412611255778
14,logistic_regression,0,0.08601517914137523
14,logistic_regression,0,0.18200089408973397
14,logistic_regression,0,0.033015830416234924
14,logistic_regression,0,0.03848438666841565
14,logistic_regression,0,0.010066129694490875
14,logistic_regression,0,0.08642732746150113
14,logistic_regression,0,0.05630777327314002
14,logistic_regression,0,0.13274513509028218
14,logistic_regression,0,0.056642768630861394
14,logistic_regression,0,0.07056422605850758
14,logistic_regression,0,0.06185058085961035
14,logistic_regression,0,0.09667695642235614
14,logistic_regression,0,0.1581289266294583
14,logistic_regression,0,0.06000655119145842
14,logistic_regression,0,0.016818465143026057
14,logistic_regression,0,0.1191865654926303
14,logistic_regression,0,0.06107853857772952
14,logistic_regression,0,0.22147697299424085
14,logistic_regression,0,0.027861882964238256
14,logistic_regression,0,0.043599882646296835
14,logistic_regression,0,0.039486781124603965
14,logistic_regression,0,0.18084867615046638
14,logistic_regression,0,0.1674321561214826
14,logistic_regression,0,0.05570824828600937
14,logistic_regression,0,0.015035877131732205
14,logistic_regression,0,0.2130694916267692
14,logistic_regression,1,0.22053831020912962
14,logistic_regression,0,0.21425313782079256
14,logistic_regression,0,0.05592301570138629
14,logistic_regression,0,0.0884022123770865
14,logistic_regression,0,0.04437428230420345
14,logistic_regression,0,0.15277405609446995
14,logistic_regression,0,0.20187146256022004
14,logistic_regression,0,0.048504384518704736
14,logistic_regression,0,0.03470946068238174
14,logistic_regression,0,0.19862037222531728
14,logistic_regression,1,0.08939296012994877
14,logistic_regression,0,0.290864866760372
14,logistic_regression,0,0.043003497460158545
14,logistic_regression,0,0.05037166370208626
14,logistic_regression,0,0.056914900635681165
14,logistic_regression,0,0.20454179030024883
14,logistic_regression,0,0.12433329282612723
14,logistic_regression,0,0.05486330111895371
14,logistic_regression,0,0.023087463515161576
14,logistic_regression,1,0.2270205767674532
14,logistic_regression,0,0.08488767445733798
14,logistic_regression,0,0.2054272602208004
14,logistic_regression,0,0.029903735437647565
14,logistic_regression,0,0.005123063798420566
14,logistic_regression,0,0.0017579371992960916
14,logistic_regression,0,0.004953461709013144
14,logistic_regression,0,0.030860968046198888
14,logistic_regression,0,0.006457383109056843
14,logistic_regression,0,0.0016955322994741358
14,logistic_regression,0,0.0008066055351722732
14,logistic_regression,0,0.0007011020273391065
14,logistic_regression,0,0.002535942092797236
14,logistic_regression,0,0.004699225214142242
14,logistic_regression,0,0.0005159896607445726
14,logistic_regression,0,0.003165140899516082
14,logistic_regression,0,0.010807975815085974
14,logistic_regression,0,0.00407343540083498
14,logistic_regression,0,0.0004845748750234074
14,logistic_regression,0,0.003798560325715272
14,logistic_regression,0,0.0012466812569937075
14,logistic_regression,0,0.0008062412854113809
14,logistic_regression,0,0.005847177711407618
14,logistic_regression,0,0.003714390356301843
14,logistic_regression,0,0.0440176711071724
14,logistic_regression,0,0.059866442059842595
14,logistic_regression,0,0.14368152352799665
14,logistic_regression,1,0.1332226705094437
14,logistic_regression,0,0.040112155872863486
14,logistic_regression,0,0.021390571435109605
14,logistic_regression,0,0.05137783148698668
14,logistic_regression,0,0.05426582742919346
14,logistic_regression,1,0.16625669674408
14,logistic_regression,0,0.05083419368033283
14,logistic_regression,0,0.10875091025639812
14,logistic_regression,0,0.05090431639759443
14,logistic_regression,0,0.2688820229736028
14,logistic_regression,0,0.049926400337798285
14,logistic_regression,1,0.2484425108433761
14,logistic_regression,0,0.019019400091829747
14,logistic_regression,0,0.09350540277464067
14,logistic_regression,0,0.07125182925502861
14,logistic_regression,0,0.12872755084780402
14,logistic_regression,0,0.03475162323512784
14,logistic_regression,0,0.06112705630152466
14,logistic_regression,0,0.07725475270551546
14,logistic_regression,0,0.11425995177501497
14,logistic_regression,1,0.15776169106878776
14,logistic_regression,0,0.05663689322664982
14,logistic_regression,0,0.019656333001637497
14,logistic_regression,0,0.11846101063531751
14,logistic_regression,0,0.08282214472293484
14,logistic_regression,0,0.22629439515082067
14,logistic_regression,0,0.034209636731084424
14,logistic_regression,0,0.09918506465254105
14,logistic_regression,0,0.059840967066917876
14,logistic_regression,0,0.20892609434084827
14,logistic_regression,0,0.15376933937307757
14,logistic_regression,0,0.11660699652036126
14,logistic_regression,1,0.08094804933122508
14,logistic_regression,0,0.09552590604410871
14,logistic_regression,0,0.06044762215731016
14,logistic_regression,0,0.1255227869248003
14,logistic_regression,0,0.07919932619144614
14,logistic_regression,0,0.06289787075379598
14,logistic_regression,0,0.07811189687315233
14,logistic_regression,1,0.3156686213838887
14,logistic_regression,0,0.10231027258886284
14,logistic_regression,0,0.07255628858953424
14,logistic_regression,0,0.031713708704644496
14,logistic_regression,1,0.0960465988086684
14,logistic_regression,0,0.09430124192924347
14,logistic_regression,0,0.22393326213458176
14,logistic_regression,0,0.04379399654524255
14,logistic_regression,0,0.0020713050480078606
14,logistic_regression,0,0.00046277455988051646
14,logistic_regression,0,0.005020888664862687
14,logistic_regression,0,0.08506746795759167
14,logistic_regression,0,0.0026251492099797894
14,logistic_regression,0,0.00037840151752434906
14,logistic_regression,0,0.002654181276466731
14,logistic_regression,0,0.0004701733952352896
14,logistic_regression,0,0.020983696543113273
14,logistic_regression,0,0.0011203648587620044
14,logistic_regression,0,0.0004274420856969981
14,logistic_regression,0,0.0008712920572162879
14,logistic_regression,0,0.011117780756710943
14,logistic_regression,0,0.0018786611999078119
14,logistic_regression,0,0.0019270974583400734
14,logistic_regression,0,0.00039587384185739053
14,logistic_regression,0,0.001002153636972834
14,logistic_regression,0,0.00021371711385769455
14,logistic_regression,0,0.026985953853116605
14,logistic_regression,0,0.0009401920278214002
14,logistic_regression,0,0.047905337121082095
14,logistic_regression,0,0.03504827886998243
14,logistic_regression,0,0.24515379218243483
14,logistic_regression,0,0.1175996939363213
14,logistic_regression,0,0.04786469775899401
14,logistic_regression,0,0.018824915242179982
14,logistic_regression,1,0.10861811550036479
14,logistic_regression,0,0.014576873958222037
14,logistic_regression,1,0.21565718593237004
14,logistic_regression,0,0.023625777879308488
14,logistic_regression,0,0.05093737497310755
14,logistic_regression,0,0.058206101347730584
14,logistic_regression,0,0.20355877831384492
14,logistic_regression,0,0.06645792968943696
14,logistic_regression,0,0.0731705950817074
14,logistic_regression,0,0.02527949314342326
14,logistic_regression,0,0.1447421264253721
14,logistic_regression,1,0.07554167228690571
14,logistic_regression,0,0.1328786897903457
14,logistic_regression,0,0.03317394299206177
14,logistic_regression,0,0.04777519058500938
14,logistic_regression,0,0.03756309134471604
14,logistic_regression,0,0.23393367051418287
14,logistic_regression,0,0.0578913126300056
14,logistic_regression,1,0.08506685861257644
14,logistic_regression,0,0.01955672201396318
14,logistic_regression,0,0.14680396371967608
14,logistic_regression,0,0.05649359682763237
14,logistic_regression,0,0.1479621768414485
14,logistic_regression,0,0.049986097734986266
14,logistic_regression,0,0.04805274061394067
14,logistic_regression,0,0.037414959863854284
14,logistic_regression,0,0.19108832545797133
14,logistic_regression,0,0.061510690757307425
14,logistic_regression,0,0.08208601293068811
14,logistic_regression,0,0.028770444188200905
14,logistic_regression,0,0.2131487384174233
14,logistic_regression,0,0.06760167176976233
14,logistic_regression,0,0.08853711268826063
14,logistic_regression,0,0.03429846960761215
14,logistic_regression,0,0.05983154486330178
14,logistic_regression,0,0.08553905205068786
14,logistic_regression,0,0.0879618781834928
14,logistic_regression,0,0.11214793320598491
14,logistic_regression,0,0.08622819889102495
14,logistic_regression,0,0.03759814074775913
14,logistic_regression,0,0.14596244595630167
14,logistic_regression,0,0.06003044181566913
14,logistic_regression,0,0.13652878098718474
14,logistic_regression,0,0.01390686346019685
14,logistic_regression,0,0.014172773776236916
14,logistic_regression,0,0.0015697050466401347
14,logistic_regression,0,0.004806559034843314
14,logistic_regression,0,0.034816403710838384
14,logistic_regression,0,0.003003013667727711
14,logistic_regression,0,0.004516165816305681
14,logistic_regression,0,0.0064382056524971455
14,logistic_regression,0,0.00030778479596337607
14,logistic_regression,0,0.0009165022114860134
14,logistic_regression,0,0.004900596960007041
14,logistic_regression,0,0.0004939493223148982
14,logistic_regression,0,0.000659693024341123
14,logistic_regression,0,0.0023373555663860584
14,logistic_regression,0,0.00936874855345053
14,logistic_regression,0,0.0025054825502215496
14,logistic_regression,0,0.00022532796789742667
14,logistic_regression,0,0.0002792569442132827
14,logistic_regression,0,0.000853645975052217
14,logistic_regression,0,0.004652982983194706
14,logistic_regression,0,0.004654169267209758
14,logistic_regression,0,0.08929624014803561
14,logistic_regression,0,0.05387713710886276
14,logistic_regression,0,0.03241775491139332
14,logistic_regression,0,0.13867684440776157
14,logistic_regression,0,0.07322929156101612
14,logistic_regression,0,0.019200603017975056
14,logistic_regression,0,0.12682043467792603
14,logistic_regression,0,0.04720996827344987
14,logistic_regression,1,0.06966413256806692
14,logistic_regression,0,0.03059557509204406
14,logistic_regression,0,0.12104808084710947
14,logistic_regression,0,0.08133624460164313
14,logistic_regression,0,0.06096429568768471
14,logistic_regression,0,0.15064558748829146
14,logistic_regression,0,0.0979224106778796
14,logistic_regression,0,0.02766757522195396
14,logistic_regression,0,0.1420405861115529
14,logistic_regression,0,0.12312127098838391
14,logistic_regression,1,0.14488908353590896
14,logistic_regression,0,0.0520973608340607
14,logistic_regression,0,0.08585589242900946
14,logistic_regression,0,0.056940755539609145
14,logistic_regression,0,0.18499770813472488
14,logistic_regression,0,0.1786307409244166
14,logistic_regression,0,0.08967767961354757
14,logistic_regression,1,0.024815766148587725
14,logistic_regression,0,0.1414234463475724
14,logistic_regression,0,0.04900843492323722
14,logistic_regression,0,0.14472212355025604
14,logistic_regression,0,0.03800834669496203
14,logistic_regression,0,0.08627326901582125
14,logistic_regression,0,0.1091320702801119
14,logistic_regression,0,0.10895732707974164
14,logistic_regression,0,0.1566175555145051
14,logistic_regression,0,0.10141885378752752
14,logistic_regression,1,0.039585288285946624
14,logistic_regression,0,0.11943228347376812
14,logistic_regression,0,0.056610515170005364
14,logistic_regression,0,0.19242836182299328
14,logistic_regression,0,0.06358404321601842
14,logistic_regression,0,0.11388817411457003
14,logistic_regression,0,0.06763065632073861
14,logistic_regression,1,0.168604124370955
14,logistic_regression,0,0.24254559526133812
14,logistic_regression,0,0.08746363312373547
14,logistic_regression,0,0.013599697740076053
14,logistic_regression,0,0.0909702809847227
14,logistic_regression,0,0.062452473336865655
14,logistic_regression,0,0.10890879322620686
14,logistic_regression,0,0.03967788937823848
14,logistic_regression,0,0.0016681369931486408
14,logistic_regression,0,0.001683024397855231
14,logistic_regression,0,0.0853351921630298
14,logistic_regression,0,0.004365302643335473
14,logistic_regression,0,0.002393483863834607
14,logistic_regression,0,0.0022221938823432535
14,logistic_regression,0,0.0018931122794810216
14,logistic_regression,0,0.0010003700930704856
14,logistic_regression,0,0.012987585081024669
14,logistic_regression,0,0.0015078332967934096
14,logistic_regression,0,0.000931135459435952
14,logistic_regression,0,0.006068810115002007
14,logistic_regression,0,0.014669755465308798
14,logistic_regression,0,0.022314987934040752
14,logistic_regression,0,0.0020347068032261786
14,logistic_regression,0,0.002255111868186661
14,logistic_regression,0,0.0033573860043784685
14,logistic_regression,0,0.005317826700669214
14,logistic_regression,0,0.003880662262114933
14,logistic_regression,0,0.0017369692812274518
14,logistic_regression,0,0.06099806982411089
14,logistic_regression,0,0.0316017192580542
14,logistic_regression,0,0.11776491109220058
14,logistic_regression,0,0.11923218668059692
14,logistic_regression,0,0.040085180489156755
14,logistic_regression,0,0.040459651735515086
14,logistic_regression,1,0.10042077190180887
14,logistic_regression,0,0.054932673560978765
14,logistic_regression,0,0.09911257255977336
14,logistic_regression,0,0.03398997514467905
14,logistic_regression,0,0.09218270290217405
14,logistic_regression,0,0.06488080743667683
14,logistic_regression,0,0.12849450783675437
14,logistic_regression,0,0.11205348659196654
14,logistic_regression,0,0.09459942575713226
14,logistic_regression,0,0.03825207269861873
14,logistic_regression,0,0.09065252126843468
14,logistic_regression,0,0.12078066933126448
14,logistic_regression,0,0.15116536155932456
14,logistic_regression,0,0.028054180131029602
14,logistic_regression,0,0.07185095031968194
14,logistic_regression,0,0.07982756940880541
14,logistic_regression,0,0.4743767376221077
14,logistic_regression,0,0.13764325551913092
14,logistic_regression,0,0.03435372064203263
14,logistic_regression,0,0.05079112981809649
14,logistic_regression,0,0.09582864584186941
14,logistic_regression,1,0.08654483442494476
14,logistic_regression,0,0.15819418086003598
14,logistic_regression,0,0.033442350113520466
14,logistic_regression,0,0.08383567251531157
14,logistic_regression,0,0.07592515245883061
14,logistic_regression,1,0.21020308507654878
14,logistic_regression,0,0.17467750057061002
14,logistic_regression,0,0.04010347335013781
14,logistic_regression,0,0.050981937625500434
14,logistic_regression,0,0.07520732338205562
14,logistic_regression,0,0.11545822645216872
14,logistic_regression,0,0.1307613328605115
14,logistic_regression,0,0.02569490278859052
14,logistic_regression,1,0.06519596053577471
14,logistic_regression,1,0.058181766831408493
14,logistic_regression,0,0.1913545623491048
14,logistic_regression,0,0.12966670576446265
14,logistic_regression,0,0.06431049423412405
14,logistic_regression,0,0.047592388469404376
14,logistic_regression,0,0.1113738492846204
14,logistic_regression,0,0.08045394832359032
14,logistic_regression,0,0.11449516911937084
14,logistic_regression,0,0.027062835802067822
14,logistic_regression,0,0.00047790039103132165
14,logistic_regression,0,0.005813937098554699
14,logistic_regression,0,0.0258721643617206
14,logistic_regression,0,0.0010846804768590362
14,logistic_regression,0,0.0017021030935099634
14,logistic_regression,0,0.001221600134404435
14,logistic_regression,0,0.001781936262798864
14,logistic_regression,0,0.00022503032384023016
14,logistic_regression,0,0.002695030155331234
14,logistic_regression,0,0.0022001375707739884
14,logistic_regression,0,0.0010352523852008872
14,logistic_regression,0,0.0038914448757144267
14,logistic_regression,0,0.01659505365089503
14,logistic_regression,0,0.044180954560187655
14,logistic_regression,0,0.00079910333475548
14,logistic_regression,0,0.0018877760130256776
14,logistic_regression,0,0.0009162837164294751
14,logistic_regression,0,0.0011839458111750883
14,logistic_regression,0,0.09540217682491102
14,logistic_regression,0,0.00674738530281023
14,logistic_regression,0,0.03280930952150665
14,logistic_regression,0,0.07320111639032721
14,logistic_regression,0,0.07837860477579917
14,logistic_regression,0,0.1053149117616495
14,logistic_regression,0,0.0369176317233194
14,logistic_regression,0,0.025078631211648286
14,logistic_regression,0,0.0890514053318774
14,logistic_regression,0,0.03551208712466896
14,logistic_regression,1,0.15546534460293462
14,logistic_regression,0,0.04308962497779988
14,logistic_regression,0,0.07674871079769156
14,logistic_regression,0,0.07952825896497927
14,logistic_regression,1,0.5022749831019905
14,logistic_regression,0,0.12253039740061691
14,logistic_regression,0,0.06139925085245803
14,logistic_regression,0,0.042641417158838374
14,logistic_regression,0,0.10048148292637156
14,logistic_regression,0,0.04834317592677119
14,logistic_regression,0,0.1275208398953596
14,logistic_regression,0,0.051124766665858856
14,logistic_regression,0,0.07541635428799266
14,logistic_regression,0,0.09016936183984169
14,logistic_regression,0,0.1294241999288713
14,logistic_regression,0,0.17361649526925801
14,logistic_regression,0,0.0583419369339007
14,logistic_regression,0,0.040213944870239875
14,logistic_regression,0,0.16411923195971195
14,logistic_regression,0,0.08279563775116675
14,logistic_regression,1,0.180493399941861
14,logistic_regression,0,0.04971641775760563
14,logistic_regression,0,0.07255213758527444
14,logistic_regression,0,0.05404226100477776
14,logistic_regression,0,0.1707976424481183
14,logistic_regression,0,0.1740523444503055
14,logistic_regression,0,0.0469055126089349
14,logistic_regression,0,0.0296283422840778
14,logistic_regression,0,0.10909271488487483
14,logistic_regression,0,0.08056423653911106
14,logistic_regression,0,0.07581991208440918
14,logistic_regression,0,0.04157157618936221
14,logistic_regression,0,0.051699224713260696
14,logistic_regression,0,0.07890160114789212
14,logistic_regression,0,0.2026076110250843
14,logistic_regression,0,0.15753675082128343
14,logistic_regression,0,0.06789880756427653
14,logistic_regression,0,0.01877580808939686
14,logistic_regression,0,0.128959119271786
14,logistic_regression,0,0.031577109045719025
14,logistic_regression,0,0.16962391933774626
14,logistic_regression,0,0.037596030627115494
14,logistic_regression,0,0.0020863182834760974
14,logistic_regression,0,0.01583663294437307
14,logistic_regression,0,0.020053243418566586
14,logistic_regression,0,0.006791268867998443
14,logistic_regression,0,0.00016465571646632219
14,logistic_regression,0,0.001393511054477223
14,logistic_regression,0,0.0010862022693296173
14,logistic_regression,0,0.0010654501265786895
14,logistic_regression,0,0.007404557909037675
14,logistic_regression,0,0.0018349386818927336
14,logistic_regression,0,0.002508799422712062
14,logistic_regression,0,0.00046491268951342297
14,logistic_regression,0,0.009120242340823361
14,logistic_regression,0,0.010761455021391354
14,logistic_regression,0,0.0012950602706093845
14,logistic_regression,0,0.0009638069491283578
14,logistic_regression,0,0.0007145094756840783
14,logistic_regression,0,0.00018993367573338414
14,logistic_regression,0,0.12204680016328968
14,logistic_regression,0,0.0016142824734444632
14,logistic_regression,0,0.05973619058765487
14,logistic_regression,0,0.023731571405473138
14,logistic_regression,0,0.17476255745264113
14,logistic_regression,0,0.15607257297540175
14,logistic_regression,0,0.05248373018698419
14,logistic_regression,0,0.03110842936662878
14,logistic_regression,0,0.13385164507444988
14,logistic_regression,0,0.05061893568404867
14,logistic_regression,0,0.09057002767353668
14,logistic_regression,0,0.033339756790008016
14,logistic_regression,0,0.08140726433887387
14,logistic_regression,0,0.047700159067524346
14,logistic_regression,1,0.2654579180663776
14,logistic_regression,0,0.11742560991880914
14,logistic_regression,0,0.019242095327147404
14,logistic_regression,1,0.035520749306100774
14,logistic_regression,0,0.1202746481353148
14,logistic_regression,1,0.0894636190899725
14,logistic_regression,0,0.17336363736549532
14,logistic_regression,0,0.040763190191623715
14,logistic_regression,0,0.0778146753193001
14,logistic_regression,0,0.07254818322116409
14,logistic_regression,0,0.11755846703993544
14,logistic_regression,0,0.167973377246335
14,logistic_regression,0,0.047219121499845376
14,logistic_regression,0,0.033880027423259414
14,logistic_regression,1,0.09533766925348956
14,logistic_regression,0,0.09395835375149049
14,logistic_regression,1,0.14949954637531335
14,logistic_regression,0,0.0443449979523906
14,logistic_regression,0,0.07081611323299011
14,logistic_regression,0,0.07612049784450736
14,logistic_regression,1,0.2006743796407641
14,logistic_regression,0,0.20013013210675304
14,logistic_regression,0,0.05868956850380072
14,logistic_regression,0,0.04117010732000771
14,logistic_regression,0,0.10916375430291757
14,logistic_regression,0,0.16528348720010339
14,logistic_regression,0,0.13614111858548916
14,logistic_regression,0,0.12872410306826013
14,logistic_regression,0,0.056486279859610466
14,logistic_regression,0,0.048552507181748875
14,logistic_regression,0,0.07948091429162137
14,logistic_regression,0,0.22397565038996028
14,logistic_regression,0,0.0333900774909765
14,logistic_regression,0,0.05097401227482433
14,logistic_regression,0,0.2044413970180758
14,logistic_regression,0,0.049794028873462785
14,logistic_regression,0,0.2133569177118122
14,logistic_regression,0,0.036435657104770106
14,logistic_regression,0,0.0021662597836675746
14,logistic_regression,0,0.0006152316077693003
14,logistic_regression,0,0.005011562017319429
14,logistic_regression,0,0.010265746131786284
14,logistic_regression,0,0.00826852905905499
14,logistic_regression,0,0.0006420872608247803
14,logistic_regression,0,0.0019131720280606906
14,logistic_regression,0,0.0038200253063172224
14,logistic_regression,0,0.0012607007206607498
14,logistic_regression,0,0.0020351869734363676
14,logistic_regression,0,0.0007287894839577611
14,logistic_regression,0,0.010426903730514593
14,logistic_regression,0,0.002984723735538786
14,logistic_regression,0,0.014144180440002709
14,logistic_regression,0,0.0017931561382994775
14,logistic_regression,0,0.0032508253315917455
14,logistic_regression,0,0.001074622067952639
14,logistic_regression,0,0.0014076099273052237
14,logistic_regression,0,0.01709348932772306
14,logistic_regression,0,0.016937661132170184
14,logistic_regression,0,0.029661639788583383
14,logistic_regression,0,0.037333451249082245
14,logistic_regression,0,0.16846372160423512
14,logistic_regression,0,0.19899224496552387
14,logistic_regression,0,0.043465070494194
14,logistic_regression,0,0.045218785110073
14,logistic_regression,0,0.10582581090734061
14,logistic_regression,0,0.0668362052337654
14,logistic_regression,0,0.1434692733192646
14,logistic_regression,0,0.029169104855887026
14,logistic_regression,1,0.25962563339372613
14,logistic_regression,0,0.03517992810366388
14,logistic_regression,0,0.09793094041190278
14,logistic_regression,0,0.12471213894418225
14,logistic_regression,0,0.09741395930988289
14,logistic_regression,0,0.04716974996687978
14,logistic_regression,0,0.14821482275697123
14,logistic_regression,1,0.113457274954347
14,logistic_regression,0,0.14798139580965278
14,logistic_regression,0,0.28371643685943554
14,logistic_regression,0,0.04156530538220415
14,logistic_regression,0,0.05937677055240495
14,logistic_regression,0,0.15780212184973458
14,logistic_regression,0,0.10661105642136952
14,logistic_regression,0,0.06655072604352968
14,logistic_regression,0,0.1504609506574372
14,logistic_regression,0,0.14974011992982816
14,logistic_regression,0,0.0976759027403739
14,logistic_regression,0,0.17669547300868058
14,logistic_regression,0,0.029432076508949193
14,logistic_regression,0,0.09693918131262572
14,logistic_regression,0,0.05927833139916163
14,logistic_regression,0,0.15492884219409186
14,logistic_regression,0,0.1371390623575436
14,logistic_regression,0,0.046380695609050906
14,logistic_regression,0,0.04350568756274143
14,logistic_regression,0,0.16241112287082654
14,logistic_regression,0,0.08396083241365473
14,logistic_regression,0,0.264624543640174
14,logistic_regression,0,0.031167222994027136
14,logistic_regression,0,0.08859301110657394
14,logistic_regression,0,0.07504298108501144
14,logistic_regression,0,0.12320410398641435
14,logistic_regression,0,0.16031977659847949
14,logistic_regression,0,0.0808345293401036
14,logistic_regression,0,0.03464026390213104
14,logistic_regression,1,0.1547617434881688
14,logistic_regression,0,0.08037469168253471
14,logistic_regression,0,0.07303513159156062
14,logistic_regression,0,0.026549654952327268
14,logistic_regression,0,0.002251064500826264
14,logistic_regression,0,0.001433057191349702
14,logistic_regression,0,0.03707938074059994
14,logistic_regression,0,0.026470864634555467
14,logistic_regression,0,0.001524950724763863
14,logistic_regression,0,0.0018687019166174345
14,logistic_regression,0,0.00905250100921222
14,logistic_regression,0,0.0003976270989326954
14,logistic_regression,0,0.010063939846157294
14,logistic_regression,0,0.001336209018768863
14,logistic_regression,0,0.00017851485260266109
14,logistic_regression,0,0.0003276586179442909
14,logistic_regression,0,0.0024241228300041825
14,logistic_regression,0,0.0028361252803250237
14,logistic_regression,0,0.0024071860082023576
14,logistic_regression,0,0.0018195204175406269
14,logistic_regression,0,0.0007447385323118572
14,logistic_regression,0,5.499422423718847e-05
14,logistic_regression,0,0.008352685153155895
14,logistic_regression,0,0.0022544587252028674
14,logistic_regression,0,0.050959798591010734
14,logistic_regression,0,0.03356709496005767
14,logistic_regression,0,0.12881659212549718
14,logistic_regression,0,0.11281086885086884
14,logistic_regression,0,0.02754485197172579
14,logistic_regression,0,0.02493116792112295
14,logistic_regression,1,0.0989300108128382
14,logistic_regression,0,0.060585430592413024
14,logistic_regression,0,0.1305750732315658
14,logistic_regression,0,0.020267817137465213
14,logistic_regression,0,0.10054419081391375
14,logistic_regression,0,0.043708550424883225
14,logistic_regression,0,0.18307929446975202
14,logistic_regression,0,0.08203500350947358
14,logistic_regression,0,0.12042135507535591
14,logistic_regression,0,0.04198048479900564
14,logistic_regression,0,0.14369627139266986
14,logistic_regression,0,0.1147034714436881
14,logistic_regression,0,0.16574745527743354
14,logistic_regression,0,0.030167589273188748
14,logistic_regression,0,0.053909535404490165
14,logistic_regression,0,0.0618274349611931
14,logistic_regression,0,0.0881708146346113
14,logistic_regression,0,0.12547836122632655
14,logistic_regression,0,0.12140404513135979
14,logistic_regression,0,0.03500119658622328
14,logistic_regression,0,0.11619045811401912
14,logistic_regression,0,0.0801710603423279
14,logistic_regression,1,0.1284429058127296
14,logistic_regression,0,0.034100241128233996
14,logistic_regression,0,0.0957383533748094
14,logistic_regression,0,0.043141335097431115
14,logistic_regression,0,0.10563504425911757
14,logistic_regression,1,0.08224013508593685
14,logistic_regression,0,0.03478754768281602
14,logistic_regression,0,0.036407190673715666
14,logistic_regression,0,0.10288789522996519
14,logistic_regression,0,0.03955961221790114
14,logistic_regression,0,0.10661955627127197
14,logistic_regression,0,0.03950098762287554
14,logistic_regression,0,0.0709539929578395
14,logistic_regression,0,0.06377255605325488
14,logistic_regression,0,0.14411492905789142
14,logistic_regression,0,0.15713418174298613
14,logistic_regression,0,0.0780750724010674
14,logistic_regression,0,0.02683523346991858
14,logistic_regression,0,0.1599342146854194
14,logistic_regression,0,0.09753594319804598
14,logistic_regression,1,0.18504757726577623
14,logistic_regression,0,0.007444598851753406
14,logistic_regression,0,0.004485597596776912
14,logistic_regression,0,0.0022748030943390935
14,logistic_regression,0,0.010946558881205914
14,logistic_regression,0,0.0019456391775137586
14,logistic_regression,0,0.0028810146181121768
14,logistic_regression,0,0.0006994834785699042
14,logistic_regression,0,0.0018577473254727662
14,logistic_regression,0,0.0005517882161893879
14,logistic_regression,0,0.0058030605118948924
14,logistic_regression,0,0.001812969602319438
14,logistic_regression,0,0.0009808035702608949
14,logistic_regression,0,0.0017518303475165368
14,logistic_regression,0,0.03762509229380558
14,logistic_regression,0,0.028163212268614613
14,logistic_regression,0,0.005671366630810288
14,logistic_regression,0,0.001499497143509762
14,logistic_regression,0,0.0002791220081877307
14,logistic_regression,0,0.00044287363933316604
14,logistic_regression,0,0.004203581627904238
14,logistic_regression,0,0.014210743297082714
14,logistic_regression,0,0.03937302849418729
14,logistic_regression,0,0.041423991301108826
14,logistic_regression,0,0.154866276744512
14,logistic_regression,0,0.13545214142911877
14,logistic_regression,0,0.06072332441462387
14,logistic_regression,0,0.025166246310046745
14,logistic_regression,0,0.15711060966845414
14,logistic_regression,0,0.026928629713327774
14,logistic_regression,0,0.12286466614667817
14,logistic_regression,0,0.019022796912769906
14,logistic_regression,0,0.09525639203900933
14,logistic_regression,0,0.06576676162795357
14,logistic_regression,0,0.18249792601781165
14,logistic_regression,0,0.1641022112367524
14,logistic_regression,0,0.06382101472697822
14,logistic_regression,0,0.03706184529880997
14,logistic_regression,1,0.11992482061618599
14,logistic_regression,0,0.09947128406089698
14,logistic_regression,0,0.20291444350900395
14,logistic_regression,0,0.04045106207330886
14,logistic_regression,0,0.06444183255463946
14,logistic_regression,0,0.0637045211491474
14,logistic_regression,0,0.24455057096331217
14,logistic_regression,1,0.07184172721833892
14,logistic_regression,0,0.09016883319731736
14,logistic_regression,0,0.04061320124648968
14,logistic_regression,0,0.1652225326777207
14,logistic_regression,0,0.05500369294556544
14,logistic_regression,1,0.11955784671735722
14,logistic_regression,0,0.01576609551988877
14,logistic_regression,0,0.11886826411413447
14,logistic_regression,0,0.05366947549070174
14,logistic_regression,0,0.1567059309051187
14,logistic_regression,0,0.14860675627231237
14,logistic_regression,0,0.057191458532312923
14,logistic_regression,0,0.03059143066302898
14,logistic_regression,0,0.17354893351244408
14,logistic_regression,0,0.08940424953243209
14,logistic_regression,0,0.19832464086822593
14,logistic_regression,0,0.02531926153947942
14,logistic_regression,0,0.02425082389786688
14,logistic_regression,0,0.056810155601134914
14,logistic_regression,0,0.13185836391377267
14,logistic_regression,0,0.15931015723604525
14,logistic_regression,0,0.05934965776420117
14,logistic_regression,0,0.026370825205044846
14,logistic_regression,0,0.1553886389116763
14,logistic_regression,0,0.09634367319584974
14,logistic_regression,0,0.22309261074363618
14,logistic_regression,0,0.0455466571520269
14,logistic_regression,0,0.0008757876914379019
14,logistic_regression,0,0.006213153341566921
14,logistic_regression,0,0.007483815176341812
14,logistic_regression,0,0.04792328156900891
14,logistic_regression,0,0.0006496415491668903
14,logistic_regression,0,0.004549397884706879
14,logistic_regression,0,0.00233707304982077
14,logistic_regression,0,0.0009246173097647834
14,logistic_regression,0,0.032727742819870446
14,logistic_regression,0,0.009384660435078294
14,logistic_regression,0,0.0003808635009406775
14,logistic_regression,0,0.0011407820809131843
14,logistic_regression,0,0.01816120120582976
14,logistic_regression,0,0.1411754100487117
14,logistic_regression,0,0.0002749593956829233
14,logistic_regression,0,0.0003062321233585599
14,logistic_regression,0,0.00209010783201625
14,logistic_regression,0,0.0008424560769206886
14,logistic_regression,0,0.0013856073450823757
14,logistic_regression,0,0.017892640127099443
14,logistic_regression,0,0.054528540040225504
14,logistic_regression,0,0.04729860335582332
14,logistic_regression,0,0.17422880236648344
14,logistic_regression,0,0.11188664455341747
14,logistic_regression,0,0.03145706258124397
14,logistic_regression,0,0.0341093341339478
14,logistic_regression,0,0.14470441441615883
14,logistic_regression,0,0.057648339501199665
14,logistic_regression,0,0.13438212670645694
14,logistic_regression,0,0.04954876513105696
14,logistic_regression,0,0.05573176625520494
14,logistic_regression,0,0.0563847823175634
14,logistic_regression,0,0.1306148208229279
14,logistic_regression,0,0.06705551662102158
14,logistic_regression,0,0.036842077948606965
14,logistic_regression,0,0.05778776373917231
14,logistic_regression,0,0.13736174606086807
14,logistic_regression,0,0.08330300884982529
14,logistic_regression,0,0.12963363576341339
14,logistic_regression,0,0.026657489596663145
14,logistic_regression,0,0.06759905264877342
14,logistic_regression,0,0.11785622683220633
14,logistic_regression,1,0.1615647919829533
14,logistic_regression,0,0.17548813973515362
14,logistic_regression,0,0.04967694926638777
14,logistic_regression,0,0.04477973859805446
14,logistic_regression,0,0.12202516374644391
14,logistic_regression,0,0.0672398228990049
14,logistic_regression,0,0.1923992036295588
14,logistic_regression,0,0.05192304253596721
14,logistic_regression,0,0.07903118593513944
14,logistic_regression,0,0.08437559047786146
14,logistic_regression,0,0.13922277220972243
14,logistic_regression,0,0.06844383706428311
14,logistic_regression,0,0.040365255107918316
14,logistic_regression,1,0.08432747734214777
14,logistic_regression,0,0.1291767402977097
14,logistic_regression,0,0.0745057663233062
14,logistic_regression,0,0.19893862168394855
14,logistic_regression,0,0.05965740869737476
14,logistic_regression,0,0.07541372533160773
14,logistic_regression,0,0.05724538974349446
14,logistic_regression,1,0.21761981383579526
14,logistic_regression,0,0.10683944882449811
14,logistic_regression,0,0.03259842930979107
14,logistic_regression,0,0.03949329725437388
14,logistic_regression,0,0.1856052903933634
14,logistic_regression,0,0.05259061374170325
14,logistic_regression,0,0.1502296674322069
14,logistic_regression,0,0.08329609027917827
14,logistic_regression,0,0.002293779562423038
14,logistic_regression,0,0.0009065956068770423
14,logistic_regression,0,0.012857571755598263
14,logistic_regression,0,0.003727394782297992
14,logistic_regression,0,0.0015636740828002338
14,logistic_regression,0,0.002042338241221296
14,logistic_regression,0,0.0030358820754601986
14,logistic_regression,0,0.003909244180763019
14,logistic_regression,0,0.019712073498795817
14,logistic_regression,0,0.0007605847145135164
14,logistic_regression,0,0.0013785923909479694
14,logistic_regression,0,0.003367561455357328
14,logistic_regression,0,0.01237741159393969
14,logistic_regression,0,0.0024521158456887733
14,logistic_regression,0,0.0015710270868678523
14,logistic_regression,0,0.0003573370722310068
14,logistic_regression,0,0.0007063913931189793
14,logistic_regression,0,0.0004395467294490385
14,logistic_regression,0,0.012196903697382942
14,logistic_regression,0,0.0016257546815597699
14,logistic_regression,0,0.04425135844291452
14,logistic_regression,0,0.037337235054583105
14,logistic_regression,0,0.0894433987223988
14,logistic_regression,0,0.17313800331355003
14,logistic_regression,0,0.06283832661928894
14,logistic_regression,0,0.05951625224186949
14,logistic_regression,0,0.08953577349010396
14,logistic_regression,1,0.05916274954442027
14,logistic_regression,0,0.14181406672493496
14,logistic_regression,0,0.03698203293596658
14,logistic_regression,0,0.08710453986130995
14,logistic_regression,1,0.05521417793059325
14,logistic_regression,1,0.2354407736776619
14,logistic_regression,0,0.1992557525762476
14,logistic_regression,0,0.06335766904462124
14,logistic_regression,0,0.16872286689192945
14,logistic_regression,1,0.09798011538508267
14,logistic_regression,0,0.1093830017861261
14,logistic_regression,0,0.03791239998988795
14,logistic_regression,0,0.058122765970478475
14,logistic_regression,0,0.07888023631922687
14,logistic_regression,0,0.04861517585484403
14,logistic_regression,0,0.05276334439900637
14,logistic_regression,0,0.2104495482099967
14,logistic_regression,0,0.05026166543650859
14,logistic_regression,1,0.044951847988991024
14,logistic_regression,0,0.1623475896046536
14,logistic_regression,0,0.09283822788743296
14,logistic_regression,0,0.06643186978789636
14,logistic_regression,0,0.03439751516555008
14,logistic_regression,0,0.07526552040076077
14,logistic_regression,1,0.04791964562470663
14,logistic_regression,0,0.17408489020103943
14,logistic_regression,0,0.1774600561705665
14,logistic_regression,0,0.05800333505561987
14,logistic_regression,0,0.04630414927322698
14,logistic_regression,0,0.1529758193623333
14,logistic_regression,1,0.12178220952221877
14,logistic_regression,0,0.09659362474263837
14,logistic_regression,0,0.038384849419465114
14,logistic_regression,0,0.08521986672697948
14,logistic_regression,0,0.0638574744046599
14,logistic_regression,0,0.0640427220156223
14,logistic_regression,0,0.15350130545744695
14,logistic_regression,0,0.06960079640793791
14,logistic_regression,0,0.04256164959747084
14,logistic_regression,0,0.13942308830662237
14,logistic_regression,0,0.0528780770983714
14,logistic_regression,0,0.10315904904551944
14,logistic_regression,0,0.03440568650359501
14,logistic_regression,0,0.0016288365997931401
14,logistic_regression,0,0.0022573423367319673
14,logistic_regression,0,0.019074932966923922
14,logistic_regression,0,0.008192107443109387
14,logistic_regression,0,0.0033867324768690433
14,logistic_regression,0,0.0016207692927785256
14,logistic_regression,0,0.0012203768186261844
14,logistic_regression,0,0.001547206992486358
14,logistic_regression,0,0.1423874361622219
14,logistic_regression,0,0.0003013857896441855
14,logistic_regression,0,0.006116822580077645
14,logistic_regression,0,0.005728282558259258
14,logistic_regression,0,0.009621965573260163
14,logistic_regression,0,0.020918057527207053
14,logistic_regression,0,0.002642083505751906
14,logistic_regression,0,0.001423273271746142
14,logistic_regression,0,0.002254353372544765
14,logistic_regression,0,0.0006572862238155462
14,logistic_regression,0,0.035355872654493754
14,logistic_regression,0,0.010471564238994074
14,logistic_regression,0,0.03430469742840735
14,logistic_regression,0,0.066209086253168
14,logistic_regression,0,0.09260845103411328
14,logistic_regression,0,0.13193218819879066
14,logistic_regression,0,0.06395618358063451
14,logistic_regression,0,0.040765352054264514
14,logistic_regression,0,0.17502174943568588
14,logistic_regression,0,0.051317663529256756
14,logistic_regression,0,0.06279679550706109
14,logistic_regression,0,0.03380186029870977
14,logistic_regression,0,0.07857240598031615
14,logistic_regression,0,0.10344525315621997
14,logistic_regression,1,0.13895024764675065
14,logistic_regression,0,0.1466866413573919
14,logistic_regression,0,0.0957873281389926
14,logistic_regression,0,0.05429355565167966
14,logistic_regression,0,0.1963766530748606
14,logistic_regression,0,0.07590081095228692
14,logistic_regression,0,0.13714952641032105
14,logistic_regression,0,0.02602937307729729
14,logistic_regression,0,0.04630372353440019
14,logistic_regression,0,0.11253351191952211
14,logistic_regression,1,0.07161919178747646
14,logistic_regression,0,0.20524501279644877
14,logistic_regression,0,0.3004522953130469
14,logistic_regression,0,0.0324325076630093
14,logistic_regression,0,0.22433801639405782
14,logistic_regression,0,0.08696891379107394
14,logistic_regression,0,0.05315159188728285
14,logistic_regression,0,0.028080945673179893
14,logistic_regression,0,0.07018973298031075
14,logistic_regression,0,0.15541445634964382
14,logistic_regression,0,0.17417360405842341
14,logistic_regression,0,0.18867345099548574
14,logistic_regression,0,0.2344412498220359
14,logistic_regression,0,0.023747489784446997
14,logistic_regression,0,0.20833901837653349
14,logistic_regression,0,0.0810677180972704
14,logistic_regression,0,0.22872329101655844
14,logistic_regression,1,0.03667917280957593
14,logistic_regression,0,0.1196337687443078
14,logistic_regression,0,0.12489953591432917
14,logistic_regression,0,0.10206384710476452
14,logistic_regression,1,0.019738548085990463
14,logistic_regression,0,0.43772098752666955
14,logistic_regression,0,0.028913445858379957
14,logistic_regression,0,0.16121594307173476
14,logistic_regression,0,0.06675107953329387
14,logistic_regression,0,0.14017197517449106
14,logistic_regression,0,0.03875900454927831
14,logistic_regression,0,0.0010105501512156336
14,logistic_regression,0,0.0007222140429375231
14,logistic_regression,0,0.0062647474807412075
14,logistic_regression,0,0.007803905513815634
14,logistic_regression,0,0.0017213840045349398
14,logistic_regression,0,0.0012438651510095506
14,logistic_regression,0,0.0033669710611044187
14,logistic_regression,0,0.00014740156667551735
14,logistic_regression,0,0.013531837110245843
14,logistic_regression,0,0.016341844950316153
14,logistic_regression,0,0.0006629606615068004
14,logistic_regression,0,0.003407295441728891
14,logistic_regression,0,0.017031141692138096
14,logistic_regression,0,0.088203986730835
14,logistic_regression,0,0.0026258012792503443
14,logistic_regression,0,0.0014140516184202002
14,logistic_regression,0,0.0032563447542791556
14,logistic_regression,0,0.00034562621014510604
14,logistic_regression,0,0.03334765662108602
14,logistic_regression,0,0.00022975864470137848
14,logistic_regression,0,0.07821334768708227
14,logistic_regression,0,0.051006797351988445
14,logistic_regression,1,0.49311358204469025
14,logistic_regression,0,0.1675718808229127
14,logistic_regression,0,0.08462934932596014
14,logistic_regression,0,0.03050353101169421
14,logistic_regression,0,0.11716781485945259
14,logistic_regression,0,0.056580666288595906
14,logistic_regression,0,0.08561847562631973
14,logistic_regression,0,0.02209593549862262
14,logistic_regression,1,0.1038989896347874
14,logistic_regression,0,0.09024537559192165
14,logistic_regression,0,0.11866251880916735
14,logistic_regression,0,0.1746694332879994
14,logistic_regression,0,0.10986291436911548
14,logistic_regression,0,0.022359894607317125
14,logistic_regression,1,0.18028620965644637
14,logistic_regression,0,0.051669884613749655
14,logistic_regression,0,0.11532634730053357
14,logistic_regression,0,0.03283726819198956
14,logistic_regression,0,0.10933299619658589
14,logistic_regression,0,0.05415795194729826
14,logistic_regression,0,0.16009492718637308
14,logistic_regression,1,0.069830588496817
14,logistic_regression,0,0.13736504733407984
14,logistic_regression,0,0.04120161597651124
14,logistic_regression,0,0.15936259071019895
14,logistic_regression,0,0.0808093449398094
14,logistic_regression,0,0.07813900817402676
14,logistic_regression,0,0.03253082481720439
14,logistic_regression,0,0.10213427473630095
14,logistic_regression,0,0.05706876037541671
14,logistic_regression,1,0.20294108854164647
14,logistic_regression,0,0.1441991922285647
14,logistic_regression,0,0.10675236917145545
14,logistic_regression,0,0.030727567234567002
14,logistic_regression,1,0.21698919979394854
14,logistic_regression,0,0.07915491697459792
14,logistic_regression,0,0.07402094045703417
14,logistic_regression,0,0.03384967307341636
14,logistic_regression,0,0.06431872467974291
14,logistic_regression,0,0.052081454687410066
14,logistic_regression,0,0.17092871919026084
14,logistic_regression,0,0.19481874920242603
14,logistic_regression,0,0.06377332679264147
14,logistic_regression,0,0.02266040251067322
14,logistic_regression,0,0.24132495836317763
14,logistic_regression,1,0.1127400598492283
14,logistic_regression,1,0.13749257658874833
14,logistic_regression,0,0.034005045801595954
14,logistic_regression,0,0.0004703872039161587
14,logistic_regression,0,0.0018758055223233126
14,logistic_regression,0,0.02258278428286278
14,logistic_regression,0,0.025860229237540652
14,logistic_regression,0,0.0007275994713355902
14,logistic_regression,0,0.0018305452334981935
14,logistic_regression,0,0.0016786221335345498
14,logistic_regression,0,0.005484150103871694
14,logistic_regression,0,0.02799215238402947
14,logistic_regression,0,0.008761254399992978
14,logistic_regression,0,0.0005765505301356972
14,logistic_regression,0,0.00042210483369088084
14,logistic_regression,0,0.023599997301012657
14,logistic_regression,0,0.021826249284685167
14,logistic_regression,0,0.002099005126339248
14,logistic_regression,0,0.0005781091136531762
14,logistic_regression,0,0.0011400034028583824
14,logistic_regression,0,0.00012102512222014186
14,logistic_regression,0,0.002568385913333637
14,logistic_regression,0,0.0008929771799820088
14,logistic_regression,0,0.18110571381354704
14,logistic_regression,0,0.04277114137182573
14,logistic_regression,0,0.11795603761809108
14,logistic_regression,0,0.21900143743778222
14,logistic_regression,0,0.05901376994562179
14,logistic_regression,0,0.05178203026165151
14,logistic_regression,0,0.1842969532789411
14,logistic_regression,0,0.3256271187137094
14,logistic_regression,0,0.14293021137104064
14,logistic_regression,0,0.022202984203340374
14,logistic_regression,0,0.05770759224453513
14,logistic_regression,0,0.06009707486505535
14,logistic_regression,0,0.17291201374961002
14,logistic_regression,0,0.02311644947016314
14,logistic_regression,0,0.06794008029706441
14,logistic_regression,0,0.049521596703115255
14,logistic_regression,0,0.13988366548216807
14,logistic_regression,0,0.029264882005370287
14,logistic_regression,0,0.06514792320843046
14,logistic_regression,0,0.03927878732436333
14,logistic_regression,0,0.09619196983606665
14,logistic_regression,0,0.06553676384073383
14,logistic_regression,0,0.13885049000048752
14,logistic_regression,1,0.17032906593473962
14,logistic_regression,0,0.06420524908833265
14,logistic_regression,0,0.03546363170886397
14,logistic_regression,0,0.2112464650615693
14,logistic_regression,0,0.2660385022377358
14,logistic_regression,0,0.15695457975137878
14,logistic_regression,0,0.04369783301775441
14,random_forest,0,0.0
14,random_forest,0,0.0
14,random_forest,0,0.02
14,random_forest,0,0.0
14,random_forest,0,0.0
14,random_forest,0,0.0
14,random_forest,0,0.0
14,random_forest,0,0.0
14,random_forest,0,0.18
14,random_forest,0,0.01
14,random_forest,0,0.08
14,random_forest,0,0.03
14,random_forest,1,0.19
14,random_forest,0,0.18
14,random_forest,0,0.02
14,random_forest,0,0.1
14,random_forest,0,0.05
14,random_forest,0,0.01
14,random_forest,1,0.17
14,random_forest,0,0.01
14,random_forest,0,0.09
14,random_forest,0,0.11
14,random_forest,0,0.47
14,random_forest,1,0.15
14,random_forest,0,0.05
14,random_forest,0,0.04
14,random_forest,0,0.09
14,random_forest,0,0.05
14,random_forest,0,0.11
14,random_forest,0,0.04
14,random_forest,0,0.02
14,random_forest,0,0.07
14,random_forest,1,0.14
14,random_forest,0,0.05
14,random_forest,0,0.05
14,random_forest,1,0.06
14,random_forest,0,0.15
14,random_forest,0,0.01
14,random_forest,0,0.09
14,random_forest,0,0.2
14,random_forest,0,0.06
14,random_forest,0,0.03
14,random_forest,0,0.23
14,random_forest,0,0.05
14,random_forest,0,0.03
14,random_forest,0,0.08
14,random_forest,0,0.16
14,random_forest,0,0.09
14,random_forest,0,0.17
14,random_forest,0,0.08
14,random_forest,1,0.07
14,random_forest,0,0.04
14,random_forest,1,0.28
14,random_forest,0,0.22
14,random_forest,0,0.04
14,random_forest,0,0.05
14,random_forest,0,0.05
14,random_forest,0,0.03
14,random_forest,0,0.15
14,random_forest,0,0.09
14,random_forest,0,0.0
14,random_forest,0,0.01
14,random_forest,0,0.0
14,random_forest,0,0.02
14,random_forest,0,0.0
14,random_forest,0,0.0
14,random_forest,0,0.0
14,random_forest,0,0.0
14,random_forest,0,0.02
14,random_forest,0,0.0
14,random_forest,0,0.01
14,random_forest,0,0.0
14,random_forest,0,0.01
14,random_forest,0,0.0
14,random_forest,0,0.0
14,random_forest,0,0.0
14,random_forest,0,0.0
14,random_forest,0,0.0
14,random_forest,0,0.02
14,random_forest,0,0.02
14,random_forest,1,0.04
14,random_forest,0,0.06
14,random_forest,1,0.19
14,random_forest,0,0.33
14,random_forest,0,0.02
14,random_forest,0,0.1
14,random_forest,1,0.16
14,random_forest,0,0.0
14,random_forest,0,0.23
14,random_forest,0,0.08
14,random_forest,0,0.05
14,random_forest,0,0.07
14,random_forest,1,0.3
14,random_forest,0,0.26
14,random_forest,0,0.16
14,random_forest,0,0.0
14,random_forest,0,0.1
14,random_forest,0,0.05
14,random_forest,1,0.09
14,random_forest,0,0.08
14,random_forest,0,0.08
14,random_forest,0,0.01
14,random_forest,0,0.31
14,random_forest,0,0.16
14,random_forest,0,0.07
14,random_forest,1,0.01
14,random_forest,0,0.04
14,random_forest,0,0.11
14,random_forest,1,0.35
14,random_forest,0,0.05
14,random_forest,0,0.09
14,random_forest,0,0.1
14,random_forest,0,0.24
14,random_forest,0,0.15
14,random_forest,0,0.0
14,random_forest,0,0.06
14,random_forest,0,0.12
14,random_forest,1,0.1
14,random_forest,0,0.09
14,random_forest,0,0.02
14,random_forest,0,0.16
14,random_forest,0,0.05
14,random_forest,0,0.12
14,random_forest,0,0.09
14,random_forest,0,0.04
14,random_forest,0,0.02
14,random_forest,0,0.1
14,random_forest,0,0.26
14,random_forest,0,0.19
14,random_forest,0,0.03
14,random_forest,0,0.01
14,random_forest,0,0.04
14,random_forest,0,0.08
14,random_forest,0,0.0
14,random_forest,0,0.02
14,random_forest,0,0.0
14,random_forest,0,0.0
14,random_forest,0,0.0
14,random_forest,0,0.0
14,random_forest,0,0.03
14,random_forest,0,0.0
14,random_forest,0,0.02
14,random_forest,0,0.03
14,random_forest,0,0.06
14,random_forest,0,0.02
14,random_forest,0,0.0
14,random_forest,0,0.0
14,random_forest,0,0.0
14,random_forest,0,0.02
14,random_forest,0,0.06
14,random_forest,0,0.14
14,random_forest,0,0.17
14,random_forest,0,0.05
14,random_forest,0,0.06
14,random_forest,0,0.01
14,random_forest,0,0.07
14,random_forest,0,0.06
14,random_forest,1,0.03
14,random_forest,0,0.1
14,random_forest,0,0.02
14,random_forest,0,0.11
14,random_forest,0,0.11
14,random_forest,0,0.3
14,random_forest,0,0.12
14,random_forest,0,0.08
14,random_forest,0,0.09
14,random_forest,0,0.08
14,random_forest,0,0.06
14,random_forest,0,0.08
14,random_forest,1,0.04
14,random_forest,0,0.17
14,random_forest,0,0.14
14,random_forest,0,0.17
14,random_forest,1,0.1
14,random_forest,0,0.06
14,random_forest,0,0.03
14,random_forest,0,0.15
14,random_forest,0,0.06
14,random_forest,0,0.17
14,random_forest,0,0.02
14,random_forest,0,0.1
14,random_forest,0,0.03
14,random_forest,0,0.04
14,random_forest,0,0.1
14,random_forest,0,0.03
14,random_forest,0,0.08
14,random_forest,0,0.07
14,random_forest,0,0.02
14,random_forest,1,0.11
14,random_forest,0,0.06
14,random_forest,0,0.13
14,random_forest,0,0.08
14,random_forest,0,0.05
14,random_forest,0,0.03
14,random_forest,0,0.06
14,random_forest,0,0.09
14,random_forest,0,0.06
14,random_forest,0,0.08
14,random_forest,0,0.1
14,random_forest,0,0.13
14,random_forest,0,0.0
14,random_forest,0,0.0
14,random_forest,0,0.0
14,random_forest,0,0.01
14,random_forest,0,0.07
14,random_forest,0,0.0
14,random_forest,0,0.0
14,random_forest,0,0.0
14,random_forest,0,0.03
14,random_forest,0,0.0
14,random_forest,0,0.0
14,random_forest,0,0.0
14,random_forest,0,0.03
14,random_forest,0,0.03
14,random_forest,0,0.0
14,random_forest,0,0.01
14,random_forest,0,0.0
14,random_forest,0,0.0
14,random_forest,0,0.02
14,random_forest,0,0.0
14,random_forest,0,0.21
14,random_forest,0,0.07
14,random_forest,0,0.11
14,random_forest,0,0.2
14,random_forest,0,0.14
14,random_forest,0,0.0
14,random_forest,0,0.1
14,random_forest,0,0.07
14,random_forest,0,0.09
14,random_forest,0,0.01
14,random_forest,0,0.06
14,random_forest,0,0.04
14,random_forest,0,0.06
14,random_forest,0,0.13
14,random_forest,0,0.12
14,random_forest,0,0.12
14,random_forest,0,0.09
14,random_forest,0,0.09
14,random_forest,0,0.14
14,random_forest,0,0.11
14,random_forest,0,0.09
14,random_forest,0,0.04
14,random_forest,0,0.16
14,random_forest,0,0.26
14,random_forest,0,0.08
14,random_forest,0,0.1
14,random_forest,1,0.21
14,random_forest,0,0.03
14,random_forest,0,0.1
14,random_forest,0,0.05
14,random_forest,0,0.04
14,random_forest,1,0.04
14,random_forest,0,0.1
14,random_forest,0,0.21
14,random_forest,0,0.11
14,random_forest,0,0.06
14,random_forest,0,0.21
14,random_forest,0,0.05
14,random_forest,0,0.11
14,random_forest,0,0.13
14,random_forest,0,0.08
14,random_forest,0,0.05
14,random_forest,0,0.16
14,random_forest,0,0.2
14,random_forest,0,0.03
14,random_forest,0,0.04
14,random_forest,0,0.13
14,random_forest,0,0.06
14,random_forest,0,0.24
14,random_forest,0,0.03
14,random_forest,0,0.0
14,random_forest,0,0.0
14,random_forest,0,0.1
14,random_forest,0,0.03
14,random_forest,0,0.03
14,random_forest,0,0.0
14,random_forest,0,0.0
14,random_forest,0,0.0
14,random_forest,0,0.02
14,random_forest,0,0.01
14,random_forest,0,0.01
14,random_forest,0,0.0
14,random_forest,0,0.01
14,random_forest,0,0.14
14,random_forest,0,0.0
14,random_forest,0,0.0
14,random_forest,0,0.0
14,random_forest,0,0.0
14,random_forest,0,0.0
14,random_forest,0,0.0
14,random_forest,0,0.1
14,random_forest,0,0.09
14,random_forest,0,0.09
14,random_forest,0,0.14
14,random_forest,0,0.01
14,random_forest,0,0.08
14,random_forest,0,0.13
14,random_forest,0,0.05
14,random_forest,0,0.15
14,random_forest,0,0.04
14,random_forest,0,0.08
14,random_forest,0,0.06
14,random_forest,0,0.18
14,random_forest,0,0.18
14,random_forest,0,0.05
14,random_forest,0,0.1
14,random_forest,0,0.14
14,random_forest,0,0.05
14,random_forest,0,0.14
14,random_forest,0,0.07
14,random_forest,0,0.17
14,random_forest,0,0.03
14,random_forest,0,0.12
14,random_forest,0,0.3
14,random_forest,0,0.02
14,random_forest,0,0.06
14,random_forest,0,0.17
14,random_forest,0,0.22
14,random_forest,0,0.12
14,random_forest,0,0.11
14,random_forest,0,0.09
14,random_forest,0,0.05
14,random_forest,0,0.3
14,random_forest,0,0.19
14,random_forest,0,0.02
14,random_forest,0,0.1
14,random_forest,1,0.13
14,random_forest,0,0.11
14,random_forest,0,0.27
14,random_forest,0,0.01
14,random_forest,0,0.12
14,random_forest,0,0.06
14,random_forest,0,0.19
14,random_forest,0,0.11
14,random_forest,0,0.08
14,random_forest,0,0.05
14,random_forest,0,0.19
14,random_forest,0,0.18
14,random_forest,1,0.14
14,random_forest,0,0.04
14,random_forest,0,0.0
14,random_forest,0,0.0
14,random_forest,0,0.0
14,random_forest,0,0.02
14,random_forest,0,0.0
14,random_forest,0,0.02
14,random_forest,0,0.0
14,random_forest,0,0.06
14,random_forest,0,0.05
14,random_forest,0,0.0
14,random_forest,0,0.0
14,random_forest,0,0.0
14,random_forest,0,0.03
14,random_forest,0,0.04
14,random_forest,0,0.0
14,random_forest,0,0.01
14,random_forest,0,0.02
14,random_forest,0,0.06
14,random_forest,0,0.02
14,random_forest,0,0.0
14,random_forest,0,0.4
14,random_forest,0,0.05
14,random_forest,0,0.18
14,random_forest,0,0.15
14,random_forest,0,0.09
14,random_forest,0,0.28
14,random_forest,1,0.21
14,random_forest,0,0.08
14,random_forest,0,0.41
14,random_forest,0,0.02
14,random_forest,0,0.15
14,random_forest,0,0.0
14,random_forest,0,0.18
14,random_forest,0,0.18
14,random_forest,0,0.03
14,random_forest,0,0.1
14,random_forest,0,0.12
14,random_forest,0,0.14
14,random_forest,0,0.23
14,random_forest,0,0.02
14,random_forest,0,0.17
14,random_forest,0,0.04
14,random_forest,1,0.21
14,random_forest,0,0.11
14,random_forest,0,0.05
14,random_forest,0,0.1
14,random_forest,0,0.18
14,random_forest,0,0.18
14,random_forest,0,0.25
14,random_forest,0,0.02
14,random_forest,0,0.07
14,random_forest,0,0.05
14,random_forest,0,0.1
14,random_forest,0,0.15
14,random_forest,0,0.03
14,random_forest,0,0.05
14,random_forest,0,0.07
14,random_forest,0,0.08
14,random_forest,0,0.18
14,random_forest,0,0.18
14,random_forest,0,0.09
14,random_forest,0,0.1
14,random_forest,0,0.06
14,random_forest,0,0.09
14,random_forest,1,0.07
14,random_forest,0,0.06
14,random_forest,0,0.22
14,random_forest,0,0.08
14,random_forest,0,0.19
14,random_forest,0,0.04
14,random_forest,0,0.0
14,random_forest,0,0.0
14,random_forest,0,0.0
14,random_forest,0,0.0
14,random_forest,0,0.08
14,random_forest,0,0.01
14,random_forest,0,0.03
14,random_forest,0,0.0
14,random_forest,0,0.04
14,random_forest,0,0.01
14,random_forest,0,0.0
14,random_forest,0,0.0
14,random_forest,0,0.0
14,random_forest,0,0.0
14,random_forest,0,0.0
14,random_forest,0,0.11
14,random_forest,0,0.01
14,random_forest,0,0.0
14,random_forest,0,0.0
14,random_forest,0,0.01
14,random_forest,0,0.19
14,random_forest,0,0.05
14,random_forest,0,0.23
14,random_forest,0,0.01
14,random_forest,0,0.15
14,random_forest,0,0.18
14,random_forest,0,0.06
14,random_forest,0,0.13
14,random_forest,1,0.19
14,random_forest,0,0.04
14,random_forest,0,0.16
14,random_forest,0,0.0
14,random_forest,1,0.11
14,random_forest,1,0.21
14,random_forest,0,0.08
14,random_forest,0,0.16
14,random_forest,0,0.07
14,random_forest,0,0.09
14,random_forest,0,0.21
14,random_forest,0,0.05
14,random_forest,0,0.19
14,random_forest,0,0.05
14,random_forest,0,0.14
14,random_forest,0,0.16
14,random_forest,0,0.08
14,random_forest,0,0.09
14,random_forest,1,0.18
14,random_forest,0,0.07
14,random_forest,0,0.19
14,random_forest,0,0.06
14,random_forest,0,0.11
14,random_forest,0,0.02
14,random_forest,0,0.12
14,random_forest,0,0.09
14,random_forest,0,0.01
14,random_forest,0,0.01
14,random_forest,0,0.12
14,random_forest,0,0.09
14,random_forest,0,0.16
14,random_forest,0,0.06
14,random_forest,0,0.03
14,random_forest,0,0.02
14,random_forest,1,0.21
14,random_forest,0,0.15
14,random_forest,0,0.07
14,random_forest,0,0.37
14,random_forest,1,0.05
14,random_forest,0,0.02
14,random_forest,0,0.28
14,random_forest,0,0.02
14,random_forest,0,0.0
14,random_forest,0,0.0
14,random_forest,0,0.0
14,random_forest,0,0.02
14,random_forest,0,0.0
14,random_forest,0,0.03
14,random_forest,0,0.0
14,random_forest,0,0.01
14,random_forest,0,0.05
14,random_forest,0,0.0
14,random_forest,0,0.01
14,random_forest,0,0.0
14,random_forest,0,0.0
14,random_forest,0,0.0
14,random_forest,0,0.16
14,random_forest,0,0.05
14,random_forest,0,0.0
14,random_forest,0,0.0
14,random_forest,0,0.01
14,random_forest,0,0.0
14,random_forest,0,0.2
14,random_forest,0,0.02
14,random_forest,1,0.16
14,random_forest,0,0.05
14,random_forest,0,0.13
14,random_forest,0,0.14
14,random_forest,0,0.16
14,random_forest,0,0.13
14,random_forest,0,0.14
14,random_forest,0,0.04
14,random_forest,0,0.15
14,random_forest,0,0.06
14,random_forest,0,0.08
14,random_forest,0,0.13
14,random_forest,0,0.09
14,random_forest,0,0.47
14,random_forest,0,0.1
14,random_forest,0,0.09
14,random_forest,1,0.13
14,random_forest,0,0.06
14,random_forest,0,0.14
14,random_forest,1,0.03
14,random_forest,0,0.08
14,random_forest,0,0.12
14,random_forest,0,0.27
14,random_forest,0,0.28
14,random_forest,0,0.16
14,random_forest,0,0.1
14,random_forest,0,0.13
14,random_forest,0,0.01
14,random_forest,0,0.16
14,random_forest,1,0.03
14,random_forest,0,0.14
14,random_forest,0,0.09
14,random_forest,0,0.27
14,random_forest,0,0.15
14,random_forest,0,0.08
14,random_forest,0,0.06
14,random_forest,0,0.12
14,random_forest,0,0.0
14,random_forest,0,0.18
14,random_forest,0,0.21
14,random_forest,0,0.11
14,random_forest,0,0.19
14,random_forest,0,0.1
14,random_forest,0,0.2
14,random_forest,0,0.2
14,random_forest,0,0.01
14,random_forest,0,0.15
14,random_forest,0,0.1
14,random_forest,0,0.0
14,random_forest,0,0.0
14,random_forest,0,0.0
14,random_forest,0,0.05
14,random_forest,0,0.02
14,random_forest,0,0.06
14,random_forest,0,0.01
14,random_forest,0,0.0
14,random_forest,0,0.08
14,random_forest,0,0.01
14,random_forest,0,0.0
14,random_forest,0,0.01
14,random_forest,0,0.01
14,random_forest,0,0.0
14,random_forest,0,0.04
14,random_forest,0,0.12
14,random_forest,0,0.02
14,random_forest,0,0.02
14,random_forest,0,0.14
14,random_forest,0,0.01
14,random_forest,0,0.21
14,random_forest,0,0.19
14,random_forest,0,0.14
14,random_forest,1,0.13
14,random_forest,0,0.08
14,random_forest,0,0.29
14,random_forest,0,0.24
14,random_forest,0,0.1
14,random_forest,0,0.26
14,random_forest,0,0.1
14,random_forest,0,0.37
14,random_forest,0,0.07
14,random_forest,0,0.16
14,random_forest,0,0.33
14,random_forest,1,0.07
14,random_forest,0,0.15
14,random_forest,0,0.11
14,random_forest,0,0.37
14,random_forest,0,0.38
14,random_forest,0,0.04
14,random_forest,0,0.15
14,random_forest,0,0.02
14,random_forest,0,0.17
14,random_forest,0,0.18
14,random_forest,0,0.03
14,random_forest,0,0.11
14,random_forest,0,0.21
14,random_forest,0,0.17
14,random_forest,0,0.24
14,random_forest,0,0.02
14,random_forest,0,0.25
14,random_forest,0,0.07
14,random_forest,0,0.29
14,random_forest,0,0.17
14,random_forest,0,0.01
14,random_forest,0,0.42
14,random_forest,0,0.12
14,random_forest,0,0.15
14,random_forest,0,0.24
14,random_forest,0,0.04
14,random_forest,1,0.35
14,random_forest,0,0.09
14,random_forest,0,0.16
14,random_forest,0,0.2
14,random_forest,0,0.07
14,random_forest,0,0.11
14,random_forest,0,0.29
14,random_forest,1,0.04
14,random_forest,0,0.32
14,random_forest,0,0.05
14,random_forest,0,0.0
14,random_forest,0,0.0
14,random_forest,0,0.03
14,random_forest,0,0.17
14,random_forest,0,0.0
14,random_forest,0,0.01
14,random_forest,0,0.0
14,random_forest,0,0.0
14,random_forest,0,0.0
14,random_forest,0,0.01
14,random_forest,0,0.0
14,random_forest,0,0.01
14,random_forest,0,0.01
14,random_forest,0,0.1
14,random_forest,0,0.02
14,random_forest,0,0.0
14,random_forest,0,0.0
14,random_forest,0,0.0
14,random_forest,0,0.02
14,random_forest,0,0.01
14,random_forest,0,0.28
14,random_forest,0,0.05
14,random_forest,0,0.2
14,random_forest,0,0.34
14,random_forest,0,0.1
14,random_forest,0,0.02
14,random_forest,0,0.11
14,random_forest,0,0.13
14,random_forest,0,0.13
14,random_forest,0,0.14
14,random_forest,0,0.43
14,random_forest,0,0.04
14,random_forest,0,0.18
14,random_forest,0,0.13
14,random_forest,0,0.03
14,random_forest,0,0.02
14,random_forest,0,0.23
14,random_forest,0,0.12
14,random_forest,0,0.2
14,random_forest,0,0.03
14,random_forest,0,0.15
14,random_forest,0,0.05
14,random_forest,0,0.11
14,random_forest,0,0.14
14,random_forest,0,0.12
14,random_forest,0,0.09
14,random_forest,0,0.1
14,random_forest,1,0.4
14,random_forest,0,0.1
14,random_forest,0,0.04
14,random_forest,0,0.14
14,random_forest,0,0.01
14,random_forest,0,0.2
14,random_forest,0,0.18
14,random_forest,0,0.04
14,random_forest,0,0.16
14,random_forest,0,0.16
14,random_forest,1,0.33
14,random_forest,0,0.06
14,random_forest,0,0.03
14,random_forest,0,0.12
14,random_forest,0,0.01
14,random_forest,0,0.23
14,random_forest,0,0.15
14,random_forest,0,0.11
14,random_forest,0,0.03
14,random_forest,1,0.23
14,random_forest,0,0.31
14,random_forest,0,0.14
14,random_forest,0,0.04
14,random_forest,0,0.0
14,random_forest,0,0.0
14,random_forest,0,0.0
14,random_forest,0,0.02
14,random_forest,0,0.06
14,random_forest,0,0.0
14,random_forest,0,0.0
14,random_forest,0,0.01
14,random_forest,0,0.0
14,random_forest,0,0.0
14,random_forest,0,0.0
14,random_forest,0,0.0
14,random_forest,0,0.02
14,random_forest,0,0.01
14,random_forest,0,0.0
14,random_forest,0,0.02
14,random_forest,0,0.0
14,random_forest,0,0.01
14,random_forest,0,0.02
14,random_forest,0,0.0
14,random_forest,0,0.11
14,random_forest,0,0.05
14,random_forest,0,0.22
14,random_forest,1,0.17
14,random_forest,0,0.09
14,random_forest,0,0.02
14,random_forest,0,0.18
14,random_forest,0,0.35
14,random_forest,1,0.22
14,random_forest,0,0.07
14,random_forest,0,0.17
14,random_forest,0,0.04
14,random_forest,0,0.2
14,random_forest,0,0.27
14,random_forest,1,0.2
14,random_forest,0,0.1
14,random_forest,0,0.14
14,random_forest,0,0.28
14,random_forest,0,0.13
14,random_forest,0,0.06
14,random_forest,0,0.08
14,random_forest,0,0.03
14,random_forest,0,0.25
14,random_forest,1,0.2
14,random_forest,0,0.06
14,random_forest,0,0.01
14,random_forest,0,0.04
14,random_forest,0,0.29
14,random_forest,0,0.37
14,random_forest,0,0.03
14,random_forest,0,0.19
14,random_forest,0,0.02
14,random_forest,0,0.17
14,random_forest,0,0.14
14,random_forest,0,0.15
14,random_forest,1,0.37
14,random_forest,0,0.26
14,random_forest,0,0.1
14,random_forest,0,0.15
14,random_forest,0,0.0
14,random_forest,0,0.1
14,random_forest,0,0.09
14,random_forest,1,0.37
14,random_forest,0,0.22
14,random_forest,0,0.05
14,random_forest,0,0.1
14,random_forest,1,0.1
14,random_forest,0,0.02
14,random_forest,0,0.19
14,random_forest,0,0.03
14,random_forest,0,0.0
14,random_forest,0,0.0
14,random_forest,0,0.0
14,random_forest,0,0.12
14,random_forest,0,0.01
14,random_forest,0,0.0
14,random_forest,0,0.0
14,random_forest,0,0.0
14,random_forest,0,0.08
14,random_forest,0,0.0
14,random_forest,0,0.01
14,random_forest,0,0.0
14,random_forest,0,0.0
14,random_forest,0,0.0
14,random_forest,0,0.0
14,random_forest,0,0.01
14,random_forest,0,0.0
14,random_forest,0,0.01
14,random_forest,0,0.05
14,random_forest,0,0.0
14,random_forest,0,0.1
14,random_forest,0,0.04
14,random_forest,0,0.17
14,random_forest,0,0.19
14,random_forest,0,0.17
14,random_forest,0,0.04
14,random_forest,1,0.17
14,random_forest,0,0.17
14,random_forest,1,0.28
14,random_forest,0,0.01
14,random_forest,0,0.11
14,random_forest,0,0.01
14,random_forest,0,0.36
14,random_forest,0,0.18
14,random_forest,0,0.08
14,random_forest,0,0.06
14,random_forest,0,0.24
14,random_forest,1,0.09
14,random_forest,0,0.19
14,random_forest,0,0.03
14,random_forest,0,0.04
14,random_forest,0,0.02
14,random_forest,0,0.2
14,random_forest,0,0.07
14,random_forest,1,0.13
14,random_forest,0,0.04
14,random_forest,0,0.12
14,random_forest,0,0.07
14,random_forest,0,0.25
14,random_forest,0,0.01
14,random_forest,0,0.08
14,random_forest,0,0.04
14,random_forest,0,0.23
14,random_forest,0,0.05
14,random_forest,0,0.15
14,random_forest,0,0.05
14,random_forest,0,0.13
14,random_forest,0,0.07
14,random_forest,0,0.14
14,random_forest,0,0.02
14,random_forest,0,0.14
14,random_forest,0,0.13
14,random_forest,0,0.19
14,random_forest,0,0.03
14,random_forest,0,0.22
14,random_forest,0,0.07
14,random_forest,0,0.09
14,random_forest,0,0.13
14,random_forest,0,0.27
14,random_forest,0,0.07
14,random_forest,0,0.06
14,random_forest,0,0.0
14,random_forest,0,0.01
14,random_forest,0,0.08
14,random_forest,0,0.02
14,random_forest,0,0.02
14,random_forest,0,0.01
14,random_forest,0,0.0
14,random_forest,0,0.0
14,random_forest,0,0.03
14,random_forest,0,0.0
14,random_forest,0,0.0
14,random_forest,0,0.0
14,random_forest,0,0.01
14,random_forest,0,0.04
14,random_forest,0,0.0
14,random_forest,0,0.0
14,random_forest,0,0.0
14,random_forest,0,0.01
14,random_forest,0,0.0
14,random_forest,0,0.21
14,random_forest,0,0.03
14,random_forest,0,0.07
14,random_forest,0,0.09
14,random_forest,0,0.1
14,random_forest,0,0.08
14,random_forest,0,0.1
14,random_forest,0,0.06
14,random_forest,1,0.27
14,random_forest,0,0.1
14,random_forest,0,0.26
14,random_forest,0,0.02
14,random_forest,0,0.05
14,random_forest,0,0.25
14,random_forest,0,0.15
14,random_forest,0,0.0
14,random_forest,0,0.07
14,random_forest,0,0.12
14,random_forest,1,0.11
14,random_forest,0,0.06
14,random_forest,0,0.25
14,random_forest,0,0.04
14,random_forest,0,0.13
14,random_forest,0,0.16
14,random_forest,0,0.1
14,random_forest,1,0.02
14,random_forest,0,0.09
14,random_forest,0,0.19
14,random_forest,0,0.08
14,random_forest,0,0.01
14,random_forest,0,0.15
14,random_forest,0,0.05
14,random_forest,0,0.14
14,random_forest,0,0.17
14,random_forest,0,0.07
14,random_forest,1,0.09
14,random_forest,0,0.12
14,random_forest,0,0.14
14,random_forest,0,0.12
14,random_forest,0,0.03
14,random_forest,0,0.24
14,random_forest,0,0.06
14,random_forest,1,0.12
14,random_forest,0,0.09
14,random_forest,0,0.08
14,random_forest,0,0.03
14,random_forest,0,0.17
14,random_forest,0,0.15
14,random_forest,0,0.23
14,random_forest,0,0.02
14,random_forest,0,0.0
14,random_forest,0,0.0
14,random_forest,0,0.16
14,random_forest,0,0.01
14,random_forest,0,0.0
14,random_forest,0,0.0
14,random_forest,0,0.0
14,random_forest,0,0.0
14,random_forest,0,0.04
14,random_forest,0,0.02
14,random_forest,0,0.0
14,random_forest,0,0.08
14,random_forest,0,0.04
14,random_forest,0,0.08
14,random_forest,0,0.0
14,random_forest,0,0.0
14,random_forest,0,0.01
14,random_forest,0,0.06
14,random_forest,0,0.0
14,random_forest,0,0.0
14,random_forest,0,0.15
14,random_forest,0,0.07
14,random_forest,0,0.17
14,random_forest,0,0.11
14,random_forest,0,0.05
14,random_forest,0,0.07
14,random_forest,1,0.05
14,random_forest,0,0.16
14,random_forest,0,0.11
14,random_forest,0,0.03
14,random_forest,0,0.18
14,random_forest,0,0.08
14,random_forest,0,0.1
14,random_forest,0,0.12
14,random_forest,0,0.08
14,random_forest,0,0.05
14,random_forest,0,0.14
14,random_forest,0,0.19
14,random_forest,0,0.13
14,random_forest,0,0.02
14,random_forest,0,0.09
14,random_forest,0,0.05
14,random_forest,0,0.27
14,random_forest,0,0.11
14,random_forest,0,0.06
14,random_forest,0,0.02
14,random_forest,0,0.09
14,random_forest,1,0.3
14,random_forest,0,0.13
14,random_forest,0,0.01
14,random_forest,0,0.06
14,random_forest,0,0.04
14,random_forest,1,0.18
14,random_forest,0,0.18
14,random_forest,0,0.15
14,random_forest,0,0.12
14,random_forest,0,0.05
14,random_forest,0,0.2
14,random_forest,0,0.09
14,random_forest,0,0.03
14,random_forest,1,0.05
14,random_forest,1,0.09
14,random_forest,0,0.11
14,random_forest,0,0.21
14,random_forest,0,0.03
14,random_forest,0,0.05
14,random_forest,0,0.07
14,random_forest,0,0.24
14,random_forest,0,0.05
14,random_forest,0,0.01
14,random_forest,0,0.0
14,random_forest,0,0.0
14,random_forest,0,0.01
14,random_forest,0,0.01
14,random_forest,0,0.0
14,random_forest,0,0.01
14,random_forest,0,0.01
14,random_forest,0,0.0
14,random_forest,0,0.0
14,random_forest,0,0.0
14,random_forest,0,0.02
14,random_forest,0,0.0
14,random_forest,0,0.01
14,random_forest,0,0.11
14,random_forest,0,0.0
14,random_forest,0,0.02
14,random_forest,0,0.0
14,random_forest,0,0.01
14,random_forest,0,0.18
14,random_forest,0,0.01
14,random_forest,0,0.15
14,random_forest,0,0.14
14,random_forest,0,0.12
14,random_forest,0,0.09
14,random_forest,0,0.07
14,random_forest,0,0.01
14,random_forest,0,0.18
14,random_forest,0,0.09
14,random_forest,1,0.18
14,random_forest,0,0.08
14,random_forest,0,0.08
14,random_forest,0,0.05
14,random_forest,1,0.27
14,random_forest,0,0.12
14,random_forest,0,0.09
14,random_forest,0,0.05
14,random_forest,0,0.16
14,random_forest,0,0.07
14,random_forest,0,0.15
14,random_forest,0,0.01
14,random_forest,0,0.16
14,random_forest,0,0.02
14,random_forest,0,0.13
14,random_forest,0,0.14
14,random_forest,0,0.03
14,random_forest,0,0.01
14,random_forest,0,0.08
14,random_forest,0,0.05
14,random_forest,1,0.19
14,random_forest,0,0.0
14,random_forest,0,0.11
14,random_forest,0,0.04
14,random_forest,0,0.15
14,random_forest,0,0.18
14,random_forest,0,0.02
14,random_forest,0,0.04
14,random_forest,0,0.12
14,random_forest,0,0.03
14,random_forest,0,0.25
14,random_forest,0,0.02
14,random_forest,0,0.1
14,random_forest,0,0.02
14,random_forest,0,0.09
14,random_forest,0,0.07
14,random_forest,0,0.18
14,random_forest,0,0.0
14,random_forest,0,0.19
14,random_forest,0,0.08
14,random_forest,0,0.16
14,random_forest,0,0.03
14,random_forest,0,0.01
14,random_forest,0,0.04
14,random_forest,0,0.0
14,random_forest,0,0.01
14,random_forest,0,0.01
14,random_forest,0,0.0
14,random_forest,0,0.0
14,random_forest,0,0.0
14,random_forest,0,0.0
14,random_forest,0,0.0
14,random_forest,0,0.01
14,random_forest,0,0.0
14,random_forest,0,0.0
14,random_forest,0,0.0
14,random_forest,0,0.0
14,random_forest,0,0.0
14,random_forest,0,0.0
14,random_forest,0,0.0
14,random_forest,0,0.12
14,random_forest,0,0.01
14,random_forest,0,0.26
14,random_forest,0,0.04
14,random_forest,0,0.19
14,random_forest,0,0.16
14,random_forest,0,0.06
14,random_forest,0,0.04
14,random_forest,0,0.1
14,random_forest,0,0.03
14,random_forest,0,0.05
14,random_forest,0,0.26
14,random_forest,0,0.12
14,random_forest,0,0.01
14,random_forest,1,0.19
14,random_forest,0,0.12
14,random_forest,0,0.05
14,random_forest,1,0.02
14,random_forest,0,0.28
14,random_forest,1,0.11
14,random_forest,0,0.16
14,random_forest,0,0.1
14,random_forest,0,0.05
14,random_forest,0,0.01
14,random_forest,0,0.1
14,random_forest,0,0.16
14,random_forest,0,0.08
14,random_forest,0,0.05
14,random_forest,1,0.12
14,random_forest,0,0.1
14,random_forest,1,0.07
14,random_forest,0,0.04
14,random_forest,0,0.1
14,random_forest,0,0.01
14,random_forest,1,0.07
14,random_forest,0,0.17
14,random_forest,0,0.04
14,random_forest,0,0.0
14,random_forest,0,0.12
14,random_forest,0,0.17
14,random_forest,0,0.06
14,random_forest,0,0.13
14,random_forest,0,0.09
14,random_forest,0,0.03
14,random_forest,0,0.11
14,random_forest,0,0.19
14,random_forest,0,0.06
14,random_forest,0,0.05
14,random_forest,0,0.1
14,random_forest,0,0.13
14,random_forest,0,0.15
14,random_forest,0,0.04
14,random_forest,0,0.0
14,random_forest,0,0.0
14,random_forest,0,0.0
14,random_forest,0,0.0
14,random_forest,0,0.0
14,random_forest,0,0.0
14,random_forest,0,0.0
14,random_forest,0,0.03
14,random_forest,0,0.0
14,random_forest,0,0.0
14,random_forest,0,0.0
14,random_forest,0,0.07
14,random_forest,0,0.0
14,random_forest,0,0.01
14,random_forest,0,0.0
14,random_forest,0,0.02
14,random_forest,0,0.0
14,random_forest,0,0.02
14,random_forest,0,0.02
14,random_forest,0,0.09
14,random_forest,0,0.07
14,random_forest,0,0.02
14,random_forest,0,0.05
14,random_forest,0,0.1
14,random_forest,0,0.14
14,random_forest,0,0.04
14,random_forest,0,0.04
14,random_forest,0,0.1
14,random_forest,0,0.26
14,random_forest,0,0.0
14,random_forest,1,0.48
14,random_forest,0,0.02
14,random_forest,0,0.14
14,random_forest,0,0.11
14,random_forest,0,0.04
14,random_forest,0,0.09
14,random_forest,0,0.24
14,random_forest,1,0.11
14,random_forest,0,0.17
14,random_forest,0,0.46
14,random_forest,0,0.16
14,random_forest,0,0.04
14,random_forest,0,0.15
14,random_forest,0,0.17
14,random_forest,0,0.12
14,random_forest,0,0.19
14,random_forest,0,0.16
14,random_forest,0,0.14
14,random_forest,0,0.08
14,random_forest,0,0.12
14,random_forest,0,0.23
14,random_forest,0,0.02
14,random_forest,0,0.16
14,random_forest,0,0.06
14,random_forest,0,0.1
14,random_forest,0,0.15
14,random_forest,0,0.09
14,random_forest,0,0.14
14,random_forest,0,0.16
14,random_forest,0,0.09
14,random_forest,0,0.19
14,random_forest,0,0.0
14,random_forest,0,0.11
14,random_forest,0,0.16
14,random_forest,0,0.18
14,random_forest,0,0.07
14,random_forest,1,0.13
14,random_forest,0,0.07
14,random_forest,0,0.14
14,random_forest,0,0.08
14,random_forest,0,0.0
14,random_forest,0,0.0
14,random_forest,0,0.02
14,random_forest,0,0.02
14,random_forest,0,0.0
14,random_forest,0,0.01
14,random_forest,0,0.15
14,random_forest,0,0.0
14,random_forest,0,0.0
14,random_forest,0,0.02
14,random_forest,0,0.0
14,random_forest,0,0.0
14,random_forest,0,0.0
14,random_forest,0,0.0
14,random_forest,0,0.0
14,random_forest,0,0.0
14,random_forest,0,0.0
14,random_forest,0,0.0
14,random_forest,0,0.0
14,random_forest,0,0.0
14,random_forest,0,0.35
14,random_forest,0,0.07
14,random_forest,0,0.17
14,random_forest,0,0.14
14,random_forest,0,0.18
14,random_forest,0,0.02
14,random_forest,1,0.14
14,random_forest,0,0.04
14,random_forest,0,0.12
14,random_forest,0,0.03
14,random_forest,0,0.36
14,random_forest,0,0.02
14,random_forest,0,0.16
14,random_forest,0,0.15
14,random_forest,0,0.17
14,random_forest,0,0.13
14,random_forest,0,0.06
14,random_forest,0,0.08
14,random_forest,0,0.1
14,random_forest,0,0.06
14,random_forest,0,0.09
14,random_forest,0,0.02
14,random_forest,0,0.11
14,random_forest,0,0.06
14,random_forest,0,0.16
14,random_forest,0,0.05
14,random_forest,0,0.18
14,random_forest,0,0.07
14,random_forest,1,0.07
14,random_forest,0,0.01
14,random_forest,0,0.12
14,random_forest,0,0.05
14,random_forest,0,0.05
14,random_forest,1,0.05
14,random_forest,0,0.06
14,random_forest,0,0.03
14,random_forest,0,0.19
14,random_forest,0,0.15
14,random_forest,0,0.09
14,random_forest,0,0.04
14,random_forest,0,0.05
14,random_forest,0,0.09
14,random_forest,0,0.12
14,random_forest,0,0.14
14,random_forest,0,0.15
14,random_forest,0,0.04
14,random_forest,0,0.07
14,random_forest,0,0.11
14,random_forest,1,0.11
14,random_forest,0,0.05
14,random_forest,0,0.0
14,random_forest,0,0.0
14,random_forest,0,0.0
14,random_forest,0,0.01
14,random_forest,0,0.09
14,random_forest,0,0.0
14,random_forest,0,0.01
14,random_forest,0,0.0
14,random_forest,0,0.0
14,random_forest,0,0.01
14,random_forest,0,0.0
14,random_forest,0,0.0
14,random_forest,0,0.04
14,random_forest,0,0.05
14,random_forest,0,0.01
14,random_forest,0,0.01
14,random_forest,0,0.0
14,random_forest,0,0.0
14,random_forest,0,0.0
14,random_forest,0,0.03
14,random_forest,0,0.09
14,random_forest,0,0.14
14,random_forest,0,0.33
14,random_forest,0,0.09
14,random_forest,0,0.09
14,random_forest,0,0.05
14,random_forest,0,0.31
14,random_forest,0,0.09
14,random_forest,0,0.12
14,random_forest,0,0.09
14,random_forest,0,0.08
14,random_forest,0,0.03
14,random_forest,0,0.26
14,random_forest,0,0.06
14,random_forest,0,0.11
14,random_forest,0,0.05
14,random_forest,1,0.16
14,random_forest,0,0.0
14,random_forest,0,0.11
14,random_forest,0,0.03
14,random_forest,0,0.05
14,random_forest,0,0.03
14,random_forest,0,0.15
14,random_forest,1,0.04
14,random_forest,0,0.08
14,random_forest,0,0.05
14,random_forest,0,0.14
14,random_forest,0,0.06
14,random_forest,1,0.15
14,random_forest,0,0.05
14,random_forest,0,0.13
14,random_forest,0,0.09
14,random_forest,0,0.15
14,random_forest,0,0.11
14,random_forest,0,0.12
14,random_forest,0,0.1
14,random_forest,0,0.12
14,random_forest,0,0.07
14,random_forest,0,0.1
14,random_forest,0,0.02
14,random_forest,0,0.0
14,random_forest,0,0.04
14,random_forest,0,0.07
14,random_forest,0,0.1
14,random_forest,0,0.15
14,random_forest,0,0.05
14,random_forest,0,0.13
14,random_forest,0,0.03
14,random_forest,0,0.2
14,random_forest,0,0.06
14,random_forest,0,0.0
14,random_forest,0,0.0
14,random_forest,0,0.0
14,random_forest,0,0.09
14,random_forest,0,0.0
14,random_forest,0,0.0
14,random_forest,0,0.0
14,random_forest,0,0.0
14,random_forest,0,0.04
14,random_forest,0,0.01
14,random_forest,0,0.0
14,random_forest,0,0.01
14,random_forest,0,0.02
14,random_forest,0,0.07
14,random_forest,0,0.0
14,random_forest,0,0.0
14,random_forest,0,0.0
14,random_forest,0,0.01
14,random_forest,0,0.0
14,random_forest,0,0.02
14,random_forest,0,0.18
14,random_forest,0,0.07
14,random_forest,0,0.11
14,random_forest,0,0.13
14,random_forest,0,0.03
14,random_forest,0,0.11
14,random_forest,0,0.08
14,random_forest,0,0.06
14,random_forest,0,0.19
14,random_forest,0,0.04
14,random_forest,0,0.08
14,random_forest,0,0.02
14,random_forest,0,0.09
14,random_forest,0,0.18
14,random_forest,0,0.02
14,random_forest,0,0.12
14,random_forest,0,0.25
14,random_forest,0,0.02
14,random_forest,0,0.1
14,random_forest,0,0.05
14,random_forest,0,0.05
14,random_forest,0,0.06
14,random_forest,1,0.08
14,random_forest,0,0.11
14,random_forest,0,0.15
14,random_forest,0,0.02
14,random_forest,0,0.08
14,random_forest,0,0.05
14,random_forest,0,0.17
14,random_forest,0,0.05
14,random_forest,0,0.07
14,random_forest,0,0.06
14,random_forest,0,0.09
14,random_forest,0,0.31
14,random_forest,0,0.07
14,random_forest,1,0.01
14,random_forest,0,0.19
14,random_forest,0,0.0
14,random_forest,0,0.12
14,random_forest,0,0.0
14,random_forest,0,0.11
14,random_forest,0,0.02
14,random_forest,1,0.18
14,random_forest,0,0.11
14,random_forest,0,0.05
14,random_forest,0,0.02
14,random_forest,0,0.08
14,random_forest,0,0.18
14,random_forest,0,0.19
14,random_forest,0,0.01
14,random_forest,0,0.0
14,random_forest,0,0.0
14,random_forest,0,0.01
14,random_forest,0,0.01
14,random_forest,0,0.0
14,random_forest,0,0.0
14,random_forest,0,0.0
14,random_forest,0,0.01
14,random_forest,0,0.0
14,random_forest,0,0.01
14,random_forest,0,0.0
14,random_forest,0,0.0
14,random_forest,0,0.03
14,random_forest,0,0.0
14,random_forest,0,0.0
14,random_forest,0,0.01
14,random_forest,0,0.0
14,random_forest,0,0.0
14,random_forest,0,0.0
14,random_forest,0,0.0
14,random_forest,0,0.22
14,random_forest,0,0.04
14,random_forest,0,0.18
14,random_forest,0,0.19
14,random_forest,0,0.04
14,random_forest,0,0.1
14,random_forest,0,0.17
14,random_forest,1,0.24
14,random_forest,0,0.15
14,random_forest,0,0.01
14,random_forest,0,0.09
14,random_forest,1,0.13
14,random_forest,1,0.16
14,random_forest,0,0.13
14,random_forest,0,0.05
14,random_forest,0,0.29
14,random_forest,1,0.17
14,random_forest,0,0.18
14,random_forest,0,0.19
14,random_forest,0,0.04
14,random_forest,0,0.03
14,random_forest,0,0.05
14,random_forest,0,0.1
14,random_forest,0,0.14
14,random_forest,0,0.0
14,random_forest,1,0.04
14,random_forest,0,0.15
14,random_forest,0,0.31
14,random_forest,0,0.03
14,random_forest,0,0.03
14,random_forest,0,0.07
14,random_forest,1,0.08
14,random_forest,0,0.17
14,random_forest,0,0.08
14,random_forest,0,0.06
14,random_forest,0,0.05
14,random_forest,0,0.21
14,random_forest,1,0.29
14,random_forest,0,0.12
14,random_forest,0,0.04
14,random_forest,0,0.17
14,random_forest,0,0.18
14,random_forest,0,0.2
14,random_forest,0,0.23
14,random_forest,0,0.24
14,random_forest,0,0.18
14,random_forest,0,0.17
14,random_forest,0,0.22
14,random_forest,0,0.29
14,random_forest,0,0.26
14,random_forest,0,0.0
14,random_forest,0,0.05
14,random_forest,0,0.01
14,random_forest,0,0.01
14,random_forest,0,0.0
14,random_forest,0,0.0
14,random_forest,0,0.0
14,random_forest,0,0.0
14,random_forest,0,0.31
14,random_forest,0,0.01
14,random_forest,0,0.02
14,random_forest,0,0.02
14,random_forest,0,0.01
14,random_forest,0,0.05
14,random_forest,0,0.06
14,random_forest,0,0.0
14,random_forest,0,0.0
14,random_forest,0,0.0
14,random_forest,0,0.05
14,random_forest,0,0.02
14,random_forest,0,0.04
14,random_forest,0,0.22
14,random_forest,0,0.16
14,random_forest,0,0.3
14,random_forest,0,0.16
14,random_forest,0,0.06
14,random_forest,0,0.26
14,random_forest,0,0.14
14,random_forest,0,0.35
14,random_forest,0,0.1
14,random_forest,0,0.1
14,random_forest,0,0.07
14,random_forest,1,0.22
14,random_forest,0,0.14
14,random_forest,0,0.21
14,random_forest,0,0.05
14,random_forest,0,0.35
14,random_forest,0,0.17
14,random_forest,0,0.17
14,random_forest,0,0.04
14,random_forest,0,0.13
14,random_forest,0,0.04
14,random_forest,1,0.54
14,random_forest,0,0.12
14,random_forest,0,0.35
14,random_forest,0,0.0
14,random_forest,0,0.25
14,random_forest,0,0.11
14,random_forest,0,0.02
14,random_forest,0,0.04
14,random_forest,0,0.1
14,random_forest,0,0.05
14,random_forest,0,0.39
14,random_forest,0,0.3
14,random_forest,0,0.32
14,random_forest,0,0.03
14,random_forest,0,0.3
14,random_forest,0,0.14
14,random_forest,0,0.19
14,random_forest,1,0.07
14,random_forest,0,0.09
14,random_forest,0,0.05
14,random_forest,0,0.29
14,random_forest,1,0.1
14,random_forest,0,0.5
14,random_forest,0,0.04
14,random_forest,0,0.27
14,random_forest,0,0.26
14,random_forest,0,0.14
14,random_forest,0,0.09
14,random_forest,0,0.0
14,random_forest,0,0.0
14,random_forest,0,0.01
14,random_forest,0,0.0
14,random_forest,0,0.04
14,random_forest,0,0.0
14,random_forest,0,0.0
14,random_forest,0,0.0
14,random_forest,0,0.03
14,random_forest,0,0.02
14,random_forest,0,0.0
14,random_forest,0,0.0
14,random_forest,0,0.0
14,random_forest,0,0.12
14,random_forest,0,0.03
14,random_forest,0,0.0
14,random_forest,0,0.02
14,random_forest,0,0.0
14,random_forest,0,0.05
14,random_forest,0,0.0
14,random_forest,0,0.11
14,random_forest,0,0.01
14,random_forest,1,0.17
14,random_forest,0,0.13
14,random_forest,0,0.36
14,random_forest,0,0.05
14,random_forest,0,0.19
14,random_forest,0,0.05
14,random_forest,0,0.13
14,random_forest,0,0.03
14,random_forest,1,0.25
14,random_forest,0,0.06
14,random_forest,0,0.24
14,random_forest,0,0.14
14,random_forest,0,0.47
14,random_forest,0,0.06
14,random_forest,1,0.17
14,random_forest,0,0.12
14,random_forest,0,0.03
14,random_forest,0,0.03
14,random_forest,0,0.12
14,random_forest,0,0.04
14,random_forest,0,0.16
14,random_forest,1,0.19
14,random_forest,0,0.39
14,random_forest,0,0.03
14,random_forest,0,0.07
14,random_forest,0,0.07
14,random_forest,0,0.12
14,random_forest,0,0.02
14,random_forest,0,0.11
14,random_forest,0,0.0
14,random_forest,1,0.1
14,random_forest,0,0.07
14,random_forest,0,0.12
14,random_forest,0,0.01
14,random_forest,1,0.07
14,random_forest,0,0.03
14,random_forest,0,0.09
14,random_forest,0,0.03
14,random_forest,0,0.08
14,random_forest,0,0.02
14,random_forest,0,0.07
14,random_forest,0,0.11
14,random_forest,0,0.14
14,random_forest,0,0.02
14,random_forest,0,0.28
14,random_forest,1,0.05
14,random_forest,1,0.11
14,random_forest,0,0.02
14,random_forest,0,0.0
14,random_forest,0,0.0
14,random_forest,0,0.02
14,random_forest,0,0.01
14,random_forest,0,0.0
14,random_forest,0,0.03
14,random_forest,0,0.04
14,random_forest,0,0.0
14,random_forest,0,0.03
14,random_forest,0,0.02
14,random_forest,0,0.0
14,random_forest,0,0.0
14,random_forest,0,0.04
14,random_forest,0,0.0
14,random_forest,0,0.0
14,random_forest,0,0.0
14,random_forest,0,0.02
14,random_forest,0,0.01
14,random_forest,0,0.0
14,random_forest,0,0.0
14,random_forest,0,0.25
14,random_forest,0,0.01
14,random_forest,0,0.24
14,random_forest,0,0.14
14,random_forest,0,0.09
14,random_forest,0,0.14
14,random_forest,0,0.15
14,random_forest,0,0.46
14,random_forest,0,0.13
14,random_forest,0,0.07
14,random_forest,0,0.09
14,random_forest,0,0.01
14,random_forest,0,0.24
14,random_forest,0,0.0
14,random_forest,0,0.06
14,random_forest,0,0.1
14,random_forest,0,0.06
14,random_forest,0,0.16
14,random_forest,0,0.16
14,random_forest,0,0.05
14,random_forest,0,0.14
14,random_forest,0,0.11
14,random_forest,0,0.18
14,random_forest,1,0.15
14,random_forest,0,0.03
14,random_forest,0,0.04
14,random_forest,0,0.36
14,random_forest,0,0.46
14,random_forest,0,0.19
14,random_forest,0,0.03
14,hist_gradient_boosting,0,0.00023027127545428857
14,hist_gradient_boosting,0,0.00011061520591846587
14,hist_gradient_boosting,0,0.0010895631811035245
14,hist_gradient_boosting,0,0.00013393935533527885
14,hist_gradient_boosting,0,0.0002453204491709822
14,hist_gradient_boosting,0,0.00016605622700070644
14,hist_gradient_boosting,0,9.90689182982224e-05
14,hist_gradient_boosting,0,5.3865363141038114e-05
14,hist_gradient_boosting,0,0.010468896768323147
14,hist_gradient_boosting,0,0.00022602216412588192
14,hist_gradient_boosting,0,0.010957030246828805
14,hist_gradient_boosting,0,0.03220162533309055
14,hist_gradient_boosting,1,0.10257900093387431
14,hist_gradient_boosting,0,0.02974112136810897
14,hist_gradient_boosting,0,0.029217752648657933
14,hist_gradient_boosting,0,0.010415916156803911
14,hist_gradient_boosting,0,0.03952850946788695
14,hist_gradient_boosting,0,0.006907922707194597
14,hist_gradient_boosting,1,0.023813302399392118
14,hist_gradient_boosting,0,0.007928252524862452
14,hist_gradient_boosting,0,0.0404945100693239
14,hist_gradient_boosting,0,0.03786921234015359
14,hist_gradient_boosting,0,0.2969917218295683
14,hist_gradient_boosting,1,0.04208816283632525
14,hist_gradient_boosting,0,0.0156126906925909
14,hist_gradient_boosting,0,0.03604872809407011
14,hist_gradient_boosting,0,0.06773915814682122
14,hist_gradient_boosting,0,0.07825571855342717
14,hist_gradient_boosting,0,0.0681592968758003
14,hist_gradient_boosting,0,0.03652803397855459
14,hist_gradient_boosting,0,0.020944986782380683
14,hist_gradient_boosting,0,0.016041741381717177
14,hist_gradient_boosting,1,0.0544430924755036
14,hist_gradient_boosting,0,0.014500010309182496
14,hist_gradient_boosting,0,0.02799820146713623
14,hist_gradient_boosting,1,0.04958748596300164
14,hist_gradient_boosting,0,0.15823783710725134
14,hist_gradient_boosting,0,0.021141065901391306
14,hist_gradient_boosting,0,0.05179025644279621
14,hist_gradient_boosting,0,0.12084874953407279
14,hist_gradient_boosting,0,0.011510797990492119
14,hist_gradient_boosting,0,0.015731687617020425
14,hist_gradient_boosting,0,0.11829161178938083
14,hist_gradient_boosting,0,0.028131412269144226
14,hist_gradient_boosting,0,0.03479185843238864
14,hist_gradient_boosting,0,0.10305501030152174
14,hist_gradient_boosting,0,0.11248233661654639
14,hist_gradient_boosting,0,0.010016501353357242
14,hist_gradient_boosting,0,0.06887614637569235
14,hist_gradient_boosting,0,0.017320575514801113
14,hist_gradient_boosting,1,0.03203693647625236
14,hist_gradient_boosting,0,0.04114590880774813
14,hist_gradient_boosting,1,0.05536786323425502
14,hist_gradient_boosting,0,0.29633083384348063
14,hist_gradient_boosting,0,0.030276480646610753
14,hist_gradient_boosting,0,0.025501309813991978
14,hist_gradient_boosting,0,0.04210063029393055
14,hist_gradient_boosting,0,0.020858187610745246
14,hist_gradient_boosting,0,0.04363608515457767
14,hist_gradient_boosting,0,0.031427938423727486
14,hist_gradient_boosting,0,0.00015540367601521392
14,hist_gradient_boosting,0,0.00010289476937168811
14,hist_gradient_boosting,0,0.00014644031547298995
14,hist_gradient_boosting,0,0.0001904225725050036
14,hist_gradient_boosting,0,0.000276219243629319
14,hist_gradient_boosting,0,0.00016282115988128115
14,hist_gradient_boosting,0,0.00017977022257541263
14,hist_gradient_boosting,0,4.956657676646558e-05
14,hist_gradient_boosting,0,0.0025122868655070418
14,hist_gradient_boosting,0,0.0006866982688178218
14,hist_gradient_boosting,0,0.0003495753595888691
14,hist_gradient_boosting,0,0.000199878846901715
14,hist_gradient_boosting,0,9.494545208034494e-05
14,hist_gradient_boosting,0,9.074473447956847e-05
14,hist_gradient_boosting,0,0.0001881974347994566
14,hist_gradient_boosting,0,0.00031200277307084326
14,hist_gradient_boosting,0,0.0001839887902242492
14,hist_gradient_boosting,0,8.786518091794963e-05
14,hist_gradient_boosting,0,0.0032032214717843655
14,hist_gradient_boosting,0,0.002864478332457897
14,hist_gradient_boosting,1,0.030110047477777617
14,hist_gradient_boosting,0,0.05631774680116945
14,hist_gradient_boosting,1,0.016379800990340344
14,hist_gradient_boosting,0,0.10724142947060226
14,hist_gradient_boosting,0,0.055457164467736485
14,hist_gradient_boosting,0,0.0850704677492831
14,hist_gradient_boosting,1,0.234816435914004
14,hist_gradient_boosting,0,0.020102525776649068
14,hist_gradient_boosting,0,0.03695673065067981
14,hist_gradient_boosting,0,0.03799155113770862
14,hist_gradient_boosting,0,0.07808505590914835
14,hist_gradient_boosting,0,0.09328452616867872
14,hist_gradient_boosting,1,0.15306649253026253
14,hist_gradient_boosting,0,0.05126337928489789
14,hist_gradient_boosting,0,0.012816072622182158
14,hist_gradient_boosting,0,0.015972629799291177
14,hist_gradient_boosting,0,0.17438203224641732
14,hist_gradient_boosting,0,0.1455811216043746
14,hist_gradient_boosting,1,0.19748662600479638
14,hist_gradient_boosting,0,0.037356974739243515
14,hist_gradient_boosting,0,0.01854285829638595
14,hist_gradient_boosting,0,0.10724324772056458
14,hist_gradient_boosting,0,0.06885903558620958
14,hist_gradient_boosting,0,0.3886654001457381
14,hist_gradient_boosting,0,0.013963483833795611
14,hist_gradient_boosting,1,0.026764354186189523
14,hist_gradient_boosting,0,0.044519176831781485
14,hist_gradient_boosting,0,0.11320607345941681
14,hist_gradient_boosting,1,0.21243678972202792
14,hist_gradient_boosting,0,0.016303199590748548
14,hist_gradient_boosting,0,0.06696549496696984
14,hist_gradient_boosting,0,0.04528194082303657
14,hist_gradient_boosting,0,0.08455972942255406
14,hist_gradient_boosting,0,0.08368165691336979
14,hist_gradient_boosting,0,0.035420275087521345
14,hist_gradient_boosting,0,0.03226520650529638
14,hist_gradient_boosting,0,0.0896373399404875
14,hist_gradient_boosting,1,0.030373687539944055
14,hist_gradient_boosting,0,0.11973462631263712
14,hist_gradient_boosting,0,0.03418357407233226
14,hist_gradient_boosting,0,0.15414559336000158
14,hist_gradient_boosting,0,0.03972562460624929
14,hist_gradient_boosting,0,0.05001760083676575
14,hist_gradient_boosting,0,0.017662085749238766
14,hist_gradient_boosting,0,0.049277083547750136
14,hist_gradient_boosting,0,0.019936285274945474
14,hist_gradient_boosting,0,0.10870098145301857
14,hist_gradient_boosting,0,0.044907002344012396
14,hist_gradient_boosting,0,0.2307616819993694
14,hist_gradient_boosting,0,0.011006878209597623
14,hist_gradient_boosting,0,0.0001238562438037589
14,hist_gradient_boosting,0,0.00037689063802611827
14,hist_gradient_boosting,0,0.0005058252644638343
14,hist_gradient_boosting,0,4.318186843555821e-05
14,hist_gradient_boosting,0,8.59370238497047e-05
14,hist_gradient_boosting,0,7.693303634450941e-05
14,hist_gradient_boosting,0,0.0002678794897288343
14,hist_gradient_boosting,0,0.00011109013381429413
14,hist_gradient_boosting,0,0.00013843533804640834
14,hist_gradient_boosting,0,9.28605019034112e-05
14,hist_gradient_boosting,0,0.00017858654103273367
14,hist_gradient_boosting,0,0.0005955408011211672
14,hist_gradient_boosting,0,0.00022673591132623034
14,hist_gradient_boosting,0,0.004322414622262254
14,hist_gradient_boosting,0,0.0002764737427272111
14,hist_gradient_boosting,0,0.0005685443521208704
14,hist_gradient_boosting,0,0.00018535186284526114
14,hist_gradient_boosting,0,0.00010154402395274096
14,hist_gradient_boosting,0,0.004627815467670181
14,hist_gradient_boosting,0,0.0005834317487695222
14,hist_gradient_boosting,0,0.0469629062168446
14,hist_gradient_boosting,0,0.046144324005075656
14,hist_gradient_boosting,0,0.040914855597811814
14,hist_gradient_boosting,0,0.03558987768299747
14,hist_gradient_boosting,0,0.01115788207996636
14,hist_gradient_boosting,0,0.014427589643634905
14,hist_gradient_boosting,0,0.046852001494656424
14,hist_gradient_boosting,1,0.00801969495052428
14,hist_gradient_boosting,0,0.07018142015942588
14,hist_gradient_boosting,0,0.013144610405380423
14,hist_gradient_boosting,0,0.0065495464635490835
14,hist_gradient_boosting,0,0.020611689734997756
14,hist_gradient_boosting,0,0.18852746561955902
14,hist_gradient_boosting,0,0.016290841077836304
14,hist_gradient_boosting,0,0.019581563479349296
14,hist_gradient_boosting,0,0.055899394789632066
14,hist_gradient_boosting,0,0.08753896748369332
14,hist_gradient_boosting,0,0.017310720606999515
14,hist_gradient_boosting,0,0.09913021876063662
14,hist_gradient_boosting,1,0.021388453100851756
14,hist_gradient_boosting,0,0.1544808927857333
14,hist_gradient_boosting,0,0.05436759200655056
14,hist_gradient_boosting,0,0.0463385599318483
14,hist_gradient_boosting,1,0.05375383477957375
14,hist_gradient_boosting,0,0.002760400145220589
14,hist_gradient_boosting,0,0.04544194585262181
14,hist_gradient_boosting,0,0.1025720306359235
14,hist_gradient_boosting,0,0.013618628761944088
14,hist_gradient_boosting,0,0.09829765380836138
14,hist_gradient_boosting,0,0.011602697606928745
14,hist_gradient_boosting,0,0.06367882219344224
14,hist_gradient_boosting,0,0.05586837423860397
14,hist_gradient_boosting,0,0.10066909324294707
14,hist_gradient_boosting,0,0.03510821199278699
14,hist_gradient_boosting,0,0.030460038215740535
14,hist_gradient_boosting,0,0.043126773021308525
14,hist_gradient_boosting,0,0.11603750961990603
14,hist_gradient_boosting,0,0.0072082644486490665
14,hist_gradient_boosting,1,0.35110196253758424
14,hist_gradient_boosting,0,0.033218682435663546
14,hist_gradient_boosting,0,0.08119465834052465
14,hist_gradient_boosting,0,0.02645135632914147
14,hist_gradient_boosting,0,0.07963231398055348
14,hist_gradient_boosting,0,0.004946458862150205
14,hist_gradient_boosting,0,0.007691821962836611
14,hist_gradient_boosting,0,0.06167537626881255
14,hist_gradient_boosting,0,0.050751329662300323
14,hist_gradient_boosting,0,0.00949333711581794
14,hist_gradient_boosting,0,0.09395992144140185
14,hist_gradient_boosting,0,0.023678939625591637
14,hist_gradient_boosting,0,8.82856202933406e-05
14,hist_gradient_boosting,0,0.00016600824873141184
14,hist_gradient_boosting,0,0.00026949765373946225
14,hist_gradient_boosting,0,0.002411559340171871
14,hist_gradient_boosting,0,0.00033214575562018713
14,hist_gradient_boosting,0,0.00013245266878418092
14,hist_gradient_boosting,0,9.498686400003093e-05
14,hist_gradient_boosting,0,9.810718112515276e-05
14,hist_gradient_boosting,0,0.0023082200557618285
14,hist_gradient_boosting,0,0.0002406706049795813
14,hist_gradient_boosting,0,0.00018254256732768497
14,hist_gradient_boosting,0,0.0003880597877151893
14,hist_gradient_boosting,0,0.0027705067256481616
14,hist_gradient_boosting,0,0.00028103791340659395
14,hist_gradient_boosting,0,0.00011905028983002484
14,hist_gradient_boosting,0,0.0003474887498465744
14,hist_gradient_boosting,0,0.00016663212829193133
14,hist_gradient_boosting,0,0.00011260768200775762
14,hist_gradient_boosting,0,0.0023215605708667092
14,hist_gradient_boosting,0,0.0003814753172309837
14,hist_gradient_boosting,0,0.2508406525341182
14,hist_gradient_boosting,0,0.01860473238703174
14,hist_gradient_boosting,0,0.052796156962119874
14,hist_gradient_boosting,0,0.09432031780122017
14,hist_gradient_boosting,0,0.07989708424043407
14,hist_gradient_boosting,0,0.03270901179607561
14,hist_gradient_boosting,0,0.07295355076715615
14,hist_gradient_boosting,0,0.016408447432027844
14,hist_gradient_boosting,0,0.07621817834475907
14,hist_gradient_boosting,0,0.011076352044367702
14,hist_gradient_boosting,0,0.062192691824363336
14,hist_gradient_boosting,0,0.0318022242648365
14,hist_gradient_boosting,0,0.07773491657511047
14,hist_gradient_boosting,0,0.10793259080724321
14,hist_gradient_boosting,0,0.03466246574941228
14,hist_gradient_boosting,0,0.05863818192630091
14,hist_gradient_boosting,0,0.13658270533188746
14,hist_gradient_boosting,0,0.047515533338052154
14,hist_gradient_boosting,0,0.1439519604370851
14,hist_gradient_boosting,0,0.04337496349449159
14,hist_gradient_boosting,0,0.043889053266683554
14,hist_gradient_boosting,0,0.020963525621946595
14,hist_gradient_boosting,0,0.042670189082159006
14,hist_gradient_boosting,0,0.01427065880451527
14,hist_gradient_boosting,0,0.02717764625827419
14,hist_gradient_boosting,0,0.12447442610078105
14,hist_gradient_boosting,1,0.0687218163781851
14,hist_gradient_boosting,0,0.030949965123264492
14,hist_gradient_boosting,0,0.009890501283182031
14,hist_gradient_boosting,0,0.022035015589639165
14,hist_gradient_boosting,0,0.029782775008651282
14,hist_gradient_boosting,1,0.027483541927207374
14,hist_gradient_boosting,0,0.07607187712710971
14,hist_gradient_boosting,0,0.004482427212623917
14,hist_gradient_boosting,0,0.019521424677973142
14,hist_gradient_boosting,0,0.018919664345543433
14,hist_gradient_boosting,0,0.13077101937622992
14,hist_gradient_boosting,0,0.015670172803053436
14,hist_gradient_boosting,0,0.12359217390040758
14,hist_gradient_boosting,0,0.019233935446395366
14,hist_gradient_boosting,0,0.02339141485249359
14,hist_gradient_boosting,0,0.03896851916120334
14,hist_gradient_boosting,0,0.025015666665707738
14,hist_gradient_boosting,0,0.006094230680373871
14,hist_gradient_boosting,0,0.011980634450968178
14,hist_gradient_boosting,0,0.02845189324202857
14,hist_gradient_boosting,0,0.09759061562029571
14,hist_gradient_boosting,0,0.03381919270118243
14,hist_gradient_boosting,0,0.07228407169666713
14,hist_gradient_boosting,0,0.012082443487768602
14,hist_gradient_boosting,0,0.0001009202160603238
14,hist_gradient_boosting,0,0.00016402614482195437
14,hist_gradient_boosting,0,0.0004910077836282593
14,hist_gradient_boosting,0,0.0006313550891030906
14,hist_gradient_boosting,0,0.0006150395814729593
14,hist_gradient_boosting,0,0.00013750077757984687
14,hist_gradient_boosting,0,0.00019722613275633964
14,hist_gradient_boosting,0,6.60999122577186e-05
14,hist_gradient_boosting,0,0.0009509958665541656
14,hist_gradient_boosting,0,0.00014150131393335196
14,hist_gradient_boosting,0,0.00024427120352692655
14,hist_gradient_boosting,0,0.00025513614525102436
14,hist_gradient_boosting,0,0.0006968286641059127
14,hist_gradient_boosting,0,0.00043307818737259773
14,hist_gradient_boosting,0,0.00015529772401875488
14,hist_gradient_boosting,0,0.0002295988950473792
14,hist_gradient_boosting,0,0.0003302191593276607
14,hist_gradient_boosting,0,6.851628498161205e-05
14,hist_gradient_boosting,0,0.0001924356001958021
14,hist_gradient_boosting,0,0.014525926070593036
14,hist_gradient_boosting,0,0.036344868671757444
14,hist_gradient_boosting,0,0.028508834224095374
14,hist_gradient_boosting,0,0.10900819061566971
14,hist_gradient_boosting,0,0.028305059959589315
14,hist_gradient_boosting,0,0.019191115527908736
14,hist_gradient_boosting,0,0.02992312003372443
14,hist_gradient_boosting,0,0.06730322711147474
14,hist_gradient_boosting,0,0.010929273314817543
14,hist_gradient_boosting,0,0.01016649786132314
14,hist_gradient_boosting,0,0.02876506857602958
14,hist_gradient_boosting,0,0.020066878147993055
14,hist_gradient_boosting,0,0.06996197470085101
14,hist_gradient_boosting,0,0.16930871108601403
14,hist_gradient_boosting,0,0.07795070414363169
14,hist_gradient_boosting,0,0.03426157632425386
14,hist_gradient_boosting,0,0.007760916464625101
14,hist_gradient_boosting,0,0.07164404529825137
14,hist_gradient_boosting,0,0.027662733124991644
14,hist_gradient_boosting,0,0.028288329944083555
14,hist_gradient_boosting,0,0.00294435953938467
14,hist_gradient_boosting,0,0.09924642188365923
14,hist_gradient_boosting,0,0.02532184746884005
14,hist_gradient_boosting,0,0.14544084783246833
14,hist_gradient_boosting,0,0.05917900727685589
14,hist_gradient_boosting,0,0.03770558612834575
14,hist_gradient_boosting,0,0.06878448746931497
14,hist_gradient_boosting,0,0.03572694626055855
14,hist_gradient_boosting,0,0.0823805704909154
14,hist_gradient_boosting,0,0.05726355184633388
14,hist_gradient_boosting,0,0.018134849245336652
14,hist_gradient_boosting,0,0.030401903993080057
14,hist_gradient_boosting,0,0.010550531745874867
14,hist_gradient_boosting,0,0.15500646301938567
14,hist_gradient_boosting,0,0.03178911015297883
14,hist_gradient_boosting,0,0.033262458038929646
14,hist_gradient_boosting,0,0.05725549265465229
14,hist_gradient_boosting,1,0.11389832493068314
14,hist_gradient_boosting,0,0.058329710511110036
14,hist_gradient_boosting,0,0.16446721961988076
14,hist_gradient_boosting,0,0.021573194920952485
14,hist_gradient_boosting,0,0.03501167528152918
14,hist_gradient_boosting,0,0.06169184493035341
14,hist_gradient_boosting,0,0.0640946161208412
14,hist_gradient_boosting,0,0.07653247969736708
14,hist_gradient_boosting,0,0.005196558659656029
14,hist_gradient_boosting,0,0.05502697519194548
14,hist_gradient_boosting,0,0.05007175342752772
14,hist_gradient_boosting,0,0.11588718985603622
14,hist_gradient_boosting,1,0.08006037672563264
14,hist_gradient_boosting,0,0.06403711486937043
14,hist_gradient_boosting,0,0.00013532134468059208
14,hist_gradient_boosting,0,0.00011157396717287218
14,hist_gradient_boosting,0,5.921401140747005e-05
14,hist_gradient_boosting,0,0.0019104910942756262
14,hist_gradient_boosting,0,0.00017914075790170022
14,hist_gradient_boosting,0,0.0002949492557468994
14,hist_gradient_boosting,0,0.0001401522597631568
14,hist_gradient_boosting,0,0.000698131740198973
14,hist_gradient_boosting,0,0.00014531605907666092
14,hist_gradient_boosting,0,0.00012247714741381012
14,hist_gradient_boosting,0,0.00011868384604362066
14,hist_gradient_boosting,0,0.00026380856190549124
14,hist_gradient_boosting,0,0.002117088902917865
14,hist_gradient_boosting,0,0.0005300727080637087
14,hist_gradient_boosting,0,0.0001651937524296663
14,hist_gradient_boosting,0,0.0010271343583881719
14,hist_gradient_boosting,0,9.900676461437692e-05
14,hist_gradient_boosting,0,0.0006244663640407984
14,hist_gradient_boosting,0,0.00018468099172666187
14,hist_gradient_boosting,0,0.00012231591566483205
14,hist_gradient_boosting,0,0.031390191704034294
14,hist_gradient_boosting,0,0.04575376904548633
14,hist_gradient_boosting,0,0.07918017643775446
14,hist_gradient_boosting,0,0.01293780887111847
14,hist_gradient_boosting,0,0.007487440621442677
14,hist_gradient_boosting,0,0.10861571249790014
14,hist_gradient_boosting,1,0.07344205617296182
14,hist_gradient_boosting,0,0.09811713396157984
14,hist_gradient_boosting,0,0.2635028916720389
14,hist_gradient_boosting,0,0.006071720005349764
14,hist_gradient_boosting,0,0.08177495221121309
14,hist_gradient_boosting,0,0.026895044734840848
14,hist_gradient_boosting,0,0.02420664457450593
14,hist_gradient_boosting,0,0.007050291794183816
14,hist_gradient_boosting,0,0.01194281156381248
14,hist_gradient_boosting,0,0.1022643512361219
14,hist_gradient_boosting,0,0.09624486984453677
14,hist_gradient_boosting,0,0.06593945713082631
14,hist_gradient_boosting,0,0.018528311171860642
14,hist_gradient_boosting,0,0.015538838022126451
14,hist_gradient_boosting,0,0.03257164074102254
14,hist_gradient_boosting,0,0.02036410618283785
14,hist_gradient_boosting,1,0.026945156170130116
14,hist_gradient_boosting,0,0.009642911054447851
14,hist_gradient_boosting,0,0.014318536081404643
14,hist_gradient_boosting,0,0.06906163741439907
14,hist_gradient_boosting,0,0.1120510855557775
14,hist_gradient_boosting,0,0.11782990676103422
14,hist_gradient_boosting,0,0.02468725824990186
14,hist_gradient_boosting,0,0.013041298624858732
14,hist_gradient_boosting,0,0.0509938200321853
14,hist_gradient_boosting,0,0.03046663601360669
14,hist_gradient_boosting,0,0.04527073386295086
14,hist_gradient_boosting,0,0.00671549493212185
14,hist_gradient_boosting,0,0.014289510707099483
14,hist_gradient_boosting,0,0.05518158032876928
14,hist_gradient_boosting,0,0.027015918004730813
14,hist_gradient_boosting,0,0.024498679627517936
14,hist_gradient_boosting,0,0.02632163170628903
14,hist_gradient_boosting,0,0.03187310954406732
14,hist_gradient_boosting,0,0.06698107896530506
14,hist_gradient_boosting,0,0.024487570775238086
14,hist_gradient_boosting,0,0.014892879227226307
14,hist_gradient_boosting,0,0.010895031808584262
14,hist_gradient_boosting,1,0.026697107158976375
14,hist_gradient_boosting,0,0.0488969176683476
14,hist_gradient_boosting,0,0.4298783423746115
14,hist_gradient_boosting,0,0.02804408376944546
14,hist_gradient_boosting,0,0.09151367755825726
14,hist_gradient_boosting,0,0.012030479521864559
14,hist_gradient_boosting,0,0.0001121585745934854
14,hist_gradient_boosting,0,0.00013103626748231617
14,hist_gradient_boosting,0,0.00010874953409090293
14,hist_gradient_boosting,0,4.556607632550897e-05
14,hist_gradient_boosting,0,0.0005042177960583848
14,hist_gradient_boosting,0,0.000226564658252952
14,hist_gradient_boosting,0,0.00013888852187965986
14,hist_gradient_boosting,0,0.00010746017913409286
14,hist_gradient_boosting,0,0.00010282791346053089
14,hist_gradient_boosting,0,0.0004945878985026639
14,hist_gradient_boosting,0,0.00026240713766845496
14,hist_gradient_boosting,0,0.00014002185343521371
14,hist_gradient_boosting,0,0.00020382132028329367
14,hist_gradient_boosting,0,0.0006541952785772833
14,hist_gradient_boosting,0,0.00011995634504509338
14,hist_gradient_boosting,0,0.00019959536684809325
14,hist_gradient_boosting,0,0.00020539339246312217
14,hist_gradient_boosting,0,0.0001128444032694343
14,hist_gradient_boosting,0,0.0003189182849430697
14,hist_gradient_boosting,0,0.0006947273148899048
14,hist_gradient_boosting,0,0.016247860842005683
14,hist_gradient_boosting,0,0.015094206724206853
14,hist_gradient_boosting,0,0.4249846181309982
14,hist_gradient_boosting,0,0.005848519966880613
14,hist_gradient_boosting,0,0.05644547271700646
14,hist_gradient_boosting,0,0.017106728694465903
14,hist_gradient_boosting,0,0.03138044643152404
14,hist_gradient_boosting,0,0.008528369129189528
14,hist_gradient_boosting,1,0.0531471588753464
14,hist_gradient_boosting,0,0.04519933620061316
14,hist_gradient_boosting,0,0.04956747261819919
14,hist_gradient_boosting,0,0.041207017129879196
14,hist_gradient_boosting,1,0.047487893807564095
14,hist_gradient_boosting,1,0.17911936796979258
14,hist_gradient_boosting,0,0.014283423706309573
14,hist_gradient_boosting,0,0.038213250086716555
14,hist_gradient_boosting,0,0.07851869315279313
14,hist_gradient_boosting,0,0.08270427441629637
14,hist_gradient_boosting,0,0.1265784567875556
14,hist_gradient_boosting,0,0.007683607064924854
14,hist_gradient_boosting,0,0.16939697361893924
14,hist_gradient_boosting,0,0.006600294253050148
14,hist_gradient_boosting,0,0.17497159482991423
14,hist_gradient_boosting,0,0.061696468892461914
14,hist_gradient_boosting,0,0.05562567275775545
14,hist_gradient_boosting,0,0.015726544143865942
14,hist_gradient_boosting,1,0.40563904313473415
14,hist_gradient_boosting,0,0.09427716125075129
14,hist_gradient_boosting,0,0.031085253919142117
14,hist_gradient_boosting,0,0.01095535959057422
14,hist_gradient_boosting,0,0.050018225595016695
14,hist_gradient_boosting,0,0.014152147272036428
14,hist_gradient_boosting,0,0.16984999068487452
14,hist_gradient_boosting,0,0.022666732890971274
14,hist_gradient_boosting,0,0.00832352710173896
14,hist_gradient_boosting,0,0.007313772853979398
14,hist_gradient_boosting,0,0.077668820742022
14,hist_gradient_boosting,0,0.0697956582528986
14,hist_gradient_boosting,0,0.06997134815469264
14,hist_gradient_boosting,0,0.04148965319673573
14,hist_gradient_boosting,0,0.03971819828281842
14,hist_gradient_boosting,0,0.03255468697069269
14,hist_gradient_boosting,1,0.029570576312618006
14,hist_gradient_boosting,0,0.03421474506412074
14,hist_gradient_boosting,0,0.013928641810721901
14,hist_gradient_boosting,0,0.15317955331091015
14,hist_gradient_boosting,1,0.02286352975808635
14,hist_gradient_boosting,0,0.02672053889029312
14,hist_gradient_boosting,0,0.09408328296886276
14,hist_gradient_boosting,0,0.04097920129406627
14,hist_gradient_boosting,0,0.00031291241823553154
14,hist_gradient_boosting,0,0.00011460340793973512
14,hist_gradient_boosting,0,8.070491336804657e-05
14,hist_gradient_boosting,0,0.0005383141737509242
14,hist_gradient_boosting,0,5.2480683931894536e-05
14,hist_gradient_boosting,0,0.0001569527397893564
14,hist_gradient_boosting,0,0.0003521166958403461
14,hist_gradient_boosting,0,5.889072992109655e-05
14,hist_gradient_boosting,0,0.012892954138424336
14,hist_gradient_boosting,0,0.0004606516254631305
14,hist_gradient_boosting,0,0.00026028271670882345
14,hist_gradient_boosting,0,0.0004442779177370774
14,hist_gradient_boosting,0,0.0001333580978791285
14,hist_gradient_boosting,0,9.066320086537678e-05
14,hist_gradient_boosting,0,0.00018309345949050142
14,hist_gradient_boosting,0,0.0002683410107744811
14,hist_gradient_boosting,0,0.0001462128808500279
14,hist_gradient_boosting,0,7.042557775657532e-05
14,hist_gradient_boosting,0,0.00039085509138725856
14,hist_gradient_boosting,0,0.004086220446286042
14,hist_gradient_boosting,0,0.13247926841273072
14,hist_gradient_boosting,0,0.023947694268728212
14,hist_gradient_boosting,1,0.049864108831314834
14,hist_gradient_boosting,0,0.013259504028761153
14,hist_gradient_boosting,0,0.03528355667048792
14,hist_gradient_boosting,0,0.02296834792297457
14,hist_gradient_boosting,0,0.1165150758536528
14,hist_gradient_boosting,0,0.034860582129342906
14,hist_gradient_boosting,0,0.05411346774303669
14,hist_gradient_boosting,0,0.008228868006577092
14,hist_gradient_boosting,0,0.1407027038218897
14,hist_gradient_boosting,0,0.011654414711684111
14,hist_gradient_boosting,0,0.029228034623426866
14,hist_gradient_boosting,0,0.01971455900382244
14,hist_gradient_boosting,0,0.041678315782731186
14,hist_gradient_boosting,0,0.23581552779839038
14,hist_gradient_boosting,0,0.09731207801165274
14,hist_gradient_boosting,0,0.04629121625980579
14,hist_gradient_boosting,1,0.09622959147756285
14,hist_gradient_boosting,0,0.012554817979038903
14,hist_gradient_boosting,0,0.02747255013590137
14,hist_gradient_boosting,1,0.0783648774347173
14,hist_gradient_boosting,0,0.03717518070241896
14,hist_gradient_boosting,0,0.013585597579419224
14,hist_gradient_boosting,0,0.05506334541783225
14,hist_gradient_boosting,0,0.03038408969732365
14,hist_gradient_boosting,0,0.09170391190218334
14,hist_gradient_boosting,0,0.05407131069124469
14,hist_gradient_boosting,0,0.13633827000935184
14,hist_gradient_boosting,0,0.022945703010186842
14,hist_gradient_boosting,0,0.022928946823936692
14,hist_gradient_boosting,1,0.013288380197094251
14,hist_gradient_boosting,0,0.3348402488911035
14,hist_gradient_boosting,0,0.010838275058821262
14,hist_gradient_boosting,0,0.011779613357335423
14,hist_gradient_boosting,0,0.008303396005192748
14,hist_gradient_boosting,0,0.07272250980355366
14,hist_gradient_boosting,0,0.017203365099215915
14,hist_gradient_boosting,0,0.05805768455639475
14,hist_gradient_boosting,0,0.015735156784812437
14,hist_gradient_boosting,0,0.05058085058071372
14,hist_gradient_boosting,0,0.26364924661124356
14,hist_gradient_boosting,0,0.11451984814230222
14,hist_gradient_boosting,0,0.01115944063879764
14,hist_gradient_boosting,0,0.06269737654308723
14,hist_gradient_boosting,0,0.02524772867881597
14,hist_gradient_boosting,0,0.1098783905748966
14,hist_gradient_boosting,0,0.047093527775695324
14,hist_gradient_boosting,0,0.20117406194581086
14,hist_gradient_boosting,0,0.018972786593215798
14,hist_gradient_boosting,0,0.00015537128940848862
14,hist_gradient_boosting,0,0.0005392138247014966
14,hist_gradient_boosting,0,0.00015552290852292026
14,hist_gradient_boosting,0,0.000130370743155308
14,hist_gradient_boosting,0,0.00010751843831994547
14,hist_gradient_boosting,0,0.0005199287469043256
14,hist_gradient_boosting,0,0.0013313483762139333
14,hist_gradient_boosting,0,0.0003062073652099965
14,hist_gradient_boosting,0,0.005205161026211569
14,hist_gradient_boosting,0,0.000442990065933282
14,hist_gradient_boosting,0,0.00017005794339696495
14,hist_gradient_boosting,0,0.00020715208454895074
14,hist_gradient_boosting,0,0.00026503107639468305
14,hist_gradient_boosting,0,7.452959912824447e-05
14,hist_gradient_boosting,0,0.00038060775298204394
14,hist_gradient_boosting,0,0.0003496828847341985
14,hist_gradient_boosting,0,0.00017891365682783222
14,hist_gradient_boosting,0,0.00010619177783580481
14,hist_gradient_boosting,0,0.0025367549714316344
14,hist_gradient_boosting,0,0.027672650087865052
14,hist_gradient_boosting,0,0.005816451422063965
14,hist_gradient_boosting,0,0.090820903924567
14,hist_gradient_boosting,0,0.025780196079327314
14,hist_gradient_boosting,1,0.10387595330270147
14,hist_gradient_boosting,0,0.01361120902119976
14,hist_gradient_boosting,0,0.03818373588110824
14,hist_gradient_boosting,0,0.16461931808016264
14,hist_gradient_boosting,0,0.038718609633602484
14,hist_gradient_boosting,0,0.03831261753756411
14,hist_gradient_boosting,0,0.02537574314671328
14,hist_gradient_boosting,0,0.15305766112212593
14,hist_gradient_boosting,0,0.028442987852918145
14,hist_gradient_boosting,0,0.11296570884689419
14,hist_gradient_boosting,0,0.44017463345789115
14,hist_gradient_boosting,1,0.014740567258173593
14,hist_gradient_boosting,0,0.031103545713439287
14,hist_gradient_boosting,0,0.18557469217796166
14,hist_gradient_boosting,0,0.22923359516979488
14,hist_gradient_boosting,0,0.21392486475816824
14,hist_gradient_boosting,0,0.03782739097488759
14,hist_gradient_boosting,0,0.046171033593465645
14,hist_gradient_boosting,0,0.0318669894996099
14,hist_gradient_boosting,0,0.2584375400474355
14,hist_gradient_boosting,0,0.04791571363665273
14,hist_gradient_boosting,0,0.013709838009413968
14,hist_gradient_boosting,0,0.04196476430105064
14,hist_gradient_boosting,0,0.22907295169724753
14,hist_gradient_boosting,0,0.015473462662250498
14,hist_gradient_boosting,0,0.17113801759746877
14,hist_gradient_boosting,0,0.0168730644286975
14,hist_gradient_boosting,0,0.13205161466133708
14,hist_gradient_boosting,0,0.009862767305687647
14,hist_gradient_boosting,0,0.18344147302354769
14,hist_gradient_boosting,0,0.031404694234666304
14,hist_gradient_boosting,0,0.018543007874105916
14,hist_gradient_boosting,0,0.15497405256193983
14,hist_gradient_boosting,0,0.06972196201484128
14,hist_gradient_boosting,0,0.0736025920515639
14,hist_gradient_boosting,0,0.30415213974499833
14,hist_gradient_boosting,0,0.03774592039325986
14,hist_gradient_boosting,1,0.05768328569944454
14,hist_gradient_boosting,0,0.038971928186264056
14,hist_gradient_boosting,0,0.16554810231715
14,hist_gradient_boosting,0,0.08562822348402258
14,hist_gradient_boosting,0,0.01732937644771619
14,hist_gradient_boosting,0,0.014290393555640829
14,hist_gradient_boosting,0,0.5424315976668509
14,hist_gradient_boosting,1,0.011461586899129104
14,hist_gradient_boosting,0,0.18139906841730014
14,hist_gradient_boosting,0,0.031142968225849346
14,hist_gradient_boosting,0,0.00016302011339088256
14,hist_gradient_boosting,0,0.00032256795672709973
14,hist_gradient_boosting,0,0.00126100385738629
14,hist_gradient_boosting,0,0.02845385577554597
14,hist_gradient_boosting,0,0.00015080869474402755
14,hist_gradient_boosting,0,8.493027569637262e-05
14,hist_gradient_boosting,0,0.00022457608525780625
14,hist_gradient_boosting,0,9.033584588986897e-05
14,hist_gradient_boosting,0,0.0013573988879851224
14,hist_gradient_boosting,0,0.0019609709101256947
14,hist_gradient_boosting,0,0.0002990203744913102
14,hist_gradient_boosting,0,0.000328791490499064
14,hist_gradient_boosting,0,0.0005443234897227336
14,hist_gradient_boosting,0,0.0006875906247456316
14,hist_gradient_boosting,0,0.00023733064205156375
14,hist_gradient_boosting,0,0.0002221525589269174
14,hist_gradient_boosting,0,0.0003038896381237274
14,hist_gradient_boosting,0,7.847991738267767e-05
14,hist_gradient_boosting,0,0.002733124645830479
14,hist_gradient_boosting,0,0.0009645042960132522
14,hist_gradient_boosting,0,0.10888954804326233
14,hist_gradient_boosting,0,0.019209901425644545
14,hist_gradient_boosting,0,0.12049353140376604
14,hist_gradient_boosting,0,0.042974540850613197
14,hist_gradient_boosting,0,0.004156288230912987
14,hist_gradient_boosting,0,0.011625399875022343
14,hist_gradient_boosting,0,0.12738330040877813
14,hist_gradient_boosting,0,0.06813422407539943
14,hist_gradient_boosting,0,0.06300902599949434
14,hist_gradient_boosting,0,0.03625256412442993
14,hist_gradient_boosting,0,0.12933900633614603
14,hist_gradient_boosting,0,0.02264739189557547
14,hist_gradient_boosting,0,0.08324598976215103
14,hist_gradient_boosting,0,0.030442886110443757
14,hist_gradient_boosting,0,0.020444350761676427
14,hist_gradient_boosting,0,0.01805711688950475
14,hist_gradient_boosting,0,0.04497356384298943
14,hist_gradient_boosting,0,0.0500327209678554
14,hist_gradient_boosting,0,0.061609923367339094
14,hist_gradient_boosting,0,0.027335768482295922
14,hist_gradient_boosting,0,0.0657378900106842
14,hist_gradient_boosting,0,0.0038827960024203903
14,hist_gradient_boosting,0,0.18336641356500732
14,hist_gradient_boosting,0,0.019610404945454997
14,hist_gradient_boosting,0,0.00541316378339881
14,hist_gradient_boosting,0,0.010873455894831458
14,hist_gradient_boosting,0,0.15883820926878864
14,hist_gradient_boosting,1,0.492215455102062
14,hist_gradient_boosting,0,0.07665501921417188
14,hist_gradient_boosting,0,0.009226454887364803
14,hist_gradient_boosting,0,0.016127798455694276
14,hist_gradient_boosting,0,0.039672569980229715
14,hist_gradient_boosting,0,0.2582953492742272
14,hist_gradient_boosting,0,0.04151215367128159
14,hist_gradient_boosting,0,0.00616565358320933
14,hist_gradient_boosting,0,0.016702601118498892
14,hist_gradient_boosting,0,0.15923017709854656
14,hist_gradient_boosting,1,0.013383738917664582
14,hist_gradient_boosting,0,0.06701221412855227
14,hist_gradient_boosting,0,0.030507201414024934
14,hist_gradient_boosting,0,0.05172014415210567
14,hist_gradient_boosting,0,0.025011102254991546
14,hist_gradient_boosting,0,0.08509709953188113
14,hist_gradient_boosting,0,0.05005846064391881
14,hist_gradient_boosting,0,0.005026496809382103
14,hist_gradient_boosting,0,0.013222533447353323
14,hist_gradient_boosting,1,0.16012660289641636
14,hist_gradient_boosting,0,0.04775651043069671
14,hist_gradient_boosting,0,0.1090309764585879
14,hist_gradient_boosting,0,0.028559390048414273
14,hist_gradient_boosting,0,0.0001035483121200283
14,hist_gradient_boosting,0,0.0001087150389179658
14,hist_gradient_boosting,0,0.00011483104298205104
14,hist_gradient_boosting,0,0.0004916046020899458
14,hist_gradient_boosting,0,0.0004876937890746248
14,hist_gradient_boosting,0,0.00013188249147980707
14,hist_gradient_boosting,0,7.292969243254521e-05
14,hist_gradient_boosting,0,8.719344156075635e-05
14,hist_gradient_boosting,0,0.0008054312284178847
14,hist_gradient_boosting,0,0.001916529659914592
14,hist_gradient_boosting,0,0.00018933954945507382
14,hist_gradient_boosting,0,0.0001222025508275869
14,hist_gradient_boosting,0,0.0007565197203734837
14,hist_gradient_boosting,0,6.33951546594198e-05
14,hist_gradient_boosting,0,6.905917143807568e-05
14,hist_gradient_boosting,0,0.0006739625371262977
14,hist_gradient_boosting,0,0.0002465031401966213
14,hist_gradient_boosting,0,0.00015729378925457462
14,hist_gradient_boosting,0,0.0002963683654073665
14,hist_gradient_boosting,0,0.0005347265260151951
14,hist_gradient_boosting,0,0.020253166564653223
14,hist_gradient_boosting,0,0.036414833640939226
14,hist_gradient_boosting,0,0.7299401592669672
14,hist_gradient_boosting,1,0.10055486130409712
14,hist_gradient_boosting,0,0.005281830501170789
14,hist_gradient_boosting,0,0.019098265560514954
14,hist_gradient_boosting,0,0.11491172081229553
14,hist_gradient_boosting,0,0.05102865398908305
14,hist_gradient_boosting,1,0.07095207932880616
14,hist_gradient_boosting,0,0.04636557758774911
14,hist_gradient_boosting,0,0.03446146669352962
14,hist_gradient_boosting,0,0.02435788886855361
14,hist_gradient_boosting,0,0.056884443782195815
14,hist_gradient_boosting,0,0.06732895407826346
14,hist_gradient_boosting,1,0.03401441797254531
14,hist_gradient_boosting,0,0.12935046352201893
14,hist_gradient_boosting,0,0.06541730968457488
14,hist_gradient_boosting,0,0.05828180134741621
14,hist_gradient_boosting,0,0.055898522535865205
14,hist_gradient_boosting,0,0.015672135521179253
14,hist_gradient_boosting,0,0.11854814873675065
14,hist_gradient_boosting,0,0.03445776967815906
14,hist_gradient_boosting,0,0.07422813147547376
14,hist_gradient_boosting,1,0.11733965795401102
14,hist_gradient_boosting,0,0.00796452143846553
14,hist_gradient_boosting,0,0.008522256473227364
14,hist_gradient_boosting,0,0.048344936158005426
14,hist_gradient_boosting,0,0.09202776196984576
14,hist_gradient_boosting,0,0.23764413697082887
14,hist_gradient_boosting,0,0.008837007700154545
14,hist_gradient_boosting,0,0.02051111620555166
14,hist_gradient_boosting,0,0.01103572256663951
14,hist_gradient_boosting,0,0.16304312044356972
14,hist_gradient_boosting,0,0.0563348330657017
14,hist_gradient_boosting,0,0.0421165226144091
14,hist_gradient_boosting,1,0.0911505834976597
14,hist_gradient_boosting,0,0.07989953629196009
14,hist_gradient_boosting,0,0.0618643172520773
14,hist_gradient_boosting,0,0.02211308306358921
14,hist_gradient_boosting,0,0.02341984993588623
14,hist_gradient_boosting,0,0.03347907061389071
14,hist_gradient_boosting,0,0.021458217435967417
14,hist_gradient_boosting,1,0.23855844981297494
14,hist_gradient_boosting,0,0.052024119973976664
14,hist_gradient_boosting,0,0.01660526537374034
14,hist_gradient_boosting,0,0.06954152632138555
14,hist_gradient_boosting,1,0.047294685517226806
14,hist_gradient_boosting,0,0.03227539090643253
14,hist_gradient_boosting,0,0.05126764498508473
14,hist_gradient_boosting,0,0.036166024051645436
14,hist_gradient_boosting,0,0.0001937361676622056
14,hist_gradient_boosting,0,0.00034598940134033455
14,hist_gradient_boosting,0,6.935570777347427e-05
14,hist_gradient_boosting,0,0.00501330459489964
14,hist_gradient_boosting,0,0.0001154558260702174
14,hist_gradient_boosting,0,9.539800462878749e-05
14,hist_gradient_boosting,0,0.00014277764926279185
14,hist_gradient_boosting,0,3.273091885062739e-05
14,hist_gradient_boosting,0,0.0009449716645645238
14,hist_gradient_boosting,0,5.411146419800691e-05
14,hist_gradient_boosting,0,9.544651636357929e-05
14,hist_gradient_boosting,0,0.0002129027204737203
14,hist_gradient_boosting,0,0.00026168537467528385
14,hist_gradient_boosting,0,8.830164648978283e-05
14,hist_gradient_boosting,0,0.00025993456197526084
14,hist_gradient_boosting,0,0.00018775314630999516
14,hist_gradient_boosting,0,0.00033368544815473296
14,hist_gradient_boosting,0,9.455450934146593e-05
14,hist_gradient_boosting,0,0.0011706560676582826
14,hist_gradient_boosting,0,0.00019250430258362547
14,hist_gradient_boosting,0,0.010767911076876904
14,hist_gradient_boosting,0,0.02084742219879078
14,hist_gradient_boosting,0,0.04664172608939054
14,hist_gradient_boosting,0,0.03482760121779539
14,hist_gradient_boosting,0,0.1855516157889488
14,hist_gradient_boosting,0,0.030668756737981653
14,hist_gradient_boosting,1,0.080344284386479
14,hist_gradient_boosting,0,0.026704110149525288
14,hist_gradient_boosting,1,0.05420734236243864
14,hist_gradient_boosting,0,0.017732874579780823
14,hist_gradient_boosting,0,0.023720897944671054
14,hist_gradient_boosting,0,0.03460594553608157
14,hist_gradient_boosting,0,0.044193705908151686
14,hist_gradient_boosting,0,0.017381770068444827
14,hist_gradient_boosting,0,0.09047615681704825
14,hist_gradient_boosting,0,0.013243649625954146
14,hist_gradient_boosting,0,0.16453625498599767
14,hist_gradient_boosting,1,0.010452437213037503
14,hist_gradient_boosting,0,0.1720929306983198
14,hist_gradient_boosting,0,0.004578090098320511
14,hist_gradient_boosting,0,0.06837544646228133
14,hist_gradient_boosting,0,0.027516488317198155
14,hist_gradient_boosting,0,0.07116896979572379
14,hist_gradient_boosting,0,0.029195359921048724
14,hist_gradient_boosting,1,0.06589363650318791
14,hist_gradient_boosting,0,0.007233482502417131
14,hist_gradient_boosting,0,0.14154896488674693
14,hist_gradient_boosting,0,0.01770989411228392
14,hist_gradient_boosting,0,0.07364780248751693
14,hist_gradient_boosting,0,0.014105104564807278
14,hist_gradient_boosting,0,0.10193589610671507
14,hist_gradient_boosting,0,0.017292342734379993
14,hist_gradient_boosting,0,0.11263264574938012
14,hist_gradient_boosting,0,0.06909013230266976
14,hist_gradient_boosting,0,0.09248366227260685
14,hist_gradient_boosting,0,0.012798071947024483
14,hist_gradient_boosting,0,0.039696133068478474
14,hist_gradient_boosting,0,0.02578429056245493
14,hist_gradient_boosting,0,0.02712721060129228
14,hist_gradient_boosting,0,0.023618836828941975
14,hist_gradient_boosting,0,0.045754441700270126
14,hist_gradient_boosting,0,0.0676602955789643
14,hist_gradient_boosting,0,0.032884362179014234
14,hist_gradient_boosting,0,0.025078828119471333
14,hist_gradient_boosting,0,0.09727704062925537
14,hist_gradient_boosting,0,0.04103440864001745
14,hist_gradient_boosting,0,0.08120870262796305
14,hist_gradient_boosting,0,0.029743310550094694
14,hist_gradient_boosting,0,0.046428829373711976
14,hist_gradient_boosting,0,0.0034095275909341713
14,hist_gradient_boosting,0,9.711887836323226e-05
14,hist_gradient_boosting,0,7.550003438177471e-05
14,hist_gradient_boosting,0,8.16162631337903e-05
14,hist_gradient_boosting,0,0.0032987679779456153
14,hist_gradient_boosting,0,6.661135970554685e-05
14,hist_gradient_boosting,0,0.0008558055547885391
14,hist_gradient_boosting,0,0.0004327041779225174
14,hist_gradient_boosting,0,8.612638640497392e-05
14,hist_gradient_boosting,0,0.00019990806939005146
14,hist_gradient_boosting,0,0.00020830966128037952
14,hist_gradient_boosting,0,0.00012829681445311993
14,hist_gradient_boosting,0,0.00038097784268689006
14,hist_gradient_boosting,0,0.00015505504281081528
14,hist_gradient_boosting,0,0.0001701297162891706
14,hist_gradient_boosting,0,0.0002292536664714947
14,hist_gradient_boosting,0,8.321753559849024e-05
14,hist_gradient_boosting,0,6.951727874295231e-05
14,hist_gradient_boosting,0,0.0002664540216651604
14,hist_gradient_boosting,0,0.0001639462950621181
14,hist_gradient_boosting,0,0.00036975190856306656
14,hist_gradient_boosting,0,0.0670052898819481
14,hist_gradient_boosting,0,0.017878994276844893
14,hist_gradient_boosting,0,0.008043064536595347
14,hist_gradient_boosting,0,0.030687210121112835
14,hist_gradient_boosting,0,0.006810859518325254
14,hist_gradient_boosting,0,0.011093851463939975
14,hist_gradient_boosting,0,0.030799121536400235
14,hist_gradient_boosting,0,0.010532449388836023
14,hist_gradient_boosting,1,0.07264380893291361
14,hist_gradient_boosting,0,0.022081290147437992
14,hist_gradient_boosting,0,0.19562327641633848
14,hist_gradient_boosting,0,0.03593057658851582
14,hist_gradient_boosting,0,0.03183208544927966
14,hist_gradient_boosting,0,0.1122456629046651
14,hist_gradient_boosting,0,0.019302059376520252
14,hist_gradient_boosting,0,0.015257826195676186
14,hist_gradient_boosting,0,0.15636417582423554
14,hist_gradient_boosting,0,0.057315589190785866
14,hist_gradient_boosting,1,0.07676935725284009
14,hist_gradient_boosting,0,0.007875311627743324
14,hist_gradient_boosting,0,0.08137927090382248
14,hist_gradient_boosting,0,0.013588264682853327
14,hist_gradient_boosting,0,0.05642475393284404
14,hist_gradient_boosting,0,0.0418979835775505
14,hist_gradient_boosting,0,0.049216868643851
14,hist_gradient_boosting,1,0.011123835504053652
14,hist_gradient_boosting,0,0.07992692399662177
14,hist_gradient_boosting,0,0.03411994768206209
14,hist_gradient_boosting,0,0.03176990559525711
14,hist_gradient_boosting,0,0.039473610360157944
14,hist_gradient_boosting,0,0.3229589310448678
14,hist_gradient_boosting,0,0.09219502050268392
14,hist_gradient_boosting,0,0.03523135320105291
14,hist_gradient_boosting,0,0.004717116554448793
14,hist_gradient_boosting,0,0.04296195972595107
14,hist_gradient_boosting,1,0.024506038073194382
14,hist_gradient_boosting,0,0.01265067031945902
14,hist_gradient_boosting,0,0.09598758737765362
14,hist_gradient_boosting,0,0.03097489870356357
14,hist_gradient_boosting,0,0.015773945887656692
14,hist_gradient_boosting,0,0.21104438392411834
14,hist_gradient_boosting,0,0.06373922669716911
14,hist_gradient_boosting,1,0.06307475442184295
14,hist_gradient_boosting,0,0.007565981760638025
14,hist_gradient_boosting,0,0.020357999617050836
14,hist_gradient_boosting,0,0.015223821508936825
14,hist_gradient_boosting,0,0.08654941721155555
14,hist_gradient_boosting,0,0.18383747991712057
14,hist_gradient_boosting,0,0.05690736743505333
14,hist_gradient_boosting,0,0.019861344715494084
14,hist_gradient_boosting,0,7.482354307088371e-05
14,hist_gradient_boosting,0,0.00010465942449057636
14,hist_gradient_boosting,0,0.011988592226751763
14,hist_gradient_boosting,0,5.0844588036133895e-05
14,hist_gradient_boosting,0,0.00011281262042849762
14,hist_gradient_boosting,0,0.00030198384189943946
14,hist_gradient_boosting,0,0.00013869407504781426
14,hist_gradient_boosting,0,0.0003514231639674839
14,hist_gradient_boosting,0,0.0021068959869594995
14,hist_gradient_boosting,0,0.00014615340966075643
14,hist_gradient_boosting,0,0.0002794381582589055
14,hist_gradient_boosting,0,0.00016369873677644044
14,hist_gradient_boosting,0,0.0034892746761172053
14,hist_gradient_boosting,0,0.0004293099337450428
14,hist_gradient_boosting,0,0.0005024120930439233
14,hist_gradient_boosting,0,0.00019099644654776608
14,hist_gradient_boosting,0,0.0005292226709036745
14,hist_gradient_boosting,0,9.51031510734677e-05
14,hist_gradient_boosting,0,0.00044216637946336136
14,hist_gradient_boosting,0,0.00028081457091452166
14,hist_gradient_boosting,0,0.16563203438670457
14,hist_gradient_boosting,0,0.00839749983182683
14,hist_gradient_boosting,0,0.0941237273718442
14,hist_gradient_boosting,0,0.01974033909947932
14,hist_gradient_boosting,0,0.046765474960331004
14,hist_gradient_boosting,0,0.028072451835336975
14,hist_gradient_boosting,1,0.027080598805175184
14,hist_gradient_boosting,0,0.02939616795089422
14,hist_gradient_boosting,0,0.052761313518849155
14,hist_gradient_boosting,0,0.011549152461097037
14,hist_gradient_boosting,0,0.07121699637692652
14,hist_gradient_boosting,0,0.0399602270209037
14,hist_gradient_boosting,0,0.1402036335919067
14,hist_gradient_boosting,0,0.013905786129731333
14,hist_gradient_boosting,0,0.015001042109087518
14,hist_gradient_boosting,0,0.008491934017243108
14,hist_gradient_boosting,0,0.06850829284200166
14,hist_gradient_boosting,0,0.143743782795218
14,hist_gradient_boosting,0,0.07731953552105407
14,hist_gradient_boosting,0,0.014790453403646361
14,hist_gradient_boosting,0,0.07011664158818139
14,hist_gradient_boosting,0,0.014327498035586233
14,hist_gradient_boosting,0,0.2592855704174576
14,hist_gradient_boosting,0,0.015291491008273352
14,hist_gradient_boosting,0,0.017683170893910232
14,hist_gradient_boosting,0,0.028121800529212315
14,hist_gradient_boosting,0,0.038952272902781054
14,hist_gradient_boosting,1,0.053299098235048414
14,hist_gradient_boosting,0,0.14783952422935617
14,hist_gradient_boosting,0,0.010850368989793144
14,hist_gradient_boosting,0,0.1048382097114979
14,hist_gradient_boosting,0,0.030736380546619414
14,hist_gradient_boosting,1,0.34247801206208045
14,hist_gradient_boosting,0,0.002712021525176131
14,hist_gradient_boosting,0,0.017342650255327302
14,hist_gradient_boosting,0,0.018471696359792136
14,hist_gradient_boosting,0,0.03463858903458182
14,hist_gradient_boosting,0,0.11241266867274742
14,hist_gradient_boosting,0,0.07595624823465541
14,hist_gradient_boosting,0,0.014570966853003433
14,hist_gradient_boosting,1,0.008045414124612953
14,hist_gradient_boosting,1,0.0894636317896421
14,hist_gradient_boosting,0,0.09603940015147927
14,hist_gradient_boosting,0,0.0023287734540298204
14,hist_gradient_boosting,0,0.04672558840903949
14,hist_gradient_boosting,0,0.01693434930602447
14,hist_gradient_boosting,0,0.032771822538884006
14,hist_gradient_boosting,0,0.17297389167914315
14,hist_gradient_boosting,0,0.09213291010189241
14,hist_gradient_boosting,0,0.07111822401768587
14,hist_gradient_boosting,0,0.00010296910168358603
14,hist_gradient_boosting,0,0.00013128490828370567
14,hist_gradient_boosting,0,0.00012229593114046253
14,hist_gradient_boosting,0,4.350926252676658e-05
14,hist_gradient_boosting,0,9.007283451924883e-05
14,hist_gradient_boosting,0,0.00027154828798122354
14,hist_gradient_boosting,0,0.00030019645967601147
14,hist_gradient_boosting,0,0.00015569740441287528
14,hist_gradient_boosting,0,0.00016421415499675389
14,hist_gradient_boosting,0,0.00022823537659451965
14,hist_gradient_boosting,0,0.00018687588276191804
14,hist_gradient_boosting,0,0.00013705675320309441
14,hist_gradient_boosting,0,0.00012078028490071042
14,hist_gradient_boosting,0,0.006917820213870189
14,hist_gradient_boosting,0,0.0001464693373614272
14,hist_gradient_boosting,0,0.0001862253865552365
14,hist_gradient_boosting,0,0.00018251163115084646
14,hist_gradient_boosting,0,0.00019126469173727674
14,hist_gradient_boosting,0,0.0011344448314319887
14,hist_gradient_boosting,0,0.002398396663610187
14,hist_gradient_boosting,0,0.054755680572707605
14,hist_gradient_boosting,0,0.0405555595646357
14,hist_gradient_boosting,0,0.05722394516094304
14,hist_gradient_boosting,0,0.010330889713721845
14,hist_gradient_boosting,0,0.03308042288408998
14,hist_gradient_boosting,0,0.020621502679645246
14,hist_gradient_boosting,0,0.15478789281377564
14,hist_gradient_boosting,0,0.024793755189775085
14,hist_gradient_boosting,1,0.07147917627493625
14,hist_gradient_boosting,0,0.01722154800103239
14,hist_gradient_boosting,0,0.03331158299015205
14,hist_gradient_boosting,0,0.05344430237865145
14,hist_gradient_boosting,1,0.11813668705918019
14,hist_gradient_boosting,0,0.02442598866319715
14,hist_gradient_boosting,0,0.006235247217676898
14,hist_gradient_boosting,0,0.01426017941319691
14,hist_gradient_boosting,0,0.13494820037961897
14,hist_gradient_boosting,0,0.011247558559899937
14,hist_gradient_boosting,0,0.11394033800208075
14,hist_gradient_boosting,0,0.02601215178631712
14,hist_gradient_boosting,0,0.02320489773533977
14,hist_gradient_boosting,0,0.02672218892971264
14,hist_gradient_boosting,0,0.04828897385707275
14,hist_gradient_boosting,0,0.05799449273565516
14,hist_gradient_boosting,0,0.03367512260009236
14,hist_gradient_boosting,0,0.03424688841393026
14,hist_gradient_boosting,0,0.06176504695048495
14,hist_gradient_boosting,0,0.0562678866669697
14,hist_gradient_boosting,1,0.04991175593779653
14,hist_gradient_boosting,0,0.014199995852724847
14,hist_gradient_boosting,0,0.07223790256677153
14,hist_gradient_boosting,0,0.019768404015647063
14,hist_gradient_boosting,0,0.15396152738028313
14,hist_gradient_boosting,0,0.11155412845201665
14,hist_gradient_boosting,0,0.031665771509085304
14,hist_gradient_boosting,0,0.03544657411570333
14,hist_gradient_boosting,0,0.03553493748076517
14,hist_gradient_boosting,0,0.035045781554963566
14,hist_gradient_boosting,0,0.018274316349637804
14,hist_gradient_boosting,0,0.05150007892450152
14,hist_gradient_boosting,0,0.049890516999248395
14,hist_gradient_boosting,0,0.03296868429551314
14,hist_gradient_boosting,0,0.33900294337874226
14,hist_gradient_boosting,0,0.07574720819919012
14,hist_gradient_boosting,0,0.02565759378304711
14,hist_gradient_boosting,0,0.011839844030778372
14,hist_gradient_boosting,0,0.05989780678574755
14,hist_gradient_boosting,0,0.05785791697254925
14,hist_gradient_boosting,0,0.20060194608321355
14,hist_gradient_boosting,0,0.04959189979306528
14,hist_gradient_boosting,0,0.00018102831866349776
14,hist_gradient_boosting,0,0.0005500153007263078
14,hist_gradient_boosting,0,0.0008715803633572271
14,hist_gradient_boosting,0,7.276289359857478e-05
14,hist_gradient_boosting,0,0.00032907075970422443
14,hist_gradient_boosting,0,0.0001393498052399422
14,hist_gradient_boosting,0,0.0004143173379501862
14,hist_gradient_boosting,0,0.00017962569355658785
14,hist_gradient_boosting,0,0.00014570088097321787
14,hist_gradient_boosting,0,8.193219540398703e-05
14,hist_gradient_boosting,0,0.00037083385532159734
14,hist_gradient_boosting,0,0.00021753407317359467
14,hist_gradient_boosting,0,0.0012995142102910754
14,hist_gradient_boosting,0,0.00029119890094682577
14,hist_gradient_boosting,0,0.0002195426043336607
14,hist_gradient_boosting,0,0.00013694903467080763
14,hist_gradient_boosting,0,0.00011553701330070089
14,hist_gradient_boosting,0,8.161227508703864e-05
14,hist_gradient_boosting,0,0.05464288913669852
14,hist_gradient_boosting,0,0.00015728405662414138
14,hist_gradient_boosting,0,0.06140034480093465
14,hist_gradient_boosting,0,0.014727633182966762
14,hist_gradient_boosting,0,0.023009330971614277
14,hist_gradient_boosting,0,0.00881312944650776
14,hist_gradient_boosting,0,0.005413231206075949
14,hist_gradient_boosting,0,0.01210549733226509
14,hist_gradient_boosting,0,0.007898447106932842
14,hist_gradient_boosting,0,0.017929681939493007
14,hist_gradient_boosting,0,0.06478156736538605
14,hist_gradient_boosting,0,0.00323637672004994
14,hist_gradient_boosting,0,0.09707874255830891
14,hist_gradient_boosting,0,0.020070860021287343
14,hist_gradient_boosting,1,0.15402290253442205
14,hist_gradient_boosting,0,0.02698696657118025
14,hist_gradient_boosting,0,0.019655605449315022
14,hist_gradient_boosting,1,0.012475878085709246
14,hist_gradient_boosting,0,0.46092290524601165
14,hist_gradient_boosting,1,0.05824718064248598
14,hist_gradient_boosting,0,0.06714836701695294
14,hist_gradient_boosting,0,0.08213230760958759
14,hist_gradient_boosting,0,0.05218455455188769
14,hist_gradient_boosting,0,0.021736269721513497
14,hist_gradient_boosting,0,0.011766192593435353
14,hist_gradient_boosting,0,0.11742129203734802
14,hist_gradient_boosting,0,0.013071545891233546
14,hist_gradient_boosting,0,0.007007988626607304
14,hist_gradient_boosting,1,0.024797784246331056
14,hist_gradient_boosting,0,0.16800668397606697
14,hist_gradient_boosting,1,0.12074000979305277
14,hist_gradient_boosting,0,0.103803724754345
14,hist_gradient_boosting,0,0.054213622787362824
14,hist_gradient_boosting,0,0.02760346885167262
14,hist_gradient_boosting,1,0.17767883528763834
14,hist_gradient_boosting,0,0.024052794359934383
14,hist_gradient_boosting,0,0.05098962080051008
14,hist_gradient_boosting,0,0.012315931729395966
14,hist_gradient_boosting,0,0.05501452584395379
14,hist_gradient_boosting,0,0.06518028872222757
14,hist_gradient_boosting,0,0.1150435125570833
14,hist_gradient_boosting,0,0.04890925352909221
14,hist_gradient_boosting,0,0.03879640902900734
14,hist_gradient_boosting,0,0.051896952148313566
14,hist_gradient_boosting,0,0.034447493073173324
14,hist_gradient_boosting,0,0.09283857792897693
14,hist_gradient_boosting,0,0.012073241558389874
14,hist_gradient_boosting,0,0.006568660693415388
14,hist_gradient_boosting,0,0.05408757904316279
14,hist_gradient_boosting,0,0.03091687088266149
14,hist_gradient_boosting,0,0.1626982968748592
14,hist_gradient_boosting,0,0.03694149577484368
14,hist_gradient_boosting,0,6.367704343236629e-05
14,hist_gradient_boosting,0,0.0005748038640690064
14,hist_gradient_boosting,0,0.000340095666601609
14,hist_gradient_boosting,0,0.00017863099089495202
14,hist_gradient_boosting,0,0.00030237919803901203
14,hist_gradient_boosting,0,7.188493534797765e-05
14,hist_gradient_boosting,0,0.00017086042061513463
14,hist_gradient_boosting,0,0.0004838806962440302
14,hist_gradient_boosting,0,0.00023047548944382025
14,hist_gradient_boosting,0,0.00014713849513627966
14,hist_gradient_boosting,0,0.00016560061059816994
14,hist_gradient_boosting,0,0.0008368278224661384
14,hist_gradient_boosting,0,0.0001847527770083406
14,hist_gradient_boosting,0,0.0002309679846060721
14,hist_gradient_boosting,0,0.00019730319983130468
14,hist_gradient_boosting,0,0.002593880813168056
14,hist_gradient_boosting,0,9.688666142072936e-05
14,hist_gradient_boosting,0,0.0005091302994278917
14,hist_gradient_boosting,0,0.002566830907259394
14,hist_gradient_boosting,0,0.011401933720608036
14,hist_gradient_boosting,0,0.015332393020649369
14,hist_gradient_boosting,0,0.027201297736373566
14,hist_gradient_boosting,0,0.02793967336845281
14,hist_gradient_boosting,0,0.04502192741572142
14,hist_gradient_boosting,0,0.036572749042318865
14,hist_gradient_boosting,0,0.009903097085546686
14,hist_gradient_boosting,0,0.014287778935688712
14,hist_gradient_boosting,0,0.06238836725626123
14,hist_gradient_boosting,0,0.1324981183043943
14,hist_gradient_boosting,0,0.00930992442819564
14,hist_gradient_boosting,1,0.47832388603387904
14,hist_gradient_boosting,0,0.01342414285711865
14,hist_gradient_boosting,0,0.09826593703361047
14,hist_gradient_boosting,0,0.07570890594506416
14,hist_gradient_boosting,0,0.0662054742543987
14,hist_gradient_boosting,0,0.021196916041260904
14,hist_gradient_boosting,0,0.35763117380534926
14,hist_gradient_boosting,1,0.04295772573355223
14,hist_gradient_boosting,0,0.11203729526713896
14,hist_gradient_boosting,0,0.38557469392920357
14,hist_gradient_boosting,0,0.017831079592413368
14,hist_gradient_boosting,0,0.0695157020764906
14,hist_gradient_boosting,0,0.17094349291142266
14,hist_gradient_boosting,0,0.042093367291145344
14,hist_gradient_boosting,0,0.018298520532190637
14,hist_gradient_boosting,0,0.20167245987515187
14,hist_gradient_boosting,0,0.03879577904042947
14,hist_gradient_boosting,0,0.09588941701006343
14,hist_gradient_boosting,0,0.0613305611867682
14,hist_gradient_boosting,0,0.03742853111850587
14,hist_gradient_boosting,0,0.19252206902573962
14,hist_gradient_boosting,0,0.22150272808772284
14,hist_gradient_boosting,0,0.0283493650118108
14,hist_gradient_boosting,0,0.08952957841294239
14,hist_gradient_boosting,0,0.023625304543680614
14,hist_gradient_boosting,0,0.030533509028173183
14,hist_gradient_boosting,0,0.04717581785074426
14,hist_gradient_boosting,0,0.13924269355202348
14,hist_gradient_boosting,0,0.11567161924071877
14,hist_gradient_boosting,0,0.03165461607698474
14,hist_gradient_boosting,0,0.06315004524735895
14,hist_gradient_boosting,0,0.02467585318133987
14,hist_gradient_boosting,0,0.05302667709167271
14,hist_gradient_boosting,0,0.14566903192870176
14,hist_gradient_boosting,0,0.07109339841136177
14,hist_gradient_boosting,0,0.019124816777843487
14,hist_gradient_boosting,1,0.10212132258161935
14,hist_gradient_boosting,0,0.025952595962579744
14,hist_gradient_boosting,0,0.08284260910146564
14,hist_gradient_boosting,0,0.03540779083614781
14,hist_gradient_boosting,0,8.42889540888411e-05
14,hist_gradient_boosting,0,8.62470796080792e-05
14,hist_gradient_boosting,0,0.00028794010700510246
14,hist_gradient_boosting,0,0.00024238200758062737
14,hist_gradient_boosting,0,0.00012685426963381257
14,hist_gradient_boosting,0,0.0001614871476672816
14,hist_gradient_boosting,0,0.0011095291292795315
14,hist_gradient_boosting,0,8.888751635716805e-05
14,hist_gradient_boosting,0,0.00012786631218700883
14,hist_gradient_boosting,0,0.00020634904086661555
14,hist_gradient_boosting,0,0.00012423854217004983
14,hist_gradient_boosting,0,0.00021073831462259187
14,hist_gradient_boosting,0,6.991256119271805e-05
14,hist_gradient_boosting,0,0.0004261697450744661
14,hist_gradient_boosting,0,0.00025014340028787797
14,hist_gradient_boosting,0,0.00020046346899178538
14,hist_gradient_boosting,0,0.0001243056996810781
14,hist_gradient_boosting,0,0.00010066371040880624
14,hist_gradient_boosting,0,0.0003009671009530211
14,hist_gradient_boosting,0,0.0002411554651305007
14,hist_gradient_boosting,0,0.05904899946805018
14,hist_gradient_boosting,0,0.038247643123129574
14,hist_gradient_boosting,0,0.07785340270004189
14,hist_gradient_boosting,0,0.05787943785286405
14,hist_gradient_boosting,0,0.02692919479056459
14,hist_gradient_boosting,0,0.023135561439812
14,hist_gradient_boosting,1,0.012696634696203704
14,hist_gradient_boosting,0,0.0076627877119178015
14,hist_gradient_boosting,0,0.1484589127679821
14,hist_gradient_boosting,0,0.033592033405201255
14,hist_gradient_boosting,0,0.04257946641242721
14,hist_gradient_boosting,0,0.014064410024015327
14,hist_gradient_boosting,0,0.10146863332128812
14,hist_gradient_boosting,0,0.03708960368771725
14,hist_gradient_boosting,0,0.056507633675779795
14,hist_gradient_boosting,0,0.05984077622504323
14,hist_gradient_boosting,0,0.09350922685068683
14,hist_gradient_boosting,0,0.03436391203404473
14,hist_gradient_boosting,0,0.09225321913808543
14,hist_gradient_boosting,0,0.08999598239423488
14,hist_gradient_boosting,0,0.06080870729636318
14,hist_gradient_boosting,0,0.04455954067653887
14,hist_gradient_boosting,0,0.056788783330838435
14,hist_gradient_boosting,0,0.08249189037651879
14,hist_gradient_boosting,0,0.02206060991337771
14,hist_gradient_boosting,0,0.033241675754994045
14,hist_gradient_boosting,0,0.259912298880111
14,hist_gradient_boosting,0,0.0409787304275584
14,hist_gradient_boosting,1,0.069265294701485
14,hist_gradient_boosting,0,0.028124616760173814
14,hist_gradient_boosting,0,0.12287956670566798
14,hist_gradient_boosting,0,0.021863940834186975
14,hist_gradient_boosting,0,0.010635129611428082
14,hist_gradient_boosting,1,0.011876201713952227
14,hist_gradient_boosting,0,0.0054788070794864275
14,hist_gradient_boosting,0,0.014565116453505089
14,hist_gradient_boosting,0,0.05266090820276498
14,hist_gradient_boosting,0,0.02773120790495988
14,hist_gradient_boosting,0,0.05269232084620831
14,hist_gradient_boosting,0,0.021732535539045802
14,hist_gradient_boosting,0,0.10584183421058922
14,hist_gradient_boosting,0,0.025345473969791255
14,hist_gradient_boosting,0,0.1293946428053025
14,hist_gradient_boosting,0,0.017644871839086782
14,hist_gradient_boosting,0,0.05265146715709538
14,hist_gradient_boosting,0,0.02551993197740292
14,hist_gradient_boosting,0,0.1299462240326822
14,hist_gradient_boosting,0,0.0557721495496077
14,hist_gradient_boosting,1,0.17496500429014275
14,hist_gradient_boosting,0,0.04647391653649512
14,hist_gradient_boosting,0,0.00012861267098497676
14,hist_gradient_boosting,0,9.964612895204746e-05
14,hist_gradient_boosting,0,0.00013905209796978926
14,hist_gradient_boosting,0,3.0939783352003296e-05
14,hist_gradient_boosting,0,0.0001899654927053035
14,hist_gradient_boosting,0,0.00011876817870420469
14,hist_gradient_boosting,0,0.0002666920697313529
14,hist_gradient_boosting,0,0.00010857207219525077
14,hist_gradient_boosting,0,0.00015179048015490784
14,hist_gradient_boosting,0,0.0006309054369994916
14,hist_gradient_boosting,0,0.00016421871296564338
14,hist_gradient_boosting,0,0.00018951632800388036
14,hist_gradient_boosting,0,0.0013829026490370484
14,hist_gradient_boosting,0,0.0009262634085113531
14,hist_gradient_boosting,0,0.00030797011381746925
14,hist_gradient_boosting,0,0.00029919461293842915
14,hist_gradient_boosting,0,0.0001891322545568545
14,hist_gradient_boosting,0,6.816530036009392e-05
14,hist_gradient_boosting,0,0.00014893482005571383
14,hist_gradient_boosting,0,0.03557173077644131
14,hist_gradient_boosting,0,0.07888886157361782
14,hist_gradient_boosting,0,0.0134210078506611
14,hist_gradient_boosting,0,0.10452915186986483
14,hist_gradient_boosting,0,0.03804030395499909
14,hist_gradient_boosting,0,0.04900360215399031
14,hist_gradient_boosting,0,0.05502581908110348
14,hist_gradient_boosting,0,0.04294115726431114
14,hist_gradient_boosting,0,0.03340050682395512
14,hist_gradient_boosting,0,0.1482513689953694
14,hist_gradient_boosting,0,0.014484412954667765
14,hist_gradient_boosting,0,0.03413148020595691
14,hist_gradient_boosting,0,0.022207113055808855
14,hist_gradient_boosting,0,0.09510272257814337
14,hist_gradient_boosting,0,0.16500065983421022
14,hist_gradient_boosting,0,0.07335755359506572
14,hist_gradient_boosting,0,0.00976655128787955
14,hist_gradient_boosting,1,0.07853886568574489
14,hist_gradient_boosting,0,0.025411439707976897
14,hist_gradient_boosting,0,0.07521728765563933
14,hist_gradient_boosting,0,0.03499527410785431
14,hist_gradient_boosting,0,0.11905174810588393
14,hist_gradient_boosting,0,0.16766454687216126
14,hist_gradient_boosting,0,0.023147373407616953
14,hist_gradient_boosting,1,0.10609778431426874
14,hist_gradient_boosting,0,0.0811284465706326
14,hist_gradient_boosting,0,0.023315594262783273
14,hist_gradient_boosting,0,0.10319066515721781
14,hist_gradient_boosting,0,0.020081188070958128
14,hist_gradient_boosting,1,0.051652417759339944
14,hist_gradient_boosting,0,0.00920592565549015
14,hist_gradient_boosting,0,0.13700098393946758
14,hist_gradient_boosting,0,0.03327239329741347
14,hist_gradient_boosting,0,0.02023262456694076
14,hist_gradient_boosting,0,0.3769274753799303
14,hist_gradient_boosting,0,0.027934741705564106
14,hist_gradient_boosting,0,0.015583693046289584
14,hist_gradient_boosting,0,0.2624394721934316
14,hist_gradient_boosting,0,0.047356972985263236
14,hist_gradient_boosting,0,0.10305429453845255
14,hist_gradient_boosting,0,0.006772295194126623
14,hist_gradient_boosting,0,0.01132849808764009
14,hist_gradient_boosting,0,0.041092522095015085
14,hist_gradient_boosting,0,0.0417469020272733
14,hist_gradient_boosting,0,0.10079488082070022
14,hist_gradient_boosting,0,0.04575785216077707
14,hist_gradient_boosting,0,0.013089176403956125
14,hist_gradient_boosting,0,0.1634751381090605
14,hist_gradient_boosting,0,0.054123899857698596
14,hist_gradient_boosting,0,0.03385872524752336
14,hist_gradient_boosting,0,0.03858191223284424
14,hist_gradient_boosting,0,0.00013560101583975497
14,hist_gradient_boosting,0,0.00010286650796576328
14,hist_gradient_boosting,0,0.00011653678488427278
14,hist_gradient_boosting,0,0.0017666130748811304
14,hist_gradient_boosting,0,9.306887866052425e-05
14,hist_gradient_boosting,0,0.00028723592108727985
14,hist_gradient_boosting,0,0.00043381920972698854
14,hist_gradient_boosting,0,0.00014381015441217477
14,hist_gradient_boosting,0,0.008724120323478492
14,hist_gradient_boosting,0,0.005294962250708534
14,hist_gradient_boosting,0,0.00015357681415811391
14,hist_gradient_boosting,0,0.0001722223131236681
14,hist_gradient_boosting,0,0.002185810683604023
14,hist_gradient_boosting,0,0.074359287931216
14,hist_gradient_boosting,0,9.374886761437063e-05
14,hist_gradient_boosting,0,0.00010185674904822566
14,hist_gradient_boosting,0,0.0001659620051560461
14,hist_gradient_boosting,0,0.0003321749311278904
14,hist_gradient_boosting,0,0.00023864912262158914
14,hist_gradient_boosting,0,0.00893110650400092
14,hist_gradient_boosting,0,0.10513815101386635
14,hist_gradient_boosting,0,0.07900906740411648
14,hist_gradient_boosting,0,0.06027368349675643
14,hist_gradient_boosting,0,0.03053943302848693
14,hist_gradient_boosting,0,0.023975716615221777
14,hist_gradient_boosting,0,0.031227676936784552
14,hist_gradient_boosting,0,0.015429589766308259
14,hist_gradient_boosting,0,0.04282455336951388
14,hist_gradient_boosting,0,0.17923051394256542
14,hist_gradient_boosting,0,0.07832966180794365
14,hist_gradient_boosting,0,0.067292826426985
14,hist_gradient_boosting,0,0.020088150072302805
14,hist_gradient_boosting,0,0.03292248898947874
14,hist_gradient_boosting,0,0.042648069084249215
14,hist_gradient_boosting,0,0.03279145564935388
14,hist_gradient_boosting,0,0.02895585955041839
14,hist_gradient_boosting,0,0.4309019041810188
14,hist_gradient_boosting,0,0.07068125576979224
14,hist_gradient_boosting,0,0.11235050940563515
14,hist_gradient_boosting,0,0.011336574891377368
14,hist_gradient_boosting,0,0.02832024594404346
14,hist_gradient_boosting,0,0.08426422798129411
14,hist_gradient_boosting,1,0.0673529014922933
14,hist_gradient_boosting,0,0.01813306264814887
14,hist_gradient_boosting,0,0.05916429339182274
14,hist_gradient_boosting,0,0.017366948558370815
14,hist_gradient_boosting,0,0.067962879192438
14,hist_gradient_boosting,0,0.07211867539074916
14,hist_gradient_boosting,0,0.11361690523165317
14,hist_gradient_boosting,0,0.03315747765136841
14,hist_gradient_boosting,0,0.035919402467607414
14,hist_gradient_boosting,0,0.0486270818834512
14,hist_gradient_boosting,0,0.07745258520360065
14,hist_gradient_boosting,0,0.02852063138564484
14,hist_gradient_boosting,0,0.01679421517220567
14,hist_gradient_boosting,1,0.03223363145016963
14,hist_gradient_boosting,0,0.046597197274540765
14,hist_gradient_boosting,0,0.030874554200668355
14,hist_gradient_boosting,0,0.12286782838472435
14,hist_gradient_boosting,0,0.025883133817269692
14,hist_gradient_boosting,0,0.04038103692778683
14,hist_gradient_boosting,0,0.014382082637564034
14,hist_gradient_boosting,1,0.054601225521885004
14,hist_gradient_boosting,0,0.025600698212800244
14,hist_gradient_boosting,0,0.024183903329277816
14,hist_gradient_boosting,0,0.016706541064533717
14,hist_gradient_boosting,0,0.2147867654020086
14,hist_gradient_boosting,0,0.03525089576922024
14,hist_gradient_boosting,0,0.10937256382212146
14,hist_gradient_boosting,0,0.03676232497747306
14,hist_gradient_boosting,0,0.0001259153814702108
14,hist_gradient_boosting,0,0.00015903751349230887
14,hist_gradient_boosting,0,0.0009455133109348954
14,hist_gradient_boosting,0,9.965212952530914e-05
14,hist_gradient_boosting,0,0.00015958505055219834
14,hist_gradient_boosting,0,0.00019974647761632864
14,hist_gradient_boosting,0,0.0004104385945683171
14,hist_gradient_boosting,0,0.0002525690510256938
14,hist_gradient_boosting,0,0.0010910298281765452
14,hist_gradient_boosting,0,0.00013131682218162928
14,hist_gradient_boosting,0,0.0002081320462173084
14,hist_gradient_boosting,0,0.00012538100663703612
14,hist_gradient_boosting,0,0.0014099175639323818
14,hist_gradient_boosting,0,0.0002211809069033075
14,hist_gradient_boosting,0,0.0009905686024082802
14,hist_gradient_boosting,0,0.00011443909590036284
14,hist_gradient_boosting,0,8.990496449243194e-05
14,hist_gradient_boosting,0,7.94136130509479e-05
14,hist_gradient_boosting,0,0.0014068309224325708
14,hist_gradient_boosting,0,0.00017995185794606713
14,hist_gradient_boosting,0,0.0793080740846605
14,hist_gradient_boosting,0,0.011455211329949139
14,hist_gradient_boosting,0,0.07844142095786663
14,hist_gradient_boosting,0,0.09655191641213048
14,hist_gradient_boosting,0,0.02012964826365354
14,hist_gradient_boosting,0,0.021204135608724573
14,hist_gradient_boosting,0,0.10672147757603334
14,hist_gradient_boosting,1,0.03463531515555577
14,hist_gradient_boosting,0,0.15067429657208803
14,hist_gradient_boosting,0,0.013185202682379217
14,hist_gradient_boosting,0,0.051285499524723305
14,hist_gradient_boosting,1,0.015107135946934757
14,hist_gradient_boosting,1,0.07479616019457358
14,hist_gradient_boosting,0,0.053190293852752785
14,hist_gradient_boosting,0,0.12741686987297562
14,hist_gradient_boosting,0,0.1691860072802417
14,hist_gradient_boosting,1,0.12902315785736693
14,hist_gradient_boosting,0,0.051519392747622926
14,hist_gradient_boosting,0,0.029964954906020816
14,hist_gradient_boosting,0,0.01703798688522624
14,hist_gradient_boosting,0,0.01720002571219412
14,hist_gradient_boosting,0,0.007805412967620301
14,hist_gradient_boosting,0,0.03169638378806975
14,hist_gradient_boosting,0,0.12331790551639879
14,hist_gradient_boosting,0,0.015085256177933472
14,hist_gradient_boosting,1,0.02564165464537169
14,hist_gradient_boosting,0,0.05367144891786158
14,hist_gradient_boosting,0,0.09767596951748432
14,hist_gradient_boosting,0,0.0033625064095518936
14,hist_gradient_boosting,0,0.05099359856760377
14,hist_gradient_boosting,0,0.10318674720746954
14,hist_gradient_boosting,1,0.036185063447633656
14,hist_gradient_boosting,0,0.3824753573767921
14,hist_gradient_boosting,0,0.060317645472409386
14,hist_gradient_boosting,0,0.05985794299542816
14,hist_gradient_boosting,0,0.006950272609508951
14,hist_gradient_boosting,0,0.2365778963878321
14,hist_gradient_boosting,1,0.1585352705973317
14,hist_gradient_boosting,0,0.12273488070731713
14,hist_gradient_boosting,0,0.01833751047833645
14,hist_gradient_boosting,0,0.01829485141695053
14,hist_gradient_boosting,0,0.022429379220059484
14,hist_gradient_boosting,0,0.04894805571294168
14,hist_gradient_boosting,0,0.11117220035090068
14,hist_gradient_boosting,0,0.04014813424404143
14,hist_gradient_boosting,0,0.021573220832664466
14,hist_gradient_boosting,0,0.04514354474201814
14,hist_gradient_boosting,0,0.1069265268503993
14,hist_gradient_boosting,0,0.17115996718997495
14,hist_gradient_boosting,0,0.13520891902500454
14,hist_gradient_boosting,0,4.806649640377876e-05
14,hist_gradient_boosting,0,0.00027927334562482295
14,hist_gradient_boosting,0,0.0014345142123330925
14,hist_gradient_boosting,0,0.0002832987084442262
14,hist_gradient_boosting,0,0.0002314817490644606
14,hist_gradient_boosting,0,0.0001807336695689474
14,hist_gradient_boosting,0,0.00025262701399689745
14,hist_gradient_boosting,0,8.185078352643451e-05
14,hist_gradient_boosting,0,0.07725699374706287
14,hist_gradient_boosting,0,0.00029434503209398296
14,hist_gradient_boosting,0,0.00044911421919675165
14,hist_gradient_boosting,0,0.00045213317602322363
14,hist_gradient_boosting,0,0.0005708931509876666
14,hist_gradient_boosting,0,0.0003834605013331776
14,hist_gradient_boosting,0,0.00017143721355321006
14,hist_gradient_boosting,0,0.000347024607106224
14,hist_gradient_boosting,0,0.0005641068895604557
14,hist_gradient_boosting,0,0.00011274787507900405
14,hist_gradient_boosting,0,0.0041904043580068
14,hist_gradient_boosting,0,0.005990647432492693
14,hist_gradient_boosting,0,0.02869098241629645
14,hist_gradient_boosting,0,0.07708718921645491
14,hist_gradient_boosting,0,0.048578918835269484
14,hist_gradient_boosting,0,0.21531605376160423
14,hist_gradient_boosting,0,0.01404823330283255
14,hist_gradient_boosting,0,0.061007570877829924
14,hist_gradient_boosting,0,0.24455887124381828
14,hist_gradient_boosting,0,0.02359022605986726
14,hist_gradient_boosting,0,0.11813571125023926
14,hist_gradient_boosting,0,0.03351826906256123
14,hist_gradient_boosting,0,0.08435221066765211
14,hist_gradient_boosting,0,0.019148776695320318
14,hist_gradient_boosting,1,0.06488969174384766
14,hist_gradient_boosting,0,0.15295767535101942
14,hist_gradient_boosting,0,0.03384129742448381
14,hist_gradient_boosting,0,0.04498125254552559
14,hist_gradient_boosting,0,0.18063902412884503
14,hist_gradient_boosting,0,0.04475606817863865
14,hist_gradient_boosting,0,0.28313568596328303
14,hist_gradient_boosting,0,0.022867558053876223
14,hist_gradient_boosting,0,0.012702360139672717
14,hist_gradient_boosting,0,0.041013482221285015
14,hist_gradient_boosting,1,0.5262011572186375
14,hist_gradient_boosting,0,0.04968936003184796
14,hist_gradient_boosting,0,0.2293475429672896
14,hist_gradient_boosting,0,0.03865624594591078
14,hist_gradient_boosting,0,0.1621464490489414
14,hist_gradient_boosting,0,0.05332533149933771
14,hist_gradient_boosting,0,0.012367867673380774
14,hist_gradient_boosting,0,0.026502475942200655
14,hist_gradient_boosting,0,0.027123708254820883
14,hist_gradient_boosting,0,0.0343300536194384
14,hist_gradient_boosting,0,0.37667326688904645
14,hist_gradient_boosting,0,0.1622076199695095
14,hist_gradient_boosting,0,0.060390173806986705
14,hist_gradient_boosting,0,0.007017096489609241
14,hist_gradient_boosting,0,0.21338196855163616
14,hist_gradient_boosting,0,0.0881661005964405
14,hist_gradient_boosting,0,0.07036268210022623
14,hist_gradient_boosting,1,0.007315367389657788
14,hist_gradient_boosting,0,0.0442155465944313
14,hist_gradient_boosting,0,0.07026939786018956
14,hist_gradient_boosting,0,0.10758985192345132
14,hist_gradient_boosting,1,0.00916161834560439
14,hist_gradient_boosting,0,0.23290755255397463
14,hist_gradient_boosting,0,0.025483482421205884
14,hist_gradient_boosting,0,0.1393933679350043
14,hist_gradient_boosting,0,0.3732351106362414
14,hist_gradient_boosting,0,0.15566988246149252
14,hist_gradient_boosting,0,0.14825197808185575
14,hist_gradient_boosting,0,0.00012055836624784825
14,hist_gradient_boosting,0,0.00019377735302204027
14,hist_gradient_boosting,0,0.00011804743222345064
14,hist_gradient_boosting,0,0.0001417384506280127
14,hist_gradient_boosting,0,7.911029959539173e-05
14,hist_gradient_boosting,0,0.00016345033482598304
14,hist_gradient_boosting,0,0.0001979658782800201
14,hist_gradient_boosting,0,0.0001863614928477424
14,hist_gradient_boosting,0,0.0018865001259942783
14,hist_gradient_boosting,0,0.01100851924644202
14,hist_gradient_boosting,0,0.00013881431752243013
14,hist_gradient_boosting,0,0.00033007177321285906
14,hist_gradient_boosting,0,0.00038183235309421394
14,hist_gradient_boosting,0,0.025833410638794206
14,hist_gradient_boosting,0,0.00026785838539772187
14,hist_gradient_boosting,0,0.0004372206662958311
14,hist_gradient_boosting,0,0.000412655270068111
14,hist_gradient_boosting,0,0.0001781907332825827
14,hist_gradient_boosting,0,0.007580729580504587
14,hist_gradient_boosting,0,0.0002700422904130174
14,hist_gradient_boosting,0,0.02684385564443832
14,hist_gradient_boosting,0,0.010587447402112074
14,hist_gradient_boosting,1,0.13739364480722685
14,hist_gradient_boosting,0,0.14430540758930333
14,hist_gradient_boosting,0,0.13298375375727273
14,hist_gradient_boosting,0,0.012036311284535393
14,hist_gradient_boosting,0,0.23903045131110212
14,hist_gradient_boosting,0,0.04478306739321564
14,hist_gradient_boosting,0,0.051220445276434726
14,hist_gradient_boosting,0,0.007338369427476849
14,hist_gradient_boosting,1,0.0057114486790395295
14,hist_gradient_boosting,0,0.04229540001969062
14,hist_gradient_boosting,0,0.042612420200972896
14,hist_gradient_boosting,0,0.06844184940995467
14,hist_gradient_boosting,0,0.15862055089774754
14,hist_gradient_boosting,0,0.009673615938965614
14,hist_gradient_boosting,1,0.06409052719983109
14,hist_gradient_boosting,0,0.019442844269823182
14,hist_gradient_boosting,0,0.009231923031333942
14,hist_gradient_boosting,0,0.08169211834997639
14,hist_gradient_boosting,0,0.042037992854775955
14,hist_gradient_boosting,0,0.025665792887533772
14,hist_gradient_boosting,0,0.0640554790234025
14,hist_gradient_boosting,1,0.040697512217640834
14,hist_gradient_boosting,0,0.08658597653381703
14,hist_gradient_boosting,0,0.05332273949783116
14,hist_gradient_boosting,0,0.10078587995367672
14,hist_gradient_boosting,0,0.047297895351596016
14,hist_gradient_boosting,0,0.05402979572226043
14,hist_gradient_boosting,0,0.019130323534850207
14,hist_gradient_boosting,0,0.03591585139637716
14,hist_gradient_boosting,0,0.019909361010236375
14,hist_gradient_boosting,1,0.06852489428420981
14,hist_gradient_boosting,0,0.16158981930511415
14,hist_gradient_boosting,0,0.08294626844030997
14,hist_gradient_boosting,0,0.01679109835291898
14,hist_gradient_boosting,1,0.03723461577050635
14,hist_gradient_boosting,0,0.0465795250348562
14,hist_gradient_boosting,0,0.07696766173417086
14,hist_gradient_boosting,0,0.03376534518534597
14,hist_gradient_boosting,0,0.029506706858369553
14,hist_gradient_boosting,0,0.08639475877333506
14,hist_gradient_boosting,0,0.006921538343829241
14,hist_gradient_boosting,0,0.15874856580087723
14,hist_gradient_boosting,0,0.11333480927225423
14,hist_gradient_boosting,0,0.0029315338098107415
14,hist_gradient_boosting,0,0.36925288653013744
14,hist_gradient_boosting,1,0.014956731218895668
14,hist_gradient_boosting,1,0.0805959555139419
14,hist_gradient_boosting,0,0.008343007519471845
14,hist_gradient_boosting,0,0.00010644507241775308
14,hist_gradient_boosting,0,0.00015763681145966312
14,hist_gradient_boosting,0,0.0013320314093257528
14,hist_gradient_boosting,0,0.0021077973445240276
14,hist_gradient_boosting,0,8.942158860045334e-05
14,hist_gradient_boosting,0,0.00023643704759305023
14,hist_gradient_boosting,0,0.00046057563249842377
14,hist_gradient_boosting,0,0.00032774105066129617
14,hist_gradient_boosting,0,0.004613423631153914
14,hist_gradient_boosting,0,0.0004563471065662853
14,hist_gradient_boosting,0,0.0001947739731766978
14,hist_gradient_boosting,0,0.00021947529778784436
14,hist_gradient_boosting,0,0.0013481712343928964
14,hist_gradient_boosting,0,0.0017126650436719677
14,hist_gradient_boosting,0,9.737999208053703e-05
14,hist_gradient_boosting,0,7.971929020301125e-05
14,hist_gradient_boosting,0,6.372235788110646e-05
14,hist_gradient_boosting,0,0.00010869357874978637
14,hist_gradient_boosting,0,0.00038390381893045687
14,hist_gradient_boosting,0,0.000521020927526941
14,hist_gradient_boosting,0,0.13283522752053523
14,hist_gradient_boosting,0,0.025082283656399904
14,hist_gradient_boosting,0,0.21285381840782025
14,hist_gradient_boosting,0,0.08752752168738698
14,hist_gradient_boosting,0,0.033288976231059614
14,hist_gradient_boosting,0,0.00984954777204524
14,hist_gradient_boosting,0,0.031174614487089903
14,hist_gradient_boosting,0,0.05785929196953587
14,hist_gradient_boosting,0,0.048801026322779543
14,hist_gradient_boosting,0,0.02943874186818082
14,hist_gradient_boosting,0,0.0330815548953181
14,hist_gradient_boosting,0,0.054216091276450135
14,hist_gradient_boosting,0,0.1682569482713034
14,hist_gradient_boosting,0,0.0009627407179261466
14,hist_gradient_boosting,0,0.018435008209895687
14,hist_gradient_boosting,0,0.035538957718562456
14,hist_gradient_boosting,0,0.017600783122649143
14,hist_gradient_boosting,0,0.009288209492977944
14,hist_gradient_boosting,0,0.15045128598375618
14,hist_gradient_boosting,0,0.020532386139628843
14,hist_gradient_boosting,0,0.15042426340841725
14,hist_gradient_boosting,0,0.008009588666461794
14,hist_gradient_boosting,0,0.009896947564782429
14,hist_gradient_boosting,1,0.2454885137145342
14,hist_gradient_boosting,0,0.020566713130304632
14,hist_gradient_boosting,0,0.017105567892798594
14,hist_gradient_boosting,0,0.15380490123585
14,hist_gradient_boosting,0,0.28174817164413707
14,hist_gradient_boosting,0,0.03461156653102395
14,hist_gradient_boosting,0,0.010936948833365273
